Time,Channel A
(ms),(V)

-1.48089626,0.01788385
-1.48057626,0.00006104
-1.48025626,0.00006104
-1.47993626,0.00006104
-1.47961626,0.00006104
-1.47929626,0.01788385
-1.47897626,0.00006104
-1.47865626,0.00006104
-1.47833626,0.01788385
-1.47801626,0.01788385
-1.47769626,0.00006104
-1.47737626,0.03570665
-1.47705626,0.00006104
-1.47673626,0.00006104
-1.47641626,0.01788385
-1.47609626,0.00006104
-1.47577626,0.00006104
-1.47545626,0.01788385
-1.47513626,0.01788385
-1.47481626,0.00006104
-1.47449626,0.00006104
-1.47417626,0.00006104
-1.47385626,0.00006104
-1.47353626,0.00006104
-1.47321626,0.00006104
-1.47289626,0.00006104
-1.47257626,0.00006104
-1.47225626,0.00006104
-1.47193626,0.00006104
-1.47161626,0.01788385
-1.47129626,0.00006104
-1.47097626,0.01788385
-1.47065626,0.01788385
-1.47033626,0.00006104
-1.47001626,0.01788385
-1.46969626,0.01788385
-1.46937626,0.00006104
-1.46905626,0.01788385
-1.46873626,0.00006104
-1.46841626,0.00006104
-1.46809626,0.00006104
-1.46777626,0.00006104
-1.46745626,0.00006104
-1.46713626,0.00006104
-1.46681626,0.00006104
-1.46649626,0.00006104
-1.46617626,0.00006104
-1.46585626,0.01788385
-1.46553626,0.01788385
-1.46521626,0.01788385
-1.46489626,0.00006104
-1.46457626,0.00006104
-1.46425626,0.01788385
-1.46393626,0.00006104
-1.46361626,0.00006104
-1.46329626,0.00006104
-1.46297626,0.00006104
-1.46265626,0.00006104
-1.46233626,0.00006104
-1.46201626,0.00006104
-1.46169626,-0.01770074
-1.46137626,-0.01770074
-1.46105626,0.00006104
-1.46073626,0.00006104
-1.46041626,0.00006104
-1.46009626,0.00006104
-1.45977626,0.00006104
-1.45945626,0.01788385
-1.45913626,0.00006104
-1.45881626,0.01788385
-1.45849626,0.01788385
-1.45817626,0.01788385
-1.45785626,0.01788385
-1.45753626,0.00006104
-1.45721626,0.00006104
-1.45689626,0.00006104
-1.45657626,0.01788385
-1.45625626,0.00006104
-1.45593626,0.00006104
-1.45561626,0.00006104
-1.45529626,-0.01770074
-1.45497626,0.00006104
-1.45465626,0.00006104
-1.45433626,0.00006104
-1.45401626,0.00006104
-1.45369626,0.00006104
-1.45337626,0.00006104
-1.45305626,0.00006104
-1.45273626,0.00006104
-1.45241626,0.00006104
-1.45209626,0.00006104
-1.45177626,0.00006104
-1.45145626,0.00006104
-1.45113626,0.01788385
-1.45081626,0.00006104
-1.45049626,0.00006104
-1.45017626,0.00006104
-1.44985626,0.00006104
-1.44953626,0.00006104
-1.44921626,0.00006104
-1.44889626,0.00006104
-1.44857626,0.00006104
-1.44825626,0.00006104
-1.44793626,0.00006104
-1.44761626,0.00006104
-1.44729626,0.00006104
-1.44697626,0.00006104
-1.44665626,0.00006104
-1.44633626,0.00006104
-1.44601626,0.00006104
-1.44569626,0.00006104
-1.44537626,0.00006104
-1.44505626,0.00006104
-1.44473626,0.00006104
-1.44441626,0.00006104
-1.44409626,0.00006104
-1.44377626,0.00006104
-1.44345626,0.01788385
-1.44313626,0.00006104
-1.44281626,0.00006104
-1.44249626,0.00006104
-1.44217626,0.00006104
-1.44185626,0.00006104
-1.44153626,0.00006104
-1.44121626,0.00006104
-1.44089626,0.00006104
-1.44057626,0.00006104
-1.44025626,0.00006104
-1.43993626,0.00006104
-1.43961626,0.00006104
-1.43929626,0.00006104
-1.43897626,0.00006104
-1.43865626,0.00006104
-1.43833626,0.00006104
-1.43801626,0.00006104
-1.43769626,0.00006104
-1.43737626,0.00006104
-1.43705626,0.00006104
-1.43673626,0.00006104
-1.43641626,0.00006104
-1.43609626,0.00006104
-1.43577626,0.00006104
-1.43545626,0.00006104
-1.43513626,0.00006104
-1.43481626,0.00006104
-1.43449626,0.00006104
-1.43417626,0.00006104
-1.43385626,0.00006104
-1.43353626,0.00006104
-1.43321626,0.00006104
-1.43289626,0.00006104
-1.43257626,0.00006104
-1.43225626,0.00006104
-1.43193626,-0.01770074
-1.43161626,0.00006104
-1.43129626,0.00006104
-1.43097626,0.00006104
-1.43065626,0.00006104
-1.43033626,0.00006104
-1.43001626,0.00006104
-1.42969626,0.00006104
-1.42937626,0.00006104
-1.42905626,0.00006104
-1.42873626,0.00006104
-1.42841626,0.00006104
-1.42809626,0.00006104
-1.42777626,0.00006104
-1.42745626,0.00006104
-1.42713626,0.00006104
-1.42681626,0.00006104
-1.42649626,0.00006104
-1.42617626,0.00006104
-1.42585626,0.00006104
-1.42553626,0.00006104
-1.42521626,0.00006104
-1.42489626,0.00006104
-1.42457626,0.00006104
-1.42425626,-0.01770074
-1.42393626,0.00006104
-1.42361626,0.00006104
-1.42329626,0.00006104
-1.42297626,0.00006104
-1.42265626,0.00006104
-1.42233626,0.00006104
-1.42201626,0.00006104
-1.42169626,0.00006104
-1.42137626,0.00006104
-1.42105626,-0.01770074
-1.42073626,0.00006104
-1.42041626,0.00006104
-1.42009626,0.00006104
-1.41977626,0.00006104
-1.41945626,0.00006104
-1.41913626,0.00006104
-1.41881626,0.00006104
-1.41849626,0.00006104
-1.41817626,0.00006104
-1.41785626,0.00006104
-1.41753626,0.00006104
-1.41721626,0.00006104
-1.41689626,0.00006104
-1.41657626,0.00006104
-1.41625626,0.00006104
-1.41593626,0.00006104
-1.41561626,0.00006104
-1.41529626,0.00006104
-1.41497626,0.00006104
-1.41465626,0.00006104
-1.41433626,0.00006104
-1.41401626,0.00006104
-1.41369626,0.00006104
-1.41337626,0.00006104
-1.41305626,0.00006104
-1.41273626,-0.01770074
-1.41241626,0.00006104
-1.41209626,0.00006104
-1.41177626,0.00006104
-1.41145626,0.00006104
-1.41113626,0.00006104
-1.41081626,0.00006104
-1.41049626,-0.01770074
-1.41017626,0.00006104
-1.40985626,0.00006104
-1.40953626,0.00006104
-1.40921626,0.00006104
-1.40889626,0.00006104
-1.40857626,0.00006104
-1.40825626,0.00006104
-1.40793626,0.00006104
-1.40761626,0.00006104
-1.40729626,0.00006104
-1.40697626,0.00006104
-1.40665626,0.00006104
-1.40633626,0.00006104
-1.40601626,0.00006104
-1.40569626,0.00006104
-1.40537626,0.00006104
-1.40505626,0.00006104
-1.40473626,0.00006104
-1.40441626,0.00006104
-1.40409626,0.00006104
-1.40377626,0.00006104
-1.40345626,0.00006104
-1.40313626,0.00006104
-1.40281626,0.00006104
-1.40249626,0.00006104
-1.40217626,0.00006104
-1.40185626,0.00006104
-1.40153626,-0.01770074
-1.40121626,0.00006104
-1.40089626,0.00006104
-1.40057626,0.00006104
-1.40025626,0.00006104
-1.39993626,0.00006104
-1.39961626,0.00006104
-1.39929626,0.00006104
-1.39897626,0.00006104
-1.39865626,0.00006104
-1.39833626,0.00006104
-1.39801626,0.00006104
-1.39769626,0.00006104
-1.39737626,0.00006104
-1.39705626,0.00006104
-1.39673626,0.00006104
-1.39641626,0.00006104
-1.39609626,0.00006104
-1.39577626,0.00006104
-1.39545626,0.00006104
-1.39513626,0.00006104
-1.39481626,0.00006104
-1.39449626,0.00006104
-1.39417626,0.00006104
-1.39385626,0.00006104
-1.39353626,0.00006104
-1.39321626,0.00006104
-1.39289626,0.00006104
-1.39257626,0.00006104
-1.39225626,0.00006104
-1.39193626,0.00006104
-1.39161626,0.00006104
-1.39129626,0.00006104
-1.39097626,0.00006104
-1.39065626,0.00006104
-1.39033626,0.00006104
-1.39001626,0.00006104
-1.38969626,0.00006104
-1.38937626,0.00006104
-1.38905626,0.00006104
-1.38873626,0.00006104
-1.38841626,0.00006104
-1.38809626,0.00006104
-1.38777626,0.00006104
-1.38745626,0.00006104
-1.38713626,0.00006104
-1.38681626,0.00006104
-1.38649626,0.00006104
-1.38617626,0.00006104
-1.38585626,0.00006104
-1.38553626,0.00006104
-1.38521626,0.00006104
-1.38489626,0.00006104
-1.38457626,0.00006104
-1.38425626,0.00006104
-1.38393626,0.00006104
-1.38361626,0.00006104
-1.38329626,0.00006104
-1.38297626,0.00006104
-1.38265626,0.00006104
-1.38233626,0.00006104
-1.38201626,0.00006104
-1.38169626,-0.01770074
-1.38137626,0.00006104
-1.38105626,0.00006104
-1.38073626,0.00006104
-1.38041626,-0.01770074
-1.38009626,0.00006104
-1.37977626,0.00006104
-1.37945626,0.00006104
-1.37913626,0.00006104
-1.37881626,0.00006104
-1.37849626,0.00006104
-1.37817626,0.00006104
-1.37785626,0.00006104
-1.37753626,0.00006104
-1.37721626,0.00006104
-1.37689626,0.00006104
-1.37657626,0.00006104
-1.37625626,0.00006104
-1.37593626,0.00006104
-1.37561626,0.00006104
-1.37529626,0.00006104
-1.37497626,0.00006104
-1.37465626,0.00006104
-1.37433626,0.00006104
-1.37401626,0.00006104
-1.37369626,0.00006104
-1.37337626,0.00006104
-1.37305626,0.00006104
-1.37273626,0.00006104
-1.37241626,0.00006104
-1.37209626,0.00006104
-1.37177626,0.00006104
-1.37145626,0.00006104
-1.37113626,-0.01770074
-1.37081626,0.00006104
-1.37049626,0.00006104
-1.37017626,0.00006104
-1.36985626,0.00006104
-1.36953626,0.00006104
-1.36921626,0.00006104
-1.36889626,0.00006104
-1.36857626,0.00006104
-1.36825626,0.00006104
-1.36793626,0.00006104
-1.36761626,0.00006104
-1.36729626,0.00006104
-1.36697626,0.00006104
-1.36665626,0.00006104
-1.36633626,0.00006104
-1.36601626,0.00006104
-1.36569626,0.00006104
-1.36537626,0.00006104
-1.36505626,0.00006104
-1.36473626,0.00006104
-1.36441626,0.00006104
-1.36409626,0.00006104
-1.36377626,0.00006104
-1.36345626,0.00006104
-1.36313626,0.00006104
-1.36281626,0.00006104
-1.36249626,0.00006104
-1.36217626,0.00006104
-1.36185626,0.00006104
-1.36153626,0.00006104
-1.36121626,0.00006104
-1.36089626,0.00006104
-1.36057626,0.00006104
-1.36025626,0.00006104
-1.35993626,0.00006104
-1.35961626,0.00006104
-1.35929626,0.00006104
-1.35897626,0.00006104
-1.35865626,0.00006104
-1.35833626,0.00006104
-1.35801626,0.00006104
-1.35769626,0.00006104
-1.35737626,-0.01770074
-1.35705626,0.00006104
-1.35673626,0.00006104
-1.35641626,0.00006104
-1.35609626,0.00006104
-1.35577626,0.00006104
-1.35545626,0.00006104
-1.35513626,0.00006104
-1.35481626,0.00006104
-1.35449626,0.00006104
-1.35417626,0.00006104
-1.35385626,0.00006104
-1.35353626,0.00006104
-1.35321626,0.00006104
-1.35289626,0.00006104
-1.35257626,0.00006104
-1.35225626,0.00006104
-1.35193626,-0.01770074
-1.35161626,0.00006104
-1.35129626,0.00006104
-1.35097626,0.00006104
-1.35065626,0.00006104
-1.35033626,0.00006104
-1.35001626,0.00006104
-1.34969626,0.00006104
-1.34937626,0.00006104
-1.34905626,0.00006104
-1.34873626,0.00006104
-1.34841626,0.00006104
-1.34809626,0.00006104
-1.34777626,0.00006104
-1.34745626,0.00006104
-1.34713626,0.00006104
-1.34681626,0.00006104
-1.34649626,0.00006104
-1.34617626,0.00006104
-1.34585626,0.00006104
-1.34553626,0.00006104
-1.34521626,0.00006104
-1.34489626,0.00006104
-1.34457626,0.00006104
-1.34425626,0.00006104
-1.34393626,0.00006104
-1.34361626,0.00006104
-1.34329626,0.00006104
-1.34297626,0.00006104
-1.34265626,0.00006104
-1.34233626,0.00006104
-1.34201626,0.00006104
-1.34169626,0.00006104
-1.34137626,0.00006104
-1.34105626,0.00006104
-1.34073626,0.00006104
-1.34041626,0.00006104
-1.34009626,0.00006104
-1.33977626,0.00006104
-1.33945626,0.00006104
-1.33913626,0.00006104
-1.33881626,0.00006104
-1.33849626,0.00006104
-1.33817626,0.00006104
-1.33785626,0.00006104
-1.33753626,0.00006104
-1.33721626,0.00006104
-1.33689626,0.00006104
-1.33657626,0.00006104
-1.33625626,0.00006104
-1.33593626,0.00006104
-1.33561626,0.00006104
-1.33529626,0.00006104
-1.33497626,0.00006104
-1.33465626,0.00006104
-1.33433626,0.00006104
-1.33401626,0.00006104
-1.33369626,0.00006104
-1.33337626,0.00006104
-1.33305626,0.00006104
-1.33273626,0.00006104
-1.33241626,0.00006104
-1.33209626,0.00006104
-1.33177626,0.00006104
-1.33145626,0.00006104
-1.33113626,0.00006104
-1.33081626,0.00006104
-1.33049626,0.00006104
-1.33017626,0.00006104
-1.32985626,0.00006104
-1.32953626,0.00006104
-1.32921626,0.00006104
-1.32889626,0.00006104
-1.32857626,0.00006104
-1.32825626,0.00006104
-1.32793626,0.00006104
-1.32761626,0.00006104
-1.32729626,0.00006104
-1.32697626,0.00006104
-1.32665626,0.00006104
-1.32633626,0.00006104
-1.32601626,0.00006104
-1.32569626,0.00006104
-1.32537626,0.00006104
-1.32505626,0.00006104
-1.32473626,0.00006104
-1.32441626,0.00006104
-1.32409626,0.00006104
-1.32377626,0.00006104
-1.32345626,0.00006104
-1.32313626,0.00006104
-1.32281626,0.00006104
-1.32249626,0.00006104
-1.32217626,0.00006104
-1.32185626,0.00006104
-1.32153626,0.00006104
-1.32121626,0.00006104
-1.32089626,0.00006104
-1.32057626,0.00006104
-1.32025626,0.00006104
-1.31993626,0.00006104
-1.31961626,0.00006104
-1.31929626,0.00006104
-1.31897626,0.00006104
-1.31865626,0.00006104
-1.31833626,0.00006104
-1.31801626,0.00006104
-1.31769626,0.00006104
-1.31737626,0.00006104
-1.31705626,0.01788385
-1.31673626,0.00006104
-1.31641626,0.00006104
-1.31609626,0.00006104
-1.31577626,0.00006104
-1.31545626,0.00006104
-1.31513626,0.00006104
-1.31481626,0.00006104
-1.31449626,0.00006104
-1.31417626,0.00006104
-1.31385626,0.00006104
-1.31353626,0.00006104
-1.31321626,0.01788385
-1.31289626,0.00006104
-1.31257626,0.00006104
-1.31225626,0.00006104
-1.31193626,0.00006104
-1.31161626,0.00006104
-1.31129626,0.00006104
-1.31097626,0.00006104
-1.31065626,0.00006104
-1.31033626,0.00006104
-1.31001626,0.00006104
-1.30969626,0.00006104
-1.30937626,0.00006104
-1.30905626,0.00006104
-1.30873626,0.00006104
-1.30841626,0.00006104
-1.30809626,0.00006104
-1.30777626,0.00006104
-1.30745626,0.00006104
-1.30713626,0.00006104
-1.30681626,0.00006104
-1.30649626,0.00006104
-1.30617626,0.00006104
-1.30585626,0.00006104
-1.30553626,0.00006104
-1.30521626,0.00006104
-1.30489626,0.00006104
-1.30457626,0.00006104
-1.30425626,0.00006104
-1.30393626,0.00006104
-1.30361626,0.00006104
-1.30329626,0.00006104
-1.30297626,0.00006104
-1.30265626,0.00006104
-1.30233626,0.00006104
-1.30201626,0.00006104
-1.30169626,0.00006104
-1.30137626,-0.01770074
-1.30105626,0.00006104
-1.30073626,0.00006104
-1.30041626,0.00006104
-1.30009626,0.00006104
-1.29977626,0.00006104
-1.29945626,0.00006104
-1.29913626,0.00006104
-1.29881626,0.00006104
-1.29849626,0.00006104
-1.29817626,0.00006104
-1.29785626,0.00006104
-1.29753626,0.00006104
-1.29721626,0.00006104
-1.29689626,0.00006104
-1.29657626,0.00006104
-1.29625626,0.00006104
-1.29593626,0.00006104
-1.29561626,0.00006104
-1.29529626,0.00006104
-1.29497626,0.00006104
-1.29465626,0.00006104
-1.29433626,0.00006104
-1.29401626,0.00006104
-1.29369626,0.00006104
-1.29337626,0.00006104
-1.29305626,0.00006104
-1.29273626,0.00006104
-1.29241626,0.00006104
-1.29209626,0.00006104
-1.29177626,0.00006104
-1.29145626,0.00006104
-1.29113626,0.00006104
-1.29081626,0.00006104
-1.29049626,0.00006104
-1.29017626,0.00006104
-1.28985626,0.00006104
-1.28953626,0.00006104
-1.28921626,0.00006104
-1.28889626,0.00006104
-1.28857626,0.00006104
-1.28825626,0.00006104
-1.28793626,0.00006104
-1.28761626,0.00006104
-1.28729626,0.00006104
-1.28697626,0.00006104
-1.28665626,0.00006104
-1.28633626,0.00006104
-1.28601626,0.00006104
-1.28569626,0.00006104
-1.28537626,0.00006104
-1.28505626,0.00006104
-1.28473626,0.00006104
-1.28441626,0.00006104
-1.28409626,0.00006104
-1.28377626,0.00006104
-1.28345626,0.00006104
-1.28313626,0.00006104
-1.28281626,0.00006104
-1.28249626,0.00006104
-1.28217626,0.00006104
-1.28185626,0.00006104
-1.28153626,0.00006104
-1.28121626,0.00006104
-1.28089626,0.00006104
-1.28057626,-0.01770074
-1.28025626,0.00006104
-1.27993626,0.00006104
-1.27961626,0.00006104
-1.27929626,0.00006104
-1.27897626,0.00006104
-1.27865626,0.00006104
-1.27833626,-0.01770074
-1.27801626,0.00006104
-1.27769626,0.00006104
-1.27737626,0.00006104
-1.27705626,0.00006104
-1.27673626,0.00006104
-1.27641626,0.00006104
-1.27609626,0.00006104
-1.27577626,0.00006104
-1.27545626,-0.01770074
-1.27513626,0.00006104
-1.27481626,0.00006104
-1.27449626,0.00006104
-1.27417626,0.00006104
-1.27385626,0.00006104
-1.27353626,0.00006104
-1.27321626,-0.01770074
-1.27289626,0.00006104
-1.27257626,0.00006104
-1.27225626,0.00006104
-1.27193626,0.00006104
-1.27161626,-0.01770074
-1.27129626,0.00006104
-1.27097626,0.00006104
-1.27065626,0.00006104
-1.27033626,0.00006104
-1.27001626,0.00006104
-1.26969626,-0.01770074
-1.26937626,0.00006104
-1.26905626,0.00006104
-1.26873626,0.00006104
-1.26841626,0.00006104
-1.26809626,0.00006104
-1.26777626,0.00006104
-1.26745626,0.00006104
-1.26713626,0.00006104
-1.26681626,0.00006104
-1.26649626,0.00006104
-1.26617626,0.00006104
-1.26585626,0.00006104
-1.26553626,0.00006104
-1.26521626,0.00006104
-1.26489626,0.00006104
-1.26457626,0.00006104
-1.26425626,-0.01770074
-1.26393626,0.00006104
-1.26361626,0.00006104
-1.26329626,-0.01770074
-1.26297626,0.00006104
-1.26265626,0.00006104
-1.26233626,0.00006104
-1.26201626,0.00006104
-1.26169626,0.00006104
-1.26137626,0.00006104
-1.26105626,0.00006104
-1.26073626,0.00006104
-1.26041626,0.00006104
-1.26009626,0.00006104
-1.25977626,0.00006104
-1.25945626,0.00006104
-1.25913626,0.00006104
-1.25881626,0.00006104
-1.25849626,0.00006104
-1.25817626,0.00006104
-1.25785626,0.00006104
-1.25753626,0.00006104
-1.25721626,0.00006104
-1.25689626,0.00006104
-1.25657626,0.00006104
-1.25625626,0.00006104
-1.25593626,0.00006104
-1.25561626,0.00006104
-1.25529626,-0.01770074
-1.25497626,0.00006104
-1.25465626,0.00006104
-1.25433626,0.00006104
-1.25401626,0.00006104
-1.25369626,0.00006104
-1.25337626,-0.01770074
-1.25305626,0.00006104
-1.25273626,0.00006104
-1.25241626,0.00006104
-1.25209626,0.00006104
-1.25177626,0.00006104
-1.25145626,0.00006104
-1.25113626,0.00006104
-1.25081626,0.00006104
-1.25049626,0.00006104
-1.25017626,0.00006104
-1.24985626,0.00006104
-1.24953626,0.00006104
-1.24921626,0.00006104
-1.24889626,-0.01770074
-1.24857626,0.00006104
-1.24825626,0.00006104
-1.24793626,0.00006104
-1.24761626,0.00006104
-1.24729626,0.00006104
-1.24697626,0.00006104
-1.24665626,0.00006104
-1.24633626,0.00006104
-1.24601626,0.00006104
-1.24569626,0.00006104
-1.24537626,0.00006104
-1.24505626,0.00006104
-1.24473626,0.00006104
-1.24441626,0.00006104
-1.24409626,0.00006104
-1.24377626,0.00006104
-1.24345626,0.00006104
-1.24313626,0.00006104
-1.24281626,0.00006104
-1.24249626,0.00006104
-1.24217626,0.00006104
-1.24185626,0.00006104
-1.24153626,0.00006104
-1.24121626,0.00006104
-1.24089626,0.00006104
-1.24057626,0.00006104
-1.24025626,0.00006104
-1.23993626,0.00006104
-1.23961626,0.00006104
-1.23929626,0.00006104
-1.23897626,0.00006104
-1.23865626,0.00006104
-1.23833626,0.00006104
-1.23801626,0.00006104
-1.23769626,-0.01770074
-1.23737626,0.00006104
-1.23705626,0.00006104
-1.23673626,0.00006104
-1.23641626,0.00006104
-1.23609626,0.00006104
-1.23577626,0.00006104
-1.23545626,0.00006104
-1.23513626,0.00006104
-1.23481626,0.00006104
-1.23449626,0.00006104
-1.23417626,0.00006104
-1.23385626,0.00006104
-1.23353626,0.00006104
-1.23321626,-0.01770074
-1.23289626,0.00006104
-1.23257626,0.00006104
-1.23225626,0.00006104
-1.23193626,0.00006104
-1.23161626,0.00006104
-1.23129626,-0.01770074
-1.23097626,0.00006104
-1.23065626,0.00006104
-1.23033626,0.00006104
-1.23001626,0.00006104
-1.22969626,0.00006104
-1.22937626,0.00006104
-1.22905626,0.00006104
-1.22873626,0.00006104
-1.22841626,0.00006104
-1.22809626,-0.01770074
-1.22777626,0.00006104
-1.22745626,0.00006104
-1.22713626,0.00006104
-1.22681626,-0.01770074
-1.22649626,0.00006104
-1.22617626,0.00006104
-1.22585626,0.00006104
-1.22553626,0.00006104
-1.22521626,0.00006104
-1.22489626,0.00006104
-1.22457626,0.00006104
-1.22425626,0.00006104
-1.22393626,0.00006104
-1.22361626,0.00006104
-1.22329626,0.00006104
-1.22297626,0.00006104
-1.22265626,0.00006104
-1.22233626,0.00006104
-1.22201626,-0.01770074
-1.22169626,0.00006104
-1.22137626,0.00006104
-1.22105626,0.00006104
-1.22073626,0.00006104
-1.22041626,0.00006104
-1.22009626,0.00006104
-1.21977626,0.00006104
-1.21945626,0.00006104
-1.21913626,0.00006104
-1.21881626,0.00006104
-1.21849626,0.00006104
-1.21817626,0.00006104
-1.21785626,0.00006104
-1.21753626,0.00006104
-1.21721626,0.00006104
-1.21689626,0.00006104
-1.21657626,0.00006104
-1.21625626,0.00006104
-1.21593626,0.00006104
-1.21561626,0.00006104
-1.21529626,0.00006104
-1.21497626,0.00006104
-1.21465626,0.00006104
-1.21433626,0.00006104
-1.21401626,0.00006104
-1.21369626,0.00006104
-1.21337626,0.00006104
-1.21305626,0.00006104
-1.21273626,0.00006104
-1.21241626,0.00006104
-1.21209626,0.00006104
-1.21177626,0.00006104
-1.21145626,0.00006104
-1.21113626,-0.01770074
-1.21081626,0.00006104
-1.21049626,0.00006104
-1.21017626,0.00006104
-1.20985626,0.00006104
-1.20953626,0.00006104
-1.20921626,0.00006104
-1.20889626,0.00006104
-1.20857626,0.00006104
-1.20825626,0.00006104
-1.20793626,0.00006104
-1.20761626,0.00006104
-1.20729626,0.00006104
-1.20697626,0.00006104
-1.20665626,0.00006104
-1.20633626,0.00006104
-1.20601626,0.00006104
-1.20569626,0.00006104
-1.20537626,-0.01770074
-1.20505626,0.00006104
-1.20473626,0.00006104
-1.20441626,0.00006104
-1.20409626,0.00006104
-1.20377626,0.00006104
-1.20345626,0.00006104
-1.20313626,0.00006104
-1.20281626,0.00006104
-1.20249626,0.00006104
-1.20217626,0.00006104
-1.20185626,-0.01770074
-1.20153626,0.00006104
-1.20121626,0.00006104
-1.20089626,0.00006104
-1.20057626,0.00006104
-1.20025626,0.00006104
-1.19993626,0.00006104
-1.19961626,0.00006104
-1.19929626,0.00006104
-1.19897626,0.00006104
-1.19865626,0.00006104
-1.19833626,0.00006104
-1.19801626,0.00006104
-1.19769626,0.00006104
-1.19737626,0.00006104
-1.19705626,0.00006104
-1.19673626,0.00006104
-1.19641626,0.00006104
-1.19609626,0.00006104
-1.19577626,0.00006104
-1.19545626,0.00006104
-1.19513626,0.00006104
-1.19481626,0.00006104
-1.19449626,0.00006104
-1.19417626,0.00006104
-1.19385626,0.00006104
-1.19353626,0.00006104
-1.19321626,0.00006104
-1.19289626,0.00006104
-1.19257626,0.00006104
-1.19225626,0.00006104
-1.19193626,0.00006104
-1.19161626,0.00006104
-1.19129626,0.00006104
-1.19097626,0.00006104
-1.19065626,0.00006104
-1.19033626,0.00006104
-1.19001626,0.00006104
-1.18969626,0.00006104
-1.18937626,0.00006104
-1.18905626,0.00006104
-1.18873626,0.00006104
-1.18841626,0.00006104
-1.18809626,0.00006104
-1.18777626,0.00006104
-1.18745626,-0.01770074
-1.18713626,-0.01770074
-1.18681626,-0.01770074
-1.18649626,0.00006104
-1.18617626,0.00006104
-1.18585626,0.00006104
-1.18553626,0.00006104
-1.18521626,0.00006104
-1.18489626,0.00006104
-1.18457626,0.00006104
-1.18425626,0.00006104
-1.18393626,0.00006104
-1.18361626,0.00006104
-1.18329626,0.00006104
-1.18297626,0.00006104
-1.18265626,0.00006104
-1.18233626,0.00006104
-1.18201626,-0.01770074
-1.18169626,0.00006104
-1.18137626,0.00006104
-1.18105626,0.00006104
-1.18073626,0.00006104
-1.18041626,0.00006104
-1.18009626,0.00006104
-1.17977626,0.00006104
-1.17945626,-0.01770074
-1.17913626,-0.01770074
-1.17881626,0.00006104
-1.17849626,0.00006104
-1.17817626,0.00006104
-1.17785626,0.00006104
-1.17753626,0.00006104
-1.17721626,0.00006104
-1.17689626,0.00006104
-1.17657626,0.00006104
-1.17625626,0.00006104
-1.17593626,0.00006104
-1.17561626,0.00006104
-1.17529626,0.00006104
-1.17497626,0.00006104
-1.17465626,0.00006104
-1.17433626,0.00006104
-1.17401626,0.00006104
-1.17369626,-0.01770074
-1.17337626,0.00006104
-1.17305626,0.00006104
-1.17273626,0.00006104
-1.17241626,0.00006104
-1.17209626,-0.01770074
-1.17177626,0.00006104
-1.17145626,0.00006104
-1.17113626,0.00006104
-1.17081626,0.00006104
-1.17049626,0.00006104
-1.17017626,0.00006104
-1.16985626,0.00006104
-1.16953626,0.00006104
-1.16921626,0.00006104
-1.16889626,0.00006104
-1.16857626,0.00006104
-1.16825626,0.00006104
-1.16793626,0.00006104
-1.16761626,0.00006104
-1.16729626,0.00006104
-1.16697626,0.00006104
-1.16665626,0.00006104
-1.16633626,0.00006104
-1.16601626,0.00006104
-1.16569626,0.00006104
-1.16537626,-0.01770074
-1.16505626,0.00006104
-1.16473626,0.00006104
-1.16441626,0.00006104
-1.16409626,-0.01770074
-1.16377626,0.00006104
-1.16345626,0.00006104
-1.16313626,0.00006104
-1.16281626,0.00006104
-1.16249626,-0.01770074
-1.16217626,0.00006104
-1.16185626,0.00006104
-1.16153626,0.00006104
-1.16121626,0.00006104
-1.16089626,0.00006104
-1.16057626,0.00006104
-1.16025626,0.00006104
-1.15993626,0.00006104
-1.15961626,0.00006104
-1.15929626,0.00006104
-1.15897626,-0.01770074
-1.15865626,0.00006104
-1.15833626,0.00006104
-1.15801626,0.00006104
-1.15769626,0.00006104
-1.15737626,0.00006104
-1.15705626,0.00006104
-1.15673626,-0.01770074
-1.15641626,0.00006104
-1.15609626,0.00006104
-1.15577626,-0.01770074
-1.15545626,0.00006104
-1.15513626,0.00006104
-1.15481626,0.00006104
-1.15449626,0.00006104
-1.15417626,0.00006104
-1.15385626,0.00006104
-1.15353626,0.00006104
-1.15321626,0.00006104
-1.15289626,0.00006104
-1.15257626,0.00006104
-1.15225626,0.00006104
-1.15193626,0.00006104
-1.15161626,0.00006104
-1.15129626,0.00006104
-1.15097626,0.00006104
-1.15065626,0.00006104
-1.15033626,0.00006104
-1.15001626,0.00006104
-1.14969626,0.00006104
-1.14937626,0.00006104
-1.14905626,0.00006104
-1.14873626,0.00006104
-1.14841626,0.00006104
-1.14809626,0.00006104
-1.14777626,0.00006104
-1.14745626,0.00006104
-1.14713626,0.00006104
-1.14681626,0.00006104
-1.14649626,0.00006104
-1.14617626,0.00006104
-1.14585626,0.00006104
-1.14553626,0.00006104
-1.14521626,0.00006104
-1.14489626,0.00006104
-1.14457626,0.00006104
-1.14425626,0.00006104
-1.14393626,0.00006104
-1.14361626,0.00006104
-1.14329626,0.00006104
-1.14297626,0.00006104
-1.14265626,0.00006104
-1.14233626,0.00006104
-1.14201626,0.00006104
-1.14169626,0.00006104
-1.14137626,0.00006104
-1.14105626,0.00006104
-1.14073626,0.00006104
-1.14041626,0.00006104
-1.14009626,0.00006104
-1.13977626,0.00006104
-1.13945626,0.00006104
-1.13913626,0.00006104
-1.13881626,0.00006104
-1.13849626,0.00006104
-1.13817626,0.00006104
-1.13785626,0.00006104
-1.13753626,0.00006104
-1.13721626,0.00006104
-1.13689626,0.00006104
-1.13657626,0.00006104
-1.13625626,0.00006104
-1.13593626,0.00006104
-1.13561626,0.00006104
-1.13529626,0.00006104
-1.13497626,0.00006104
-1.13465626,0.00006104
-1.13433626,0.00006104
-1.13401626,0.00006104
-1.13369626,0.00006104
-1.13337626,0.00006104
-1.13305626,0.00006104
-1.13273626,0.00006104
-1.13241626,0.00006104
-1.13209626,-0.01770074
-1.13177626,0.00006104
-1.13145626,0.00006104
-1.13113626,0.00006104
-1.13081626,0.00006104
-1.13049626,0.00006104
-1.13017626,0.00006104
-1.12985626,0.00006104
-1.12953626,0.00006104
-1.12921626,0.00006104
-1.12889626,0.00006104
-1.12857626,0.00006104
-1.12825626,0.00006104
-1.12793626,0.00006104
-1.12761626,0.00006104
-1.12729626,0.00006104
-1.12697626,0.00006104
-1.12665626,0.00006104
-1.12633626,0.00006104
-1.12601626,0.00006104
-1.12569626,0.00006104
-1.12537626,-0.01770074
-1.12505626,0.00006104
-1.12473626,0.00006104
-1.12441626,0.00006104
-1.12409626,0.00006104
-1.12377626,0.00006104
-1.12345626,0.00006104
-1.12313626,0.00006104
-1.12281626,0.00006104
-1.12249626,0.00006104
-1.12217626,0.00006104
-1.12185626,0.00006104
-1.12153626,0.00006104
-1.12121626,0.00006104
-1.12089626,0.00006104
-1.12057626,0.00006104
-1.12025626,0.00006104
-1.11993626,0.00006104
-1.11961626,0.00006104
-1.11929626,0.00006104
-1.11897626,0.00006104
-1.11865626,0.00006104
-1.11833626,0.00006104
-1.11801626,0.00006104
-1.11769626,0.00006104
-1.11737626,-0.01770074
-1.11705626,0.00006104
-1.11673626,0.00006104
-1.11641626,0.00006104
-1.11609626,-0.01770074
-1.11577626,0.00006104
-1.11545626,0.00006104
-1.11513626,0.00006104
-1.11481626,0.00006104
-1.11449626,0.00006104
-1.11417626,0.00006104
-1.11385626,0.00006104
-1.11353626,0.00006104
-1.11321626,0.00006104
-1.11289626,0.00006104
-1.11257626,0.00006104
-1.11225626,0.00006104
-1.11193626,0.00006104
-1.11161626,0.00006104
-1.11129626,0.00006104
-1.11097626,0.00006104
-1.11065626,0.00006104
-1.11033626,0.00006104
-1.11001626,0.00006104
-1.10969626,0.00006104
-1.10937626,0.00006104
-1.10905626,0.00006104
-1.10873626,0.00006104
-1.10841626,0.00006104
-1.10809626,-0.01770074
-1.10777626,0.00006104
-1.10745626,0.00006104
-1.10713626,0.00006104
-1.10681626,0.00006104
-1.10649626,0.00006104
-1.10617626,0.00006104
-1.10585626,0.00006104
-1.10553626,0.00006104
-1.10521626,0.00006104
-1.10489626,0.00006104
-1.10457626,0.00006104
-1.10425626,0.00006104
-1.10393626,0.00006104
-1.10361626,0.00006104
-1.10329626,-0.01770074
-1.10297626,0.00006104
-1.10265626,0.00006104
-1.10233626,0.00006104
-1.10201626,0.00006104
-1.10169626,0.00006104
-1.10137626,0.00006104
-1.10105626,0.00006104
-1.10073626,0.00006104
-1.10041626,0.00006104
-1.10009626,0.00006104
-1.09977626,0.00006104
-1.09945626,0.00006104
-1.09913626,0.00006104
-1.09881626,0.00006104
-1.09849626,0.00006104
-1.09817626,0.00006104
-1.09785626,0.00006104
-1.09753626,0.00006104
-1.09721626,0.00006104
-1.09689626,0.00006104
-1.09657626,0.00006104
-1.09625626,0.00006104
-1.09593626,0.00006104
-1.09561626,0.00006104
-1.09529626,0.00006104
-1.09497626,0.00006104
-1.09465626,0.00006104
-1.09433626,0.00006104
-1.09401626,0.00006104
-1.09369626,0.00006104
-1.09337626,0.00006104
-1.09305626,0.00006104
-1.09273626,0.00006104
-1.09241626,0.00006104
-1.09209626,0.00006104
-1.09177626,0.00006104
-1.09145626,0.00006104
-1.09113626,0.00006104
-1.09081626,0.00006104
-1.09049626,0.00006104
-1.09017626,0.00006104
-1.08985626,0.00006104
-1.08953626,0.00006104
-1.08921626,0.00006104
-1.08889626,0.00006104
-1.08857626,0.00006104
-1.08825626,0.00006104
-1.08793626,0.00006104
-1.08761626,0.00006104
-1.08729626,0.00006104
-1.08697626,0.00006104
-1.08665626,0.00006104
-1.08633626,0.00006104
-1.08601626,0.00006104
-1.08569626,0.00006104
-1.08537626,0.00006104
-1.08505626,0.00006104
-1.08473626,-0.01770074
-1.08441626,0.00006104
-1.08409626,-0.01770074
-1.08377626,0.00006104
-1.08345626,0.00006104
-1.08313626,0.00006104
-1.08281626,0.00006104
-1.08249626,0.00006104
-1.08217626,-0.01770074
-1.08185626,0.00006104
-1.08153626,-0.01770074
-1.08121626,0.00006104
-1.08089626,0.00006104
-1.08057626,0.00006104
-1.08025626,0.00006104
-1.07993626,0.00006104
-1.07961626,0.00006104
-1.07929626,0.00006104
-1.07897626,0.00006104
-1.07865626,0.00006104
-1.07833626,0.00006104
-1.07801626,0.00006104
-1.07769626,0.00006104
-1.07737626,0.00006104
-1.07705626,0.00006104
-1.07673626,0.00006104
-1.07641626,0.00006104
-1.07609626,0.00006104
-1.07577626,0.00006104
-1.07545626,0.00006104
-1.07513626,0.00006104
-1.07481626,0.00006104
-1.07449626,0.00006104
-1.07417626,0.00006104
-1.07385626,0.00006104
-1.07353626,-0.01770074
-1.07321626,0.00006104
-1.07289626,0.00006104
-1.07257626,0.00006104
-1.07225626,0.00006104
-1.07193626,0.00006104
-1.07161626,0.00006104
-1.07129626,0.00006104
-1.07097626,0.00006104
-1.07065626,0.00006104
-1.07033626,0.00006104
-1.07001626,0.00006104
-1.06969626,0.00006104
-1.06937626,0.00006104
-1.06905626,0.00006104
-1.06873626,0.00006104
-1.06841626,0.00006104
-1.06809626,0.00006104
-1.06777626,0.00006104
-1.06745626,0.00006104
-1.06713626,0.00006104
-1.06681626,0.00006104
-1.06649626,0.00006104
-1.06617626,0.00006104
-1.06585626,0.00006104
-1.06553626,0.00006104
-1.06521626,0.00006104
-1.06489626,0.00006104
-1.06457626,0.00006104
-1.06425626,0.00006104
-1.06393626,0.00006104
-1.06361626,0.00006104
-1.06329626,0.00006104
-1.06297626,0.00006104
-1.06265626,0.00006104
-1.06233626,0.00006104
-1.06201626,0.00006104
-1.06169626,0.00006104
-1.06137626,0.00006104
-1.06105626,0.00006104
-1.06073626,0.00006104
-1.06041626,0.00006104
-1.06009626,0.00006104
-1.05977626,0.00006104
-1.05945626,0.00006104
-1.05913626,0.00006104
-1.05881626,0.00006104
-1.05849626,0.00006104
-1.05817626,0.00006104
-1.05785626,0.00006104
-1.05753626,0.00006104
-1.05721626,0.00006104
-1.05689626,0.00006104
-1.05657626,0.00006104
-1.05625626,-0.01770074
-1.05593626,0.00006104
-1.05561626,0.00006104
-1.05529626,0.00006104
-1.05497626,0.00006104
-1.05465626,0.00006104
-1.05433626,0.00006104
-1.05401626,0.00006104
-1.05369626,0.00006104
-1.05337626,0.00006104
-1.05305626,0.00006104
-1.05273626,0.00006104
-1.05241626,0.00006104
-1.05209626,0.00006104
-1.05177626,0.00006104
-1.05145626,0.00006104
-1.05113626,0.00006104
-1.05081626,0.00006104
-1.05049626,0.00006104
-1.05017626,0.00006104
-1.04985626,0.00006104
-1.04953626,0.00006104
-1.04921626,0.00006104
-1.04889626,0.00006104
-1.04857626,0.00006104
-1.04825626,0.00006104
-1.04793626,0.00006104
-1.04761626,0.00006104
-1.04729626,-0.01770074
-1.04697626,0.00006104
-1.04665626,0.00006104
-1.04633626,0.00006104
-1.04601626,0.00006104
-1.04569626,-0.01770074
-1.04537626,0.00006104
-1.04505626,0.00006104
-1.04473626,0.00006104
-1.04441626,0.00006104
-1.04409626,0.00006104
-1.04377626,0.00006104
-1.04345626,0.00006104
-1.04313626,0.00006104
-1.04281626,0.00006104
-1.04249626,0.00006104
-1.04217626,0.00006104
-1.04185626,0.00006104
-1.04153626,0.00006104
-1.04121626,0.00006104
-1.04089626,0.00006104
-1.04057626,0.00006104
-1.04025626,0.00006104
-1.03993626,0.00006104
-1.03961626,0.00006104
-1.03929626,0.00006104
-1.03897626,0.00006104
-1.03865626,0.00006104
-1.03833626,0.00006104
-1.03801626,0.00006104
-1.03769626,0.00006104
-1.03737626,0.00006104
-1.03705626,0.00006104
-1.03673626,0.00006104
-1.03641626,0.00006104
-1.03609626,0.00006104
-1.03577626,0.00006104
-1.03545626,0.00006104
-1.03513626,0.00006104
-1.03481626,0.00006104
-1.03449626,0.00006104
-1.03417626,0.00006104
-1.03385626,0.00006104
-1.03353626,0.00006104
-1.03321626,0.00006104
-1.03289626,-0.01770074
-1.03257626,0.00006104
-1.03225626,0.00006104
-1.03193626,0.00006104
-1.03161626,0.00006104
-1.03129626,0.00006104
-1.03097626,0.00006104
-1.03065626,0.00006104
-1.03033626,0.00006104
-1.03001626,0.00006104
-1.02969626,0.00006104
-1.02937626,-0.01770074
-1.02905626,0.00006104
-1.02873626,0.00006104
-1.02841626,0.00006104
-1.02809626,0.00006104
-1.02777626,0.00006104
-1.02745626,0.00006104
-1.02713626,0.00006104
-1.02681626,0.00006104
-1.02649626,0.00006104
-1.02617626,0.00006104
-1.02585626,0.00006104
-1.02553626,0.00006104
-1.02521626,0.00006104
-1.02489626,0.00006104
-1.02457626,0.00006104
-1.02425626,0.00006104
-1.02393626,0.00006104
-1.02361626,0.00006104
-1.02329626,-0.01770074
-1.02297626,0.00006104
-1.02265626,-0.01770074
-1.02233626,0.00006104
-1.02201626,0.00006104
-1.02169626,0.00006104
-1.02137626,0.00006104
-1.02105626,0.00006104
-1.02073626,0.00006104
-1.02041626,0.00006104
-1.02009626,0.00006104
-1.01977626,-0.01770074
-1.01945626,0.00006104
-1.01913626,0.00006104
-1.01881626,0.00006104
-1.01849626,0.00006104
-1.01817626,0.00006104
-1.01785626,0.00006104
-1.01753626,0.00006104
-1.01721626,0.00006104
-1.01689626,0.00006104
-1.01657626,0.00006104
-1.01625626,0.00006104
-1.01593626,0.00006104
-1.01561626,0.00006104
-1.01529626,0.00006104
-1.01497626,0.00006104
-1.01465626,0.00006104
-1.01433626,0.00006104
-1.01401626,0.00006104
-1.01369626,0.00006104
-1.01337626,0.00006104
-1.01305626,0.00006104
-1.01273626,0.00006104
-1.01241626,0.00006104
-1.01209626,0.00006104
-1.01177626,0.00006104
-1.01145626,0.00006104
-1.01113626,-0.01770074
-1.01081626,0.00006104
-1.01049626,0.00006104
-1.01017626,0.00006104
-1.00985626,0.00006104
-1.00953626,0.00006104
-1.00921626,0.00006104
-1.00889626,0.00006104
-1.00857626,0.00006104
-1.00825626,0.00006104
-1.00793626,0.00006104
-1.00761626,0.00006104
-1.00729626,0.00006104
-1.00697626,0.00006104
-1.00665626,0.00006104
-1.00633626,-0.01770074
-1.00601626,0.00006104
-1.00569626,0.00006104
-1.00537626,0.00006104
-1.00505626,0.00006104
-1.00473626,0.00006104
-1.00441626,1.88689840
-1.00409626,-0.08893093
-1.00377626,-0.53395182
-1.00345626,-0.28473771
-1.00313626,-0.08893093
-1.00281626,-0.01770074
-1.00249626,0.00006104
-1.00217626,0.00006104
-1.00185626,-0.01770074
-1.00153626,-0.05334635
-1.00121626,-0.92556536
-1.00089626,-1.06796467
-1.00057626,0.23145238
-1.00025626,0.33826715
-0.99993626,-0.01770074
-0.99961626,-0.08893093
-0.99929626,0.00006104
-0.99897626,0.03570665
-0.99865626,0.03570665
-0.99833626,0.01788385
-0.99801626,0.00006104
-0.99769626,0.00006104
-0.99737626,0.01788385
-0.99705626,0.03570665
-0.99673626,0.03570665
-0.99641626,0.03570665
-0.99609626,0.01788385
-0.99577626,0.00006104
-0.99545626,0.00006104
-0.99513626,0.01788385
-0.99481626,0.03570665
-0.99449626,0.03570665
-0.99417626,0.05346843
-0.99385626,0.05346843
-0.99353626,0.07129124
-0.99321626,0.05346843
-0.99289626,0.05346843
-0.99257626,0.07129124
-0.99225626,0.03570665
-0.99193626,0.05346843
-0.99161626,0.08911405
-0.99129626,0.07129124
-0.99097626,0.03570665
-0.99065626,0.03570665
-0.99033626,0.03570665
-0.99001626,0.03570665
-0.98969626,0.01788385
-0.98937626,-0.03552354
-0.98905626,-0.01770074
-0.98873626,-0.03552354
-0.98841626,0.00006104
-0.98809626,0.01788385
-0.98777626,0.00006104
-0.98745626,0.05346843
-0.98713626,0.00006104
-0.98681626,-0.01770074
-0.98649626,0.03570665
-0.98617626,-0.01770074
-0.98585626,0.00006104
-0.98553626,0.05346843
-0.98521626,0.01788385
-0.98489626,0.03570665
-0.98457626,0.03570665
-0.98425626,0.03570665
-0.98393626,0.01788385
-0.98361626,0.00006104
-0.98329626,0.01788385
-0.98297626,0.01788385
-0.98265626,0.01788385
-0.98233626,0.03570665
-0.98201626,0.01788385
-0.98169626,0.00006104
-0.98137626,0.03570665
-0.98105626,0.01788385
-0.98073626,0.01788385
-0.98041626,0.01788385
-0.98009626,0.00006104
-0.97977626,0.00006104
-0.97945626,0.01788385
-0.97913626,0.01788385
-0.97881626,0.00006104
-0.97849626,0.01788385
-0.97817626,0.01788385
-0.97785626,0.00006104
-0.97753626,0.01788385
-0.97721626,0.00006104
-0.97689626,0.00006104
-0.97657626,0.01788385
-0.97625626,0.01788385
-0.97593626,0.00006104
-0.97561626,0.03570665
-0.97529626,0.01788385
-0.97497626,0.00006104
-0.97465626,0.00006104
-0.97433626,0.00006104
-0.97401626,0.00006104
-0.97369626,0.00006104
-0.97337626,-0.01770074
-0.97305626,-0.01770074
-0.97273626,0.00006104
-0.97241626,0.00006104
-0.97209626,0.01788385
-0.97177626,0.00006104
-0.97145626,0.00006104
-0.97113626,0.01788385
-0.97081626,0.00006104
-0.97049626,0.01788385
-0.97017626,0.00006104
-0.96985626,0.01788385
-0.96953626,0.00006104
-0.96921626,0.01788385
-0.96889626,0.00006104
-0.96857626,0.00006104
-0.96825626,0.00006104
-0.96793626,0.00006104
-0.96761626,0.00006104
-0.96729626,0.00006104
-0.96697626,0.00006104
-0.96665626,0.00006104
-0.96633626,0.00006104
-0.96601626,0.00006104
-0.96569626,0.01788385
-0.96537626,0.01788385
-0.96505626,0.00006104
-0.96473626,0.00006104
-0.96441626,0.01788385
-0.96409626,0.00006104
-0.96377626,0.00006104
-0.96345626,0.00006104
-0.96313626,0.00006104
-0.96281626,0.00006104
-0.96249626,0.00006104
-0.96217626,-0.01770074
-0.96185626,0.00006104
-0.96153626,0.00006104
-0.96121626,0.00006104
-0.96089626,0.00006104
-0.96057626,0.00006104
-0.96025626,0.00006104
-0.95993626,0.01788385
-0.95961626,0.01788385
-0.95929626,0.00006104
-0.95897626,0.00006104
-0.95865626,0.01788385
-0.95833626,0.00006104
-0.95801626,0.00006104
-0.95769626,0.00006104
-0.95737626,0.00006104
-0.95705626,0.00006104
-0.95673626,0.01788385
-0.95641626,0.00006104
-0.95609626,0.00006104
-0.95577626,0.00006104
-0.95545626,0.00006104
-0.95513626,0.00006104
-0.95481626,0.00006104
-0.95449626,-0.01770074
-0.95417626,0.00006104
-0.95385626,0.00006104
-0.95353626,0.00006104
-0.95321626,0.00006104
-0.95289626,0.00006104
-0.95257626,0.00006104
-0.95225626,0.00006104
-0.95193626,0.00006104
-0.95161626,0.00006104
-0.95129626,0.01788385
-0.95097626,0.00006104
-0.95065626,0.01788385
-0.95033626,0.00006104
-0.95001626,0.00006104
-0.94969626,0.00006104
-0.94937626,0.00006104
-0.94905626,0.00006104
-0.94873626,0.00006104
-0.94841626,0.00006104
-0.94809626,0.00006104
-0.94777626,0.00006104
-0.94745626,0.00006104
-0.94713626,0.00006104
-0.94681626,0.00006104
-0.94649626,0.00006104
-0.94617626,0.00006104
-0.94585626,0.00006104
-0.94553626,0.00006104
-0.94521626,0.00006104
-0.94489626,0.00006104
-0.94457626,0.00006104
-0.94425626,0.00006104
-0.94393626,0.00006104
-0.94361626,0.00006104
-0.94329626,0.00006104
-0.94297626,0.00006104
-0.94265626,0.00006104
-0.94233626,0.00006104
-0.94201626,0.00006104
-0.94169626,0.00006104
-0.94137626,0.00006104
-0.94105626,0.00006104
-0.94073626,0.00006104
-0.94041626,0.00006104
-0.94009626,0.00006104
-0.93977626,0.00006104
-0.93945626,0.00006104
-0.93913626,0.00006104
-0.93881626,0.00006104
-0.93849626,-0.01770074
-0.93817626,0.00006104
-0.93785626,0.00006104
-0.93753626,0.00006104
-0.93721626,0.00006104
-0.93689626,0.00006104
-0.93657626,0.00006104
-0.93625626,0.00006104
-0.93593626,0.00006104
-0.93561626,0.00006104
-0.93529626,0.00006104
-0.93497626,0.00006104
-0.93465626,0.00006104
-0.93433626,0.00006104
-0.93401626,0.00006104
-0.93369626,0.00006104
-0.93337626,0.00006104
-0.93305626,0.00006104
-0.93273626,0.00006104
-0.93241626,0.00006104
-0.93209626,0.00006104
-0.93177626,0.00006104
-0.93145626,0.00006104
-0.93113626,0.00006104
-0.93081626,-0.01770074
-0.93049626,0.00006104
-0.93017626,0.00006104
-0.92985626,0.00006104
-0.92953626,0.00006104
-0.92921626,0.00006104
-0.92889626,0.00006104
-0.92857626,0.00006104
-0.92825626,0.00006104
-0.92793626,0.00006104
-0.92761626,0.00006104
-0.92729626,0.00006104
-0.92697626,0.00006104
-0.92665626,0.00006104
-0.92633626,0.00006104
-0.92601626,0.00006104
-0.92569626,0.00006104
-0.92537626,0.00006104
-0.92505626,-0.01770074
-0.92473626,0.00006104
-0.92441626,0.00006104
-0.92409626,0.00006104
-0.92377626,0.00006104
-0.92345626,0.00006104
-0.92313626,0.00006104
-0.92281626,0.00006104
-0.92249626,0.00006104
-0.92217626,0.00006104
-0.92185626,0.00006104
-0.92153626,0.00006104
-0.92121626,0.00006104
-0.92089626,0.00006104
-0.92057626,0.00006104
-0.92025626,0.00006104
-0.91993626,0.00006104
-0.91961626,0.00006104
-0.91929626,-0.01770074
-0.91897626,0.00006104
-0.91865626,0.00006104
-0.91833626,0.00006104
-0.91801626,0.00006104
-0.91769626,0.00006104
-0.91737626,0.00006104
-0.91705626,0.00006104
-0.91673626,0.00006104
-0.91641626,0.00006104
-0.91609626,0.00006104
-0.91577626,0.00006104
-0.91545626,0.00006104
-0.91513626,0.00006104
-0.91481626,0.00006104
-0.91449626,0.00006104
-0.91417626,0.00006104
-0.91385626,0.00006104
-0.91353626,0.00006104
-0.91321626,0.00006104
-0.91289626,0.00006104
-0.91257626,0.00006104
-0.91225626,0.00006104
-0.91193626,0.00006104
-0.91161626,0.00006104
-0.91129626,0.00006104
-0.91097626,0.00006104
-0.91065626,0.00006104
-0.91033626,0.00006104
-0.91001626,0.00006104
-0.90969626,0.00006104
-0.90937626,0.00006104
-0.90905626,0.00006104
-0.90873626,0.00006104
-0.90841626,0.00006104
-0.90809626,0.00006104
-0.90777626,0.00006104
-0.90745626,0.00006104
-0.90713626,0.00006104
-0.90681626,0.00006104
-0.90649626,0.00006104
-0.90617626,0.00006104
-0.90585626,0.00006104
-0.90553626,0.00006104
-0.90521626,0.00006104
-0.90489626,0.00006104
-0.90457626,0.00006104
-0.90425626,0.00006104
-0.90393626,0.00006104
-0.90361626,0.00006104
-0.90329626,0.00006104
-0.90297626,0.00006104
-0.90265626,0.00006104
-0.90233626,0.00006104
-0.90201626,0.00006104
-0.90169626,0.00006104
-0.90137626,0.00006104
-0.90105626,0.00006104
-0.90073626,0.00006104
-0.90041626,0.00006104
-0.90009626,0.00006104
-0.89977626,0.00006104
-0.89945626,0.00006104
-0.89913626,-0.01770074
-0.89881626,0.00006104
-0.89849626,0.00006104
-0.89817626,0.00006104
-0.89785626,-0.01770074
-0.89753626,0.00006104
-0.89721626,0.00006104
-0.89689626,0.00006104
-0.89657626,0.00006104
-0.89625626,0.00006104
-0.89593626,0.00006104
-0.89561626,0.00006104
-0.89529626,0.00006104
-0.89497626,0.00006104
-0.89465626,0.00006104
-0.89433626,0.00006104
-0.89401626,0.00006104
-0.89369626,0.00006104
-0.89337626,0.00006104
-0.89305626,0.00006104
-0.89273626,0.00006104
-0.89241626,0.00006104
-0.89209626,0.00006104
-0.89177626,0.00006104
-0.89145626,0.00006104
-0.89113626,0.00006104
-0.89081626,0.00006104
-0.89049626,0.00006104
-0.89017626,0.00006104
-0.88985626,0.00006104
-0.88953626,0.00006104
-0.88921626,0.00006104
-0.88889626,0.00006104
-0.88857626,0.00006104
-0.88825626,0.00006104
-0.88793626,0.00006104
-0.88761626,0.00006104
-0.88729626,0.00006104
-0.88697626,0.00006104
-0.88665626,-0.01770074
-0.88633626,0.00006104
-0.88601626,0.00006104
-0.88569626,0.00006104
-0.88537626,0.00006104
-0.88505626,0.00006104
-0.88473626,0.00006104
-0.88441626,0.00006104
-0.88409626,0.00006104
-0.88377626,0.00006104
-0.88345626,0.00006104
-0.88313626,0.00006104
-0.88281626,0.00006104
-0.88249626,0.00006104
-0.88217626,0.00006104
-0.88185626,0.00006104
-0.88153626,0.00006104
-0.88121626,-0.01770074
-0.88089626,0.00006104
-0.88057626,0.00006104
-0.88025626,0.00006104
-0.87993626,0.00006104
-0.87961626,0.00006104
-0.87929626,0.00006104
-0.87897626,0.00006104
-0.87865626,0.00006104
-0.87833626,0.00006104
-0.87801626,0.00006104
-0.87769626,0.00006104
-0.87737626,0.00006104
-0.87705626,0.00006104
-0.87673626,0.00006104
-0.87641626,0.00006104
-0.87609626,0.00006104
-0.87577626,0.00006104
-0.87545626,0.00006104
-0.87513626,0.00006104
-0.87481626,0.00006104
-0.87449626,0.00006104
-0.87417626,0.00006104
-0.87385626,0.00006104
-0.87353626,0.00006104
-0.87321626,0.00006104
-0.87289626,0.00006104
-0.87257626,0.00006104
-0.87225626,-0.01770074
-0.87193626,0.00006104
-0.87161626,0.00006104
-0.87129626,-0.01770074
-0.87097626,0.00006104
-0.87065626,0.00006104
-0.87033626,0.00006104
-0.87001626,0.00006104
-0.86969626,0.00006104
-0.86937626,0.00006104
-0.86905626,0.00006104
-0.86873626,0.00006104
-0.86841626,0.00006104
-0.86809626,0.00006104
-0.86777626,0.00006104
-0.86745626,0.00006104
-0.86713626,0.00006104
-0.86681626,0.00006104
-0.86649626,0.00006104
-0.86617626,0.00006104
-0.86585626,0.00006104
-0.86553626,0.00006104
-0.86521626,0.00006104
-0.86489626,0.00006104
-0.86457626,0.00006104
-0.86425626,0.00006104
-0.86393626,0.00006104
-0.86361626,0.00006104
-0.86329626,0.00006104
-0.86297626,0.00006104
-0.86265626,0.00006104
-0.86233626,0.00006104
-0.86201626,0.00006104
-0.86169626,0.00006104
-0.86137626,0.00006104
-0.86105626,0.00006104
-0.86073626,0.00006104
-0.86041626,0.00006104
-0.86009626,0.00006104
-0.85977626,0.00006104
-0.85945626,0.00006104
-0.85913626,0.00006104
-0.85881626,0.00006104
-0.85849626,0.00006104
-0.85817626,0.00006104
-0.85785626,0.00006104
-0.85753626,0.00006104
-0.85721626,0.00006104
-0.85689626,0.00006104
-0.85657626,0.00006104
-0.85625626,0.00006104
-0.85593626,0.00006104
-0.85561626,0.00006104
-0.85529626,0.00006104
-0.85497626,0.00006104
-0.85465626,0.00006104
-0.85433626,0.00006104
-0.85401626,0.00006104
-0.85369626,-0.01770074
-0.85337626,0.00006104
-0.85305626,0.00006104
-0.85273626,0.00006104
-0.85241626,0.00006104
-0.85209626,0.00006104
-0.85177626,0.00006104
-0.85145626,0.00006104
-0.85113626,0.00006104
-0.85081626,0.00006104
-0.85049626,0.00006104
-0.85017626,0.00006104
-0.84985626,0.00006104
-0.84953626,0.00006104
-0.84921626,0.00006104
-0.84889626,0.00006104
-0.84857626,0.00006104
-0.84825626,0.00006104
-0.84793626,0.00006104
-0.84761626,0.00006104
-0.84729626,-0.01770074
-0.84697626,0.00006104
-0.84665626,0.00006104
-0.84633626,0.00006104
-0.84601626,0.00006104
-0.84569626,0.00006104
-0.84537626,0.00006104
-0.84505626,0.00006104
-0.84473626,0.00006104
-0.84441626,0.00006104
-0.84409626,0.00006104
-0.84377626,0.00006104
-0.84345626,0.00006104
-0.84313626,0.00006104
-0.84281626,0.00006104
-0.84249626,0.00006104
-0.84217626,0.00006104
-0.84185626,-0.01770074
-0.84153626,0.00006104
-0.84121626,0.00006104
-0.84089626,0.00006104
-0.84057626,0.00006104
-0.84025626,0.00006104
-0.83993626,-0.01770074
-0.83961626,0.00006104
-0.83929626,0.00006104
-0.83897626,0.00006104
-0.83865626,0.00006104
-0.83833626,0.00006104
-0.83801626,0.00006104
-0.83769626,0.00006104
-0.83737626,0.00006104
-0.83705626,0.00006104
-0.83673626,0.00006104
-0.83641626,0.00006104
-0.83609626,0.00006104
-0.83577626,0.00006104
-0.83545626,0.00006104
-0.83513626,0.00006104
-0.83481626,0.00006104
-0.83449626,0.00006104
-0.83417626,0.00006104
-0.83385626,0.00006104
-0.83353626,0.00006104
-0.83321626,0.00006104
-0.83289626,0.00006104
-0.83257626,0.00006104
-0.83225626,0.00006104
-0.83193626,0.00006104
-0.83161626,0.00006104
-0.83129626,0.00006104
-0.83097626,-0.01770074
-0.83065626,0.00006104
-0.83033626,0.00006104
-0.83001626,0.00006104
-0.82969626,0.00006104
-0.82937626,0.00006104
-0.82905626,0.00006104
-0.82873626,0.00006104
-0.82841626,0.00006104
-0.82809626,0.00006104
-0.82777626,0.00006104
-0.82745626,0.00006104
-0.82713626,0.00006104
-0.82681626,0.00006104
-0.82649626,0.00006104
-0.82617626,0.00006104
-0.82585626,0.00006104
-0.82553626,0.00006104
-0.82521626,0.00006104
-0.82489626,0.00006104
-0.82457626,0.00006104
-0.82425626,0.00006104
-0.82393626,0.00006104
-0.82361626,0.00006104
-0.82329626,0.00006104
-0.82297626,0.00006104
-0.82265626,0.00006104
-0.82233626,0.00006104
-0.82201626,0.00006104
-0.82169626,0.00006104
-0.82137626,0.00006104
-0.82105626,0.00006104
-0.82073626,0.00006104
-0.82041626,0.00006104
-0.82009626,0.00006104
-0.81977626,-0.01770074
-0.81945626,-0.01770074
-0.81913626,0.00006104
-0.81881626,0.00006104
-0.81849626,0.00006104
-0.81817626,0.00006104
-0.81785626,0.00006104
-0.81753626,0.00006104
-0.81721626,0.00006104
-0.81689626,0.00006104
-0.81657626,0.00006104
-0.81625626,0.00006104
-0.81593626,0.00006104
-0.81561626,0.00006104
-0.81529626,0.00006104
-0.81497626,0.00006104
-0.81465626,-0.01770074
-0.81433626,0.00006104
-0.81401626,0.00006104
-0.81369626,-0.01770074
-0.81337626,0.00006104
-0.81305626,0.00006104
-0.81273626,0.00006104
-0.81241626,0.00006104
-0.81209626,0.00006104
-0.81177626,0.00006104
-0.81145626,0.00006104
-0.81113626,0.00006104
-0.81081626,0.00006104
-0.81049626,-0.01770074
-0.81017626,0.00006104
-0.80985626,0.00006104
-0.80953626,-0.01770074
-0.80921626,0.00006104
-0.80889626,0.00006104
-0.80857626,0.00006104
-0.80825626,0.00006104
-0.80793626,0.00006104
-0.80761626,0.00006104
-0.80729626,0.00006104
-0.80697626,0.00006104
-0.80665626,0.00006104
-0.80633626,0.00006104
-0.80601626,-0.01770074
-0.80569626,0.00006104
-0.80537626,0.00006104
-0.80505626,0.00006104
-0.80473626,0.00006104
-0.80441626,0.00006104
-0.80409626,0.00006104
-0.80377626,0.00006104
-0.80345626,0.00006104
-0.80313626,0.00006104
-0.80281626,0.00006104
-0.80249626,0.00006104
-0.80217626,0.00006104
-0.80185626,0.00006104
-0.80153626,0.00006104
-0.80121626,0.00006104
-0.80089626,0.00006104
-0.80057626,0.00006104
-0.80025626,0.00006104
-0.79993626,0.00006104
-0.79961626,-0.01770074
-0.79929626,0.00006104
-0.79897626,0.00006104
-0.79865626,0.00006104
-0.79833626,0.00006104
-0.79801626,0.00006104
-0.79769626,0.00006104
-0.79737626,0.00006104
-0.79705626,0.00006104
-0.79673626,0.00006104
-0.79641626,0.00006104
-0.79609626,-0.01770074
-0.79577626,0.00006104
-0.79545626,-0.01770074
-0.79513626,0.00006104
-0.79481626,0.00006104
-0.79449626,0.00006104
-0.79417626,0.00006104
-0.79385626,0.00006104
-0.79353626,0.00006104
-0.79321626,0.00006104
-0.79289626,0.00006104
-0.79257626,0.00006104
-0.79225626,0.00006104
-0.79193626,0.00006104
-0.79161626,0.00006104
-0.79129626,0.00006104
-0.79097626,0.00006104
-0.79065626,0.00006104
-0.79033626,0.00006104
-0.79001626,0.00006104
-0.78969626,0.00006104
-0.78937626,0.00006104
-0.78905626,0.00006104
-0.78873626,0.00006104
-0.78841626,0.00006104
-0.78809626,0.00006104
-0.78777626,0.00006104
-0.78745626,0.00006104
-0.78713626,0.00006104
-0.78681626,0.00006104
-0.78649626,0.00006104
-0.78617626,0.00006104
-0.78585626,0.00006104
-0.78553626,0.00006104
-0.78521626,0.00006104
-0.78489626,0.00006104
-0.78457626,0.00006104
-0.78425626,0.00006104
-0.78393626,0.00006104
-0.78361626,0.00006104
-0.78329626,0.00006104
-0.78297626,0.00006104
-0.78265626,0.00006104
-0.78233626,0.00006104
-0.78201626,0.00006104
-0.78169626,0.00006104
-0.78137626,0.00006104
-0.78105626,-0.01770074
-0.78073626,0.00006104
-0.78041626,0.00006104
-0.78009626,-0.01770074
-0.77977626,0.00006104
-0.77945626,0.00006104
-0.77913626,0.00006104
-0.77881626,0.00006104
-0.77849626,0.00006104
-0.77817626,0.00006104
-0.77785626,0.00006104
-0.77753626,0.00006104
-0.77721626,0.00006104
-0.77689626,0.00006104
-0.77657626,0.00006104
-0.77625626,0.00006104
-0.77593626,0.00006104
-0.77561626,0.00006104
-0.77529626,0.00006104
-0.77497626,0.00006104
-0.77465626,0.00006104
-0.77433626,0.00006104
-0.77401626,-0.01770074
-0.77369626,0.00006104
-0.77337626,0.00006104
-0.77305626,0.00006104
-0.77273626,0.00006104
-0.77241626,0.00006104
-0.77209626,0.00006104
-0.77177626,0.00006104
-0.77145626,0.00006104
-0.77113626,0.00006104
-0.77081626,0.00006104
-0.77049626,0.00006104
-0.77017626,0.00006104
-0.76985626,0.00006104
-0.76953626,0.00006104
-0.76921626,0.00006104
-0.76889626,0.00006104
-0.76857626,0.00006104
-0.76825626,0.00006104
-0.76793626,0.00006104
-0.76761626,0.00006104
-0.76729626,0.00006104
-0.76697626,0.00006104
-0.76665626,0.00006104
-0.76633626,-0.01770074
-0.76601626,0.00006104
-0.76569626,-0.01770074
-0.76537626,0.00006104
-0.76505626,0.00006104
-0.76473626,0.00006104
-0.76441626,0.00006104
-0.76409626,0.00006104
-0.76377626,0.00006104
-0.76345626,0.00006104
-0.76313626,0.00006104
-0.76281626,0.00006104
-0.76249626,0.00006104
-0.76217626,0.00006104
-0.76185626,0.00006104
-0.76153626,0.00006104
-0.76121626,0.00006104
-0.76089626,0.00006104
-0.76057626,0.00006104
-0.76025626,0.00006104
-0.75993626,0.00006104
-0.75961626,0.00006104
-0.75929626,0.00006104
-0.75897626,0.00006104
-0.75865626,0.00006104
-0.75833626,0.00006104
-0.75801626,0.00006104
-0.75769626,0.00006104
-0.75737626,0.00006104
-0.75705626,0.00006104
-0.75673626,0.00006104
-0.75641626,0.00006104
-0.75609626,0.00006104
-0.75577626,-0.01770074
-0.75545626,0.00006104
-0.75513626,0.00006104
-0.75481626,0.00006104
-0.75449626,0.00006104
-0.75417626,0.00006104
-0.75385626,0.00006104
-0.75353626,0.00006104
-0.75321626,0.00006104
-0.75289626,0.00006104
-0.75257626,0.00006104
-0.75225626,0.00006104
-0.75193626,0.00006104
-0.75161626,0.00006104
-0.75129626,0.00006104
-0.75097626,0.00006104
-0.75065626,0.00006104
-0.75033626,0.00006104
-0.75001626,0.00006104
-0.74969626,0.00006104
-0.74937626,0.00006104
-0.74905626,0.00006104
-0.74873626,0.00006104
-0.74841626,0.00006104
-0.74809626,0.00006104
-0.74777626,0.00006104
-0.74745626,-0.01770074
-0.74713626,-0.01770074
-0.74681626,0.00006104
-0.74649626,0.00006104
-0.74617626,-0.01770074
-0.74585626,0.00006104
-0.74553626,-0.01770074
-0.74521626,-0.01770074
-0.74489626,0.00006104
-0.74457626,0.00006104
-0.74425626,0.00006104
-0.74393626,0.00006104
-0.74361626,0.00006104
-0.74329626,0.00006104
-0.74297626,0.00006104
-0.74265626,0.00006104
-0.74233626,0.00006104
-0.74201626,0.00006104
-0.74169626,0.00006104
-0.74137626,0.00006104
-0.74105626,0.00006104
-0.74073626,0.00006104
-0.74041626,0.00006104
-0.74009626,0.00006104
-0.73977626,0.00006104
-0.73945626,-0.01770074
-0.73913626,-0.01770074
-0.73881626,0.00006104
-0.73849626,0.00006104
-0.73817626,0.00006104
-0.73785626,-0.01770074
-0.73753626,0.00006104
-0.73721626,-0.01770074
-0.73689626,0.00006104
-0.73657626,0.00006104
-0.73625626,0.00006104
-0.73593626,-0.01770074
-0.73561626,0.00006104
-0.73529626,0.00006104
-0.73497626,0.00006104
-0.73465626,0.00006104
-0.73433626,0.00006104
-0.73401626,0.00006104
-0.73369626,0.00006104
-0.73337626,0.00006104
-0.73305626,0.00006104
-0.73273626,0.00006104
-0.73241626,0.00006104
-0.73209626,0.00006104
-0.73177626,0.00006104
-0.73145626,0.00006104
-0.73113626,0.00006104
-0.73081626,0.00006104
-0.73049626,0.00006104
-0.73017626,0.00006104
-0.72985626,-0.01770074
-0.72953626,0.00006104
-0.72921626,0.00006104
-0.72889626,-0.01770074
-0.72857626,0.00006104
-0.72825626,-0.01770074
-0.72793626,-0.01770074
-0.72761626,0.00006104
-0.72729626,0.00006104
-0.72697626,0.00006104
-0.72665626,0.00006104
-0.72633626,0.00006104
-0.72601626,0.00006104
-0.72569626,0.00006104
-0.72537626,0.00006104
-0.72505626,0.00006104
-0.72473626,0.00006104
-0.72441626,0.00006104
-0.72409626,0.00006104
-0.72377626,0.00006104
-0.72345626,0.00006104
-0.72313626,0.00006104
-0.72281626,0.00006104
-0.72249626,0.00006104
-0.72217626,0.00006104
-0.72185626,0.00006104
-0.72153626,0.00006104
-0.72121626,0.00006104
-0.72089626,0.00006104
-0.72057626,0.00006104
-0.72025626,0.00006104
-0.71993626,0.00006104
-0.71961626,0.00006104
-0.71929626,0.00006104
-0.71897626,0.00006104
-0.71865626,0.00006104
-0.71833626,0.00006104
-0.71801626,0.00006104
-0.71769626,0.00006104
-0.71737626,0.00006104
-0.71705626,0.00006104
-0.71673626,0.00006104
-0.71641626,0.00006104
-0.71609626,0.00006104
-0.71577626,0.00006104
-0.71545626,0.00006104
-0.71513626,0.00006104
-0.71481626,0.00006104
-0.71449626,0.00006104
-0.71417626,0.00006104
-0.71385626,0.00006104
-0.71353626,0.00006104
-0.71321626,0.00006104
-0.71289626,0.00006104
-0.71257626,0.00006104
-0.71225626,0.00006104
-0.71193626,0.00006104
-0.71161626,0.00006104
-0.71129626,0.00006104
-0.71097626,0.00006104
-0.71065626,0.00006104
-0.71033626,0.00006104
-0.71001626,0.00006104
-0.70969626,0.00006104
-0.70937626,0.00006104
-0.70905626,0.00006104
-0.70873626,0.00006104
-0.70841626,0.00006104
-0.70809626,0.00006104
-0.70777626,0.00006104
-0.70745626,0.00006104
-0.70713626,0.00006104
-0.70681626,0.00006104
-0.70649626,0.00006104
-0.70617626,0.00006104
-0.70585626,0.00006104
-0.70553626,0.00006104
-0.70521626,0.00006104
-0.70489626,0.00006104
-0.70457626,0.00006104
-0.70425626,0.00006104
-0.70393626,0.00006104
-0.70361626,0.00006104
-0.70329626,0.00006104
-0.70297626,0.00006104
-0.70265626,0.00006104
-0.70233626,0.00006104
-0.70201626,0.00006104
-0.70169626,0.00006104
-0.70137626,0.00006104
-0.70105626,0.00006104
-0.70073626,0.00006104
-0.70041626,0.00006104
-0.70009626,0.00006104
-0.69977626,0.00006104
-0.69945626,0.00006104
-0.69913626,0.00006104
-0.69881626,0.00006104
-0.69849626,0.00006104
-0.69817626,0.00006104
-0.69785626,0.00006104
-0.69753626,0.00006104
-0.69721626,-0.01770074
-0.69689626,0.00006104
-0.69657626,0.00006104
-0.69625626,0.00006104
-0.69593626,0.00006104
-0.69561626,0.00006104
-0.69529626,0.00006104
-0.69497626,0.00006104
-0.69465626,0.00006104
-0.69433626,0.00006104
-0.69401626,0.00006104
-0.69369626,0.00006104
-0.69337626,0.00006104
-0.69305626,0.00006104
-0.69273626,0.00006104
-0.69241626,0.00006104
-0.69209626,0.00006104
-0.69177626,0.00006104
-0.69145626,0.00006104
-0.69113626,0.00006104
-0.69081626,0.00006104
-0.69049626,0.00006104
-0.69017626,0.00006104
-0.68985626,0.00006104
-0.68953626,0.00006104
-0.68921626,0.00006104
-0.68889626,0.00006104
-0.68857626,0.00006104
-0.68825626,0.00006104
-0.68793626,0.00006104
-0.68761626,0.00006104
-0.68729626,0.00006104
-0.68697626,0.00006104
-0.68665626,0.00006104
-0.68633626,0.00006104
-0.68601626,0.00006104
-0.68569626,0.00006104
-0.68537626,0.00006104
-0.68505626,0.00006104
-0.68473626,0.00006104
-0.68441626,0.00006104
-0.68409626,0.00006104
-0.68377626,0.00006104
-0.68345626,-0.01770074
-0.68313626,0.00006104
-0.68281626,0.00006104
-0.68249626,0.00006104
-0.68217626,0.00006104
-0.68185626,0.00006104
-0.68153626,0.00006104
-0.68121626,0.00006104
-0.68089626,0.00006104
-0.68057626,0.00006104
-0.68025626,-0.01770074
-0.67993626,0.00006104
-0.67961626,0.00006104
-0.67929626,0.00006104
-0.67897626,0.00006104
-0.67865626,0.00006104
-0.67833626,0.00006104
-0.67801626,0.00006104
-0.67769626,0.00006104
-0.67737626,0.00006104
-0.67705626,0.00006104
-0.67673626,0.00006104
-0.67641626,0.00006104
-0.67609626,0.00006104
-0.67577626,0.00006104
-0.67545626,0.00006104
-0.67513626,0.00006104
-0.67481626,0.00006104
-0.67449626,0.00006104
-0.67417626,-0.01770074
-0.67385626,0.00006104
-0.67353626,0.00006104
-0.67321626,0.00006104
-0.67289626,0.00006104
-0.67257626,0.00006104
-0.67225626,0.00006104
-0.67193626,0.00006104
-0.67161626,0.00006104
-0.67129626,0.00006104
-0.67097626,0.00006104
-0.67065626,0.00006104
-0.67033626,0.00006104
-0.67001626,0.00006104
-0.66969626,0.00006104
-0.66937626,0.00006104
-0.66905626,0.00006104
-0.66873626,0.00006104
-0.66841626,0.00006104
-0.66809626,0.00006104
-0.66777626,0.00006104
-0.66745626,0.00006104
-0.66713626,0.00006104
-0.66681626,0.00006104
-0.66649626,0.00006104
-0.66617626,0.00006104
-0.66585626,0.00006104
-0.66553626,0.00006104
-0.66521626,0.00006104
-0.66489626,0.00006104
-0.66457626,0.00006104
-0.66425626,0.00006104
-0.66393626,0.00006104
-0.66361626,0.00006104
-0.66329626,0.00006104
-0.66297626,0.00006104
-0.66265626,0.00006104
-0.66233626,0.00006104
-0.66201626,0.00006104
-0.66169626,0.00006104
-0.66137626,0.00006104
-0.66105626,0.00006104
-0.66073626,0.00006104
-0.66041626,0.00006104
-0.66009626,0.00006104
-0.65977626,0.00006104
-0.65945626,0.00006104
-0.65913626,0.00006104
-0.65881626,0.00006104
-0.65849626,0.00006104
-0.65817626,0.00006104
-0.65785626,0.00006104
-0.65753626,0.00006104
-0.65721626,0.00006104
-0.65689626,0.00006104
-0.65657626,0.00006104
-0.65625626,0.00006104
-0.65593626,0.00006104
-0.65561626,0.00006104
-0.65529626,0.00006104
-0.65497626,0.00006104
-0.65465626,0.00006104
-0.65433626,0.00006104
-0.65401626,0.00006104
-0.65369626,0.00006104
-0.65337626,0.00006104
-0.65305626,0.00006104
-0.65273626,0.00006104
-0.65241626,0.00006104
-0.65209626,0.00006104
-0.65177626,0.00006104
-0.65145626,0.00006104
-0.65113626,0.00006104
-0.65081626,0.00006104
-0.65049626,0.00006104
-0.65017626,0.00006104
-0.64985626,0.00006104
-0.64953626,0.00006104
-0.64921626,0.00006104
-0.64889626,0.00006104
-0.64857626,0.00006104
-0.64825626,0.00006104
-0.64793626,0.00006104
-0.64761626,-0.01770074
-0.64729626,0.00006104
-0.64697626,0.00006104
-0.64665626,0.00006104
-0.64633626,0.00006104
-0.64601626,0.00006104
-0.64569626,0.00006104
-0.64537626,0.00006104
-0.64505626,0.00006104
-0.64473626,0.00006104
-0.64441626,0.00006104
-0.64409626,0.00006104
-0.64377626,0.00006104
-0.64345626,0.00006104
-0.64313626,0.00006104
-0.64281626,-0.01770074
-0.64249626,0.00006104
-0.64217626,0.00006104
-0.64185626,0.00006104
-0.64153626,0.00006104
-0.64121626,0.00006104
-0.64089626,0.00006104
-0.64057626,0.00006104
-0.64025626,0.00006104
-0.63993626,0.00006104
-0.63961626,0.00006104
-0.63929626,0.00006104
-0.63897626,0.00006104
-0.63865626,0.00006104
-0.63833626,0.00006104
-0.63801626,0.00006104
-0.63769626,0.00006104
-0.63737626,0.00006104
-0.63705626,-0.01770074
-0.63673626,0.00006104
-0.63641626,0.00006104
-0.63609626,0.00006104
-0.63577626,0.00006104
-0.63545626,0.00006104
-0.63513626,0.00006104
-0.63481626,0.00006104
-0.63449626,0.00006104
-0.63417626,-0.01770074
-0.63385626,0.00006104
-0.63353626,0.00006104
-0.63321626,0.00006104
-0.63289626,0.00006104
-0.63257626,0.00006104
-0.63225626,0.00006104
-0.63193626,0.00006104
-0.63161626,0.00006104
-0.63129626,0.00006104
-0.63097626,0.00006104
-0.63065626,0.00006104
-0.63033626,0.00006104
-0.63001626,0.00006104
-0.62969626,0.00006104
-0.62937626,0.00006104
-0.62905626,0.00006104
-0.62873626,0.00006104
-0.62841626,0.00006104
-0.62809626,0.00006104
-0.62777626,0.00006104
-0.62745626,0.00006104
-0.62713626,0.00006104
-0.62681626,0.00006104
-0.62649626,0.00006104
-0.62617626,0.00006104
-0.62585626,0.00006104
-0.62553626,0.00006104
-0.62521626,0.00006104
-0.62489626,0.00006104
-0.62457626,0.00006104
-0.62425626,0.00006104
-0.62393626,0.00006104
-0.62361626,0.00006104
-0.62329626,0.00006104
-0.62297626,0.00006104
-0.62265626,0.00006104
-0.62233626,0.00006104
-0.62201626,0.00006104
-0.62169626,0.00006104
-0.62137626,0.00006104
-0.62105626,0.00006104
-0.62073626,0.00006104
-0.62041626,0.00006104
-0.62009626,0.00006104
-0.61977626,0.00006104
-0.61945626,0.00006104
-0.61913626,0.00006104
-0.61881626,0.00006104
-0.61849626,0.00006104
-0.61817626,0.00006104
-0.61785626,0.00006104
-0.61753626,0.00006104
-0.61721626,0.00006104
-0.61689626,0.00006104
-0.61657626,0.00006104
-0.61625626,0.00006104
-0.61593626,0.00006104
-0.61561626,0.00006104
-0.61529626,0.00006104
-0.61497626,0.00006104
-0.61465626,-0.01770074
-0.61433626,-0.01770074
-0.61401626,0.00006104
-0.61369626,0.00006104
-0.61337626,0.00006104
-0.61305626,0.00006104
-0.61273626,0.00006104
-0.61241626,0.00006104
-0.61209626,0.00006104
-0.61177626,0.00006104
-0.61145626,0.00006104
-0.61113626,0.00006104
-0.61081626,-0.01770074
-0.61049626,0.00006104
-0.61017626,0.00006104
-0.60985626,0.00006104
-0.60953626,0.00006104
-0.60921626,0.00006104
-0.60889626,0.00006104
-0.60857626,0.00006104
-0.60825626,-0.01770074
-0.60793626,0.00006104
-0.60761626,0.00006104
-0.60729626,0.00006104
-0.60697626,0.00006104
-0.60665626,0.00006104
-0.60633626,0.00006104
-0.60601626,0.00006104
-0.60569626,0.00006104
-0.60537626,0.00006104
-0.60505626,0.00006104
-0.60473626,0.00006104
-0.60441626,0.00006104
-0.60409626,0.00006104
-0.60377626,0.00006104
-0.60345626,0.00006104
-0.60313626,0.00006104
-0.60281626,0.00006104
-0.60249626,0.00006104
-0.60217626,0.00006104
-0.60185626,0.00006104
-0.60153626,0.00006104
-0.60121626,0.00006104
-0.60089626,0.00006104
-0.60057626,-0.01770074
-0.60025626,0.00006104
-0.59993626,0.00006104
-0.59961626,0.00006104
-0.59929626,0.00006104
-0.59897626,0.00006104
-0.59865626,0.00006104
-0.59833626,0.00006104
-0.59801626,0.00006104
-0.59769626,0.00006104
-0.59737626,-0.01770074
-0.59705626,0.00006104
-0.59673626,0.00006104
-0.59641626,0.00006104
-0.59609626,0.00006104
-0.59577626,0.00006104
-0.59545626,0.00006104
-0.59513626,0.00006104
-0.59481626,0.00006104
-0.59449626,-0.01770074
-0.59417626,0.00006104
-0.59385626,0.00006104
-0.59353626,0.00006104
-0.59321626,0.00006104
-0.59289626,0.00006104
-0.59257626,0.00006104
-0.59225626,0.00006104
-0.59193626,0.00006104
-0.59161626,0.00006104
-0.59129626,0.00006104
-0.59097626,0.00006104
-0.59065626,0.00006104
-0.59033626,0.00006104
-0.59001626,0.00006104
-0.58969626,0.00006104
-0.58937626,0.00006104
-0.58905626,0.00006104
-0.58873626,0.00006104
-0.58841626,0.00006104
-0.58809626,0.00006104
-0.58777626,0.00006104
-0.58745626,0.00006104
-0.58713626,0.00006104
-0.58681626,0.00006104
-0.58649626,0.00006104
-0.58617626,0.00006104
-0.58585626,0.00006104
-0.58553626,0.00006104
-0.58521626,-0.01770074
-0.58489626,0.00006104
-0.58457626,0.00006104
-0.58425626,0.00006104
-0.58393626,0.00006104
-0.58361626,0.00006104
-0.58329626,0.00006104
-0.58297626,0.00006104
-0.58265626,0.00006104
-0.58233626,0.00006104
-0.58201626,0.00006104
-0.58169626,0.00006104
-0.58137626,0.00006104
-0.58105626,0.00006104
-0.58073626,0.00006104
-0.58041626,0.00006104
-0.58009626,0.00006104
-0.57977626,0.00006104
-0.57945626,0.00006104
-0.57913626,0.00006104
-0.57881626,-0.01770074
-0.57849626,0.00006104
-0.57817626,0.00006104
-0.57785626,0.00006104
-0.57753626,0.00006104
-0.57721626,0.00006104
-0.57689626,0.00006104
-0.57657626,0.00006104
-0.57625626,0.00006104
-0.57593626,0.00006104
-0.57561626,0.00006104
-0.57529626,0.00006104
-0.57497626,0.00006104
-0.57465626,0.00006104
-0.57433626,0.00006104
-0.57401626,0.00006104
-0.57369626,0.00006104
-0.57337626,0.00006104
-0.57305626,0.00006104
-0.57273626,0.00006104
-0.57241626,0.00006104
-0.57209626,0.00006104
-0.57177626,0.00006104
-0.57145626,0.00006104
-0.57113626,0.00006104
-0.57081626,0.00006104
-0.57049626,0.00006104
-0.57017626,0.00006104
-0.56985626,0.00006104
-0.56953626,0.00006104
-0.56921626,0.00006104
-0.56889626,0.00006104
-0.56857626,0.00006104
-0.56825626,0.00006104
-0.56793626,0.00006104
-0.56761626,0.00006104
-0.56729626,0.00006104
-0.56697626,0.00006104
-0.56665626,0.00006104
-0.56633626,0.00006104
-0.56601626,0.00006104
-0.56569626,0.00006104
-0.56537626,0.00006104
-0.56505626,0.00006104
-0.56473626,0.00006104
-0.56441626,0.00006104
-0.56409626,0.00006104
-0.56377626,0.00006104
-0.56345626,0.00006104
-0.56313626,0.00006104
-0.56281626,0.00006104
-0.56249626,0.00006104
-0.56217626,0.00006104
-0.56185626,0.00006104
-0.56153626,0.00006104
-0.56121626,0.00006104
-0.56089626,0.00006104
-0.56057626,0.00006104
-0.56025626,0.00006104
-0.55993626,0.00006104
-0.55961626,0.00006104
-0.55929626,0.00006104
-0.55897626,0.00006104
-0.55865626,-0.01770074
-0.55833626,0.00006104
-0.55801626,0.00006104
-0.55769626,0.00006104
-0.55737626,0.00006104
-0.55705626,0.00006104
-0.55673626,0.00006104
-0.55641626,0.00006104
-0.55609626,0.00006104
-0.55577626,0.00006104
-0.55545626,0.00006104
-0.55513626,0.00006104
-0.55481626,0.00006104
-0.55449626,0.00006104
-0.55417626,0.00006104
-0.55385626,0.00006104
-0.55353626,0.00006104
-0.55321626,0.00006104
-0.55289626,0.00006104
-0.55257626,0.00006104
-0.55225626,0.00006104
-0.55193626,0.00006104
-0.55161626,0.00006104
-0.55129626,0.00006104
-0.55097626,0.00006104
-0.55065626,0.00006104
-0.55033626,0.00006104
-0.55001626,0.00006104
-0.54969626,0.00006104
-0.54937626,0.00006104
-0.54905626,0.00006104
-0.54873626,0.00006104
-0.54841626,0.00006104
-0.54809626,0.00006104
-0.54777626,0.00006104
-0.54745626,0.00006104
-0.54713626,0.00006104
-0.54681626,0.00006104
-0.54649626,0.00006104
-0.54617626,0.00006104
-0.54585626,0.00006104
-0.54553626,0.00006104
-0.54521626,0.00006104
-0.54489626,0.00006104
-0.54457626,0.00006104
-0.54425626,0.00006104
-0.54393626,0.00006104
-0.54361626,0.00006104
-0.54329626,0.00006104
-0.54297626,0.00006104
-0.54265626,0.00006104
-0.54233626,0.00006104
-0.54201626,0.00006104
-0.54169626,0.00006104
-0.54137626,0.00006104
-0.54105626,0.00006104
-0.54073626,0.00006104
-0.54041626,0.00006104
-0.54009626,0.00006104
-0.53977626,0.00006104
-0.53945626,0.00006104
-0.53913626,0.00006104
-0.53881626,0.00006104
-0.53849626,0.00006104
-0.53817626,0.00006104
-0.53785626,0.00006104
-0.53753626,0.00006104
-0.53721626,0.00006104
-0.53689626,0.00006104
-0.53657626,0.00006104
-0.53625626,0.00006104
-0.53593626,0.00006104
-0.53561626,0.00006104
-0.53529626,0.00006104
-0.53497626,0.00006104
-0.53465626,0.00006104
-0.53433626,0.00006104
-0.53401626,0.00006104
-0.53369626,0.00006104
-0.53337626,0.00006104
-0.53305626,0.00006104
-0.53273626,0.00006104
-0.53241626,-0.01770074
-0.53209626,0.00006104
-0.53177626,0.00006104
-0.53145626,0.00006104
-0.53113626,0.00006104
-0.53081626,0.00006104
-0.53049626,-0.01770074
-0.53017626,0.00006104
-0.52985626,0.00006104
-0.52953626,0.00006104
-0.52921626,0.00006104
-0.52889626,0.00006104
-0.52857626,0.00006104
-0.52825626,0.00006104
-0.52793626,0.00006104
-0.52761626,0.00006104
-0.52729626,0.00006104
-0.52697626,0.00006104
-0.52665626,0.00006104
-0.52633626,0.00006104
-0.52601626,0.00006104
-0.52569626,0.00006104
-0.52537626,0.00006104
-0.52505626,0.00006104
-0.52473626,0.00006104
-0.52441626,0.00006104
-0.52409626,0.00006104
-0.52377626,0.00006104
-0.52345626,0.00006104
-0.52313626,0.00006104
-0.52281626,0.00006104
-0.52249626,0.00006104
-0.52217626,0.00006104
-0.52185626,-0.01770074
-0.52153626,0.00006104
-0.52121626,0.00006104
-0.52089626,0.00006104
-0.52057626,0.00006104
-0.52025626,0.00006104
-0.51993626,0.00006104
-0.51961626,0.00006104
-0.51929626,0.00006104
-0.51897626,0.00006104
-0.51865626,0.00006104
-0.51833626,0.00006104
-0.51801626,0.00006104
-0.51769626,0.00006104
-0.51737626,0.00006104
-0.51705626,0.00006104
-0.51673626,0.00006104
-0.51641626,0.00006104
-0.51609626,0.00006104
-0.51577626,0.00006104
-0.51545626,0.00006104
-0.51513626,-0.01770074
-0.51481626,0.00006104
-0.51449626,0.00006104
-0.51417626,-0.01770074
-0.51385626,0.00006104
-0.51353626,0.00006104
-0.51321626,0.00006104
-0.51289626,-0.01770074
-0.51257626,0.00006104
-0.51225626,0.00006104
-0.51193626,0.00006104
-0.51161626,0.00006104
-0.51129626,0.00006104
-0.51097626,0.00006104
-0.51065626,0.00006104
-0.51033626,0.00006104
-0.51001626,0.00006104
-0.50969626,0.00006104
-0.50937626,0.00006104
-0.50905626,0.00006104
-0.50873626,0.00006104
-0.50841626,0.00006104
-0.50809626,0.00006104
-0.50777626,0.00006104
-0.50745626,0.00006104
-0.50713626,0.00006104
-0.50681626,0.00006104
-0.50649626,0.00006104
-0.50617626,0.00006104
-0.50585626,0.00006104
-0.50553626,0.00006104
-0.50521626,0.00006104
-0.50489626,0.00006104
-0.50457626,0.00006104
-0.50425626,0.00006104
-0.50393626,0.80104983
-0.50361626,0.89004183
-0.50329626,0.37385175
-0.50297626,-0.07110813
-0.50265626,-0.16010010
-0.50233626,-0.10669271
-0.50201626,-0.03552354
-0.50169626,-0.01770074
-0.50137626,-0.01770074
-0.50105626,-0.03552354
-0.50073626,-1.56639302
-0.50041626,0.14246041
-0.50009626,-0.17792290
-0.49977626,-0.08893093
-0.49945626,0.07129124
-0.49913626,0.12469863
-0.49881626,0.08911405
-0.49849626,0.03570665
-0.49817626,0.01788385
-0.49785626,0.01788385
-0.49753626,0.00006104
-0.49721626,0.00006104
-0.49689626,0.01788385
-0.49657626,0.01788385
-0.49625626,0.01788385
-0.49593626,0.01788385
-0.49561626,0.01788385
-0.49529626,0.00006104
-0.49497626,0.00006104
-0.49465626,0.01788385
-0.49433626,0.00006104
-0.49401626,0.03570665
-0.49369626,0.05346843
-0.49337626,0.05346843
-0.49305626,0.07129124
-0.49273626,0.05346843
-0.49241626,0.05346843
-0.49209626,0.07129124
-0.49177626,0.03570665
-0.49145626,0.03570665
-0.49113626,0.07129124
-0.49081626,0.07129124
-0.49049626,0.01788385
-0.49017626,0.03570665
-0.48985626,0.01788385
-0.48953626,0.01788385
-0.48921626,0.00006104
-0.48889626,-0.01770074
-0.48857626,-0.01770074
-0.48825626,-0.03552354
-0.48793626,0.00006104
-0.48761626,0.01788385
-0.48729626,-0.01770074
-0.48697626,0.05346843
-0.48665626,0.00006104
-0.48633626,-0.03552354
-0.48601626,0.01788385
-0.48569626,-0.01770074
-0.48537626,0.00006104
-0.48505626,0.05346843
-0.48473626,0.01788385
-0.48441626,0.01788385
-0.48409626,0.03570665
-0.48377626,0.01788385
-0.48345626,0.01788385
-0.48313626,0.01788385
-0.48281626,0.01788385
-0.48249626,0.01788385
-0.48217626,0.00006104
-0.48185626,0.03570665
-0.48153626,0.00006104
-0.48121626,-0.01770074
-0.48089626,0.01788385
-0.48057626,0.01788385
-0.48025626,0.00006104
-0.47993626,0.01788385
-0.47961626,0.00006104
-0.47929626,-0.01770074
-0.47897626,0.01788385
-0.47865626,0.00006104
-0.47833626,0.00006104
-0.47801626,0.01788385
-0.47769626,0.01788385
-0.47737626,0.00006104
-0.47705626,0.01788385
-0.47673626,0.00006104
-0.47641626,0.00006104
-0.47609626,0.03570665
-0.47577626,0.00006104
-0.47545626,0.00006104
-0.47513626,0.01788385
-0.47481626,0.01788385
-0.47449626,0.00006104
-0.47417626,0.00006104
-0.47385626,0.00006104
-0.47353626,0.00006104
-0.47321626,0.01788385
-0.47289626,-0.01770074
-0.47257626,-0.01770074
-0.47225626,0.00006104
-0.47193626,0.00006104
-0.47161626,0.00006104
-0.47129626,0.00006104
-0.47097626,0.01788385
-0.47065626,0.01788385
-0.47033626,0.00006104
-0.47001626,0.00006104
-0.46969626,0.00006104
-0.46937626,0.01788385
-0.46905626,0.00006104
-0.46873626,0.01788385
-0.46841626,0.00006104
-0.46809626,0.00006104
-0.46777626,0.00006104
-0.46745626,0.00006104
-0.46713626,-0.01770074
-0.46681626,0.00006104
-0.46649626,0.00006104
-0.46617626,0.00006104
-0.46585626,0.00006104
-0.46553626,0.00006104
-0.46521626,0.01788385
-0.46489626,0.01788385
-0.46457626,0.00006104
-0.46425626,0.00006104
-0.46393626,0.01788385
-0.46361626,0.00006104
-0.46329626,0.00006104
-0.46297626,0.00006104
-0.46265626,0.00006104
-0.46233626,0.00006104
-0.46201626,0.00006104
-0.46169626,-0.01770074
-0.46137626,0.00006104
-0.46105626,0.00006104
-0.46073626,0.00006104
-0.46041626,0.00006104
-0.46009626,0.00006104
-0.45977626,0.00006104
-0.45945626,0.00006104
-0.45913626,0.00006104
-0.45881626,0.01788385
-0.45849626,0.01788385
-0.45817626,0.01788385
-0.45785626,0.00006104
-0.45753626,0.01788385
-0.45721626,0.00006104
-0.45689626,0.00006104
-0.45657626,0.00006104
-0.45625626,0.00006104
-0.45593626,0.00006104
-0.45561626,0.00006104
-0.45529626,0.00006104
-0.45497626,-0.01770074
-0.45465626,0.00006104
-0.45433626,-0.01770074
-0.45401626,-0.01770074
-0.45369626,0.00006104
-0.45337626,0.00006104
-0.45305626,0.00006104
-0.45273626,0.00006104
-0.45241626,0.00006104
-0.45209626,0.00006104
-0.45177626,0.00006104
-0.45145626,0.00006104
-0.45113626,0.00006104
-0.45081626,0.00006104
-0.45049626,0.00006104
-0.45017626,0.00006104
-0.44985626,0.00006104
-0.44953626,0.00006104
-0.44921626,0.00006104
-0.44889626,0.00006104
-0.44857627,0.00006104
-0.44825627,0.00006104
-0.44793627,0.00006104
-0.44761627,0.00006104
-0.44729627,-0.01770074
-0.44697627,0.00006104
-0.44665627,0.00006104
-0.44633627,0.00006104
-0.44601627,0.00006104
-0.44569627,0.00006104
-0.44537627,0.00006104
-0.44505627,0.00006104
-0.44473627,0.00006104
-0.44441627,0.00006104
-0.44409627,0.00006104
-0.44377627,0.00006104
-0.44345627,0.00006104
-0.44313627,0.00006104
-0.44281627,0.00006104
-0.44249627,0.00006104
-0.44217627,0.00006104
-0.44185627,0.00006104
-0.44153627,0.00006104
-0.44121627,0.00006104
-0.44089627,0.00006104
-0.44057627,0.00006104
-0.44025627,0.00006104
-0.43993627,0.00006104
-0.43961627,0.00006104
-0.43929627,0.00006104
-0.43897627,0.00006104
-0.43865627,0.00006104
-0.43833627,0.00006104
-0.43801627,-0.01770074
-0.43769627,0.00006104
-0.43737627,0.00006104
-0.43705627,0.00006104
-0.43673627,0.00006104
-0.43641627,0.00006104
-0.43609627,0.00006104
-0.43577627,0.00006104
-0.43545627,0.00006104
-0.43513627,0.00006104
-0.43481627,0.00006104
-0.43449627,0.00006104
-0.43417627,0.00006104
-0.43385627,0.00006104
-0.43353627,0.00006104
-0.43321627,0.00006104
-0.43289627,0.00006104
-0.43257627,0.00006104
-0.43225627,-0.01770074
-0.43193627,0.00006104
-0.43161627,0.00006104
-0.43129627,0.00006104
-0.43097627,0.00006104
-0.43065627,0.00006104
-0.43033627,-0.01770074
-0.43001627,0.00006104
-0.42969627,0.00006104
-0.42937627,0.00006104
-0.42905627,0.00006104
-0.42873627,0.00006104
-0.42841627,0.00006104
-0.42809627,0.00006104
-0.42777627,0.00006104
-0.42745627,0.00006104
-0.42713627,0.00006104
-0.42681627,0.00006104
-0.42649627,0.00006104
-0.42617627,0.00006104
-0.42585627,0.00006104
-0.42553627,0.00006104
-0.42521627,0.00006104
-0.42489627,0.00006104
-0.42457627,0.00006104
-0.42425627,0.00006104
-0.42393627,0.00006104
-0.42361627,0.00006104
-0.42329627,0.00006104
-0.42297627,0.00006104
-0.42265627,0.00006104
-0.42233627,0.00006104
-0.42201627,0.00006104
-0.42169627,0.00006104
-0.42137627,0.00006104
-0.42105627,0.00006104
-0.42073627,0.00006104
-0.42041627,0.00006104
-0.42009627,0.00006104
-0.41977627,0.00006104
-0.41945627,0.00006104
-0.41913627,0.00006104
-0.41881627,-0.01770074
-0.41849627,0.00006104
-0.41817627,-0.01770074
-0.41785627,0.00006104
-0.41753627,0.00006104
-0.41721627,0.00006104
-0.41689627,0.00006104
-0.41657627,0.00006104
-0.41625627,0.00006104
-0.41593627,0.00006104
-0.41561627,0.00006104
-0.41529627,0.00006104
-0.41497627,0.00006104
-0.41465627,0.00006104
-0.41433627,0.00006104
-0.41401627,0.00006104
-0.41369627,0.00006104
-0.41337627,-0.01770074
-0.41305627,-0.01770074
-0.41273627,0.00006104
-0.41241627,0.00006104
-0.41209627,0.00006104
-0.41177627,0.00006104
-0.41145627,0.00006104
-0.41113627,0.00006104
-0.41081627,0.00006104
-0.41049627,0.00006104
-0.41017627,0.00006104
-0.40985627,0.00006104
-0.40953627,0.00006104
-0.40921627,0.00006104
-0.40889627,0.00006104
-0.40857627,0.00006104
-0.40825627,0.00006104
-0.40793627,0.00006104
-0.40761627,0.00006104
-0.40729627,0.00006104
-0.40697627,0.00006104
-0.40665627,0.00006104
-0.40633627,0.00006104
-0.40601627,0.00006104
-0.40569627,0.00006104
-0.40537627,0.00006104
-0.40505627,0.00006104
-0.40473627,0.00006104
-0.40441627,0.00006104
-0.40409627,0.00006104
-0.40377627,0.00006104
-0.40345627,0.00006104
-0.40313627,0.00006104
-0.40281627,0.00006104
-0.40249627,0.00006104
-0.40217627,-0.01770074
-0.40185627,0.00006104
-0.40153627,0.00006104
-0.40121627,0.00006104
-0.40089627,-0.01770074
-0.40057627,0.00006104
-0.40025627,0.00006104
-0.39993627,0.00006104
-0.39961627,0.00006104
-0.39929627,0.00006104
-0.39897627,0.00006104
-0.39865627,0.00006104
-0.39833627,0.00006104
-0.39801627,0.00006104
-0.39769627,0.00006104
-0.39737627,0.00006104
-0.39705627,0.00006104
-0.39673627,0.00006104
-0.39641627,0.00006104
-0.39609627,0.00006104
-0.39577627,0.00006104
-0.39545627,0.00006104
-0.39513627,0.00006104
-0.39481627,0.00006104
-0.39449627,0.00006104
-0.39417627,0.00006104
-0.39385627,0.00006104
-0.39353627,0.00006104
-0.39321627,0.00006104
-0.39289627,0.00006104
-0.39257627,0.00006104
-0.39225627,0.00006104
-0.39193627,0.00006104
-0.39161627,0.00006104
-0.39129627,0.00006104
-0.39097627,0.00006104
-0.39065627,0.00006104
-0.39033627,0.00006104
-0.39001627,0.00006104
-0.38969627,0.00006104
-0.38937627,0.00006104
-0.38905627,-0.01770074
-0.38873627,0.00006104
-0.38841627,0.00006104
-0.38809627,-0.01770074
-0.38777627,0.00006104
-0.38745627,0.00006104
-0.38713627,0.00006104
-0.38681627,0.00006104
-0.38649627,0.00006104
-0.38617627,0.00006104
-0.38585627,0.00006104
-0.38553627,0.00006104
-0.38521627,0.00006104
-0.38489627,0.00006104
-0.38457627,0.00006104
-0.38425627,0.00006104
-0.38393627,0.00006104
-0.38361627,0.00006104
-0.38329627,0.00006104
-0.38297627,0.00006104
-0.38265627,0.00006104
-0.38233627,0.00006104
-0.38201627,0.00006104
-0.38169627,0.00006104
-0.38137627,0.00006104
-0.38105627,0.00006104
-0.38073627,0.00006104
-0.38041627,0.00006104
-0.38009627,-0.01770074
-0.37977627,0.00006104
-0.37945627,0.00006104
-0.37913627,0.00006104
-0.37881627,0.00006104
-0.37849627,0.00006104
-0.37817627,0.00006104
-0.37785627,0.00006104
-0.37753627,0.00006104
-0.37721627,0.00006104
-0.37689627,0.00006104
-0.37657627,0.00006104
-0.37625627,0.00006104
-0.37593627,0.00006104
-0.37561627,0.00006104
-0.37529627,0.00006104
-0.37497627,0.00006104
-0.37465627,0.00006104
-0.37433627,0.00006104
-0.37401627,0.00006104
-0.37369627,0.00006104
-0.37337627,0.00006104
-0.37305627,0.00006104
-0.37273627,0.00006104
-0.37241627,0.00006104
-0.37209627,0.00006104
-0.37177627,0.00006104
-0.37145627,0.00006104
-0.37113627,0.00006104
-0.37081627,0.00006104
-0.37049627,0.00006104
-0.37017627,0.00006104
-0.36985627,0.00006104
-0.36953627,0.00006104
-0.36921627,0.00006104
-0.36889627,0.00006104
-0.36857627,0.00006104
-0.36825627,0.00006104
-0.36793627,0.00006104
-0.36761627,0.00006104
-0.36729627,0.00006104
-0.36697627,0.00006104
-0.36665627,0.00006104
-0.36633627,0.00006104
-0.36601627,0.00006104
-0.36569627,0.00006104
-0.36537627,0.00006104
-0.36505627,0.00006104
-0.36473627,0.00006104
-0.36441627,0.00006104
-0.36409627,0.00006104
-0.36377627,0.00006104
-0.36345627,0.00006104
-0.36313627,0.00006104
-0.36281627,0.00006104
-0.36249627,0.00006104
-0.36217627,0.00006104
-0.36185627,0.00006104
-0.36153627,0.00006104
-0.36121627,0.00006104
-0.36089627,0.00006104
-0.36057627,0.00006104
-0.36025627,0.00006104
-0.35993627,0.00006104
-0.35961627,0.00006104
-0.35929627,0.00006104
-0.35897627,0.00006104
-0.35865627,0.00006104
-0.35833627,0.00006104
-0.35801627,0.00006104
-0.35769627,0.00006104
-0.35737627,0.00006104
-0.35705627,0.00006104
-0.35673627,0.00006104
-0.35641627,0.00006104
-0.35609627,0.00006104
-0.35577627,0.00006104
-0.35545627,0.00006104
-0.35513627,0.00006104
-0.35481627,0.00006104
-0.35449627,0.00006104
-0.35417627,0.00006104
-0.35385627,0.00006104
-0.35353627,-0.01770074
-0.35321627,0.00006104
-0.35289627,0.00006104
-0.35257627,0.00006104
-0.35225627,0.00006104
-0.35193627,0.00006104
-0.35161627,0.00006104
-0.35129627,0.00006104
-0.35097627,0.00006104
-0.35065627,0.00006104
-0.35033627,0.00006104
-0.35001627,0.00006104
-0.34969627,0.00006104
-0.34937627,0.00006104
-0.34905627,0.00006104
-0.34873627,0.00006104
-0.34841627,0.00006104
-0.34809627,0.00006104
-0.34777627,0.00006104
-0.34745627,0.00006104
-0.34713627,0.00006104
-0.34681627,0.00006104
-0.34649627,0.00006104
-0.34617627,0.00006104
-0.34585627,0.00006104
-0.34553627,0.00006104
-0.34521627,0.00006104
-0.34489627,0.00006104
-0.34457627,0.00006104
-0.34425627,0.00006104
-0.34393627,0.00006104
-0.34361627,0.00006104
-0.34329627,0.00006104
-0.34297627,0.00006104
-0.34265627,0.00006104
-0.34233627,0.00006104
-0.34201627,0.00006104
-0.34169627,0.00006104
-0.34137627,0.00006104
-0.34105627,0.00006104
-0.34073627,-0.01770074
-0.34041627,-0.01770074
-0.34009627,0.00006104
-0.33977627,0.00006104
-0.33945627,0.00006104
-0.33913627,-0.01770074
-0.33881627,0.00006104
-0.33849627,0.00006104
-0.33817627,0.00006104
-0.33785627,0.00006104
-0.33753627,0.00006104
-0.33721627,0.00006104
-0.33689627,0.00006104
-0.33657627,0.00006104
-0.33625627,0.00006104
-0.33593627,0.00006104
-0.33561627,0.00006104
-0.33529627,0.00006104
-0.33497627,0.00006104
-0.33465627,0.00006104
-0.33433627,0.00006104
-0.33401627,0.00006104
-0.33369627,0.00006104
-0.33337627,0.00006104
-0.33305627,0.00006104
-0.33273627,0.00006104
-0.33241627,0.00006104
-0.33209627,0.00006104
-0.33177627,0.00006104
-0.33145627,0.00006104
-0.33113627,0.00006104
-0.33081627,0.00006104
-0.33049627,0.00006104
-0.33017627,0.00006104
-0.32985627,0.00006104
-0.32953627,0.00006104
-0.32921627,0.00006104
-0.32889627,0.00006104
-0.32857627,0.00006104
-0.32825627,0.00006104
-0.32793627,0.00006104
-0.32761627,0.00006104
-0.32729627,0.00006104
-0.32697627,0.00006104
-0.32665627,0.00006104
-0.32633627,0.00006104
-0.32601627,0.00006104
-0.32569627,0.00006104
-0.32537627,0.00006104
-0.32505627,0.00006104
-0.32473627,0.00006104
-0.32441627,0.00006104
-0.32409627,0.00006104
-0.32377627,0.00006104
-0.32345627,0.00006104
-0.32313627,0.00006104
-0.32281627,0.00006104
-0.32249627,0.00006104
-0.32217627,0.00006104
-0.32185627,0.00006104
-0.32153627,0.00006104
-0.32121627,-0.01770074
-0.32089627,0.00006104
-0.32057627,0.00006104
-0.32025627,0.00006104
-0.31993627,0.00006104
-0.31961627,0.00006104
-0.31929627,0.00006104
-0.31897627,0.00006104
-0.31865627,0.00006104
-0.31833627,0.00006104
-0.31801627,0.00006104
-0.31769627,0.00006104
-0.31737627,0.00006104
-0.31705627,0.00006104
-0.31673627,0.00006104
-0.31641627,0.00006104
-0.31609627,-0.01770074
-0.31577627,0.00006104
-0.31545627,0.00006104
-0.31513627,0.00006104
-0.31481627,0.00006104
-0.31449627,0.00006104
-0.31417627,0.00006104
-0.31385627,0.00006104
-0.31353627,0.00006104
-0.31321627,0.00006104
-0.31289627,0.00006104
-0.31257627,0.00006104
-0.31225627,0.00006104
-0.31193627,0.00006104
-0.31161627,0.00006104
-0.31129627,0.00006104
-0.31097627,0.00006104
-0.31065627,0.00006104
-0.31033627,0.00006104
-0.31001627,0.00006104
-0.30969627,0.00006104
-0.30937627,0.00006104
-0.30905627,0.00006104
-0.30873627,0.00006104
-0.30841627,0.00006104
-0.30809627,0.00006104
-0.30777627,0.00006104
-0.30745627,0.00006104
-0.30713627,0.00006104
-0.30681627,0.00006104
-0.30649627,0.00006104
-0.30617627,0.00006104
-0.30585627,0.00006104
-0.30553627,0.00006104
-0.30521627,0.00006104
-0.30489627,0.00006104
-0.30457627,0.00006104
-0.30425627,0.00006104
-0.30393627,0.00006104
-0.30361627,0.00006104
-0.30329627,0.00006104
-0.30297627,0.00006104
-0.30265627,0.00006104
-0.30233627,0.00006104
-0.30201627,0.00006104
-0.30169627,0.00006104
-0.30137627,0.00006104
-0.30105627,0.00006104
-0.30073627,0.00006104
-0.30041627,0.00006104
-0.30009627,0.00006104
-0.29977627,0.00006104
-0.29945627,0.00006104
-0.29913627,0.00006104
-0.29881627,0.00006104
-0.29849627,0.00006104
-0.29817627,0.00006104
-0.29785627,0.00006104
-0.29753627,0.00006104
-0.29721627,0.00006104
-0.29689627,0.00006104
-0.29657627,0.00006104
-0.29625627,0.00006104
-0.29593627,0.00006104
-0.29561627,0.00006104
-0.29529627,0.00006104
-0.29497627,-0.01770074
-0.29465627,0.00006104
-0.29433627,0.00006104
-0.29401627,0.00006104
-0.29369627,0.00006104
-0.29337627,0.00006104
-0.29305627,0.00006104
-0.29273627,0.00006104
-0.29241627,0.00006104
-0.29209627,-0.01770074
-0.29177627,0.00006104
-0.29145627,0.00006104
-0.29113627,0.00006104
-0.29081627,-0.01770074
-0.29049627,0.00006104
-0.29017627,0.00006104
-0.28985627,0.00006104
-0.28953627,0.00006104
-0.28921627,0.00006104
-0.28889627,0.00006104
-0.28857627,0.00006104
-0.28825627,0.00006104
-0.28793627,0.00006104
-0.28761627,0.00006104
-0.28729627,0.00006104
-0.28697627,0.00006104
-0.28665627,0.00006104
-0.28633627,0.00006104
-0.28601627,0.00006104
-0.28569627,0.00006104
-0.28537627,0.00006104
-0.28505627,0.00006104
-0.28473627,0.00006104
-0.28441627,0.00006104
-0.28409627,0.00006104
-0.28377627,0.00006104
-0.28345627,0.00006104
-0.28313627,0.00006104
-0.28281627,0.00006104
-0.28249627,0.00006104
-0.28217627,0.00006104
-0.28185627,-0.01770074
-0.28153627,0.00006104
-0.28121627,0.00006104
-0.28089627,0.00006104
-0.28057627,0.00006104
-0.28025627,0.00006104
-0.27993627,0.00006104
-0.27961627,0.00006104
-0.27929627,0.00006104
-0.27897627,0.00006104
-0.27865627,0.00006104
-0.27833627,0.00006104
-0.27801627,0.00006104
-0.27769627,0.00006104
-0.27737627,0.00006104
-0.27705627,0.00006104
-0.27673627,0.00006104
-0.27641627,-0.01770074
-0.27609627,0.00006104
-0.27577627,0.00006104
-0.27545627,0.00006104
-0.27513627,0.00006104
-0.27481627,0.00006104
-0.27449627,-0.01770074
-0.27417627,0.00006104
-0.27385627,-0.01770074
-0.27353627,0.00006104
-0.27321627,-0.01770074
-0.27289627,0.00006104
-0.27257627,0.00006104
-0.27225627,0.00006104
-0.27193627,0.00006104
-0.27161627,0.00006104
-0.27129627,0.00006104
-0.27097627,0.00006104
-0.27065627,0.00006104
-0.27033627,0.00006104
-0.27001627,0.00006104
-0.26969627,0.00006104
-0.26937627,0.00006104
-0.26905627,0.00006104
-0.26873627,0.00006104
-0.26841627,0.00006104
-0.26809627,0.00006104
-0.26777627,0.00006104
-0.26745627,0.00006104
-0.26713627,0.00006104
-0.26681627,0.00006104
-0.26649627,0.00006104
-0.26617627,0.00006104
-0.26585627,0.00006104
-0.26553627,0.00006104
-0.26521627,0.00006104
-0.26489627,0.00006104
-0.26457627,0.00006104
-0.26425627,0.00006104
-0.26393627,0.00006104
-0.26361627,0.00006104
-0.26329627,0.00006104
-0.26297627,0.00006104
-0.26265627,0.00006104
-0.26233627,0.00006104
-0.26201627,0.00006104
-0.26169627,0.00006104
-0.26137627,0.00006104
-0.26105627,0.00006104
-0.26073627,0.00006104
-0.26041627,0.00006104
-0.26009627,0.00006104
-0.25977627,0.00006104
-0.25945627,0.00006104
-0.25913627,0.00006104
-0.25881627,0.00006104
-0.25849627,0.00006104
-0.25817627,0.00006104
-0.25785627,0.00006104
-0.25753627,0.00006104
-0.25721627,0.00006104
-0.25689627,0.00006104
-0.25657627,0.00006104
-0.25625627,0.00006104
-0.25593627,0.00006104
-0.25561627,0.00006104
-0.25529627,0.00006104
-0.25497627,0.00006104
-0.25465627,0.00006104
-0.25433627,0.00006104
-0.25401627,-0.01770074
-0.25369627,-0.01770074
-0.25337627,0.00006104
-0.25305627,0.00006104
-0.25273627,0.00006104
-0.25241627,0.00006104
-0.25209627,0.00006104
-0.25177627,0.00006104
-0.25145627,0.00006104
-0.25113627,0.00006104
-0.25081627,0.00006104
-0.25049627,0.00006104
-0.25017627,0.00006104
-0.24985627,0.00006104
-0.24953627,0.00006104
-0.24921627,0.00006104
-0.24889627,0.00006104
-0.24857627,0.00006104
-0.24825627,0.00006104
-0.24793627,0.00006104
-0.24761627,0.00006104
-0.24729627,0.00006104
-0.24697627,0.00006104
-0.24665627,0.00006104
-0.24633627,0.00006104
-0.24601627,0.00006104
-0.24569627,0.00006104
-0.24537627,-0.01770074
-0.24505627,0.00006104
-0.24473627,0.00006104
-0.24441627,0.00006104
-0.24409627,0.00006104
-0.24377627,0.00006104
-0.24345627,0.00006104
-0.24313627,0.00006104
-0.24281627,0.00006104
-0.24249627,0.00006104
-0.24217627,0.00006104
-0.24185627,0.00006104
-0.24153627,0.00006104
-0.24121627,0.00006104
-0.24089627,0.00006104
-0.24057627,0.00006104
-0.24025627,0.00006104
-0.23993627,0.00006104
-0.23961627,0.00006104
-0.23929627,0.00006104
-0.23897627,0.00006104
-0.23865627,0.00006104
-0.23833627,0.00006104
-0.23801627,0.00006104
-0.23769627,0.00006104
-0.23737627,0.00006104
-0.23705627,0.00006104
-0.23673627,0.00006104
-0.23641627,0.00006104
-0.23609627,0.00006104
-0.23577627,0.00006104
-0.23545627,0.00006104
-0.23513627,0.00006104
-0.23481627,-0.01770074
-0.23449627,0.00006104
-0.23417627,0.00006104
-0.23385627,0.00006104
-0.23353627,0.00006104
-0.23321627,0.00006104
-0.23289627,0.00006104
-0.23257627,0.00006104
-0.23225627,0.00006104
-0.23193627,0.00006104
-0.23161627,0.00006104
-0.23129627,0.00006104
-0.23097627,0.00006104
-0.23065627,0.00006104
-0.23033627,0.00006104
-0.23001627,0.00006104
-0.22969627,0.00006104
-0.22937627,0.00006104
-0.22905627,0.00006104
-0.22873627,-0.01770074
-0.22841627,0.00006104
-0.22809627,0.00006104
-0.22777627,0.00006104
-0.22745627,0.00006104
-0.22713627,0.00006104
-0.22681627,0.00006104
-0.22649627,0.00006104
-0.22617627,0.00006104
-0.22585627,0.00006104
-0.22553627,0.00006104
-0.22521627,0.00006104
-0.22489627,0.00006104
-0.22457627,0.00006104
-0.22425627,0.00006104
-0.22393627,0.00006104
-0.22361627,0.00006104
-0.22329627,0.00006104
-0.22297627,0.00006104
-0.22265627,0.00006104
-0.22233627,0.00006104
-0.22201627,0.00006104
-0.22169627,0.00006104
-0.22137627,0.00006104
-0.22105627,0.00006104
-0.22073627,0.00006104
-0.22041627,0.00006104
-0.22009627,0.00006104
-0.21977627,0.00006104
-0.21945627,0.00006104
-0.21913627,0.00006104
-0.21881627,0.00006104
-0.21849627,0.00006104
-0.21817627,0.00006104
-0.21785627,0.00006104
-0.21753627,0.00006104
-0.21721627,0.00006104
-0.21689627,0.00006104
-0.21657627,0.00006104
-0.21625627,0.00006104
-0.21593627,0.00006104
-0.21561627,0.00006104
-0.21529627,0.00006104
-0.21497627,0.00006104
-0.21465627,0.00006104
-0.21433627,0.00006104
-0.21401627,0.00006104
-0.21369627,0.00006104
-0.21337627,0.00006104
-0.21305627,0.00006104
-0.21273627,0.00006104
-0.21241627,0.00006104
-0.21209627,-0.01770074
-0.21177627,-0.01770074
-0.21145627,0.00006104
-0.21113627,0.00006104
-0.21081627,0.00006104
-0.21049627,0.00006104
-0.21017627,0.00006104
-0.20985627,0.00006104
-0.20953627,0.00006104
-0.20921627,0.00006104
-0.20889627,0.00006104
-0.20857627,0.00006104
-0.20825627,0.00006104
-0.20793627,0.00006104
-0.20761627,0.00006104
-0.20729627,0.00006104
-0.20697627,0.00006104
-0.20665627,0.00006104
-0.20633627,0.00006104
-0.20601627,0.00006104
-0.20569627,0.00006104
-0.20537627,0.00006104
-0.20505627,0.00006104
-0.20473627,0.00006104
-0.20441627,0.00006104
-0.20409627,0.00006104
-0.20377627,0.00006104
-0.20345627,0.00006104
-0.20313627,0.00006104
-0.20281627,0.00006104
-0.20249627,0.00006104
-0.20217627,0.00006104
-0.20185627,0.00006104
-0.20153627,-0.01770074
-0.20121627,0.00006104
-0.20089627,0.00006104
-0.20057627,0.00006104
-0.20025627,0.00006104
-0.19993627,0.00006104
-0.19961627,0.00006104
-0.19929627,0.00006104
-0.19897627,0.00006104
-0.19865627,0.00006104
-0.19833627,0.00006104
-0.19801627,0.00006104
-0.19769627,0.00006104
-0.19737627,0.00006104
-0.19705627,0.00006104
-0.19673627,0.00006104
-0.19641627,0.00006104
-0.19609627,0.00006104
-0.19577627,0.00006104
-0.19545627,0.00006104
-0.19513627,0.00006104
-0.19481627,0.00006104
-0.19449627,0.00006104
-0.19417627,0.00006104
-0.19385627,0.00006104
-0.19353627,0.00006104
-0.19321627,0.00006104
-0.19289627,0.00006104
-0.19257627,0.00006104
-0.19225627,0.00006104
-0.19193627,0.00006104
-0.19161627,0.00006104
-0.19129627,0.00006104
-0.19097627,0.00006104
-0.19065627,0.00006104
-0.19033627,0.00006104
-0.19001627,0.00006104
-0.18969627,0.00006104
-0.18937627,0.00006104
-0.18905627,0.00006104
-0.18873627,0.00006104
-0.18841627,0.00006104
-0.18809627,0.00006104
-0.18777627,0.00006104
-0.18745627,0.00006104
-0.18713627,0.00006104
-0.18681627,0.00006104
-0.18649627,0.00006104
-0.18617627,0.00006104
-0.18585627,0.00006104
-0.18553627,0.00006104
-0.18521627,0.00006104
-0.18489627,0.00006104
-0.18457627,0.00006104
-0.18425627,0.00006104
-0.18393627,0.00006104
-0.18361627,0.00006104
-0.18329627,-0.01770074
-0.18297627,0.00006104
-0.18265627,0.00006104
-0.18233627,0.00006104
-0.18201627,0.00006104
-0.18169627,0.00006104
-0.18137627,0.00006104
-0.18105627,0.00006104
-0.18073627,0.00006104
-0.18041627,0.00006104
-0.18009627,-0.01770074
-0.17977627,0.00006104
-0.17945627,0.00006104
-0.17913627,0.00006104
-0.17881627,0.00006104
-0.17849627,0.00006104
-0.17817627,0.00006104
-0.17785627,0.00006104
-0.17753627,0.00006104
-0.17721627,0.00006104
-0.17689627,0.00006104
-0.17657627,0.00006104
-0.17625627,0.00006104
-0.17593627,0.00006104
-0.17561627,0.00006104
-0.17529627,0.00006104
-0.17497627,0.00006104
-0.17465627,0.00006104
-0.17433627,0.00006104
-0.17401627,0.00006104
-0.17369627,0.00006104
-0.17337627,0.00006104
-0.17305627,0.00006104
-0.17273627,0.00006104
-0.17241627,-0.01770074
-0.17209627,0.00006104
-0.17177627,0.00006104
-0.17145627,0.00006104
-0.17113627,0.00006104
-0.17081627,0.00006104
-0.17049627,0.00006104
-0.17017627,0.00006104
-0.16985627,0.00006104
-0.16953627,0.00006104
-0.16921627,0.00006104
-0.16889627,0.00006104
-0.16857627,0.00006104
-0.16825627,0.00006104
-0.16793627,0.00006104
-0.16761627,0.00006104
-0.16729627,0.00006104
-0.16697627,0.00006104
-0.16665627,0.00006104
-0.16633627,0.00006104
-0.16601627,0.00006104
-0.16569627,0.00006104
-0.16537627,0.00006104
-0.16505627,0.00006104
-0.16473627,0.00006104
-0.16441627,0.00006104
-0.16409627,0.00006104
-0.16377627,0.00006104
-0.16345627,0.00006104
-0.16313627,0.00006104
-0.16281627,0.00006104
-0.16249627,0.00006104
-0.16217627,0.00006104
-0.16185627,0.00006104
-0.16153627,0.00006104
-0.16121627,0.00006104
-0.16089627,0.00006104
-0.16057627,0.00006104
-0.16025627,0.00006104
-0.15993627,0.00006104
-0.15961627,0.00006104
-0.15929627,0.00006104
-0.15897627,0.00006104
-0.15865627,0.00006104
-0.15833627,0.00006104
-0.15801627,0.00006104
-0.15769627,0.00006104
-0.15737627,0.00006104
-0.15705627,0.00006104
-0.15673627,0.00006104
-0.15641627,0.00006104
-0.15609627,0.00006104
-0.15577627,0.00006104
-0.15545627,0.00006104
-0.15513627,0.00006104
-0.15481627,0.00006104
-0.15449627,0.00006104
-0.15417627,0.00006104
-0.15385627,0.00006104
-0.15353627,0.00006104
-0.15321627,0.00006104
-0.15289627,0.00006104
-0.15257627,0.00006104
-0.15225627,0.00006104
-0.15193627,0.00006104
-0.15161627,0.00006104
-0.15129627,0.00006104
-0.15097627,0.00006104
-0.15065627,0.00006104
-0.15033627,0.00006104
-0.15001627,0.00006104
-0.14969627,0.00006104
-0.14937627,0.00006104
-0.14905627,0.00006104
-0.14873627,0.00006104
-0.14841627,0.00006104
-0.14809627,0.00006104
-0.14777627,0.00006104
-0.14745627,0.00006104
-0.14713627,0.00006104
-0.14681627,0.00006104
-0.14649627,0.00006104
-0.14617627,0.00006104
-0.14585627,0.00006104
-0.14553627,0.00006104
-0.14521627,0.00006104
-0.14489627,0.00006104
-0.14457627,0.00006104
-0.14425627,0.00006104
-0.14393627,0.00006104
-0.14361627,0.00006104
-0.14329627,0.00006104
-0.14297627,0.00006104
-0.14265627,0.00006104
-0.14233627,0.00006104
-0.14201627,0.00006104
-0.14169627,-0.01770074
-0.14137627,0.00006104
-0.14105627,0.00006104
-0.14073627,0.00006104
-0.14041627,0.00006104
-0.14009627,0.00006104
-0.13977627,0.00006104
-0.13945627,0.00006104
-0.13913627,-0.01770074
-0.13881627,-0.01770074
-0.13849627,0.00006104
-0.13817627,0.00006104
-0.13785627,0.00006104
-0.13753627,0.00006104
-0.13721627,0.00006104
-0.13689627,0.00006104
-0.13657627,-0.01770074
-0.13625627,0.00006104
-0.13593627,0.00006104
-0.13561627,0.00006104
-0.13529627,0.00006104
-0.13497627,0.00006104
-0.13465627,0.00006104
-0.13433627,0.00006104
-0.13401627,0.00006104
-0.13369627,0.00006104
-0.13337627,0.00006104
-0.13305627,0.00006104
-0.13273627,0.00006104
-0.13241627,0.00006104
-0.13209627,-0.01770074
-0.13177627,0.00006104
-0.13145627,0.00006104
-0.13113627,0.00006104
-0.13081627,0.00006104
-0.13049627,0.00006104
-0.13017627,0.00006104
-0.12985627,0.00006104
-0.12953627,0.00006104
-0.12921627,0.00006104
-0.12889627,0.00006104
-0.12857627,0.00006104
-0.12825627,0.00006104
-0.12793627,0.00006104
-0.12761627,0.00006104
-0.12729627,0.00006104
-0.12697627,0.00006104
-0.12665627,0.00006104
-0.12633627,0.00006104
-0.12601627,0.00006104
-0.12569627,0.00006104
-0.12537627,0.00006104
-0.12505627,0.00006104
-0.12473627,0.00006104
-0.12441627,0.00006104
-0.12409627,0.00006104
-0.12377627,0.00006104
-0.12345627,0.00006104
-0.12313627,0.00006104
-0.12281627,0.00006104
-0.12249627,0.00006104
-0.12217627,0.00006104
-0.12185627,0.00006104
-0.12153627,0.00006104
-0.12121627,0.00006104
-0.12089627,0.00006104
-0.12057627,0.00006104
-0.12025627,0.00006104
-0.11993627,0.00006104
-0.11961627,0.00006104
-0.11929627,0.00006104
-0.11897627,0.00006104
-0.11865627,0.00006104
-0.11833627,0.00006104
-0.11801627,0.00006104
-0.11769627,0.00006104
-0.11737627,0.00006104
-0.11705627,0.00006104
-0.11673627,0.00006104
-0.11641627,0.00006104
-0.11609627,0.00006104
-0.11577627,0.00006104
-0.11545627,0.00006104
-0.11513627,0.00006104
-0.11481627,0.00006104
-0.11449627,0.00006104
-0.11417627,0.00006104
-0.11385627,0.00006104
-0.11353627,0.00006104
-0.11321627,0.00006104
-0.11289627,0.00006104
-0.11257627,0.00006104
-0.11225627,0.00006104
-0.11193627,0.00006104
-0.11161627,0.00006104
-0.11129627,0.00006104
-0.11097627,0.00006104
-0.11065627,0.00006104
-0.11033627,0.00006104
-0.11001627,0.00006104
-0.10969627,0.00006104
-0.10937627,0.00006104
-0.10905627,-0.01770074
-0.10873627,0.00006104
-0.10841627,0.00006104
-0.10809627,0.00006104
-0.10777627,0.00006104
-0.10745627,0.00006104
-0.10713627,0.00006104
-0.10681627,0.00006104
-0.10649627,0.00006104
-0.10617627,0.00006104
-0.10585627,0.00006104
-0.10553627,0.00006104
-0.10521627,0.00006104
-0.10489627,0.00006104
-0.10457627,0.00006104
-0.10425627,0.00006104
-0.10393627,0.00006104
-0.10361627,0.00006104
-0.10329627,0.00006104
-0.10297627,0.00006104
-0.10265627,0.00006104
-0.10233627,0.00006104
-0.10201627,0.00006104
-0.10169627,0.00006104
-0.10137627,0.00006104
-0.10105627,0.00006104
-0.10073627,0.00006104
-0.10041627,0.00006104
-0.10009627,0.00006104
-0.09977627,0.00006104
-0.09945627,0.00006104
-0.09913627,0.00006104
-0.09881627,0.00006104
-0.09849627,0.00006104
-0.09817627,0.00006104
-0.09785627,0.00006104
-0.09753627,0.00006104
-0.09721627,0.00006104
-0.09689627,0.00006104
-0.09657627,0.00006104
-0.09625627,0.00006104
-0.09593627,0.00006104
-0.09561627,0.00006104
-0.09529627,0.00006104
-0.09497627,0.00006104
-0.09465627,0.00006104
-0.09433627,0.00006104
-0.09401627,0.00006104
-0.09369627,0.00006104
-0.09337627,0.00006104
-0.09305627,0.00006104
-0.09273627,0.00006104
-0.09241627,0.00006104
-0.09209627,0.00006104
-0.09177627,0.00006104
-0.09145627,0.00006104
-0.09113627,0.00006104
-0.09081627,0.00006104
-0.09049627,0.00006104
-0.09017627,0.00006104
-0.08985627,0.01788385
-0.08953627,0.00006104
-0.08921627,0.00006104
-0.08889627,0.00006104
-0.08857627,0.00006104
-0.08825627,0.00006104
-0.08793627,0.00006104
-0.08761627,0.00006104
-0.08729627,0.00006104
-0.08697627,0.00006104
-0.08665627,0.00006104
-0.08633627,0.00006104
-0.08601627,0.00006104
-0.08569627,0.00006104
-0.08537627,0.00006104
-0.08505627,0.00006104
-0.08473627,0.00006104
-0.08441627,0.00006104
-0.08409627,0.00006104
-0.08377627,0.00006104
-0.08345627,0.00006104
-0.08313627,0.00006104
-0.08281627,0.00006104
-0.08249627,0.00006104
-0.08217627,0.00006104
-0.08185627,0.00006104
-0.08153627,0.00006104
-0.08121627,0.00006104
-0.08089627,0.00006104
-0.08057627,0.00006104
-0.08025627,0.00006104
-0.07993627,0.00006104
-0.07961627,0.00006104
-0.07929627,0.00006104
-0.07897627,-0.01770074
-0.07865627,0.00006104
-0.07833627,0.00006104
-0.07801627,0.00006104
-0.07769627,0.00006104
-0.07737627,0.00006104
-0.07705627,0.00006104
-0.07673627,0.00006104
-0.07641627,0.00006104
-0.07609627,0.00006104
-0.07577627,0.00006104
-0.07545627,0.00006104
-0.07513627,0.00006104
-0.07481627,0.00006104
-0.07449627,0.00006104
-0.07417627,0.00006104
-0.07385627,0.00006104
-0.07353627,-0.01770074
-0.07321627,0.00006104
-0.07289627,0.00006104
-0.07257627,0.00006104
-0.07225627,-0.01770074
-0.07193627,0.00006104
-0.07161627,0.00006104
-0.07129627,-0.01770074
-0.07097627,0.00006104
-0.07065627,0.00006104
-0.07033627,0.00006104
-0.07001627,0.00006104
-0.06969627,0.00006104
-0.06937627,0.00006104
-0.06905627,0.00006104
-0.06873627,0.00006104
-0.06841627,0.00006104
-0.06809627,0.00006104
-0.06777627,0.00006104
-0.06745627,0.00006104
-0.06713627,-0.01770074
-0.06681627,0.00006104
-0.06649627,0.00006104
-0.06617627,0.00006104
-0.06585627,0.00006104
-0.06553627,0.00006104
-0.06521627,0.00006104
-0.06489627,0.00006104
-0.06457627,0.00006104
-0.06425627,0.00006104
-0.06393627,0.00006104
-0.06361627,0.00006104
-0.06329627,0.00006104
-0.06297627,0.00006104
-0.06265627,0.00006104
-0.06233627,0.00006104
-0.06201627,0.00006104
-0.06169627,0.00006104
-0.06137627,0.00006104
-0.06105627,0.00006104
-0.06073627,0.00006104
-0.06041627,0.00006104
-0.06009627,0.00006104
-0.05977627,0.00006104
-0.05945627,0.00006104
-0.05913627,0.00006104
-0.05881627,0.00006104
-0.05849627,0.00006104
-0.05817627,0.00006104
-0.05785627,0.00006104
-0.05753627,0.00006104
-0.05721627,-0.01770074
-0.05689627,0.00006104
-0.05657627,0.00006104
-0.05625627,0.00006104
-0.05593627,0.00006104
-0.05561627,0.00006104
-0.05529627,0.00006104
-0.05497627,0.00006104
-0.05465627,0.00006104
-0.05433627,0.00006104
-0.05401627,0.00006104
-0.05369627,0.00006104
-0.05337627,0.00006104
-0.05305627,0.00006104
-0.05273627,0.00006104
-0.05241627,0.00006104
-0.05209627,0.00006104
-0.05177627,0.00006104
-0.05145627,0.00006104
-0.05113627,0.00006104
-0.05081627,0.00006104
-0.05049627,0.00006104
-0.05017627,0.00006104
-0.04985627,0.00006104
-0.04953627,0.00006104
-0.04921627,0.00006104
-0.04889627,0.00006104
-0.04857627,0.00006104
-0.04825627,0.00006104
-0.04793627,0.00006104
-0.04761627,0.00006104
-0.04729627,0.00006104
-0.04697627,0.00006104
-0.04665627,0.00006104
-0.04633627,0.00006104
-0.04601627,0.00006104
-0.04569627,0.00006104
-0.04537627,0.00006104
-0.04505627,0.00006104
-0.04473627,0.00006104
-0.04441627,0.00006104
-0.04409627,0.00006104
-0.04377627,0.00006104
-0.04345627,0.00006104
-0.04313627,0.00006104
-0.04281627,0.00006104
-0.04249627,0.00006104
-0.04217627,0.00006104
-0.04185627,0.00006104
-0.04153627,0.00006104
-0.04121627,0.00006104
-0.04089627,0.00006104
-0.04057627,0.00006104
-0.04025627,0.00006104
-0.03993627,0.00006104
-0.03961627,0.00006104
-0.03929627,0.00006104
-0.03897627,0.00006104
-0.03865627,0.00006104
-0.03833627,0.00006104
-0.03801627,0.00006104
-0.03769627,0.00006104
-0.03737627,0.00006104
-0.03705627,0.00006104
-0.03673627,0.00006104
-0.03641627,0.00006104
-0.03609627,0.00006104
-0.03577627,0.00006104
-0.03545627,0.00006104
-0.03513627,0.00006104
-0.03481627,0.00006104
-0.03449627,0.00006104
-0.03417627,0.00006104
-0.03385627,0.00006104
-0.03353627,0.00006104
-0.03321627,0.00006104
-0.03289627,0.00006104
-0.03257627,-0.01770074
-0.03225627,0.00006104
-0.03193627,0.00006104
-0.03161627,0.00006104
-0.03129627,0.00006104
-0.03097627,0.00006104
-0.03065627,0.00006104
-0.03033627,0.00006104
-0.03001627,0.00006104
-0.02969627,0.00006104
-0.02937627,0.00006104
-0.02905627,0.00006104
-0.02873627,0.00006104
-0.02841627,0.00006104
-0.02809627,0.00006104
-0.02777627,0.00006104
-0.02745627,0.00006104
-0.02713627,0.00006104
-0.02681627,0.00006104
-0.02649627,0.00006104
-0.02617627,0.00006104
-0.02585627,0.00006104
-0.02553627,0.00006104
-0.02521627,0.00006104
-0.02489627,0.00006104
-0.02457627,0.00006104
-0.02425627,0.00006104
-0.02393627,0.00006104
-0.02361627,0.00006104
-0.02329627,0.00006104
-0.02297627,0.00006104
-0.02265627,0.00006104
-0.02233627,0.00006104
-0.02201627,0.00006104
-0.02169627,0.00006104
-0.02137627,0.00006104
-0.02105627,0.00006104
-0.02073627,0.00006104
-0.02041627,0.00006104
-0.02009627,0.00006104
-0.01977627,0.00006104
-0.01945627,0.00006104
-0.01913627,0.00006104
-0.01881627,0.00006104
-0.01849627,0.00006104
-0.01817627,0.00006104
-0.01785627,0.00006104
-0.01753627,0.00006104
-0.01721627,0.00006104
-0.01689627,0.00006104
-0.01657627,0.00006104
-0.01625627,0.00006104
-0.01593627,0.00006104
-0.01561627,0.00006104
-0.01529627,0.00006104
-0.01497627,0.00006104
-0.01465627,0.00006104
-0.01433627,0.00006104
-0.01401627,0.00006104
-0.01369627,0.00006104
-0.01337627,0.00006104
-0.01305627,0.00006104
-0.01273627,0.00006104
-0.01241627,0.00006104
-0.01209627,0.00006104
-0.01177627,0.00006104
-0.01145627,0.00006104
-0.01113627,0.00006104
-0.01081627,0.00006104
-0.01049627,0.00006104
-0.01017627,0.00006104
-0.00985627,0.00006104
-0.00953627,0.00006104
-0.00921627,0.00006104
-0.00889627,0.00006104
-0.00857627,0.00006104
-0.00825627,0.00006104
-0.00793627,0.00006104
-0.00761627,0.00006104
-0.00729627,0.00006104
-0.00697627,0.00006104
-0.00665627,0.00006104
-0.00633627,0.00006104
-0.00601627,0.00006104
-0.00569627,0.00006104
-0.00537627,0.00006104
-0.00505627,0.00006104
-0.00473627,-0.01770074
-0.00441627,0.00006104
-0.00409627,0.83663440
-0.00377627,1.63768423
-0.00345627,0.65865046
-0.00313627,0.00006104
-0.00281627,-0.14233834
-0.00249627,-0.10669271
-0.00217627,-0.05334635
-0.00185627,-0.01770074
-0.00153627,-0.01770074
-0.00121627,-0.03552354
-0.00089627,-0.88998079
-0.00057627,-1.12137210
-0.00025627,-1.26377153
0.00006373,0.30262154
0.00038373,0.14246041
0.00070373,0.10687582
0.00102373,0.05346843
0.00134373,0.03570665
0.00166373,0.03570665
0.00198373,0.03570665
0.00230373,0.03570665
0.00262373,0.01788385
0.00294373,0.01788385
0.00326373,0.03570665
0.00358373,0.01788385
0.00390373,0.03570665
0.00422373,0.01788385
0.00454373,0.00006104
0.00486373,0.01788385
0.00518373,0.01788385
0.00550373,0.01788385
0.00582373,0.03570665
0.00614373,0.05346843
0.00646373,0.07129124
0.00678373,0.07129124
0.00710373,0.05346843
0.00742373,0.05346843
0.00774373,0.05346843
0.00806373,0.03570665
0.00838373,0.05346843
0.00870373,0.08911405
0.00902373,0.08911405
0.00934373,0.03570665
0.00966373,0.03570665
0.00998373,0.03570665
0.01030373,0.03570665
0.01062373,0.00006104
0.01094373,-0.01770074
0.01126373,-0.01770074
0.01158373,-0.03552354
0.01190373,0.01788385
0.01222373,0.01788385
0.01254373,-0.01770074
0.01286373,0.05346843
0.01318373,0.00006104
0.01350373,-0.03552354
0.01382373,0.03570665
0.01414373,-0.01770074
0.01446373,0.00006104
0.01478373,0.05346843
0.01510373,0.01788385
0.01542373,0.01788385
0.01574373,0.03570665
0.01606373,0.03570665
0.01638373,0.01788385
0.01670373,0.01788385
0.01702373,0.01788385
0.01734373,0.01788385
0.01766373,0.01788385
0.01798373,0.03570665
0.01830373,0.01788385
0.01862373,0.00006104
0.01894373,0.01788385
0.01926373,0.01788385
0.01958373,0.01788385
0.01990373,0.00006104
0.02022373,0.00006104
0.02054373,-0.01770074
0.02086373,0.01788385
0.02118373,0.00006104
0.02150373,0.00006104
0.02182373,0.01788385
0.02214373,0.01788385
0.02246373,0.00006104
0.02278373,0.01788385
0.02310373,0.01788385
0.02342373,0.00006104
0.02374373,0.01788385
0.02406373,0.01788385
0.02438373,0.00006104
0.02470373,0.01788385
0.02502373,0.01788385
0.02534373,0.00006104
0.02566373,0.01788385
0.02598373,0.00006104
0.02630373,0.00006104
0.02662373,0.00006104
0.02694373,-0.01770074
0.02726373,0.00006104
0.02758373,0.00006104
0.02790373,0.00006104
0.02822373,0.00006104
0.02854373,0.01788385
0.02886373,0.01788385
0.02918373,0.00006104
0.02950373,0.01788385
0.02982373,0.00006104
0.03014373,0.00006104
0.03046373,0.01788385
0.03078373,0.01788385
0.03110373,0.00006104
0.03142373,0.00006104
0.03174373,0.00006104
0.03206373,0.00006104
0.03238373,0.00006104
0.03270373,-0.01770074
0.03302373,0.00006104
0.03334373,0.00006104
0.03366373,0.00006104
0.03398373,0.00006104
0.03430373,0.01788385
0.03462373,0.01788385
0.03494373,0.01788385
0.03526373,0.00006104
0.03558373,0.00006104
0.03590373,0.01788385
0.03622373,0.00006104
0.03654373,0.00006104
0.03686373,0.00006104
0.03718373,0.00006104
0.03750373,0.00006104
0.03782373,0.00006104
0.03814373,0.00006104
0.03846373,0.00006104
0.03878373,0.00006104
0.03910373,0.00006104
0.03942373,0.00006104
0.03974373,0.00006104
0.04006373,0.00006104
0.04038373,0.00006104
0.04070373,0.01788385
0.04102373,0.00006104
0.04134373,0.01788385
0.04166373,0.01788385
0.04198373,0.00006104
0.04230373,0.00006104
0.04262373,0.00006104
0.04294373,0.00006104
0.04326373,0.00006104
0.04358373,0.00006104
0.04390373,0.00006104
0.04422373,0.00006104
0.04454373,0.00006104
0.04486373,-0.01770074
0.04518373,0.00006104
0.04550373,0.00006104
0.04582373,0.00006104
0.04614373,0.00006104
0.04646373,0.00006104
0.04678373,0.00006104
0.04710373,0.00006104
0.04742373,0.00006104
0.04774373,0.00006104
0.04806373,0.00006104
0.04838373,0.01788385
0.04870373,0.00006104
0.04902373,0.01788385
0.04934373,0.00006104
0.04966373,0.01788385
0.04998373,0.00006104
0.05030373,0.00006104
0.05062373,0.00006104
0.05094373,0.00006104
0.05126373,0.00006104
0.05158373,0.00006104
0.05190373,0.00006104
0.05222373,0.00006104
0.05254373,0.00006104
0.05286373,-0.01770074
0.05318373,0.00006104
0.05350373,0.00006104
0.05382373,0.00006104
0.05414373,0.00006104
0.05446373,0.00006104
0.05478373,0.00006104
0.05510373,0.00006104
0.05542373,0.00006104
0.05574373,0.00006104
0.05606373,0.00006104
0.05638373,0.00006104
0.05670373,0.00006104
0.05702373,0.00006104
0.05734373,0.00006104
0.05766373,0.00006104
0.05798373,0.00006104
0.05830373,0.00006104
0.05862373,0.00006104
0.05894373,0.00006104
0.05926373,0.00006104
0.05958373,0.00006104
0.05990373,0.00006104
0.06022373,0.00006104
0.06054373,0.00006104
0.06086373,0.00006104
0.06118373,0.00006104
0.06150373,0.00006104
0.06182373,0.00006104
0.06214373,0.00006104
0.06246373,0.00006104
0.06278373,0.00006104
0.06310373,0.00006104
0.06342373,0.00006104
0.06374373,0.00006104
0.06406373,0.00006104
0.06438373,0.00006104
0.06470373,0.00006104
0.06502373,0.00006104
0.06534373,0.00006104
0.06566373,0.00006104
0.06598373,0.00006104
0.06630373,0.00006104
0.06662373,0.00006104
0.06694373,0.00006104
0.06726373,0.00006104
0.06758373,0.00006104
0.06790373,0.00006104
0.06822373,0.00006104
0.06854373,0.00006104
0.06886373,0.00006104
0.06918373,0.00006104
0.06950373,0.00006104
0.06982373,0.00006104
0.07014373,0.00006104
0.07046373,0.00006104
0.07078373,0.00006104
0.07110373,0.00006104
0.07142373,0.00006104
0.07174373,0.00006104
0.07206373,0.00006104
0.07238373,0.00006104
0.07270373,0.00006104
0.07302373,0.00006104
0.07334373,0.00006104
0.07366373,0.00006104
0.07398373,0.00006104
0.07430373,0.00006104
0.07462373,0.00006104
0.07494373,0.00006104
0.07526373,0.00006104
0.07558373,0.00006104
0.07590373,0.00006104
0.07622373,0.00006104
0.07654373,0.00006104
0.07686373,0.00006104
0.07718373,0.00006104
0.07750373,0.00006104
0.07782373,0.00006104
0.07814373,0.00006104
0.07846373,0.00006104
0.07878373,0.00006104
0.07910373,0.00006104
0.07942373,0.00006104
0.07974373,0.00006104
0.08006373,0.00006104
0.08038373,0.00006104
0.08070373,0.00006104
0.08102373,0.00006104
0.08134373,0.00006104
0.08166373,0.00006104
0.08198373,0.00006104
0.08230373,0.00006104
0.08262373,0.00006104
0.08294373,0.00006104
0.08326373,0.00006104
0.08358373,0.00006104
0.08390373,0.00006104
0.08422373,0.00006104
0.08454373,0.00006104
0.08486373,0.00006104
0.08518373,0.00006104
0.08550373,-0.01770074
0.08582373,0.00006104
0.08614373,0.00006104
0.08646373,0.00006104
0.08678373,0.00006104
0.08710373,0.00006104
0.08742373,0.00006104
0.08774373,0.00006104
0.08806373,0.00006104
0.08838373,0.00006104
0.08870373,0.00006104
0.08902373,0.00006104
0.08934373,0.00006104
0.08966373,0.00006104
0.08998373,0.00006104
0.09030373,0.00006104
0.09062373,0.00006104
0.09094373,0.00006104
0.09126373,0.00006104
0.09158373,0.00006104
0.09190373,0.00006104
0.09222373,0.00006104
0.09254373,0.00006104
0.09286373,0.00006104
0.09318373,0.00006104
0.09350373,0.00006104
0.09382373,0.00006104
0.09414373,0.00006104
0.09446373,0.00006104
0.09478373,0.00006104
0.09510373,0.00006104
0.09542373,0.00006104
0.09574373,0.00006104
0.09606373,0.00006104
0.09638373,0.00006104
0.09670373,0.00006104
0.09702373,0.00006104
0.09734373,0.00006104
0.09766373,0.00006104
0.09798373,0.00006104
0.09830373,0.00006104
0.09862373,0.00006104
0.09894373,0.00006104
0.09926373,0.00006104
0.09958373,0.00006104
0.09990373,0.00006104
0.10022373,0.00006104
0.10054373,0.00006104
0.10086373,-0.01770074
0.10118373,0.00006104
0.10150373,0.00006104
0.10182373,0.00006104
0.10214373,0.00006104
0.10246373,0.00006104
0.10278373,0.00006104
0.10310373,0.00006104
0.10342373,0.00006104
0.10374373,0.00006104
0.10406373,0.00006104
0.10438373,0.00006104
0.10470373,0.00006104
0.10502373,0.00006104
0.10534373,0.00006104
0.10566373,0.00006104
0.10598373,0.00006104
0.10630373,0.00006104
0.10662373,0.00006104
0.10694373,0.00006104
0.10726373,0.00006104
0.10758373,0.00006104
0.10790373,0.00006104
0.10822373,0.00006104
0.10854373,0.00006104
0.10886373,0.00006104
0.10918373,0.00006104
0.10950373,0.00006104
0.10982373,0.00006104
0.11014373,0.00006104
0.11046373,0.00006104
0.11078373,0.00006104
0.11110373,0.00006104
0.11142373,0.00006104
0.11174373,0.00006104
0.11206373,0.00006104
0.11238373,0.00006104
0.11270373,0.00006104
0.11302373,0.00006104
0.11334373,0.00006104
0.11366373,0.00006104
0.11398373,0.00006104
0.11430373,0.00006104
0.11462373,0.00006104
0.11494373,0.00006104
0.11526373,0.00006104
0.11558373,0.00006104
0.11590373,0.00006104
0.11622373,0.00006104
0.11654373,0.00006104
0.11686373,0.00006104
0.11718373,0.00006104
0.11750373,0.00006104
0.11782373,0.00006104
0.11814373,0.00006104
0.11846373,0.00006104
0.11878373,0.00006104
0.11910373,0.00006104
0.11942373,0.00006104
0.11974373,0.00006104
0.12006373,0.00006104
0.12038373,0.00006104
0.12070373,0.00006104
0.12102373,0.00006104
0.12134373,0.00006104
0.12166373,0.00006104
0.12198373,0.00006104
0.12230373,0.00006104
0.12262373,-0.01770074
0.12294373,0.00006104
0.12326373,0.00006104
0.12358373,0.00006104
0.12390373,0.00006104
0.12422373,0.00006104
0.12454373,0.00006104
0.12486373,0.00006104
0.12518373,0.00006104
0.12550373,0.00006104
0.12582373,0.00006104
0.12614373,0.00006104
0.12646373,0.00006104
0.12678373,-0.01770074
0.12710373,0.00006104
0.12742373,0.00006104
0.12774373,0.00006104
0.12806373,0.00006104
0.12838373,0.00006104
0.12870373,0.00006104
0.12902373,0.00006104
0.12934373,0.00006104
0.12966373,0.00006104
0.12998373,0.00006104
0.13030373,0.00006104
0.13062373,0.00006104
0.13094373,0.00006104
0.13126373,0.00006104
0.13158373,0.00006104
0.13190373,0.00006104
0.13222373,0.00006104
0.13254373,0.00006104
0.13286373,0.00006104
0.13318373,0.00006104
0.13350373,0.00006104
0.13382373,0.00006104
0.13414373,0.00006104
0.13446373,0.00006104
0.13478373,0.00006104
0.13510373,0.00006104
0.13542373,0.00006104
0.13574373,0.00006104
0.13606373,0.00006104
0.13638373,0.00006104
0.13670373,0.00006104
0.13702373,0.00006104
0.13734373,0.00006104
0.13766373,0.00006104
0.13798373,0.00006104
0.13830373,0.00006104
0.13862373,0.00006104
0.13894373,0.00006104
0.13926373,0.00006104
0.13958373,0.00006104
0.13990373,0.00006104
0.14022373,0.00006104
0.14054373,0.00006104
0.14086373,0.00006104
0.14118373,0.00006104
0.14150373,0.00006104
0.14182373,0.00006104
0.14214373,0.00006104
0.14246373,0.00006104
0.14278373,0.00006104
0.14310373,0.00006104
0.14342373,0.00006104
0.14374373,0.00006104
0.14406373,0.00006104
0.14438373,0.00006104
0.14470373,0.00006104
0.14502373,0.00006104
0.14534373,0.00006104
0.14566373,-0.01770074
0.14598373,0.00006104
0.14630373,0.00006104
0.14662373,0.00006104
0.14694373,0.00006104
0.14726373,0.00006104
0.14758373,-0.01770074
0.14790373,0.00006104
0.14822373,0.00006104
0.14854373,0.00006104
0.14886373,0.00006104
0.14918373,0.00006104
0.14950373,0.00006104
0.14982373,0.00006104
0.15014373,0.00006104
0.15046373,0.00006104
0.15078373,0.00006104
0.15110373,0.00006104
0.15142373,0.00006104
0.15174373,0.00006104
0.15206373,-0.01770074
0.15238373,0.00006104
0.15270373,0.00006104
0.15302373,0.00006104
0.15334373,0.00006104
0.15366373,0.00006104
0.15398373,0.00006104
0.15430373,0.00006104
0.15462373,0.00006104
0.15494373,0.00006104
0.15526373,0.00006104
0.15558373,0.00006104
0.15590373,0.00006104
0.15622373,0.00006104
0.15654373,0.00006104
0.15686373,0.00006104
0.15718373,0.00006104
0.15750373,0.00006104
0.15782373,0.00006104
0.15814373,0.00006104
0.15846373,0.00006104
0.15878373,0.00006104
0.15910373,0.00006104
0.15942373,0.00006104
0.15974373,0.00006104
0.16006373,0.00006104
0.16038373,-0.01770074
0.16070373,0.00006104
0.16102373,0.00006104
0.16134373,0.00006104
0.16166373,0.00006104
0.16198373,0.00006104
0.16230373,0.00006104
0.16262373,0.00006104
0.16294373,0.00006104
0.16326373,0.00006104
0.16358373,0.00006104
0.16390373,0.00006104
0.16422373,0.00006104
0.16454373,0.00006104
0.16486373,0.00006104
0.16518373,0.00006104
0.16550373,0.00006104
0.16582373,0.00006104
0.16614373,0.00006104
0.16646373,0.00006104
0.16678373,0.00006104
0.16710373,0.00006104
0.16742373,0.00006104
0.16774373,0.00006104
0.16806373,0.00006104
0.16838373,0.00006104
0.16870373,0.00006104
0.16902373,0.00006104
0.16934373,0.00006104
0.16966373,0.00006104
0.16998373,0.00006104
0.17030373,0.00006104
0.17062373,0.00006104
0.17094373,0.00006104
0.17126373,0.00006104
0.17158373,0.00006104
0.17190373,0.00006104
0.17222373,0.00006104
0.17254373,0.00006104
0.17286373,0.00006104
0.17318373,0.00006104
0.17350373,0.00006104
0.17382373,0.00006104
0.17414373,0.00006104
0.17446373,0.00006104
0.17478373,0.00006104
0.17510373,0.00006104
0.17542373,0.00006104
0.17574373,0.00006104
0.17606373,0.00006104
0.17638373,0.00006104
0.17670373,0.00006104
0.17702373,0.00006104
0.17734373,0.00006104
0.17766373,0.00006104
0.17798373,0.00006104
0.17830373,0.00006104
0.17862373,0.00006104
0.17894373,0.00006104
0.17926373,0.00006104
0.17958373,0.00006104
0.17990373,0.00006104
0.18022373,0.00006104
0.18054373,0.00006104
0.18086373,0.00006104
0.18118373,0.00006104
0.18150373,0.00006104
0.18182373,0.00006104
0.18214373,0.00006104
0.18246373,0.00006104
0.18278373,0.00006104
0.18310373,0.00006104
0.18342373,0.00006104
0.18374373,0.00006104
0.18406373,0.00006104
0.18438373,0.00006104
0.18470373,0.00006104
0.18502373,0.00006104
0.18534373,0.00006104
0.18566373,0.00006104
0.18598373,0.00006104
0.18630373,0.00006104
0.18662373,0.00006104
0.18694373,0.00006104
0.18726373,0.00006104
0.18758373,0.00006104
0.18790373,-0.01770074
0.18822373,0.00006104
0.18854373,0.00006104
0.18886373,0.00006104
0.18918373,0.00006104
0.18950373,-0.01770074
0.18982373,0.00006104
0.19014373,0.00006104
0.19046373,0.00006104
0.19078373,0.00006104
0.19110373,0.00006104
0.19142373,0.00006104
0.19174373,0.00006104
0.19206373,0.00006104
0.19238373,0.00006104
0.19270373,0.00006104
0.19302373,-0.01770074
0.19334373,0.00006104
0.19366373,0.00006104
0.19398373,0.00006104
0.19430373,0.00006104
0.19462373,0.00006104
0.19494373,0.00006104
0.19526373,0.00006104
0.19558373,0.00006104
0.19590373,-0.01770074
0.19622373,0.00006104
0.19654373,0.00006104
0.19686373,0.00006104
0.19718373,-0.01770074
0.19750373,0.00006104
0.19782373,0.00006104
0.19814373,0.00006104
0.19846373,0.00006104
0.19878373,0.00006104
0.19910373,0.00006104
0.19942373,0.00006104
0.19974373,0.00006104
0.20006373,0.00006104
0.20038373,0.00006104
0.20070373,0.00006104
0.20102373,0.00006104
0.20134373,0.00006104
0.20166373,0.00006104
0.20198373,0.00006104
0.20230373,-0.01770074
0.20262373,0.00006104
0.20294373,0.00006104
0.20326373,0.00006104
0.20358373,0.00006104
0.20390373,0.00006104
0.20422373,0.00006104
0.20454373,0.00006104
0.20486373,0.00006104
0.20518373,0.00006104
0.20550373,0.00006104
0.20582373,0.00006104
0.20614373,0.00006104
0.20646373,0.00006104
0.20678373,0.00006104
0.20710373,0.00006104
0.20742373,0.00006104
0.20774373,0.00006104
0.20806373,0.00006104
0.20838373,0.00006104
0.20870373,-0.01770074
0.20902373,0.00006104
0.20934373,0.00006104
0.20966373,0.00006104
0.20998373,0.00006104
0.21030373,0.00006104
0.21062373,0.00006104
0.21094373,0.00006104
0.21126373,0.00006104
0.21158373,0.00006104
0.21190373,0.00006104
0.21222373,0.00006104
0.21254373,0.00006104
0.21286373,0.00006104
0.21318373,0.00006104
0.21350373,0.00006104
0.21382373,0.00006104
0.21414373,0.00006104
0.21446373,0.00006104
0.21478373,0.00006104
0.21510373,0.00006104
0.21542373,0.00006104
0.21574373,0.00006104
0.21606373,0.00006104
0.21638373,0.00006104
0.21670373,0.00006104
0.21702373,0.00006104
0.21734373,0.00006104
0.21766373,0.00006104
0.21798373,0.00006104
0.21830373,0.00006104
0.21862373,0.00006104
0.21894373,0.00006104
0.21926373,0.00006104
0.21958373,-0.01770074
0.21990373,0.00006104
0.22022373,0.00006104
0.22054373,0.00006104
0.22086373,0.00006104
0.22118373,0.00006104
0.22150373,0.00006104
0.22182373,0.00006104
0.22214373,0.00006104
0.22246373,0.00006104
0.22278373,-0.01770074
0.22310373,0.00006104
0.22342373,0.00006104
0.22374373,0.00006104
0.22406373,0.00006104
0.22438373,0.00006104
0.22470373,0.00006104
0.22502373,0.00006104
0.22534373,0.00006104
0.22566373,0.00006104
0.22598373,0.00006104
0.22630373,0.00006104
0.22662373,-0.01770074
0.22694373,0.00006104
0.22726373,0.00006104
0.22758373,0.00006104
0.22790373,0.00006104
0.22822373,0.00006104
0.22854373,0.00006104
0.22886373,0.00006104
0.22918373,0.00006104
0.22950373,0.00006104
0.22982373,0.00006104
0.23014373,0.00006104
0.23046373,0.00006104
0.23078373,0.00006104
0.23110373,0.00006104
0.23142373,0.00006104
0.23174373,0.00006104
0.23206373,0.00006104
0.23238373,0.00006104
0.23270373,0.00006104
0.23302373,0.00006104
0.23334373,0.00006104
0.23366373,0.00006104
0.23398373,0.00006104
0.23430373,0.00006104
0.23462373,0.00006104
0.23494373,0.00006104
0.23526373,0.00006104
0.23558373,0.00006104
0.23590373,0.00006104
0.23622373,0.00006104
0.23654373,0.00006104
0.23686373,0.00006104
0.23718373,0.00006104
0.23750373,0.00006104
0.23782373,0.00006104
0.23814373,0.00006104
0.23846373,-0.01770074
0.23878373,0.00006104
0.23910373,0.00006104
0.23942373,0.00006104
0.23974373,0.00006104
0.24006373,0.00006104
0.24038373,0.00006104
0.24070373,0.00006104
0.24102373,0.00006104
0.24134373,-0.01770074
0.24166373,0.00006104
0.24198373,0.00006104
0.24230373,0.00006104
0.24262373,0.00006104
0.24294373,0.00006104
0.24326373,0.00006104
0.24358373,0.00006104
0.24390373,0.00006104
0.24422373,0.00006104
0.24454373,0.00006104
0.24486373,0.00006104
0.24518373,-0.01770074
0.24550373,0.00006104
0.24582373,0.00006104
0.24614373,0.00006104
0.24646373,0.00006104
0.24678373,0.00006104
0.24710373,0.00006104
0.24742373,0.00006104
0.24774373,0.00006104
0.24806373,0.00006104
0.24838373,0.00006104
0.24870373,0.00006104
0.24902373,0.00006104
0.24934373,0.00006104
0.24966373,0.00006104
0.24998373,0.00006104
0.25030373,0.00006104
0.25062373,0.00006104
0.25094373,0.00006104
0.25126373,0.00006104
0.25158373,0.00006104
0.25190373,0.00006104
0.25222373,0.00006104
0.25254373,0.00006104
0.25286373,0.00006104
0.25318373,0.00006104
0.25350373,0.00006104
0.25382373,-0.01770074
0.25414373,-0.01770074
0.25446373,0.00006104
0.25478373,0.00006104
0.25510373,0.00006104
0.25542373,-0.01770074
0.25574373,0.00006104
0.25606373,0.00006104
0.25638373,0.00006104
0.25670373,0.00006104
0.25702373,0.00006104
0.25734373,0.00006104
0.25766373,0.00006104
0.25798373,0.00006104
0.25830373,0.00006104
0.25862373,0.00006104
0.25894373,0.00006104
0.25926373,0.00006104
0.25958373,0.00006104
0.25990373,0.00006104
0.26022373,0.00006104
0.26054373,0.00006104
0.26086373,0.00006104
0.26118373,0.00006104
0.26150373,-0.01770074
0.26182373,0.00006104
0.26214373,0.00006104
0.26246373,0.00006104
0.26278373,0.00006104
0.26310373,0.00006104
0.26342373,-0.01770074
0.26374373,0.00006104
0.26406373,0.00006104
0.26438373,0.00006104
0.26470373,-0.01770074
0.26502373,0.00006104
0.26534373,0.00006104
0.26566373,0.00006104
0.26598373,0.00006104
0.26630373,0.00006104
0.26662373,0.00006104
0.26694373,0.00006104
0.26726373,0.00006104
0.26758373,0.00006104
0.26790373,0.00006104
0.26822373,0.00006104
0.26854373,0.00006104
0.26886373,0.00006104
0.26918373,0.00006104
0.26950373,0.00006104
0.26982373,0.00006104
0.27014373,-0.01770074
0.27046373,0.00006104
0.27078373,0.00006104
0.27110373,0.00006104
0.27142373,0.00006104
0.27174373,-0.01770074
0.27206373,0.00006104
0.27238373,0.00006104
0.27270373,0.00006104
0.27302373,0.00006104
0.27334373,0.00006104
0.27366373,0.00006104
0.27398373,0.00006104
0.27430373,0.00006104
0.27462373,0.00006104
0.27494373,0.00006104
0.27526373,0.00006104
0.27558373,0.00006104
0.27590373,0.00006104
0.27622373,0.00006104
0.27654373,0.00006104
0.27686373,0.00006104
0.27718373,0.00006104
0.27750373,0.00006104
0.27782373,0.00006104
0.27814373,0.00006104
0.27846373,0.00006104
0.27878373,0.00006104
0.27910373,0.00006104
0.27942373,-0.01770074
0.27974373,0.00006104
0.28006373,0.00006104
0.28038373,0.00006104
0.28070373,0.00006104
0.28102373,0.00006104
0.28134373,0.00006104
0.28166373,0.00006104
0.28198373,0.00006104
0.28230373,0.00006104
0.28262373,0.00006104
0.28294373,0.00006104
0.28326373,0.00006104
0.28358373,0.00006104
0.28390373,0.00006104
0.28422373,0.00006104
0.28454373,0.00006104
0.28486373,0.00006104
0.28518373,0.00006104
0.28550373,0.00006104
0.28582373,0.00006104
0.28614373,0.00006104
0.28646373,0.00006104
0.28678373,-0.01770074
0.28710373,0.00006104
0.28742373,0.00006104
0.28774373,-0.01770074
0.28806373,0.00006104
0.28838373,0.00006104
0.28870373,0.00006104
0.28902373,0.00006104
0.28934373,0.00006104
0.28966373,0.00006104
0.28998373,0.00006104
0.29030373,-0.01770074
0.29062373,0.00006104
0.29094373,0.00006104
0.29126373,0.00006104
0.29158373,0.00006104
0.29190373,0.00006104
0.29222373,0.00006104
0.29254373,0.00006104
0.29286373,0.00006104
0.29318373,0.00006104
0.29350373,0.00006104
0.29382373,0.00006104
0.29414373,0.00006104
0.29446373,0.00006104
0.29478373,0.00006104
0.29510373,0.00006104
0.29542373,0.00006104
0.29574373,0.00006104
0.29606373,0.00006104
0.29638373,-0.01770074
0.29670373,0.00006104
0.29702373,0.00006104
0.29734373,0.00006104
0.29766373,0.00006104
0.29798373,0.00006104
0.29830373,0.00006104
0.29862373,0.00006104
0.29894373,0.00006104
0.29926373,0.00006104
0.29958373,0.00006104
0.29990373,0.00006104
0.30022373,0.00006104
0.30054373,0.00006104
0.30086373,0.00006104
0.30118373,0.00006104
0.30150373,-0.01770074
0.30182373,0.00006104
0.30214373,0.00006104
0.30246373,0.00006104
0.30278373,0.00006104
0.30310373,0.00006104
0.30342373,0.00006104
0.30374373,0.00006104
0.30406373,0.00006104
0.30438373,0.00006104
0.30470373,0.00006104
0.30502373,0.00006104
0.30534373,0.00006104
0.30566373,0.00006104
0.30598373,0.00006104
0.30630373,0.00006104
0.30662373,0.00006104
0.30694373,0.00006104
0.30726373,0.00006104
0.30758373,-0.01770074
0.30790373,0.00006104
0.30822373,0.00006104
0.30854373,0.00006104
0.30886373,0.00006104
0.30918373,0.00006104
0.30950373,0.00006104
0.30982373,0.00006104
0.31014373,0.00006104
0.31046373,0.00006104
0.31078373,0.00006104
0.31110373,0.00006104
0.31142373,0.00006104
0.31174373,0.00006104
0.31206373,0.00006104
0.31238373,0.00006104
0.31270373,0.00006104
0.31302373,0.00006104
0.31334373,-0.01770074
0.31366373,0.00006104
0.31398373,0.00006104
0.31430373,0.00006104
0.31462373,0.00006104
0.31494373,0.00006104
0.31526373,0.00006104
0.31558373,0.00006104
0.31590373,0.00006104
0.31622373,0.00006104
0.31654373,0.00006104
0.31686373,0.00006104
0.31718373,0.00006104
0.31750373,0.00006104
0.31782373,-0.01770074
0.31814373,-0.01770074
0.31846373,0.00006104
0.31878373,0.00006104
0.31910373,0.00006104
0.31942373,0.00006104
0.31974373,0.00006104
0.32006373,0.00006104
0.32038373,0.00006104
0.32070373,0.00006104
0.32102373,0.00006104
0.32134373,0.00006104
0.32166373,0.00006104
0.32198373,0.00006104
0.32230373,0.00006104
0.32262373,0.00006104
0.32294373,0.00006104
0.32326373,0.00006104
0.32358373,0.00006104
0.32390373,0.00006104
0.32422373,0.00006104
0.32454373,0.00006104
0.32486373,0.00006104
0.32518373,0.00006104
0.32550373,0.00006104
0.32582373,0.00006104
0.32614373,0.00006104
0.32646373,0.00006104
0.32678373,0.00006104
0.32710373,0.00006104
0.32742373,0.00006104
0.32774373,0.00006104
0.32806373,0.00006104
0.32838373,0.00006104
0.32870373,0.00006104
0.32902373,0.00006104
0.32934373,-0.01770074
0.32966373,0.00006104
0.32998373,0.00006104
0.33030373,0.00006104
0.33062373,0.00006104
0.33094373,0.00006104
0.33126373,0.00006104
0.33158373,0.00006104
0.33190373,0.00006104
0.33222373,0.00006104
0.33254373,0.00006104
0.33286373,0.00006104
0.33318373,-0.01770074
0.33350373,0.00006104
0.33382373,0.00006104
0.33414373,0.00006104
0.33446373,0.00006104
0.33478373,0.00006104
0.33510373,0.00006104
0.33542373,0.00006104
0.33574373,0.00006104
0.33606373,0.00006104
0.33638373,0.00006104
0.33670373,0.00006104
0.33702373,0.00006104
0.33734373,0.00006104
0.33766373,0.00006104
0.33798373,0.00006104
0.33830373,0.00006104
0.33862373,0.00006104
0.33894373,0.00006104
0.33926373,0.00006104
0.33958373,0.00006104
0.33990373,0.00006104
0.34022373,0.00006104
0.34054373,0.00006104
0.34086373,0.00006104
0.34118373,0.00006104
0.34150373,0.00006104
0.34182373,0.00006104
0.34214373,0.00006104
0.34246373,-0.01770074
0.34278373,0.00006104
0.34310373,0.00006104
0.34342373,0.00006104
0.34374373,0.00006104
0.34406373,0.00006104
0.34438373,0.00006104
0.34470373,0.00006104
0.34502373,0.00006104
0.34534373,0.00006104
0.34566373,0.00006104
0.34598373,0.00006104
0.34630373,0.00006104
0.34662373,0.00006104
0.34694373,0.00006104
0.34726373,0.00006104
0.34758373,0.00006104
0.34790373,0.00006104
0.34822373,0.00006104
0.34854373,0.00006104
0.34886373,0.00006104
0.34918373,0.00006104
0.34950373,0.00006104
0.34982373,0.00006104
0.35014373,0.00006104
0.35046373,0.00006104
0.35078373,-0.01770074
0.35110373,0.00006104
0.35142373,0.00006104
0.35174373,0.00006104
0.35206373,0.00006104
0.35238373,0.00006104
0.35270373,0.00006104
0.35302373,0.00006104
0.35334373,0.00006104
0.35366373,0.00006104
0.35398373,0.00006104
0.35430373,0.00006104
0.35462373,0.00006104
0.35494373,0.00006104
0.35526373,0.00006104
0.35558373,0.00006104
0.35590373,0.00006104
0.35622373,0.00006104
0.35654373,0.00006104
0.35686373,0.00006104
0.35718373,0.00006104
0.35750373,0.00006104
0.35782373,0.00006104
0.35814373,0.00006104
0.35846373,0.00006104
0.35878373,0.00006104
0.35910373,0.00006104
0.35942373,0.00006104
0.35974373,0.00006104
0.36006373,0.00006104
0.36038373,0.00006104
0.36070373,0.00006104
0.36102373,0.00006104
0.36134373,0.00006104
0.36166373,0.00006104
0.36198373,0.00006104
0.36230373,0.00006104
0.36262373,0.00006104
0.36294373,0.00006104
0.36326373,0.00006104
0.36358373,0.00006104
0.36390373,0.00006104
0.36422373,0.00006104
0.36454373,0.00006104
0.36486373,0.00006104
0.36518373,0.00006104
0.36550373,0.00006104
0.36582373,0.00006104
0.36614373,0.00006104
0.36646373,0.00006104
0.36678373,0.00006104
0.36710373,0.00006104
0.36742373,0.00006104
0.36774373,0.00006104
0.36806373,0.00006104
0.36838373,0.00006104
0.36870373,0.00006104
0.36902373,0.00006104
0.36934373,0.00006104
0.36966373,0.00006104
0.36998373,0.00006104
0.37030373,0.00006104
0.37062373,0.00006104
0.37094373,0.00006104
0.37126373,0.00006104
0.37158373,0.00006104
0.37190373,0.00006104
0.37222373,0.00006104
0.37254373,0.00006104
0.37286373,0.00006104
0.37318373,0.00006104
0.37350373,0.00006104
0.37382373,0.00006104
0.37414373,0.00006104
0.37446373,0.00006104
0.37478373,0.00006104
0.37510373,0.00006104
0.37542373,0.00006104
0.37574373,0.00006104
0.37606373,0.00006104
0.37638373,0.00006104
0.37670373,0.00006104
0.37702373,0.00006104
0.37734373,0.00006104
0.37766373,0.00006104
0.37798373,0.00006104
0.37830373,-0.01770074
0.37862373,0.00006104
0.37894373,0.00006104
0.37926373,0.00006104
0.37958373,0.00006104
0.37990373,0.00006104
0.38022373,0.00006104
0.38054373,0.00006104
0.38086373,0.00006104
0.38118373,0.00006104
0.38150373,0.00006104
0.38182373,0.00006104
0.38214373,0.00006104
0.38246373,0.00006104
0.38278373,0.00006104
0.38310373,0.00006104
0.38342373,0.00006104
0.38374373,0.00006104
0.38406373,0.00006104
0.38438373,0.00006104
0.38470373,0.00006104
0.38502373,0.00006104
0.38534373,0.00006104
0.38566373,0.00006104
0.38598373,0.00006104
0.38630373,0.00006104
0.38662373,-0.01770074
0.38694373,0.00006104
0.38726373,0.00006104
0.38758373,-0.01770074
0.38790373,0.00006104
0.38822373,0.00006104
0.38854373,0.00006104
0.38886373,0.00006104
0.38918373,0.00006104
0.38950373,0.00006104
0.38982373,0.00006104
0.39014373,0.00006104
0.39046373,0.00006104
0.39078373,0.00006104
0.39110373,0.00006104
0.39142373,0.00006104
0.39174373,0.00006104
0.39206373,0.00006104
0.39238373,-0.01770074
0.39270373,0.00006104
0.39302373,-0.01770074
0.39334373,0.00006104
0.39366373,0.00006104
0.39398373,0.00006104
0.39430373,0.00006104
0.39462373,0.00006104
0.39494373,0.00006104
0.39526373,0.00006104
0.39558373,0.00006104
0.39590373,0.00006104
0.39622373,0.00006104
0.39654373,0.00006104
0.39686373,0.00006104
0.39718373,0.00006104
0.39750373,0.00006104
0.39782373,0.00006104
0.39814373,-0.01770074
0.39846373,0.00006104
0.39878373,-0.01770074
0.39910373,0.00006104
0.39942373,0.00006104
0.39974373,0.00006104
0.40006373,0.00006104
0.40038373,0.00006104
0.40070373,0.00006104
0.40102373,0.00006104
0.40134373,0.00006104
0.40166373,0.00006104
0.40198373,0.00006104
0.40230373,0.00006104
0.40262373,0.00006104
0.40294373,0.00006104
0.40326373,0.00006104
0.40358373,0.00006104
0.40390373,0.00006104
0.40422373,0.00006104
0.40454373,-0.01770074
0.40486373,0.00006104
0.40518373,0.00006104
0.40550373,0.00006104
0.40582373,0.00006104
0.40614373,0.00006104
0.40646373,0.00006104
0.40678373,0.00006104
0.40710373,0.00006104
0.40742373,0.00006104
0.40774373,0.00006104
0.40806373,0.00006104
0.40838373,0.00006104
0.40870373,0.00006104
0.40902373,0.00006104
0.40934373,0.00006104
0.40966373,0.00006104
0.40998373,0.00006104
0.41030373,0.00006104
0.41062373,0.00006104
0.41094373,0.00006104
0.41126373,0.00006104
0.41158373,0.00006104
0.41190373,0.00006104
0.41222373,0.00006104
0.41254373,0.00006104
0.41286373,0.00006104
0.41318373,0.00006104
0.41350373,0.00006104
0.41382373,0.00006104
0.41414373,0.00006104
0.41446373,0.00006104
0.41478373,0.00006104
0.41510373,0.00006104
0.41542373,0.00006104
0.41574373,0.00006104
0.41606373,0.00006104
0.41638373,0.00006104
0.41670373,0.00006104
0.41702373,0.00006104
0.41734373,0.00006104
0.41766373,0.00006104
0.41798373,0.00006104
0.41830373,0.00006104
0.41862373,0.00006104
0.41894373,0.00006104
0.41926373,0.00006104
0.41958373,0.00006104
0.41990373,0.00006104
0.42022373,-0.01770074
0.42054373,0.00006104
0.42086373,0.00006104
0.42118373,-0.01770074
0.42150373,0.00006104
0.42182373,0.00006104
0.42214373,0.00006104
0.42246373,0.00006104
0.42278373,0.00006104
0.42310373,0.00006104
0.42342373,0.00006104
0.42374373,0.00006104
0.42406373,0.00006104
0.42438373,0.00006104
0.42470373,0.00006104
0.42502373,0.00006104
0.42534373,0.00006104
0.42566373,0.00006104
0.42598373,0.00006104
0.42630373,0.00006104
0.42662373,0.00006104
0.42694373,0.00006104
0.42726373,0.00006104
0.42758373,0.00006104
0.42790373,0.00006104
0.42822373,0.00006104
0.42854373,-0.01770074
0.42886373,0.00006104
0.42918373,0.00006104
0.42950373,0.00006104
0.42982373,0.00006104
0.43014373,0.00006104
0.43046373,0.00006104
0.43078373,0.00006104
0.43110373,0.00006104
0.43142373,0.00006104
0.43174373,-0.01770074
0.43206373,0.00006104
0.43238373,0.00006104
0.43270373,0.00006104
0.43302373,0.00006104
0.43334373,0.00006104
0.43366373,0.00006104
0.43398373,0.00006104
0.43430373,0.00006104
0.43462373,0.00006104
0.43494373,0.00006104
0.43526373,0.00006104
0.43558373,0.00006104
0.43590373,0.00006104
0.43622373,0.00006104
0.43654373,0.00006104
0.43686373,0.00006104
0.43718373,0.00006104
0.43750373,0.00006104
0.43782373,0.00006104
0.43814373,0.00006104
0.43846373,0.00006104
0.43878373,0.00006104
0.43910373,0.00006104
0.43942373,0.00006104
0.43974373,0.00006104
0.44006373,0.00006104
0.44038373,0.00006104
0.44070373,0.00006104
0.44102373,0.00006104
0.44134373,0.00006104
0.44166373,0.00006104
0.44198373,0.00006104
0.44230373,0.00006104
0.44262373,0.00006104
0.44294373,0.00006104
0.44326373,0.00006104
0.44358373,0.00006104
0.44390373,0.00006104
0.44422373,0.00006104
0.44454373,-0.01770074
0.44486373,0.00006104
0.44518373,0.00006104
0.44550373,0.00006104
0.44582373,0.00006104
0.44614373,0.00006104
0.44646373,0.00006104
0.44678373,0.00006104
0.44710373,0.00006104
0.44742373,0.00006104
0.44774373,0.00006104
0.44806373,0.00006104
0.44838373,0.00006104
0.44870373,0.00006104
0.44902373,0.00006104
0.44934373,0.00006104
0.44966373,0.00006104
0.44998373,0.00006104
0.45030373,0.00006104
0.45062373,0.00006104
0.45094373,0.00006104
0.45126373,0.00006104
0.45158373,0.00006104
0.45190373,0.00006104
0.45222373,0.00006104
0.45254373,0.00006104
0.45286373,0.00006104
0.45318373,0.00006104
0.45350373,0.00006104
0.45382373,0.00006104
0.45414373,0.00006104
0.45446373,0.00006104
0.45478373,0.00006104
0.45510373,0.00006104
0.45542373,0.00006104
0.45574373,0.00006104
0.45606373,0.00006104
0.45638373,0.00006104
0.45670373,0.00006104
0.45702373,0.00006104
0.45734373,0.00006104
0.45766373,0.00006104
0.45798373,0.00006104
0.45830373,0.00006104
0.45862373,0.00006104
0.45894373,0.00006104
0.45926373,0.00006104
0.45958373,0.00006104
0.45990373,0.00006104
0.46022373,0.00006104
0.46054373,0.00006104
0.46086373,0.00006104
0.46118373,0.00006104
0.46150373,0.00006104
0.46182373,0.00006104
0.46214373,0.00006104
0.46246373,0.00006104
0.46278373,0.00006104
0.46310373,0.00006104
0.46342373,0.00006104
0.46374373,0.00006104
0.46406373,0.00006104
0.46438373,0.00006104
0.46470373,0.00006104
0.46502373,-0.01770074
0.46534373,0.00006104
0.46566373,0.00006104
0.46598373,0.00006104
0.46630373,0.00006104
0.46662373,0.00006104
0.46694373,0.00006104
0.46726373,0.00006104
0.46758373,0.00006104
0.46790373,0.00006104
0.46822373,0.00006104
0.46854373,0.00006104
0.46886373,-0.01770074
0.46918373,0.00006104
0.46950373,0.00006104
0.46982373,0.00006104
0.47014373,0.00006104
0.47046373,0.00006104
0.47078373,0.00006104
0.47110373,0.00006104
0.47142373,0.00006104
0.47174373,0.00006104
0.47206373,0.00006104
0.47238373,0.00006104
0.47270373,0.00006104
0.47302373,0.00006104
0.47334373,0.00006104
0.47366373,0.00006104
0.47398373,-0.01770074
0.47430373,0.00006104
0.47462373,0.00006104
0.47494373,0.00006104
0.47526373,0.00006104
0.47558373,0.00006104
0.47590373,0.00006104
0.47622373,0.00006104
0.47654373,0.00006104
0.47686373,0.00006104
0.47718373,0.00006104
0.47750373,0.00006104
0.47782373,0.00006104
0.47814373,0.00006104
0.47846373,0.00006104
0.47878373,0.00006104
0.47910373,0.00006104
0.47942373,0.00006104
0.47974373,0.00006104
0.48006373,0.00006104
0.48038373,0.00006104
0.48070373,0.00006104
0.48102373,0.00006104
0.48134373,0.00006104
0.48166373,0.00006104
0.48198373,0.00006104
0.48230373,0.00006104
0.48262373,0.00006104
0.48294373,0.00006104
0.48326373,0.00006104
0.48358373,0.00006104
0.48390373,0.00006104
0.48422373,0.00006104
0.48454373,0.00006104
0.48486373,0.00006104
0.48518373,0.00006104
0.48550373,0.00006104
0.48582373,0.00006104
0.48614373,0.00006104
0.48646373,0.00006104
0.48678373,-0.01770074
0.48710373,0.00006104
0.48742373,0.00006104
0.48774373,0.00006104
0.48806373,0.00006104
0.48838373,0.00006104
0.48870373,0.00006104
0.48902373,0.00006104
0.48934373,0.00006104
0.48966373,0.00006104
0.48998373,0.00006104
0.49030373,0.00006104
0.49062373,0.00006104
0.49094373,0.00006104
0.49126373,0.00006104
0.49158373,-0.01770074
0.49190373,0.00006104
0.49222373,0.00006104
0.49254373,0.00006104
0.49286373,0.00006104
0.49318373,0.00006104
0.49350373,0.00006104
0.49382373,0.00006104
0.49414373,0.00006104
0.49446373,0.00006104
0.49478373,0.00006104
0.49510373,0.00006104
0.49542373,0.00006104
0.49574373,0.76546526
0.49606373,1.37070835
0.49638373,0.51625109
0.49670373,0.07129124
0.49702373,-0.05334635
0.49734373,-0.07110813
0.49766373,-0.07110813
0.49798373,-0.03552354
0.49830373,-0.03552354
0.49862373,-0.03552354
0.49894373,-0.88998079
0.49926373,-1.10354924
0.49958373,-1.97582936
0.49990373,-0.17792290
0.50022373,0.30262154
0.50054373,0.24921414
0.50086373,0.08911405
0.50118373,0.03570665
0.50150373,0.03570665
0.50182373,0.03570665
0.50214373,0.03570665
0.50246373,0.01788385
0.50278373,0.01788385
0.50310373,0.01788385
0.50342373,0.03570665
0.50374373,0.01788385
0.50406373,0.01788385
0.50438373,0.00006104
0.50470373,0.01788385
0.50502373,0.01788385
0.50534373,0.01788385
0.50566373,0.03570665
0.50598373,0.07129124
0.50630373,0.05346843
0.50662373,0.07129124
0.50694373,0.05346843
0.50726373,0.05346843
0.50758373,0.07129124
0.50790373,0.03570665
0.50822373,0.05346843
0.50854373,0.07129124
0.50886373,0.07129124
0.50918373,0.03570665
0.50950373,0.03570665
0.50982373,0.03570665
0.51014373,0.03570665
0.51046373,0.01788385
0.51078373,-0.03552354
0.51110373,-0.01770074
0.51142373,-0.03552354
0.51174373,0.01788385
0.51206373,0.01788385
0.51238373,-0.01770074
0.51270373,0.05346843
0.51302373,0.01788385
0.51334373,-0.03552354
0.51366373,0.03570665
0.51398373,-0.01770074
0.51430373,0.00006104
0.51462373,0.05346843
0.51494373,0.01788385
0.51526373,0.01788385
0.51558373,0.03570665
0.51590373,0.03570665
0.51622373,0.01788385
0.51654373,0.01788385
0.51686373,0.01788385
0.51718373,0.01788385
0.51750373,0.01788385
0.51782373,0.03570665
0.51814373,0.03570665
0.51846373,0.00006104
0.51878373,0.01788385
0.51910373,0.01788385
0.51942373,0.01788385
0.51974373,0.01788385
0.52006373,0.00006104
