Time,Channel A
(ms),(V)

-1.48087763,0.03570665
-1.48055763,0.00006104
-1.48023763,0.01788385
-1.47991763,0.01788385
-1.47959763,0.00006104
-1.47927763,0.01788385
-1.47895763,0.03570665
-1.47863763,0.01788385
-1.47831763,-0.01770074
-1.47799763,0.01788385
-1.47767763,0.01788385
-1.47735763,0.00006104
-1.47703763,0.01788385
-1.47671763,0.00006104
-1.47639763,0.00006104
-1.47607763,0.01788385
-1.47575763,0.01788385
-1.47543763,0.00006104
-1.47511763,0.01788385
-1.47479763,0.01788385
-1.47447763,0.01788385
-1.47415763,0.01788385
-1.47383763,0.01788385
-1.47351763,0.00006104
-1.47319763,0.01788385
-1.47287763,0.01788385
-1.47255763,0.00006104
-1.47223763,0.01788385
-1.47191763,0.01788385
-1.47159763,0.00006104
-1.47127763,0.01788385
-1.47095763,0.00006104
-1.47063763,0.00006104
-1.47031763,0.00006104
-1.46999763,0.00006104
-1.46967763,0.00006104
-1.46935763,0.00006104
-1.46903763,0.00006104
-1.46871763,0.00006104
-1.46839763,0.01788385
-1.46807763,0.00006104
-1.46775763,0.00006104
-1.46743763,0.01788385
-1.46711763,0.00006104
-1.46679763,0.01788385
-1.46647763,0.01788385
-1.46615763,0.01788385
-1.46583763,0.01788385
-1.46551763,0.01788385
-1.46519763,0.00006104
-1.46487763,0.01788385
-1.46455763,0.00006104
-1.46423763,0.00006104
-1.46391763,0.00006104
-1.46359763,0.00006104
-1.46327763,0.00006104
-1.46295763,0.00006104
-1.46263763,0.00006104
-1.46231763,0.01788385
-1.46199763,0.00006104
-1.46167763,0.00006104
-1.46135763,0.00006104
-1.46103763,0.00006104
-1.46071763,0.00006104
-1.46039763,0.00006104
-1.46007763,0.00006104
-1.45975763,0.00006104
-1.45943763,0.00006104
-1.45911763,0.00006104
-1.45879763,0.00006104
-1.45847763,0.00006104
-1.45815763,0.00006104
-1.45783763,0.00006104
-1.45751763,0.00006104
-1.45719763,0.00006104
-1.45687763,0.00006104
-1.45655763,0.00006104
-1.45623763,0.01788385
-1.45591763,0.00006104
-1.45559763,0.01788385
-1.45527763,0.00006104
-1.45495763,0.00006104
-1.45463763,0.01788385
-1.45431763,0.00006104
-1.45399763,0.00006104
-1.45367763,0.00006104
-1.45335763,0.00006104
-1.45303763,0.00006104
-1.45271763,0.00006104
-1.45239763,0.00006104
-1.45207763,-0.01770074
-1.45175763,0.00006104
-1.45143763,0.00006104
-1.45111763,0.00006104
-1.45079763,0.00006104
-1.45047763,0.00006104
-1.45015763,0.00006104
-1.44983763,0.00006104
-1.44951763,0.00006104
-1.44919763,0.00006104
-1.44887763,0.00006104
-1.44855763,0.00006104
-1.44823763,0.00006104
-1.44791763,0.00006104
-1.44759763,0.00006104
-1.44727763,0.00006104
-1.44695763,0.01788385
-1.44663763,0.00006104
-1.44631763,0.00006104
-1.44599763,0.00006104
-1.44567763,0.00006104
-1.44535763,0.00006104
-1.44503763,0.00006104
-1.44471763,0.00006104
-1.44439763,0.00006104
-1.44407763,0.00006104
-1.44375763,0.00006104
-1.44343763,0.00006104
-1.44311763,0.00006104
-1.44279763,0.00006104
-1.44247763,0.00006104
-1.44215763,0.00006104
-1.44183763,0.00006104
-1.44151763,0.00006104
-1.44119763,0.00006104
-1.44087763,0.00006104
-1.44055763,0.00006104
-1.44023763,0.00006104
-1.43991763,0.00006104
-1.43959763,0.00006104
-1.43927763,0.00006104
-1.43895763,0.00006104
-1.43863763,0.00006104
-1.43831763,0.00006104
-1.43799763,0.00006104
-1.43767763,0.00006104
-1.43735763,0.00006104
-1.43703763,0.00006104
-1.43671763,0.00006104
-1.43639763,0.00006104
-1.43607763,0.00006104
-1.43575763,0.00006104
-1.43543763,0.00006104
-1.43511763,0.00006104
-1.43479763,0.00006104
-1.43447763,0.00006104
-1.43415763,0.00006104
-1.43383763,0.00006104
-1.43351763,0.00006104
-1.43319763,0.00006104
-1.43287763,0.00006104
-1.43255763,0.00006104
-1.43223763,0.00006104
-1.43191763,0.00006104
-1.43159763,0.00006104
-1.43127763,0.00006104
-1.43095763,0.00006104
-1.43063763,0.00006104
-1.43031763,0.00006104
-1.42999763,0.00006104
-1.42967763,0.00006104
-1.42935763,-0.01770074
-1.42903763,0.00006104
-1.42871763,0.00006104
-1.42839763,0.00006104
-1.42807763,0.00006104
-1.42775763,0.00006104
-1.42743763,0.00006104
-1.42711763,0.00006104
-1.42679763,0.00006104
-1.42647763,0.00006104
-1.42615763,0.00006104
-1.42583763,0.00006104
-1.42551763,-0.01770074
-1.42519763,0.00006104
-1.42487763,0.00006104
-1.42455763,0.00006104
-1.42423763,0.00006104
-1.42391763,0.00006104
-1.42359763,0.00006104
-1.42327763,0.00006104
-1.42295763,0.00006104
-1.42263763,0.00006104
-1.42231763,0.00006104
-1.42199763,0.00006104
-1.42167763,0.00006104
-1.42135763,0.00006104
-1.42103763,0.00006104
-1.42071763,0.00006104
-1.42039763,0.00006104
-1.42007763,0.00006104
-1.41975763,0.00006104
-1.41943763,0.00006104
-1.41911763,0.00006104
-1.41879763,0.00006104
-1.41847763,0.00006104
-1.41815763,0.00006104
-1.41783763,0.00006104
-1.41751763,0.00006104
-1.41719763,0.00006104
-1.41687763,0.00006104
-1.41655763,0.00006104
-1.41623763,0.00006104
-1.41591763,0.00006104
-1.41559763,0.00006104
-1.41527763,0.00006104
-1.41495763,0.00006104
-1.41463763,0.00006104
-1.41431763,0.00006104
-1.41399763,0.00006104
-1.41367763,0.00006104
-1.41335763,0.00006104
-1.41303763,0.00006104
-1.41271763,0.00006104
-1.41239763,0.00006104
-1.41207763,0.00006104
-1.41175763,0.00006104
-1.41143763,0.00006104
-1.41111763,0.00006104
-1.41079763,0.00006104
-1.41047763,-0.01770074
-1.41015763,0.00006104
-1.40983763,0.00006104
-1.40951763,0.00006104
-1.40919763,0.00006104
-1.40887763,0.00006104
-1.40855763,0.00006104
-1.40823763,0.00006104
-1.40791763,0.00006104
-1.40759763,0.00006104
-1.40727763,0.00006104
-1.40695763,0.00006104
-1.40663763,0.00006104
-1.40631763,0.00006104
-1.40599763,0.00006104
-1.40567763,0.00006104
-1.40535763,0.00006104
-1.40503763,0.00006104
-1.40471763,0.00006104
-1.40439763,0.00006104
-1.40407763,0.00006104
-1.40375763,0.00006104
-1.40343763,0.00006104
-1.40311763,0.00006104
-1.40279763,0.00006104
-1.40247763,0.00006104
-1.40215763,0.00006104
-1.40183763,0.00006104
-1.40151763,0.00006104
-1.40119763,0.00006104
-1.40087763,0.00006104
-1.40055763,0.00006104
-1.40023763,0.00006104
-1.39991763,0.00006104
-1.39959763,0.00006104
-1.39927763,0.00006104
-1.39895763,-0.01770074
-1.39863763,0.00006104
-1.39831763,0.00006104
-1.39799763,0.00006104
-1.39767763,0.00006104
-1.39735763,0.00006104
-1.39703763,0.00006104
-1.39671763,0.00006104
-1.39639763,0.00006104
-1.39607763,-0.01770074
-1.39575763,0.00006104
-1.39543763,0.00006104
-1.39511763,0.00006104
-1.39479763,0.00006104
-1.39447763,0.00006104
-1.39415763,0.00006104
-1.39383763,0.00006104
-1.39351763,0.00006104
-1.39319763,0.00006104
-1.39287763,0.00006104
-1.39255763,0.00006104
-1.39223763,0.00006104
-1.39191763,0.00006104
-1.39159763,0.00006104
-1.39127763,0.00006104
-1.39095763,-0.01770074
-1.39063763,0.00006104
-1.39031763,0.00006104
-1.38999763,0.00006104
-1.38967763,0.00006104
-1.38935763,0.00006104
-1.38903763,0.00006104
-1.38871763,0.00006104
-1.38839763,0.00006104
-1.38807763,0.00006104
-1.38775763,0.00006104
-1.38743763,0.00006104
-1.38711763,0.00006104
-1.38679763,0.00006104
-1.38647763,0.00006104
-1.38615763,0.00006104
-1.38583763,0.00006104
-1.38551763,0.00006104
-1.38519763,-0.01770074
-1.38487763,0.00006104
-1.38455763,0.00006104
-1.38423763,0.00006104
-1.38391763,0.00006104
-1.38359763,-0.01770074
-1.38327763,0.00006104
-1.38295763,0.00006104
-1.38263763,0.00006104
-1.38231763,0.00006104
-1.38199763,-0.01770074
-1.38167763,0.00006104
-1.38135763,0.00006104
-1.38103763,0.00006104
-1.38071763,0.00006104
-1.38039763,0.00006104
-1.38007763,0.00006104
-1.37975763,0.00006104
-1.37943763,0.00006104
-1.37911763,0.00006104
-1.37879763,0.00006104
-1.37847763,0.00006104
-1.37815763,0.00006104
-1.37783763,0.00006104
-1.37751763,0.00006104
-1.37719763,-0.01770074
-1.37687763,0.00006104
-1.37655763,0.00006104
-1.37623763,0.00006104
-1.37591763,0.00006104
-1.37559763,0.00006104
-1.37527763,0.00006104
-1.37495763,0.00006104
-1.37463763,0.00006104
-1.37431763,0.00006104
-1.37399763,0.00006104
-1.37367763,0.00006104
-1.37335763,0.00006104
-1.37303763,0.00006104
-1.37271763,0.00006104
-1.37239763,0.00006104
-1.37207763,0.00006104
-1.37175763,0.00006104
-1.37143763,0.00006104
-1.37111763,0.00006104
-1.37079763,0.00006104
-1.37047763,0.00006104
-1.37015763,0.00006104
-1.36983763,0.00006104
-1.36951763,0.00006104
-1.36919763,0.00006104
-1.36887763,0.00006104
-1.36855763,-0.01770074
-1.36823763,0.00006104
-1.36791763,0.00006104
-1.36759763,0.00006104
-1.36727763,0.00006104
-1.36695763,0.00006104
-1.36663763,-0.01770074
-1.36631763,0.00006104
-1.36599763,0.00006104
-1.36567763,0.00006104
-1.36535763,0.00006104
-1.36503763,0.00006104
-1.36471763,0.00006104
-1.36439763,0.00006104
-1.36407763,0.00006104
-1.36375763,0.00006104
-1.36343763,0.00006104
-1.36311763,0.00006104
-1.36279763,0.00006104
-1.36247763,0.00006104
-1.36215763,0.00006104
-1.36183763,0.00006104
-1.36151763,0.00006104
-1.36119763,0.00006104
-1.36087763,0.00006104
-1.36055763,0.00006104
-1.36023763,0.00006104
-1.35991763,0.00006104
-1.35959763,0.00006104
-1.35927763,0.00006104
-1.35895763,0.00006104
-1.35863763,0.00006104
-1.35831763,0.00006104
-1.35799763,0.00006104
-1.35767763,0.00006104
-1.35735763,-0.01770074
-1.35703763,0.00006104
-1.35671763,0.00006104
-1.35639763,0.00006104
-1.35607763,0.00006104
-1.35575763,0.00006104
-1.35543763,0.00006104
-1.35511763,0.00006104
-1.35479763,0.00006104
-1.35447763,0.00006104
-1.35415763,0.00006104
-1.35383763,-0.01770074
-1.35351763,0.00006104
-1.35319763,-0.01770074
-1.35287763,0.00006104
-1.35255763,0.00006104
-1.35223763,0.00006104
-1.35191763,0.00006104
-1.35159763,0.00006104
-1.35127763,0.00006104
-1.35095763,0.00006104
-1.35063763,0.00006104
-1.35031763,0.00006104
-1.34999763,0.00006104
-1.34967763,0.00006104
-1.34935763,0.00006104
-1.34903763,0.00006104
-1.34871763,0.00006104
-1.34839763,0.00006104
-1.34807763,0.00006104
-1.34775763,0.00006104
-1.34743763,0.00006104
-1.34711763,0.00006104
-1.34679763,-0.01770074
-1.34647763,0.00006104
-1.34615763,0.00006104
-1.34583763,0.00006104
-1.34551763,0.00006104
-1.34519763,0.00006104
-1.34487763,0.00006104
-1.34455763,0.00006104
-1.34423763,0.00006104
-1.34391763,0.00006104
-1.34359763,0.00006104
-1.34327763,0.00006104
-1.34295763,0.00006104
-1.34263763,0.00006104
-1.34231763,-0.01770074
-1.34199763,0.00006104
-1.34167763,-0.01770074
-1.34135763,0.00006104
-1.34103763,0.00006104
-1.34071763,0.00006104
-1.34039763,0.00006104
-1.34007763,0.00006104
-1.33975763,-0.01770074
-1.33943763,0.00006104
-1.33911763,0.00006104
-1.33879763,0.00006104
-1.33847763,0.00006104
-1.33815763,0.00006104
-1.33783763,0.00006104
-1.33751763,0.00006104
-1.33719763,0.00006104
-1.33687763,0.00006104
-1.33655763,0.00006104
-1.33623763,0.00006104
-1.33591763,0.00006104
-1.33559763,0.00006104
-1.33527763,0.00006104
-1.33495763,0.00006104
-1.33463763,0.00006104
-1.33431763,0.00006104
-1.33399763,0.00006104
-1.33367763,0.00006104
-1.33335763,0.00006104
-1.33303763,0.00006104
-1.33271763,0.00006104
-1.33239763,0.00006104
-1.33207763,0.00006104
-1.33175763,0.00006104
-1.33143763,0.00006104
-1.33111763,0.00006104
-1.33079763,0.00006104
-1.33047763,0.00006104
-1.33015763,0.00006104
-1.32983763,0.00006104
-1.32951763,0.00006104
-1.32919763,0.00006104
-1.32887763,0.00006104
-1.32855763,0.00006104
-1.32823763,-0.01770074
-1.32791763,0.00006104
-1.32759763,0.00006104
-1.32727763,0.00006104
-1.32695763,0.00006104
-1.32663763,0.00006104
-1.32631763,0.00006104
-1.32599763,0.00006104
-1.32567763,0.00006104
-1.32535763,0.00006104
-1.32503763,0.00006104
-1.32471763,0.00006104
-1.32439763,0.00006104
-1.32407763,0.00006104
-1.32375763,0.00006104
-1.32343763,0.00006104
-1.32311763,0.00006104
-1.32279763,0.00006104
-1.32247763,0.00006104
-1.32215763,0.00006104
-1.32183763,0.00006104
-1.32151763,0.00006104
-1.32119763,0.00006104
-1.32087763,0.00006104
-1.32055763,0.00006104
-1.32023763,0.00006104
-1.31991763,0.00006104
-1.31959763,-0.01770074
-1.31927763,0.00006104
-1.31895763,0.00006104
-1.31863763,0.00006104
-1.31831763,0.00006104
-1.31799763,0.00006104
-1.31767763,0.00006104
-1.31735763,0.00006104
-1.31703763,0.00006104
-1.31671763,0.00006104
-1.31639763,0.00006104
-1.31607763,0.00006104
-1.31575763,0.00006104
-1.31543763,0.00006104
-1.31511763,0.00006104
-1.31479763,0.00006104
-1.31447763,0.00006104
-1.31415763,0.00006104
-1.31383763,0.00006104
-1.31351763,0.00006104
-1.31319763,0.00006104
-1.31287763,0.00006104
-1.31255763,0.00006104
-1.31223763,0.00006104
-1.31191763,0.00006104
-1.31159763,0.00006104
-1.31127763,0.00006104
-1.31095763,-0.01770074
-1.31063763,0.00006104
-1.31031763,0.00006104
-1.30999763,0.00006104
-1.30967763,0.00006104
-1.30935763,0.00006104
-1.30903763,0.00006104
-1.30871763,-0.01770074
-1.30839763,0.00006104
-1.30807763,0.00006104
-1.30775763,0.00006104
-1.30743763,0.00006104
-1.30711763,0.00006104
-1.30679763,0.00006104
-1.30647763,0.00006104
-1.30615763,-0.01770074
-1.30583763,0.00006104
-1.30551763,0.00006104
-1.30519763,0.00006104
-1.30487763,0.00006104
-1.30455763,0.00006104
-1.30423763,0.00006104
-1.30391763,0.00006104
-1.30359763,0.00006104
-1.30327763,0.00006104
-1.30295763,0.00006104
-1.30263763,0.00006104
-1.30231763,0.00006104
-1.30199763,0.00006104
-1.30167763,-0.01770074
-1.30135763,0.00006104
-1.30103763,0.00006104
-1.30071763,0.00006104
-1.30039763,0.00006104
-1.30007763,0.00006104
-1.29975763,0.00006104
-1.29943763,0.00006104
-1.29911763,0.00006104
-1.29879763,0.00006104
-1.29847763,-0.01770074
-1.29815763,0.00006104
-1.29783763,0.00006104
-1.29751763,0.00006104
-1.29719763,0.00006104
-1.29687763,0.00006104
-1.29655763,0.00006104
-1.29623763,0.00006104
-1.29591763,0.00006104
-1.29559763,0.00006104
-1.29527763,0.00006104
-1.29495763,0.00006104
-1.29463763,0.00006104
-1.29431763,0.00006104
-1.29399763,0.00006104
-1.29367763,0.00006104
-1.29335763,0.00006104
-1.29303763,0.00006104
-1.29271763,0.00006104
-1.29239763,0.00006104
-1.29207763,0.00006104
-1.29175763,0.00006104
-1.29143763,0.00006104
-1.29111763,0.00006104
-1.29079763,0.00006104
-1.29047763,0.00006104
-1.29015763,0.00006104
-1.28983763,0.00006104
-1.28951763,0.00006104
-1.28919763,0.00006104
-1.28887763,0.00006104
-1.28855763,0.00006104
-1.28823763,0.00006104
-1.28791763,0.00006104
-1.28759763,0.00006104
-1.28727763,0.00006104
-1.28695763,0.00006104
-1.28663763,0.00006104
-1.28631763,0.00006104
-1.28599763,0.00006104
-1.28567763,0.00006104
-1.28535763,0.00006104
-1.28503763,0.00006104
-1.28471763,0.00006104
-1.28439763,0.00006104
-1.28407763,0.00006104
-1.28375763,0.00006104
-1.28343763,0.00006104
-1.28311763,0.00006104
-1.28279763,0.00006104
-1.28247763,-0.01770074
-1.28215763,0.00006104
-1.28183763,0.00006104
-1.28151763,0.00006104
-1.28119763,0.00006104
-1.28087763,0.00006104
-1.28055763,0.00006104
-1.28023763,0.00006104
-1.27991763,0.00006104
-1.27959763,0.00006104
-1.27927763,0.00006104
-1.27895763,0.00006104
-1.27863763,0.00006104
-1.27831763,0.00006104
-1.27799763,0.00006104
-1.27767763,0.00006104
-1.27735763,0.00006104
-1.27703763,0.00006104
-1.27671763,0.00006104
-1.27639763,0.00006104
-1.27607763,0.00006104
-1.27575763,0.00006104
-1.27543763,0.00006104
-1.27511763,0.00006104
-1.27479763,0.00006104
-1.27447763,-0.01770074
-1.27415763,0.00006104
-1.27383763,0.00006104
-1.27351763,0.00006104
-1.27319763,0.00006104
-1.27287763,0.00006104
-1.27255763,0.00006104
-1.27223763,0.00006104
-1.27191763,0.00006104
-1.27159763,0.00006104
-1.27127763,0.00006104
-1.27095763,-0.01770074
-1.27063763,0.00006104
-1.27031763,0.00006104
-1.26999763,0.00006104
-1.26967763,0.00006104
-1.26935763,0.00006104
-1.26903763,0.00006104
-1.26871763,0.00006104
-1.26839763,0.00006104
-1.26807763,-0.01770074
-1.26775763,0.00006104
-1.26743763,0.00006104
-1.26711763,0.00006104
-1.26679763,0.00006104
-1.26647763,-0.01770074
-1.26615763,0.00006104
-1.26583763,0.00006104
-1.26551763,0.00006104
-1.26519763,0.00006104
-1.26487763,0.00006104
-1.26455763,0.00006104
-1.26423763,0.00006104
-1.26391763,0.00006104
-1.26359763,0.00006104
-1.26327763,0.00006104
-1.26295763,0.00006104
-1.26263763,0.00006104
-1.26231763,0.00006104
-1.26199763,0.00006104
-1.26167763,0.00006104
-1.26135763,0.00006104
-1.26103763,0.00006104
-1.26071763,0.00006104
-1.26039763,0.00006104
-1.26007763,0.00006104
-1.25975763,0.00006104
-1.25943763,0.00006104
-1.25911763,0.00006104
-1.25879763,0.00006104
-1.25847763,0.00006104
-1.25815763,0.00006104
-1.25783763,0.00006104
-1.25751763,0.00006104
-1.25719763,0.00006104
-1.25687763,-0.01770074
-1.25655763,0.00006104
-1.25623763,0.00006104
-1.25591763,0.00006104
-1.25559763,0.00006104
-1.25527763,0.00006104
-1.25495763,0.00006104
-1.25463763,0.00006104
-1.25431763,0.00006104
-1.25399763,-0.01770074
-1.25367763,0.00006104
-1.25335763,0.00006104
-1.25303763,-0.01770074
-1.25271763,0.00006104
-1.25239763,0.00006104
-1.25207763,0.00006104
-1.25175763,0.00006104
-1.25143763,0.00006104
-1.25111763,0.00006104
-1.25079763,0.00006104
-1.25047763,0.00006104
-1.25015763,-0.01770074
-1.24983763,0.00006104
-1.24951763,0.00006104
-1.24919763,0.00006104
-1.24887763,0.00006104
-1.24855763,0.00006104
-1.24823763,0.00006104
-1.24791763,0.00006104
-1.24759763,0.00006104
-1.24727763,0.00006104
-1.24695763,0.00006104
-1.24663763,-0.01770074
-1.24631763,0.00006104
-1.24599763,0.00006104
-1.24567763,0.00006104
-1.24535763,0.00006104
-1.24503763,0.00006104
-1.24471763,0.00006104
-1.24439763,0.00006104
-1.24407763,0.00006104
-1.24375763,0.00006104
-1.24343763,-0.01770074
-1.24311763,0.00006104
-1.24279763,0.00006104
-1.24247763,0.00006104
-1.24215763,0.00006104
-1.24183763,0.00006104
-1.24151763,0.00006104
-1.24119763,0.00006104
-1.24087763,-0.01770074
-1.24055763,0.00006104
-1.24023763,-0.01770074
-1.23991763,0.00006104
-1.23959763,0.00006104
-1.23927763,0.00006104
-1.23895763,0.00006104
-1.23863763,0.00006104
-1.23831763,0.00006104
-1.23799763,0.00006104
-1.23767763,0.00006104
-1.23735763,0.00006104
-1.23703763,0.00006104
-1.23671763,0.00006104
-1.23639763,0.00006104
-1.23607763,0.00006104
-1.23575763,0.00006104
-1.23543763,0.00006104
-1.23511763,0.00006104
-1.23479763,0.00006104
-1.23447763,0.00006104
-1.23415763,0.00006104
-1.23383763,-0.01770074
-1.23351763,-0.01770074
-1.23319763,0.00006104
-1.23287763,0.00006104
-1.23255763,-0.01770074
-1.23223763,0.00006104
-1.23191763,0.00006104
-1.23159763,0.00006104
-1.23127763,0.00006104
-1.23095763,0.00006104
-1.23063763,0.00006104
-1.23031763,0.00006104
-1.22999763,0.00006104
-1.22967763,0.00006104
-1.22935763,0.00006104
-1.22903763,0.00006104
-1.22871763,0.00006104
-1.22839763,0.00006104
-1.22807763,0.00006104
-1.22775763,0.00006104
-1.22743763,0.00006104
-1.22711763,0.00006104
-1.22679763,0.00006104
-1.22647763,0.00006104
-1.22615763,-0.01770074
-1.22583763,0.00006104
-1.22551763,0.00006104
-1.22519763,0.00006104
-1.22487763,0.00006104
-1.22455763,-0.01770074
-1.22423763,0.00006104
-1.22391763,0.00006104
-1.22359763,0.00006104
-1.22327763,0.00006104
-1.22295763,0.00006104
-1.22263763,0.00006104
-1.22231763,0.00006104
-1.22199763,0.00006104
-1.22167763,0.00006104
-1.22135763,0.00006104
-1.22103763,0.00006104
-1.22071763,0.00006104
-1.22039763,0.00006104
-1.22007763,0.00006104
-1.21975763,0.00006104
-1.21943763,0.00006104
-1.21911763,0.00006104
-1.21879763,0.00006104
-1.21847763,0.00006104
-1.21815763,0.00006104
-1.21783763,-0.01770074
-1.21751763,-0.01770074
-1.21719763,0.00006104
-1.21687763,-0.01770074
-1.21655763,0.00006104
-1.21623763,0.00006104
-1.21591763,-0.01770074
-1.21559763,0.00006104
-1.21527763,0.00006104
-1.21495763,0.00006104
-1.21463763,0.00006104
-1.21431763,0.00006104
-1.21399763,0.00006104
-1.21367763,0.00006104
-1.21335763,0.00006104
-1.21303763,0.00006104
-1.21271763,0.00006104
-1.21239763,0.00006104
-1.21207763,0.00006104
-1.21175763,0.00006104
-1.21143763,0.00006104
-1.21111763,0.00006104
-1.21079763,0.00006104
-1.21047763,0.00006104
-1.21015763,0.00006104
-1.20983763,0.00006104
-1.20951763,0.00006104
-1.20919763,0.00006104
-1.20887763,-0.01770074
-1.20855763,0.00006104
-1.20823763,0.00006104
-1.20791763,0.00006104
-1.20759763,-0.01770074
-1.20727763,0.00006104
-1.20695763,0.00006104
-1.20663763,0.00006104
-1.20631763,0.00006104
-1.20599763,0.00006104
-1.20567763,0.00006104
-1.20535763,0.00006104
-1.20503763,0.00006104
-1.20471763,0.00006104
-1.20439763,0.00006104
-1.20407763,0.00006104
-1.20375763,0.00006104
-1.20343763,0.00006104
-1.20311763,0.00006104
-1.20279763,0.00006104
-1.20247763,0.00006104
-1.20215763,0.00006104
-1.20183763,0.00006104
-1.20151763,0.00006104
-1.20119763,0.00006104
-1.20087763,0.00006104
-1.20055763,0.00006104
-1.20023763,-0.01770074
-1.19991763,0.00006104
-1.19959763,0.00006104
-1.19927763,0.00006104
-1.19895763,0.00006104
-1.19863763,0.00006104
-1.19831763,0.00006104
-1.19799763,0.00006104
-1.19767763,0.00006104
-1.19735763,0.00006104
-1.19703763,0.00006104
-1.19671763,0.00006104
-1.19639763,0.00006104
-1.19607763,0.00006104
-1.19575763,-0.01770074
-1.19543763,0.00006104
-1.19511763,0.00006104
-1.19479763,0.00006104
-1.19447763,0.00006104
-1.19415763,0.00006104
-1.19383763,0.00006104
-1.19351763,0.00006104
-1.19319763,0.00006104
-1.19287763,0.00006104
-1.19255763,0.00006104
-1.19223763,0.00006104
-1.19191763,0.00006104
-1.19159763,0.00006104
-1.19127763,0.00006104
-1.19095763,0.00006104
-1.19063763,0.00006104
-1.19031763,0.00006104
-1.18999763,0.00006104
-1.18967763,-0.01770074
-1.18935763,0.00006104
-1.18903763,0.00006104
-1.18871763,0.00006104
-1.18839763,0.00006104
-1.18807763,0.00006104
-1.18775763,0.00006104
-1.18743763,0.00006104
-1.18711763,0.00006104
-1.18679763,0.00006104
-1.18647763,0.00006104
-1.18615763,0.00006104
-1.18583763,0.00006104
-1.18551763,0.00006104
-1.18519763,0.00006104
-1.18487763,0.00006104
-1.18455763,0.00006104
-1.18423763,0.00006104
-1.18391763,0.00006104
-1.18359763,0.00006104
-1.18327763,0.00006104
-1.18295763,0.00006104
-1.18263763,0.00006104
-1.18231763,0.00006104
-1.18199763,0.00006104
-1.18167763,0.00006104
-1.18135763,0.00006104
-1.18103763,0.00006104
-1.18071763,0.00006104
-1.18039763,0.00006104
-1.18007763,0.00006104
-1.17975763,0.00006104
-1.17943763,0.00006104
-1.17911763,0.00006104
-1.17879763,0.00006104
-1.17847763,0.00006104
-1.17815763,0.00006104
-1.17783763,0.00006104
-1.17751763,0.00006104
-1.17719763,0.00006104
-1.17687763,0.00006104
-1.17655763,0.00006104
-1.17623763,-0.01770074
-1.17591763,0.00006104
-1.17559763,0.00006104
-1.17527763,0.00006104
-1.17495763,0.00006104
-1.17463763,0.00006104
-1.17431763,-0.01770074
-1.17399763,0.00006104
-1.17367763,0.00006104
-1.17335763,0.00006104
-1.17303763,0.00006104
-1.17271763,0.00006104
-1.17239763,0.00006104
-1.17207763,0.00006104
-1.17175763,0.00006104
-1.17143763,-0.01770074
-1.17111763,0.00006104
-1.17079763,-0.01770074
-1.17047763,0.00006104
-1.17015763,0.00006104
-1.16983763,-0.01770074
-1.16951763,0.00006104
-1.16919763,0.00006104
-1.16887763,0.00006104
-1.16855763,0.00006104
-1.16823763,0.00006104
-1.16791763,0.00006104
-1.16759763,0.00006104
-1.16727763,0.00006104
-1.16695763,0.00006104
-1.16663763,0.00006104
-1.16631763,0.00006104
-1.16599763,0.00006104
-1.16567763,0.00006104
-1.16535763,0.00006104
-1.16503763,0.00006104
-1.16471763,0.00006104
-1.16439763,0.00006104
-1.16407763,-0.01770074
-1.16375763,0.00006104
-1.16343763,0.00006104
-1.16311763,0.00006104
-1.16279763,0.00006104
-1.16247763,0.00006104
-1.16215763,0.00006104
-1.16183763,-0.01770074
-1.16151763,-0.01770074
-1.16119763,0.00006104
-1.16087763,-0.01770074
-1.16055763,-0.01770074
-1.16023763,0.00006104
-1.15991763,0.00006104
-1.15959763,0.00006104
-1.15927763,0.00006104
-1.15895763,0.00006104
-1.15863763,0.00006104
-1.15831763,0.00006104
-1.15799763,0.00006104
-1.15767763,0.00006104
-1.15735763,0.00006104
-1.15703763,-0.01770074
-1.15671763,0.00006104
-1.15639763,0.00006104
-1.15607763,0.00006104
-1.15575763,0.00006104
-1.15543763,0.00006104
-1.15511763,0.00006104
-1.15479763,-0.01770074
-1.15447763,-0.01770074
-1.15415763,0.00006104
-1.15383763,0.00006104
-1.15351763,0.00006104
-1.15319763,0.00006104
-1.15287763,0.00006104
-1.15255763,0.00006104
-1.15223763,0.00006104
-1.15191763,0.00006104
-1.15159763,0.00006104
-1.15127763,0.00006104
-1.15095763,-0.01770074
-1.15063763,0.00006104
-1.15031763,0.00006104
-1.14999763,0.00006104
-1.14967763,0.00006104
-1.14935763,0.00006104
-1.14903763,0.00006104
-1.14871763,0.00006104
-1.14839763,0.00006104
-1.14807763,0.00006104
-1.14775763,0.00006104
-1.14743763,0.00006104
-1.14711763,0.00006104
-1.14679763,0.00006104
-1.14647763,0.00006104
-1.14615763,0.00006104
-1.14583763,0.00006104
-1.14551763,0.00006104
-1.14519763,0.00006104
-1.14487763,0.00006104
-1.14455763,0.00006104
-1.14423763,0.00006104
-1.14391763,0.00006104
-1.14359763,0.00006104
-1.14327763,0.00006104
-1.14295763,0.00006104
-1.14263763,0.00006104
-1.14231763,-0.01770074
-1.14199763,0.00006104
-1.14167763,-0.01770074
-1.14135763,0.00006104
-1.14103763,0.00006104
-1.14071763,0.00006104
-1.14039763,0.00006104
-1.14007763,0.00006104
-1.13975763,0.00006104
-1.13943763,0.00006104
-1.13911763,0.00006104
-1.13879763,0.00006104
-1.13847763,0.00006104
-1.13815763,0.00006104
-1.13783763,0.00006104
-1.13751763,0.00006104
-1.13719763,0.00006104
-1.13687763,0.00006104
-1.13655763,0.00006104
-1.13623763,0.00006104
-1.13591763,0.00006104
-1.13559763,-0.01770074
-1.13527763,0.00006104
-1.13495763,0.00006104
-1.13463763,0.00006104
-1.13431763,0.00006104
-1.13399763,0.00006104
-1.13367763,0.00006104
-1.13335763,0.00006104
-1.13303763,0.00006104
-1.13271763,0.00006104
-1.13239763,0.00006104
-1.13207763,0.00006104
-1.13175763,0.00006104
-1.13143763,0.00006104
-1.13111763,0.00006104
-1.13079763,0.00006104
-1.13047763,0.00006104
-1.13015763,0.00006104
-1.12983763,0.00006104
-1.12951763,0.00006104
-1.12919763,0.00006104
-1.12887763,0.00006104
-1.12855763,-0.01770074
-1.12823763,0.00006104
-1.12791763,0.00006104
-1.12759763,0.00006104
-1.12727763,0.00006104
-1.12695763,0.00006104
-1.12663763,0.00006104
-1.12631763,0.00006104
-1.12599763,0.00006104
-1.12567763,0.00006104
-1.12535763,-0.01770074
-1.12503763,0.00006104
-1.12471763,0.00006104
-1.12439763,0.00006104
-1.12407763,0.00006104
-1.12375763,0.00006104
-1.12343763,0.00006104
-1.12311763,0.00006104
-1.12279763,0.00006104
-1.12247763,0.00006104
-1.12215763,0.00006104
-1.12183763,0.00006104
-1.12151763,0.00006104
-1.12119763,0.00006104
-1.12087763,0.00006104
-1.12055763,0.00006104
-1.12023763,0.00006104
-1.11991763,0.00006104
-1.11959763,0.00006104
-1.11927763,0.00006104
-1.11895763,0.00006104
-1.11863763,0.00006104
-1.11831763,0.00006104
-1.11799763,0.00006104
-1.11767763,-0.01770074
-1.11735763,0.00006104
-1.11703763,0.00006104
-1.11671763,0.00006104
-1.11639763,0.00006104
-1.11607763,0.00006104
-1.11575763,-0.01770074
-1.11543763,0.00006104
-1.11511763,0.00006104
-1.11479763,0.00006104
-1.11447763,0.00006104
-1.11415763,0.00006104
-1.11383763,0.00006104
-1.11351763,0.00006104
-1.11319763,0.00006104
-1.11287763,0.00006104
-1.11255763,0.00006104
-1.11223763,0.00006104
-1.11191763,0.00006104
-1.11159763,0.00006104
-1.11127763,0.00006104
-1.11095763,0.00006104
-1.11063763,0.00006104
-1.11031763,0.00006104
-1.10999763,0.00006104
-1.10967763,0.00006104
-1.10935763,0.00006104
-1.10903763,0.00006104
-1.10871763,0.00006104
-1.10839763,0.00006104
-1.10807763,0.00006104
-1.10775763,0.00006104
-1.10743763,0.00006104
-1.10711763,0.00006104
-1.10679763,0.00006104
-1.10647763,0.00006104
-1.10615763,0.00006104
-1.10583763,0.00006104
-1.10551763,0.00006104
-1.10519763,0.00006104
-1.10487763,0.00006104
-1.10455763,0.00006104
-1.10423763,0.00006104
-1.10391763,0.00006104
-1.10359763,0.00006104
-1.10327763,0.00006104
-1.10295763,0.00006104
-1.10263763,0.00006104
-1.10231763,0.00006104
-1.10199763,0.00006104
-1.10167763,0.00006104
-1.10135763,0.00006104
-1.10103763,0.00006104
-1.10071763,0.00006104
-1.10039763,0.00006104
-1.10007763,0.00006104
-1.09975763,0.00006104
-1.09943763,0.00006104
-1.09911763,0.00006104
-1.09879763,0.00006104
-1.09847763,0.00006104
-1.09815763,0.00006104
-1.09783763,0.00006104
-1.09751763,0.00006104
-1.09719763,0.00006104
-1.09687763,0.00006104
-1.09655763,0.00006104
-1.09623763,0.00006104
-1.09591763,0.00006104
-1.09559763,0.00006104
-1.09527763,0.00006104
-1.09495763,0.00006104
-1.09463763,0.00006104
-1.09431763,0.00006104
-1.09399763,-0.01770074
-1.09367763,0.00006104
-1.09335763,0.00006104
-1.09303763,0.00006104
-1.09271763,0.00006104
-1.09239763,0.00006104
-1.09207763,0.00006104
-1.09175763,0.00006104
-1.09143763,0.00006104
-1.09111763,0.00006104
-1.09079763,-0.01770074
-1.09047763,0.00006104
-1.09015763,-0.01770074
-1.08983763,0.00006104
-1.08951763,0.00006104
-1.08919763,0.00006104
-1.08887763,0.00006104
-1.08855763,0.00006104
-1.08823763,0.00006104
-1.08791763,0.00006104
-1.08759763,0.00006104
-1.08727763,0.00006104
-1.08695763,0.00006104
-1.08663763,0.00006104
-1.08631763,0.00006104
-1.08599763,0.00006104
-1.08567763,0.00006104
-1.08535763,0.00006104
-1.08503763,0.00006104
-1.08471763,0.00006104
-1.08439763,0.00006104
-1.08407763,0.00006104
-1.08375763,0.00006104
-1.08343763,0.00006104
-1.08311763,0.00006104
-1.08279763,0.00006104
-1.08247763,0.00006104
-1.08215763,0.00006104
-1.08183763,0.00006104
-1.08151763,0.00006104
-1.08119763,0.00006104
-1.08087763,-0.01770074
-1.08055763,0.00006104
-1.08023763,0.00006104
-1.07991763,0.00006104
-1.07959763,0.00006104
-1.07927763,0.00006104
-1.07895763,0.00006104
-1.07863763,0.00006104
-1.07831763,0.00006104
-1.07799763,0.00006104
-1.07767763,0.00006104
-1.07735763,0.00006104
-1.07703763,0.00006104
-1.07671763,0.00006104
-1.07639763,0.00006104
-1.07607763,0.00006104
-1.07575763,0.00006104
-1.07543763,0.00006104
-1.07511763,0.00006104
-1.07479763,0.00006104
-1.07447763,0.00006104
-1.07415763,0.00006104
-1.07383763,0.00006104
-1.07351763,0.00006104
-1.07319763,0.00006104
-1.07287763,0.00006104
-1.07255763,0.00006104
-1.07223763,0.00006104
-1.07191763,0.00006104
-1.07159763,-0.01770074
-1.07127763,0.00006104
-1.07095763,0.00006104
-1.07063763,0.00006104
-1.07031763,0.00006104
-1.06999763,0.00006104
-1.06967763,0.00006104
-1.06935763,0.00006104
-1.06903763,0.00006104
-1.06871763,0.00006104
-1.06839763,0.00006104
-1.06807763,0.00006104
-1.06775763,0.00006104
-1.06743763,0.00006104
-1.06711763,0.00006104
-1.06679763,0.00006104
-1.06647763,0.00006104
-1.06615763,0.00006104
-1.06583763,0.00006104
-1.06551763,0.00006104
-1.06519763,0.00006104
-1.06487763,0.00006104
-1.06455763,0.00006104
-1.06423763,0.00006104
-1.06391763,0.00006104
-1.06359763,0.00006104
-1.06327763,0.00006104
-1.06295763,0.00006104
-1.06263763,0.00006104
-1.06231763,0.00006104
-1.06199763,0.00006104
-1.06167763,0.00006104
-1.06135763,0.00006104
-1.06103763,0.00006104
-1.06071763,0.00006104
-1.06039763,0.00006104
-1.06007763,0.00006104
-1.05975763,0.00006104
-1.05943763,0.00006104
-1.05911763,0.00006104
-1.05879763,0.00006104
-1.05847763,0.00006104
-1.05815763,0.00006104
-1.05783763,0.00006104
-1.05751763,0.00006104
-1.05719763,0.00006104
-1.05687763,0.00006104
-1.05655763,0.00006104
-1.05623763,0.00006104
-1.05591763,0.00006104
-1.05559763,0.00006104
-1.05527763,0.00006104
-1.05495763,0.00006104
-1.05463763,0.00006104
-1.05431763,0.00006104
-1.05399763,0.00006104
-1.05367763,-0.01770074
-1.05335763,0.00006104
-1.05303763,0.00006104
-1.05271763,0.00006104
-1.05239763,0.00006104
-1.05207763,0.00006104
-1.05175763,0.00006104
-1.05143763,0.00006104
-1.05111763,0.00006104
-1.05079763,0.00006104
-1.05047763,0.00006104
-1.05015763,0.00006104
-1.04983763,0.00006104
-1.04951763,0.00006104
-1.04919763,0.00006104
-1.04887763,0.00006104
-1.04855763,0.00006104
-1.04823763,0.00006104
-1.04791763,0.00006104
-1.04759763,0.00006104
-1.04727763,0.00006104
-1.04695763,0.00006104
-1.04663763,0.00006104
-1.04631763,0.00006104
-1.04599763,0.00006104
-1.04567763,0.00006104
-1.04535763,0.00006104
-1.04503763,0.00006104
-1.04471763,0.00006104
-1.04439763,0.00006104
-1.04407763,0.00006104
-1.04375763,0.00006104
-1.04343763,0.00006104
-1.04311763,0.00006104
-1.04279763,0.00006104
-1.04247763,0.00006104
-1.04215763,0.00006104
-1.04183763,-0.01770074
-1.04151763,0.00006104
-1.04119763,0.00006104
-1.04087763,0.00006104
-1.04055763,0.00006104
-1.04023763,0.00006104
-1.03991763,0.00006104
-1.03959763,0.00006104
-1.03927763,0.00006104
-1.03895763,0.00006104
-1.03863763,0.00006104
-1.03831763,-0.01770074
-1.03799763,0.00006104
-1.03767763,0.00006104
-1.03735763,0.00006104
-1.03703763,0.00006104
-1.03671763,0.00006104
-1.03639763,0.00006104
-1.03607763,-0.01770074
-1.03575763,-0.01770074
-1.03543763,0.00006104
-1.03511763,0.00006104
-1.03479763,0.00006104
-1.03447763,0.00006104
-1.03415763,0.00006104
-1.03383763,0.00006104
-1.03351763,0.00006104
-1.03319763,0.00006104
-1.03287763,0.00006104
-1.03255763,0.00006104
-1.03223764,0.00006104
-1.03191764,0.00006104
-1.03159764,0.00006104
-1.03127764,0.00006104
-1.03095764,0.00006104
-1.03063764,0.00006104
-1.03031764,0.00006104
-1.02999764,0.00006104
-1.02967764,0.00006104
-1.02935764,0.00006104
-1.02903764,-0.01770074
-1.02871764,0.00006104
-1.02839764,0.00006104
-1.02807764,0.00006104
-1.02775764,0.00006104
-1.02743764,0.00006104
-1.02711764,0.00006104
-1.02679764,0.00006104
-1.02647764,0.00006104
-1.02615764,0.00006104
-1.02583764,0.00006104
-1.02551764,0.00006104
-1.02519764,0.00006104
-1.02487764,0.00006104
-1.02455764,0.00006104
-1.02423764,0.00006104
-1.02391764,0.00006104
-1.02359764,0.00006104
-1.02327764,0.00006104
-1.02295764,0.00006104
-1.02263764,0.00006104
-1.02231764,0.00006104
-1.02199764,0.00006104
-1.02167764,0.00006104
-1.02135764,0.00006104
-1.02103764,-0.01770074
-1.02071764,0.00006104
-1.02039764,0.00006104
-1.02007764,0.00006104
-1.01975764,0.00006104
-1.01943764,0.00006104
-1.01911764,0.00006104
-1.01879764,0.00006104
-1.01847764,0.00006104
-1.01815764,0.00006104
-1.01783764,-0.01770074
-1.01751764,0.00006104
-1.01719764,0.00006104
-1.01687764,0.00006104
-1.01655764,0.00006104
-1.01623764,0.00006104
-1.01591764,0.00006104
-1.01559764,0.00006104
-1.01527764,0.00006104
-1.01495764,0.00006104
-1.01463764,0.00006104
-1.01431764,0.00006104
-1.01399764,0.00006104
-1.01367764,0.00006104
-1.01335764,0.00006104
-1.01303764,0.00006104
-1.01271764,0.00006104
-1.01239764,0.00006104
-1.01207764,0.00006104
-1.01175764,0.00006104
-1.01143764,-0.01770074
-1.01111764,0.00006104
-1.01079764,0.00006104
-1.01047764,0.00006104
-1.01015764,0.00006104
-1.00983764,0.00006104
-1.00951764,0.00006104
-1.00919764,0.00006104
-1.00887764,0.00006104
-1.00855764,0.00006104
-1.00823764,0.00006104
-1.00791764,0.00006104
-1.00759764,0.00006104
-1.00727764,0.00006104
-1.00695764,0.00006104
-1.00663764,0.00006104
-1.00631764,0.00006104
-1.00599764,0.00006104
-1.00567764,0.00006104
-1.00535764,0.00006104
-1.00503764,0.00006104
-1.00471764,0.00006104
-1.00439764,0.00006104
-1.00407764,0.00006104
-1.00375764,0.00006104
-1.00343764,0.00006104
-1.00311764,-0.01770074
-1.00279764,0.00006104
-1.00247764,0.00006104
-1.00215764,0.00006104
-1.00183764,0.00006104
-1.00151764,0.00006104
-1.00119764,0.17804499
-1.00087764,0.90786463
-1.00055764,0.40943632
-1.00023764,0.12469863
-0.99991764,0.00006104
-0.99959764,-0.05334635
-0.99927764,-0.05334635
-0.99895764,-0.03552354
-0.99863764,-0.01770074
-0.99831764,-0.03552354
-0.99799764,-0.88998079
-0.99767764,-1.08578753
-0.99735764,-1.95800650
-0.99703764,-0.14233834
-0.99671764,0.55183572
-0.99639764,0.32044435
-0.99607764,0.08911405
-0.99575764,0.03570665
-0.99543764,0.03570665
-0.99511764,0.03570665
-0.99479764,0.03570665
-0.99447764,0.03570665
-0.99415764,0.03570665
-0.99383764,0.03570665
-0.99351764,0.03570665
-0.99319764,0.01788385
-0.99287764,0.01788385
-0.99255764,0.00006104
-0.99223764,0.00006104
-0.99191764,0.01788385
-0.99159764,0.01788385
-0.99127764,0.03570665
-0.99095764,0.03570665
-0.99063764,0.05346843
-0.99031764,0.07129124
-0.98999764,0.05346843
-0.98967764,0.05346843
-0.98935764,0.07129124
-0.98903764,0.03570665
-0.98871764,0.05346843
-0.98839764,0.08911405
-0.98807764,0.07129124
-0.98775764,0.03570665
-0.98743764,0.03570665
-0.98711764,0.03570665
-0.98679764,0.03570665
-0.98647764,0.00006104
-0.98615764,-0.01770074
-0.98583764,-0.03552354
-0.98551764,-0.03552354
-0.98519764,0.00006104
-0.98487764,0.03570665
-0.98455764,-0.01770074
-0.98423764,0.05346843
-0.98391764,0.01788385
-0.98359764,-0.03552354
-0.98327764,0.03570665
-0.98295764,-0.01770074
-0.98263764,-0.01770074
-0.98231764,0.05346843
-0.98199764,0.01788385
-0.98167764,0.01788385
-0.98135764,0.03570665
-0.98103764,0.03570665
-0.98071764,0.01788385
-0.98039764,0.01788385
-0.98007764,0.01788385
-0.97975764,0.01788385
-0.97943764,0.01788385
-0.97911764,0.03570665
-0.97879764,0.01788385
-0.97847764,0.00006104
-0.97815764,0.01788385
-0.97783764,0.01788385
-0.97751764,0.01788385
-0.97719764,0.01788385
-0.97687764,0.00006104
-0.97655764,-0.01770074
-0.97623764,0.01788385
-0.97591764,0.01788385
-0.97559764,0.00006104
-0.97527764,0.01788385
-0.97495764,0.01788385
-0.97463764,0.01788385
-0.97431764,0.01788385
-0.97399764,0.01788385
-0.97367764,0.00006104
-0.97335764,0.01788385
-0.97303764,0.01788385
-0.97271764,0.00006104
-0.97239764,0.01788385
-0.97207764,0.01788385
-0.97175764,0.01788385
-0.97143764,0.00006104
-0.97111764,0.00006104
-0.97079764,0.00006104
-0.97047764,0.01788385
-0.97015764,-0.01770074
-0.96983764,0.00006104
-0.96951764,0.00006104
-0.96919764,0.00006104
-0.96887764,0.00006104
-0.96855764,0.01788385
-0.96823764,0.01788385
-0.96791764,0.00006104
-0.96759764,0.01788385
-0.96727764,0.00006104
-0.96695764,0.00006104
-0.96663764,0.01788385
-0.96631764,0.00006104
-0.96599764,0.01788385
-0.96567764,0.00006104
-0.96535764,0.00006104
-0.96503764,0.01788385
-0.96471764,0.00006104
-0.96439764,0.00006104
-0.96407764,0.00006104
-0.96375764,0.00006104
-0.96343764,0.00006104
-0.96311764,0.00006104
-0.96279764,0.00006104
-0.96247764,0.00006104
-0.96215764,0.01788385
-0.96183764,0.00006104
-0.96151764,0.00006104
-0.96119764,0.01788385
-0.96087764,0.00006104
-0.96055764,0.00006104
-0.96023764,0.01788385
-0.95991764,0.00006104
-0.95959764,0.00006104
-0.95927764,0.00006104
-0.95895764,0.00006104
-0.95863764,0.00006104
-0.95831764,0.00006104
-0.95799764,0.00006104
-0.95767764,0.00006104
-0.95735764,0.00006104
-0.95703764,0.00006104
-0.95671764,0.01788385
-0.95639764,0.01788385
-0.95607764,0.00006104
-0.95575764,0.00006104
-0.95543764,0.00006104
-0.95511764,0.00006104
-0.95479764,0.01788385
-0.95447764,0.01788385
-0.95415764,0.00006104
-0.95383764,0.01788385
-0.95351764,0.00006104
-0.95319764,0.00006104
-0.95287764,0.00006104
-0.95255764,0.00006104
-0.95223764,-0.01770074
-0.95191764,0.00006104
-0.95159764,0.00006104
-0.95127764,0.00006104
-0.95095764,0.00006104
-0.95063764,0.00006104
-0.95031764,0.00006104
-0.94999764,0.00006104
-0.94967764,0.00006104
-0.94935764,0.00006104
-0.94903764,0.01788385
-0.94871764,0.00006104
-0.94839764,0.00006104
-0.94807764,0.00006104
-0.94775764,0.01788385
-0.94743764,0.01788385
-0.94711764,0.00006104
-0.94679764,0.00006104
-0.94647764,0.00006104
-0.94615764,0.00006104
-0.94583764,0.00006104
-0.94551764,0.00006104
-0.94519764,0.00006104
-0.94487764,0.00006104
-0.94455764,0.00006104
-0.94423764,0.00006104
-0.94391764,0.00006104
-0.94359764,0.00006104
-0.94327764,0.00006104
-0.94295764,0.00006104
-0.94263764,0.00006104
-0.94231764,0.00006104
-0.94199764,0.00006104
-0.94167764,0.00006104
-0.94135764,0.00006104
-0.94103764,0.00006104
-0.94071764,0.00006104
-0.94039764,0.00006104
-0.94007764,0.00006104
-0.93975764,0.00006104
-0.93943764,0.00006104
-0.93911764,0.00006104
-0.93879764,0.00006104
-0.93847764,-0.01770074
-0.93815764,0.00006104
-0.93783764,0.00006104
-0.93751764,0.00006104
-0.93719764,0.00006104
-0.93687764,0.00006104
-0.93655764,-0.01770074
-0.93623764,0.00006104
-0.93591764,0.00006104
-0.93559764,0.00006104
-0.93527764,0.00006104
-0.93495764,0.00006104
-0.93463764,0.00006104
-0.93431764,0.00006104
-0.93399764,0.00006104
-0.93367764,0.00006104
-0.93335764,0.00006104
-0.93303764,0.00006104
-0.93271764,0.00006104
-0.93239764,0.00006104
-0.93207764,0.00006104
-0.93175764,0.00006104
-0.93143764,0.00006104
-0.93111764,0.00006104
-0.93079764,0.00006104
-0.93047764,0.00006104
-0.93015764,0.00006104
-0.92983764,0.00006104
-0.92951764,0.00006104
-0.92919764,0.00006104
-0.92887764,0.00006104
-0.92855764,0.00006104
-0.92823764,0.00006104
-0.92791764,0.00006104
-0.92759764,0.00006104
-0.92727764,0.00006104
-0.92695764,0.00006104
-0.92663764,0.00006104
-0.92631764,0.00006104
-0.92599764,0.00006104
-0.92567764,0.00006104
-0.92535764,0.00006104
-0.92503764,0.00006104
-0.92471764,0.00006104
-0.92439764,0.00006104
-0.92407764,0.00006104
-0.92375764,0.00006104
-0.92343764,0.00006104
-0.92311764,0.00006104
-0.92279764,0.00006104
-0.92247764,0.00006104
-0.92215764,0.00006104
-0.92183764,0.00006104
-0.92151764,0.00006104
-0.92119764,0.00006104
-0.92087764,0.00006104
-0.92055764,0.00006104
-0.92023764,0.00006104
-0.91991764,0.00006104
-0.91959764,0.00006104
-0.91927764,0.00006104
-0.91895764,0.00006104
-0.91863764,0.00006104
-0.91831764,0.00006104
-0.91799764,0.00006104
-0.91767764,0.00006104
-0.91735764,0.00006104
-0.91703764,0.00006104
-0.91671764,0.00006104
-0.91639764,0.00006104
-0.91607764,0.00006104
-0.91575764,0.00006104
-0.91543764,0.00006104
-0.91511764,0.00006104
-0.91479764,0.00006104
-0.91447764,0.00006104
-0.91415764,0.00006104
-0.91383764,0.00006104
-0.91351764,0.00006104
-0.91319764,0.00006104
-0.91287764,0.00006104
-0.91255764,0.00006104
-0.91223764,0.00006104
-0.91191764,0.00006104
-0.91159764,0.00006104
-0.91127764,0.00006104
-0.91095764,0.00006104
-0.91063764,0.00006104
-0.91031764,0.00006104
-0.90999764,0.00006104
-0.90967764,0.00006104
-0.90935764,0.00006104
-0.90903764,0.00006104
-0.90871764,0.00006104
-0.90839764,0.00006104
-0.90807764,0.00006104
-0.90775764,0.00006104
-0.90743764,0.00006104
-0.90711764,0.00006104
-0.90679764,0.00006104
-0.90647764,0.00006104
-0.90615764,0.00006104
-0.90583764,0.00006104
-0.90551764,0.00006104
-0.90519764,-0.01770074
-0.90487764,0.00006104
-0.90455764,0.00006104
-0.90423764,0.00006104
-0.90391764,0.00006104
-0.90359764,0.00006104
-0.90327764,0.00006104
-0.90295764,0.00006104
-0.90263764,0.00006104
-0.90231764,0.00006104
-0.90199764,0.00006104
-0.90167764,0.00006104
-0.90135764,0.00006104
-0.90103764,0.00006104
-0.90071764,0.00006104
-0.90039764,0.00006104
-0.90007764,0.00006104
-0.89975764,0.00006104
-0.89943764,0.00006104
-0.89911764,-0.01770074
-0.89879764,0.00006104
-0.89847764,0.00006104
-0.89815764,0.00006104
-0.89783764,0.00006104
-0.89751764,0.00006104
-0.89719764,0.00006104
-0.89687764,0.00006104
-0.89655764,0.00006104
-0.89623764,-0.01770074
-0.89591764,0.00006104
-0.89559764,0.00006104
-0.89527764,0.00006104
-0.89495764,0.00006104
-0.89463764,0.00006104
-0.89431764,0.00006104
-0.89399764,0.00006104
-0.89367764,0.00006104
-0.89335764,0.00006104
-0.89303764,0.00006104
-0.89271764,-0.01770074
-0.89239764,0.00006104
-0.89207764,0.00006104
-0.89175764,0.00006104
-0.89143764,0.00006104
-0.89111764,0.00006104
-0.89079764,0.00006104
-0.89047764,0.00006104
-0.89015764,0.00006104
-0.88983764,0.00006104
-0.88951764,0.00006104
-0.88919764,0.00006104
-0.88887764,0.00006104
-0.88855764,0.00006104
-0.88823764,0.00006104
-0.88791764,0.00006104
-0.88759764,0.00006104
-0.88727764,0.00006104
-0.88695764,0.00006104
-0.88663764,0.00006104
-0.88631764,0.00006104
-0.88599764,0.00006104
-0.88567764,0.00006104
-0.88535764,0.00006104
-0.88503764,0.00006104
-0.88471764,-0.01770074
-0.88439764,0.00006104
-0.88407764,0.00006104
-0.88375764,0.00006104
-0.88343764,0.00006104
-0.88311764,0.00006104
-0.88279764,0.00006104
-0.88247764,0.00006104
-0.88215764,0.00006104
-0.88183764,0.00006104
-0.88151764,0.00006104
-0.88119764,0.00006104
-0.88087764,0.00006104
-0.88055764,0.00006104
-0.88023764,0.00006104
-0.87991764,0.00006104
-0.87959764,0.00006104
-0.87927764,0.00006104
-0.87895764,0.00006104
-0.87863764,-0.01770074
-0.87831764,0.00006104
-0.87799764,0.00006104
-0.87767764,0.00006104
-0.87735764,0.00006104
-0.87703764,0.00006104
-0.87671764,0.00006104
-0.87639764,0.00006104
-0.87607764,0.00006104
-0.87575764,0.00006104
-0.87543764,0.00006104
-0.87511764,0.00006104
-0.87479764,0.00006104
-0.87447764,0.00006104
-0.87415764,0.00006104
-0.87383764,0.00006104
-0.87351764,-0.01770074
-0.87319764,0.00006104
-0.87287764,0.00006104
-0.87255764,0.00006104
-0.87223764,0.00006104
-0.87191764,0.00006104
-0.87159764,0.00006104
-0.87127764,0.00006104
-0.87095764,-0.01770074
-0.87063764,0.00006104
-0.87031764,0.00006104
-0.86999764,0.00006104
-0.86967764,0.00006104
-0.86935764,0.00006104
-0.86903764,0.00006104
-0.86871764,0.00006104
-0.86839764,0.00006104
-0.86807764,0.00006104
-0.86775764,0.00006104
-0.86743764,0.00006104
-0.86711764,0.00006104
-0.86679764,0.00006104
-0.86647764,0.00006104
-0.86615764,0.00006104
-0.86583764,-0.01770074
-0.86551764,0.00006104
-0.86519764,0.00006104
-0.86487764,0.00006104
-0.86455764,0.00006104
-0.86423764,0.00006104
-0.86391764,0.00006104
-0.86359764,0.00006104
-0.86327764,0.00006104
-0.86295764,0.00006104
-0.86263764,0.00006104
-0.86231764,0.00006104
-0.86199764,0.00006104
-0.86167764,0.00006104
-0.86135764,0.00006104
-0.86103764,0.00006104
-0.86071764,0.00006104
-0.86039764,0.00006104
-0.86007764,0.00006104
-0.85975764,0.00006104
-0.85943764,0.00006104
-0.85911764,0.00006104
-0.85879764,0.00006104
-0.85847764,0.00006104
-0.85815764,0.00006104
-0.85783764,0.00006104
-0.85751764,0.00006104
-0.85719764,0.00006104
-0.85687764,0.00006104
-0.85655764,0.00006104
-0.85623764,0.00006104
-0.85591764,0.00006104
-0.85559764,0.00006104
-0.85527764,0.00006104
-0.85495764,0.00006104
-0.85463764,0.00006104
-0.85431764,0.00006104
-0.85399764,0.00006104
-0.85367764,0.00006104
-0.85335764,0.00006104
-0.85303764,0.00006104
-0.85271764,0.00006104
-0.85239764,0.00006104
-0.85207764,0.00006104
-0.85175764,0.00006104
-0.85143764,0.00006104
-0.85111764,0.00006104
-0.85079764,0.00006104
-0.85047764,-0.01770074
-0.85015764,0.00006104
-0.84983764,0.00006104
-0.84951764,0.00006104
-0.84919764,0.00006104
-0.84887764,0.00006104
-0.84855764,0.00006104
-0.84823764,0.00006104
-0.84791764,0.00006104
-0.84759764,0.00006104
-0.84727764,0.00006104
-0.84695764,0.00006104
-0.84663764,0.00006104
-0.84631764,0.00006104
-0.84599764,0.00006104
-0.84567764,0.00006104
-0.84535764,0.00006104
-0.84503764,0.00006104
-0.84471764,0.00006104
-0.84439764,0.00006104
-0.84407764,0.00006104
-0.84375764,0.00006104
-0.84343764,0.00006104
-0.84311764,0.00006104
-0.84279764,0.00006104
-0.84247764,0.00006104
-0.84215764,0.00006104
-0.84183764,0.00006104
-0.84151764,0.00006104
-0.84119764,0.00006104
-0.84087764,0.00006104
-0.84055764,0.00006104
-0.84023764,0.00006104
-0.83991764,0.00006104
-0.83959764,0.00006104
-0.83927764,0.00006104
-0.83895764,0.00006104
-0.83863764,0.00006104
-0.83831764,0.00006104
-0.83799764,0.00006104
-0.83767764,0.00006104
-0.83735764,0.00006104
-0.83703764,0.00006104
-0.83671764,0.00006104
-0.83639764,0.00006104
-0.83607764,0.00006104
-0.83575764,0.00006104
-0.83543764,0.00006104
-0.83511764,0.00006104
-0.83479764,0.00006104
-0.83447764,0.00006104
-0.83415764,0.00006104
-0.83383764,0.00006104
-0.83351764,0.00006104
-0.83319764,0.00006104
-0.83287764,0.00006104
-0.83255764,0.00006104
-0.83223764,0.00006104
-0.83191764,0.00006104
-0.83159764,0.00006104
-0.83127764,0.00006104
-0.83095764,0.00006104
-0.83063764,0.00006104
-0.83031764,0.00006104
-0.82999764,-0.01770074
-0.82967764,0.00006104
-0.82935764,0.00006104
-0.82903764,0.00006104
-0.82871764,0.00006104
-0.82839764,0.00006104
-0.82807764,0.00006104
-0.82775764,0.00006104
-0.82743764,-0.01770074
-0.82711764,0.00006104
-0.82679764,0.00006104
-0.82647764,0.00006104
-0.82615764,0.00006104
-0.82583764,0.00006104
-0.82551764,0.00006104
-0.82519764,0.00006104
-0.82487764,0.00006104
-0.82455764,0.00006104
-0.82423764,-0.01770074
-0.82391764,0.00006104
-0.82359764,0.00006104
-0.82327764,0.00006104
-0.82295764,0.00006104
-0.82263764,0.00006104
-0.82231764,-0.01770074
-0.82199764,0.00006104
-0.82167764,0.00006104
-0.82135764,0.00006104
-0.82103764,0.00006104
-0.82071764,-0.01770074
-0.82039764,0.00006104
-0.82007764,0.00006104
-0.81975764,0.00006104
-0.81943764,0.00006104
-0.81911764,0.00006104
-0.81879764,0.00006104
-0.81847764,0.00006104
-0.81815764,0.00006104
-0.81783764,0.00006104
-0.81751764,0.00006104
-0.81719764,0.00006104
-0.81687764,0.00006104
-0.81655764,0.00006104
-0.81623764,0.00006104
-0.81591764,0.00006104
-0.81559764,0.00006104
-0.81527764,0.00006104
-0.81495764,0.00006104
-0.81463764,0.00006104
-0.81431764,0.00006104
-0.81399764,-0.01770074
-0.81367764,0.00006104
-0.81335764,0.00006104
-0.81303764,0.00006104
-0.81271764,0.00006104
-0.81239764,0.00006104
-0.81207764,-0.01770074
-0.81175764,-0.01770074
-0.81143764,0.00006104
-0.81111764,0.00006104
-0.81079764,0.00006104
-0.81047764,0.00006104
-0.81015764,0.00006104
-0.80983764,0.00006104
-0.80951764,0.00006104
-0.80919764,0.00006104
-0.80887764,0.00006104
-0.80855764,0.00006104
-0.80823764,0.00006104
-0.80791764,0.00006104
-0.80759764,-0.01770074
-0.80727764,0.00006104
-0.80695764,0.00006104
-0.80663764,0.00006104
-0.80631764,0.00006104
-0.80599764,0.00006104
-0.80567764,0.00006104
-0.80535764,0.00006104
-0.80503764,0.00006104
-0.80471764,0.00006104
-0.80439764,0.00006104
-0.80407764,0.00006104
-0.80375764,0.00006104
-0.80343764,0.00006104
-0.80311764,0.00006104
-0.80279764,0.00006104
-0.80247764,0.00006104
-0.80215764,0.00006104
-0.80183764,0.00006104
-0.80151764,-0.01770074
-0.80119764,-0.01770074
-0.80087764,0.00006104
-0.80055764,0.00006104
-0.80023764,0.00006104
-0.79991764,0.00006104
-0.79959764,0.00006104
-0.79927764,0.00006104
-0.79895764,0.00006104
-0.79863764,0.00006104
-0.79831764,0.00006104
-0.79799764,0.00006104
-0.79767764,0.00006104
-0.79735764,0.00006104
-0.79703764,0.00006104
-0.79671764,0.00006104
-0.79639764,0.00006104
-0.79607764,0.00006104
-0.79575764,0.00006104
-0.79543764,0.00006104
-0.79511764,0.00006104
-0.79479764,0.00006104
-0.79447764,0.00006104
-0.79415764,0.00006104
-0.79383764,0.00006104
-0.79351764,-0.01770074
-0.79319764,0.00006104
-0.79287764,0.00006104
-0.79255764,0.00006104
-0.79223764,0.00006104
-0.79191764,0.00006104
-0.79159764,0.00006104
-0.79127764,0.00006104
-0.79095764,0.00006104
-0.79063764,0.00006104
-0.79031764,0.00006104
-0.78999764,0.00006104
-0.78967764,0.00006104
-0.78935764,0.00006104
-0.78903764,0.00006104
-0.78871764,0.00006104
-0.78839764,0.00006104
-0.78807764,0.00006104
-0.78775764,0.00006104
-0.78743764,0.00006104
-0.78711764,0.00006104
-0.78679764,0.00006104
-0.78647764,0.00006104
-0.78615764,-0.01770074
-0.78583764,-0.01770074
-0.78551764,0.00006104
-0.78519764,0.00006104
-0.78487764,0.00006104
-0.78455764,0.00006104
-0.78423764,0.00006104
-0.78391764,0.00006104
-0.78359764,0.00006104
-0.78327764,0.00006104
-0.78295764,0.00006104
-0.78263764,0.00006104
-0.78231764,0.00006104
-0.78199764,0.00006104
-0.78167764,0.00006104
-0.78135764,0.00006104
-0.78103764,0.00006104
-0.78071764,0.00006104
-0.78039764,0.00006104
-0.78007764,0.00006104
-0.77975764,0.00006104
-0.77943764,0.00006104
-0.77911764,0.00006104
-0.77879764,0.00006104
-0.77847764,0.00006104
-0.77815764,0.00006104
-0.77783764,0.00006104
-0.77751764,0.00006104
-0.77719764,0.00006104
-0.77687764,0.00006104
-0.77655764,0.00006104
-0.77623764,0.00006104
-0.77591764,0.00006104
-0.77559764,0.00006104
-0.77527764,0.00006104
-0.77495764,0.00006104
-0.77463764,0.00006104
-0.77431764,0.00006104
-0.77399764,0.00006104
-0.77367764,0.00006104
-0.77335764,0.00006104
-0.77303764,0.00006104
-0.77271764,0.00006104
-0.77239764,0.00006104
-0.77207764,0.00006104
-0.77175764,0.00006104
-0.77143764,0.00006104
-0.77111764,0.00006104
-0.77079764,0.00006104
-0.77047764,0.00006104
-0.77015764,0.00006104
-0.76983764,0.00006104
-0.76951764,0.00006104
-0.76919764,-0.01770074
-0.76887764,0.00006104
-0.76855764,0.00006104
-0.76823764,0.00006104
-0.76791764,0.00006104
-0.76759764,0.00006104
-0.76727764,0.00006104
-0.76695764,0.00006104
-0.76663764,0.00006104
-0.76631764,0.00006104
-0.76599764,-0.01770074
-0.76567764,0.00006104
-0.76535764,0.00006104
-0.76503764,0.00006104
-0.76471764,0.00006104
-0.76439764,0.00006104
-0.76407764,0.00006104
-0.76375764,0.00006104
-0.76343764,0.00006104
-0.76311764,0.00006104
-0.76279764,0.00006104
-0.76247764,0.00006104
-0.76215764,0.00006104
-0.76183764,0.00006104
-0.76151764,-0.01770074
-0.76119764,0.00006104
-0.76087764,0.00006104
-0.76055764,0.00006104
-0.76023764,0.00006104
-0.75991764,0.00006104
-0.75959764,0.00006104
-0.75927764,0.00006104
-0.75895764,0.00006104
-0.75863764,0.00006104
-0.75831764,0.00006104
-0.75799764,0.01788385
-0.75767764,0.00006104
-0.75735764,0.00006104
-0.75703764,0.00006104
-0.75671764,0.00006104
-0.75639764,0.00006104
-0.75607764,0.00006104
-0.75575764,0.00006104
-0.75543764,0.00006104
-0.75511764,0.00006104
-0.75479764,0.00006104
-0.75447764,0.00006104
-0.75415764,0.00006104
-0.75383764,-0.01770074
-0.75351764,-0.01770074
-0.75319764,0.00006104
-0.75287764,0.00006104
-0.75255764,0.00006104
-0.75223764,-0.01770074
-0.75191764,-0.01770074
-0.75159764,0.00006104
-0.75127764,0.00006104
-0.75095764,0.00006104
-0.75063764,-0.01770074
-0.75031764,0.00006104
-0.74999764,-0.01770074
-0.74967764,0.00006104
-0.74935764,0.00006104
-0.74903764,0.00006104
-0.74871764,0.00006104
-0.74839764,0.00006104
-0.74807764,0.00006104
-0.74775764,0.00006104
-0.74743764,0.00006104
-0.74711764,0.00006104
-0.74679764,0.00006104
-0.74647764,0.00006104
-0.74615764,0.00006104
-0.74583764,0.00006104
-0.74551764,0.00006104
-0.74519764,0.00006104
-0.74487764,0.00006104
-0.74455764,0.00006104
-0.74423764,0.00006104
-0.74391764,0.00006104
-0.74359764,0.00006104
-0.74327764,0.00006104
-0.74295764,0.00006104
-0.74263764,0.00006104
-0.74231764,0.00006104
-0.74199764,-0.01770074
-0.74167764,-0.01770074
-0.74135764,-0.01770074
-0.74103764,0.00006104
-0.74071764,0.00006104
-0.74039764,0.00006104
-0.74007764,0.00006104
-0.73975764,0.00006104
-0.73943764,0.00006104
-0.73911764,0.00006104
-0.73879764,0.00006104
-0.73847764,0.00006104
-0.73815764,0.00006104
-0.73783764,0.00006104
-0.73751764,0.00006104
-0.73719764,0.00006104
-0.73687764,0.00006104
-0.73655764,0.00006104
-0.73623764,0.00006104
-0.73591764,0.00006104
-0.73559764,0.00006104
-0.73527764,0.00006104
-0.73495764,0.00006104
-0.73463764,-0.01770074
-0.73431764,0.00006104
-0.73399764,-0.01770074
-0.73367764,0.00006104
-0.73335764,0.00006104
-0.73303764,0.00006104
-0.73271764,0.00006104
-0.73239764,0.00006104
-0.73207764,0.00006104
-0.73175764,0.00006104
-0.73143764,0.00006104
-0.73111764,0.00006104
-0.73079764,0.00006104
-0.73047764,0.00006104
-0.73015764,0.00006104
-0.72983764,0.00006104
-0.72951764,0.00006104
-0.72919764,0.00006104
-0.72887764,0.00006104
-0.72855764,0.00006104
-0.72823764,0.00006104
-0.72791764,0.00006104
-0.72759764,0.00006104
-0.72727764,0.00006104
-0.72695764,0.00006104
-0.72663764,0.00006104
-0.72631764,0.00006104
-0.72599764,0.00006104
-0.72567764,-0.01770074
-0.72535764,0.00006104
-0.72503764,0.00006104
-0.72471764,0.00006104
-0.72439764,0.00006104
-0.72407764,0.00006104
-0.72375764,0.00006104
-0.72343764,0.00006104
-0.72311764,0.00006104
-0.72279764,0.00006104
-0.72247764,0.00006104
-0.72215764,0.00006104
-0.72183764,0.00006104
-0.72151764,0.00006104
-0.72119764,0.00006104
-0.72087764,0.00006104
-0.72055764,0.00006104
-0.72023764,0.00006104
-0.71991764,0.00006104
-0.71959764,0.00006104
-0.71927764,0.00006104
-0.71895764,0.00006104
-0.71863764,0.00006104
-0.71831764,0.00006104
-0.71799764,-0.01770074
-0.71767764,0.00006104
-0.71735764,-0.01770074
-0.71703764,0.00006104
-0.71671764,0.00006104
-0.71639764,0.00006104
-0.71607764,0.00006104
-0.71575764,0.00006104
-0.71543764,0.00006104
-0.71511764,0.00006104
-0.71479764,0.00006104
-0.71447764,0.00006104
-0.71415764,0.00006104
-0.71383764,0.00006104
-0.71351764,0.00006104
-0.71319764,0.00006104
-0.71287764,0.00006104
-0.71255764,0.00006104
-0.71223764,0.00006104
-0.71191764,0.00006104
-0.71159764,0.00006104
-0.71127764,0.00006104
-0.71095764,0.00006104
-0.71063764,0.00006104
-0.71031764,0.00006104
-0.70999764,0.00006104
-0.70967764,0.00006104
-0.70935764,-0.01770074
-0.70903764,0.00006104
-0.70871764,0.00006104
-0.70839764,0.00006104
-0.70807764,0.00006104
-0.70775764,0.00006104
-0.70743764,0.00006104
-0.70711764,0.00006104
-0.70679764,0.00006104
-0.70647764,0.00006104
-0.70615764,0.00006104
-0.70583764,0.00006104
-0.70551764,0.00006104
-0.70519764,0.00006104
-0.70487764,0.00006104
-0.70455764,0.00006104
-0.70423764,0.00006104
-0.70391764,0.00006104
-0.70359764,0.00006104
-0.70327764,0.00006104
-0.70295764,0.00006104
-0.70263764,0.00006104
-0.70231764,0.00006104
-0.70199764,0.00006104
-0.70167764,0.00006104
-0.70135764,0.00006104
-0.70103764,0.00006104
-0.70071764,0.00006104
-0.70039764,0.00006104
-0.70007764,0.00006104
-0.69975764,0.00006104
-0.69943764,0.00006104
-0.69911764,0.00006104
-0.69879764,0.00006104
-0.69847764,0.00006104
-0.69815764,0.00006104
-0.69783764,0.00006104
-0.69751764,0.00006104
-0.69719764,0.00006104
-0.69687764,0.00006104
-0.69655764,0.00006104
-0.69623764,0.00006104
-0.69591764,0.00006104
-0.69559764,0.00006104
-0.69527764,0.00006104
-0.69495764,0.00006104
-0.69463764,0.00006104
-0.69431764,0.00006104
-0.69399764,0.00006104
-0.69367764,0.00006104
-0.69335764,0.00006104
-0.69303764,0.00006104
-0.69271764,-0.01770074
-0.69239764,0.00006104
-0.69207764,0.00006104
-0.69175764,-0.01770074
-0.69143764,0.00006104
-0.69111764,0.00006104
-0.69079764,0.00006104
-0.69047764,0.00006104
-0.69015764,0.00006104
-0.68983764,0.00006104
-0.68951764,0.00006104
-0.68919764,-0.01770074
-0.68887764,0.00006104
-0.68855764,0.00006104
-0.68823764,0.00006104
-0.68791764,0.00006104
-0.68759764,0.00006104
-0.68727764,0.00006104
-0.68695764,0.00006104
-0.68663764,0.00006104
-0.68631764,0.00006104
-0.68599764,0.00006104
-0.68567764,0.00006104
-0.68535764,0.00006104
-0.68503764,0.00006104
-0.68471764,0.00006104
-0.68439764,0.00006104
-0.68407764,0.00006104
-0.68375764,0.00006104
-0.68343764,0.00006104
-0.68311764,0.00006104
-0.68279764,0.00006104
-0.68247764,0.00006104
-0.68215764,0.00006104
-0.68183764,0.00006104
-0.68151764,0.00006104
-0.68119764,0.00006104
-0.68087764,0.00006104
-0.68055764,0.00006104
-0.68023764,0.00006104
-0.67991764,0.00006104
-0.67959764,0.00006104
-0.67927764,0.00006104
-0.67895764,0.00006104
-0.67863764,0.00006104
-0.67831764,0.00006104
-0.67799764,0.00006104
-0.67767764,0.00006104
-0.67735764,0.00006104
-0.67703764,0.00006104
-0.67671764,0.00006104
-0.67639764,0.00006104
-0.67607764,0.00006104
-0.67575764,0.00006104
-0.67543764,0.00006104
-0.67511764,-0.01770074
-0.67479764,0.00006104
-0.67447764,0.00006104
-0.67415764,0.00006104
-0.67383764,0.00006104
-0.67351764,0.00006104
-0.67319764,0.00006104
-0.67287764,0.00006104
-0.67255764,0.00006104
-0.67223764,0.00006104
-0.67191764,0.00006104
-0.67159764,0.00006104
-0.67127764,0.00006104
-0.67095764,0.00006104
-0.67063764,-0.01770074
-0.67031764,0.00006104
-0.66999764,0.00006104
-0.66967764,0.00006104
-0.66935764,-0.01770074
-0.66903764,0.00006104
-0.66871764,0.00006104
-0.66839764,0.00006104
-0.66807764,0.00006104
-0.66775764,0.00006104
-0.66743764,0.00006104
-0.66711764,0.00006104
-0.66679764,0.01788385
-0.66647764,0.00006104
-0.66615764,0.00006104
-0.66583764,0.00006104
-0.66551764,0.00006104
-0.66519764,0.00006104
-0.66487764,-0.01770074
-0.66455764,0.00006104
-0.66423764,0.00006104
-0.66391764,0.00006104
-0.66359764,0.00006104
-0.66327764,0.00006104
-0.66295764,0.00006104
-0.66263764,0.00006104
-0.66231764,0.00006104
-0.66199764,0.00006104
-0.66167764,0.00006104
-0.66135764,0.00006104
-0.66103764,0.00006104
-0.66071764,0.00006104
-0.66039764,0.00006104
-0.66007764,0.00006104
-0.65975764,0.00006104
-0.65943764,0.00006104
-0.65911764,0.00006104
-0.65879764,0.00006104
-0.65847764,0.00006104
-0.65815764,0.00006104
-0.65783764,0.00006104
-0.65751764,0.00006104
-0.65719764,0.00006104
-0.65687764,0.00006104
-0.65655764,0.00006104
-0.65623764,0.00006104
-0.65591764,0.00006104
-0.65559764,0.00006104
-0.65527764,0.00006104
-0.65495764,0.00006104
-0.65463764,0.00006104
-0.65431764,0.00006104
-0.65399764,0.00006104
-0.65367764,0.00006104
-0.65335764,0.00006104
-0.65303764,0.00006104
-0.65271764,0.00006104
-0.65239764,0.00006104
-0.65207764,0.00006104
-0.65175764,0.00006104
-0.65143764,0.00006104
-0.65111764,0.00006104
-0.65079764,0.00006104
-0.65047764,0.00006104
-0.65015764,0.00006104
-0.64983764,0.00006104
-0.64951764,0.00006104
-0.64919764,0.00006104
-0.64887764,0.00006104
-0.64855764,0.00006104
-0.64823764,0.00006104
-0.64791764,0.00006104
-0.64759764,0.00006104
-0.64727764,0.00006104
-0.64695764,0.00006104
-0.64663764,0.00006104
-0.64631764,0.00006104
-0.64599764,0.00006104
-0.64567764,-0.01770074
-0.64535764,0.00006104
-0.64503764,0.00006104
-0.64471764,0.00006104
-0.64439764,0.00006104
-0.64407764,0.00006104
-0.64375764,0.00006104
-0.64343764,0.00006104
-0.64311764,0.00006104
-0.64279764,0.00006104
-0.64247764,0.00006104
-0.64215764,0.00006104
-0.64183764,0.00006104
-0.64151764,0.00006104
-0.64119764,0.00006104
-0.64087764,0.00006104
-0.64055764,0.00006104
-0.64023764,0.00006104
-0.63991764,0.00006104
-0.63959764,0.00006104
-0.63927764,0.00006104
-0.63895764,0.00006104
-0.63863764,0.00006104
-0.63831764,0.00006104
-0.63799764,0.00006104
-0.63767764,0.00006104
-0.63735764,0.00006104
-0.63703764,0.00006104
-0.63671764,-0.01770074
-0.63639764,0.00006104
-0.63607764,0.00006104
-0.63575764,0.00006104
-0.63543764,0.00006104
-0.63511764,0.00006104
-0.63479764,-0.01770074
-0.63447764,0.00006104
-0.63415764,0.00006104
-0.63383764,0.00006104
-0.63351764,0.00006104
-0.63319764,0.00006104
-0.63287764,0.00006104
-0.63255764,0.00006104
-0.63223764,0.00006104
-0.63191764,0.00006104
-0.63159764,0.00006104
-0.63127764,0.00006104
-0.63095764,0.00006104
-0.63063764,0.00006104
-0.63031764,0.00006104
-0.62999764,0.00006104
-0.62967764,-0.01770074
-0.62935764,0.00006104
-0.62903764,0.00006104
-0.62871764,0.00006104
-0.62839764,0.00006104
-0.62807764,0.00006104
-0.62775764,-0.01770074
-0.62743764,0.00006104
-0.62711764,0.00006104
-0.62679764,0.00006104
-0.62647764,0.00006104
-0.62615764,0.00006104
-0.62583764,0.00006104
-0.62551764,0.00006104
-0.62519764,0.00006104
-0.62487764,0.00006104
-0.62455764,0.00006104
-0.62423764,0.00006104
-0.62391764,0.00006104
-0.62359764,0.00006104
-0.62327764,0.00006104
-0.62295764,0.00006104
-0.62263764,0.00006104
-0.62231764,0.00006104
-0.62199764,-0.01770074
-0.62167764,0.00006104
-0.62135764,0.00006104
-0.62103764,0.00006104
-0.62071764,0.00006104
-0.62039764,0.00006104
-0.62007764,0.00006104
-0.61975764,-0.01770074
-0.61943764,0.00006104
-0.61911764,0.00006104
-0.61879764,0.00006104
-0.61847764,0.00006104
-0.61815764,0.00006104
-0.61783764,0.00006104
-0.61751764,0.00006104
-0.61719764,0.00006104
-0.61687764,0.00006104
-0.61655764,0.00006104
-0.61623764,0.00006104
-0.61591764,0.00006104
-0.61559764,0.00006104
-0.61527764,0.00006104
-0.61495764,0.00006104
-0.61463764,0.00006104
-0.61431764,0.00006104
-0.61399764,0.00006104
-0.61367764,0.00006104
-0.61335764,0.00006104
-0.61303764,-0.01770074
-0.61271764,0.00006104
-0.61239764,0.00006104
-0.61207764,0.00006104
-0.61175764,0.00006104
-0.61143764,0.00006104
-0.61111764,0.00006104
-0.61079764,0.00006104
-0.61047764,-0.01770074
-0.61015764,0.00006104
-0.60983764,0.00006104
-0.60951764,0.00006104
-0.60919764,0.00006104
-0.60887764,0.00006104
-0.60855764,0.00006104
-0.60823764,0.00006104
-0.60791764,0.00006104
-0.60759764,0.00006104
-0.60727764,0.00006104
-0.60695764,0.00006104
-0.60663764,0.00006104
-0.60631764,0.00006104
-0.60599764,0.00006104
-0.60567764,0.00006104
-0.60535764,0.00006104
-0.60503764,0.00006104
-0.60471764,0.00006104
-0.60439764,-0.01770074
-0.60407764,0.00006104
-0.60375764,0.00006104
-0.60343764,0.00006104
-0.60311764,-0.01770074
-0.60279764,0.00006104
-0.60247764,0.00006104
-0.60215764,0.00006104
-0.60183764,0.00006104
-0.60151764,0.00006104
-0.60119764,0.00006104
-0.60087764,0.00006104
-0.60055764,0.00006104
-0.60023764,0.00006104
-0.59991764,0.00006104
-0.59959764,0.00006104
-0.59927764,0.00006104
-0.59895764,0.00006104
-0.59863764,0.00006104
-0.59831764,0.00006104
-0.59799764,0.00006104
-0.59767764,0.00006104
-0.59735764,0.00006104
-0.59703764,0.00006104
-0.59671764,0.00006104
-0.59639764,0.00006104
-0.59607764,0.00006104
-0.59575764,0.00006104
-0.59543764,0.00006104
-0.59511764,0.00006104
-0.59479764,0.00006104
-0.59447764,0.00006104
-0.59415764,0.00006104
-0.59383764,0.00006104
-0.59351764,0.00006104
-0.59319764,0.00006104
-0.59287764,0.00006104
-0.59255764,0.00006104
-0.59223764,0.00006104
-0.59191764,0.00006104
-0.59159764,0.00006104
-0.59127764,0.00006104
-0.59095764,0.00006104
-0.59063764,0.00006104
-0.59031764,0.00006104
-0.58999764,0.00006104
-0.58967764,0.00006104
-0.58935764,0.00006104
-0.58903764,0.00006104
-0.58871764,0.00006104
-0.58839764,0.00006104
-0.58807764,0.00006104
-0.58775764,0.00006104
-0.58743764,0.00006104
-0.58711764,0.00006104
-0.58679764,0.00006104
-0.58647764,0.00006104
-0.58615764,0.00006104
-0.58583764,0.00006104
-0.58551764,0.00006104
-0.58519764,0.00006104
-0.58487764,0.00006104
-0.58455764,0.00006104
-0.58423764,-0.01770074
-0.58391764,0.00006104
-0.58359764,0.00006104
-0.58327764,0.00006104
-0.58295764,0.00006104
-0.58263764,0.00006104
-0.58231764,-0.01770074
-0.58199764,-0.01770074
-0.58167764,0.00006104
-0.58135764,0.00006104
-0.58103764,0.00006104
-0.58071764,0.00006104
-0.58039764,-0.01770074
-0.58007764,0.00006104
-0.57975764,0.00006104
-0.57943764,0.00006104
-0.57911764,0.00006104
-0.57879764,0.00006104
-0.57847764,0.00006104
-0.57815764,0.00006104
-0.57783764,0.00006104
-0.57751764,0.00006104
-0.57719764,0.00006104
-0.57687764,0.00006104
-0.57655764,0.00006104
-0.57623764,0.00006104
-0.57591764,0.00006104
-0.57559764,0.00006104
-0.57527764,0.00006104
-0.57495764,0.00006104
-0.57463764,0.00006104
-0.57431764,0.00006104
-0.57399764,0.00006104
-0.57367764,0.00006104
-0.57335764,0.00006104
-0.57303764,0.00006104
-0.57271764,0.00006104
-0.57239764,0.00006104
-0.57207764,0.00006104
-0.57175764,0.00006104
-0.57143764,0.00006104
-0.57111764,0.00006104
-0.57079764,0.00006104
-0.57047764,0.00006104
-0.57015764,0.00006104
-0.56983764,0.00006104
-0.56951764,0.00006104
-0.56919764,0.00006104
-0.56887764,0.00006104
-0.56855764,0.00006104
-0.56823764,0.00006104
-0.56791764,0.00006104
-0.56759764,0.00006104
-0.56727764,0.00006104
-0.56695764,0.00006104
-0.56663764,0.00006104
-0.56631764,0.00006104
-0.56599764,0.00006104
-0.56567764,0.00006104
-0.56535764,-0.01770074
-0.56503764,0.00006104
-0.56471764,0.00006104
-0.56439764,0.00006104
-0.56407764,0.00006104
-0.56375764,0.00006104
-0.56343764,0.00006104
-0.56311764,-0.01770074
-0.56279764,0.00006104
-0.56247764,0.00006104
-0.56215764,0.00006104
-0.56183764,0.00006104
-0.56151764,0.00006104
-0.56119764,0.00006104
-0.56087764,0.00006104
-0.56055764,0.00006104
-0.56023764,0.00006104
-0.55991764,0.00006104
-0.55959764,0.00006104
-0.55927764,0.00006104
-0.55895764,0.00006104
-0.55863764,0.00006104
-0.55831764,0.00006104
-0.55799764,0.00006104
-0.55767764,0.00006104
-0.55735764,0.00006104
-0.55703764,0.00006104
-0.55671764,0.00006104
-0.55639764,0.00006104
-0.55607764,0.00006104
-0.55575764,-0.01770074
-0.55543764,0.00006104
-0.55511764,0.00006104
-0.55479764,-0.01770074
-0.55447764,0.00006104
-0.55415764,0.00006104
-0.55383764,0.00006104
-0.55351764,0.00006104
-0.55319764,0.00006104
-0.55287764,0.00006104
-0.55255764,0.00006104
-0.55223764,0.00006104
-0.55191764,0.00006104
-0.55159764,-0.01770074
-0.55127764,0.00006104
-0.55095764,0.00006104
-0.55063764,0.00006104
-0.55031764,0.00006104
-0.54999764,0.00006104
-0.54967764,0.00006104
-0.54935764,0.00006104
-0.54903764,0.00006104
-0.54871764,0.00006104
-0.54839764,0.00006104
-0.54807764,0.00006104
-0.54775764,0.00006104
-0.54743764,-0.01770074
-0.54711764,0.00006104
-0.54679764,0.00006104
-0.54647764,0.00006104
-0.54615764,0.00006104
-0.54583764,0.00006104
-0.54551764,0.00006104
-0.54519764,0.00006104
-0.54487764,0.00006104
-0.54455764,0.00006104
-0.54423764,0.00006104
-0.54391764,0.00006104
-0.54359764,0.00006104
-0.54327764,0.00006104
-0.54295764,0.00006104
-0.54263764,0.00006104
-0.54231764,0.00006104
-0.54199764,0.00006104
-0.54167764,0.00006104
-0.54135764,0.00006104
-0.54103764,0.00006104
-0.54071764,0.00006104
-0.54039764,0.00006104
-0.54007764,0.00006104
-0.53975764,0.00006104
-0.53943764,0.00006104
-0.53911764,0.00006104
-0.53879764,0.00006104
-0.53847764,0.00006104
-0.53815764,0.00006104
-0.53783764,0.00006104
-0.53751764,0.00006104
-0.53719764,0.00006104
-0.53687764,0.00006104
-0.53655764,-0.01770074
-0.53623764,0.00006104
-0.53591764,0.00006104
-0.53559764,0.00006104
-0.53527764,0.00006104
-0.53495764,0.00006104
-0.53463764,0.00006104
-0.53431764,0.00006104
-0.53399764,0.00006104
-0.53367764,0.00006104
-0.53335764,0.00006104
-0.53303764,0.00006104
-0.53271764,0.00006104
-0.53239764,0.00006104
-0.53207764,0.00006104
-0.53175764,0.00006104
-0.53143764,0.00006104
-0.53111764,0.00006104
-0.53079764,0.00006104
-0.53047764,0.00006104
-0.53015764,0.00006104
-0.52983764,0.00006104
-0.52951764,0.00006104
-0.52919764,0.00006104
-0.52887764,0.00006104
-0.52855764,0.00006104
-0.52823764,0.00006104
-0.52791764,0.00006104
-0.52759764,0.00006104
-0.52727764,0.00006104
-0.52695764,0.00006104
-0.52663764,0.00006104
-0.52631764,0.00006104
-0.52599764,0.00006104
-0.52567764,0.00006104
-0.52535764,0.00006104
-0.52503764,0.00006104
-0.52471764,0.00006104
-0.52439764,0.00006104
-0.52407764,0.00006104
-0.52375764,0.00006104
-0.52343764,0.00006104
-0.52311764,0.00006104
-0.52279764,0.00006104
-0.52247764,0.00006104
-0.52215764,0.00006104
-0.52183764,0.00006104
-0.52151764,0.00006104
-0.52119764,0.00006104
-0.52087764,0.00006104
-0.52055764,0.00006104
-0.52023764,0.00006104
-0.51991764,0.00006104
-0.51959764,0.00006104
-0.51927764,0.00006104
-0.51895764,0.00006104
-0.51863764,0.00006104
-0.51831764,0.00006104
-0.51799764,0.00006104
-0.51767764,0.00006104
-0.51735764,0.00006104
-0.51703764,0.00006104
-0.51671764,0.00006104
-0.51639764,0.00006104
-0.51607764,0.00006104
-0.51575764,0.00006104
-0.51543764,0.00006104
-0.51511764,0.00006104
-0.51479764,0.00006104
-0.51447764,0.00006104
-0.51415764,0.00006104
-0.51383764,0.00006104
-0.51351764,0.00006104
-0.51319764,0.00006104
-0.51287764,0.00006104
-0.51255764,0.00006104
-0.51223764,0.00006104
-0.51191764,0.00006104
-0.51159764,0.00006104
-0.51127764,0.00006104
-0.51095764,0.00006104
-0.51063764,0.00006104
-0.51031764,0.00006104
-0.50999764,0.00006104
-0.50967764,0.00006104
-0.50935764,0.00006104
-0.50903764,0.00006104
-0.50871764,0.00006104
-0.50839764,0.00006104
-0.50807764,0.00006104
-0.50775764,0.00006104
-0.50743764,0.00006104
-0.50711764,0.00006104
-0.50679764,0.01788385
-0.50647764,0.00006104
-0.50615764,0.00006104
-0.50583764,0.00006104
-0.50551764,0.00006104
-0.50519764,0.00006104
-0.50487764,0.00006104
-0.50455764,0.00006104
-0.50423764,0.00006104
-0.50391764,0.00006104
-0.50359764,0.00006104
-0.50327764,0.00006104
-0.50295764,0.00006104
-0.50263764,0.00006104
-0.50231764,0.00006104
-0.50199764,-0.01770074
-0.50167764,0.00006104
-0.50135764,-1.70879233
-0.50103764,-0.46272165
-0.50071764,0.19580676
-0.50039764,0.28485978
-0.50007764,0.10687582
-0.49975764,-0.01770074
-0.49943764,-0.05334635
-0.49911764,-0.05334635
-0.49879764,-0.03552354
-0.49847764,-0.03552354
-0.49815764,-0.87215799
-0.49783764,-1.06796467
-0.49751764,-1.58421588
-0.49719764,0.21362957
-0.49687764,0.40943632
-0.49655764,0.17804499
-0.49623764,0.07129124
-0.49591764,0.05346843
-0.49559764,0.03570665
-0.49527764,0.03570665
-0.49495764,0.03570665
-0.49463764,0.03570665
-0.49431764,0.01788385
-0.49399764,0.03570665
-0.49367764,0.03570665
-0.49335764,0.01788385
-0.49303764,0.01788385
-0.49271764,0.00006104
-0.49239764,0.00006104
-0.49207764,0.01788385
-0.49175764,0.01788385
-0.49143764,0.03570665
-0.49111764,0.07129124
-0.49079764,0.05346843
-0.49047764,0.08911405
-0.49015764,0.05346843
-0.48983764,0.05346843
-0.48951764,0.07129124
-0.48919764,0.03570665
-0.48887764,0.05346843
-0.48855764,0.08911405
-0.48823764,0.07129124
-0.48791764,0.03570665
-0.48759764,0.03570665
-0.48727764,0.03570665
-0.48695764,0.03570665
-0.48663764,0.01788385
-0.48631764,-0.01770074
-0.48599764,-0.01770074
-0.48567764,-0.03552354
-0.48535764,0.00006104
-0.48503764,0.01788385
-0.48471764,-0.01770074
-0.48439764,0.05346843
-0.48407764,0.00006104
-0.48375764,-0.03552354
-0.48343764,0.01788385
-0.48311764,-0.01770074
-0.48279764,-0.01770074
-0.48247764,0.05346843
-0.48215764,0.01788385
-0.48183764,0.01788385
-0.48151764,0.03570665
-0.48119764,0.03570665
-0.48087764,0.01788385
-0.48055764,0.01788385
-0.48023764,0.01788385
-0.47991764,0.01788385
-0.47959764,0.01788385
-0.47927764,0.03570665
-0.47895764,0.01788385
-0.47863764,0.00006104
-0.47831764,0.01788385
-0.47799764,0.01788385
-0.47767764,0.00006104
-0.47735764,0.01788385
-0.47703764,0.00006104
-0.47671764,-0.01770074
-0.47639764,0.01788385
-0.47607764,0.01788385
-0.47575764,0.00006104
-0.47543764,0.01788385
-0.47511764,0.03570665
-0.47479764,0.01788385
-0.47447764,0.01788385
-0.47415764,0.00006104
-0.47383764,0.00006104
-0.47351764,0.01788385
-0.47319764,0.01788385
-0.47287764,0.00006104
-0.47255764,0.01788385
-0.47223764,0.01788385
-0.47191764,0.00006104
-0.47159764,0.01788385
-0.47127764,0.00006104
-0.47095764,0.00006104
-0.47063764,0.00006104
-0.47031764,0.00006104
-0.46999764,-0.01770074
-0.46967764,0.00006104
-0.46935764,0.00006104
-0.46903764,0.00006104
-0.46871764,0.00006104
-0.46839764,0.01788385
-0.46807764,0.01788385
-0.46775764,0.01788385
-0.46743764,0.00006104
-0.46711764,0.00006104
-0.46679764,0.01788385
-0.46647764,0.01788385
-0.46615764,0.01788385
-0.46583764,0.01788385
-0.46551764,0.00006104
-0.46519764,0.00006104
-0.46487764,0.00006104
-0.46455764,0.00006104
-0.46423764,0.00006104
-0.46391764,0.00006104
-0.46359764,0.00006104
-0.46327764,0.00006104
-0.46295764,0.01788385
-0.46263764,0.00006104
-0.46231764,0.01788385
-0.46199764,0.00006104
-0.46167764,0.01788385
-0.46135764,0.00006104
-0.46103764,0.00006104
-0.46071764,0.00006104
-0.46039764,0.01788385
-0.46007764,0.00006104
-0.45975764,0.00006104
-0.45943764,0.00006104
-0.45911764,0.00006104
-0.45879764,0.00006104
-0.45847764,0.00006104
-0.45815764,0.00006104
-0.45783764,0.00006104
-0.45751764,0.00006104
-0.45719764,0.00006104
-0.45687764,0.00006104
-0.45655764,0.00006104
-0.45623764,0.00006104
-0.45591764,0.00006104
-0.45559764,0.01788385
-0.45527764,0.00006104
-0.45495764,0.00006104
-0.45463764,0.00006104
-0.45431764,0.00006104
-0.45399764,0.00006104
-0.45367764,0.00006104
-0.45335764,0.00006104
-0.45303764,0.00006104
-0.45271764,0.00006104
-0.45239764,-0.01770074
-0.45207764,0.00006104
-0.45175764,0.00006104
-0.45143764,0.00006104
-0.45111764,-0.01770074
-0.45079764,0.00006104
-0.45047764,0.00006104
-0.45015764,0.00006104
-0.44983764,0.00006104
-0.44951764,0.00006104
-0.44919764,0.00006104
-0.44887764,0.00006104
-0.44855764,0.00006104
-0.44823764,0.00006104
-0.44791764,0.00006104
-0.44759764,0.00006104
-0.44727764,0.00006104
-0.44695764,0.00006104
-0.44663764,0.00006104
-0.44631764,0.00006104
-0.44599764,0.00006104
-0.44567764,0.00006104
-0.44535764,0.00006104
-0.44503764,0.00006104
-0.44471764,0.00006104
-0.44439764,0.00006104
-0.44407764,0.00006104
-0.44375764,0.00006104
-0.44343764,0.00006104
-0.44311764,0.00006104
-0.44279764,0.00006104
-0.44247764,0.00006104
-0.44215764,0.00006104
-0.44183764,0.00006104
-0.44151764,0.00006104
-0.44119764,0.00006104
-0.44087764,0.00006104
-0.44055764,0.00006104
-0.44023764,0.00006104
-0.43991764,0.00006104
-0.43959764,0.00006104
-0.43927764,0.00006104
-0.43895764,0.00006104
-0.43863764,0.00006104
-0.43831764,0.00006104
-0.43799764,0.00006104
-0.43767764,0.00006104
-0.43735764,-0.01770074
-0.43703764,0.00006104
-0.43671764,0.00006104
-0.43639764,0.00006104
-0.43607764,0.00006104
-0.43575764,0.00006104
-0.43543764,0.00006104
-0.43511764,0.00006104
-0.43479764,0.00006104
-0.43447764,0.00006104
-0.43415764,0.00006104
-0.43383764,0.00006104
-0.43351764,0.00006104
-0.43319764,0.00006104
-0.43287764,0.00006104
-0.43255764,0.00006104
-0.43223764,0.00006104
-0.43191764,0.00006104
-0.43159764,0.00006104
-0.43127764,0.00006104
-0.43095764,0.00006104
-0.43063764,0.00006104
-0.43031764,0.00006104
-0.42999764,0.00006104
-0.42967764,0.00006104
-0.42935764,0.00006104
-0.42903764,0.00006104
-0.42871764,0.00006104
-0.42839764,0.00006104
-0.42807764,0.00006104
-0.42775764,-0.01770074
-0.42743764,0.00006104
-0.42711764,0.00006104
-0.42679764,0.00006104
-0.42647764,0.00006104
-0.42615764,0.00006104
-0.42583764,0.00006104
-0.42551764,0.00006104
-0.42519764,0.00006104
-0.42487764,0.00006104
-0.42455764,0.00006104
-0.42423764,0.00006104
-0.42391764,0.00006104
-0.42359764,0.00006104
-0.42327764,0.00006104
-0.42295764,0.00006104
-0.42263764,0.00006104
-0.42231764,0.00006104
-0.42199764,0.00006104
-0.42167764,0.00006104
-0.42135764,0.00006104
-0.42103764,0.00006104
-0.42071764,0.00006104
-0.42039764,0.00006104
-0.42007764,0.00006104
-0.41975764,-0.01770074
-0.41943764,0.00006104
-0.41911764,0.00006104
-0.41879764,0.00006104
-0.41847764,0.00006104
-0.41815764,0.00006104
-0.41783764,0.00006104
-0.41751764,0.00006104
-0.41719764,0.00006104
-0.41687764,0.00006104
-0.41655764,0.00006104
-0.41623764,0.00006104
-0.41591764,0.00006104
-0.41559764,0.00006104
-0.41527764,0.00006104
-0.41495764,0.00006104
-0.41463764,0.00006104
-0.41431764,0.00006104
-0.41399764,0.00006104
-0.41367764,0.00006104
-0.41335764,0.00006104
-0.41303764,0.00006104
-0.41271764,0.00006104
-0.41239764,0.00006104
-0.41207764,0.00006104
-0.41175764,0.00006104
-0.41143764,0.00006104
-0.41111764,0.00006104
-0.41079764,0.00006104
-0.41047764,0.00006104
-0.41015764,0.00006104
-0.40983764,0.00006104
-0.40951764,0.00006104
-0.40919764,0.00006104
-0.40887764,0.00006104
-0.40855764,0.00006104
-0.40823764,0.00006104
-0.40791764,0.00006104
-0.40759764,0.00006104
-0.40727764,0.00006104
-0.40695764,0.00006104
-0.40663764,0.00006104
-0.40631764,0.00006104
-0.40599764,0.00006104
-0.40567764,0.00006104
-0.40535764,0.00006104
-0.40503764,0.00006104
-0.40471764,0.00006104
-0.40439764,0.00006104
-0.40407764,0.00006104
-0.40375764,0.00006104
-0.40343764,0.00006104
-0.40311764,0.00006104
-0.40279764,0.00006104
-0.40247764,0.00006104
-0.40215764,0.00006104
-0.40183764,0.00006104
-0.40151764,0.00006104
-0.40119764,0.00006104
-0.40087764,0.00006104
-0.40055764,0.00006104
-0.40023764,0.00006104
-0.39991764,0.00006104
-0.39959764,0.00006104
-0.39927764,0.00006104
-0.39895764,0.00006104
-0.39863764,0.00006104
-0.39831764,0.00006104
-0.39799764,0.00006104
-0.39767764,0.00006104
-0.39735764,0.00006104
-0.39703764,0.00006104
-0.39671764,0.00006104
-0.39639764,0.00006104
-0.39607764,0.00006104
-0.39575764,0.00006104
-0.39543764,0.00006104
-0.39511764,0.00006104
-0.39479764,0.00006104
-0.39447764,0.00006104
-0.39415764,0.00006104
-0.39383764,0.00006104
-0.39351764,0.00006104
-0.39319764,0.00006104
-0.39287764,0.00006104
-0.39255764,0.00006104
-0.39223764,0.00006104
-0.39191764,0.00006104
-0.39159764,0.00006104
-0.39127764,0.00006104
-0.39095764,0.00006104
-0.39063764,0.00006104
-0.39031764,0.00006104
-0.38999764,0.00006104
-0.38967764,0.00006104
-0.38935764,0.00006104
-0.38903764,0.00006104
-0.38871764,0.00006104
-0.38839764,0.00006104
-0.38807764,0.00006104
-0.38775764,0.00006104
-0.38743764,0.00006104
-0.38711764,0.00006104
-0.38679764,0.00006104
-0.38647764,0.00006104
-0.38615764,0.00006104
-0.38583764,0.00006104
-0.38551764,0.00006104
-0.38519764,0.00006104
-0.38487764,0.00006104
-0.38455764,0.00006104
-0.38423764,0.00006104
-0.38391764,0.00006104
-0.38359764,0.00006104
-0.38327764,0.00006104
-0.38295764,0.00006104
-0.38263764,0.00006104
-0.38231764,0.00006104
-0.38199764,0.00006104
-0.38167764,0.00006104
-0.38135764,0.00006104
-0.38103764,0.00006104
-0.38071764,0.00006104
-0.38039764,0.00006104
-0.38007764,0.00006104
-0.37975764,0.00006104
-0.37943764,-0.01770074
-0.37911764,0.00006104
-0.37879764,0.00006104
-0.37847764,0.00006104
-0.37815764,0.00006104
-0.37783764,0.00006104
-0.37751764,0.00006104
-0.37719764,0.00006104
-0.37687764,0.00006104
-0.37655764,0.00006104
-0.37623764,0.00006104
-0.37591764,0.00006104
-0.37559764,0.00006104
-0.37527764,0.00006104
-0.37495764,0.00006104
-0.37463764,-0.01770074
-0.37431764,0.00006104
-0.37399764,0.00006104
-0.37367764,0.00006104
-0.37335764,0.00006104
-0.37303764,0.00006104
-0.37271764,0.00006104
-0.37239764,0.00006104
-0.37207764,0.00006104
-0.37175764,0.00006104
-0.37143764,0.00006104
-0.37111764,-0.01770074
-0.37079764,0.00006104
-0.37047764,0.00006104
-0.37015764,0.00006104
-0.36983764,0.00006104
-0.36951764,-0.01770074
-0.36919764,0.00006104
-0.36887764,0.00006104
-0.36855764,-0.01770074
-0.36823764,0.00006104
-0.36791764,0.00006104
-0.36759764,0.00006104
-0.36727764,0.00006104
-0.36695764,0.00006104
-0.36663764,0.00006104
-0.36631764,0.00006104
-0.36599764,0.00006104
-0.36567764,0.00006104
-0.36535764,0.00006104
-0.36503764,0.00006104
-0.36471764,0.00006104
-0.36439764,0.00006104
-0.36407764,0.00006104
-0.36375764,0.00006104
-0.36343764,0.00006104
-0.36311764,0.00006104
-0.36279764,0.00006104
-0.36247764,0.00006104
-0.36215764,0.00006104
-0.36183764,0.00006104
-0.36151764,0.00006104
-0.36119764,0.00006104
-0.36087764,0.00006104
-0.36055764,0.00006104
-0.36023764,0.00006104
-0.35991764,0.00006104
-0.35959764,0.00006104
-0.35927764,0.00006104
-0.35895764,0.00006104
-0.35863764,0.00006104
-0.35831764,0.00006104
-0.35799764,0.00006104
-0.35767764,0.00006104
-0.35735764,0.00006104
-0.35703764,0.00006104
-0.35671764,0.00006104
-0.35639764,0.00006104
-0.35607764,0.00006104
-0.35575764,0.00006104
-0.35543764,0.00006104
-0.35511764,0.00006104
-0.35479764,0.00006104
-0.35447764,0.00006104
-0.35415764,0.00006104
-0.35383764,0.00006104
-0.35351764,0.00006104
-0.35319764,0.00006104
-0.35287764,0.00006104
-0.35255764,0.00006104
-0.35223764,0.00006104
-0.35191764,0.00006104
-0.35159764,0.00006104
-0.35127764,0.00006104
-0.35095764,0.00006104
-0.35063764,0.00006104
-0.35031764,0.00006104
-0.34999764,0.00006104
-0.34967764,0.00006104
-0.34935764,0.00006104
-0.34903764,0.00006104
-0.34871764,0.00006104
-0.34839764,0.00006104
-0.34807764,0.00006104
-0.34775764,0.00006104
-0.34743764,0.00006104
-0.34711764,0.00006104
-0.34679764,0.00006104
-0.34647764,0.00006104
-0.34615764,0.00006104
-0.34583764,0.00006104
-0.34551764,0.00006104
-0.34519764,0.00006104
-0.34487764,0.00006104
-0.34455764,0.00006104
-0.34423764,0.00006104
-0.34391764,0.00006104
-0.34359764,0.00006104
-0.34327764,0.00006104
-0.34295764,0.00006104
-0.34263764,0.00006104
-0.34231764,0.00006104
-0.34199764,-0.01770074
-0.34167764,0.00006104
-0.34135764,0.00006104
-0.34103764,0.00006104
-0.34071764,0.00006104
-0.34039764,0.00006104
-0.34007764,0.00006104
-0.33975764,0.00006104
-0.33943764,0.00006104
-0.33911764,0.00006104
-0.33879764,0.00006104
-0.33847764,0.00006104
-0.33815764,0.00006104
-0.33783764,0.00006104
-0.33751764,0.00006104
-0.33719764,0.00006104
-0.33687764,0.00006104
-0.33655764,0.00006104
-0.33623764,0.00006104
-0.33591764,0.00006104
-0.33559764,0.00006104
-0.33527764,0.00006104
-0.33495764,0.00006104
-0.33463764,0.00006104
-0.33431764,0.00006104
-0.33399764,0.00006104
-0.33367764,0.00006104
-0.33335764,0.00006104
-0.33303764,0.00006104
-0.33271764,0.00006104
-0.33239764,0.00006104
-0.33207764,0.00006104
-0.33175764,0.00006104
-0.33143764,0.00006104
-0.33111764,0.00006104
-0.33079764,0.00006104
-0.33047764,0.00006104
-0.33015764,0.00006104
-0.32983764,0.00006104
-0.32951764,0.00006104
-0.32919764,0.00006104
-0.32887764,0.00006104
-0.32855764,0.00006104
-0.32823764,0.00006104
-0.32791764,0.00006104
-0.32759764,0.00006104
-0.32727764,0.00006104
-0.32695764,0.00006104
-0.32663764,0.00006104
-0.32631764,0.00006104
-0.32599764,0.00006104
-0.32567764,0.00006104
-0.32535764,0.00006104
-0.32503764,0.00006104
-0.32471764,0.00006104
-0.32439764,0.00006104
-0.32407764,0.00006104
-0.32375764,0.00006104
-0.32343764,0.00006104
-0.32311764,0.00006104
-0.32279764,-0.01770074
-0.32247764,0.00006104
-0.32215764,0.00006104
-0.32183764,0.00006104
-0.32151764,0.00006104
-0.32119764,0.00006104
-0.32087764,0.00006104
-0.32055764,0.00006104
-0.32023764,0.00006104
-0.31991764,0.00006104
-0.31959764,0.00006104
-0.31927764,0.00006104
-0.31895764,0.00006104
-0.31863764,0.00006104
-0.31831764,0.00006104
-0.31799764,0.00006104
-0.31767764,0.00006104
-0.31735764,-0.01770074
-0.31703764,0.00006104
-0.31671764,0.00006104
-0.31639764,0.00006104
-0.31607764,0.00006104
-0.31575764,0.00006104
-0.31543764,0.00006104
-0.31511764,0.00006104
-0.31479764,0.00006104
-0.31447764,0.00006104
-0.31415764,0.00006104
-0.31383764,0.00006104
-0.31351764,0.00006104
-0.31319764,0.00006104
-0.31287764,0.00006104
-0.31255764,0.00006104
-0.31223764,0.00006104
-0.31191764,0.00006104
-0.31159764,0.00006104
-0.31127764,0.00006104
-0.31095764,0.00006104
-0.31063764,0.00006104
-0.31031764,0.00006104
-0.30999764,0.00006104
-0.30967764,0.00006104
-0.30935764,0.00006104
-0.30903764,0.00006104
-0.30871764,-0.01770074
-0.30839764,0.00006104
-0.30807764,0.00006104
-0.30775764,0.00006104
-0.30743764,0.00006104
-0.30711764,0.00006104
-0.30679764,0.00006104
-0.30647764,0.00006104
-0.30615764,0.00006104
-0.30583764,-0.01770074
-0.30551764,0.00006104
-0.30519764,0.00006104
-0.30487764,0.00006104
-0.30455764,0.00006104
-0.30423764,0.00006104
-0.30391764,0.00006104
-0.30359764,0.00006104
-0.30327764,0.00006104
-0.30295764,-0.01770074
-0.30263764,0.00006104
-0.30231764,0.00006104
-0.30199764,0.00006104
-0.30167764,0.00006104
-0.30135764,0.00006104
-0.30103764,0.00006104
-0.30071764,0.00006104
-0.30039764,0.00006104
-0.30007764,0.00006104
-0.29975764,0.00006104
-0.29943764,0.00006104
-0.29911764,0.00006104
-0.29879764,0.00006104
-0.29847764,0.00006104
-0.29815764,0.00006104
-0.29783764,0.00006104
-0.29751764,0.00006104
-0.29719764,0.00006104
-0.29687764,0.00006104
-0.29655764,0.00006104
-0.29623764,0.00006104
-0.29591764,0.00006104
-0.29559764,0.00006104
-0.29527764,0.00006104
-0.29495764,0.00006104
-0.29463764,0.00006104
-0.29431764,0.00006104
-0.29399764,0.00006104
-0.29367764,0.00006104
-0.29335764,0.00006104
-0.29303764,0.00006104
-0.29271764,0.00006104
-0.29239764,0.00006104
-0.29207764,0.00006104
-0.29175764,0.00006104
-0.29143764,0.00006104
-0.29111764,0.00006104
-0.29079764,0.00006104
-0.29047764,0.00006104
-0.29015764,0.00006104
-0.28983764,0.00006104
-0.28951764,0.00006104
-0.28919764,0.00006104
-0.28887764,0.00006104
-0.28855764,0.00006104
-0.28823764,0.00006104
-0.28791764,0.00006104
-0.28759764,0.00006104
-0.28727764,0.00006104
-0.28695764,0.00006104
-0.28663764,0.00006104
-0.28631764,0.00006104
-0.28599764,0.00006104
-0.28567764,0.00006104
-0.28535764,0.00006104
-0.28503764,0.00006104
-0.28471764,0.00006104
-0.28439764,0.00006104
-0.28407764,0.00006104
-0.28375764,0.00006104
-0.28343764,0.00006104
-0.28311764,0.00006104
-0.28279764,0.00006104
-0.28247764,0.00006104
-0.28215764,0.00006104
-0.28183764,0.00006104
-0.28151764,0.00006104
-0.28119764,0.00006104
-0.28087764,0.00006104
-0.28055764,0.00006104
-0.28023764,0.00006104
-0.27991764,0.00006104
-0.27959764,0.00006104
-0.27927764,0.00006104
-0.27895764,0.00006104
-0.27863764,0.00006104
-0.27831764,0.00006104
-0.27799764,0.00006104
-0.27767764,0.00006104
-0.27735764,0.00006104
-0.27703764,0.00006104
-0.27671764,0.00006104
-0.27639764,0.00006104
-0.27607764,0.00006104
-0.27575764,0.00006104
-0.27543764,0.00006104
-0.27511764,0.00006104
-0.27479764,0.00006104
-0.27447764,0.00006104
-0.27415764,0.00006104
-0.27383764,0.00006104
-0.27351764,0.00006104
-0.27319764,0.00006104
-0.27287764,0.00006104
-0.27255764,0.00006104
-0.27223764,0.00006104
-0.27191764,0.00006104
-0.27159764,0.00006104
-0.27127764,0.00006104
-0.27095764,0.00006104
-0.27063764,0.00006104
-0.27031764,0.00006104
-0.26999764,0.00006104
-0.26967764,0.00006104
-0.26935764,0.00006104
-0.26903764,0.00006104
-0.26871764,0.00006104
-0.26839764,0.00006104
-0.26807764,0.00006104
-0.26775764,0.00006104
-0.26743764,0.00006104
-0.26711764,0.00006104
-0.26679764,0.00006104
-0.26647764,0.00006104
-0.26615764,0.00006104
-0.26583764,0.00006104
-0.26551764,0.00006104
-0.26519764,0.00006104
-0.26487764,0.00006104
-0.26455764,0.00006104
-0.26423764,0.00006104
-0.26391764,0.00006104
-0.26359764,0.00006104
-0.26327764,0.00006104
-0.26295764,0.00006104
-0.26263764,0.00006104
-0.26231764,0.00006104
-0.26199764,0.00006104
-0.26167764,0.00006104
-0.26135764,0.00006104
-0.26103764,0.00006104
-0.26071764,0.00006104
-0.26039764,0.00006104
-0.26007764,0.00006104
-0.25975764,0.00006104
-0.25943764,0.00006104
-0.25911764,0.00006104
-0.25879764,0.00006104
-0.25847764,0.00006104
-0.25815764,0.00006104
-0.25783764,0.00006104
-0.25751764,0.00006104
-0.25719764,0.00006104
-0.25687764,0.00006104
-0.25655764,0.00006104
-0.25623764,0.00006104
-0.25591764,0.00006104
-0.25559764,0.00006104
-0.25527764,0.00006104
-0.25495764,0.00006104
-0.25463764,0.00006104
-0.25431764,0.00006104
-0.25399764,0.00006104
-0.25367764,0.00006104
-0.25335764,0.00006104
-0.25303764,0.00006104
-0.25271764,0.00006104
-0.25239764,0.00006104
-0.25207764,-0.01770074
-0.25175764,0.00006104
-0.25143764,0.00006104
-0.25111764,0.00006104
-0.25079764,0.00006104
-0.25047764,0.00006104
-0.25015764,0.00006104
-0.24983764,0.00006104
-0.24951764,0.00006104
-0.24919764,0.00006104
-0.24887764,0.00006104
-0.24855764,0.00006104
-0.24823764,0.00006104
-0.24791764,0.00006104
-0.24759764,0.00006104
-0.24727764,0.00006104
-0.24695764,0.00006104
-0.24663764,0.00006104
-0.24631764,0.00006104
-0.24599764,0.00006104
-0.24567764,0.00006104
-0.24535764,-0.01770074
-0.24503764,0.00006104
-0.24471764,0.00006104
-0.24439764,-0.01770074
-0.24407764,0.00006104
-0.24375764,0.00006104
-0.24343764,0.00006104
-0.24311764,0.00006104
-0.24279764,0.00006104
-0.24247764,-0.01770074
-0.24215764,0.00006104
-0.24183764,-0.01770074
-0.24151764,0.00006104
-0.24119764,0.00006104
-0.24087764,0.00006104
-0.24055764,0.00006104
-0.24023764,0.00006104
-0.23991764,0.00006104
-0.23959764,0.00006104
-0.23927764,0.00006104
-0.23895764,0.00006104
-0.23863764,0.00006104
-0.23831764,0.00006104
-0.23799764,0.00006104
-0.23767764,0.00006104
-0.23735764,0.00006104
-0.23703764,0.00006104
-0.23671764,0.00006104
-0.23639764,0.00006104
-0.23607764,0.00006104
-0.23575764,0.00006104
-0.23543764,0.00006104
-0.23511764,0.00006104
-0.23479764,0.00006104
-0.23447764,0.00006104
-0.23415764,0.00006104
-0.23383764,0.00006104
-0.23351764,0.00006104
-0.23319764,-0.01770074
-0.23287764,0.00006104
-0.23255764,0.00006104
-0.23223764,0.00006104
-0.23191764,0.00006104
-0.23159764,0.00006104
-0.23127764,0.00006104
-0.23095764,0.00006104
-0.23063764,0.00006104
-0.23031764,0.00006104
-0.22999764,0.01788385
-0.22967764,0.00006104
-0.22935764,0.00006104
-0.22903764,0.00006104
-0.22871764,0.00006104
-0.22839764,0.00006104
-0.22807764,0.00006104
-0.22775764,0.00006104
-0.22743764,0.00006104
-0.22711764,0.00006104
-0.22679764,0.00006104
-0.22647764,0.00006104
-0.22615764,-0.01770074
-0.22583764,0.00006104
-0.22551764,0.00006104
-0.22519764,0.00006104
-0.22487764,0.00006104
-0.22455764,0.00006104
-0.22423764,0.00006104
-0.22391764,0.00006104
-0.22359764,0.00006104
-0.22327764,0.00006104
-0.22295764,0.00006104
-0.22263764,0.00006104
-0.22231764,0.00006104
-0.22199764,0.00006104
-0.22167764,0.00006104
-0.22135764,0.00006104
-0.22103764,0.00006104
-0.22071764,0.00006104
-0.22039764,0.00006104
-0.22007764,0.00006104
-0.21975764,0.00006104
-0.21943764,0.00006104
-0.21911764,0.00006104
-0.21879764,0.00006104
-0.21847764,0.00006104
-0.21815764,0.00006104
-0.21783764,0.00006104
-0.21751764,0.00006104
-0.21719764,0.00006104
-0.21687764,0.00006104
-0.21655764,0.00006104
-0.21623764,0.00006104
-0.21591764,0.00006104
-0.21559764,0.00006104
-0.21527764,0.00006104
-0.21495764,0.00006104
-0.21463764,0.00006104
-0.21431764,0.00006104
-0.21399764,0.00006104
-0.21367764,0.00006104
-0.21335764,0.00006104
-0.21303764,0.01788385
-0.21271764,0.00006104
-0.21239764,0.00006104
-0.21207764,0.00006104
-0.21175764,0.00006104
-0.21143764,0.00006104
-0.21111764,0.00006104
-0.21079764,0.00006104
-0.21047764,0.00006104
-0.21015764,0.00006104
-0.20983764,0.00006104
-0.20951764,0.00006104
-0.20919764,0.00006104
-0.20887764,0.00006104
-0.20855764,0.00006104
-0.20823764,0.00006104
-0.20791764,0.00006104
-0.20759764,0.00006104
-0.20727764,0.00006104
-0.20695764,0.00006104
-0.20663764,0.00006104
-0.20631764,0.00006104
-0.20599764,0.00006104
-0.20567764,0.00006104
-0.20535764,0.00006104
-0.20503764,0.00006104
-0.20471764,0.00006104
-0.20439764,0.00006104
-0.20407764,0.00006104
-0.20375764,0.00006104
-0.20343764,0.00006104
-0.20311764,0.00006104
-0.20279764,0.00006104
-0.20247764,0.00006104
-0.20215764,0.00006104
-0.20183764,0.00006104
-0.20151764,0.00006104
-0.20119764,0.00006104
-0.20087764,0.00006104
-0.20055764,0.00006104
-0.20023764,-0.01770074
-0.19991764,0.00006104
-0.19959764,-0.01770074
-0.19927764,0.00006104
-0.19895764,0.00006104
-0.19863764,0.00006104
-0.19831764,0.00006104
-0.19799764,0.00006104
-0.19767764,0.00006104
-0.19735764,0.00006104
-0.19703764,0.00006104
-0.19671764,0.00006104
-0.19639764,0.00006104
-0.19607764,0.00006104
-0.19575764,0.00006104
-0.19543764,0.00006104
-0.19511764,0.00006104
-0.19479764,0.00006104
-0.19447764,0.00006104
-0.19415764,0.00006104
-0.19383764,0.00006104
-0.19351764,0.00006104
-0.19319764,0.00006104
-0.19287764,0.00006104
-0.19255764,0.00006104
-0.19223764,0.00006104
-0.19191764,0.00006104
-0.19159764,0.00006104
-0.19127764,0.00006104
-0.19095764,0.00006104
-0.19063764,0.00006104
-0.19031764,0.00006104
-0.18999764,0.00006104
-0.18967764,0.00006104
-0.18935764,0.00006104
-0.18903764,0.00006104
-0.18871764,0.00006104
-0.18839764,0.00006104
-0.18807764,0.00006104
-0.18775764,0.00006104
-0.18743764,0.00006104
-0.18711764,0.00006104
-0.18679764,0.00006104
-0.18647764,0.00006104
-0.18615764,0.00006104
-0.18583764,0.00006104
-0.18551764,0.00006104
-0.18519764,0.00006104
-0.18487764,0.00006104
-0.18455764,0.00006104
-0.18423764,0.00006104
-0.18391764,0.00006104
-0.18359764,0.00006104
-0.18327764,0.00006104
-0.18295764,0.00006104
-0.18263764,-0.01770074
-0.18231764,0.00006104
-0.18199764,0.00006104
-0.18167764,0.00006104
-0.18135764,0.00006104
-0.18103764,0.00006104
-0.18071764,0.00006104
-0.18039764,0.00006104
-0.18007764,0.00006104
-0.17975764,0.00006104
-0.17943764,0.00006104
-0.17911764,0.00006104
-0.17879764,0.00006104
-0.17847764,0.00006104
-0.17815764,0.00006104
-0.17783764,0.00006104
-0.17751764,0.00006104
-0.17719764,0.00006104
-0.17687764,0.00006104
-0.17655764,0.00006104
-0.17623764,0.00006104
-0.17591764,0.00006104
-0.17559764,0.00006104
-0.17527764,0.00006104
-0.17495764,0.00006104
-0.17463764,0.00006104
-0.17431764,0.00006104
-0.17399764,0.00006104
-0.17367764,0.00006104
-0.17335764,0.00006104
-0.17303764,0.00006104
-0.17271764,0.00006104
-0.17239764,0.00006104
-0.17207764,-0.01770074
-0.17175764,0.00006104
-0.17143764,0.00006104
-0.17111764,0.00006104
-0.17079764,0.00006104
-0.17047764,0.00006104
-0.17015764,0.00006104
-0.16983764,0.00006104
-0.16951764,-0.01770074
-0.16919764,0.00006104
-0.16887764,0.00006104
-0.16855764,0.00006104
-0.16823764,0.00006104
-0.16791764,0.00006104
-0.16759764,0.00006104
-0.16727764,0.00006104
-0.16695764,0.00006104
-0.16663764,0.00006104
-0.16631764,0.00006104
-0.16599764,0.00006104
-0.16567764,0.00006104
-0.16535764,0.00006104
-0.16503764,0.00006104
-0.16471764,0.00006104
-0.16439764,0.00006104
-0.16407764,0.00006104
-0.16375764,0.00006104
-0.16343764,0.00006104
-0.16311764,0.00006104
-0.16279764,0.00006104
-0.16247764,0.00006104
-0.16215764,0.00006104
-0.16183764,0.00006104
-0.16151764,0.00006104
-0.16119764,0.00006104
-0.16087764,0.00006104
-0.16055764,0.00006104
-0.16023764,0.00006104
-0.15991764,0.00006104
-0.15959764,0.00006104
-0.15927764,0.00006104
-0.15895764,0.00006104
-0.15863764,0.00006104
-0.15831764,0.00006104
-0.15799764,0.00006104
-0.15767764,0.00006104
-0.15735764,0.00006104
-0.15703764,0.00006104
-0.15671764,0.00006104
-0.15639764,0.00006104
-0.15607764,0.00006104
-0.15575764,0.00006104
-0.15543764,0.00006104
-0.15511764,0.00006104
-0.15479764,0.00006104
-0.15447764,0.00006104
-0.15415764,-0.01770074
-0.15383764,0.00006104
-0.15351764,0.00006104
-0.15319764,0.00006104
-0.15287764,0.00006104
-0.15255764,0.00006104
-0.15223764,0.00006104
-0.15191764,0.00006104
-0.15159764,0.00006104
-0.15127764,-0.01770074
-0.15095764,0.00006104
-0.15063764,0.00006104
-0.15031764,0.00006104
-0.14999764,0.00006104
-0.14967764,0.00006104
-0.14935764,0.00006104
-0.14903764,0.00006104
-0.14871764,0.00006104
-0.14839764,0.00006104
-0.14807764,0.00006104
-0.14775764,0.00006104
-0.14743764,0.00006104
-0.14711764,0.00006104
-0.14679764,0.00006104
-0.14647764,0.00006104
-0.14615764,0.00006104
-0.14583764,0.00006104
-0.14551764,0.00006104
-0.14519764,0.00006104
-0.14487764,0.00006104
-0.14455764,0.00006104
-0.14423764,0.00006104
-0.14391764,0.00006104
-0.14359764,0.00006104
-0.14327764,0.00006104
-0.14295764,0.00006104
-0.14263764,0.00006104
-0.14231764,0.00006104
-0.14199764,0.00006104
-0.14167764,0.00006104
-0.14135764,0.00006104
-0.14103764,0.00006104
-0.14071764,0.00006104
-0.14039764,0.00006104
-0.14007764,0.00006104
-0.13975764,0.00006104
-0.13943764,0.00006104
-0.13911764,0.00006104
-0.13879764,0.00006104
-0.13847764,-0.01770074
-0.13815764,0.00006104
-0.13783764,-0.01770074
-0.13751764,0.00006104
-0.13719764,0.00006104
-0.13687764,0.00006104
-0.13655764,0.00006104
-0.13623764,0.00006104
-0.13591764,0.00006104
-0.13559764,0.00006104
-0.13527764,0.00006104
-0.13495764,0.00006104
-0.13463764,0.00006104
-0.13431764,0.00006104
-0.13399764,0.00006104
-0.13367764,0.00006104
-0.13335764,0.00006104
-0.13303764,0.00006104
-0.13271764,0.00006104
-0.13239764,0.00006104
-0.13207764,0.00006104
-0.13175764,0.00006104
-0.13143764,0.00006104
-0.13111764,0.00006104
-0.13079764,-0.01770074
-0.13047764,0.00006104
-0.13015764,0.00006104
-0.12983764,0.00006104
-0.12951764,0.00006104
-0.12919764,0.00006104
-0.12887764,0.00006104
-0.12855764,0.00006104
-0.12823764,0.00006104
-0.12791764,0.00006104
-0.12759764,0.00006104
-0.12727764,0.00006104
-0.12695764,0.00006104
-0.12663764,0.00006104
-0.12631764,-0.01770074
-0.12599764,0.00006104
-0.12567764,0.00006104
-0.12535764,0.00006104
-0.12503764,0.00006104
-0.12471764,0.00006104
-0.12439764,0.00006104
-0.12407764,0.00006104
-0.12375764,0.00006104
-0.12343764,0.00006104
-0.12311764,0.00006104
-0.12279764,0.00006104
-0.12247764,0.00006104
-0.12215764,0.00006104
-0.12183764,0.00006104
-0.12151764,0.00006104
-0.12119764,0.00006104
-0.12087764,-0.01770074
-0.12055764,0.00006104
-0.12023764,0.00006104
-0.11991764,-0.01770074
-0.11959764,0.00006104
-0.11927764,0.00006104
-0.11895764,0.00006104
-0.11863764,0.00006104
-0.11831764,0.00006104
-0.11799764,0.00006104
-0.11767764,0.00006104
-0.11735764,0.00006104
-0.11703764,0.00006104
-0.11671764,0.00006104
-0.11639764,0.00006104
-0.11607764,0.00006104
-0.11575764,0.00006104
-0.11543764,0.00006104
-0.11511764,0.00006104
-0.11479764,0.00006104
-0.11447764,0.00006104
-0.11415764,0.00006104
-0.11383764,0.00006104
-0.11351764,0.00006104
-0.11319764,0.00006104
-0.11287764,0.00006104
-0.11255764,0.00006104
-0.11223764,0.00006104
-0.11191764,-0.01770074
-0.11159764,0.00006104
-0.11127764,0.00006104
-0.11095764,0.00006104
-0.11063764,0.00006104
-0.11031764,0.00006104
-0.10999764,0.00006104
-0.10967764,0.00006104
-0.10935764,0.00006104
-0.10903764,0.00006104
-0.10871764,0.00006104
-0.10839764,0.00006104
-0.10807764,0.00006104
-0.10775764,-0.01770074
-0.10743764,0.00006104
-0.10711764,0.00006104
-0.10679764,0.00006104
-0.10647764,0.00006104
-0.10615764,0.00006104
-0.10583764,0.00006104
-0.10551764,0.00006104
-0.10519764,0.00006104
-0.10487764,0.00006104
-0.10455764,-0.01770074
-0.10423764,0.00006104
-0.10391764,0.00006104
-0.10359764,0.00006104
-0.10327764,0.00006104
-0.10295764,0.00006104
-0.10263764,0.00006104
-0.10231764,0.00006104
-0.10199764,0.00006104
-0.10167764,0.00006104
-0.10135764,0.00006104
-0.10103764,0.00006104
-0.10071764,0.00006104
-0.10039764,0.00006104
-0.10007764,0.00006104
-0.09975764,0.00006104
-0.09943764,0.00006104
-0.09911764,0.00006104
-0.09879764,0.00006104
-0.09847764,0.00006104
-0.09815764,0.00006104
-0.09783764,0.00006104
-0.09751764,0.00006104
-0.09719764,0.00006104
-0.09687764,0.00006104
-0.09655764,0.00006104
-0.09623764,0.00006104
-0.09591764,0.00006104
-0.09559764,0.00006104
-0.09527764,0.00006104
-0.09495764,0.00006104
-0.09463764,0.00006104
-0.09431764,0.00006104
-0.09399764,0.00006104
-0.09367764,0.00006104
-0.09335764,0.00006104
-0.09303764,0.00006104
-0.09271764,0.00006104
-0.09239764,0.00006104
-0.09207764,0.00006104
-0.09175764,0.00006104
-0.09143764,0.00006104
-0.09111764,0.00006104
-0.09079764,0.00006104
-0.09047764,0.00006104
-0.09015764,-0.01770074
-0.08983764,0.00006104
-0.08951764,0.00006104
-0.08919764,0.00006104
-0.08887764,0.00006104
-0.08855764,0.00006104
-0.08823764,0.00006104
-0.08791764,0.00006104
-0.08759764,0.00006104
-0.08727764,0.00006104
-0.08695764,0.00006104
-0.08663764,0.00006104
-0.08631764,0.00006104
-0.08599764,0.00006104
-0.08567764,0.00006104
-0.08535764,0.00006104
-0.08503764,0.00006104
-0.08471764,0.00006104
-0.08439764,0.00006104
-0.08407764,0.00006104
-0.08375764,0.00006104
-0.08343764,0.00006104
-0.08311764,0.00006104
-0.08279764,0.00006104
-0.08247764,0.00006104
-0.08215764,0.00006104
-0.08183764,0.00006104
-0.08151764,0.00006104
-0.08119764,0.00006104
-0.08087764,0.00006104
-0.08055764,0.00006104
-0.08023764,0.00006104
-0.07991764,0.00006104
-0.07959764,0.00006104
-0.07927764,0.00006104
-0.07895764,0.00006104
-0.07863764,0.00006104
-0.07831764,0.00006104
-0.07799764,0.00006104
-0.07767764,0.00006104
-0.07735764,0.00006104
-0.07703764,0.00006104
-0.07671764,0.00006104
-0.07639764,0.00006104
-0.07607764,0.00006104
-0.07575764,0.00006104
-0.07543764,0.00006104
-0.07511764,0.00006104
-0.07479764,-0.01770074
-0.07447764,0.00006104
-0.07415764,0.00006104
-0.07383764,0.00006104
-0.07351764,0.00006104
-0.07319764,0.00006104
-0.07287764,-0.01770074
-0.07255764,0.00006104
-0.07223764,0.00006104
-0.07191764,0.00006104
-0.07159764,0.00006104
-0.07127764,0.00006104
-0.07095764,0.00006104
-0.07063764,0.00006104
-0.07031764,0.00006104
-0.06999764,0.00006104
-0.06967764,0.00006104
-0.06935764,0.00006104
-0.06903764,0.00006104
-0.06871764,0.00006104
-0.06839764,0.00006104
-0.06807764,0.00006104
-0.06775764,0.00006104
-0.06743764,0.00006104
-0.06711764,0.00006104
-0.06679764,0.00006104
-0.06647764,0.00006104
-0.06615764,0.00006104
-0.06583764,-0.01770074
-0.06551764,0.00006104
-0.06519764,0.00006104
-0.06487764,0.00006104
-0.06455764,0.00006104
-0.06423764,0.00006104
-0.06391764,0.00006104
-0.06359764,0.00006104
-0.06327764,0.00006104
-0.06295764,0.00006104
-0.06263764,0.00006104
-0.06231764,0.00006104
-0.06199764,0.00006104
-0.06167764,0.00006104
-0.06135764,0.00006104
-0.06103764,0.00006104
-0.06071764,0.00006104
-0.06039764,-0.01770074
-0.06007764,0.00006104
-0.05975764,0.00006104
-0.05943764,0.00006104
-0.05911764,-0.01770074
-0.05879764,0.00006104
-0.05847764,0.00006104
-0.05815764,0.00006104
-0.05783764,0.00006104
-0.05751764,0.00006104
-0.05719764,0.00006104
-0.05687764,0.00006104
-0.05655764,-0.01770074
-0.05623764,-0.01770074
-0.05591764,0.00006104
-0.05559764,0.00006104
-0.05527764,0.00006104
-0.05495764,0.00006104
-0.05463764,0.00006104
-0.05431764,0.00006104
-0.05399764,0.00006104
-0.05367764,0.00006104
-0.05335764,0.00006104
-0.05303764,0.00006104
-0.05271764,0.00006104
-0.05239764,0.00006104
-0.05207764,0.00006104
-0.05175764,0.00006104
-0.05143764,0.00006104
-0.05111764,0.00006104
-0.05079764,0.00006104
-0.05047764,0.00006104
-0.05015764,0.00006104
-0.04983764,0.00006104
-0.04951764,-0.01770074
-0.04919764,0.00006104
-0.04887764,0.00006104
-0.04855764,0.00006104
-0.04823764,0.00006104
-0.04791764,0.00006104
-0.04759764,0.00006104
-0.04727764,0.00006104
-0.04695764,0.00006104
-0.04663764,0.00006104
-0.04631764,0.00006104
-0.04599764,0.00006104
-0.04567764,0.00006104
-0.04535764,0.00006104
-0.04503764,0.00006104
-0.04471764,0.00006104
-0.04439764,0.00006104
-0.04407764,0.00006104
-0.04375764,0.00006104
-0.04343764,0.00006104
-0.04311764,0.00006104
-0.04279764,0.00006104
-0.04247764,0.00006104
-0.04215764,0.00006104
-0.04183764,0.00006104
-0.04151764,0.00006104
-0.04119764,0.00006104
-0.04087764,0.00006104
-0.04055764,0.00006104
-0.04023764,0.00006104
-0.03991764,0.00006104
-0.03959764,0.00006104
-0.03927764,0.00006104
-0.03895764,0.00006104
-0.03863764,0.00006104
-0.03831764,0.00006104
-0.03799764,0.00006104
-0.03767764,0.00006104
-0.03735764,0.00006104
-0.03703764,0.00006104
-0.03671764,0.00006104
-0.03639764,0.00006104
-0.03607764,0.00006104
-0.03575764,0.00006104
-0.03543764,0.00006104
-0.03511764,0.00006104
-0.03479764,0.00006104
-0.03447764,0.00006104
-0.03415764,0.00006104
-0.03383764,0.00006104
-0.03351764,0.00006104
-0.03319764,0.00006104
-0.03287764,0.00006104
-0.03255764,0.00006104
-0.03223764,0.00006104
-0.03191764,-0.01770074
-0.03159764,0.00006104
-0.03127764,0.00006104
-0.03095764,0.00006104
-0.03063764,0.00006104
-0.03031764,-0.01770074
-0.02999764,0.00006104
-0.02967764,0.00006104
-0.02935764,0.00006104
-0.02903764,-0.01770074
-0.02871764,0.00006104
-0.02839764,0.00006104
-0.02807764,0.00006104
-0.02775764,0.00006104
-0.02743764,0.00006104
-0.02711764,0.00006104
-0.02679764,0.00006104
-0.02647764,0.00006104
-0.02615764,0.00006104
-0.02583764,0.00006104
-0.02551764,0.00006104
-0.02519764,0.00006104
-0.02487764,0.00006104
-0.02455764,0.00006104
-0.02423764,0.00006104
-0.02391764,0.00006104
-0.02359764,0.00006104
-0.02327764,0.00006104
-0.02295764,0.00006104
-0.02263764,0.00006104
-0.02231764,0.00006104
-0.02199764,0.00006104
-0.02167764,0.00006104
-0.02135764,0.00006104
-0.02103764,0.00006104
-0.02071764,0.00006104
-0.02039764,0.00006104
-0.02007764,0.00006104
-0.01975764,0.00006104
-0.01943764,-0.01770074
-0.01911764,0.00006104
-0.01879764,0.00006104
-0.01847764,0.00006104
-0.01815764,0.00006104
-0.01783764,0.00006104
-0.01751764,0.00006104
-0.01719764,0.00006104
-0.01687764,0.00006104
-0.01655764,0.00006104
-0.01623764,0.00006104
-0.01591764,0.00006104
-0.01559764,0.00006104
-0.01527764,-0.01770074
-0.01495764,0.00006104
-0.01463764,0.00006104
-0.01431764,-0.01770074
-0.01399764,0.00006104
-0.01367764,0.00006104
-0.01335764,0.00006104
-0.01303764,0.00006104
-0.01271764,0.00006104
-0.01239764,0.00006104
-0.01207764,0.00006104
-0.01175764,0.00006104
-0.01143764,0.00006104
-0.01111764,0.00006104
-0.01079764,0.00006104
-0.01047764,0.00006104
-0.01015764,0.00006104
-0.00983764,0.00006104
-0.00951764,0.00006104
-0.00919764,0.00006104
-0.00887764,0.00006104
-0.00855764,0.00006104
-0.00823764,0.00006104
-0.00791764,0.00006104
-0.00759764,0.00006104
-0.00727764,0.00006104
-0.00695764,0.00006104
-0.00663764,0.00006104
-0.00631764,0.00006104
-0.00599764,0.00006104
-0.00567764,0.00006104
-0.00535764,0.00006104
-0.00503764,0.00006104
-0.00471764,0.00006104
-0.00439764,0.00006104
-0.00407764,0.00006104
-0.00375764,0.00006104
-0.00343764,0.00006104
-0.00311764,0.00006104
-0.00279764,0.00006104
-0.00247764,0.00006104
-0.00215764,0.00006104
-0.00183764,0.00006104
-0.00151764,0.00006104
-0.00119764,0.00006104
-0.00087764,-1.28159428
-0.00055764,-0.92556536
-0.00023764,-0.21350749
0.00008236,0.07129124
0.00040236,0.08911405
0.00072236,0.03570665
0.00104236,0.00006104
0.00136236,-0.03552354
0.00168236,-0.01770074
0.00200236,-0.03552354
0.00232236,-∞
0.00264236,1.21048617
0.00296236,0.14246041
0.00328236,-0.08893093
0.00360236,0.00006104
0.00392236,0.01788385
0.00424236,0.03570665
0.00456236,0.01788385
0.00488236,0.01788385
0.00520236,0.01788385
0.00552236,0.00006104
0.00584236,0.00006104
0.00616236,0.01788385
0.00648236,0.01788385
0.00680236,0.01788385
0.00712236,0.01788385
0.00744236,0.01788385
0.00776236,0.00006104
0.00808236,0.00006104
0.00840236,0.01788385
0.00872236,0.01788385
0.00904236,0.03570665
0.00936236,0.07129124
0.00968236,0.05346843
0.01000236,0.07129124
0.01032236,0.05346843
0.01064236,0.03570665
0.01096236,0.07129124
0.01128236,0.03570665
0.01160236,0.05346843
0.01192236,0.08911405
0.01224236,0.07129124
0.01256236,0.03570665
0.01288236,0.01788385
0.01320236,0.01788385
0.01352236,0.03570665
0.01384236,0.00006104
0.01416236,-0.01770074
0.01448236,-0.01770074
0.01480236,-0.03552354
0.01512236,0.00006104
0.01544236,0.01788385
0.01576236,-0.01770074
0.01608236,0.03570665
0.01640236,0.00006104
0.01672236,-0.05334635
0.01704236,0.01788385
0.01736236,-0.01770074
0.01768236,0.00006104
0.01800236,0.05346843
0.01832236,0.01788385
0.01864236,0.01788385
0.01896236,0.03570665
0.01928236,0.03570665
0.01960236,0.01788385
0.01992236,0.01788385
0.02024236,0.01788385
0.02056236,0.00006104
0.02088236,0.00006104
0.02120236,0.03570665
0.02152236,0.01788385
0.02184236,0.00006104
0.02216236,0.01788385
0.02248236,0.01788385
0.02280236,0.01788385
0.02312236,0.01788385
0.02344236,0.00006104
0.02376236,-0.01770074
0.02408236,0.01788385
0.02440236,0.00006104
0.02472236,-0.01770074
0.02504236,0.01788385
0.02536236,0.01788385
0.02568236,0.01788385
0.02600236,0.01788385
0.02632236,0.01788385
0.02664236,0.00006104
0.02696236,0.01788385
0.02728236,0.00006104
0.02760236,0.00006104
0.02792236,0.01788385
0.02824236,0.03570665
0.02856236,0.00006104
0.02888236,0.00006104
0.02920236,0.00006104
0.02952236,0.00006104
0.02984236,0.00006104
0.03016236,-0.01770074
0.03048236,-0.01770074
0.03080236,0.00006104
0.03112236,0.00006104
0.03144236,0.00006104
0.03176236,0.00006104
0.03208236,0.00006104
0.03240236,0.00006104
0.03272236,0.01788385
0.03304236,0.00006104
0.03336236,0.00006104
0.03368236,0.01788385
0.03400236,0.01788385
0.03432236,0.01788385
0.03464236,0.00006104
0.03496236,0.00006104
0.03528236,0.00006104
0.03560236,0.00006104
0.03592236,-0.01770074
0.03624236,0.00006104
0.03656236,0.00006104
0.03688236,0.00006104
0.03720236,0.00006104
0.03752236,0.00006104
0.03784236,0.00006104
0.03816236,0.00006104
0.03848236,0.00006104
0.03880236,0.00006104
0.03912236,0.00006104
0.03944236,0.00006104
0.03976236,-0.01770074
0.04008236,0.00006104
0.04040236,0.00006104
0.04072236,0.00006104
0.04104236,0.00006104
0.04136236,0.00006104
0.04168236,0.00006104
0.04200236,0.00006104
0.04232236,0.00006104
0.04264236,0.00006104
0.04296236,0.00006104
0.04328236,0.00006104
0.04360236,0.01788385
0.04392236,0.01788385
0.04424236,0.00006104
0.04456236,0.00006104
0.04488236,0.00006104
0.04520236,0.00006104
0.04552236,0.00006104
0.04584236,0.00006104
0.04616236,0.01788385
0.04648236,0.00006104
0.04680236,0.00006104
0.04712236,-0.01770074
0.04744236,0.00006104
0.04776236,0.00006104
0.04808236,-0.01770074
0.04840236,0.00006104
0.04872236,-0.01770074
0.04904236,-0.01770074
0.04936236,0.00006104
0.04968236,0.00006104
0.05000236,0.00006104
0.05032236,0.00006104
0.05064236,0.00006104
0.05096236,0.00006104
0.05128236,0.00006104
0.05160236,0.00006104
0.05192236,0.00006104
0.05224236,0.00006104
0.05256236,0.00006104
0.05288236,0.00006104
0.05320236,0.00006104
0.05352236,0.00006104
0.05384236,0.00006104
0.05416236,0.00006104
0.05448236,0.00006104
0.05480236,-0.01770074
0.05512236,0.00006104
0.05544236,-0.01770074
0.05576236,-0.01770074
0.05608236,0.00006104
0.05640236,0.00006104
0.05672236,0.00006104
0.05704236,0.00006104
0.05736236,-0.01770074
0.05768236,-0.01770074
0.05800236,0.00006104
0.05832236,0.00006104
0.05864236,0.00006104
0.05896236,0.00006104
0.05928236,0.00006104
0.05960236,0.00006104
0.05992236,0.00006104
0.06024236,0.00006104
0.06056236,0.00006104
0.06088236,0.00006104
0.06120236,0.00006104
0.06152236,0.00006104
0.06184236,0.00006104
0.06216236,0.00006104
0.06248236,0.00006104
0.06280236,0.00006104
0.06312236,0.00006104
0.06344236,0.00006104
0.06376236,0.00006104
0.06408236,0.00006104
0.06440236,0.00006104
0.06472236,0.00006104
0.06504236,0.00006104
0.06536236,0.00006104
0.06568236,0.00006104
0.06600236,0.00006104
0.06632236,0.00006104
0.06664236,0.00006104
0.06696236,0.00006104
0.06728236,0.00006104
0.06760236,0.00006104
0.06792236,0.00006104
0.06824236,0.00006104
0.06856236,0.00006104
0.06888236,0.00006104
0.06920236,0.00006104
0.06952236,0.00006104
0.06984236,0.00006104
0.07016236,0.00006104
0.07048236,0.00006104
0.07080236,-0.01770074
0.07112236,0.00006104
0.07144236,0.00006104
0.07176236,0.00006104
0.07208236,-0.01770074
0.07240236,0.00006104
0.07272236,-0.01770074
0.07304236,0.00006104
0.07336236,0.00006104
0.07368236,-0.01770074
0.07400236,0.00006104
0.07432236,0.00006104
0.07464236,0.00006104
0.07496236,0.00006104
0.07528236,0.00006104
0.07560236,0.00006104
0.07592236,0.00006104
0.07624236,0.00006104
0.07656236,0.00006104
0.07688236,0.00006104
0.07720236,0.00006104
0.07752236,0.00006104
0.07784236,0.00006104
0.07816236,0.00006104
0.07848236,0.00006104
0.07880236,0.00006104
0.07912236,-0.01770074
0.07944236,0.00006104
0.07976236,0.00006104
0.08008236,0.00006104
0.08040236,-0.01770074
0.08072236,0.00006104
0.08104236,0.00006104
0.08136236,0.00006104
0.08168236,0.00006104
0.08200236,0.00006104
0.08232236,0.00006104
0.08264236,0.00006104
0.08296236,0.00006104
0.08328236,0.00006104
0.08360236,0.00006104
0.08392236,0.00006104
0.08424236,0.00006104
0.08456236,0.00006104
0.08488236,0.00006104
0.08520236,0.00006104
0.08552236,0.00006104
0.08584236,-0.01770074
0.08616236,-0.01770074
0.08648236,0.00006104
0.08680236,0.00006104
0.08712236,0.00006104
0.08744236,0.00006104
0.08776236,0.00006104
0.08808236,0.00006104
0.08840236,0.00006104
0.08872236,0.00006104
0.08904236,-0.01770074
0.08936236,0.00006104
0.08968236,0.00006104
0.09000236,0.00006104
0.09032236,0.00006104
0.09064236,0.00006104
0.09096236,0.00006104
0.09128236,0.00006104
0.09160236,0.00006104
0.09192236,0.00006104
0.09224236,0.00006104
0.09256236,0.00006104
0.09288236,0.00006104
0.09320236,0.00006104
0.09352236,-0.01770074
0.09384236,0.00006104
0.09416236,0.00006104
0.09448236,0.00006104
0.09480236,0.00006104
0.09512236,0.00006104
0.09544236,0.00006104
0.09576236,0.00006104
0.09608236,0.00006104
0.09640236,0.00006104
0.09672236,0.00006104
0.09704236,-0.01770074
0.09736236,0.00006104
0.09768236,0.00006104
0.09800236,0.00006104
0.09832236,0.00006104
0.09864236,0.00006104
0.09896236,0.00006104
0.09928236,0.00006104
0.09960236,0.00006104
0.09992236,-0.01770074
0.10024236,0.00006104
0.10056236,0.00006104
0.10088236,0.00006104
0.10120236,0.00006104
0.10152236,0.00006104
0.10184236,0.00006104
0.10216236,-0.01770074
0.10248236,0.00006104
0.10280236,-0.01770074
0.10312236,0.00006104
0.10344236,0.00006104
0.10376236,0.00006104
0.10408236,0.00006104
0.10440236,0.00006104
0.10472236,0.00006104
0.10504236,-0.01770074
0.10536236,0.00006104
0.10568236,0.00006104
0.10600236,0.00006104
0.10632236,0.00006104
0.10664236,0.00006104
0.10696236,0.00006104
0.10728236,0.00006104
0.10760236,0.00006104
0.10792236,0.00006104
0.10824236,0.00006104
0.10856236,0.00006104
0.10888236,0.00006104
0.10920236,0.00006104
0.10952236,0.00006104
0.10984236,0.00006104
0.11016236,0.00006104
0.11048236,0.00006104
0.11080236,-0.01770074
0.11112236,0.00006104
0.11144236,0.00006104
0.11176236,0.00006104
0.11208236,0.00006104
0.11240236,0.00006104
0.11272236,0.00006104
0.11304236,0.00006104
0.11336236,0.00006104
0.11368236,0.00006104
0.11400236,0.00006104
0.11432236,0.00006104
0.11464236,0.00006104
0.11496236,0.00006104
0.11528236,0.00006104
0.11560236,0.01788385
0.11592236,0.00006104
0.11624236,0.00006104
0.11656236,0.00006104
0.11688236,0.00006104
0.11720236,0.00006104
0.11752236,0.00006104
0.11784236,0.00006104
0.11816236,0.00006104
0.11848236,-0.01770074
0.11880236,0.00006104
0.11912236,0.00006104
0.11944236,0.00006104
0.11976236,0.00006104
0.12008236,0.00006104
0.12040236,-0.01770074
0.12072236,0.00006104
0.12104236,0.00006104
0.12136236,0.00006104
0.12168236,0.00006104
0.12200236,0.00006104
0.12232236,0.00006104
0.12264236,-0.01770074
0.12296236,0.00006104
0.12328236,0.00006104
0.12360236,0.00006104
0.12392236,0.00006104
0.12424236,0.00006104
0.12456236,0.00006104
0.12488236,0.00006104
0.12520236,0.00006104
0.12552236,0.00006104
0.12584236,0.00006104
0.12616236,0.00006104
0.12648236,0.00006104
0.12680236,0.00006104
0.12712236,0.00006104
0.12744236,0.00006104
0.12776236,0.00006104
0.12808236,0.00006104
0.12840236,0.00006104
0.12872236,0.00006104
0.12904236,0.00006104
0.12936236,0.00006104
0.12968236,0.00006104
0.13000236,-0.01770074
0.13032236,0.00006104
0.13064236,-0.01770074
0.13096236,0.00006104
0.13128236,0.00006104
0.13160236,0.00006104
0.13192236,0.00006104
0.13224236,0.00006104
0.13256236,0.00006104
0.13288236,0.00006104
0.13320236,0.00006104
0.13352236,0.00006104
0.13384236,0.00006104
0.13416236,0.00006104
0.13448236,-0.01770074
0.13480236,0.00006104
0.13512236,0.00006104
0.13544236,0.00006104
0.13576236,0.00006104
0.13608236,0.00006104
0.13640236,0.00006104
0.13672236,0.00006104
0.13704236,0.00006104
0.13736236,0.00006104
0.13768236,0.00006104
0.13800236,0.00006104
0.13832236,0.00006104
0.13864236,0.00006104
0.13896236,0.00006104
0.13928236,0.00006104
0.13960236,0.00006104
0.13992236,0.00006104
0.14024236,0.00006104
0.14056236,0.00006104
0.14088236,0.00006104
0.14120236,0.00006104
0.14152236,0.00006104
0.14184236,0.00006104
0.14216236,0.00006104
0.14248236,0.00006104
0.14280236,0.00006104
0.14312236,0.00006104
0.14344236,0.00006104
0.14376236,-0.01770074
0.14408236,0.00006104
0.14440236,0.00006104
0.14472236,0.00006104
0.14504236,0.00006104
0.14536236,0.00006104
0.14568236,0.00006104
0.14600236,0.00006104
0.14632236,0.00006104
0.14664236,0.00006104
0.14696236,-0.01770074
0.14728236,0.00006104
0.14760236,0.00006104
0.14792236,0.00006104
0.14824236,0.00006104
0.14856236,0.00006104
0.14888236,0.00006104
0.14920236,0.00006104
0.14952236,0.00006104
0.14984236,0.00006104
0.15016236,0.00006104
0.15048236,0.00006104
0.15080236,-0.01770074
0.15112236,0.00006104
0.15144236,0.00006104
0.15176236,0.00006104
0.15208236,0.00006104
0.15240236,0.00006104
0.15272236,0.00006104
0.15304236,0.00006104
0.15336236,0.00006104
0.15368236,0.00006104
0.15400236,0.00006104
0.15432236,0.00006104
0.15464236,0.00006104
0.15496236,0.00006104
0.15528236,0.00006104
0.15560236,0.00006104
0.15592236,0.00006104
0.15624236,0.00006104
0.15656236,0.00006104
0.15688236,-0.01770074
0.15720236,0.00006104
0.15752236,0.00006104
0.15784236,0.00006104
0.15816236,-0.01770074
0.15848236,0.00006104
0.15880236,0.00006104
0.15912236,0.00006104
0.15944236,0.00006104
0.15976236,0.00006104
0.16008236,0.00006104
0.16040236,0.00006104
0.16072236,0.00006104
0.16104236,0.00006104
0.16136236,0.00006104
0.16168236,0.00006104
0.16200236,0.00006104
0.16232236,0.00006104
0.16264236,0.00006104
0.16296236,0.00006104
0.16328236,0.00006104
0.16360236,0.00006104
0.16392236,0.00006104
0.16424236,0.00006104
0.16456236,0.00006104
0.16488236,0.00006104
0.16520236,0.00006104
0.16552236,0.00006104
0.16584236,0.00006104
0.16616236,0.00006104
0.16648236,-0.01770074
0.16680236,0.00006104
0.16712236,0.00006104
0.16744236,0.00006104
0.16776236,0.00006104
0.16808236,0.00006104
0.16840236,0.00006104
0.16872236,0.00006104
0.16904236,0.00006104
0.16936236,-0.01770074
0.16968236,0.00006104
0.17000236,0.00006104
0.17032236,0.00006104
0.17064236,0.00006104
0.17096236,0.00006104
0.17128236,0.00006104
0.17160236,0.00006104
0.17192236,0.00006104
0.17224236,0.00006104
0.17256236,0.00006104
0.17288236,0.00006104
0.17320236,0.00006104
0.17352236,0.00006104
0.17384236,0.00006104
0.17416236,0.00006104
0.17448236,0.00006104
0.17480236,0.00006104
0.17512236,0.00006104
0.17544236,0.00006104
0.17576236,0.00006104
0.17608236,0.00006104
0.17640236,0.00006104
0.17672236,0.00006104
0.17704236,0.00006104
0.17736236,0.00006104
0.17768236,0.00006104
0.17800236,0.00006104
0.17832236,0.00006104
0.17864236,0.00006104
0.17896236,0.00006104
0.17928236,0.00006104
0.17960236,0.00006104
0.17992236,0.00006104
0.18024236,0.00006104
0.18056236,0.00006104
0.18088236,0.00006104
0.18120236,0.00006104
0.18152236,0.00006104
0.18184236,0.00006104
0.18216236,0.00006104
0.18248236,0.00006104
0.18280236,0.00006104
0.18312236,0.00006104
0.18344236,0.00006104
0.18376236,0.00006104
0.18408236,0.00006104
0.18440236,0.00006104
0.18472236,0.00006104
0.18504236,0.00006104
0.18536236,0.00006104
0.18568236,0.00006104
0.18600236,0.00006104
0.18632236,0.00006104
0.18664236,0.00006104
0.18696236,0.00006104
0.18728236,0.00006104
0.18760236,0.00006104
0.18792236,0.00006104
0.18824236,0.00006104
0.18856236,0.00006104
0.18888236,0.00006104
0.18920236,0.00006104
0.18952236,0.00006104
0.18984236,0.00006104
0.19016236,0.00006104
0.19048236,0.00006104
0.19080236,0.00006104
0.19112236,0.00006104
0.19144236,0.00006104
0.19176236,0.00006104
0.19208236,0.00006104
0.19240236,0.00006104
0.19272236,0.00006104
0.19304236,0.00006104
0.19336236,-0.01770074
0.19368236,0.00006104
0.19400236,0.00006104
0.19432236,0.00006104
0.19464236,0.00006104
0.19496236,0.00006104
0.19528236,0.00006104
0.19560236,0.00006104
0.19592236,0.00006104
0.19624236,0.00006104
0.19656236,0.00006104
0.19688236,0.00006104
0.19720236,0.00006104
0.19752236,0.00006104
0.19784236,0.00006104
0.19816236,0.00006104
0.19848236,0.00006104
0.19880236,0.00006104
0.19912236,0.00006104
0.19944236,0.00006104
0.19976236,0.00006104
0.20008236,0.00006104
0.20040236,0.00006104
0.20072236,0.00006104
0.20104236,0.00006104
0.20136236,0.00006104
0.20168236,0.00006104
0.20200236,0.00006104
0.20232236,0.00006104
0.20264236,0.00006104
0.20296236,0.00006104
0.20328236,0.00006104
0.20360236,0.00006104
0.20392236,0.00006104
0.20424236,0.00006104
0.20456236,0.00006104
0.20488236,0.00006104
0.20520236,0.00006104
0.20552236,0.00006104
0.20584236,0.00006104
0.20616236,0.00006104
0.20648236,0.00006104
0.20680236,0.00006104
0.20712236,0.00006104
0.20744236,0.00006104
0.20776236,0.00006104
0.20808236,0.00006104
0.20840236,0.00006104
0.20872236,0.00006104
0.20904236,0.00006104
0.20936236,0.00006104
0.20968236,0.00006104
0.21000236,0.00006104
0.21032236,0.00006104
0.21064236,0.00006104
0.21096236,0.00006104
0.21128236,0.00006104
0.21160236,0.00006104
0.21192236,0.00006104
0.21224236,0.00006104
0.21256236,0.00006104
0.21288236,0.00006104
0.21320236,0.00006104
0.21352236,0.00006104
0.21384236,0.00006104
0.21416236,0.00006104
0.21448236,0.00006104
0.21480236,0.00006104
0.21512236,0.00006104
0.21544236,0.00006104
0.21576236,0.00006104
0.21608236,0.00006104
0.21640236,0.00006104
0.21672236,0.00006104
0.21704236,0.00006104
0.21736236,0.00006104
0.21768236,0.00006104
0.21800236,-0.01770074
0.21832236,0.00006104
0.21864236,0.00006104
0.21896236,0.00006104
0.21928236,0.00006104
0.21960236,0.00006104
0.21992236,0.00006104
0.22024236,0.00006104
0.22056236,0.00006104
0.22088236,0.00006104
0.22120236,0.00006104
0.22152236,0.00006104
0.22184236,0.00006104
0.22216236,0.00006104
0.22248236,0.00006104
0.22280236,0.00006104
0.22312236,0.00006104
0.22344236,0.00006104
0.22376236,0.00006104
0.22408236,0.00006104
0.22440236,0.00006104
0.22472236,0.00006104
0.22504236,0.00006104
0.22536236,0.00006104
0.22568236,0.00006104
0.22600236,0.00006104
0.22632236,0.00006104
0.22664236,0.00006104
0.22696236,0.00006104
0.22728236,0.00006104
0.22760236,0.00006104
0.22792236,0.00006104
0.22824236,-0.01770074
0.22856236,0.00006104
0.22888236,0.00006104
0.22920236,0.00006104
0.22952236,0.00006104
0.22984236,0.00006104
0.23016236,0.00006104
0.23048236,0.00006104
0.23080236,0.00006104
0.23112236,0.00006104
0.23144236,0.00006104
0.23176236,0.00006104
0.23208236,0.00006104
0.23240236,0.00006104
0.23272236,-0.01770074
0.23304236,0.00006104
0.23336236,0.00006104
0.23368236,0.00006104
0.23400236,0.00006104
0.23432236,0.00006104
0.23464236,0.00006104
0.23496236,-0.01770074
0.23528236,0.00006104
0.23560236,0.00006104
0.23592236,0.00006104
0.23624236,0.00006104
0.23656236,0.00006104
0.23688236,0.00006104
0.23720236,0.00006104
0.23752236,0.00006104
0.23784236,0.00006104
0.23816236,0.00006104
0.23848236,0.00006104
0.23880236,0.00006104
0.23912236,0.00006104
0.23944236,0.00006104
0.23976236,0.00006104
0.24008236,0.00006104
0.24040236,0.00006104
0.24072236,0.00006104
0.24104236,0.00006104
0.24136236,0.00006104
0.24168236,0.00006104
0.24200236,0.00006104
0.24232236,0.00006104
0.24264236,0.00006104
0.24296236,0.00006104
0.24328236,0.00006104
0.24360236,0.00006104
0.24392236,0.00006104
0.24424236,0.00006104
0.24456236,0.00006104
0.24488236,0.00006104
0.24520236,0.00006104
0.24552236,0.00006104
0.24584236,0.00006104
0.24616236,0.00006104
0.24648236,0.00006104
0.24680236,0.00006104
0.24712236,0.00006104
0.24744236,0.00006104
0.24776236,0.00006104
0.24808236,0.00006104
0.24840236,0.00006104
0.24872236,0.00006104
0.24904236,0.00006104
0.24936236,0.00006104
0.24968236,0.00006104
0.25000236,0.00006104
0.25032236,0.00006104
0.25064236,0.00006104
0.25096236,0.00006104
0.25128236,0.00006104
0.25160236,0.00006104
0.25192236,0.00006104
0.25224236,-0.01770074
0.25256236,0.00006104
0.25288236,0.00006104
0.25320236,0.00006104
0.25352236,0.00006104
0.25384236,0.00006104
0.25416236,0.00006104
0.25448236,0.00006104
0.25480236,0.00006104
0.25512236,0.00006104
0.25544236,0.00006104
0.25576236,0.00006104
0.25608236,-0.01770074
0.25640236,0.00006104
0.25672236,0.00006104
0.25704236,0.00006104
0.25736236,0.00006104
0.25768236,0.00006104
0.25800236,0.00006104
0.25832236,0.00006104
0.25864236,-0.01770074
0.25896236,0.00006104
0.25928236,0.00006104
0.25960236,0.00006104
0.25992236,0.00006104
0.26024236,0.00006104
0.26056236,0.00006104
0.26088236,0.00006104
0.26120236,0.00006104
0.26152236,0.00006104
0.26184236,0.00006104
0.26216236,0.00006104
0.26248236,0.00006104
0.26280236,0.00006104
0.26312236,0.00006104
0.26344236,0.00006104
0.26376236,0.00006104
0.26408236,0.00006104
0.26440236,-0.01770074
0.26472236,0.00006104
0.26504236,0.00006104
0.26536236,0.00006104
0.26568236,0.00006104
0.26600236,0.00006104
0.26632236,0.00006104
0.26664236,0.00006104
0.26696236,0.00006104
0.26728236,0.00006104
0.26760236,-0.01770074
0.26792236,0.00006104
0.26824236,0.00006104
0.26856236,0.00006104
0.26888236,0.00006104
0.26920236,0.00006104
0.26952236,0.00006104
0.26984236,0.00006104
0.27016236,0.00006104
0.27048236,0.00006104
0.27080236,0.00006104
0.27112236,0.00006104
0.27144236,0.00006104
0.27176236,0.00006104
0.27208236,0.00006104
0.27240236,0.00006104
0.27272236,0.00006104
0.27304236,0.00006104
0.27336236,0.00006104
0.27368236,0.00006104
0.27400236,0.00006104
0.27432236,0.00006104
0.27464236,0.00006104
0.27496236,0.00006104
0.27528236,0.00006104
0.27560236,-0.01770074
0.27592236,0.00006104
0.27624236,0.00006104
0.27656236,0.00006104
0.27688236,0.00006104
0.27720236,0.00006104
0.27752236,0.00006104
0.27784236,0.00006104
0.27816236,0.00006104
0.27848236,0.00006104
0.27880236,0.00006104
0.27912236,0.00006104
0.27944236,0.00006104
0.27976236,0.00006104
0.28008236,0.00006104
0.28040236,0.00006104
0.28072236,0.00006104
0.28104236,0.00006104
0.28136236,0.00006104
0.28168236,0.00006104
0.28200236,0.00006104
0.28232236,0.00006104
0.28264236,0.00006104
0.28296236,0.00006104
0.28328236,0.00006104
0.28360236,0.00006104
0.28392236,0.00006104
0.28424236,0.00006104
0.28456236,0.00006104
0.28488236,0.00006104
0.28520236,0.00006104
0.28552236,0.00006104
0.28584236,0.00006104
0.28616236,0.00006104
0.28648236,0.00006104
0.28680236,0.00006104
0.28712236,0.00006104
0.28744236,0.00006104
0.28776236,0.00006104
0.28808236,0.00006104
0.28840236,0.00006104
0.28872236,0.00006104
0.28904236,0.00006104
0.28936236,0.00006104
0.28968236,-0.01770074
0.29000236,0.00006104
0.29032236,0.00006104
0.29064236,0.00006104
0.29096236,-0.01770074
0.29128236,0.00006104
0.29160236,-0.01770074
0.29192236,0.00006104
0.29224236,0.00006104
0.29256236,0.00006104
0.29288236,0.00006104
0.29320236,0.00006104
0.29352236,0.00006104
0.29384236,0.00006104
0.29416236,0.00006104
0.29448236,0.00006104
0.29480236,0.00006104
0.29512236,0.00006104
0.29544236,0.00006104
0.29576236,0.00006104
0.29608236,0.00006104
0.29640236,0.00006104
0.29672236,0.00006104
0.29704236,0.00006104
0.29736236,0.00006104
0.29768236,0.00006104
0.29800236,0.00006104
0.29832236,0.00006104
0.29864236,0.00006104
0.29896236,0.00006104
0.29928236,-0.01770074
0.29960236,-0.01770074
0.29992236,0.00006104
0.30024236,0.00006104
0.30056236,0.00006104
0.30088236,0.00006104
0.30120236,0.00006104
0.30152236,0.00006104
0.30184236,0.00006104
0.30216236,0.00006104
0.30248236,0.00006104
0.30280236,0.00006104
0.30312236,0.00006104
0.30344236,0.00006104
0.30376236,0.00006104
0.30408236,0.00006104
0.30440236,0.00006104
0.30472236,0.00006104
0.30504236,0.00006104
0.30536236,0.00006104
0.30568236,0.00006104
0.30600236,0.00006104
0.30632236,-0.01770074
0.30664236,0.00006104
0.30696236,0.00006104
0.30728236,0.00006104
0.30760236,0.00006104
0.30792236,0.00006104
0.30824236,0.00006104
0.30856236,0.00006104
0.30888236,0.00006104
0.30920236,0.00006104
0.30952236,0.00006104
0.30984236,0.00006104
0.31016236,0.00006104
0.31048236,0.00006104
0.31080236,0.00006104
0.31112236,0.00006104
0.31144236,0.00006104
0.31176236,0.00006104
0.31208236,0.00006104
0.31240236,0.00006104
0.31272236,0.00006104
0.31304236,0.00006104
0.31336236,0.00006104
0.31368236,0.00006104
0.31400236,0.00006104
0.31432236,0.00006104
0.31464236,-0.01770074
0.31496236,0.00006104
0.31528236,0.00006104
0.31560236,0.00006104
0.31592236,0.00006104
0.31624236,0.00006104
0.31656236,0.00006104
0.31688236,0.00006104
0.31720236,-0.01770074
0.31752236,0.00006104
0.31784236,0.00006104
0.31816236,0.00006104
0.31848236,-0.01770074
0.31880236,0.00006104
0.31912236,0.00006104
0.31944236,0.00006104
0.31976236,0.00006104
0.32008236,0.00006104
0.32040236,0.00006104
0.32072236,0.00006104
0.32104236,0.00006104
0.32136236,0.00006104
0.32168236,0.00006104
0.32200236,0.00006104
0.32232236,0.00006104
0.32264236,0.00006104
0.32296236,0.00006104
0.32328236,0.00006104
0.32360236,0.00006104
0.32392236,0.00006104
0.32424236,0.00006104
0.32456236,0.00006104
0.32488236,0.00006104
0.32520236,0.00006104
0.32552236,0.00006104
0.32584236,0.00006104
0.32616236,0.00006104
0.32648236,0.00006104
0.32680236,0.00006104
0.32712236,0.00006104
0.32744236,0.00006104
0.32776236,0.00006104
0.32808236,0.00006104
0.32840236,0.00006104
0.32872236,-0.01770074
0.32904236,0.00006104
0.32936236,0.00006104
0.32968236,0.00006104
0.33000236,0.00006104
0.33032236,-0.01770074
0.33064236,0.00006104
0.33096236,0.00006104
0.33128236,0.00006104
0.33160236,-0.01770074
0.33192236,0.00006104
0.33224236,0.00006104
0.33256236,0.00006104
0.33288236,0.00006104
0.33320236,0.00006104
0.33352236,0.00006104
0.33384236,0.00006104
0.33416236,0.00006104
0.33448236,0.00006104
0.33480236,0.00006104
0.33512236,0.00006104
0.33544236,0.00006104
0.33576236,0.00006104
0.33608236,0.00006104
0.33640236,0.00006104
0.33672236,0.00006104
0.33704236,0.00006104
0.33736236,0.00006104
0.33768236,0.00006104
0.33800236,0.00006104
0.33832236,0.00006104
0.33864236,0.00006104
0.33896236,0.00006104
0.33928236,0.00006104
0.33960236,0.00006104
0.33992236,0.00006104
0.34024236,0.00006104
0.34056236,0.00006104
0.34088236,0.00006104
0.34120236,0.00006104
0.34152236,0.00006104
0.34184236,0.00006104
0.34216236,0.00006104
0.34248236,0.00006104
0.34280236,0.00006104
0.34312236,0.00006104
0.34344236,0.00006104
0.34376236,0.00006104
0.34408236,0.00006104
0.34440236,0.00006104
0.34472236,0.00006104
0.34504236,0.00006104
0.34536236,0.00006104
0.34568236,-0.01770074
0.34600236,0.00006104
0.34632236,0.00006104
0.34664236,-0.01770074
0.34696236,0.00006104
0.34728236,0.00006104
0.34760236,0.00006104
0.34792236,0.00006104
0.34824236,0.00006104
0.34856236,0.00006104
0.34888236,0.00006104
0.34920236,0.00006104
0.34952236,0.00006104
0.34984236,0.00006104
0.35016236,0.00006104
0.35048236,0.00006104
0.35080236,0.00006104
0.35112236,0.00006104
0.35144236,0.00006104
0.35176236,0.00006104
0.35208236,0.00006104
0.35240236,0.00006104
0.35272236,0.00006104
0.35304236,-0.01770074
0.35336236,-0.01770074
0.35368236,0.00006104
0.35400236,0.00006104
0.35432236,0.00006104
0.35464236,0.00006104
0.35496236,0.00006104
0.35528236,-0.01770074
0.35560236,0.00006104
0.35592236,0.00006104
0.35624236,0.00006104
0.35656236,0.00006104
0.35688236,0.00006104
0.35720236,-0.01770074
0.35752236,0.00006104
0.35784236,0.00006104
0.35816236,0.00006104
0.35848236,0.00006104
0.35880236,0.00006104
0.35912236,0.00006104
0.35944236,0.00006104
0.35976236,0.00006104
0.36008236,0.00006104
0.36040236,0.00006104
0.36072236,0.00006104
0.36104236,0.00006104
0.36136236,0.00006104
0.36168236,0.00006104
0.36200236,0.00006104
0.36232236,0.00006104
0.36264236,0.00006104
0.36296236,0.00006104
0.36328236,0.00006104
0.36360236,0.00006104
0.36392236,0.00006104
0.36424236,0.00006104
0.36456236,0.00006104
0.36488236,0.00006104
0.36520236,0.00006104
0.36552236,0.00006104
0.36584236,0.00006104
0.36616236,0.00006104
0.36648236,0.00006104
0.36680236,0.00006104
0.36712236,0.00006104
0.36744236,0.00006104
0.36776236,0.00006104
0.36808236,0.00006104
0.36840236,0.00006104
0.36872236,0.00006104
0.36904236,0.00006104
0.36936236,0.00006104
0.36968236,0.00006104
0.37000236,0.00006104
0.37032236,0.00006104
0.37064236,0.00006104
0.37096236,0.00006104
0.37128236,0.00006104
0.37160236,0.00006104
0.37192236,0.00006104
0.37224236,-0.01770074
0.37256236,0.00006104
0.37288236,0.00006104
0.37320236,0.00006104
0.37352236,0.00006104
0.37384236,0.00006104
0.37416236,0.00006104
0.37448236,0.00006104
0.37480236,0.00006104
0.37512236,0.00006104
0.37544236,0.00006104
0.37576236,0.00006104
0.37608236,-0.01770074
0.37640236,-0.01770074
0.37672236,0.00006104
0.37704236,0.00006104
0.37736236,0.00006104
0.37768236,0.00006104
0.37800236,0.00006104
0.37832236,0.00006104
0.37864236,0.00006104
0.37896236,0.00006104
0.37928236,0.00006104
0.37960236,0.00006104
0.37992236,0.00006104
0.38024236,0.00006104
0.38056236,0.00006104
0.38088236,0.00006104
0.38120236,0.00006104
0.38152236,0.00006104
0.38184236,0.00006104
0.38216236,0.00006104
0.38248236,0.00006104
0.38280236,0.00006104
0.38312236,0.00006104
0.38344236,0.00006104
0.38376236,0.00006104
0.38408236,0.00006104
0.38440236,0.00006104
0.38472236,0.00006104
0.38504236,0.00006104
0.38536236,0.00006104
0.38568236,0.00006104
0.38600236,0.00006104
0.38632236,0.00006104
0.38664236,0.00006104
0.38696236,0.00006104
0.38728236,0.00006104
0.38760236,0.00006104
0.38792236,0.00006104
0.38824236,0.00006104
0.38856236,0.00006104
0.38888236,0.00006104
0.38920236,0.00006104
0.38952236,0.00006104
0.38984236,0.00006104
0.39016236,0.00006104
0.39048236,0.00006104
0.39080236,0.00006104
0.39112236,0.00006104
0.39144236,0.00006104
0.39176236,0.00006104
0.39208236,0.00006104
0.39240236,0.00006104
0.39272236,0.00006104
0.39304236,0.00006104
0.39336236,0.00006104
0.39368236,0.00006104
0.39400236,0.00006104
0.39432236,0.00006104
0.39464236,0.00006104
0.39496236,0.00006104
0.39528236,0.00006104
0.39560236,0.00006104
0.39592236,0.00006104
0.39624236,0.00006104
0.39656236,0.00006104
0.39688236,0.00006104
0.39720236,0.00006104
0.39752236,0.00006104
0.39784236,0.00006104
0.39816236,0.00006104
0.39848236,0.00006104
0.39880236,0.00006104
0.39912236,0.00006104
0.39944236,0.00006104
0.39976236,0.00006104
0.40008236,0.00006104
0.40040236,0.00006104
0.40072236,0.00006104
0.40104236,0.00006104
0.40136236,0.00006104
0.40168236,0.00006104
0.40200236,0.00006104
0.40232236,0.00006104
0.40264236,0.00006104
0.40296236,0.00006104
0.40328236,0.00006104
0.40360236,0.00006104
0.40392236,0.00006104
0.40424236,0.00006104
0.40456236,0.00006104
0.40488236,0.00006104
0.40520236,0.00006104
0.40552236,0.00006104
0.40584236,0.00006104
0.40616236,0.00006104
0.40648236,0.00006104
0.40680236,0.00006104
0.40712236,0.00006104
0.40744236,0.00006104
0.40776236,0.00006104
0.40808236,0.00006104
0.40840236,0.00006104
0.40872236,0.00006104
0.40904236,0.00006104
0.40936236,0.00006104
0.40968236,0.00006104
0.41000236,0.00006104
0.41032236,0.00006104
0.41064236,0.00006104
0.41096236,0.00006104
0.41128236,0.00006104
0.41160236,0.00006104
0.41192236,0.00006104
0.41224236,0.00006104
0.41256236,0.00006104
0.41288236,0.00006104
0.41320236,0.00006104
0.41352236,0.00006104
0.41384236,0.00006104
0.41416236,0.00006104
0.41448236,0.00006104
0.41480236,0.00006104
0.41512236,0.00006104
0.41544236,0.00006104
0.41576236,0.00006104
0.41608236,-0.01770074
0.41640236,0.00006104
0.41672236,0.00006104
0.41704236,0.00006104
0.41736236,0.00006104
0.41768236,0.00006104
0.41800236,0.00006104
0.41832236,0.00006104
0.41864236,0.00006104
0.41896236,0.00006104
0.41928236,0.00006104
0.41960236,0.00006104
0.41992236,0.00006104
0.42024236,0.00006104
0.42056236,0.00006104
0.42088236,0.00006104
0.42120236,0.00006104
0.42152236,0.00006104
0.42184236,0.00006104
0.42216236,0.00006104
0.42248236,0.00006104
0.42280236,0.00006104
0.42312236,0.00006104
0.42344236,0.00006104
0.42376236,0.00006104
0.42408236,0.00006104
0.42440236,0.00006104
0.42472236,0.00006104
0.42504236,0.00006104
0.42536236,0.00006104
0.42568236,0.00006104
0.42600236,0.00006104
0.42632236,-0.01770074
0.42664236,0.00006104
0.42696236,0.00006104
0.42728236,0.00006104
0.42760236,0.00006104
0.42792236,0.00006104
0.42824236,0.00006104
0.42856236,0.00006104
0.42888236,0.00006104
0.42920236,0.00006104
0.42952236,0.00006104
0.42984236,0.00006104
0.43016236,0.00006104
0.43048236,0.00006104
0.43080236,0.00006104
0.43112236,0.00006104
0.43144236,0.00006104
0.43176236,0.00006104
0.43208236,0.00006104
0.43240236,0.00006104
0.43272236,0.00006104
0.43304236,0.00006104
0.43336236,0.00006104
0.43368236,0.00006104
0.43400236,0.00006104
0.43432236,0.00006104
0.43464236,0.00006104
0.43496236,-0.01770074
0.43528236,0.00006104
0.43560236,0.00006104
0.43592236,0.00006104
0.43624236,0.00006104
0.43656236,0.00006104
0.43688236,0.00006104
0.43720236,0.00006104
0.43752236,0.00006104
0.43784236,0.00006104
0.43816236,0.00006104
0.43848236,0.00006104
0.43880236,0.00006104
0.43912236,0.00006104
0.43944236,0.00006104
0.43976236,0.00006104
0.44008236,0.00006104
0.44040236,0.00006104
0.44072236,0.00006104
0.44104236,0.00006104
0.44136236,0.00006104
0.44168236,0.00006104
0.44200236,0.00006104
0.44232236,0.00006104
0.44264236,0.00006104
0.44296236,0.00006104
0.44328236,0.00006104
0.44360236,0.00006104
0.44392236,0.00006104
0.44424236,0.00006104
0.44456236,0.00006104
0.44488236,0.00006104
0.44520236,0.00006104
0.44552236,0.00006104
0.44584236,0.00006104
0.44616236,0.00006104
0.44648236,0.00006104
0.44680236,-0.01770074
0.44712236,0.00006104
0.44744236,0.00006104
0.44776236,0.00006104
0.44808236,0.00006104
0.44840236,0.00006104
0.44872236,0.00006104
0.44904236,0.00006104
0.44936236,0.00006104
0.44968236,0.00006104
0.45000236,0.00006104
0.45032236,0.00006104
0.45064236,0.00006104
0.45096236,0.00006104
0.45128236,0.00006104
0.45160236,0.00006104
0.45192236,0.00006104
0.45224236,0.00006104
0.45256236,0.00006104
0.45288236,0.00006104
0.45320236,0.00006104
0.45352236,0.00006104
0.45384236,0.00006104
0.45416236,0.00006104
0.45448236,0.00006104
0.45480236,0.00006104
0.45512236,0.00006104
0.45544236,0.00006104
0.45576236,0.00006104
0.45608236,0.00006104
0.45640236,0.00006104
0.45672236,0.00006104
0.45704236,0.00006104
0.45736236,0.00006104
0.45768236,0.00006104
0.45800236,0.00006104
0.45832236,0.00006104
0.45864236,0.00006104
0.45896236,0.00006104
0.45928236,0.00006104
0.45960236,0.00006104
0.45992236,0.00006104
0.46024236,0.00006104
0.46056236,0.00006104
0.46088236,0.00006104
0.46120236,0.00006104
0.46152236,0.00006104
0.46184236,0.00006104
0.46216236,0.00006104
0.46248236,0.00006104
0.46280236,0.00006104
0.46312236,0.00006104
0.46344236,0.00006104
0.46376236,-0.01770074
0.46408236,0.00006104
0.46440236,-0.01770074
0.46472236,0.00006104
0.46504236,0.00006104
0.46536236,0.00006104
0.46568236,0.00006104
0.46600236,0.00006104
0.46632236,0.00006104
0.46664236,0.00006104
0.46696236,0.00006104
0.46728236,0.00006104
0.46760236,0.00006104
0.46792236,0.00006104
0.46824236,0.00006104
0.46856236,0.00006104
0.46888236,0.00006104
0.46920236,0.00006104
0.46952236,0.00006104
0.46984236,0.00006104
0.47016236,0.00006104
0.47048236,0.00006104
0.47080236,0.00006104
0.47112236,0.00006104
0.47144236,0.00006104
0.47176236,0.00006104
0.47208236,0.00006104
0.47240236,0.00006104
0.47272236,0.00006104
0.47304236,0.00006104
0.47336236,0.00006104
0.47368236,0.00006104
0.47400236,0.00006104
0.47432236,0.00006104
0.47464236,0.00006104
0.47496236,0.00006104
0.47528236,0.00006104
0.47560236,0.00006104
0.47592236,0.00006104
0.47624236,0.00006104
0.47656236,0.00006104
0.47688236,0.00006104
0.47720236,0.00006104
0.47752236,0.00006104
0.47784236,0.00006104
0.47816236,0.00006104
0.47848236,0.00006104
0.47880236,0.00006104
0.47912236,0.00006104
0.47944236,0.00006104
0.47976236,0.00006104
0.48008236,0.00006104
0.48040236,0.00006104
0.48072236,0.00006104
0.48104236,0.00006104
0.48136236,0.00006104
0.48168236,0.00006104
0.48200236,0.00006104
0.48232236,0.00006104
0.48264236,0.00006104
0.48296236,0.00006104
0.48328236,0.00006104
0.48360236,0.00006104
0.48392236,0.00006104
0.48424236,0.00006104
0.48456236,0.00006104
0.48488236,0.00006104
0.48520236,0.00006104
0.48552236,0.00006104
0.48584236,0.00006104
0.48616236,0.00006104
0.48648236,0.00006104
0.48680236,0.00006104
0.48712236,0.00006104
0.48744236,0.00006104
0.48776236,0.00006104
0.48808236,0.00006104
0.48840236,0.00006104
0.48872236,0.00006104
0.48904236,0.00006104
0.48936236,0.00006104
0.48968236,0.00006104
0.49000236,0.00006104
0.49032236,0.00006104
0.49064236,0.00006104
0.49096236,0.00006104
0.49128236,0.00006104
0.49160236,0.00006104
0.49192236,0.00006104
0.49224236,0.00006104
0.49256236,0.00006104
0.49288236,0.00006104
0.49320236,-0.01770074
0.49352236,0.00006104
0.49384236,0.00006104
0.49416236,0.00006104
0.49448236,0.00006104
0.49480236,0.00006104
0.49512236,0.00006104
0.49544236,0.00006104
0.49576236,0.00006104
0.49608236,0.00006104
0.49640236,0.00006104
0.49672236,0.00006104
0.49704236,0.00006104
0.49736236,0.00006104
0.49768236,0.00006104
0.49800236,0.00006104
0.49832236,0.00006104
0.49864236,0.00006104
0.49896236,-0.16010010
0.49928236,-0.76534319
0.49960236,-0.42713705
0.49992236,-0.10669271
0.50024236,0.05346843
0.50056236,0.03570665
0.50088236,0.00006104
0.50120236,-0.01770074
0.50152236,-0.03552354
0.50184236,-0.01770074
0.50216236,-0.85433513
0.50248236,-1.05014193
0.50280236,-1.22818685
0.50312236,-1.37058628
0.50344236,-0.53395182
0.50376236,0.03570665
0.50408236,0.10687582
0.50440236,0.05346843
0.50472236,0.03570665
0.50504236,0.03570665
0.50536236,0.01788385
0.50568236,0.01788385
0.50600236,0.03570665
0.50632236,0.03570665
0.50664236,0.03570665
0.50696236,0.03570665
0.50728236,0.01788385
0.50760236,0.00006104
0.50792236,0.00006104
0.50824236,0.01788385
0.50856236,0.01788385
0.50888236,0.03570665
0.50920236,0.05346843
0.50952236,0.05346843
0.50984236,0.07129124
0.51016236,0.05346843
0.51048236,0.05346843
0.51080236,0.07129124
0.51112236,0.03570665
0.51144236,0.03570665
0.51176236,0.08911405
0.51208236,0.07129124
0.51240236,0.05346843
0.51272236,0.03570665
0.51304236,0.03570665
0.51336236,0.03570665
0.51368236,0.00006104
0.51400236,-0.01770074
0.51432236,-0.03552354
0.51464236,-0.03552354
0.51496236,0.00006104
0.51528236,0.03570665
0.51560236,0.00006104
0.51592236,0.03570665
0.51624236,0.01788385
0.51656236,-0.03552354
0.51688236,0.01788385
0.51720236,-0.01770074
0.51752236,-0.01770074
0.51784236,0.05346843
0.51816236,0.03570665
0.51848236,0.01788385
0.51880236,0.05346843
0.51912236,0.03570665
0.51944236,0.01788385
0.51976236,0.01788385
0.52008236,0.01788385
