Time,Channel A
(ms),(V)

-1.48089381,0.01788385
-1.48057381,0.01788385
-1.48025381,0.01788385
-1.47993381,0.00006104
-1.47961381,-0.01770074
-1.47929381,0.01788385
-1.47897381,0.00006104
-1.47865381,0.00006104
-1.47833381,0.03570665
-1.47801381,0.01788385
-1.47769381,0.00006104
-1.47737381,0.01788385
-1.47705381,0.00006104
-1.47673381,0.00006104
-1.47641381,0.03570665
-1.47609381,0.01788385
-1.47577381,0.00006104
-1.47545381,0.01788385
-1.47513381,0.01788385
-1.47481381,0.00006104
-1.47449381,0.00006104
-1.47417381,0.00006104
-1.47385381,0.00006104
-1.47353381,0.00006104
-1.47321381,-0.01770074
-1.47289381,0.00006104
-1.47257381,0.00006104
-1.47225381,0.00006104
-1.47193381,0.01788385
-1.47161381,0.01788385
-1.47129381,0.01788385
-1.47097381,0.01788385
-1.47065381,0.00006104
-1.47033381,0.00006104
-1.47001381,0.01788385
-1.46969381,0.01788385
-1.46937381,0.01788385
-1.46905381,0.00006104
-1.46873381,0.01788385
-1.46841381,0.01788385
-1.46809381,0.01788385
-1.46777381,0.00006104
-1.46745381,0.00006104
-1.46713381,0.00006104
-1.46681381,0.00006104
-1.46649381,0.00006104
-1.46617381,0.00006104
-1.46585381,0.00006104
-1.46553381,0.01788385
-1.46521381,0.01788385
-1.46489381,0.00006104
-1.46457381,0.01788385
-1.46425381,0.00006104
-1.46393381,0.00006104
-1.46361381,0.00006104
-1.46329381,0.00006104
-1.46297381,0.00006104
-1.46265381,0.00006104
-1.46233381,0.00006104
-1.46201381,0.00006104
-1.46169381,-0.01770074
-1.46137381,0.00006104
-1.46105381,0.00006104
-1.46073381,0.00006104
-1.46041381,0.00006104
-1.46009381,0.00006104
-1.45977381,0.00006104
-1.45945381,0.00006104
-1.45913381,0.00006104
-1.45881381,0.01788385
-1.45849381,0.00006104
-1.45817381,0.00006104
-1.45785381,0.01788385
-1.45753381,0.00006104
-1.45721381,0.00006104
-1.45689381,0.01788385
-1.45657381,0.00006104
-1.45625381,0.00006104
-1.45593381,0.00006104
-1.45561381,0.00006104
-1.45529381,-0.01770074
-1.45497381,-0.01770074
-1.45465381,0.00006104
-1.45433381,0.00006104
-1.45401381,0.00006104
-1.45369381,0.00006104
-1.45337381,0.00006104
-1.45305381,0.00006104
-1.45273381,0.00006104
-1.45241381,0.00006104
-1.45209381,0.00006104
-1.45177381,0.00006104
-1.45145381,0.00006104
-1.45113381,0.00006104
-1.45081381,0.00006104
-1.45049381,0.00006104
-1.45017381,0.01788385
-1.44985381,0.00006104
-1.44953381,0.00006104
-1.44921381,0.00006104
-1.44889381,0.00006104
-1.44857381,0.00006104
-1.44825381,0.00006104
-1.44793381,0.00006104
-1.44761381,0.00006104
-1.44729381,0.00006104
-1.44697381,0.00006104
-1.44665381,0.00006104
-1.44633381,0.00006104
-1.44601381,0.00006104
-1.44569381,0.00006104
-1.44537381,0.00006104
-1.44505381,0.00006104
-1.44473381,0.00006104
-1.44441381,0.00006104
-1.44409381,0.00006104
-1.44377381,0.00006104
-1.44345381,0.00006104
-1.44313381,0.00006104
-1.44281381,0.00006104
-1.44249381,0.00006104
-1.44217381,0.00006104
-1.44185381,0.00006104
-1.44153381,0.00006104
-1.44121381,0.00006104
-1.44089381,0.00006104
-1.44057381,0.00006104
-1.44025381,0.00006104
-1.43993381,0.00006104
-1.43961381,0.00006104
-1.43929381,0.00006104
-1.43897381,0.00006104
-1.43865381,0.00006104
-1.43833381,0.00006104
-1.43801381,0.00006104
-1.43769381,0.00006104
-1.43737381,0.00006104
-1.43705381,0.00006104
-1.43673381,0.00006104
-1.43641381,0.00006104
-1.43609381,0.00006104
-1.43577381,0.00006104
-1.43545381,0.00006104
-1.43513381,0.00006104
-1.43481381,0.00006104
-1.43449381,0.00006104
-1.43417381,0.00006104
-1.43385381,0.00006104
-1.43353381,0.00006104
-1.43321381,0.00006104
-1.43289381,0.00006104
-1.43257381,-0.01770074
-1.43225381,0.00006104
-1.43193381,0.00006104
-1.43161381,0.00006104
-1.43129381,0.00006104
-1.43097381,0.00006104
-1.43065381,0.00006104
-1.43033381,0.00006104
-1.43001381,0.00006104
-1.42969381,0.00006104
-1.42937381,0.00006104
-1.42905381,0.00006104
-1.42873381,0.00006104
-1.42841381,0.00006104
-1.42809381,0.00006104
-1.42777381,0.00006104
-1.42745381,0.00006104
-1.42713381,0.00006104
-1.42681381,0.00006104
-1.42649381,0.00006104
-1.42617381,0.00006104
-1.42585381,0.00006104
-1.42553381,0.00006104
-1.42521381,0.00006104
-1.42489381,0.00006104
-1.42457381,0.00006104
-1.42425381,0.00006104
-1.42393381,0.00006104
-1.42361381,0.00006104
-1.42329381,0.00006104
-1.42297381,0.00006104
-1.42265381,0.00006104
-1.42233381,0.00006104
-1.42201381,0.00006104
-1.42169381,0.00006104
-1.42137381,0.00006104
-1.42105381,0.00006104
-1.42073381,0.00006104
-1.42041381,0.00006104
-1.42009381,0.00006104
-1.41977381,0.00006104
-1.41945381,0.00006104
-1.41913381,0.00006104
-1.41881381,0.00006104
-1.41849381,0.00006104
-1.41817381,0.00006104
-1.41785381,0.00006104
-1.41753381,0.00006104
-1.41721381,0.00006104
-1.41689381,0.00006104
-1.41657381,0.00006104
-1.41625381,0.00006104
-1.41593381,0.00006104
-1.41561381,0.00006104
-1.41529381,0.00006104
-1.41497381,0.00006104
-1.41465381,0.00006104
-1.41433381,0.00006104
-1.41401381,0.00006104
-1.41369381,0.00006104
-1.41337381,0.00006104
-1.41305381,0.00006104
-1.41273381,0.00006104
-1.41241381,0.00006104
-1.41209381,0.00006104
-1.41177381,-0.01770074
-1.41145381,0.00006104
-1.41113381,0.00006104
-1.41081381,0.00006104
-1.41049381,0.00006104
-1.41017381,0.00006104
-1.40985381,0.00006104
-1.40953381,0.00006104
-1.40921381,0.00006104
-1.40889381,0.00006104
-1.40857381,0.00006104
-1.40825381,0.00006104
-1.40793381,0.00006104
-1.40761381,0.00006104
-1.40729381,0.00006104
-1.40697381,0.00006104
-1.40665381,0.00006104
-1.40633381,0.00006104
-1.40601381,0.00006104
-1.40569381,0.00006104
-1.40537381,0.00006104
-1.40505381,0.00006104
-1.40473381,0.00006104
-1.40441381,0.00006104
-1.40409381,0.00006104
-1.40377381,0.00006104
-1.40345381,0.00006104
-1.40313381,0.00006104
-1.40281381,-0.01770074
-1.40249381,0.00006104
-1.40217381,0.00006104
-1.40185381,0.00006104
-1.40153381,0.00006104
-1.40121381,0.00006104
-1.40089381,0.00006104
-1.40057381,0.00006104
-1.40025381,0.00006104
-1.39993381,0.00006104
-1.39961381,0.00006104
-1.39929381,0.00006104
-1.39897381,0.00006104
-1.39865381,0.00006104
-1.39833381,0.00006104
-1.39801381,0.00006104
-1.39769381,0.00006104
-1.39737381,0.00006104
-1.39705381,0.00006104
-1.39673381,0.00006104
-1.39641381,0.00006104
-1.39609381,0.00006104
-1.39577381,0.00006104
-1.39545381,0.00006104
-1.39513381,0.00006104
-1.39481381,0.00006104
-1.39449381,0.00006104
-1.39417381,0.00006104
-1.39385381,0.00006104
-1.39353381,0.00006104
-1.39321381,0.00006104
-1.39289381,0.00006104
-1.39257381,0.00006104
-1.39225381,0.00006104
-1.39193381,0.00006104
-1.39161381,0.00006104
-1.39129381,0.00006104
-1.39097381,0.00006104
-1.39065381,-0.01770074
-1.39033381,0.00006104
-1.39001381,0.00006104
-1.38969381,0.00006104
-1.38937381,0.00006104
-1.38905381,0.00006104
-1.38873381,-0.01770074
-1.38841381,0.00006104
-1.38809381,0.00006104
-1.38777381,0.00006104
-1.38745381,0.00006104
-1.38713381,0.00006104
-1.38681381,-0.01770074
-1.38649381,0.00006104
-1.38617381,0.00006104
-1.38585381,0.00006104
-1.38553381,0.00006104
-1.38521381,0.00006104
-1.38489381,0.00006104
-1.38457381,-0.01770074
-1.38425381,-0.01770074
-1.38393381,0.00006104
-1.38361381,0.00006104
-1.38329381,0.00006104
-1.38297381,0.00006104
-1.38265381,0.00006104
-1.38233381,0.00006104
-1.38201381,0.00006104
-1.38169381,0.00006104
-1.38137381,0.00006104
-1.38105381,0.00006104
-1.38073381,0.00006104
-1.38041381,0.00006104
-1.38009381,0.00006104
-1.37977381,0.00006104
-1.37945381,0.00006104
-1.37913381,0.00006104
-1.37881381,-0.01770074
-1.37849381,0.00006104
-1.37817381,0.00006104
-1.37785381,0.00006104
-1.37753381,0.00006104
-1.37721381,0.00006104
-1.37689381,0.00006104
-1.37657381,0.00006104
-1.37625381,0.00006104
-1.37593381,-0.01770074
-1.37561381,0.00006104
-1.37529381,0.00006104
-1.37497381,0.00006104
-1.37465381,0.00006104
-1.37433381,0.00006104
-1.37401381,0.00006104
-1.37369381,0.00006104
-1.37337381,0.00006104
-1.37305381,0.00006104
-1.37273381,-0.01770074
-1.37241381,0.00006104
-1.37209381,0.00006104
-1.37177381,0.00006104
-1.37145381,0.00006104
-1.37113381,0.00006104
-1.37081381,0.00006104
-1.37049381,0.00006104
-1.37017381,0.00006104
-1.36985381,0.00006104
-1.36953381,-0.01770074
-1.36921381,0.00006104
-1.36889381,0.00006104
-1.36857381,0.00006104
-1.36825381,0.00006104
-1.36793381,0.00006104
-1.36761381,0.00006104
-1.36729381,0.00006104
-1.36697381,0.00006104
-1.36665381,0.00006104
-1.36633381,0.00006104
-1.36601381,0.00006104
-1.36569381,0.00006104
-1.36537381,0.00006104
-1.36505381,0.00006104
-1.36473381,0.00006104
-1.36441381,0.00006104
-1.36409381,0.00006104
-1.36377381,0.00006104
-1.36345381,0.00006104
-1.36313381,0.00006104
-1.36281381,0.00006104
-1.36249381,0.00006104
-1.36217381,0.00006104
-1.36185381,0.00006104
-1.36153381,0.00006104
-1.36121381,0.00006104
-1.36089381,0.00006104
-1.36057381,0.00006104
-1.36025381,0.00006104
-1.35993381,0.00006104
-1.35961381,0.00006104
-1.35929381,0.00006104
-1.35897381,0.00006104
-1.35865381,0.00006104
-1.35833381,0.00006104
-1.35801381,0.00006104
-1.35769381,0.00006104
-1.35737381,0.00006104
-1.35705381,0.00006104
-1.35673381,0.00006104
-1.35641381,0.00006104
-1.35609381,0.00006104
-1.35577381,0.00006104
-1.35545381,0.00006104
-1.35513381,0.00006104
-1.35481381,0.00006104
-1.35449381,0.00006104
-1.35417381,0.00006104
-1.35385381,0.00006104
-1.35353381,0.00006104
-1.35321381,0.00006104
-1.35289381,0.00006104
-1.35257381,0.00006104
-1.35225381,0.00006104
-1.35193381,0.00006104
-1.35161381,0.00006104
-1.35129381,0.00006104
-1.35097381,0.00006104
-1.35065381,-0.01770074
-1.35033381,0.00006104
-1.35001381,0.00006104
-1.34969381,0.00006104
-1.34937381,0.00006104
-1.34905381,0.00006104
-1.34873381,0.00006104
-1.34841381,0.00006104
-1.34809381,0.00006104
-1.34777381,0.00006104
-1.34745381,0.00006104
-1.34713381,0.00006104
-1.34681381,0.00006104
-1.34649381,-0.01770074
-1.34617381,0.00006104
-1.34585381,0.00006104
-1.34553381,0.00006104
-1.34521381,0.00006104
-1.34489381,0.00006104
-1.34457381,0.00006104
-1.34425381,-0.01770074
-1.34393381,0.00006104
-1.34361381,0.00006104
-1.34329381,-0.01770074
-1.34297381,0.00006104
-1.34265381,-0.01770074
-1.34233381,0.00006104
-1.34201381,0.00006104
-1.34169381,0.00006104
-1.34137381,0.00006104
-1.34105381,0.00006104
-1.34073381,0.00006104
-1.34041381,0.00006104
-1.34009381,0.00006104
-1.33977381,0.00006104
-1.33945381,0.00006104
-1.33913381,0.00006104
-1.33881381,0.00006104
-1.33849381,0.00006104
-1.33817381,0.00006104
-1.33785381,0.00006104
-1.33753381,0.00006104
-1.33721381,0.00006104
-1.33689381,0.00006104
-1.33657381,0.00006104
-1.33625381,-0.01770074
-1.33593381,0.00006104
-1.33561381,0.00006104
-1.33529381,0.00006104
-1.33497381,0.00006104
-1.33465381,0.00006104
-1.33433381,0.00006104
-1.33401381,0.00006104
-1.33369381,0.00006104
-1.33337381,0.00006104
-1.33305381,0.00006104
-1.33273381,0.00006104
-1.33241381,0.00006104
-1.33209381,0.00006104
-1.33177381,0.00006104
-1.33145381,0.00006104
-1.33113381,0.00006104
-1.33081381,-0.01770074
-1.33049381,0.00006104
-1.33017381,0.00006104
-1.32985381,-0.01770074
-1.32953381,0.00006104
-1.32921381,0.00006104
-1.32889381,0.00006104
-1.32857381,0.00006104
-1.32825381,0.00006104
-1.32793381,0.00006104
-1.32761381,0.00006104
-1.32729381,0.00006104
-1.32697381,0.00006104
-1.32665381,0.00006104
-1.32633381,0.00006104
-1.32601381,0.00006104
-1.32569381,0.00006104
-1.32537381,0.00006104
-1.32505381,0.00006104
-1.32473381,0.00006104
-1.32441381,0.00006104
-1.32409381,0.00006104
-1.32377381,0.00006104
-1.32345381,0.00006104
-1.32313381,0.00006104
-1.32281381,0.00006104
-1.32249381,0.00006104
-1.32217381,0.00006104
-1.32185381,0.00006104
-1.32153381,0.00006104
-1.32121381,0.00006104
-1.32089381,0.00006104
-1.32057381,0.00006104
-1.32025381,0.00006104
-1.31993381,0.00006104
-1.31961381,0.00006104
-1.31929381,0.00006104
-1.31897381,0.00006104
-1.31865381,0.00006104
-1.31833381,0.00006104
-1.31801381,0.00006104
-1.31769381,0.00006104
-1.31737381,0.00006104
-1.31705382,0.00006104
-1.31673382,0.00006104
-1.31641382,0.00006104
-1.31609382,0.00006104
-1.31577382,0.00006104
-1.31545382,0.00006104
-1.31513382,0.00006104
-1.31481382,0.00006104
-1.31449382,0.00006104
-1.31417382,0.00006104
-1.31385382,0.00006104
-1.31353382,0.00006104
-1.31321382,0.00006104
-1.31289382,0.00006104
-1.31257382,0.00006104
-1.31225382,0.00006104
-1.31193382,0.00006104
-1.31161382,0.00006104
-1.31129382,0.00006104
-1.31097382,0.00006104
-1.31065382,0.00006104
-1.31033382,0.00006104
-1.31001382,0.00006104
-1.30969382,0.00006104
-1.30937382,0.00006104
-1.30905382,0.00006104
-1.30873382,0.00006104
-1.30841382,0.00006104
-1.30809382,0.00006104
-1.30777382,0.00006104
-1.30745382,0.00006104
-1.30713382,0.00006104
-1.30681382,-0.01770074
-1.30649382,0.00006104
-1.30617382,-0.01770074
-1.30585382,0.00006104
-1.30553382,0.00006104
-1.30521382,0.00006104
-1.30489382,0.00006104
-1.30457382,0.00006104
-1.30425382,0.00006104
-1.30393382,0.00006104
-1.30361382,0.00006104
-1.30329382,-0.01770074
-1.30297382,0.00006104
-1.30265382,0.00006104
-1.30233382,0.00006104
-1.30201382,0.00006104
-1.30169382,0.00006104
-1.30137382,0.00006104
-1.30105382,-0.01770074
-1.30073382,-0.01770074
-1.30041382,0.00006104
-1.30009382,0.00006104
-1.29977382,0.00006104
-1.29945382,0.00006104
-1.29913382,0.00006104
-1.29881382,0.00006104
-1.29849382,0.00006104
-1.29817382,0.00006104
-1.29785382,0.00006104
-1.29753382,0.00006104
-1.29721382,0.00006104
-1.29689382,0.00006104
-1.29657382,0.00006104
-1.29625382,0.00006104
-1.29593382,0.00006104
-1.29561382,0.00006104
-1.29529382,0.00006104
-1.29497382,0.00006104
-1.29465382,0.00006104
-1.29433382,0.00006104
-1.29401382,0.00006104
-1.29369382,0.00006104
-1.29337382,0.00006104
-1.29305382,0.00006104
-1.29273382,0.00006104
-1.29241382,-0.01770074
-1.29209382,0.00006104
-1.29177382,0.00006104
-1.29145382,0.00006104
-1.29113382,0.00006104
-1.29081382,0.00006104
-1.29049382,0.00006104
-1.29017382,-0.01770074
-1.28985382,0.00006104
-1.28953382,0.00006104
-1.28921382,0.00006104
-1.28889382,0.00006104
-1.28857382,0.00006104
-1.28825382,0.00006104
-1.28793382,0.00006104
-1.28761382,0.00006104
-1.28729382,0.00006104
-1.28697382,0.00006104
-1.28665382,0.00006104
-1.28633382,0.00006104
-1.28601382,0.00006104
-1.28569382,0.00006104
-1.28537382,0.00006104
-1.28505382,0.00006104
-1.28473382,0.00006104
-1.28441382,0.00006104
-1.28409382,0.00006104
-1.28377382,0.00006104
-1.28345382,0.00006104
-1.28313382,0.00006104
-1.28281382,0.00006104
-1.28249382,0.00006104
-1.28217382,0.00006104
-1.28185382,-0.01770074
-1.28153382,0.00006104
-1.28121382,0.00006104
-1.28089382,0.00006104
-1.28057382,0.00006104
-1.28025382,0.00006104
-1.27993382,0.00006104
-1.27961382,0.00006104
-1.27929382,0.00006104
-1.27897382,0.00006104
-1.27865382,0.00006104
-1.27833382,0.00006104
-1.27801382,0.00006104
-1.27769382,0.00006104
-1.27737382,0.00006104
-1.27705382,0.00006104
-1.27673382,0.00006104
-1.27641382,0.00006104
-1.27609382,0.00006104
-1.27577382,0.00006104
-1.27545382,0.00006104
-1.27513382,0.00006104
-1.27481382,0.00006104
-1.27449382,0.00006104
-1.27417382,0.00006104
-1.27385382,-0.01770074
-1.27353382,0.00006104
-1.27321382,0.00006104
-1.27289382,0.00006104
-1.27257382,0.00006104
-1.27225382,0.00006104
-1.27193382,0.00006104
-1.27161382,0.00006104
-1.27129382,0.00006104
-1.27097382,0.00006104
-1.27065382,0.00006104
-1.27033382,0.00006104
-1.27001382,0.00006104
-1.26969382,0.00006104
-1.26937382,0.00006104
-1.26905382,0.00006104
-1.26873382,0.00006104
-1.26841382,0.00006104
-1.26809382,0.00006104
-1.26777382,0.00006104
-1.26745382,0.00006104
-1.26713382,0.00006104
-1.26681382,0.00006104
-1.26649382,0.00006104
-1.26617382,0.00006104
-1.26585382,0.00006104
-1.26553382,0.00006104
-1.26521382,0.00006104
-1.26489382,0.00006104
-1.26457382,0.00006104
-1.26425382,-0.01770074
-1.26393382,0.00006104
-1.26361382,0.00006104
-1.26329382,-0.01770074
-1.26297382,0.00006104
-1.26265382,0.00006104
-1.26233382,0.00006104
-1.26201382,0.00006104
-1.26169382,0.00006104
-1.26137382,0.00006104
-1.26105382,0.00006104
-1.26073382,0.00006104
-1.26041382,0.00006104
-1.26009382,0.00006104
-1.25977382,0.00006104
-1.25945382,0.00006104
-1.25913382,0.00006104
-1.25881382,0.00006104
-1.25849382,0.00006104
-1.25817382,0.00006104
-1.25785382,0.00006104
-1.25753382,0.00006104
-1.25721382,0.00006104
-1.25689382,0.00006104
-1.25657382,0.00006104
-1.25625382,0.00006104
-1.25593382,0.00006104
-1.25561382,0.00006104
-1.25529382,0.00006104
-1.25497382,0.00006104
-1.25465382,0.00006104
-1.25433382,0.00006104
-1.25401382,0.00006104
-1.25369382,0.00006104
-1.25337382,-0.01770074
-1.25305382,0.00006104
-1.25273382,0.00006104
-1.25241382,0.00006104
-1.25209382,0.00006104
-1.25177382,0.00006104
-1.25145382,0.00006104
-1.25113382,0.00006104
-1.25081382,0.00006104
-1.25049382,0.00006104
-1.25017382,0.00006104
-1.24985382,0.00006104
-1.24953382,0.00006104
-1.24921382,0.00006104
-1.24889382,0.00006104
-1.24857382,0.00006104
-1.24825382,0.00006104
-1.24793382,0.00006104
-1.24761382,0.00006104
-1.24729382,0.00006104
-1.24697382,0.00006104
-1.24665382,0.00006104
-1.24633382,0.00006104
-1.24601382,0.00006104
-1.24569382,-0.01770074
-1.24537382,0.00006104
-1.24505382,-0.01770074
-1.24473382,0.00006104
-1.24441382,0.00006104
-1.24409382,0.00006104
-1.24377382,0.00006104
-1.24345382,0.00006104
-1.24313382,0.00006104
-1.24281382,0.00006104
-1.24249382,0.00006104
-1.24217382,0.00006104
-1.24185382,0.00006104
-1.24153382,0.00006104
-1.24121382,0.00006104
-1.24089382,0.00006104
-1.24057382,0.00006104
-1.24025382,0.00006104
-1.23993382,0.00006104
-1.23961382,0.00006104
-1.23929382,0.00006104
-1.23897382,0.00006104
-1.23865382,0.00006104
-1.23833382,0.00006104
-1.23801382,-0.01770074
-1.23769382,0.00006104
-1.23737382,0.00006104
-1.23705382,-0.01770074
-1.23673382,0.00006104
-1.23641382,0.00006104
-1.23609382,0.00006104
-1.23577382,0.00006104
-1.23545382,0.00006104
-1.23513382,0.00006104
-1.23481382,0.00006104
-1.23449382,0.00006104
-1.23417382,0.00006104
-1.23385382,0.00006104
-1.23353382,0.00006104
-1.23321382,0.00006104
-1.23289382,0.00006104
-1.23257382,0.00006104
-1.23225382,0.00006104
-1.23193382,0.00006104
-1.23161382,0.00006104
-1.23129382,-0.01770074
-1.23097382,0.00006104
-1.23065382,0.00006104
-1.23033382,0.00006104
-1.23001382,0.00006104
-1.22969382,-0.01770074
-1.22937382,0.00006104
-1.22905382,0.00006104
-1.22873382,0.00006104
-1.22841382,0.00006104
-1.22809382,0.00006104
-1.22777382,0.00006104
-1.22745382,0.00006104
-1.22713382,0.00006104
-1.22681382,0.00006104
-1.22649382,0.00006104
-1.22617382,0.00006104
-1.22585382,0.00006104
-1.22553382,0.00006104
-1.22521382,0.00006104
-1.22489382,0.00006104
-1.22457382,0.00006104
-1.22425382,0.00006104
-1.22393382,0.00006104
-1.22361382,0.00006104
-1.22329382,0.00006104
-1.22297382,0.00006104
-1.22265382,0.00006104
-1.22233382,0.00006104
-1.22201382,0.00006104
-1.22169382,0.00006104
-1.22137382,0.00006104
-1.22105382,0.00006104
-1.22073382,0.00006104
-1.22041382,0.00006104
-1.22009382,0.00006104
-1.21977382,-0.01770074
-1.21945382,0.00006104
-1.21913382,0.00006104
-1.21881382,0.00006104
-1.21849382,0.00006104
-1.21817382,0.00006104
-1.21785382,0.00006104
-1.21753382,0.00006104
-1.21721382,0.00006104
-1.21689382,0.00006104
-1.21657382,0.00006104
-1.21625382,0.00006104
-1.21593382,0.00006104
-1.21561382,0.00006104
-1.21529382,0.00006104
-1.21497382,0.00006104
-1.21465382,0.00006104
-1.21433382,0.00006104
-1.21401382,0.00006104
-1.21369382,0.00006104
-1.21337382,0.00006104
-1.21305382,0.00006104
-1.21273382,0.00006104
-1.21241382,0.00006104
-1.21209382,0.00006104
-1.21177382,0.00006104
-1.21145382,0.00006104
-1.21113382,-0.01770074
-1.21081382,0.00006104
-1.21049382,0.00006104
-1.21017382,0.00006104
-1.20985382,0.00006104
-1.20953382,0.00006104
-1.20921382,0.00006104
-1.20889382,0.00006104
-1.20857382,0.00006104
-1.20825382,0.00006104
-1.20793382,0.00006104
-1.20761382,0.00006104
-1.20729382,0.00006104
-1.20697382,0.00006104
-1.20665382,0.00006104
-1.20633382,0.00006104
-1.20601382,0.00006104
-1.20569382,0.00006104
-1.20537382,-0.01770074
-1.20505382,0.00006104
-1.20473382,0.00006104
-1.20441382,-0.01770074
-1.20409382,0.00006104
-1.20377382,0.00006104
-1.20345382,0.00006104
-1.20313382,0.00006104
-1.20281382,0.00006104
-1.20249382,0.00006104
-1.20217382,0.00006104
-1.20185382,0.00006104
-1.20153382,0.00006104
-1.20121382,0.00006104
-1.20089382,0.00006104
-1.20057382,0.00006104
-1.20025382,0.00006104
-1.19993382,0.00006104
-1.19961382,0.00006104
-1.19929382,0.00006104
-1.19897382,0.00006104
-1.19865382,0.00006104
-1.19833382,0.00006104
-1.19801382,0.00006104
-1.19769382,0.00006104
-1.19737382,0.00006104
-1.19705382,0.00006104
-1.19673382,0.00006104
-1.19641382,0.00006104
-1.19609382,0.00006104
-1.19577382,0.00006104
-1.19545382,0.00006104
-1.19513382,-0.01770074
-1.19481382,-0.01770074
-1.19449382,0.00006104
-1.19417382,0.00006104
-1.19385382,0.00006104
-1.19353382,0.00006104
-1.19321382,0.00006104
-1.19289382,0.00006104
-1.19257382,0.00006104
-1.19225382,0.00006104
-1.19193382,0.00006104
-1.19161382,0.00006104
-1.19129382,0.00006104
-1.19097382,0.00006104
-1.19065382,0.00006104
-1.19033382,0.00006104
-1.19001382,0.00006104
-1.18969382,0.00006104
-1.18937382,0.00006104
-1.18905382,0.00006104
-1.18873382,-0.01770074
-1.18841382,0.00006104
-1.18809382,0.00006104
-1.18777382,0.00006104
-1.18745382,0.00006104
-1.18713382,0.00006104
-1.18681382,0.00006104
-1.18649382,0.00006104
-1.18617382,0.00006104
-1.18585382,0.00006104
-1.18553382,0.00006104
-1.18521382,0.00006104
-1.18489382,0.00006104
-1.18457382,0.00006104
-1.18425382,0.00006104
-1.18393382,0.00006104
-1.18361382,0.00006104
-1.18329382,0.00006104
-1.18297382,0.00006104
-1.18265382,0.00006104
-1.18233382,0.00006104
-1.18201382,0.00006104
-1.18169382,0.00006104
-1.18137382,0.00006104
-1.18105382,0.00006104
-1.18073382,0.00006104
-1.18041382,0.00006104
-1.18009382,0.00006104
-1.17977382,0.00006104
-1.17945382,0.00006104
-1.17913382,-0.01770074
-1.17881382,0.00006104
-1.17849382,0.00006104
-1.17817382,-0.01770074
-1.17785382,0.00006104
-1.17753382,0.00006104
-1.17721382,0.00006104
-1.17689382,0.00006104
-1.17657382,0.00006104
-1.17625382,0.00006104
-1.17593382,0.00006104
-1.17561382,0.00006104
-1.17529382,0.00006104
-1.17497382,0.00006104
-1.17465382,0.00006104
-1.17433382,0.00006104
-1.17401382,0.00006104
-1.17369382,0.00006104
-1.17337382,0.00006104
-1.17305382,0.00006104
-1.17273382,0.00006104
-1.17241382,0.00006104
-1.17209382,0.00006104
-1.17177382,0.00006104
-1.17145382,0.00006104
-1.17113382,0.00006104
-1.17081382,0.00006104
-1.17049382,0.00006104
-1.17017382,0.00006104
-1.16985382,0.00006104
-1.16953382,0.00006104
-1.16921382,0.00006104
-1.16889382,0.00006104
-1.16857382,0.00006104
-1.16825382,0.00006104
-1.16793382,0.00006104
-1.16761382,0.00006104
-1.16729382,0.00006104
-1.16697382,0.00006104
-1.16665382,0.00006104
-1.16633382,-0.01770074
-1.16601382,-0.01770074
-1.16569382,0.00006104
-1.16537382,0.00006104
-1.16505382,0.00006104
-1.16473382,0.00006104
-1.16441382,0.00006104
-1.16409382,0.00006104
-1.16377382,0.00006104
-1.16345382,0.00006104
-1.16313382,0.00006104
-1.16281382,0.00006104
-1.16249382,0.00006104
-1.16217382,0.00006104
-1.16185382,0.00006104
-1.16153382,0.00006104
-1.16121382,0.00006104
-1.16089382,0.00006104
-1.16057382,0.00006104
-1.16025382,0.00006104
-1.15993382,0.00006104
-1.15961382,0.00006104
-1.15929382,0.00006104
-1.15897382,0.00006104
-1.15865382,0.00006104
-1.15833382,0.00006104
-1.15801382,0.00006104
-1.15769382,0.00006104
-1.15737382,0.00006104
-1.15705382,0.00006104
-1.15673382,0.00006104
-1.15641382,0.00006104
-1.15609382,0.00006104
-1.15577382,0.00006104
-1.15545382,0.00006104
-1.15513382,0.00006104
-1.15481382,0.00006104
-1.15449382,0.00006104
-1.15417382,0.00006104
-1.15385382,0.00006104
-1.15353382,0.00006104
-1.15321382,0.00006104
-1.15289382,0.00006104
-1.15257382,0.00006104
-1.15225382,0.00006104
-1.15193382,0.00006104
-1.15161382,0.00006104
-1.15129382,0.00006104
-1.15097382,0.00006104
-1.15065382,0.00006104
-1.15033382,0.00006104
-1.15001382,0.00006104
-1.14969382,0.00006104
-1.14937382,0.00006104
-1.14905382,0.00006104
-1.14873382,-0.01770074
-1.14841382,0.00006104
-1.14809382,0.00006104
-1.14777382,0.00006104
-1.14745382,0.00006104
-1.14713382,0.00006104
-1.14681382,0.00006104
-1.14649382,0.00006104
-1.14617382,0.00006104
-1.14585382,0.00006104
-1.14553382,0.00006104
-1.14521382,-0.01770074
-1.14489382,0.00006104
-1.14457382,-0.01770074
-1.14425382,0.00006104
-1.14393382,0.00006104
-1.14361382,0.00006104
-1.14329382,0.00006104
-1.14297382,0.00006104
-1.14265382,0.00006104
-1.14233382,0.00006104
-1.14201382,0.00006104
-1.14169382,0.00006104
-1.14137382,-0.01770074
-1.14105382,0.00006104
-1.14073382,0.00006104
-1.14041382,0.00006104
-1.14009382,0.00006104
-1.13977382,0.00006104
-1.13945382,0.00006104
-1.13913382,0.00006104
-1.13881382,0.00006104
-1.13849382,0.00006104
-1.13817382,0.00006104
-1.13785382,0.00006104
-1.13753382,0.00006104
-1.13721382,0.00006104
-1.13689382,0.00006104
-1.13657382,0.00006104
-1.13625382,0.00006104
-1.13593382,0.00006104
-1.13561382,0.00006104
-1.13529382,0.00006104
-1.13497382,0.00006104
-1.13465382,0.00006104
-1.13433382,0.00006104
-1.13401382,0.00006104
-1.13369382,0.00006104
-1.13337382,0.00006104
-1.13305382,0.00006104
-1.13273382,0.00006104
-1.13241382,0.00006104
-1.13209382,0.00006104
-1.13177382,0.00006104
-1.13145382,0.00006104
-1.13113382,0.00006104
-1.13081382,0.00006104
-1.13049382,0.00006104
-1.13017382,0.00006104
-1.12985382,0.00006104
-1.12953382,0.00006104
-1.12921382,0.00006104
-1.12889382,0.00006104
-1.12857382,0.00006104
-1.12825382,0.00006104
-1.12793382,0.00006104
-1.12761382,0.00006104
-1.12729382,0.00006104
-1.12697382,0.00006104
-1.12665382,0.00006104
-1.12633382,0.00006104
-1.12601382,0.00006104
-1.12569382,0.00006104
-1.12537382,0.00006104
-1.12505382,0.00006104
-1.12473382,0.00006104
-1.12441382,0.00006104
-1.12409382,0.00006104
-1.12377382,0.00006104
-1.12345382,0.00006104
-1.12313382,-0.01770074
-1.12281382,0.00006104
-1.12249382,0.00006104
-1.12217382,0.00006104
-1.12185382,0.00006104
-1.12153382,0.00006104
-1.12121382,0.00006104
-1.12089382,0.00006104
-1.12057382,0.00006104
-1.12025382,0.00006104
-1.11993382,0.00006104
-1.11961382,0.00006104
-1.11929382,0.00006104
-1.11897382,0.00006104
-1.11865382,0.00006104
-1.11833382,0.00006104
-1.11801382,0.00006104
-1.11769382,0.00006104
-1.11737382,0.00006104
-1.11705382,0.00006104
-1.11673382,0.00006104
-1.11641382,0.00006104
-1.11609382,0.00006104
-1.11577382,0.00006104
-1.11545382,0.00006104
-1.11513382,0.00006104
-1.11481382,0.00006104
-1.11449382,0.00006104
-1.11417382,0.00006104
-1.11385382,0.00006104
-1.11353382,0.00006104
-1.11321382,0.00006104
-1.11289382,0.00006104
-1.11257382,0.00006104
-1.11225382,0.00006104
-1.11193382,0.00006104
-1.11161382,0.00006104
-1.11129382,0.00006104
-1.11097382,0.00006104
-1.11065382,0.00006104
-1.11033382,0.00006104
-1.11001382,0.00006104
-1.10969382,0.00006104
-1.10937382,0.00006104
-1.10905382,0.00006104
-1.10873382,0.00006104
-1.10841382,0.00006104
-1.10809382,0.00006104
-1.10777382,0.00006104
-1.10745382,0.00006104
-1.10713382,0.00006104
-1.10681382,0.00006104
-1.10649382,0.00006104
-1.10617382,0.00006104
-1.10585382,0.00006104
-1.10553382,0.00006104
-1.10521382,0.00006104
-1.10489382,0.00006104
-1.10457382,0.00006104
-1.10425382,0.00006104
-1.10393382,0.00006104
-1.10361382,0.00006104
-1.10329382,0.00006104
-1.10297382,-0.01770074
-1.10265382,0.00006104
-1.10233382,0.00006104
-1.10201382,0.00006104
-1.10169382,0.00006104
-1.10137382,0.00006104
-1.10105382,-0.01770074
-1.10073382,0.00006104
-1.10041382,0.00006104
-1.10009382,0.00006104
-1.09977382,0.00006104
-1.09945382,0.00006104
-1.09913382,0.00006104
-1.09881382,0.00006104
-1.09849382,0.00006104
-1.09817382,0.00006104
-1.09785382,0.00006104
-1.09753382,0.00006104
-1.09721382,0.00006104
-1.09689382,0.00006104
-1.09657382,0.00006104
-1.09625382,0.00006104
-1.09593382,0.00006104
-1.09561382,0.00006104
-1.09529382,0.00006104
-1.09497382,0.00006104
-1.09465382,0.00006104
-1.09433382,0.00006104
-1.09401382,0.00006104
-1.09369382,0.00006104
-1.09337382,0.00006104
-1.09305382,0.00006104
-1.09273382,0.00006104
-1.09241382,0.00006104
-1.09209382,0.00006104
-1.09177382,0.00006104
-1.09145382,0.00006104
-1.09113382,-0.01770074
-1.09081382,0.00006104
-1.09049382,0.00006104
-1.09017382,0.00006104
-1.08985382,0.00006104
-1.08953382,0.00006104
-1.08921382,0.00006104
-1.08889382,0.00006104
-1.08857382,0.00006104
-1.08825382,0.00006104
-1.08793382,0.00006104
-1.08761382,0.00006104
-1.08729382,0.00006104
-1.08697382,0.00006104
-1.08665382,0.00006104
-1.08633382,0.00006104
-1.08601382,0.00006104
-1.08569382,0.00006104
-1.08537382,0.00006104
-1.08505382,0.00006104
-1.08473382,0.00006104
-1.08441382,0.00006104
-1.08409382,-0.01770074
-1.08377382,0.00006104
-1.08345382,0.00006104
-1.08313382,0.00006104
-1.08281382,0.00006104
-1.08249382,0.00006104
-1.08217382,0.00006104
-1.08185382,0.00006104
-1.08153382,0.00006104
-1.08121382,0.00006104
-1.08089382,0.00006104
-1.08057382,0.00006104
-1.08025382,0.00006104
-1.07993382,0.00006104
-1.07961382,0.00006104
-1.07929382,0.00006104
-1.07897382,0.00006104
-1.07865382,0.00006104
-1.07833382,0.00006104
-1.07801382,0.00006104
-1.07769382,0.00006104
-1.07737382,0.00006104
-1.07705382,0.00006104
-1.07673382,0.00006104
-1.07641382,0.00006104
-1.07609382,0.00006104
-1.07577382,0.00006104
-1.07545382,0.00006104
-1.07513382,0.00006104
-1.07481382,0.00006104
-1.07449382,0.00006104
-1.07417382,0.00006104
-1.07385382,0.00006104
-1.07353382,0.00006104
-1.07321382,0.00006104
-1.07289382,0.00006104
-1.07257382,0.00006104
-1.07225382,0.00006104
-1.07193382,0.00006104
-1.07161382,0.00006104
-1.07129382,0.00006104
-1.07097382,0.00006104
-1.07065382,0.00006104
-1.07033382,0.00006104
-1.07001382,0.00006104
-1.06969382,0.00006104
-1.06937382,0.00006104
-1.06905382,0.00006104
-1.06873382,0.00006104
-1.06841382,0.00006104
-1.06809382,0.00006104
-1.06777382,0.00006104
-1.06745382,0.00006104
-1.06713382,0.00006104
-1.06681382,0.00006104
-1.06649382,0.00006104
-1.06617382,0.00006104
-1.06585382,0.00006104
-1.06553382,0.00006104
-1.06521382,0.00006104
-1.06489382,0.00006104
-1.06457382,0.00006104
-1.06425382,0.00006104
-1.06393382,0.00006104
-1.06361382,0.00006104
-1.06329382,0.00006104
-1.06297382,0.00006104
-1.06265382,0.00006104
-1.06233382,0.00006104
-1.06201382,0.00006104
-1.06169382,0.00006104
-1.06137382,0.00006104
-1.06105382,0.00006104
-1.06073382,0.00006104
-1.06041382,0.00006104
-1.06009382,0.00006104
-1.05977382,0.00006104
-1.05945382,0.00006104
-1.05913382,0.00006104
-1.05881382,0.00006104
-1.05849382,0.00006104
-1.05817382,0.00006104
-1.05785382,0.00006104
-1.05753382,0.00006104
-1.05721382,0.00006104
-1.05689382,0.00006104
-1.05657382,0.00006104
-1.05625382,0.00006104
-1.05593382,0.00006104
-1.05561382,0.00006104
-1.05529382,0.00006104
-1.05497382,0.00006104
-1.05465382,0.00006104
-1.05433382,0.00006104
-1.05401382,0.00006104
-1.05369382,0.00006104
-1.05337382,0.00006104
-1.05305382,0.00006104
-1.05273382,0.00006104
-1.05241382,0.00006104
-1.05209382,0.00006104
-1.05177382,0.00006104
-1.05145382,0.00006104
-1.05113382,0.00006104
-1.05081382,0.00006104
-1.05049382,0.00006104
-1.05017382,0.00006104
-1.04985382,0.00006104
-1.04953382,0.00006104
-1.04921382,0.00006104
-1.04889382,0.00006104
-1.04857382,0.00006104
-1.04825382,0.00006104
-1.04793382,0.00006104
-1.04761382,0.00006104
-1.04729382,0.00006104
-1.04697382,0.00006104
-1.04665382,0.00006104
-1.04633382,0.00006104
-1.04601382,0.00006104
-1.04569382,0.00006104
-1.04537382,0.00006104
-1.04505382,0.00006104
-1.04473382,0.00006104
-1.04441382,0.00006104
-1.04409382,0.00006104
-1.04377382,0.00006104
-1.04345382,0.00006104
-1.04313382,0.00006104
-1.04281382,0.00006104
-1.04249382,0.00006104
-1.04217382,0.00006104
-1.04185382,0.00006104
-1.04153382,0.00006104
-1.04121382,0.00006104
-1.04089382,0.00006104
-1.04057382,0.00006104
-1.04025382,0.00006104
-1.03993382,0.00006104
-1.03961382,-0.01770074
-1.03929382,0.00006104
-1.03897382,0.00006104
-1.03865382,0.00006104
-1.03833382,0.00006104
-1.03801382,-0.01770074
-1.03769382,0.00006104
-1.03737382,0.00006104
-1.03705382,0.00006104
-1.03673382,0.00006104
-1.03641382,0.00006104
-1.03609382,0.00006104
-1.03577382,0.00006104
-1.03545382,0.00006104
-1.03513382,0.00006104
-1.03481382,0.00006104
-1.03449382,0.00006104
-1.03417382,0.00006104
-1.03385382,0.00006104
-1.03353382,0.00006104
-1.03321382,0.00006104
-1.03289382,0.00006104
-1.03257382,0.00006104
-1.03225382,0.00006104
-1.03193382,0.00006104
-1.03161382,0.00006104
-1.03129382,0.00006104
-1.03097382,0.00006104
-1.03065382,0.00006104
-1.03033382,0.00006104
-1.03001382,0.00006104
-1.02969382,0.00006104
-1.02937382,0.00006104
-1.02905382,0.00006104
-1.02873382,0.00006104
-1.02841382,0.00006104
-1.02809382,0.00006104
-1.02777382,0.00006104
-1.02745382,0.00006104
-1.02713382,0.00006104
-1.02681382,0.00006104
-1.02649382,0.00006104
-1.02617382,0.00006104
-1.02585382,0.00006104
-1.02553382,0.00006104
-1.02521382,0.00006104
-1.02489382,0.00006104
-1.02457382,0.00006104
-1.02425382,0.00006104
-1.02393382,0.00006104
-1.02361382,0.00006104
-1.02329382,0.00006104
-1.02297382,-0.01770074
-1.02265382,0.00006104
-1.02233382,0.00006104
-1.02201382,-0.01770074
-1.02169382,0.00006104
-1.02137382,0.00006104
-1.02105382,0.00006104
-1.02073382,0.00006104
-1.02041382,0.00006104
-1.02009382,0.00006104
-1.01977382,0.00006104
-1.01945382,0.00006104
-1.01913382,0.00006104
-1.01881382,0.00006104
-1.01849382,0.00006104
-1.01817382,0.00006104
-1.01785382,0.00006104
-1.01753382,-0.01770074
-1.01721382,0.00006104
-1.01689382,0.00006104
-1.01657382,0.00006104
-1.01625382,-0.01770074
-1.01593382,0.00006104
-1.01561382,0.00006104
-1.01529382,0.00006104
-1.01497382,0.00006104
-1.01465382,0.00006104
-1.01433382,0.00006104
-1.01401382,0.00006104
-1.01369382,-0.01770074
-1.01337382,0.00006104
-1.01305382,0.00006104
-1.01273382,0.00006104
-1.01241382,0.00006104
-1.01209382,0.00006104
-1.01177382,0.00006104
-1.01145382,0.00006104
-1.01113382,-0.01770074
-1.01081382,0.00006104
-1.01049382,0.00006104
-1.01017382,0.00006104
-1.00985382,0.00006104
-1.00953382,0.00006104
-1.00921382,0.00006104
-1.00889382,0.00006104
-1.00857382,0.00006104
-1.00825382,0.00006104
-1.00793382,0.00006104
-1.00761382,0.00006104
-1.00729382,0.00006104
-1.00697382,0.00006104
-1.00665382,0.00006104
-1.00633382,0.00006104
-1.00601382,0.00006104
-1.00569382,0.00006104
-1.00537382,0.00006104
-1.00505382,0.00006104
-1.00473382,1.94030583
-1.00441382,1.37070835
-1.00409382,-0.46272165
-1.00377382,-0.46272165
-1.00345382,-0.19574572
-1.00313382,-0.05334635
-1.00281382,-0.01770074
-1.00249382,0.00006104
-1.00217382,-0.01770074
-1.00185382,-0.01770074
-1.00153382,-0.21350749
-1.00121382,-0.99679554
-1.00089382,-∞
-1.00057382,0.39161351
-1.00025382,0.35602894
-0.99993382,0.01788385
-0.99961382,-0.08893093
-0.99929382,0.00006104
-0.99897382,0.03570665
-0.99865382,0.03570665
-0.99833382,0.01788385
-0.99801382,0.01788385
-0.99769382,0.01788385
-0.99737382,0.01788385
-0.99705382,0.03570665
-0.99673382,0.03570665
-0.99641382,0.03570665
-0.99609382,0.01788385
-0.99577382,0.00006104
-0.99545382,0.01788385
-0.99513382,0.01788385
-0.99481382,0.01788385
-0.99449382,0.03570665
-0.99417382,0.05346843
-0.99385382,0.07129124
-0.99353382,0.07129124
-0.99321382,0.03570665
-0.99289382,0.07129124
-0.99257382,0.05346843
-0.99225382,0.01788385
-0.99193382,0.07129124
-0.99161382,0.08911405
-0.99129382,0.07129124
-0.99097382,0.03570665
-0.99065382,0.03570665
-0.99033382,0.03570665
-0.99001382,0.03570665
-0.98969382,0.00006104
-0.98937382,-0.01770074
-0.98905382,-0.01770074
-0.98873382,-0.01770074
-0.98841382,0.01788385
-0.98809382,0.00006104
-0.98777382,0.00006104
-0.98745382,0.05346843
-0.98713382,-0.01770074
-0.98681382,-0.01770074
-0.98649382,0.01788385
-0.98617382,-0.03552354
-0.98585382,0.01788385
-0.98553382,0.05346843
-0.98521382,0.00006104
-0.98489382,0.03570665
-0.98457382,0.03570665
-0.98425382,0.03570665
-0.98393382,0.01788385
-0.98361382,0.01788385
-0.98329382,0.01788385
-0.98297382,0.01788385
-0.98265382,0.01788385
-0.98233382,0.03570665
-0.98201382,0.00006104
-0.98169382,0.00006104
-0.98137382,0.01788385
-0.98105382,0.00006104
-0.98073382,0.01788385
-0.98041382,0.01788385
-0.98009382,-0.01770074
-0.97977382,0.00006104
-0.97945382,0.03570665
-0.97913382,0.01788385
-0.97881382,0.00006104
-0.97849382,0.01788385
-0.97817382,0.01788385
-0.97785382,0.01788385
-0.97753382,0.01788385
-0.97721382,0.00006104
-0.97689382,0.00006104
-0.97657382,0.01788385
-0.97625382,0.01788385
-0.97593382,0.00006104
-0.97561382,0.03570665
-0.97529382,0.01788385
-0.97497382,0.00006104
-0.97465382,0.00006104
-0.97433382,0.00006104
-0.97401382,0.00006104
-0.97369382,0.00006104
-0.97337382,-0.01770074
-0.97305382,0.00006104
-0.97273382,0.00006104
-0.97241382,0.00006104
-0.97209382,0.00006104
-0.97177382,0.00006104
-0.97145382,0.00006104
-0.97113382,0.01788385
-0.97081382,0.01788385
-0.97049382,0.00006104
-0.97017382,0.01788385
-0.96985382,0.01788385
-0.96953382,0.01788385
-0.96921382,0.01788385
-0.96889382,0.00006104
-0.96857382,0.00006104
-0.96825382,0.00006104
-0.96793382,0.00006104
-0.96761382,0.00006104
-0.96729382,0.01788385
-0.96697382,0.00006104
-0.96665382,0.00006104
-0.96633382,0.00006104
-0.96601382,0.00006104
-0.96569382,0.01788385
-0.96537382,0.01788385
-0.96505382,0.00006104
-0.96473382,0.00006104
-0.96441382,0.01788385
-0.96409382,0.00006104
-0.96377382,0.00006104
-0.96345382,0.00006104
-0.96313382,0.00006104
-0.96281382,0.00006104
-0.96249382,0.00006104
-0.96217382,0.00006104
-0.96185382,0.00006104
-0.96153382,0.00006104
-0.96121382,0.00006104
-0.96089382,0.00006104
-0.96057382,0.00006104
-0.96025382,0.00006104
-0.95993382,0.01788385
-0.95961382,0.01788385
-0.95929382,0.00006104
-0.95897382,0.01788385
-0.95865382,0.01788385
-0.95833382,0.00006104
-0.95801382,0.01788385
-0.95769382,0.00006104
-0.95737382,0.00006104
-0.95705382,0.01788385
-0.95673382,0.00006104
-0.95641382,0.00006104
-0.95609382,0.00006104
-0.95577382,0.00006104
-0.95545382,0.00006104
-0.95513382,0.00006104
-0.95481382,0.00006104
-0.95449382,0.00006104
-0.95417382,0.00006104
-0.95385382,0.00006104
-0.95353382,0.00006104
-0.95321382,0.00006104
-0.95289382,0.00006104
-0.95257382,0.00006104
-0.95225382,0.00006104
-0.95193382,0.00006104
-0.95161382,0.00006104
-0.95129382,0.01788385
-0.95097382,0.00006104
-0.95065382,0.00006104
-0.95033382,0.00006104
-0.95001382,0.00006104
-0.94969382,0.00006104
-0.94937382,0.00006104
-0.94905382,0.00006104
-0.94873382,0.00006104
-0.94841382,0.00006104
-0.94809382,0.00006104
-0.94777382,0.00006104
-0.94745382,0.00006104
-0.94713382,0.00006104
-0.94681382,0.00006104
-0.94649382,0.00006104
-0.94617382,0.00006104
-0.94585382,-0.01770074
-0.94553382,0.00006104
-0.94521382,0.00006104
-0.94489382,0.00006104
-0.94457382,0.00006104
-0.94425382,0.00006104
-0.94393382,0.00006104
-0.94361382,0.00006104
-0.94329382,0.00006104
-0.94297382,0.00006104
-0.94265382,0.00006104
-0.94233382,0.00006104
-0.94201382,0.00006104
-0.94169382,0.00006104
-0.94137382,0.00006104
-0.94105382,0.00006104
-0.94073382,0.00006104
-0.94041382,0.00006104
-0.94009382,0.00006104
-0.93977382,0.00006104
-0.93945382,0.00006104
-0.93913382,0.00006104
-0.93881382,0.00006104
-0.93849382,0.00006104
-0.93817382,0.00006104
-0.93785382,0.00006104
-0.93753382,0.00006104
-0.93721382,0.00006104
-0.93689382,0.00006104
-0.93657382,0.00006104
-0.93625382,0.00006104
-0.93593382,0.00006104
-0.93561382,0.00006104
-0.93529382,0.00006104
-0.93497382,0.00006104
-0.93465382,0.00006104
-0.93433382,0.00006104
-0.93401382,0.00006104
-0.93369382,0.00006104
-0.93337382,0.00006104
-0.93305382,0.00006104
-0.93273382,0.00006104
-0.93241382,0.00006104
-0.93209382,0.00006104
-0.93177382,0.00006104
-0.93145382,0.00006104
-0.93113382,0.00006104
-0.93081382,0.00006104
-0.93049382,0.00006104
-0.93017382,0.00006104
-0.92985382,0.00006104
-0.92953382,0.00006104
-0.92921382,0.00006104
-0.92889382,0.00006104
-0.92857382,0.00006104
-0.92825382,0.00006104
-0.92793382,0.00006104
-0.92761382,0.00006104
-0.92729382,0.00006104
-0.92697382,0.00006104
-0.92665382,0.00006104
-0.92633382,0.00006104
-0.92601382,0.00006104
-0.92569382,0.00006104
-0.92537382,0.00006104
-0.92505382,0.00006104
-0.92473382,0.00006104
-0.92441382,0.00006104
-0.92409382,0.00006104
-0.92377382,0.00006104
-0.92345382,0.00006104
-0.92313382,0.00006104
-0.92281382,0.00006104
-0.92249382,0.00006104
-0.92217382,0.00006104
-0.92185382,-0.01770074
-0.92153382,0.00006104
-0.92121382,0.00006104
-0.92089382,0.00006104
-0.92057382,0.00006104
-0.92025382,0.00006104
-0.91993382,0.00006104
-0.91961382,0.00006104
-0.91929382,0.00006104
-0.91897382,0.00006104
-0.91865382,0.00006104
-0.91833382,0.00006104
-0.91801382,0.00006104
-0.91769382,0.00006104
-0.91737382,0.00006104
-0.91705382,-0.01770074
-0.91673382,0.00006104
-0.91641382,0.00006104
-0.91609382,0.00006104
-0.91577382,-0.01770074
-0.91545382,0.00006104
-0.91513382,0.00006104
-0.91481382,0.00006104
-0.91449382,0.00006104
-0.91417382,0.00006104
-0.91385382,-0.01770074
-0.91353382,0.00006104
-0.91321382,0.00006104
-0.91289382,0.00006104
-0.91257382,0.00006104
-0.91225382,0.00006104
-0.91193382,0.00006104
-0.91161382,0.00006104
-0.91129382,0.00006104
-0.91097382,0.00006104
-0.91065382,0.00006104
-0.91033382,-0.01770074
-0.91001382,0.00006104
-0.90969382,0.00006104
-0.90937382,0.00006104
-0.90905382,0.00006104
-0.90873382,0.00006104
-0.90841382,0.00006104
-0.90809382,0.00006104
-0.90777382,0.00006104
-0.90745382,0.00006104
-0.90713382,0.00006104
-0.90681382,0.00006104
-0.90649382,0.00006104
-0.90617382,0.00006104
-0.90585382,0.00006104
-0.90553382,0.00006104
-0.90521382,0.00006104
-0.90489382,0.00006104
-0.90457382,0.00006104
-0.90425382,0.00006104
-0.90393382,0.00006104
-0.90361382,0.00006104
-0.90329382,0.00006104
-0.90297382,0.00006104
-0.90265382,0.00006104
-0.90233382,0.00006104
-0.90201382,0.00006104
-0.90169382,0.00006104
-0.90137382,0.00006104
-0.90105382,0.00006104
-0.90073382,0.00006104
-0.90041382,0.00006104
-0.90009382,0.00006104
-0.89977382,0.00006104
-0.89945382,0.00006104
-0.89913382,0.00006104
-0.89881382,0.00006104
-0.89849382,0.00006104
-0.89817382,0.00006104
-0.89785382,0.00006104
-0.89753382,0.00006104
-0.89721382,0.00006104
-0.89689382,0.00006104
-0.89657382,0.00006104
-0.89625382,0.00006104
-0.89593382,0.00006104
-0.89561382,0.00006104
-0.89529382,0.00006104
-0.89497382,0.00006104
-0.89465382,0.00006104
-0.89433382,0.00006104
-0.89401382,0.00006104
-0.89369382,0.00006104
-0.89337382,0.00006104
-0.89305382,0.00006104
-0.89273382,0.00006104
-0.89241382,0.00006104
-0.89209382,0.00006104
-0.89177382,0.00006104
-0.89145382,0.00006104
-0.89113382,0.00006104
-0.89081382,0.00006104
-0.89049382,0.00006104
-0.89017382,0.00006104
-0.88985382,0.00006104
-0.88953382,0.00006104
-0.88921382,0.00006104
-0.88889382,0.00006104
-0.88857382,0.00006104
-0.88825382,-0.01770074
-0.88793382,0.00006104
-0.88761382,0.00006104
-0.88729382,0.00006104
-0.88697382,0.00006104
-0.88665382,0.00006104
-0.88633382,0.00006104
-0.88601382,-0.01770074
-0.88569382,0.00006104
-0.88537382,0.00006104
-0.88505382,0.00006104
-0.88473382,0.00006104
-0.88441382,0.00006104
-0.88409382,0.00006104
-0.88377382,0.00006104
-0.88345382,0.00006104
-0.88313382,0.00006104
-0.88281382,0.00006104
-0.88249382,-0.01770074
-0.88217382,0.00006104
-0.88185382,0.00006104
-0.88153382,0.00006104
-0.88121382,0.00006104
-0.88089382,0.00006104
-0.88057382,0.00006104
-0.88025382,0.00006104
-0.87993382,0.00006104
-0.87961382,0.00006104
-0.87929382,0.00006104
-0.87897382,0.00006104
-0.87865382,0.00006104
-0.87833382,0.00006104
-0.87801382,0.00006104
-0.87769382,0.00006104
-0.87737382,0.00006104
-0.87705382,0.00006104
-0.87673382,0.00006104
-0.87641382,0.00006104
-0.87609382,0.00006104
-0.87577382,0.00006104
-0.87545382,0.00006104
-0.87513382,0.00006104
-0.87481382,0.00006104
-0.87449382,0.00006104
-0.87417382,0.00006104
-0.87385382,0.00006104
-0.87353382,0.00006104
-0.87321382,0.00006104
-0.87289382,0.00006104
-0.87257382,0.00006104
-0.87225382,0.00006104
-0.87193382,0.00006104
-0.87161382,0.00006104
-0.87129382,0.00006104
-0.87097382,0.00006104
-0.87065382,0.00006104
-0.87033382,0.00006104
-0.87001382,-0.01770074
-0.86969382,0.00006104
-0.86937382,0.00006104
-0.86905382,0.00006104
-0.86873382,0.00006104
-0.86841382,0.00006104
-0.86809382,0.00006104
-0.86777382,0.00006104
-0.86745382,0.00006104
-0.86713382,0.00006104
-0.86681382,0.00006104
-0.86649382,0.00006104
-0.86617382,0.00006104
-0.86585382,0.00006104
-0.86553382,0.00006104
-0.86521382,0.00006104
-0.86489382,0.00006104
-0.86457382,0.00006104
-0.86425382,0.00006104
-0.86393382,0.00006104
-0.86361382,0.00006104
-0.86329382,0.00006104
-0.86297382,0.00006104
-0.86265382,0.00006104
-0.86233382,0.00006104
-0.86201382,0.00006104
-0.86169382,0.00006104
-0.86137382,0.00006104
-0.86105382,0.00006104
-0.86073382,0.00006104
-0.86041382,0.00006104
-0.86009382,0.00006104
-0.85977382,0.00006104
-0.85945382,0.00006104
-0.85913382,0.00006104
-0.85881382,0.00006104
-0.85849382,0.00006104
-0.85817382,0.00006104
-0.85785382,0.00006104
-0.85753382,0.00006104
-0.85721382,0.00006104
-0.85689382,0.00006104
-0.85657382,0.00006104
-0.85625382,0.00006104
-0.85593382,0.00006104
-0.85561382,0.00006104
-0.85529382,0.00006104
-0.85497382,0.00006104
-0.85465382,0.00006104
-0.85433382,0.00006104
-0.85401382,0.00006104
-0.85369382,0.00006104
-0.85337382,0.00006104
-0.85305382,0.00006104
-0.85273382,0.00006104
-0.85241382,0.00006104
-0.85209382,0.00006104
-0.85177382,0.00006104
-0.85145382,0.00006104
-0.85113382,0.00006104
-0.85081382,0.00006104
-0.85049382,-0.01770074
-0.85017382,0.00006104
-0.84985382,0.00006104
-0.84953382,0.00006104
-0.84921382,0.00006104
-0.84889382,0.00006104
-0.84857382,0.00006104
-0.84825382,0.00006104
-0.84793382,0.00006104
-0.84761382,0.00006104
-0.84729382,0.00006104
-0.84697382,0.00006104
-0.84665382,0.00006104
-0.84633382,0.00006104
-0.84601382,0.00006104
-0.84569382,0.00006104
-0.84537382,0.00006104
-0.84505382,0.00006104
-0.84473382,0.00006104
-0.84441382,0.00006104
-0.84409382,0.00006104
-0.84377382,0.00006104
-0.84345382,0.00006104
-0.84313382,0.00006104
-0.84281382,0.00006104
-0.84249382,0.00006104
-0.84217382,0.00006104
-0.84185382,0.00006104
-0.84153382,0.00006104
-0.84121382,0.00006104
-0.84089382,0.00006104
-0.84057382,0.00006104
-0.84025382,0.00006104
-0.83993382,0.00006104
-0.83961382,0.00006104
-0.83929382,0.00006104
-0.83897382,0.00006104
-0.83865382,0.00006104
-0.83833382,0.00006104
-0.83801382,0.00006104
-0.83769382,0.00006104
-0.83737382,0.00006104
-0.83705382,0.00006104
-0.83673382,0.00006104
-0.83641382,0.00006104
-0.83609382,0.00006104
-0.83577382,0.00006104
-0.83545382,0.00006104
-0.83513382,0.00006104
-0.83481382,0.00006104
-0.83449382,0.00006104
-0.83417382,0.00006104
-0.83385382,0.00006104
-0.83353382,0.00006104
-0.83321382,0.00006104
-0.83289382,0.00006104
-0.83257382,-0.01770074
-0.83225382,0.00006104
-0.83193382,0.00006104
-0.83161382,0.00006104
-0.83129382,0.00006104
-0.83097382,-0.01770074
-0.83065382,0.00006104
-0.83033382,0.00006104
-0.83001382,0.00006104
-0.82969382,0.00006104
-0.82937382,0.00006104
-0.82905382,0.00006104
-0.82873382,0.00006104
-0.82841382,0.00006104
-0.82809382,0.00006104
-0.82777382,0.00006104
-0.82745382,0.00006104
-0.82713382,0.00006104
-0.82681382,0.00006104
-0.82649382,0.00006104
-0.82617382,0.00006104
-0.82585382,0.00006104
-0.82553382,0.00006104
-0.82521382,0.00006104
-0.82489382,0.00006104
-0.82457382,0.00006104
-0.82425382,0.00006104
-0.82393382,0.00006104
-0.82361382,0.00006104
-0.82329382,0.00006104
-0.82297382,0.00006104
-0.82265382,0.00006104
-0.82233382,0.00006104
-0.82201382,-0.01770074
-0.82169382,0.00006104
-0.82137382,0.00006104
-0.82105382,0.00006104
-0.82073382,0.00006104
-0.82041382,0.00006104
-0.82009382,0.00006104
-0.81977382,0.00006104
-0.81945382,0.00006104
-0.81913382,0.00006104
-0.81881382,0.00006104
-0.81849382,0.00006104
-0.81817382,0.00006104
-0.81785382,0.00006104
-0.81753382,0.00006104
-0.81721382,0.00006104
-0.81689382,0.00006104
-0.81657382,0.00006104
-0.81625382,0.00006104
-0.81593382,-0.01770074
-0.81561382,0.00006104
-0.81529382,0.00006104
-0.81497382,-0.01770074
-0.81465382,0.00006104
-0.81433382,0.00006104
-0.81401382,0.00006104
-0.81369382,0.00006104
-0.81337382,0.00006104
-0.81305382,0.00006104
-0.81273382,0.00006104
-0.81241382,0.00006104
-0.81209382,0.00006104
-0.81177382,0.00006104
-0.81145382,0.00006104
-0.81113382,0.00006104
-0.81081382,0.00006104
-0.81049382,0.00006104
-0.81017382,0.00006104
-0.80985382,0.00006104
-0.80953382,0.00006104
-0.80921382,0.00006104
-0.80889382,0.00006104
-0.80857382,0.00006104
-0.80825382,0.00006104
-0.80793382,0.00006104
-0.80761382,0.00006104
-0.80729382,0.00006104
-0.80697382,0.00006104
-0.80665382,0.00006104
-0.80633382,0.00006104
-0.80601382,0.00006104
-0.80569382,0.00006104
-0.80537382,0.00006104
-0.80505382,0.00006104
-0.80473382,0.00006104
-0.80441382,0.00006104
-0.80409382,0.00006104
-0.80377382,0.00006104
-0.80345382,0.00006104
-0.80313382,0.00006104
-0.80281382,0.00006104
-0.80249382,0.00006104
-0.80217382,0.00006104
-0.80185382,0.00006104
-0.80153382,0.00006104
-0.80121382,0.00006104
-0.80089382,0.00006104
-0.80057382,0.00006104
-0.80025382,0.00006104
-0.79993382,0.00006104
-0.79961382,0.00006104
-0.79929382,0.00006104
-0.79897382,0.00006104
-0.79865382,0.00006104
-0.79833382,0.00006104
-0.79801382,0.00006104
-0.79769382,0.00006104
-0.79737382,0.00006104
-0.79705382,0.00006104
-0.79673382,-0.01770074
-0.79641382,0.00006104
-0.79609382,0.00006104
-0.79577382,0.00006104
-0.79545382,0.00006104
-0.79513382,0.00006104
-0.79481382,0.00006104
-0.79449382,0.00006104
-0.79417382,0.00006104
-0.79385382,0.00006104
-0.79353382,0.00006104
-0.79321382,0.00006104
-0.79289382,0.00006104
-0.79257382,0.00006104
-0.79225382,0.00006104
-0.79193382,0.00006104
-0.79161382,0.00006104
-0.79129382,0.00006104
-0.79097382,0.00006104
-0.79065382,0.00006104
-0.79033382,0.00006104
-0.79001382,0.00006104
-0.78969382,0.00006104
-0.78937382,0.00006104
-0.78905382,0.00006104
-0.78873382,0.00006104
-0.78841382,0.00006104
-0.78809382,0.00006104
-0.78777382,0.00006104
-0.78745382,0.00006104
-0.78713382,0.00006104
-0.78681382,0.00006104
-0.78649382,0.00006104
-0.78617382,0.00006104
-0.78585382,0.00006104
-0.78553382,0.00006104
-0.78521382,0.00006104
-0.78489382,0.00006104
-0.78457382,0.00006104
-0.78425382,0.00006104
-0.78393382,0.00006104
-0.78361382,0.00006104
-0.78329382,0.00006104
-0.78297382,0.00006104
-0.78265382,0.00006104
-0.78233382,0.00006104
-0.78201382,0.00006104
-0.78169382,0.00006104
-0.78137382,0.00006104
-0.78105382,0.00006104
-0.78073382,0.00006104
-0.78041382,0.00006104
-0.78009382,0.00006104
-0.77977382,0.00006104
-0.77945382,0.00006104
-0.77913382,0.00006104
-0.77881382,0.00006104
-0.77849382,0.00006104
-0.77817382,0.00006104
-0.77785382,0.00006104
-0.77753382,0.00006104
-0.77721382,0.00006104
-0.77689382,0.00006104
-0.77657382,0.00006104
-0.77625382,0.00006104
-0.77593382,0.00006104
-0.77561382,0.00006104
-0.77529382,0.00006104
-0.77497382,0.00006104
-0.77465382,0.00006104
-0.77433382,0.00006104
-0.77401382,0.00006104
-0.77369382,0.00006104
-0.77337382,0.00006104
-0.77305382,0.00006104
-0.77273382,0.00006104
-0.77241382,0.00006104
-0.77209382,0.00006104
-0.77177382,0.00006104
-0.77145382,0.00006104
-0.77113382,0.00006104
-0.77081382,0.00006104
-0.77049382,0.00006104
-0.77017382,0.00006104
-0.76985382,0.00006104
-0.76953382,0.00006104
-0.76921382,0.00006104
-0.76889382,0.00006104
-0.76857382,0.00006104
-0.76825382,0.00006104
-0.76793382,0.00006104
-0.76761382,0.00006104
-0.76729382,0.00006104
-0.76697382,0.00006104
-0.76665382,0.00006104
-0.76633382,0.00006104
-0.76601382,0.00006104
-0.76569382,0.00006104
-0.76537382,0.00006104
-0.76505382,0.00006104
-0.76473382,0.00006104
-0.76441382,0.00006104
-0.76409382,0.00006104
-0.76377382,0.00006104
-0.76345382,0.00006104
-0.76313382,0.00006104
-0.76281382,0.00006104
-0.76249382,0.00006104
-0.76217382,0.00006104
-0.76185382,0.00006104
-0.76153382,0.00006104
-0.76121382,0.00006104
-0.76089382,0.00006104
-0.76057382,0.00006104
-0.76025382,0.00006104
-0.75993382,0.00006104
-0.75961382,0.00006104
-0.75929382,0.00006104
-0.75897382,0.00006104
-0.75865382,0.00006104
-0.75833382,0.01788385
-0.75801382,0.00006104
-0.75769382,0.00006104
-0.75737382,0.00006104
-0.75705382,0.00006104
-0.75673382,0.00006104
-0.75641382,0.00006104
-0.75609382,-0.01770074
-0.75577382,0.00006104
-0.75545382,0.00006104
-0.75513382,0.00006104
-0.75481382,0.00006104
-0.75449382,0.00006104
-0.75417382,-0.01770074
-0.75385382,0.00006104
-0.75353382,0.00006104
-0.75321382,0.00006104
-0.75289382,0.00006104
-0.75257382,0.00006104
-0.75225382,0.00006104
-0.75193382,0.00006104
-0.75161382,0.00006104
-0.75129382,0.00006104
-0.75097382,0.00006104
-0.75065382,0.00006104
-0.75033382,0.00006104
-0.75001382,0.00006104
-0.74969382,0.00006104
-0.74937382,0.00006104
-0.74905382,0.00006104
-0.74873382,0.00006104
-0.74841382,0.00006104
-0.74809382,0.00006104
-0.74777382,0.00006104
-0.74745382,0.00006104
-0.74713382,0.00006104
-0.74681382,0.00006104
-0.74649382,0.00006104
-0.74617382,0.00006104
-0.74585382,0.00006104
-0.74553382,0.00006104
-0.74521382,0.00006104
-0.74489382,-0.01770074
-0.74457382,-0.01770074
-0.74425382,0.00006104
-0.74393382,-0.01770074
-0.74361382,0.00006104
-0.74329382,0.00006104
-0.74297382,0.00006104
-0.74265382,0.00006104
-0.74233382,0.00006104
-0.74201382,0.00006104
-0.74169382,0.00006104
-0.74137382,0.00006104
-0.74105382,0.00006104
-0.74073382,0.00006104
-0.74041382,0.00006104
-0.74009382,0.00006104
-0.73977382,0.00006104
-0.73945382,0.00006104
-0.73913382,0.00006104
-0.73881382,0.00006104
-0.73849382,0.00006104
-0.73817382,0.00006104
-0.73785382,0.00006104
-0.73753382,0.00006104
-0.73721382,0.00006104
-0.73689382,-0.01770074
-0.73657382,0.00006104
-0.73625382,0.00006104
-0.73593382,0.00006104
-0.73561382,0.00006104
-0.73529382,0.00006104
-0.73497382,0.00006104
-0.73465382,0.00006104
-0.73433382,0.00006104
-0.73401382,0.00006104
-0.73369382,0.00006104
-0.73337382,0.00006104
-0.73305382,0.00006104
-0.73273382,0.00006104
-0.73241382,0.00006104
-0.73209382,0.00006104
-0.73177382,0.00006104
-0.73145382,0.00006104
-0.73113382,0.00006104
-0.73081382,0.00006104
-0.73049382,0.00006104
-0.73017382,0.00006104
-0.72985382,0.00006104
-0.72953382,0.00006104
-0.72921382,0.00006104
-0.72889382,0.00006104
-0.72857382,0.00006104
-0.72825382,-0.01770074
-0.72793382,0.00006104
-0.72761382,0.00006104
-0.72729382,0.00006104
-0.72697382,0.00006104
-0.72665382,0.00006104
-0.72633382,0.00006104
-0.72601382,0.00006104
-0.72569382,0.00006104
-0.72537382,0.00006104
-0.72505382,0.00006104
-0.72473382,0.00006104
-0.72441382,0.00006104
-0.72409382,0.00006104
-0.72377382,0.00006104
-0.72345382,0.00006104
-0.72313382,0.00006104
-0.72281382,0.00006104
-0.72249382,0.00006104
-0.72217382,0.00006104
-0.72185382,0.00006104
-0.72153382,0.00006104
-0.72121382,0.00006104
-0.72089382,0.00006104
-0.72057382,0.00006104
-0.72025382,0.00006104
-0.71993382,-0.01770074
-0.71961382,-0.01770074
-0.71929382,0.00006104
-0.71897382,0.00006104
-0.71865382,0.00006104
-0.71833382,0.00006104
-0.71801382,0.00006104
-0.71769382,0.00006104
-0.71737382,0.00006104
-0.71705382,0.00006104
-0.71673382,0.00006104
-0.71641382,0.00006104
-0.71609382,0.01788385
-0.71577382,0.00006104
-0.71545382,0.00006104
-0.71513382,0.00006104
-0.71481382,0.00006104
-0.71449382,0.00006104
-0.71417382,0.00006104
-0.71385382,0.00006104
-0.71353382,0.00006104
-0.71321382,-0.01770074
-0.71289382,0.00006104
-0.71257382,0.00006104
-0.71225382,0.00006104
-0.71193382,0.00006104
-0.71161382,0.00006104
-0.71129382,0.00006104
-0.71097382,-0.01770074
-0.71065382,0.00006104
-0.71033382,0.00006104
-0.71001382,0.00006104
-0.70969382,0.00006104
-0.70937382,0.00006104
-0.70905382,0.00006104
-0.70873382,-0.01770074
-0.70841382,0.00006104
-0.70809382,0.00006104
-0.70777382,0.00006104
-0.70745382,0.00006104
-0.70713382,0.00006104
-0.70681382,0.00006104
-0.70649382,0.00006104
-0.70617382,0.00006104
-0.70585382,0.00006104
-0.70553382,0.00006104
-0.70521382,0.00006104
-0.70489382,-0.01770074
-0.70457382,-0.01770074
-0.70425382,0.00006104
-0.70393382,0.00006104
-0.70361382,0.00006104
-0.70329382,0.00006104
-0.70297382,0.00006104
-0.70265382,0.00006104
-0.70233382,0.00006104
-0.70201382,0.00006104
-0.70169382,0.00006104
-0.70137382,0.00006104
-0.70105382,0.00006104
-0.70073382,0.00006104
-0.70041382,0.00006104
-0.70009382,0.00006104
-0.69977382,0.00006104
-0.69945382,0.00006104
-0.69913382,0.00006104
-0.69881382,0.00006104
-0.69849382,0.00006104
-0.69817382,0.00006104
-0.69785382,0.00006104
-0.69753382,0.00006104
-0.69721382,0.00006104
-0.69689382,0.00006104
-0.69657382,0.00006104
-0.69625382,0.00006104
-0.69593382,-0.01770074
-0.69561382,0.00006104
-0.69529382,0.00006104
-0.69497382,0.00006104
-0.69465382,0.00006104
-0.69433382,0.00006104
-0.69401382,0.00006104
-0.69369382,0.00006104
-0.69337382,0.00006104
-0.69305382,0.00006104
-0.69273382,0.00006104
-0.69241382,0.00006104
-0.69209382,0.00006104
-0.69177382,0.00006104
-0.69145382,0.00006104
-0.69113382,0.00006104
-0.69081382,0.00006104
-0.69049382,0.00006104
-0.69017382,0.00006104
-0.68985382,0.00006104
-0.68953382,0.00006104
-0.68921382,0.00006104
-0.68889382,0.00006104
-0.68857382,0.00006104
-0.68825382,0.00006104
-0.68793382,0.00006104
-0.68761382,0.00006104
-0.68729382,0.00006104
-0.68697382,0.00006104
-0.68665382,0.00006104
-0.68633382,0.00006104
-0.68601382,0.00006104
-0.68569382,0.00006104
-0.68537382,-0.01770074
-0.68505382,0.00006104
-0.68473382,0.00006104
-0.68441382,0.00006104
-0.68409382,0.00006104
-0.68377382,0.00006104
-0.68345382,0.00006104
-0.68313382,0.00006104
-0.68281382,0.00006104
-0.68249382,0.00006104
-0.68217382,0.00006104
-0.68185382,0.00006104
-0.68153382,0.00006104
-0.68121382,0.00006104
-0.68089382,0.00006104
-0.68057382,0.00006104
-0.68025382,0.00006104
-0.67993382,0.00006104
-0.67961382,0.00006104
-0.67929382,0.00006104
-0.67897382,0.00006104
-0.67865382,0.00006104
-0.67833382,0.00006104
-0.67801382,0.00006104
-0.67769382,0.00006104
-0.67737382,0.00006104
-0.67705382,0.00006104
-0.67673382,0.00006104
-0.67641382,0.00006104
-0.67609382,0.00006104
-0.67577382,0.00006104
-0.67545382,0.00006104
-0.67513382,0.00006104
-0.67481382,0.00006104
-0.67449382,0.00006104
-0.67417382,0.00006104
-0.67385382,0.00006104
-0.67353382,-0.01770074
-0.67321382,0.00006104
-0.67289382,0.00006104
-0.67257382,0.00006104
-0.67225382,0.00006104
-0.67193382,0.00006104
-0.67161382,0.00006104
-0.67129382,0.00006104
-0.67097382,0.00006104
-0.67065382,0.00006104
-0.67033382,0.00006104
-0.67001382,0.00006104
-0.66969382,0.00006104
-0.66937382,0.00006104
-0.66905382,0.00006104
-0.66873382,0.00006104
-0.66841382,0.00006104
-0.66809382,0.00006104
-0.66777382,0.00006104
-0.66745382,0.00006104
-0.66713382,0.00006104
-0.66681382,0.00006104
-0.66649382,0.00006104
-0.66617382,0.00006104
-0.66585382,0.00006104
-0.66553382,0.00006104
-0.66521382,0.00006104
-0.66489382,-0.01770074
-0.66457382,0.00006104
-0.66425382,0.00006104
-0.66393382,0.00006104
-0.66361382,0.00006104
-0.66329382,0.00006104
-0.66297382,0.00006104
-0.66265382,0.00006104
-0.66233382,0.00006104
-0.66201382,0.00006104
-0.66169382,0.00006104
-0.66137382,0.00006104
-0.66105382,0.00006104
-0.66073382,0.00006104
-0.66041382,0.00006104
-0.66009382,0.00006104
-0.65977382,0.00006104
-0.65945382,0.00006104
-0.65913382,0.00006104
-0.65881382,0.00006104
-0.65849382,0.00006104
-0.65817382,0.00006104
-0.65785382,0.00006104
-0.65753382,0.00006104
-0.65721382,-0.01770074
-0.65689382,0.00006104
-0.65657382,0.00006104
-0.65625382,0.00006104
-0.65593382,0.00006104
-0.65561382,0.00006104
-0.65529382,0.00006104
-0.65497382,0.00006104
-0.65465382,0.00006104
-0.65433382,0.00006104
-0.65401382,0.00006104
-0.65369382,0.00006104
-0.65337382,0.00006104
-0.65305382,0.00006104
-0.65273382,0.00006104
-0.65241382,0.00006104
-0.65209382,0.00006104
-0.65177382,0.00006104
-0.65145382,0.00006104
-0.65113382,0.00006104
-0.65081382,0.00006104
-0.65049382,0.00006104
-0.65017382,0.00006104
-0.64985382,0.00006104
-0.64953382,0.00006104
-0.64921382,0.00006104
-0.64889382,0.00006104
-0.64857382,0.00006104
-0.64825382,0.00006104
-0.64793382,0.00006104
-0.64761382,0.00006104
-0.64729382,0.00006104
-0.64697382,0.00006104
-0.64665382,0.00006104
-0.64633382,0.00006104
-0.64601382,0.00006104
-0.64569382,0.00006104
-0.64537382,0.00006104
-0.64505382,0.00006104
-0.64473382,0.00006104
-0.64441382,0.00006104
-0.64409382,0.00006104
-0.64377382,0.00006104
-0.64345382,0.00006104
-0.64313382,0.00006104
-0.64281382,0.00006104
-0.64249382,0.00006104
-0.64217382,0.00006104
-0.64185382,0.00006104
-0.64153382,0.00006104
-0.64121382,0.00006104
-0.64089382,0.00006104
-0.64057382,0.00006104
-0.64025382,0.00006104
-0.63993382,0.00006104
-0.63961382,0.00006104
-0.63929382,0.00006104
-0.63897382,0.00006104
-0.63865382,0.00006104
-0.63833382,-0.01770074
-0.63801382,0.00006104
-0.63769382,0.00006104
-0.63737382,0.00006104
-0.63705382,0.00006104
-0.63673382,0.00006104
-0.63641382,0.00006104
-0.63609382,0.00006104
-0.63577382,0.00006104
-0.63545382,0.00006104
-0.63513382,0.00006104
-0.63481382,0.00006104
-0.63449382,0.00006104
-0.63417382,0.00006104
-0.63385382,0.00006104
-0.63353382,0.00006104
-0.63321382,0.00006104
-0.63289382,0.00006104
-0.63257382,0.00006104
-0.63225382,0.00006104
-0.63193382,0.00006104
-0.63161382,0.00006104
-0.63129382,0.00006104
-0.63097382,-0.01770074
-0.63065382,0.00006104
-0.63033382,0.00006104
-0.63001382,0.00006104
-0.62969382,0.00006104
-0.62937382,0.00006104
-0.62905382,0.00006104
-0.62873382,0.00006104
-0.62841382,0.00006104
-0.62809382,0.00006104
-0.62777382,0.00006104
-0.62745382,0.00006104
-0.62713382,0.00006104
-0.62681382,0.00006104
-0.62649382,0.00006104
-0.62617382,0.00006104
-0.62585382,0.00006104
-0.62553382,0.00006104
-0.62521382,0.00006104
-0.62489382,0.00006104
-0.62457382,0.00006104
-0.62425382,0.00006104
-0.62393382,0.00006104
-0.62361382,-0.01770074
-0.62329382,0.00006104
-0.62297382,0.00006104
-0.62265382,0.00006104
-0.62233382,0.00006104
-0.62201382,0.00006104
-0.62169382,0.00006104
-0.62137382,0.00006104
-0.62105382,0.00006104
-0.62073382,0.00006104
-0.62041382,0.00006104
-0.62009382,0.00006104
-0.61977382,0.00006104
-0.61945382,0.00006104
-0.61913382,0.00006104
-0.61881382,0.00006104
-0.61849382,0.00006104
-0.61817382,0.00006104
-0.61785382,0.00006104
-0.61753382,0.00006104
-0.61721382,0.00006104
-0.61689382,0.00006104
-0.61657382,0.00006104
-0.61625382,0.00006104
-0.61593382,0.00006104
-0.61561382,0.00006104
-0.61529382,0.00006104
-0.61497382,0.00006104
-0.61465382,0.00006104
-0.61433382,0.00006104
-0.61401382,0.00006104
-0.61369382,0.00006104
-0.61337382,0.00006104
-0.61305382,0.00006104
-0.61273382,0.00006104
-0.61241382,0.00006104
-0.61209382,0.00006104
-0.61177382,0.00006104
-0.61145382,0.00006104
-0.61113382,0.00006104
-0.61081382,0.00006104
-0.61049382,0.00006104
-0.61017382,0.00006104
-0.60985382,0.00006104
-0.60953382,0.00006104
-0.60921382,0.00006104
-0.60889382,0.00006104
-0.60857382,0.00006104
-0.60825382,0.00006104
-0.60793382,0.00006104
-0.60761382,-0.01770074
-0.60729382,0.00006104
-0.60697382,0.00006104
-0.60665382,0.00006104
-0.60633382,0.00006104
-0.60601382,-0.01770074
-0.60569382,0.00006104
-0.60537382,0.00006104
-0.60505382,0.00006104
-0.60473382,0.00006104
-0.60441382,0.00006104
-0.60409382,0.00006104
-0.60377382,0.00006104
-0.60345382,0.00006104
-0.60313382,0.00006104
-0.60281382,0.00006104
-0.60249382,0.00006104
-0.60217382,0.00006104
-0.60185382,0.00006104
-0.60153382,0.00006104
-0.60121382,0.00006104
-0.60089382,0.00006104
-0.60057382,0.00006104
-0.60025382,0.00006104
-0.59993382,0.00006104
-0.59961382,0.00006104
-0.59929382,0.00006104
-0.59897382,0.00006104
-0.59865382,0.00006104
-0.59833382,0.00006104
-0.59801382,0.00006104
-0.59769382,0.00006104
-0.59737382,0.00006104
-0.59705382,0.00006104
-0.59673382,0.00006104
-0.59641382,0.00006104
-0.59609382,-0.01770074
-0.59577382,0.00006104
-0.59545382,0.00006104
-0.59513382,0.00006104
-0.59481382,0.00006104
-0.59449382,0.00006104
-0.59417382,0.00006104
-0.59385382,0.00006104
-0.59353382,0.00006104
-0.59321382,0.00006104
-0.59289382,0.00006104
-0.59257382,0.00006104
-0.59225382,0.00006104
-0.59193382,0.00006104
-0.59161382,0.00006104
-0.59129382,0.00006104
-0.59097382,0.00006104
-0.59065382,0.00006104
-0.59033382,0.00006104
-0.59001382,0.00006104
-0.58969382,-0.01770074
-0.58937382,0.00006104
-0.58905382,0.00006104
-0.58873382,0.00006104
-0.58841382,0.00006104
-0.58809382,0.00006104
-0.58777382,0.00006104
-0.58745382,0.00006104
-0.58713382,0.00006104
-0.58681382,0.00006104
-0.58649382,0.00006104
-0.58617382,0.00006104
-0.58585382,0.00006104
-0.58553382,0.00006104
-0.58521382,0.00006104
-0.58489382,0.00006104
-0.58457382,0.00006104
-0.58425382,0.00006104
-0.58393382,0.00006104
-0.58361382,0.00006104
-0.58329382,0.00006104
-0.58297382,0.00006104
-0.58265382,0.00006104
-0.58233382,0.00006104
-0.58201382,0.00006104
-0.58169382,0.00006104
-0.58137382,0.00006104
-0.58105382,0.00006104
-0.58073382,0.00006104
-0.58041382,0.00006104
-0.58009382,0.00006104
-0.57977382,0.00006104
-0.57945382,0.00006104
-0.57913382,0.00006104
-0.57881382,0.00006104
-0.57849382,0.00006104
-0.57817382,0.00006104
-0.57785382,0.00006104
-0.57753382,0.00006104
-0.57721382,0.00006104
-0.57689382,0.00006104
-0.57657382,0.00006104
-0.57625382,0.00006104
-0.57593382,0.00006104
-0.57561382,0.00006104
-0.57529382,0.00006104
-0.57497382,0.00006104
-0.57465382,0.00006104
-0.57433382,0.00006104
-0.57401382,0.00006104
-0.57369382,0.00006104
-0.57337382,0.00006104
-0.57305382,0.00006104
-0.57273382,0.00006104
-0.57241382,0.00006104
-0.57209382,0.00006104
-0.57177382,0.00006104
-0.57145382,0.00006104
-0.57113382,0.00006104
-0.57081382,0.00006104
-0.57049382,0.00006104
-0.57017382,0.00006104
-0.56985382,0.00006104
-0.56953382,0.00006104
-0.56921382,0.00006104
-0.56889382,0.00006104
-0.56857382,0.00006104
-0.56825382,0.00006104
-0.56793382,0.00006104
-0.56761382,0.00006104
-0.56729382,0.00006104
-0.56697382,0.00006104
-0.56665382,0.00006104
-0.56633382,0.00006104
-0.56601382,0.00006104
-0.56569382,0.00006104
-0.56537382,0.00006104
-0.56505382,0.00006104
-0.56473382,0.00006104
-0.56441382,0.00006104
-0.56409382,0.00006104
-0.56377382,0.00006104
-0.56345382,0.00006104
-0.56313382,0.00006104
-0.56281382,0.00006104
-0.56249382,0.00006104
-0.56217382,0.00006104
-0.56185382,0.00006104
-0.56153382,0.00006104
-0.56121382,0.00006104
-0.56089382,0.00006104
-0.56057382,0.00006104
-0.56025382,0.00006104
-0.55993382,0.00006104
-0.55961382,0.00006104
-0.55929382,0.00006104
-0.55897382,0.00006104
-0.55865382,0.00006104
-0.55833382,0.00006104
-0.55801382,0.00006104
-0.55769382,0.00006104
-0.55737382,0.00006104
-0.55705382,0.00006104
-0.55673382,-0.01770074
-0.55641382,0.00006104
-0.55609382,0.00006104
-0.55577382,0.00006104
-0.55545382,0.00006104
-0.55513382,0.00006104
-0.55481382,0.00006104
-0.55449382,0.00006104
-0.55417382,0.00006104
-0.55385382,0.00006104
-0.55353382,0.00006104
-0.55321382,0.00006104
-0.55289382,0.00006104
-0.55257382,0.00006104
-0.55225382,0.00006104
-0.55193382,0.00006104
-0.55161382,0.00006104
-0.55129382,0.00006104
-0.55097382,0.00006104
-0.55065382,0.00006104
-0.55033382,0.00006104
-0.55001382,0.00006104
-0.54969382,0.00006104
-0.54937382,0.00006104
-0.54905382,-0.01770074
-0.54873382,0.00006104
-0.54841382,-0.01770074
-0.54809382,0.00006104
-0.54777382,0.00006104
-0.54745382,0.00006104
-0.54713382,0.00006104
-0.54681382,0.00006104
-0.54649382,0.00006104
-0.54617382,0.00006104
-0.54585382,0.00006104
-0.54553382,0.00006104
-0.54521382,0.00006104
-0.54489382,0.00006104
-0.54457382,0.00006104
-0.54425382,0.00006104
-0.54393382,0.00006104
-0.54361382,0.00006104
-0.54329382,0.00006104
-0.54297382,0.00006104
-0.54265382,0.00006104
-0.54233382,0.00006104
-0.54201382,0.00006104
-0.54169382,0.00006104
-0.54137382,0.00006104
-0.54105382,0.00006104
-0.54073382,0.00006104
-0.54041382,0.00006104
-0.54009382,0.00006104
-0.53977382,0.00006104
-0.53945382,0.00006104
-0.53913382,0.00006104
-0.53881382,0.00006104
-0.53849382,0.00006104
-0.53817382,0.00006104
-0.53785382,0.00006104
-0.53753382,0.00006104
-0.53721382,0.00006104
-0.53689382,0.00006104
-0.53657382,0.00006104
-0.53625382,0.00006104
-0.53593382,0.00006104
-0.53561382,0.00006104
-0.53529382,0.00006104
-0.53497382,0.00006104
-0.53465382,0.00006104
-0.53433382,0.00006104
-0.53401382,0.00006104
-0.53369382,0.00006104
-0.53337382,0.00006104
-0.53305382,0.00006104
-0.53273382,0.00006104
-0.53241382,0.00006104
-0.53209382,0.00006104
-0.53177382,0.00006104
-0.53145382,0.00006104
-0.53113382,0.00006104
-0.53081382,0.00006104
-0.53049382,0.00006104
-0.53017382,0.00006104
-0.52985382,0.00006104
-0.52953382,0.00006104
-0.52921382,0.00006104
-0.52889382,0.00006104
-0.52857382,0.00006104
-0.52825382,0.00006104
-0.52793382,0.00006104
-0.52761382,0.00006104
-0.52729382,0.00006104
-0.52697382,0.00006104
-0.52665382,0.00006104
-0.52633382,0.00006104
-0.52601382,0.00006104
-0.52569382,0.00006104
-0.52537382,0.00006104
-0.52505382,0.00006104
-0.52473382,0.00006104
-0.52441382,-0.01770074
-0.52409382,0.00006104
-0.52377382,0.00006104
-0.52345382,0.00006104
-0.52313382,0.00006104
-0.52281382,0.00006104
-0.52249382,0.00006104
-0.52217382,0.00006104
-0.52185382,0.00006104
-0.52153382,0.00006104
-0.52121382,0.00006104
-0.52089382,0.00006104
-0.52057382,0.00006104
-0.52025382,0.00006104
-0.51993382,0.00006104
-0.51961382,0.00006104
-0.51929382,0.00006104
-0.51897382,0.00006104
-0.51865382,0.00006104
-0.51833382,0.00006104
-0.51801382,0.00006104
-0.51769382,0.00006104
-0.51737382,0.00006104
-0.51705382,0.00006104
-0.51673382,0.00006104
-0.51641382,0.00006104
-0.51609382,0.00006104
-0.51577382,0.00006104
-0.51545382,0.00006104
-0.51513382,0.00006104
-0.51481382,0.00006104
-0.51449382,0.00006104
-0.51417382,0.00006104
-0.51385382,0.00006104
-0.51353382,0.00006104
-0.51321382,0.00006104
-0.51289382,0.00006104
-0.51257382,0.00006104
-0.51225382,0.00006104
-0.51193382,0.00006104
-0.51161382,-0.01770074
-0.51129382,0.00006104
-0.51097382,0.00006104
-0.51065382,0.00006104
-0.51033382,0.00006104
-0.51001382,0.00006104
-0.50969382,0.00006104
-0.50937382,0.00006104
-0.50905382,0.00006104
-0.50873382,0.00006104
-0.50841382,0.00006104
-0.50809382,0.00006104
-0.50777382,0.00006104
-0.50745382,0.00006104
-0.50713382,0.00006104
-0.50681382,0.00006104
-0.50649382,0.00006104
-0.50617382,0.00006104
-0.50585382,0.00006104
-0.50553382,0.00006104
-0.50521382,0.00006104
-0.50489382,0.00006104
-0.50457382,0.00006104
-0.50425382,0.71205789
-0.50393382,1.60209966
-0.50361382,1.08584857
-0.50329382,0.24921414
-0.50297382,-0.12451552
-0.50265382,-0.14233834
-0.50233382,-0.07110813
-0.50201382,-0.03552354
-0.50169382,-0.01770074
-0.50137382,-0.01770074
-0.50105382,-∞
-0.50073382,-0.08893093
-0.50041382,0.10687582
-0.50009382,-0.26691487
-0.49977382,-0.07110813
-0.49945382,0.08911405
-0.49913382,0.12469863
-0.49881382,0.07129124
-0.49849382,0.03570665
-0.49817382,0.01788385
-0.49785382,0.00006104
-0.49753382,0.00006104
-0.49721382,0.00006104
-0.49689382,0.01788385
-0.49657382,0.01788385
-0.49625382,0.01788385
-0.49593382,0.01788385
-0.49561382,0.00006104
-0.49529382,0.00006104
-0.49497382,0.01788385
-0.49465382,0.01788385
-0.49433382,0.01788385
-0.49401382,0.05346843
-0.49369382,0.07129124
-0.49337382,0.07129124
-0.49305382,0.08911405
-0.49273382,0.03570665
-0.49241382,0.07129124
-0.49209382,0.07129124
-0.49177382,0.03570665
-0.49145382,0.07129124
-0.49113382,0.08911405
-0.49081382,0.05346843
-0.49049382,0.01788385
-0.49017382,0.03570665
-0.48985382,0.01788385
-0.48953382,0.01788385
-0.48921382,-0.01770074
-0.48889382,-0.01770074
-0.48857382,-0.01770074
-0.48825382,-0.03552354
-0.48793382,0.01788385
-0.48761382,0.00006104
-0.48729382,0.00006104
-0.48697382,0.05346843
-0.48665382,-0.01770074
-0.48633382,-0.01770074
-0.48601382,0.01788385
-0.48569382,-0.03552354
-0.48537382,0.01788385
-0.48505382,0.05346843
-0.48473382,0.01788385
-0.48441382,0.01788385
-0.48409382,0.03570665
-0.48377382,0.01788385
-0.48345382,0.01788385
-0.48313382,0.01788385
-0.48281382,0.01788385
-0.48249382,0.01788385
-0.48217382,0.01788385
-0.48185382,0.03570665
-0.48153382,0.00006104
-0.48121382,0.00006104
-0.48089382,0.01788385
-0.48057382,0.01788385
-0.48025382,0.00006104
-0.47993382,0.01788385
-0.47961382,-0.01770074
-0.47929382,0.00006104
-0.47897382,0.01788385
-0.47865382,0.00006104
-0.47833382,0.00006104
-0.47801382,0.03570665
-0.47769382,0.01788385
-0.47737382,0.00006104
-0.47705382,0.01788385
-0.47673382,0.00006104
-0.47641382,0.00006104
-0.47609382,0.03570665
-0.47577382,0.00006104
-0.47545382,0.00006104
-0.47513382,0.03570665
-0.47481382,0.00006104
-0.47449382,0.00006104
-0.47417382,0.00006104
-0.47385382,-0.01770074
-0.47353382,0.00006104
-0.47321382,0.00006104
-0.47289382,-0.01770074
-0.47257382,0.00006104
-0.47225382,0.00006104
-0.47193382,0.00006104
-0.47161382,0.00006104
-0.47129382,0.01788385
-0.47097382,0.00006104
-0.47065382,0.00006104
-0.47033382,0.01788385
-0.47001382,0.00006104
-0.46969382,0.01788385
-0.46937382,0.01788385
-0.46905382,0.00006104
-0.46873382,0.01788385
-0.46841382,0.00006104
-0.46809382,0.00006104
-0.46777382,0.01788385
-0.46745382,0.00006104
-0.46713382,-0.01770074
-0.46681382,0.00006104
-0.46649382,0.00006104
-0.46617382,0.00006104
-0.46585382,0.00006104
-0.46553382,0.00006104
-0.46521382,0.00006104
-0.46489382,0.01788385
-0.46457382,0.00006104
-0.46425382,0.00006104
-0.46393382,0.01788385
-0.46361382,0.00006104
-0.46329382,0.00006104
-0.46297382,0.01788385
-0.46265382,0.00006104
-0.46233382,0.00006104
-0.46201382,0.00006104
-0.46169382,-0.01770074
-0.46137382,0.00006104
-0.46105382,0.00006104
-0.46073382,0.00006104
-0.46041382,0.00006104
-0.46009382,0.00006104
-0.45977382,0.00006104
-0.45945382,0.00006104
-0.45913382,0.00006104
-0.45881382,0.00006104
-0.45849382,0.01788385
-0.45817382,0.00006104
-0.45785382,0.00006104
-0.45753382,0.00006104
-0.45721382,0.00006104
-0.45689382,0.00006104
-0.45657382,0.00006104
-0.45625382,0.00006104
-0.45593382,0.00006104
-0.45561382,0.00006104
-0.45529382,0.00006104
-0.45497382,-0.01770074
-0.45465382,0.00006104
-0.45433382,0.00006104
-0.45401382,0.00006104
-0.45369382,0.00006104
-0.45337382,0.00006104
-0.45305382,0.00006104
-0.45273382,0.00006104
-0.45241382,0.00006104
-0.45209382,0.00006104
-0.45177382,0.00006104
-0.45145382,0.00006104
-0.45113382,0.00006104
-0.45081382,0.01788385
-0.45049382,0.01788385
-0.45017382,0.00006104
-0.44985382,0.00006104
-0.44953382,0.00006104
-0.44921382,0.00006104
-0.44889382,0.00006104
-0.44857382,0.00006104
-0.44825382,0.00006104
-0.44793382,0.00006104
-0.44761382,0.00006104
-0.44729382,0.00006104
-0.44697382,0.00006104
-0.44665382,0.00006104
-0.44633382,-0.01770074
-0.44601382,0.00006104
-0.44569382,0.00006104
-0.44537382,0.00006104
-0.44505382,0.00006104
-0.44473382,0.00006104
-0.44441382,0.00006104
-0.44409382,0.00006104
-0.44377382,0.00006104
-0.44345382,0.00006104
-0.44313382,0.00006104
-0.44281382,0.00006104
-0.44249382,0.00006104
-0.44217382,0.00006104
-0.44185382,0.00006104
-0.44153382,0.00006104
-0.44121382,0.01788385
-0.44089382,0.00006104
-0.44057382,0.00006104
-0.44025382,0.00006104
-0.43993382,0.00006104
-0.43961382,0.00006104
-0.43929382,0.00006104
-0.43897382,0.00006104
-0.43865382,-0.01770074
-0.43833382,0.00006104
-0.43801382,0.00006104
-0.43769382,0.00006104
-0.43737382,-0.01770074
-0.43705382,-0.01770074
-0.43673382,0.00006104
-0.43641382,0.00006104
-0.43609382,0.00006104
-0.43577382,0.00006104
-0.43545382,0.00006104
-0.43513382,0.00006104
-0.43481382,0.00006104
-0.43449382,0.00006104
-0.43417382,0.00006104
-0.43385382,0.00006104
-0.43353382,0.00006104
-0.43321382,0.00006104
-0.43289382,0.00006104
-0.43257382,0.00006104
-0.43225382,0.00006104
-0.43193382,0.00006104
-0.43161382,0.00006104
-0.43129382,0.00006104
-0.43097382,0.00006104
-0.43065382,0.00006104
-0.43033382,0.00006104
-0.43001382,0.00006104
-0.42969382,0.00006104
-0.42937382,0.00006104
-0.42905382,0.00006104
-0.42873382,0.00006104
-0.42841382,0.00006104
-0.42809382,0.00006104
-0.42777382,0.00006104
-0.42745382,0.00006104
-0.42713382,0.00006104
-0.42681382,0.00006104
-0.42649382,0.00006104
-0.42617382,0.00006104
-0.42585382,0.00006104
-0.42553382,0.00006104
-0.42521382,0.00006104
-0.42489382,0.00006104
-0.42457382,0.00006104
-0.42425382,0.00006104
-0.42393382,-0.01770074
-0.42361382,0.00006104
-0.42329382,0.00006104
-0.42297382,0.00006104
-0.42265382,0.00006104
-0.42233382,0.00006104
-0.42201382,0.00006104
-0.42169382,0.00006104
-0.42137382,0.00006104
-0.42105382,-0.01770074
-0.42073382,-0.01770074
-0.42041382,0.00006104
-0.42009382,0.00006104
-0.41977382,0.00006104
-0.41945382,0.00006104
-0.41913382,0.00006104
-0.41881382,0.00006104
-0.41849382,0.00006104
-0.41817382,0.00006104
-0.41785382,0.00006104
-0.41753382,0.00006104
-0.41721382,0.00006104
-0.41689382,0.00006104
-0.41657382,0.00006104
-0.41625382,0.00006104
-0.41593382,0.00006104
-0.41561382,0.00006104
-0.41529382,0.00006104
-0.41497382,0.00006104
-0.41465382,0.00006104
-0.41433382,0.00006104
-0.41401382,0.00006104
-0.41369382,0.00006104
-0.41337382,0.00006104
-0.41305382,0.00006104
-0.41273382,0.00006104
-0.41241382,0.00006104
-0.41209382,0.00006104
-0.41177382,0.00006104
-0.41145382,-0.01770074
-0.41113382,0.00006104
-0.41081382,0.00006104
-0.41049382,0.00006104
-0.41017382,0.00006104
-0.40985382,0.00006104
-0.40953382,0.00006104
-0.40921382,0.00006104
-0.40889382,0.00006104
-0.40857382,0.00006104
-0.40825382,0.00006104
-0.40793382,0.00006104
-0.40761382,0.00006104
-0.40729382,0.00006104
-0.40697382,0.00006104
-0.40665382,0.00006104
-0.40633382,0.00006104
-0.40601382,0.00006104
-0.40569382,0.00006104
-0.40537382,0.00006104
-0.40505382,0.00006104
-0.40473382,0.00006104
-0.40441382,0.00006104
-0.40409382,0.00006104
-0.40377382,0.00006104
-0.40345382,0.00006104
-0.40313382,0.00006104
-0.40281382,0.00006104
-0.40249382,0.00006104
-0.40217382,-0.01770074
-0.40185382,0.00006104
-0.40153382,0.00006104
-0.40121382,0.00006104
-0.40089382,0.00006104
-0.40057382,0.00006104
-0.40025382,0.00006104
-0.39993382,0.00006104
-0.39961382,0.00006104
-0.39929382,0.00006104
-0.39897382,0.00006104
-0.39865382,0.00006104
-0.39833382,0.00006104
-0.39801382,0.00006104
-0.39769382,0.00006104
-0.39737382,0.00006104
-0.39705382,0.00006104
-0.39673382,0.00006104
-0.39641382,0.00006104
-0.39609382,0.00006104
-0.39577382,0.00006104
-0.39545382,0.00006104
-0.39513382,0.00006104
-0.39481382,-0.01770074
-0.39449382,0.00006104
-0.39417382,0.00006104
-0.39385382,0.00006104
-0.39353382,0.00006104
-0.39321382,0.00006104
-0.39289382,0.00006104
-0.39257382,0.00006104
-0.39225382,0.00006104
-0.39193382,0.00006104
-0.39161382,0.00006104
-0.39129382,0.00006104
-0.39097382,0.00006104
-0.39065382,0.00006104
-0.39033382,0.00006104
-0.39001382,0.00006104
-0.38969382,0.00006104
-0.38937382,0.00006104
-0.38905382,0.00006104
-0.38873382,0.00006104
-0.38841382,0.00006104
-0.38809382,0.00006104
-0.38777382,-0.01770074
-0.38745382,0.00006104
-0.38713382,0.00006104
-0.38681382,0.00006104
-0.38649382,0.00006104
-0.38617382,0.00006104
-0.38585382,0.00006104
-0.38553382,0.00006104
-0.38521382,0.00006104
-0.38489382,0.00006104
-0.38457382,0.00006104
-0.38425382,0.00006104
-0.38393382,0.00006104
-0.38361382,-0.01770074
-0.38329382,0.00006104
-0.38297382,-0.01770074
-0.38265382,0.00006104
-0.38233382,0.00006104
-0.38201382,0.00006104
-0.38169382,0.00006104
-0.38137382,0.00006104
-0.38105382,0.00006104
-0.38073382,0.00006104
-0.38041382,0.00006104
-0.38009382,-0.01770074
-0.37977382,0.00006104
-0.37945382,0.00006104
-0.37913382,0.00006104
-0.37881382,0.00006104
-0.37849382,0.00006104
-0.37817382,0.00006104
-0.37785382,0.00006104
-0.37753382,-0.01770074
-0.37721382,0.00006104
-0.37689382,0.00006104
-0.37657382,0.00006104
-0.37625382,0.00006104
-0.37593382,0.00006104
-0.37561382,0.00006104
-0.37529382,0.00006104
-0.37497382,0.00006104
-0.37465382,0.00006104
-0.37433382,-0.01770074
-0.37401382,0.00006104
-0.37369382,0.00006104
-0.37337382,0.00006104
-0.37305382,0.00006104
-0.37273382,0.00006104
-0.37241382,0.00006104
-0.37209382,0.00006104
-0.37177382,0.00006104
-0.37145382,0.00006104
-0.37113382,0.00006104
-0.37081382,0.00006104
-0.37049382,0.00006104
-0.37017382,0.00006104
-0.36985382,0.00006104
-0.36953382,0.00006104
-0.36921382,0.00006104
-0.36889382,0.00006104
-0.36857382,0.00006104
-0.36825382,0.00006104
-0.36793382,0.00006104
-0.36761382,0.00006104
-0.36729382,0.00006104
-0.36697382,0.00006104
-0.36665382,0.00006104
-0.36633382,0.00006104
-0.36601382,0.00006104
-0.36569382,0.00006104
-0.36537382,0.00006104
-0.36505382,0.00006104
-0.36473382,0.00006104
-0.36441382,0.00006104
-0.36409382,0.00006104
-0.36377382,0.00006104
-0.36345382,0.00006104
-0.36313382,0.00006104
-0.36281382,0.00006104
-0.36249382,0.00006104
-0.36217382,0.00006104
-0.36185382,0.00006104
-0.36153382,0.00006104
-0.36121382,0.00006104
-0.36089382,-0.01770074
-0.36057382,0.00006104
-0.36025382,0.00006104
-0.35993382,0.00006104
-0.35961382,0.00006104
-0.35929382,0.00006104
-0.35897382,0.00006104
-0.35865382,0.00006104
-0.35833382,0.00006104
-0.35801382,0.00006104
-0.35769382,0.00006104
-0.35737382,0.00006104
-0.35705382,0.00006104
-0.35673382,0.00006104
-0.35641382,0.00006104
-0.35609382,0.00006104
-0.35577382,-0.01770074
-0.35545382,0.00006104
-0.35513382,0.00006104
-0.35481382,0.00006104
-0.35449382,0.00006104
-0.35417382,0.00006104
-0.35385382,0.00006104
-0.35353382,0.00006104
-0.35321382,0.00006104
-0.35289382,-0.01770074
-0.35257382,0.00006104
-0.35225382,0.00006104
-0.35193382,0.00006104
-0.35161382,0.00006104
-0.35129382,0.00006104
-0.35097382,0.00006104
-0.35065382,0.00006104
-0.35033382,0.00006104
-0.35001382,0.00006104
-0.34969382,0.00006104
-0.34937382,0.00006104
-0.34905382,0.00006104
-0.34873382,0.00006104
-0.34841382,0.00006104
-0.34809382,0.00006104
-0.34777382,0.00006104
-0.34745382,0.00006104
-0.34713382,0.00006104
-0.34681382,0.00006104
-0.34649382,0.00006104
-0.34617382,0.00006104
-0.34585382,0.00006104
-0.34553382,0.00006104
-0.34521382,0.00006104
-0.34489382,0.00006104
-0.34457382,-0.01770074
-0.34425382,0.00006104
-0.34393382,0.00006104
-0.34361382,0.00006104
-0.34329382,0.00006104
-0.34297382,0.00006104
-0.34265382,0.00006104
-0.34233382,0.00006104
-0.34201382,0.00006104
-0.34169382,0.00006104
-0.34137382,0.00006104
-0.34105382,0.00006104
-0.34073382,0.00006104
-0.34041382,0.00006104
-0.34009382,0.00006104
-0.33977382,0.00006104
-0.33945382,0.00006104
-0.33913382,0.00006104
-0.33881382,0.00006104
-0.33849382,0.00006104
-0.33817382,0.00006104
-0.33785382,0.00006104
-0.33753382,-0.01770074
-0.33721382,0.00006104
-0.33689382,0.00006104
-0.33657382,0.00006104
-0.33625382,0.00006104
-0.33593382,0.00006104
-0.33561382,0.00006104
-0.33529382,0.00006104
-0.33497382,0.00006104
-0.33465382,0.00006104
-0.33433382,0.00006104
-0.33401382,0.00006104
-0.33369382,0.00006104
-0.33337382,0.00006104
-0.33305382,0.00006104
-0.33273382,0.00006104
-0.33241382,0.00006104
-0.33209382,0.00006104
-0.33177382,0.00006104
-0.33145382,0.00006104
-0.33113382,0.00006104
-0.33081382,0.00006104
-0.33049382,0.00006104
-0.33017382,0.00006104
-0.32985382,0.00006104
-0.32953382,0.00006104
-0.32921382,0.00006104
-0.32889382,0.00006104
-0.32857382,0.00006104
-0.32825382,0.00006104
-0.32793382,0.00006104
-0.32761382,0.00006104
-0.32729382,0.00006104
-0.32697382,0.00006104
-0.32665382,0.00006104
-0.32633382,0.00006104
-0.32601382,0.00006104
-0.32569382,0.00006104
-0.32537382,0.00006104
-0.32505382,0.00006104
-0.32473382,0.00006104
-0.32441382,0.00006104
-0.32409382,0.00006104
-0.32377382,0.00006104
-0.32345382,0.00006104
-0.32313382,0.00006104
-0.32281382,0.00006104
-0.32249382,0.00006104
-0.32217382,0.00006104
-0.32185382,0.00006104
-0.32153382,0.00006104
-0.32121382,0.00006104
-0.32089382,0.00006104
-0.32057382,0.00006104
-0.32025382,0.00006104
-0.31993382,0.00006104
-0.31961382,0.00006104
-0.31929382,0.00006104
-0.31897382,0.00006104
-0.31865382,0.00006104
-0.31833382,-0.01770074
-0.31801382,0.00006104
-0.31769382,0.00006104
-0.31737382,0.00006104
-0.31705382,0.00006104
-0.31673382,0.00006104
-0.31641382,0.00006104
-0.31609382,0.00006104
-0.31577382,0.00006104
-0.31545382,0.00006104
-0.31513382,0.00006104
-0.31481382,0.00006104
-0.31449382,0.00006104
-0.31417382,0.00006104
-0.31385382,0.00006104
-0.31353382,0.00006104
-0.31321382,0.00006104
-0.31289382,0.00006104
-0.31257382,0.00006104
-0.31225382,-0.01770074
-0.31193382,0.00006104
-0.31161382,0.00006104
-0.31129382,0.00006104
-0.31097382,0.00006104
-0.31065382,0.00006104
-0.31033382,0.00006104
-0.31001382,0.00006104
-0.30969382,0.00006104
-0.30937382,0.00006104
-0.30905382,-0.01770074
-0.30873382,0.00006104
-0.30841382,0.00006104
-0.30809382,0.00006104
-0.30777382,0.00006104
-0.30745382,0.00006104
-0.30713382,0.00006104
-0.30681382,0.00006104
-0.30649382,0.00006104
-0.30617382,0.00006104
-0.30585382,0.00006104
-0.30553382,0.00006104
-0.30521382,0.00006104
-0.30489382,0.00006104
-0.30457382,0.00006104
-0.30425382,0.00006104
-0.30393382,0.00006104
-0.30361382,0.00006104
-0.30329382,0.00006104
-0.30297382,0.00006104
-0.30265382,0.00006104
-0.30233382,0.00006104
-0.30201382,0.00006104
-0.30169382,0.00006104
-0.30137382,0.00006104
-0.30105382,0.00006104
-0.30073382,0.00006104
-0.30041382,0.00006104
-0.30009382,0.00006104
-0.29977382,0.00006104
-0.29945382,0.00006104
-0.29913382,0.00006104
-0.29881382,0.00006104
-0.29849382,0.00006104
-0.29817382,0.00006104
-0.29785382,0.00006104
-0.29753382,0.00006104
-0.29721382,0.00006104
-0.29689382,0.00006104
-0.29657382,0.00006104
-0.29625382,0.00006104
-0.29593382,0.00006104
-0.29561382,0.00006104
-0.29529382,0.00006104
-0.29497382,-0.01770074
-0.29465382,-0.01770074
-0.29433382,0.00006104
-0.29401382,0.00006104
-0.29369382,0.00006104
-0.29337382,0.00006104
-0.29305382,0.00006104
-0.29273382,0.00006104
-0.29241382,0.00006104
-0.29209382,0.00006104
-0.29177382,0.00006104
-0.29145382,0.00006104
-0.29113382,0.00006104
-0.29081382,0.00006104
-0.29049382,-0.01770074
-0.29017382,0.00006104
-0.28985382,0.00006104
-0.28953382,0.00006104
-0.28921382,0.00006104
-0.28889382,0.00006104
-0.28857382,0.00006104
-0.28825382,0.00006104
-0.28793382,-0.01770074
-0.28761382,0.00006104
-0.28729382,0.00006104
-0.28697382,-0.01770074
-0.28665382,0.00006104
-0.28633382,0.00006104
-0.28601382,-0.01770074
-0.28569382,0.00006104
-0.28537382,0.00006104
-0.28505382,0.00006104
-0.28473382,-0.01770074
-0.28441382,0.00006104
-0.28409382,0.00006104
-0.28377382,0.00006104
-0.28345382,0.00006104
-0.28313382,0.00006104
-0.28281382,0.00006104
-0.28249382,0.00006104
-0.28217382,0.00006104
-0.28185382,0.00006104
-0.28153382,0.00006104
-0.28121382,0.00006104
-0.28089382,0.00006104
-0.28057382,0.00006104
-0.28025382,0.00006104
-0.27993382,0.00006104
-0.27961382,0.00006104
-0.27929382,0.00006104
-0.27897382,0.00006104
-0.27865382,0.00006104
-0.27833382,0.00006104
-0.27801382,0.00006104
-0.27769382,0.00006104
-0.27737382,0.00006104
-0.27705382,0.00006104
-0.27673382,0.00006104
-0.27641382,-0.01770074
-0.27609382,0.00006104
-0.27577382,0.00006104
-0.27545382,0.00006104
-0.27513382,0.00006104
-0.27481382,0.00006104
-0.27449382,0.00006104
-0.27417382,0.00006104
-0.27385382,0.00006104
-0.27353382,0.00006104
-0.27321382,0.00006104
-0.27289382,0.00006104
-0.27257382,0.00006104
-0.27225382,0.00006104
-0.27193382,0.00006104
-0.27161382,0.00006104
-0.27129382,0.00006104
-0.27097382,0.00006104
-0.27065382,0.00006104
-0.27033382,0.00006104
-0.27001382,0.00006104
-0.26969382,0.00006104
-0.26937382,0.00006104
-0.26905382,0.00006104
-0.26873382,0.00006104
-0.26841382,0.00006104
-0.26809382,0.00006104
-0.26777382,0.00006104
-0.26745382,0.00006104
-0.26713382,0.00006104
-0.26681382,0.00006104
-0.26649382,0.00006104
-0.26617382,0.00006104
-0.26585382,0.00006104
-0.26553382,0.00006104
-0.26521382,-0.01770074
-0.26489382,0.00006104
-0.26457382,-0.01770074
-0.26425382,0.00006104
-0.26393382,-0.01770074
-0.26361382,0.00006104
-0.26329382,-0.01770074
-0.26297382,0.00006104
-0.26265382,0.00006104
-0.26233382,0.00006104
-0.26201382,0.00006104
-0.26169382,0.00006104
-0.26137382,0.00006104
-0.26105382,0.00006104
-0.26073382,0.00006104
-0.26041382,0.00006104
-0.26009382,0.00006104
-0.25977382,0.00006104
-0.25945382,0.00006104
-0.25913382,0.00006104
-0.25881382,0.00006104
-0.25849382,0.00006104
-0.25817382,0.00006104
-0.25785382,0.00006104
-0.25753382,0.00006104
-0.25721382,0.00006104
-0.25689382,0.00006104
-0.25657382,0.00006104
-0.25625382,0.00006104
-0.25593382,0.00006104
-0.25561382,0.00006104
-0.25529382,0.00006104
-0.25497382,-0.01770074
-0.25465382,-0.01770074
-0.25433382,0.00006104
-0.25401382,0.00006104
-0.25369382,0.00006104
-0.25337382,0.00006104
-0.25305382,0.00006104
-0.25273382,0.00006104
-0.25241382,0.00006104
-0.25209382,0.00006104
-0.25177382,0.00006104
-0.25145382,0.00006104
-0.25113382,0.00006104
-0.25081382,0.00006104
-0.25049382,0.00006104
-0.25017382,0.00006104
-0.24985382,0.00006104
-0.24953382,0.00006104
-0.24921382,0.00006104
-0.24889382,0.00006104
-0.24857382,0.00006104
-0.24825382,0.00006104
-0.24793382,0.00006104
-0.24761382,0.00006104
-0.24729382,0.00006104
-0.24697382,0.00006104
-0.24665382,0.00006104
-0.24633382,0.00006104
-0.24601382,0.00006104
-0.24569382,0.00006104
-0.24537382,-0.01770074
-0.24505382,0.00006104
-0.24473382,0.00006104
-0.24441382,0.00006104
-0.24409382,0.00006104
-0.24377382,0.00006104
-0.24345382,0.00006104
-0.24313382,0.00006104
-0.24281382,0.00006104
-0.24249382,0.00006104
-0.24217382,0.00006104
-0.24185382,0.00006104
-0.24153382,0.00006104
-0.24121382,0.00006104
-0.24089382,0.00006104
-0.24057382,0.00006104
-0.24025382,0.00006104
-0.23993382,0.00006104
-0.23961382,0.00006104
-0.23929382,0.00006104
-0.23897382,0.00006104
-0.23865382,0.00006104
-0.23833382,0.00006104
-0.23801382,0.00006104
-0.23769382,0.00006104
-0.23737382,0.00006104
-0.23705382,0.00006104
-0.23673382,0.00006104
-0.23641382,0.00006104
-0.23609382,0.00006104
-0.23577382,-0.01770074
-0.23545382,0.00006104
-0.23513382,0.00006104
-0.23481382,0.00006104
-0.23449382,0.00006104
-0.23417382,0.00006104
-0.23385382,0.00006104
-0.23353382,0.00006104
-0.23321382,0.00006104
-0.23289382,0.00006104
-0.23257382,0.00006104
-0.23225382,0.00006104
-0.23193382,0.00006104
-0.23161382,0.00006104
-0.23129382,0.00006104
-0.23097382,0.00006104
-0.23065382,0.00006104
-0.23033382,0.00006104
-0.23001382,0.00006104
-0.22969382,0.00006104
-0.22937382,0.00006104
-0.22905382,0.00006104
-0.22873382,0.00006104
-0.22841382,0.00006104
-0.22809382,0.00006104
-0.22777382,-0.01770074
-0.22745382,0.00006104
-0.22713382,0.00006104
-0.22681382,0.00006104
-0.22649382,0.00006104
-0.22617382,-0.01770074
-0.22585382,0.00006104
-0.22553382,0.00006104
-0.22521382,0.00006104
-0.22489382,0.00006104
-0.22457382,0.00006104
-0.22425382,0.00006104
-0.22393382,0.00006104
-0.22361382,0.00006104
-0.22329382,0.00006104
-0.22297382,0.00006104
-0.22265382,0.00006104
-0.22233382,0.00006104
-0.22201382,0.00006104
-0.22169382,0.00006104
-0.22137382,0.00006104
-0.22105382,0.00006104
-0.22073382,0.00006104
-0.22041382,0.00006104
-0.22009382,0.00006104
-0.21977382,-0.01770074
-0.21945382,0.00006104
-0.21913382,0.00006104
-0.21881382,0.00006104
-0.21849382,0.00006104
-0.21817382,0.00006104
-0.21785382,0.00006104
-0.21753382,0.00006104
-0.21721382,0.00006104
-0.21689382,0.00006104
-0.21657382,0.00006104
-0.21625382,0.00006104
-0.21593382,0.00006104
-0.21561382,0.00006104
-0.21529382,0.00006104
-0.21497382,0.00006104
-0.21465382,0.00006104
-0.21433382,0.00006104
-0.21401382,0.00006104
-0.21369382,0.00006104
-0.21337382,0.00006104
-0.21305382,0.00006104
-0.21273382,0.00006104
-0.21241382,0.00006104
-0.21209382,0.00006104
-0.21177382,0.00006104
-0.21145382,0.00006104
-0.21113382,0.00006104
-0.21081382,0.00006104
-0.21049382,0.00006104
-0.21017382,0.00006104
-0.20985382,0.00006104
-0.20953382,0.00006104
-0.20921382,0.00006104
-0.20889382,0.00006104
-0.20857382,0.00006104
-0.20825382,0.00006104
-0.20793382,0.00006104
-0.20761382,0.00006104
-0.20729382,0.00006104
-0.20697382,0.00006104
-0.20665382,0.00006104
-0.20633382,0.00006104
-0.20601382,0.00006104
-0.20569382,0.00006104
-0.20537382,0.00006104
-0.20505382,0.00006104
-0.20473382,0.00006104
-0.20441382,0.00006104
-0.20409382,0.00006104
-0.20377382,0.00006104
-0.20345382,-0.01770074
-0.20313382,0.00006104
-0.20281382,0.00006104
-0.20249382,0.00006104
-0.20217382,0.00006104
-0.20185382,0.00006104
-0.20153382,0.00006104
-0.20121382,0.00006104
-0.20089382,0.00006104
-0.20057382,0.00006104
-0.20025382,0.00006104
-0.19993382,0.00006104
-0.19961382,0.00006104
-0.19929382,0.00006104
-0.19897382,0.00006104
-0.19865382,0.00006104
-0.19833382,0.00006104
-0.19801382,-0.01770074
-0.19769382,0.00006104
-0.19737382,0.00006104
-0.19705382,0.00006104
-0.19673382,0.00006104
-0.19641382,0.00006104
-0.19609382,0.00006104
-0.19577382,0.00006104
-0.19545382,0.00006104
-0.19513382,0.00006104
-0.19481382,0.00006104
-0.19449382,0.00006104
-0.19417382,0.00006104
-0.19385382,0.00006104
-0.19353382,0.00006104
-0.19321382,0.00006104
-0.19289382,0.00006104
-0.19257382,0.00006104
-0.19225382,0.00006104
-0.19193382,-0.01770074
-0.19161382,0.00006104
-0.19129382,-0.01770074
-0.19097382,0.00006104
-0.19065382,0.00006104
-0.19033382,0.00006104
-0.19001382,0.00006104
-0.18969382,0.00006104
-0.18937382,0.00006104
-0.18905382,0.00006104
-0.18873382,0.00006104
-0.18841382,-0.01770074
-0.18809382,0.00006104
-0.18777382,0.00006104
-0.18745382,0.00006104
-0.18713382,0.00006104
-0.18681382,0.00006104
-0.18649382,0.00006104
-0.18617382,0.00006104
-0.18585382,0.00006104
-0.18553382,0.00006104
-0.18521382,0.00006104
-0.18489382,0.00006104
-0.18457382,0.00006104
-0.18425382,0.00006104
-0.18393382,0.00006104
-0.18361382,0.00006104
-0.18329382,0.00006104
-0.18297382,0.00006104
-0.18265382,0.00006104
-0.18233382,0.00006104
-0.18201382,0.00006104
-0.18169382,0.00006104
-0.18137382,0.00006104
-0.18105382,0.00006104
-0.18073382,0.00006104
-0.18041382,0.00006104
-0.18009382,0.00006104
-0.17977382,0.00006104
-0.17945382,0.00006104
-0.17913382,0.00006104
-0.17881382,0.00006104
-0.17849382,0.00006104
-0.17817382,0.00006104
-0.17785382,0.00006104
-0.17753382,0.00006104
-0.17721382,0.00006104
-0.17689382,0.00006104
-0.17657382,0.00006104
-0.17625382,0.00006104
-0.17593382,0.00006104
-0.17561382,0.00006104
-0.17529382,0.00006104
-0.17497382,0.00006104
-0.17465382,0.00006104
-0.17433382,0.00006104
-0.17401382,0.00006104
-0.17369382,0.00006104
-0.17337382,0.00006104
-0.17305382,0.00006104
-0.17273382,0.00006104
-0.17241382,0.00006104
-0.17209382,0.00006104
-0.17177382,0.00006104
-0.17145382,0.00006104
-0.17113382,0.00006104
-0.17081382,0.00006104
-0.17049382,0.00006104
-0.17017382,0.00006104
-0.16985382,0.00006104
-0.16953382,0.00006104
-0.16921382,0.00006104
-0.16889382,0.00006104
-0.16857382,0.00006104
-0.16825382,0.00006104
-0.16793382,0.00006104
-0.16761382,0.00006104
-0.16729382,0.00006104
-0.16697382,0.00006104
-0.16665382,0.00006104
-0.16633382,0.00006104
-0.16601382,0.00006104
-0.16569382,0.00006104
-0.16537382,0.00006104
-0.16505382,0.00006104
-0.16473382,-0.01770074
-0.16441382,0.00006104
-0.16409382,0.00006104
-0.16377382,0.00006104
-0.16345382,0.00006104
-0.16313382,0.00006104
-0.16281382,0.00006104
-0.16249382,0.00006104
-0.16217382,0.00006104
-0.16185382,0.00006104
-0.16153382,0.00006104
-0.16121382,0.00006104
-0.16089382,0.00006104
-0.16057382,0.00006104
-0.16025382,0.00006104
-0.15993382,0.00006104
-0.15961382,0.00006104
-0.15929382,0.00006104
-0.15897382,0.00006104
-0.15865382,0.00006104
-0.15833382,0.00006104
-0.15801382,0.00006104
-0.15769382,0.00006104
-0.15737382,0.00006104
-0.15705382,0.00006104
-0.15673382,0.00006104
-0.15641382,0.00006104
-0.15609382,0.00006104
-0.15577382,0.00006104
-0.15545382,0.00006104
-0.15513382,0.00006104
-0.15481382,0.00006104
-0.15449382,0.00006104
-0.15417382,0.00006104
-0.15385382,0.00006104
-0.15353382,0.00006104
-0.15321382,0.00006104
-0.15289382,0.00006104
-0.15257382,0.00006104
-0.15225382,0.00006104
-0.15193382,0.00006104
-0.15161382,0.00006104
-0.15129382,0.00006104
-0.15097382,0.00006104
-0.15065382,0.00006104
-0.15033382,0.00006104
-0.15001382,0.00006104
-0.14969382,0.00006104
-0.14937382,0.00006104
-0.14905382,0.00006104
-0.14873382,-0.01770074
-0.14841382,0.00006104
-0.14809382,0.00006104
-0.14777382,0.00006104
-0.14745382,0.00006104
-0.14713382,0.00006104
-0.14681382,0.00006104
-0.14649382,0.00006104
-0.14617382,0.00006104
-0.14585382,0.00006104
-0.14553382,0.00006104
-0.14521382,0.00006104
-0.14489382,0.00006104
-0.14457382,0.00006104
-0.14425382,0.00006104
-0.14393382,0.00006104
-0.14361382,0.00006104
-0.14329382,0.00006104
-0.14297382,0.00006104
-0.14265382,0.00006104
-0.14233382,0.00006104
-0.14201382,0.00006104
-0.14169382,0.00006104
-0.14137382,0.00006104
-0.14105382,0.00006104
-0.14073382,0.00006104
-0.14041382,0.00006104
-0.14009382,0.00006104
-0.13977382,0.00006104
-0.13945382,-0.01770074
-0.13913382,0.00006104
-0.13881382,0.00006104
-0.13849382,0.00006104
-0.13817382,0.00006104
-0.13785382,0.00006104
-0.13753382,-0.01770074
-0.13721382,0.00006104
-0.13689382,0.00006104
-0.13657382,0.00006104
-0.13625382,0.00006104
-0.13593382,0.00006104
-0.13561382,0.00006104
-0.13529382,0.00006104
-0.13497382,0.00006104
-0.13465382,0.00006104
-0.13433382,0.00006104
-0.13401382,0.00006104
-0.13369382,0.00006104
-0.13337382,0.00006104
-0.13305382,0.00006104
-0.13273382,0.00006104
-0.13241382,0.00006104
-0.13209382,0.00006104
-0.13177382,0.00006104
-0.13145382,0.00006104
-0.13113382,0.00006104
-0.13081382,0.00006104
-0.13049382,0.00006104
-0.13017382,0.00006104
-0.12985382,0.00006104
-0.12953382,0.00006104
-0.12921382,0.00006104
-0.12889382,0.00006104
-0.12857382,0.00006104
-0.12825382,0.00006104
-0.12793382,0.00006104
-0.12761382,0.00006104
-0.12729382,0.00006104
-0.12697382,0.00006104
-0.12665382,0.00006104
-0.12633382,0.00006104
-0.12601382,0.00006104
-0.12569382,0.00006104
-0.12537382,0.00006104
-0.12505382,0.00006104
-0.12473382,0.00006104
-0.12441382,0.00006104
-0.12409382,0.00006104
-0.12377382,0.00006104
-0.12345382,0.00006104
-0.12313382,0.00006104
-0.12281382,0.00006104
-0.12249382,0.00006104
-0.12217382,0.00006104
-0.12185382,0.00006104
-0.12153382,0.00006104
-0.12121382,-0.01770074
-0.12089382,0.00006104
-0.12057382,0.00006104
-0.12025382,0.00006104
-0.11993382,0.00006104
-0.11961382,0.00006104
-0.11929382,0.00006104
-0.11897382,0.00006104
-0.11865382,0.00006104
-0.11833382,0.00006104
-0.11801382,0.00006104
-0.11769382,0.00006104
-0.11737382,0.00006104
-0.11705382,0.00006104
-0.11673382,0.00006104
-0.11641382,0.00006104
-0.11609382,0.00006104
-0.11577382,0.00006104
-0.11545382,0.00006104
-0.11513382,0.00006104
-0.11481382,0.00006104
-0.11449382,0.00006104
-0.11417382,0.00006104
-0.11385382,0.00006104
-0.11353382,0.00006104
-0.11321382,0.00006104
-0.11289382,0.00006104
-0.11257382,0.00006104
-0.11225382,0.00006104
-0.11193382,0.00006104
-0.11161382,0.00006104
-0.11129382,0.00006104
-0.11097382,0.00006104
-0.11065382,0.00006104
-0.11033382,0.00006104
-0.11001382,-0.01770074
-0.10969382,0.00006104
-0.10937382,0.00006104
-0.10905382,0.00006104
-0.10873382,0.00006104
-0.10841382,0.00006104
-0.10809382,0.00006104
-0.10777382,0.00006104
-0.10745382,0.00006104
-0.10713382,0.00006104
-0.10681382,0.00006104
-0.10649382,0.00006104
-0.10617382,0.00006104
-0.10585382,0.00006104
-0.10553382,0.00006104
-0.10521382,0.00006104
-0.10489382,0.00006104
-0.10457382,0.00006104
-0.10425382,0.00006104
-0.10393382,0.00006104
-0.10361382,0.00006104
-0.10329382,0.00006104
-0.10297382,-0.01770074
-0.10265382,0.00006104
-0.10233382,0.00006104
-0.10201382,0.00006104
-0.10169382,0.00006104
-0.10137382,0.00006104
-0.10105382,0.00006104
-0.10073382,0.00006104
-0.10041382,0.00006104
-0.10009382,0.00006104
-0.09977382,0.00006104
-0.09945382,0.00006104
-0.09913382,0.00006104
-0.09881382,0.00006104
-0.09849382,0.00006104
-0.09817382,0.00006104
-0.09785382,0.00006104
-0.09753382,0.00006104
-0.09721382,0.00006104
-0.09689382,0.00006104
-0.09657382,0.00006104
-0.09625382,0.00006104
-0.09593382,0.00006104
-0.09561382,0.00006104
-0.09529382,0.00006104
-0.09497382,0.01788385
-0.09465382,0.00006104
-0.09433382,0.00006104
-0.09401382,0.00006104
-0.09369382,0.00006104
-0.09337382,0.00006104
-0.09305382,0.00006104
-0.09273382,0.00006104
-0.09241382,0.00006104
-0.09209382,0.00006104
-0.09177382,0.00006104
-0.09145382,0.00006104
-0.09113382,0.00006104
-0.09081382,0.00006104
-0.09049382,0.00006104
-0.09017382,0.00006104
-0.08985382,0.00006104
-0.08953382,0.00006104
-0.08921382,0.00006104
-0.08889382,0.00006104
-0.08857382,0.00006104
-0.08825382,0.00006104
-0.08793382,0.00006104
-0.08761382,0.00006104
-0.08729382,0.00006104
-0.08697382,0.00006104
-0.08665382,0.00006104
-0.08633382,0.00006104
-0.08601382,0.00006104
-0.08569382,0.00006104
-0.08537382,0.00006104
-0.08505382,0.00006104
-0.08473382,0.00006104
-0.08441382,0.00006104
-0.08409382,0.00006104
-0.08377382,0.00006104
-0.08345382,0.00006104
-0.08313382,0.00006104
-0.08281382,0.00006104
-0.08249382,0.00006104
-0.08217382,0.00006104
-0.08185382,0.00006104
-0.08153382,0.00006104
-0.08121382,0.00006104
-0.08089382,0.00006104
-0.08057382,0.00006104
-0.08025382,0.00006104
-0.07993382,0.00006104
-0.07961382,0.00006104
-0.07929382,0.00006104
-0.07897382,0.00006104
-0.07865382,0.00006104
-0.07833382,0.00006104
-0.07801382,0.00006104
-0.07769382,0.00006104
-0.07737382,0.00006104
-0.07705382,0.00006104
-0.07673382,0.00006104
-0.07641382,0.00006104
-0.07609382,0.00006104
-0.07577382,0.00006104
-0.07545382,0.00006104
-0.07513382,0.00006104
-0.07481382,0.00006104
-0.07449382,0.00006104
-0.07417382,0.00006104
-0.07385382,0.00006104
-0.07353382,0.00006104
-0.07321382,0.00006104
-0.07289382,0.00006104
-0.07257382,0.00006104
-0.07225382,0.00006104
-0.07193382,0.00006104
-0.07161382,0.00006104
-0.07129382,0.00006104
-0.07097382,0.00006104
-0.07065382,-0.01770074
-0.07033382,0.00006104
-0.07001382,0.00006104
-0.06969382,0.00006104
-0.06937382,0.00006104
-0.06905382,0.00006104
-0.06873382,0.00006104
-0.06841382,-0.01770074
-0.06809382,0.00006104
-0.06777382,0.00006104
-0.06745382,0.00006104
-0.06713382,0.00006104
-0.06681382,0.00006104
-0.06649382,0.00006104
-0.06617382,0.00006104
-0.06585382,0.00006104
-0.06553382,0.00006104
-0.06521382,0.00006104
-0.06489382,0.00006104
-0.06457382,0.00006104
-0.06425382,0.00006104
-0.06393382,0.00006104
-0.06361382,0.00006104
-0.06329382,0.00006104
-0.06297382,0.00006104
-0.06265382,0.00006104
-0.06233382,0.00006104
-0.06201382,0.00006104
-0.06169382,0.00006104
-0.06137382,0.00006104
-0.06105382,0.00006104
-0.06073382,0.00006104
-0.06041382,0.00006104
-0.06009382,0.00006104
-0.05977382,0.00006104
-0.05945382,0.00006104
-0.05913382,0.00006104
-0.05881382,0.00006104
-0.05849382,0.00006104
-0.05817382,0.00006104
-0.05785382,0.00006104
-0.05753382,0.00006104
-0.05721382,0.00006104
-0.05689382,0.00006104
-0.05657382,0.00006104
-0.05625382,0.00006104
-0.05593382,0.00006104
-0.05561382,0.00006104
-0.05529382,0.00006104
-0.05497382,0.00006104
-0.05465382,0.00006104
-0.05433382,0.00006104
-0.05401382,0.00006104
-0.05369382,0.00006104
-0.05337382,0.00006104
-0.05305382,0.00006104
-0.05273382,0.00006104
-0.05241382,0.00006104
-0.05209382,0.00006104
-0.05177382,0.00006104
-0.05145382,0.00006104
-0.05113382,0.00006104
-0.05081382,0.00006104
-0.05049382,0.00006104
-0.05017382,-0.01770074
-0.04985382,0.00006104
-0.04953382,0.00006104
-0.04921382,0.00006104
-0.04889382,-0.01770074
-0.04857382,0.00006104
-0.04825382,-0.01770074
-0.04793382,0.00006104
-0.04761382,0.00006104
-0.04729382,0.00006104
-0.04697382,0.00006104
-0.04665382,0.00006104
-0.04633382,0.00006104
-0.04601382,0.00006104
-0.04569382,0.00006104
-0.04537382,0.00006104
-0.04505382,0.00006104
-0.04473382,0.00006104
-0.04441382,0.00006104
-0.04409382,0.00006104
-0.04377382,0.00006104
-0.04345382,0.00006104
-0.04313382,0.00006104
-0.04281382,0.00006104
-0.04249382,0.00006104
-0.04217382,0.00006104
-0.04185382,0.00006104
-0.04153382,0.00006104
-0.04121382,0.00006104
-0.04089382,0.00006104
-0.04057382,0.00006104
-0.04025382,0.00006104
-0.03993382,0.00006104
-0.03961382,0.00006104
-0.03929382,0.00006104
-0.03897382,0.00006104
-0.03865382,0.00006104
-0.03833382,0.00006104
-0.03801382,0.00006104
-0.03769382,0.00006104
-0.03737382,0.00006104
-0.03705382,0.00006104
-0.03673382,0.00006104
-0.03641382,0.00006104
-0.03609382,0.00006104
-0.03577382,0.00006104
-0.03545382,-0.01770074
-0.03513382,0.00006104
-0.03481382,0.00006104
-0.03449382,0.00006104
-0.03417382,0.00006104
-0.03385382,0.00006104
-0.03353382,0.00006104
-0.03321382,0.00006104
-0.03289382,0.00006104
-0.03257382,0.00006104
-0.03225382,0.00006104
-0.03193382,-0.01770074
-0.03161382,0.00006104
-0.03129382,0.00006104
-0.03097382,0.00006104
-0.03065382,0.00006104
-0.03033382,0.00006104
-0.03001382,-0.01770074
-0.02969382,0.00006104
-0.02937382,0.00006104
-0.02905382,0.00006104
-0.02873382,0.00006104
-0.02841382,0.00006104
-0.02809382,0.00006104
-0.02777382,0.00006104
-0.02745382,0.00006104
-0.02713382,0.00006104
-0.02681382,0.00006104
-0.02649382,0.00006104
-0.02617382,0.00006104
-0.02585382,0.00006104
-0.02553382,0.00006104
-0.02521382,0.00006104
-0.02489382,0.00006104
-0.02457382,0.00006104
-0.02425382,-0.01770074
-0.02393382,0.00006104
-0.02361382,-0.01770074
-0.02329382,0.00006104
-0.02297382,0.00006104
-0.02265382,0.00006104
-0.02233382,0.00006104
-0.02201382,0.00006104
-0.02169382,0.00006104
-0.02137382,0.00006104
-0.02105382,0.00006104
-0.02073382,0.00006104
-0.02041382,0.00006104
-0.02009382,0.00006104
-0.01977382,0.00006104
-0.01945382,-0.01770074
-0.01913382,0.00006104
-0.01881382,0.00006104
-0.01849382,0.00006104
-0.01817382,0.00006104
-0.01785382,0.00006104
-0.01753382,0.00006104
-0.01721382,0.00006104
-0.01689382,0.00006104
-0.01657382,0.00006104
-0.01625382,0.00006104
-0.01593382,0.00006104
-0.01561382,0.00006104
-0.01529382,0.00006104
-0.01497382,0.00006104
-0.01465382,0.00006104
-0.01433382,0.00006104
-0.01401382,0.00006104
-0.01369382,0.00006104
-0.01337382,0.00006104
-0.01305382,-0.01770074
-0.01273382,-0.01770074
-0.01241382,0.00006104
-0.01209382,0.00006104
-0.01177382,0.00006104
-0.01145382,0.00006104
-0.01113382,0.00006104
-0.01081382,0.00006104
-0.01049382,0.00006104
-0.01017382,0.00006104
-0.00985382,0.00006104
-0.00953382,0.00006104
-0.00921382,0.00006104
-0.00889382,-0.01770074
-0.00857382,0.00006104
-0.00825382,0.00006104
-0.00793382,0.00006104
-0.00761382,0.00006104
-0.00729382,0.00006104
-0.00697382,0.00006104
-0.00665382,-0.01770074
-0.00633382,0.00006104
-0.00601382,0.00006104
-0.00569382,0.00006104
-0.00537382,0.00006104
-0.00505382,0.00006104
-0.00473382,0.00006104
-0.00441382,0.23145238
-0.00409382,1.72673726
-0.00377382,1.28171635
-0.00345382,0.35602894
-0.00313382,-0.05334635
-0.00281382,-0.12451552
-0.00249382,-0.08893093
-0.00217382,-0.03552354
-0.00185382,-0.01770074
-0.00153382,-0.01770074
-0.00121382,-0.12451552
-0.00089382,-1.05014193
-0.00057382,-∞
-0.00025382,-0.14233834
0.00006618,0.01788385
0.00038618,0.08911405
0.00070618,0.10687582
0.00102618,0.03570665
0.00134618,0.03570665
0.00166618,0.03570665
0.00198618,0.01788385
0.00230618,0.01788385
0.00262618,0.00006104
0.00294618,0.01788385
0.00326618,0.03570665
0.00358618,0.01788385
0.00390618,0.03570665
0.00422618,0.01788385
0.00454618,0.00006104
0.00486618,0.00006104
0.00518618,0.01788385
0.00550618,0.01788385
0.00582618,0.05346843
0.00614618,0.05346843
0.00646618,0.07129124
0.00678618,0.07129124
0.00710618,0.05346843
0.00742618,0.05346843
0.00774618,0.05346843
0.00806618,0.03570665
0.00838618,0.07129124
0.00870618,0.08911405
0.00902618,0.07129124
0.00934618,0.03570665
0.00966618,0.03570665
0.00998618,0.03570665
0.01030618,0.03570665
0.01062618,0.00006104
0.01094618,-0.01770074
0.01126618,-0.03552354
0.01158618,-0.01770074
0.01190618,0.03570665
0.01222618,0.00006104
0.01254618,0.00006104
0.01286618,0.05346843
0.01318618,-0.01770074
0.01350618,-0.01770074
0.01382618,0.01788385
0.01414618,-0.03552354
0.01446618,0.01788385
0.01478618,0.03570665
0.01510618,0.01788385
0.01542618,0.03570665
0.01574618,0.03570665
0.01606618,0.03570665
0.01638618,0.00006104
0.01670618,0.01788385
0.01702618,0.01788385
0.01734618,0.00006104
0.01766618,0.01788385
0.01798618,0.03570665
0.01830618,0.00006104
0.01862618,0.00006104
0.01894618,0.03570665
0.01926618,0.01788385
0.01958618,0.01788385
0.01990618,0.01788385
0.02022618,0.00006104
0.02054618,0.00006104
0.02086618,0.01788385
0.02118618,0.00006104
0.02150618,0.00006104
0.02182618,0.01788385
0.02214618,0.01788385
0.02246618,0.00006104
0.02278618,0.01788385
0.02310618,0.01788385
0.02342618,0.00006104
0.02374618,0.01788385
0.02406618,0.00006104
0.02438618,0.00006104
0.02470618,0.01788385
0.02502618,0.01788385
0.02534618,0.00006104
0.02566618,0.00006104
0.02598618,0.00006104
0.02630618,0.00006104
0.02662618,0.00006104
0.02694618,-0.01770074
0.02726618,0.00006104
0.02758618,0.00006104
0.02790618,0.00006104
0.02822618,0.01788385
0.02854618,0.00006104
0.02886618,0.00006104
0.02918618,0.01788385
0.02950618,0.00006104
0.02982618,0.00006104
0.03014618,0.01788385
0.03046618,0.01788385
0.03078618,0.00006104
0.03110618,0.01788385
0.03142618,0.01788385
0.03174618,0.00006104
0.03206618,0.01788385
0.03238618,0.00006104
0.03270618,0.00006104
0.03302618,0.00006104
0.03334618,0.00006104
0.03366618,0.00006104
0.03398618,0.01788385
0.03430618,0.00006104
0.03462618,0.01788385
0.03494618,0.00006104
0.03526618,0.00006104
0.03558618,0.00006104
0.03590618,0.01788385
0.03622618,0.01788385
0.03654618,0.00006104
0.03686618,0.00006104
0.03718618,0.00006104
0.03750618,0.00006104
0.03782618,0.00006104
0.03814618,-0.01770074
0.03846618,0.00006104
0.03878618,0.00006104
0.03910618,0.00006104
0.03942618,0.00006104
0.03974618,0.00006104
0.04006618,0.00006104
0.04038618,0.00006104
0.04070618,0.01788385
0.04102618,0.01788385
0.04134618,0.01788385
0.04166618,0.00006104
0.04198618,0.00006104
0.04230618,0.00006104
0.04262618,0.00006104
0.04294618,0.00006104
0.04326618,0.00006104
0.04358618,0.00006104
0.04390618,0.00006104
0.04422618,0.00006104
0.04454618,0.00006104
0.04486618,-0.01770074
0.04518618,-0.01770074
0.04550618,0.00006104
0.04582618,0.00006104
0.04614618,0.00006104
0.04646618,0.00006104
0.04678618,0.00006104
0.04710618,0.00006104
0.04742618,0.00006104
0.04774618,0.00006104
0.04806618,0.00006104
0.04838618,0.00006104
0.04870618,0.00006104
0.04902618,0.00006104
0.04934618,0.00006104
0.04966618,0.00006104
0.04998618,0.00006104
0.05030618,0.00006104
0.05062618,0.00006104
0.05094618,0.00006104
0.05126618,0.00006104
0.05158618,0.00006104
0.05190618,0.00006104
0.05222618,0.00006104
0.05254618,0.00006104
0.05286618,-0.01770074
0.05318618,0.00006104
0.05350618,0.00006104
0.05382618,0.00006104
0.05414618,0.00006104
0.05446618,0.00006104
0.05478618,0.00006104
0.05510618,0.00006104
0.05542618,0.00006104
0.05574618,0.00006104
0.05606618,0.00006104
0.05638618,0.00006104
0.05670618,0.00006104
0.05702618,0.00006104
0.05734618,0.00006104
0.05766618,0.00006104
0.05798618,0.00006104
0.05830618,0.00006104
0.05862618,0.00006104
0.05894618,0.00006104
0.05926618,0.00006104
0.05958618,0.00006104
0.05990618,0.00006104
0.06022618,0.00006104
0.06054618,0.00006104
0.06086618,0.00006104
0.06118618,0.00006104
0.06150618,0.00006104
0.06182618,0.00006104
0.06214618,0.00006104
0.06246618,0.00006104
0.06278618,0.00006104
0.06310618,0.00006104
0.06342618,0.00006104
0.06374618,0.00006104
0.06406618,0.00006104
0.06438618,0.00006104
0.06470618,-0.01770074
0.06502618,0.00006104
0.06534618,0.00006104
0.06566618,0.00006104
0.06598618,0.00006104
0.06630618,0.00006104
0.06662618,0.00006104
0.06694618,0.00006104
0.06726618,0.00006104
0.06758618,0.00006104
0.06790618,0.00006104
0.06822618,0.00006104
0.06854618,0.00006104
0.06886618,0.00006104
0.06918618,0.00006104
0.06950618,0.00006104
0.06982618,0.00006104
0.07014618,-0.01770074
0.07046618,0.00006104
0.07078618,0.00006104
0.07110618,0.00006104
0.07142618,0.00006104
0.07174618,0.00006104
0.07206618,0.00006104
0.07238618,0.00006104
0.07270618,0.00006104
0.07302618,0.00006104
0.07334618,0.00006104
0.07366618,0.00006104
0.07398618,0.00006104
0.07430618,0.00006104
0.07462618,0.00006104
0.07494618,0.00006104
0.07526618,0.00006104
0.07558618,0.00006104
0.07590618,0.00006104
0.07622618,0.00006104
0.07654618,0.00006104
0.07686618,-0.01770074
0.07718618,0.00006104
0.07750618,0.00006104
0.07782618,0.00006104
0.07814618,0.00006104
0.07846618,0.00006104
0.07878618,-0.01770074
0.07910618,0.00006104
0.07942618,0.00006104
0.07974618,0.00006104
0.08006618,0.00006104
0.08038618,0.00006104
0.08070618,0.00006104
0.08102618,0.00006104
0.08134618,0.00006104
0.08166618,0.00006104
0.08198618,0.00006104
0.08230618,-0.01770074
0.08262618,0.00006104
0.08294618,0.00006104
0.08326618,0.00006104
0.08358618,0.00006104
0.08390618,0.00006104
0.08422618,0.00006104
0.08454618,0.00006104
0.08486618,0.00006104
0.08518618,0.00006104
0.08550618,0.00006104
0.08582618,0.00006104
0.08614618,0.00006104
0.08646618,0.00006104
0.08678618,0.00006104
0.08710618,0.00006104
0.08742618,0.00006104
0.08774618,0.00006104
0.08806618,0.00006104
0.08838618,0.00006104
0.08870618,0.00006104
0.08902618,0.00006104
0.08934618,-0.01770074
0.08966618,0.00006104
0.08998618,0.00006104
0.09030618,-0.01770074
0.09062618,0.00006104
0.09094618,0.00006104
0.09126618,0.00006104
0.09158618,0.00006104
0.09190618,0.00006104
0.09222618,0.00006104
0.09254618,0.00006104
0.09286618,0.00006104
0.09318618,0.00006104
0.09350618,0.00006104
0.09382618,0.00006104
0.09414618,0.00006104
0.09446618,0.00006104
0.09478618,-0.01770074
0.09510618,0.00006104
0.09542618,0.00006104
0.09574618,0.00006104
0.09606618,0.00006104
0.09638618,0.00006104
0.09670618,0.00006104
0.09702618,-0.01770074
0.09734618,0.00006104
0.09766618,0.00006104
0.09798618,0.00006104
0.09830618,0.00006104
0.09862618,0.00006104
0.09894618,0.00006104
0.09926618,0.00006104
0.09958618,0.00006104
0.09990618,0.00006104
0.10022618,0.00006104
0.10054618,0.00006104
0.10086618,0.00006104
0.10118618,0.00006104
0.10150618,0.00006104
0.10182618,0.00006104
0.10214618,0.00006104
0.10246618,0.00006104
0.10278618,0.00006104
0.10310618,0.00006104
0.10342618,0.00006104
0.10374618,0.00006104
0.10406618,0.00006104
0.10438618,0.00006104
0.10470618,0.00006104
0.10502618,0.00006104
0.10534618,0.00006104
0.10566618,0.00006104
0.10598618,0.00006104
0.10630618,0.00006104
0.10662618,0.00006104
0.10694618,0.00006104
0.10726618,0.00006104
0.10758618,0.00006104
0.10790618,0.00006104
0.10822618,0.00006104
0.10854618,0.00006104
0.10886618,0.00006104
0.10918618,0.00006104
0.10950618,0.00006104
0.10982618,0.00006104
0.11014618,0.00006104
0.11046618,0.00006104
0.11078618,0.00006104
0.11110618,0.00006104
0.11142618,0.00006104
0.11174618,0.00006104
0.11206618,0.00006104
0.11238618,0.00006104
0.11270618,0.00006104
0.11302618,-0.01770074
0.11334618,0.00006104
0.11366618,0.00006104
0.11398618,0.00006104
0.11430618,0.00006104
0.11462618,0.00006104
0.11494618,0.00006104
0.11526618,0.00006104
0.11558618,0.00006104
0.11590618,0.00006104
0.11622618,-0.01770074
0.11654618,0.00006104
0.11686618,0.00006104
0.11718618,0.00006104
0.11750618,0.00006104
0.11782618,0.00006104
0.11814618,0.00006104
0.11846618,0.00006104
0.11878618,-0.01770074
0.11910618,0.00006104
0.11942618,0.00006104
0.11974618,0.00006104
0.12006618,0.00006104
0.12038618,0.00006104
0.12070618,0.00006104
0.12102618,0.00006104
0.12134618,0.00006104
0.12166618,0.00006104
0.12198618,0.00006104
0.12230618,0.00006104
0.12262618,0.00006104
0.12294618,0.00006104
0.12326618,0.00006104
0.12358618,0.00006104
0.12390618,0.00006104
0.12422618,0.00006104
0.12454618,0.00006104
0.12486618,0.00006104
0.12518618,0.00006104
0.12550618,0.00006104
0.12582618,0.00006104
0.12614618,0.00006104
0.12646618,0.00006104
0.12678618,0.00006104
0.12710618,0.00006104
0.12742618,0.00006104
0.12774618,0.00006104
0.12806618,0.00006104
0.12838618,0.00006104
0.12870618,0.00006104
0.12902618,-0.01770074
0.12934618,0.00006104
0.12966618,0.00006104
0.12998618,0.00006104
0.13030618,-0.01770074
0.13062618,0.00006104
0.13094618,0.00006104
0.13126618,0.00006104
0.13158618,0.00006104
0.13190618,0.00006104
0.13222618,-0.01770074
0.13254618,0.00006104
0.13286618,0.00006104
0.13318618,0.00006104
0.13350618,0.00006104
0.13382618,0.00006104
0.13414618,0.00006104
0.13446618,0.00006104
0.13478618,0.00006104
0.13510618,0.00006104
0.13542618,0.00006104
0.13574618,0.00006104
0.13606618,0.00006104
0.13638618,0.00006104
0.13670618,0.00006104
0.13702618,0.00006104
0.13734618,0.00006104
0.13766618,0.00006104
0.13798618,0.00006104
0.13830618,0.00006104
0.13862618,0.00006104
0.13894618,0.00006104
0.13926618,0.00006104
0.13958618,0.00006104
0.13990618,-0.01770074
0.14022618,0.00006104
0.14054618,0.00006104
0.14086618,0.00006104
0.14118618,0.00006104
0.14150618,0.00006104
0.14182618,0.00006104
0.14214618,0.00006104
0.14246618,0.00006104
0.14278618,0.00006104
0.14310618,0.00006104
0.14342618,0.00006104
0.14374618,0.00006104
0.14406618,0.00006104
0.14438618,0.00006104
0.14470618,0.00006104
0.14502618,0.00006104
0.14534618,0.00006104
0.14566618,0.00006104
0.14598618,0.00006104
0.14630618,0.00006104
0.14662618,0.00006104
0.14694618,0.00006104
0.14726618,0.00006104
0.14758618,0.00006104
0.14790618,0.00006104
0.14822618,0.00006104
0.14854618,0.00006104
0.14886618,0.00006104
0.14918618,0.00006104
0.14950618,-0.01770074
0.14982618,0.00006104
0.15014618,0.00006104
0.15046618,0.00006104
0.15078618,0.00006104
0.15110618,0.00006104
0.15142618,0.00006104
0.15174618,0.00006104
0.15206618,-0.01770074
0.15238618,0.00006104
0.15270618,0.00006104
0.15302618,0.00006104
0.15334618,0.00006104
0.15366618,0.00006104
0.15398618,0.00006104
0.15430618,-0.01770074
0.15462618,0.00006104
0.15494618,0.00006104
0.15526618,0.00006104
0.15558618,0.00006104
0.15590618,0.00006104
0.15622618,0.00006104
0.15654618,0.00006104
0.15686618,0.00006104
0.15718618,0.00006104
0.15750618,0.00006104
0.15782618,0.00006104
0.15814618,0.00006104
0.15846618,0.00006104
0.15878618,0.00006104
0.15910618,0.00006104
0.15942618,0.00006104
0.15974618,0.00006104
0.16006618,0.00006104
0.16038618,0.00006104
0.16070618,-0.01770074
0.16102618,0.00006104
0.16134618,0.00006104
0.16166618,0.00006104
0.16198618,-0.01770074
0.16230618,0.00006104
0.16262618,0.00006104
0.16294618,0.00006104
0.16326618,0.00006104
0.16358618,0.00006104
0.16390618,0.00006104
0.16422618,0.00006104
0.16454618,0.00006104
0.16486618,0.00006104
0.16518618,0.00006104
0.16550618,0.00006104
0.16582618,0.00006104
0.16614618,0.00006104
0.16646618,0.00006104
0.16678618,0.00006104
0.16710618,0.00006104
0.16742618,0.00006104
0.16774618,0.00006104
0.16806618,0.00006104
0.16838618,0.00006104
0.16870618,0.00006104
0.16902618,0.00006104
0.16934618,0.00006104
0.16966618,0.00006104
0.16998618,0.00006104
0.17030618,0.00006104
0.17062618,0.00006104
0.17094618,0.00006104
0.17126618,0.00006104
0.17158618,0.00006104
0.17190618,0.00006104
0.17222618,0.00006104
0.17254618,0.00006104
0.17286618,0.00006104
0.17318618,0.00006104
0.17350618,0.00006104
0.17382618,0.00006104
0.17414618,0.00006104
0.17446618,0.00006104
0.17478618,-0.01770074
0.17510618,0.00006104
0.17542618,0.00006104
0.17574618,0.00006104
0.17606618,0.00006104
0.17638618,0.00006104
0.17670618,0.00006104
0.17702618,0.00006104
0.17734618,0.00006104
0.17766618,0.00006104
0.17798618,-0.01770074
0.17830618,0.00006104
0.17862618,0.00006104
0.17894618,-0.01770074
0.17926618,0.00006104
0.17958618,0.00006104
0.17990618,-0.01770074
0.18022618,0.00006104
0.18054618,0.00006104
0.18086618,0.00006104
0.18118618,0.00006104
0.18150618,0.00006104
0.18182618,0.00006104
0.18214618,0.00006104
0.18246618,0.00006104
0.18278618,0.00006104
0.18310618,0.00006104
0.18342618,0.00006104
0.18374618,0.00006104
0.18406618,0.00006104
0.18438618,0.00006104
0.18470618,0.00006104
0.18502618,0.00006104
0.18534618,0.00006104
0.18566618,0.00006104
0.18598618,0.00006104
0.18630618,0.00006104
0.18662618,0.00006104
0.18694618,0.00006104
0.18726618,0.00006104
0.18758618,0.00006104
0.18790618,0.00006104
0.18822618,0.00006104
0.18854618,0.00006104
0.18886618,0.00006104
0.18918618,0.00006104
0.18950618,0.00006104
0.18982618,0.00006104
0.19014618,0.00006104
0.19046618,0.00006104
0.19078618,0.00006104
0.19110618,0.00006104
0.19142618,0.00006104
0.19174618,0.00006104
0.19206618,0.00006104
0.19238618,0.00006104
0.19270618,0.00006104
0.19302618,0.00006104
0.19334618,0.00006104
0.19366618,0.00006104
0.19398618,0.00006104
0.19430618,0.00006104
0.19462618,0.00006104
0.19494618,0.00006104
0.19526618,0.00006104
0.19558618,0.00006104
0.19590618,0.00006104
0.19622618,0.00006104
0.19654618,0.00006104
0.19686618,0.00006104
0.19718618,0.00006104
0.19750618,0.00006104
0.19782618,0.00006104
0.19814618,0.00006104
0.19846618,0.00006104
0.19878618,0.00006104
0.19910618,0.00006104
0.19942618,0.00006104
0.19974618,0.00006104
0.20006618,0.00006104
0.20038618,0.00006104
0.20070618,0.00006104
0.20102618,-0.01770074
0.20134618,0.00006104
0.20166618,0.00006104
0.20198618,0.00006104
0.20230618,0.00006104
0.20262618,0.00006104
0.20294618,0.00006104
0.20326618,0.00006104
0.20358618,0.00006104
0.20390618,0.00006104
0.20422618,0.00006104
0.20454618,0.00006104
0.20486618,0.00006104
0.20518618,0.00006104
0.20550618,0.00006104
0.20582618,0.00006104
0.20614618,0.00006104
0.20646618,0.00006104
0.20678618,0.00006104
0.20710618,0.00006104
0.20742618,0.00006104
0.20774618,0.00006104
0.20806618,0.00006104
0.20838618,0.00006104
0.20870618,0.00006104
0.20902618,0.00006104
0.20934618,0.00006104
0.20966618,0.00006104
0.20998618,0.00006104
0.21030618,0.00006104
0.21062618,0.00006104
0.21094618,0.00006104
0.21126618,0.00006104
0.21158618,0.00006104
0.21190618,0.00006104
0.21222618,-0.01770074
0.21254618,0.00006104
0.21286618,0.00006104
0.21318618,0.00006104
0.21350618,0.00006104
0.21382618,0.00006104
0.21414618,0.00006104
0.21446618,0.00006104
0.21478618,0.00006104
0.21510618,0.00006104
0.21542618,0.00006104
0.21574618,0.00006104
0.21606618,0.00006104
0.21638618,0.00006104
0.21670618,0.00006104
0.21702618,0.00006104
0.21734618,0.00006104
0.21766618,0.00006104
0.21798618,0.00006104
0.21830618,0.00006104
0.21862618,0.00006104
0.21894618,0.00006104
0.21926618,-0.01770074
0.21958618,0.00006104
0.21990618,0.00006104
0.22022618,0.00006104
0.22054618,0.00006104
0.22086618,0.00006104
0.22118618,0.00006104
0.22150618,0.00006104
0.22182618,0.00006104
0.22214618,0.00006104
0.22246618,0.00006104
0.22278618,0.00006104
0.22310618,0.01788385
0.22342618,0.00006104
0.22374618,0.00006104
0.22406618,0.00006104
0.22438618,0.00006104
0.22470618,0.00006104
0.22502618,0.00006104
0.22534618,0.00006104
0.22566618,0.00006104
0.22598618,0.00006104
0.22630618,0.00006104
0.22662618,0.00006104
0.22694618,0.00006104
0.22726618,0.00006104
0.22758618,0.00006104
0.22790618,-0.01770074
0.22822618,0.00006104
0.22854618,0.00006104
0.22886618,0.00006104
0.22918618,0.00006104
0.22950618,0.00006104
0.22982618,0.00006104
0.23014618,0.00006104
0.23046618,0.00006104
0.23078618,0.00006104
0.23110618,0.00006104
0.23142618,0.00006104
0.23174618,0.00006104
0.23206618,0.00006104
0.23238618,0.00006104
0.23270618,0.00006104
0.23302618,0.00006104
0.23334618,0.00006104
0.23366618,0.00006104
0.23398618,0.00006104
0.23430618,0.00006104
0.23462618,0.00006104
0.23494618,0.00006104
0.23526618,0.00006104
0.23558618,0.00006104
0.23590618,0.00006104
0.23622618,0.00006104
0.23654618,0.00006104
0.23686618,-0.01770074
0.23718618,0.00006104
0.23750618,0.00006104
0.23782618,0.00006104
0.23814618,-0.01770074
0.23846618,0.00006104
0.23878618,0.00006104
0.23910618,0.00006104
0.23942618,-0.01770074
0.23974618,0.00006104
0.24006618,0.00006104
0.24038618,0.00006104
0.24070618,0.00006104
0.24102618,0.00006104
0.24134618,0.00006104
0.24166618,0.00006104
0.24198618,0.00006104
0.24230618,0.00006104
0.24262618,0.00006104
0.24294618,0.00006104
0.24326618,0.00006104
0.24358618,0.00006104
0.24390618,0.00006104
0.24422618,0.00006104
0.24454618,0.00006104
0.24486618,0.00006104
0.24518618,0.00006104
0.24550618,0.00006104
0.24582618,0.00006104
0.24614618,0.00006104
0.24646618,0.00006104
0.24678618,0.00006104
0.24710618,-0.01770074
0.24742618,0.00006104
0.24774618,0.00006104
0.24806618,0.00006104
0.24838618,0.00006104
0.24870618,0.00006104
0.24902618,0.00006104
0.24934618,0.00006104
0.24966618,0.00006104
0.24998618,0.00006104
0.25030618,0.00006104
0.25062618,-0.01770074
0.25094618,0.00006104
0.25126618,0.00006104
0.25158618,0.00006104
0.25190618,0.00006104
0.25222618,0.00006104
0.25254618,0.00006104
0.25286618,0.00006104
0.25318618,0.00006104
0.25350618,0.00006104
0.25382618,-0.01770074
0.25414618,0.00006104
0.25446618,0.00006104
0.25478618,0.00006104
0.25510618,0.00006104
0.25542618,0.00006104
0.25574618,-0.01770074
0.25606618,0.00006104
0.25638618,0.00006104
0.25670618,0.00006104
0.25702618,0.00006104
0.25734618,0.00006104
0.25766618,0.00006104
0.25798618,0.00006104
0.25830618,0.00006104
0.25862618,0.00006104
0.25894618,0.00006104
0.25926618,0.00006104
0.25958618,0.00006104
0.25990618,0.00006104
0.26022618,0.00006104
0.26054618,0.00006104
0.26086618,0.00006104
0.26118618,0.00006104
0.26150618,0.00006104
0.26182618,0.00006104
0.26214618,0.00006104
0.26246618,0.00006104
0.26278618,0.00006104
0.26310618,-0.01770074
0.26342618,-0.01770074
0.26374618,0.00006104
0.26406618,0.00006104
0.26438618,0.00006104
0.26470618,-0.01770074
0.26502618,0.00006104
0.26534618,0.00006104
0.26566618,0.00006104
0.26598618,0.00006104
0.26630618,0.00006104
0.26662618,0.00006104
0.26694618,0.00006104
0.26726618,0.00006104
0.26758618,0.00006104
0.26790618,0.00006104
0.26822618,0.00006104
0.26854618,0.00006104
0.26886618,0.00006104
0.26918618,-0.01770074
0.26950618,0.00006104
0.26982618,-0.01770074
0.27014618,0.00006104
0.27046618,0.00006104
0.27078618,-0.01770074
0.27110618,0.00006104
0.27142618,-0.01770074
0.27174618,0.00006104
0.27206618,-0.01770074
0.27238618,0.00006104
0.27270618,0.00006104
0.27302618,0.00006104
0.27334618,0.00006104
0.27366618,0.00006104
0.27398618,0.00006104
0.27430618,0.00006104
0.27462618,0.00006104
0.27494618,0.00006104
0.27526618,0.00006104
0.27558618,0.00006104
0.27590618,0.00006104
0.27622618,0.00006104
0.27654618,0.00006104
0.27686618,0.00006104
0.27718618,0.00006104
0.27750618,0.00006104
0.27782618,0.00006104
0.27814618,0.00006104
0.27846618,0.00006104
0.27878618,0.00006104
0.27910618,0.00006104
0.27942618,0.00006104
0.27974618,0.00006104
0.28006618,0.00006104
0.28038618,0.00006104
0.28070618,0.00006104
0.28102618,-0.01770074
0.28134618,0.00006104
0.28166618,0.00006104
0.28198618,0.00006104
0.28230618,0.00006104
0.28262618,0.00006104
0.28294618,0.00006104
0.28326618,0.00006104
0.28358618,0.00006104
0.28390618,0.00006104
0.28422618,0.00006104
0.28454618,0.00006104
0.28486618,0.00006104
0.28518618,0.00006104
0.28550618,0.00006104
0.28582618,0.00006104
0.28614618,0.00006104
0.28646618,0.00006104
0.28678618,0.00006104
0.28710618,-0.01770074
0.28742618,0.00006104
0.28774618,0.00006104
0.28806618,0.00006104
0.28838618,0.00006104
0.28870618,0.00006104
0.28902618,0.00006104
0.28934618,0.00006104
0.28966618,0.00006104
0.28998618,0.00006104
0.29030618,0.00006104
0.29062618,0.00006104
0.29094618,0.00006104
0.29126618,0.00006104
0.29158618,0.00006104
0.29190618,0.00006104
0.29222618,0.00006104
0.29254618,0.00006104
0.29286618,0.00006104
0.29318618,0.00006104
0.29350618,0.00006104
0.29382618,0.00006104
0.29414618,0.00006104
0.29446618,0.00006104
0.29478618,0.00006104
0.29510618,0.00006104
0.29542618,0.00006104
0.29574618,0.00006104
0.29606618,0.00006104
0.29638618,0.00006104
0.29670618,0.00006104
0.29702618,0.00006104
0.29734618,0.00006104
0.29766618,0.00006104
0.29798618,0.00006104
0.29830618,0.00006104
0.29862618,0.00006104
0.29894618,0.00006104
0.29926618,0.00006104
0.29958618,0.00006104
0.29990618,0.00006104
0.30022618,0.00006104
0.30054618,0.00006104
0.30086618,0.00006104
0.30118618,0.00006104
0.30150618,0.00006104
0.30182618,0.00006104
0.30214618,0.00006104
0.30246618,0.00006104
0.30278618,0.00006104
0.30310618,0.00006104
0.30342618,0.00006104
0.30374618,0.00006104
0.30406618,0.00006104
0.30438618,0.00006104
0.30470618,0.00006104
0.30502618,0.00006104
0.30534618,0.00006104
0.30566618,0.00006104
0.30598618,0.00006104
0.30630618,0.00006104
0.30662618,0.00006104
0.30694618,0.00006104
0.30726618,0.00006104
0.30758618,0.00006104
0.30790618,0.00006104
0.30822618,0.00006104
0.30854618,0.00006104
0.30886618,0.00006104
0.30918618,0.00006104
0.30950618,0.00006104
0.30982618,0.00006104
0.31014618,0.00006104
0.31046618,0.00006104
0.31078618,0.00006104
0.31110618,0.00006104
0.31142618,-0.01770074
0.31174618,0.00006104
0.31206618,0.00006104
0.31238618,0.00006104
0.31270618,-0.01770074
0.31302618,0.00006104
0.31334618,0.00006104
0.31366618,-0.01770074
0.31398618,0.00006104
0.31430618,0.00006104
0.31462618,0.00006104
0.31494618,0.00006104
0.31526618,0.00006104
0.31558618,0.00006104
0.31590618,0.00006104
0.31622618,0.00006104
0.31654618,0.00006104
0.31686618,0.00006104
0.31718618,0.00006104
0.31750618,0.00006104
0.31782618,0.00006104
0.31814618,0.00006104
0.31846618,0.00006104
0.31878618,0.00006104
0.31910618,0.00006104
0.31942618,0.00006104
0.31974618,0.00006104
0.32006618,0.00006104
0.32038618,0.00006104
0.32070618,0.00006104
0.32102618,0.00006104
0.32134618,0.00006104
0.32166618,0.00006104
0.32198618,0.00006104
0.32230618,0.00006104
0.32262618,0.00006104
0.32294618,0.00006104
0.32326618,0.00006104
0.32358618,0.00006104
0.32390618,0.00006104
0.32422618,0.00006104
0.32454618,0.00006104
0.32486618,0.00006104
0.32518618,0.00006104
0.32550618,-0.01770074
0.32582618,-0.01770074
0.32614618,0.00006104
0.32646618,0.00006104
0.32678618,0.00006104
0.32710618,0.00006104
0.32742618,0.00006104
0.32774618,-0.01770074
0.32806618,0.00006104
0.32838617,0.00006104
0.32870617,0.00006104
0.32902617,-0.01770074
0.32934617,0.00006104
0.32966617,0.00006104
0.32998617,0.00006104
0.33030617,0.00006104
0.33062617,0.00006104
0.33094617,0.00006104
0.33126617,0.00006104
0.33158617,0.00006104
0.33190617,0.00006104
0.33222617,0.00006104
0.33254617,0.00006104
0.33286617,0.00006104
0.33318617,0.00006104
0.33350617,0.00006104
0.33382617,0.00006104
0.33414617,0.00006104
0.33446617,-0.01770074
0.33478617,0.00006104
0.33510617,0.00006104
0.33542617,0.00006104
0.33574617,0.00006104
0.33606617,0.00006104
0.33638617,0.00006104
0.33670617,0.00006104
0.33702617,0.00006104
0.33734617,0.00006104
0.33766617,0.00006104
0.33798617,0.00006104
0.33830617,0.00006104
0.33862617,0.00006104
0.33894617,0.00006104
0.33926617,0.00006104
0.33958617,0.00006104
0.33990617,0.00006104
0.34022617,0.00006104
0.34054617,0.00006104
0.34086617,0.00006104
0.34118617,0.00006104
0.34150617,0.00006104
0.34182617,0.00006104
0.34214617,0.00006104
0.34246617,0.00006104
0.34278617,0.00006104
0.34310617,-0.01770074
0.34342617,0.00006104
0.34374617,0.00006104
0.34406617,0.00006104
0.34438617,0.00006104
0.34470617,0.00006104
0.34502617,0.00006104
0.34534617,0.00006104
0.34566617,0.00006104
0.34598617,0.00006104
0.34630617,0.00006104
0.34662617,0.00006104
0.34694617,0.00006104
0.34726617,0.00006104
0.34758617,0.00006104
0.34790617,0.00006104
0.34822617,0.00006104
0.34854617,0.00006104
0.34886617,0.00006104
0.34918617,0.00006104
0.34950617,0.00006104
0.34982617,0.00006104
0.35014617,0.00006104
0.35046617,0.00006104
0.35078617,0.00006104
0.35110617,0.00006104
0.35142617,0.00006104
0.35174617,-0.01770074
0.35206617,0.00006104
0.35238617,0.00006104
0.35270617,0.00006104
0.35302617,0.00006104
0.35334617,0.00006104
0.35366617,0.00006104
0.35398617,0.00006104
0.35430617,0.00006104
0.35462617,0.00006104
0.35494617,0.00006104
0.35526617,0.00006104
0.35558617,0.00006104
0.35590617,0.00006104
0.35622617,0.00006104
0.35654617,0.00006104
0.35686617,0.00006104
0.35718617,0.00006104
0.35750617,0.00006104
0.35782617,0.00006104
0.35814617,0.00006104
0.35846617,0.00006104
0.35878617,0.00006104
0.35910617,0.00006104
0.35942617,0.00006104
0.35974617,0.00006104
0.36006617,0.00006104
0.36038617,0.00006104
0.36070617,0.00006104
0.36102617,0.00006104
0.36134617,0.00006104
0.36166617,0.00006104
0.36198617,0.00006104
0.36230617,0.00006104
0.36262617,0.00006104
0.36294617,0.00006104
0.36326617,0.00006104
0.36358617,0.00006104
0.36390617,0.00006104
0.36422617,0.00006104
0.36454617,0.00006104
0.36486617,0.00006104
0.36518617,0.00006104
0.36550617,0.00006104
0.36582617,0.00006104
0.36614617,0.00006104
0.36646617,0.00006104
0.36678617,0.00006104
0.36710617,0.00006104
0.36742617,0.00006104
0.36774617,0.00006104
0.36806617,0.00006104
0.36838617,0.00006104
0.36870617,-0.01770074
0.36902617,0.00006104
0.36934617,0.00006104
0.36966617,0.00006104
0.36998617,0.00006104
0.37030617,0.00006104
0.37062617,0.00006104
0.37094617,-0.01770074
0.37126617,0.00006104
0.37158617,0.00006104
0.37190617,0.00006104
0.37222617,0.00006104
0.37254617,0.00006104
0.37286617,0.00006104
0.37318617,0.00006104
0.37350617,0.00006104
0.37382617,0.00006104
0.37414617,0.00006104
0.37446617,0.00006104
0.37478617,0.00006104
0.37510617,0.00006104
0.37542617,0.00006104
0.37574617,0.00006104
0.37606617,0.00006104
0.37638617,0.00006104
0.37670617,0.00006104
0.37702617,0.00006104
0.37734617,0.00006104
0.37766617,0.00006104
0.37798617,0.00006104
0.37830617,0.00006104
0.37862617,0.00006104
0.37894617,0.00006104
0.37926617,0.00006104
0.37958617,0.00006104
0.37990617,0.00006104
0.38022617,0.00006104
0.38054617,0.00006104
0.38086617,0.00006104
0.38118617,0.00006104
0.38150617,0.00006104
0.38182617,0.00006104
0.38214617,0.00006104
0.38246617,0.00006104
0.38278617,0.00006104
0.38310617,0.00006104
0.38342617,0.00006104
0.38374617,0.00006104
0.38406617,0.00006104
0.38438617,0.00006104
0.38470617,0.00006104
0.38502617,0.00006104
0.38534617,0.00006104
0.38566617,0.00006104
0.38598617,0.00006104
0.38630617,0.00006104
0.38662617,0.00006104
0.38694617,0.00006104
0.38726617,0.00006104
0.38758617,0.00006104
0.38790617,0.00006104
0.38822617,0.00006104
0.38854617,0.00006104
0.38886617,0.00006104
0.38918617,0.00006104
0.38950617,0.00006104
0.38982617,0.00006104
0.39014617,-0.01770074
0.39046617,0.00006104
0.39078617,0.00006104
0.39110617,0.00006104
0.39142617,0.00006104
0.39174617,0.00006104
0.39206617,0.00006104
0.39238617,0.00006104
0.39270617,0.00006104
0.39302617,0.00006104
0.39334617,0.00006104
0.39366617,0.00006104
0.39398617,0.00006104
0.39430617,0.00006104
0.39462617,0.00006104
0.39494617,0.00006104
0.39526617,0.00006104
0.39558617,0.00006104
0.39590617,0.00006104
0.39622617,0.00006104
0.39654617,0.00006104
0.39686617,0.00006104
0.39718617,0.00006104
0.39750617,0.00006104
0.39782617,0.00006104
0.39814617,0.00006104
0.39846617,0.00006104
0.39878617,0.00006104
0.39910617,0.00006104
0.39942617,0.00006104
0.39974617,0.00006104
0.40006617,0.00006104
0.40038617,0.00006104
0.40070617,0.00006104
0.40102617,0.00006104
0.40134617,0.00006104
0.40166617,0.00006104
0.40198617,0.00006104
0.40230617,0.00006104
0.40262617,0.00006104
0.40294617,0.00006104
0.40326617,0.00006104
0.40358617,0.00006104
0.40390617,0.00006104
0.40422617,0.00006104
0.40454617,0.00006104
0.40486617,0.00006104
0.40518617,0.00006104
0.40550617,0.00006104
0.40582617,0.00006104
0.40614617,0.00006104
0.40646617,0.00006104
0.40678617,0.00006104
0.40710617,0.00006104
0.40742617,0.00006104
0.40774617,0.00006104
0.40806617,0.00006104
0.40838617,0.01788385
0.40870617,0.00006104
0.40902617,0.00006104
0.40934617,0.00006104
0.40966617,0.00006104
0.40998617,0.00006104
0.41030617,0.00006104
0.41062617,0.00006104
0.41094617,0.00006104
0.41126617,0.00006104
0.41158617,0.00006104
0.41190617,0.00006104
0.41222617,0.00006104
0.41254617,0.00006104
0.41286617,-0.01770074
0.41318617,0.00006104
0.41350617,0.00006104
0.41382617,0.00006104
0.41414617,0.00006104
0.41446617,0.00006104
0.41478617,0.00006104
0.41510617,0.00006104
0.41542617,0.00006104
0.41574617,0.00006104
0.41606617,0.00006104
0.41638617,0.00006104
0.41670617,0.00006104
0.41702617,0.00006104
0.41734617,0.00006104
0.41766617,0.00006104
0.41798617,0.00006104
0.41830617,0.00006104
0.41862617,0.00006104
0.41894617,0.00006104
0.41926617,0.00006104
0.41958617,0.00006104
0.41990617,0.00006104
0.42022617,0.00006104
0.42054617,0.00006104
0.42086617,0.00006104
0.42118617,0.00006104
0.42150617,0.00006104
0.42182617,0.00006104
0.42214617,0.00006104
0.42246617,0.00006104
0.42278617,0.00006104
0.42310617,0.00006104
0.42342617,0.00006104
0.42374617,0.00006104
0.42406617,0.00006104
0.42438617,0.00006104
0.42470617,0.00006104
0.42502617,0.00006104
0.42534617,0.00006104
0.42566617,0.00006104
0.42598617,0.00006104
0.42630617,0.00006104
0.42662617,0.00006104
0.42694617,0.00006104
0.42726617,0.00006104
0.42758617,0.00006104
0.42790617,0.00006104
0.42822617,0.00006104
0.42854617,0.00006104
0.42886617,0.00006104
0.42918617,0.00006104
0.42950617,0.00006104
0.42982617,0.00006104
0.43014617,0.00006104
0.43046617,0.00006104
0.43078617,0.00006104
0.43110617,0.00006104
0.43142617,0.00006104
0.43174617,0.00006104
0.43206617,0.00006104
0.43238617,0.00006104
0.43270617,0.00006104
0.43302617,0.00006104
0.43334617,0.00006104
0.43366617,0.00006104
0.43398617,-0.01770074
0.43430617,0.00006104
0.43462617,0.00006104
0.43494617,0.00006104
0.43526617,0.00006104
0.43558617,0.00006104
0.43590617,0.00006104
0.43622617,0.00006104
0.43654617,0.00006104
0.43686617,0.00006104
0.43718617,0.00006104
0.43750617,0.00006104
0.43782617,0.00006104
0.43814617,0.00006104
0.43846617,0.00006104
0.43878617,0.00006104
0.43910617,0.00006104
0.43942617,0.00006104
0.43974617,0.00006104
0.44006617,0.00006104
0.44038617,0.00006104
0.44070617,0.00006104
0.44102617,0.00006104
0.44134617,0.00006104
0.44166617,0.00006104
0.44198617,0.00006104
0.44230617,0.00006104
0.44262617,0.00006104
0.44294617,0.00006104
0.44326617,0.00006104
0.44358617,0.00006104
0.44390617,0.00006104
0.44422617,0.00006104
0.44454617,0.00006104
0.44486617,0.00006104
0.44518617,0.00006104
0.44550617,0.00006104
0.44582617,0.00006104
0.44614617,0.00006104
0.44646617,0.00006104
0.44678617,0.00006104
0.44710617,0.00006104
0.44742617,0.00006104
0.44774617,0.00006104
0.44806617,0.00006104
0.44838617,0.00006104
0.44870617,0.00006104
0.44902617,0.00006104
0.44934617,0.00006104
0.44966617,0.00006104
0.44998617,0.00006104
0.45030617,0.00006104
0.45062617,0.00006104
0.45094617,0.00006104
0.45126617,0.00006104
0.45158617,0.00006104
0.45190617,0.00006104
0.45222617,0.00006104
0.45254617,0.00006104
0.45286617,0.00006104
0.45318617,0.00006104
0.45350617,0.00006104
0.45382617,0.00006104
0.45414617,0.00006104
0.45446617,0.00006104
0.45478617,0.00006104
0.45510617,0.00006104
0.45542617,0.00006104
0.45574617,0.00006104
0.45606617,0.00006104
0.45638617,0.00006104
0.45670617,0.00006104
0.45702617,0.00006104
0.45734617,0.00006104
0.45766617,0.00006104
0.45798617,0.00006104
0.45830617,0.00006104
0.45862617,0.00006104
0.45894617,0.00006104
0.45926617,0.00006104
0.45958617,0.00006104
0.45990617,0.00006104
0.46022617,0.00006104
0.46054617,0.00006104
0.46086617,0.00006104
0.46118617,0.00006104
0.46150617,0.00006104
0.46182617,0.00006104
0.46214617,0.00006104
0.46246617,0.00006104
0.46278617,0.00006104
0.46310617,0.00006104
0.46342617,0.00006104
0.46374617,0.00006104
0.46406617,0.00006104
0.46438617,0.00006104
0.46470617,0.00006104
0.46502617,0.00006104
0.46534617,0.00006104
0.46566617,0.00006104
0.46598617,0.00006104
0.46630617,0.00006104
0.46662617,0.00006104
0.46694617,0.00006104
0.46726617,0.00006104
0.46758617,0.00006104
0.46790617,0.00006104
0.46822617,0.00006104
0.46854617,0.00006104
0.46886617,0.00006104
0.46918617,0.00006104
0.46950617,0.00006104
0.46982617,0.00006104
0.47014617,0.00006104
0.47046617,0.00006104
0.47078617,0.00006104
0.47110617,0.00006104
0.47142617,0.00006104
0.47174617,-0.01770074
0.47206617,0.00006104
0.47238617,0.00006104
0.47270617,0.00006104
0.47302617,0.00006104
0.47334617,0.00006104
0.47366617,0.00006104
0.47398617,0.00006104
0.47430617,0.00006104
0.47462617,0.00006104
0.47494617,0.00006104
0.47526617,0.00006104
0.47558617,0.00006104
0.47590617,0.00006104
0.47622617,0.00006104
0.47654617,0.00006104
0.47686617,0.00006104
0.47718617,0.00006104
0.47750617,0.00006104
0.47782617,0.00006104
0.47814617,0.00006104
0.47846617,0.00006104
0.47878617,0.00006104
0.47910617,0.00006104
0.47942617,0.00006104
0.47974617,0.00006104
0.48006617,0.00006104
0.48038617,0.00006104
0.48070617,0.00006104
0.48102617,0.00006104
0.48134617,0.00006104
0.48166617,0.00006104
0.48198617,0.00006104
0.48230617,0.00006104
0.48262617,0.00006104
0.48294617,0.00006104
0.48326617,0.00006104
0.48358617,0.00006104
0.48390617,0.00006104
0.48422617,0.00006104
0.48454617,0.00006104
0.48486617,0.00006104
0.48518617,0.00006104
0.48550617,0.00006104
0.48582617,0.00006104
0.48614617,0.00006104
0.48646617,-0.01770074
0.48678617,0.00006104
0.48710617,-0.01770074
0.48742617,0.00006104
0.48774617,0.00006104
0.48806617,0.00006104
0.48838617,0.00006104
0.48870617,0.00006104
0.48902617,0.00006104
0.48934617,0.00006104
0.48966617,0.00006104
0.48998617,0.00006104
0.49030617,0.00006104
0.49062617,0.00006104
0.49094617,0.00006104
0.49126617,0.00006104
0.49158617,0.00006104
0.49190617,0.00006104
0.49222617,0.00006104
0.49254617,0.00006104
0.49286617,0.00006104
0.49318617,0.00006104
0.49350617,0.00006104
0.49382617,0.00006104
0.49414617,0.00006104
0.49446617,0.00006104
0.49478617,0.00006104
0.49510617,0.00006104
0.49542617,0.00006104
0.49574617,1.19266331
0.49606617,0.96127200
0.49638617,0.39161351
0.49670617,0.05346843
0.49702617,-0.07110813
0.49734617,-0.07110813
0.49766617,-0.05334635
0.49798617,-0.01770074
0.49830617,-0.01770074
0.49862617,-0.12451552
0.49894617,-1.03238010
0.49926617,-∞
0.49958617,-1.67320776
0.49990617,0.03570665
0.50022617,0.44502091
0.50054617,0.23145238
0.50086617,0.05346843
0.50118617,0.03570665
0.50150617,0.03570665
0.50182617,0.03570665
0.50214617,0.01788385
0.50246617,0.01788385
0.50278617,0.01788385
0.50310617,0.03570665
0.50342617,0.03570665
0.50374617,0.03570665
0.50406617,0.01788385
0.50438617,0.00006104
0.50470617,0.00006104
0.50502617,0.03570665
0.50534617,0.01788385
0.50566617,0.03570665
0.50598617,0.05346843
0.50630617,0.07129124
0.50662617,0.07129124
0.50694617,0.05346843
0.50726617,0.05346843
0.50758617,0.05346843
0.50790617,0.03570665
0.50822617,0.05346843
0.50854617,0.08911405
0.50886617,0.07129124
0.50918617,0.03570665
0.50950617,0.03570665
0.50982617,0.03570665
0.51014617,0.03570665
0.51046617,0.00006104
0.51078617,-0.03552354
0.51110617,-0.03552354
0.51142617,-0.03552354
0.51174617,0.01788385
0.51206617,0.00006104
0.51238617,0.00006104
0.51270617,0.05346843
0.51302617,0.00006104
0.51334617,-0.03552354
0.51366617,0.01788385
0.51398617,-0.03552354
0.51430617,0.01788385
0.51462617,0.05346843
0.51494617,0.00006104
0.51526617,0.03570665
0.51558617,0.03570665
0.51590617,0.03570665
0.51622617,0.01788385
0.51654617,0.01788385
0.51686617,0.01788385
0.51718617,0.01788385
0.51750617,0.01788385
0.51782617,0.03570665
0.51814617,0.01788385
0.51846617,0.00006104
0.51878617,0.01788385
0.51910617,0.01788385
0.51942617,0.01788385
0.51974617,0.01788385
0.52006617,-0.01770074
