Time,Channel A
(ms),(V)

-1.48085970,0.01788385
-1.48053970,0.01788385
-1.48021970,0.01788385
-1.47989970,0.00006104
-1.47957970,0.01788385
-1.47925970,0.03570665
-1.47893970,0.00006104
-1.47861970,-0.01770074
-1.47829970,0.01788385
-1.47797970,0.01788385
-1.47765970,0.00006104
-1.47733970,0.01788385
-1.47701970,-0.01770074
-1.47669970,-0.01770074
-1.47637970,0.01788385
-1.47605970,0.00006104
-1.47573970,0.00006104
-1.47541970,0.01788385
-1.47509970,0.01788385
-1.47477970,0.00006104
-1.47445970,0.01788385
-1.47413970,0.00006104
-1.47381970,0.00006104
-1.47349970,0.01788385
-1.47317970,0.01788385
-1.47285970,0.00006104
-1.47253970,0.03570665
-1.47221970,0.01788385
-1.47189970,0.00006104
-1.47157970,0.01788385
-1.47125970,0.00006104
-1.47093970,0.00006104
-1.47061970,0.00006104
-1.47029970,-0.01770074
-1.46997970,0.00006104
-1.46965970,0.00006104
-1.46933970,0.00006104
-1.46901970,0.00006104
-1.46869970,0.00006104
-1.46837970,0.00006104
-1.46805970,0.01788385
-1.46773970,0.01788385
-1.46741970,0.00006104
-1.46709970,0.00006104
-1.46677970,0.01788385
-1.46645970,0.00006104
-1.46613970,0.01788385
-1.46581970,0.00006104
-1.46549970,0.00006104
-1.46517970,0.00006104
-1.46485970,0.00006104
-1.46453970,0.00006104
-1.46421970,0.00006104
-1.46389970,0.00006104
-1.46357970,0.00006104
-1.46325970,0.00006104
-1.46293970,0.00006104
-1.46261970,0.00006104
-1.46229970,0.01788385
-1.46197970,0.00006104
-1.46165970,0.00006104
-1.46133970,0.01788385
-1.46101970,0.00006104
-1.46069970,0.00006104
-1.46037970,0.00006104
-1.46005970,0.00006104
-1.45973970,0.00006104
-1.45941970,0.00006104
-1.45909970,0.00006104
-1.45877970,0.00006104
-1.45845970,0.00006104
-1.45813970,0.00006104
-1.45781970,-0.01770074
-1.45749970,0.00006104
-1.45717970,0.00006104
-1.45685970,0.00006104
-1.45653970,0.01788385
-1.45621970,0.00006104
-1.45589970,0.01788385
-1.45557970,0.01788385
-1.45525970,0.00006104
-1.45493970,0.00006104
-1.45461970,0.00006104
-1.45429970,0.00006104
-1.45397970,0.01788385
-1.45365970,0.00006104
-1.45333970,0.00006104
-1.45301970,0.00006104
-1.45269970,-0.01770074
-1.45237970,-0.01770074
-1.45205970,0.00006104
-1.45173970,0.00006104
-1.45141970,-0.01770074
-1.45109970,0.00006104
-1.45077970,0.00006104
-1.45045970,0.00006104
-1.45013970,0.00006104
-1.44981970,0.00006104
-1.44949970,0.00006104
-1.44917970,0.00006104
-1.44885970,0.00006104
-1.44853970,0.00006104
-1.44821970,0.00006104
-1.44789970,0.01788385
-1.44757970,0.01788385
-1.44725970,0.00006104
-1.44693970,0.00006104
-1.44661970,0.00006104
-1.44629970,0.00006104
-1.44597970,0.00006104
-1.44565970,0.00006104
-1.44533970,0.00006104
-1.44501970,0.00006104
-1.44469970,0.00006104
-1.44437970,0.00006104
-1.44405970,0.00006104
-1.44373970,0.00006104
-1.44341970,0.00006104
-1.44309970,0.00006104
-1.44277970,0.00006104
-1.44245970,0.00006104
-1.44213970,0.00006104
-1.44181970,0.00006104
-1.44149970,0.00006104
-1.44117970,0.00006104
-1.44085970,0.00006104
-1.44053970,0.00006104
-1.44021970,0.00006104
-1.43989970,0.00006104
-1.43957970,0.00006104
-1.43925970,0.00006104
-1.43893970,0.00006104
-1.43861970,0.00006104
-1.43829970,0.00006104
-1.43797970,0.00006104
-1.43765970,0.00006104
-1.43733970,0.00006104
-1.43701970,0.00006104
-1.43669970,0.00006104
-1.43637970,0.00006104
-1.43605970,0.00006104
-1.43573970,0.00006104
-1.43541970,0.00006104
-1.43509970,0.00006104
-1.43477970,0.00006104
-1.43445970,0.00006104
-1.43413970,0.00006104
-1.43381970,0.00006104
-1.43349970,-0.01770074
-1.43317970,0.00006104
-1.43285970,0.00006104
-1.43253970,0.00006104
-1.43221970,0.00006104
-1.43189970,0.00006104
-1.43157970,0.00006104
-1.43125970,0.00006104
-1.43093970,0.00006104
-1.43061970,0.00006104
-1.43029970,0.00006104
-1.42997970,0.00006104
-1.42965970,0.00006104
-1.42933970,0.00006104
-1.42901970,0.00006104
-1.42869970,-0.01770074
-1.42837970,0.00006104
-1.42805970,0.00006104
-1.42773970,0.00006104
-1.42741970,0.00006104
-1.42709970,0.00006104
-1.42677970,0.00006104
-1.42645970,0.00006104
-1.42613970,0.00006104
-1.42581970,0.00006104
-1.42549970,0.00006104
-1.42517970,0.00006104
-1.42485970,0.00006104
-1.42453970,0.00006104
-1.42421970,0.00006104
-1.42389970,0.00006104
-1.42357970,0.00006104
-1.42325970,0.00006104
-1.42293970,0.00006104
-1.42261970,0.00006104
-1.42229970,0.00006104
-1.42197970,0.00006104
-1.42165970,0.00006104
-1.42133970,0.00006104
-1.42101970,0.00006104
-1.42069970,0.00006104
-1.42037970,0.00006104
-1.42005970,0.00006104
-1.41973970,0.00006104
-1.41941970,0.00006104
-1.41909970,0.00006104
-1.41877970,0.00006104
-1.41845970,0.00006104
-1.41813970,0.00006104
-1.41781970,0.00006104
-1.41749970,0.00006104
-1.41717970,0.00006104
-1.41685970,0.00006104
-1.41653970,0.00006104
-1.41621970,0.00006104
-1.41589970,0.00006104
-1.41557970,-0.01770074
-1.41525970,0.00006104
-1.41493970,0.00006104
-1.41461970,0.00006104
-1.41429970,-0.01770074
-1.41397970,0.00006104
-1.41365970,0.00006104
-1.41333970,0.00006104
-1.41301970,0.00006104
-1.41269970,0.00006104
-1.41237970,0.00006104
-1.41205970,0.00006104
-1.41173970,0.00006104
-1.41141970,0.00006104
-1.41109970,-0.01770074
-1.41077970,-0.01770074
-1.41045970,0.00006104
-1.41013970,0.00006104
-1.40981970,0.00006104
-1.40949970,0.00006104
-1.40917970,0.00006104
-1.40885970,0.00006104
-1.40853970,0.00006104
-1.40821970,0.00006104
-1.40789970,0.00006104
-1.40757970,0.00006104
-1.40725970,0.00006104
-1.40693970,0.00006104
-1.40661970,0.00006104
-1.40629970,0.00006104
-1.40597970,0.00006104
-1.40565970,0.00006104
-1.40533970,0.00006104
-1.40501970,-0.01770074
-1.40469970,0.00006104
-1.40437970,0.00006104
-1.40405970,0.00006104
-1.40373970,0.00006104
-1.40341970,0.00006104
-1.40309970,0.00006104
-1.40277970,0.00006104
-1.40245970,0.00006104
-1.40213970,0.00006104
-1.40181970,0.00006104
-1.40149970,-0.01770074
-1.40117970,0.00006104
-1.40085970,0.00006104
-1.40053970,0.00006104
-1.40021970,0.00006104
-1.39989970,0.00006104
-1.39957970,0.00006104
-1.39925970,-0.01770074
-1.39893970,0.00006104
-1.39861970,0.00006104
-1.39829970,0.00006104
-1.39797970,0.00006104
-1.39765970,0.00006104
-1.39733970,0.00006104
-1.39701970,0.00006104
-1.39669970,0.00006104
-1.39637970,0.00006104
-1.39605970,0.00006104
-1.39573970,-0.01770074
-1.39541970,0.00006104
-1.39509970,0.00006104
-1.39477970,0.00006104
-1.39445970,0.00006104
-1.39413970,0.00006104
-1.39381970,0.00006104
-1.39349970,0.00006104
-1.39317970,0.00006104
-1.39285970,0.00006104
-1.39253970,0.00006104
-1.39221970,0.00006104
-1.39189970,0.00006104
-1.39157970,-0.01770074
-1.39125970,0.00006104
-1.39093970,0.00006104
-1.39061970,0.00006104
-1.39029970,-0.01770074
-1.38997970,0.00006104
-1.38965970,0.00006104
-1.38933970,0.00006104
-1.38901970,0.00006104
-1.38869970,0.00006104
-1.38837970,0.00006104
-1.38805970,0.00006104
-1.38773970,0.00006104
-1.38741970,0.00006104
-1.38709970,0.00006104
-1.38677970,0.00006104
-1.38645970,-0.01770074
-1.38613970,0.00006104
-1.38581970,0.00006104
-1.38549970,0.00006104
-1.38517970,0.00006104
-1.38485970,0.00006104
-1.38453970,-0.01770074
-1.38421970,0.00006104
-1.38389970,0.00006104
-1.38357970,0.00006104
-1.38325970,0.00006104
-1.38293970,0.00006104
-1.38261970,0.00006104
-1.38229970,0.00006104
-1.38197970,0.00006104
-1.38165970,0.00006104
-1.38133970,0.00006104
-1.38101970,0.00006104
-1.38069970,0.00006104
-1.38037970,0.00006104
-1.38005970,0.00006104
-1.37973970,0.00006104
-1.37941970,0.00006104
-1.37909970,0.00006104
-1.37877970,0.00006104
-1.37845970,0.00006104
-1.37813970,0.00006104
-1.37781970,0.00006104
-1.37749970,-0.01770074
-1.37717970,0.00006104
-1.37685970,0.00006104
-1.37653970,0.00006104
-1.37621970,0.00006104
-1.37589970,0.00006104
-1.37557970,0.00006104
-1.37525970,0.00006104
-1.37493970,0.00006104
-1.37461970,0.00006104
-1.37429970,0.00006104
-1.37397970,0.00006104
-1.37365970,0.00006104
-1.37333970,0.00006104
-1.37301970,0.00006104
-1.37269970,0.00006104
-1.37237970,0.00006104
-1.37205970,0.00006104
-1.37173970,0.00006104
-1.37141970,0.00006104
-1.37109970,0.00006104
-1.37077970,0.00006104
-1.37045970,0.00006104
-1.37013970,0.00006104
-1.36981970,0.00006104
-1.36949970,0.00006104
-1.36917970,0.00006104
-1.36885970,0.00006104
-1.36853970,0.00006104
-1.36821971,0.00006104
-1.36789971,0.00006104
-1.36757971,0.00006104
-1.36725971,0.00006104
-1.36693971,0.00006104
-1.36661971,0.00006104
-1.36629971,-0.01770074
-1.36597971,-0.01770074
-1.36565971,0.00006104
-1.36533971,0.00006104
-1.36501971,0.00006104
-1.36469971,0.00006104
-1.36437971,0.00006104
-1.36405971,0.00006104
-1.36373971,0.00006104
-1.36341971,0.00006104
-1.36309971,0.00006104
-1.36277971,0.00006104
-1.36245971,0.00006104
-1.36213971,0.00006104
-1.36181971,0.00006104
-1.36149971,0.00006104
-1.36117971,0.00006104
-1.36085971,0.00006104
-1.36053971,0.00006104
-1.36021971,0.00006104
-1.35989971,0.00006104
-1.35957971,0.00006104
-1.35925971,0.00006104
-1.35893971,0.00006104
-1.35861971,0.00006104
-1.35829971,0.00006104
-1.35797971,0.00006104
-1.35765971,-0.01770074
-1.35733971,0.00006104
-1.35701971,0.00006104
-1.35669971,0.00006104
-1.35637971,0.00006104
-1.35605971,0.00006104
-1.35573971,0.00006104
-1.35541971,0.00006104
-1.35509971,0.00006104
-1.35477971,0.00006104
-1.35445971,0.00006104
-1.35413971,0.00006104
-1.35381971,0.00006104
-1.35349971,0.00006104
-1.35317971,0.00006104
-1.35285971,0.00006104
-1.35253971,0.00006104
-1.35221971,0.00006104
-1.35189971,0.00006104
-1.35157971,0.00006104
-1.35125971,0.00006104
-1.35093971,0.00006104
-1.35061971,0.00006104
-1.35029971,0.00006104
-1.34997971,0.00006104
-1.34965971,0.00006104
-1.34933971,0.00006104
-1.34901971,0.00006104
-1.34869971,0.00006104
-1.34837971,0.00006104
-1.34805971,0.00006104
-1.34773971,0.00006104
-1.34741971,0.00006104
-1.34709971,0.00006104
-1.34677971,0.00006104
-1.34645971,0.00006104
-1.34613971,0.00006104
-1.34581971,0.00006104
-1.34549971,0.00006104
-1.34517971,0.00006104
-1.34485971,0.00006104
-1.34453971,0.00006104
-1.34421971,0.00006104
-1.34389971,0.00006104
-1.34357971,0.00006104
-1.34325971,0.00006104
-1.34293971,0.00006104
-1.34261971,0.00006104
-1.34229971,-0.01770074
-1.34197971,0.00006104
-1.34165971,0.00006104
-1.34133971,0.00006104
-1.34101971,0.00006104
-1.34069971,0.00006104
-1.34037971,0.00006104
-1.34005971,0.00006104
-1.33973971,0.00006104
-1.33941971,0.00006104
-1.33909971,0.00006104
-1.33877971,0.00006104
-1.33845971,0.00006104
-1.33813971,0.00006104
-1.33781971,0.00006104
-1.33749971,0.00006104
-1.33717971,0.00006104
-1.33685971,0.00006104
-1.33653971,0.00006104
-1.33621971,0.00006104
-1.33589971,0.00006104
-1.33557971,0.00006104
-1.33525971,0.00006104
-1.33493971,0.00006104
-1.33461971,0.00006104
-1.33429971,0.00006104
-1.33397971,0.00006104
-1.33365971,0.00006104
-1.33333971,0.00006104
-1.33301971,0.00006104
-1.33269971,0.00006104
-1.33237971,0.00006104
-1.33205971,0.00006104
-1.33173971,0.00006104
-1.33141971,0.00006104
-1.33109971,0.00006104
-1.33077971,0.00006104
-1.33045971,0.00006104
-1.33013971,0.00006104
-1.32981971,0.00006104
-1.32949971,0.00006104
-1.32917971,-0.01770074
-1.32885971,0.00006104
-1.32853971,0.00006104
-1.32821971,0.00006104
-1.32789971,0.00006104
-1.32757971,0.00006104
-1.32725971,0.00006104
-1.32693971,0.00006104
-1.32661971,0.00006104
-1.32629971,0.00006104
-1.32597971,0.00006104
-1.32565971,0.00006104
-1.32533971,0.00006104
-1.32501971,0.00006104
-1.32469971,0.00006104
-1.32437971,0.00006104
-1.32405971,0.00006104
-1.32373971,0.00006104
-1.32341971,0.00006104
-1.32309971,-0.01770074
-1.32277971,0.00006104
-1.32245971,0.00006104
-1.32213971,0.00006104
-1.32181971,0.00006104
-1.32149971,-0.01770074
-1.32117971,0.00006104
-1.32085971,0.00006104
-1.32053971,0.00006104
-1.32021971,0.00006104
-1.31989971,0.00006104
-1.31957971,0.00006104
-1.31925971,0.00006104
-1.31893971,0.00006104
-1.31861971,0.00006104
-1.31829971,0.00006104
-1.31797971,0.00006104
-1.31765971,0.00006104
-1.31733971,0.00006104
-1.31701971,0.00006104
-1.31669971,0.00006104
-1.31637971,0.00006104
-1.31605971,0.00006104
-1.31573971,0.00006104
-1.31541971,0.00006104
-1.31509971,0.00006104
-1.31477971,0.00006104
-1.31445971,0.00006104
-1.31413971,0.00006104
-1.31381971,0.00006104
-1.31349971,0.00006104
-1.31317971,-0.01770074
-1.31285971,0.00006104
-1.31253971,0.00006104
-1.31221971,0.00006104
-1.31189971,0.00006104
-1.31157971,0.00006104
-1.31125971,0.00006104
-1.31093971,0.00006104
-1.31061971,0.00006104
-1.31029971,0.00006104
-1.30997971,0.00006104
-1.30965971,0.00006104
-1.30933971,0.00006104
-1.30901971,0.00006104
-1.30869971,0.00006104
-1.30837971,0.00006104
-1.30805971,0.00006104
-1.30773971,0.00006104
-1.30741971,0.00006104
-1.30709971,0.00006104
-1.30677971,0.00006104
-1.30645971,0.00006104
-1.30613971,0.00006104
-1.30581971,0.00006104
-1.30549971,0.00006104
-1.30517971,0.00006104
-1.30485971,0.00006104
-1.30453971,0.00006104
-1.30421971,-0.01770074
-1.30389971,0.00006104
-1.30357971,0.00006104
-1.30325971,0.00006104
-1.30293971,0.00006104
-1.30261971,0.00006104
-1.30229971,0.00006104
-1.30197971,0.00006104
-1.30165971,0.00006104
-1.30133971,0.00006104
-1.30101971,0.00006104
-1.30069971,0.00006104
-1.30037971,0.00006104
-1.30005971,-0.01770074
-1.29973971,0.00006104
-1.29941971,0.00006104
-1.29909971,0.00006104
-1.29877971,0.00006104
-1.29845971,0.00006104
-1.29813971,0.00006104
-1.29781971,0.00006104
-1.29749971,0.00006104
-1.29717971,0.00006104
-1.29685971,0.00006104
-1.29653971,0.00006104
-1.29621971,0.00006104
-1.29589971,0.00006104
-1.29557971,0.00006104
-1.29525971,0.00006104
-1.29493971,0.00006104
-1.29461971,0.00006104
-1.29429971,0.00006104
-1.29397971,0.00006104
-1.29365971,0.00006104
-1.29333971,0.00006104
-1.29301971,0.00006104
-1.29269971,0.00006104
-1.29237971,0.00006104
-1.29205971,0.00006104
-1.29173971,0.00006104
-1.29141971,0.00006104
-1.29109971,0.00006104
-1.29077971,0.00006104
-1.29045971,0.00006104
-1.29013971,0.00006104
-1.28981971,0.00006104
-1.28949971,0.00006104
-1.28917971,0.00006104
-1.28885971,0.00006104
-1.28853971,0.00006104
-1.28821971,0.00006104
-1.28789971,0.00006104
-1.28757971,0.00006104
-1.28725971,0.00006104
-1.28693971,0.00006104
-1.28661971,0.00006104
-1.28629971,0.00006104
-1.28597971,0.00006104
-1.28565971,0.00006104
-1.28533971,0.00006104
-1.28501971,-0.01770074
-1.28469971,0.00006104
-1.28437971,0.00006104
-1.28405971,0.00006104
-1.28373971,0.00006104
-1.28341971,0.00006104
-1.28309971,0.00006104
-1.28277971,0.00006104
-1.28245971,0.00006104
-1.28213971,0.00006104
-1.28181971,0.00006104
-1.28149971,0.00006104
-1.28117971,0.00006104
-1.28085971,0.00006104
-1.28053971,0.00006104
-1.28021971,0.00006104
-1.27989971,0.00006104
-1.27957971,0.00006104
-1.27925971,0.00006104
-1.27893971,0.00006104
-1.27861971,0.00006104
-1.27829971,0.00006104
-1.27797971,0.00006104
-1.27765971,0.00006104
-1.27733971,0.00006104
-1.27701971,0.00006104
-1.27669971,0.00006104
-1.27637971,0.00006104
-1.27605971,0.00006104
-1.27573971,0.00006104
-1.27541971,0.00006104
-1.27509971,0.00006104
-1.27477971,0.00006104
-1.27445971,0.00006104
-1.27413971,0.00006104
-1.27381971,0.00006104
-1.27349971,0.00006104
-1.27317971,0.00006104
-1.27285971,0.00006104
-1.27253971,0.00006104
-1.27221971,0.00006104
-1.27189971,-0.01770074
-1.27157971,0.00006104
-1.27125971,0.00006104
-1.27093971,0.00006104
-1.27061971,0.00006104
-1.27029971,0.00006104
-1.26997971,-0.01770074
-1.26965971,0.00006104
-1.26933971,0.00006104
-1.26901971,0.00006104
-1.26869971,0.00006104
-1.26837971,0.00006104
-1.26805971,0.00006104
-1.26773971,0.00006104
-1.26741971,0.00006104
-1.26709971,0.00006104
-1.26677971,0.00006104
-1.26645971,0.00006104
-1.26613971,0.00006104
-1.26581971,0.00006104
-1.26549971,0.00006104
-1.26517971,0.00006104
-1.26485971,0.00006104
-1.26453971,0.00006104
-1.26421971,0.00006104
-1.26389971,0.00006104
-1.26357971,0.00006104
-1.26325971,0.00006104
-1.26293971,0.00006104
-1.26261971,0.00006104
-1.26229971,0.00006104
-1.26197971,0.00006104
-1.26165971,0.00006104
-1.26133971,0.00006104
-1.26101971,0.00006104
-1.26069971,0.00006104
-1.26037971,0.00006104
-1.26005971,0.00006104
-1.25973971,0.00006104
-1.25941971,0.00006104
-1.25909971,0.00006104
-1.25877971,0.00006104
-1.25845971,0.00006104
-1.25813971,0.00006104
-1.25781971,0.00006104
-1.25749971,0.00006104
-1.25717971,0.00006104
-1.25685971,0.00006104
-1.25653971,0.00006104
-1.25621971,0.00006104
-1.25589971,0.00006104
-1.25557971,0.00006104
-1.25525971,0.00006104
-1.25493971,0.00006104
-1.25461971,0.00006104
-1.25429971,0.00006104
-1.25397971,0.00006104
-1.25365971,0.00006104
-1.25333971,-0.01770074
-1.25301971,0.00006104
-1.25269971,0.00006104
-1.25237971,0.00006104
-1.25205971,-0.01770074
-1.25173971,0.00006104
-1.25141971,0.00006104
-1.25109971,0.00006104
-1.25077971,0.00006104
-1.25045971,0.00006104
-1.25013971,0.00006104
-1.24981971,0.00006104
-1.24949971,0.00006104
-1.24917971,0.00006104
-1.24885971,0.00006104
-1.24853971,0.00006104
-1.24821971,0.00006104
-1.24789971,0.00006104
-1.24757971,0.00006104
-1.24725971,0.00006104
-1.24693971,0.00006104
-1.24661971,0.00006104
-1.24629971,0.00006104
-1.24597971,0.00006104
-1.24565971,0.00006104
-1.24533971,0.00006104
-1.24501971,0.00006104
-1.24469971,0.00006104
-1.24437971,0.00006104
-1.24405971,0.00006104
-1.24373971,0.00006104
-1.24341971,0.00006104
-1.24309971,0.00006104
-1.24277971,0.00006104
-1.24245971,-0.01770074
-1.24213971,0.00006104
-1.24181971,-0.01770074
-1.24149971,0.00006104
-1.24117971,0.00006104
-1.24085971,0.00006104
-1.24053971,0.00006104
-1.24021971,0.00006104
-1.23989971,0.00006104
-1.23957971,0.00006104
-1.23925971,0.00006104
-1.23893971,0.00006104
-1.23861971,0.00006104
-1.23829971,0.00006104
-1.23797971,0.00006104
-1.23765971,0.00006104
-1.23733971,0.00006104
-1.23701971,0.00006104
-1.23669971,0.00006104
-1.23637971,0.00006104
-1.23605971,0.00006104
-1.23573971,0.00006104
-1.23541971,0.00006104
-1.23509971,0.00006104
-1.23477971,0.00006104
-1.23445971,0.00006104
-1.23413971,0.00006104
-1.23381971,0.00006104
-1.23349971,0.00006104
-1.23317971,0.00006104
-1.23285971,0.00006104
-1.23253971,0.00006104
-1.23221971,0.00006104
-1.23189971,0.00006104
-1.23157971,0.00006104
-1.23125971,0.00006104
-1.23093971,0.00006104
-1.23061971,0.00006104
-1.23029971,0.00006104
-1.22997971,0.00006104
-1.22965971,0.00006104
-1.22933971,0.00006104
-1.22901971,0.00006104
-1.22869971,0.00006104
-1.22837971,0.00006104
-1.22805971,0.00006104
-1.22773971,0.00006104
-1.22741971,0.00006104
-1.22709971,0.00006104
-1.22677971,-0.01770074
-1.22645971,0.00006104
-1.22613971,0.00006104
-1.22581971,0.00006104
-1.22549971,0.00006104
-1.22517971,0.00006104
-1.22485971,0.00006104
-1.22453971,0.00006104
-1.22421971,0.00006104
-1.22389971,0.00006104
-1.22357971,0.00006104
-1.22325971,0.00006104
-1.22293971,0.00006104
-1.22261971,0.00006104
-1.22229971,0.00006104
-1.22197971,0.00006104
-1.22165971,0.00006104
-1.22133971,0.00006104
-1.22101971,0.00006104
-1.22069971,0.00006104
-1.22037971,0.00006104
-1.22005971,0.00006104
-1.21973971,0.00006104
-1.21941971,0.00006104
-1.21909971,0.00006104
-1.21877971,0.00006104
-1.21845971,-0.01770074
-1.21813971,0.00006104
-1.21781971,0.00006104
-1.21749971,0.00006104
-1.21717971,0.00006104
-1.21685971,0.00006104
-1.21653971,-0.01770074
-1.21621971,0.00006104
-1.21589971,0.00006104
-1.21557971,0.00006104
-1.21525971,0.00006104
-1.21493971,0.00006104
-1.21461971,0.00006104
-1.21429971,0.00006104
-1.21397971,0.00006104
-1.21365971,0.00006104
-1.21333971,0.00006104
-1.21301971,0.00006104
-1.21269971,0.00006104
-1.21237971,0.00006104
-1.21205971,0.00006104
-1.21173971,0.00006104
-1.21141971,0.00006104
-1.21109971,0.00006104
-1.21077971,0.00006104
-1.21045971,0.00006104
-1.21013971,0.00006104
-1.20981971,0.00006104
-1.20949971,0.00006104
-1.20917971,0.00006104
-1.20885971,0.00006104
-1.20853971,0.00006104
-1.20821971,0.00006104
-1.20789971,0.00006104
-1.20757971,0.00006104
-1.20725971,0.00006104
-1.20693971,0.00006104
-1.20661971,-0.01770074
-1.20629971,0.00006104
-1.20597971,0.00006104
-1.20565971,0.00006104
-1.20533971,0.00006104
-1.20501971,0.00006104
-1.20469971,0.00006104
-1.20437971,0.00006104
-1.20405971,0.00006104
-1.20373971,0.00006104
-1.20341971,0.00006104
-1.20309971,0.00006104
-1.20277971,0.00006104
-1.20245971,0.00006104
-1.20213971,0.00006104
-1.20181971,0.00006104
-1.20149971,0.00006104
-1.20117971,0.00006104
-1.20085971,-0.01770074
-1.20053971,0.00006104
-1.20021971,0.00006104
-1.19989971,0.00006104
-1.19957971,0.00006104
-1.19925971,0.00006104
-1.19893971,0.00006104
-1.19861971,0.00006104
-1.19829971,0.00006104
-1.19797971,0.00006104
-1.19765971,0.00006104
-1.19733971,0.00006104
-1.19701971,0.00006104
-1.19669971,0.00006104
-1.19637971,0.00006104
-1.19605971,0.00006104
-1.19573971,0.00006104
-1.19541971,0.00006104
-1.19509971,0.00006104
-1.19477971,0.00006104
-1.19445971,0.00006104
-1.19413971,0.00006104
-1.19381971,0.00006104
-1.19349971,0.00006104
-1.19317971,0.00006104
-1.19285971,0.00006104
-1.19253971,0.00006104
-1.19221971,0.00006104
-1.19189971,0.00006104
-1.19157971,0.00006104
-1.19125971,0.00006104
-1.19093971,0.00006104
-1.19061971,-0.01770074
-1.19029971,0.00006104
-1.18997971,0.00006104
-1.18965971,0.00006104
-1.18933971,0.00006104
-1.18901971,0.00006104
-1.18869971,0.00006104
-1.18837971,0.00006104
-1.18805971,0.00006104
-1.18773971,0.00006104
-1.18741971,0.00006104
-1.18709971,0.01788385
-1.18677971,0.00006104
-1.18645971,0.00006104
-1.18613971,0.00006104
-1.18581971,0.00006104
-1.18549971,0.00006104
-1.18517971,0.00006104
-1.18485971,0.00006104
-1.18453971,-0.01770074
-1.18421971,0.00006104
-1.18389971,0.00006104
-1.18357971,-0.01770074
-1.18325971,0.00006104
-1.18293971,0.00006104
-1.18261971,0.00006104
-1.18229971,0.00006104
-1.18197971,0.00006104
-1.18165971,-0.01770074
-1.18133971,0.00006104
-1.18101971,0.00006104
-1.18069971,0.00006104
-1.18037971,0.00006104
-1.18005971,0.00006104
-1.17973971,0.00006104
-1.17941971,0.00006104
-1.17909971,0.00006104
-1.17877971,0.00006104
-1.17845971,0.00006104
-1.17813971,0.00006104
-1.17781971,0.00006104
-1.17749971,0.00006104
-1.17717971,0.00006104
-1.17685971,0.00006104
-1.17653971,0.00006104
-1.17621971,0.00006104
-1.17589971,0.00006104
-1.17557971,0.00006104
-1.17525971,0.00006104
-1.17493971,0.00006104
-1.17461971,0.00006104
-1.17429971,0.00006104
-1.17397971,0.00006104
-1.17365971,0.00006104
-1.17333971,0.00006104
-1.17301971,0.00006104
-1.17269971,0.00006104
-1.17237971,0.00006104
-1.17205971,0.00006104
-1.17173971,0.00006104
-1.17141971,0.00006104
-1.17109971,0.00006104
-1.17077971,0.00006104
-1.17045971,0.00006104
-1.17013971,0.00006104
-1.16981971,0.00006104
-1.16949971,0.00006104
-1.16917971,0.00006104
-1.16885971,-0.01770074
-1.16853971,0.00006104
-1.16821971,0.00006104
-1.16789971,0.00006104
-1.16757971,0.00006104
-1.16725971,0.00006104
-1.16693971,0.00006104
-1.16661971,0.00006104
-1.16629971,0.00006104
-1.16597971,0.00006104
-1.16565971,0.00006104
-1.16533971,0.00006104
-1.16501971,0.00006104
-1.16469971,0.00006104
-1.16437971,0.00006104
-1.16405971,0.00006104
-1.16373971,0.00006104
-1.16341971,0.00006104
-1.16309971,0.00006104
-1.16277971,0.00006104
-1.16245971,0.00006104
-1.16213971,0.00006104
-1.16181971,0.00006104
-1.16149971,0.00006104
-1.16117971,0.00006104
-1.16085971,0.00006104
-1.16053971,0.00006104
-1.16021971,0.00006104
-1.15989971,0.00006104
-1.15957971,0.00006104
-1.15925971,0.00006104
-1.15893971,0.00006104
-1.15861971,0.00006104
-1.15829971,0.00006104
-1.15797971,0.00006104
-1.15765971,0.00006104
-1.15733971,0.00006104
-1.15701971,0.00006104
-1.15669971,0.00006104
-1.15637971,0.00006104
-1.15605971,0.00006104
-1.15573971,-0.01770074
-1.15541971,0.00006104
-1.15509971,0.00006104
-1.15477971,0.00006104
-1.15445971,0.00006104
-1.15413971,0.00006104
-1.15381971,0.00006104
-1.15349971,0.00006104
-1.15317971,0.00006104
-1.15285971,0.00006104
-1.15253971,0.00006104
-1.15221971,0.00006104
-1.15189971,0.00006104
-1.15157971,0.00006104
-1.15125971,0.00006104
-1.15093971,0.00006104
-1.15061971,0.00006104
-1.15029971,0.00006104
-1.14997971,0.00006104
-1.14965971,0.00006104
-1.14933971,0.00006104
-1.14901971,0.00006104
-1.14869971,0.00006104
-1.14837971,0.00006104
-1.14805971,0.00006104
-1.14773971,0.00006104
-1.14741971,0.00006104
-1.14709971,0.00006104
-1.14677971,-0.01770074
-1.14645971,0.00006104
-1.14613971,0.00006104
-1.14581971,0.00006104
-1.14549971,-0.01770074
-1.14517971,0.00006104
-1.14485971,0.00006104
-1.14453971,0.00006104
-1.14421971,0.00006104
-1.14389971,0.00006104
-1.14357971,0.00006104
-1.14325971,0.00006104
-1.14293971,0.00006104
-1.14261971,0.00006104
-1.14229971,0.00006104
-1.14197971,0.00006104
-1.14165971,0.00006104
-1.14133971,0.00006104
-1.14101971,0.00006104
-1.14069971,0.00006104
-1.14037971,0.00006104
-1.14005971,0.00006104
-1.13973971,0.00006104
-1.13941971,0.00006104
-1.13909971,0.00006104
-1.13877971,0.00006104
-1.13845971,0.00006104
-1.13813971,-0.01770074
-1.13781971,0.00006104
-1.13749971,0.00006104
-1.13717971,0.00006104
-1.13685971,0.00006104
-1.13653971,0.00006104
-1.13621971,0.00006104
-1.13589971,0.00006104
-1.13557971,0.00006104
-1.13525971,0.00006104
-1.13493971,0.00006104
-1.13461971,0.00006104
-1.13429971,0.00006104
-1.13397971,0.00006104
-1.13365971,0.00006104
-1.13333971,0.00006104
-1.13301971,0.00006104
-1.13269971,0.00006104
-1.13237971,0.00006104
-1.13205971,0.00006104
-1.13173971,0.00006104
-1.13141971,0.00006104
-1.13109971,0.00006104
-1.13077971,0.00006104
-1.13045971,0.00006104
-1.13013971,0.00006104
-1.12981971,0.00006104
-1.12949971,0.00006104
-1.12917971,0.00006104
-1.12885971,0.00006104
-1.12853971,-0.01770074
-1.12821971,0.00006104
-1.12789971,0.00006104
-1.12757971,0.00006104
-1.12725971,0.00006104
-1.12693971,0.00006104
-1.12661971,0.00006104
-1.12629971,0.00006104
-1.12597971,0.00006104
-1.12565971,0.00006104
-1.12533971,0.00006104
-1.12501971,0.00006104
-1.12469971,0.00006104
-1.12437971,0.00006104
-1.12405971,0.00006104
-1.12373971,0.00006104
-1.12341971,0.00006104
-1.12309971,0.00006104
-1.12277971,0.00006104
-1.12245971,0.00006104
-1.12213971,0.00006104
-1.12181971,0.00006104
-1.12149971,0.00006104
-1.12117971,0.00006104
-1.12085971,0.00006104
-1.12053971,0.00006104
-1.12021971,0.00006104
-1.11989971,0.00006104
-1.11957971,0.00006104
-1.11925971,0.00006104
-1.11893971,0.00006104
-1.11861971,0.00006104
-1.11829971,0.00006104
-1.11797971,0.00006104
-1.11765971,0.00006104
-1.11733971,0.00006104
-1.11701971,0.00006104
-1.11669971,0.00006104
-1.11637971,0.00006104
-1.11605971,0.00006104
-1.11573971,0.00006104
-1.11541971,0.00006104
-1.11509971,0.00006104
-1.11477971,0.00006104
-1.11445971,0.00006104
-1.11413971,0.00006104
-1.11381971,0.00006104
-1.11349971,0.00006104
-1.11317971,0.00006104
-1.11285971,0.00006104
-1.11253971,0.00006104
-1.11221971,0.00006104
-1.11189971,0.00006104
-1.11157971,0.00006104
-1.11125971,0.00006104
-1.11093971,0.00006104
-1.11061971,0.00006104
-1.11029971,0.00006104
-1.10997971,0.00006104
-1.10965971,0.00006104
-1.10933971,0.00006104
-1.10901971,0.00006104
-1.10869971,0.00006104
-1.10837971,0.00006104
-1.10805971,0.00006104
-1.10773971,0.00006104
-1.10741971,0.00006104
-1.10709971,0.00006104
-1.10677971,0.00006104
-1.10645971,0.00006104
-1.10613971,0.00006104
-1.10581971,0.00006104
-1.10549971,0.00006104
-1.10517971,0.00006104
-1.10485971,0.00006104
-1.10453971,0.00006104
-1.10421971,0.00006104
-1.10389971,0.00006104
-1.10357971,0.00006104
-1.10325971,0.00006104
-1.10293971,0.00006104
-1.10261971,0.00006104
-1.10229971,0.00006104
-1.10197971,0.00006104
-1.10165971,0.00006104
-1.10133971,0.00006104
-1.10101971,0.00006104
-1.10069971,0.00006104
-1.10037971,0.00006104
-1.10005971,0.00006104
-1.09973971,0.00006104
-1.09941971,0.00006104
-1.09909971,0.00006104
-1.09877971,0.00006104
-1.09845971,0.00006104
-1.09813971,0.00006104
-1.09781971,0.00006104
-1.09749971,-0.01770074
-1.09717971,0.00006104
-1.09685971,0.00006104
-1.09653971,0.00006104
-1.09621971,0.00006104
-1.09589971,0.00006104
-1.09557971,0.00006104
-1.09525971,0.00006104
-1.09493971,0.00006104
-1.09461971,0.00006104
-1.09429971,0.00006104
-1.09397971,0.00006104
-1.09365971,0.00006104
-1.09333971,0.00006104
-1.09301971,0.00006104
-1.09269971,0.00006104
-1.09237971,0.00006104
-1.09205971,0.00006104
-1.09173971,0.00006104
-1.09141971,0.00006104
-1.09109971,0.00006104
-1.09077971,0.00006104
-1.09045971,0.00006104
-1.09013971,0.00006104
-1.08981971,0.00006104
-1.08949971,-0.01770074
-1.08917971,0.00006104
-1.08885971,0.00006104
-1.08853971,0.00006104
-1.08821971,0.00006104
-1.08789971,0.00006104
-1.08757971,0.00006104
-1.08725971,0.00006104
-1.08693971,0.00006104
-1.08661971,0.00006104
-1.08629971,0.00006104
-1.08597971,0.00006104
-1.08565971,0.00006104
-1.08533971,0.00006104
-1.08501971,0.00006104
-1.08469971,0.00006104
-1.08437971,0.00006104
-1.08405971,0.00006104
-1.08373971,0.00006104
-1.08341971,0.00006104
-1.08309971,-0.01770074
-1.08277971,0.00006104
-1.08245971,0.00006104
-1.08213971,0.00006104
-1.08181971,0.00006104
-1.08149971,0.00006104
-1.08117971,0.00006104
-1.08085971,0.00006104
-1.08053971,0.00006104
-1.08021971,0.00006104
-1.07989971,0.00006104
-1.07957971,0.00006104
-1.07925971,0.00006104
-1.07893971,0.00006104
-1.07861971,0.00006104
-1.07829971,0.00006104
-1.07797971,0.00006104
-1.07765971,0.00006104
-1.07733971,0.00006104
-1.07701971,0.00006104
-1.07669971,0.00006104
-1.07637971,0.00006104
-1.07605971,-0.01770074
-1.07573971,0.00006104
-1.07541971,0.00006104
-1.07509971,-0.01770074
-1.07477971,0.00006104
-1.07445971,0.00006104
-1.07413971,0.00006104
-1.07381971,0.00006104
-1.07349971,0.00006104
-1.07317971,0.00006104
-1.07285971,0.00006104
-1.07253971,0.00006104
-1.07221971,0.00006104
-1.07189971,0.00006104
-1.07157971,0.00006104
-1.07125971,0.00006104
-1.07093971,0.00006104
-1.07061971,0.00006104
-1.07029971,0.00006104
-1.06997971,0.00006104
-1.06965971,0.00006104
-1.06933971,0.00006104
-1.06901971,0.00006104
-1.06869971,0.00006104
-1.06837971,0.00006104
-1.06805971,0.00006104
-1.06773971,0.00006104
-1.06741971,0.00006104
-1.06709971,0.00006104
-1.06677971,0.00006104
-1.06645971,0.00006104
-1.06613971,0.00006104
-1.06581971,0.00006104
-1.06549971,0.00006104
-1.06517971,0.00006104
-1.06485971,0.00006104
-1.06453971,0.00006104
-1.06421971,0.00006104
-1.06389971,0.00006104
-1.06357971,0.00006104
-1.06325971,0.00006104
-1.06293971,0.00006104
-1.06261971,0.00006104
-1.06229971,0.00006104
-1.06197971,0.00006104
-1.06165971,0.00006104
-1.06133971,0.00006104
-1.06101971,0.00006104
-1.06069971,0.00006104
-1.06037971,0.00006104
-1.06005971,0.00006104
-1.05973971,0.00006104
-1.05941971,0.00006104
-1.05909971,-0.01770074
-1.05877971,0.00006104
-1.05845971,0.00006104
-1.05813971,0.00006104
-1.05781971,0.00006104
-1.05749971,0.00006104
-1.05717971,0.00006104
-1.05685971,0.00006104
-1.05653971,0.00006104
-1.05621971,0.00006104
-1.05589971,0.00006104
-1.05557971,0.00006104
-1.05525971,0.00006104
-1.05493971,-0.01770074
-1.05461971,0.00006104
-1.05429971,0.00006104
-1.05397971,0.00006104
-1.05365971,0.00006104
-1.05333971,0.00006104
-1.05301971,0.00006104
-1.05269971,0.00006104
-1.05237971,0.00006104
-1.05205971,0.00006104
-1.05173971,0.00006104
-1.05141971,0.00006104
-1.05109971,0.00006104
-1.05077971,0.00006104
-1.05045971,0.00006104
-1.05013971,0.00006104
-1.04981971,0.00006104
-1.04949971,0.00006104
-1.04917971,0.00006104
-1.04885971,0.00006104
-1.04853971,-0.01770074
-1.04821971,0.00006104
-1.04789971,0.00006104
-1.04757971,0.00006104
-1.04725971,0.00006104
-1.04693971,0.00006104
-1.04661971,0.00006104
-1.04629971,0.00006104
-1.04597971,0.00006104
-1.04565971,0.00006104
-1.04533971,0.00006104
-1.04501971,0.00006104
-1.04469971,0.00006104
-1.04437971,0.00006104
-1.04405971,0.00006104
-1.04373971,0.00006104
-1.04341971,0.00006104
-1.04309971,-0.01770074
-1.04277971,0.00006104
-1.04245971,0.00006104
-1.04213971,0.00006104
-1.04181971,0.00006104
-1.04149971,0.00006104
-1.04117971,0.00006104
-1.04085971,0.00006104
-1.04053971,0.00006104
-1.04021971,0.00006104
-1.03989971,0.00006104
-1.03957971,0.00006104
-1.03925971,0.00006104
-1.03893971,-0.01770074
-1.03861971,-0.01770074
-1.03829971,0.00006104
-1.03797971,0.00006104
-1.03765971,0.00006104
-1.03733971,0.00006104
-1.03701971,0.00006104
-1.03669971,0.00006104
-1.03637971,0.00006104
-1.03605971,0.00006104
-1.03573971,-0.01770074
-1.03541971,0.00006104
-1.03509971,0.00006104
-1.03477971,0.00006104
-1.03445971,0.00006104
-1.03413971,0.00006104
-1.03381971,0.00006104
-1.03349971,-0.01770074
-1.03317971,0.00006104
-1.03285971,0.00006104
-1.03253971,0.00006104
-1.03221971,0.00006104
-1.03189971,0.00006104
-1.03157971,-0.01770074
-1.03125971,0.00006104
-1.03093971,0.00006104
-1.03061971,0.00006104
-1.03029971,0.00006104
-1.02997971,0.00006104
-1.02965971,0.00006104
-1.02933971,0.00006104
-1.02901971,0.00006104
-1.02869971,0.00006104
-1.02837971,0.00006104
-1.02805971,0.00006104
-1.02773971,0.00006104
-1.02741971,0.00006104
-1.02709971,0.00006104
-1.02677971,0.00006104
-1.02645971,0.00006104
-1.02613971,0.00006104
-1.02581971,0.00006104
-1.02549971,0.00006104
-1.02517971,0.00006104
-1.02485971,0.00006104
-1.02453971,0.00006104
-1.02421971,0.00006104
-1.02389971,0.00006104
-1.02357971,0.00006104
-1.02325971,0.00006104
-1.02293971,0.00006104
-1.02261971,0.00006104
-1.02229971,0.00006104
-1.02197971,0.00006104
-1.02165971,-0.01770074
-1.02133971,0.00006104
-1.02101971,0.00006104
-1.02069971,0.00006104
-1.02037971,0.00006104
-1.02005971,0.00006104
-1.01973971,0.00006104
-1.01941971,0.00006104
-1.01909971,0.00006104
-1.01877971,0.00006104
-1.01845971,0.00006104
-1.01813971,0.00006104
-1.01781971,0.00006104
-1.01749971,0.00006104
-1.01717971,0.00006104
-1.01685971,0.00006104
-1.01653971,0.00006104
-1.01621971,0.00006104
-1.01589971,0.00006104
-1.01557971,0.00006104
-1.01525971,0.00006104
-1.01493971,0.00006104
-1.01461971,0.00006104
-1.01429971,0.00006104
-1.01397971,-0.01770074
-1.01365971,0.00006104
-1.01333971,0.00006104
-1.01301971,-0.01770074
-1.01269971,0.00006104
-1.01237971,0.00006104
-1.01205971,0.00006104
-1.01173971,0.00006104
-1.01141971,0.00006104
-1.01109971,0.00006104
-1.01077971,0.00006104
-1.01045971,0.00006104
-1.01013971,0.00006104
-1.00981971,0.00006104
-1.00949971,0.00006104
-1.00917971,0.00006104
-1.00885971,0.00006104
-1.00853971,0.00006104
-1.00821971,0.00006104
-1.00789971,0.00006104
-1.00757971,0.00006104
-1.00725971,0.00006104
-1.00693971,0.00006104
-1.00661971,0.00006104
-1.00629971,0.00006104
-1.00597971,0.00006104
-1.00565971,0.00006104
-1.00533971,0.00006104
-1.00501971,0.00006104
-1.00469971,0.00006104
-1.00437971,0.00006104
-1.00405971,-0.01770074
-1.00373971,0.00006104
-1.00341971,0.00006104
-1.00309971,0.00006104
-1.00277971,0.00006104
-1.00245971,-0.01770074
-1.00213971,0.00006104
-1.00181971,0.00006104
-1.00149971,1.86913657
-1.00117971,-0.08893093
-1.00085971,-0.58735925
-1.00053971,-0.32032228
-1.00021971,-0.03552354
-0.99989971,0.03570665
-0.99957971,0.01788385
-0.99925971,-0.01770074
-0.99893971,-0.03552354
-0.99861971,-0.10669271
-0.99829971,-∞
-0.99797971,-0.74758142
-0.99765971,0.17804499
-0.99733971,0.30262154
-0.99701971,0.14246041
-0.99669971,0.07129124
-0.99637971,0.03570665
-0.99605971,0.00006104
-0.99573971,0.01788385
-0.99541971,0.01788385
-0.99509971,0.00006104
-0.99477971,0.00006104
-0.99445971,0.01788385
-0.99413971,0.01788385
-0.99381971,0.03570665
-0.99349971,0.01788385
-0.99317971,0.00006104
-0.99285971,0.00006104
-0.99253971,0.00006104
-0.99221971,0.01788385
-0.99189971,0.01788385
-0.99157971,0.03570665
-0.99125971,0.07129124
-0.99093971,0.05346843
-0.99061971,0.07129124
-0.99029971,0.05346843
-0.98997971,0.05346843
-0.98965971,0.07129124
-0.98933971,0.05346843
-0.98901971,0.05346843
-0.98869971,0.08911405
-0.98837971,0.07129124
-0.98805971,0.03570665
-0.98773971,0.01788385
-0.98741971,0.03570665
-0.98709971,0.01788385
-0.98677971,0.00006104
-0.98645971,-0.03552354
-0.98613971,-0.03552354
-0.98581971,-0.03552354
-0.98549971,0.01788385
-0.98517971,0.00006104
-0.98485971,-0.01770074
-0.98453971,0.05346843
-0.98421971,0.00006104
-0.98389971,-0.01770074
-0.98357971,0.03570665
-0.98325971,-0.01770074
-0.98293971,0.00006104
-0.98261971,0.05346843
-0.98229971,0.01788385
-0.98197971,0.01788385
-0.98165971,0.03570665
-0.98133971,0.01788385
-0.98101971,0.01788385
-0.98069971,0.01788385
-0.98037971,0.01788385
-0.98005971,0.01788385
-0.97973971,0.01788385
-0.97941971,0.03570665
-0.97909971,0.00006104
-0.97877971,-0.01770074
-0.97845971,0.01788385
-0.97813971,0.01788385
-0.97781971,0.00006104
-0.97749971,0.00006104
-0.97717971,0.00006104
-0.97685971,-0.01770074
-0.97653971,0.01788385
-0.97621971,0.00006104
-0.97589971,0.00006104
-0.97557971,0.01788385
-0.97525971,0.01788385
-0.97493971,0.01788385
-0.97461971,0.01788385
-0.97429971,0.00006104
-0.97397971,0.00006104
-0.97365971,0.01788385
-0.97333971,0.01788385
-0.97301971,0.00006104
-0.97269971,0.01788385
-0.97237971,0.01788385
-0.97205971,0.00006104
-0.97173971,0.00006104
-0.97141971,0.00006104
-0.97109971,0.00006104
-0.97077971,0.00006104
-0.97045971,-0.01770074
-0.97013971,-0.01770074
-0.96981971,0.00006104
-0.96949971,0.00006104
-0.96917971,0.00006104
-0.96885971,0.01788385
-0.96853971,0.00006104
-0.96821971,0.01788385
-0.96789971,0.00006104
-0.96757971,0.00006104
-0.96725971,0.01788385
-0.96693971,0.01788385
-0.96661971,0.00006104
-0.96629971,0.00006104
-0.96597971,0.00006104
-0.96565971,0.00006104
-0.96533971,0.00006104
-0.96501971,0.00006104
-0.96469971,-0.01770074
-0.96437971,0.00006104
-0.96405971,0.00006104
-0.96373971,0.00006104
-0.96341971,0.00006104
-0.96309971,0.00006104
-0.96277971,0.00006104
-0.96245971,0.01788385
-0.96213971,0.00006104
-0.96181971,0.00006104
-0.96149971,0.00006104
-0.96117971,0.00006104
-0.96085971,0.00006104
-0.96053971,0.00006104
-0.96021971,0.00006104
-0.95989971,0.00006104
-0.95957971,0.00006104
-0.95925971,-0.01770074
-0.95893971,-0.01770074
-0.95861971,0.00006104
-0.95829971,0.00006104
-0.95797971,0.00006104
-0.95765971,0.00006104
-0.95733971,0.00006104
-0.95701971,0.00006104
-0.95669971,0.01788385
-0.95637971,0.00006104
-0.95605971,0.00006104
-0.95573971,0.00006104
-0.95541971,0.00006104
-0.95509971,0.00006104
-0.95477971,0.00006104
-0.95445971,0.00006104
-0.95413971,0.00006104
-0.95381971,0.00006104
-0.95349971,0.00006104
-0.95317971,0.00006104
-0.95285971,0.00006104
-0.95253971,-0.01770074
-0.95221971,0.00006104
-0.95189971,-0.01770074
-0.95157971,-0.01770074
-0.95125971,0.00006104
-0.95093971,0.00006104
-0.95061971,0.00006104
-0.95029971,0.00006104
-0.94997971,0.00006104
-0.94965971,0.00006104
-0.94933971,0.00006104
-0.94901971,0.00006104
-0.94869971,0.00006104
-0.94837971,0.00006104
-0.94805971,0.00006104
-0.94773971,0.00006104
-0.94741971,0.00006104
-0.94709971,0.00006104
-0.94677971,0.00006104
-0.94645971,0.00006104
-0.94613971,0.00006104
-0.94581971,0.00006104
-0.94549971,0.00006104
-0.94517971,0.00006104
-0.94485971,0.00006104
-0.94453971,0.00006104
-0.94421971,0.00006104
-0.94389971,0.00006104
-0.94357971,0.00006104
-0.94325971,0.00006104
-0.94293971,0.00006104
-0.94261971,0.00006104
-0.94229971,0.00006104
-0.94197971,0.00006104
-0.94165971,0.00006104
-0.94133971,0.00006104
-0.94101971,0.00006104
-0.94069971,0.00006104
-0.94037971,0.00006104
-0.94005971,0.00006104
-0.93973971,0.00006104
-0.93941971,0.00006104
-0.93909971,0.00006104
-0.93877971,0.00006104
-0.93845971,0.00006104
-0.93813971,0.00006104
-0.93781971,0.00006104
-0.93749971,0.00006104
-0.93717971,0.00006104
-0.93685971,0.00006104
-0.93653971,0.00006104
-0.93621971,0.00006104
-0.93589971,0.00006104
-0.93557971,0.00006104
-0.93525971,0.00006104
-0.93493971,0.00006104
-0.93461971,0.00006104
-0.93429971,0.00006104
-0.93397971,0.00006104
-0.93365971,0.00006104
-0.93333971,0.00006104
-0.93301971,0.00006104
-0.93269971,0.00006104
-0.93237971,0.00006104
-0.93205971,0.00006104
-0.93173971,0.00006104
-0.93141971,0.00006104
-0.93109971,0.00006104
-0.93077971,0.00006104
-0.93045971,0.00006104
-0.93013971,0.00006104
-0.92981971,0.00006104
-0.92949971,0.00006104
-0.92917971,0.00006104
-0.92885971,0.00006104
-0.92853971,0.00006104
-0.92821971,0.00006104
-0.92789971,0.00006104
-0.92757971,0.00006104
-0.92725971,0.00006104
-0.92693971,0.00006104
-0.92661971,0.00006104
-0.92629971,0.00006104
-0.92597971,0.00006104
-0.92565971,0.00006104
-0.92533971,0.00006104
-0.92501971,0.00006104
-0.92469971,0.00006104
-0.92437971,0.00006104
-0.92405971,0.00006104
-0.92373971,0.00006104
-0.92341971,-0.01770074
-0.92309971,0.00006104
-0.92277971,0.00006104
-0.92245971,0.00006104
-0.92213971,0.00006104
-0.92181971,0.00006104
-0.92149971,0.00006104
-0.92117971,0.00006104
-0.92085971,0.00006104
-0.92053971,0.00006104
-0.92021971,0.00006104
-0.91989971,0.00006104
-0.91957971,0.00006104
-0.91925971,0.00006104
-0.91893971,0.00006104
-0.91861971,0.00006104
-0.91829971,0.00006104
-0.91797971,-0.01770074
-0.91765971,0.00006104
-0.91733971,0.00006104
-0.91701971,0.00006104
-0.91669971,0.00006104
-0.91637971,0.00006104
-0.91605971,0.00006104
-0.91573971,0.00006104
-0.91541971,-0.01770074
-0.91509971,0.00006104
-0.91477971,0.00006104
-0.91445971,0.00006104
-0.91413971,0.00006104
-0.91381971,0.00006104
-0.91349971,0.00006104
-0.91317971,0.00006104
-0.91285971,0.00006104
-0.91253971,0.00006104
-0.91221971,0.00006104
-0.91189971,0.00006104
-0.91157971,0.00006104
-0.91125971,0.00006104
-0.91093971,0.00006104
-0.91061971,0.00006104
-0.91029971,-0.01770074
-0.90997971,0.00006104
-0.90965971,0.00006104
-0.90933971,0.00006104
-0.90901971,0.00006104
-0.90869971,0.00006104
-0.90837971,0.00006104
-0.90805971,-0.01770074
-0.90773971,0.00006104
-0.90741971,0.00006104
-0.90709971,0.00006104
-0.90677971,0.00006104
-0.90645971,0.00006104
-0.90613971,0.00006104
-0.90581971,0.00006104
-0.90549971,0.00006104
-0.90517971,0.00006104
-0.90485971,0.00006104
-0.90453971,0.00006104
-0.90421971,0.00006104
-0.90389971,0.00006104
-0.90357971,0.00006104
-0.90325971,0.00006104
-0.90293971,0.00006104
-0.90261971,0.00006104
-0.90229971,0.00006104
-0.90197971,0.00006104
-0.90165971,0.00006104
-0.90133971,-0.01770074
-0.90101971,0.00006104
-0.90069971,0.00006104
-0.90037971,0.00006104
-0.90005971,0.00006104
-0.89973971,-0.01770074
-0.89941971,0.00006104
-0.89909971,0.00006104
-0.89877971,0.00006104
-0.89845971,0.00006104
-0.89813971,0.00006104
-0.89781971,0.00006104
-0.89749971,0.00006104
-0.89717971,0.00006104
-0.89685971,0.00006104
-0.89653971,0.00006104
-0.89621971,0.00006104
-0.89589971,0.00006104
-0.89557971,0.00006104
-0.89525971,0.00006104
-0.89493971,0.00006104
-0.89461971,0.00006104
-0.89429971,0.00006104
-0.89397971,0.00006104
-0.89365971,0.00006104
-0.89333971,0.00006104
-0.89301971,0.00006104
-0.89269971,0.00006104
-0.89237971,0.00006104
-0.89205971,0.00006104
-0.89173971,0.00006104
-0.89141971,0.00006104
-0.89109971,0.00006104
-0.89077971,0.00006104
-0.89045971,0.00006104
-0.89013971,0.00006104
-0.88981971,0.00006104
-0.88949971,0.00006104
-0.88917971,0.00006104
-0.88885971,0.00006104
-0.88853971,0.00006104
-0.88821971,0.00006104
-0.88789971,0.00006104
-0.88757971,0.00006104
-0.88725971,0.00006104
-0.88693971,0.00006104
-0.88661971,0.00006104
-0.88629971,0.00006104
-0.88597971,0.00006104
-0.88565971,0.00006104
-0.88533971,0.00006104
-0.88501971,0.00006104
-0.88469971,0.00006104
-0.88437971,0.00006104
-0.88405971,0.00006104
-0.88373971,0.00006104
-0.88341971,0.00006104
-0.88309971,0.00006104
-0.88277971,0.00006104
-0.88245971,-0.01770074
-0.88213971,-0.01770074
-0.88181971,0.00006104
-0.88149971,0.00006104
-0.88117971,0.00006104
-0.88085971,0.00006104
-0.88053971,0.00006104
-0.88021971,0.00006104
-0.87989971,0.00006104
-0.87957971,0.00006104
-0.87925971,0.00006104
-0.87893971,0.00006104
-0.87861971,0.00006104
-0.87829971,0.00006104
-0.87797971,0.00006104
-0.87765971,0.00006104
-0.87733971,0.00006104
-0.87701971,0.00006104
-0.87669971,0.00006104
-0.87637971,0.00006104
-0.87605971,0.00006104
-0.87573971,0.00006104
-0.87541971,-0.01770074
-0.87509971,-0.01770074
-0.87477971,0.00006104
-0.87445971,0.00006104
-0.87413971,0.00006104
-0.87381971,0.00006104
-0.87349971,0.00006104
-0.87317971,0.00006104
-0.87285971,0.00006104
-0.87253971,-0.01770074
-0.87221971,0.00006104
-0.87189971,-0.01770074
-0.87157971,0.00006104
-0.87125971,0.00006104
-0.87093971,0.00006104
-0.87061971,0.00006104
-0.87029971,0.00006104
-0.86997971,0.00006104
-0.86965971,0.00006104
-0.86933971,0.00006104
-0.86901971,0.00006104
-0.86869971,0.00006104
-0.86837971,0.00006104
-0.86805971,0.00006104
-0.86773971,0.00006104
-0.86741971,0.00006104
-0.86709971,0.00006104
-0.86677971,0.00006104
-0.86645971,0.00006104
-0.86613971,0.00006104
-0.86581971,0.00006104
-0.86549971,0.00006104
-0.86517971,0.00006104
-0.86485971,0.00006104
-0.86453971,0.00006104
-0.86421971,0.00006104
-0.86389971,0.00006104
-0.86357971,0.00006104
-0.86325971,0.00006104
-0.86293971,0.00006104
-0.86261971,0.00006104
-0.86229971,0.00006104
-0.86197971,0.00006104
-0.86165971,-0.01770074
-0.86133971,0.00006104
-0.86101971,0.00006104
-0.86069971,0.00006104
-0.86037971,0.00006104
-0.86005971,0.00006104
-0.85973971,0.00006104
-0.85941971,0.00006104
-0.85909971,0.00006104
-0.85877971,0.00006104
-0.85845971,-0.01770074
-0.85813971,0.00006104
-0.85781971,0.00006104
-0.85749971,0.00006104
-0.85717971,0.00006104
-0.85685971,0.00006104
-0.85653971,0.00006104
-0.85621971,0.00006104
-0.85589971,0.00006104
-0.85557971,0.00006104
-0.85525971,0.00006104
-0.85493971,0.00006104
-0.85461971,0.00006104
-0.85429971,0.00006104
-0.85397971,0.00006104
-0.85365971,0.00006104
-0.85333971,0.00006104
-0.85301971,0.00006104
-0.85269971,0.00006104
-0.85237971,0.00006104
-0.85205971,0.00006104
-0.85173971,0.00006104
-0.85141971,0.00006104
-0.85109971,0.00006104
-0.85077971,0.00006104
-0.85045971,0.00006104
-0.85013971,0.00006104
-0.84981971,0.00006104
-0.84949971,0.00006104
-0.84917971,0.00006104
-0.84885971,0.00006104
-0.84853971,0.00006104
-0.84821971,0.00006104
-0.84789971,0.00006104
-0.84757971,0.00006104
-0.84725971,0.00006104
-0.84693971,0.00006104
-0.84661971,0.00006104
-0.84629971,0.00006104
-0.84597971,0.00006104
-0.84565971,0.00006104
-0.84533971,0.00006104
-0.84501971,0.00006104
-0.84469971,0.00006104
-0.84437971,0.00006104
-0.84405971,0.00006104
-0.84373971,0.00006104
-0.84341971,0.00006104
-0.84309971,0.00006104
-0.84277971,0.00006104
-0.84245971,0.00006104
-0.84213971,0.00006104
-0.84181971,0.00006104
-0.84149971,0.00006104
-0.84117971,0.00006104
-0.84085971,0.00006104
-0.84053971,0.00006104
-0.84021971,0.00006104
-0.83989971,0.00006104
-0.83957971,0.00006104
-0.83925971,0.00006104
-0.83893971,0.00006104
-0.83861971,0.00006104
-0.83829971,0.00006104
-0.83797971,0.00006104
-0.83765971,0.00006104
-0.83733971,0.00006104
-0.83701971,0.00006104
-0.83669971,0.00006104
-0.83637971,0.00006104
-0.83605971,0.00006104
-0.83573971,0.00006104
-0.83541971,0.00006104
-0.83509971,0.00006104
-0.83477971,0.00006104
-0.83445971,0.00006104
-0.83413971,0.00006104
-0.83381971,0.00006104
-0.83349971,0.00006104
-0.83317971,0.00006104
-0.83285971,0.00006104
-0.83253971,0.00006104
-0.83221971,0.00006104
-0.83189971,0.00006104
-0.83157971,0.00006104
-0.83125971,0.00006104
-0.83093971,0.00006104
-0.83061971,0.00006104
-0.83029971,0.00006104
-0.82997971,0.00006104
-0.82965971,0.00006104
-0.82933971,-0.01770074
-0.82901971,0.00006104
-0.82869971,0.00006104
-0.82837971,0.00006104
-0.82805971,0.00006104
-0.82773971,0.00006104
-0.82741971,0.00006104
-0.82709971,0.00006104
-0.82677971,0.00006104
-0.82645971,0.00006104
-0.82613971,0.00006104
-0.82581971,0.00006104
-0.82549971,0.00006104
-0.82517971,0.00006104
-0.82485971,0.00006104
-0.82453971,0.00006104
-0.82421971,0.00006104
-0.82389971,0.00006104
-0.82357971,0.00006104
-0.82325971,0.00006104
-0.82293971,0.00006104
-0.82261971,0.00006104
-0.82229971,0.00006104
-0.82197971,0.00006104
-0.82165971,0.00006104
-0.82133971,0.00006104
-0.82101971,0.00006104
-0.82069971,0.00006104
-0.82037971,0.00006104
-0.82005971,0.00006104
-0.81973971,0.00006104
-0.81941971,0.00006104
-0.81909971,0.00006104
-0.81877971,0.00006104
-0.81845971,0.00006104
-0.81813971,0.00006104
-0.81781971,0.00006104
-0.81749971,0.00006104
-0.81717971,0.00006104
-0.81685971,0.00006104
-0.81653971,0.00006104
-0.81621971,0.00006104
-0.81589971,0.00006104
-0.81557971,-0.01770074
-0.81525971,0.00006104
-0.81493971,0.00006104
-0.81461971,0.00006104
-0.81429971,0.00006104
-0.81397971,0.00006104
-0.81365971,0.00006104
-0.81333971,0.00006104
-0.81301971,0.00006104
-0.81269971,0.00006104
-0.81237971,0.00006104
-0.81205971,0.00006104
-0.81173971,0.00006104
-0.81141971,0.00006104
-0.81109971,0.00006104
-0.81077971,0.00006104
-0.81045971,0.00006104
-0.81013971,0.00006104
-0.80981971,0.00006104
-0.80949971,-0.01770074
-0.80917971,0.00006104
-0.80885971,0.00006104
-0.80853971,0.00006104
-0.80821971,0.00006104
-0.80789971,0.00006104
-0.80757971,0.00006104
-0.80725971,0.00006104
-0.80693971,0.00006104
-0.80661971,0.00006104
-0.80629971,0.00006104
-0.80597971,0.00006104
-0.80565971,0.00006104
-0.80533971,0.00006104
-0.80501971,0.00006104
-0.80469971,0.00006104
-0.80437971,0.00006104
-0.80405971,0.00006104
-0.80373971,0.00006104
-0.80341971,0.00006104
-0.80309971,0.00006104
-0.80277971,0.00006104
-0.80245971,0.00006104
-0.80213971,0.00006104
-0.80181971,0.00006104
-0.80149971,0.00006104
-0.80117971,0.00006104
-0.80085971,0.00006104
-0.80053971,0.00006104
-0.80021971,0.00006104
-0.79989971,0.00006104
-0.79957971,0.00006104
-0.79925971,-0.01770074
-0.79893971,0.00006104
-0.79861971,0.00006104
-0.79829971,0.00006104
-0.79797971,0.00006104
-0.79765971,0.00006104
-0.79733971,0.00006104
-0.79701971,0.00006104
-0.79669971,0.00006104
-0.79637971,0.00006104
-0.79605971,0.00006104
-0.79573971,0.00006104
-0.79541971,0.00006104
-0.79509971,0.00006104
-0.79477971,0.00006104
-0.79445971,0.00006104
-0.79413971,0.00006104
-0.79381971,0.00006104
-0.79349971,0.00006104
-0.79317971,0.00006104
-0.79285971,0.00006104
-0.79253971,0.00006104
-0.79221971,0.00006104
-0.79189971,0.00006104
-0.79157971,0.00006104
-0.79125971,0.00006104
-0.79093971,0.00006104
-0.79061971,0.00006104
-0.79029971,0.00006104
-0.78997971,0.00006104
-0.78965971,0.00006104
-0.78933971,0.00006104
-0.78901971,0.00006104
-0.78869971,0.00006104
-0.78837971,0.00006104
-0.78805971,0.00006104
-0.78773971,0.00006104
-0.78741971,0.00006104
-0.78709971,0.00006104
-0.78677971,0.00006104
-0.78645971,0.00006104
-0.78613971,0.00006104
-0.78581971,0.00006104
-0.78549971,0.00006104
-0.78517971,0.00006104
-0.78485971,-0.01770074
-0.78453971,0.00006104
-0.78421971,0.00006104
-0.78389971,0.00006104
-0.78357971,0.00006104
-0.78325971,0.00006104
-0.78293971,0.00006104
-0.78261971,0.00006104
-0.78229971,0.00006104
-0.78197971,0.00006104
-0.78165971,0.00006104
-0.78133971,-0.01770074
-0.78101971,0.00006104
-0.78069971,0.00006104
-0.78037971,0.00006104
-0.78005971,0.00006104
-0.77973971,0.00006104
-0.77941971,0.00006104
-0.77909971,0.00006104
-0.77877971,0.00006104
-0.77845971,0.00006104
-0.77813971,0.00006104
-0.77781971,0.00006104
-0.77749971,0.00006104
-0.77717971,0.00006104
-0.77685971,0.00006104
-0.77653971,0.00006104
-0.77621971,0.00006104
-0.77589971,0.00006104
-0.77557971,0.00006104
-0.77525971,0.00006104
-0.77493971,0.00006104
-0.77461971,0.00006104
-0.77429971,0.00006104
-0.77397971,-0.01770074
-0.77365971,0.00006104
-0.77333971,0.00006104
-0.77301971,-0.01770074
-0.77269971,0.00006104
-0.77237971,0.00006104
-0.77205971,0.00006104
-0.77173971,0.00006104
-0.77141971,0.00006104
-0.77109971,0.00006104
-0.77077971,0.00006104
-0.77045971,0.00006104
-0.77013971,0.00006104
-0.76981971,0.00006104
-0.76949971,0.00006104
-0.76917971,0.00006104
-0.76885971,0.00006104
-0.76853971,0.00006104
-0.76821971,0.00006104
-0.76789971,0.00006104
-0.76757971,-0.01770074
-0.76725971,0.00006104
-0.76693971,0.00006104
-0.76661971,-0.01770074
-0.76629971,0.00006104
-0.76597971,0.00006104
-0.76565971,0.00006104
-0.76533971,0.00006104
-0.76501971,0.00006104
-0.76469971,0.00006104
-0.76437971,0.00006104
-0.76405971,0.00006104
-0.76373971,0.00006104
-0.76341971,0.00006104
-0.76309971,0.00006104
-0.76277971,0.00006104
-0.76245971,0.00006104
-0.76213971,-0.01770074
-0.76181971,-0.01770074
-0.76149971,0.00006104
-0.76117971,0.00006104
-0.76085971,-0.01770074
-0.76053971,0.00006104
-0.76021971,0.00006104
-0.75989971,0.00006104
-0.75957971,0.00006104
-0.75925971,0.00006104
-0.75893971,0.00006104
-0.75861971,0.00006104
-0.75829971,0.00006104
-0.75797971,0.00006104
-0.75765971,0.00006104
-0.75733971,0.00006104
-0.75701971,0.00006104
-0.75669971,0.00006104
-0.75637971,0.00006104
-0.75605971,0.00006104
-0.75573971,-0.01770074
-0.75541971,0.00006104
-0.75509971,0.00006104
-0.75477971,0.00006104
-0.75445971,0.00006104
-0.75413971,0.00006104
-0.75381971,0.00006104
-0.75349971,0.00006104
-0.75317971,0.00006104
-0.75285971,0.00006104
-0.75253971,0.00006104
-0.75221971,0.00006104
-0.75189971,0.00006104
-0.75157971,0.00006104
-0.75125971,0.00006104
-0.75093971,0.00006104
-0.75061971,0.00006104
-0.75029971,0.00006104
-0.74997971,-0.01770074
-0.74965971,-0.01770074
-0.74933971,0.00006104
-0.74901971,-0.01770074
-0.74869971,0.00006104
-0.74837971,0.00006104
-0.74805971,0.00006104
-0.74773971,0.00006104
-0.74741971,0.00006104
-0.74709971,0.00006104
-0.74677971,0.00006104
-0.74645971,0.00006104
-0.74613971,0.00006104
-0.74581971,0.00006104
-0.74549971,0.00006104
-0.74517971,-0.01770074
-0.74485971,0.00006104
-0.74453971,0.00006104
-0.74421971,0.00006104
-0.74389971,0.00006104
-0.74357971,0.00006104
-0.74325971,0.00006104
-0.74293971,0.00006104
-0.74261971,-0.01770074
-0.74229971,0.00006104
-0.74197971,0.00006104
-0.74165971,0.00006104
-0.74133971,-0.01770074
-0.74101971,0.00006104
-0.74069971,0.00006104
-0.74037971,0.00006104
-0.74005971,0.00006104
-0.73973971,0.00006104
-0.73941971,0.00006104
-0.73909971,0.00006104
-0.73877971,0.00006104
-0.73845971,0.00006104
-0.73813971,0.00006104
-0.73781971,0.00006104
-0.73749971,0.00006104
-0.73717971,0.00006104
-0.73685971,0.00006104
-0.73653971,0.00006104
-0.73621971,0.00006104
-0.73589971,0.00006104
-0.73557971,-0.01770074
-0.73525971,0.00006104
-0.73493971,0.00006104
-0.73461971,0.00006104
-0.73429971,0.00006104
-0.73397971,0.00006104
-0.73365971,-0.01770074
-0.73333971,-0.01770074
-0.73301971,0.00006104
-0.73269971,-0.01770074
-0.73237971,0.00006104
-0.73205971,0.00006104
-0.73173971,0.00006104
-0.73141971,0.00006104
-0.73109971,0.00006104
-0.73077971,0.00006104
-0.73045971,0.00006104
-0.73013971,0.00006104
-0.72981971,0.00006104
-0.72949971,0.00006104
-0.72917971,0.00006104
-0.72885971,0.00006104
-0.72853971,0.00006104
-0.72821971,0.00006104
-0.72789971,-0.01770074
-0.72757971,-0.01770074
-0.72725971,0.00006104
-0.72693971,0.00006104
-0.72661971,0.00006104
-0.72629971,0.00006104
-0.72597971,0.00006104
-0.72565971,0.00006104
-0.72533971,0.00006104
-0.72501971,0.00006104
-0.72469971,0.00006104
-0.72437971,0.00006104
-0.72405971,0.00006104
-0.72373971,0.00006104
-0.72341971,0.00006104
-0.72309971,0.00006104
-0.72277971,-0.01770074
-0.72245971,0.00006104
-0.72213971,0.00006104
-0.72181971,0.00006104
-0.72149971,0.00006104
-0.72117971,0.00006104
-0.72085971,0.00006104
-0.72053971,0.00006104
-0.72021971,0.00006104
-0.71989971,0.00006104
-0.71957971,0.00006104
-0.71925971,0.00006104
-0.71893971,0.00006104
-0.71861971,0.00006104
-0.71829971,0.00006104
-0.71797971,0.00006104
-0.71765971,0.00006104
-0.71733971,0.00006104
-0.71701971,0.00006104
-0.71669971,0.00006104
-0.71637971,0.00006104
-0.71605971,0.00006104
-0.71573971,0.00006104
-0.71541971,0.00006104
-0.71509971,0.00006104
-0.71477971,0.00006104
-0.71445971,0.00006104
-0.71413971,0.00006104
-0.71381971,0.00006104
-0.71349971,0.00006104
-0.71317971,0.00006104
-0.71285971,0.00006104
-0.71253971,0.00006104
-0.71221971,-0.01770074
-0.71189971,0.00006104
-0.71157971,0.00006104
-0.71125971,0.00006104
-0.71093971,0.00006104
-0.71061971,0.00006104
-0.71029971,-0.01770074
-0.70997971,0.00006104
-0.70965971,-0.01770074
-0.70933971,0.00006104
-0.70901971,0.00006104
-0.70869971,0.00006104
-0.70837971,0.00006104
-0.70805971,0.00006104
-0.70773971,0.00006104
-0.70741971,0.00006104
-0.70709971,0.00006104
-0.70677971,0.00006104
-0.70645971,0.00006104
-0.70613971,0.00006104
-0.70581971,0.00006104
-0.70549971,0.00006104
-0.70517971,0.00006104
-0.70485971,0.00006104
-0.70453971,0.00006104
-0.70421971,0.00006104
-0.70389971,0.00006104
-0.70357971,0.00006104
-0.70325971,0.00006104
-0.70293971,0.00006104
-0.70261971,0.00006104
-0.70229971,0.00006104
-0.70197971,0.00006104
-0.70165971,0.00006104
-0.70133971,0.00006104
-0.70101971,-0.01770074
-0.70069971,0.00006104
-0.70037971,0.00006104
-0.70005971,0.00006104
-0.69973971,0.00006104
-0.69941971,0.00006104
-0.69909971,0.00006104
-0.69877971,0.00006104
-0.69845971,0.00006104
-0.69813971,0.00006104
-0.69781971,0.00006104
-0.69749971,0.00006104
-0.69717971,0.00006104
-0.69685971,0.00006104
-0.69653971,0.00006104
-0.69621971,0.00006104
-0.69589971,0.00006104
-0.69557971,0.00006104
-0.69525971,0.00006104
-0.69493971,0.00006104
-0.69461971,0.00006104
-0.69429971,0.00006104
-0.69397971,-0.01770074
-0.69365971,0.00006104
-0.69333971,0.00006104
-0.69301971,-0.01770074
-0.69269971,0.00006104
-0.69237971,0.00006104
-0.69205971,0.00006104
-0.69173971,-0.01770074
-0.69141971,0.00006104
-0.69109971,-0.01770074
-0.69077971,0.00006104
-0.69045971,0.00006104
-0.69013971,0.00006104
-0.68981971,0.00006104
-0.68949971,0.00006104
-0.68917971,0.00006104
-0.68885971,0.00006104
-0.68853971,0.00006104
-0.68821971,0.00006104
-0.68789971,0.00006104
-0.68757971,0.00006104
-0.68725971,0.00006104
-0.68693971,0.00006104
-0.68661971,0.00006104
-0.68629971,-0.01770074
-0.68597971,0.00006104
-0.68565971,0.00006104
-0.68533971,0.00006104
-0.68501971,0.00006104
-0.68469971,0.00006104
-0.68437971,0.00006104
-0.68405971,0.00006104
-0.68373971,0.00006104
-0.68341971,0.00006104
-0.68309971,0.00006104
-0.68277971,0.00006104
-0.68245971,0.00006104
-0.68213971,0.00006104
-0.68181971,-0.01770074
-0.68149971,0.00006104
-0.68117971,0.00006104
-0.68085971,0.00006104
-0.68053971,0.00006104
-0.68021971,0.00006104
-0.67989971,0.00006104
-0.67957971,0.00006104
-0.67925971,0.00006104
-0.67893971,0.00006104
-0.67861971,0.00006104
-0.67829971,0.00006104
-0.67797971,0.00006104
-0.67765971,0.00006104
-0.67733971,0.00006104
-0.67701971,0.00006104
-0.67669971,-0.01770074
-0.67637971,0.00006104
-0.67605971,0.01788385
-0.67573971,0.00006104
-0.67541971,0.00006104
-0.67509971,0.00006104
-0.67477971,0.00006104
-0.67445971,0.00006104
-0.67413971,0.00006104
-0.67381971,0.00006104
-0.67349971,0.00006104
-0.67317971,0.00006104
-0.67285971,0.00006104
-0.67253971,0.00006104
-0.67221971,0.00006104
-0.67189971,0.00006104
-0.67157971,-0.01770074
-0.67125971,-0.01770074
-0.67093971,0.00006104
-0.67061971,0.00006104
-0.67029971,0.00006104
-0.66997971,0.00006104
-0.66965971,0.00006104
-0.66933971,-0.01770074
-0.66901971,0.00006104
-0.66869971,-0.01770074
-0.66837971,0.00006104
-0.66805971,0.00006104
-0.66773971,0.00006104
-0.66741971,0.00006104
-0.66709971,0.00006104
-0.66677971,0.00006104
-0.66645971,0.00006104
-0.66613971,0.00006104
-0.66581971,0.00006104
-0.66549971,0.00006104
-0.66517971,0.00006104
-0.66485971,0.00006104
-0.66453971,0.00006104
-0.66421971,0.00006104
-0.66389971,-0.01770074
-0.66357971,0.00006104
-0.66325971,0.00006104
-0.66293971,0.00006104
-0.66261971,0.00006104
-0.66229971,-0.01770074
-0.66197971,0.00006104
-0.66165971,0.00006104
-0.66133971,0.00006104
-0.66101971,0.00006104
-0.66069971,0.00006104
-0.66037971,0.00006104
-0.66005971,0.00006104
-0.65973971,0.00006104
-0.65941971,0.00006104
-0.65909971,0.00006104
-0.65877971,0.00006104
-0.65845971,0.00006104
-0.65813971,0.00006104
-0.65781971,0.00006104
-0.65749971,0.00006104
-0.65717971,0.00006104
-0.65685971,0.00006104
-0.65653971,0.00006104
-0.65621971,0.00006104
-0.65589971,0.00006104
-0.65557971,-0.01770074
-0.65525971,0.00006104
-0.65493971,0.00006104
-0.65461971,0.00006104
-0.65429971,0.00006104
-0.65397971,0.00006104
-0.65365971,-0.01770074
-0.65333971,0.00006104
-0.65301971,0.00006104
-0.65269971,0.00006104
-0.65237971,0.00006104
-0.65205971,0.00006104
-0.65173971,0.00006104
-0.65141971,-0.01770074
-0.65109971,0.00006104
-0.65077971,0.00006104
-0.65045971,0.00006104
-0.65013971,0.00006104
-0.64981971,0.00006104
-0.64949971,0.00006104
-0.64917971,0.00006104
-0.64885971,0.00006104
-0.64853971,0.00006104
-0.64821971,0.00006104
-0.64789971,0.00006104
-0.64757971,0.00006104
-0.64725971,0.00006104
-0.64693971,-0.01770074
-0.64661971,0.00006104
-0.64629971,0.00006104
-0.64597971,0.00006104
-0.64565971,0.00006104
-0.64533971,0.00006104
-0.64501971,0.00006104
-0.64469971,0.00006104
-0.64437971,0.00006104
-0.64405971,0.00006104
-0.64373971,0.00006104
-0.64341971,0.00006104
-0.64309971,0.00006104
-0.64277971,0.00006104
-0.64245971,0.00006104
-0.64213971,0.00006104
-0.64181971,0.00006104
-0.64149971,0.00006104
-0.64117971,0.00006104
-0.64085971,0.00006104
-0.64053971,0.00006104
-0.64021971,0.00006104
-0.63989971,0.00006104
-0.63957971,0.00006104
-0.63925971,0.00006104
-0.63893971,0.00006104
-0.63861971,0.00006104
-0.63829971,0.00006104
-0.63797971,0.00006104
-0.63765971,0.00006104
-0.63733971,0.00006104
-0.63701971,0.00006104
-0.63669971,0.00006104
-0.63637971,0.00006104
-0.63605971,0.00006104
-0.63573971,0.00006104
-0.63541971,0.00006104
-0.63509971,0.00006104
-0.63477971,0.00006104
-0.63445971,0.00006104
-0.63413971,0.00006104
-0.63381971,0.00006104
-0.63349971,0.00006104
-0.63317971,0.00006104
-0.63285971,0.00006104
-0.63253971,0.00006104
-0.63221971,0.00006104
-0.63189971,0.00006104
-0.63157971,0.00006104
-0.63125971,0.00006104
-0.63093971,0.00006104
-0.63061971,0.00006104
-0.63029971,0.00006104
-0.62997971,0.00006104
-0.62965971,0.00006104
-0.62933971,0.00006104
-0.62901971,0.00006104
-0.62869971,0.00006104
-0.62837971,0.00006104
-0.62805971,0.00006104
-0.62773971,0.00006104
-0.62741971,0.00006104
-0.62709971,0.00006104
-0.62677971,0.00006104
-0.62645971,0.00006104
-0.62613971,0.00006104
-0.62581971,0.00006104
-0.62549971,0.00006104
-0.62517971,0.00006104
-0.62485971,0.00006104
-0.62453971,0.00006104
-0.62421971,0.00006104
-0.62389971,0.00006104
-0.62357971,0.00006104
-0.62325971,0.00006104
-0.62293971,-0.01770074
-0.62261971,0.00006104
-0.62229971,0.00006104
-0.62197971,0.00006104
-0.62165971,-0.01770074
-0.62133971,0.00006104
-0.62101971,0.00006104
-0.62069971,0.00006104
-0.62037971,-0.01770074
-0.62005971,0.00006104
-0.61973971,0.00006104
-0.61941971,0.00006104
-0.61909971,0.00006104
-0.61877971,0.00006104
-0.61845971,0.00006104
-0.61813971,0.00006104
-0.61781971,0.00006104
-0.61749971,0.00006104
-0.61717971,0.00006104
-0.61685971,0.00006104
-0.61653971,0.00006104
-0.61621971,-0.01770074
-0.61589971,0.00006104
-0.61557971,0.00006104
-0.61525971,0.00006104
-0.61493971,0.00006104
-0.61461971,0.00006104
-0.61429971,0.00006104
-0.61397971,0.00006104
-0.61365971,0.00006104
-0.61333971,0.00006104
-0.61301971,0.00006104
-0.61269971,0.00006104
-0.61237971,0.00006104
-0.61205971,0.00006104
-0.61173971,0.00006104
-0.61141971,0.00006104
-0.61109971,0.00006104
-0.61077971,0.00006104
-0.61045971,0.00006104
-0.61013971,0.00006104
-0.60981971,0.00006104
-0.60949971,-0.01770074
-0.60917971,0.00006104
-0.60885971,0.00006104
-0.60853971,0.00006104
-0.60821971,0.00006104
-0.60789971,0.00006104
-0.60757971,0.00006104
-0.60725971,0.00006104
-0.60693971,0.00006104
-0.60661971,0.00006104
-0.60629971,0.00006104
-0.60597971,0.00006104
-0.60565971,0.00006104
-0.60533971,0.00006104
-0.60501971,0.00006104
-0.60469971,0.00006104
-0.60437971,0.00006104
-0.60405971,0.00006104
-0.60373971,0.00006104
-0.60341971,0.00006104
-0.60309971,0.00006104
-0.60277971,0.00006104
-0.60245971,0.00006104
-0.60213971,0.00006104
-0.60181971,0.00006104
-0.60149971,0.00006104
-0.60117971,0.00006104
-0.60085971,0.00006104
-0.60053971,0.00006104
-0.60021971,0.00006104
-0.59989971,0.00006104
-0.59957971,0.00006104
-0.59925971,0.00006104
-0.59893971,0.00006104
-0.59861971,0.00006104
-0.59829971,0.00006104
-0.59797971,0.00006104
-0.59765971,0.00006104
-0.59733971,0.00006104
-0.59701971,0.00006104
-0.59669971,0.00006104
-0.59637971,0.00006104
-0.59605971,0.00006104
-0.59573971,0.00006104
-0.59541971,0.00006104
-0.59509971,0.00006104
-0.59477971,0.00006104
-0.59445971,0.00006104
-0.59413971,0.00006104
-0.59381971,0.00006104
-0.59349971,-0.01770074
-0.59317971,0.00006104
-0.59285971,0.00006104
-0.59253971,0.00006104
-0.59221971,0.00006104
-0.59189971,-0.01770074
-0.59157971,0.00006104
-0.59125971,0.00006104
-0.59093971,0.00006104
-0.59061971,0.00006104
-0.59029971,-0.01770074
-0.58997971,-0.01770074
-0.58965971,-0.01770074
-0.58933971,0.00006104
-0.58901971,0.00006104
-0.58869971,0.00006104
-0.58837971,0.00006104
-0.58805971,0.00006104
-0.58773971,0.00006104
-0.58741971,0.00006104
-0.58709971,0.00006104
-0.58677971,0.00006104
-0.58645971,0.00006104
-0.58613971,0.00006104
-0.58581971,0.00006104
-0.58549971,0.00006104
-0.58517971,-0.01770074
-0.58485971,0.00006104
-0.58453971,0.00006104
-0.58421971,0.00006104
-0.58389971,0.00006104
-0.58357971,0.00006104
-0.58325971,0.00006104
-0.58293971,0.00006104
-0.58261971,0.00006104
-0.58229971,0.00006104
-0.58197971,0.00006104
-0.58165971,0.00006104
-0.58133971,0.00006104
-0.58101971,0.00006104
-0.58069971,0.00006104
-0.58037971,0.00006104
-0.58005971,0.00006104
-0.57973971,0.00006104
-0.57941971,0.00006104
-0.57909971,0.00006104
-0.57877971,0.00006104
-0.57845971,0.00006104
-0.57813971,0.00006104
-0.57781971,0.00006104
-0.57749971,0.00006104
-0.57717971,0.00006104
-0.57685971,0.00006104
-0.57653971,0.00006104
-0.57621971,0.00006104
-0.57589971,0.00006104
-0.57557971,0.00006104
-0.57525971,0.00006104
-0.57493971,0.00006104
-0.57461971,0.00006104
-0.57429971,0.00006104
-0.57397971,0.00006104
-0.57365971,0.00006104
-0.57333971,0.00006104
-0.57301971,0.00006104
-0.57269971,0.00006104
-0.57237971,0.00006104
-0.57205971,0.00006104
-0.57173971,0.00006104
-0.57141971,0.00006104
-0.57109971,0.00006104
-0.57077971,0.00006104
-0.57045971,0.00006104
-0.57013971,0.00006104
-0.56981971,0.00006104
-0.56949971,0.00006104
-0.56917971,0.00006104
-0.56885971,0.00006104
-0.56853971,-0.01770074
-0.56821971,0.00006104
-0.56789971,0.00006104
-0.56757971,0.00006104
-0.56725971,0.00006104
-0.56693971,0.00006104
-0.56661971,-0.01770074
-0.56629971,0.00006104
-0.56597971,-0.01770074
-0.56565971,0.00006104
-0.56533971,0.00006104
-0.56501971,0.00006104
-0.56469971,0.00006104
-0.56437971,0.00006104
-0.56405971,0.00006104
-0.56373971,0.00006104
-0.56341971,0.00006104
-0.56309971,0.00006104
-0.56277971,0.00006104
-0.56245971,0.00006104
-0.56213971,0.00006104
-0.56181971,0.00006104
-0.56149971,0.00006104
-0.56117971,0.00006104
-0.56085971,0.00006104
-0.56053971,0.00006104
-0.56021971,0.00006104
-0.55989971,0.00006104
-0.55957971,0.00006104
-0.55925971,0.00006104
-0.55893971,0.00006104
-0.55861971,0.00006104
-0.55829971,0.00006104
-0.55797971,0.00006104
-0.55765971,0.00006104
-0.55733971,0.00006104
-0.55701971,0.00006104
-0.55669971,0.00006104
-0.55637971,0.00006104
-0.55605971,0.00006104
-0.55573971,0.00006104
-0.55541971,0.00006104
-0.55509971,0.00006104
-0.55477971,0.00006104
-0.55445971,0.00006104
-0.55413971,0.00006104
-0.55381971,0.00006104
-0.55349971,0.00006104
-0.55317971,0.00006104
-0.55285971,0.00006104
-0.55253971,-0.01770074
-0.55221971,0.00006104
-0.55189971,0.00006104
-0.55157971,0.00006104
-0.55125971,0.00006104
-0.55093971,0.00006104
-0.55061971,0.00006104
-0.55029971,0.00006104
-0.54997971,0.00006104
-0.54965971,0.00006104
-0.54933971,0.00006104
-0.54901971,0.00006104
-0.54869971,0.00006104
-0.54837971,0.00006104
-0.54805971,0.00006104
-0.54773971,0.00006104
-0.54741971,0.00006104
-0.54709971,0.00006104
-0.54677971,0.00006104
-0.54645971,0.00006104
-0.54613971,0.00006104
-0.54581971,0.00006104
-0.54549971,0.00006104
-0.54517971,0.00006104
-0.54485971,0.00006104
-0.54453971,0.00006104
-0.54421971,0.00006104
-0.54389971,0.00006104
-0.54357971,0.00006104
-0.54325971,0.00006104
-0.54293971,0.00006104
-0.54261971,0.00006104
-0.54229971,0.00006104
-0.54197971,0.00006104
-0.54165971,0.00006104
-0.54133971,0.00006104
-0.54101971,0.00006104
-0.54069971,0.00006104
-0.54037971,0.00006104
-0.54005971,0.00006104
-0.53973971,0.00006104
-0.53941971,0.00006104
-0.53909971,0.00006104
-0.53877971,0.00006104
-0.53845971,0.00006104
-0.53813971,0.00006104
-0.53781971,0.00006104
-0.53749971,0.00006104
-0.53717971,0.00006104
-0.53685971,0.00006104
-0.53653971,0.00006104
-0.53621971,0.00006104
-0.53589971,0.00006104
-0.53557971,0.00006104
-0.53525971,0.00006104
-0.53493971,0.00006104
-0.53461971,0.00006104
-0.53429971,0.00006104
-0.53397971,0.00006104
-0.53365971,0.00006104
-0.53333971,0.00006104
-0.53301971,0.00006104
-0.53269971,0.00006104
-0.53237971,0.00006104
-0.53205971,0.00006104
-0.53173971,0.00006104
-0.53141971,0.00006104
-0.53109971,0.00006104
-0.53077971,0.00006104
-0.53045971,0.00006104
-0.53013971,0.00006104
-0.52981971,0.00006104
-0.52949971,0.00006104
-0.52917971,0.00006104
-0.52885971,0.00006104
-0.52853971,0.00006104
-0.52821971,-0.01770074
-0.52789971,0.00006104
-0.52757971,0.00006104
-0.52725971,0.00006104
-0.52693971,0.00006104
-0.52661971,0.00006104
-0.52629971,0.00006104
-0.52597971,0.00006104
-0.52565971,0.00006104
-0.52533971,0.00006104
-0.52501971,0.00006104
-0.52469971,0.00006104
-0.52437971,0.00006104
-0.52405971,0.00006104
-0.52373971,0.00006104
-0.52341971,0.00006104
-0.52309971,0.00006104
-0.52277971,0.00006104
-0.52245971,0.00006104
-0.52213971,0.00006104
-0.52181971,0.00006104
-0.52149971,0.00006104
-0.52117971,0.00006104
-0.52085971,0.00006104
-0.52053971,0.00006104
-0.52021971,0.00006104
-0.51989971,0.00006104
-0.51957971,0.00006104
-0.51925971,0.00006104
-0.51893971,0.00006104
-0.51861971,0.00006104
-0.51829971,0.00006104
-0.51797971,0.00006104
-0.51765971,0.00006104
-0.51733971,0.00006104
-0.51701971,0.00006104
-0.51669971,0.00006104
-0.51637971,0.00006104
-0.51605971,0.00006104
-0.51573971,0.00006104
-0.51541971,0.00006104
-0.51509971,0.00006104
-0.51477971,0.00006104
-0.51445971,0.00006104
-0.51413971,0.00006104
-0.51381971,0.00006104
-0.51349971,0.00006104
-0.51317971,0.00006104
-0.51285971,0.00006104
-0.51253971,0.00006104
-0.51221971,0.00006104
-0.51189971,0.00006104
-0.51157971,0.00006104
-0.51125971,0.00006104
-0.51093971,0.00006104
-0.51061971,-0.01770074
-0.51029971,0.00006104
-0.50997971,0.00006104
-0.50965971,0.00006104
-0.50933971,0.00006104
-0.50901971,0.00006104
-0.50869971,0.00006104
-0.50837971,-0.01770074
-0.50805971,-0.01770074
-0.50773971,0.00006104
-0.50741971,0.00006104
-0.50709971,0.00006104
-0.50677971,-0.01770074
-0.50645971,0.00006104
-0.50613971,0.00006104
-0.50581971,0.00006104
-0.50549971,0.00006104
-0.50517971,0.00006104
-0.50485971,0.00006104
-0.50453971,0.00006104
-0.50421971,-0.01770074
-0.50389971,0.00006104
-0.50357971,0.00006104
-0.50325971,0.00006104
-0.50293971,0.00006104
-0.50261971,0.00006104
-0.50229971,0.00006104
-0.50197971,0.00006104
-0.50165971,1.94030583
-0.50133971,-0.07110813
-0.50101971,-0.64076662
-0.50069971,-0.33814508
-0.50037971,-0.07110813
-0.50005971,0.01788385
-0.49973971,0.00006104
-0.49941971,-0.01770074
-0.49909971,-0.03552354
-0.49877971,-0.05334635
-0.49845971,-0.96114993
-0.49813971,-1.03238010
-0.49781971,0.08911405
-0.49749971,0.21362957
-0.49717971,-0.05334635
-0.49685971,-0.07110813
-0.49653971,0.00006104
-0.49621971,0.03570665
-0.49589971,0.03570665
-0.49557971,0.01788385
-0.49525971,0.00006104
-0.49493971,0.00006104
-0.49461971,0.01788385
-0.49429971,0.03570665
-0.49397971,0.03570665
-0.49365971,0.01788385
-0.49333971,0.01788385
-0.49301971,0.00006104
-0.49269971,0.00006104
-0.49237971,0.01788385
-0.49205971,0.01788385
-0.49173971,0.05346843
-0.49141971,0.05346843
-0.49109971,0.07129124
-0.49077971,0.08911405
-0.49045971,0.05346843
-0.49013971,0.05346843
-0.48981971,0.07129124
-0.48949971,0.03570665
-0.48917971,0.05346843
-0.48885971,0.08911405
-0.48853971,0.07129124
-0.48821971,0.03570665
-0.48789971,0.03570665
-0.48757971,0.05346843
-0.48725971,0.03570665
-0.48693971,0.00006104
-0.48661971,-0.01770074
-0.48629971,-0.01770074
-0.48597971,-0.01770074
-0.48565971,0.00006104
-0.48533971,0.01788385
-0.48501971,-0.01770074
-0.48469971,0.05346843
-0.48437971,0.00006104
-0.48405971,-0.03552354
-0.48373971,0.03570665
-0.48341971,-0.01770074
-0.48309971,0.00006104
-0.48277971,0.05346843
-0.48245971,0.01788385
-0.48213971,0.01788385
-0.48181971,0.03570665
-0.48149971,0.03570665
-0.48117971,0.01788385
-0.48085971,0.01788385
-0.48053971,0.01788385
-0.48021971,0.01788385
-0.47989971,0.01788385
-0.47957971,0.03570665
-0.47925971,0.01788385
-0.47893971,0.00006104
-0.47861971,0.01788385
-0.47829971,0.01788385
-0.47797971,0.01788385
-0.47765971,0.01788385
-0.47733971,0.00006104
-0.47701971,0.00006104
-0.47669971,0.01788385
-0.47637971,0.00006104
-0.47605971,0.00006104
-0.47573971,0.01788385
-0.47541971,0.03570665
-0.47509971,0.00006104
-0.47477971,0.01788385
-0.47445971,0.00006104
-0.47413971,0.00006104
-0.47381971,0.01788385
-0.47349971,0.00006104
-0.47317971,0.00006104
-0.47285971,0.03570665
-0.47253971,0.01788385
-0.47221971,0.00006104
-0.47189971,0.00006104
-0.47157971,0.00006104
-0.47125971,0.00006104
-0.47093971,0.00006104
-0.47061971,0.00006104
-0.47029971,0.00006104
-0.46997971,0.00006104
-0.46965971,0.00006104
-0.46933971,0.00006104
-0.46901971,0.01788385
-0.46869971,0.01788385
-0.46837971,0.00006104
-0.46805971,0.01788385
-0.46773971,0.00006104
-0.46741971,0.00006104
-0.46709971,0.01788385
-0.46677971,0.01788385
-0.46645971,0.01788385
-0.46613971,0.01788385
-0.46581971,0.00006104
-0.46549971,0.00006104
-0.46517971,0.00006104
-0.46485971,0.00006104
-0.46453971,0.00006104
-0.46421971,0.00006104
-0.46389971,0.00006104
-0.46357971,0.00006104
-0.46325971,0.00006104
-0.46293971,0.00006104
-0.46261971,0.01788385
-0.46229971,0.00006104
-0.46197971,0.00006104
-0.46165971,0.01788385
-0.46133971,0.00006104
-0.46101971,0.00006104
-0.46069971,0.00006104
-0.46037971,0.00006104
-0.46005971,0.00006104
-0.45973971,0.01788385
-0.45941971,0.00006104
-0.45909971,0.00006104
-0.45877971,0.00006104
-0.45845971,0.00006104
-0.45813971,0.00006104
-0.45781971,0.01788385
-0.45749971,0.00006104
-0.45717971,0.01788385
-0.45685971,0.00006104
-0.45653971,0.00006104
-0.45621971,0.01788385
-0.45589971,0.01788385
-0.45557971,0.00006104
-0.45525971,0.00006104
-0.45493971,0.00006104
-0.45461971,0.00006104
-0.45429971,0.01788385
-0.45397971,0.00006104
-0.45365971,0.00006104
-0.45333971,0.00006104
-0.45301971,0.00006104
-0.45269971,-0.01770074
-0.45237971,0.00006104
-0.45205971,0.00006104
-0.45173971,0.00006104
-0.45141971,0.00006104
-0.45109971,0.00006104
-0.45077971,0.00006104
-0.45045971,0.00006104
-0.45013971,0.00006104
-0.44981971,0.00006104
-0.44949971,0.00006104
-0.44917971,0.00006104
-0.44885971,0.00006104
-0.44853971,0.00006104
-0.44821971,0.01788385
-0.44789971,0.00006104
-0.44757971,0.00006104
-0.44725971,0.00006104
-0.44693971,0.00006104
-0.44661971,0.00006104
-0.44629971,0.00006104
-0.44597971,0.00006104
-0.44565971,0.00006104
-0.44533971,0.00006104
-0.44501971,0.00006104
-0.44469971,0.00006104
-0.44437971,0.00006104
-0.44405971,0.00006104
-0.44373971,0.00006104
-0.44341971,0.00006104
-0.44309971,0.00006104
-0.44277971,0.00006104
-0.44245971,0.00006104
-0.44213971,0.00006104
-0.44181971,0.00006104
-0.44149971,0.00006104
-0.44117971,0.00006104
-0.44085971,0.00006104
-0.44053971,0.00006104
-0.44021971,0.00006104
-0.43989971,0.00006104
-0.43957971,0.00006104
-0.43925971,0.00006104
-0.43893971,0.00006104
-0.43861971,0.00006104
-0.43829971,0.00006104
-0.43797971,0.00006104
-0.43765971,0.00006104
-0.43733971,0.00006104
-0.43701971,0.00006104
-0.43669971,0.00006104
-0.43637971,0.00006104
-0.43605971,0.00006104
-0.43573971,0.00006104
-0.43541971,0.00006104
-0.43509971,0.00006104
-0.43477971,0.00006104
-0.43445971,0.00006104
-0.43413971,0.00006104
-0.43381971,0.00006104
-0.43349971,0.00006104
-0.43317971,0.00006104
-0.43285971,0.00006104
-0.43253971,0.00006104
-0.43221971,0.00006104
-0.43189971,0.00006104
-0.43157971,0.00006104
-0.43125971,0.00006104
-0.43093971,0.00006104
-0.43061971,0.00006104
-0.43029971,0.00006104
-0.42997971,0.00006104
-0.42965971,0.00006104
-0.42933971,0.00006104
-0.42901971,0.00006104
-0.42869971,0.00006104
-0.42837971,0.00006104
-0.42805971,0.00006104
-0.42773971,0.00006104
-0.42741971,-0.01770074
-0.42709971,0.00006104
-0.42677971,0.00006104
-0.42645971,0.00006104
-0.42613971,0.00006104
-0.42581971,0.00006104
-0.42549971,0.00006104
-0.42517971,0.00006104
-0.42485971,0.00006104
-0.42453971,0.00006104
-0.42421971,0.00006104
-0.42389971,0.00006104
-0.42357971,0.00006104
-0.42325971,0.00006104
-0.42293971,0.00006104
-0.42261971,0.00006104
-0.42229971,0.00006104
-0.42197971,0.00006104
-0.42165971,0.00006104
-0.42133971,0.00006104
-0.42101971,0.00006104
-0.42069971,0.00006104
-0.42037971,0.00006104
-0.42005971,0.00006104
-0.41973971,0.00006104
-0.41941971,0.00006104
-0.41909971,0.00006104
-0.41877971,0.00006104
-0.41845971,0.00006104
-0.41813971,0.00006104
-0.41781971,0.00006104
-0.41749971,0.00006104
-0.41717971,0.00006104
-0.41685971,0.00006104
-0.41653971,0.00006104
-0.41621971,0.00006104
-0.41589971,0.00006104
-0.41557971,0.00006104
-0.41525971,0.00006104
-0.41493971,0.00006104
-0.41461971,0.00006104
-0.41429971,0.00006104
-0.41397971,0.00006104
-0.41365971,0.00006104
-0.41333971,0.00006104
-0.41301971,0.00006104
-0.41269971,0.00006104
-0.41237971,0.00006104
-0.41205971,0.00006104
-0.41173971,0.00006104
-0.41141971,0.00006104
-0.41109971,0.00006104
-0.41077971,0.00006104
-0.41045971,0.00006104
-0.41013971,0.00006104
-0.40981971,0.00006104
-0.40949971,0.00006104
-0.40917971,0.00006104
-0.40885971,0.00006104
-0.40853971,0.00006104
-0.40821971,0.00006104
-0.40789971,0.00006104
-0.40757971,0.00006104
-0.40725971,0.00006104
-0.40693971,0.00006104
-0.40661971,0.00006104
-0.40629971,0.00006104
-0.40597971,0.00006104
-0.40565971,0.00006104
-0.40533971,0.00006104
-0.40501971,0.00006104
-0.40469971,0.00006104
-0.40437971,0.00006104
-0.40405971,0.00006104
-0.40373971,0.00006104
-0.40341971,0.00006104
-0.40309971,0.00006104
-0.40277971,0.00006104
-0.40245971,0.00006104
-0.40213971,0.00006104
-0.40181971,0.00006104
-0.40149971,0.00006104
-0.40117971,0.00006104
-0.40085971,0.00006104
-0.40053971,0.00006104
-0.40021971,0.00006104
-0.39989971,0.00006104
-0.39957971,0.00006104
-0.39925971,0.00006104
-0.39893971,0.00006104
-0.39861971,0.00006104
-0.39829971,0.00006104
-0.39797971,0.00006104
-0.39765971,0.00006104
-0.39733971,0.00006104
-0.39701971,0.00006104
-0.39669971,0.00006104
-0.39637971,0.00006104
-0.39605971,0.00006104
-0.39573971,0.00006104
-0.39541971,0.00006104
-0.39509971,0.00006104
-0.39477971,0.00006104
-0.39445971,0.00006104
-0.39413971,-0.01770074
-0.39381971,0.00006104
-0.39349971,0.00006104
-0.39317971,0.00006104
-0.39285971,-0.01770074
-0.39253971,0.00006104
-0.39221971,0.00006104
-0.39189971,0.00006104
-0.39157971,-0.01770074
-0.39125971,0.00006104
-0.39093971,0.00006104
-0.39061971,0.00006104
-0.39029971,0.00006104
-0.38997971,0.00006104
-0.38965971,0.00006104
-0.38933971,-0.01770074
-0.38901971,0.00006104
-0.38869971,0.00006104
-0.38837971,0.00006104
-0.38805971,0.00006104
-0.38773971,0.00006104
-0.38741971,-0.01770074
-0.38709971,0.00006104
-0.38677971,0.00006104
-0.38645971,0.00006104
-0.38613971,0.00006104
-0.38581971,0.00006104
-0.38549971,0.00006104
-0.38517971,0.00006104
-0.38485971,0.00006104
-0.38453971,0.00006104
-0.38421971,0.00006104
-0.38389971,0.00006104
-0.38357971,0.00006104
-0.38325971,0.00006104
-0.38293971,0.00006104
-0.38261971,0.00006104
-0.38229971,0.00006104
-0.38197971,0.00006104
-0.38165971,0.00006104
-0.38133971,0.00006104
-0.38101971,0.00006104
-0.38069971,0.00006104
-0.38037971,-0.01770074
-0.38005971,0.00006104
-0.37973971,0.00006104
-0.37941971,0.00006104
-0.37909971,0.00006104
-0.37877971,-0.01770074
-0.37845971,0.00006104
-0.37813971,0.00006104
-0.37781971,0.00006104
-0.37749971,0.00006104
-0.37717971,0.00006104
-0.37685971,0.00006104
-0.37653971,0.00006104
-0.37621971,0.00006104
-0.37589971,0.00006104
-0.37557971,0.00006104
-0.37525971,0.00006104
-0.37493971,0.00006104
-0.37461971,-0.01770074
-0.37429971,0.00006104
-0.37397971,-0.01770074
-0.37365971,0.00006104
-0.37333971,0.00006104
-0.37301971,0.00006104
-0.37269971,0.00006104
-0.37237971,0.00006104
-0.37205971,0.00006104
-0.37173971,0.00006104
-0.37141971,0.00006104
-0.37109971,0.00006104
-0.37077971,0.00006104
-0.37045971,0.00006104
-0.37013971,-0.01770074
-0.36981971,0.00006104
-0.36949971,0.00006104
-0.36917971,0.00006104
-0.36885971,0.00006104
-0.36853971,0.00006104
-0.36821971,0.00006104
-0.36789971,0.00006104
-0.36757971,0.00006104
-0.36725971,0.00006104
-0.36693971,0.00006104
-0.36661971,0.00006104
-0.36629971,0.00006104
-0.36597971,0.00006104
-0.36565971,0.00006104
-0.36533971,0.00006104
-0.36501971,0.00006104
-0.36469971,0.00006104
-0.36437971,0.00006104
-0.36405971,0.00006104
-0.36373971,0.00006104
-0.36341971,0.00006104
-0.36309971,0.00006104
-0.36277971,0.00006104
-0.36245971,0.00006104
-0.36213971,0.00006104
-0.36181971,-0.01770074
-0.36149971,-0.01770074
-0.36117971,0.00006104
-0.36085971,0.00006104
-0.36053971,0.00006104
-0.36021971,0.00006104
-0.35989971,0.00006104
-0.35957971,0.00006104
-0.35925971,0.00006104
-0.35893971,0.00006104
-0.35861971,0.00006104
-0.35829971,0.00006104
-0.35797971,-0.01770074
-0.35765971,0.00006104
-0.35733971,0.00006104
-0.35701971,0.00006104
-0.35669971,0.00006104
-0.35637971,0.00006104
-0.35605971,0.00006104
-0.35573971,0.00006104
-0.35541971,0.00006104
-0.35509971,0.00006104
-0.35477971,0.00006104
-0.35445971,0.00006104
-0.35413971,0.00006104
-0.35381971,-0.01770074
-0.35349971,0.00006104
-0.35317971,0.00006104
-0.35285971,0.00006104
-0.35253971,0.00006104
-0.35221971,0.00006104
-0.35189971,0.00006104
-0.35157971,0.00006104
-0.35125971,0.00006104
-0.35093971,0.00006104
-0.35061971,0.00006104
-0.35029971,-0.01770074
-0.34997971,0.00006104
-0.34965971,0.00006104
-0.34933971,0.00006104
-0.34901971,0.00006104
-0.34869971,0.00006104
-0.34837971,0.00006104
-0.34805971,0.00006104
-0.34773971,0.00006104
-0.34741971,0.00006104
-0.34709971,-0.01770074
-0.34677971,0.00006104
-0.34645971,0.00006104
-0.34613971,0.00006104
-0.34581971,0.00006104
-0.34549971,0.00006104
-0.34517971,0.00006104
-0.34485971,0.00006104
-0.34453971,0.00006104
-0.34421971,0.00006104
-0.34389971,0.00006104
-0.34357971,0.00006104
-0.34325971,0.00006104
-0.34293971,0.00006104
-0.34261971,0.00006104
-0.34229971,0.00006104
-0.34197971,0.00006104
-0.34165971,0.00006104
-0.34133971,0.00006104
-0.34101971,0.00006104
-0.34069971,0.00006104
-0.34037971,0.00006104
-0.34005971,0.00006104
-0.33973971,0.00006104
-0.33941971,0.00006104
-0.33909971,0.00006104
-0.33877971,0.00006104
-0.33845971,0.00006104
-0.33813971,0.00006104
-0.33781971,0.00006104
-0.33749971,0.00006104
-0.33717971,0.00006104
-0.33685971,0.00006104
-0.33653971,0.00006104
-0.33621971,0.00006104
-0.33589971,0.00006104
-0.33557971,0.00006104
-0.33525971,0.00006104
-0.33493971,0.00006104
-0.33461971,0.00006104
-0.33429971,0.00006104
-0.33397971,0.00006104
-0.33365971,0.00006104
-0.33333971,0.00006104
-0.33301971,0.00006104
-0.33269971,0.00006104
-0.33237971,0.00006104
-0.33205971,0.00006104
-0.33173971,0.00006104
-0.33141971,0.00006104
-0.33109971,0.00006104
-0.33077971,0.00006104
-0.33045971,0.00006104
-0.33013971,0.00006104
-0.32981971,0.00006104
-0.32949971,0.00006104
-0.32917971,0.00006104
-0.32885971,0.00006104
-0.32853971,-0.01770074
-0.32821971,0.00006104
-0.32789971,0.00006104
-0.32757971,-0.01770074
-0.32725971,0.00006104
-0.32693971,0.00006104
-0.32661971,0.00006104
-0.32629971,0.00006104
-0.32597971,0.00006104
-0.32565971,0.00006104
-0.32533971,0.00006104
-0.32501971,0.00006104
-0.32469971,0.00006104
-0.32437971,0.00006104
-0.32405971,0.00006104
-0.32373971,0.00006104
-0.32341971,0.00006104
-0.32309971,0.00006104
-0.32277971,0.00006104
-0.32245971,-0.01770074
-0.32213971,0.00006104
-0.32181971,0.00006104
-0.32149971,-0.01770074
-0.32117971,0.00006104
-0.32085971,0.00006104
-0.32053971,0.00006104
-0.32021971,0.00006104
-0.31989971,0.00006104
-0.31957971,0.00006104
-0.31925971,-0.01770074
-0.31893971,0.00006104
-0.31861971,0.00006104
-0.31829971,0.00006104
-0.31797971,0.00006104
-0.31765971,0.00006104
-0.31733971,0.00006104
-0.31701971,0.00006104
-0.31669971,0.00006104
-0.31637971,0.00006104
-0.31605971,0.00006104
-0.31573971,0.00006104
-0.31541971,0.00006104
-0.31509971,0.00006104
-0.31477971,0.00006104
-0.31445971,0.00006104
-0.31413971,0.00006104
-0.31381971,0.00006104
-0.31349971,0.00006104
-0.31317971,0.00006104
-0.31285971,0.00006104
-0.31253971,-0.01770074
-0.31221971,-0.01770074
-0.31189971,0.00006104
-0.31157971,0.00006104
-0.31125971,0.00006104
-0.31093971,0.00006104
-0.31061971,0.00006104
-0.31029971,-0.01770074
-0.30997971,0.00006104
-0.30965971,0.00006104
-0.30933971,0.00006104
-0.30901971,0.00006104
-0.30869971,0.00006104
-0.30837971,0.00006104
-0.30805971,0.00006104
-0.30773971,0.00006104
-0.30741971,0.00006104
-0.30709971,0.00006104
-0.30677971,0.00006104
-0.30645971,0.00006104
-0.30613971,0.00006104
-0.30581971,0.00006104
-0.30549971,0.00006104
-0.30517971,0.00006104
-0.30485971,0.00006104
-0.30453971,0.00006104
-0.30421971,0.00006104
-0.30389971,0.00006104
-0.30357971,0.00006104
-0.30325971,0.00006104
-0.30293971,0.00006104
-0.30261971,0.00006104
-0.30229971,0.00006104
-0.30197971,0.00006104
-0.30165971,0.00006104
-0.30133971,0.00006104
-0.30101971,0.00006104
-0.30069971,0.00006104
-0.30037971,-0.01770074
-0.30005971,0.00006104
-0.29973971,0.00006104
-0.29941971,-0.01770074
-0.29909971,0.00006104
-0.29877971,0.00006104
-0.29845971,0.00006104
-0.29813971,0.00006104
-0.29781971,0.00006104
-0.29749971,0.00006104
-0.29717971,0.00006104
-0.29685971,0.00006104
-0.29653971,0.00006104
-0.29621971,0.00006104
-0.29589971,0.00006104
-0.29557971,0.00006104
-0.29525971,0.00006104
-0.29493971,0.00006104
-0.29461971,0.00006104
-0.29429971,0.00006104
-0.29397971,0.00006104
-0.29365971,0.00006104
-0.29333971,0.00006104
-0.29301971,0.00006104
-0.29269971,0.00006104
-0.29237971,0.00006104
-0.29205971,0.00006104
-0.29173971,-0.01770074
-0.29141971,0.00006104
-0.29109971,0.00006104
-0.29077971,0.00006104
-0.29045971,0.00006104
-0.29013971,0.00006104
-0.28981971,0.00006104
-0.28949971,0.00006104
-0.28917971,-0.01770074
-0.28885971,-0.01770074
-0.28853971,0.00006104
-0.28821971,0.00006104
-0.28789971,-0.01770074
-0.28757971,0.00006104
-0.28725971,0.00006104
-0.28693971,0.00006104
-0.28661971,0.00006104
-0.28629971,0.00006104
-0.28597971,0.00006104
-0.28565971,0.00006104
-0.28533971,0.00006104
-0.28501971,0.00006104
-0.28469971,0.00006104
-0.28437971,0.00006104
-0.28405971,0.00006104
-0.28373971,0.00006104
-0.28341971,0.00006104
-0.28309971,0.00006104
-0.28277971,-0.01770074
-0.28245971,0.00006104
-0.28213971,0.00006104
-0.28181971,0.00006104
-0.28149971,0.00006104
-0.28117971,0.00006104
-0.28085971,0.00006104
-0.28053971,0.00006104
-0.28021971,0.00006104
-0.27989971,0.00006104
-0.27957971,0.00006104
-0.27925971,0.00006104
-0.27893971,0.00006104
-0.27861971,0.00006104
-0.27829971,0.00006104
-0.27797971,0.00006104
-0.27765971,0.00006104
-0.27733971,0.00006104
-0.27701971,0.00006104
-0.27669971,0.00006104
-0.27637971,0.00006104
-0.27605971,0.00006104
-0.27573971,0.00006104
-0.27541971,0.00006104
-0.27509971,0.00006104
-0.27477971,0.00006104
-0.27445971,0.00006104
-0.27413971,0.00006104
-0.27381971,0.00006104
-0.27349971,0.00006104
-0.27317971,0.00006104
-0.27285971,0.00006104
-0.27253971,0.00006104
-0.27221971,0.00006104
-0.27189971,0.00006104
-0.27157971,0.00006104
-0.27125971,0.00006104
-0.27093971,0.00006104
-0.27061971,0.00006104
-0.27029971,0.00006104
-0.26997971,0.00006104
-0.26965971,0.00006104
-0.26933971,0.00006104
-0.26901971,0.00006104
-0.26869971,0.00006104
-0.26837971,0.00006104
-0.26805971,0.00006104
-0.26773971,0.00006104
-0.26741971,0.00006104
-0.26709971,0.00006104
-0.26677971,0.00006104
-0.26645971,0.00006104
-0.26613971,0.00006104
-0.26581971,0.00006104
-0.26549971,0.00006104
-0.26517971,0.00006104
-0.26485971,0.00006104
-0.26453971,0.00006104
-0.26421971,0.00006104
-0.26389971,0.00006104
-0.26357971,0.00006104
-0.26325971,0.00006104
-0.26293971,-0.01770074
-0.26261971,-0.01770074
-0.26229971,0.00006104
-0.26197971,0.00006104
-0.26165971,0.00006104
-0.26133971,0.00006104
-0.26101971,0.00006104
-0.26069971,-0.01770074
-0.26037971,0.00006104
-0.26005971,0.00006104
-0.25973971,0.00006104
-0.25941971,-0.01770074
-0.25909971,0.00006104
-0.25877971,0.00006104
-0.25845971,0.00006104
-0.25813971,0.00006104
-0.25781971,0.00006104
-0.25749971,0.00006104
-0.25717971,0.00006104
-0.25685971,0.00006104
-0.25653971,0.00006104
-0.25621971,0.00006104
-0.25589971,0.00006104
-0.25557971,0.00006104
-0.25525971,0.00006104
-0.25493971,0.00006104
-0.25461971,0.00006104
-0.25429971,0.00006104
-0.25397971,0.00006104
-0.25365971,0.00006104
-0.25333971,0.00006104
-0.25301971,0.00006104
-0.25269971,0.00006104
-0.25237971,0.00006104
-0.25205971,0.00006104
-0.25173971,0.00006104
-0.25141971,0.00006104
-0.25109971,0.00006104
-0.25077971,0.00006104
-0.25045971,0.00006104
-0.25013971,0.00006104
-0.24981971,0.00006104
-0.24949971,0.00006104
-0.24917971,0.00006104
-0.24885971,0.00006104
-0.24853971,0.00006104
-0.24821971,0.00006104
-0.24789971,0.00006104
-0.24757971,0.00006104
-0.24725971,0.00006104
-0.24693971,0.00006104
-0.24661971,0.00006104
-0.24629971,0.00006104
-0.24597971,-0.01770074
-0.24565971,0.00006104
-0.24533971,0.00006104
-0.24501971,0.00006104
-0.24469971,0.00006104
-0.24437971,0.00006104
-0.24405971,0.00006104
-0.24373971,0.00006104
-0.24341971,0.00006104
-0.24309971,0.00006104
-0.24277971,0.00006104
-0.24245971,-0.01770074
-0.24213971,0.00006104
-0.24181971,0.00006104
-0.24149971,0.00006104
-0.24117971,0.00006104
-0.24085971,0.00006104
-0.24053971,0.00006104
-0.24021971,0.00006104
-0.23989971,0.00006104
-0.23957971,-0.01770074
-0.23925971,-0.01770074
-0.23893971,0.00006104
-0.23861971,0.00006104
-0.23829971,0.00006104
-0.23797971,0.00006104
-0.23765971,0.00006104
-0.23733971,0.00006104
-0.23701971,0.00006104
-0.23669971,0.00006104
-0.23637971,0.00006104
-0.23605971,0.00006104
-0.23573971,0.00006104
-0.23541971,0.00006104
-0.23509971,0.00006104
-0.23477971,0.00006104
-0.23445971,0.00006104
-0.23413971,-0.01770074
-0.23381971,0.00006104
-0.23349971,0.00006104
-0.23317971,0.00006104
-0.23285971,0.00006104
-0.23253971,0.00006104
-0.23221971,0.00006104
-0.23189971,0.00006104
-0.23157971,0.00006104
-0.23125971,0.00006104
-0.23093971,0.00006104
-0.23061971,0.00006104
-0.23029971,0.00006104
-0.22997971,0.00006104
-0.22965971,0.00006104
-0.22933971,0.00006104
-0.22901971,0.00006104
-0.22869971,0.00006104
-0.22837971,0.00006104
-0.22805971,0.00006104
-0.22773971,0.00006104
-0.22741971,0.00006104
-0.22709971,0.00006104
-0.22677971,0.00006104
-0.22645971,0.00006104
-0.22613971,0.00006104
-0.22581971,-0.01770074
-0.22549971,-0.01770074
-0.22517971,0.00006104
-0.22485971,0.00006104
-0.22453971,0.00006104
-0.22421971,0.00006104
-0.22389971,0.00006104
-0.22357971,0.00006104
-0.22325971,0.00006104
-0.22293971,0.00006104
-0.22261971,0.00006104
-0.22229971,0.00006104
-0.22197971,0.00006104
-0.22165971,0.00006104
-0.22133971,0.00006104
-0.22101971,0.00006104
-0.22069971,0.00006104
-0.22037971,0.00006104
-0.22005971,0.00006104
-0.21973971,0.00006104
-0.21941971,0.00006104
-0.21909971,0.00006104
-0.21877971,-0.01770074
-0.21845971,0.00006104
-0.21813971,-0.01770074
-0.21781971,0.00006104
-0.21749971,0.00006104
-0.21717971,0.00006104
-0.21685971,0.00006104
-0.21653971,0.00006104
-0.21621971,0.00006104
-0.21589971,0.00006104
-0.21557971,0.00006104
-0.21525971,0.00006104
-0.21493971,-0.01770074
-0.21461971,0.00006104
-0.21429971,0.00006104
-0.21397971,0.00006104
-0.21365971,0.00006104
-0.21333971,0.00006104
-0.21301971,0.00006104
-0.21269971,0.00006104
-0.21237971,0.00006104
-0.21205971,0.00006104
-0.21173971,0.00006104
-0.21141971,0.00006104
-0.21109971,0.00006104
-0.21077971,0.00006104
-0.21045971,-0.01770074
-0.21013971,0.00006104
-0.20981971,0.00006104
-0.20949971,0.00006104
-0.20917971,0.00006104
-0.20885971,0.00006104
-0.20853971,0.00006104
-0.20821971,-0.01770074
-0.20789971,0.00006104
-0.20757971,0.00006104
-0.20725971,0.00006104
-0.20693971,0.00006104
-0.20661971,0.00006104
-0.20629971,0.00006104
-0.20597971,0.00006104
-0.20565971,0.00006104
-0.20533971,0.00006104
-0.20501971,0.00006104
-0.20469971,0.00006104
-0.20437971,0.00006104
-0.20405971,0.00006104
-0.20373971,0.00006104
-0.20341971,0.00006104
-0.20309971,0.00006104
-0.20277971,0.00006104
-0.20245971,0.00006104
-0.20213971,0.00006104
-0.20181971,0.00006104
-0.20149971,-0.01770074
-0.20117971,0.00006104
-0.20085971,-0.01770074
-0.20053971,0.00006104
-0.20021971,0.00006104
-0.19989971,0.00006104
-0.19957971,0.00006104
-0.19925971,0.00006104
-0.19893971,0.00006104
-0.19861971,0.00006104
-0.19829971,0.00006104
-0.19797971,0.00006104
-0.19765971,0.00006104
-0.19733971,0.00006104
-0.19701971,0.00006104
-0.19669971,0.00006104
-0.19637971,0.00006104
-0.19605971,0.00006104
-0.19573971,-0.01770074
-0.19541971,0.00006104
-0.19509971,0.00006104
-0.19477971,0.00006104
-0.19445971,0.00006104
-0.19413971,0.00006104
-0.19381971,0.00006104
-0.19349971,0.00006104
-0.19317971,0.00006104
-0.19285971,0.00006104
-0.19253971,0.00006104
-0.19221971,0.00006104
-0.19189971,0.00006104
-0.19157971,0.00006104
-0.19125971,-0.01770074
-0.19093971,0.00006104
-0.19061971,0.00006104
-0.19029971,0.00006104
-0.18997971,0.00006104
-0.18965971,0.00006104
-0.18933971,0.00006104
-0.18901971,0.00006104
-0.18869971,0.00006104
-0.18837971,-0.01770074
-0.18805971,0.00006104
-0.18773971,0.00006104
-0.18741971,0.00006104
-0.18709971,0.00006104
-0.18677971,0.00006104
-0.18645971,0.00006104
-0.18613971,-0.01770074
-0.18581971,0.00006104
-0.18549971,0.00006104
-0.18517971,0.00006104
-0.18485971,-0.01770074
-0.18453971,0.00006104
-0.18421971,0.00006104
-0.18389971,0.00006104
-0.18357971,0.00006104
-0.18325971,0.00006104
-0.18293971,0.00006104
-0.18261971,0.00006104
-0.18229971,0.00006104
-0.18197971,0.00006104
-0.18165971,0.00006104
-0.18133971,0.00006104
-0.18101971,0.00006104
-0.18069971,-0.01770074
-0.18037971,0.00006104
-0.18005971,0.00006104
-0.17973971,0.00006104
-0.17941971,0.00006104
-0.17909971,0.00006104
-0.17877971,0.00006104
-0.17845971,0.00006104
-0.17813971,0.00006104
-0.17781971,0.00006104
-0.17749971,0.00006104
-0.17717971,0.00006104
-0.17685971,0.00006104
-0.17653971,0.00006104
-0.17621971,0.00006104
-0.17589971,0.00006104
-0.17557971,0.00006104
-0.17525971,0.00006104
-0.17493971,0.00006104
-0.17461971,0.00006104
-0.17429971,0.00006104
-0.17397971,0.00006104
-0.17365971,0.00006104
-0.17333971,0.00006104
-0.17301971,0.00006104
-0.17269971,0.00006104
-0.17237971,0.00006104
-0.17205971,0.00006104
-0.17173971,0.00006104
-0.17141971,0.00006104
-0.17109971,0.00006104
-0.17077971,-0.01770074
-0.17045971,0.00006104
-0.17013971,0.00006104
-0.16981971,-0.01770074
-0.16949971,0.00006104
-0.16917971,0.00006104
-0.16885971,0.00006104
-0.16853971,0.00006104
-0.16821971,0.00006104
-0.16789971,0.00006104
-0.16757971,0.00006104
-0.16725971,0.00006104
-0.16693971,0.00006104
-0.16661971,0.00006104
-0.16629971,0.00006104
-0.16597971,0.00006104
-0.16565971,0.00006104
-0.16533971,0.00006104
-0.16501971,0.00006104
-0.16469971,0.00006104
-0.16437971,0.00006104
-0.16405971,0.00006104
-0.16373971,0.00006104
-0.16341971,0.00006104
-0.16309971,0.00006104
-0.16277971,0.00006104
-0.16245971,0.00006104
-0.16213971,0.00006104
-0.16181971,0.00006104
-0.16149971,0.00006104
-0.16117971,0.00006104
-0.16085971,0.00006104
-0.16053971,0.00006104
-0.16021971,0.00006104
-0.15989971,0.00006104
-0.15957971,0.00006104
-0.15925971,0.00006104
-0.15893971,0.00006104
-0.15861971,0.00006104
-0.15829971,0.00006104
-0.15797971,0.00006104
-0.15765971,0.00006104
-0.15733971,0.00006104
-0.15701971,0.00006104
-0.15669971,0.00006104
-0.15637971,0.00006104
-0.15605971,0.00006104
-0.15573971,0.00006104
-0.15541971,0.00006104
-0.15509971,0.00006104
-0.15477971,0.00006104
-0.15445971,0.00006104
-0.15413971,0.00006104
-0.15381971,0.00006104
-0.15349971,0.00006104
-0.15317971,0.00006104
-0.15285971,0.00006104
-0.15253971,0.00006104
-0.15221971,0.00006104
-0.15189971,0.00006104
-0.15157971,0.00006104
-0.15125971,0.00006104
-0.15093971,0.00006104
-0.15061971,0.00006104
-0.15029971,0.00006104
-0.14997971,0.00006104
-0.14965971,0.00006104
-0.14933971,0.00006104
-0.14901971,0.00006104
-0.14869971,0.00006104
-0.14837971,0.00006104
-0.14805971,0.00006104
-0.14773971,0.00006104
-0.14741971,0.00006104
-0.14709971,0.00006104
-0.14677971,0.00006104
-0.14645971,0.00006104
-0.14613971,0.00006104
-0.14581971,0.00006104
-0.14549971,0.00006104
-0.14517971,0.00006104
-0.14485971,0.00006104
-0.14453971,0.00006104
-0.14421971,0.00006104
-0.14389971,0.00006104
-0.14357971,0.00006104
-0.14325971,0.00006104
-0.14293971,0.00006104
-0.14261971,0.00006104
-0.14229971,0.00006104
-0.14197971,0.00006104
-0.14165971,0.00006104
-0.14133971,0.00006104
-0.14101971,0.00006104
-0.14069971,0.00006104
-0.14037971,0.00006104
-0.14005971,0.00006104
-0.13973971,0.00006104
-0.13941971,0.00006104
-0.13909971,0.00006104
-0.13877971,0.00006104
-0.13845971,0.00006104
-0.13813971,0.00006104
-0.13781971,0.00006104
-0.13749971,0.00006104
-0.13717971,-0.01770074
-0.13685971,0.00006104
-0.13653971,0.00006104
-0.13621971,0.00006104
-0.13589971,0.00006104
-0.13557971,0.00006104
-0.13525971,-0.01770074
-0.13493971,0.00006104
-0.13461971,0.00006104
-0.13429971,0.00006104
-0.13397971,0.00006104
-0.13365971,0.00006104
-0.13333971,0.00006104
-0.13301971,0.00006104
-0.13269971,0.00006104
-0.13237971,0.00006104
-0.13205971,-0.01770074
-0.13173971,-0.01770074
-0.13141971,0.00006104
-0.13109971,0.00006104
-0.13077971,0.00006104
-0.13045971,0.00006104
-0.13013971,-0.01770074
-0.12981971,0.00006104
-0.12949971,0.00006104
-0.12917971,0.00006104
-0.12885971,0.00006104
-0.12853971,0.00006104
-0.12821971,-0.01770074
-0.12789971,0.00006104
-0.12757971,0.00006104
-0.12725971,0.00006104
-0.12693971,0.00006104
-0.12661971,0.00006104
-0.12629971,0.00006104
-0.12597971,0.00006104
-0.12565971,0.00006104
-0.12533971,0.00006104
-0.12501971,0.00006104
-0.12469971,0.00006104
-0.12437971,0.00006104
-0.12405971,0.00006104
-0.12373971,0.00006104
-0.12341971,0.00006104
-0.12309971,0.00006104
-0.12277971,0.00006104
-0.12245971,0.00006104
-0.12213971,0.00006104
-0.12181971,0.00006104
-0.12149971,0.00006104
-0.12117971,-0.01770074
-0.12085971,0.00006104
-0.12053971,0.00006104
-0.12021971,0.00006104
-0.11989971,0.00006104
-0.11957971,0.00006104
-0.11925971,0.00006104
-0.11893971,0.00006104
-0.11861971,0.00006104
-0.11829971,0.00006104
-0.11797971,0.00006104
-0.11765971,0.00006104
-0.11733971,0.00006104
-0.11701971,0.00006104
-0.11669971,0.00006104
-0.11637971,0.00006104
-0.11605971,0.00006104
-0.11573971,0.00006104
-0.11541971,0.00006104
-0.11509971,0.00006104
-0.11477971,0.00006104
-0.11445971,0.00006104
-0.11413971,0.00006104
-0.11381971,0.00006104
-0.11349971,0.00006104
-0.11317971,0.00006104
-0.11285971,0.00006104
-0.11253971,0.00006104
-0.11221971,0.00006104
-0.11189971,0.00006104
-0.11157971,0.00006104
-0.11125971,0.00006104
-0.11093971,0.00006104
-0.11061971,0.00006104
-0.11029971,0.00006104
-0.10997971,0.00006104
-0.10965971,0.00006104
-0.10933971,0.00006104
-0.10901971,0.00006104
-0.10869971,0.00006104
-0.10837971,0.00006104
-0.10805971,0.00006104
-0.10773971,0.00006104
-0.10741971,0.00006104
-0.10709971,0.00006104
-0.10677971,0.00006104
-0.10645971,0.00006104
-0.10613971,0.00006104
-0.10581971,0.00006104
-0.10549971,0.00006104
-0.10517971,0.00006104
-0.10485971,0.00006104
-0.10453971,0.00006104
-0.10421971,0.00006104
-0.10389971,0.00006104
-0.10357971,0.00006104
-0.10325971,0.00006104
-0.10293971,0.00006104
-0.10261971,0.00006104
-0.10229971,0.00006104
-0.10197971,0.00006104
-0.10165971,0.00006104
-0.10133971,0.00006104
-0.10101971,0.00006104
-0.10069971,0.00006104
-0.10037971,0.00006104
-0.10005971,0.00006104
-0.09973971,0.00006104
-0.09941971,0.00006104
-0.09909971,0.00006104
-0.09877971,0.00006104
-0.09845971,0.00006104
-0.09813971,0.00006104
-0.09781971,-0.01770074
-0.09749971,0.00006104
-0.09717971,0.00006104
-0.09685971,0.00006104
-0.09653971,0.00006104
-0.09621971,0.00006104
-0.09589971,0.00006104
-0.09557971,0.00006104
-0.09525971,-0.01770074
-0.09493971,0.00006104
-0.09461971,0.00006104
-0.09429971,0.00006104
-0.09397971,0.00006104
-0.09365971,0.00006104
-0.09333971,0.00006104
-0.09301971,0.00006104
-0.09269971,0.00006104
-0.09237971,0.00006104
-0.09205971,0.00006104
-0.09173971,0.00006104
-0.09141971,0.00006104
-0.09109971,0.00006104
-0.09077971,0.00006104
-0.09045971,-0.01770074
-0.09013971,0.00006104
-0.08981971,-0.01770074
-0.08949971,-0.01770074
-0.08917971,0.00006104
-0.08885971,0.00006104
-0.08853971,0.00006104
-0.08821971,0.00006104
-0.08789971,0.00006104
-0.08757971,0.00006104
-0.08725971,0.00006104
-0.08693971,0.00006104
-0.08661971,0.00006104
-0.08629971,0.00006104
-0.08597971,0.00006104
-0.08565971,0.00006104
-0.08533971,0.00006104
-0.08501971,0.00006104
-0.08469971,0.00006104
-0.08437971,0.00006104
-0.08405971,0.00006104
-0.08373971,0.00006104
-0.08341971,0.00006104
-0.08309971,0.00006104
-0.08277971,0.00006104
-0.08245971,0.00006104
-0.08213971,0.00006104
-0.08181971,0.00006104
-0.08149971,0.00006104
-0.08117971,0.00006104
-0.08085971,0.00006104
-0.08053971,0.00006104
-0.08021971,0.00006104
-0.07989971,0.00006104
-0.07957971,0.00006104
-0.07925971,0.00006104
-0.07893971,0.00006104
-0.07861971,0.00006104
-0.07829971,0.00006104
-0.07797971,0.00006104
-0.07765971,0.00006104
-0.07733971,0.00006104
-0.07701971,0.00006104
-0.07669971,-0.01770074
-0.07637971,0.00006104
-0.07605971,0.00006104
-0.07573971,0.00006104
-0.07541971,0.00006104
-0.07509971,0.00006104
-0.07477971,-0.01770074
-0.07445971,0.00006104
-0.07413971,0.00006104
-0.07381971,0.00006104
-0.07349971,-0.01770074
-0.07317971,0.00006104
-0.07285971,0.00006104
-0.07253971,0.00006104
-0.07221971,0.00006104
-0.07189971,0.00006104
-0.07157971,0.01788385
-0.07125971,0.00006104
-0.07093971,0.00006104
-0.07061971,0.00006104
-0.07029971,0.00006104
-0.06997971,0.00006104
-0.06965971,0.00006104
-0.06933971,0.00006104
-0.06901971,0.00006104
-0.06869971,0.00006104
-0.06837971,0.00006104
-0.06805971,0.00006104
-0.06773971,0.00006104
-0.06741971,0.00006104
-0.06709971,0.00006104
-0.06677971,0.00006104
-0.06645971,0.00006104
-0.06613971,0.00006104
-0.06581971,0.00006104
-0.06549971,0.00006104
-0.06517971,0.00006104
-0.06485971,0.00006104
-0.06453971,0.00006104
-0.06421971,0.00006104
-0.06389971,0.00006104
-0.06357971,0.00006104
-0.06325971,0.00006104
-0.06293971,0.00006104
-0.06261971,0.00006104
-0.06229971,0.00006104
-0.06197971,0.00006104
-0.06165971,0.00006104
-0.06133971,0.00006104
-0.06101971,0.00006104
-0.06069971,0.00006104
-0.06037971,0.00006104
-0.06005971,0.00006104
-0.05973971,0.00006104
-0.05941971,-0.01770074
-0.05909971,0.00006104
-0.05877971,0.00006104
-0.05845971,0.00006104
-0.05813971,0.00006104
-0.05781971,0.00006104
-0.05749971,0.00006104
-0.05717971,0.00006104
-0.05685971,0.00006104
-0.05653971,0.00006104
-0.05621971,0.00006104
-0.05589971,0.00006104
-0.05557971,0.00006104
-0.05525971,0.00006104
-0.05493971,0.00006104
-0.05461971,0.00006104
-0.05429971,0.00006104
-0.05397971,0.00006104
-0.05365971,0.00006104
-0.05333971,0.00006104
-0.05301971,0.00006104
-0.05269971,0.00006104
-0.05237971,0.00006104
-0.05205971,0.00006104
-0.05173971,0.00006104
-0.05141971,0.00006104
-0.05109971,0.00006104
-0.05077971,0.00006104
-0.05045971,-0.01770074
-0.05013971,-0.01770074
-0.04981971,0.00006104
-0.04949971,0.00006104
-0.04917971,0.00006104
-0.04885971,0.00006104
-0.04853971,0.00006104
-0.04821971,0.00006104
-0.04789971,0.00006104
-0.04757971,0.00006104
-0.04725971,-0.01770074
-0.04693971,0.00006104
-0.04661971,0.00006104
-0.04629971,0.00006104
-0.04597971,0.00006104
-0.04565971,0.00006104
-0.04533971,0.00006104
-0.04501971,0.00006104
-0.04469971,0.00006104
-0.04437971,-0.01770074
-0.04405971,0.00006104
-0.04373971,0.00006104
-0.04341971,0.00006104
-0.04309971,0.00006104
-0.04277971,0.00006104
-0.04245971,0.00006104
-0.04213971,0.00006104
-0.04181971,0.00006104
-0.04149971,0.00006104
-0.04117971,0.00006104
-0.04085971,0.00006104
-0.04053971,0.00006104
-0.04021971,0.00006104
-0.03989971,0.00006104
-0.03957971,0.00006104
-0.03925971,0.00006104
-0.03893971,0.00006104
-0.03861971,0.00006104
-0.03829971,0.00006104
-0.03797971,0.00006104
-0.03765971,0.00006104
-0.03733971,0.00006104
-0.03701971,0.00006104
-0.03669971,0.00006104
-0.03637971,0.00006104
-0.03605971,0.00006104
-0.03573971,0.00006104
-0.03541971,0.00006104
-0.03509971,0.00006104
-0.03477971,0.00006104
-0.03445971,0.00006104
-0.03413971,0.00006104
-0.03381971,0.00006104
-0.03349971,0.00006104
-0.03317971,0.00006104
-0.03285971,0.00006104
-0.03253971,0.00006104
-0.03221971,0.00006104
-0.03189971,0.00006104
-0.03157971,-0.01770074
-0.03125971,0.00006104
-0.03093971,-0.01770074
-0.03061971,0.00006104
-0.03029971,0.00006104
-0.02997971,0.00006104
-0.02965971,0.00006104
-0.02933971,0.00006104
-0.02901971,0.00006104
-0.02869971,0.00006104
-0.02837971,0.00006104
-0.02805971,0.00006104
-0.02773971,0.00006104
-0.02741971,0.00006104
-0.02709971,0.00006104
-0.02677971,0.00006104
-0.02645971,0.00006104
-0.02613971,-0.01770074
-0.02581971,0.00006104
-0.02549971,0.00006104
-0.02517971,0.00006104
-0.02485971,0.00006104
-0.02453971,0.00006104
-0.02421971,0.00006104
-0.02389971,0.00006104
-0.02357971,0.00006104
-0.02325971,0.00006104
-0.02293971,0.00006104
-0.02261971,0.00006104
-0.02229971,0.00006104
-0.02197971,0.00006104
-0.02165971,0.00006104
-0.02133971,0.00006104
-0.02101971,0.00006104
-0.02069971,0.00006104
-0.02037971,-0.01770074
-0.02005971,0.00006104
-0.01973971,0.00006104
-0.01941971,0.00006104
-0.01909971,0.00006104
-0.01877971,0.00006104
-0.01845971,0.00006104
-0.01813971,0.00006104
-0.01781971,0.00006104
-0.01749971,0.00006104
-0.01717971,0.00006104
-0.01685971,0.00006104
-0.01653971,0.00006104
-0.01621971,0.00006104
-0.01589971,0.00006104
-0.01557971,0.00006104
-0.01525971,-0.01770074
-0.01493971,0.00006104
-0.01461971,0.00006104
-0.01429971,0.00006104
-0.01397971,0.00006104
-0.01365971,0.00006104
-0.01333971,-0.01770074
-0.01301971,0.00006104
-0.01269971,0.00006104
-0.01237971,0.00006104
-0.01205971,0.00006104
-0.01173971,0.00006104
-0.01141971,0.00006104
-0.01109971,0.00006104
-0.01077971,0.00006104
-0.01045971,0.00006104
-0.01013971,0.00006104
-0.00981971,0.00006104
-0.00949971,0.00006104
-0.00917971,0.00006104
-0.00885971,0.00006104
-0.00853971,0.00006104
-0.00821971,0.00006104
-0.00789971,0.00006104
-0.00757971,0.00006104
-0.00725971,0.00006104
-0.00693971,0.00006104
-0.00661971,0.00006104
-0.00629971,0.00006104
-0.00597971,0.00006104
-0.00565971,0.00006104
-0.00533971,0.00006104
-0.00501971,0.00006104
-0.00469971,0.00006104
-0.00437971,0.00006104
-0.00405971,0.00006104
-0.00373971,-0.01770074
-0.00341971,0.00006104
-0.00309971,-0.01770074
-0.00277971,0.00006104
-0.00245971,0.00006104
-0.00213971,0.00006104
-0.00181971,1.81572926
-0.00149971,-0.07110813
-0.00117971,-0.48054445
-0.00085971,-0.26691487
-0.00053971,-0.08893093
-0.00021971,-0.03552354
0.00010029,0.00006104
0.00042029,-0.01770074
0.00074029,-0.01770074
0.00106029,-0.03552354
0.00138029,-0.92556536
0.00170029,-1.10354924
0.00202029,0.58748132
0.00234029,0.67647326
0.00266029,0.05346843
0.00298029,-0.10669271
0.00330029,-0.01770074
0.00362029,0.01788385
0.00394029,0.03570665
0.00426029,0.01788385
0.00458029,0.00006104
0.00490029,0.01788385
0.00522029,0.01788385
0.00554029,0.03570665
0.00586029,0.03570665
0.00618029,0.03570665
0.00650029,0.01788385
0.00682029,0.00006104
0.00714029,0.00006104
0.00746029,0.01788385
0.00778029,0.01788385
0.00810029,0.03570665
0.00842029,0.07129124
0.00874029,0.05346843
0.00906029,0.08911405
0.00938029,0.05346843
0.00970029,0.05346843
0.01002029,0.07129124
0.01034029,0.03570665
0.01066029,0.05346843
0.01098029,0.08911405
0.01130029,0.07129124
0.01162029,0.03570665
0.01194029,0.03570665
0.01226029,0.03570665
0.01258029,0.01788385
0.01290029,0.00006104
0.01322029,-0.01770074
0.01354029,-0.01770074
0.01386029,-0.03552354
0.01418029,0.01788385
0.01450029,0.01788385
0.01482029,0.00006104
0.01514029,0.05346843
0.01546029,0.00006104
0.01578029,-0.03552354
0.01610029,0.03570665
0.01642029,-0.01770074
0.01674029,0.00006104
0.01706029,0.03570665
0.01738029,0.01788385
0.01770029,0.01788385
0.01802029,0.03570665
0.01834029,0.03570665
0.01866029,0.01788385
0.01898029,0.01788385
0.01930029,0.01788385
0.01962029,0.00006104
0.01994029,0.01788385
0.02026029,0.03570665
0.02058029,0.01788385
0.02090029,-0.01770074
0.02122029,0.01788385
0.02154029,0.01788385
0.02186029,0.01788385
0.02218029,0.01788385
0.02250029,0.00006104
0.02282029,-0.01770074
0.02314029,0.01788385
0.02346029,0.01788385
0.02378029,0.00006104
0.02410029,0.01788385
0.02442029,0.01788385
0.02474029,0.00006104
0.02506029,0.01788385
0.02538029,0.00006104
0.02570029,0.00006104
0.02602029,0.01788385
0.02634029,0.00006104
0.02666029,0.00006104
0.02698029,0.01788385
0.02730029,0.01788385
0.02762029,0.00006104
0.02794029,0.00006104
0.02826029,0.00006104
0.02858029,0.00006104
0.02890029,0.01788385
0.02922029,0.00006104
0.02954029,0.00006104
0.02986029,0.00006104
0.03018029,0.00006104
0.03050029,0.00006104
0.03082029,0.01788385
0.03114029,0.01788385
0.03146029,0.00006104
0.03178029,0.01788385
0.03210029,0.00006104
0.03242029,0.00006104
0.03274029,0.01788385
0.03306029,0.01788385
0.03338029,0.01788385
0.03370029,0.00006104
0.03402029,0.00006104
0.03434029,0.00006104
0.03466029,0.00006104
0.03498029,0.00006104
0.03530029,0.00006104
0.03562029,0.00006104
0.03594029,0.00006104
0.03626029,0.01788385
0.03658029,0.00006104
0.03690029,0.01788385
0.03722029,0.01788385
0.03754029,0.00006104
0.03786029,0.00006104
0.03818029,0.00006104
0.03850029,0.00006104
0.03882029,0.00006104
0.03914029,0.00006104
0.03946029,0.00006104
0.03978029,0.00006104
0.04010029,0.00006104
0.04042029,0.00006104
0.04074029,0.00006104
0.04106029,0.00006104
0.04138029,0.00006104
0.04170029,0.00006104
0.04202029,0.00006104
0.04234029,0.00006104
0.04266029,0.00006104
0.04298029,0.00006104
0.04330029,0.00006104
0.04362029,0.00006104
0.04394029,0.00006104
0.04426029,0.00006104
0.04458029,0.00006104
0.04490029,0.00006104
0.04522029,0.00006104
0.04554029,0.00006104
0.04586029,0.00006104
0.04618029,0.00006104
0.04650029,0.00006104
0.04682029,0.00006104
0.04714029,-0.01770074
0.04746029,0.00006104
0.04778029,0.00006104
0.04810029,0.00006104
0.04842029,0.00006104
0.04874029,0.00006104
0.04906029,0.00006104
0.04938029,0.00006104
0.04970029,0.00006104
0.05002029,0.00006104
0.05034029,0.00006104
0.05066029,0.00006104
0.05098029,0.01788385
0.05130029,0.00006104
0.05162029,0.00006104
0.05194029,0.00006104
0.05226029,0.01788385
0.05258029,0.01788385
0.05290029,0.00006104
0.05322029,0.00006104
0.05354029,0.00006104
0.05386029,0.00006104
0.05418029,0.00006104
0.05450029,0.00006104
0.05482029,0.00006104
0.05514029,0.00006104
0.05546029,0.00006104
0.05578029,0.00006104
0.05610029,0.00006104
0.05642029,0.00006104
0.05674029,0.00006104
0.05706029,0.00006104
0.05738029,0.00006104
0.05770029,0.00006104
0.05802029,0.00006104
0.05834029,0.00006104
0.05866029,0.00006104
0.05898029,0.00006104
0.05930029,0.00006104
0.05962029,0.00006104
0.05994029,0.00006104
0.06026029,0.00006104
0.06058029,0.00006104
0.06090029,0.00006104
0.06122029,0.00006104
0.06154029,0.00006104
0.06186029,0.00006104
0.06218029,0.00006104
0.06250029,0.00006104
0.06282029,0.00006104
0.06314029,0.00006104
0.06346029,0.00006104
0.06378029,0.00006104
0.06410029,0.00006104
0.06442029,0.00006104
0.06474029,0.00006104
0.06506029,0.00006104
0.06538029,0.00006104
0.06570029,0.00006104
0.06602029,0.00006104
0.06634029,0.00006104
0.06666029,0.00006104
0.06698029,0.00006104
0.06730029,0.00006104
0.06762029,0.00006104
0.06794029,0.00006104
0.06826029,0.00006104
0.06858029,0.00006104
0.06890029,0.00006104
0.06922029,0.00006104
0.06954029,0.00006104
0.06986029,0.00006104
0.07018029,0.00006104
0.07050029,0.00006104
0.07082029,0.00006104
0.07114029,0.00006104
0.07146029,0.00006104
0.07178029,0.00006104
0.07210029,0.00006104
0.07242029,0.00006104
0.07274029,0.00006104
0.07306029,0.00006104
0.07338029,0.00006104
0.07370029,0.00006104
0.07402029,0.00006104
0.07434029,0.00006104
0.07466029,0.00006104
0.07498029,0.00006104
0.07530029,0.00006104
0.07562029,0.00006104
0.07594029,0.00006104
0.07626029,0.00006104
0.07658029,0.00006104
0.07690029,0.00006104
0.07722029,0.00006104
0.07754029,0.00006104
0.07786029,0.00006104
0.07818029,0.00006104
0.07850029,0.00006104
0.07882029,0.00006104
0.07914029,0.00006104
0.07946029,0.00006104
0.07978029,0.00006104
0.08010029,0.00006104
0.08042029,0.00006104
0.08074029,0.00006104
0.08106029,0.00006104
0.08138029,0.00006104
0.08170029,0.00006104
0.08202029,0.00006104
0.08234029,0.00006104
0.08266029,0.00006104
0.08298029,0.00006104
0.08330029,0.00006104
0.08362029,0.00006104
0.08394029,0.00006104
0.08426029,0.00006104
0.08458029,0.00006104
0.08490029,0.00006104
0.08522029,0.00006104
0.08554029,0.00006104
0.08586029,0.00006104
0.08618029,0.00006104
0.08650029,0.00006104
0.08682029,0.00006104
0.08714029,0.00006104
0.08746029,0.00006104
0.08778029,0.00006104
0.08810029,0.00006104
0.08842029,-0.01770074
0.08874029,0.00006104
0.08906029,0.00006104
0.08938029,0.00006104
0.08970029,0.00006104
0.09002029,0.00006104
0.09034029,0.00006104
0.09066029,0.00006104
0.09098029,0.00006104
0.09130029,0.00006104
0.09162029,0.00006104
0.09194029,0.00006104
0.09226029,0.00006104
0.09258029,0.00006104
0.09290029,0.00006104
0.09322029,0.00006104
0.09354029,0.00006104
0.09386029,0.00006104
0.09418029,0.00006104
0.09450029,0.00006104
0.09482029,0.00006104
0.09514029,0.00006104
0.09546029,0.00006104
0.09578029,0.00006104
0.09610029,0.00006104
0.09642029,0.00006104
0.09674029,0.00006104
0.09706029,0.00006104
0.09738029,0.00006104
0.09770029,0.00006104
0.09802029,0.00006104
0.09834029,0.00006104
0.09866029,0.00006104
0.09898029,0.00006104
0.09930029,0.00006104
0.09962029,0.00006104
0.09994029,0.00006104
0.10026029,0.00006104
0.10058029,0.00006104
0.10090029,0.00006104
0.10122029,0.00006104
0.10154029,0.00006104
0.10186029,0.00006104
0.10218029,0.00006104
0.10250029,-0.01770074
0.10282029,0.00006104
0.10314029,0.00006104
0.10346029,0.00006104
0.10378029,0.00006104
0.10410029,0.00006104
0.10442029,0.00006104
0.10474029,0.00006104
0.10506029,0.00006104
0.10538029,0.00006104
0.10570029,0.00006104
0.10602029,0.00006104
0.10634029,0.00006104
0.10666029,0.00006104
0.10698029,0.00006104
0.10730029,0.00006104
0.10762029,0.00006104
0.10794029,0.00006104
0.10826029,0.00006104
0.10858029,0.00006104
0.10890029,0.00006104
0.10922029,0.00006104
0.10954029,0.00006104
0.10986029,0.00006104
0.11018029,0.00006104
0.11050029,0.00006104
0.11082029,0.00006104
0.11114029,0.00006104
0.11146029,0.00006104
0.11178029,0.00006104
0.11210029,0.00006104
0.11242029,0.00006104
0.11274029,0.00006104
0.11306029,0.00006104
0.11338029,0.00006104
0.11370029,0.00006104
0.11402029,0.00006104
0.11434029,-0.01770074
0.11466029,0.00006104
0.11498029,0.00006104
0.11530029,0.00006104
0.11562029,0.00006104
0.11594029,0.00006104
0.11626029,0.00006104
0.11658029,0.00006104
0.11690029,0.00006104
0.11722029,0.00006104
0.11754029,0.00006104
0.11786029,0.00006104
0.11818029,0.00006104
0.11850029,0.00006104
0.11882029,0.00006104
0.11914029,0.00006104
0.11946029,0.00006104
0.11978029,-0.01770074
0.12010029,0.00006104
0.12042029,0.00006104
0.12074029,0.00006104
0.12106029,0.00006104
0.12138029,0.00006104
0.12170029,0.00006104
0.12202029,0.00006104
0.12234029,0.00006104
0.12266029,0.00006104
0.12298029,0.00006104
0.12330029,0.00006104
0.12362029,0.00006104
0.12394029,0.00006104
0.12426029,0.00006104
0.12458029,0.00006104
0.12490029,0.00006104
0.12522029,0.00006104
0.12554029,-0.01770074
0.12586029,0.01788385
0.12618029,0.00006104
0.12650029,0.00006104
0.12682029,0.00006104
0.12714029,0.00006104
0.12746029,0.00006104
0.12778029,0.00006104
0.12810029,0.00006104
0.12842029,0.00006104
0.12874029,0.00006104
0.12906029,0.00006104
0.12938029,0.00006104
0.12970029,0.00006104
0.13002029,0.00006104
0.13034029,0.00006104
0.13066029,0.00006104
0.13098029,0.00006104
0.13130029,0.00006104
0.13162029,0.00006104
0.13194029,0.00006104
0.13226029,0.00006104
0.13258029,0.00006104
0.13290029,0.00006104
0.13322029,0.00006104
0.13354029,0.00006104
0.13386029,0.00006104
0.13418029,0.00006104
0.13450029,0.00006104
0.13482029,0.00006104
0.13514029,0.00006104
0.13546029,0.00006104
0.13578029,0.00006104
0.13610029,0.00006104
0.13642029,0.00006104
0.13674029,0.00006104
0.13706029,0.00006104
0.13738029,0.00006104
0.13770029,0.00006104
0.13802029,0.00006104
0.13834029,0.00006104
0.13866029,0.00006104
0.13898029,0.00006104
0.13930029,0.00006104
0.13962029,0.00006104
0.13994029,0.00006104
0.14026029,0.00006104
0.14058029,0.00006104
0.14090029,0.00006104
0.14122029,0.00006104
0.14154029,0.00006104
0.14186029,0.00006104
0.14218029,0.00006104
0.14250029,0.00006104
0.14282029,0.00006104
0.14314029,0.00006104
0.14346029,0.00006104
0.14378029,0.00006104
0.14410029,0.00006104
0.14442029,0.00006104
0.14474029,0.00006104
0.14506029,0.00006104
0.14538029,0.00006104
0.14570029,0.00006104
0.14602029,0.00006104
0.14634029,0.00006104
0.14666029,0.00006104
0.14698029,-0.01770074
0.14730029,0.00006104
0.14762029,0.00006104
0.14794029,0.00006104
0.14826029,0.00006104
0.14858029,0.00006104
0.14890029,0.00006104
0.14922029,-0.01770074
0.14954029,0.00006104
0.14986029,0.00006104
0.15018029,0.00006104
0.15050029,0.00006104
0.15082029,0.00006104
0.15114029,0.00006104
0.15146029,0.00006104
0.15178029,0.00006104
0.15210029,0.00006104
0.15242029,-0.01770074
0.15274029,0.00006104
0.15306029,0.00006104
0.15338029,0.00006104
0.15370029,0.00006104
0.15402029,0.00006104
0.15434029,0.00006104
0.15466029,0.00006104
0.15498029,0.00006104
0.15530029,0.00006104
0.15562029,0.00006104
0.15594029,0.00006104
0.15626029,0.00006104
0.15658029,0.00006104
0.15690029,0.00006104
0.15722029,0.00006104
0.15754029,0.00006104
0.15786029,0.00006104
0.15818029,0.00006104
0.15850029,0.00006104
0.15882029,0.00006104
0.15914029,0.00006104
0.15946029,0.00006104
0.15978029,0.00006104
0.16010029,0.00006104
0.16042029,0.00006104
0.16074029,0.00006104
0.16106029,0.00006104
0.16138029,0.00006104
0.16170029,0.00006104
0.16202029,0.00006104
0.16234029,0.00006104
0.16266029,-0.01770074
0.16298029,0.00006104
0.16330029,-0.01770074
0.16362029,0.00006104
0.16394029,0.00006104
0.16426029,0.00006104
0.16458029,0.00006104
0.16490029,0.00006104
0.16522029,0.00006104
0.16554029,0.00006104
0.16586029,0.00006104
0.16618029,0.00006104
0.16650029,0.00006104
0.16682029,0.00006104
0.16714029,0.00006104
0.16746029,0.00006104
0.16778029,0.00006104
0.16810029,0.00006104
0.16842029,0.00006104
0.16874029,0.00006104
0.16906029,0.00006104
0.16938029,-0.01770074
0.16970029,0.00006104
0.17002029,0.00006104
0.17034029,0.00006104
0.17066029,0.00006104
0.17098029,0.00006104
0.17130029,0.00006104
0.17162029,0.00006104
0.17194029,0.00006104
0.17226029,0.00006104
0.17258029,0.00006104
0.17290029,0.00006104
0.17322029,0.00006104
0.17354029,0.00006104
0.17386029,0.00006104
0.17418029,0.00006104
0.17450029,0.00006104
0.17482029,0.00006104
0.17514029,0.00006104
0.17546029,0.00006104
0.17578029,0.00006104
0.17610029,0.00006104
0.17642029,0.00006104
0.17674029,0.00006104
0.17706029,0.00006104
0.17738029,0.00006104
0.17770029,0.00006104
0.17802029,0.00006104
0.17834029,0.00006104
0.17866029,0.00006104
0.17898029,0.00006104
0.17930029,0.00006104
0.17962029,0.00006104
0.17994029,0.00006104
0.18026029,0.00006104
0.18058029,0.00006104
0.18090029,0.00006104
0.18122029,0.00006104
0.18154029,0.00006104
0.18186029,0.00006104
0.18218029,0.00006104
0.18250029,0.00006104
0.18282029,0.00006104
0.18314029,0.00006104
0.18346029,0.00006104
0.18378029,0.00006104
0.18410029,0.00006104
0.18442029,0.00006104
0.18474029,-0.01770074
0.18506029,0.00006104
0.18538029,0.00006104
0.18570029,0.00006104
0.18602029,0.00006104
0.18634029,0.00006104
0.18666029,0.00006104
0.18698029,0.00006104
0.18730029,0.00006104
0.18762029,0.00006104
0.18794029,0.00006104
0.18826029,-0.01770074
0.18858029,0.00006104
0.18890029,0.00006104
0.18922029,0.00006104
0.18954029,0.00006104
0.18986029,0.00006104
0.19018029,0.00006104
0.19050029,-0.01770074
0.19082029,-0.01770074
0.19114029,0.00006104
0.19146029,0.00006104
0.19178029,0.00006104
0.19210029,0.00006104
0.19242029,0.00006104
0.19274029,0.00006104
0.19306029,0.00006104
0.19338029,0.00006104
0.19370029,0.00006104
0.19402029,0.00006104
0.19434029,0.00006104
0.19466029,0.00006104
0.19498029,0.00006104
0.19530029,0.00006104
0.19562029,0.00006104
0.19594029,0.00006104
0.19626029,0.00006104
0.19658029,0.00006104
0.19690029,0.00006104
0.19722029,0.00006104
0.19754029,0.00006104
0.19786029,0.00006104
0.19818029,0.00006104
0.19850029,0.00006104
0.19882029,0.00006104
0.19914029,0.00006104
0.19946029,0.00006104
0.19978029,0.00006104
0.20010029,-0.01770074
0.20042029,0.00006104
0.20074029,0.00006104
0.20106029,-0.01770074
0.20138029,0.00006104
0.20170029,0.00006104
0.20202029,0.00006104
0.20234029,0.00006104
0.20266029,0.00006104
0.20298029,0.00006104
0.20330029,0.00006104
0.20362029,0.00006104
0.20394029,0.00006104
0.20426029,0.00006104
0.20458029,0.00006104
0.20490029,0.00006104
0.20522029,0.00006104
0.20554029,0.00006104
0.20586029,0.00006104
0.20618029,0.00006104
0.20650029,0.00006104
0.20682029,0.00006104
0.20714029,0.00006104
0.20746029,0.00006104
0.20778029,0.00006104
0.20810029,0.00006104
0.20842029,0.00006104
0.20874029,-0.01770074
0.20906029,0.00006104
0.20938029,-0.01770074
0.20970029,0.00006104
0.21002029,0.00006104
0.21034029,0.00006104
0.21066029,0.00006104
0.21098029,0.00006104
0.21130029,0.00006104
0.21162029,0.00006104
0.21194029,0.00006104
0.21226029,0.00006104
0.21258029,0.00006104
0.21290029,0.00006104
0.21322029,0.00006104
0.21354029,0.00006104
0.21386029,0.00006104
0.21418029,0.00006104
0.21450029,0.00006104
0.21482029,0.00006104
0.21514029,0.00006104
0.21546029,0.00006104
0.21578029,0.00006104
0.21610029,0.00006104
0.21642029,0.00006104
0.21674029,0.00006104
0.21706029,0.00006104
0.21738029,0.00006104
0.21770029,0.00006104
0.21802029,0.00006104
0.21834029,0.00006104
0.21866029,0.00006104
0.21898029,0.00006104
0.21930029,0.00006104
0.21962029,0.00006104
0.21994029,0.00006104
0.22026029,0.00006104
0.22058029,0.00006104
0.22090029,0.00006104
0.22122029,0.00006104
0.22154029,0.00006104
0.22186029,0.00006104
0.22218029,0.00006104
0.22250029,0.00006104
0.22282029,0.00006104
0.22314029,0.00006104
0.22346029,0.00006104
0.22378029,0.00006104
0.22410029,0.00006104
0.22442029,0.00006104
0.22474029,0.00006104
0.22506029,0.00006104
0.22538029,0.00006104
0.22570029,0.00006104
0.22602029,0.00006104
0.22634029,0.00006104
0.22666029,0.00006104
0.22698029,0.00006104
0.22730029,0.00006104
0.22762029,0.00006104
0.22794029,0.00006104
0.22826029,0.00006104
0.22858029,0.00006104
0.22890029,0.00006104
0.22922029,0.00006104
0.22954029,0.00006104
0.22986029,0.00006104
0.23018029,0.00006104
0.23050029,0.00006104
0.23082029,0.00006104
0.23114029,0.00006104
0.23146029,0.00006104
0.23178029,0.00006104
0.23210029,0.00006104
0.23242029,0.00006104
0.23274029,0.00006104
0.23306029,0.00006104
0.23338029,-0.01770074
0.23370029,0.00006104
0.23402029,0.00006104
0.23434029,0.00006104
0.23466029,0.00006104
0.23498029,0.00006104
0.23530029,0.00006104
0.23562029,-0.01770074
0.23594029,0.00006104
0.23626029,0.00006104
0.23658029,0.00006104
0.23690029,0.00006104
0.23722029,0.00006104
0.23754029,0.00006104
0.23786029,0.00006104
0.23818029,0.00006104
0.23850029,0.00006104
0.23882029,0.00006104
0.23914029,0.00006104
0.23946029,0.00006104
0.23978029,0.00006104
0.24010029,0.00006104
0.24042029,0.00006104
0.24074029,0.00006104
0.24106029,0.00006104
0.24138029,0.00006104
0.24170029,0.00006104
0.24202029,0.00006104
0.24234029,0.00006104
0.24266029,0.00006104
0.24298029,0.00006104
0.24330029,0.00006104
0.24362029,0.00006104
0.24394029,0.00006104
0.24426029,0.00006104
0.24458029,0.00006104
0.24490029,0.00006104
0.24522029,0.00006104
0.24554029,0.00006104
0.24586029,0.00006104
0.24618029,0.00006104
0.24650029,0.00006104
0.24682029,0.00006104
0.24714029,0.00006104
0.24746029,0.00006104
0.24778029,-0.01770074
0.24810029,0.00006104
0.24842029,0.00006104
0.24874029,0.00006104
0.24906029,0.00006104
0.24938029,0.00006104
0.24970029,0.00006104
0.25002029,0.00006104
0.25034029,0.00006104
0.25066029,0.00006104
0.25098029,0.00006104
0.25130029,0.00006104
0.25162029,0.00006104
0.25194029,0.01788385
0.25226029,0.00006104
0.25258029,0.00006104
0.25290029,0.00006104
0.25322029,0.00006104
0.25354029,0.00006104
0.25386029,0.00006104
0.25418029,0.00006104
0.25450029,0.00006104
0.25482029,0.00006104
0.25514029,0.00006104
0.25546029,0.00006104
0.25578029,0.00006104
0.25610029,0.00006104
0.25642029,0.00006104
0.25674029,0.00006104
0.25706029,0.00006104
0.25738029,0.00006104
0.25770029,-0.01770074
0.25802029,0.00006104
0.25834029,0.00006104
0.25866029,0.00006104
0.25898029,0.00006104
0.25930029,-0.01770074
0.25962029,0.00006104
0.25994029,0.00006104
0.26026029,0.00006104
0.26058029,0.00006104
0.26090029,0.00006104
0.26122029,0.00006104
0.26154029,0.00006104
0.26186029,0.00006104
0.26218029,0.00006104
0.26250029,0.00006104
0.26282029,0.00006104
0.26314029,0.00006104
0.26346029,0.00006104
0.26378029,0.00006104
0.26410029,0.00006104
0.26442029,0.00006104
0.26474029,0.00006104
0.26506029,0.00006104
0.26538029,0.00006104
0.26570029,-0.01770074
0.26602029,0.00006104
0.26634029,0.00006104
0.26666029,0.00006104
0.26698029,0.00006104
0.26730029,0.00006104
0.26762029,0.00006104
0.26794029,-0.01770074
0.26826029,0.00006104
0.26858029,0.00006104
0.26890029,0.00006104
0.26922029,0.00006104
0.26954029,0.00006104
0.26986029,0.00006104
0.27018029,0.00006104
0.27050029,0.00006104
0.27082029,0.00006104
0.27114029,0.00006104
0.27146029,0.00006104
0.27178029,0.00006104
0.27210029,0.00006104
0.27242029,-0.01770074
0.27274029,0.00006104
0.27306029,0.00006104
0.27338029,-0.01770074
0.27370029,0.00006104
0.27402029,0.00006104
0.27434029,0.00006104
0.27466029,0.00006104
0.27498029,0.00006104
0.27530029,0.00006104
0.27562029,0.00006104
0.27594029,0.00006104
0.27626029,0.00006104
0.27658029,0.00006104
0.27690029,0.00006104
0.27722028,0.00006104
0.27754028,0.00006104
0.27786028,0.00006104
0.27818028,0.00006104
0.27850028,0.00006104
0.27882028,0.00006104
0.27914028,-0.01770074
0.27946028,0.00006104
0.27978028,0.00006104
0.28010028,0.00006104
0.28042028,0.00006104
0.28074028,0.00006104
0.28106028,0.00006104
0.28138028,-0.01770074
0.28170028,0.00006104
0.28202028,0.00006104
0.28234028,-0.01770074
0.28266028,0.00006104
0.28298028,0.00006104
0.28330028,0.00006104
0.28362028,0.00006104
0.28394028,0.00006104
0.28426028,0.00006104
0.28458028,0.00006104
0.28490028,0.00006104
0.28522028,0.00006104
0.28554028,0.00006104
0.28586028,0.00006104
0.28618028,0.00006104
0.28650028,0.00006104
0.28682028,0.00006104
0.28714028,0.00006104
0.28746028,0.00006104
0.28778028,0.00006104
0.28810028,0.00006104
0.28842028,0.00006104
0.28874028,0.00006104
0.28906028,-0.01770074
0.28938028,0.00006104
0.28970028,0.00006104
0.29002028,-0.01770074
0.29034028,-0.01770074
0.29066028,0.00006104
0.29098028,0.00006104
0.29130028,0.00006104
0.29162028,0.00006104
0.29194028,-0.01770074
0.29226028,0.00006104
0.29258028,0.00006104
0.29290028,0.00006104
0.29322028,0.00006104
0.29354028,0.00006104
0.29386028,0.00006104
0.29418028,0.00006104
0.29450028,0.00006104
0.29482028,0.00006104
0.29514028,0.00006104
0.29546028,0.00006104
0.29578028,0.00006104
0.29610028,0.00006104
0.29642028,0.00006104
0.29674028,0.00006104
0.29706028,0.00006104
0.29738028,0.00006104
0.29770028,0.00006104
0.29802028,0.00006104
0.29834028,0.00006104
0.29866028,0.00006104
0.29898028,0.00006104
0.29930028,0.00006104
0.29962028,0.00006104
0.29994028,0.00006104
0.30026028,0.00006104
0.30058028,0.00006104
0.30090028,0.00006104
0.30122028,0.00006104
0.30154028,0.00006104
0.30186028,0.00006104
0.30218028,0.00006104
0.30250028,0.00006104
0.30282028,0.00006104
0.30314028,0.00006104
0.30346028,0.00006104
0.30378028,0.00006104
0.30410028,0.00006104
0.30442028,0.00006104
0.30474028,0.00006104
0.30506028,0.00006104
0.30538028,0.00006104
0.30570028,0.00006104
0.30602028,0.00006104
0.30634028,0.00006104
0.30666028,0.00006104
0.30698028,0.00006104
0.30730028,0.00006104
0.30762028,0.00006104
0.30794028,0.00006104
0.30826028,0.00006104
0.30858028,0.00006104
0.30890028,0.00006104
0.30922028,0.00006104
0.30954028,0.00006104
0.30986028,0.00006104
0.31018028,-0.01770074
0.31050028,0.00006104
0.31082028,0.00006104
0.31114028,0.00006104
0.31146028,0.00006104
0.31178028,0.00006104
0.31210028,0.00006104
0.31242028,0.00006104
0.31274028,0.00006104
0.31306028,0.00006104
0.31338028,0.00006104
0.31370028,0.00006104
0.31402028,0.00006104
0.31434028,0.00006104
0.31466028,0.00006104
0.31498028,0.00006104
0.31530028,0.00006104
0.31562028,0.00006104
0.31594028,0.00006104
0.31626028,0.00006104
0.31658028,0.00006104
0.31690028,0.00006104
0.31722028,0.00006104
0.31754028,0.00006104
0.31786028,0.00006104
0.31818028,0.00006104
0.31850028,0.00006104
0.31882028,0.00006104
0.31914028,0.00006104
0.31946028,0.00006104
0.31978028,0.00006104
0.32010028,0.00006104
0.32042028,0.00006104
0.32074028,0.00006104
0.32106028,0.00006104
0.32138028,0.00006104
0.32170028,0.00006104
0.32202028,0.00006104
0.32234028,-0.01770074
0.32266028,0.00006104
0.32298028,0.00006104
0.32330028,0.00006104
0.32362028,-0.01770074
0.32394028,0.00006104
0.32426028,0.00006104
0.32458028,0.00006104
0.32490028,0.00006104
0.32522028,0.00006104
0.32554028,0.00006104
0.32586028,0.00006104
0.32618028,0.00006104
0.32650028,0.00006104
0.32682028,0.00006104
0.32714028,0.00006104
0.32746028,0.00006104
0.32778028,0.00006104
0.32810028,0.00006104
0.32842028,0.00006104
0.32874028,0.00006104
0.32906028,0.00006104
0.32938028,0.00006104
0.32970028,0.00006104
0.33002028,0.00006104
0.33034028,0.00006104
0.33066028,0.00006104
0.33098028,0.00006104
0.33130028,0.00006104
0.33162028,0.00006104
0.33194028,0.00006104
0.33226028,0.00006104
0.33258028,0.00006104
0.33290028,0.00006104
0.33322028,0.00006104
0.33354028,0.00006104
0.33386028,0.00006104
0.33418028,0.00006104
0.33450028,0.00006104
0.33482028,0.00006104
0.33514028,0.00006104
0.33546028,0.00006104
0.33578028,0.00006104
0.33610028,0.00006104
0.33642028,0.00006104
0.33674028,0.00006104
0.33706028,0.00006104
0.33738028,-0.01770074
0.33770028,0.00006104
0.33802028,0.00006104
0.33834028,0.00006104
0.33866028,0.00006104
0.33898028,-0.01770074
0.33930028,0.00006104
0.33962028,0.00006104
0.33994028,0.00006104
0.34026028,0.00006104
0.34058028,0.00006104
0.34090028,0.00006104
0.34122028,0.00006104
0.34154028,0.00006104
0.34186028,0.00006104
0.34218028,0.00006104
0.34250028,0.00006104
0.34282028,0.00006104
0.34314028,0.00006104
0.34346028,0.00006104
0.34378028,0.00006104
0.34410028,0.00006104
0.34442028,0.00006104
0.34474028,0.00006104
0.34506028,-0.01770074
0.34538028,0.00006104
0.34570028,-0.01770074
0.34602028,-0.01770074
0.34634028,0.00006104
0.34666028,0.00006104
0.34698028,0.00006104
0.34730028,0.00006104
0.34762028,0.00006104
0.34794028,0.00006104
0.34826028,0.00006104
0.34858028,0.00006104
0.34890028,0.00006104
0.34922028,0.00006104
0.34954028,0.00006104
0.34986028,0.00006104
0.35018028,0.00006104
0.35050028,0.00006104
0.35082028,0.00006104
0.35114028,0.00006104
0.35146028,0.00006104
0.35178028,0.00006104
0.35210028,0.00006104
0.35242028,0.00006104
0.35274028,0.00006104
0.35306028,0.00006104
0.35338028,0.00006104
0.35370028,0.00006104
0.35402028,0.00006104
0.35434028,0.00006104
0.35466028,0.00006104
0.35498028,0.00006104
0.35530028,0.00006104
0.35562028,0.00006104
0.35594028,0.00006104
0.35626028,0.00006104
0.35658028,0.00006104
0.35690028,0.00006104
0.35722028,0.00006104
0.35754028,0.00006104
0.35786028,0.00006104
0.35818028,0.00006104
0.35850028,0.00006104
0.35882028,0.00006104
0.35914028,0.00006104
0.35946028,0.00006104
0.35978028,0.00006104
0.36010028,0.00006104
0.36042028,-0.01770074
0.36074028,0.00006104
0.36106028,0.00006104
0.36138028,-0.01770074
0.36170028,0.00006104
0.36202028,-0.01770074
0.36234028,0.00006104
0.36266028,0.00006104
0.36298028,0.00006104
0.36330028,0.00006104
0.36362028,0.00006104
0.36394028,0.00006104
0.36426028,0.00006104
0.36458028,0.00006104
0.36490028,0.00006104
0.36522028,0.00006104
0.36554028,-0.01770074
0.36586028,0.00006104
0.36618028,0.00006104
0.36650028,0.00006104
0.36682028,0.00006104
0.36714028,0.00006104
0.36746028,0.00006104
0.36778028,0.00006104
0.36810028,0.00006104
0.36842028,0.00006104
0.36874028,0.00006104
0.36906028,0.00006104
0.36938028,0.00006104
0.36970028,0.00006104
0.37002028,0.00006104
0.37034028,0.00006104
0.37066028,0.00006104
0.37098028,0.00006104
0.37130028,0.00006104
0.37162028,0.00006104
0.37194028,0.00006104
0.37226028,0.00006104
0.37258028,0.00006104
0.37290028,0.00006104
0.37322028,0.00006104
0.37354028,0.00006104
0.37386028,0.00006104
0.37418028,0.00006104
0.37450028,0.00006104
0.37482028,0.00006104
0.37514028,0.00006104
0.37546028,0.00006104
0.37578028,0.00006104
0.37610028,0.00006104
0.37642028,0.00006104
0.37674028,0.00006104
0.37706028,0.00006104
0.37738028,0.00006104
0.37770028,0.00006104
0.37802028,0.00006104
0.37834028,0.00006104
0.37866028,0.00006104
0.37898028,-0.01770074
0.37930028,0.00006104
0.37962028,0.00006104
0.37994028,0.00006104
0.38026028,-0.01770074
0.38058028,0.00006104
0.38090028,0.00006104
0.38122028,0.00006104
0.38154028,0.01788385
0.38186028,0.00006104
0.38218028,0.00006104
0.38250028,0.00006104
0.38282028,0.00006104
0.38314028,0.00006104
0.38346028,0.00006104
0.38378028,0.00006104
0.38410028,0.00006104
0.38442028,0.00006104
0.38474028,0.00006104
0.38506028,0.00006104
0.38538028,0.00006104
0.38570028,0.00006104
0.38602028,0.00006104
0.38634028,0.00006104
0.38666028,0.00006104
0.38698028,0.00006104
0.38730028,0.00006104
0.38762028,0.00006104
0.38794028,0.00006104
0.38826028,0.00006104
0.38858028,0.00006104
0.38890028,0.00006104
0.38922028,0.00006104
0.38954028,0.00006104
0.38986028,0.00006104
0.39018028,0.00006104
0.39050028,0.00006104
0.39082028,0.00006104
0.39114028,0.00006104
0.39146028,0.00006104
0.39178028,0.00006104
0.39210028,0.00006104
0.39242028,0.00006104
0.39274028,0.00006104
0.39306028,0.00006104
0.39338028,0.00006104
0.39370028,0.00006104
0.39402028,0.00006104
0.39434028,0.00006104
0.39466028,0.00006104
0.39498028,0.00006104
0.39530028,0.00006104
0.39562028,0.00006104
0.39594028,0.00006104
0.39626028,0.00006104
0.39658028,0.00006104
0.39690028,0.00006104
0.39722028,0.00006104
0.39754028,0.00006104
0.39786028,0.00006104
0.39818028,0.00006104
0.39850028,-0.01770074
0.39882028,0.00006104
0.39914028,0.00006104
0.39946028,0.00006104
0.39978028,0.00006104
0.40010028,0.00006104
0.40042028,0.00006104
0.40074028,0.00006104
0.40106028,0.00006104
0.40138028,0.00006104
0.40170028,0.00006104
0.40202028,0.00006104
0.40234028,0.00006104
0.40266028,0.00006104
0.40298028,-0.01770074
0.40330028,0.00006104
0.40362028,0.00006104
0.40394028,0.00006104
0.40426028,0.00006104
0.40458028,0.00006104
0.40490028,0.00006104
0.40522028,0.00006104
0.40554028,0.00006104
0.40586028,0.00006104
0.40618028,0.00006104
0.40650028,0.00006104
0.40682028,0.00006104
0.40714028,0.00006104
0.40746028,0.00006104
0.40778028,0.00006104
0.40810028,0.00006104
0.40842028,0.00006104
0.40874028,0.00006104
0.40906028,0.00006104
0.40938028,0.00006104
0.40970028,0.00006104
0.41002028,0.00006104
0.41034028,0.00006104
0.41066028,0.00006104
0.41098028,0.00006104
0.41130028,0.00006104
0.41162028,0.00006104
0.41194028,0.00006104
0.41226028,0.00006104
0.41258028,-0.01770074
0.41290028,0.00006104
0.41322028,0.00006104
0.41354028,0.00006104
0.41386028,0.00006104
0.41418028,0.00006104
0.41450028,0.00006104
0.41482028,0.00006104
0.41514028,0.00006104
0.41546028,0.00006104
0.41578028,-0.01770074
0.41610028,0.00006104
0.41642028,-0.01770074
0.41674028,0.00006104
0.41706028,0.00006104
0.41738028,-0.01770074
0.41770028,-0.01770074
0.41802028,0.00006104
0.41834028,0.00006104
0.41866028,0.00006104
0.41898028,0.00006104
0.41930028,0.00006104
0.41962028,0.00006104
0.41994028,0.00006104
0.42026028,0.00006104
0.42058028,0.00006104
0.42090028,0.00006104
0.42122028,0.00006104
0.42154028,0.00006104
0.42186028,0.00006104
0.42218028,0.00006104
0.42250028,0.00006104
0.42282028,0.00006104
0.42314028,0.00006104
0.42346028,0.00006104
0.42378028,0.00006104
0.42410028,0.00006104
0.42442028,-0.01770074
0.42474028,0.00006104
0.42506028,-0.01770074
0.42538028,0.00006104
0.42570028,0.00006104
0.42602028,0.00006104
0.42634028,0.00006104
0.42666028,0.00006104
0.42698028,0.00006104
0.42730028,0.00006104
0.42762028,0.00006104
0.42794028,0.00006104
0.42826028,0.00006104
0.42858028,0.00006104
0.42890028,0.00006104
0.42922028,0.00006104
0.42954028,0.00006104
0.42986028,0.00006104
0.43018028,0.00006104
0.43050028,0.00006104
0.43082028,0.00006104
0.43114028,0.00006104
0.43146028,0.00006104
0.43178028,0.00006104
0.43210028,0.00006104
0.43242028,0.00006104
0.43274028,0.00006104
0.43306028,0.00006104
0.43338028,0.00006104
0.43370028,0.00006104
0.43402028,0.00006104
0.43434028,0.00006104
0.43466028,0.00006104
0.43498028,0.00006104
0.43530028,0.00006104
0.43562028,0.00006104
0.43594028,0.00006104
0.43626028,0.00006104
0.43658028,0.00006104
0.43690028,0.00006104
0.43722028,0.00006104
0.43754028,0.00006104
0.43786028,0.00006104
0.43818028,0.00006104
0.43850028,0.00006104
0.43882028,0.00006104
0.43914028,0.00006104
0.43946028,0.00006104
0.43978028,0.00006104
0.44010028,0.00006104
0.44042028,0.00006104
0.44074028,0.00006104
0.44106028,0.00006104
0.44138028,0.00006104
0.44170028,0.00006104
0.44202028,0.00006104
0.44234028,0.00006104
0.44266028,0.00006104
0.44298028,0.00006104
0.44330028,0.00006104
0.44362028,0.00006104
0.44394028,0.00006104
0.44426028,-0.01770074
0.44458028,0.00006104
0.44490028,0.00006104
0.44522028,0.00006104
0.44554028,0.00006104
0.44586028,0.00006104
0.44618028,0.00006104
0.44650028,0.00006104
0.44682028,0.00006104
0.44714028,0.00006104
0.44746028,0.00006104
0.44778028,0.00006104
0.44810028,0.00006104
0.44842028,0.00006104
0.44874028,0.00006104
0.44906028,0.00006104
0.44938028,0.00006104
0.44970028,0.00006104
0.45002028,0.00006104
0.45034028,0.00006104
0.45066028,0.00006104
0.45098028,-0.01770074
0.45130028,0.00006104
0.45162028,0.00006104
0.45194028,0.00006104
0.45226028,0.00006104
0.45258028,0.00006104
0.45290028,0.00006104
0.45322028,0.00006104
0.45354028,0.00006104
0.45386028,0.00006104
0.45418028,0.00006104
0.45450028,0.00006104
0.45482028,0.00006104
0.45514028,0.00006104
0.45546028,-0.01770074
0.45578028,0.00006104
0.45610028,0.00006104
0.45642028,0.00006104
0.45674028,0.00006104
0.45706028,0.00006104
0.45738028,0.00006104
0.45770028,0.00006104
0.45802028,0.00006104
0.45834028,0.00006104
0.45866028,0.00006104
0.45898028,0.00006104
0.45930028,0.00006104
0.45962028,0.00006104
0.45994028,0.00006104
0.46026028,0.00006104
0.46058028,0.00006104
0.46090028,0.00006104
0.46122028,0.00006104
0.46154028,0.00006104
0.46186028,0.00006104
0.46218028,-0.01770074
0.46250028,0.00006104
0.46282028,0.00006104
0.46314028,0.00006104
0.46346028,0.00006104
0.46378028,0.00006104
0.46410028,0.00006104
0.46442028,0.00006104
0.46474028,0.00006104
0.46506028,0.00006104
0.46538028,0.00006104
0.46570028,0.00006104
0.46602028,0.00006104
0.46634028,0.00006104
0.46666028,0.00006104
0.46698028,0.00006104
0.46730028,0.00006104
0.46762028,0.00006104
0.46794028,0.00006104
0.46826028,0.00006104
0.46858028,0.00006104
0.46890028,0.00006104
0.46922028,0.00006104
0.46954028,0.00006104
0.46986028,0.00006104
0.47018028,0.00006104
0.47050028,0.00006104
0.47082028,0.00006104
0.47114028,0.00006104
0.47146028,0.00006104
0.47178028,-0.01770074
0.47210028,0.00006104
0.47242028,0.00006104
0.47274028,0.00006104
0.47306028,0.00006104
0.47338028,-0.01770074
0.47370028,0.00006104
0.47402028,0.00006104
0.47434028,0.00006104
0.47466028,0.00006104
0.47498028,0.00006104
0.47530028,0.00006104
0.47562028,0.00006104
0.47594028,0.00006104
0.47626028,0.00006104
0.47658028,0.00006104
0.47690028,0.00006104
0.47722028,0.00006104
0.47754028,0.00006104
0.47786028,0.00006104
0.47818028,0.00006104
0.47850028,-0.01770074
0.47882028,0.00006104
0.47914028,0.00006104
0.47946028,0.00006104
0.47978028,0.00006104
0.48010028,0.00006104
0.48042028,0.00006104
0.48074028,0.00006104
0.48106028,0.00006104
0.48138028,0.00006104
0.48170028,0.00006104
0.48202028,0.00006104
0.48234028,0.00006104
0.48266028,0.00006104
0.48298028,0.00006104
0.48330028,0.00006104
0.48362028,0.00006104
0.48394028,0.00006104
0.48426028,0.00006104
0.48458028,0.00006104
0.48490028,0.00006104
0.48522028,0.00006104
0.48554028,0.00006104
0.48586028,0.00006104
0.48618028,0.00006104
0.48650028,0.00006104
0.48682028,0.00006104
0.48714028,0.00006104
0.48746028,0.00006104
0.48778028,0.00006104
0.48810028,0.00006104
0.48842028,0.00006104
0.48874028,0.00006104
0.48906028,-0.01770074
0.48938028,0.00006104
0.48970028,0.00006104
0.49002028,-0.01770074
0.49034028,0.00006104
0.49066028,0.00006104
0.49098028,0.00006104
0.49130028,0.00006104
0.49162028,0.00006104
0.49194028,0.00006104
0.49226028,0.00006104
0.49258028,0.00006104
0.49290028,0.00006104
0.49322028,0.00006104
0.49354028,0.00006104
0.49386028,0.00006104
0.49418028,0.00006104
0.49450028,0.00006104
0.49482028,0.00006104
0.49514028,0.00006104
0.49546028,0.00006104
0.49578028,-0.01770074
0.49610028,0.00006104
0.49642028,0.00006104
0.49674028,0.00006104
0.49706028,0.00006104
0.49738028,0.00006104
0.49770028,-0.01770074
0.49802028,0.90786463
0.49834028,0.72988069
0.49866028,0.28485978
0.49898028,-0.07110813
0.49930028,-0.16010010
0.49962028,-0.08893093
0.49994028,-0.03552354
0.50026028,-0.01770074
0.50058028,-0.01770074
0.50090028,-0.03552354
0.50122028,-0.90774256
0.50154028,-1.12137210
0.50186028,0.28485978
0.50218028,0.81887263
0.50250028,0.08911405
0.50282028,-0.05334635
0.50314028,0.00006104
0.50346028,0.03570665
0.50378028,0.03570665
0.50410028,0.03570665
0.50442028,0.01788385
0.50474028,0.01788385
0.50506028,0.01788385
0.50538028,0.03570665
0.50570028,0.03570665
0.50602028,0.01788385
0.50634028,0.01788385
0.50666028,0.00006104
0.50698028,0.00006104
0.50730028,0.01788385
0.50762028,0.01788385
0.50794028,0.03570665
0.50826028,0.07129124
0.50858028,0.05346843
0.50890028,0.07129124
0.50922028,0.05346843
0.50954028,0.05346843
0.50986028,0.07129124
0.51018028,0.03570665
0.51050028,0.05346843
0.51082028,0.08911405
0.51114028,0.07129124
0.51146028,0.03570665
0.51178028,0.03570665
0.51210028,0.03570665
0.51242028,0.03570665
0.51274028,0.00006104
0.51306028,-0.01770074
0.51338028,-0.01770074
0.51370028,-0.03552354
0.51402028,0.01788385
0.51434028,0.01788385
0.51466028,-0.01770074
0.51498028,0.05346843
0.51530028,0.00006104
0.51562028,-0.03552354
0.51594028,0.03570665
0.51626028,-0.01770074
0.51658028,0.00006104
0.51690028,0.05346843
0.51722028,0.01788385
0.51754028,0.01788385
0.51786028,0.03570665
0.51818028,0.03570665
0.51850028,0.01788385
0.51882028,0.00006104
0.51914028,0.01788385
0.51946028,0.01788385
0.51978028,0.01788385
0.52010028,0.03570665
