Time,Channel A
(ms),(V)

-1.48092478,0.01788385
-1.48060478,0.01788385
-1.48028478,0.01788385
-1.47996478,-0.01770074
-1.47964478,0.00006104
-1.47932478,0.01788385
-1.47900478,0.00006104
-1.47868478,0.00006104
-1.47836478,0.01788385
-1.47804478,0.00006104
-1.47772478,0.01788385
-1.47740478,0.01788385
-1.47708478,0.00006104
-1.47676478,0.01788385
-1.47644478,0.01788385
-1.47612478,0.00006104
-1.47580478,0.01788385
-1.47548478,0.01788385
-1.47516478,0.00006104
-1.47484478,0.00006104
-1.47452478,0.00006104
-1.47420478,0.00006104
-1.47388478,0.01788385
-1.47356478,0.00006104
-1.47324478,-0.01770074
-1.47292478,0.00006104
-1.47260478,0.00006104
-1.47228478,0.00006104
-1.47196478,0.01788385
-1.47164478,0.00006104
-1.47132478,0.00006104
-1.47100478,0.01788385
-1.47068478,0.00006104
-1.47036478,0.00006104
-1.47004478,0.00006104
-1.46972478,0.01788385
-1.46940478,0.01788385
-1.46908478,0.00006104
-1.46876478,0.00006104
-1.46844478,0.00006104
-1.46812478,0.00006104
-1.46780478,0.00006104
-1.46748478,0.00006104
-1.46716478,0.00006104
-1.46684478,0.00006104
-1.46652478,0.00006104
-1.46620478,0.00006104
-1.46588478,0.01788385
-1.46556478,0.01788385
-1.46524478,0.00006104
-1.46492478,0.00006104
-1.46460478,0.00006104
-1.46428478,0.00006104
-1.46396478,0.00006104
-1.46364478,0.00006104
-1.46332478,0.00006104
-1.46300478,0.00006104
-1.46268478,0.00006104
-1.46236478,0.00006104
-1.46204478,-0.01770074
-1.46172478,0.00006104
-1.46140478,0.00006104
-1.46108478,0.00006104
-1.46076478,0.00006104
-1.46044478,0.00006104
-1.46012478,0.00006104
-1.45980478,0.00006104
-1.45948478,0.00006104
-1.45916478,0.00006104
-1.45884478,0.01788385
-1.45852478,0.00006104
-1.45820478,0.00006104
-1.45788478,0.01788385
-1.45756478,0.01788385
-1.45724478,0.01788385
-1.45692478,0.00006104
-1.45660478,0.00006104
-1.45628478,0.00006104
-1.45596478,0.00006104
-1.45564478,0.00006104
-1.45532478,0.00006104
-1.45500478,0.00006104
-1.45468478,-0.01770074
-1.45436478,0.00006104
-1.45404478,0.00006104
-1.45372478,0.00006104
-1.45340478,0.00006104
-1.45308478,0.00006104
-1.45276478,0.00006104
-1.45244478,0.00006104
-1.45212478,0.00006104
-1.45180478,0.00006104
-1.45148478,0.00006104
-1.45116478,0.01788385
-1.45084478,0.00006104
-1.45052478,0.00006104
-1.45020478,0.00006104
-1.44988478,0.00006104
-1.44956478,0.00006104
-1.44924478,0.00006104
-1.44892478,0.00006104
-1.44860478,0.00006104
-1.44828478,0.00006104
-1.44796478,0.00006104
-1.44764478,0.00006104
-1.44732478,0.00006104
-1.44700478,0.00006104
-1.44668478,0.00006104
-1.44636478,0.00006104
-1.44604478,0.00006104
-1.44572478,0.00006104
-1.44540478,0.00006104
-1.44508478,0.00006104
-1.44476478,0.00006104
-1.44444478,0.00006104
-1.44412478,0.00006104
-1.44380478,0.00006104
-1.44348478,0.00006104
-1.44316478,0.00006104
-1.44284478,0.00006104
-1.44252478,0.00006104
-1.44220478,0.00006104
-1.44188478,0.00006104
-1.44156478,0.00006104
-1.44124478,0.00006104
-1.44092478,0.00006104
-1.44060478,0.00006104
-1.44028478,0.00006104
-1.43996478,0.00006104
-1.43964478,0.00006104
-1.43932478,0.00006104
-1.43900478,0.00006104
-1.43868478,0.00006104
-1.43836478,0.00006104
-1.43804478,0.00006104
-1.43772478,0.00006104
-1.43740478,0.00006104
-1.43708478,0.00006104
-1.43676478,0.00006104
-1.43644478,0.00006104
-1.43612478,0.00006104
-1.43580478,0.00006104
-1.43548478,0.00006104
-1.43516478,0.00006104
-1.43484478,0.00006104
-1.43452478,0.00006104
-1.43420478,0.00006104
-1.43388478,0.00006104
-1.43356478,0.00006104
-1.43324478,0.00006104
-1.43292478,0.00006104
-1.43260478,0.00006104
-1.43228478,0.00006104
-1.43196478,0.00006104
-1.43164478,0.00006104
-1.43132478,0.00006104
-1.43100478,0.00006104
-1.43068478,0.00006104
-1.43036478,0.00006104
-1.43004478,0.00006104
-1.42972478,0.00006104
-1.42940478,0.00006104
-1.42908478,0.00006104
-1.42876478,0.00006104
-1.42844478,0.00006104
-1.42812478,0.00006104
-1.42780478,0.00006104
-1.42748478,0.00006104
-1.42716478,0.00006104
-1.42684478,0.00006104
-1.42652478,0.00006104
-1.42620478,0.00006104
-1.42588478,0.00006104
-1.42556478,0.00006104
-1.42524478,-0.01770074
-1.42492478,0.00006104
-1.42460478,0.00006104
-1.42428478,0.00006104
-1.42396478,0.00006104
-1.42364478,0.00006104
-1.42332478,0.00006104
-1.42300478,0.00006104
-1.42268478,0.00006104
-1.42236478,0.00006104
-1.42204478,0.00006104
-1.42172478,0.00006104
-1.42140478,0.00006104
-1.42108478,0.00006104
-1.42076478,0.00006104
-1.42044478,0.00006104
-1.42012478,0.00006104
-1.41980478,0.00006104
-1.41948478,0.00006104
-1.41916478,0.00006104
-1.41884478,0.00006104
-1.41852478,0.00006104
-1.41820478,0.00006104
-1.41788478,0.00006104
-1.41756478,0.00006104
-1.41724478,0.00006104
-1.41692478,0.00006104
-1.41660478,0.00006104
-1.41628478,0.00006104
-1.41596478,0.00006104
-1.41564478,0.00006104
-1.41532478,0.00006104
-1.41500478,0.00006104
-1.41468478,0.00006104
-1.41436478,0.00006104
-1.41404478,0.00006104
-1.41372478,0.00006104
-1.41340478,0.00006104
-1.41308478,0.00006104
-1.41276478,0.00006104
-1.41244478,0.00006104
-1.41212478,0.00006104
-1.41180478,0.00006104
-1.41148478,0.00006104
-1.41116478,0.00006104
-1.41084478,0.00006104
-1.41052478,0.00006104
-1.41020478,0.00006104
-1.40988478,0.00006104
-1.40956478,0.00006104
-1.40924478,0.00006104
-1.40892478,0.00006104
-1.40860478,0.00006104
-1.40828478,0.00006104
-1.40796478,0.00006104
-1.40764478,0.00006104
-1.40732478,0.00006104
-1.40700478,0.00006104
-1.40668478,0.00006104
-1.40636478,0.00006104
-1.40604478,0.00006104
-1.40572478,0.00006104
-1.40540478,0.00006104
-1.40508478,0.00006104
-1.40476478,0.00006104
-1.40444478,0.00006104
-1.40412478,0.00006104
-1.40380478,0.00006104
-1.40348478,0.00006104
-1.40316478,0.00006104
-1.40284478,0.00006104
-1.40252478,0.00006104
-1.40220478,0.00006104
-1.40188478,0.00006104
-1.40156478,-0.01770074
-1.40124478,0.00006104
-1.40092478,0.00006104
-1.40060478,0.00006104
-1.40028478,0.00006104
-1.39996478,0.00006104
-1.39964478,0.00006104
-1.39932478,0.00006104
-1.39900478,0.00006104
-1.39868478,0.00006104
-1.39836478,0.00006104
-1.39804478,0.00006104
-1.39772478,0.00006104
-1.39740478,0.00006104
-1.39708478,0.00006104
-1.39676478,0.00006104
-1.39644478,0.00006104
-1.39612478,0.00006104
-1.39580478,0.00006104
-1.39548478,0.00006104
-1.39516478,0.00006104
-1.39484478,0.00006104
-1.39452478,0.00006104
-1.39420478,0.00006104
-1.39388478,0.00006104
-1.39356478,0.00006104
-1.39324478,0.00006104
-1.39292478,0.00006104
-1.39260478,0.00006104
-1.39228478,0.00006104
-1.39196478,0.00006104
-1.39164478,0.00006104
-1.39132478,0.00006104
-1.39100478,0.00006104
-1.39068478,0.00006104
-1.39036478,0.00006104
-1.39004478,0.00006104
-1.38972478,0.00006104
-1.38940478,0.00006104
-1.38908478,0.00006104
-1.38876478,0.00006104
-1.38844478,0.00006104
-1.38812478,0.00006104
-1.38780478,0.00006104
-1.38748478,0.00006104
-1.38716478,0.00006104
-1.38684478,0.00006104
-1.38652478,0.00006104
-1.38620478,0.00006104
-1.38588478,0.00006104
-1.38556478,0.00006104
-1.38524478,0.00006104
-1.38492478,0.00006104
-1.38460478,0.00006104
-1.38428478,0.00006104
-1.38396478,0.00006104
-1.38364478,0.00006104
-1.38332478,0.00006104
-1.38300478,0.00006104
-1.38268478,0.00006104
-1.38236478,0.00006104
-1.38204478,0.00006104
-1.38172478,0.00006104
-1.38140478,0.00006104
-1.38108478,0.00006104
-1.38076478,0.00006104
-1.38044478,0.00006104
-1.38012478,0.00006104
-1.37980478,0.00006104
-1.37948478,0.00006104
-1.37916478,0.00006104
-1.37884478,0.00006104
-1.37852478,0.00006104
-1.37820478,0.00006104
-1.37788478,0.00006104
-1.37756478,0.00006104
-1.37724478,0.00006104
-1.37692478,0.00006104
-1.37660478,0.00006104
-1.37628478,0.00006104
-1.37596478,0.00006104
-1.37564478,0.00006104
-1.37532478,0.00006104
-1.37500478,0.00006104
-1.37468478,0.00006104
-1.37436478,0.00006104
-1.37404478,0.00006104
-1.37372478,0.00006104
-1.37340478,0.00006104
-1.37308478,0.00006104
-1.37276478,0.00006104
-1.37244478,0.00006104
-1.37212478,0.00006104
-1.37180478,0.00006104
-1.37148478,0.00006104
-1.37116478,0.00006104
-1.37084478,0.00006104
-1.37052478,0.00006104
-1.37020478,0.00006104
-1.36988478,0.00006104
-1.36956478,0.00006104
-1.36924478,0.00006104
-1.36892478,0.00006104
-1.36860478,-0.01770074
-1.36828478,0.00006104
-1.36796478,0.00006104
-1.36764478,-0.01770074
-1.36732478,0.00006104
-1.36700478,0.00006104
-1.36668478,0.00006104
-1.36636478,0.00006104
-1.36604478,0.00006104
-1.36572478,0.00006104
-1.36540478,0.00006104
-1.36508478,0.00006104
-1.36476478,0.00006104
-1.36444478,0.00006104
-1.36412478,0.00006104
-1.36380478,0.00006104
-1.36348478,0.00006104
-1.36316478,-0.01770074
-1.36284478,0.00006104
-1.36252478,0.00006104
-1.36220478,0.00006104
-1.36188478,0.00006104
-1.36156478,0.00006104
-1.36124478,0.00006104
-1.36092478,0.00006104
-1.36060478,0.00006104
-1.36028478,-0.01770074
-1.35996478,0.00006104
-1.35964478,0.00006104
-1.35932478,0.00006104
-1.35900478,0.00006104
-1.35868478,0.00006104
-1.35836478,0.00006104
-1.35804478,0.00006104
-1.35772478,0.00006104
-1.35740478,0.00006104
-1.35708478,0.00006104
-1.35676478,0.00006104
-1.35644478,0.00006104
-1.35612478,0.00006104
-1.35580478,0.00006104
-1.35548478,0.00006104
-1.35516478,0.00006104
-1.35484478,0.00006104
-1.35452478,0.00006104
-1.35420478,0.00006104
-1.35388478,0.00006104
-1.35356478,-0.01770074
-1.35324478,-0.01770074
-1.35292478,0.00006104
-1.35260478,0.00006104
-1.35228478,-0.01770074
-1.35196478,0.00006104
-1.35164478,0.00006104
-1.35132478,0.00006104
-1.35100478,-0.01770074
-1.35068478,0.00006104
-1.35036478,0.00006104
-1.35004478,0.00006104
-1.34972478,0.00006104
-1.34940478,0.00006104
-1.34908478,0.00006104
-1.34876478,0.00006104
-1.34844478,0.00006104
-1.34812478,0.00006104
-1.34780478,0.00006104
-1.34748478,0.00006104
-1.34716478,0.00006104
-1.34684478,0.00006104
-1.34652478,0.00006104
-1.34620478,0.00006104
-1.34588478,0.00006104
-1.34556478,-0.01770074
-1.34524478,0.00006104
-1.34492478,0.00006104
-1.34460478,0.00006104
-1.34428478,0.00006104
-1.34396478,0.00006104
-1.34364478,0.00006104
-1.34332478,0.00006104
-1.34300478,0.00006104
-1.34268478,0.00006104
-1.34236478,0.00006104
-1.34204478,0.00006104
-1.34172478,0.00006104
-1.34140478,0.00006104
-1.34108478,0.00006104
-1.34076478,0.00006104
-1.34044478,0.00006104
-1.34012478,0.00006104
-1.33980478,0.00006104
-1.33948478,-0.01770074
-1.33916478,0.00006104
-1.33884478,0.00006104
-1.33852478,0.00006104
-1.33820478,0.00006104
-1.33788478,0.00006104
-1.33756478,0.00006104
-1.33724478,0.00006104
-1.33692478,0.00006104
-1.33660478,0.00006104
-1.33628478,0.00006104
-1.33596478,0.00006104
-1.33564478,0.00006104
-1.33532478,0.00006104
-1.33500478,0.00006104
-1.33468478,0.00006104
-1.33436478,0.00006104
-1.33404478,0.00006104
-1.33372478,0.00006104
-1.33340478,0.00006104
-1.33308478,0.00006104
-1.33276478,0.00006104
-1.33244478,0.00006104
-1.33212478,0.00006104
-1.33180478,0.00006104
-1.33148478,0.00006104
-1.33116478,-0.01770074
-1.33084478,0.00006104
-1.33052478,0.00006104
-1.33020478,0.00006104
-1.32988478,0.00006104
-1.32956478,0.00006104
-1.32924478,0.00006104
-1.32892478,0.00006104
-1.32860478,0.00006104
-1.32828478,0.00006104
-1.32796478,0.00006104
-1.32764478,0.00006104
-1.32732478,0.00006104
-1.32700478,0.00006104
-1.32668478,0.00006104
-1.32636478,0.00006104
-1.32604478,0.00006104
-1.32572478,0.00006104
-1.32540478,0.00006104
-1.32508478,0.00006104
-1.32476478,0.00006104
-1.32444478,0.00006104
-1.32412478,0.00006104
-1.32380478,0.00006104
-1.32348478,0.00006104
-1.32316478,0.00006104
-1.32284478,0.00006104
-1.32252478,0.00006104
-1.32220478,0.00006104
-1.32188478,0.00006104
-1.32156478,0.00006104
-1.32124478,0.00006104
-1.32092478,0.00006104
-1.32060478,0.00006104
-1.32028478,0.00006104
-1.31996478,0.00006104
-1.31964478,0.00006104
-1.31932478,0.00006104
-1.31900478,0.00006104
-1.31868478,0.00006104
-1.31836478,0.00006104
-1.31804478,-0.01770074
-1.31772478,0.00006104
-1.31740478,0.00006104
-1.31708478,0.00006104
-1.31676478,0.00006104
-1.31644478,0.00006104
-1.31612478,0.00006104
-1.31580478,0.00006104
-1.31548478,0.00006104
-1.31516478,0.00006104
-1.31484478,0.00006104
-1.31452478,0.00006104
-1.31420478,0.00006104
-1.31388478,0.00006104
-1.31356478,0.00006104
-1.31324478,0.00006104
-1.31292478,0.00006104
-1.31260478,0.00006104
-1.31228478,0.00006104
-1.31196478,0.00006104
-1.31164478,-0.01770074
-1.31132478,0.00006104
-1.31100478,0.00006104
-1.31068478,0.00006104
-1.31036478,0.00006104
-1.31004478,0.00006104
-1.30972478,0.00006104
-1.30940478,0.00006104
-1.30908478,0.00006104
-1.30876478,0.00006104
-1.30844478,0.00006104
-1.30812478,0.00006104
-1.30780478,0.00006104
-1.30748478,0.00006104
-1.30716478,0.00006104
-1.30684478,0.00006104
-1.30652478,0.00006104
-1.30620478,0.00006104
-1.30588478,0.00006104
-1.30556478,0.00006104
-1.30524478,0.00006104
-1.30492478,0.00006104
-1.30460478,0.00006104
-1.30428478,0.00006104
-1.30396478,0.00006104
-1.30364478,0.00006104
-1.30332478,0.00006104
-1.30300478,0.00006104
-1.30268478,0.00006104
-1.30236478,0.00006104
-1.30204478,-0.01770074
-1.30172478,0.00006104
-1.30140478,0.00006104
-1.30108478,0.00006104
-1.30076478,0.00006104
-1.30044478,0.00006104
-1.30012478,-0.01770074
-1.29980478,0.00006104
-1.29948478,-0.01770074
-1.29916478,0.00006104
-1.29884478,0.00006104
-1.29852478,0.00006104
-1.29820478,0.00006104
-1.29788478,0.00006104
-1.29756478,0.00006104
-1.29724478,0.00006104
-1.29692478,0.00006104
-1.29660478,0.00006104
-1.29628478,0.00006104
-1.29596478,-0.01770074
-1.29564478,0.00006104
-1.29532478,0.00006104
-1.29500478,0.00006104
-1.29468478,0.00006104
-1.29436478,0.00006104
-1.29404478,0.00006104
-1.29372478,0.00006104
-1.29340478,0.00006104
-1.29308478,0.00006104
-1.29276478,0.00006104
-1.29244478,0.00006104
-1.29212478,0.00006104
-1.29180478,0.00006104
-1.29148478,0.00006104
-1.29116478,0.00006104
-1.29084478,-0.01770074
-1.29052478,0.00006104
-1.29020478,0.00006104
-1.28988478,0.00006104
-1.28956478,0.00006104
-1.28924478,0.00006104
-1.28892478,0.00006104
-1.28860478,0.00006104
-1.28828478,0.00006104
-1.28796478,0.00006104
-1.28764478,0.00006104
-1.28732478,0.00006104
-1.28700478,0.00006104
-1.28668478,0.00006104
-1.28636478,0.00006104
-1.28604478,0.00006104
-1.28572478,0.00006104
-1.28540478,-0.01770074
-1.28508478,0.00006104
-1.28476478,0.00006104
-1.28444478,0.00006104
-1.28412478,0.00006104
-1.28380478,0.00006104
-1.28348478,0.00006104
-1.28316478,-0.01770074
-1.28284478,0.00006104
-1.28252478,0.00006104
-1.28220478,0.00006104
-1.28188478,0.00006104
-1.28156478,0.00006104
-1.28124478,0.00006104
-1.28092478,0.00006104
-1.28060478,0.00006104
-1.28028478,0.00006104
-1.27996478,0.00006104
-1.27964478,0.00006104
-1.27932478,0.00006104
-1.27900478,0.00006104
-1.27868478,0.00006104
-1.27836478,0.00006104
-1.27804478,0.00006104
-1.27772478,0.00006104
-1.27740478,0.00006104
-1.27708478,0.00006104
-1.27676478,0.00006104
-1.27644478,0.00006104
-1.27612478,0.00006104
-1.27580478,0.00006104
-1.27548478,0.00006104
-1.27516478,0.00006104
-1.27484478,0.00006104
-1.27452478,0.00006104
-1.27420478,0.00006104
-1.27388478,0.00006104
-1.27356478,0.00006104
-1.27324478,0.00006104
-1.27292478,0.00006104
-1.27260478,0.00006104
-1.27228478,0.00006104
-1.27196478,0.00006104
-1.27164478,0.00006104
-1.27132478,0.00006104
-1.27100478,0.00006104
-1.27068478,0.00006104
-1.27036478,0.00006104
-1.27004478,0.00006104
-1.26972478,0.00006104
-1.26940478,0.00006104
-1.26908478,0.00006104
-1.26876478,0.00006104
-1.26844478,0.00006104
-1.26812478,-0.01770074
-1.26780478,0.00006104
-1.26748478,0.00006104
-1.26716478,0.00006104
-1.26684478,0.00006104
-1.26652478,0.00006104
-1.26620478,0.00006104
-1.26588478,0.00006104
-1.26556478,0.00006104
-1.26524478,-0.01770074
-1.26492478,0.00006104
-1.26460478,0.00006104
-1.26428478,0.00006104
-1.26396478,0.00006104
-1.26364478,0.00006104
-1.26332478,0.00006104
-1.26300478,0.00006104
-1.26268478,0.00006104
-1.26236478,0.00006104
-1.26204478,0.00006104
-1.26172478,0.00006104
-1.26140478,-0.01770074
-1.26108478,0.00006104
-1.26076478,0.00006104
-1.26044478,0.00006104
-1.26012478,0.00006104
-1.25980478,0.00006104
-1.25948478,0.00006104
-1.25916478,0.00006104
-1.25884478,0.00006104
-1.25852478,0.00006104
-1.25820478,0.00006104
-1.25788478,0.00006104
-1.25756478,0.00006104
-1.25724478,0.00006104
-1.25692478,0.00006104
-1.25660478,0.00006104
-1.25628478,0.00006104
-1.25596478,0.00006104
-1.25564478,0.00006104
-1.25532478,0.00006104
-1.25500478,0.00006104
-1.25468478,0.00006104
-1.25436478,0.00006104
-1.25404478,0.00006104
-1.25372478,0.00006104
-1.25340478,0.00006104
-1.25308478,0.00006104
-1.25276478,0.00006104
-1.25244478,0.00006104
-1.25212478,0.00006104
-1.25180478,0.00006104
-1.25148478,0.00006104
-1.25116478,0.00006104
-1.25084478,0.00006104
-1.25052478,0.00006104
-1.25020478,0.00006104
-1.24988478,0.00006104
-1.24956478,0.00006104
-1.24924478,0.00006104
-1.24892478,0.00006104
-1.24860478,0.00006104
-1.24828478,0.00006104
-1.24796478,0.00006104
-1.24764478,0.00006104
-1.24732478,0.00006104
-1.24700478,0.00006104
-1.24668478,0.00006104
-1.24636478,0.00006104
-1.24604478,0.00006104
-1.24572478,0.00006104
-1.24540478,0.00006104
-1.24508478,0.00006104
-1.24476478,0.00006104
-1.24444478,-0.01770074
-1.24412478,0.00006104
-1.24380478,0.00006104
-1.24348478,0.00006104
-1.24316478,0.00006104
-1.24284478,0.00006104
-1.24252478,0.00006104
-1.24220478,0.00006104
-1.24188478,0.00006104
-1.24156478,0.00006104
-1.24124478,0.00006104
-1.24092478,0.00006104
-1.24060478,0.00006104
-1.24028478,0.00006104
-1.23996478,0.00006104
-1.23964478,0.00006104
-1.23932478,0.00006104
-1.23900478,0.00006104
-1.23868478,0.00006104
-1.23836478,0.00006104
-1.23804478,-0.01770074
-1.23772478,0.00006104
-1.23740478,-0.01770074
-1.23708478,0.00006104
-1.23676478,0.00006104
-1.23644478,0.00006104
-1.23612478,0.00006104
-1.23580478,0.00006104
-1.23548478,-0.01770074
-1.23516478,0.00006104
-1.23484478,0.00006104
-1.23452478,0.00006104
-1.23420478,0.00006104
-1.23388478,0.00006104
-1.23356478,0.00006104
-1.23324478,0.00006104
-1.23292478,0.00006104
-1.23260478,0.00006104
-1.23228478,-0.01770074
-1.23196478,0.00006104
-1.23164478,0.00006104
-1.23132478,0.00006104
-1.23100478,-0.01770074
-1.23068478,0.00006104
-1.23036478,-0.01770074
-1.23004478,0.00006104
-1.22972478,0.00006104
-1.22940478,0.00006104
-1.22908478,-0.01770074
-1.22876478,-0.01770074
-1.22844478,0.00006104
-1.22812478,0.00006104
-1.22780478,0.00006104
-1.22748478,0.00006104
-1.22716478,-0.01770074
-1.22684478,-0.01770074
-1.22652478,0.00006104
-1.22620478,0.00006104
-1.22588478,0.00006104
-1.22556478,0.00006104
-1.22524478,0.00006104
-1.22492478,0.00006104
-1.22460478,0.00006104
-1.22428478,0.00006104
-1.22396478,0.00006104
-1.22364478,0.00006104
-1.22332478,0.00006104
-1.22300478,0.00006104
-1.22268478,0.00006104
-1.22236478,0.00006104
-1.22204478,0.00006104
-1.22172478,0.00006104
-1.22140478,0.00006104
-1.22108478,0.00006104
-1.22076478,-0.01770074
-1.22044478,-0.01770074
-1.22012478,-0.01770074
-1.21980478,0.00006104
-1.21948478,0.00006104
-1.21916478,0.00006104
-1.21884478,0.00006104
-1.21852478,0.00006104
-1.21820478,0.00006104
-1.21788478,0.00006104
-1.21756478,0.00006104
-1.21724478,-0.01770074
-1.21692478,0.00006104
-1.21660478,0.00006104
-1.21628478,0.00006104
-1.21596478,0.00006104
-1.21564478,0.00006104
-1.21532478,0.00006104
-1.21500478,0.00006104
-1.21468478,0.00006104
-1.21436478,0.00006104
-1.21404478,0.00006104
-1.21372478,0.00006104
-1.21340478,0.00006104
-1.21308478,0.00006104
-1.21276478,-0.01770074
-1.21244478,-0.01770074
-1.21212478,0.00006104
-1.21180478,0.00006104
-1.21148478,0.00006104
-1.21116478,0.00006104
-1.21084478,0.00006104
-1.21052478,0.00006104
-1.21020478,0.00006104
-1.20988478,0.00006104
-1.20956478,0.00006104
-1.20924478,0.00006104
-1.20892478,0.00006104
-1.20860478,0.00006104
-1.20828478,0.00006104
-1.20796478,0.00006104
-1.20764478,0.00006104
-1.20732478,0.00006104
-1.20700478,0.00006104
-1.20668478,0.00006104
-1.20636478,0.00006104
-1.20604478,0.00006104
-1.20572478,0.00006104
-1.20540478,0.00006104
-1.20508478,0.00006104
-1.20476478,0.00006104
-1.20444478,0.00006104
-1.20412478,0.00006104
-1.20380478,-0.01770074
-1.20348478,0.00006104
-1.20316478,0.00006104
-1.20284478,0.00006104
-1.20252478,0.00006104
-1.20220478,0.00006104
-1.20188478,0.00006104
-1.20156478,0.00006104
-1.20124478,0.00006104
-1.20092478,0.00006104
-1.20060478,0.00006104
-1.20028478,0.00006104
-1.19996478,-0.01770074
-1.19964478,0.00006104
-1.19932478,0.00006104
-1.19900478,0.00006104
-1.19868478,0.00006104
-1.19836478,-0.01770074
-1.19804478,0.00006104
-1.19772478,0.00006104
-1.19740478,-0.01770074
-1.19708478,-0.01770074
-1.19676478,0.00006104
-1.19644478,0.00006104
-1.19612478,0.00006104
-1.19580478,-0.01770074
-1.19548478,0.00006104
-1.19516478,0.00006104
-1.19484478,0.00006104
-1.19452478,0.00006104
-1.19420478,0.00006104
-1.19388478,0.00006104
-1.19356478,0.00006104
-1.19324478,0.00006104
-1.19292478,0.00006104
-1.19260478,0.00006104
-1.19228478,0.00006104
-1.19196478,-0.01770074
-1.19164478,0.00006104
-1.19132478,0.00006104
-1.19100478,0.00006104
-1.19068478,0.00006104
-1.19036478,0.00006104
-1.19004478,0.00006104
-1.18972478,-0.01770074
-1.18940478,0.00006104
-1.18908478,0.00006104
-1.18876478,0.00006104
-1.18844478,0.00006104
-1.18812478,0.00006104
-1.18780478,0.00006104
-1.18748478,0.00006104
-1.18716478,0.00006104
-1.18684478,0.00006104
-1.18652478,0.00006104
-1.18620478,0.00006104
-1.18588478,0.00006104
-1.18556478,0.00006104
-1.18524478,0.00006104
-1.18492478,0.00006104
-1.18460478,0.00006104
-1.18428478,0.00006104
-1.18396478,0.00006104
-1.18364478,0.00006104
-1.18332478,0.00006104
-1.18300478,0.00006104
-1.18268478,0.00006104
-1.18236478,0.00006104
-1.18204478,0.00006104
-1.18172478,0.00006104
-1.18140478,0.00006104
-1.18108478,0.00006104
-1.18076478,0.00006104
-1.18044478,0.00006104
-1.18012478,0.00006104
-1.17980478,0.00006104
-1.17948478,0.00006104
-1.17916478,0.00006104
-1.17884478,0.00006104
-1.17852478,0.00006104
-1.17820478,0.00006104
-1.17788478,0.00006104
-1.17756478,0.00006104
-1.17724478,0.00006104
-1.17692478,0.00006104
-1.17660478,0.00006104
-1.17628478,0.00006104
-1.17596478,0.00006104
-1.17564478,0.00006104
-1.17532478,0.00006104
-1.17500478,0.00006104
-1.17468478,0.00006104
-1.17436478,0.00006104
-1.17404478,0.00006104
-1.17372478,0.00006104
-1.17340478,-0.01770074
-1.17308478,0.00006104
-1.17276478,0.00006104
-1.17244478,0.00006104
-1.17212478,0.00006104
-1.17180478,0.00006104
-1.17148478,0.00006104
-1.17116478,0.00006104
-1.17084478,0.00006104
-1.17052478,0.00006104
-1.17020478,0.00006104
-1.16988478,0.00006104
-1.16956478,0.00006104
-1.16924478,0.00006104
-1.16892478,0.00006104
-1.16860478,0.00006104
-1.16828478,0.00006104
-1.16796478,0.00006104
-1.16764478,0.00006104
-1.16732478,0.00006104
-1.16700478,0.00006104
-1.16668478,0.00006104
-1.16636478,0.00006104
-1.16604478,0.00006104
-1.16572478,0.00006104
-1.16540478,0.00006104
-1.16508478,0.00006104
-1.16476478,0.00006104
-1.16444478,0.00006104
-1.16412478,0.00006104
-1.16380478,0.00006104
-1.16348478,0.00006104
-1.16316478,0.00006104
-1.16284478,0.00006104
-1.16252478,0.00006104
-1.16220478,0.00006104
-1.16188478,0.00006104
-1.16156478,0.00006104
-1.16124478,0.00006104
-1.16092478,0.00006104
-1.16060478,0.00006104
-1.16028478,0.00006104
-1.15996478,0.00006104
-1.15964478,0.00006104
-1.15932478,0.00006104
-1.15900478,0.00006104
-1.15868478,0.00006104
-1.15836478,0.00006104
-1.15804478,0.00006104
-1.15772478,0.00006104
-1.15740478,0.00006104
-1.15708478,-0.01770074
-1.15676478,0.00006104
-1.15644478,0.00006104
-1.15612478,0.00006104
-1.15580478,0.00006104
-1.15548478,0.00006104
-1.15516478,0.00006104
-1.15484478,0.00006104
-1.15452478,0.00006104
-1.15420478,0.00006104
-1.15388478,0.00006104
-1.15356478,0.00006104
-1.15324478,0.00006104
-1.15292478,0.00006104
-1.15260478,0.00006104
-1.15228478,0.00006104
-1.15196478,0.00006104
-1.15164478,-0.01770074
-1.15132478,0.00006104
-1.15100478,0.00006104
-1.15068478,0.00006104
-1.15036478,0.00006104
-1.15004478,0.00006104
-1.14972478,0.00006104
-1.14940478,0.00006104
-1.14908478,0.00006104
-1.14876478,0.00006104
-1.14844478,0.00006104
-1.14812478,0.00006104
-1.14780478,0.00006104
-1.14748478,0.00006104
-1.14716478,0.00006104
-1.14684478,0.00006104
-1.14652478,0.00006104
-1.14620478,0.00006104
-1.14588478,0.00006104
-1.14556478,0.00006104
-1.14524478,0.00006104
-1.14492478,0.00006104
-1.14460478,0.00006104
-1.14428478,0.00006104
-1.14396478,0.00006104
-1.14364478,0.00006104
-1.14332478,0.00006104
-1.14300478,0.00006104
-1.14268478,0.00006104
-1.14236478,0.00006104
-1.14204478,0.00006104
-1.14172478,0.00006104
-1.14140478,0.00006104
-1.14108478,0.00006104
-1.14076478,0.00006104
-1.14044478,0.00006104
-1.14012478,0.00006104
-1.13980478,0.00006104
-1.13948478,0.00006104
-1.13916478,0.00006104
-1.13884478,0.00006104
-1.13852478,0.00006104
-1.13820478,0.00006104
-1.13788478,0.00006104
-1.13756478,0.00006104
-1.13724478,0.00006104
-1.13692478,0.00006104
-1.13660478,0.00006104
-1.13628478,0.00006104
-1.13596478,0.00006104
-1.13564478,0.00006104
-1.13532478,-0.01770074
-1.13500478,0.00006104
-1.13468478,0.00006104
-1.13436478,0.00006104
-1.13404478,0.00006104
-1.13372478,0.00006104
-1.13340478,0.00006104
-1.13308478,0.00006104
-1.13276478,0.00006104
-1.13244478,0.00006104
-1.13212478,0.00006104
-1.13180478,0.00006104
-1.13148478,0.00006104
-1.13116478,0.00006104
-1.13084478,0.00006104
-1.13052478,0.00006104
-1.13020478,0.00006104
-1.12988478,0.00006104
-1.12956478,0.00006104
-1.12924478,0.00006104
-1.12892478,0.00006104
-1.12860478,0.00006104
-1.12828478,0.00006104
-1.12796478,0.00006104
-1.12764478,0.00006104
-1.12732478,0.00006104
-1.12700478,0.00006104
-1.12668478,0.00006104
-1.12636478,0.00006104
-1.12604478,0.00006104
-1.12572478,0.00006104
-1.12540478,0.00006104
-1.12508478,0.00006104
-1.12476478,0.00006104
-1.12444478,0.00006104
-1.12412478,0.00006104
-1.12380478,-0.01770074
-1.12348478,0.00006104
-1.12316478,0.00006104
-1.12284478,0.00006104
-1.12252478,0.00006104
-1.12220478,-0.01770074
-1.12188478,0.00006104
-1.12156478,0.00006104
-1.12124478,0.00006104
-1.12092478,0.00006104
-1.12060478,0.00006104
-1.12028478,0.00006104
-1.11996478,0.00006104
-1.11964478,0.00006104
-1.11932478,0.00006104
-1.11900478,0.00006104
-1.11868478,0.00006104
-1.11836478,0.00006104
-1.11804478,0.00006104
-1.11772478,0.00006104
-1.11740478,0.00006104
-1.11708478,0.00006104
-1.11676478,0.00006104
-1.11644478,0.00006104
-1.11612478,0.00006104
-1.11580478,0.00006104
-1.11548478,-0.01770074
-1.11516478,0.00006104
-1.11484478,0.00006104
-1.11452478,0.00006104
-1.11420478,0.00006104
-1.11388478,0.00006104
-1.11356478,0.00006104
-1.11324478,0.00006104
-1.11292478,0.00006104
-1.11260478,0.00006104
-1.11228478,0.00006104
-1.11196478,0.00006104
-1.11164478,0.00006104
-1.11132478,0.00006104
-1.11100478,0.00006104
-1.11068478,0.00006104
-1.11036478,0.00006104
-1.11004478,0.00006104
-1.10972478,0.00006104
-1.10940478,0.00006104
-1.10908478,0.00006104
-1.10876478,0.00006104
-1.10844478,0.00006104
-1.10812478,0.00006104
-1.10780478,0.00006104
-1.10748478,0.00006104
-1.10716478,0.00006104
-1.10684478,0.00006104
-1.10652478,0.00006104
-1.10620478,0.00006104
-1.10588478,0.00006104
-1.10556478,0.00006104
-1.10524478,0.00006104
-1.10492478,0.00006104
-1.10460478,0.00006104
-1.10428478,0.00006104
-1.10396478,0.00006104
-1.10364478,0.00006104
-1.10332478,0.00006104
-1.10300478,0.00006104
-1.10268478,0.00006104
-1.10236478,0.00006104
-1.10204478,0.00006104
-1.10172478,0.00006104
-1.10140478,-0.01770074
-1.10108478,0.00006104
-1.10076478,0.00006104
-1.10044478,0.00006104
-1.10012478,0.00006104
-1.09980478,0.00006104
-1.09948478,0.00006104
-1.09916478,0.00006104
-1.09884478,0.00006104
-1.09852478,0.00006104
-1.09820478,0.00006104
-1.09788478,0.00006104
-1.09756478,0.00006104
-1.09724478,0.00006104
-1.09692478,0.00006104
-1.09660478,0.00006104
-1.09628478,0.00006104
-1.09596478,0.00006104
-1.09564478,0.00006104
-1.09532478,0.00006104
-1.09500478,0.00006104
-1.09468478,0.00006104
-1.09436478,0.00006104
-1.09404478,0.00006104
-1.09372478,0.00006104
-1.09340478,0.00006104
-1.09308478,0.00006104
-1.09276478,0.00006104
-1.09244478,0.00006104
-1.09212478,0.00006104
-1.09180478,0.00006104
-1.09148478,0.00006104
-1.09116478,0.00006104
-1.09084478,0.00006104
-1.09052478,0.00006104
-1.09020478,0.00006104
-1.08988478,0.00006104
-1.08956478,0.00006104
-1.08924478,0.00006104
-1.08892478,0.00006104
-1.08860478,0.00006104
-1.08828478,0.00006104
-1.08796478,0.00006104
-1.08764478,0.00006104
-1.08732478,0.00006104
-1.08700478,0.00006104
-1.08668478,0.00006104
-1.08636478,0.00006104
-1.08604478,0.00006104
-1.08572478,0.00006104
-1.08540478,0.00006104
-1.08508478,0.00006104
-1.08476478,0.00006104
-1.08444478,0.00006104
-1.08412478,0.00006104
-1.08380478,0.00006104
-1.08348478,0.00006104
-1.08316478,0.00006104
-1.08284478,0.00006104
-1.08252478,0.00006104
-1.08220478,0.00006104
-1.08188478,0.00006104
-1.08156478,0.00006104
-1.08124478,0.00006104
-1.08092478,0.00006104
-1.08060478,0.00006104
-1.08028478,-0.01770074
-1.07996478,0.00006104
-1.07964478,0.00006104
-1.07932478,0.00006104
-1.07900478,0.00006104
-1.07868478,0.00006104
-1.07836478,0.00006104
-1.07804478,0.00006104
-1.07772478,0.00006104
-1.07740478,0.00006104
-1.07708478,0.00006104
-1.07676478,0.00006104
-1.07644478,0.00006104
-1.07612478,0.00006104
-1.07580478,0.00006104
-1.07548478,0.00006104
-1.07516478,0.00006104
-1.07484478,0.00006104
-1.07452478,0.00006104
-1.07420478,0.00006104
-1.07388478,0.00006104
-1.07356478,0.00006104
-1.07324478,0.00006104
-1.07292478,0.00006104
-1.07260478,0.00006104
-1.07228478,0.00006104
-1.07196478,0.00006104
-1.07164478,0.00006104
-1.07132478,0.00006104
-1.07100478,0.00006104
-1.07068478,0.00006104
-1.07036478,0.00006104
-1.07004478,0.00006104
-1.06972478,0.00006104
-1.06940478,0.00006104
-1.06908478,0.00006104
-1.06876478,0.00006104
-1.06844478,0.00006104
-1.06812478,0.00006104
-1.06780478,0.00006104
-1.06748478,0.00006104
-1.06716478,0.00006104
-1.06684478,0.00006104
-1.06652478,0.00006104
-1.06620478,0.00006104
-1.06588478,0.00006104
-1.06556478,0.00006104
-1.06524478,0.00006104
-1.06492478,0.00006104
-1.06460478,0.00006104
-1.06428478,0.00006104
-1.06396478,0.00006104
-1.06364478,0.00006104
-1.06332478,0.00006104
-1.06300478,0.00006104
-1.06268478,0.00006104
-1.06236478,0.00006104
-1.06204478,0.00006104
-1.06172478,0.00006104
-1.06140478,0.00006104
-1.06108478,0.00006104
-1.06076478,0.00006104
-1.06044478,0.00006104
-1.06012478,0.00006104
-1.05980478,0.00006104
-1.05948478,0.00006104
-1.05916478,0.00006104
-1.05884478,0.00006104
-1.05852478,0.00006104
-1.05820478,0.00006104
-1.05788478,0.00006104
-1.05756478,0.00006104
-1.05724478,0.00006104
-1.05692478,0.00006104
-1.05660478,0.00006104
-1.05628478,0.00006104
-1.05596478,0.00006104
-1.05564478,0.00006104
-1.05532478,0.00006104
-1.05500478,0.00006104
-1.05468478,0.00006104
-1.05436478,0.00006104
-1.05404478,0.00006104
-1.05372478,0.00006104
-1.05340478,0.00006104
-1.05308478,0.00006104
-1.05276478,0.00006104
-1.05244478,0.00006104
-1.05212478,0.00006104
-1.05180478,0.00006104
-1.05148478,0.00006104
-1.05116478,0.00006104
-1.05084478,0.00006104
-1.05052478,0.00006104
-1.05020478,0.00006104
-1.04988478,0.00006104
-1.04956478,0.00006104
-1.04924478,0.00006104
-1.04892478,0.00006104
-1.04860478,0.00006104
-1.04828478,0.00006104
-1.04796478,0.00006104
-1.04764478,0.00006104
-1.04732478,0.00006104
-1.04700478,0.00006104
-1.04668478,0.00006104
-1.04636478,0.00006104
-1.04604478,0.00006104
-1.04572478,0.00006104
-1.04540478,0.00006104
-1.04508478,0.00006104
-1.04476478,0.00006104
-1.04444478,0.00006104
-1.04412478,-0.01770074
-1.04380478,0.00006104
-1.04348478,0.00006104
-1.04316478,0.00006104
-1.04284478,0.00006104
-1.04252478,0.00006104
-1.04220478,0.00006104
-1.04188478,0.00006104
-1.04156478,0.00006104
-1.04124478,0.00006104
-1.04092478,0.00006104
-1.04060478,-0.01770074
-1.04028478,0.00006104
-1.03996478,0.00006104
-1.03964478,0.00006104
-1.03932478,0.00006104
-1.03900478,0.00006104
-1.03868478,0.00006104
-1.03836478,0.00006104
-1.03804478,0.00006104
-1.03772478,0.00006104
-1.03740478,0.00006104
-1.03708478,0.00006104
-1.03676478,0.00006104
-1.03644478,0.00006104
-1.03612478,0.00006104
-1.03580478,0.00006104
-1.03548478,0.00006104
-1.03516478,0.00006104
-1.03484478,0.00006104
-1.03452478,0.00006104
-1.03420478,0.00006104
-1.03388478,0.00006104
-1.03356478,0.00006104
-1.03324478,0.00006104
-1.03292478,0.00006104
-1.03260478,0.00006104
-1.03228478,0.00006104
-1.03196478,0.00006104
-1.03164478,-0.01770074
-1.03132478,0.00006104
-1.03100478,-0.01770074
-1.03068478,0.00006104
-1.03036478,0.00006104
-1.03004478,0.00006104
-1.02972478,0.00006104
-1.02940478,0.00006104
-1.02908478,0.00006104
-1.02876478,0.00006104
-1.02844478,0.00006104
-1.02812478,0.00006104
-1.02780478,0.00006104
-1.02748478,0.00006104
-1.02716478,0.00006104
-1.02684478,0.00006104
-1.02652478,0.00006104
-1.02620478,0.00006104
-1.02588478,0.00006104
-1.02556478,0.00006104
-1.02524478,0.00006104
-1.02492478,0.00006104
-1.02460478,0.00006104
-1.02428478,0.00006104
-1.02396478,0.00006104
-1.02364478,0.00006104
-1.02332478,0.00006104
-1.02300478,0.00006104
-1.02268478,0.00006104
-1.02236478,0.00006104
-1.02204478,0.00006104
-1.02172478,0.00006104
-1.02140478,0.00006104
-1.02108478,0.00006104
-1.02076478,0.00006104
-1.02044478,0.00006104
-1.02012478,0.00006104
-1.01980478,0.00006104
-1.01948478,0.00006104
-1.01916478,0.00006104
-1.01884478,0.00006104
-1.01852478,0.00006104
-1.01820478,0.00006104
-1.01788478,0.00006104
-1.01756478,0.00006104
-1.01724478,0.00006104
-1.01692478,0.00006104
-1.01660478,0.00006104
-1.01628478,0.00006104
-1.01596478,0.00006104
-1.01564478,-0.01770074
-1.01532478,0.00006104
-1.01500478,0.00006104
-1.01468478,0.00006104
-1.01436478,0.00006104
-1.01404478,0.00006104
-1.01372478,0.00006104
-1.01340478,0.00006104
-1.01308478,0.00006104
-1.01276478,0.00006104
-1.01244478,0.00006104
-1.01212478,-0.01770074
-1.01180478,0.00006104
-1.01148478,0.00006104
-1.01116478,0.00006104
-1.01084478,0.00006104
-1.01052478,0.00006104
-1.01020478,0.00006104
-1.00988478,0.00006104
-1.00956478,0.00006104
-1.00924478,0.00006104
-1.00892478,0.00006104
-1.00860478,0.00006104
-1.00828478,0.00006104
-1.00796478,0.00006104
-1.00764478,0.00006104
-1.00732478,0.00006104
-1.00700478,0.00006104
-1.00668478,0.00006104
-1.00636478,0.00006104
-1.00604478,0.00006104
-1.00572478,0.00006104
-1.00540478,0.00006104
-1.00508478,0.00006104
-1.00476478,1.95812857
-1.00444478,0.76546526
-1.00412478,-0.21350749
-1.00380478,-0.30256051
-1.00348478,-0.17792290
-1.00316478,-0.07110813
-1.00284478,-0.01770074
-1.00252478,0.00006104
-1.00220478,-0.01770074
-1.00188478,-0.01770074
-1.00156478,-0.49836725
-1.00124478,-1.15695667
-1.00092478,-∞
-1.00060478,1.45970035
-1.00028478,0.37385175
-0.99996478,-0.14233834
-0.99964478,-0.08893093
-0.99932478,0.01788385
-0.99900478,0.05346843
-0.99868478,0.03570665
-0.99836478,0.00006104
-0.99804478,0.01788385
-0.99772478,0.01788385
-0.99740478,0.01788385
-0.99708478,0.03570665
-0.99676478,0.03570665
-0.99644478,0.03570665
-0.99612478,0.01788385
-0.99580478,0.00006104
-0.99548478,0.01788385
-0.99516478,0.01788385
-0.99484478,0.03570665
-0.99452478,0.05346843
-0.99420478,0.05346843
-0.99388478,0.07129124
-0.99356478,0.07129124
-0.99324478,0.05346843
-0.99292478,0.07129124
-0.99260478,0.05346843
-0.99228478,0.03570665
-0.99196478,0.07129124
-0.99164478,0.08911405
-0.99132478,0.07129124
-0.99100478,0.03570665
-0.99068478,0.03570665
-0.99036478,0.03570665
-0.99004478,0.01788385
-0.98972478,-0.01770074
-0.98940478,-0.01770074
-0.98908478,-0.01770074
-0.98876478,-0.01770074
-0.98844478,0.03570665
-0.98812478,-0.01770074
-0.98780478,0.01788385
-0.98748478,0.03570665
-0.98716478,-0.03552354
-0.98684478,0.01788385
-0.98652478,0.01788385
-0.98620478,-0.03552354
-0.98588478,0.03570665
-0.98556478,0.03570665
-0.98524478,0.00006104
-0.98492478,0.03570665
-0.98460478,0.03570665
-0.98428478,0.01788385
-0.98396478,0.00006104
-0.98364478,0.01788385
-0.98332478,0.01788385
-0.98300478,0.00006104
-0.98268478,0.03570665
-0.98236478,0.03570665
-0.98204478,0.00006104
-0.98172478,0.00006104
-0.98140478,0.03570665
-0.98108478,0.01788385
-0.98076478,0.01788385
-0.98044478,0.00006104
-0.98012478,-0.01770074
-0.97980478,0.00006104
-0.97948478,0.01788385
-0.97916478,0.00006104
-0.97884478,0.01788385
-0.97852478,0.03570665
-0.97820478,0.01788385
-0.97788478,0.00006104
-0.97756478,0.01788385
-0.97724478,0.00006104
-0.97692478,0.00006104
-0.97660478,0.01788385
-0.97628478,0.00006104
-0.97596478,0.01788385
-0.97564478,0.03570665
-0.97532478,0.01788385
-0.97500478,0.01788385
-0.97468478,0.00006104
-0.97436478,0.00006104
-0.97404478,0.00006104
-0.97372478,0.00006104
-0.97340478,-0.01770074
-0.97308478,0.00006104
-0.97276478,0.00006104
-0.97244478,0.00006104
-0.97212478,0.01788385
-0.97180478,0.00006104
-0.97148478,0.01788385
-0.97116478,0.01788385
-0.97084478,0.01788385
-0.97052478,0.00006104
-0.97020478,0.01788385
-0.96988478,0.00006104
-0.96956478,0.00006104
-0.96924478,0.01788385
-0.96892478,0.00006104
-0.96860478,0.00006104
-0.96828478,0.00006104
-0.96796478,0.00006104
-0.96764478,0.00006104
-0.96732478,0.00006104
-0.96700478,0.00006104
-0.96668478,0.00006104
-0.96636478,0.00006104
-0.96604478,0.01788385
-0.96572478,0.00006104
-0.96540478,0.00006104
-0.96508478,0.00006104
-0.96476478,0.00006104
-0.96444478,0.01788385
-0.96412478,0.00006104
-0.96380478,0.00006104
-0.96348478,0.00006104
-0.96316478,0.00006104
-0.96284478,0.00006104
-0.96252478,0.00006104
-0.96220478,0.00006104
-0.96188478,0.00006104
-0.96156478,0.00006104
-0.96124478,0.00006104
-0.96092478,0.00006104
-0.96060478,0.00006104
-0.96028478,0.00006104
-0.95996478,0.01788385
-0.95964478,0.00006104
-0.95932478,0.00006104
-0.95900478,0.01788385
-0.95868478,0.00006104
-0.95836478,0.01788385
-0.95804478,0.01788385
-0.95772478,0.00006104
-0.95740478,0.01788385
-0.95708478,0.01788385
-0.95676478,0.00006104
-0.95644478,0.00006104
-0.95612478,0.00006104
-0.95580478,0.00006104
-0.95548478,0.00006104
-0.95516478,0.00006104
-0.95484478,0.00006104
-0.95452478,0.00006104
-0.95420478,0.00006104
-0.95388478,0.00006104
-0.95356478,0.00006104
-0.95324478,0.00006104
-0.95292478,0.01788385
-0.95260478,0.00006104
-0.95228478,0.00006104
-0.95196478,0.00006104
-0.95164478,0.00006104
-0.95132478,0.01788385
-0.95100478,0.00006104
-0.95068478,0.00006104
-0.95036478,0.01788385
-0.95004478,0.00006104
-0.94972478,0.00006104
-0.94940478,0.00006104
-0.94908478,0.00006104
-0.94876478,0.00006104
-0.94844478,0.00006104
-0.94812478,0.00006104
-0.94780478,0.00006104
-0.94748478,0.00006104
-0.94716478,0.00006104
-0.94684478,0.00006104
-0.94652478,0.00006104
-0.94620478,0.00006104
-0.94588478,0.00006104
-0.94556478,0.00006104
-0.94524478,0.00006104
-0.94492478,0.00006104
-0.94460478,0.00006104
-0.94428478,0.00006104
-0.94396478,0.00006104
-0.94364478,0.00006104
-0.94332478,0.00006104
-0.94300478,0.00006104
-0.94268478,0.00006104
-0.94236478,0.00006104
-0.94204478,0.00006104
-0.94172478,0.00006104
-0.94140478,0.00006104
-0.94108478,0.00006104
-0.94076478,0.00006104
-0.94044478,0.00006104
-0.94012478,0.00006104
-0.93980478,0.00006104
-0.93948478,0.00006104
-0.93916478,0.00006104
-0.93884478,0.00006104
-0.93852478,0.00006104
-0.93820478,0.00006104
-0.93788478,0.00006104
-0.93756478,0.00006104
-0.93724478,0.00006104
-0.93692478,0.00006104
-0.93660478,0.00006104
-0.93628478,0.00006104
-0.93596478,0.00006104
-0.93564478,0.00006104
-0.93532478,0.00006104
-0.93500478,0.00006104
-0.93468478,0.00006104
-0.93436478,0.00006104
-0.93404478,0.00006104
-0.93372478,0.00006104
-0.93340478,0.00006104
-0.93308478,0.00006104
-0.93276478,-0.01770074
-0.93244478,0.00006104
-0.93212478,0.00006104
-0.93180478,0.00006104
-0.93148478,0.00006104
-0.93116478,0.00006104
-0.93084478,0.00006104
-0.93052478,0.00006104
-0.93020478,0.00006104
-0.92988478,0.00006104
-0.92956478,0.00006104
-0.92924478,0.00006104
-0.92892478,0.00006104
-0.92860478,0.00006104
-0.92828478,0.00006104
-0.92796478,0.00006104
-0.92764478,0.00006104
-0.92732478,0.00006104
-0.92700478,0.00006104
-0.92668478,0.00006104
-0.92636478,0.00006104
-0.92604478,0.00006104
-0.92572478,0.00006104
-0.92540478,0.00006104
-0.92508478,-0.01770074
-0.92476478,-0.01770074
-0.92444478,-0.01770074
-0.92412478,-0.01770074
-0.92380478,0.00006104
-0.92348478,0.00006104
-0.92316478,0.00006104
-0.92284478,-0.01770074
-0.92252478,0.00006104
-0.92220478,0.00006104
-0.92188478,0.00006104
-0.92156478,0.00006104
-0.92124478,0.00006104
-0.92092478,0.00006104
-0.92060478,0.00006104
-0.92028478,0.00006104
-0.91996478,0.00006104
-0.91964478,0.00006104
-0.91932478,0.00006104
-0.91900478,-0.01770074
-0.91868478,0.00006104
-0.91836478,0.00006104
-0.91804478,0.00006104
-0.91772478,0.00006104
-0.91740478,0.00006104
-0.91708478,0.00006104
-0.91676478,0.00006104
-0.91644478,0.00006104
-0.91612478,0.00006104
-0.91580478,0.00006104
-0.91548478,0.00006104
-0.91516478,0.00006104
-0.91484478,0.00006104
-0.91452478,0.00006104
-0.91420478,0.00006104
-0.91388478,0.00006104
-0.91356478,0.00006104
-0.91324478,0.00006104
-0.91292478,0.00006104
-0.91260478,0.00006104
-0.91228478,0.00006104
-0.91196478,0.00006104
-0.91164478,0.00006104
-0.91132478,0.00006104
-0.91100478,-0.01770074
-0.91068478,0.00006104
-0.91036478,0.00006104
-0.91004478,0.00006104
-0.90972478,0.00006104
-0.90940478,-0.01770074
-0.90908478,0.00006104
-0.90876478,0.00006104
-0.90844478,0.00006104
-0.90812478,0.00006104
-0.90780478,0.00006104
-0.90748478,0.00006104
-0.90716478,0.00006104
-0.90684478,0.00006104
-0.90652478,0.00006104
-0.90620478,0.00006104
-0.90588478,0.00006104
-0.90556478,0.00006104
-0.90524478,0.00006104
-0.90492478,0.00006104
-0.90460478,0.00006104
-0.90428478,0.00006104
-0.90396478,0.00006104
-0.90364478,0.00006104
-0.90332478,0.00006104
-0.90300478,0.00006104
-0.90268478,-0.01770074
-0.90236478,0.00006104
-0.90204478,0.00006104
-0.90172478,0.00006104
-0.90140478,0.00006104
-0.90108478,-0.01770074
-0.90076478,0.00006104
-0.90044478,0.00006104
-0.90012478,0.00006104
-0.89980478,0.00006104
-0.89948478,0.00006104
-0.89916478,0.00006104
-0.89884478,0.00006104
-0.89852478,0.00006104
-0.89820478,0.00006104
-0.89788478,0.00006104
-0.89756478,0.00006104
-0.89724478,0.00006104
-0.89692478,0.00006104
-0.89660478,0.00006104
-0.89628478,0.00006104
-0.89596478,0.00006104
-0.89564478,-0.01770074
-0.89532478,0.00006104
-0.89500478,-0.01770074
-0.89468478,0.00006104
-0.89436478,0.00006104
-0.89404478,0.00006104
-0.89372478,0.00006104
-0.89340478,0.00006104
-0.89308478,0.00006104
-0.89276478,0.00006104
-0.89244478,0.00006104
-0.89212478,0.00006104
-0.89180478,-0.01770074
-0.89148478,0.00006104
-0.89116478,0.00006104
-0.89084478,0.00006104
-0.89052478,0.00006104
-0.89020478,0.00006104
-0.88988478,0.00006104
-0.88956478,0.00006104
-0.88924478,0.00006104
-0.88892478,0.00006104
-0.88860478,-0.01770074
-0.88828478,0.00006104
-0.88796478,0.00006104
-0.88764478,0.00006104
-0.88732478,0.00006104
-0.88700478,0.00006104
-0.88668478,0.00006104
-0.88636478,0.00006104
-0.88604478,0.00006104
-0.88572478,0.00006104
-0.88540478,0.00006104
-0.88508478,0.00006104
-0.88476478,0.00006104
-0.88444478,0.00006104
-0.88412478,0.00006104
-0.88380478,0.00006104
-0.88348478,0.00006104
-0.88316478,0.00006104
-0.88284478,0.00006104
-0.88252478,0.00006104
-0.88220478,0.00006104
-0.88188478,0.00006104
-0.88156478,0.00006104
-0.88124478,0.00006104
-0.88092478,0.00006104
-0.88060478,0.00006104
-0.88028478,0.00006104
-0.87996478,0.00006104
-0.87964478,0.00006104
-0.87932478,0.00006104
-0.87900478,0.00006104
-0.87868478,0.00006104
-0.87836478,0.00006104
-0.87804478,0.00006104
-0.87772478,0.00006104
-0.87740478,0.00006104
-0.87708478,0.00006104
-0.87676478,0.00006104
-0.87644478,0.00006104
-0.87612478,0.00006104
-0.87580478,0.00006104
-0.87548478,0.00006104
-0.87516478,0.00006104
-0.87484478,0.00006104
-0.87452478,0.00006104
-0.87420478,0.00006104
-0.87388478,0.00006104
-0.87356478,0.00006104
-0.87324478,0.00006104
-0.87292478,0.00006104
-0.87260478,0.00006104
-0.87228478,0.00006104
-0.87196478,0.00006104
-0.87164478,0.00006104
-0.87132478,0.00006104
-0.87100478,0.00006104
-0.87068478,0.00006104
-0.87036478,0.00006104
-0.87004478,0.00006104
-0.86972478,0.00006104
-0.86940478,0.00006104
-0.86908478,0.00006104
-0.86876478,0.00006104
-0.86844478,0.00006104
-0.86812478,0.00006104
-0.86780478,0.00006104
-0.86748478,0.00006104
-0.86716478,0.00006104
-0.86684478,0.00006104
-0.86652478,0.00006104
-0.86620478,0.00006104
-0.86588478,0.00006104
-0.86556478,0.00006104
-0.86524478,0.00006104
-0.86492478,0.00006104
-0.86460478,0.00006104
-0.86428478,0.00006104
-0.86396478,0.00006104
-0.86364478,0.00006104
-0.86332478,0.00006104
-0.86300478,0.00006104
-0.86268478,0.00006104
-0.86236478,0.00006104
-0.86204478,0.00006104
-0.86172478,0.00006104
-0.86140478,-0.01770074
-0.86108478,0.00006104
-0.86076478,0.00006104
-0.86044478,0.00006104
-0.86012478,0.00006104
-0.85980478,0.00006104
-0.85948478,0.00006104
-0.85916478,0.00006104
-0.85884478,0.00006104
-0.85852478,0.00006104
-0.85820478,0.00006104
-0.85788478,0.00006104
-0.85756478,0.00006104
-0.85724478,0.00006104
-0.85692478,0.00006104
-0.85660478,0.00006104
-0.85628478,0.00006104
-0.85596478,0.00006104
-0.85564478,0.00006104
-0.85532478,0.00006104
-0.85500478,0.00006104
-0.85468478,0.00006104
-0.85436478,0.00006104
-0.85404478,0.00006104
-0.85372478,0.00006104
-0.85340478,0.00006104
-0.85308478,0.00006104
-0.85276478,0.00006104
-0.85244478,0.00006104
-0.85212478,0.00006104
-0.85180478,0.00006104
-0.85148478,0.00006104
-0.85116478,0.00006104
-0.85084478,0.00006104
-0.85052478,0.00006104
-0.85020478,0.00006104
-0.84988478,0.00006104
-0.84956478,0.00006104
-0.84924478,0.00006104
-0.84892478,-0.01770074
-0.84860478,0.00006104
-0.84828478,0.00006104
-0.84796478,0.00006104
-0.84764478,0.00006104
-0.84732478,0.00006104
-0.84700478,0.00006104
-0.84668478,0.00006104
-0.84636478,0.00006104
-0.84604478,0.00006104
-0.84572478,0.00006104
-0.84540478,0.00006104
-0.84508478,0.00006104
-0.84476478,0.00006104
-0.84444478,0.00006104
-0.84412478,0.00006104
-0.84380478,0.00006104
-0.84348478,0.00006104
-0.84316478,0.00006104
-0.84284478,0.00006104
-0.84252478,0.00006104
-0.84220478,0.00006104
-0.84188478,0.00006104
-0.84156478,0.00006104
-0.84124478,0.00006104
-0.84092478,0.00006104
-0.84060478,0.00006104
-0.84028478,0.00006104
-0.83996478,0.00006104
-0.83964478,0.00006104
-0.83932478,0.00006104
-0.83900478,0.00006104
-0.83868478,0.00006104
-0.83836478,0.00006104
-0.83804478,0.00006104
-0.83772478,-0.01770074
-0.83740478,0.00006104
-0.83708478,0.00006104
-0.83676478,0.00006104
-0.83644478,-0.01770074
-0.83612478,0.00006104
-0.83580478,0.00006104
-0.83548478,0.00006104
-0.83516478,0.00006104
-0.83484478,0.00006104
-0.83452478,0.00006104
-0.83420478,0.00006104
-0.83388478,-0.01770074
-0.83356478,0.00006104
-0.83324478,-0.01770074
-0.83292478,0.00006104
-0.83260478,0.00006104
-0.83228478,0.00006104
-0.83196478,0.00006104
-0.83164478,0.00006104
-0.83132478,0.00006104
-0.83100478,0.00006104
-0.83068478,0.00006104
-0.83036478,0.00006104
-0.83004478,0.00006104
-0.82972478,0.00006104
-0.82940478,0.00006104
-0.82908478,0.00006104
-0.82876478,0.00006104
-0.82844478,0.00006104
-0.82812478,0.00006104
-0.82780478,0.00006104
-0.82748478,0.00006104
-0.82716478,0.00006104
-0.82684478,0.00006104
-0.82652478,0.00006104
-0.82620478,0.00006104
-0.82588478,0.00006104
-0.82556478,0.00006104
-0.82524478,0.00006104
-0.82492478,0.00006104
-0.82460478,0.00006104
-0.82428478,0.00006104
-0.82396478,0.00006104
-0.82364478,-0.01770074
-0.82332478,0.00006104
-0.82300478,0.00006104
-0.82268478,-0.01770074
-0.82236478,0.00006104
-0.82204478,0.00006104
-0.82172478,0.00006104
-0.82140478,0.00006104
-0.82108478,0.00006104
-0.82076478,0.00006104
-0.82044478,0.00006104
-0.82012478,0.00006104
-0.81980478,0.00006104
-0.81948478,0.00006104
-0.81916478,0.00006104
-0.81884478,-0.01770074
-0.81852478,0.00006104
-0.81820478,0.00006104
-0.81788478,0.00006104
-0.81756478,0.00006104
-0.81724478,0.00006104
-0.81692478,0.00006104
-0.81660478,0.00006104
-0.81628478,0.00006104
-0.81596478,0.00006104
-0.81564478,0.00006104
-0.81532478,0.00006104
-0.81500478,0.00006104
-0.81468478,0.00006104
-0.81436478,0.00006104
-0.81404478,0.00006104
-0.81372478,0.00006104
-0.81340478,0.00006104
-0.81308478,0.00006104
-0.81276478,0.00006104
-0.81244478,0.00006104
-0.81212478,0.00006104
-0.81180478,0.00006104
-0.81148478,0.00006104
-0.81116478,0.00006104
-0.81084478,0.00006104
-0.81052478,0.00006104
-0.81020478,0.00006104
-0.80988478,-0.01770074
-0.80956478,0.00006104
-0.80924478,0.00006104
-0.80892478,0.00006104
-0.80860478,0.00006104
-0.80828478,0.00006104
-0.80796478,0.00006104
-0.80764478,0.00006104
-0.80732478,0.00006104
-0.80700478,0.00006104
-0.80668478,-0.01770074
-0.80636478,0.00006104
-0.80604478,0.00006104
-0.80572478,0.00006104
-0.80540478,0.00006104
-0.80508478,0.00006104
-0.80476478,0.00006104
-0.80444478,-0.01770074
-0.80412478,0.00006104
-0.80380478,0.00006104
-0.80348478,-0.01770074
-0.80316478,0.00006104
-0.80284478,0.00006104
-0.80252478,0.00006104
-0.80220478,0.00006104
-0.80188478,-0.01770074
-0.80156478,0.00006104
-0.80124478,0.00006104
-0.80092478,0.00006104
-0.80060478,0.00006104
-0.80028478,0.00006104
-0.79996478,0.00006104
-0.79964478,0.00006104
-0.79932478,0.00006104
-0.79900478,0.00006104
-0.79868478,0.00006104
-0.79836478,0.00006104
-0.79804478,0.00006104
-0.79772478,0.00006104
-0.79740478,0.00006104
-0.79708478,0.00006104
-0.79676478,0.00006104
-0.79644478,0.00006104
-0.79612478,0.00006104
-0.79580478,0.00006104
-0.79548478,0.00006104
-0.79516478,0.00006104
-0.79484478,0.00006104
-0.79452478,0.00006104
-0.79420478,0.00006104
-0.79388478,0.00006104
-0.79356478,-0.01770074
-0.79324478,0.00006104
-0.79292478,0.00006104
-0.79260478,0.00006104
-0.79228478,0.00006104
-0.79196478,0.00006104
-0.79164478,0.00006104
-0.79132478,0.00006104
-0.79100478,0.00006104
-0.79068478,0.00006104
-0.79036478,-0.01770074
-0.79004478,0.00006104
-0.78972478,0.00006104
-0.78940478,0.00006104
-0.78908478,0.00006104
-0.78876478,0.00006104
-0.78844478,0.00006104
-0.78812478,0.00006104
-0.78780478,-0.01770074
-0.78748478,0.00006104
-0.78716478,0.00006104
-0.78684478,0.00006104
-0.78652478,0.00006104
-0.78620478,0.00006104
-0.78588478,0.00006104
-0.78556478,0.00006104
-0.78524478,0.00006104
-0.78492478,0.00006104
-0.78460478,0.00006104
-0.78428478,0.00006104
-0.78396478,0.00006104
-0.78364478,0.00006104
-0.78332478,0.00006104
-0.78300478,0.00006104
-0.78268478,0.00006104
-0.78236478,0.00006104
-0.78204478,0.00006104
-0.78172478,0.00006104
-0.78140478,0.00006104
-0.78108478,0.00006104
-0.78076478,0.00006104
-0.78044478,0.00006104
-0.78012478,0.00006104
-0.77980478,0.00006104
-0.77948478,0.00006104
-0.77916478,-0.01770074
-0.77884478,0.00006104
-0.77852478,0.00006104
-0.77820478,0.00006104
-0.77788478,0.00006104
-0.77756478,0.00006104
-0.77724478,0.00006104
-0.77692478,0.00006104
-0.77660478,0.00006104
-0.77628478,0.00006104
-0.77596478,0.00006104
-0.77564478,0.00006104
-0.77532478,0.00006104
-0.77500478,0.00006104
-0.77468478,0.00006104
-0.77436478,0.00006104
-0.77404478,0.00006104
-0.77372478,0.00006104
-0.77340478,0.00006104
-0.77308478,0.00006104
-0.77276478,0.00006104
-0.77244478,0.00006104
-0.77212478,0.00006104
-0.77180478,-0.01770074
-0.77148478,0.00006104
-0.77116478,0.00006104
-0.77084478,0.00006104
-0.77052478,0.00006104
-0.77020478,0.00006104
-0.76988478,0.00006104
-0.76956478,0.00006104
-0.76924478,0.00006104
-0.76892478,0.00006104
-0.76860478,0.00006104
-0.76828478,0.00006104
-0.76796478,0.00006104
-0.76764478,0.00006104
-0.76732478,0.00006104
-0.76700478,0.00006104
-0.76668478,0.00006104
-0.76636478,0.00006104
-0.76604478,0.00006104
-0.76572478,0.00006104
-0.76540478,0.00006104
-0.76508478,0.00006104
-0.76476478,0.00006104
-0.76444478,0.00006104
-0.76412478,0.00006104
-0.76380478,0.00006104
-0.76348478,0.00006104
-0.76316478,0.00006104
-0.76284478,0.00006104
-0.76252478,0.00006104
-0.76220478,0.00006104
-0.76188478,0.00006104
-0.76156478,0.00006104
-0.76124478,0.00006104
-0.76092478,0.00006104
-0.76060478,0.00006104
-0.76028478,0.00006104
-0.75996478,0.00006104
-0.75964478,0.00006104
-0.75932478,0.00006104
-0.75900478,0.00006104
-0.75868478,0.00006104
-0.75836478,0.00006104
-0.75804478,0.00006104
-0.75772478,0.00006104
-0.75740478,0.00006104
-0.75708478,0.00006104
-0.75676478,0.00006104
-0.75644478,0.00006104
-0.75612478,-0.01770074
-0.75580478,0.00006104
-0.75548478,0.00006104
-0.75516478,-0.01770074
-0.75484478,0.00006104
-0.75452478,0.00006104
-0.75420478,0.00006104
-0.75388478,0.00006104
-0.75356478,0.00006104
-0.75324478,0.00006104
-0.75292478,0.00006104
-0.75260478,0.00006104
-0.75228478,0.00006104
-0.75196478,0.00006104
-0.75164478,0.00006104
-0.75132478,0.00006104
-0.75100478,0.00006104
-0.75068478,0.00006104
-0.75036478,0.00006104
-0.75004478,0.00006104
-0.74972478,0.00006104
-0.74940478,0.00006104
-0.74908478,0.00006104
-0.74876478,0.00006104
-0.74844478,0.00006104
-0.74812478,0.00006104
-0.74780478,0.00006104
-0.74748478,0.00006104
-0.74716478,0.00006104
-0.74684478,0.00006104
-0.74652478,0.00006104
-0.74620478,0.00006104
-0.74588478,0.00006104
-0.74556478,0.00006104
-0.74524478,0.00006104
-0.74492478,0.00006104
-0.74460478,0.00006104
-0.74428478,0.00006104
-0.74396478,0.00006104
-0.74364478,0.00006104
-0.74332478,0.00006104
-0.74300478,0.00006104
-0.74268478,0.00006104
-0.74236478,0.00006104
-0.74204478,0.00006104
-0.74172478,0.00006104
-0.74140478,0.00006104
-0.74108478,0.00006104
-0.74076478,0.00006104
-0.74044478,0.00006104
-0.74012478,0.00006104
-0.73980478,0.00006104
-0.73948478,0.00006104
-0.73916478,0.00006104
-0.73884478,0.00006104
-0.73852478,0.00006104
-0.73820478,0.00006104
-0.73788478,-0.01770074
-0.73756478,0.00006104
-0.73724479,-0.01770074
-0.73692479,0.00006104
-0.73660479,0.00006104
-0.73628479,0.00006104
-0.73596479,0.00006104
-0.73564479,0.00006104
-0.73532479,0.00006104
-0.73500479,0.00006104
-0.73468479,0.00006104
-0.73436479,0.00006104
-0.73404479,0.00006104
-0.73372479,0.00006104
-0.73340479,0.00006104
-0.73308479,-0.01770074
-0.73276479,0.00006104
-0.73244479,0.00006104
-0.73212479,0.00006104
-0.73180479,0.00006104
-0.73148479,0.00006104
-0.73116479,0.00006104
-0.73084479,0.00006104
-0.73052479,0.00006104
-0.73020479,0.00006104
-0.72988479,0.00006104
-0.72956479,0.00006104
-0.72924479,0.00006104
-0.72892479,-0.01770074
-0.72860479,0.00006104
-0.72828479,0.00006104
-0.72796479,0.00006104
-0.72764479,0.00006104
-0.72732479,0.00006104
-0.72700479,0.00006104
-0.72668479,0.00006104
-0.72636479,0.00006104
-0.72604479,0.00006104
-0.72572479,0.00006104
-0.72540479,0.00006104
-0.72508479,0.00006104
-0.72476479,0.00006104
-0.72444479,0.00006104
-0.72412479,0.00006104
-0.72380479,0.00006104
-0.72348479,0.00006104
-0.72316479,0.00006104
-0.72284479,0.00006104
-0.72252479,0.00006104
-0.72220479,0.00006104
-0.72188479,0.00006104
-0.72156479,0.00006104
-0.72124479,0.00006104
-0.72092479,0.00006104
-0.72060479,-0.01770074
-0.72028479,0.00006104
-0.71996479,0.00006104
-0.71964479,0.00006104
-0.71932479,0.00006104
-0.71900479,-0.01770074
-0.71868479,0.00006104
-0.71836479,0.00006104
-0.71804479,0.00006104
-0.71772479,0.00006104
-0.71740479,0.00006104
-0.71708479,-0.01770074
-0.71676479,0.00006104
-0.71644479,0.00006104
-0.71612479,0.00006104
-0.71580479,0.00006104
-0.71548479,0.00006104
-0.71516479,0.00006104
-0.71484479,0.00006104
-0.71452479,0.00006104
-0.71420479,0.00006104
-0.71388479,0.00006104
-0.71356479,0.00006104
-0.71324479,0.00006104
-0.71292479,0.00006104
-0.71260479,-0.01770074
-0.71228479,0.00006104
-0.71196479,0.00006104
-0.71164479,0.00006104
-0.71132479,0.00006104
-0.71100479,0.00006104
-0.71068479,0.00006104
-0.71036479,0.00006104
-0.71004479,-0.01770074
-0.70972479,0.00006104
-0.70940479,0.00006104
-0.70908479,0.00006104
-0.70876479,0.00006104
-0.70844479,0.00006104
-0.70812479,0.00006104
-0.70780479,0.00006104
-0.70748479,0.00006104
-0.70716479,0.00006104
-0.70684479,0.00006104
-0.70652479,0.00006104
-0.70620479,0.00006104
-0.70588479,0.00006104
-0.70556479,-0.01770074
-0.70524479,0.00006104
-0.70492479,0.00006104
-0.70460479,0.00006104
-0.70428479,0.00006104
-0.70396479,0.00006104
-0.70364479,0.00006104
-0.70332479,0.00006104
-0.70300479,0.00006104
-0.70268479,0.00006104
-0.70236479,0.00006104
-0.70204479,0.00006104
-0.70172479,0.00006104
-0.70140479,0.00006104
-0.70108479,0.00006104
-0.70076479,0.00006104
-0.70044479,0.00006104
-0.70012479,0.00006104
-0.69980479,0.00006104
-0.69948479,0.00006104
-0.69916479,0.00006104
-0.69884479,0.00006104
-0.69852479,0.00006104
-0.69820479,0.00006104
-0.69788479,0.00006104
-0.69756479,0.00006104
-0.69724479,0.00006104
-0.69692479,0.00006104
-0.69660479,0.00006104
-0.69628479,0.00006104
-0.69596479,0.00006104
-0.69564479,-0.01770074
-0.69532479,0.00006104
-0.69500479,0.00006104
-0.69468479,0.00006104
-0.69436479,-0.01770074
-0.69404479,0.00006104
-0.69372479,0.00006104
-0.69340479,0.00006104
-0.69308479,0.00006104
-0.69276479,0.00006104
-0.69244479,0.00006104
-0.69212479,0.00006104
-0.69180479,0.00006104
-0.69148479,0.00006104
-0.69116479,0.00006104
-0.69084479,0.00006104
-0.69052479,0.00006104
-0.69020479,0.00006104
-0.68988479,0.00006104
-0.68956479,0.00006104
-0.68924479,0.00006104
-0.68892479,-0.01770074
-0.68860479,0.00006104
-0.68828479,0.00006104
-0.68796479,0.00006104
-0.68764479,0.00006104
-0.68732479,0.01788385
-0.68700479,0.00006104
-0.68668479,0.00006104
-0.68636479,0.00006104
-0.68604479,-0.01770074
-0.68572479,0.00006104
-0.68540479,0.00006104
-0.68508479,0.00006104
-0.68476479,0.00006104
-0.68444479,0.00006104
-0.68412479,0.00006104
-0.68380479,0.00006104
-0.68348479,0.00006104
-0.68316479,0.00006104
-0.68284479,0.00006104
-0.68252479,0.00006104
-0.68220479,0.00006104
-0.68188479,0.00006104
-0.68156479,0.00006104
-0.68124479,0.00006104
-0.68092479,0.00006104
-0.68060479,0.00006104
-0.68028479,0.00006104
-0.67996479,0.00006104
-0.67964479,0.00006104
-0.67932479,0.00006104
-0.67900479,0.00006104
-0.67868479,-0.01770074
-0.67836479,-0.01770074
-0.67804479,0.00006104
-0.67772479,0.00006104
-0.67740479,0.00006104
-0.67708479,0.00006104
-0.67676479,0.00006104
-0.67644479,0.00006104
-0.67612479,0.00006104
-0.67580479,0.00006104
-0.67548479,0.00006104
-0.67516479,0.00006104
-0.67484479,0.00006104
-0.67452479,0.00006104
-0.67420479,0.00006104
-0.67388479,0.00006104
-0.67356479,0.00006104
-0.67324479,0.00006104
-0.67292479,0.00006104
-0.67260479,0.00006104
-0.67228479,0.00006104
-0.67196479,0.00006104
-0.67164479,0.00006104
-0.67132479,0.00006104
-0.67100479,0.00006104
-0.67068479,0.00006104
-0.67036479,0.00006104
-0.67004479,0.00006104
-0.66972479,0.00006104
-0.66940479,0.00006104
-0.66908479,0.00006104
-0.66876479,0.00006104
-0.66844479,0.00006104
-0.66812479,0.00006104
-0.66780479,0.00006104
-0.66748479,0.00006104
-0.66716479,0.00006104
-0.66684479,0.00006104
-0.66652479,0.00006104
-0.66620479,-0.01770074
-0.66588479,0.00006104
-0.66556479,0.00006104
-0.66524479,0.00006104
-0.66492479,0.00006104
-0.66460479,0.00006104
-0.66428479,0.00006104
-0.66396479,0.00006104
-0.66364479,0.00006104
-0.66332479,0.00006104
-0.66300479,0.00006104
-0.66268479,0.00006104
-0.66236479,0.00006104
-0.66204479,0.00006104
-0.66172479,0.00006104
-0.66140479,0.00006104
-0.66108479,0.00006104
-0.66076479,0.00006104
-0.66044479,0.00006104
-0.66012479,0.00006104
-0.65980479,0.00006104
-0.65948479,0.00006104
-0.65916479,0.00006104
-0.65884479,0.00006104
-0.65852479,0.00006104
-0.65820479,0.00006104
-0.65788479,0.00006104
-0.65756479,0.00006104
-0.65724479,0.00006104
-0.65692479,-0.01770074
-0.65660479,0.00006104
-0.65628479,0.00006104
-0.65596479,0.00006104
-0.65564479,0.00006104
-0.65532479,0.00006104
-0.65500479,0.00006104
-0.65468479,0.00006104
-0.65436479,0.00006104
-0.65404479,0.00006104
-0.65372479,0.00006104
-0.65340479,0.00006104
-0.65308479,0.00006104
-0.65276479,0.00006104
-0.65244479,0.00006104
-0.65212479,0.00006104
-0.65180479,-0.01770074
-0.65148479,0.00006104
-0.65116479,0.00006104
-0.65084479,0.00006104
-0.65052479,0.00006104
-0.65020479,0.00006104
-0.64988479,0.00006104
-0.64956479,0.00006104
-0.64924479,0.00006104
-0.64892479,0.00006104
-0.64860479,0.00006104
-0.64828479,0.00006104
-0.64796479,0.00006104
-0.64764479,0.00006104
-0.64732479,0.00006104
-0.64700479,0.00006104
-0.64668479,0.00006104
-0.64636479,-0.01770074
-0.64604479,0.00006104
-0.64572479,0.00006104
-0.64540479,0.00006104
-0.64508479,0.00006104
-0.64476479,0.00006104
-0.64444479,0.00006104
-0.64412479,0.00006104
-0.64380479,0.00006104
-0.64348479,0.00006104
-0.64316479,0.00006104
-0.64284479,0.00006104
-0.64252479,0.00006104
-0.64220479,0.00006104
-0.64188479,0.00006104
-0.64156479,0.00006104
-0.64124479,0.00006104
-0.64092479,0.00006104
-0.64060479,0.00006104
-0.64028479,0.00006104
-0.63996479,0.00006104
-0.63964479,0.00006104
-0.63932479,0.00006104
-0.63900479,-0.01770074
-0.63868479,0.00006104
-0.63836479,0.00006104
-0.63804479,0.00006104
-0.63772479,0.00006104
-0.63740479,0.00006104
-0.63708479,0.00006104
-0.63676479,0.00006104
-0.63644479,0.00006104
-0.63612479,0.00006104
-0.63580479,-0.01770074
-0.63548479,0.00006104
-0.63516479,0.00006104
-0.63484479,0.00006104
-0.63452479,0.00006104
-0.63420479,0.00006104
-0.63388479,0.00006104
-0.63356479,0.00006104
-0.63324479,0.00006104
-0.63292479,0.00006104
-0.63260479,0.00006104
-0.63228479,0.00006104
-0.63196479,0.00006104
-0.63164479,0.00006104
-0.63132479,0.00006104
-0.63100479,0.00006104
-0.63068479,0.00006104
-0.63036479,0.00006104
-0.63004479,0.00006104
-0.62972479,0.00006104
-0.62940479,0.00006104
-0.62908479,0.00006104
-0.62876479,0.00006104
-0.62844479,0.00006104
-0.62812479,0.00006104
-0.62780479,0.00006104
-0.62748479,0.00006104
-0.62716479,0.00006104
-0.62684479,0.00006104
-0.62652479,0.00006104
-0.62620479,0.00006104
-0.62588479,0.00006104
-0.62556479,0.00006104
-0.62524479,0.00006104
-0.62492479,0.00006104
-0.62460479,0.00006104
-0.62428479,0.00006104
-0.62396479,0.00006104
-0.62364479,0.00006104
-0.62332479,0.00006104
-0.62300479,0.00006104
-0.62268479,0.00006104
-0.62236479,0.00006104
-0.62204479,0.00006104
-0.62172479,0.00006104
-0.62140479,0.00006104
-0.62108479,0.00006104
-0.62076479,0.00006104
-0.62044479,0.00006104
-0.62012479,0.00006104
-0.61980479,0.00006104
-0.61948479,0.00006104
-0.61916479,0.00006104
-0.61884479,0.00006104
-0.61852479,0.00006104
-0.61820479,0.00006104
-0.61788479,0.00006104
-0.61756479,0.00006104
-0.61724479,0.00006104
-0.61692479,0.00006104
-0.61660479,0.00006104
-0.61628479,0.00006104
-0.61596479,0.00006104
-0.61564479,0.00006104
-0.61532479,0.00006104
-0.61500479,0.00006104
-0.61468479,0.00006104
-0.61436479,0.00006104
-0.61404479,0.00006104
-0.61372479,-0.01770074
-0.61340479,0.00006104
-0.61308479,0.00006104
-0.61276479,0.00006104
-0.61244479,0.00006104
-0.61212479,0.00006104
-0.61180479,0.00006104
-0.61148479,0.00006104
-0.61116479,0.00006104
-0.61084479,0.00006104
-0.61052479,0.00006104
-0.61020479,-0.01770074
-0.60988479,0.00006104
-0.60956479,0.00006104
-0.60924479,0.00006104
-0.60892479,0.00006104
-0.60860479,0.00006104
-0.60828479,0.00006104
-0.60796479,0.00006104
-0.60764479,0.00006104
-0.60732479,0.00006104
-0.60700479,0.00006104
-0.60668479,0.00006104
-0.60636479,0.00006104
-0.60604479,0.00006104
-0.60572479,0.00006104
-0.60540479,0.00006104
-0.60508479,0.00006104
-0.60476479,0.00006104
-0.60444479,0.00006104
-0.60412479,0.00006104
-0.60380479,0.00006104
-0.60348479,0.00006104
-0.60316479,0.00006104
-0.60284479,0.00006104
-0.60252479,0.00006104
-0.60220479,0.00006104
-0.60188479,0.00006104
-0.60156479,0.00006104
-0.60124479,0.00006104
-0.60092479,0.00006104
-0.60060479,0.00006104
-0.60028479,-0.01770074
-0.59996479,0.00006104
-0.59964479,0.00006104
-0.59932479,0.00006104
-0.59900479,0.00006104
-0.59868479,0.00006104
-0.59836479,0.00006104
-0.59804479,0.00006104
-0.59772479,0.00006104
-0.59740479,0.00006104
-0.59708479,0.00006104
-0.59676479,0.00006104
-0.59644479,0.00006104
-0.59612479,0.00006104
-0.59580479,0.00006104
-0.59548479,0.00006104
-0.59516479,0.00006104
-0.59484479,0.00006104
-0.59452479,0.00006104
-0.59420479,0.00006104
-0.59388479,0.00006104
-0.59356479,-0.01770074
-0.59324479,0.00006104
-0.59292479,0.00006104
-0.59260479,0.00006104
-0.59228479,0.00006104
-0.59196479,0.00006104
-0.59164479,-0.01770074
-0.59132479,-0.01770074
-0.59100479,-0.01770074
-0.59068479,0.00006104
-0.59036479,0.00006104
-0.59004479,0.00006104
-0.58972479,0.00006104
-0.58940479,0.00006104
-0.58908479,0.00006104
-0.58876479,0.00006104
-0.58844479,0.00006104
-0.58812479,0.00006104
-0.58780479,0.00006104
-0.58748479,0.00006104
-0.58716479,0.00006104
-0.58684479,0.00006104
-0.58652479,0.00006104
-0.58620479,0.00006104
-0.58588479,0.00006104
-0.58556479,0.00006104
-0.58524479,0.00006104
-0.58492479,0.00006104
-0.58460479,0.00006104
-0.58428479,0.00006104
-0.58396479,0.00006104
-0.58364479,0.00006104
-0.58332479,0.00006104
-0.58300479,-0.01770074
-0.58268479,0.00006104
-0.58236479,0.00006104
-0.58204479,0.00006104
-0.58172479,0.00006104
-0.58140479,0.00006104
-0.58108479,0.00006104
-0.58076479,0.00006104
-0.58044479,0.00006104
-0.58012479,0.00006104
-0.57980479,0.00006104
-0.57948479,0.00006104
-0.57916479,0.00006104
-0.57884479,0.00006104
-0.57852479,0.00006104
-0.57820479,-0.01770074
-0.57788479,0.00006104
-0.57756479,0.00006104
-0.57724479,0.00006104
-0.57692479,0.00006104
-0.57660479,0.00006104
-0.57628479,0.00006104
-0.57596479,0.00006104
-0.57564479,0.00006104
-0.57532479,0.00006104
-0.57500479,0.00006104
-0.57468479,0.00006104
-0.57436479,0.00006104
-0.57404479,0.00006104
-0.57372479,0.00006104
-0.57340479,0.00006104
-0.57308479,0.00006104
-0.57276479,0.00006104
-0.57244479,0.00006104
-0.57212479,0.00006104
-0.57180479,0.00006104
-0.57148479,0.00006104
-0.57116479,0.00006104
-0.57084479,0.00006104
-0.57052479,0.00006104
-0.57020479,0.00006104
-0.56988479,0.00006104
-0.56956479,0.00006104
-0.56924479,0.00006104
-0.56892479,0.00006104
-0.56860479,0.00006104
-0.56828479,0.00006104
-0.56796479,0.00006104
-0.56764479,0.00006104
-0.56732479,0.00006104
-0.56700479,0.00006104
-0.56668479,0.00006104
-0.56636479,0.00006104
-0.56604479,0.00006104
-0.56572479,0.00006104
-0.56540479,0.00006104
-0.56508479,0.00006104
-0.56476479,0.00006104
-0.56444479,0.00006104
-0.56412479,0.00006104
-0.56380479,0.00006104
-0.56348479,0.00006104
-0.56316479,0.00006104
-0.56284479,0.00006104
-0.56252479,0.00006104
-0.56220479,0.00006104
-0.56188479,0.00006104
-0.56156479,0.00006104
-0.56124479,0.00006104
-0.56092479,0.00006104
-0.56060479,0.00006104
-0.56028479,0.00006104
-0.55996479,0.00006104
-0.55964479,0.00006104
-0.55932479,0.00006104
-0.55900479,0.00006104
-0.55868479,0.00006104
-0.55836479,0.00006104
-0.55804479,0.00006104
-0.55772479,0.00006104
-0.55740479,0.00006104
-0.55708479,0.00006104
-0.55676479,0.00006104
-0.55644479,0.00006104
-0.55612479,0.00006104
-0.55580479,0.00006104
-0.55548479,0.00006104
-0.55516479,0.00006104
-0.55484479,0.00006104
-0.55452479,0.00006104
-0.55420479,0.00006104
-0.55388479,0.00006104
-0.55356479,0.00006104
-0.55324479,0.00006104
-0.55292479,0.00006104
-0.55260479,0.00006104
-0.55228479,0.00006104
-0.55196479,0.00006104
-0.55164479,0.00006104
-0.55132479,0.00006104
-0.55100479,0.00006104
-0.55068479,-0.01770074
-0.55036479,0.00006104
-0.55004479,0.00006104
-0.54972479,0.00006104
-0.54940479,0.00006104
-0.54908479,0.00006104
-0.54876479,0.00006104
-0.54844479,0.00006104
-0.54812479,0.00006104
-0.54780479,0.00006104
-0.54748479,0.00006104
-0.54716479,0.00006104
-0.54684479,0.00006104
-0.54652479,0.00006104
-0.54620479,0.00006104
-0.54588479,0.00006104
-0.54556479,0.00006104
-0.54524479,0.00006104
-0.54492479,0.00006104
-0.54460479,0.00006104
-0.54428479,0.00006104
-0.54396479,0.00006104
-0.54364479,0.00006104
-0.54332479,0.00006104
-0.54300479,0.00006104
-0.54268479,0.00006104
-0.54236479,0.00006104
-0.54204479,0.00006104
-0.54172479,0.00006104
-0.54140479,0.00006104
-0.54108479,0.00006104
-0.54076479,0.00006104
-0.54044479,0.00006104
-0.54012479,0.00006104
-0.53980479,0.00006104
-0.53948479,0.00006104
-0.53916479,0.00006104
-0.53884479,0.00006104
-0.53852479,0.00006104
-0.53820479,0.00006104
-0.53788479,0.00006104
-0.53756479,0.00006104
-0.53724479,0.00006104
-0.53692479,0.00006104
-0.53660479,0.00006104
-0.53628479,0.00006104
-0.53596479,0.00006104
-0.53564479,0.00006104
-0.53532479,0.00006104
-0.53500479,0.00006104
-0.53468479,0.00006104
-0.53436479,0.00006104
-0.53404479,0.00006104
-0.53372479,0.00006104
-0.53340479,0.00006104
-0.53308479,0.00006104
-0.53276479,0.00006104
-0.53244479,0.00006104
-0.53212479,0.00006104
-0.53180479,0.00006104
-0.53148479,0.00006104
-0.53116479,0.00006104
-0.53084479,0.00006104
-0.53052479,0.00006104
-0.53020479,0.00006104
-0.52988479,0.00006104
-0.52956479,0.00006104
-0.52924479,0.00006104
-0.52892479,0.00006104
-0.52860479,0.00006104
-0.52828479,0.00006104
-0.52796479,0.00006104
-0.52764479,0.00006104
-0.52732479,0.00006104
-0.52700479,0.00006104
-0.52668479,0.00006104
-0.52636479,0.00006104
-0.52604479,0.00006104
-0.52572479,0.00006104
-0.52540479,0.00006104
-0.52508479,0.00006104
-0.52476479,0.00006104
-0.52444479,0.00006104
-0.52412479,-0.01770074
-0.52380479,0.00006104
-0.52348479,0.00006104
-0.52316479,0.00006104
-0.52284479,0.00006104
-0.52252479,0.00006104
-0.52220479,0.00006104
-0.52188479,0.00006104
-0.52156479,0.00006104
-0.52124479,0.00006104
-0.52092479,0.00006104
-0.52060479,0.00006104
-0.52028479,0.00006104
-0.51996479,0.00006104
-0.51964479,0.00006104
-0.51932479,-0.01770074
-0.51900479,0.00006104
-0.51868479,0.00006104
-0.51836479,0.00006104
-0.51804479,0.00006104
-0.51772479,0.00006104
-0.51740479,0.00006104
-0.51708479,0.00006104
-0.51676479,0.00006104
-0.51644479,0.00006104
-0.51612479,-0.01770074
-0.51580479,-0.01770074
-0.51548479,0.00006104
-0.51516479,0.00006104
-0.51484479,-0.01770074
-0.51452479,0.00006104
-0.51420479,0.00006104
-0.51388479,0.00006104
-0.51356479,0.00006104
-0.51324479,0.00006104
-0.51292479,0.00006104
-0.51260479,0.00006104
-0.51228479,0.00006104
-0.51196479,0.00006104
-0.51164479,0.00006104
-0.51132479,0.00006104
-0.51100479,0.00006104
-0.51068479,0.00006104
-0.51036479,0.00006104
-0.51004479,0.00006104
-0.50972479,0.00006104
-0.50940479,0.00006104
-0.50908479,0.00006104
-0.50876479,0.00006104
-0.50844479,0.00006104
-0.50812479,-0.01770074
-0.50780479,0.00006104
-0.50748479,0.00006104
-0.50716479,0.00006104
-0.50684479,0.00006104
-0.50652479,0.00006104
-0.50620479,0.00006104
-0.50588479,0.00006104
-0.50556479,0.00006104
-0.50524479,0.00006104
-0.50492479,1.76232183
-0.50460479,1.29947817
-0.50428479,0.39161351
-0.50396479,-0.05334635
-0.50364479,-0.16010010
-0.50332479,-0.10669271
-0.50300479,-0.05334635
-0.50268479,-0.01770074
-0.50236479,-0.01770074
-0.50204479,-0.01770074
-0.50172479,-0.48054445
-0.50140479,-1.17477953
-0.50108479,-∞
-0.50076479,1.37070835
-0.50044479,0.12469863
-0.50012479,-0.10669271
-0.49980479,-0.01770074
-0.49948479,0.01788385
-0.49916479,0.03570665
-0.49884479,0.03570665
-0.49852479,0.01788385
-0.49820479,0.01788385
-0.49788479,0.01788385
-0.49756479,0.01788385
-0.49724479,0.03570665
-0.49692479,0.03570665
-0.49660479,0.03570665
-0.49628479,0.01788385
-0.49596479,0.00006104
-0.49564479,0.01788385
-0.49532479,0.01788385
-0.49500479,0.03570665
-0.49468479,0.05346843
-0.49436479,0.05346843
-0.49404479,0.07129124
-0.49372479,0.07129124
-0.49340479,0.03570665
-0.49308479,0.07129124
-0.49276479,0.03570665
-0.49244479,0.03570665
-0.49212479,0.07129124
-0.49180479,0.08911405
-0.49148479,0.05346843
-0.49116479,0.03570665
-0.49084479,0.03570665
-0.49052479,0.03570665
-0.49020479,0.01788385
-0.48988479,-0.01770074
-0.48956479,-0.01770074
-0.48924479,-0.01770074
-0.48892479,-0.01770074
-0.48860479,0.03570665
-0.48828479,-0.01770074
-0.48796479,0.01788385
-0.48764479,0.03570665
-0.48732479,-0.03552354
-0.48700479,0.00006104
-0.48668479,0.01788385
-0.48636479,-0.03552354
-0.48604479,0.03570665
-0.48572479,0.03570665
-0.48540479,0.01788385
-0.48508479,0.03570665
-0.48476479,0.03570665
-0.48444479,0.01788385
-0.48412479,0.01788385
-0.48380479,0.01788385
-0.48348479,0.01788385
-0.48316479,0.00006104
-0.48284479,0.03570665
-0.48252479,0.03570665
-0.48220479,0.00006104
-0.48188479,0.00006104
-0.48156479,0.03570665
-0.48124479,0.00006104
-0.48092479,0.01788385
-0.48060479,0.00006104
-0.48028479,-0.01770074
-0.47996479,0.00006104
-0.47964479,0.01788385
-0.47932479,0.00006104
-0.47900479,0.00006104
-0.47868479,0.03570665
-0.47836479,0.01788385
-0.47804479,0.01788385
-0.47772479,0.01788385
-0.47740479,0.00006104
-0.47708479,0.01788385
-0.47676479,0.01788385
-0.47644479,0.00006104
-0.47612479,0.00006104
-0.47580479,0.01788385
-0.47548479,0.01788385
-0.47516479,0.00006104
-0.47484479,0.00006104
-0.47452479,0.00006104
-0.47420479,0.00006104
-0.47388479,0.00006104
-0.47356479,-0.01770074
-0.47324479,0.00006104
-0.47292479,0.00006104
-0.47260479,0.00006104
-0.47228479,0.00006104
-0.47196479,0.00006104
-0.47164479,0.00006104
-0.47132479,0.01788385
-0.47100479,0.00006104
-0.47068479,0.01788385
-0.47036479,0.01788385
-0.47004479,0.00006104
-0.46972479,0.01788385
-0.46940479,0.00006104
-0.46908479,0.00006104
-0.46876479,0.00006104
-0.46844479,0.00006104
-0.46812479,0.00006104
-0.46780479,0.00006104
-0.46748479,0.00006104
-0.46716479,0.00006104
-0.46684479,0.00006104
-0.46652479,0.01788385
-0.46620479,0.01788385
-0.46588479,0.00006104
-0.46556479,0.01788385
-0.46524479,0.00006104
-0.46492479,0.00006104
-0.46460479,0.00006104
-0.46428479,0.00006104
-0.46396479,0.00006104
-0.46364479,0.00006104
-0.46332479,0.00006104
-0.46300479,0.00006104
-0.46268479,0.00006104
-0.46236479,0.00006104
-0.46204479,0.00006104
-0.46172479,0.00006104
-0.46140479,0.00006104
-0.46108479,0.00006104
-0.46076479,0.00006104
-0.46044479,0.00006104
-0.46012479,0.01788385
-0.45980479,0.01788385
-0.45948479,0.00006104
-0.45916479,0.01788385
-0.45884479,0.00006104
-0.45852479,0.01788385
-0.45820479,0.00006104
-0.45788479,0.00006104
-0.45756479,0.00006104
-0.45724479,0.00006104
-0.45692479,0.00006104
-0.45660479,0.00006104
-0.45628479,0.00006104
-0.45596479,0.00006104
-0.45564479,0.00006104
-0.45532479,0.00006104
-0.45500479,-0.01770074
-0.45468479,0.00006104
-0.45436479,0.00006104
-0.45404479,0.00006104
-0.45372479,0.00006104
-0.45340479,0.00006104
-0.45308479,0.00006104
-0.45276479,0.00006104
-0.45244479,0.00006104
-0.45212479,0.00006104
-0.45180479,0.01788385
-0.45148479,0.00006104
-0.45116479,0.01788385
-0.45084479,0.00006104
-0.45052479,0.00006104
-0.45020479,0.00006104
-0.44988479,0.01788385
-0.44956479,0.00006104
-0.44924479,0.00006104
-0.44892479,0.00006104
-0.44860479,0.00006104
-0.44828479,0.00006104
-0.44796479,0.00006104
-0.44764479,0.00006104
-0.44732479,0.00006104
-0.44700479,0.00006104
-0.44668479,0.00006104
-0.44636479,0.00006104
-0.44604479,0.00006104
-0.44572479,0.00006104
-0.44540479,0.00006104
-0.44508479,0.00006104
-0.44476479,0.00006104
-0.44444479,0.00006104
-0.44412479,0.00006104
-0.44380479,0.00006104
-0.44348479,0.00006104
-0.44316479,0.00006104
-0.44284479,0.00006104
-0.44252479,0.00006104
-0.44220479,0.00006104
-0.44188479,0.00006104
-0.44156479,0.00006104
-0.44124479,0.00006104
-0.44092479,0.00006104
-0.44060479,0.00006104
-0.44028479,0.00006104
-0.43996479,0.00006104
-0.43964479,0.00006104
-0.43932479,0.00006104
-0.43900479,0.00006104
-0.43868479,0.00006104
-0.43836479,0.00006104
-0.43804479,0.00006104
-0.43772479,0.00006104
-0.43740479,0.00006104
-0.43708479,0.00006104
-0.43676479,0.00006104
-0.43644479,0.00006104
-0.43612479,0.00006104
-0.43580479,0.00006104
-0.43548479,0.00006104
-0.43516479,-0.01770074
-0.43484479,0.00006104
-0.43452479,0.00006104
-0.43420479,0.00006104
-0.43388479,0.00006104
-0.43356479,0.00006104
-0.43324479,0.00006104
-0.43292479,0.00006104
-0.43260479,0.00006104
-0.43228479,0.00006104
-0.43196479,0.00006104
-0.43164479,0.00006104
-0.43132479,0.00006104
-0.43100479,0.00006104
-0.43068479,0.00006104
-0.43036479,-0.01770074
-0.43004479,0.00006104
-0.42972479,0.00006104
-0.42940479,0.00006104
-0.42908479,0.00006104
-0.42876479,0.00006104
-0.42844479,0.00006104
-0.42812479,0.00006104
-0.42780479,0.00006104
-0.42748479,0.00006104
-0.42716479,0.00006104
-0.42684479,0.00006104
-0.42652479,0.00006104
-0.42620479,0.00006104
-0.42588479,0.00006104
-0.42556479,0.00006104
-0.42524479,-0.01770074
-0.42492479,0.00006104
-0.42460479,-0.01770074
-0.42428479,0.00006104
-0.42396479,0.00006104
-0.42364479,0.00006104
-0.42332479,0.00006104
-0.42300479,0.00006104
-0.42268479,0.00006104
-0.42236479,0.00006104
-0.42204479,0.00006104
-0.42172479,0.00006104
-0.42140479,0.00006104
-0.42108479,0.00006104
-0.42076479,0.00006104
-0.42044479,0.00006104
-0.42012479,0.00006104
-0.41980479,0.00006104
-0.41948479,0.00006104
-0.41916479,-0.01770074
-0.41884479,0.00006104
-0.41852479,0.00006104
-0.41820479,0.00006104
-0.41788479,0.00006104
-0.41756479,0.00006104
-0.41724479,0.00006104
-0.41692479,0.00006104
-0.41660479,0.00006104
-0.41628479,0.00006104
-0.41596479,0.00006104
-0.41564479,0.00006104
-0.41532479,0.00006104
-0.41500479,0.00006104
-0.41468479,0.00006104
-0.41436479,0.00006104
-0.41404479,0.00006104
-0.41372479,0.00006104
-0.41340479,-0.01770074
-0.41308479,0.00006104
-0.41276479,0.00006104
-0.41244479,0.00006104
-0.41212479,0.00006104
-0.41180479,0.00006104
-0.41148479,0.00006104
-0.41116479,0.00006104
-0.41084479,0.00006104
-0.41052479,0.00006104
-0.41020479,0.00006104
-0.40988479,0.00006104
-0.40956479,0.00006104
-0.40924479,0.00006104
-0.40892479,0.00006104
-0.40860479,0.00006104
-0.40828479,0.00006104
-0.40796479,0.00006104
-0.40764479,0.00006104
-0.40732479,0.00006104
-0.40700479,0.00006104
-0.40668479,0.00006104
-0.40636479,0.00006104
-0.40604479,0.00006104
-0.40572479,0.00006104
-0.40540479,0.00006104
-0.40508479,0.00006104
-0.40476479,0.00006104
-0.40444479,0.00006104
-0.40412479,0.00006104
-0.40380479,-0.01770074
-0.40348479,-0.01770074
-0.40316479,0.00006104
-0.40284479,0.00006104
-0.40252479,0.00006104
-0.40220479,0.00006104
-0.40188479,0.00006104
-0.40156479,0.00006104
-0.40124479,0.00006104
-0.40092479,0.00006104
-0.40060479,0.00006104
-0.40028479,0.00006104
-0.39996479,0.00006104
-0.39964479,0.00006104
-0.39932479,0.00006104
-0.39900479,0.00006104
-0.39868479,0.00006104
-0.39836479,0.00006104
-0.39804479,-0.01770074
-0.39772479,0.00006104
-0.39740479,0.00006104
-0.39708479,0.00006104
-0.39676479,0.00006104
-0.39644479,0.00006104
-0.39612479,0.00006104
-0.39580479,0.00006104
-0.39548479,0.00006104
-0.39516479,0.00006104
-0.39484479,0.00006104
-0.39452479,0.00006104
-0.39420479,0.00006104
-0.39388479,0.00006104
-0.39356479,0.00006104
-0.39324479,0.00006104
-0.39292479,0.00006104
-0.39260479,0.00006104
-0.39228479,0.00006104
-0.39196479,0.00006104
-0.39164479,0.00006104
-0.39132479,0.00006104
-0.39100479,0.00006104
-0.39068479,0.00006104
-0.39036479,-0.01770074
-0.39004479,0.00006104
-0.38972479,0.00006104
-0.38940479,0.00006104
-0.38908479,0.00006104
-0.38876479,0.00006104
-0.38844479,0.00006104
-0.38812479,0.00006104
-0.38780479,0.00006104
-0.38748479,0.00006104
-0.38716479,0.00006104
-0.38684479,0.00006104
-0.38652479,0.00006104
-0.38620479,0.00006104
-0.38588479,0.00006104
-0.38556479,0.00006104
-0.38524479,0.00006104
-0.38492479,0.00006104
-0.38460479,0.00006104
-0.38428479,0.00006104
-0.38396479,0.00006104
-0.38364479,0.00006104
-0.38332479,0.00006104
-0.38300479,0.00006104
-0.38268479,0.00006104
-0.38236479,0.00006104
-0.38204479,0.00006104
-0.38172479,0.00006104
-0.38140479,0.00006104
-0.38108479,0.00006104
-0.38076479,0.00006104
-0.38044479,0.00006104
-0.38012479,0.00006104
-0.37980479,0.00006104
-0.37948479,-0.01770074
-0.37916479,0.00006104
-0.37884479,0.00006104
-0.37852479,0.00006104
-0.37820479,0.00006104
-0.37788479,0.00006104
-0.37756479,0.00006104
-0.37724479,0.00006104
-0.37692479,0.00006104
-0.37660479,0.00006104
-0.37628479,0.00006104
-0.37596479,0.00006104
-0.37564479,0.00006104
-0.37532479,0.00006104
-0.37500479,0.00006104
-0.37468479,0.00006104
-0.37436479,0.00006104
-0.37404479,0.00006104
-0.37372479,0.00006104
-0.37340479,0.00006104
-0.37308479,0.00006104
-0.37276479,0.00006104
-0.37244479,0.00006104
-0.37212479,0.00006104
-0.37180479,0.00006104
-0.37148479,0.00006104
-0.37116479,0.00006104
-0.37084479,0.00006104
-0.37052479,0.00006104
-0.37020479,0.00006104
-0.36988479,0.00006104
-0.36956479,0.00006104
-0.36924479,0.00006104
-0.36892479,0.00006104
-0.36860479,-0.01770074
-0.36828479,0.00006104
-0.36796479,0.00006104
-0.36764479,0.00006104
-0.36732479,0.00006104
-0.36700479,0.00006104
-0.36668479,0.00006104
-0.36636479,0.00006104
-0.36604479,0.00006104
-0.36572479,0.00006104
-0.36540479,0.00006104
-0.36508479,0.00006104
-0.36476479,0.00006104
-0.36444479,0.00006104
-0.36412479,0.00006104
-0.36380479,0.00006104
-0.36348479,0.00006104
-0.36316479,0.00006104
-0.36284479,0.00006104
-0.36252479,0.00006104
-0.36220479,0.00006104
-0.36188479,0.00006104
-0.36156479,-0.01770074
-0.36124479,0.00006104
-0.36092479,0.00006104
-0.36060479,0.00006104
-0.36028479,0.00006104
-0.35996479,0.00006104
-0.35964479,0.01788385
-0.35932479,0.00006104
-0.35900479,0.00006104
-0.35868479,0.00006104
-0.35836479,0.00006104
-0.35804479,0.00006104
-0.35772479,0.00006104
-0.35740479,0.00006104
-0.35708479,0.00006104
-0.35676479,0.00006104
-0.35644479,0.00006104
-0.35612479,0.00006104
-0.35580479,0.00006104
-0.35548479,0.00006104
-0.35516479,0.00006104
-0.35484479,0.00006104
-0.35452479,0.00006104
-0.35420479,0.00006104
-0.35388479,0.00006104
-0.35356479,0.00006104
-0.35324479,0.00006104
-0.35292479,0.00006104
-0.35260479,0.00006104
-0.35228479,0.00006104
-0.35196479,0.00006104
-0.35164479,0.00006104
-0.35132479,0.00006104
-0.35100479,0.00006104
-0.35068479,0.00006104
-0.35036479,0.00006104
-0.35004479,0.00006104
-0.34972479,0.00006104
-0.34940479,0.00006104
-0.34908479,0.00006104
-0.34876479,0.00006104
-0.34844479,0.00006104
-0.34812479,0.00006104
-0.34780479,0.00006104
-0.34748479,0.00006104
-0.34716479,0.00006104
-0.34684479,0.00006104
-0.34652479,0.00006104
-0.34620479,0.00006104
-0.34588479,0.00006104
-0.34556479,0.00006104
-0.34524479,0.00006104
-0.34492479,0.00006104
-0.34460479,0.00006104
-0.34428479,0.00006104
-0.34396479,0.00006104
-0.34364479,0.00006104
-0.34332479,0.00006104
-0.34300479,0.00006104
-0.34268479,0.00006104
-0.34236479,0.00006104
-0.34204479,0.00006104
-0.34172479,0.00006104
-0.34140479,0.00006104
-0.34108479,0.00006104
-0.34076479,0.00006104
-0.34044479,0.00006104
-0.34012479,0.00006104
-0.33980479,0.00006104
-0.33948479,0.00006104
-0.33916479,0.00006104
-0.33884479,0.00006104
-0.33852479,0.00006104
-0.33820479,0.00006104
-0.33788479,0.00006104
-0.33756479,0.00006104
-0.33724479,0.00006104
-0.33692479,0.00006104
-0.33660479,0.00006104
-0.33628479,0.00006104
-0.33596479,0.00006104
-0.33564479,0.00006104
-0.33532479,0.00006104
-0.33500479,0.00006104
-0.33468479,0.00006104
-0.33436479,0.00006104
-0.33404479,0.00006104
-0.33372479,0.00006104
-0.33340479,0.00006104
-0.33308479,0.00006104
-0.33276479,-0.01770074
-0.33244479,0.00006104
-0.33212479,0.00006104
-0.33180479,0.00006104
-0.33148479,-0.01770074
-0.33116479,0.00006104
-0.33084479,0.00006104
-0.33052479,0.00006104
-0.33020479,0.00006104
-0.32988479,0.00006104
-0.32956479,0.00006104
-0.32924479,0.00006104
-0.32892479,0.00006104
-0.32860479,0.00006104
-0.32828479,0.00006104
-0.32796479,0.00006104
-0.32764479,0.00006104
-0.32732479,0.00006104
-0.32700479,0.00006104
-0.32668479,0.00006104
-0.32636479,0.00006104
-0.32604479,0.00006104
-0.32572479,0.00006104
-0.32540479,0.00006104
-0.32508479,0.00006104
-0.32476479,-0.01770074
-0.32444479,0.00006104
-0.32412479,0.00006104
-0.32380479,0.00006104
-0.32348479,0.00006104
-0.32316479,0.00006104
-0.32284479,0.00006104
-0.32252479,0.00006104
-0.32220479,0.00006104
-0.32188479,0.00006104
-0.32156479,0.00006104
-0.32124479,0.00006104
-0.32092479,0.00006104
-0.32060479,-0.01770074
-0.32028479,0.00006104
-0.31996479,0.00006104
-0.31964479,0.00006104
-0.31932479,0.00006104
-0.31900479,0.00006104
-0.31868479,0.00006104
-0.31836479,0.00006104
-0.31804479,0.00006104
-0.31772479,0.00006104
-0.31740479,0.00006104
-0.31708479,0.00006104
-0.31676479,0.00006104
-0.31644479,0.00006104
-0.31612479,0.00006104
-0.31580479,0.00006104
-0.31548479,0.00006104
-0.31516479,0.00006104
-0.31484479,0.00006104
-0.31452479,0.00006104
-0.31420479,0.00006104
-0.31388479,0.00006104
-0.31356479,0.00006104
-0.31324479,0.00006104
-0.31292479,0.00006104
-0.31260479,0.00006104
-0.31228479,0.00006104
-0.31196479,0.00006104
-0.31164479,0.00006104
-0.31132479,0.00006104
-0.31100479,0.00006104
-0.31068479,0.00006104
-0.31036479,0.00006104
-0.31004479,0.00006104
-0.30972479,0.00006104
-0.30940479,0.00006104
-0.30908479,0.00006104
-0.30876479,0.00006104
-0.30844479,0.00006104
-0.30812479,0.00006104
-0.30780479,0.00006104
-0.30748479,0.00006104
-0.30716479,0.00006104
-0.30684479,0.00006104
-0.30652479,0.00006104
-0.30620479,0.00006104
-0.30588479,0.00006104
-0.30556479,0.00006104
-0.30524479,0.00006104
-0.30492479,0.00006104
-0.30460479,0.00006104
-0.30428479,0.00006104
-0.30396479,0.00006104
-0.30364479,0.00006104
-0.30332479,-0.01770074
-0.30300479,0.00006104
-0.30268479,0.00006104
-0.30236479,-0.01770074
-0.30204479,0.00006104
-0.30172479,0.00006104
-0.30140479,-0.01770074
-0.30108479,0.00006104
-0.30076479,0.00006104
-0.30044479,0.00006104
-0.30012479,0.00006104
-0.29980479,0.00006104
-0.29948479,0.00006104
-0.29916479,0.00006104
-0.29884479,-0.01770074
-0.29852479,0.00006104
-0.29820479,0.00006104
-0.29788479,0.00006104
-0.29756479,0.00006104
-0.29724479,0.00006104
-0.29692479,0.00006104
-0.29660479,0.00006104
-0.29628479,0.00006104
-0.29596479,0.00006104
-0.29564479,0.00006104
-0.29532479,0.00006104
-0.29500479,-0.01770074
-0.29468479,0.00006104
-0.29436479,0.00006104
-0.29404479,0.00006104
-0.29372479,0.00006104
-0.29340479,0.00006104
-0.29308479,0.00006104
-0.29276479,0.00006104
-0.29244479,0.00006104
-0.29212479,0.00006104
-0.29180479,0.00006104
-0.29148479,0.00006104
-0.29116479,0.00006104
-0.29084479,0.00006104
-0.29052479,0.00006104
-0.29020479,0.00006104
-0.28988479,0.00006104
-0.28956479,0.00006104
-0.28924479,0.00006104
-0.28892479,0.00006104
-0.28860479,0.00006104
-0.28828479,0.00006104
-0.28796479,0.00006104
-0.28764479,0.00006104
-0.28732479,-0.01770074
-0.28700479,0.00006104
-0.28668479,0.00006104
-0.28636479,0.00006104
-0.28604479,0.00006104
-0.28572479,0.00006104
-0.28540479,0.00006104
-0.28508479,0.00006104
-0.28476479,0.00006104
-0.28444479,0.00006104
-0.28412479,0.00006104
-0.28380479,0.00006104
-0.28348479,0.00006104
-0.28316479,0.00006104
-0.28284479,0.00006104
-0.28252479,0.00006104
-0.28220479,0.00006104
-0.28188479,0.00006104
-0.28156479,0.00006104
-0.28124479,0.00006104
-0.28092479,0.00006104
-0.28060479,0.00006104
-0.28028479,0.00006104
-0.27996479,0.00006104
-0.27964479,0.00006104
-0.27932479,0.00006104
-0.27900479,0.00006104
-0.27868479,0.00006104
-0.27836479,0.00006104
-0.27804479,0.00006104
-0.27772479,0.00006104
-0.27740479,0.00006104
-0.27708479,0.00006104
-0.27676479,0.00006104
-0.27644479,0.00006104
-0.27612479,0.00006104
-0.27580479,0.00006104
-0.27548479,0.00006104
-0.27516479,0.00006104
-0.27484479,0.00006104
-0.27452479,0.00006104
-0.27420479,0.00006104
-0.27388479,0.00006104
-0.27356479,0.00006104
-0.27324479,0.00006104
-0.27292479,0.00006104
-0.27260479,0.00006104
-0.27228479,0.00006104
-0.27196479,0.00006104
-0.27164479,0.00006104
-0.27132479,0.00006104
-0.27100479,0.00006104
-0.27068479,0.00006104
-0.27036479,0.00006104
-0.27004479,0.00006104
-0.26972479,0.00006104
-0.26940479,0.00006104
-0.26908479,0.00006104
-0.26876479,0.00006104
-0.26844479,0.00006104
-0.26812479,0.00006104
-0.26780479,0.00006104
-0.26748479,0.00006104
-0.26716479,0.00006104
-0.26684479,0.00006104
-0.26652479,0.00006104
-0.26620479,-0.01770074
-0.26588479,0.00006104
-0.26556479,0.00006104
-0.26524479,0.00006104
-0.26492479,0.00006104
-0.26460479,0.00006104
-0.26428479,0.00006104
-0.26396479,0.00006104
-0.26364479,0.00006104
-0.26332479,0.00006104
-0.26300479,0.00006104
-0.26268479,0.00006104
-0.26236479,0.00006104
-0.26204479,0.00006104
-0.26172479,0.00006104
-0.26140479,0.00006104
-0.26108479,0.00006104
-0.26076479,0.00006104
-0.26044479,0.00006104
-0.26012479,0.00006104
-0.25980479,0.00006104
-0.25948479,0.00006104
-0.25916479,0.00006104
-0.25884479,0.00006104
-0.25852479,0.00006104
-0.25820479,0.00006104
-0.25788479,0.00006104
-0.25756479,0.00006104
-0.25724479,0.00006104
-0.25692479,0.00006104
-0.25660479,0.00006104
-0.25628479,0.00006104
-0.25596479,0.00006104
-0.25564479,0.00006104
-0.25532479,0.00006104
-0.25500479,0.00006104
-0.25468479,0.00006104
-0.25436479,0.00006104
-0.25404479,0.00006104
-0.25372479,0.00006104
-0.25340479,0.00006104
-0.25308479,0.00006104
-0.25276479,0.00006104
-0.25244479,0.00006104
-0.25212479,-0.01770074
-0.25180479,0.00006104
-0.25148479,0.00006104
-0.25116479,0.00006104
-0.25084479,0.00006104
-0.25052479,0.00006104
-0.25020479,0.00006104
-0.24988479,0.00006104
-0.24956479,0.00006104
-0.24924479,0.00006104
-0.24892479,0.00006104
-0.24860479,0.00006104
-0.24828479,0.00006104
-0.24796479,0.00006104
-0.24764479,-0.01770074
-0.24732479,-0.01770074
-0.24700479,0.00006104
-0.24668479,0.00006104
-0.24636479,0.00006104
-0.24604479,0.00006104
-0.24572479,0.00006104
-0.24540479,0.00006104
-0.24508479,-0.01770074
-0.24476479,0.00006104
-0.24444479,0.00006104
-0.24412479,0.00006104
-0.24380479,0.00006104
-0.24348479,0.00006104
-0.24316479,0.00006104
-0.24284479,0.00006104
-0.24252479,0.00006104
-0.24220479,0.00006104
-0.24188479,0.00006104
-0.24156479,0.00006104
-0.24124479,0.00006104
-0.24092479,0.00006104
-0.24060479,0.00006104
-0.24028479,0.00006104
-0.23996479,0.00006104
-0.23964479,0.00006104
-0.23932479,0.00006104
-0.23900479,0.00006104
-0.23868479,0.00006104
-0.23836479,0.00006104
-0.23804479,-0.01770074
-0.23772479,0.00006104
-0.23740479,0.00006104
-0.23708479,-0.01770074
-0.23676479,0.00006104
-0.23644479,0.00006104
-0.23612479,0.00006104
-0.23580479,0.00006104
-0.23548479,0.00006104
-0.23516479,0.00006104
-0.23484479,0.00006104
-0.23452479,0.00006104
-0.23420479,-0.01770074
-0.23388479,0.00006104
-0.23356479,0.00006104
-0.23324479,0.00006104
-0.23292479,0.00006104
-0.23260479,0.00006104
-0.23228479,0.00006104
-0.23196479,0.00006104
-0.23164479,0.00006104
-0.23132479,0.00006104
-0.23100479,0.00006104
-0.23068479,0.00006104
-0.23036479,0.00006104
-0.23004479,0.00006104
-0.22972479,0.00006104
-0.22940479,0.00006104
-0.22908479,0.00006104
-0.22876479,-0.01770074
-0.22844479,0.00006104
-0.22812479,0.00006104
-0.22780479,0.00006104
-0.22748479,0.00006104
-0.22716479,-0.01770074
-0.22684479,0.00006104
-0.22652479,0.00006104
-0.22620479,0.00006104
-0.22588479,0.00006104
-0.22556479,0.00006104
-0.22524479,0.00006104
-0.22492479,0.00006104
-0.22460479,0.00006104
-0.22428479,0.00006104
-0.22396479,0.00006104
-0.22364479,0.00006104
-0.22332479,0.00006104
-0.22300479,0.00006104
-0.22268479,0.00006104
-0.22236479,0.00006104
-0.22204479,0.00006104
-0.22172479,0.00006104
-0.22140479,0.00006104
-0.22108479,0.00006104
-0.22076479,0.00006104
-0.22044479,0.00006104
-0.22012479,0.00006104
-0.21980479,0.00006104
-0.21948479,0.00006104
-0.21916479,0.00006104
-0.21884479,0.00006104
-0.21852479,0.00006104
-0.21820479,0.00006104
-0.21788479,0.00006104
-0.21756479,0.00006104
-0.21724479,0.00006104
-0.21692479,0.00006104
-0.21660479,0.00006104
-0.21628479,0.00006104
-0.21596479,0.00006104
-0.21564479,0.00006104
-0.21532479,0.00006104
-0.21500479,0.00006104
-0.21468479,0.00006104
-0.21436479,0.00006104
-0.21404479,0.00006104
-0.21372479,0.00006104
-0.21340479,0.00006104
-0.21308479,0.00006104
-0.21276479,0.00006104
-0.21244479,0.00006104
-0.21212479,0.00006104
-0.21180479,0.00006104
-0.21148479,0.00006104
-0.21116479,0.00006104
-0.21084479,0.00006104
-0.21052479,0.00006104
-0.21020479,0.00006104
-0.20988479,0.00006104
-0.20956479,0.00006104
-0.20924479,0.00006104
-0.20892479,0.00006104
-0.20860479,0.00006104
-0.20828479,0.00006104
-0.20796479,0.00006104
-0.20764479,0.00006104
-0.20732479,0.00006104
-0.20700479,0.00006104
-0.20668479,0.00006104
-0.20636479,0.00006104
-0.20604479,-0.01770074
-0.20572479,0.00006104
-0.20540479,0.00006104
-0.20508479,-0.01770074
-0.20476479,0.00006104
-0.20444479,0.00006104
-0.20412479,0.00006104
-0.20380479,0.00006104
-0.20348479,0.00006104
-0.20316479,0.00006104
-0.20284479,0.00006104
-0.20252479,0.00006104
-0.20220479,0.00006104
-0.20188479,0.00006104
-0.20156479,0.00006104
-0.20124479,0.00006104
-0.20092479,0.00006104
-0.20060479,0.00006104
-0.20028479,0.00006104
-0.19996479,0.00006104
-0.19964479,0.00006104
-0.19932479,0.00006104
-0.19900479,0.00006104
-0.19868479,0.00006104
-0.19836479,0.00006104
-0.19804479,0.00006104
-0.19772479,0.00006104
-0.19740479,0.00006104
-0.19708479,0.00006104
-0.19676479,0.00006104
-0.19644479,0.00006104
-0.19612479,0.00006104
-0.19580479,0.00006104
-0.19548479,0.00006104
-0.19516479,0.00006104
-0.19484479,0.00006104
-0.19452479,0.00006104
-0.19420479,0.00006104
-0.19388479,0.00006104
-0.19356479,0.00006104
-0.19324479,0.00006104
-0.19292479,0.00006104
-0.19260479,0.00006104
-0.19228479,0.00006104
-0.19196479,0.00006104
-0.19164479,0.00006104
-0.19132479,0.00006104
-0.19100479,0.00006104
-0.19068479,0.00006104
-0.19036479,0.00006104
-0.19004479,0.00006104
-0.18972479,0.00006104
-0.18940479,-0.01770074
-0.18908479,0.00006104
-0.18876479,0.00006104
-0.18844479,0.00006104
-0.18812479,0.00006104
-0.18780479,0.00006104
-0.18748479,0.00006104
-0.18716479,0.00006104
-0.18684479,0.00006104
-0.18652479,0.00006104
-0.18620479,0.00006104
-0.18588479,0.00006104
-0.18556479,-0.01770074
-0.18524479,0.00006104
-0.18492479,0.00006104
-0.18460479,0.00006104
-0.18428479,0.00006104
-0.18396479,0.00006104
-0.18364479,0.00006104
-0.18332479,0.00006104
-0.18300479,0.00006104
-0.18268479,0.00006104
-0.18236479,0.00006104
-0.18204479,0.00006104
-0.18172479,0.00006104
-0.18140479,0.00006104
-0.18108479,0.00006104
-0.18076479,0.00006104
-0.18044479,0.00006104
-0.18012479,0.00006104
-0.17980479,0.00006104
-0.17948479,0.00006104
-0.17916479,0.00006104
-0.17884479,-0.01770074
-0.17852479,0.00006104
-0.17820479,0.00006104
-0.17788479,0.00006104
-0.17756479,0.00006104
-0.17724479,0.00006104
-0.17692479,0.00006104
-0.17660479,0.00006104
-0.17628479,0.00006104
-0.17596479,0.00006104
-0.17564479,0.00006104
-0.17532479,0.00006104
-0.17500479,0.00006104
-0.17468479,0.00006104
-0.17436479,0.00006104
-0.17404479,0.00006104
-0.17372479,0.00006104
-0.17340479,0.00006104
-0.17308479,0.00006104
-0.17276479,-0.01770074
-0.17244479,0.00006104
-0.17212479,0.00006104
-0.17180479,0.00006104
-0.17148479,0.00006104
-0.17116479,0.00006104
-0.17084479,0.00006104
-0.17052479,0.00006104
-0.17020479,0.00006104
-0.16988479,0.00006104
-0.16956479,0.00006104
-0.16924479,0.00006104
-0.16892479,0.00006104
-0.16860479,0.00006104
-0.16828479,0.00006104
-0.16796479,0.00006104
-0.16764479,0.00006104
-0.16732479,0.00006104
-0.16700479,0.00006104
-0.16668479,-0.01770074
-0.16636479,0.00006104
-0.16604479,0.00006104
-0.16572479,0.00006104
-0.16540479,-0.01770074
-0.16508479,0.00006104
-0.16476479,-0.01770074
-0.16444479,0.00006104
-0.16412479,0.00006104
-0.16380479,0.00006104
-0.16348479,0.00006104
-0.16316479,-0.01770074
-0.16284479,0.00006104
-0.16252479,0.00006104
-0.16220479,0.00006104
-0.16188479,0.00006104
-0.16156479,0.00006104
-0.16124479,0.00006104
-0.16092479,0.00006104
-0.16060479,0.00006104
-0.16028479,0.00006104
-0.15996479,0.00006104
-0.15964479,0.00006104
-0.15932479,0.00006104
-0.15900479,0.00006104
-0.15868479,0.00006104
-0.15836479,0.00006104
-0.15804479,0.00006104
-0.15772479,0.00006104
-0.15740479,0.00006104
-0.15708479,0.00006104
-0.15676479,0.00006104
-0.15644479,-0.01770074
-0.15612479,0.00006104
-0.15580479,0.00006104
-0.15548479,0.00006104
-0.15516479,0.00006104
-0.15484479,0.00006104
-0.15452479,0.00006104
-0.15420479,0.00006104
-0.15388479,0.00006104
-0.15356479,0.00006104
-0.15324479,0.00006104
-0.15292479,0.00006104
-0.15260479,0.00006104
-0.15228479,-0.01770074
-0.15196479,0.00006104
-0.15164479,0.00006104
-0.15132479,0.00006104
-0.15100479,-0.01770074
-0.15068479,0.00006104
-0.15036479,0.00006104
-0.15004479,0.00006104
-0.14972479,0.00006104
-0.14940479,-0.01770074
-0.14908479,0.00006104
-0.14876479,-0.01770074
-0.14844479,0.00006104
-0.14812479,0.00006104
-0.14780479,0.00006104
-0.14748479,0.00006104
-0.14716479,-0.01770074
-0.14684479,0.00006104
-0.14652479,0.00006104
-0.14620479,0.00006104
-0.14588479,0.00006104
-0.14556479,-0.01770074
-0.14524479,0.00006104
-0.14492479,0.00006104
-0.14460479,0.00006104
-0.14428479,0.00006104
-0.14396479,0.00006104
-0.14364479,0.00006104
-0.14332479,0.00006104
-0.14300479,0.00006104
-0.14268479,0.00006104
-0.14236479,0.00006104
-0.14204479,0.00006104
-0.14172479,-0.01770074
-0.14140479,0.00006104
-0.14108479,0.00006104
-0.14076479,0.00006104
-0.14044479,0.00006104
-0.14012479,0.00006104
-0.13980479,0.00006104
-0.13948479,0.00006104
-0.13916479,0.00006104
-0.13884479,0.00006104
-0.13852479,0.00006104
-0.13820479,0.00006104
-0.13788479,0.00006104
-0.13756479,0.00006104
-0.13724479,0.00006104
-0.13692479,0.00006104
-0.13660479,0.00006104
-0.13628479,0.00006104
-0.13596479,0.00006104
-0.13564479,0.00006104
-0.13532479,0.00006104
-0.13500479,0.00006104
-0.13468479,0.00006104
-0.13436479,0.00006104
-0.13404479,0.00006104
-0.13372479,0.00006104
-0.13340479,0.00006104
-0.13308479,0.00006104
-0.13276479,0.00006104
-0.13244479,0.00006104
-0.13212479,0.00006104
-0.13180479,0.00006104
-0.13148479,0.00006104
-0.13116479,0.00006104
-0.13084479,0.00006104
-0.13052479,0.00006104
-0.13020479,0.00006104
-0.12988479,0.00006104
-0.12956479,0.00006104
-0.12924479,0.00006104
-0.12892479,0.00006104
-0.12860479,0.00006104
-0.12828479,0.00006104
-0.12796479,0.00006104
-0.12764479,0.00006104
-0.12732479,0.00006104
-0.12700479,0.00006104
-0.12668479,0.00006104
-0.12636479,0.00006104
-0.12604479,0.00006104
-0.12572479,0.00006104
-0.12540479,0.00006104
-0.12508479,0.00006104
-0.12476479,0.00006104
-0.12444479,0.00006104
-0.12412479,0.00006104
-0.12380479,0.00006104
-0.12348479,0.00006104
-0.12316479,0.00006104
-0.12284479,0.00006104
-0.12252479,0.00006104
-0.12220479,0.00006104
-0.12188479,0.00006104
-0.12156479,0.00006104
-0.12124479,0.00006104
-0.12092479,0.00006104
-0.12060479,0.00006104
-0.12028479,0.00006104
-0.11996479,0.00006104
-0.11964479,0.00006104
-0.11932479,0.00006104
-0.11900479,0.00006104
-0.11868479,0.00006104
-0.11836479,-0.01770074
-0.11804479,0.00006104
-0.11772479,0.00006104
-0.11740479,0.00006104
-0.11708479,0.00006104
-0.11676479,0.00006104
-0.11644479,0.00006104
-0.11612479,0.00006104
-0.11580479,-0.01770074
-0.11548479,0.00006104
-0.11516479,0.00006104
-0.11484479,0.00006104
-0.11452479,0.00006104
-0.11420479,0.00006104
-0.11388479,0.00006104
-0.11356479,0.00006104
-0.11324479,0.00006104
-0.11292479,0.00006104
-0.11260479,0.00006104
-0.11228479,0.00006104
-0.11196479,0.00006104
-0.11164479,0.00006104
-0.11132479,0.00006104
-0.11100479,0.00006104
-0.11068479,0.00006104
-0.11036479,0.00006104
-0.11004479,0.00006104
-0.10972479,-0.01770074
-0.10940479,0.00006104
-0.10908479,0.00006104
-0.10876479,0.00006104
-0.10844479,0.00006104
-0.10812479,0.00006104
-0.10780479,0.00006104
-0.10748479,0.00006104
-0.10716479,0.00006104
-0.10684479,0.00006104
-0.10652479,0.00006104
-0.10620479,0.00006104
-0.10588479,0.00006104
-0.10556479,0.00006104
-0.10524479,0.00006104
-0.10492479,0.00006104
-0.10460479,0.00006104
-0.10428479,0.00006104
-0.10396479,0.00006104
-0.10364479,0.00006104
-0.10332479,0.00006104
-0.10300479,0.00006104
-0.10268479,0.00006104
-0.10236479,0.00006104
-0.10204479,0.00006104
-0.10172479,0.00006104
-0.10140479,0.00006104
-0.10108479,0.00006104
-0.10076479,0.00006104
-0.10044479,0.00006104
-0.10012479,0.00006104
-0.09980479,0.00006104
-0.09948479,0.00006104
-0.09916479,0.00006104
-0.09884479,0.00006104
-0.09852479,0.00006104
-0.09820479,0.00006104
-0.09788479,0.00006104
-0.09756479,0.00006104
-0.09724479,0.00006104
-0.09692479,0.00006104
-0.09660479,0.00006104
-0.09628479,0.00006104
-0.09596479,0.00006104
-0.09564479,0.00006104
-0.09532479,0.00006104
-0.09500479,0.00006104
-0.09468479,0.00006104
-0.09436479,0.00006104
-0.09404479,0.00006104
-0.09372479,0.00006104
-0.09340479,0.00006104
-0.09308479,0.00006104
-0.09276479,0.00006104
-0.09244479,0.00006104
-0.09212479,-0.01770074
-0.09180479,0.00006104
-0.09148479,0.00006104
-0.09116479,0.00006104
-0.09084479,0.00006104
-0.09052479,0.00006104
-0.09020479,0.00006104
-0.08988479,0.00006104
-0.08956479,0.00006104
-0.08924479,0.00006104
-0.08892479,0.00006104
-0.08860479,0.00006104
-0.08828479,0.00006104
-0.08796479,0.00006104
-0.08764479,0.00006104
-0.08732479,0.00006104
-0.08700479,0.00006104
-0.08668479,0.00006104
-0.08636479,0.00006104
-0.08604479,0.00006104
-0.08572479,-0.01770074
-0.08540479,0.00006104
-0.08508479,0.00006104
-0.08476479,0.00006104
-0.08444479,0.00006104
-0.08412479,0.00006104
-0.08380479,0.00006104
-0.08348479,0.00006104
-0.08316479,0.00006104
-0.08284479,0.00006104
-0.08252479,-0.01770074
-0.08220479,0.00006104
-0.08188479,0.00006104
-0.08156479,0.00006104
-0.08124479,0.00006104
-0.08092479,0.00006104
-0.08060479,0.00006104
-0.08028479,0.00006104
-0.07996479,0.00006104
-0.07964479,0.00006104
-0.07932479,0.00006104
-0.07900479,0.00006104
-0.07868479,0.00006104
-0.07836479,0.00006104
-0.07804479,0.00006104
-0.07772479,0.00006104
-0.07740479,0.00006104
-0.07708479,0.00006104
-0.07676479,0.00006104
-0.07644479,0.00006104
-0.07612479,0.00006104
-0.07580479,0.00006104
-0.07548479,0.00006104
-0.07516479,0.00006104
-0.07484479,0.00006104
-0.07452479,0.00006104
-0.07420479,0.00006104
-0.07388479,0.00006104
-0.07356479,0.00006104
-0.07324479,0.00006104
-0.07292479,0.00006104
-0.07260479,0.00006104
-0.07228479,0.00006104
-0.07196479,0.00006104
-0.07164479,0.00006104
-0.07132479,0.00006104
-0.07100479,0.00006104
-0.07068479,0.00006104
-0.07036479,0.00006104
-0.07004479,0.00006104
-0.06972479,0.00006104
-0.06940479,0.00006104
-0.06908479,0.00006104
-0.06876479,0.00006104
-0.06844479,0.00006104
-0.06812479,0.00006104
-0.06780479,0.00006104
-0.06748479,0.00006104
-0.06716479,0.00006104
-0.06684479,0.00006104
-0.06652479,0.00006104
-0.06620479,0.00006104
-0.06588479,0.00006104
-0.06556479,0.00006104
-0.06524479,0.00006104
-0.06492479,0.00006104
-0.06460479,0.00006104
-0.06428479,0.00006104
-0.06396479,0.00006104
-0.06364479,0.00006104
-0.06332479,0.00006104
-0.06300479,0.00006104
-0.06268479,0.00006104
-0.06236479,0.00006104
-0.06204479,0.00006104
-0.06172479,0.00006104
-0.06140479,0.00006104
-0.06108479,0.00006104
-0.06076479,0.00006104
-0.06044479,0.00006104
-0.06012479,0.00006104
-0.05980479,0.00006104
-0.05948479,0.00006104
-0.05916479,-0.01770074
-0.05884479,0.00006104
-0.05852479,0.00006104
-0.05820479,0.00006104
-0.05788479,0.00006104
-0.05756479,0.00006104
-0.05724479,0.00006104
-0.05692479,0.00006104
-0.05660479,0.00006104
-0.05628479,0.00006104
-0.05596479,0.00006104
-0.05564479,0.00006104
-0.05532479,0.00006104
-0.05500479,0.00006104
-0.05468479,0.00006104
-0.05436479,0.00006104
-0.05404479,0.00006104
-0.05372479,0.00006104
-0.05340479,0.00006104
-0.05308479,0.00006104
-0.05276479,0.00006104
-0.05244479,0.00006104
-0.05212479,0.00006104
-0.05180479,0.00006104
-0.05148479,0.00006104
-0.05116479,0.00006104
-0.05084479,0.00006104
-0.05052479,0.00006104
-0.05020479,0.00006104
-0.04988479,0.00006104
-0.04956479,0.00006104
-0.04924479,0.00006104
-0.04892479,0.00006104
-0.04860479,0.00006104
-0.04828479,0.00006104
-0.04796479,0.00006104
-0.04764479,0.00006104
-0.04732479,0.00006104
-0.04700479,0.00006104
-0.04668479,0.00006104
-0.04636479,0.00006104
-0.04604479,0.00006104
-0.04572479,0.00006104
-0.04540479,0.00006104
-0.04508479,-0.01770074
-0.04476479,0.00006104
-0.04444479,0.00006104
-0.04412479,0.00006104
-0.04380479,0.00006104
-0.04348479,0.00006104
-0.04316479,0.00006104
-0.04284479,0.00006104
-0.04252479,0.00006104
-0.04220479,0.00006104
-0.04188479,0.00006104
-0.04156479,0.00006104
-0.04124479,0.00006104
-0.04092479,0.00006104
-0.04060479,0.00006104
-0.04028479,0.00006104
-0.03996479,0.00006104
-0.03964479,0.00006104
-0.03932479,0.00006104
-0.03900479,0.00006104
-0.03868479,0.00006104
-0.03836479,0.00006104
-0.03804479,0.00006104
-0.03772479,0.00006104
-0.03740479,0.00006104
-0.03708479,0.00006104
-0.03676479,0.00006104
-0.03644479,0.00006104
-0.03612479,0.00006104
-0.03580479,0.00006104
-0.03548479,0.00006104
-0.03516479,0.00006104
-0.03484479,0.00006104
-0.03452479,0.00006104
-0.03420479,0.00006104
-0.03388479,0.00006104
-0.03356479,0.00006104
-0.03324479,0.00006104
-0.03292479,0.00006104
-0.03260479,0.00006104
-0.03228479,0.00006104
-0.03196479,-0.01770074
-0.03164479,0.00006104
-0.03132479,0.00006104
-0.03100479,0.00006104
-0.03068479,0.00006104
-0.03036479,-0.01770074
-0.03004479,0.00006104
-0.02972479,0.00006104
-0.02940479,0.00006104
-0.02908479,0.00006104
-0.02876479,0.00006104
-0.02844479,0.00006104
-0.02812479,0.00006104
-0.02780479,0.00006104
-0.02748479,0.00006104
-0.02716479,0.00006104
-0.02684479,0.00006104
-0.02652479,0.00006104
-0.02620479,0.00006104
-0.02588479,0.00006104
-0.02556479,0.00006104
-0.02524479,0.00006104
-0.02492479,0.00006104
-0.02460479,-0.01770074
-0.02428479,0.00006104
-0.02396479,0.00006104
-0.02364479,0.00006104
-0.02332479,-0.01770074
-0.02300479,-0.01770074
-0.02268479,0.00006104
-0.02236479,0.00006104
-0.02204479,0.00006104
-0.02172479,0.00006104
-0.02140479,0.00006104
-0.02108479,-0.01770074
-0.02076479,0.00006104
-0.02044479,0.00006104
-0.02012479,0.00006104
-0.01980479,0.00006104
-0.01948479,0.00006104
-0.01916479,0.00006104
-0.01884479,-0.01770074
-0.01852479,0.00006104
-0.01820479,0.00006104
-0.01788479,0.00006104
-0.01756479,0.00006104
-0.01724479,0.00006104
-0.01692479,0.00006104
-0.01660479,0.00006104
-0.01628479,-0.01770074
-0.01596479,0.00006104
-0.01564479,0.00006104
-0.01532479,0.00006104
-0.01500479,0.00006104
-0.01468479,0.00006104
-0.01436479,0.00006104
-0.01404479,0.00006104
-0.01372479,0.00006104
-0.01340479,0.00006104
-0.01308479,0.00006104
-0.01276479,0.00006104
-0.01244479,0.00006104
-0.01212479,0.00006104
-0.01180479,0.00006104
-0.01148479,0.00006104
-0.01116479,-0.01770074
-0.01084479,0.00006104
-0.01052479,0.00006104
-0.01020479,0.00006104
-0.00988479,0.00006104
-0.00956479,0.00006104
-0.00924479,0.00006104
-0.00892479,0.00006104
-0.00860479,0.00006104
-0.00828479,0.00006104
-0.00796479,-0.01770074
-0.00764479,0.00006104
-0.00732479,0.00006104
-0.00700479,0.00006104
-0.00668479,0.00006104
-0.00636479,0.00006104
-0.00604479,0.00006104
-0.00572479,0.00006104
-0.00540479,0.00006104
-0.00508479,0.00006104
-0.00476479,0.00006104
-0.00444479,0.21362957
-0.00412479,1.24607074
-0.00380479,0.96127200
-0.00348479,0.28485978
-0.00316479,-0.05334635
-0.00284479,-0.12451552
-0.00252479,-0.07110813
-0.00220479,-0.03552354
-0.00188479,-0.01770074
-0.00156479,-0.01770074
-0.00124479,-∞
-0.00092479,-0.69417399
-0.00060479,-0.92556536
-0.00028479,-0.30256051
0.00003521,0.03570665
0.00035521,0.10687582
0.00067521,0.10687582
0.00099521,0.07129124
0.00131521,0.03570665
0.00163521,0.01788385
0.00195521,0.00006104
0.00227521,0.00006104
0.00259521,0.00006104
0.00291521,0.01788385
0.00323521,0.03570665
0.00355521,0.01788385
0.00387521,0.01788385
0.00419521,0.00006104
0.00451521,0.00006104
0.00483521,0.01788385
0.00515521,0.01788385
0.00547521,0.01788385
0.00579521,0.05346843
0.00611521,0.05346843
0.00643521,0.07129124
0.00675521,0.07129124
0.00707521,0.03570665
0.00739521,0.07129124
0.00771521,0.05346843
0.00803521,0.03570665
0.00835521,0.07129124
0.00867521,0.08911405
0.00899521,0.05346843
0.00931521,0.01788385
0.00963521,0.01788385
0.00995521,0.01788385
0.01027521,0.01788385
0.01059521,-0.01770074
0.01091521,-0.03552354
0.01123521,-0.03552354
0.01155521,-0.03552354
0.01187521,0.01788385
0.01219521,-0.01770074
0.01251521,0.01788385
0.01283521,0.03570665
0.01315521,-0.05334635
0.01347521,0.00006104
0.01379521,0.01788385
0.01411521,-0.01770074
0.01443521,0.03570665
0.01475521,0.03570665
0.01507521,0.00006104
0.01539521,0.01788385
0.01571521,0.03570665
0.01603521,0.01788385
0.01635521,0.00006104
0.01667521,0.01788385
0.01699521,0.01788385
0.01731521,0.00006104
0.01763521,0.01788385
0.01795521,0.03570665
0.01827521,0.00006104
0.01859521,0.00006104
0.01891521,0.01788385
0.01923521,0.00006104
0.01955521,0.01788385
0.01987521,0.00006104
0.02019521,-0.01770074
0.02051521,0.00006104
0.02083521,0.01788385
0.02115521,0.00006104
0.02147521,0.00006104
0.02179521,0.01788385
0.02211521,0.01788385
0.02243521,0.00006104
0.02275521,0.01788385
0.02307521,0.00006104
0.02339521,0.01788385
0.02371521,0.01788385
0.02403521,0.00006104
0.02435521,0.01788385
0.02467521,0.03570665
0.02499521,0.00006104
0.02531521,0.00006104
0.02563521,0.00006104
0.02595521,0.00006104
0.02627521,0.00006104
0.02659521,0.00006104
0.02691521,-0.01770074
0.02723521,0.00006104
0.02755521,0.00006104
0.02787521,0.00006104
0.02819521,0.00006104
0.02851521,0.00006104
0.02883521,0.01788385
0.02915521,0.00006104
0.02947521,0.00006104
0.02979521,0.00006104
0.03011521,0.01788385
0.03043521,0.01788385
0.03075521,0.00006104
0.03107521,0.00006104
0.03139521,0.00006104
0.03171521,0.00006104
0.03203521,0.00006104
0.03235521,0.00006104
0.03267521,0.00006104
0.03299521,0.00006104
0.03331521,0.00006104
0.03363521,0.00006104
0.03395521,0.00006104
0.03427521,0.00006104
0.03459521,0.01788385
0.03491521,0.00006104
0.03523521,0.00006104
0.03555521,0.00006104
0.03587521,0.00006104
0.03619521,0.00006104
0.03651521,0.00006104
0.03683521,0.00006104
0.03715521,0.00006104
0.03747521,0.00006104
0.03779521,0.00006104
0.03811521,-0.01770074
0.03843521,-0.01770074
0.03875521,0.00006104
0.03907521,-0.01770074
0.03939521,0.00006104
0.03971521,0.00006104
0.04003521,0.00006104
0.04035521,0.00006104
0.04067521,0.00006104
0.04099521,0.00006104
0.04131521,0.01788385
0.04163521,0.00006104
0.04195521,0.00006104
0.04227521,0.00006104
0.04259521,0.00006104
0.04291521,0.00006104
0.04323521,0.00006104
0.04355521,0.00006104
0.04387521,0.00006104
0.04419521,0.00006104
0.04451521,0.00006104
0.04483521,-0.01770074
0.04515521,0.00006104
0.04547521,-0.01770074
0.04579521,0.00006104
0.04611521,-0.01770074
0.04643521,0.00006104
0.04675521,0.00006104
0.04707521,0.00006104
0.04739521,0.00006104
0.04771521,0.00006104
0.04803521,0.00006104
0.04835521,0.00006104
0.04867521,0.00006104
0.04899521,0.00006104
0.04931521,0.00006104
0.04963521,0.00006104
0.04995521,0.00006104
0.05027521,0.00006104
0.05059521,0.00006104
0.05091521,0.00006104
0.05123521,0.00006104
0.05155521,-0.01770074
0.05187521,0.00006104
0.05219521,0.00006104
0.05251521,0.00006104
0.05283521,0.00006104
0.05315521,-0.01770074
0.05347521,0.00006104
0.05379521,0.00006104
0.05411521,0.00006104
0.05443521,0.00006104
0.05475521,0.00006104
0.05507521,0.00006104
0.05539521,0.00006104
0.05571521,0.00006104
0.05603521,0.00006104
0.05635521,0.00006104
0.05667521,0.00006104
0.05699521,0.00006104
0.05731521,0.00006104
0.05763521,0.00006104
0.05795521,0.00006104
0.05827521,0.00006104
0.05859521,0.00006104
0.05891521,0.00006104
0.05923521,0.00006104
0.05955521,0.00006104
0.05987521,0.00006104
0.06019521,0.00006104
0.06051521,0.00006104
0.06083521,0.00006104
0.06115521,0.00006104
0.06147521,0.00006104
0.06179521,0.00006104
0.06211521,0.00006104
0.06243521,0.00006104
0.06275521,0.00006104
0.06307521,0.00006104
0.06339521,0.00006104
0.06371521,0.00006104
0.06403521,0.00006104
0.06435521,0.00006104
0.06467521,0.00006104
0.06499521,0.00006104
0.06531521,0.00006104
0.06563521,0.00006104
0.06595521,0.00006104
0.06627521,0.00006104
0.06659521,0.00006104
0.06691521,0.00006104
0.06723521,0.00006104
0.06755521,-0.01770074
0.06787521,0.00006104
0.06819521,0.00006104
0.06851521,0.00006104
0.06883521,0.00006104
0.06915521,0.00006104
0.06947521,0.00006104
0.06979521,0.00006104
0.07011521,0.00006104
0.07043521,0.00006104
0.07075521,0.00006104
0.07107521,0.00006104
0.07139521,0.00006104
0.07171521,0.00006104
0.07203521,0.00006104
0.07235521,0.00006104
0.07267521,0.00006104
0.07299521,0.00006104
0.07331521,0.00006104
0.07363521,0.00006104
0.07395521,0.00006104
0.07427521,0.00006104
0.07459521,0.00006104
0.07491521,0.00006104
0.07523521,0.00006104
0.07555521,0.00006104
0.07587521,0.00006104
0.07619521,-0.01770074
0.07651521,-0.01770074
0.07683521,0.00006104
0.07715521,0.00006104
0.07747521,0.00006104
0.07779521,0.00006104
0.07811521,0.00006104
0.07843521,0.00006104
0.07875521,0.00006104
0.07907521,0.00006104
0.07939521,0.00006104
0.07971521,0.00006104
0.08003521,0.00006104
0.08035521,0.00006104
0.08067521,0.00006104
0.08099521,0.00006104
0.08131521,0.00006104
0.08163521,0.00006104
0.08195521,0.00006104
0.08227521,0.00006104
0.08259521,0.00006104
0.08291521,0.00006104
0.08323521,0.00006104
0.08355521,0.00006104
0.08387521,0.00006104
0.08419521,0.00006104
0.08451521,0.00006104
0.08483521,0.00006104
0.08515521,0.00006104
0.08547521,0.00006104
0.08579521,0.00006104
0.08611521,0.00006104
0.08643521,0.00006104
0.08675521,0.00006104
0.08707521,0.00006104
0.08739521,0.00006104
0.08771521,0.00006104
0.08803521,0.00006104
0.08835521,0.00006104
0.08867521,0.00006104
0.08899521,0.00006104
0.08931521,0.00006104
0.08963521,0.00006104
0.08995521,0.00006104
0.09027521,0.00006104
0.09059521,0.00006104
0.09091521,0.00006104
0.09123521,0.00006104
0.09155521,0.00006104
0.09187521,0.00006104
0.09219521,0.00006104
0.09251521,0.00006104
0.09283521,0.00006104
0.09315521,0.00006104
0.09347521,0.00006104
0.09379521,0.00006104
0.09411521,-0.01770074
0.09443521,0.00006104
0.09475521,0.00006104
0.09507521,0.00006104
0.09539521,0.00006104
0.09571521,0.00006104
0.09603521,0.00006104
0.09635521,0.00006104
0.09667521,0.00006104
0.09699521,-0.01770074
0.09731521,0.00006104
0.09763521,-0.01770074
0.09795521,0.00006104
0.09827521,0.00006104
0.09859521,0.00006104
0.09891521,0.00006104
0.09923521,0.00006104
0.09955521,-0.01770074
0.09987521,0.00006104
0.10019521,0.00006104
0.10051521,0.00006104
0.10083521,0.00006104
0.10115521,0.00006104
0.10147521,0.00006104
0.10179521,0.00006104
0.10211521,0.00006104
0.10243521,0.00006104
0.10275521,0.00006104
0.10307521,0.00006104
0.10339521,0.00006104
0.10371521,-0.01770074
0.10403521,0.00006104
0.10435521,0.00006104
0.10467521,0.00006104
0.10499521,0.00006104
0.10531521,0.00006104
0.10563521,-0.01770074
0.10595521,0.00006104
0.10627521,0.00006104
0.10659521,0.00006104
0.10691521,0.00006104
0.10723521,0.00006104
0.10755521,0.00006104
0.10787521,0.00006104
0.10819521,0.00006104
0.10851521,0.00006104
0.10883521,0.00006104
0.10915521,-0.01770074
0.10947521,0.00006104
0.10979521,0.00006104
0.11011521,0.00006104
0.11043521,0.00006104
0.11075521,0.00006104
0.11107521,0.00006104
0.11139521,0.00006104
0.11171521,0.00006104
0.11203521,0.00006104
0.11235521,0.00006104
0.11267521,0.00006104
0.11299521,0.00006104
0.11331521,0.00006104
0.11363521,0.00006104
0.11395521,0.00006104
0.11427521,0.00006104
0.11459521,0.00006104
0.11491521,0.00006104
0.11523521,0.00006104
0.11555521,0.00006104
0.11587521,0.00006104
0.11619521,0.00006104
0.11651521,0.00006104
0.11683521,0.00006104
0.11715521,0.00006104
0.11747521,0.00006104
0.11779521,0.00006104
0.11811521,0.00006104
0.11843521,0.00006104
0.11875521,0.00006104
0.11907521,0.00006104
0.11939521,0.00006104
0.11971521,0.00006104
0.12003521,0.00006104
0.12035521,0.00006104
0.12067521,0.00006104
0.12099521,0.00006104
0.12131521,0.00006104
0.12163521,0.00006104
0.12195521,0.00006104
0.12227521,0.00006104
0.12259521,0.00006104
0.12291521,0.00006104
0.12323521,0.00006104
0.12355521,0.00006104
0.12387521,0.00006104
0.12419521,0.00006104
0.12451521,0.00006104
0.12483521,0.00006104
0.12515521,0.00006104
0.12547521,-0.01770074
0.12579521,0.00006104
0.12611521,0.00006104
0.12643521,0.00006104
0.12675521,0.00006104
0.12707521,0.00006104
0.12739521,0.00006104
0.12771521,0.00006104
0.12803521,0.00006104
0.12835521,0.00006104
0.12867521,0.00006104
0.12899521,0.00006104
0.12931521,0.00006104
0.12963521,0.00006104
0.12995521,0.00006104
0.13027521,0.00006104
0.13059521,0.00006104
0.13091521,-0.01770074
0.13123521,0.00006104
0.13155521,0.00006104
0.13187521,0.00006104
0.13219521,0.00006104
0.13251521,0.00006104
0.13283521,0.00006104
0.13315521,0.00006104
0.13347521,0.00006104
0.13379521,0.00006104
0.13411521,0.00006104
0.13443521,0.00006104
0.13475521,-0.01770074
0.13507521,0.00006104
0.13539521,0.00006104
0.13571521,0.00006104
0.13603521,0.00006104
0.13635521,-0.01770074
0.13667521,0.00006104
0.13699521,0.00006104
0.13731521,0.00006104
0.13763521,-0.01770074
0.13795521,0.00006104
0.13827521,0.00006104
0.13859521,0.00006104
0.13891521,0.00006104
0.13923521,-0.01770074
0.13955521,0.00006104
0.13987521,-0.01770074
0.14019521,0.00006104
0.14051521,-0.01770074
0.14083521,0.00006104
0.14115521,0.00006104
0.14147521,0.00006104
0.14179521,0.00006104
0.14211521,0.00006104
0.14243521,0.00006104
0.14275521,0.00006104
0.14307521,0.00006104
0.14339521,0.00006104
0.14371521,0.00006104
0.14403521,0.00006104
0.14435521,0.00006104
0.14467521,0.00006104
0.14499521,0.00006104
0.14531521,0.00006104
0.14563521,0.00006104
0.14595521,0.00006104
0.14627521,0.00006104
0.14659521,0.00006104
0.14691521,0.00006104
0.14723521,0.00006104
0.14755521,0.00006104
0.14787521,0.00006104
0.14819521,0.00006104
0.14851521,0.00006104
0.14883521,0.00006104
0.14915521,0.00006104
0.14947521,0.00006104
0.14979521,0.00006104
0.15011521,0.00006104
0.15043521,0.00006104
0.15075521,0.00006104
0.15107521,0.00006104
0.15139521,0.00006104
0.15171521,0.00006104
0.15203521,0.00006104
0.15235521,0.00006104
0.15267521,0.00006104
0.15299521,0.00006104
0.15331521,0.00006104
0.15363521,0.00006104
0.15395521,0.00006104
0.15427521,0.00006104
0.15459521,0.00006104
0.15491521,0.00006104
0.15523521,0.00006104
0.15555521,0.00006104
0.15587521,0.00006104
0.15619521,0.00006104
0.15651521,0.00006104
0.15683521,0.00006104
0.15715521,0.00006104
0.15747521,0.00006104
0.15779521,0.00006104
0.15811521,0.00006104
0.15843521,0.00006104
0.15875521,0.00006104
0.15907521,0.00006104
0.15939521,0.00006104
0.15971521,0.00006104
0.16003521,0.00006104
0.16035521,0.00006104
0.16067521,0.00006104
0.16099521,0.00006104
0.16131521,-0.01770074
0.16163521,0.00006104
0.16195521,0.00006104
0.16227521,0.00006104
0.16259521,0.00006104
0.16291521,0.00006104
0.16323521,0.00006104
0.16355521,0.00006104
0.16387521,0.00006104
0.16419521,0.00006104
0.16451521,0.00006104
0.16483521,0.00006104
0.16515521,-0.01770074
0.16547521,0.00006104
0.16579521,-0.01770074
0.16611521,0.00006104
0.16643521,0.00006104
0.16675521,-0.01770074
0.16707521,-0.01770074
0.16739521,0.00006104
0.16771521,0.00006104
0.16803521,0.00006104
0.16835521,0.00006104
0.16867521,0.00006104
0.16899521,0.00006104
0.16931521,0.00006104
0.16963521,-0.01770074
0.16995521,-0.01770074
0.17027521,0.00006104
0.17059521,0.00006104
0.17091521,0.00006104
0.17123521,0.00006104
0.17155521,0.00006104
0.17187521,0.00006104
0.17219521,0.00006104
0.17251521,0.00006104
0.17283521,0.00006104
0.17315521,0.00006104
0.17347521,0.00006104
0.17379521,0.00006104
0.17411521,0.00006104
0.17443521,0.00006104
0.17475521,0.00006104
0.17507521,0.00006104
0.17539521,0.00006104
0.17571521,0.00006104
0.17603521,0.00006104
0.17635521,-0.01770074
0.17667521,0.00006104
0.17699521,0.00006104
0.17731521,0.00006104
0.17763521,0.00006104
0.17795521,0.00006104
0.17827521,0.00006104
0.17859521,0.00006104
0.17891521,0.00006104
0.17923521,0.00006104
0.17955521,0.00006104
0.17987521,0.00006104
0.18019521,0.00006104
0.18051521,0.00006104
0.18083521,0.00006104
0.18115521,0.00006104
0.18147521,0.00006104
0.18179521,0.00006104
0.18211521,0.00006104
0.18243521,0.00006104
0.18275521,0.00006104
0.18307521,0.00006104
0.18339521,0.00006104
0.18371521,0.00006104
0.18403521,0.00006104
0.18435521,0.00006104
0.18467521,0.00006104
0.18499521,0.00006104
0.18531521,0.00006104
0.18563521,0.00006104
0.18595521,0.00006104
0.18627521,0.00006104
0.18659521,0.00006104
0.18691521,-0.01770074
0.18723521,0.00006104
0.18755521,0.00006104
0.18787521,0.00006104
0.18819521,0.00006104
0.18851521,0.00006104
0.18883521,0.00006104
0.18915521,0.00006104
0.18947521,0.00006104
0.18979521,0.00006104
0.19011521,0.00006104
0.19043521,0.00006104
0.19075521,0.00006104
0.19107521,0.00006104
0.19139521,0.00006104
0.19171521,0.00006104
0.19203521,0.00006104
0.19235521,0.00006104
0.19267521,0.00006104
0.19299521,0.00006104
0.19331521,0.00006104
0.19363521,0.00006104
0.19395521,0.00006104
0.19427521,0.00006104
0.19459521,0.00006104
0.19491521,0.00006104
0.19523521,0.00006104
0.19555521,0.00006104
0.19587521,0.00006104
0.19619521,0.00006104
0.19651521,0.00006104
0.19683521,0.00006104
0.19715521,0.00006104
0.19747521,0.00006104
0.19779521,0.00006104
0.19811521,0.00006104
0.19843521,0.00006104
0.19875521,0.00006104
0.19907521,0.00006104
0.19939521,-0.01770074
0.19971521,-0.01770074
0.20003521,0.00006104
0.20035521,0.00006104
0.20067521,0.00006104
0.20099521,0.00006104
0.20131521,0.00006104
0.20163521,0.00006104
0.20195521,0.00006104
0.20227521,0.00006104
0.20259521,0.00006104
0.20291521,0.00006104
0.20323521,0.00006104
0.20355521,0.00006104
0.20387521,0.00006104
0.20419521,0.00006104
0.20451521,0.00006104
0.20483521,0.00006104
0.20515521,-0.01770074
0.20547521,0.00006104
0.20579521,0.00006104
0.20611521,0.00006104
0.20643521,0.00006104
0.20675521,0.00006104
0.20707521,0.00006104
0.20739521,0.00006104
0.20771521,-0.01770074
0.20803521,0.00006104
0.20835521,0.00006104
0.20867521,0.00006104
0.20899521,0.00006104
0.20931521,0.00006104
0.20963521,0.00006104
0.20995521,0.00006104
0.21027521,0.00006104
0.21059521,0.00006104
0.21091521,0.00006104
0.21123521,0.00006104
0.21155521,0.00006104
0.21187521,0.00006104
0.21219521,0.00006104
0.21251521,0.00006104
0.21283521,0.00006104
0.21315521,0.00006104
0.21347521,0.00006104
0.21379521,0.00006104
0.21411521,0.00006104
0.21443521,0.00006104
0.21475521,0.00006104
0.21507521,-0.01770074
0.21539521,0.00006104
0.21571521,0.00006104
0.21603521,0.00006104
0.21635521,0.00006104
0.21667521,-0.01770074
0.21699521,0.00006104
0.21731521,0.00006104
0.21763521,0.00006104
0.21795521,-0.01770074
0.21827521,-0.01770074
0.21859521,0.00006104
0.21891521,0.00006104
0.21923521,0.00006104
0.21955521,0.00006104
0.21987521,-0.01770074
0.22019521,0.00006104
0.22051521,0.00006104
0.22083521,0.00006104
0.22115521,0.00006104
0.22147521,0.00006104
0.22179521,-0.01770074
0.22211521,0.00006104
0.22243521,0.00006104
0.22275521,0.00006104
0.22307521,0.00006104
0.22339521,-0.01770074
0.22371521,0.00006104
0.22403521,0.00006104
0.22435521,0.00006104
0.22467521,0.00006104
0.22499521,-0.01770074
0.22531521,0.00006104
0.22563521,0.00006104
0.22595521,0.00006104
0.22627521,0.00006104
0.22659521,0.00006104
0.22691521,0.00006104
0.22723521,0.00006104
0.22755521,0.00006104
0.22787521,0.00006104
0.22819521,0.00006104
0.22851521,0.00006104
0.22883521,0.00006104
0.22915521,0.00006104
0.22947521,0.00006104
0.22979521,0.00006104
0.23011521,0.00006104
0.23043521,0.00006104
0.23075521,0.00006104
0.23107521,0.00006104
0.23139521,0.00006104
0.23171521,0.00006104
0.23203521,0.00006104
0.23235521,0.00006104
0.23267521,0.00006104
0.23299521,0.00006104
0.23331521,0.00006104
0.23363521,0.00006104
0.23395521,-0.01770074
0.23427521,0.00006104
0.23459521,0.00006104
0.23491521,0.00006104
0.23523521,0.00006104
0.23555521,-0.01770074
0.23587521,0.00006104
0.23619521,-0.01770074
0.23651521,0.00006104
0.23683521,0.00006104
0.23715521,0.00006104
0.23747521,0.00006104
0.23779521,0.00006104
0.23811521,0.00006104
0.23843521,-0.01770074
0.23875521,0.00006104
0.23907521,0.00006104
0.23939521,0.00006104
0.23971521,0.00006104
0.24003521,0.00006104
0.24035521,0.00006104
0.24067521,0.00006104
0.24099521,0.00006104
0.24131521,0.00006104
0.24163521,0.00006104
0.24195521,0.00006104
0.24227521,0.00006104
0.24259521,0.00006104
0.24291521,0.00006104
0.24323521,0.00006104
0.24355521,0.00006104
0.24387521,-0.01770074
0.24419521,0.00006104
0.24451521,0.00006104
0.24483521,0.00006104
0.24515521,0.00006104
0.24547521,0.00006104
0.24579521,0.00006104
0.24611521,0.00006104
0.24643521,0.00006104
0.24675521,-0.01770074
0.24707521,-0.01770074
0.24739521,-0.01770074
0.24771521,0.00006104
0.24803521,0.00006104
0.24835521,0.00006104
0.24867521,0.00006104
0.24899521,0.00006104
0.24931521,0.00006104
0.24963521,0.00006104
0.24995521,0.00006104
0.25027521,0.00006104
0.25059521,0.00006104
0.25091521,0.00006104
0.25123521,0.00006104
0.25155521,0.00006104
0.25187521,0.00006104
0.25219521,-0.01770074
0.25251521,0.00006104
0.25283521,0.00006104
0.25315521,0.00006104
0.25347521,0.00006104
0.25379521,0.00006104
0.25411521,0.00006104
0.25443521,-0.01770074
0.25475521,0.00006104
0.25507521,0.00006104
0.25539521,0.00006104
0.25571521,0.00006104
0.25603521,0.00006104
0.25635521,0.00006104
0.25667521,0.00006104
0.25699521,0.00006104
0.25731521,0.00006104
0.25763521,0.00006104
0.25795521,0.00006104
0.25827521,0.00006104
0.25859521,0.00006104
0.25891521,0.00006104
0.25923521,0.00006104
0.25955521,0.00006104
0.25987521,0.00006104
0.26019521,0.00006104
0.26051521,0.00006104
0.26083521,0.00006104
0.26115521,0.00006104
0.26147521,0.00006104
0.26179521,0.00006104
0.26211521,0.00006104
0.26243521,-0.01770074
0.26275521,0.00006104
0.26307521,-0.01770074
0.26339521,-0.01770074
0.26371521,0.00006104
0.26403521,0.00006104
0.26435521,0.00006104
0.26467521,-0.01770074
0.26499521,0.01788385
0.26531521,0.00006104
0.26563521,0.00006104
0.26595521,0.00006104
0.26627521,0.00006104
0.26659521,0.00006104
0.26691521,0.00006104
0.26723521,0.00006104
0.26755521,0.00006104
0.26787521,0.00006104
0.26819521,0.01788385
0.26851521,0.00006104
0.26883521,0.00006104
0.26915521,0.00006104
0.26947521,0.00006104
0.26979521,0.00006104
0.27011521,0.00006104
0.27043521,0.00006104
0.27075521,-0.01770074
0.27107521,0.00006104
0.27139521,-0.01770074
0.27171521,0.00006104
0.27203521,0.00006104
0.27235521,0.00006104
0.27267521,0.00006104
0.27299521,0.00006104
0.27331521,0.00006104
0.27363521,0.00006104
0.27395521,0.00006104
0.27427521,0.00006104
0.27459521,0.00006104
0.27491521,0.00006104
0.27523521,0.00006104
0.27555521,0.00006104
0.27587521,0.00006104
0.27619521,0.00006104
0.27651521,0.00006104
0.27683521,0.00006104
0.27715521,0.00006104
0.27747521,0.00006104
0.27779521,0.00006104
0.27811521,0.00006104
0.27843521,0.00006104
0.27875521,0.00006104
0.27907521,0.00006104
0.27939521,0.00006104
0.27971521,0.00006104
0.28003521,0.00006104
0.28035521,0.00006104
0.28067521,0.00006104
0.28099521,0.00006104
0.28131521,0.00006104
0.28163521,0.00006104
0.28195521,0.00006104
0.28227521,0.00006104
0.28259521,0.00006104
0.28291521,0.00006104
0.28323521,0.00006104
0.28355521,0.00006104
0.28387521,0.00006104
0.28419521,0.00006104
0.28451521,0.00006104
0.28483521,0.00006104
0.28515521,0.00006104
0.28547521,0.00006104
0.28579521,0.00006104
0.28611521,-0.01770074
0.28643521,0.00006104
0.28675521,-0.01770074
0.28707521,0.00006104
0.28739521,0.00006104
0.28771521,0.00006104
0.28803521,0.00006104
0.28835521,0.00006104
0.28867521,0.00006104
0.28899521,0.00006104
0.28931521,0.00006104
0.28963521,0.00006104
0.28995521,0.00006104
0.29027521,0.00006104
0.29059521,0.00006104
0.29091521,0.00006104
0.29123521,0.00006104
0.29155521,0.00006104
0.29187521,0.00006104
0.29219521,0.00006104
0.29251521,0.00006104
0.29283521,0.00006104
0.29315521,0.00006104
0.29347521,0.00006104
0.29379521,0.00006104
0.29411521,0.00006104
0.29443521,-0.01770074
0.29475521,0.00006104
0.29507521,-0.01770074
0.29539521,0.00006104
0.29571521,0.00006104
0.29603521,0.00006104
0.29635521,0.00006104
0.29667521,0.00006104
0.29699521,0.00006104
0.29731521,0.00006104
0.29763521,0.00006104
0.29795521,0.00006104
0.29827521,0.00006104
0.29859521,0.00006104
0.29891521,0.00006104
0.29923521,0.00006104
0.29955521,0.00006104
0.29987521,0.00006104
0.30019521,0.00006104
0.30051521,0.00006104
0.30083521,0.00006104
0.30115521,0.00006104
0.30147521,0.00006104
0.30179521,0.00006104
0.30211521,0.00006104
0.30243521,0.00006104
0.30275521,0.00006104
0.30307521,0.00006104
0.30339521,0.00006104
0.30371521,0.00006104
0.30403521,0.00006104
0.30435521,0.00006104
0.30467521,0.00006104
0.30499521,0.00006104
0.30531521,0.00006104
0.30563521,0.00006104
0.30595521,0.00006104
0.30627521,-0.01770074
0.30659521,0.00006104
0.30691521,0.00006104
0.30723521,0.00006104
0.30755521,0.00006104
0.30787521,0.00006104
0.30819521,0.00006104
0.30851521,0.00006104
0.30883521,0.00006104
0.30915521,0.00006104
0.30947521,0.00006104
0.30979521,0.00006104
0.31011521,0.00006104
0.31043521,0.00006104
0.31075521,-0.01770074
0.31107521,-0.01770074
0.31139521,-0.01770074
0.31171521,0.00006104
0.31203521,-0.01770074
0.31235521,0.00006104
0.31267521,0.00006104
0.31299521,0.00006104
0.31331521,0.00006104
0.31363521,-0.01770074
0.31395521,0.00006104
0.31427521,0.00006104
0.31459521,0.00006104
0.31491521,0.00006104
0.31523521,0.00006104
0.31555521,0.00006104
0.31587521,0.00006104
0.31619521,0.00006104
0.31651521,0.00006104
0.31683521,0.00006104
0.31715521,0.00006104
0.31747521,0.00006104
0.31779521,0.00006104
0.31811521,0.00006104
0.31843521,0.00006104
0.31875521,0.00006104
0.31907521,0.00006104
0.31939521,0.00006104
0.31971521,-0.01770074
0.32003521,0.00006104
0.32035521,0.00006104
0.32067521,0.00006104
0.32099521,-0.01770074
0.32131521,0.00006104
0.32163521,0.00006104
0.32195521,0.00006104
0.32227521,0.00006104
0.32259521,0.00006104
0.32291521,0.00006104
0.32323521,0.00006104
0.32355521,0.00006104
0.32387521,0.00006104
0.32419521,0.00006104
0.32451521,0.00006104
0.32483521,0.00006104
0.32515521,0.00006104
0.32547521,0.00006104
0.32579521,-0.01770074
0.32611521,0.00006104
0.32643521,0.00006104
0.32675521,0.00006104
0.32707521,0.00006104
0.32739521,0.00006104
0.32771521,0.00006104
0.32803521,0.00006104
0.32835521,0.00006104
0.32867521,0.00006104
0.32899521,0.00006104
0.32931521,0.00006104
0.32963521,0.00006104
0.32995521,0.00006104
0.33027521,0.00006104
0.33059521,0.00006104
0.33091521,0.00006104
0.33123521,0.00006104
0.33155521,0.00006104
0.33187521,0.00006104
0.33219521,0.00006104
0.33251521,0.00006104
0.33283521,0.00006104
0.33315521,0.00006104
0.33347521,0.00006104
0.33379521,0.00006104
0.33411521,0.00006104
0.33443521,0.00006104
0.33475521,0.00006104
0.33507521,0.00006104
0.33539521,0.00006104
0.33571521,0.00006104
0.33603521,0.00006104
0.33635521,0.00006104
0.33667521,0.00006104
0.33699521,-0.01770074
0.33731521,0.00006104
0.33763521,0.00006104
0.33795521,0.00006104
0.33827521,0.00006104
0.33859521,0.00006104
0.33891521,0.00006104
0.33923521,0.00006104
0.33955521,0.00006104
0.33987521,0.00006104
0.34019521,0.00006104
0.34051521,0.00006104
0.34083521,0.00006104
0.34115521,0.00006104
0.34147521,0.00006104
0.34179521,0.00006104
0.34211521,0.00006104
0.34243521,-0.01770074
0.34275521,0.00006104
0.34307521,-0.01770074
0.34339521,-0.01770074
0.34371521,0.00006104
0.34403521,0.00006104
0.34435521,0.00006104
0.34467521,0.00006104
0.34499521,0.00006104
0.34531521,0.00006104
0.34563521,0.00006104
0.34595521,-0.01770074
0.34627521,0.00006104
0.34659521,0.00006104
0.34691521,0.00006104
0.34723521,0.00006104
0.34755521,0.00006104
0.34787521,0.00006104
0.34819521,0.00006104
0.34851521,0.00006104
0.34883521,0.00006104
0.34915521,0.00006104
0.34947521,0.00006104
0.34979521,0.00006104
0.35011521,0.00006104
0.35043521,0.00006104
0.35075521,0.00006104
0.35107521,0.00006104
0.35139521,0.00006104
0.35171521,0.00006104
0.35203521,0.00006104
0.35235521,0.00006104
0.35267521,0.00006104
0.35299521,0.00006104
0.35331521,-0.01770074
0.35363521,0.00006104
0.35395521,0.00006104
0.35427521,0.00006104
0.35459521,0.00006104
0.35491521,0.00006104
0.35523521,0.00006104
0.35555521,0.00006104
0.35587521,0.00006104
0.35619521,0.00006104
0.35651521,0.00006104
0.35683521,0.00006104
0.35715521,0.00006104
0.35747521,0.00006104
0.35779521,0.00006104
0.35811521,0.00006104
0.35843521,0.00006104
0.35875521,0.00006104
0.35907521,0.00006104
0.35939521,0.00006104
0.35971521,0.00006104
0.36003521,0.00006104
0.36035521,0.00006104
0.36067521,0.00006104
0.36099521,0.00006104
0.36131521,0.00006104
0.36163521,0.00006104
0.36195521,0.00006104
0.36227521,0.00006104
0.36259521,0.00006104
0.36291521,0.00006104
0.36323521,0.00006104
0.36355521,0.00006104
0.36387521,0.00006104
0.36419521,0.00006104
0.36451521,0.00006104
0.36483521,0.00006104
0.36515521,0.00006104
0.36547521,0.00006104
0.36579521,0.00006104
0.36611521,0.00006104
0.36643521,0.00006104
0.36675521,0.00006104
0.36707521,0.00006104
0.36739521,0.00006104
0.36771521,0.00006104
0.36803521,0.00006104
0.36835521,-0.01770074
0.36867521,-0.01770074
0.36899521,0.00006104
0.36931521,0.00006104
0.36963521,0.00006104
0.36995521,0.00006104
0.37027521,0.00006104
0.37059521,0.00006104
0.37091521,0.00006104
0.37123521,0.00006104
0.37155521,0.00006104
0.37187521,0.00006104
0.37219521,0.00006104
0.37251521,0.00006104
0.37283521,0.00006104
0.37315521,0.00006104
0.37347521,0.00006104
0.37379521,0.00006104
0.37411521,0.00006104
0.37443521,0.00006104
0.37475521,0.00006104
0.37507521,0.00006104
0.37539521,0.00006104
0.37571521,0.00006104
0.37603521,0.00006104
0.37635521,0.00006104
0.37667521,0.00006104
0.37699521,0.00006104
0.37731521,0.00006104
0.37763521,0.00006104
0.37795521,0.00006104
0.37827521,0.00006104
0.37859521,0.00006104
0.37891521,0.00006104
0.37923521,0.00006104
0.37955521,0.00006104
0.37987521,0.00006104
0.38019521,0.00006104
0.38051521,0.00006104
0.38083521,0.00006104
0.38115521,0.00006104
0.38147521,0.00006104
0.38179521,0.00006104
0.38211521,0.00006104
0.38243521,0.00006104
0.38275521,0.00006104
0.38307521,0.00006104
0.38339521,0.00006104
0.38371521,-0.01770074
0.38403521,0.00006104
0.38435521,0.00006104
0.38467521,0.00006104
0.38499521,0.00006104
0.38531521,0.00006104
0.38563521,0.00006104
0.38595521,0.00006104
0.38627521,0.00006104
0.38659521,0.00006104
0.38691521,0.00006104
0.38723521,0.00006104
0.38755521,0.00006104
0.38787521,0.00006104
0.38819521,0.00006104
0.38851521,0.00006104
0.38883521,0.00006104
0.38915521,0.00006104
0.38947521,0.00006104
0.38979521,-0.01770074
0.39011521,0.00006104
0.39043521,0.00006104
0.39075521,-0.01770074
0.39107521,0.00006104
0.39139521,0.00006104
0.39171521,0.00006104
0.39203521,0.00006104
0.39235521,0.00006104
0.39267521,0.00006104
0.39299521,0.00006104
0.39331521,0.00006104
0.39363521,0.00006104
0.39395521,0.00006104
0.39427521,0.00006104
0.39459521,0.00006104
0.39491521,0.00006104
0.39523521,0.00006104
0.39555521,0.00006104
0.39587521,0.00006104
0.39619521,0.00006104
0.39651521,0.00006104
0.39683521,0.00006104
0.39715521,0.00006104
0.39747521,0.00006104
0.39779521,0.00006104
0.39811521,0.00006104
0.39843521,0.00006104
0.39875521,0.00006104
0.39907521,0.00006104
0.39939521,0.00006104
0.39971521,0.00006104
0.40003521,0.00006104
0.40035521,0.00006104
0.40067521,0.00006104
0.40099521,0.00006104
0.40131521,0.00006104
0.40163521,-0.01770074
0.40195521,0.00006104
0.40227521,0.00006104
0.40259521,0.00006104
0.40291521,-0.01770074
0.40323521,0.00006104
0.40355521,0.00006104
0.40387521,0.00006104
0.40419521,0.00006104
0.40451521,-0.01770074
0.40483521,0.00006104
0.40515521,0.00006104
0.40547521,0.00006104
0.40579521,0.00006104
0.40611521,-0.01770074
0.40643521,0.00006104
0.40675521,-0.01770074
0.40707521,0.00006104
0.40739521,0.00006104
0.40771521,0.00006104
0.40803521,0.00006104
0.40835521,0.00006104
0.40867521,0.00006104
0.40899521,0.00006104
0.40931521,0.00006104
0.40963521,0.00006104
0.40995521,0.00006104
0.41027521,0.00006104
0.41059521,0.00006104
0.41091521,-0.01770074
0.41123521,-0.01770074
0.41155521,0.00006104
0.41187521,0.00006104
0.41219521,0.00006104
0.41251521,0.00006104
0.41283521,0.00006104
0.41315521,0.00006104
0.41347521,0.00006104
0.41379521,0.00006104
0.41411521,0.00006104
0.41443521,0.00006104
0.41475521,0.00006104
0.41507521,0.00006104
0.41539521,0.00006104
0.41571521,0.00006104
0.41603521,0.00006104
0.41635521,0.00006104
0.41667521,-0.01770074
0.41699521,0.00006104
0.41731521,0.00006104
0.41763521,0.00006104
0.41795521,0.00006104
0.41827521,0.00006104
0.41859521,0.00006104
0.41891521,0.00006104
0.41923521,0.00006104
0.41955521,0.00006104
0.41987521,0.00006104
0.42019521,0.00006104
0.42051521,-0.01770074
0.42083521,0.00006104
0.42115521,0.00006104
0.42147521,0.00006104
0.42179521,0.00006104
0.42211521,0.00006104
0.42243521,0.00006104
0.42275521,0.00006104
0.42307521,0.00006104
0.42339521,0.00006104
0.42371521,0.00006104
0.42403521,0.00006104
0.42435521,0.00006104
0.42467521,-0.01770074
0.42499521,0.00006104
0.42531521,0.00006104
0.42563521,0.00006104
0.42595521,0.00006104
0.42627521,0.00006104
0.42659521,0.00006104
0.42691521,0.00006104
0.42723521,0.00006104
0.42755521,0.00006104
0.42787521,0.00006104
0.42819521,0.00006104
0.42851521,0.00006104
0.42883521,0.00006104
0.42915521,0.00006104
0.42947521,0.00006104
0.42979521,0.00006104
0.43011521,0.00006104
0.43043521,0.00006104
0.43075521,0.00006104
0.43107521,-0.01770074
0.43139521,-0.01770074
0.43171521,0.00006104
0.43203521,0.00006104
0.43235521,-0.01770074
0.43267521,0.00006104
0.43299521,0.00006104
0.43331521,0.00006104
0.43363521,0.00006104
0.43395521,0.00006104
0.43427521,0.00006104
0.43459521,0.00006104
0.43491521,0.00006104
0.43523521,0.00006104
0.43555521,0.00006104
0.43587521,0.00006104
0.43619521,0.00006104
0.43651521,0.00006104
0.43683521,0.00006104
0.43715521,0.00006104
0.43747521,0.00006104
0.43779521,0.00006104
0.43811521,0.00006104
0.43843521,0.00006104
0.43875521,0.00006104
0.43907521,0.00006104
0.43939521,0.00006104
0.43971521,0.00006104
0.44003521,0.00006104
0.44035521,0.00006104
0.44067521,0.00006104
0.44099521,0.00006104
0.44131521,0.00006104
0.44163521,0.00006104
0.44195521,0.00006104
0.44227521,0.00006104
0.44259521,0.00006104
0.44291521,-0.01770074
0.44323521,0.00006104
0.44355521,0.00006104
0.44387521,0.00006104
0.44419521,0.00006104
0.44451521,0.00006104
0.44483521,0.00006104
0.44515521,0.00006104
0.44547521,0.00006104
0.44579521,0.00006104
0.44611521,0.00006104
0.44643521,0.00006104
0.44675521,0.00006104
0.44707521,0.00006104
0.44739521,0.00006104
0.44771521,0.00006104
0.44803521,0.00006104
0.44835521,0.00006104
0.44867521,0.00006104
0.44899521,0.00006104
0.44931521,0.00006104
0.44963521,0.00006104
0.44995521,0.00006104
0.45027521,0.00006104
0.45059521,0.00006104
0.45091521,0.00006104
0.45123521,0.00006104
0.45155521,0.00006104
0.45187521,0.00006104
0.45219521,-0.01770074
0.45251521,0.00006104
0.45283521,0.00006104
0.45315521,0.00006104
0.45347521,0.00006104
0.45379521,0.00006104
0.45411521,0.00006104
0.45443521,0.00006104
0.45475521,0.00006104
0.45507521,0.00006104
0.45539521,0.00006104
0.45571521,0.00006104
0.45603521,0.00006104
0.45635521,0.00006104
0.45667521,0.00006104
0.45699521,0.00006104
0.45731521,0.00006104
0.45763521,0.00006104
0.45795521,0.00006104
0.45827521,0.00006104
0.45859521,0.00006104
0.45891521,0.00006104
0.45923521,0.00006104
0.45955521,0.00006104
0.45987521,-0.01770074
0.46019521,0.00006104
0.46051521,0.00006104
0.46083521,0.00006104
0.46115521,0.00006104
0.46147521,0.00006104
0.46179521,0.00006104
0.46211521,0.00006104
0.46243521,0.00006104
0.46275521,0.00006104
0.46307521,0.00006104
0.46339521,0.00006104
0.46371521,0.00006104
0.46403521,0.00006104
0.46435521,0.00006104
0.46467521,0.00006104
0.46499521,0.00006104
0.46531521,0.00006104
0.46563521,0.00006104
0.46595521,0.00006104
0.46627521,0.00006104
0.46659521,0.00006104
0.46691521,0.00006104
0.46723521,0.00006104
0.46755521,0.00006104
0.46787521,0.00006104
0.46819521,0.00006104
0.46851521,0.00006104
0.46883521,0.00006104
0.46915521,-0.01770074
0.46947521,0.00006104
0.46979521,0.00006104
0.47011521,0.00006104
0.47043521,0.00006104
0.47075521,0.00006104
0.47107521,0.00006104
0.47139521,0.00006104
0.47171521,0.00006104
0.47203521,0.00006104
0.47235521,0.00006104
0.47267521,0.00006104
0.47299521,0.00006104
0.47331521,0.00006104
0.47363521,0.00006104
0.47395521,0.00006104
0.47427521,0.00006104
0.47459521,0.00006104
0.47491521,0.00006104
0.47523521,0.00006104
0.47555521,0.00006104
0.47587521,0.00006104
0.47619521,0.00006104
0.47651521,0.00006104
0.47683521,0.00006104
0.47715521,0.00006104
0.47747521,0.00006104
0.47779521,0.00006104
0.47811521,0.00006104
0.47843521,0.00006104
0.47875521,-0.01770074
0.47907521,0.00006104
0.47939521,0.00006104
0.47971521,0.00006104
0.48003521,0.00006104
0.48035521,0.00006104
0.48067521,0.00006104
0.48099521,0.00006104
0.48131521,0.00006104
0.48163521,0.00006104
0.48195521,0.00006104
0.48227521,0.00006104
0.48259521,0.00006104
0.48291521,0.00006104
0.48323521,0.00006104
0.48355521,0.00006104
0.48387521,0.00006104
0.48419521,0.00006104
0.48451521,0.00006104
0.48483521,0.00006104
0.48515521,-0.01770074
0.48547521,0.00006104
0.48579521,0.00006104
0.48611521,0.00006104
0.48643521,0.00006104
0.48675521,0.00006104
0.48707521,0.00006104
0.48739521,0.00006104
0.48771521,-0.01770074
0.48803521,0.00006104
0.48835521,0.00006104
0.48867521,0.00006104
0.48899521,0.00006104
0.48931521,0.00006104
0.48963521,0.00006104
0.48995521,0.00006104
0.49027521,0.00006104
0.49059521,0.00006104
0.49091521,0.00006104
0.49123521,0.00006104
0.49155521,0.00006104
0.49187521,0.00006104
0.49219521,0.00006104
0.49251521,0.00006104
0.49283521,0.00006104
0.49315521,0.00006104
0.49347521,0.00006104
0.49379521,0.00006104
0.49411521,0.00006104
0.49443521,0.00006104
0.49475521,0.00006104
0.49507521,0.00006104
0.49539521,-0.35590684
0.49571521,0.35602894
0.49603521,0.71205789
0.49635521,0.30262154
0.49667521,0.07129124
0.49699521,-0.03552354
0.49731521,-0.05334635
0.49763521,-0.05334635
0.49795521,-0.03552354
0.49827521,-0.01770074
0.49859521,-0.39155248
0.49891521,-1.06796467
0.49923521,-∞
0.49955521,-0.67635119
0.49987521,0.49842829
0.50019521,0.39161351
0.50051521,0.14246041
0.50083521,0.03570665
0.50115521,0.01788385
0.50147521,0.03570665
0.50179521,0.03570665
0.50211521,0.03570665
0.50243521,0.01788385
0.50275521,0.01788385
0.50307521,0.03570665
0.50339521,0.03570665
0.50371521,0.01788385
0.50403521,0.01788385
0.50435521,0.00006104
0.50467521,0.01788385
0.50499521,0.01788385
0.50531521,0.03570665
0.50563521,0.05346843
0.50595521,0.05346843
0.50627521,0.07129124
0.50659521,0.07129124
0.50691521,0.03570665
0.50723521,0.05346843
0.50755521,0.05346843
0.50787521,0.03570665
0.50819521,0.07129124
0.50851521,0.08911405
0.50883521,0.05346843
0.50915521,0.03570665
0.50947521,0.03570665
0.50979521,0.03570665
0.51011521,0.01788385
0.51043521,-0.01770074
0.51075521,-0.03552354
0.51107521,-0.01770074
0.51139521,-0.01770074
0.51171521,0.01788385
0.51203521,0.00006104
0.51235521,0.01788385
0.51267521,0.05346843
0.51299521,-0.05334635
0.51331521,0.00006104
0.51363521,0.01788385
0.51395521,-0.03552354
0.51427521,0.01788385
0.51459521,0.03570665
0.51491521,0.01788385
0.51523521,0.03570665
0.51555521,0.03570665
0.51587521,0.01788385
0.51619521,0.01788385
0.51651521,0.01788385
0.51683521,0.01788385
0.51715521,0.00006104
0.51747521,0.01788385
0.51779521,0.03570665
0.51811521,0.00006104
0.51843521,-0.01770074
0.51875521,0.03570665
0.51907521,0.01788385
0.51939521,0.01788385
0.51971521,0.00006104
0.52003521,-0.01770074
