Time,Channel A
(ms),(V)

-1.48092653,0.03570665
-1.48060653,0.03570665
-1.48028653,0.01788385
-1.47996653,0.01788385
-1.47964653,0.01788385
-1.47932653,0.01788385
-1.47900653,0.01788385
-1.47868653,0.03570665
-1.47836653,0.01788385
-1.47804653,0.00006104
-1.47772653,0.01788385
-1.47740653,0.01788385
-1.47708653,0.00006104
-1.47676653,0.01788385
-1.47644653,0.00006104
-1.47612653,0.00006104
-1.47580653,0.01788385
-1.47548653,0.01788385
-1.47516653,0.00006104
-1.47484653,0.01788385
-1.47452653,0.01788385
-1.47420653,0.01788385
-1.47388653,0.00006104
-1.47356653,0.01788385
-1.47324653,0.00006104
-1.47292653,0.01788385
-1.47260653,0.01788385
-1.47228653,0.00006104
-1.47196653,0.03570665
-1.47164653,0.01788385
-1.47132653,0.01788385
-1.47100653,0.00006104
-1.47068653,0.00006104
-1.47036653,0.00006104
-1.47004653,0.00006104
-1.46972653,-0.01770074
-1.46940653,-0.01770074
-1.46908653,0.01788385
-1.46876653,0.01788385
-1.46844653,0.00006104
-1.46812653,0.00006104
-1.46780653,0.01788385
-1.46748653,0.01788385
-1.46716653,0.01788385
-1.46684653,0.00006104
-1.46652653,0.00006104
-1.46620653,0.01788385
-1.46588653,0.01788385
-1.46556653,0.01788385
-1.46524653,0.01788385
-1.46492653,0.00006104
-1.46460653,0.01788385
-1.46428653,0.00006104
-1.46396653,0.00006104
-1.46364653,0.00006104
-1.46332653,0.00006104
-1.46300653,0.00006104
-1.46268653,0.00006104
-1.46236653,0.00006104
-1.46204653,0.00006104
-1.46172653,0.01788385
-1.46140653,0.01788385
-1.46108653,0.00006104
-1.46076653,0.00006104
-1.46044653,0.00006104
-1.46012653,0.00006104
-1.45980653,0.00006104
-1.45948653,0.00006104
-1.45916653,0.00006104
-1.45884653,0.00006104
-1.45852653,0.00006104
-1.45820653,0.00006104
-1.45788653,0.00006104
-1.45756653,-0.01770074
-1.45724653,0.00006104
-1.45692653,0.00006104
-1.45660653,0.00006104
-1.45628653,0.00006104
-1.45596653,0.01788385
-1.45564653,0.00006104
-1.45532653,0.01788385
-1.45500653,0.00006104
-1.45468653,0.00006104
-1.45436653,0.01788385
-1.45404653,0.01788385
-1.45372653,-0.01770074
-1.45340653,0.00006104
-1.45308653,0.00006104
-1.45276653,0.00006104
-1.45244653,0.00006104
-1.45212653,0.00006104
-1.45180653,0.00006104
-1.45148653,0.00006104
-1.45116653,-0.01770074
-1.45084653,0.00006104
-1.45052653,0.00006104
-1.45020653,0.00006104
-1.44988653,0.00006104
-1.44956653,0.00006104
-1.44924653,0.00006104
-1.44892653,0.00006104
-1.44860653,0.00006104
-1.44828653,0.00006104
-1.44796653,0.00006104
-1.44764653,0.01788385
-1.44732653,0.00006104
-1.44700653,0.00006104
-1.44668653,0.00006104
-1.44636653,0.00006104
-1.44604653,0.00006104
-1.44572653,0.00006104
-1.44540653,0.00006104
-1.44508653,0.00006104
-1.44476653,0.00006104
-1.44444653,0.00006104
-1.44412653,0.00006104
-1.44380653,0.00006104
-1.44348653,-0.01770074
-1.44316653,0.00006104
-1.44284653,0.00006104
-1.44252653,0.00006104
-1.44220653,0.00006104
-1.44188653,0.00006104
-1.44156653,0.00006104
-1.44124653,0.00006104
-1.44092653,0.00006104
-1.44060653,0.00006104
-1.44028653,0.00006104
-1.43996653,0.00006104
-1.43964653,0.00006104
-1.43932653,0.00006104
-1.43900653,0.00006104
-1.43868653,0.00006104
-1.43836653,0.00006104
-1.43804653,0.00006104
-1.43772653,-0.01770074
-1.43740653,0.00006104
-1.43708653,0.00006104
-1.43676653,0.00006104
-1.43644653,0.00006104
-1.43612653,0.00006104
-1.43580653,0.00006104
-1.43548653,0.00006104
-1.43516653,0.00006104
-1.43484653,0.00006104
-1.43452653,0.00006104
-1.43420653,0.00006104
-1.43388653,0.00006104
-1.43356653,0.00006104
-1.43324653,0.00006104
-1.43292653,-0.01770074
-1.43260653,0.00006104
-1.43228653,0.00006104
-1.43196653,0.00006104
-1.43164653,0.00006104
-1.43132653,0.00006104
-1.43100653,0.00006104
-1.43068653,0.00006104
-1.43036653,0.00006104
-1.43004653,0.00006104
-1.42972653,0.00006104
-1.42940653,0.00006104
-1.42908653,0.00006104
-1.42876653,0.00006104
-1.42844653,0.00006104
-1.42812653,0.00006104
-1.42780653,0.00006104
-1.42748653,0.00006104
-1.42716653,0.00006104
-1.42684653,0.00006104
-1.42652653,0.00006104
-1.42620653,0.00006104
-1.42588653,0.00006104
-1.42556653,0.00006104
-1.42524653,0.00006104
-1.42492653,0.00006104
-1.42460653,0.00006104
-1.42428653,0.00006104
-1.42396653,0.00006104
-1.42364653,0.00006104
-1.42332653,0.00006104
-1.42300653,0.00006104
-1.42268653,0.00006104
-1.42236653,0.00006104
-1.42204653,0.00006104
-1.42172653,0.00006104
-1.42140653,0.00006104
-1.42108653,0.00006104
-1.42076653,-0.01770074
-1.42044653,0.00006104
-1.42012653,0.00006104
-1.41980653,0.00006104
-1.41948653,0.00006104
-1.41916653,0.00006104
-1.41884653,0.00006104
-1.41852653,-0.01770074
-1.41820653,0.00006104
-1.41788653,0.00006104
-1.41756653,0.00006104
-1.41724653,0.00006104
-1.41692653,0.00006104
-1.41660653,0.00006104
-1.41628653,0.00006104
-1.41596653,0.00006104
-1.41564653,-0.01770074
-1.41532653,0.00006104
-1.41500653,0.00006104
-1.41468653,0.00006104
-1.41436653,0.00006104
-1.41404653,0.00006104
-1.41372653,0.00006104
-1.41340653,0.00006104
-1.41308653,0.00006104
-1.41276653,0.00006104
-1.41244653,0.00006104
-1.41212653,0.00006104
-1.41180653,0.00006104
-1.41148653,0.00006104
-1.41116653,0.00006104
-1.41084653,0.00006104
-1.41052653,0.00006104
-1.41020653,0.00006104
-1.40988653,0.00006104
-1.40956653,-0.01770074
-1.40924653,0.00006104
-1.40892653,0.00006104
-1.40860653,0.00006104
-1.40828653,0.00006104
-1.40796653,0.00006104
-1.40764653,0.00006104
-1.40732653,0.00006104
-1.40700653,0.00006104
-1.40668653,0.00006104
-1.40636653,0.00006104
-1.40604653,0.00006104
-1.40572653,0.00006104
-1.40540653,0.00006104
-1.40508653,0.00006104
-1.40476653,0.00006104
-1.40444653,0.00006104
-1.40412653,-0.01770074
-1.40380653,0.00006104
-1.40348653,0.00006104
-1.40316653,0.00006104
-1.40284653,0.00006104
-1.40252653,0.00006104
-1.40220653,0.00006104
-1.40188653,0.00006104
-1.40156653,-0.01770074
-1.40124653,0.00006104
-1.40092653,0.00006104
-1.40060653,0.00006104
-1.40028653,0.00006104
-1.39996653,0.00006104
-1.39964653,0.00006104
-1.39932653,0.00006104
-1.39900653,0.00006104
-1.39868653,0.00006104
-1.39836653,0.00006104
-1.39804653,0.00006104
-1.39772653,0.00006104
-1.39740653,0.00006104
-1.39708653,0.00006104
-1.39676653,0.00006104
-1.39644653,0.00006104
-1.39612653,0.00006104
-1.39580653,0.00006104
-1.39548653,0.00006104
-1.39516653,0.00006104
-1.39484653,0.00006104
-1.39452653,0.00006104
-1.39420653,0.00006104
-1.39388653,0.00006104
-1.39356653,0.00006104
-1.39324653,0.00006104
-1.39292653,0.00006104
-1.39260653,0.00006104
-1.39228653,0.00006104
-1.39196653,0.00006104
-1.39164653,0.00006104
-1.39132653,0.00006104
-1.39100653,0.00006104
-1.39068653,0.00006104
-1.39036653,0.00006104
-1.39004653,0.00006104
-1.38972653,0.00006104
-1.38940653,0.00006104
-1.38908653,0.00006104
-1.38876653,0.00006104
-1.38844653,0.00006104
-1.38812653,0.00006104
-1.38780653,0.00006104
-1.38748653,0.00006104
-1.38716653,0.00006104
-1.38684653,0.00006104
-1.38652653,0.00006104
-1.38620653,0.00006104
-1.38588653,0.00006104
-1.38556653,0.00006104
-1.38524653,0.00006104
-1.38492653,0.00006104
-1.38460653,0.00006104
-1.38428653,-0.01770074
-1.38396653,0.00006104
-1.38364653,0.00006104
-1.38332653,0.00006104
-1.38300653,0.00006104
-1.38268653,0.00006104
-1.38236653,0.00006104
-1.38204653,0.00006104
-1.38172653,0.00006104
-1.38140653,0.00006104
-1.38108653,0.00006104
-1.38076653,0.00006104
-1.38044653,0.00006104
-1.38012653,0.00006104
-1.37980653,0.00006104
-1.37948653,0.00006104
-1.37916653,0.00006104
-1.37884653,0.00006104
-1.37852653,0.00006104
-1.37820653,0.00006104
-1.37788653,0.00006104
-1.37756653,0.00006104
-1.37724653,0.00006104
-1.37692653,0.00006104
-1.37660653,0.00006104
-1.37628653,0.00006104
-1.37596653,0.00006104
-1.37564653,0.00006104
-1.37532653,0.00006104
-1.37500653,0.00006104
-1.37468653,0.00006104
-1.37436653,0.00006104
-1.37404653,0.00006104
-1.37372653,0.00006104
-1.37340653,0.00006104
-1.37308653,0.00006104
-1.37276653,0.00006104
-1.37244653,0.00006104
-1.37212653,0.00006104
-1.37180653,0.00006104
-1.37148653,0.00006104
-1.37116653,0.00006104
-1.37084653,0.00006104
-1.37052653,0.00006104
-1.37020653,0.00006104
-1.36988653,0.00006104
-1.36956653,0.00006104
-1.36924653,0.00006104
-1.36892653,0.00006104
-1.36860653,0.00006104
-1.36828653,-0.01770074
-1.36796653,0.00006104
-1.36764653,0.00006104
-1.36732653,0.00006104
-1.36700653,0.00006104
-1.36668653,0.00006104
-1.36636653,0.00006104
-1.36604653,0.00006104
-1.36572653,0.00006104
-1.36540653,-0.01770074
-1.36508653,0.00006104
-1.36476653,0.00006104
-1.36444653,0.00006104
-1.36412653,0.00006104
-1.36380653,0.00006104
-1.36348653,0.00006104
-1.36316653,-0.01770074
-1.36284653,0.00006104
-1.36252653,0.00006104
-1.36220653,0.00006104
-1.36188653,0.00006104
-1.36156653,0.00006104
-1.36124653,0.00006104
-1.36092653,0.00006104
-1.36060653,0.00006104
-1.36028653,0.00006104
-1.35996653,0.00006104
-1.35964653,0.00006104
-1.35932653,0.00006104
-1.35900653,0.00006104
-1.35868653,0.00006104
-1.35836653,-0.01770074
-1.35804653,0.00006104
-1.35772653,0.00006104
-1.35740653,0.00006104
-1.35708653,0.00006104
-1.35676653,0.00006104
-1.35644653,0.00006104
-1.35612653,0.00006104
-1.35580653,0.00006104
-1.35548653,0.00006104
-1.35516653,0.00006104
-1.35484653,0.00006104
-1.35452653,-0.01770074
-1.35420653,0.00006104
-1.35388653,0.00006104
-1.35356653,0.00006104
-1.35324653,0.00006104
-1.35292653,0.00006104
-1.35260653,0.00006104
-1.35228653,0.00006104
-1.35196653,0.00006104
-1.35164653,0.00006104
-1.35132653,0.00006104
-1.35100653,0.00006104
-1.35068653,0.00006104
-1.35036653,0.00006104
-1.35004653,0.00006104
-1.34972653,0.00006104
-1.34940653,0.00006104
-1.34908653,0.00006104
-1.34876653,0.00006104
-1.34844653,0.00006104
-1.34812653,0.00006104
-1.34780653,0.00006104
-1.34748653,0.00006104
-1.34716653,0.00006104
-1.34684653,0.00006104
-1.34652653,0.00006104
-1.34620653,0.00006104
-1.34588653,0.00006104
-1.34556653,0.00006104
-1.34524653,0.00006104
-1.34492653,0.00006104
-1.34460653,0.00006104
-1.34428653,0.00006104
-1.34396653,0.00006104
-1.34364653,0.00006104
-1.34332653,0.00006104
-1.34300653,0.00006104
-1.34268653,0.00006104
-1.34236653,0.00006104
-1.34204653,0.00006104
-1.34172653,0.00006104
-1.34140653,0.00006104
-1.34108653,0.00006104
-1.34076653,0.00006104
-1.34044653,0.00006104
-1.34012653,0.00006104
-1.33980653,0.00006104
-1.33948653,0.00006104
-1.33916653,0.00006104
-1.33884653,0.00006104
-1.33852653,-0.01770074
-1.33820653,0.00006104
-1.33788653,0.00006104
-1.33756653,0.00006104
-1.33724653,0.00006104
-1.33692653,0.00006104
-1.33660653,0.00006104
-1.33628653,0.00006104
-1.33596653,0.00006104
-1.33564653,0.00006104
-1.33532653,0.00006104
-1.33500653,0.00006104
-1.33468653,0.00006104
-1.33436653,0.00006104
-1.33404653,0.00006104
-1.33372653,0.00006104
-1.33340653,0.00006104
-1.33308653,0.00006104
-1.33276653,0.00006104
-1.33244653,0.00006104
-1.33212653,0.00006104
-1.33180653,0.00006104
-1.33148653,0.00006104
-1.33116653,0.00006104
-1.33084653,0.00006104
-1.33052653,0.00006104
-1.33020653,0.00006104
-1.32988653,0.00006104
-1.32956653,0.00006104
-1.32924653,0.00006104
-1.32892653,0.00006104
-1.32860653,0.00006104
-1.32828653,0.00006104
-1.32796653,0.00006104
-1.32764653,0.00006104
-1.32732653,0.00006104
-1.32700653,0.00006104
-1.32668653,0.00006104
-1.32636653,0.00006104
-1.32604653,0.00006104
-1.32572653,0.00006104
-1.32540653,0.00006104
-1.32508653,0.00006104
-1.32476653,0.00006104
-1.32444653,0.00006104
-1.32412653,0.00006104
-1.32380653,0.00006104
-1.32348653,0.00006104
-1.32316653,0.00006104
-1.32284653,0.00006104
-1.32252653,0.00006104
-1.32220653,0.00006104
-1.32188653,0.00006104
-1.32156653,0.00006104
-1.32124653,0.00006104
-1.32092653,0.00006104
-1.32060653,0.00006104
-1.32028653,-0.01770074
-1.31996653,0.00006104
-1.31964653,0.00006104
-1.31932653,0.00006104
-1.31900653,-0.01770074
-1.31868653,0.00006104
-1.31836653,0.00006104
-1.31804653,0.00006104
-1.31772653,0.00006104
-1.31740653,0.00006104
-1.31708653,0.00006104
-1.31676653,0.00006104
-1.31644653,0.00006104
-1.31612653,0.00006104
-1.31580653,0.00006104
-1.31548653,0.00006104
-1.31516653,0.00006104
-1.31484653,0.00006104
-1.31452653,0.00006104
-1.31420653,0.00006104
-1.31388653,0.00006104
-1.31356653,0.00006104
-1.31324653,0.00006104
-1.31292653,0.00006104
-1.31260653,0.00006104
-1.31228653,0.00006104
-1.31196653,0.00006104
-1.31164653,0.00006104
-1.31132653,0.00006104
-1.31100653,0.00006104
-1.31068653,0.00006104
-1.31036653,-0.01770074
-1.31004653,0.00006104
-1.30972653,0.00006104
-1.30940653,0.00006104
-1.30908653,0.00006104
-1.30876653,0.00006104
-1.30844653,0.00006104
-1.30812653,0.00006104
-1.30780653,0.00006104
-1.30748653,0.00006104
-1.30716653,0.00006104
-1.30684653,0.00006104
-1.30652653,0.00006104
-1.30620653,0.00006104
-1.30588653,0.00006104
-1.30556653,0.00006104
-1.30524653,0.00006104
-1.30492653,0.00006104
-1.30460653,0.00006104
-1.30428653,0.00006104
-1.30396653,0.00006104
-1.30364653,0.00006104
-1.30332653,0.00006104
-1.30300653,0.00006104
-1.30268653,0.00006104
-1.30236653,0.00006104
-1.30204653,0.00006104
-1.30172653,0.00006104
-1.30140653,0.00006104
-1.30108653,0.00006104
-1.30076653,-0.01770074
-1.30044653,0.00006104
-1.30012653,0.00006104
-1.29980653,0.00006104
-1.29948653,0.00006104
-1.29916653,0.00006104
-1.29884653,-0.01770074
-1.29852653,0.00006104
-1.29820653,0.00006104
-1.29788653,0.00006104
-1.29756653,0.00006104
-1.29724653,0.00006104
-1.29692653,0.00006104
-1.29660653,0.00006104
-1.29628653,0.00006104
-1.29596653,0.00006104
-1.29564653,0.00006104
-1.29532653,0.00006104
-1.29500653,0.00006104
-1.29468653,0.00006104
-1.29436653,0.00006104
-1.29404653,0.00006104
-1.29372653,0.00006104
-1.29340653,0.00006104
-1.29308653,0.00006104
-1.29276653,0.00006104
-1.29244653,0.00006104
-1.29212653,0.00006104
-1.29180653,0.00006104
-1.29148653,0.00006104
-1.29116653,0.00006104
-1.29084653,0.00006104
-1.29052653,0.00006104
-1.29020653,0.00006104
-1.28988653,0.00006104
-1.28956653,0.00006104
-1.28924653,0.00006104
-1.28892653,0.00006104
-1.28860653,0.00006104
-1.28828653,0.00006104
-1.28796653,0.00006104
-1.28764653,0.00006104
-1.28732653,0.00006104
-1.28700653,0.00006104
-1.28668653,0.00006104
-1.28636653,0.00006104
-1.28604653,0.00006104
-1.28572653,0.00006104
-1.28540653,0.00006104
-1.28508653,0.00006104
-1.28476653,0.00006104
-1.28444653,0.00006104
-1.28412653,0.00006104
-1.28380653,0.00006104
-1.28348653,0.00006104
-1.28316653,0.00006104
-1.28284653,0.00006104
-1.28252653,0.00006104
-1.28220653,0.00006104
-1.28188653,-0.01770074
-1.28156653,0.00006104
-1.28124653,-0.01770074
-1.28092653,0.00006104
-1.28060653,0.00006104
-1.28028653,0.00006104
-1.27996653,0.00006104
-1.27964653,0.00006104
-1.27932653,0.00006104
-1.27900653,0.00006104
-1.27868653,0.00006104
-1.27836653,0.00006104
-1.27804653,0.00006104
-1.27772653,0.00006104
-1.27740653,0.00006104
-1.27708653,0.00006104
-1.27676653,0.00006104
-1.27644653,0.00006104
-1.27612653,0.00006104
-1.27580653,-0.01770074
-1.27548653,0.00006104
-1.27516653,0.00006104
-1.27484653,0.00006104
-1.27452653,0.00006104
-1.27420653,0.00006104
-1.27388653,0.00006104
-1.27356653,0.00006104
-1.27324653,0.00006104
-1.27292653,0.00006104
-1.27260653,-0.01770074
-1.27228653,0.00006104
-1.27196653,-0.01770074
-1.27164653,0.00006104
-1.27132653,0.00006104
-1.27100653,-0.01770074
-1.27068653,0.00006104
-1.27036653,-0.01770074
-1.27004653,0.00006104
-1.26972653,-0.01770074
-1.26940653,0.00006104
-1.26908653,0.00006104
-1.26876653,0.00006104
-1.26844653,0.00006104
-1.26812653,-0.01770074
-1.26780653,0.00006104
-1.26748653,0.00006104
-1.26716653,0.00006104
-1.26684653,0.00006104
-1.26652653,0.00006104
-1.26620653,0.00006104
-1.26588653,0.00006104
-1.26556653,-0.01770074
-1.26524653,0.00006104
-1.26492653,0.00006104
-1.26460653,0.00006104
-1.26428653,0.00006104
-1.26396653,0.00006104
-1.26364653,0.00006104
-1.26332653,0.00006104
-1.26300653,0.00006104
-1.26268653,0.00006104
-1.26236653,0.00006104
-1.26204653,-0.01770074
-1.26172653,0.00006104
-1.26140653,0.00006104
-1.26108653,-0.01770074
-1.26076653,0.00006104
-1.26044653,0.00006104
-1.26012653,0.00006104
-1.25980653,0.00006104
-1.25948653,0.00006104
-1.25916653,0.00006104
-1.25884653,0.00006104
-1.25852653,0.00006104
-1.25820653,0.00006104
-1.25788653,0.00006104
-1.25756653,0.00006104
-1.25724653,-0.01770074
-1.25692653,0.00006104
-1.25660653,0.00006104
-1.25628653,0.00006104
-1.25596653,0.00006104
-1.25564653,0.00006104
-1.25532653,0.00006104
-1.25500653,0.00006104
-1.25468653,0.00006104
-1.25436653,0.00006104
-1.25404653,0.00006104
-1.25372653,0.00006104
-1.25340653,0.00006104
-1.25308653,0.00006104
-1.25276653,0.00006104
-1.25244653,0.00006104
-1.25212653,0.00006104
-1.25180653,0.00006104
-1.25148653,0.00006104
-1.25116653,0.00006104
-1.25084653,-0.01770074
-1.25052653,0.00006104
-1.25020653,-0.01770074
-1.24988653,0.00006104
-1.24956653,0.00006104
-1.24924653,0.00006104
-1.24892653,0.00006104
-1.24860653,0.00006104
-1.24828653,0.00006104
-1.24796653,0.00006104
-1.24764653,0.00006104
-1.24732653,0.00006104
-1.24700653,0.00006104
-1.24668653,0.00006104
-1.24636653,0.00006104
-1.24604653,0.00006104
-1.24572653,0.00006104
-1.24540653,0.00006104
-1.24508653,0.00006104
-1.24476653,0.00006104
-1.24444653,0.00006104
-1.24412653,0.00006104
-1.24380653,0.00006104
-1.24348653,-0.01770074
-1.24316653,0.00006104
-1.24284653,0.00006104
-1.24252653,-0.01770074
-1.24220653,0.00006104
-1.24188653,0.00006104
-1.24156653,0.00006104
-1.24124653,0.00006104
-1.24092653,0.00006104
-1.24060653,0.00006104
-1.24028653,0.00006104
-1.23996653,0.00006104
-1.23964653,0.00006104
-1.23932653,-0.01770074
-1.23900653,0.00006104
-1.23868653,0.00006104
-1.23836653,0.00006104
-1.23804653,0.00006104
-1.23772653,0.00006104
-1.23740653,-0.01770074
-1.23708653,0.00006104
-1.23676653,0.00006104
-1.23644653,0.00006104
-1.23612653,0.00006104
-1.23580653,0.00006104
-1.23548653,0.00006104
-1.23516653,0.00006104
-1.23484653,0.00006104
-1.23452653,0.00006104
-1.23420653,0.00006104
-1.23388653,0.00006104
-1.23356653,0.00006104
-1.23324653,0.00006104
-1.23292653,0.00006104
-1.23260653,0.00006104
-1.23228653,0.00006104
-1.23196653,0.00006104
-1.23164653,0.00006104
-1.23132653,0.00006104
-1.23100653,0.00006104
-1.23068653,0.00006104
-1.23036653,0.00006104
-1.23004653,0.00006104
-1.22972653,0.00006104
-1.22940653,0.00006104
-1.22908653,0.00006104
-1.22876653,0.00006104
-1.22844653,0.00006104
-1.22812653,0.00006104
-1.22780653,0.00006104
-1.22748653,0.00006104
-1.22716653,0.00006104
-1.22684653,0.00006104
-1.22652653,0.00006104
-1.22620653,0.00006104
-1.22588653,-0.01770074
-1.22556653,-0.01770074
-1.22524653,0.00006104
-1.22492653,-0.01770074
-1.22460653,-0.01770074
-1.22428653,0.00006104
-1.22396653,0.00006104
-1.22364653,0.00006104
-1.22332653,0.00006104
-1.22300653,0.00006104
-1.22268653,0.00006104
-1.22236653,0.00006104
-1.22204653,0.00006104
-1.22172653,0.00006104
-1.22140653,0.00006104
-1.22108653,0.00006104
-1.22076653,0.00006104
-1.22044653,0.00006104
-1.22012653,0.00006104
-1.21980653,0.00006104
-1.21948653,0.00006104
-1.21916653,0.00006104
-1.21884653,0.00006104
-1.21852653,0.00006104
-1.21820653,0.00006104
-1.21788653,0.00006104
-1.21756653,0.00006104
-1.21724653,0.00006104
-1.21692653,-0.01770074
-1.21660653,0.00006104
-1.21628653,0.00006104
-1.21596653,0.00006104
-1.21564653,0.00006104
-1.21532653,0.00006104
-1.21500653,0.00006104
-1.21468653,0.00006104
-1.21436653,-0.01770074
-1.21404653,0.00006104
-1.21372653,0.00006104
-1.21340653,0.00006104
-1.21308653,0.00006104
-1.21276653,0.00006104
-1.21244653,0.00006104
-1.21212653,0.00006104
-1.21180653,0.00006104
-1.21148653,0.00006104
-1.21116653,0.00006104
-1.21084653,0.00006104
-1.21052653,0.00006104
-1.21020653,0.00006104
-1.20988653,0.00006104
-1.20956653,-0.01770074
-1.20924653,0.00006104
-1.20892653,0.00006104
-1.20860653,0.00006104
-1.20828653,0.00006104
-1.20796653,0.00006104
-1.20764653,0.00006104
-1.20732653,-0.01770074
-1.20700653,0.00006104
-1.20668653,0.00006104
-1.20636653,0.00006104
-1.20604653,0.00006104
-1.20572653,0.00006104
-1.20540653,0.00006104
-1.20508653,0.00006104
-1.20476653,0.00006104
-1.20444653,0.00006104
-1.20412653,0.00006104
-1.20380653,0.00006104
-1.20348653,0.00006104
-1.20316653,0.00006104
-1.20284653,0.00006104
-1.20252653,0.00006104
-1.20220653,0.00006104
-1.20188653,0.00006104
-1.20156653,0.00006104
-1.20124653,0.00006104
-1.20092653,0.00006104
-1.20060653,0.00006104
-1.20028653,0.00006104
-1.19996653,0.00006104
-1.19964653,-0.01770074
-1.19932653,-0.01770074
-1.19900653,0.00006104
-1.19868653,0.00006104
-1.19836653,0.00006104
-1.19804653,0.00006104
-1.19772653,-0.01770074
-1.19740653,0.00006104
-1.19708653,0.00006104
-1.19676653,0.00006104
-1.19644653,-0.01770074
-1.19612653,0.00006104
-1.19580653,0.00006104
-1.19548653,0.00006104
-1.19516653,0.00006104
-1.19484653,0.00006104
-1.19452653,0.00006104
-1.19420653,0.00006104
-1.19388653,0.00006104
-1.19356653,0.00006104
-1.19324653,-0.01770074
-1.19292653,-0.01770074
-1.19260653,0.00006104
-1.19228653,0.00006104
-1.19196653,0.00006104
-1.19164653,0.00006104
-1.19132653,0.00006104
-1.19100653,0.00006104
-1.19068653,0.00006104
-1.19036653,0.00006104
-1.19004653,0.00006104
-1.18972653,0.00006104
-1.18940653,0.00006104
-1.18908653,0.00006104
-1.18876653,0.00006104
-1.18844653,0.00006104
-1.18812653,0.00006104
-1.18780653,0.00006104
-1.18748653,0.00006104
-1.18716653,0.00006104
-1.18684653,0.00006104
-1.18652653,0.00006104
-1.18620653,0.00006104
-1.18588653,0.00006104
-1.18556653,0.00006104
-1.18524653,0.00006104
-1.18492653,0.00006104
-1.18460653,0.00006104
-1.18428653,0.00006104
-1.18396653,0.00006104
-1.18364653,0.00006104
-1.18332653,0.00006104
-1.18300653,0.00006104
-1.18268653,0.00006104
-1.18236653,0.00006104
-1.18204653,0.00006104
-1.18172653,0.00006104
-1.18140653,0.00006104
-1.18108653,0.00006104
-1.18076653,0.00006104
-1.18044653,0.00006104
-1.18012653,0.00006104
-1.17980653,0.00006104
-1.17948653,0.00006104
-1.17916653,0.00006104
-1.17884653,0.00006104
-1.17852653,0.00006104
-1.17820653,0.00006104
-1.17788653,0.00006104
-1.17756653,0.00006104
-1.17724653,0.00006104
-1.17692653,0.00006104
-1.17660653,0.00006104
-1.17628653,0.00006104
-1.17596653,0.00006104
-1.17564653,0.00006104
-1.17532653,0.00006104
-1.17500653,0.00006104
-1.17468653,0.00006104
-1.17436653,0.00006104
-1.17404653,0.00006104
-1.17372653,0.00006104
-1.17340653,0.00006104
-1.17308653,0.00006104
-1.17276653,0.00006104
-1.17244653,0.00006104
-1.17212653,0.00006104
-1.17180653,0.00006104
-1.17148653,0.00006104
-1.17116653,0.00006104
-1.17084653,0.00006104
-1.17052653,0.00006104
-1.17020653,0.00006104
-1.16988653,0.00006104
-1.16956653,0.00006104
-1.16924653,0.00006104
-1.16892653,0.00006104
-1.16860653,0.00006104
-1.16828653,0.00006104
-1.16796653,0.00006104
-1.16764653,0.00006104
-1.16732653,0.00006104
-1.16700653,0.00006104
-1.16668653,0.00006104
-1.16636653,0.00006104
-1.16604653,0.00006104
-1.16572653,0.00006104
-1.16540653,0.00006104
-1.16508653,0.00006104
-1.16476653,0.00006104
-1.16444653,0.00006104
-1.16412653,-0.01770074
-1.16380653,0.00006104
-1.16348653,0.00006104
-1.16316653,0.00006104
-1.16284653,0.00006104
-1.16252653,0.00006104
-1.16220653,0.00006104
-1.16188653,0.00006104
-1.16156653,0.00006104
-1.16124653,0.00006104
-1.16092653,0.00006104
-1.16060653,0.00006104
-1.16028653,0.00006104
-1.15996653,0.00006104
-1.15964653,0.00006104
-1.15932653,0.00006104
-1.15900653,0.00006104
-1.15868653,0.00006104
-1.15836653,0.00006104
-1.15804653,0.00006104
-1.15772653,0.00006104
-1.15740653,0.00006104
-1.15708653,0.00006104
-1.15676653,0.00006104
-1.15644653,0.00006104
-1.15612653,0.00006104
-1.15580653,0.00006104
-1.15548653,0.00006104
-1.15516653,0.00006104
-1.15484653,0.00006104
-1.15452653,0.00006104
-1.15420653,0.00006104
-1.15388653,0.00006104
-1.15356653,0.00006104
-1.15324653,0.00006104
-1.15292653,0.00006104
-1.15260653,0.00006104
-1.15228653,0.00006104
-1.15196653,0.00006104
-1.15164653,0.01788385
-1.15132653,-0.01770074
-1.15100653,0.00006104
-1.15068653,0.00006104
-1.15036653,0.00006104
-1.15004653,0.00006104
-1.14972653,0.00006104
-1.14940653,0.00006104
-1.14908653,0.00006104
-1.14876653,0.00006104
-1.14844653,0.00006104
-1.14812653,0.00006104
-1.14780653,0.00006104
-1.14748653,0.00006104
-1.14716653,0.00006104
-1.14684653,0.00006104
-1.14652653,-0.01770074
-1.14620653,0.00006104
-1.14588653,0.00006104
-1.14556653,0.00006104
-1.14524653,0.00006104
-1.14492653,0.00006104
-1.14460653,0.00006104
-1.14428653,-0.01770074
-1.14396653,0.00006104
-1.14364653,0.00006104
-1.14332653,0.00006104
-1.14300653,0.00006104
-1.14268653,0.00006104
-1.14236653,0.00006104
-1.14204653,0.00006104
-1.14172653,0.00006104
-1.14140653,0.00006104
-1.14108653,0.00006104
-1.14076653,0.00006104
-1.14044653,0.00006104
-1.14012653,0.00006104
-1.13980653,-0.01770074
-1.13948653,0.00006104
-1.13916653,0.00006104
-1.13884653,0.00006104
-1.13852653,0.00006104
-1.13820653,0.00006104
-1.13788653,0.00006104
-1.13756653,0.00006104
-1.13724653,0.00006104
-1.13692653,0.00006104
-1.13660653,0.00006104
-1.13628653,0.00006104
-1.13596653,0.00006104
-1.13564653,0.00006104
-1.13532653,0.00006104
-1.13500653,0.00006104
-1.13468653,0.00006104
-1.13436653,0.00006104
-1.13404653,0.00006104
-1.13372653,0.00006104
-1.13340653,0.00006104
-1.13308653,0.00006104
-1.13276653,0.00006104
-1.13244653,0.00006104
-1.13212653,0.00006104
-1.13180653,0.00006104
-1.13148653,0.00006104
-1.13116653,0.00006104
-1.13084653,0.00006104
-1.13052653,0.00006104
-1.13020653,0.00006104
-1.12988653,0.00006104
-1.12956653,0.00006104
-1.12924653,-0.01770074
-1.12892653,0.00006104
-1.12860653,0.00006104
-1.12828653,0.00006104
-1.12796653,0.00006104
-1.12764653,0.00006104
-1.12732653,0.00006104
-1.12700653,0.00006104
-1.12668653,0.00006104
-1.12636653,0.00006104
-1.12604653,0.00006104
-1.12572653,0.00006104
-1.12540653,0.00006104
-1.12508653,0.00006104
-1.12476653,0.00006104
-1.12444653,0.00006104
-1.12412653,0.00006104
-1.12380653,0.00006104
-1.12348653,0.00006104
-1.12316653,0.00006104
-1.12284653,0.00006104
-1.12252653,-0.01770074
-1.12220653,0.00006104
-1.12188653,0.00006104
-1.12156653,0.00006104
-1.12124653,0.00006104
-1.12092653,0.00006104
-1.12060653,-0.01770074
-1.12028653,0.00006104
-1.11996653,0.00006104
-1.11964653,0.00006104
-1.11932653,-0.01770074
-1.11900653,0.00006104
-1.11868653,0.00006104
-1.11836653,0.00006104
-1.11804653,0.00006104
-1.11772653,0.00006104
-1.11740653,0.00006104
-1.11708653,0.00006104
-1.11676653,0.00006104
-1.11644653,0.00006104
-1.11612653,0.00006104
-1.11580653,0.00006104
-1.11548653,0.00006104
-1.11516653,0.00006104
-1.11484653,0.00006104
-1.11452653,0.00006104
-1.11420653,0.00006104
-1.11388653,0.00006104
-1.11356653,0.00006104
-1.11324653,0.00006104
-1.11292653,0.00006104
-1.11260653,-0.01770074
-1.11228653,0.00006104
-1.11196653,0.00006104
-1.11164653,0.00006104
-1.11132653,0.00006104
-1.11100653,0.00006104
-1.11068653,0.00006104
-1.11036653,0.00006104
-1.11004653,0.00006104
-1.10972653,0.00006104
-1.10940653,0.00006104
-1.10908653,0.00006104
-1.10876653,0.00006104
-1.10844653,0.00006104
-1.10812653,0.00006104
-1.10780653,-0.01770074
-1.10748653,0.00006104
-1.10716653,0.00006104
-1.10684653,0.00006104
-1.10652653,0.00006104
-1.10620653,0.00006104
-1.10588653,0.00006104
-1.10556653,0.00006104
-1.10524653,0.00006104
-1.10492653,0.00006104
-1.10460653,0.00006104
-1.10428653,0.00006104
-1.10396653,0.00006104
-1.10364653,0.00006104
-1.10332653,0.00006104
-1.10300653,0.00006104
-1.10268653,0.00006104
-1.10236653,0.00006104
-1.10204653,0.00006104
-1.10172653,0.00006104
-1.10140653,0.00006104
-1.10108653,0.00006104
-1.10076653,0.00006104
-1.10044653,0.00006104
-1.10012653,0.00006104
-1.09980653,0.00006104
-1.09948653,0.00006104
-1.09916653,0.00006104
-1.09884653,0.00006104
-1.09852653,0.00006104
-1.09820653,0.00006104
-1.09788653,0.00006104
-1.09756653,0.00006104
-1.09724653,0.00006104
-1.09692653,0.00006104
-1.09660653,0.00006104
-1.09628653,0.00006104
-1.09596653,0.00006104
-1.09564653,0.00006104
-1.09532653,0.00006104
-1.09500653,0.00006104
-1.09468653,0.00006104
-1.09436653,0.00006104
-1.09404653,0.00006104
-1.09372653,0.00006104
-1.09340653,0.00006104
-1.09308653,0.00006104
-1.09276653,0.00006104
-1.09244653,0.00006104
-1.09212653,0.00006104
-1.09180653,0.00006104
-1.09148653,0.00006104
-1.09116653,0.00006104
-1.09084653,0.00006104
-1.09052653,0.00006104
-1.09020653,0.00006104
-1.08988653,-0.01770074
-1.08956653,0.00006104
-1.08924653,0.00006104
-1.08892653,0.00006104
-1.08860653,0.00006104
-1.08828653,0.00006104
-1.08796653,0.00006104
-1.08764653,0.00006104
-1.08732653,0.00006104
-1.08700653,0.00006104
-1.08668653,0.00006104
-1.08636653,0.00006104
-1.08604653,-0.01770074
-1.08572653,0.00006104
-1.08540653,0.00006104
-1.08508653,0.00006104
-1.08476653,0.00006104
-1.08444653,0.00006104
-1.08412653,0.00006104
-1.08380653,-0.01770074
-1.08348653,0.00006104
-1.08316653,0.00006104
-1.08284653,0.00006104
-1.08252653,0.00006104
-1.08220653,0.00006104
-1.08188653,0.00006104
-1.08156653,0.00006104
-1.08124653,-0.01770074
-1.08092653,0.00006104
-1.08060653,0.00006104
-1.08028653,0.00006104
-1.07996653,0.00006104
-1.07964653,0.00006104
-1.07932653,0.00006104
-1.07900653,0.00006104
-1.07868653,0.00006104
-1.07836653,0.00006104
-1.07804653,0.00006104
-1.07772653,0.00006104
-1.07740653,0.00006104
-1.07708653,0.00006104
-1.07676653,0.00006104
-1.07644653,0.00006104
-1.07612653,0.00006104
-1.07580653,0.00006104
-1.07548653,0.00006104
-1.07516653,0.00006104
-1.07484653,0.00006104
-1.07452653,0.00006104
-1.07420653,0.00006104
-1.07388653,0.00006104
-1.07356653,0.00006104
-1.07324653,0.00006104
-1.07292653,0.00006104
-1.07260653,0.00006104
-1.07228653,0.00006104
-1.07196653,0.00006104
-1.07164653,0.00006104
-1.07132653,0.00006104
-1.07100653,0.00006104
-1.07068653,0.00006104
-1.07036653,0.00006104
-1.07004653,0.00006104
-1.06972653,0.00006104
-1.06940653,0.00006104
-1.06908653,0.00006104
-1.06876653,0.00006104
-1.06844653,0.00006104
-1.06812653,0.00006104
-1.06780653,0.00006104
-1.06748653,0.00006104
-1.06716653,0.00006104
-1.06684653,0.00006104
-1.06652653,0.00006104
-1.06620653,0.00006104
-1.06588653,0.00006104
-1.06556653,0.00006104
-1.06524653,0.00006104
-1.06492653,0.00006104
-1.06460653,0.00006104
-1.06428653,0.00006104
-1.06396653,0.00006104
-1.06364653,-0.01770074
-1.06332653,0.00006104
-1.06300653,0.00006104
-1.06268653,0.00006104
-1.06236653,0.00006104
-1.06204653,0.00006104
-1.06172653,0.00006104
-1.06140653,0.00006104
-1.06108653,0.00006104
-1.06076653,0.00006104
-1.06044653,0.00006104
-1.06012653,0.00006104
-1.05980653,0.00006104
-1.05948653,0.00006104
-1.05916653,0.00006104
-1.05884653,0.00006104
-1.05852653,0.00006104
-1.05820653,0.00006104
-1.05788653,0.00006104
-1.05756653,0.00006104
-1.05724653,0.00006104
-1.05692653,0.00006104
-1.05660653,0.00006104
-1.05628653,0.00006104
-1.05596653,0.00006104
-1.05564653,0.00006104
-1.05532653,0.00006104
-1.05500653,0.00006104
-1.05468653,0.00006104
-1.05436653,0.00006104
-1.05404653,0.00006104
-1.05372653,0.00006104
-1.05340653,0.00006104
-1.05308653,0.00006104
-1.05276653,0.00006104
-1.05244653,0.00006104
-1.05212653,0.00006104
-1.05180653,0.00006104
-1.05148653,0.00006104
-1.05116653,0.00006104
-1.05084653,0.00006104
-1.05052653,0.00006104
-1.05020653,0.00006104
-1.04988653,0.00006104
-1.04956653,0.00006104
-1.04924653,-0.01770074
-1.04892653,0.00006104
-1.04860653,0.00006104
-1.04828653,0.00006104
-1.04796653,-0.01770074
-1.04764653,0.00006104
-1.04732653,0.00006104
-1.04700653,0.00006104
-1.04668653,0.00006104
-1.04636653,0.00006104
-1.04604653,0.00006104
-1.04572653,0.00006104
-1.04540653,0.00006104
-1.04508653,0.00006104
-1.04476653,0.00006104
-1.04444653,0.00006104
-1.04412653,0.00006104
-1.04380653,0.00006104
-1.04348653,0.00006104
-1.04316653,0.00006104
-1.04284653,0.00006104
-1.04252653,0.00006104
-1.04220653,0.00006104
-1.04188653,0.00006104
-1.04156653,0.00006104
-1.04124653,0.00006104
-1.04092653,0.00006104
-1.04060653,0.00006104
-1.04028653,0.00006104
-1.03996653,0.00006104
-1.03964653,0.00006104
-1.03932653,0.00006104
-1.03900653,0.00006104
-1.03868653,0.00006104
-1.03836653,0.00006104
-1.03804653,0.00006104
-1.03772653,0.00006104
-1.03740653,0.00006104
-1.03708653,0.00006104
-1.03676653,0.00006104
-1.03644653,0.00006104
-1.03612653,0.00006104
-1.03580653,0.00006104
-1.03548653,0.00006104
-1.03516653,0.00006104
-1.03484653,0.00006104
-1.03452653,0.00006104
-1.03420653,0.00006104
-1.03388653,0.00006104
-1.03356653,0.00006104
-1.03324653,0.00006104
-1.03292653,0.00006104
-1.03260653,0.00006104
-1.03228653,0.00006104
-1.03196653,0.00006104
-1.03164653,0.00006104
-1.03132653,0.00006104
-1.03100653,0.00006104
-1.03068653,0.00006104
-1.03036653,0.00006104
-1.03004653,0.00006104
-1.02972653,0.00006104
-1.02940653,0.00006104
-1.02908653,0.00006104
-1.02876653,0.00006104
-1.02844653,0.00006104
-1.02812653,0.00006104
-1.02780653,-0.01770074
-1.02748653,0.00006104
-1.02716653,0.00006104
-1.02684653,0.00006104
-1.02652653,0.00006104
-1.02620653,0.00006104
-1.02588653,0.00006104
-1.02556653,0.00006104
-1.02524653,0.00006104
-1.02492653,0.00006104
-1.02460653,0.00006104
-1.02428653,0.00006104
-1.02396653,0.00006104
-1.02364653,0.00006104
-1.02332653,0.00006104
-1.02300653,0.00006104
-1.02268653,0.00006104
-1.02236653,0.00006104
-1.02204653,0.00006104
-1.02172653,0.00006104
-1.02140653,0.00006104
-1.02108653,0.00006104
-1.02076653,0.00006104
-1.02044653,0.00006104
-1.02012653,0.00006104
-1.01980653,0.00006104
-1.01948653,0.00006104
-1.01916653,-0.01770074
-1.01884653,0.00006104
-1.01852653,0.00006104
-1.01820653,0.00006104
-1.01788653,0.00006104
-1.01756653,0.00006104
-1.01724653,0.00006104
-1.01692653,0.00006104
-1.01660653,0.00006104
-1.01628653,0.00006104
-1.01596653,0.00006104
-1.01564653,0.00006104
-1.01532653,0.00006104
-1.01500653,0.00006104
-1.01468653,0.00006104
-1.01436653,0.00006104
-1.01404653,0.00006104
-1.01372653,0.00006104
-1.01340653,0.00006104
-1.01308653,0.00006104
-1.01276653,0.00006104
-1.01244653,0.00006104
-1.01212653,0.00006104
-1.01180653,0.00006104
-1.01148653,0.00006104
-1.01116653,0.00006104
-1.01084653,0.00006104
-1.01052653,0.00006104
-1.01020653,0.00006104
-1.00988653,0.00006104
-1.00956653,0.00006104
-1.00924653,0.00006104
-1.00892653,0.00006104
-1.00860653,0.00006104
-1.00828653,0.00006104
-1.00796653,0.00006104
-1.00764653,0.00006104
-1.00732653,0.00006104
-1.00700653,0.00006104
-1.00668653,0.00006104
-1.00636653,0.00006104
-1.00604653,0.00006104
-1.00572653,0.00006104
-1.00540653,0.00006104
-1.00508653,0.00006104
-1.00476653,0.00006104
-1.00444653,0.00006104
-1.00412653,0.00006104
-1.00380653,0.00006104
-1.00348653,0.00006104
-1.00316653,0.00006104
-1.00284653,0.00006104
-1.00252653,0.00006104
-1.00220653,0.00006104
-1.00188653,0.00006104
-1.00156653,0.00006104
-1.00124653,0.00006104
-1.00092653,-1.88683736
-1.00060653,-0.92556536
-1.00028653,0.07129124
-0.99996653,0.24921414
-0.99964653,0.12469863
-0.99932653,0.01788385
-0.99900653,-0.03552354
-0.99868653,-0.05334635
-0.99836653,-0.03552354
-0.99804653,-0.03552354
-0.99772653,-0.87215799
-0.99740653,-1.05014193
-0.99708653,-0.69417399
-0.99676653,0.07129124
-0.99644653,-0.01770074
-0.99612653,0.05346843
-0.99580653,0.08911405
-0.99548653,0.05346843
-0.99516653,0.03570665
-0.99484653,0.03570665
-0.99452653,0.03570665
-0.99420653,0.03570665
-0.99388653,0.03570665
-0.99356653,0.03570665
-0.99324653,0.03570665
-0.99292653,0.03570665
-0.99260653,0.01788385
-0.99228653,0.00006104
-0.99196653,0.00006104
-0.99164653,0.01788385
-0.99132653,0.01788385
-0.99100653,0.03570665
-0.99068653,0.05346843
-0.99036653,0.05346843
-0.99004653,0.07129124
-0.98972653,0.05346843
-0.98940653,0.05346843
-0.98908653,0.05346843
-0.98876653,0.03570665
-0.98844653,0.05346843
-0.98812653,0.08911405
-0.98780653,0.07129124
-0.98748653,0.03570665
-0.98716653,0.03570665
-0.98684653,0.05346843
-0.98652653,0.03570665
-0.98620653,0.00006104
-0.98588653,-0.01770074
-0.98556653,-0.01770074
-0.98524653,-0.03552354
-0.98492653,0.00006104
-0.98460653,0.01788385
-0.98428653,-0.01770074
-0.98396653,0.05346843
-0.98364653,0.01788385
-0.98332653,-0.03552354
-0.98300653,0.01788385
-0.98268653,-0.01770074
-0.98236653,-0.01770074
-0.98204653,0.05346843
-0.98172653,0.01788385
-0.98140653,0.00006104
-0.98108653,0.03570665
-0.98076653,0.03570665
-0.98044653,0.01788385
-0.98012653,0.01788385
-0.97980653,0.01788385
-0.97948653,0.01788385
-0.97916653,0.01788385
-0.97884653,0.03570665
-0.97852653,0.01788385
-0.97820653,-0.01770074
-0.97788653,0.01788385
-0.97756653,0.01788385
-0.97724653,0.01788385
-0.97692653,0.01788385
-0.97660653,0.00006104
-0.97628653,0.00006104
-0.97596653,0.01788385
-0.97564653,0.00006104
-0.97532653,0.00006104
-0.97500653,0.01788385
-0.97468653,0.01788385
-0.97436653,0.01788385
-0.97404653,0.01788385
-0.97372653,0.00006104
-0.97340653,0.00006104
-0.97308653,0.01788385
-0.97276653,0.01788385
-0.97244653,0.00006104
-0.97212653,0.01788385
-0.97180653,0.01788385
-0.97148653,0.00006104
-0.97116653,0.00006104
-0.97084653,0.00006104
-0.97052653,0.00006104
-0.97020653,0.00006104
-0.96988653,-0.01770074
-0.96956653,0.00006104
-0.96924653,0.00006104
-0.96892653,0.00006104
-0.96860653,0.00006104
-0.96828653,0.00006104
-0.96796653,0.00006104
-0.96764653,0.01788385
-0.96732653,0.01788385
-0.96700653,0.00006104
-0.96668653,0.01788385
-0.96636653,0.01788385
-0.96604653,0.00006104
-0.96572653,0.01788385
-0.96540653,0.01788385
-0.96508653,0.01788385
-0.96476653,0.00006104
-0.96444653,0.00006104
-0.96412653,0.00006104
-0.96380653,0.00006104
-0.96348653,0.00006104
-0.96316653,0.00006104
-0.96284653,0.00006104
-0.96252653,0.00006104
-0.96220653,0.00006104
-0.96188653,0.01788385
-0.96156653,0.01788385
-0.96124653,0.00006104
-0.96092653,0.00006104
-0.96060653,0.00006104
-0.96028653,0.00006104
-0.95996653,0.00006104
-0.95964653,0.00006104
-0.95932653,0.00006104
-0.95900653,0.00006104
-0.95868653,0.00006104
-0.95836653,-0.01770074
-0.95804653,0.00006104
-0.95772653,0.00006104
-0.95740653,0.00006104
-0.95708653,0.00006104
-0.95676653,0.00006104
-0.95644653,0.00006104
-0.95612653,0.01788385
-0.95580653,0.00006104
-0.95548653,0.00006104
-0.95516653,0.01788385
-0.95484653,0.00006104
-0.95452653,0.01788385
-0.95420653,0.01788385
-0.95388653,0.00006104
-0.95356653,0.00006104
-0.95324653,0.00006104
-0.95292653,0.00006104
-0.95260653,0.00006104
-0.95228653,-0.01770074
-0.95196653,-0.01770074
-0.95164653,0.00006104
-0.95132653,0.00006104
-0.95100653,0.00006104
-0.95068653,0.00006104
-0.95036653,0.00006104
-0.95004653,0.00006104
-0.94972653,0.00006104
-0.94940653,0.00006104
-0.94908653,0.00006104
-0.94876653,0.00006104
-0.94844653,0.01788385
-0.94812653,0.00006104
-0.94780653,0.00006104
-0.94748653,0.00006104
-0.94716653,0.00006104
-0.94684653,0.00006104
-0.94652653,0.00006104
-0.94620653,0.00006104
-0.94588653,0.00006104
-0.94556653,0.00006104
-0.94524653,0.00006104
-0.94492653,0.00006104
-0.94460653,0.00006104
-0.94428653,0.00006104
-0.94396653,0.00006104
-0.94364653,0.00006104
-0.94332653,-0.01770074
-0.94300653,0.00006104
-0.94268653,0.00006104
-0.94236653,0.00006104
-0.94204653,0.00006104
-0.94172653,0.00006104
-0.94140653,0.00006104
-0.94108653,0.00006104
-0.94076653,0.00006104
-0.94044653,0.00006104
-0.94012653,0.00006104
-0.93980653,0.00006104
-0.93948653,0.00006104
-0.93916653,0.00006104
-0.93884653,0.00006104
-0.93852653,0.00006104
-0.93820653,0.00006104
-0.93788653,0.00006104
-0.93756653,0.00006104
-0.93724653,0.00006104
-0.93692653,0.00006104
-0.93660653,0.00006104
-0.93628653,0.00006104
-0.93596653,0.00006104
-0.93564653,0.00006104
-0.93532653,0.00006104
-0.93500653,0.00006104
-0.93468653,0.00006104
-0.93436653,0.00006104
-0.93404653,0.00006104
-0.93372653,0.00006104
-0.93340653,0.00006104
-0.93308653,0.00006104
-0.93276653,0.00006104
-0.93244653,0.00006104
-0.93212653,0.00006104
-0.93180653,0.00006104
-0.93148653,0.00006104
-0.93116653,0.00006104
-0.93084653,0.00006104
-0.93052653,0.00006104
-0.93020653,0.00006104
-0.92988653,0.00006104
-0.92956653,0.00006104
-0.92924653,0.00006104
-0.92892653,0.00006104
-0.92860653,0.00006104
-0.92828653,0.00006104
-0.92796653,0.00006104
-0.92764653,0.00006104
-0.92732653,0.00006104
-0.92700653,0.00006104
-0.92668653,-0.01770074
-0.92636653,0.00006104
-0.92604653,0.00006104
-0.92572653,0.00006104
-0.92540653,0.00006104
-0.92508653,0.00006104
-0.92476653,0.00006104
-0.92444653,0.00006104
-0.92412653,0.00006104
-0.92380653,0.00006104
-0.92348653,0.00006104
-0.92316653,0.00006104
-0.92284653,0.00006104
-0.92252653,0.00006104
-0.92220653,0.00006104
-0.92188653,0.00006104
-0.92156653,0.00006104
-0.92124653,0.00006104
-0.92092653,0.00006104
-0.92060653,-0.01770074
-0.92028653,0.00006104
-0.91996653,0.00006104
-0.91964653,0.00006104
-0.91932653,0.00006104
-0.91900653,0.00006104
-0.91868653,0.00006104
-0.91836653,0.00006104
-0.91804653,0.00006104
-0.91772653,0.00006104
-0.91740653,0.00006104
-0.91708653,0.00006104
-0.91676653,0.00006104
-0.91644653,0.00006104
-0.91612653,0.00006104
-0.91580653,0.00006104
-0.91548653,0.00006104
-0.91516653,0.00006104
-0.91484653,-0.01770074
-0.91452653,0.00006104
-0.91420653,0.00006104
-0.91388653,0.00006104
-0.91356653,0.00006104
-0.91324653,0.00006104
-0.91292653,0.00006104
-0.91260653,0.00006104
-0.91228653,0.00006104
-0.91196653,-0.01770074
-0.91164653,-0.01770074
-0.91132653,0.00006104
-0.91100653,-0.01770074
-0.91068653,0.00006104
-0.91036653,0.00006104
-0.91004653,0.00006104
-0.90972653,0.00006104
-0.90940653,-0.01770074
-0.90908653,0.00006104
-0.90876653,0.00006104
-0.90844653,0.00006104
-0.90812653,-0.01770074
-0.90780653,0.00006104
-0.90748653,0.00006104
-0.90716653,0.00006104
-0.90684653,0.00006104
-0.90652653,0.00006104
-0.90620653,0.00006104
-0.90588653,0.00006104
-0.90556653,0.00006104
-0.90524653,0.00006104
-0.90492653,0.00006104
-0.90460653,0.00006104
-0.90428653,0.00006104
-0.90396653,0.00006104
-0.90364653,0.00006104
-0.90332653,0.00006104
-0.90300653,0.00006104
-0.90268653,0.00006104
-0.90236653,0.00006104
-0.90204653,0.00006104
-0.90172653,0.00006104
-0.90140653,0.00006104
-0.90108653,0.00006104
-0.90076653,0.00006104
-0.90044653,0.00006104
-0.90012653,0.00006104
-0.89980653,0.00006104
-0.89948653,0.00006104
-0.89916653,0.00006104
-0.89884653,0.00006104
-0.89852653,-0.01770074
-0.89820653,0.00006104
-0.89788653,0.00006104
-0.89756653,0.00006104
-0.89724653,0.00006104
-0.89692653,0.00006104
-0.89660653,0.00006104
-0.89628653,0.00006104
-0.89596653,0.00006104
-0.89564653,0.00006104
-0.89532653,0.00006104
-0.89500653,-0.01770074
-0.89468653,0.00006104
-0.89436653,0.00006104
-0.89404653,0.00006104
-0.89372653,0.00006104
-0.89340653,0.00006104
-0.89308653,0.00006104
-0.89276653,0.00006104
-0.89244653,0.00006104
-0.89212653,0.00006104
-0.89180653,0.00006104
-0.89148653,0.00006104
-0.89116653,0.00006104
-0.89084653,0.00006104
-0.89052653,0.00006104
-0.89020653,0.00006104
-0.88988653,0.00006104
-0.88956653,0.00006104
-0.88924653,-0.01770074
-0.88892653,0.00006104
-0.88860653,0.00006104
-0.88828653,0.00006104
-0.88796653,0.00006104
-0.88764653,0.00006104
-0.88732653,0.00006104
-0.88700653,0.00006104
-0.88668653,0.00006104
-0.88636653,0.00006104
-0.88604653,0.00006104
-0.88572653,0.00006104
-0.88540653,0.00006104
-0.88508653,0.00006104
-0.88476653,0.00006104
-0.88444653,0.00006104
-0.88412653,0.00006104
-0.88380653,-0.01770074
-0.88348653,0.00006104
-0.88316653,0.00006104
-0.88284653,0.00006104
-0.88252653,-0.01770074
-0.88220653,0.00006104
-0.88188653,0.00006104
-0.88156653,0.00006104
-0.88124653,0.00006104
-0.88092653,-0.01770074
-0.88060653,0.00006104
-0.88028653,0.00006104
-0.87996653,0.00006104
-0.87964653,0.00006104
-0.87932653,0.00006104
-0.87900653,-0.01770074
-0.87868653,0.00006104
-0.87836653,0.00006104
-0.87804653,0.00006104
-0.87772653,0.00006104
-0.87740653,0.00006104
-0.87708653,0.00006104
-0.87676653,0.00006104
-0.87644653,0.00006104
-0.87612653,0.00006104
-0.87580653,0.00006104
-0.87548653,0.00006104
-0.87516653,0.00006104
-0.87484653,0.00006104
-0.87452653,0.00006104
-0.87420653,0.00006104
-0.87388653,0.00006104
-0.87356653,0.00006104
-0.87324653,0.00006104
-0.87292653,0.00006104
-0.87260653,0.00006104
-0.87228653,0.00006104
-0.87196653,0.00006104
-0.87164653,0.00006104
-0.87132653,0.00006104
-0.87100653,0.00006104
-0.87068653,0.00006104
-0.87036653,0.00006104
-0.87004653,0.00006104
-0.86972653,0.00006104
-0.86940653,0.00006104
-0.86908653,0.00006104
-0.86876653,0.00006104
-0.86844653,0.00006104
-0.86812653,0.00006104
-0.86780653,0.00006104
-0.86748653,0.00006104
-0.86716653,0.00006104
-0.86684653,0.00006104
-0.86652653,0.00006104
-0.86620653,0.00006104
-0.86588653,0.00006104
-0.86556653,0.00006104
-0.86524653,0.00006104
-0.86492653,0.00006104
-0.86460653,0.00006104
-0.86428653,0.00006104
-0.86396653,0.00006104
-0.86364653,0.00006104
-0.86332653,0.00006104
-0.86300653,0.00006104
-0.86268653,0.00006104
-0.86236653,0.00006104
-0.86204653,0.00006104
-0.86172653,0.00006104
-0.86140653,0.00006104
-0.86108653,0.00006104
-0.86076653,0.00006104
-0.86044653,0.00006104
-0.86012653,0.00006104
-0.85980653,0.00006104
-0.85948653,0.00006104
-0.85916653,0.00006104
-0.85884653,0.00006104
-0.85852653,0.00006104
-0.85820653,0.00006104
-0.85788653,0.00006104
-0.85756653,-0.01770074
-0.85724653,0.00006104
-0.85692653,-0.01770074
-0.85660653,0.00006104
-0.85628653,0.00006104
-0.85596653,0.00006104
-0.85564653,0.00006104
-0.85532653,0.00006104
-0.85500653,-0.01770074
-0.85468653,0.00006104
-0.85436653,0.00006104
-0.85404653,0.00006104
-0.85372653,0.00006104
-0.85340653,0.00006104
-0.85308653,0.00006104
-0.85276653,0.00006104
-0.85244653,0.00006104
-0.85212653,0.00006104
-0.85180653,-0.01770074
-0.85148653,0.00006104
-0.85116653,0.00006104
-0.85084653,0.00006104
-0.85052653,0.00006104
-0.85020653,0.00006104
-0.84988653,0.00006104
-0.84956653,0.00006104
-0.84924653,0.00006104
-0.84892653,0.00006104
-0.84860653,0.00006104
-0.84828653,0.00006104
-0.84796653,-0.01770074
-0.84764653,0.00006104
-0.84732653,0.00006104
-0.84700653,0.00006104
-0.84668653,0.00006104
-0.84636653,0.00006104
-0.84604653,0.00006104
-0.84572653,0.00006104
-0.84540653,0.00006104
-0.84508653,0.00006104
-0.84476653,0.00006104
-0.84444653,0.00006104
-0.84412653,0.00006104
-0.84380653,0.00006104
-0.84348653,0.00006104
-0.84316653,0.00006104
-0.84284653,0.00006104
-0.84252653,0.00006104
-0.84220653,0.00006104
-0.84188653,-0.01770074
-0.84156653,0.00006104
-0.84124653,0.00006104
-0.84092653,0.00006104
-0.84060653,0.00006104
-0.84028653,0.00006104
-0.83996653,0.00006104
-0.83964653,0.00006104
-0.83932653,-0.01770074
-0.83900653,0.00006104
-0.83868653,0.00006104
-0.83836653,0.00006104
-0.83804653,-0.01770074
-0.83772653,0.00006104
-0.83740653,0.00006104
-0.83708653,0.00006104
-0.83676653,0.00006104
-0.83644653,0.00006104
-0.83612653,-0.01770074
-0.83580653,0.00006104
-0.83548653,0.00006104
-0.83516653,0.00006104
-0.83484653,0.00006104
-0.83452653,0.00006104
-0.83420653,0.00006104
-0.83388653,0.00006104
-0.83356653,0.00006104
-0.83324653,0.00006104
-0.83292653,-0.01770074
-0.83260653,0.00006104
-0.83228653,0.00006104
-0.83196653,0.00006104
-0.83164653,0.00006104
-0.83132653,0.00006104
-0.83100653,0.00006104
-0.83068653,0.00006104
-0.83036653,0.00006104
-0.83004653,0.00006104
-0.82972653,0.00006104
-0.82940653,0.00006104
-0.82908653,0.00006104
-0.82876653,0.00006104
-0.82844653,0.00006104
-0.82812653,0.00006104
-0.82780653,0.00006104
-0.82748653,-0.01770074
-0.82716653,0.00006104
-0.82684653,0.00006104
-0.82652653,0.00006104
-0.82620653,0.00006104
-0.82588653,0.00006104
-0.82556653,0.00006104
-0.82524653,0.00006104
-0.82492653,0.00006104
-0.82460653,0.00006104
-0.82428653,0.00006104
-0.82396653,0.00006104
-0.82364653,0.00006104
-0.82332653,0.00006104
-0.82300653,-0.01770074
-0.82268653,0.00006104
-0.82236653,0.00006104
-0.82204653,0.00006104
-0.82172653,0.00006104
-0.82140653,0.00006104
-0.82108653,0.00006104
-0.82076653,0.00006104
-0.82044653,0.00006104
-0.82012653,-0.01770074
-0.81980653,-0.01770074
-0.81948653,0.00006104
-0.81916653,0.00006104
-0.81884653,0.00006104
-0.81852653,0.00006104
-0.81820653,0.00006104
-0.81788653,0.00006104
-0.81756653,0.00006104
-0.81724653,0.00006104
-0.81692653,0.00006104
-0.81660653,0.00006104
-0.81628653,0.00006104
-0.81596653,0.00006104
-0.81564653,0.00006104
-0.81532653,0.00006104
-0.81500653,0.00006104
-0.81468653,-0.01770074
-0.81436653,0.00006104
-0.81404653,0.00006104
-0.81372653,0.00006104
-0.81340653,0.00006104
-0.81308653,0.00006104
-0.81276653,0.00006104
-0.81244653,0.00006104
-0.81212653,0.00006104
-0.81180653,0.00006104
-0.81148653,0.00006104
-0.81116653,0.00006104
-0.81084653,0.00006104
-0.81052653,0.00006104
-0.81020653,0.00006104
-0.80988653,0.00006104
-0.80956653,0.00006104
-0.80924653,0.00006104
-0.80892653,0.00006104
-0.80860653,0.00006104
-0.80828653,0.00006104
-0.80796653,0.00006104
-0.80764653,0.00006104
-0.80732653,0.00006104
-0.80700653,0.00006104
-0.80668653,0.00006104
-0.80636653,0.00006104
-0.80604653,0.00006104
-0.80572653,0.00006104
-0.80540653,0.00006104
-0.80508653,0.00006104
-0.80476653,0.00006104
-0.80444653,0.00006104
-0.80412653,0.00006104
-0.80380653,0.00006104
-0.80348653,0.00006104
-0.80316653,0.00006104
-0.80284653,0.00006104
-0.80252653,0.00006104
-0.80220653,0.00006104
-0.80188653,0.00006104
-0.80156653,0.00006104
-0.80124653,0.00006104
-0.80092653,0.00006104
-0.80060653,0.00006104
-0.80028653,0.00006104
-0.79996653,-0.01770074
-0.79964653,0.00006104
-0.79932653,0.00006104
-0.79900653,0.00006104
-0.79868653,0.00006104
-0.79836653,0.00006104
-0.79804653,0.00006104
-0.79772653,0.00006104
-0.79740653,0.00006104
-0.79708653,0.00006104
-0.79676653,0.00006104
-0.79644653,0.00006104
-0.79612653,0.00006104
-0.79580653,-0.01770074
-0.79548653,0.00006104
-0.79516653,0.00006104
-0.79484653,0.00006104
-0.79452653,0.00006104
-0.79420653,-0.01770074
-0.79388653,0.00006104
-0.79356653,0.00006104
-0.79324653,0.00006104
-0.79292653,-0.01770074
-0.79260653,-0.01770074
-0.79228653,0.00006104
-0.79196653,0.00006104
-0.79164653,0.00006104
-0.79132653,0.00006104
-0.79100653,0.00006104
-0.79068653,0.00006104
-0.79036653,0.00006104
-0.79004653,0.00006104
-0.78972653,0.00006104
-0.78940653,0.00006104
-0.78908653,0.00006104
-0.78876653,0.00006104
-0.78844653,0.00006104
-0.78812653,0.00006104
-0.78780653,0.00006104
-0.78748653,0.00006104
-0.78716653,0.00006104
-0.78684653,0.00006104
-0.78652653,0.00006104
-0.78620653,0.00006104
-0.78588653,0.00006104
-0.78556653,0.00006104
-0.78524653,0.00006104
-0.78492653,0.00006104
-0.78460653,0.00006104
-0.78428653,0.00006104
-0.78396653,0.00006104
-0.78364653,0.00006104
-0.78332653,-0.01770074
-0.78300653,0.00006104
-0.78268653,-0.01770074
-0.78236653,0.00006104
-0.78204653,0.00006104
-0.78172653,-0.01770074
-0.78140653,0.00006104
-0.78108653,0.00006104
-0.78076653,0.00006104
-0.78044653,-0.01770074
-0.78012653,0.00006104
-0.77980653,0.00006104
-0.77948653,0.00006104
-0.77916653,0.00006104
-0.77884653,0.00006104
-0.77852653,0.00006104
-0.77820653,-0.01770074
-0.77788653,0.00006104
-0.77756653,0.00006104
-0.77724653,0.00006104
-0.77692653,0.00006104
-0.77660653,0.00006104
-0.77628653,0.00006104
-0.77596653,0.00006104
-0.77564653,0.00006104
-0.77532653,0.00006104
-0.77500653,0.00006104
-0.77468653,0.00006104
-0.77436653,0.00006104
-0.77404653,0.00006104
-0.77372653,0.00006104
-0.77340653,0.00006104
-0.77308653,0.00006104
-0.77276653,0.00006104
-0.77244653,0.00006104
-0.77212653,-0.01770074
-0.77180653,0.00006104
-0.77148653,0.00006104
-0.77116653,0.00006104
-0.77084653,0.00006104
-0.77052653,0.00006104
-0.77020653,-0.01770074
-0.76988653,0.00006104
-0.76956653,0.00006104
-0.76924653,0.00006104
-0.76892653,0.00006104
-0.76860653,0.00006104
-0.76828653,0.00006104
-0.76796653,0.00006104
-0.76764653,-0.01770074
-0.76732653,0.00006104
-0.76700653,0.00006104
-0.76668653,0.00006104
-0.76636653,0.00006104
-0.76604653,0.00006104
-0.76572653,0.00006104
-0.76540653,0.00006104
-0.76508653,0.00006104
-0.76476653,0.00006104
-0.76444653,0.00006104
-0.76412653,0.00006104
-0.76380653,0.00006104
-0.76348653,0.00006104
-0.76316653,0.00006104
-0.76284653,0.00006104
-0.76252653,0.00006104
-0.76220653,0.00006104
-0.76188653,0.00006104
-0.76156653,0.00006104
-0.76124653,0.00006104
-0.76092653,0.00006104
-0.76060653,0.00006104
-0.76028653,0.00006104
-0.75996653,0.00006104
-0.75964653,-0.01770074
-0.75932653,0.00006104
-0.75900653,0.00006104
-0.75868653,0.00006104
-0.75836653,0.00006104
-0.75804653,0.00006104
-0.75772653,0.00006104
-0.75740653,0.00006104
-0.75708653,0.00006104
-0.75676653,-0.01770074
-0.75644653,-0.01770074
-0.75612653,0.00006104
-0.75580653,0.00006104
-0.75548653,0.00006104
-0.75516653,0.00006104
-0.75484653,0.00006104
-0.75452653,0.00006104
-0.75420653,0.00006104
-0.75388653,0.00006104
-0.75356653,0.00006104
-0.75324653,0.00006104
-0.75292653,0.00006104
-0.75260653,0.00006104
-0.75228653,0.00006104
-0.75196653,-0.01770074
-0.75164653,0.00006104
-0.75132653,0.00006104
-0.75100653,0.00006104
-0.75068653,0.00006104
-0.75036653,0.00006104
-0.75004653,0.00006104
-0.74972653,0.00006104
-0.74940653,0.00006104
-0.74908653,0.00006104
-0.74876653,0.00006104
-0.74844653,0.00006104
-0.74812653,0.00006104
-0.74780653,0.00006104
-0.74748653,0.00006104
-0.74716653,0.00006104
-0.74684653,0.00006104
-0.74652653,0.00006104
-0.74620653,0.00006104
-0.74588653,0.00006104
-0.74556653,-0.01770074
-0.74524653,0.00006104
-0.74492653,0.00006104
-0.74460653,0.00006104
-0.74428653,0.00006104
-0.74396653,0.00006104
-0.74364653,0.00006104
-0.74332653,0.00006104
-0.74300653,0.00006104
-0.74268653,0.00006104
-0.74236653,-0.01770074
-0.74204653,0.00006104
-0.74172653,0.00006104
-0.74140653,0.00006104
-0.74108653,-0.01770074
-0.74076653,-0.01770074
-0.74044653,0.00006104
-0.74012653,-0.01770074
-0.73980653,0.00006104
-0.73948653,0.00006104
-0.73916653,0.00006104
-0.73884653,0.00006104
-0.73852653,0.00006104
-0.73820653,0.00006104
-0.73788653,0.00006104
-0.73756653,0.00006104
-0.73724653,0.00006104
-0.73692653,0.00006104
-0.73660653,0.00006104
-0.73628653,0.00006104
-0.73596653,0.00006104
-0.73564653,0.00006104
-0.73532653,0.00006104
-0.73500653,0.00006104
-0.73468653,0.00006104
-0.73436653,0.00006104
-0.73404653,0.00006104
-0.73372653,0.00006104
-0.73340653,-0.01770074
-0.73308653,0.00006104
-0.73276653,-0.01770074
-0.73244653,0.00006104
-0.73212653,0.00006104
-0.73180653,0.00006104
-0.73148653,0.00006104
-0.73116653,-0.01770074
-0.73084653,0.00006104
-0.73052653,0.00006104
-0.73020653,0.00006104
-0.72988653,0.00006104
-0.72956653,0.00006104
-0.72924653,0.00006104
-0.72892653,0.00006104
-0.72860653,0.00006104
-0.72828653,0.00006104
-0.72796653,0.00006104
-0.72764653,0.00006104
-0.72732653,0.00006104
-0.72700653,0.00006104
-0.72668653,0.00006104
-0.72636653,0.00006104
-0.72604653,0.00006104
-0.72572653,-0.01770074
-0.72540653,-0.01770074
-0.72508653,-0.01770074
-0.72476653,0.00006104
-0.72444653,0.00006104
-0.72412653,0.00006104
-0.72380653,-0.01770074
-0.72348653,0.00006104
-0.72316653,0.00006104
-0.72284653,0.00006104
-0.72252653,0.00006104
-0.72220653,0.00006104
-0.72188653,0.00006104
-0.72156653,0.00006104
-0.72124653,0.00006104
-0.72092653,0.00006104
-0.72060653,0.00006104
-0.72028653,0.00006104
-0.71996653,0.00006104
-0.71964653,0.00006104
-0.71932653,0.00006104
-0.71900653,0.00006104
-0.71868653,0.00006104
-0.71836653,0.00006104
-0.71804653,0.00006104
-0.71772653,0.00006104
-0.71740653,0.00006104
-0.71708653,0.00006104
-0.71676653,-0.01770074
-0.71644653,0.00006104
-0.71612653,0.00006104
-0.71580653,0.00006104
-0.71548653,-0.01770074
-0.71516653,0.00006104
-0.71484653,0.00006104
-0.71452653,0.00006104
-0.71420653,0.00006104
-0.71388653,-0.01770074
-0.71356653,0.00006104
-0.71324653,0.00006104
-0.71292653,0.00006104
-0.71260653,0.00006104
-0.71228653,0.00006104
-0.71196653,0.00006104
-0.71164653,0.00006104
-0.71132653,0.00006104
-0.71100653,-0.01770074
-0.71068653,0.00006104
-0.71036653,0.00006104
-0.71004653,0.00006104
-0.70972653,0.00006104
-0.70940653,0.00006104
-0.70908653,0.00006104
-0.70876653,0.00006104
-0.70844653,0.00006104
-0.70812653,0.00006104
-0.70780653,0.00006104
-0.70748653,0.00006104
-0.70716653,0.00006104
-0.70684653,0.00006104
-0.70652653,0.00006104
-0.70620653,0.00006104
-0.70588653,0.00006104
-0.70556653,0.00006104
-0.70524653,0.00006104
-0.70492653,0.00006104
-0.70460653,0.00006104
-0.70428653,0.00006104
-0.70396653,0.00006104
-0.70364653,0.00006104
-0.70332653,0.00006104
-0.70300653,0.00006104
-0.70268653,0.00006104
-0.70236653,0.00006104
-0.70204653,0.00006104
-0.70172653,0.00006104
-0.70140653,0.00006104
-0.70108653,0.00006104
-0.70076653,0.00006104
-0.70044653,0.00006104
-0.70012653,0.00006104
-0.69980653,0.00006104
-0.69948653,0.00006104
-0.69916653,0.00006104
-0.69884653,0.00006104
-0.69852653,0.00006104
-0.69820653,0.00006104
-0.69788653,0.00006104
-0.69756653,0.00006104
-0.69724653,0.00006104
-0.69692653,0.00006104
-0.69660653,0.00006104
-0.69628653,0.00006104
-0.69596653,0.00006104
-0.69564653,0.00006104
-0.69532653,0.00006104
-0.69500653,0.00006104
-0.69468653,0.00006104
-0.69436653,0.00006104
-0.69404653,0.00006104
-0.69372653,0.00006104
-0.69340653,0.00006104
-0.69308653,0.00006104
-0.69276653,0.00006104
-0.69244653,-0.01770074
-0.69212653,0.00006104
-0.69180653,-0.01770074
-0.69148653,0.00006104
-0.69116653,-0.01770074
-0.69084653,0.00006104
-0.69052653,0.00006104
-0.69020653,-0.01770074
-0.68988653,0.00006104
-0.68956653,0.00006104
-0.68924653,0.00006104
-0.68892653,0.00006104
-0.68860653,0.00006104
-0.68828653,0.00006104
-0.68796653,0.00006104
-0.68764653,0.00006104
-0.68732653,0.00006104
-0.68700653,0.00006104
-0.68668653,0.00006104
-0.68636653,0.00006104
-0.68604653,-0.01770074
-0.68572653,0.00006104
-0.68540653,0.00006104
-0.68508653,0.00006104
-0.68476653,0.00006104
-0.68444653,0.00006104
-0.68412653,0.00006104
-0.68380653,0.00006104
-0.68348653,0.00006104
-0.68316653,0.00006104
-0.68284653,0.00006104
-0.68252653,0.00006104
-0.68220653,0.00006104
-0.68188653,0.00006104
-0.68156653,0.00006104
-0.68124653,0.00006104
-0.68092653,0.00006104
-0.68060653,0.00006104
-0.68028653,0.00006104
-0.67996653,0.00006104
-0.67964653,0.00006104
-0.67932653,0.00006104
-0.67900653,0.00006104
-0.67868653,0.00006104
-0.67836653,0.00006104
-0.67804653,0.00006104
-0.67772653,-0.01770074
-0.67740653,0.00006104
-0.67708653,-0.01770074
-0.67676653,0.00006104
-0.67644653,0.00006104
-0.67612653,0.00006104
-0.67580653,0.00006104
-0.67548653,0.00006104
-0.67516653,0.00006104
-0.67484653,0.00006104
-0.67452653,0.00006104
-0.67420653,0.00006104
-0.67388653,-0.01770074
-0.67356653,0.00006104
-0.67324653,0.00006104
-0.67292653,0.00006104
-0.67260653,0.00006104
-0.67228653,0.00006104
-0.67196653,0.00006104
-0.67164653,0.00006104
-0.67132653,0.00006104
-0.67100653,0.00006104
-0.67068653,0.00006104
-0.67036653,0.00006104
-0.67004653,0.00006104
-0.66972653,0.00006104
-0.66940653,0.00006104
-0.66908653,0.00006104
-0.66876653,0.00006104
-0.66844653,0.00006104
-0.66812653,0.00006104
-0.66780653,0.00006104
-0.66748653,0.00006104
-0.66716653,-0.01770074
-0.66684653,0.00006104
-0.66652653,0.00006104
-0.66620653,0.00006104
-0.66588653,0.00006104
-0.66556653,0.00006104
-0.66524653,0.00006104
-0.66492653,0.00006104
-0.66460653,0.00006104
-0.66428653,0.00006104
-0.66396653,-0.01770074
-0.66364653,0.00006104
-0.66332653,0.00006104
-0.66300653,0.00006104
-0.66268653,0.00006104
-0.66236653,0.00006104
-0.66204653,0.00006104
-0.66172653,0.00006104
-0.66140653,0.00006104
-0.66108653,0.00006104
-0.66076653,0.00006104
-0.66044653,0.00006104
-0.66012653,0.00006104
-0.65980653,0.00006104
-0.65948653,0.00006104
-0.65916653,0.00006104
-0.65884653,0.00006104
-0.65852653,0.00006104
-0.65820653,0.00006104
-0.65788653,0.00006104
-0.65756653,0.00006104
-0.65724653,0.00006104
-0.65692653,0.00006104
-0.65660653,0.00006104
-0.65628653,0.00006104
-0.65596653,0.00006104
-0.65564653,0.00006104
-0.65532653,0.00006104
-0.65500653,0.00006104
-0.65468653,0.00006104
-0.65436653,0.00006104
-0.65404653,0.00006104
-0.65372653,0.00006104
-0.65340653,0.00006104
-0.65308653,0.00006104
-0.65276653,0.00006104
-0.65244653,0.00006104
-0.65212653,-0.01770074
-0.65180653,0.00006104
-0.65148653,0.00006104
-0.65116653,0.00006104
-0.65084653,0.00006104
-0.65052653,0.00006104
-0.65020653,0.00006104
-0.64988653,0.00006104
-0.64956653,0.00006104
-0.64924653,0.00006104
-0.64892653,0.00006104
-0.64860653,0.00006104
-0.64828653,-0.01770074
-0.64796653,0.00006104
-0.64764653,0.00006104
-0.64732653,0.00006104
-0.64700653,0.00006104
-0.64668653,0.00006104
-0.64636653,0.00006104
-0.64604653,-0.01770074
-0.64572653,0.00006104
-0.64540653,0.00006104
-0.64508653,-0.01770074
-0.64476653,0.00006104
-0.64444653,0.00006104
-0.64412653,0.00006104
-0.64380653,0.00006104
-0.64348653,0.00006104
-0.64316653,0.00006104
-0.64284653,0.00006104
-0.64252653,-0.01770074
-0.64220653,0.00006104
-0.64188653,0.00006104
-0.64156653,0.00006104
-0.64124653,0.00006104
-0.64092653,0.00006104
-0.64060653,0.00006104
-0.64028653,0.00006104
-0.63996653,0.00006104
-0.63964653,0.00006104
-0.63932653,0.00006104
-0.63900653,0.00006104
-0.63868653,0.00006104
-0.63836653,0.00006104
-0.63804653,0.00006104
-0.63772653,0.00006104
-0.63740653,0.00006104
-0.63708653,0.00006104
-0.63676653,0.00006104
-0.63644653,0.00006104
-0.63612653,0.00006104
-0.63580653,0.00006104
-0.63548653,0.00006104
-0.63516653,0.00006104
-0.63484653,0.00006104
-0.63452653,-0.01770074
-0.63420653,0.00006104
-0.63388653,0.00006104
-0.63356653,0.00006104
-0.63324653,0.00006104
-0.63292653,0.00006104
-0.63260653,0.00006104
-0.63228653,0.00006104
-0.63196653,0.00006104
-0.63164653,0.00006104
-0.63132653,0.00006104
-0.63100653,0.00006104
-0.63068653,0.00006104
-0.63036653,0.00006104
-0.63004653,0.00006104
-0.62972653,0.00006104
-0.62940653,0.00006104
-0.62908653,0.00006104
-0.62876653,0.00006104
-0.62844653,0.00006104
-0.62812653,0.00006104
-0.62780653,0.00006104
-0.62748653,0.00006104
-0.62716653,0.00006104
-0.62684653,0.00006104
-0.62652653,0.00006104
-0.62620653,-0.01770074
-0.62588653,0.00006104
-0.62556653,0.00006104
-0.62524653,0.00006104
-0.62492653,0.00006104
-0.62460653,0.00006104
-0.62428653,0.00006104
-0.62396653,0.00006104
-0.62364653,0.00006104
-0.62332653,0.00006104
-0.62300653,0.00006104
-0.62268653,0.00006104
-0.62236653,0.00006104
-0.62204653,0.00006104
-0.62172653,0.00006104
-0.62140653,0.00006104
-0.62108653,0.00006104
-0.62076653,0.00006104
-0.62044653,0.00006104
-0.62012653,0.00006104
-0.61980653,0.00006104
-0.61948653,0.00006104
-0.61916653,0.00006104
-0.61884653,0.00006104
-0.61852653,0.00006104
-0.61820653,0.00006104
-0.61788653,0.00006104
-0.61756653,0.00006104
-0.61724653,0.00006104
-0.61692653,0.00006104
-0.61660653,0.00006104
-0.61628653,0.00006104
-0.61596653,0.00006104
-0.61564653,0.00006104
-0.61532653,0.00006104
-0.61500653,0.00006104
-0.61468653,0.00006104
-0.61436653,-0.01770074
-0.61404653,0.00006104
-0.61372653,0.00006104
-0.61340653,0.00006104
-0.61308653,0.00006104
-0.61276653,0.00006104
-0.61244653,0.00006104
-0.61212653,0.00006104
-0.61180653,0.00006104
-0.61148653,0.00006104
-0.61116653,0.00006104
-0.61084653,0.00006104
-0.61052653,-0.01770074
-0.61020653,0.00006104
-0.60988653,-0.01770074
-0.60956653,0.00006104
-0.60924653,0.00006104
-0.60892653,0.00006104
-0.60860653,0.00006104
-0.60828653,0.00006104
-0.60796653,0.00006104
-0.60764653,0.00006104
-0.60732653,0.00006104
-0.60700653,0.00006104
-0.60668653,0.00006104
-0.60636653,0.00006104
-0.60604653,0.00006104
-0.60572653,0.00006104
-0.60540653,0.00006104
-0.60508653,0.00006104
-0.60476653,0.00006104
-0.60444653,0.00006104
-0.60412653,0.00006104
-0.60380653,0.00006104
-0.60348653,0.00006104
-0.60316653,0.00006104
-0.60284653,0.00006104
-0.60252653,0.00006104
-0.60220653,0.00006104
-0.60188653,0.00006104
-0.60156653,0.00006104
-0.60124653,0.00006104
-0.60092653,0.00006104
-0.60060653,0.00006104
-0.60028653,0.00006104
-0.59996653,0.00006104
-0.59964653,0.00006104
-0.59932653,0.00006104
-0.59900653,-0.01770074
-0.59868653,0.00006104
-0.59836653,0.00006104
-0.59804653,0.00006104
-0.59772653,0.00006104
-0.59740653,-0.01770074
-0.59708653,0.00006104
-0.59676653,0.00006104
-0.59644653,0.00006104
-0.59612653,0.00006104
-0.59580653,0.00006104
-0.59548653,0.00006104
-0.59516653,0.00006104
-0.59484653,0.00006104
-0.59452653,0.00006104
-0.59420653,0.00006104
-0.59388653,0.00006104
-0.59356653,0.00006104
-0.59324653,0.00006104
-0.59292653,-0.01770074
-0.59260653,0.00006104
-0.59228653,0.00006104
-0.59196653,0.00006104
-0.59164653,0.00006104
-0.59132653,0.00006104
-0.59100653,0.00006104
-0.59068653,0.00006104
-0.59036653,0.00006104
-0.59004653,0.00006104
-0.58972653,0.00006104
-0.58940653,0.00006104
-0.58908653,0.00006104
-0.58876653,0.00006104
-0.58844653,0.00006104
-0.58812653,0.00006104
-0.58780653,0.00006104
-0.58748653,0.00006104
-0.58716653,0.00006104
-0.58684653,0.00006104
-0.58652653,0.00006104
-0.58620653,0.00006104
-0.58588653,0.00006104
-0.58556653,0.00006104
-0.58524653,0.00006104
-0.58492653,0.00006104
-0.58460653,0.00006104
-0.58428653,0.00006104
-0.58396653,0.00006104
-0.58364653,0.00006104
-0.58332653,0.00006104
-0.58300653,0.00006104
-0.58268653,0.00006104
-0.58236653,0.00006104
-0.58204653,0.00006104
-0.58172653,0.00006104
-0.58140653,0.00006104
-0.58108653,0.00006104
-0.58076653,0.00006104
-0.58044653,-0.01770074
-0.58012653,0.00006104
-0.57980653,0.00006104
-0.57948653,0.00006104
-0.57916653,0.00006104
-0.57884653,0.00006104
-0.57852653,0.00006104
-0.57820653,0.00006104
-0.57788653,0.00006104
-0.57756653,0.00006104
-0.57724653,0.00006104
-0.57692653,0.00006104
-0.57660653,0.00006104
-0.57628653,0.00006104
-0.57596653,0.00006104
-0.57564653,0.00006104
-0.57532653,0.00006104
-0.57500653,0.00006104
-0.57468653,0.00006104
-0.57436653,0.00006104
-0.57404653,-0.01770074
-0.57372653,0.00006104
-0.57340653,0.00006104
-0.57308653,0.00006104
-0.57276653,0.00006104
-0.57244653,0.00006104
-0.57212653,0.00006104
-0.57180653,0.00006104
-0.57148653,0.00006104
-0.57116653,0.00006104
-0.57084653,0.00006104
-0.57052653,0.00006104
-0.57020653,0.00006104
-0.56988653,0.00006104
-0.56956653,0.00006104
-0.56924653,0.00006104
-0.56892653,0.00006104
-0.56860653,0.00006104
-0.56828653,0.00006104
-0.56796653,0.00006104
-0.56764653,0.00006104
-0.56732653,0.00006104
-0.56700653,0.00006104
-0.56668653,0.00006104
-0.56636653,0.00006104
-0.56604653,0.00006104
-0.56572653,0.00006104
-0.56540653,0.00006104
-0.56508653,0.00006104
-0.56476653,0.00006104
-0.56444653,0.00006104
-0.56412653,0.00006104
-0.56380653,0.00006104
-0.56348653,-0.01770074
-0.56316653,0.00006104
-0.56284653,0.00006104
-0.56252653,0.00006104
-0.56220653,0.00006104
-0.56188653,0.00006104
-0.56156653,0.00006104
-0.56124653,0.00006104
-0.56092653,0.00006104
-0.56060653,0.00006104
-0.56028653,0.00006104
-0.55996653,0.00006104
-0.55964653,0.00006104
-0.55932653,0.00006104
-0.55900653,0.00006104
-0.55868653,0.00006104
-0.55836653,0.00006104
-0.55804653,0.00006104
-0.55772653,0.00006104
-0.55740653,0.00006104
-0.55708653,0.00006104
-0.55676653,0.00006104
-0.55644653,0.00006104
-0.55612653,0.00006104
-0.55580653,0.00006104
-0.55548653,0.00006104
-0.55516653,0.00006104
-0.55484653,0.00006104
-0.55452653,0.00006104
-0.55420653,0.00006104
-0.55388653,0.00006104
-0.55356653,0.00006104
-0.55324653,-0.01770074
-0.55292653,0.00006104
-0.55260653,0.00006104
-0.55228653,0.00006104
-0.55196653,0.00006104
-0.55164653,0.00006104
-0.55132653,0.00006104
-0.55100653,0.00006104
-0.55068653,0.00006104
-0.55036653,0.00006104
-0.55004653,0.00006104
-0.54972653,0.00006104
-0.54940653,-0.01770074
-0.54908653,0.00006104
-0.54876653,0.00006104
-0.54844653,0.00006104
-0.54812653,0.00006104
-0.54780653,0.00006104
-0.54748653,0.00006104
-0.54716653,0.00006104
-0.54684653,0.00006104
-0.54652653,0.00006104
-0.54620653,-0.01770074
-0.54588653,0.00006104
-0.54556653,0.00006104
-0.54524653,0.00006104
-0.54492653,-0.01770074
-0.54460653,0.00006104
-0.54428653,0.00006104
-0.54396653,0.00006104
-0.54364653,0.00006104
-0.54332653,0.00006104
-0.54300653,0.00006104
-0.54268653,0.00006104
-0.54236653,0.00006104
-0.54204653,0.00006104
-0.54172653,0.00006104
-0.54140653,0.00006104
-0.54108653,0.00006104
-0.54076653,0.00006104
-0.54044653,0.00006104
-0.54012653,0.00006104
-0.53980653,0.00006104
-0.53948653,0.00006104
-0.53916653,0.00006104
-0.53884653,0.00006104
-0.53852653,0.00006104
-0.53820653,0.00006104
-0.53788653,0.00006104
-0.53756653,0.00006104
-0.53724653,0.00006104
-0.53692653,0.00006104
-0.53660653,0.00006104
-0.53628653,0.00006104
-0.53596653,0.00006104
-0.53564653,0.00006104
-0.53532653,0.00006104
-0.53500653,0.00006104
-0.53468653,0.00006104
-0.53436653,0.00006104
-0.53404653,-0.01770074
-0.53372653,0.00006104
-0.53340653,0.00006104
-0.53308653,0.00006104
-0.53276653,0.00006104
-0.53244653,0.00006104
-0.53212653,0.00006104
-0.53180653,0.00006104
-0.53148653,0.00006104
-0.53116653,0.00006104
-0.53084653,0.00006104
-0.53052653,0.00006104
-0.53020653,0.00006104
-0.52988653,0.00006104
-0.52956653,0.00006104
-0.52924653,0.00006104
-0.52892653,0.00006104
-0.52860653,0.00006104
-0.52828653,0.00006104
-0.52796653,0.00006104
-0.52764653,0.00006104
-0.52732653,0.00006104
-0.52700653,0.00006104
-0.52668653,0.00006104
-0.52636653,0.00006104
-0.52604653,0.00006104
-0.52572653,0.00006104
-0.52540653,0.00006104
-0.52508653,0.00006104
-0.52476653,0.00006104
-0.52444653,0.00006104
-0.52412653,0.00006104
-0.52380653,0.00006104
-0.52348653,0.00006104
-0.52316653,0.00006104
-0.52284653,0.00006104
-0.52252653,0.00006104
-0.52220653,0.00006104
-0.52188653,0.00006104
-0.52156653,0.00006104
-0.52124653,0.00006104
-0.52092653,0.00006104
-0.52060653,0.00006104
-0.52028653,0.00006104
-0.51996653,0.00006104
-0.51964653,0.00006104
-0.51932653,0.00006104
-0.51900653,-0.01770074
-0.51868653,0.00006104
-0.51836653,0.00006104
-0.51804653,0.00006104
-0.51772653,0.00006104
-0.51740653,0.00006104
-0.51708653,0.00006104
-0.51676653,0.00006104
-0.51644653,0.00006104
-0.51612653,0.00006104
-0.51580653,0.00006104
-0.51548653,-0.01770074
-0.51516653,0.00006104
-0.51484653,-0.01770074
-0.51452653,0.00006104
-0.51420653,0.00006104
-0.51388653,0.00006104
-0.51356653,0.00006104
-0.51324653,0.00006104
-0.51292653,0.00006104
-0.51260653,0.00006104
-0.51228653,-0.01770074
-0.51196653,0.00006104
-0.51164653,-0.01770074
-0.51132653,0.00006104
-0.51100653,-0.01770074
-0.51068653,0.00006104
-0.51036653,0.00006104
-0.51004653,0.00006104
-0.50972653,0.00006104
-0.50940653,0.00006104
-0.50908653,0.00006104
-0.50876653,0.00006104
-0.50844653,0.00006104
-0.50812653,0.00006104
-0.50780653,0.00006104
-0.50748653,0.00006104
-0.50716653,0.00006104
-0.50684653,0.00006104
-0.50652653,0.00006104
-0.50620653,0.00006104
-0.50588653,0.00006104
-0.50556653,0.00006104
-0.50524653,0.00006104
-0.50492653,0.00006104
-0.50460653,0.00006104
-0.50428653,0.00006104
-0.50396653,0.00006104
-0.50364653,0.00006104
-0.50332653,0.00006104
-0.50300653,0.00006104
-0.50268653,0.00006104
-0.50236653,0.00006104
-0.50204653,0.00006104
-0.50172653,0.00006104
-0.50140653,0.00006104
-0.50108653,-1.58421588
-0.50076653,-0.97897273
-0.50044653,-0.10669271
-0.50012653,0.12469863
-0.49980653,0.10687582
-0.49948653,0.03570665
-0.49916653,-0.01770074
-0.49884653,-0.03552354
-0.49852653,-0.03552354
-0.49820653,-0.01770074
-0.49788653,-0.85433513
-0.49756653,-1.05014193
-0.49724653,-0.21350749
-0.49692653,-0.81875056
-0.49660653,-0.51612902
-0.49628653,0.00006104
-0.49596653,0.12469863
-0.49564653,0.07129124
-0.49532653,0.03570665
-0.49500653,0.03570665
-0.49468653,0.01788385
-0.49436653,0.03570665
-0.49404653,0.03570665
-0.49372653,0.03570665
-0.49340653,0.03570665
-0.49308653,0.01788385
-0.49276653,0.01788385
-0.49244653,0.00006104
-0.49212653,0.00006104
-0.49180653,0.01788385
-0.49148653,0.01788385
-0.49116653,0.03570665
-0.49084653,0.05346843
-0.49052653,0.05346843
-0.49020653,0.07129124
-0.48988653,0.05346843
-0.48956653,0.05346843
-0.48924653,0.07129124
-0.48892653,0.03570665
-0.48860653,0.05346843
-0.48828653,0.08911405
-0.48796653,0.07129124
-0.48764653,0.05346843
-0.48732653,0.03570665
-0.48700653,0.03570665
-0.48668653,0.03570665
-0.48636653,0.01788385
-0.48604653,-0.01770074
-0.48572653,-0.01770074
-0.48540653,-0.03552354
-0.48508653,0.00006104
-0.48476653,0.01788385
-0.48444653,-0.01770074
-0.48412653,0.03570665
-0.48380653,0.01788385
-0.48348653,-0.03552354
-0.48316653,0.01788385
-0.48284653,0.00006104
-0.48252653,-0.01770074
-0.48220653,0.05346843
-0.48188653,0.01788385
-0.48156653,0.01788385
-0.48124653,0.03570665
-0.48092653,0.03570665
-0.48060653,0.01788385
-0.48028653,0.01788385
-0.47996653,0.01788385
-0.47964653,0.01788385
-0.47932653,0.01788385
-0.47900653,0.03570665
-0.47868653,0.03570665
-0.47836653,0.00006104
-0.47804653,0.01788385
-0.47772653,0.03570665
-0.47740653,0.00006104
-0.47708653,0.01788385
-0.47676653,0.00006104
-0.47644653,-0.01770074
-0.47612653,0.01788385
-0.47580653,0.01788385
-0.47548653,0.00006104
-0.47516653,0.01788385
-0.47484653,0.03570665
-0.47452653,0.01788385
-0.47420653,0.01788385
-0.47388653,0.01788385
-0.47356653,0.00006104
-0.47324653,0.01788385
-0.47292653,0.01788385
-0.47260653,0.00006104
-0.47228653,0.01788385
-0.47196653,0.01788385
-0.47164653,0.00006104
-0.47132653,0.00006104
-0.47100653,0.00006104
-0.47068653,0.00006104
-0.47036653,0.00006104
-0.47004653,-0.01770074
-0.46972653,-0.01770074
-0.46940653,0.00006104
-0.46908653,0.00006104
-0.46876653,0.00006104
-0.46844653,0.00006104
-0.46812653,0.00006104
-0.46780653,0.01788385
-0.46748653,0.01788385
-0.46716653,0.00006104
-0.46684653,0.00006104
-0.46652653,0.01788385
-0.46620653,0.01788385
-0.46588653,0.01788385
-0.46556653,0.00006104
-0.46524653,0.00006104
-0.46492653,0.00006104
-0.46460653,0.00006104
-0.46428653,0.00006104
-0.46396653,0.00006104
-0.46364653,0.00006104
-0.46332653,0.00006104
-0.46300653,0.00006104
-0.46268653,0.00006104
-0.46236653,0.00006104
-0.46204653,0.00006104
-0.46172653,0.01788385
-0.46140653,0.00006104
-0.46108653,0.00006104
-0.46076653,0.01788385
-0.46044653,0.00006104
-0.46012653,0.00006104
-0.45980653,0.00006104
-0.45948653,0.00006104
-0.45916653,0.00006104
-0.45884653,0.00006104
-0.45852653,0.00006104
-0.45820653,0.00006104
-0.45788653,0.00006104
-0.45756653,0.00006104
-0.45724653,0.00006104
-0.45692653,0.00006104
-0.45660653,0.00006104
-0.45628653,0.01788385
-0.45596653,0.01788385
-0.45564653,0.01788385
-0.45532653,0.01788385
-0.45500653,0.01788385
-0.45468653,0.00006104
-0.45436653,0.01788385
-0.45404653,0.00006104
-0.45372653,0.01788385
-0.45340653,0.00006104
-0.45308653,0.00006104
-0.45276653,0.00006104
-0.45244653,0.00006104
-0.45212653,-0.01770074
-0.45180653,0.00006104
-0.45148653,0.00006104
-0.45116653,0.00006104
-0.45084653,0.00006104
-0.45052653,0.00006104
-0.45020653,0.00006104
-0.44988653,0.00006104
-0.44956653,0.00006104
-0.44924653,0.00006104
-0.44892653,0.00006104
-0.44860653,0.00006104
-0.44828653,0.01788385
-0.44796653,0.01788385
-0.44764653,0.01788385
-0.44732653,0.00006104
-0.44700653,0.01788385
-0.44668653,0.00006104
-0.44636653,0.00006104
-0.44604653,0.00006104
-0.44572653,0.00006104
-0.44540653,0.00006104
-0.44508653,0.00006104
-0.44476653,0.00006104
-0.44444653,0.00006104
-0.44412653,0.00006104
-0.44380653,0.00006104
-0.44348653,0.00006104
-0.44316653,0.00006104
-0.44284653,0.00006104
-0.44252653,0.00006104
-0.44220653,0.00006104
-0.44188653,0.00006104
-0.44156653,0.00006104
-0.44124653,0.00006104
-0.44092653,0.00006104
-0.44060653,0.00006104
-0.44028653,0.00006104
-0.43996653,0.00006104
-0.43964653,0.00006104
-0.43932653,0.00006104
-0.43900653,0.00006104
-0.43868653,0.00006104
-0.43836653,0.00006104
-0.43804653,0.00006104
-0.43772653,0.00006104
-0.43740653,0.00006104
-0.43708653,0.00006104
-0.43676653,0.00006104
-0.43644653,0.00006104
-0.43612653,0.00006104
-0.43580653,0.00006104
-0.43548653,0.00006104
-0.43516653,0.00006104
-0.43484653,0.00006104
-0.43452653,0.00006104
-0.43420653,0.00006104
-0.43388653,0.00006104
-0.43356653,0.00006104
-0.43324653,0.00006104
-0.43292653,0.00006104
-0.43260653,0.00006104
-0.43228653,0.00006104
-0.43196653,0.00006104
-0.43164653,0.00006104
-0.43132653,0.00006104
-0.43100653,0.00006104
-0.43068653,0.00006104
-0.43036653,0.00006104
-0.43004653,0.00006104
-0.42972653,0.00006104
-0.42940653,-0.01770074
-0.42908653,0.00006104
-0.42876653,-0.01770074
-0.42844653,0.00006104
-0.42812653,0.00006104
-0.42780653,0.00006104
-0.42748653,-0.01770074
-0.42716653,0.00006104
-0.42684653,0.00006104
-0.42652653,0.00006104
-0.42620653,0.00006104
-0.42588653,0.00006104
-0.42556653,0.00006104
-0.42524653,0.00006104
-0.42492653,0.00006104
-0.42460653,0.00006104
-0.42428653,-0.01770074
-0.42396653,0.00006104
-0.42364653,0.00006104
-0.42332653,0.00006104
-0.42300653,0.00006104
-0.42268653,0.00006104
-0.42236653,0.00006104
-0.42204653,0.00006104
-0.42172653,0.00006104
-0.42140653,0.00006104
-0.42108653,0.00006104
-0.42076653,0.00006104
-0.42044653,0.00006104
-0.42012653,-0.01770074
-0.41980653,-0.01770074
-0.41948653,0.00006104
-0.41916653,0.00006104
-0.41884653,0.00006104
-0.41852653,0.00006104
-0.41820653,0.00006104
-0.41788653,0.00006104
-0.41756653,0.00006104
-0.41724653,0.00006104
-0.41692653,0.00006104
-0.41660653,0.00006104
-0.41628653,0.00006104
-0.41596653,0.00006104
-0.41564653,0.00006104
-0.41532653,-0.01770074
-0.41500653,0.00006104
-0.41468653,0.00006104
-0.41436653,0.00006104
-0.41404653,0.00006104
-0.41372653,0.00006104
-0.41340653,0.00006104
-0.41308653,0.00006104
-0.41276653,0.00006104
-0.41244653,0.00006104
-0.41212653,0.00006104
-0.41180653,0.00006104
-0.41148653,0.00006104
-0.41116653,0.00006104
-0.41084653,0.00006104
-0.41052653,0.00006104
-0.41020653,0.00006104
-0.40988653,-0.01770074
-0.40956653,0.00006104
-0.40924653,-0.01770074
-0.40892653,0.00006104
-0.40860653,0.00006104
-0.40828653,0.00006104
-0.40796653,0.00006104
-0.40764653,0.00006104
-0.40732653,0.00006104
-0.40700653,0.00006104
-0.40668653,0.00006104
-0.40636653,0.00006104
-0.40604653,0.00006104
-0.40572653,-0.01770074
-0.40540653,0.00006104
-0.40508653,0.00006104
-0.40476653,0.00006104
-0.40444653,0.00006104
-0.40412653,0.00006104
-0.40380653,0.00006104
-0.40348653,0.00006104
-0.40316653,0.00006104
-0.40284653,0.00006104
-0.40252653,0.00006104
-0.40220653,0.00006104
-0.40188653,0.00006104
-0.40156653,0.00006104
-0.40124653,0.00006104
-0.40092653,0.00006104
-0.40060653,0.00006104
-0.40028653,0.00006104
-0.39996653,0.00006104
-0.39964653,-0.01770074
-0.39932653,0.00006104
-0.39900653,-0.01770074
-0.39868653,0.00006104
-0.39836653,0.00006104
-0.39804653,0.00006104
-0.39772653,0.00006104
-0.39740653,0.00006104
-0.39708653,0.00006104
-0.39676653,-0.01770074
-0.39644653,0.00006104
-0.39612653,0.00006104
-0.39580653,0.00006104
-0.39548653,0.00006104
-0.39516653,0.00006104
-0.39484653,0.00006104
-0.39452653,0.00006104
-0.39420653,0.00006104
-0.39388653,0.00006104
-0.39356653,0.00006104
-0.39324653,0.00006104
-0.39292653,0.00006104
-0.39260653,0.00006104
-0.39228653,0.00006104
-0.39196653,-0.01770074
-0.39164653,0.00006104
-0.39132653,-0.01770074
-0.39100653,0.00006104
-0.39068653,0.00006104
-0.39036653,0.00006104
-0.39004653,-0.01770074
-0.38972653,0.00006104
-0.38940653,0.00006104
-0.38908653,0.00006104
-0.38876653,0.00006104
-0.38844653,0.00006104
-0.38812653,0.00006104
-0.38780653,0.00006104
-0.38748653,-0.01770074
-0.38716653,0.00006104
-0.38684653,0.00006104
-0.38652653,0.00006104
-0.38620653,0.00006104
-0.38588653,0.00006104
-0.38556653,0.00006104
-0.38524653,0.00006104
-0.38492653,0.00006104
-0.38460653,0.00006104
-0.38428653,0.00006104
-0.38396653,0.00006104
-0.38364653,0.00006104
-0.38332653,0.00006104
-0.38300653,0.00006104
-0.38268653,0.00006104
-0.38236653,0.00006104
-0.38204653,-0.01770074
-0.38172653,0.00006104
-0.38140653,0.00006104
-0.38108653,0.00006104
-0.38076653,0.00006104
-0.38044653,0.00006104
-0.38012653,0.00006104
-0.37980653,-0.01770074
-0.37948653,0.00006104
-0.37916653,0.00006104
-0.37884653,-0.01770074
-0.37852653,0.00006104
-0.37820653,0.00006104
-0.37788653,0.00006104
-0.37756653,0.00006104
-0.37724653,0.00006104
-0.37692653,0.00006104
-0.37660653,0.00006104
-0.37628653,0.00006104
-0.37596653,0.00006104
-0.37564653,-0.01770074
-0.37532653,0.00006104
-0.37500653,0.00006104
-0.37468653,-0.01770074
-0.37436653,0.00006104
-0.37404653,0.00006104
-0.37372653,0.00006104
-0.37340653,0.00006104
-0.37308653,0.00006104
-0.37276653,0.00006104
-0.37244653,0.00006104
-0.37212653,0.00006104
-0.37180653,0.00006104
-0.37148653,0.00006104
-0.37116653,0.00006104
-0.37084653,0.00006104
-0.37052653,0.00006104
-0.37020653,0.00006104
-0.36988653,-0.01770074
-0.36956653,0.00006104
-0.36924653,0.00006104
-0.36892653,0.00006104
-0.36860653,0.00006104
-0.36828653,0.00006104
-0.36796653,0.00006104
-0.36764653,0.00006104
-0.36732653,0.00006104
-0.36700653,0.00006104
-0.36668653,0.00006104
-0.36636653,0.00006104
-0.36604653,0.00006104
-0.36572653,0.00006104
-0.36540653,0.00006104
-0.36508653,0.00006104
-0.36476653,0.00006104
-0.36444653,0.00006104
-0.36412653,0.00006104
-0.36380653,0.00006104
-0.36348653,0.00006104
-0.36316653,0.00006104
-0.36284653,0.00006104
-0.36252653,0.00006104
-0.36220653,0.00006104
-0.36188653,0.00006104
-0.36156653,0.00006104
-0.36124653,0.00006104
-0.36092653,0.00006104
-0.36060653,0.00006104
-0.36028653,0.00006104
-0.35996653,0.00006104
-0.35964653,0.00006104
-0.35932653,0.00006104
-0.35900653,0.00006104
-0.35868653,0.00006104
-0.35836653,0.00006104
-0.35804653,-0.01770074
-0.35772653,0.00006104
-0.35740653,-0.01770074
-0.35708653,0.00006104
-0.35676653,0.00006104
-0.35644653,0.00006104
-0.35612653,0.00006104
-0.35580653,0.00006104
-0.35548653,0.00006104
-0.35516653,0.00006104
-0.35484653,0.00006104
-0.35452653,0.00006104
-0.35420653,0.00006104
-0.35388653,0.00006104
-0.35356653,0.00006104
-0.35324653,0.00006104
-0.35292653,0.00006104
-0.35260653,0.00006104
-0.35228653,0.00006104
-0.35196653,0.00006104
-0.35164653,0.00006104
-0.35132653,0.00006104
-0.35100653,-0.01770074
-0.35068653,0.00006104
-0.35036653,0.00006104
-0.35004653,0.00006104
-0.34972653,0.00006104
-0.34940653,0.00006104
-0.34908653,0.00006104
-0.34876653,0.00006104
-0.34844653,0.00006104
-0.34812653,0.00006104
-0.34780653,0.00006104
-0.34748653,0.00006104
-0.34716653,0.00006104
-0.34684653,0.00006104
-0.34652653,-0.01770074
-0.34620653,0.00006104
-0.34588653,0.00006104
-0.34556653,0.00006104
-0.34524653,-0.01770074
-0.34492653,0.00006104
-0.34460653,-0.01770074
-0.34428653,0.00006104
-0.34396653,0.00006104
-0.34364653,0.00006104
-0.34332653,0.00006104
-0.34300653,0.00006104
-0.34268653,0.00006104
-0.34236653,0.00006104
-0.34204653,0.00006104
-0.34172653,0.00006104
-0.34140653,0.00006104
-0.34108653,0.00006104
-0.34076653,-0.01770074
-0.34044653,-0.01770074
-0.34012653,0.00006104
-0.33980653,0.00006104
-0.33948653,0.00006104
-0.33916653,0.00006104
-0.33884653,0.00006104
-0.33852653,0.00006104
-0.33820653,0.00006104
-0.33788653,0.00006104
-0.33756653,0.00006104
-0.33724653,0.00006104
-0.33692653,0.00006104
-0.33660653,0.00006104
-0.33628653,0.00006104
-0.33596653,-0.01770074
-0.33564653,0.00006104
-0.33532653,0.00006104
-0.33500653,0.00006104
-0.33468653,0.00006104
-0.33436653,0.00006104
-0.33404653,0.00006104
-0.33372653,0.00006104
-0.33340653,0.00006104
-0.33308653,0.00006104
-0.33276653,0.00006104
-0.33244653,-0.01770074
-0.33212653,0.00006104
-0.33180653,0.00006104
-0.33148653,-0.01770074
-0.33116653,0.00006104
-0.33084653,0.00006104
-0.33052653,0.00006104
-0.33020653,0.00006104
-0.32988653,0.00006104
-0.32956653,0.00006104
-0.32924653,0.00006104
-0.32892653,-0.01770074
-0.32860653,0.00006104
-0.32828653,0.00006104
-0.32796653,0.00006104
-0.32764653,0.00006104
-0.32732653,-0.01770074
-0.32700653,0.00006104
-0.32668653,0.00006104
-0.32636653,0.00006104
-0.32604653,0.00006104
-0.32572653,0.00006104
-0.32540653,0.00006104
-0.32508653,0.00006104
-0.32476653,0.00006104
-0.32444653,0.00006104
-0.32412653,0.00006104
-0.32380653,0.00006104
-0.32348653,0.00006104
-0.32316653,0.00006104
-0.32284653,0.00006104
-0.32252653,0.00006104
-0.32220653,0.00006104
-0.32188653,0.00006104
-0.32156653,0.00006104
-0.32124653,0.00006104
-0.32092653,0.00006104
-0.32060653,0.00006104
-0.32028653,0.00006104
-0.31996653,0.00006104
-0.31964653,0.00006104
-0.31932653,0.00006104
-0.31900653,0.00006104
-0.31868653,0.00006104
-0.31836653,0.00006104
-0.31804653,0.00006104
-0.31772653,0.00006104
-0.31740653,0.00006104
-0.31708653,0.00006104
-0.31676653,0.00006104
-0.31644653,0.00006104
-0.31612653,0.00006104
-0.31580653,0.00006104
-0.31548653,0.00006104
-0.31516653,0.00006104
-0.31484653,0.00006104
-0.31452653,0.00006104
-0.31420653,0.00006104
-0.31388653,0.00006104
-0.31356653,0.00006104
-0.31324653,0.00006104
-0.31292653,-0.01770074
-0.31260653,0.00006104
-0.31228653,0.00006104
-0.31196653,0.00006104
-0.31164653,0.00006104
-0.31132653,0.00006104
-0.31100653,-0.01770074
-0.31068653,0.00006104
-0.31036653,0.00006104
-0.31004653,0.00006104
-0.30972653,0.00006104
-0.30940653,0.00006104
-0.30908653,0.00006104
-0.30876653,0.00006104
-0.30844653,0.00006104
-0.30812653,-0.01770074
-0.30780653,0.00006104
-0.30748653,0.00006104
-0.30716653,0.00006104
-0.30684653,0.00006104
-0.30652653,0.00006104
-0.30620653,0.00006104
-0.30588653,0.00006104
-0.30556653,0.00006104
-0.30524653,0.00006104
-0.30492653,0.00006104
-0.30460653,0.00006104
-0.30428653,0.00006104
-0.30396653,0.00006104
-0.30364653,0.00006104
-0.30332653,0.00006104
-0.30300653,0.00006104
-0.30268653,0.00006104
-0.30236653,0.00006104
-0.30204653,0.00006104
-0.30172653,-0.01770074
-0.30140653,-0.01770074
-0.30108653,0.00006104
-0.30076653,0.00006104
-0.30044653,0.00006104
-0.30012653,0.00006104
-0.29980653,0.00006104
-0.29948653,-0.01770074
-0.29916653,0.00006104
-0.29884653,0.00006104
-0.29852653,0.00006104
-0.29820653,0.00006104
-0.29788653,0.00006104
-0.29756653,-0.01770074
-0.29724653,0.00006104
-0.29692653,0.00006104
-0.29660653,0.00006104
-0.29628653,0.00006104
-0.29596653,0.00006104
-0.29564653,0.00006104
-0.29532653,0.00006104
-0.29500653,0.00006104
-0.29468653,0.00006104
-0.29436653,0.00006104
-0.29404653,0.00006104
-0.29372653,0.00006104
-0.29340653,0.00006104
-0.29308653,-0.01770074
-0.29276653,0.00006104
-0.29244653,0.00006104
-0.29212653,0.00006104
-0.29180653,0.00006104
-0.29148653,0.00006104
-0.29116653,0.00006104
-0.29084653,-0.01770074
-0.29052653,0.00006104
-0.29020653,-0.01770074
-0.28988653,0.00006104
-0.28956653,0.00006104
-0.28924653,0.00006104
-0.28892653,0.00006104
-0.28860653,0.00006104
-0.28828653,0.00006104
-0.28796653,0.00006104
-0.28764653,0.00006104
-0.28732653,0.00006104
-0.28700653,0.00006104
-0.28668653,0.00006104
-0.28636653,0.00006104
-0.28604653,0.00006104
-0.28572653,0.00006104
-0.28540653,0.00006104
-0.28508653,0.00006104
-0.28476653,0.00006104
-0.28444653,0.00006104
-0.28412653,0.00006104
-0.28380653,0.00006104
-0.28348653,0.00006104
-0.28316653,0.00006104
-0.28284653,0.00006104
-0.28252653,0.00006104
-0.28220653,0.00006104
-0.28188653,0.00006104
-0.28156653,0.00006104
-0.28124653,0.00006104
-0.28092653,0.00006104
-0.28060653,0.00006104
-0.28028653,0.00006104
-0.27996653,0.00006104
-0.27964653,0.00006104
-0.27932653,0.00006104
-0.27900653,0.00006104
-0.27868653,0.00006104
-0.27836653,0.00006104
-0.27804653,0.00006104
-0.27772653,0.00006104
-0.27740653,0.00006104
-0.27708653,0.00006104
-0.27676653,0.00006104
-0.27644653,0.00006104
-0.27612653,0.00006104
-0.27580653,0.00006104
-0.27548653,0.00006104
-0.27516653,0.00006104
-0.27484653,0.00006104
-0.27452653,0.00006104
-0.27420653,0.00006104
-0.27388653,-0.01770074
-0.27356653,0.00006104
-0.27324653,0.00006104
-0.27292653,-0.01770074
-0.27260653,-0.01770074
-0.27228653,0.00006104
-0.27196653,0.00006104
-0.27164653,0.00006104
-0.27132653,0.00006104
-0.27100653,0.00006104
-0.27068653,0.00006104
-0.27036653,0.00006104
-0.27004653,0.00006104
-0.26972653,0.00006104
-0.26940653,0.00006104
-0.26908653,0.00006104
-0.26876653,0.00006104
-0.26844653,-0.01770074
-0.26812653,0.00006104
-0.26780653,0.00006104
-0.26748653,0.00006104
-0.26716653,0.00006104
-0.26684653,0.00006104
-0.26652653,0.00006104
-0.26620653,0.00006104
-0.26588653,0.00006104
-0.26556653,0.00006104
-0.26524653,0.00006104
-0.26492653,0.00006104
-0.26460653,0.00006104
-0.26428653,0.01788385
-0.26396653,0.00006104
-0.26364653,-0.01770074
-0.26332653,0.00006104
-0.26300653,0.00006104
-0.26268653,0.00006104
-0.26236653,0.00006104
-0.26204653,0.00006104
-0.26172653,0.00006104
-0.26140653,0.00006104
-0.26108653,0.00006104
-0.26076653,0.00006104
-0.26044653,0.00006104
-0.26012653,0.00006104
-0.25980653,0.00006104
-0.25948653,0.00006104
-0.25916653,0.00006104
-0.25884653,0.00006104
-0.25852653,0.00006104
-0.25820653,0.00006104
-0.25788653,0.00006104
-0.25756653,0.00006104
-0.25724653,0.00006104
-0.25692653,0.00006104
-0.25660653,0.00006104
-0.25628653,0.00006104
-0.25596653,0.00006104
-0.25564653,0.00006104
-0.25532653,0.00006104
-0.25500653,0.00006104
-0.25468653,0.00006104
-0.25436653,0.00006104
-0.25404653,0.00006104
-0.25372653,0.00006104
-0.25340653,0.00006104
-0.25308653,0.00006104
-0.25276653,0.00006104
-0.25244653,0.00006104
-0.25212653,0.00006104
-0.25180653,0.00006104
-0.25148653,-0.01770074
-0.25116653,0.00006104
-0.25084653,0.00006104
-0.25052653,0.00006104
-0.25020653,0.00006104
-0.24988653,0.00006104
-0.24956653,0.00006104
-0.24924653,0.00006104
-0.24892653,0.00006104
-0.24860653,0.00006104
-0.24828653,0.00006104
-0.24796653,0.00006104
-0.24764653,0.00006104
-0.24732653,0.00006104
-0.24700653,0.00006104
-0.24668653,0.00006104
-0.24636653,0.00006104
-0.24604653,0.00006104
-0.24572653,0.00006104
-0.24540653,0.00006104
-0.24508653,0.00006104
-0.24476653,0.00006104
-0.24444653,0.00006104
-0.24412653,0.00006104
-0.24380653,0.00006104
-0.24348653,0.00006104
-0.24316653,0.00006104
-0.24284653,0.00006104
-0.24252653,0.00006104
-0.24220653,0.00006104
-0.24188653,0.00006104
-0.24156653,0.00006104
-0.24124653,0.00006104
-0.24092653,0.00006104
-0.24060653,0.00006104
-0.24028653,0.00006104
-0.23996653,0.00006104
-0.23964653,0.00006104
-0.23932653,0.00006104
-0.23900653,0.00006104
-0.23868653,0.00006104
-0.23836653,0.00006104
-0.23804653,0.00006104
-0.23772653,0.00006104
-0.23740653,0.00006104
-0.23708653,0.00006104
-0.23676653,0.00006104
-0.23644653,0.00006104
-0.23612653,0.00006104
-0.23580653,0.00006104
-0.23548653,0.00006104
-0.23516653,0.00006104
-0.23484653,-0.01770074
-0.23452653,-0.01770074
-0.23420653,0.00006104
-0.23388653,0.00006104
-0.23356653,0.00006104
-0.23324653,0.00006104
-0.23292653,-0.01770074
-0.23260653,0.00006104
-0.23228653,-0.01770074
-0.23196653,0.00006104
-0.23164653,-0.01770074
-0.23132653,0.00006104
-0.23100653,0.00006104
-0.23068653,0.00006104
-0.23036653,0.00006104
-0.23004653,0.00006104
-0.22972653,0.00006104
-0.22940653,0.00006104
-0.22908653,0.00006104
-0.22876653,0.00006104
-0.22844653,0.00006104
-0.22812653,0.00006104
-0.22780653,0.00006104
-0.22748653,0.00006104
-0.22716653,0.00006104
-0.22684653,0.00006104
-0.22652653,-0.01770074
-0.22620653,-0.01770074
-0.22588653,0.00006104
-0.22556653,-0.01770074
-0.22524653,-0.01770074
-0.22492653,0.00006104
-0.22460653,0.00006104
-0.22428653,0.00006104
-0.22396653,0.00006104
-0.22364653,0.00006104
-0.22332653,0.00006104
-0.22300653,0.00006104
-0.22268653,0.00006104
-0.22236653,0.00006104
-0.22204653,0.00006104
-0.22172653,0.00006104
-0.22140653,0.00006104
-0.22108653,0.00006104
-0.22076653,0.00006104
-0.22044653,0.00006104
-0.22012653,0.00006104
-0.21980653,0.00006104
-0.21948653,0.00006104
-0.21916653,0.00006104
-0.21884653,0.00006104
-0.21852653,0.00006104
-0.21820653,0.00006104
-0.21788653,-0.01770074
-0.21756653,0.00006104
-0.21724653,0.00006104
-0.21692653,-0.01770074
-0.21660653,-0.01770074
-0.21628653,0.00006104
-0.21596653,0.00006104
-0.21564653,0.00006104
-0.21532653,0.00006104
-0.21500653,0.00006104
-0.21468653,0.00006104
-0.21436653,0.00006104
-0.21404653,0.00006104
-0.21372653,0.00006104
-0.21340653,0.00006104
-0.21308653,0.00006104
-0.21276653,0.00006104
-0.21244653,0.00006104
-0.21212653,0.00006104
-0.21180653,0.00006104
-0.21148653,0.00006104
-0.21116653,0.00006104
-0.21084653,0.00006104
-0.21052653,0.00006104
-0.21020653,-0.01770074
-0.20988653,0.00006104
-0.20956653,0.00006104
-0.20924653,0.00006104
-0.20892653,0.00006104
-0.20860653,-0.01770074
-0.20828653,-0.01770074
-0.20796653,0.00006104
-0.20764653,0.00006104
-0.20732653,0.00006104
-0.20700653,0.00006104
-0.20668653,0.00006104
-0.20636653,0.00006104
-0.20604653,0.00006104
-0.20572653,0.00006104
-0.20540653,-0.01770074
-0.20508653,0.00006104
-0.20476653,0.00006104
-0.20444653,0.00006104
-0.20412653,0.00006104
-0.20380653,0.00006104
-0.20348653,0.00006104
-0.20316653,0.00006104
-0.20284653,0.00006104
-0.20252653,0.00006104
-0.20220653,0.00006104
-0.20188653,0.00006104
-0.20156653,-0.01770074
-0.20124653,0.00006104
-0.20092653,0.00006104
-0.20060653,0.00006104
-0.20028653,0.00006104
-0.19996653,0.00006104
-0.19964653,0.00006104
-0.19932653,0.00006104
-0.19900653,0.00006104
-0.19868653,0.00006104
-0.19836653,0.00006104
-0.19804653,0.00006104
-0.19772653,0.00006104
-0.19740653,0.00006104
-0.19708653,0.00006104
-0.19676653,0.00006104
-0.19644653,0.00006104
-0.19612653,0.00006104
-0.19580653,0.00006104
-0.19548653,0.00006104
-0.19516653,0.00006104
-0.19484653,0.00006104
-0.19452653,0.00006104
-0.19420653,0.00006104
-0.19388653,-0.01770074
-0.19356653,0.00006104
-0.19324653,0.00006104
-0.19292653,0.00006104
-0.19260653,0.00006104
-0.19228653,-0.01770074
-0.19196653,0.00006104
-0.19164653,0.00006104
-0.19132653,0.00006104
-0.19100653,0.00006104
-0.19068653,0.00006104
-0.19036653,0.00006104
-0.19004653,0.00006104
-0.18972653,0.00006104
-0.18940653,0.00006104
-0.18908653,0.00006104
-0.18876653,0.00006104
-0.18844653,0.00006104
-0.18812653,0.00006104
-0.18780653,0.00006104
-0.18748653,0.00006104
-0.18716653,0.00006104
-0.18684653,0.00006104
-0.18652653,0.00006104
-0.18620653,0.00006104
-0.18588653,0.00006104
-0.18556653,0.00006104
-0.18524653,0.00006104
-0.18492653,0.00006104
-0.18460653,0.00006104
-0.18428653,0.00006104
-0.18396653,0.00006104
-0.18364653,0.00006104
-0.18332653,0.00006104
-0.18300653,0.00006104
-0.18268653,0.00006104
-0.18236653,0.00006104
-0.18204653,0.00006104
-0.18172653,0.00006104
-0.18140653,0.00006104
-0.18108653,0.00006104
-0.18076653,-0.01770074
-0.18044653,0.00006104
-0.18012653,0.00006104
-0.17980653,0.00006104
-0.17948653,0.00006104
-0.17916653,0.00006104
-0.17884653,0.00006104
-0.17852653,0.00006104
-0.17820653,0.00006104
-0.17788653,0.00006104
-0.17756653,0.00006104
-0.17724653,0.00006104
-0.17692653,0.00006104
-0.17660653,0.00006104
-0.17628653,0.00006104
-0.17596653,0.00006104
-0.17564653,0.00006104
-0.17532653,0.00006104
-0.17500653,0.00006104
-0.17468653,0.00006104
-0.17436653,0.00006104
-0.17404653,0.00006104
-0.17372653,0.00006104
-0.17340653,0.00006104
-0.17308653,0.00006104
-0.17276653,-0.01770074
-0.17244653,0.00006104
-0.17212653,0.00006104
-0.17180653,0.00006104
-0.17148653,0.00006104
-0.17116653,0.00006104
-0.17084653,0.00006104
-0.17052653,0.00006104
-0.17020653,0.00006104
-0.16988653,0.00006104
-0.16956653,0.00006104
-0.16924653,0.00006104
-0.16892653,-0.01770074
-0.16860653,0.00006104
-0.16828653,0.00006104
-0.16796653,0.00006104
-0.16764653,0.00006104
-0.16732653,0.00006104
-0.16700653,0.00006104
-0.16668653,0.00006104
-0.16636653,0.00006104
-0.16604653,0.00006104
-0.16572653,-0.01770074
-0.16540653,0.00006104
-0.16508653,0.00006104
-0.16476653,0.00006104
-0.16444653,0.00006104
-0.16412653,0.00006104
-0.16380653,-0.01770074
-0.16348653,0.00006104
-0.16316653,0.00006104
-0.16284653,0.00006104
-0.16252653,0.00006104
-0.16220653,0.00006104
-0.16188653,0.00006104
-0.16156653,0.00006104
-0.16124653,0.00006104
-0.16092653,0.00006104
-0.16060653,0.00006104
-0.16028653,0.00006104
-0.15996653,0.00006104
-0.15964653,0.00006104
-0.15932653,0.00006104
-0.15900653,0.00006104
-0.15868653,0.00006104
-0.15836653,0.00006104
-0.15804653,0.00006104
-0.15772653,0.00006104
-0.15740653,0.00006104
-0.15708653,0.00006104
-0.15676653,0.00006104
-0.15644653,0.00006104
-0.15612653,0.00006104
-0.15580653,0.00006104
-0.15548653,0.00006104
-0.15516653,0.00006104
-0.15484653,0.00006104
-0.15452653,0.00006104
-0.15420653,0.00006104
-0.15388653,0.00006104
-0.15356653,0.00006104
-0.15324653,0.00006104
-0.15292653,-0.01770074
-0.15260653,0.00006104
-0.15228653,0.00006104
-0.15196653,-0.01770074
-0.15164653,0.00006104
-0.15132653,0.00006104
-0.15100653,0.00006104
-0.15068653,0.00006104
-0.15036653,0.00006104
-0.15004653,0.00006104
-0.14972653,0.00006104
-0.14940653,0.00006104
-0.14908653,0.00006104
-0.14876653,-0.01770074
-0.14844653,0.00006104
-0.14812653,0.00006104
-0.14780653,0.00006104
-0.14748653,0.00006104
-0.14716653,0.00006104
-0.14684653,0.00006104
-0.14652653,0.00006104
-0.14620653,0.00006104
-0.14588653,0.00006104
-0.14556653,0.00006104
-0.14524653,0.00006104
-0.14492653,0.00006104
-0.14460653,0.00006104
-0.14428653,0.00006104
-0.14396653,0.00006104
-0.14364653,0.00006104
-0.14332653,0.00006104
-0.14300653,0.00006104
-0.14268653,0.00006104
-0.14236653,0.00006104
-0.14204653,0.00006104
-0.14172653,0.00006104
-0.14140653,0.00006104
-0.14108653,0.00006104
-0.14076653,0.00006104
-0.14044653,0.00006104
-0.14012653,0.00006104
-0.13980653,0.00006104
-0.13948653,0.00006104
-0.13916653,0.00006104
-0.13884653,0.00006104
-0.13852653,0.00006104
-0.13820653,0.00006104
-0.13788653,0.00006104
-0.13756653,0.00006104
-0.13724653,0.00006104
-0.13692653,0.00006104
-0.13660653,0.00006104
-0.13628653,0.00006104
-0.13596653,0.00006104
-0.13564653,0.00006104
-0.13532653,-0.01770074
-0.13500653,0.00006104
-0.13468653,0.00006104
-0.13436653,0.00006104
-0.13404653,0.00006104
-0.13372653,0.00006104
-0.13340653,0.00006104
-0.13308653,0.00006104
-0.13276653,-0.01770074
-0.13244653,0.00006104
-0.13212653,0.00006104
-0.13180653,0.00006104
-0.13148653,0.00006104
-0.13116653,0.00006104
-0.13084653,0.00006104
-0.13052653,0.00006104
-0.13020653,0.00006104
-0.12988653,0.00006104
-0.12956653,0.00006104
-0.12924653,0.00006104
-0.12892653,0.00006104
-0.12860653,0.00006104
-0.12828653,0.00006104
-0.12796653,0.00006104
-0.12764653,0.00006104
-0.12732653,0.00006104
-0.12700653,0.00006104
-0.12668653,0.00006104
-0.12636653,0.00006104
-0.12604653,0.00006104
-0.12572653,0.00006104
-0.12540653,0.00006104
-0.12508653,0.00006104
-0.12476653,0.00006104
-0.12444653,0.00006104
-0.12412653,0.00006104
-0.12380653,0.00006104
-0.12348653,0.00006104
-0.12316653,0.00006104
-0.12284653,0.00006104
-0.12252653,0.00006104
-0.12220653,0.00006104
-0.12188653,0.00006104
-0.12156653,0.00006104
-0.12124653,0.00006104
-0.12092653,0.00006104
-0.12060653,0.00006104
-0.12028653,0.00006104
-0.11996653,0.00006104
-0.11964653,0.00006104
-0.11932653,0.00006104
-0.11900653,0.00006104
-0.11868653,0.00006104
-0.11836653,0.00006104
-0.11804653,0.00006104
-0.11772653,0.00006104
-0.11740653,0.00006104
-0.11708653,0.00006104
-0.11676654,0.00006104
-0.11644654,0.00006104
-0.11612654,0.00006104
-0.11580654,0.00006104
-0.11548654,0.00006104
-0.11516654,0.00006104
-0.11484654,0.00006104
-0.11452654,0.00006104
-0.11420654,0.00006104
-0.11388654,0.00006104
-0.11356654,0.00006104
-0.11324654,0.00006104
-0.11292654,0.00006104
-0.11260654,-0.01770074
-0.11228654,0.00006104
-0.11196654,0.00006104
-0.11164654,0.00006104
-0.11132654,-0.01770074
-0.11100654,0.00006104
-0.11068654,0.00006104
-0.11036654,0.00006104
-0.11004654,0.00006104
-0.10972654,0.00006104
-0.10940654,0.00006104
-0.10908654,0.00006104
-0.10876654,0.00006104
-0.10844654,0.00006104
-0.10812654,0.00006104
-0.10780654,0.00006104
-0.10748654,0.00006104
-0.10716654,0.00006104
-0.10684654,0.00006104
-0.10652654,0.00006104
-0.10620654,0.00006104
-0.10588654,0.00006104
-0.10556654,0.00006104
-0.10524654,0.00006104
-0.10492654,0.00006104
-0.10460654,0.00006104
-0.10428654,0.00006104
-0.10396654,0.00006104
-0.10364654,0.00006104
-0.10332654,0.00006104
-0.10300654,0.00006104
-0.10268654,0.00006104
-0.10236654,0.00006104
-0.10204654,0.00006104
-0.10172654,0.00006104
-0.10140654,0.00006104
-0.10108654,0.00006104
-0.10076654,-0.01770074
-0.10044654,0.00006104
-0.10012654,0.00006104
-0.09980654,-0.01770074
-0.09948654,0.00006104
-0.09916654,0.00006104
-0.09884654,-0.01770074
-0.09852654,0.00006104
-0.09820654,0.00006104
-0.09788654,0.00006104
-0.09756654,0.00006104
-0.09724654,0.00006104
-0.09692654,0.00006104
-0.09660654,0.00006104
-0.09628654,0.00006104
-0.09596654,0.00006104
-0.09564654,0.00006104
-0.09532654,0.00006104
-0.09500654,-0.01770074
-0.09468654,0.00006104
-0.09436654,0.00006104
-0.09404654,0.00006104
-0.09372654,0.00006104
-0.09340654,0.00006104
-0.09308654,0.00006104
-0.09276654,0.00006104
-0.09244654,0.00006104
-0.09212654,0.00006104
-0.09180654,0.00006104
-0.09148654,0.00006104
-0.09116654,0.00006104
-0.09084654,0.00006104
-0.09052654,0.00006104
-0.09020654,0.00006104
-0.08988654,0.00006104
-0.08956654,0.00006104
-0.08924654,-0.01770074
-0.08892654,0.00006104
-0.08860654,0.00006104
-0.08828654,0.00006104
-0.08796654,0.00006104
-0.08764654,0.00006104
-0.08732654,0.00006104
-0.08700654,0.00006104
-0.08668654,0.00006104
-0.08636654,0.00006104
-0.08604654,0.00006104
-0.08572654,0.00006104
-0.08540654,0.00006104
-0.08508654,0.00006104
-0.08476654,-0.01770074
-0.08444654,0.00006104
-0.08412654,0.00006104
-0.08380654,0.00006104
-0.08348654,0.00006104
-0.08316654,-0.01770074
-0.08284654,0.00006104
-0.08252654,0.00006104
-0.08220654,0.00006104
-0.08188654,0.00006104
-0.08156654,0.00006104
-0.08124654,0.00006104
-0.08092654,0.00006104
-0.08060654,0.00006104
-0.08028654,0.00006104
-0.07996654,0.00006104
-0.07964654,0.00006104
-0.07932654,0.00006104
-0.07900654,0.00006104
-0.07868654,0.00006104
-0.07836654,0.00006104
-0.07804654,0.00006104
-0.07772654,0.00006104
-0.07740654,0.00006104
-0.07708654,0.00006104
-0.07676654,0.00006104
-0.07644654,0.00006104
-0.07612654,0.00006104
-0.07580654,0.00006104
-0.07548654,0.00006104
-0.07516654,0.00006104
-0.07484654,0.00006104
-0.07452654,-0.01770074
-0.07420654,0.00006104
-0.07388654,0.00006104
-0.07356654,0.00006104
-0.07324654,0.00006104
-0.07292654,0.00006104
-0.07260654,0.00006104
-0.07228654,0.00006104
-0.07196654,0.00006104
-0.07164654,-0.01770074
-0.07132654,0.00006104
-0.07100654,0.00006104
-0.07068654,0.00006104
-0.07036654,0.00006104
-0.07004654,0.00006104
-0.06972654,0.00006104
-0.06940654,0.00006104
-0.06908654,0.00006104
-0.06876654,0.00006104
-0.06844654,0.00006104
-0.06812654,0.00006104
-0.06780654,0.00006104
-0.06748654,0.00006104
-0.06716654,0.00006104
-0.06684654,0.00006104
-0.06652654,0.00006104
-0.06620654,0.00006104
-0.06588654,0.00006104
-0.06556654,0.00006104
-0.06524654,0.00006104
-0.06492654,0.00006104
-0.06460654,0.00006104
-0.06428654,0.00006104
-0.06396654,0.00006104
-0.06364654,-0.01770074
-0.06332654,0.00006104
-0.06300654,0.00006104
-0.06268654,0.00006104
-0.06236654,0.00006104
-0.06204654,0.00006104
-0.06172654,-0.01770074
-0.06140654,0.00006104
-0.06108654,0.00006104
-0.06076654,0.00006104
-0.06044654,0.00006104
-0.06012654,0.00006104
-0.05980654,0.00006104
-0.05948654,0.00006104
-0.05916654,0.00006104
-0.05884654,0.00006104
-0.05852654,0.00006104
-0.05820654,0.00006104
-0.05788654,0.00006104
-0.05756654,0.00006104
-0.05724654,0.00006104
-0.05692654,0.00006104
-0.05660654,0.00006104
-0.05628654,0.00006104
-0.05596654,0.00006104
-0.05564654,0.00006104
-0.05532654,0.00006104
-0.05500654,0.00006104
-0.05468654,0.00006104
-0.05436654,0.00006104
-0.05404654,0.00006104
-0.05372654,-0.01770074
-0.05340654,0.00006104
-0.05308654,0.00006104
-0.05276654,0.00006104
-0.05244654,0.00006104
-0.05212654,-0.01770074
-0.05180654,0.00006104
-0.05148654,0.00006104
-0.05116654,0.00006104
-0.05084654,0.00006104
-0.05052654,0.00006104
-0.05020654,0.00006104
-0.04988654,0.00006104
-0.04956654,-0.01770074
-0.04924654,0.00006104
-0.04892654,0.00006104
-0.04860654,0.00006104
-0.04828654,0.00006104
-0.04796654,0.00006104
-0.04764654,0.00006104
-0.04732654,-0.01770074
-0.04700654,0.00006104
-0.04668654,0.00006104
-0.04636654,0.00006104
-0.04604654,0.00006104
-0.04572654,0.00006104
-0.04540654,0.00006104
-0.04508654,0.00006104
-0.04476654,-0.01770074
-0.04444654,0.00006104
-0.04412654,0.00006104
-0.04380654,0.00006104
-0.04348654,0.00006104
-0.04316654,0.00006104
-0.04284654,0.00006104
-0.04252654,-0.01770074
-0.04220654,0.00006104
-0.04188654,0.00006104
-0.04156654,0.00006104
-0.04124654,0.00006104
-0.04092654,0.00006104
-0.04060654,0.00006104
-0.04028654,0.00006104
-0.03996654,-0.01770074
-0.03964654,0.00006104
-0.03932654,0.00006104
-0.03900654,0.00006104
-0.03868654,0.00006104
-0.03836654,0.00006104
-0.03804654,0.00006104
-0.03772654,0.00006104
-0.03740654,0.00006104
-0.03708654,0.00006104
-0.03676654,0.00006104
-0.03644654,0.00006104
-0.03612654,-0.01770074
-0.03580654,0.00006104
-0.03548654,0.00006104
-0.03516654,0.00006104
-0.03484654,0.00006104
-0.03452654,-0.01770074
-0.03420654,0.00006104
-0.03388654,0.00006104
-0.03356654,0.00006104
-0.03324654,0.00006104
-0.03292654,0.00006104
-0.03260654,0.00006104
-0.03228654,0.00006104
-0.03196654,0.00006104
-0.03164654,0.00006104
-0.03132654,0.00006104
-0.03100654,0.00006104
-0.03068654,0.00006104
-0.03036654,0.00006104
-0.03004654,0.00006104
-0.02972654,0.00006104
-0.02940654,0.00006104
-0.02908654,0.00006104
-0.02876654,0.00006104
-0.02844654,0.00006104
-0.02812654,-0.01770074
-0.02780654,0.00006104
-0.02748654,0.00006104
-0.02716654,0.00006104
-0.02684654,0.00006104
-0.02652654,0.00006104
-0.02620654,0.00006104
-0.02588654,0.00006104
-0.02556654,0.00006104
-0.02524654,-0.01770074
-0.02492654,0.00006104
-0.02460654,0.00006104
-0.02428654,0.00006104
-0.02396654,0.00006104
-0.02364654,0.00006104
-0.02332654,0.00006104
-0.02300654,0.00006104
-0.02268654,0.00006104
-0.02236654,0.00006104
-0.02204654,0.00006104
-0.02172654,0.00006104
-0.02140654,-0.01770074
-0.02108654,0.00006104
-0.02076654,0.00006104
-0.02044654,0.00006104
-0.02012654,0.00006104
-0.01980654,0.00006104
-0.01948654,-0.01770074
-0.01916654,0.00006104
-0.01884654,0.00006104
-0.01852654,0.00006104
-0.01820654,0.00006104
-0.01788654,0.00006104
-0.01756654,0.00006104
-0.01724654,0.00006104
-0.01692654,0.00006104
-0.01660654,0.00006104
-0.01628654,0.00006104
-0.01596654,0.00006104
-0.01564654,0.00006104
-0.01532654,0.00006104
-0.01500654,0.00006104
-0.01468654,0.00006104
-0.01436654,0.00006104
-0.01404654,0.00006104
-0.01372654,-0.01770074
-0.01340654,0.00006104
-0.01308654,0.00006104
-0.01276654,0.00006104
-0.01244654,0.00006104
-0.01212654,0.00006104
-0.01180654,0.00006104
-0.01148654,0.00006104
-0.01116654,0.00006104
-0.01084654,0.00006104
-0.01052654,0.00006104
-0.01020654,0.00006104
-0.00988654,-0.01770074
-0.00956654,0.00006104
-0.00924654,0.00006104
-0.00892654,0.00006104
-0.00860654,0.00006104
-0.00828654,0.00006104
-0.00796654,0.00006104
-0.00764654,0.00006104
-0.00732654,0.00006104
-0.00700654,0.00006104
-0.00668654,0.00006104
-0.00636654,-0.01770074
-0.00604654,0.00006104
-0.00572654,0.00006104
-0.00540654,0.00006104
-0.00508654,0.00006104
-0.00476654,0.00006104
-0.00444654,0.00006104
-0.00412654,0.00006104
-0.00380654,0.00006104
-0.00348654,0.00006104
-0.00316654,0.00006104
-0.00284654,0.00006104
-0.00252654,0.00006104
-0.00220654,-0.01770074
-0.00188654,0.00006104
-0.00156654,0.00006104
-0.00124654,0.39161351
-0.00092654,-0.62294382
-0.00060654,-0.46272165
-0.00028654,-0.16010010
0.00003346,0.00006104
0.00035346,0.03570665
0.00067346,0.00006104
0.00099346,-0.01770074
0.00131346,-0.01770074
0.00163346,-0.01770074
0.00195346,-0.83657336
0.00227346,-1.05014193
0.00259346,-1.56639302
0.00291346,-1.38840902
0.00323346,-0.46272165
0.00355346,0.03570665
0.00387346,0.08911405
0.00419346,0.05346843
0.00451346,0.03570665
0.00483346,0.01788385
0.00515346,0.01788385
0.00547346,0.01788385
0.00579346,0.03570665
0.00611346,0.03570665
0.00643346,0.03570665
0.00675346,0.03570665
0.00707346,0.01788385
0.00739346,0.00006104
0.00771346,0.00006104
0.00803346,0.01788385
0.00835346,0.01788385
0.00867346,0.03570665
0.00899346,0.05346843
0.00931346,0.07129124
0.00963346,0.07129124
0.00995346,0.07129124
0.01027346,0.03570665
0.01059346,0.07129124
0.01091346,0.03570665
0.01123346,0.03570665
0.01155346,0.07129124
0.01187346,0.07129124
0.01219346,0.03570665
0.01251346,0.03570665
0.01283346,0.03570665
0.01315346,0.03570665
0.01347346,0.00006104
0.01379346,-0.01770074
0.01411346,-0.01770074
0.01443346,-0.03552354
0.01475346,0.00006104
0.01507346,0.01788385
0.01539346,-0.01770074
0.01571346,0.03570665
0.01603346,0.01788385
0.01635346,-0.05334635
0.01667346,0.01788385
0.01699346,-0.01770074
0.01731346,-0.01770074
0.01763346,0.05346843
0.01795346,0.01788385
0.01827346,0.01788385
0.01859346,0.03570665
0.01891346,0.03570665
0.01923346,0.01788385
0.01955346,0.00006104
0.01987346,0.01788385
0.02019346,0.01788385
0.02051346,0.01788385
0.02083346,0.03570665
0.02115346,0.03570665
0.02147346,0.00006104
0.02179346,0.01788385
0.02211346,0.01788385
0.02243346,0.01788385
0.02275346,0.01788385
0.02307346,0.00006104
0.02339346,0.00006104
0.02371346,0.01788385
0.02403346,0.01788385
0.02435346,0.00006104
0.02467346,0.01788385
0.02499346,0.01788385
0.02531346,0.00006104
0.02563346,0.01788385
0.02595346,0.00006104
0.02627346,0.00006104
0.02659346,0.01788385
0.02691346,0.01788385
0.02723346,0.00006104
0.02755346,0.01788385
0.02787346,0.01788385
0.02819346,0.01788385
0.02851346,0.00006104
0.02883346,0.00006104
0.02915346,0.00006104
0.02947346,0.00006104
0.02979346,-0.01770074
0.03011346,-0.01770074
0.03043346,0.00006104
0.03075346,0.00006104
0.03107346,0.00006104
0.03139346,0.00006104
0.03171346,0.00006104
0.03203346,0.00006104
0.03235346,0.00006104
0.03267346,0.00006104
0.03299346,0.00006104
0.03331346,0.01788385
0.03363346,0.01788385
0.03395346,0.01788385
0.03427346,0.00006104
0.03459346,0.00006104
0.03491346,0.00006104
0.03523346,0.00006104
0.03555346,-0.01770074
0.03587346,0.00006104
0.03619346,0.01788385
0.03651346,0.00006104
0.03683346,0.00006104
0.03715346,0.00006104
0.03747346,0.00006104
0.03779346,0.01788385
0.03811346,0.01788385
0.03843346,0.00006104
0.03875346,0.00006104
0.03907346,0.00006104
0.03939346,0.00006104
0.03971346,0.00006104
0.04003346,0.00006104
0.04035346,0.00006104
0.04067346,0.00006104
0.04099346,0.00006104
0.04131346,0.00006104
0.04163346,0.00006104
0.04195346,-0.01770074
0.04227346,0.00006104
0.04259346,0.00006104
0.04291346,0.00006104
0.04323346,0.00006104
0.04355346,0.01788385
0.04387346,0.01788385
0.04419346,0.01788385
0.04451346,0.01788385
0.04483346,0.00006104
0.04515346,0.00006104
0.04547346,0.00006104
0.04579346,0.00006104
0.04611346,0.01788385
0.04643346,0.01788385
0.04675346,0.00006104
0.04707346,0.00006104
0.04739346,0.00006104
0.04771346,0.00006104
0.04803346,0.00006104
0.04835346,0.00006104
0.04867346,-0.01770074
0.04899346,0.00006104
0.04931346,0.00006104
0.04963346,0.00006104
0.04995346,0.00006104
0.05027346,0.00006104
0.05059346,0.00006104
0.05091346,0.00006104
0.05123346,0.00006104
0.05155346,0.00006104
0.05187346,0.00006104
0.05219346,0.00006104
0.05251346,0.00006104
0.05283346,0.00006104
0.05315346,0.00006104
0.05347346,0.00006104
0.05379346,0.00006104
0.05411346,0.00006104
0.05443346,0.00006104
0.05475346,0.00006104
0.05507346,0.00006104
0.05539346,0.00006104
0.05571346,0.00006104
0.05603346,-0.01770074
0.05635346,0.00006104
0.05667346,0.00006104
0.05699346,0.00006104
0.05731346,0.00006104
0.05763346,0.00006104
0.05795346,0.00006104
0.05827346,0.00006104
0.05859346,0.00006104
0.05891346,0.00006104
0.05923346,0.00006104
0.05955346,0.00006104
0.05987346,0.00006104
0.06019346,0.00006104
0.06051346,0.00006104
0.06083346,0.00006104
0.06115346,0.00006104
0.06147346,0.00006104
0.06179346,0.00006104
0.06211346,0.00006104
0.06243346,0.00006104
0.06275346,0.00006104
0.06307346,0.00006104
0.06339346,0.00006104
0.06371346,0.00006104
0.06403346,0.00006104
0.06435346,0.00006104
0.06467346,0.00006104
0.06499346,0.00006104
0.06531346,0.00006104
0.06563346,0.00006104
0.06595346,0.00006104
0.06627346,0.00006104
0.06659346,0.00006104
0.06691346,0.00006104
0.06723346,0.00006104
0.06755346,0.00006104
0.06787346,0.00006104
0.06819346,0.00006104
0.06851346,0.00006104
0.06883346,0.00006104
0.06915346,-0.01770074
0.06947346,0.00006104
0.06979346,0.00006104
0.07011346,0.00006104
0.07043346,0.00006104
0.07075346,0.00006104
0.07107346,0.00006104
0.07139346,0.00006104
0.07171346,0.00006104
0.07203346,0.00006104
0.07235346,0.00006104
0.07267346,-0.01770074
0.07299346,0.00006104
0.07331346,0.00006104
0.07363346,0.00006104
0.07395346,0.00006104
0.07427346,0.00006104
0.07459346,0.00006104
0.07491346,0.00006104
0.07523346,0.00006104
0.07555346,0.00006104
0.07587346,0.00006104
0.07619346,0.00006104
0.07651346,0.00006104
0.07683346,0.00006104
0.07715346,0.00006104
0.07747346,0.00006104
0.07779346,0.00006104
0.07811346,0.00006104
0.07843346,-0.01770074
0.07875346,0.00006104
0.07907346,-0.01770074
0.07939346,0.00006104
0.07971346,0.00006104
0.08003346,0.00006104
0.08035346,0.00006104
0.08067346,0.01788385
0.08099346,0.00006104
0.08131346,-0.01770074
0.08163346,0.00006104
0.08195346,0.00006104
0.08227346,0.00006104
0.08259346,0.00006104
0.08291346,0.00006104
0.08323346,0.00006104
0.08355346,0.00006104
0.08387346,0.00006104
0.08419346,0.00006104
0.08451346,0.00006104
0.08483346,0.00006104
0.08515346,0.00006104
0.08547346,0.00006104
0.08579346,0.00006104
0.08611346,0.00006104
0.08643346,0.00006104
0.08675346,0.00006104
0.08707346,0.00006104
0.08739346,0.00006104
0.08771346,0.00006104
0.08803346,0.00006104
0.08835346,0.00006104
0.08867346,0.00006104
0.08899346,0.00006104
0.08931346,0.00006104
0.08963346,0.00006104
0.08995346,0.00006104
0.09027346,0.00006104
0.09059346,0.00006104
0.09091346,0.00006104
0.09123346,-0.01770074
0.09155346,0.00006104
0.09187346,0.00006104
0.09219346,0.00006104
0.09251346,0.00006104
0.09283346,0.00006104
0.09315346,0.00006104
0.09347346,0.00006104
0.09379346,0.00006104
0.09411346,-0.01770074
0.09443346,0.00006104
0.09475346,-0.01770074
0.09507346,0.00006104
0.09539346,0.00006104
0.09571346,0.00006104
0.09603346,0.00006104
0.09635346,0.00006104
0.09667346,0.00006104
0.09699346,0.00006104
0.09731346,0.00006104
0.09763346,0.00006104
0.09795346,0.00006104
0.09827346,0.00006104
0.09859346,0.00006104
0.09891346,0.00006104
0.09923346,0.00006104
0.09955346,0.00006104
0.09987346,0.00006104
0.10019346,0.00006104
0.10051346,0.00006104
0.10083346,0.00006104
0.10115346,0.00006104
0.10147346,0.00006104
0.10179346,0.00006104
0.10211346,0.00006104
0.10243346,0.00006104
0.10275346,0.00006104
0.10307346,0.00006104
0.10339346,0.00006104
0.10371346,0.00006104
0.10403346,0.00006104
0.10435346,0.00006104
0.10467346,0.00006104
0.10499346,0.00006104
0.10531346,0.00006104
0.10563346,0.00006104
0.10595346,0.00006104
0.10627346,0.00006104
0.10659346,0.00006104
0.10691346,0.00006104
0.10723346,0.00006104
0.10755346,0.00006104
0.10787346,0.00006104
0.10819346,0.00006104
0.10851346,-0.01770074
0.10883346,0.00006104
0.10915346,0.00006104
0.10947346,0.00006104
0.10979346,0.00006104
0.11011346,0.00006104
0.11043346,0.00006104
0.11075346,0.00006104
0.11107346,0.00006104
0.11139346,0.00006104
0.11171346,0.00006104
0.11203346,0.00006104
0.11235346,-0.01770074
0.11267346,0.00006104
0.11299346,0.00006104
0.11331346,0.00006104
0.11363346,0.00006104
0.11395346,0.00006104
0.11427346,0.00006104
0.11459346,0.00006104
0.11491346,0.00006104
0.11523346,0.00006104
0.11555346,0.00006104
0.11587346,0.00006104
0.11619346,0.00006104
0.11651346,0.00006104
0.11683346,0.00006104
0.11715346,0.00006104
0.11747346,0.00006104
0.11779346,0.00006104
0.11811346,0.00006104
0.11843346,0.00006104
0.11875346,0.00006104
0.11907346,0.00006104
0.11939346,0.00006104
0.11971346,0.00006104
0.12003346,-0.01770074
0.12035346,0.00006104
0.12067346,0.00006104
0.12099346,0.00006104
0.12131346,0.00006104
0.12163346,0.00006104
0.12195346,0.00006104
0.12227346,-0.01770074
0.12259346,0.00006104
0.12291346,0.00006104
0.12323346,0.00006104
0.12355346,0.00006104
0.12387346,0.00006104
0.12419346,0.00006104
0.12451346,0.00006104
0.12483346,0.00006104
0.12515346,0.00006104
0.12547346,0.00006104
0.12579346,0.00006104
0.12611346,0.00006104
0.12643346,0.00006104
0.12675346,0.00006104
0.12707346,0.00006104
0.12739346,0.00006104
0.12771346,0.00006104
0.12803346,0.00006104
0.12835346,0.00006104
0.12867346,0.00006104
0.12899346,-0.01770074
0.12931346,0.00006104
0.12963346,0.00006104
0.12995346,0.00006104
0.13027346,0.00006104
0.13059346,-0.01770074
0.13091346,0.00006104
0.13123346,0.00006104
0.13155346,0.00006104
0.13187346,0.00006104
0.13219346,-0.01770074
0.13251346,0.00006104
0.13283346,0.00006104
0.13315346,0.00006104
0.13347346,0.00006104
0.13379346,0.00006104
0.13411346,0.00006104
0.13443346,0.00006104
0.13475346,0.00006104
0.13507346,0.00006104
0.13539346,0.00006104
0.13571346,0.00006104
0.13603346,0.00006104
0.13635346,0.00006104
0.13667346,0.00006104
0.13699346,0.00006104
0.13731346,0.00006104
0.13763346,0.00006104
0.13795346,0.00006104
0.13827346,0.00006104
0.13859346,0.00006104
0.13891346,0.00006104
0.13923346,0.00006104
0.13955346,0.00006104
0.13987346,0.00006104
0.14019346,0.00006104
0.14051346,0.00006104
0.14083346,0.00006104
0.14115346,0.00006104
0.14147346,-0.01770074
0.14179346,0.00006104
0.14211346,0.00006104
0.14243346,0.00006104
0.14275346,0.00006104
0.14307346,0.00006104
0.14339346,0.00006104
0.14371346,0.00006104
0.14403346,0.00006104
0.14435346,0.00006104
0.14467346,-0.01770074
0.14499346,-0.01770074
0.14531346,0.00006104
0.14563346,0.00006104
0.14595346,0.00006104
0.14627346,-0.01770074
0.14659346,0.00006104
0.14691346,0.00006104
0.14723346,0.00006104
0.14755346,-0.01770074
0.14787346,0.00006104
0.14819346,0.00006104
0.14851346,0.00006104
0.14883346,0.00006104
0.14915346,0.00006104
0.14947346,0.00006104
0.14979346,0.00006104
0.15011346,0.00006104
0.15043346,-0.01770074
0.15075346,0.00006104
0.15107346,0.00006104
0.15139346,-0.01770074
0.15171346,0.00006104
0.15203346,0.00006104
0.15235346,0.00006104
0.15267346,0.00006104
0.15299346,-0.01770074
0.15331346,0.00006104
0.15363346,0.00006104
0.15395346,0.00006104
0.15427346,-0.01770074
0.15459346,0.00006104
0.15491346,0.00006104
0.15523346,0.00006104
0.15555346,0.00006104
0.15587346,0.00006104
0.15619346,0.00006104
0.15651346,0.00006104
0.15683346,0.00006104
0.15715346,0.00006104
0.15747346,0.00006104
0.15779346,0.00006104
0.15811346,0.00006104
0.15843346,0.00006104
0.15875346,0.00006104
0.15907346,0.00006104
0.15939346,0.00006104
0.15971346,0.00006104
0.16003346,0.00006104
0.16035346,0.00006104
0.16067346,0.00006104
0.16099346,0.00006104
0.16131346,0.00006104
0.16163346,0.00006104
0.16195346,0.00006104
0.16227346,0.00006104
0.16259346,0.00006104
0.16291346,0.00006104
0.16323346,0.00006104
0.16355346,0.00006104
0.16387346,0.00006104
0.16419346,0.00006104
0.16451346,0.00006104
0.16483346,0.00006104
0.16515346,0.00006104
0.16547346,0.00006104
0.16579346,0.00006104
0.16611346,0.00006104
0.16643346,0.00006104
0.16675346,0.00006104
0.16707346,0.00006104
0.16739346,0.00006104
0.16771346,0.00006104
0.16803346,0.00006104
0.16835346,0.00006104
0.16867346,0.00006104
0.16899346,0.00006104
0.16931346,0.00006104
0.16963346,0.00006104
0.16995346,0.00006104
0.17027346,0.00006104
0.17059346,0.00006104
0.17091346,0.00006104
0.17123346,0.00006104
0.17155346,-0.01770074
0.17187346,0.00006104
0.17219346,0.00006104
0.17251346,0.00006104
0.17283346,0.00006104
0.17315346,0.00006104
0.17347346,0.00006104
0.17379346,0.00006104
0.17411346,-0.01770074
0.17443346,-0.01770074
0.17475346,0.00006104
0.17507346,0.00006104
0.17539346,0.00006104
0.17571346,0.00006104
0.17603346,0.00006104
0.17635346,0.00006104
0.17667346,0.00006104
0.17699346,0.00006104
0.17731346,0.00006104
0.17763346,-0.01770074
0.17795346,0.00006104
0.17827346,0.00006104
0.17859346,-0.01770074
0.17891346,0.00006104
0.17923346,0.00006104
0.17955346,0.00006104
0.17987346,0.00006104
0.18019346,0.00006104
0.18051346,0.00006104
0.18083346,0.00006104
0.18115346,0.00006104
0.18147346,0.00006104
0.18179346,0.00006104
0.18211346,0.00006104
0.18243346,-0.01770074
0.18275346,0.00006104
0.18307346,0.00006104
0.18339346,0.00006104
0.18371346,0.00006104
0.18403346,0.00006104
0.18435346,0.00006104
0.18467346,0.00006104
0.18499346,0.00006104
0.18531346,0.00006104
0.18563346,0.00006104
0.18595346,0.00006104
0.18627346,0.00006104
0.18659346,0.00006104
0.18691346,0.00006104
0.18723346,0.00006104
0.18755346,0.00006104
0.18787346,0.00006104
0.18819346,-0.01770074
0.18851346,0.00006104
0.18883346,0.00006104
0.18915346,0.00006104
0.18947346,0.00006104
0.18979346,0.00006104
0.19011346,0.00006104
0.19043346,0.00006104
0.19075346,-0.01770074
0.19107346,0.00006104
0.19139346,0.00006104
0.19171346,-0.01770074
0.19203346,-0.01770074
0.19235346,0.00006104
0.19267346,0.00006104
0.19299346,0.00006104
0.19331346,0.00006104
0.19363346,0.00006104
0.19395346,0.00006104
0.19427346,0.00006104
0.19459346,0.00006104
0.19491346,0.00006104
0.19523346,0.00006104
0.19555346,0.00006104
0.19587346,0.00006104
0.19619346,0.00006104
0.19651346,0.00006104
0.19683346,0.00006104
0.19715346,0.00006104
0.19747346,0.00006104
0.19779346,0.00006104
0.19811346,0.00006104
0.19843346,0.00006104
0.19875346,0.00006104
0.19907346,0.00006104
0.19939346,0.00006104
0.19971346,0.00006104
0.20003346,0.00006104
0.20035346,0.00006104
0.20067346,0.00006104
0.20099346,0.00006104
0.20131346,0.00006104
0.20163346,0.00006104
0.20195346,0.00006104
0.20227346,-0.01770074
0.20259346,0.00006104
0.20291346,0.00006104
0.20323346,0.00006104
0.20355346,0.00006104
0.20387346,0.00006104
0.20419346,0.00006104
0.20451346,0.00006104
0.20483346,0.00006104
0.20515346,0.00006104
0.20547346,0.00006104
0.20579346,0.00006104
0.20611346,0.00006104
0.20643346,0.00006104
0.20675346,0.00006104
0.20707346,0.00006104
0.20739346,0.00006104
0.20771346,0.00006104
0.20803346,0.00006104
0.20835346,0.00006104
0.20867346,-0.01770074
0.20899346,0.00006104
0.20931346,0.00006104
0.20963346,0.00006104
0.20995346,0.00006104
0.21027346,-0.01770074
0.21059346,0.00006104
0.21091346,0.00006104
0.21123346,0.00006104
0.21155346,0.00006104
0.21187346,-0.01770074
0.21219346,0.00006104
0.21251346,-0.01770074
0.21283346,0.00006104
0.21315346,0.00006104
0.21347346,0.00006104
0.21379346,0.00006104
0.21411346,0.00006104
0.21443346,0.00006104
0.21475346,-0.01770074
0.21507346,0.00006104
0.21539346,0.00006104
0.21571346,0.00006104
0.21603346,0.00006104
0.21635346,0.00006104
0.21667346,0.00006104
0.21699346,0.00006104
0.21731346,0.00006104
0.21763346,0.00006104
0.21795346,0.00006104
0.21827346,0.00006104
0.21859346,0.00006104
0.21891346,0.00006104
0.21923346,0.00006104
0.21955346,0.00006104
0.21987346,0.00006104
0.22019346,0.00006104
0.22051346,0.00006104
0.22083346,0.00006104
0.22115346,0.00006104
0.22147346,0.00006104
0.22179346,0.00006104
0.22211346,0.00006104
0.22243346,0.00006104
0.22275346,0.00006104
0.22307346,0.00006104
0.22339346,-0.01770074
0.22371346,0.00006104
0.22403346,0.00006104
0.22435346,0.00006104
0.22467346,0.00006104
0.22499346,-0.01770074
0.22531346,0.00006104
0.22563346,0.00006104
0.22595346,0.00006104
0.22627346,0.00006104
0.22659346,0.00006104
0.22691346,0.00006104
0.22723346,0.00006104
0.22755346,0.00006104
0.22787346,0.00006104
0.22819346,0.00006104
0.22851346,0.00006104
0.22883346,0.00006104
0.22915346,0.00006104
0.22947346,0.00006104
0.22979346,-0.01770074
0.23011346,0.00006104
0.23043346,0.00006104
0.23075346,0.00006104
0.23107346,0.00006104
0.23139346,0.00006104
0.23171346,0.00006104
0.23203346,0.00006104
0.23235346,0.00006104
0.23267346,-0.01770074
0.23299346,0.00006104
0.23331346,-0.01770074
0.23363346,0.00006104
0.23395346,0.00006104
0.23427346,0.00006104
0.23459346,0.00006104
0.23491346,0.00006104
0.23523346,0.00006104
0.23555346,0.00006104
0.23587346,0.00006104
0.23619346,-0.01770074
0.23651346,0.00006104
0.23683346,0.00006104
0.23715346,0.00006104
0.23747346,0.00006104
0.23779346,0.00006104
0.23811346,-0.01770074
0.23843346,0.00006104
0.23875346,0.00006104
0.23907346,-0.01770074
0.23939346,-0.01770074
0.23971346,0.00006104
0.24003346,0.00006104
0.24035346,0.00006104
0.24067346,0.00006104
0.24099346,0.00006104
0.24131346,0.00006104
0.24163346,0.00006104
0.24195346,0.00006104
0.24227346,0.00006104
0.24259346,0.00006104
0.24291346,0.00006104
0.24323346,0.00006104
0.24355346,0.00006104
0.24387346,0.00006104
0.24419346,0.00006104
0.24451346,0.00006104
0.24483346,0.00006104
0.24515346,0.00006104
0.24547346,0.00006104
0.24579346,0.00006104
0.24611346,0.00006104
0.24643346,0.00006104
0.24675346,0.00006104
0.24707346,0.00006104
0.24739346,0.00006104
0.24771346,0.00006104
0.24803346,0.00006104
0.24835346,0.00006104
0.24867346,0.00006104
0.24899346,0.00006104
0.24931346,0.00006104
0.24963346,0.00006104
0.24995346,0.00006104
0.25027346,0.00006104
0.25059346,0.00006104
0.25091346,0.00006104
0.25123346,0.00006104
0.25155346,0.00006104
0.25187346,0.00006104
0.25219346,0.00006104
0.25251346,0.00006104
0.25283346,0.00006104
0.25315346,0.00006104
0.25347346,0.00006104
0.25379346,0.00006104
0.25411346,0.00006104
0.25443346,0.00006104
0.25475346,0.00006104
0.25507346,0.00006104
0.25539346,0.00006104
0.25571346,0.00006104
0.25603346,0.00006104
0.25635346,0.00006104
0.25667346,0.00006104
0.25699346,0.00006104
0.25731346,0.00006104
0.25763346,0.00006104
0.25795346,-0.01770074
0.25827346,0.00006104
0.25859346,0.00006104
0.25891346,-0.01770074
0.25923346,0.00006104
0.25955346,0.00006104
0.25987346,0.00006104
0.26019346,0.00006104
0.26051346,0.00006104
0.26083346,0.00006104
0.26115346,0.00006104
0.26147346,0.00006104
0.26179346,0.00006104
0.26211346,0.00006104
0.26243346,0.00006104
0.26275346,0.00006104
0.26307346,0.00006104
0.26339346,0.00006104
0.26371346,0.00006104
0.26403346,0.00006104
0.26435346,0.00006104
0.26467346,0.00006104
0.26499346,0.00006104
0.26531346,-0.01770074
0.26563346,0.00006104
0.26595346,0.00006104
0.26627346,0.00006104
0.26659346,0.00006104
0.26691346,0.00006104
0.26723346,0.00006104
0.26755346,0.00006104
0.26787346,0.00006104
0.26819346,0.00006104
0.26851346,0.00006104
0.26883346,0.00006104
0.26915346,0.00006104
0.26947346,0.00006104
0.26979346,0.00006104
0.27011346,0.00006104
0.27043346,0.00006104
0.27075346,0.00006104
0.27107346,0.00006104
0.27139346,0.00006104
0.27171346,0.00006104
0.27203346,0.00006104
0.27235346,0.00006104
0.27267346,0.00006104
0.27299346,0.00006104
0.27331346,0.00006104
0.27363346,0.00006104
0.27395346,-0.01770074
0.27427346,0.00006104
0.27459346,-0.01770074
0.27491346,0.00006104
0.27523346,0.00006104
0.27555346,0.00006104
0.27587346,0.00006104
0.27619346,0.00006104
0.27651346,0.00006104
0.27683346,0.00006104
0.27715346,0.00006104
0.27747346,0.00006104
0.27779346,0.00006104
0.27811346,0.00006104
0.27843346,0.00006104
0.27875346,0.00006104
0.27907346,0.00006104
0.27939346,0.00006104
0.27971346,0.00006104
0.28003346,0.00006104
0.28035346,0.00006104
0.28067346,-0.01770074
0.28099346,0.00006104
0.28131346,0.00006104
0.28163346,0.00006104
0.28195346,0.00006104
0.28227346,0.00006104
0.28259346,0.00006104
0.28291346,-0.01770074
0.28323346,0.00006104
0.28355346,0.00006104
0.28387346,-0.01770074
0.28419346,-0.01770074
0.28451346,-0.01770074
0.28483346,0.00006104
0.28515346,0.00006104
0.28547346,0.00006104
0.28579346,0.00006104
0.28611346,0.00006104
0.28643346,0.00006104
0.28675346,0.00006104
0.28707346,0.00006104
0.28739346,0.00006104
0.28771346,0.00006104
0.28803346,0.00006104
0.28835346,0.00006104
0.28867346,0.00006104
0.28899346,0.00006104
0.28931346,0.00006104
0.28963346,0.00006104
0.28995346,0.00006104
0.29027346,0.00006104
0.29059346,0.00006104
0.29091346,0.00006104
0.29123346,-0.01770074
0.29155346,-0.01770074
0.29187346,0.00006104
0.29219346,0.00006104
0.29251346,0.00006104
0.29283346,0.00006104
0.29315346,0.00006104
0.29347346,0.00006104
0.29379346,0.00006104
0.29411346,0.00006104
0.29443346,0.00006104
0.29475346,0.00006104
0.29507346,0.00006104
0.29539346,0.00006104
0.29571346,0.00006104
0.29603346,0.00006104
0.29635346,0.00006104
0.29667346,0.00006104
0.29699346,0.00006104
0.29731346,-0.01770074
0.29763346,0.00006104
0.29795346,0.00006104
0.29827346,-0.01770074
0.29859346,-0.01770074
0.29891346,0.00006104
0.29923346,0.00006104
0.29955346,0.00006104
0.29987346,0.00006104
0.30019346,0.00006104
0.30051346,0.00006104
0.30083346,0.00006104
0.30115346,-0.01770074
0.30147346,0.00006104
0.30179346,0.00006104
0.30211346,0.00006104
0.30243346,-0.01770074
0.30275346,0.00006104
0.30307346,0.00006104
0.30339346,0.00006104
0.30371346,0.00006104
0.30403346,0.00006104
0.30435346,0.00006104
0.30467346,0.00006104
0.30499346,0.00006104
0.30531346,0.00006104
0.30563346,0.00006104
0.30595346,0.00006104
0.30627346,0.00006104
0.30659346,0.00006104
0.30691346,0.00006104
0.30723346,0.00006104
0.30755346,0.00006104
0.30787346,0.00006104
0.30819346,0.00006104
0.30851346,0.00006104
0.30883346,0.00006104
0.30915346,0.00006104
0.30947346,0.00006104
0.30979346,0.00006104
0.31011346,0.00006104
0.31043346,0.00006104
0.31075346,0.00006104
0.31107346,0.00006104
0.31139346,0.00006104
0.31171346,0.00006104
0.31203346,0.00006104
0.31235346,0.00006104
0.31267346,0.00006104
0.31299346,0.00006104
0.31331346,0.00006104
0.31363346,0.00006104
0.31395346,0.00006104
0.31427346,0.00006104
0.31459346,0.00006104
0.31491346,-0.01770074
0.31523346,0.00006104
0.31555346,0.00006104
0.31587346,0.00006104
0.31619346,0.00006104
0.31651346,0.00006104
0.31683346,0.00006104
0.31715346,-0.01770074
0.31747346,0.00006104
0.31779346,0.00006104
0.31811346,-0.01770074
0.31843346,0.00006104
0.31875346,0.00006104
0.31907346,0.00006104
0.31939346,0.00006104
0.31971346,0.00006104
0.32003346,0.00006104
0.32035346,0.00006104
0.32067346,0.00006104
0.32099346,0.00006104
0.32131346,0.00006104
0.32163346,0.00006104
0.32195346,0.00006104
0.32227346,0.00006104
0.32259346,-0.01770074
0.32291346,0.00006104
0.32323346,0.00006104
0.32355346,0.00006104
0.32387346,0.00006104
0.32419346,-0.01770074
0.32451346,0.00006104
0.32483346,0.00006104
0.32515346,0.00006104
0.32547346,-0.01770074
0.32579346,0.00006104
0.32611346,0.00006104
0.32643346,0.00006104
0.32675346,0.00006104
0.32707346,0.00006104
0.32739346,0.00006104
0.32771346,0.00006104
0.32803346,0.00006104
0.32835346,-0.01770074
0.32867346,0.00006104
0.32899346,0.00006104
0.32931346,0.00006104
0.32963346,0.00006104
0.32995346,-0.01770074
0.33027346,0.00006104
0.33059346,0.00006104
0.33091346,0.00006104
0.33123346,0.00006104
0.33155346,0.00006104
0.33187346,0.00006104
0.33219346,0.00006104
0.33251346,0.00006104
0.33283346,0.00006104
0.33315346,0.00006104
0.33347346,0.00006104
0.33379346,0.00006104
0.33411346,0.00006104
0.33443346,-0.01770074
0.33475346,0.00006104
0.33507346,0.00006104
0.33539346,0.00006104
0.33571346,0.00006104
0.33603346,-0.01770074
0.33635346,-0.01770074
0.33667346,0.00006104
0.33699346,0.00006104
0.33731346,-0.01770074
0.33763346,0.00006104
0.33795346,0.00006104
0.33827346,0.00006104
0.33859346,0.00006104
0.33891346,0.00006104
0.33923346,0.00006104
0.33955346,0.00006104
0.33987346,0.00006104
0.34019346,0.00006104
0.34051346,0.00006104
0.34083346,0.00006104
0.34115346,0.00006104
0.34147346,0.00006104
0.34179346,0.00006104
0.34211346,-0.01770074
0.34243346,0.00006104
0.34275346,0.00006104
0.34307346,0.00006104
0.34339346,0.01788385
0.34371346,0.00006104
0.34403346,0.00006104
0.34435346,0.00006104
0.34467346,0.00006104
0.34499346,0.00006104
0.34531346,0.00006104
0.34563346,0.00006104
0.34595346,-0.01770074
0.34627346,0.00006104
0.34659346,-0.01770074
0.34691346,0.00006104
0.34723346,-0.01770074
0.34755346,0.00006104
0.34787346,0.00006104
0.34819346,0.00006104
0.34851346,0.00006104
0.34883346,0.00006104
0.34915346,0.00006104
0.34947346,0.00006104
0.34979346,0.00006104
0.35011346,0.00006104
0.35043346,0.00006104
0.35075346,0.00006104
0.35107346,-0.01770074
0.35139346,0.00006104
0.35171346,0.00006104
0.35203346,0.00006104
0.35235346,0.00006104
0.35267346,0.00006104
0.35299346,0.00006104
0.35331346,0.00006104
0.35363346,0.00006104
0.35395346,0.00006104
0.35427346,0.00006104
0.35459346,0.00006104
0.35491346,0.00006104
0.35523346,0.00006104
0.35555346,0.00006104
0.35587346,0.00006104
0.35619346,0.00006104
0.35651346,0.00006104
0.35683346,0.00006104
0.35715346,-0.01770074
0.35747346,0.00006104
0.35779346,0.00006104
0.35811346,0.00006104
0.35843346,0.00006104
0.35875346,0.00006104
0.35907346,0.00006104
0.35939346,0.00006104
0.35971346,0.00006104
0.36003346,0.00006104
0.36035346,0.00006104
0.36067346,0.00006104
0.36099346,0.00006104
0.36131346,0.00006104
0.36163346,0.00006104
0.36195346,0.00006104
0.36227346,0.00006104
0.36259346,-0.01770074
0.36291346,0.00006104
0.36323346,0.00006104
0.36355346,0.00006104
0.36387346,-0.01770074
0.36419346,0.00006104
0.36451346,-0.01770074
0.36483346,-0.01770074
0.36515346,0.00006104
0.36547346,0.00006104
0.36579346,0.00006104
0.36611346,0.00006104
0.36643346,0.00006104
0.36675346,0.00006104
0.36707346,0.00006104
0.36739346,0.00006104
0.36771346,0.00006104
0.36803346,0.00006104
0.36835346,0.00006104
0.36867346,0.00006104
0.36899346,0.00006104
0.36931346,0.00006104
0.36963346,0.00006104
0.36995346,0.00006104
0.37027346,0.00006104
0.37059346,0.00006104
0.37091346,0.00006104
0.37123346,0.00006104
0.37155346,0.00006104
0.37187346,0.00006104
0.37219346,0.00006104
0.37251346,0.00006104
0.37283346,0.00006104
0.37315346,0.00006104
0.37347346,0.00006104
0.37379346,0.00006104
0.37411346,0.00006104
0.37443346,-0.01770074
0.37475346,0.00006104
0.37507346,0.00006104
0.37539346,0.00006104
0.37571346,0.00006104
0.37603346,0.00006104
0.37635346,-0.01770074
0.37667346,0.00006104
0.37699346,0.00006104
0.37731346,0.00006104
0.37763346,0.00006104
0.37795346,0.00006104
0.37827346,0.00006104
0.37859346,0.00006104
0.37891346,0.00006104
0.37923346,-0.01770074
0.37955346,0.00006104
0.37987346,0.00006104
0.38019346,0.00006104
0.38051346,0.00006104
0.38083346,0.00006104
0.38115346,0.00006104
0.38147346,0.00006104
0.38179346,0.00006104
0.38211346,0.00006104
0.38243346,0.00006104
0.38275346,0.00006104
0.38307346,0.00006104
0.38339346,0.00006104
0.38371346,0.00006104
0.38403346,-0.01770074
0.38435346,0.00006104
0.38467346,0.00006104
0.38499346,0.00006104
0.38531346,0.00006104
0.38563346,0.00006104
0.38595346,0.00006104
0.38627346,0.00006104
0.38659346,0.00006104
0.38691346,0.00006104
0.38723346,0.00006104
0.38755346,0.00006104
0.38787346,0.00006104
0.38819346,0.00006104
0.38851346,0.00006104
0.38883346,0.00006104
0.38915346,-0.01770074
0.38947346,0.00006104
0.38979346,0.00006104
0.39011346,0.00006104
0.39043346,0.00006104
0.39075346,0.00006104
0.39107346,0.00006104
0.39139346,0.00006104
0.39171346,0.00006104
0.39203346,0.00006104
0.39235346,0.00006104
0.39267346,0.00006104
0.39299346,0.00006104
0.39331346,0.00006104
0.39363346,0.00006104
0.39395346,0.00006104
0.39427346,0.00006104
0.39459346,-0.01770074
0.39491346,-0.01770074
0.39523346,0.00006104
0.39555346,0.00006104
0.39587346,0.00006104
0.39619346,0.00006104
0.39651346,0.00006104
0.39683346,0.00006104
0.39715346,0.00006104
0.39747346,0.00006104
0.39779346,0.00006104
0.39811346,0.00006104
0.39843346,0.00006104
0.39875346,0.00006104
0.39907346,0.00006104
0.39939346,0.00006104
0.39971346,0.00006104
0.40003346,0.00006104
0.40035346,0.00006104
0.40067346,0.00006104
0.40099346,0.00006104
0.40131346,0.00006104
0.40163346,0.00006104
0.40195346,0.00006104
0.40227346,0.00006104
0.40259346,0.00006104
0.40291346,-0.01770074
0.40323346,0.00006104
0.40355346,0.00006104
0.40387346,0.00006104
0.40419346,0.00006104
0.40451346,-0.01770074
0.40483346,0.00006104
0.40515346,0.00006104
0.40547346,-0.01770074
0.40579346,0.00006104
0.40611346,0.00006104
0.40643346,0.00006104
0.40675346,0.00006104
0.40707346,0.00006104
0.40739346,0.00006104
0.40771346,0.00006104
0.40803346,0.00006104
0.40835346,0.00006104
0.40867346,0.00006104
0.40899346,0.00006104
0.40931346,0.00006104
0.40963346,0.00006104
0.40995346,0.00006104
0.41027346,0.00006104
0.41059346,0.00006104
0.41091346,0.00006104
0.41123346,0.00006104
0.41155346,0.00006104
0.41187346,0.00006104
0.41219346,0.00006104
0.41251346,0.00006104
0.41283346,0.00006104
0.41315346,0.00006104
0.41347346,0.00006104
0.41379346,0.00006104
0.41411346,0.00006104
0.41443346,0.00006104
0.41475346,0.00006104
0.41507346,0.00006104
0.41539346,0.00006104
0.41571346,0.00006104
0.41603346,0.00006104
0.41635346,0.00006104
0.41667346,0.00006104
0.41699346,0.00006104
0.41731346,0.00006104
0.41763346,0.00006104
0.41795346,0.00006104
0.41827346,0.00006104
0.41859346,0.00006104
0.41891346,-0.01770074
0.41923346,0.00006104
0.41955346,0.00006104
0.41987346,0.00006104
0.42019346,0.00006104
0.42051346,0.00006104
0.42083346,0.00006104
0.42115346,0.00006104
0.42147346,0.00006104
0.42179346,0.00006104
0.42211346,0.00006104
0.42243346,0.00006104
0.42275346,-0.01770074
0.42307346,0.00006104
0.42339346,0.00006104
0.42371346,0.00006104
0.42403346,0.00006104
0.42435346,0.00006104
0.42467346,0.00006104
0.42499346,0.00006104
0.42531346,0.00006104
0.42563346,0.00006104
0.42595346,0.00006104
0.42627346,0.00006104
0.42659346,0.00006104
0.42691346,0.00006104
0.42723346,0.00006104
0.42755346,0.00006104
0.42787346,0.00006104
0.42819346,0.00006104
0.42851346,0.00006104
0.42883346,0.00006104
0.42915346,0.00006104
0.42947346,0.00006104
0.42979346,0.00006104
0.43011346,0.00006104
0.43043346,0.00006104
0.43075346,0.00006104
0.43107346,0.00006104
0.43139346,0.00006104
0.43171346,0.00006104
0.43203346,0.00006104
0.43235346,0.00006104
0.43267346,0.00006104
0.43299346,0.00006104
0.43331346,0.00006104
0.43363346,0.00006104
0.43395346,0.00006104
0.43427346,-0.01770074
0.43459346,0.00006104
0.43491346,0.00006104
0.43523346,0.00006104
0.43555346,-0.01770074
0.43587346,0.00006104
0.43619346,-0.01770074
0.43651346,0.00006104
0.43683346,0.00006104
0.43715346,0.00006104
0.43747346,0.00006104
0.43779346,0.00006104
0.43811346,-0.01770074
0.43843346,0.00006104
0.43875346,0.00006104
0.43907346,-0.01770074
0.43939346,0.00006104
0.43971346,0.00006104
0.44003346,0.00006104
0.44035346,0.00006104
0.44067346,0.00006104
0.44099346,0.00006104
0.44131346,0.00006104
0.44163346,0.00006104
0.44195346,0.00006104
0.44227346,0.00006104
0.44259346,0.00006104
0.44291346,0.00006104
0.44323346,0.00006104
0.44355346,0.00006104
0.44387346,0.00006104
0.44419346,0.00006104
0.44451346,0.00006104
0.44483346,0.00006104
0.44515346,0.00006104
0.44547346,0.00006104
0.44579346,0.00006104
0.44611346,0.00006104
0.44643346,0.00006104
0.44675346,0.00006104
0.44707346,0.00006104
0.44739346,0.00006104
0.44771346,0.00006104
0.44803346,0.00006104
0.44835346,0.00006104
0.44867346,0.00006104
0.44899346,0.00006104
0.44931346,0.00006104
0.44963346,0.00006104
0.44995346,0.00006104
0.45027346,0.00006104
0.45059346,0.00006104
0.45091346,0.00006104
0.45123346,-0.01770074
0.45155346,0.00006104
0.45187346,0.00006104
0.45219346,0.00006104
0.45251346,0.00006104
0.45283346,0.00006104
0.45315346,0.00006104
0.45347346,0.00006104
0.45379346,0.00006104
0.45411346,-0.01770074
0.45443346,0.00006104
0.45475346,0.00006104
0.45507346,0.00006104
0.45539346,0.00006104
0.45571346,0.00006104
0.45603346,0.00006104
0.45635346,0.00006104
0.45667346,0.00006104
0.45699346,0.00006104
0.45731346,0.00006104
0.45763346,0.00006104
0.45795346,0.00006104
0.45827346,0.00006104
0.45859346,0.00006104
0.45891346,0.00006104
0.45923346,0.00006104
0.45955346,0.00006104
0.45987346,0.00006104
0.46019346,0.00006104
0.46051346,0.00006104
0.46083346,0.00006104
0.46115346,0.00006104
0.46147346,0.00006104
0.46179346,-0.01770074
0.46211346,0.00006104
0.46243346,0.00006104
0.46275346,0.00006104
0.46307346,0.00006104
0.46339346,0.00006104
0.46371346,0.00006104
0.46403346,0.00006104
0.46435346,0.00006104
0.46467346,0.00006104
0.46499346,0.00006104
0.46531346,0.00006104
0.46563346,0.00006104
0.46595346,0.00006104
0.46627346,0.00006104
0.46659346,0.00006104
0.46691346,0.00006104
0.46723346,0.00006104
0.46755346,0.00006104
0.46787346,0.00006104
0.46819346,0.00006104
0.46851346,0.00006104
0.46883346,0.00006104
0.46915346,0.00006104
0.46947346,0.00006104
0.46979346,0.00006104
0.47011346,0.00006104
0.47043346,0.00006104
0.47075346,0.00006104
0.47107346,0.00006104
0.47139346,0.00006104
0.47171346,0.00006104
0.47203346,0.00006104
0.47235346,0.00006104
0.47267346,0.00006104
0.47299346,0.00006104
0.47331346,0.00006104
0.47363346,0.00006104
0.47395346,0.00006104
0.47427346,0.00006104
0.47459346,0.00006104
0.47491346,0.00006104
0.47523346,0.00006104
0.47555346,0.00006104
0.47587346,0.00006104
0.47619346,0.00006104
0.47651346,0.00006104
0.47683346,0.00006104
0.47715346,0.00006104
0.47747346,0.00006104
0.47779346,0.00006104
0.47811346,-0.01770074
0.47843346,0.00006104
0.47875346,0.00006104
0.47907346,0.00006104
0.47939346,0.00006104
0.47971346,0.00006104
0.48003346,0.00006104
0.48035346,0.00006104
0.48067346,0.00006104
0.48099346,0.00006104
0.48131346,0.00006104
0.48163346,0.00006104
0.48195346,0.00006104
0.48227346,0.00006104
0.48259346,0.00006104
0.48291346,0.00006104
0.48323346,0.00006104
0.48355346,0.00006104
0.48387346,0.00006104
0.48419346,0.00006104
0.48451346,-0.01770074
0.48483346,0.00006104
0.48515346,0.00006104
0.48547346,0.00006104
0.48579346,0.00006104
0.48611346,0.01788385
0.48643346,0.00006104
0.48675346,0.00006104
0.48707346,0.00006104
0.48739346,0.00006104
0.48771346,0.00006104
0.48803346,0.00006104
0.48835346,0.00006104
0.48867346,0.00006104
0.48899346,0.00006104
0.48931346,0.00006104
0.48963346,0.00006104
0.48995346,0.00006104
0.49027346,0.00006104
0.49059346,0.00006104
0.49091346,0.00006104
0.49123346,0.00006104
0.49155346,0.00006104
0.49187346,0.00006104
0.49219346,0.00006104
0.49251346,0.00006104
0.49283346,0.00006104
0.49315346,0.00006104
0.49347346,0.00006104
0.49379346,0.00006104
0.49411346,0.00006104
0.49443346,0.00006104
0.49475346,0.00006104
0.49507346,0.00006104
0.49539346,0.00006104
0.49571346,0.00006104
0.49603346,0.00006104
0.49635346,0.00006104
0.49667346,0.00006104
0.49699346,0.00006104
0.49731346,0.00006104
0.49763346,0.00006104
0.49795346,0.00006104
0.49827346,0.00006104
0.49859346,0.00006104
0.49891346,0.00006104
0.49923346,1.95812857
0.49955346,0.33826715
0.49987346,-0.49836725
0.50019346,-0.37372968
0.50051346,-0.12451552
0.50083346,-0.01770074
0.50115346,0.00006104
0.50147346,0.00006104
0.50179346,-0.01770074
0.50211346,-0.03552354
0.50243346,-∞
0.50275346,-1.21036410
0.50307346,0.30262154
0.50339346,0.37385175
0.50371346,0.16022217
0.50403346,0.07129124
0.50435346,0.07129124
0.50467346,0.01788385
0.50499346,0.01788385
0.50531346,0.01788385
0.50563346,0.00006104
0.50595346,0.00006104
0.50627346,0.00006104
0.50659346,0.01788385
0.50691346,0.03570665
0.50723346,0.01788385
0.50755346,0.01788385
0.50787346,0.00006104
0.50819346,0.00006104
0.50851346,0.01788385
0.50883346,0.01788385
0.50915346,0.03570665
0.50947346,0.07129124
0.50979346,0.05346843
0.51011346,0.07129124
0.51043346,0.05346843
0.51075346,0.05346843
0.51107346,0.07129124
0.51139346,0.05346843
0.51171346,0.03570665
0.51203346,0.07129124
0.51235346,0.07129124
0.51267346,0.01788385
0.51299346,0.01788385
0.51331346,0.01788385
0.51363346,0.01788385
0.51395346,0.00006104
0.51427346,-0.03552354
0.51459346,-0.03552354
0.51491346,-0.03552354
0.51523346,-0.01770074
0.51555346,0.01788385
0.51587346,-0.01770074
0.51619346,0.03570665
0.51651346,0.01788385
0.51683346,-0.03552354
0.51715346,0.01788385
0.51747346,0.00006104
0.51779346,-0.01770074
0.51811346,0.05346843
0.51843346,0.01788385
0.51875346,0.01788385
0.51907346,0.03570665
0.51939346,0.03570665
0.51971346,0.01788385
0.52003346,0.01788385
