Time,Channel A
(ms),(V)

-1.48081628,0.01788385
-1.48049628,0.01788385
-1.48017628,0.01788385
-1.47985628,0.01788385
-1.47953628,0.01788385
-1.47921628,0.03570665
-1.47889628,0.00006104
-1.47857628,0.00006104
-1.47825628,0.01788385
-1.47793628,0.01788385
-1.47761628,0.01788385
-1.47729628,0.01788385
-1.47697628,-0.01770074
-1.47665628,0.00006104
-1.47633628,0.01788385
-1.47601628,0.00006104
-1.47569628,0.00006104
-1.47537628,0.01788385
-1.47505628,0.01788385
-1.47473628,0.01788385
-1.47441628,0.01788385
-1.47409628,0.00006104
-1.47377628,0.01788385
-1.47345628,0.01788385
-1.47313628,0.00006104
-1.47281628,0.00006104
-1.47249628,0.03570665
-1.47217628,0.00006104
-1.47185628,0.01788385
-1.47153628,0.00006104
-1.47121628,0.00006104
-1.47089628,0.00006104
-1.47057628,0.00006104
-1.47025628,-0.01770074
-1.46993628,0.00006104
-1.46961628,0.00006104
-1.46929628,0.00006104
-1.46897628,0.00006104
-1.46865628,0.01788385
-1.46833628,0.00006104
-1.46801628,0.01788385
-1.46769628,0.00006104
-1.46737628,0.00006104
-1.46705628,0.01788385
-1.46673628,0.01788385
-1.46641628,0.00006104
-1.46609628,0.00006104
-1.46577628,0.00006104
-1.46545628,0.01788385
-1.46513628,0.00006104
-1.46481628,0.00006104
-1.46449628,-0.01770074
-1.46417628,0.01788385
-1.46385628,0.00006104
-1.46353628,0.00006104
-1.46321628,0.00006104
-1.46289628,0.00006104
-1.46257628,0.01788385
-1.46225628,0.01788385
-1.46193628,0.00006104
-1.46161628,0.00006104
-1.46129628,0.00006104
-1.46097628,0.00006104
-1.46065628,0.00006104
-1.46033628,0.01788385
-1.46001628,0.00006104
-1.45969628,0.00006104
-1.45937628,0.00006104
-1.45905628,0.00006104
-1.45873628,0.00006104
-1.45841628,0.00006104
-1.45809628,0.00006104
-1.45777628,0.00006104
-1.45745628,0.00006104
-1.45713628,0.00006104
-1.45681628,0.00006104
-1.45649628,0.01788385
-1.45617628,0.00006104
-1.45585628,0.00006104
-1.45553628,0.01788385
-1.45521628,0.00006104
-1.45489628,0.00006104
-1.45457628,0.00006104
-1.45425628,0.00006104
-1.45393628,0.01788385
-1.45361628,0.00006104
-1.45329628,0.00006104
-1.45297628,0.00006104
-1.45265628,0.00006104
-1.45233628,0.00006104
-1.45201628,0.00006104
-1.45169628,-0.01770074
-1.45137628,-0.01770074
-1.45105628,0.00006104
-1.45073628,0.00006104
-1.45041628,0.00006104
-1.45009628,0.00006104
-1.44977628,0.00006104
-1.44945628,0.00006104
-1.44913628,0.00006104
-1.44881628,0.00006104
-1.44849628,0.00006104
-1.44817628,0.00006104
-1.44785628,0.00006104
-1.44753628,0.00006104
-1.44721628,0.00006104
-1.44689628,0.00006104
-1.44657628,0.00006104
-1.44625628,0.00006104
-1.44593628,0.00006104
-1.44561628,0.00006104
-1.44529628,0.00006104
-1.44497628,0.00006104
-1.44465628,0.00006104
-1.44433628,0.00006104
-1.44401628,0.00006104
-1.44369628,0.00006104
-1.44337628,0.00006104
-1.44305628,-0.01770074
-1.44273628,-0.01770074
-1.44241628,0.00006104
-1.44209628,0.00006104
-1.44177628,0.00006104
-1.44145628,0.00006104
-1.44113628,0.00006104
-1.44081628,0.00006104
-1.44049628,0.00006104
-1.44017628,0.00006104
-1.43985628,0.00006104
-1.43953628,0.00006104
-1.43921628,0.00006104
-1.43889628,-0.01770074
-1.43857628,0.00006104
-1.43825628,0.00006104
-1.43793628,0.00006104
-1.43761628,0.00006104
-1.43729628,-0.01770074
-1.43697628,0.00006104
-1.43665628,0.00006104
-1.43633628,0.00006104
-1.43601628,0.00006104
-1.43569628,0.00006104
-1.43537628,0.00006104
-1.43505628,0.00006104
-1.43473628,0.00006104
-1.43441628,0.00006104
-1.43409628,0.00006104
-1.43377628,0.00006104
-1.43345628,0.00006104
-1.43313628,0.00006104
-1.43281628,0.00006104
-1.43249628,0.00006104
-1.43217628,-0.01770074
-1.43185628,0.00006104
-1.43153628,0.00006104
-1.43121628,0.00006104
-1.43089628,0.00006104
-1.43057628,0.00006104
-1.43025628,0.00006104
-1.42993628,0.00006104
-1.42961628,0.00006104
-1.42929628,0.00006104
-1.42897628,0.00006104
-1.42865628,0.00006104
-1.42833628,0.00006104
-1.42801628,-0.01770074
-1.42769628,0.00006104
-1.42737628,0.00006104
-1.42705628,-0.01770074
-1.42673628,0.00006104
-1.42641628,0.00006104
-1.42609628,0.00006104
-1.42577628,0.00006104
-1.42545628,0.00006104
-1.42513628,0.00006104
-1.42481628,0.00006104
-1.42449628,0.00006104
-1.42417628,0.00006104
-1.42385628,0.00006104
-1.42353628,0.00006104
-1.42321628,0.00006104
-1.42289628,0.00006104
-1.42257628,0.00006104
-1.42225628,0.00006104
-1.42193628,0.00006104
-1.42161628,0.00006104
-1.42129628,0.00006104
-1.42097628,0.00006104
-1.42065628,0.00006104
-1.42033628,0.00006104
-1.42001628,0.00006104
-1.41969628,-0.01770074
-1.41937628,0.00006104
-1.41905628,0.00006104
-1.41873628,0.00006104
-1.41841628,0.00006104
-1.41809628,0.00006104
-1.41777628,0.00006104
-1.41745628,0.00006104
-1.41713628,0.00006104
-1.41681628,0.00006104
-1.41649628,0.00006104
-1.41617628,0.00006104
-1.41585628,0.00006104
-1.41553628,0.00006104
-1.41521628,0.00006104
-1.41489628,0.00006104
-1.41457628,0.00006104
-1.41425628,0.00006104
-1.41393628,0.00006104
-1.41361628,0.00006104
-1.41329628,0.00006104
-1.41297628,0.00006104
-1.41265628,0.00006104
-1.41233628,0.00006104
-1.41201628,0.00006104
-1.41169628,0.00006104
-1.41137628,0.00006104
-1.41105628,0.00006104
-1.41073628,0.00006104
-1.41041628,0.00006104
-1.41009628,0.00006104
-1.40977628,0.00006104
-1.40945628,0.00006104
-1.40913628,0.00006104
-1.40881628,-0.01770074
-1.40849628,0.00006104
-1.40817628,0.00006104
-1.40785628,0.00006104
-1.40753628,0.00006104
-1.40721628,-0.01770074
-1.40689628,0.00006104
-1.40657628,0.00006104
-1.40625628,0.00006104
-1.40593628,-0.01770074
-1.40561628,0.00006104
-1.40529628,0.00006104
-1.40497628,0.00006104
-1.40465628,0.00006104
-1.40433628,-0.01770074
-1.40401628,0.00006104
-1.40369628,0.00006104
-1.40337628,0.00006104
-1.40305628,0.00006104
-1.40273628,0.00006104
-1.40241628,-0.01770074
-1.40209628,0.00006104
-1.40177628,0.00006104
-1.40145628,0.00006104
-1.40113628,0.00006104
-1.40081628,0.00006104
-1.40049628,0.00006104
-1.40017628,0.00006104
-1.39985628,0.00006104
-1.39953628,0.00006104
-1.39921628,-0.01770074
-1.39889628,0.00006104
-1.39857628,0.00006104
-1.39825628,0.00006104
-1.39793628,0.00006104
-1.39761628,0.00006104
-1.39729628,0.00006104
-1.39697628,0.00006104
-1.39665628,0.00006104
-1.39633628,0.00006104
-1.39601628,0.00006104
-1.39569628,0.00006104
-1.39537628,0.00006104
-1.39505628,0.00006104
-1.39473628,0.00006104
-1.39441628,-0.01770074
-1.39409628,0.00006104
-1.39377628,0.00006104
-1.39345628,0.00006104
-1.39313628,0.00006104
-1.39281628,0.01788385
-1.39249628,0.01788385
-1.39217628,0.00006104
-1.39185628,0.00006104
-1.39153628,0.00006104
-1.39121628,0.00006104
-1.39089628,0.00006104
-1.39057628,0.00006104
-1.39025628,0.00006104
-1.38993628,0.00006104
-1.38961628,0.00006104
-1.38929628,0.00006104
-1.38897628,0.00006104
-1.38865628,0.00006104
-1.38833628,0.00006104
-1.38801628,0.00006104
-1.38769628,0.00006104
-1.38737628,0.00006104
-1.38705628,-0.01770074
-1.38673628,0.00006104
-1.38641628,0.00006104
-1.38609628,0.00006104
-1.38577628,0.00006104
-1.38545628,0.00006104
-1.38513628,0.00006104
-1.38481628,0.00006104
-1.38449628,-0.01770074
-1.38417628,0.00006104
-1.38385628,0.00006104
-1.38353628,0.00006104
-1.38321628,0.00006104
-1.38289628,0.00006104
-1.38257628,0.00006104
-1.38225628,0.00006104
-1.38193628,0.00006104
-1.38161628,0.00006104
-1.38129628,0.00006104
-1.38097628,-0.01770074
-1.38065628,0.00006104
-1.38033628,0.00006104
-1.38001628,0.00006104
-1.37969628,-0.01770074
-1.37937628,0.00006104
-1.37905628,0.00006104
-1.37873628,0.00006104
-1.37841628,0.00006104
-1.37809628,0.00006104
-1.37777628,0.00006104
-1.37745628,0.00006104
-1.37713628,0.00006104
-1.37681628,0.00006104
-1.37649628,0.00006104
-1.37617628,0.00006104
-1.37585628,0.00006104
-1.37553628,0.00006104
-1.37521628,0.00006104
-1.37489628,0.00006104
-1.37457628,0.00006104
-1.37425628,0.00006104
-1.37393628,0.00006104
-1.37361628,0.00006104
-1.37329628,0.00006104
-1.37297628,0.00006104
-1.37265628,0.00006104
-1.37233628,0.00006104
-1.37201628,0.00006104
-1.37169628,0.00006104
-1.37137628,0.00006104
-1.37105628,0.00006104
-1.37073628,0.00006104
-1.37041628,0.00006104
-1.37009628,0.00006104
-1.36977628,0.00006104
-1.36945628,0.00006104
-1.36913628,0.00006104
-1.36881628,0.00006104
-1.36849628,0.00006104
-1.36817628,0.00006104
-1.36785628,0.00006104
-1.36753628,-0.01770074
-1.36721628,0.00006104
-1.36689628,0.00006104
-1.36657628,0.00006104
-1.36625628,0.00006104
-1.36593628,0.00006104
-1.36561628,0.00006104
-1.36529628,0.00006104
-1.36497628,0.00006104
-1.36465628,0.00006104
-1.36433628,0.00006104
-1.36401628,0.00006104
-1.36369628,0.00006104
-1.36337628,0.00006104
-1.36305628,0.00006104
-1.36273628,0.00006104
-1.36241628,0.00006104
-1.36209628,0.00006104
-1.36177628,0.00006104
-1.36145628,0.00006104
-1.36113628,0.00006104
-1.36081628,0.00006104
-1.36049628,0.00006104
-1.36017628,0.00006104
-1.35985628,0.00006104
-1.35953628,0.00006104
-1.35921628,0.00006104
-1.35889628,0.00006104
-1.35857628,0.00006104
-1.35825628,0.00006104
-1.35793628,0.00006104
-1.35761628,0.00006104
-1.35729628,0.00006104
-1.35697628,0.00006104
-1.35665628,0.00006104
-1.35633628,0.00006104
-1.35601628,0.00006104
-1.35569628,0.00006104
-1.35537628,-0.01770074
-1.35505628,0.00006104
-1.35473628,0.00006104
-1.35441628,0.00006104
-1.35409628,0.00006104
-1.35377628,-0.01770074
-1.35345628,0.00006104
-1.35313628,0.00006104
-1.35281628,0.00006104
-1.35249628,-0.01770074
-1.35217628,0.00006104
-1.35185628,0.00006104
-1.35153628,0.00006104
-1.35121628,0.00006104
-1.35089628,0.00006104
-1.35057628,0.00006104
-1.35025628,0.00006104
-1.34993628,0.01788385
-1.34961628,0.00006104
-1.34929628,0.00006104
-1.34897628,0.00006104
-1.34865628,0.00006104
-1.34833628,0.00006104
-1.34801628,-0.01770074
-1.34769628,0.00006104
-1.34737628,0.00006104
-1.34705628,0.00006104
-1.34673628,0.00006104
-1.34641628,0.00006104
-1.34609628,0.00006104
-1.34577628,0.00006104
-1.34545628,0.00006104
-1.34513628,0.00006104
-1.34481628,0.00006104
-1.34449628,0.00006104
-1.34417628,0.00006104
-1.34385628,-0.01770074
-1.34353628,0.00006104
-1.34321628,0.00006104
-1.34289628,0.00006104
-1.34257628,0.00006104
-1.34225628,0.00006104
-1.34193628,0.00006104
-1.34161628,0.00006104
-1.34129628,0.00006104
-1.34097628,0.00006104
-1.34065628,0.00006104
-1.34033628,0.00006104
-1.34001628,0.00006104
-1.33969628,0.00006104
-1.33937628,0.00006104
-1.33905628,0.00006104
-1.33873628,0.00006104
-1.33841628,0.00006104
-1.33809628,0.00006104
-1.33777628,0.00006104
-1.33745628,0.00006104
-1.33713628,0.00006104
-1.33681628,0.00006104
-1.33649628,0.00006104
-1.33617628,0.00006104
-1.33585628,0.00006104
-1.33553628,0.00006104
-1.33521628,0.00006104
-1.33489628,0.00006104
-1.33457628,0.00006104
-1.33425628,0.00006104
-1.33393628,0.00006104
-1.33361628,0.00006104
-1.33329628,0.00006104
-1.33297628,0.00006104
-1.33265628,0.00006104
-1.33233628,0.00006104
-1.33201628,0.00006104
-1.33169628,0.00006104
-1.33137628,0.00006104
-1.33105628,0.00006104
-1.33073628,0.00006104
-1.33041628,0.00006104
-1.33009628,0.00006104
-1.32977628,0.00006104
-1.32945628,0.00006104
-1.32913628,0.00006104
-1.32881628,0.00006104
-1.32849628,0.00006104
-1.32817628,0.00006104
-1.32785628,0.00006104
-1.32753628,0.00006104
-1.32721628,0.00006104
-1.32689628,0.00006104
-1.32657628,0.00006104
-1.32625628,0.00006104
-1.32593628,0.00006104
-1.32561628,0.00006104
-1.32529628,0.00006104
-1.32497628,0.00006104
-1.32465628,0.00006104
-1.32433628,0.00006104
-1.32401628,-0.01770074
-1.32369628,0.00006104
-1.32337628,0.00006104
-1.32305628,0.00006104
-1.32273628,0.00006104
-1.32241628,0.00006104
-1.32209628,0.00006104
-1.32177628,0.00006104
-1.32145628,0.00006104
-1.32113628,0.00006104
-1.32081628,0.00006104
-1.32049628,0.00006104
-1.32017628,0.00006104
-1.31985628,0.00006104
-1.31953628,-0.01770074
-1.31921628,-0.01770074
-1.31889628,0.00006104
-1.31857628,0.00006104
-1.31825628,0.00006104
-1.31793628,0.00006104
-1.31761628,0.00006104
-1.31729628,0.00006104
-1.31697628,0.00006104
-1.31665628,-0.01770074
-1.31633628,0.00006104
-1.31601628,0.00006104
-1.31569628,0.00006104
-1.31537628,0.00006104
-1.31505628,0.00006104
-1.31473628,0.00006104
-1.31441628,0.00006104
-1.31409628,-0.01770074
-1.31377628,-0.01770074
-1.31345628,0.00006104
-1.31313628,0.00006104
-1.31281628,0.00006104
-1.31249628,0.00006104
-1.31217628,0.00006104
-1.31185628,0.00006104
-1.31153628,0.00006104
-1.31121628,0.00006104
-1.31089628,0.00006104
-1.31057628,0.00006104
-1.31025628,0.00006104
-1.30993628,0.00006104
-1.30961628,0.00006104
-1.30929628,0.00006104
-1.30897628,0.00006104
-1.30865628,0.00006104
-1.30833628,0.00006104
-1.30801628,0.00006104
-1.30769628,0.00006104
-1.30737628,0.00006104
-1.30705628,0.00006104
-1.30673628,0.00006104
-1.30641628,0.00006104
-1.30609628,-0.01770074
-1.30577628,0.00006104
-1.30545628,0.00006104
-1.30513628,0.00006104
-1.30481628,0.00006104
-1.30449628,0.00006104
-1.30417628,0.00006104
-1.30385628,0.00006104
-1.30353628,0.00006104
-1.30321628,0.00006104
-1.30289628,0.00006104
-1.30257628,0.00006104
-1.30225628,0.00006104
-1.30193628,0.00006104
-1.30161628,0.00006104
-1.30129628,0.00006104
-1.30097628,0.00006104
-1.30065628,0.00006104
-1.30033628,0.00006104
-1.30001628,0.00006104
-1.29969628,0.00006104
-1.29937628,-0.01770074
-1.29905628,0.00006104
-1.29873628,0.00006104
-1.29841628,0.00006104
-1.29809628,0.00006104
-1.29777628,0.00006104
-1.29745628,0.00006104
-1.29713628,0.00006104
-1.29681628,0.00006104
-1.29649628,0.00006104
-1.29617628,0.00006104
-1.29585628,0.00006104
-1.29553628,0.00006104
-1.29521628,-0.01770074
-1.29489628,-0.01770074
-1.29457628,0.00006104
-1.29425628,0.00006104
-1.29393628,0.00006104
-1.29361628,0.00006104
-1.29329628,0.00006104
-1.29297628,0.00006104
-1.29265628,0.00006104
-1.29233628,0.00006104
-1.29201628,0.00006104
-1.29169628,0.00006104
-1.29137628,0.00006104
-1.29105628,0.00006104
-1.29073628,-0.01770074
-1.29041628,0.00006104
-1.29009628,0.00006104
-1.28977628,0.00006104
-1.28945628,0.00006104
-1.28913628,0.00006104
-1.28881628,0.00006104
-1.28849628,0.00006104
-1.28817628,0.00006104
-1.28785628,0.00006104
-1.28753628,-0.01770074
-1.28721628,0.00006104
-1.28689628,0.00006104
-1.28657628,0.00006104
-1.28625628,0.00006104
-1.28593628,0.00006104
-1.28561628,0.00006104
-1.28529628,0.00006104
-1.28497628,0.00006104
-1.28465628,0.00006104
-1.28433628,0.00006104
-1.28401628,0.00006104
-1.28369628,0.00006104
-1.28337628,0.00006104
-1.28305628,-0.01770074
-1.28273628,0.00006104
-1.28241628,0.00006104
-1.28209628,0.00006104
-1.28177628,0.00006104
-1.28145628,0.00006104
-1.28113628,0.00006104
-1.28081628,0.00006104
-1.28049628,0.00006104
-1.28017628,0.00006104
-1.27985628,0.00006104
-1.27953628,-0.01770074
-1.27921628,0.00006104
-1.27889628,0.00006104
-1.27857628,0.00006104
-1.27825628,0.00006104
-1.27793628,0.00006104
-1.27761628,0.00006104
-1.27729628,0.00006104
-1.27697628,0.00006104
-1.27665628,0.00006104
-1.27633628,0.00006104
-1.27601628,0.00006104
-1.27569628,0.00006104
-1.27537628,0.00006104
-1.27505628,0.00006104
-1.27473628,0.00006104
-1.27441628,-0.01770074
-1.27409628,0.00006104
-1.27377628,0.00006104
-1.27345628,0.00006104
-1.27313628,0.00006104
-1.27281628,0.00006104
-1.27249628,0.00006104
-1.27217628,0.00006104
-1.27185628,0.00006104
-1.27153628,0.00006104
-1.27121628,0.00006104
-1.27089628,0.00006104
-1.27057628,0.00006104
-1.27025628,0.00006104
-1.26993628,0.00006104
-1.26961628,0.00006104
-1.26929628,0.00006104
-1.26897628,0.00006104
-1.26865628,0.00006104
-1.26833628,0.00006104
-1.26801628,0.00006104
-1.26769628,0.00006104
-1.26737628,0.00006104
-1.26705628,0.00006104
-1.26673628,0.00006104
-1.26641628,0.00006104
-1.26609628,0.00006104
-1.26577628,0.00006104
-1.26545628,-0.01770074
-1.26513628,0.00006104
-1.26481628,0.00006104
-1.26449628,0.00006104
-1.26417628,0.00006104
-1.26385628,0.00006104
-1.26353628,0.00006104
-1.26321628,0.00006104
-1.26289628,-0.01770074
-1.26257628,-0.01770074
-1.26225628,-0.01770074
-1.26193628,0.00006104
-1.26161628,-0.01770074
-1.26129628,0.00006104
-1.26097628,0.00006104
-1.26065628,0.00006104
-1.26033628,0.00006104
-1.26001628,0.00006104
-1.25969628,0.00006104
-1.25937628,0.00006104
-1.25905628,0.00006104
-1.25873628,0.00006104
-1.25841628,0.00006104
-1.25809628,0.00006104
-1.25777628,0.00006104
-1.25745628,0.00006104
-1.25713628,0.00006104
-1.25681628,0.00006104
-1.25649628,0.00006104
-1.25617628,0.00006104
-1.25585628,0.00006104
-1.25553628,0.00006104
-1.25521628,0.00006104
-1.25489628,0.00006104
-1.25457628,0.00006104
-1.25425628,0.00006104
-1.25393628,-0.01770074
-1.25361628,0.00006104
-1.25329628,0.00006104
-1.25297628,0.00006104
-1.25265628,0.00006104
-1.25233628,-0.01770074
-1.25201628,0.00006104
-1.25169628,0.00006104
-1.25137628,-0.01770074
-1.25105628,0.00006104
-1.25073628,-0.01770074
-1.25041628,0.00006104
-1.25009628,0.00006104
-1.24977628,0.00006104
-1.24945628,0.00006104
-1.24913628,0.00006104
-1.24881628,-0.01770074
-1.24849628,0.00006104
-1.24817628,0.00006104
-1.24785628,0.00006104
-1.24753628,0.00006104
-1.24721628,0.00006104
-1.24689628,0.00006104
-1.24657628,0.00006104
-1.24625628,0.00006104
-1.24593628,0.00006104
-1.24561628,0.00006104
-1.24529628,0.00006104
-1.24497628,0.00006104
-1.24465628,0.00006104
-1.24433628,0.00006104
-1.24401628,0.00006104
-1.24369628,0.00006104
-1.24337628,0.00006104
-1.24305628,0.00006104
-1.24273628,0.00006104
-1.24241628,-0.01770074
-1.24209628,0.00006104
-1.24177628,0.00006104
-1.24145628,-0.01770074
-1.24113628,0.00006104
-1.24081628,0.00006104
-1.24049628,0.00006104
-1.24017628,0.00006104
-1.23985628,0.00006104
-1.23953628,0.00006104
-1.23921628,0.00006104
-1.23889628,0.00006104
-1.23857628,0.00006104
-1.23825628,0.00006104
-1.23793628,0.00006104
-1.23761628,0.00006104
-1.23729628,0.00006104
-1.23697628,0.00006104
-1.23665628,0.00006104
-1.23633628,0.00006104
-1.23601628,0.00006104
-1.23569628,0.00006104
-1.23537628,0.00006104
-1.23505628,0.00006104
-1.23473628,0.00006104
-1.23441628,0.00006104
-1.23409628,0.00006104
-1.23377628,0.00006104
-1.23345628,0.00006104
-1.23313628,0.00006104
-1.23281628,0.00006104
-1.23249628,0.00006104
-1.23217628,0.00006104
-1.23185628,0.00006104
-1.23153628,0.00006104
-1.23121628,0.00006104
-1.23089628,0.00006104
-1.23057628,0.00006104
-1.23025628,0.00006104
-1.22993628,0.00006104
-1.22961628,0.00006104
-1.22929628,0.00006104
-1.22897628,0.00006104
-1.22865628,0.00006104
-1.22833628,0.00006104
-1.22801628,0.00006104
-1.22769628,0.00006104
-1.22737628,0.00006104
-1.22705628,0.00006104
-1.22673628,0.00006104
-1.22641628,0.00006104
-1.22609628,0.00006104
-1.22577628,-0.01770074
-1.22545628,0.00006104
-1.22513628,0.00006104
-1.22481628,-0.01770074
-1.22449628,-0.01770074
-1.22417628,0.00006104
-1.22385628,0.00006104
-1.22353628,0.00006104
-1.22321628,0.00006104
-1.22289628,0.00006104
-1.22257628,0.00006104
-1.22225628,0.00006104
-1.22193628,0.00006104
-1.22161628,0.00006104
-1.22129628,0.00006104
-1.22097628,0.00006104
-1.22065628,0.00006104
-1.22033628,0.00006104
-1.22001628,-0.01770074
-1.21969628,0.00006104
-1.21937628,0.00006104
-1.21905628,0.00006104
-1.21873628,0.00006104
-1.21841628,0.00006104
-1.21809628,-0.01770074
-1.21777628,-0.01770074
-1.21745628,0.00006104
-1.21713628,0.00006104
-1.21681628,0.00006104
-1.21649628,0.00006104
-1.21617628,0.00006104
-1.21585628,0.00006104
-1.21553628,0.00006104
-1.21521628,0.00006104
-1.21489628,0.00006104
-1.21457628,0.00006104
-1.21425628,0.00006104
-1.21393628,0.00006104
-1.21361628,-0.01770074
-1.21329628,0.00006104
-1.21297628,0.00006104
-1.21265628,0.00006104
-1.21233628,0.00006104
-1.21201628,0.00006104
-1.21169628,0.00006104
-1.21137628,0.00006104
-1.21105628,0.00006104
-1.21073628,0.00006104
-1.21041628,0.00006104
-1.21009628,-0.01770074
-1.20977628,0.00006104
-1.20945628,0.00006104
-1.20913628,0.00006104
-1.20881628,0.00006104
-1.20849628,0.00006104
-1.20817628,0.00006104
-1.20785628,0.00006104
-1.20753628,0.00006104
-1.20721628,0.00006104
-1.20689628,0.00006104
-1.20657628,0.00006104
-1.20625628,0.00006104
-1.20593628,0.00006104
-1.20561628,0.00006104
-1.20529628,0.00006104
-1.20497628,0.00006104
-1.20465628,0.00006104
-1.20433628,0.00006104
-1.20401628,0.00006104
-1.20369628,0.00006104
-1.20337628,0.00006104
-1.20305628,0.00006104
-1.20273628,-0.01770074
-1.20241628,0.00006104
-1.20209628,0.00006104
-1.20177628,0.00006104
-1.20145628,0.00006104
-1.20113628,0.00006104
-1.20081628,0.00006104
-1.20049628,0.00006104
-1.20017628,0.00006104
-1.19985628,0.00006104
-1.19953628,0.00006104
-1.19921628,0.00006104
-1.19889628,0.00006104
-1.19857628,0.00006104
-1.19825628,0.00006104
-1.19793628,0.00006104
-1.19761628,0.00006104
-1.19729628,0.00006104
-1.19697628,0.00006104
-1.19665628,0.00006104
-1.19633628,0.00006104
-1.19601628,0.00006104
-1.19569628,-0.01770074
-1.19537628,0.00006104
-1.19505628,0.00006104
-1.19473628,0.00006104
-1.19441628,0.00006104
-1.19409628,0.00006104
-1.19377628,-0.01770074
-1.19345628,0.00006104
-1.19313628,0.00006104
-1.19281628,0.00006104
-1.19249628,0.00006104
-1.19217628,0.00006104
-1.19185628,0.00006104
-1.19153628,0.00006104
-1.19121628,0.00006104
-1.19089628,0.00006104
-1.19057628,0.00006104
-1.19025628,0.00006104
-1.18993628,0.00006104
-1.18961628,0.00006104
-1.18929628,0.00006104
-1.18897628,0.00006104
-1.18865628,0.00006104
-1.18833628,0.00006104
-1.18801628,0.00006104
-1.18769628,0.00006104
-1.18737628,0.00006104
-1.18705628,0.00006104
-1.18673628,0.00006104
-1.18641628,0.00006104
-1.18609628,0.00006104
-1.18577628,0.00006104
-1.18545628,0.00006104
-1.18513628,0.00006104
-1.18481628,0.00006104
-1.18449628,0.00006104
-1.18417628,0.00006104
-1.18385628,0.00006104
-1.18353628,0.00006104
-1.18321628,0.00006104
-1.18289628,0.00006104
-1.18257628,0.00006104
-1.18225628,0.00006104
-1.18193628,0.00006104
-1.18161628,0.00006104
-1.18129628,0.00006104
-1.18097628,0.00006104
-1.18065628,0.00006104
-1.18033628,0.00006104
-1.18001628,0.00006104
-1.17969628,0.00006104
-1.17937628,0.00006104
-1.17905628,0.00006104
-1.17873628,-0.01770074
-1.17841628,0.00006104
-1.17809628,0.00006104
-1.17777628,0.00006104
-1.17745628,0.00006104
-1.17713628,0.00006104
-1.17681628,0.00006104
-1.17649628,0.00006104
-1.17617628,0.00006104
-1.17585628,0.00006104
-1.17553628,0.00006104
-1.17521628,0.00006104
-1.17489628,0.00006104
-1.17457628,0.00006104
-1.17425628,0.00006104
-1.17393628,0.00006104
-1.17361628,0.00006104
-1.17329628,0.00006104
-1.17297628,0.00006104
-1.17265628,0.00006104
-1.17233628,0.00006104
-1.17201628,0.00006104
-1.17169628,0.00006104
-1.17137628,0.00006104
-1.17105628,0.00006104
-1.17073628,0.00006104
-1.17041628,0.00006104
-1.17009628,0.00006104
-1.16977628,0.00006104
-1.16945628,0.00006104
-1.16913628,0.00006104
-1.16881628,0.00006104
-1.16849628,0.00006104
-1.16817628,0.00006104
-1.16785628,-0.01770074
-1.16753628,0.00006104
-1.16721628,0.00006104
-1.16689628,0.00006104
-1.16657628,0.00006104
-1.16625628,0.00006104
-1.16593628,0.00006104
-1.16561628,0.00006104
-1.16529628,0.00006104
-1.16497628,0.00006104
-1.16465628,0.00006104
-1.16433628,0.00006104
-1.16401628,0.00006104
-1.16369628,0.00006104
-1.16337628,0.00006104
-1.16305628,0.00006104
-1.16273628,0.00006104
-1.16241628,0.00006104
-1.16209628,0.00006104
-1.16177628,0.00006104
-1.16145628,0.00006104
-1.16113628,0.00006104
-1.16081628,0.00006104
-1.16049628,0.00006104
-1.16017628,0.00006104
-1.15985628,0.00006104
-1.15953628,0.00006104
-1.15921628,0.00006104
-1.15889628,0.00006104
-1.15857628,0.00006104
-1.15825628,0.00006104
-1.15793628,0.00006104
-1.15761628,0.00006104
-1.15729628,0.00006104
-1.15697628,0.00006104
-1.15665628,0.00006104
-1.15633628,0.00006104
-1.15601628,0.00006104
-1.15569628,-0.01770074
-1.15537628,0.00006104
-1.15505628,0.00006104
-1.15473628,0.00006104
-1.15441628,0.00006104
-1.15409628,0.00006104
-1.15377628,0.00006104
-1.15345628,0.00006104
-1.15313628,0.00006104
-1.15281628,0.00006104
-1.15249628,0.00006104
-1.15217628,0.00006104
-1.15185628,0.00006104
-1.15153628,0.00006104
-1.15121628,0.00006104
-1.15089628,0.00006104
-1.15057628,0.00006104
-1.15025628,0.00006104
-1.14993628,0.00006104
-1.14961628,0.00006104
-1.14929628,0.00006104
-1.14897628,0.00006104
-1.14865628,0.00006104
-1.14833628,0.00006104
-1.14801628,0.00006104
-1.14769628,0.00006104
-1.14737628,0.00006104
-1.14705628,0.00006104
-1.14673628,0.00006104
-1.14641628,-0.01770074
-1.14609628,0.00006104
-1.14577628,0.00006104
-1.14545628,0.00006104
-1.14513628,0.00006104
-1.14481628,0.00006104
-1.14449628,0.00006104
-1.14417628,0.00006104
-1.14385628,0.00006104
-1.14353628,0.00006104
-1.14321628,0.00006104
-1.14289628,-0.01770074
-1.14257628,0.00006104
-1.14225628,0.00006104
-1.14193628,0.00006104
-1.14161628,0.00006104
-1.14129628,0.00006104
-1.14097628,0.00006104
-1.14065628,0.00006104
-1.14033628,0.00006104
-1.14001628,0.00006104
-1.13969628,0.00006104
-1.13937628,0.00006104
-1.13905628,0.00006104
-1.13873628,0.00006104
-1.13841628,0.00006104
-1.13809628,-0.01770074
-1.13777628,0.00006104
-1.13745628,-0.01770074
-1.13713628,0.00006104
-1.13681628,0.00006104
-1.13649628,-0.01770074
-1.13617628,0.00006104
-1.13585628,0.00006104
-1.13553628,0.00006104
-1.13521628,0.00006104
-1.13489628,0.00006104
-1.13457628,0.00006104
-1.13425628,0.00006104
-1.13393628,0.00006104
-1.13361628,0.00006104
-1.13329628,0.00006104
-1.13297628,0.00006104
-1.13265628,0.00006104
-1.13233628,0.00006104
-1.13201628,0.00006104
-1.13169628,0.00006104
-1.13137628,0.00006104
-1.13105628,0.00006104
-1.13073628,0.00006104
-1.13041628,0.00006104
-1.13009628,0.00006104
-1.12977628,0.00006104
-1.12945628,0.00006104
-1.12913628,0.00006104
-1.12881628,0.00006104
-1.12849628,0.00006104
-1.12817628,0.00006104
-1.12785628,0.00006104
-1.12753628,0.00006104
-1.12721628,0.00006104
-1.12689628,0.00006104
-1.12657628,0.00006104
-1.12625628,-0.01770074
-1.12593628,0.00006104
-1.12561628,-0.01770074
-1.12529628,0.00006104
-1.12497628,0.00006104
-1.12465628,0.00006104
-1.12433628,0.00006104
-1.12401628,0.00006104
-1.12369628,0.00006104
-1.12337628,0.00006104
-1.12305628,0.00006104
-1.12273628,0.00006104
-1.12241628,0.00006104
-1.12209628,0.00006104
-1.12177628,0.00006104
-1.12145628,0.00006104
-1.12113628,-0.01770074
-1.12081628,0.00006104
-1.12049628,-0.01770074
-1.12017628,0.00006104
-1.11985628,0.00006104
-1.11953628,0.00006104
-1.11921628,0.00006104
-1.11889628,0.00006104
-1.11857628,0.00006104
-1.11825628,0.00006104
-1.11793628,0.00006104
-1.11761628,0.00006104
-1.11729628,0.00006104
-1.11697628,-0.01770074
-1.11665628,0.00006104
-1.11633628,0.00006104
-1.11601628,0.00006104
-1.11569628,0.00006104
-1.11537628,0.00006104
-1.11505628,0.00006104
-1.11473628,0.00006104
-1.11441628,0.00006104
-1.11409628,0.00006104
-1.11377628,0.00006104
-1.11345628,0.00006104
-1.11313628,-0.01770074
-1.11281628,0.00006104
-1.11249628,0.00006104
-1.11217628,0.00006104
-1.11185628,0.00006104
-1.11153628,0.00006104
-1.11121628,0.00006104
-1.11089628,0.00006104
-1.11057628,0.00006104
-1.11025628,0.00006104
-1.10993628,0.00006104
-1.10961628,0.00006104
-1.10929628,0.00006104
-1.10897628,0.00006104
-1.10865628,0.00006104
-1.10833628,0.00006104
-1.10801628,0.00006104
-1.10769628,0.00006104
-1.10737628,0.00006104
-1.10705628,0.00006104
-1.10673628,0.00006104
-1.10641628,0.00006104
-1.10609628,0.00006104
-1.10577628,0.00006104
-1.10545628,0.00006104
-1.10513628,0.00006104
-1.10481628,0.00006104
-1.10449628,0.00006104
-1.10417628,0.00006104
-1.10385628,0.00006104
-1.10353628,0.00006104
-1.10321628,-0.01770074
-1.10289628,0.00006104
-1.10257628,0.00006104
-1.10225628,0.00006104
-1.10193628,0.00006104
-1.10161628,0.00006104
-1.10129628,0.00006104
-1.10097628,0.00006104
-1.10065628,0.00006104
-1.10033628,0.00006104
-1.10001628,0.00006104
-1.09969628,-0.01770074
-1.09937628,0.00006104
-1.09905628,0.00006104
-1.09873628,-0.01770074
-1.09841628,0.00006104
-1.09809628,0.00006104
-1.09777628,0.00006104
-1.09745628,0.00006104
-1.09713628,0.00006104
-1.09681628,0.00006104
-1.09649628,0.00006104
-1.09617628,0.00006104
-1.09585628,0.00006104
-1.09553628,0.00006104
-1.09521628,0.00006104
-1.09489628,0.00006104
-1.09457628,0.00006104
-1.09425628,0.00006104
-1.09393628,0.00006104
-1.09361628,0.00006104
-1.09329628,0.00006104
-1.09297628,0.00006104
-1.09265628,0.00006104
-1.09233628,0.00006104
-1.09201628,0.00006104
-1.09169628,0.00006104
-1.09137628,0.00006104
-1.09105628,0.00006104
-1.09073628,-0.01770074
-1.09041628,-0.01770074
-1.09009628,0.00006104
-1.08977628,0.00006104
-1.08945628,0.00006104
-1.08913628,0.00006104
-1.08881628,0.00006104
-1.08849628,0.00006104
-1.08817628,0.00006104
-1.08785628,0.00006104
-1.08753628,0.00006104
-1.08721628,0.00006104
-1.08689628,0.00006104
-1.08657628,0.00006104
-1.08625628,0.00006104
-1.08593628,0.00006104
-1.08561628,0.00006104
-1.08529628,0.00006104
-1.08497628,-0.01770074
-1.08465628,0.00006104
-1.08433628,0.00006104
-1.08401628,0.00006104
-1.08369628,0.00006104
-1.08337628,0.00006104
-1.08305628,0.00006104
-1.08273628,0.00006104
-1.08241628,0.00006104
-1.08209628,0.00006104
-1.08177628,0.00006104
-1.08145628,0.00006104
-1.08113628,0.00006104
-1.08081628,0.00006104
-1.08049628,0.00006104
-1.08017628,0.00006104
-1.07985628,0.00006104
-1.07953628,0.00006104
-1.07921628,0.00006104
-1.07889628,0.00006104
-1.07857628,0.00006104
-1.07825628,0.00006104
-1.07793628,0.00006104
-1.07761628,0.00006104
-1.07729628,0.00006104
-1.07697628,0.00006104
-1.07665628,0.00006104
-1.07633628,0.00006104
-1.07601628,0.00006104
-1.07569628,0.00006104
-1.07537628,0.00006104
-1.07505628,0.00006104
-1.07473628,0.00006104
-1.07441628,0.00006104
-1.07409628,0.00006104
-1.07377628,0.00006104
-1.07345628,0.00006104
-1.07313628,0.00006104
-1.07281628,0.00006104
-1.07249628,-0.01770074
-1.07217628,0.00006104
-1.07185628,0.00006104
-1.07153628,0.00006104
-1.07121628,0.00006104
-1.07089628,0.00006104
-1.07057628,0.00006104
-1.07025628,0.00006104
-1.06993628,0.00006104
-1.06961628,0.00006104
-1.06929628,0.00006104
-1.06897628,-0.01770074
-1.06865628,0.00006104
-1.06833628,0.00006104
-1.06801628,0.00006104
-1.06769628,0.00006104
-1.06737628,0.00006104
-1.06705628,0.00006104
-1.06673628,0.00006104
-1.06641628,0.00006104
-1.06609628,0.00006104
-1.06577628,-0.01770074
-1.06545628,0.00006104
-1.06513628,0.00006104
-1.06481628,0.00006104
-1.06449628,0.00006104
-1.06417628,0.00006104
-1.06385628,0.00006104
-1.06353628,-0.01770074
-1.06321628,0.00006104
-1.06289628,0.00006104
-1.06257628,0.00006104
-1.06225628,0.00006104
-1.06193628,0.00006104
-1.06161628,0.00006104
-1.06129628,0.00006104
-1.06097628,0.00006104
-1.06065628,0.00006104
-1.06033628,0.00006104
-1.06001628,0.00006104
-1.05969628,0.00006104
-1.05937628,0.00006104
-1.05905628,0.00006104
-1.05873628,0.00006104
-1.05841628,0.00006104
-1.05809628,0.00006104
-1.05777628,0.00006104
-1.05745628,0.00006104
-1.05713628,-0.01770074
-1.05681628,0.00006104
-1.05649628,0.00006104
-1.05617628,0.00006104
-1.05585628,0.00006104
-1.05553628,0.00006104
-1.05521628,0.00006104
-1.05489628,0.00006104
-1.05457628,0.00006104
-1.05425628,-0.01770074
-1.05393628,0.00006104
-1.05361628,0.00006104
-1.05329628,0.00006104
-1.05297628,0.00006104
-1.05265628,0.00006104
-1.05233628,0.00006104
-1.05201628,0.00006104
-1.05169628,0.00006104
-1.05137628,0.00006104
-1.05105628,0.00006104
-1.05073628,0.00006104
-1.05041628,-0.01770074
-1.05009628,0.00006104
-1.04977628,0.00006104
-1.04945628,0.00006104
-1.04913628,0.00006104
-1.04881628,0.00006104
-1.04849628,0.00006104
-1.04817628,0.00006104
-1.04785628,0.00006104
-1.04753628,0.00006104
-1.04721628,0.00006104
-1.04689628,0.00006104
-1.04657628,-0.03552354
-1.04625628,-0.01770074
-1.04593628,0.00006104
-1.04561628,0.00006104
-1.04529628,0.00006104
-1.04497628,0.00006104
-1.04465628,0.00006104
-1.04433628,0.00006104
-1.04401628,0.00006104
-1.04369628,0.00006104
-1.04337628,0.00006104
-1.04305628,0.00006104
-1.04273628,0.00006104
-1.04241628,0.00006104
-1.04209628,0.00006104
-1.04177628,0.00006104
-1.04145628,0.00006104
-1.04113628,0.00006104
-1.04081628,0.00006104
-1.04049628,0.00006104
-1.04017628,0.00006104
-1.03985628,-0.01770074
-1.03953628,0.00006104
-1.03921628,0.00006104
-1.03889628,0.00006104
-1.03857628,0.00006104
-1.03825628,0.00006104
-1.03793628,0.00006104
-1.03761628,-0.01770074
-1.03729628,0.00006104
-1.03697628,0.00006104
-1.03665628,0.00006104
-1.03633628,0.00006104
-1.03601628,0.00006104
-1.03569628,0.00006104
-1.03537628,0.00006104
-1.03505628,0.00006104
-1.03473628,0.00006104
-1.03441628,0.00006104
-1.03409628,0.00006104
-1.03377628,0.00006104
-1.03345628,0.00006104
-1.03313628,0.00006104
-1.03281628,0.00006104
-1.03249628,0.00006104
-1.03217628,0.00006104
-1.03185628,0.00006104
-1.03153628,0.00006104
-1.03121628,0.00006104
-1.03089628,0.00006104
-1.03057628,0.00006104
-1.03025628,0.00006104
-1.02993628,0.00006104
-1.02961628,0.00006104
-1.02929628,0.00006104
-1.02897628,0.00006104
-1.02865628,-0.01770074
-1.02833628,0.00006104
-1.02801628,0.00006104
-1.02769628,0.00006104
-1.02737628,0.00006104
-1.02705628,0.00006104
-1.02673628,0.00006104
-1.02641628,0.00006104
-1.02609628,0.00006104
-1.02577628,0.00006104
-1.02545628,0.00006104
-1.02513628,0.00006104
-1.02481628,0.00006104
-1.02449628,0.00006104
-1.02417628,0.00006104
-1.02385628,0.00006104
-1.02353628,0.00006104
-1.02321628,0.00006104
-1.02289628,0.00006104
-1.02257628,0.00006104
-1.02225628,0.00006104
-1.02193628,0.00006104
-1.02161628,0.00006104
-1.02129628,0.00006104
-1.02097628,0.00006104
-1.02065628,0.00006104
-1.02033628,0.00006104
-1.02001628,0.00006104
-1.01969628,0.00006104
-1.01937628,0.00006104
-1.01905628,0.00006104
-1.01873628,0.00006104
-1.01841628,0.00006104
-1.01809628,0.00006104
-1.01777628,0.00006104
-1.01745628,0.00006104
-1.01713628,0.00006104
-1.01681628,0.00006104
-1.01649628,0.00006104
-1.01617628,0.00006104
-1.01585628,0.00006104
-1.01553628,0.00006104
-1.01521628,0.00006104
-1.01489628,0.00006104
-1.01457628,0.00006104
-1.01425628,0.00006104
-1.01393628,0.00006104
-1.01361628,0.00006104
-1.01329628,0.00006104
-1.01297628,0.00006104
-1.01265628,0.00006104
-1.01233628,0.00006104
-1.01201628,0.00006104
-1.01169628,-0.01770074
-1.01137628,0.00006104
-1.01105628,0.00006104
-1.01073628,0.00006104
-1.01041628,0.00006104
-1.01009628,0.00006104
-1.00977628,0.00006104
-1.00945628,0.00006104
-1.00913628,0.00006104
-1.00881628,0.00006104
-1.00849628,0.00006104
-1.00817628,0.00006104
-1.00785628,0.00006104
-1.00753628,0.00006104
-1.00721628,0.00006104
-1.00689628,0.00006104
-1.00657628,0.00006104
-1.00625628,0.00006104
-1.00593628,0.00006104
-1.00561628,0.00006104
-1.00529628,0.00006104
-1.00497628,-0.01770074
-1.00465628,0.00006104
-1.00433628,0.00006104
-1.00401628,0.00006104
-1.00369628,0.00006104
-1.00337628,0.00006104
-1.00305628,0.00006104
-1.00273628,0.00006104
-1.00241628,0.00006104
-1.00209628,0.00006104
-1.00177628,1.74449909
-1.00145628,1.01467943
-1.00113628,-0.42713705
-1.00081628,-0.53395182
-1.00049628,-0.19574572
-1.00017628,0.00006104
-0.99985628,0.03570665
-0.99953628,0.00006104
-0.99921628,-0.01770074
-0.99889628,-0.01770074
-0.99857628,-0.26691487
-0.99825628,-0.97897273
-0.99793628,-∞
-0.99761628,-0.88998079
-0.99729628,-0.53395182
-0.99697628,-0.12451552
-0.99665628,0.01788385
-0.99633628,0.05346843
-0.99601628,0.03570665
-0.99569628,0.01788385
-0.99537628,0.01788385
-0.99505628,0.01788385
-0.99473628,0.01788385
-0.99441628,0.01788385
-0.99409628,0.03570665
-0.99377628,0.03570665
-0.99345628,0.03570665
-0.99313628,0.00006104
-0.99281628,0.00006104
-0.99249628,0.01788385
-0.99217628,0.01788385
-0.99185628,0.01788385
-0.99153628,0.03570665
-0.99121628,0.05346843
-0.99089628,0.07129124
-0.99057628,0.07129124
-0.99025628,0.05346843
-0.98993628,0.07129124
-0.98961628,0.05346843
-0.98929628,0.03570665
-0.98897628,0.07129124
-0.98865628,0.08911405
-0.98833628,0.07129124
-0.98801628,0.03570665
-0.98769628,0.03570665
-0.98737628,0.03570665
-0.98705628,0.01788385
-0.98673628,0.00006104
-0.98641628,-0.03552354
-0.98609628,-0.03552354
-0.98577628,-0.03552354
-0.98545628,0.01788385
-0.98513628,0.00006104
-0.98481628,0.00006104
-0.98449628,0.05346843
-0.98417628,-0.03552354
-0.98385628,-0.01770074
-0.98353628,0.01788385
-0.98321628,-0.03552354
-0.98289628,0.01788385
-0.98257628,0.03570665
-0.98225628,0.01788385
-0.98193628,0.03570665
-0.98161628,0.03570665
-0.98129628,0.03570665
-0.98097628,0.01788385
-0.98065628,0.01788385
-0.98033628,0.01788385
-0.98001628,0.01788385
-0.97969628,0.01788385
-0.97937628,0.03570665
-0.97905628,0.00006104
-0.97873628,0.00006104
-0.97841628,0.03570665
-0.97809628,0.01788385
-0.97777628,0.00006104
-0.97745628,0.00006104
-0.97713628,-0.01770074
-0.97681628,0.00006104
-0.97649628,0.01788385
-0.97617628,0.00006104
-0.97585628,0.00006104
-0.97553628,0.01788385
-0.97521628,0.01788385
-0.97489628,0.01788385
-0.97457628,0.01788385
-0.97425628,0.00006104
-0.97393628,0.01788385
-0.97361628,0.03570665
-0.97329628,0.00006104
-0.97297628,0.00006104
-0.97265628,0.01788385
-0.97233628,0.01788385
-0.97201628,0.00006104
-0.97169628,0.00006104
-0.97137628,-0.01770074
-0.97105628,0.00006104
-0.97073628,0.00006104
-0.97041628,-0.01770074
-0.97009628,0.00006104
-0.96977628,0.00006104
-0.96945628,0.00006104
-0.96913628,0.00006104
-0.96881628,0.00006104
-0.96849628,0.00006104
-0.96817628,0.00006104
-0.96785628,0.00006104
-0.96753628,0.00006104
-0.96721628,0.01788385
-0.96689628,0.01788385
-0.96657628,0.01788385
-0.96625628,0.00006104
-0.96593628,0.01788385
-0.96561628,0.01788385
-0.96529628,0.01788385
-0.96497628,0.00006104
-0.96465628,0.00006104
-0.96433628,0.00006104
-0.96401628,0.00006104
-0.96369628,0.00006104
-0.96337628,0.00006104
-0.96305628,0.00006104
-0.96273628,0.01788385
-0.96241628,0.01788385
-0.96209628,0.00006104
-0.96177628,0.00006104
-0.96145628,0.00006104
-0.96113628,0.00006104
-0.96081628,0.00006104
-0.96049628,0.00006104
-0.96017628,0.00006104
-0.95985628,0.00006104
-0.95953628,0.00006104
-0.95921628,0.00006104
-0.95889628,0.00006104
-0.95857628,0.00006104
-0.95825628,0.00006104
-0.95793628,0.00006104
-0.95761628,0.00006104
-0.95729628,0.00006104
-0.95697628,0.00006104
-0.95665628,0.00006104
-0.95633628,0.00006104
-0.95601628,0.01788385
-0.95569628,0.00006104
-0.95537628,0.00006104
-0.95505628,0.01788385
-0.95473628,0.00006104
-0.95441628,0.00006104
-0.95409628,0.01788385
-0.95377628,0.00006104
-0.95345628,0.00006104
-0.95313628,0.00006104
-0.95281628,-0.01770074
-0.95249628,-0.01770074
-0.95217628,0.00006104
-0.95185628,0.00006104
-0.95153628,0.00006104
-0.95121628,0.00006104
-0.95089628,0.00006104
-0.95057628,0.00006104
-0.95025628,0.00006104
-0.94993628,0.00006104
-0.94961628,0.00006104
-0.94929628,0.00006104
-0.94897628,0.00006104
-0.94865628,0.00006104
-0.94833628,0.00006104
-0.94801628,0.01788385
-0.94769628,0.00006104
-0.94737628,0.00006104
-0.94705628,0.00006104
-0.94673628,0.00006104
-0.94641628,0.00006104
-0.94609628,0.00006104
-0.94577628,0.00006104
-0.94545628,0.00006104
-0.94513628,0.00006104
-0.94481628,0.00006104
-0.94449628,0.00006104
-0.94417628,0.00006104
-0.94385628,0.00006104
-0.94353628,0.00006104
-0.94321628,0.00006104
-0.94289628,0.00006104
-0.94257628,0.00006104
-0.94225628,0.00006104
-0.94193628,0.00006104
-0.94161628,0.00006104
-0.94129628,0.00006104
-0.94097628,0.00006104
-0.94065628,0.00006104
-0.94033628,0.00006104
-0.94001628,0.00006104
-0.93969628,0.00006104
-0.93937628,0.00006104
-0.93905628,0.00006104
-0.93873628,0.00006104
-0.93841628,0.00006104
-0.93809628,0.00006104
-0.93777628,0.00006104
-0.93745628,0.00006104
-0.93713628,0.00006104
-0.93681628,0.00006104
-0.93649628,-0.01770074
-0.93617628,0.00006104
-0.93585628,0.00006104
-0.93553628,0.00006104
-0.93521628,0.00006104
-0.93489628,0.00006104
-0.93457628,0.00006104
-0.93425628,0.00006104
-0.93393628,0.00006104
-0.93361628,0.00006104
-0.93329628,0.00006104
-0.93297628,0.00006104
-0.93265628,0.00006104
-0.93233628,0.00006104
-0.93201628,0.00006104
-0.93169628,0.00006104
-0.93137628,0.00006104
-0.93105628,0.00006104
-0.93073628,0.00006104
-0.93041628,0.00006104
-0.93009628,0.00006104
-0.92977628,0.00006104
-0.92945628,0.00006104
-0.92913628,0.00006104
-0.92881628,0.00006104
-0.92849628,0.00006104
-0.92817628,0.00006104
-0.92785628,0.00006104
-0.92753628,-0.01770074
-0.92721628,0.00006104
-0.92689628,0.00006104
-0.92657628,0.00006104
-0.92625628,0.00006104
-0.92593628,0.00006104
-0.92561628,0.00006104
-0.92529628,0.00006104
-0.92497628,0.00006104
-0.92465628,0.00006104
-0.92433628,0.00006104
-0.92401628,0.00006104
-0.92369628,0.00006104
-0.92337628,0.00006104
-0.92305628,0.00006104
-0.92273628,0.00006104
-0.92241628,0.00006104
-0.92209628,0.00006104
-0.92177628,0.00006104
-0.92145628,0.00006104
-0.92113628,0.00006104
-0.92081628,0.00006104
-0.92049628,-0.01770074
-0.92017628,0.00006104
-0.91985628,0.00006104
-0.91953628,0.00006104
-0.91921628,0.00006104
-0.91889628,0.00006104
-0.91857628,0.00006104
-0.91825628,0.00006104
-0.91793628,0.00006104
-0.91761628,0.00006104
-0.91729628,0.00006104
-0.91697628,0.00006104
-0.91665628,0.00006104
-0.91633628,0.00006104
-0.91601628,0.00006104
-0.91569628,0.00006104
-0.91537628,0.00006104
-0.91505628,0.00006104
-0.91473628,0.00006104
-0.91441628,0.00006104
-0.91409628,0.00006104
-0.91377628,0.00006104
-0.91345628,0.00006104
-0.91313628,0.00006104
-0.91281628,0.00006104
-0.91249628,0.00006104
-0.91217628,0.00006104
-0.91185628,0.00006104
-0.91153628,-0.01770074
-0.91121628,0.00006104
-0.91089628,0.00006104
-0.91057628,0.00006104
-0.91025628,0.00006104
-0.90993628,-0.01770074
-0.90961628,0.00006104
-0.90929628,0.00006104
-0.90897628,0.00006104
-0.90865628,0.00006104
-0.90833628,0.00006104
-0.90801628,0.00006104
-0.90769628,0.00006104
-0.90737628,0.00006104
-0.90705628,0.00006104
-0.90673628,0.00006104
-0.90641628,0.00006104
-0.90609628,0.00006104
-0.90577628,0.00006104
-0.90545628,-0.01770074
-0.90513628,0.00006104
-0.90481628,0.00006104
-0.90449628,0.00006104
-0.90417628,0.00006104
-0.90385628,0.00006104
-0.90353628,0.00006104
-0.90321628,0.00006104
-0.90289628,0.00006104
-0.90257628,0.00006104
-0.90225628,0.00006104
-0.90193628,0.00006104
-0.90161628,0.00006104
-0.90129628,0.00006104
-0.90097628,0.00006104
-0.90065628,0.00006104
-0.90033628,0.00006104
-0.90001628,-0.01770074
-0.89969628,0.00006104
-0.89937628,0.00006104
-0.89905628,0.00006104
-0.89873628,0.00006104
-0.89841628,0.00006104
-0.89809628,0.00006104
-0.89777628,0.00006104
-0.89745628,0.00006104
-0.89713628,0.00006104
-0.89681628,0.00006104
-0.89649628,0.00006104
-0.89617628,0.00006104
-0.89585628,0.00006104
-0.89553628,0.00006104
-0.89521628,0.00006104
-0.89489628,0.00006104
-0.89457628,0.00006104
-0.89425628,0.00006104
-0.89393628,0.00006104
-0.89361628,-0.01770074
-0.89329628,0.00006104
-0.89297628,0.00006104
-0.89265628,0.00006104
-0.89233628,0.00006104
-0.89201628,0.00006104
-0.89169628,0.00006104
-0.89137628,0.00006104
-0.89105628,0.00006104
-0.89073628,0.00006104
-0.89041628,0.00006104
-0.89009628,0.00006104
-0.88977628,0.00006104
-0.88945628,-0.01770074
-0.88913628,0.00006104
-0.88881628,0.00006104
-0.88849629,0.00006104
-0.88817629,0.00006104
-0.88785629,0.00006104
-0.88753629,0.00006104
-0.88721629,0.00006104
-0.88689629,0.00006104
-0.88657629,0.00006104
-0.88625629,0.00006104
-0.88593629,0.00006104
-0.88561629,0.00006104
-0.88529629,0.00006104
-0.88497629,0.00006104
-0.88465629,0.00006104
-0.88433629,0.00006104
-0.88401629,0.00006104
-0.88369629,0.00006104
-0.88337629,0.00006104
-0.88305629,0.00006104
-0.88273629,0.00006104
-0.88241629,0.00006104
-0.88209629,0.00006104
-0.88177629,0.00006104
-0.88145629,0.00006104
-0.88113629,0.00006104
-0.88081629,0.00006104
-0.88049629,0.00006104
-0.88017629,0.00006104
-0.87985629,0.00006104
-0.87953629,0.00006104
-0.87921629,0.00006104
-0.87889629,0.00006104
-0.87857629,0.00006104
-0.87825629,0.00006104
-0.87793629,0.00006104
-0.87761629,-0.01770074
-0.87729629,0.00006104
-0.87697629,0.00006104
-0.87665629,0.00006104
-0.87633629,0.00006104
-0.87601629,0.00006104
-0.87569629,0.00006104
-0.87537629,0.00006104
-0.87505629,0.00006104
-0.87473629,0.00006104
-0.87441629,0.00006104
-0.87409629,0.00006104
-0.87377629,0.00006104
-0.87345629,0.00006104
-0.87313629,0.00006104
-0.87281629,0.00006104
-0.87249629,0.00006104
-0.87217629,0.00006104
-0.87185629,0.00006104
-0.87153629,0.00006104
-0.87121629,0.00006104
-0.87089629,0.00006104
-0.87057629,0.00006104
-0.87025629,0.00006104
-0.86993629,0.00006104
-0.86961629,0.00006104
-0.86929629,0.00006104
-0.86897629,-0.01770074
-0.86865629,0.00006104
-0.86833629,0.00006104
-0.86801629,0.00006104
-0.86769629,-0.01770074
-0.86737629,0.00006104
-0.86705629,0.00006104
-0.86673629,0.00006104
-0.86641629,0.00006104
-0.86609629,-0.01770074
-0.86577629,0.00006104
-0.86545629,0.00006104
-0.86513629,0.00006104
-0.86481629,0.00006104
-0.86449629,0.00006104
-0.86417629,0.00006104
-0.86385629,0.00006104
-0.86353629,0.00006104
-0.86321629,0.00006104
-0.86289629,0.00006104
-0.86257629,0.00006104
-0.86225629,0.00006104
-0.86193629,0.00006104
-0.86161629,0.00006104
-0.86129629,0.00006104
-0.86097629,0.00006104
-0.86065629,-0.01770074
-0.86033629,0.00006104
-0.86001629,0.00006104
-0.85969629,0.00006104
-0.85937629,-0.01770074
-0.85905629,0.00006104
-0.85873629,0.00006104
-0.85841629,0.00006104
-0.85809629,0.00006104
-0.85777629,0.00006104
-0.85745629,0.00006104
-0.85713629,0.00006104
-0.85681629,0.00006104
-0.85649629,0.00006104
-0.85617629,0.00006104
-0.85585629,0.00006104
-0.85553629,0.00006104
-0.85521629,0.00006104
-0.85489629,0.00006104
-0.85457629,0.00006104
-0.85425629,0.00006104
-0.85393629,0.00006104
-0.85361629,0.00006104
-0.85329629,0.00006104
-0.85297629,0.00006104
-0.85265629,-0.01770074
-0.85233629,0.00006104
-0.85201629,0.00006104
-0.85169629,0.00006104
-0.85137629,0.00006104
-0.85105629,0.00006104
-0.85073629,0.00006104
-0.85041629,0.00006104
-0.85009629,0.00006104
-0.84977629,0.00006104
-0.84945629,0.00006104
-0.84913629,0.00006104
-0.84881629,0.00006104
-0.84849629,0.00006104
-0.84817629,0.00006104
-0.84785629,0.00006104
-0.84753629,0.00006104
-0.84721629,0.00006104
-0.84689629,-0.01770074
-0.84657629,0.00006104
-0.84625629,0.00006104
-0.84593629,0.00006104
-0.84561629,0.00006104
-0.84529629,0.00006104
-0.84497629,0.00006104
-0.84465629,0.00006104
-0.84433629,-0.01770074
-0.84401629,0.00006104
-0.84369629,0.00006104
-0.84337629,0.00006104
-0.84305629,0.00006104
-0.84273629,0.00006104
-0.84241629,0.00006104
-0.84209629,0.00006104
-0.84177629,0.00006104
-0.84145629,-0.01770074
-0.84113629,0.00006104
-0.84081629,0.00006104
-0.84049629,0.00006104
-0.84017629,0.00006104
-0.83985629,0.00006104
-0.83953629,0.00006104
-0.83921629,0.00006104
-0.83889629,0.00006104
-0.83857629,0.00006104
-0.83825629,-0.01770074
-0.83793629,0.00006104
-0.83761629,0.00006104
-0.83729629,0.00006104
-0.83697629,0.00006104
-0.83665629,-0.01770074
-0.83633629,0.00006104
-0.83601629,0.00006104
-0.83569629,0.00006104
-0.83537629,0.00006104
-0.83505629,-0.01770074
-0.83473629,0.00006104
-0.83441629,0.00006104
-0.83409629,0.00006104
-0.83377629,0.00006104
-0.83345629,0.00006104
-0.83313629,0.00006104
-0.83281629,0.00006104
-0.83249629,0.00006104
-0.83217629,0.00006104
-0.83185629,0.00006104
-0.83153629,0.00006104
-0.83121629,0.00006104
-0.83089629,0.00006104
-0.83057629,0.00006104
-0.83025629,0.00006104
-0.82993629,0.00006104
-0.82961629,0.00006104
-0.82929629,0.00006104
-0.82897629,0.00006104
-0.82865629,0.00006104
-0.82833629,0.00006104
-0.82801629,0.00006104
-0.82769629,0.00006104
-0.82737629,0.00006104
-0.82705629,0.00006104
-0.82673629,0.00006104
-0.82641629,0.00006104
-0.82609629,0.00006104
-0.82577629,0.00006104
-0.82545629,0.00006104
-0.82513629,0.00006104
-0.82481629,0.00006104
-0.82449629,0.00006104
-0.82417629,-0.01770074
-0.82385629,0.00006104
-0.82353629,0.00006104
-0.82321629,0.00006104
-0.82289629,0.00006104
-0.82257629,-0.01770074
-0.82225629,0.00006104
-0.82193629,0.00006104
-0.82161629,0.00006104
-0.82129629,0.00006104
-0.82097629,0.00006104
-0.82065629,0.00006104
-0.82033629,0.00006104
-0.82001629,0.00006104
-0.81969629,0.00006104
-0.81937629,-0.01770074
-0.81905629,0.00006104
-0.81873629,0.00006104
-0.81841629,0.00006104
-0.81809629,0.00006104
-0.81777629,0.00006104
-0.81745629,0.00006104
-0.81713629,0.00006104
-0.81681629,0.00006104
-0.81649629,0.00006104
-0.81617629,0.00006104
-0.81585629,0.00006104
-0.81553629,-0.01770074
-0.81521629,0.00006104
-0.81489629,0.00006104
-0.81457629,0.00006104
-0.81425629,0.00006104
-0.81393629,0.00006104
-0.81361629,0.00006104
-0.81329629,0.00006104
-0.81297629,0.00006104
-0.81265629,0.00006104
-0.81233629,0.00006104
-0.81201629,0.00006104
-0.81169629,0.00006104
-0.81137629,0.00006104
-0.81105629,0.00006104
-0.81073629,0.00006104
-0.81041629,0.00006104
-0.81009629,0.00006104
-0.80977629,0.00006104
-0.80945629,0.00006104
-0.80913629,0.00006104
-0.80881629,0.00006104
-0.80849629,0.00006104
-0.80817629,0.00006104
-0.80785629,0.00006104
-0.80753629,0.00006104
-0.80721629,0.00006104
-0.80689629,0.00006104
-0.80657629,0.00006104
-0.80625629,0.00006104
-0.80593629,0.00006104
-0.80561629,0.00006104
-0.80529629,0.00006104
-0.80497629,0.00006104
-0.80465629,0.00006104
-0.80433629,0.00006104
-0.80401629,0.00006104
-0.80369629,0.00006104
-0.80337629,-0.01770074
-0.80305629,0.00006104
-0.80273629,-0.01770074
-0.80241629,0.00006104
-0.80209629,0.00006104
-0.80177629,0.00006104
-0.80145629,-0.01770074
-0.80113629,0.00006104
-0.80081629,0.00006104
-0.80049629,0.00006104
-0.80017629,-0.01770074
-0.79985629,-0.01770074
-0.79953629,0.00006104
-0.79921629,0.00006104
-0.79889629,0.00006104
-0.79857629,-0.01770074
-0.79825629,0.00006104
-0.79793629,0.00006104
-0.79761629,0.00006104
-0.79729629,0.00006104
-0.79697629,0.00006104
-0.79665629,0.00006104
-0.79633629,0.00006104
-0.79601629,0.00006104
-0.79569629,0.00006104
-0.79537629,0.00006104
-0.79505629,0.00006104
-0.79473629,0.00006104
-0.79441629,0.00006104
-0.79409629,0.00006104
-0.79377629,0.00006104
-0.79345629,0.00006104
-0.79313629,-0.01770074
-0.79281629,0.00006104
-0.79249629,0.00006104
-0.79217629,0.00006104
-0.79185629,0.00006104
-0.79153629,0.00006104
-0.79121629,0.00006104
-0.79089629,0.00006104
-0.79057629,0.00006104
-0.79025629,0.00006104
-0.78993629,0.00006104
-0.78961629,0.00006104
-0.78929629,0.00006104
-0.78897629,0.00006104
-0.78865629,0.00006104
-0.78833629,0.00006104
-0.78801629,0.00006104
-0.78769629,0.00006104
-0.78737629,0.00006104
-0.78705629,0.00006104
-0.78673629,0.00006104
-0.78641629,0.00006104
-0.78609629,0.00006104
-0.78577629,0.00006104
-0.78545629,0.00006104
-0.78513629,0.00006104
-0.78481629,0.00006104
-0.78449629,0.00006104
-0.78417629,0.00006104
-0.78385629,0.00006104
-0.78353629,0.00006104
-0.78321629,0.00006104
-0.78289629,0.00006104
-0.78257629,0.00006104
-0.78225629,0.00006104
-0.78193629,0.00006104
-0.78161629,0.00006104
-0.78129629,0.00006104
-0.78097629,0.00006104
-0.78065629,0.00006104
-0.78033629,0.00006104
-0.78001629,0.00006104
-0.77969629,0.00006104
-0.77937629,0.00006104
-0.77905629,0.00006104
-0.77873629,0.00006104
-0.77841629,0.00006104
-0.77809629,0.00006104
-0.77777629,0.00006104
-0.77745629,0.00006104
-0.77713629,0.00006104
-0.77681629,0.00006104
-0.77649629,0.00006104
-0.77617629,0.00006104
-0.77585629,0.00006104
-0.77553629,0.00006104
-0.77521629,0.00006104
-0.77489629,0.00006104
-0.77457629,0.00006104
-0.77425629,0.00006104
-0.77393629,0.00006104
-0.77361629,0.00006104
-0.77329629,-0.01770074
-0.77297629,0.00006104
-0.77265629,0.00006104
-0.77233629,0.00006104
-0.77201629,0.00006104
-0.77169629,0.00006104
-0.77137629,0.00006104
-0.77105629,0.00006104
-0.77073629,0.00006104
-0.77041629,0.00006104
-0.77009629,0.00006104
-0.76977629,0.00006104
-0.76945629,0.00006104
-0.76913629,0.00006104
-0.76881629,0.00006104
-0.76849629,0.00006104
-0.76817629,0.00006104
-0.76785629,0.00006104
-0.76753629,0.00006104
-0.76721629,0.00006104
-0.76689629,0.00006104
-0.76657629,0.00006104
-0.76625629,0.00006104
-0.76593629,0.00006104
-0.76561629,0.00006104
-0.76529629,-0.01770074
-0.76497629,0.00006104
-0.76465629,0.00006104
-0.76433629,0.00006104
-0.76401629,0.00006104
-0.76369629,0.00006104
-0.76337629,0.00006104
-0.76305629,-0.01770074
-0.76273629,-0.01770074
-0.76241629,-0.01770074
-0.76209629,-0.01770074
-0.76177629,0.00006104
-0.76145629,0.00006104
-0.76113629,0.00006104
-0.76081629,0.00006104
-0.76049629,0.00006104
-0.76017629,0.00006104
-0.75985629,-0.01770074
-0.75953629,0.00006104
-0.75921629,0.00006104
-0.75889629,-0.01770074
-0.75857629,0.00006104
-0.75825629,0.00006104
-0.75793629,0.00006104
-0.75761629,0.00006104
-0.75729629,0.00006104
-0.75697629,0.00006104
-0.75665629,0.00006104
-0.75633629,0.00006104
-0.75601629,0.00006104
-0.75569629,0.00006104
-0.75537629,0.00006104
-0.75505629,-0.01770074
-0.75473629,-0.01770074
-0.75441629,0.00006104
-0.75409629,0.00006104
-0.75377629,0.00006104
-0.75345629,0.00006104
-0.75313629,-0.01770074
-0.75281629,0.00006104
-0.75249629,0.00006104
-0.75217629,0.00006104
-0.75185629,0.00006104
-0.75153629,0.00006104
-0.75121629,0.00006104
-0.75089629,-0.01770074
-0.75057629,0.00006104
-0.75025629,0.00006104
-0.74993629,0.00006104
-0.74961629,0.00006104
-0.74929629,0.00006104
-0.74897629,0.00006104
-0.74865629,0.00006104
-0.74833629,0.00006104
-0.74801629,0.00006104
-0.74769629,0.00006104
-0.74737629,-0.01770074
-0.74705629,0.00006104
-0.74673629,0.00006104
-0.74641629,0.00006104
-0.74609629,0.00006104
-0.74577629,-0.01770074
-0.74545629,0.00006104
-0.74513629,-0.01770074
-0.74481629,0.00006104
-0.74449629,0.00006104
-0.74417629,0.00006104
-0.74385629,0.00006104
-0.74353629,0.00006104
-0.74321629,0.00006104
-0.74289629,0.00006104
-0.74257629,0.00006104
-0.74225629,0.00006104
-0.74193629,0.00006104
-0.74161629,-0.01770074
-0.74129629,0.00006104
-0.74097629,0.00006104
-0.74065629,0.00006104
-0.74033629,-0.01770074
-0.74001629,0.00006104
-0.73969629,0.00006104
-0.73937629,0.00006104
-0.73905629,0.00006104
-0.73873629,0.00006104
-0.73841629,0.00006104
-0.73809629,0.00006104
-0.73777629,0.00006104
-0.73745629,0.00006104
-0.73713629,0.00006104
-0.73681629,0.00006104
-0.73649629,0.00006104
-0.73617629,0.00006104
-0.73585629,0.00006104
-0.73553629,0.00006104
-0.73521629,0.00006104
-0.73489629,-0.01770074
-0.73457629,-0.01770074
-0.73425629,0.00006104
-0.73393629,0.00006104
-0.73361629,0.00006104
-0.73329629,0.00006104
-0.73297629,0.00006104
-0.73265629,0.00006104
-0.73233629,0.00006104
-0.73201629,0.00006104
-0.73169629,0.00006104
-0.73137629,0.00006104
-0.73105629,0.00006104
-0.73073629,0.00006104
-0.73041629,0.00006104
-0.73009629,0.00006104
-0.72977629,0.00006104
-0.72945629,0.00006104
-0.72913629,0.00006104
-0.72881629,0.00006104
-0.72849629,0.00006104
-0.72817629,0.00006104
-0.72785629,0.00006104
-0.72753629,0.00006104
-0.72721629,0.00006104
-0.72689629,0.00006104
-0.72657629,0.00006104
-0.72625629,-0.01770074
-0.72593629,-0.01770074
-0.72561629,-0.01770074
-0.72529629,0.00006104
-0.72497629,0.00006104
-0.72465629,0.00006104
-0.72433629,-0.01770074
-0.72401629,0.00006104
-0.72369629,0.00006104
-0.72337629,0.00006104
-0.72305629,0.00006104
-0.72273629,0.00006104
-0.72241629,0.00006104
-0.72209629,0.00006104
-0.72177629,0.00006104
-0.72145629,0.00006104
-0.72113629,0.00006104
-0.72081629,0.00006104
-0.72049629,0.00006104
-0.72017629,-0.01770074
-0.71985629,0.00006104
-0.71953629,0.00006104
-0.71921629,-0.01770074
-0.71889629,0.00006104
-0.71857629,0.00006104
-0.71825629,0.00006104
-0.71793629,-0.01770074
-0.71761629,0.00006104
-0.71729629,0.00006104
-0.71697629,-0.01770074
-0.71665629,-0.01770074
-0.71633629,0.00006104
-0.71601629,-0.01770074
-0.71569629,-0.01770074
-0.71537629,-0.01770074
-0.71505629,0.00006104
-0.71473629,0.00006104
-0.71441629,0.00006104
-0.71409629,0.00006104
-0.71377629,0.00006104
-0.71345629,-0.01770074
-0.71313629,0.00006104
-0.71281629,-0.01770074
-0.71249629,-0.01770074
-0.71217629,0.00006104
-0.71185629,0.00006104
-0.71153629,-0.01770074
-0.71121629,0.00006104
-0.71089629,-0.01770074
-0.71057629,0.00006104
-0.71025629,0.00006104
-0.70993629,0.00006104
-0.70961629,0.00006104
-0.70929629,0.00006104
-0.70897629,0.00006104
-0.70865629,-0.01770074
-0.70833629,0.00006104
-0.70801629,0.00006104
-0.70769629,0.00006104
-0.70737629,-0.01770074
-0.70705629,0.00006104
-0.70673629,0.00006104
-0.70641629,0.00006104
-0.70609629,0.00006104
-0.70577629,-0.01770074
-0.70545629,0.00006104
-0.70513629,0.00006104
-0.70481629,0.00006104
-0.70449629,0.00006104
-0.70417629,0.00006104
-0.70385629,0.00006104
-0.70353629,0.00006104
-0.70321629,0.00006104
-0.70289629,-0.01770074
-0.70257629,0.00006104
-0.70225629,0.00006104
-0.70193629,0.00006104
-0.70161629,0.00006104
-0.70129629,0.00006104
-0.70097629,-0.01770074
-0.70065629,0.00006104
-0.70033629,0.00006104
-0.70001629,0.00006104
-0.69969629,0.00006104
-0.69937629,0.00006104
-0.69905629,0.00006104
-0.69873629,0.00006104
-0.69841629,0.00006104
-0.69809629,0.00006104
-0.69777629,0.00006104
-0.69745629,0.00006104
-0.69713629,0.00006104
-0.69681629,-0.01770074
-0.69649629,0.00006104
-0.69617629,-0.01770074
-0.69585629,0.00006104
-0.69553629,0.00006104
-0.69521629,0.00006104
-0.69489629,0.00006104
-0.69457629,0.00006104
-0.69425629,0.00006104
-0.69393629,0.00006104
-0.69361629,0.00006104
-0.69329629,0.00006104
-0.69297629,-0.01770074
-0.69265629,0.00006104
-0.69233629,0.00006104
-0.69201629,0.00006104
-0.69169629,0.00006104
-0.69137629,0.00006104
-0.69105629,0.00006104
-0.69073629,0.00006104
-0.69041629,0.00006104
-0.69009629,0.00006104
-0.68977629,0.00006104
-0.68945629,-0.01770074
-0.68913629,0.00006104
-0.68881629,0.00006104
-0.68849629,0.00006104
-0.68817629,0.00006104
-0.68785629,0.00006104
-0.68753629,0.00006104
-0.68721629,0.00006104
-0.68689629,0.00006104
-0.68657629,0.00006104
-0.68625629,0.00006104
-0.68593629,0.00006104
-0.68561629,0.00006104
-0.68529629,0.00006104
-0.68497629,0.00006104
-0.68465629,0.00006104
-0.68433629,0.00006104
-0.68401629,0.00006104
-0.68369629,0.00006104
-0.68337629,0.00006104
-0.68305629,0.00006104
-0.68273629,0.00006104
-0.68241629,0.00006104
-0.68209629,0.00006104
-0.68177629,0.00006104
-0.68145629,0.00006104
-0.68113629,0.00006104
-0.68081629,0.00006104
-0.68049629,0.00006104
-0.68017629,0.00006104
-0.67985629,0.00006104
-0.67953629,0.00006104
-0.67921629,0.00006104
-0.67889629,0.00006104
-0.67857629,0.00006104
-0.67825629,0.00006104
-0.67793629,0.00006104
-0.67761629,0.00006104
-0.67729629,0.00006104
-0.67697629,0.00006104
-0.67665629,0.00006104
-0.67633629,0.00006104
-0.67601629,0.00006104
-0.67569629,0.00006104
-0.67537629,-0.01770074
-0.67505629,0.00006104
-0.67473629,0.00006104
-0.67441629,0.00006104
-0.67409629,0.00006104
-0.67377629,0.00006104
-0.67345629,0.00006104
-0.67313629,-0.01770074
-0.67281629,0.00006104
-0.67249629,0.00006104
-0.67217629,0.00006104
-0.67185629,0.00006104
-0.67153629,0.00006104
-0.67121629,0.00006104
-0.67089629,0.00006104
-0.67057629,0.00006104
-0.67025629,0.00006104
-0.66993629,0.00006104
-0.66961629,0.00006104
-0.66929629,0.00006104
-0.66897629,0.00006104
-0.66865629,0.00006104
-0.66833629,0.00006104
-0.66801629,0.00006104
-0.66769629,0.00006104
-0.66737629,0.00006104
-0.66705629,0.00006104
-0.66673629,0.00006104
-0.66641629,0.00006104
-0.66609629,0.00006104
-0.66577629,0.00006104
-0.66545629,0.00006104
-0.66513629,0.00006104
-0.66481629,0.00006104
-0.66449629,-0.01770074
-0.66417629,0.00006104
-0.66385629,0.00006104
-0.66353629,0.00006104
-0.66321629,0.00006104
-0.66289629,0.00006104
-0.66257629,0.00006104
-0.66225629,-0.01770074
-0.66193629,0.00006104
-0.66161629,0.00006104
-0.66129629,0.00006104
-0.66097629,0.00006104
-0.66065629,0.00006104
-0.66033629,-0.01770074
-0.66001629,0.00006104
-0.65969629,0.00006104
-0.65937629,0.00006104
-0.65905629,0.00006104
-0.65873629,0.00006104
-0.65841629,0.00006104
-0.65809629,0.00006104
-0.65777629,0.00006104
-0.65745629,0.00006104
-0.65713629,0.00006104
-0.65681629,0.00006104
-0.65649629,0.00006104
-0.65617629,0.00006104
-0.65585629,0.00006104
-0.65553629,0.00006104
-0.65521629,-0.01770074
-0.65489629,0.00006104
-0.65457629,0.00006104
-0.65425629,0.00006104
-0.65393629,0.00006104
-0.65361629,0.00006104
-0.65329629,0.00006104
-0.65297629,0.00006104
-0.65265629,0.00006104
-0.65233629,-0.01770074
-0.65201629,0.00006104
-0.65169629,0.00006104
-0.65137629,0.00006104
-0.65105629,0.00006104
-0.65073629,0.00006104
-0.65041629,0.00006104
-0.65009629,0.00006104
-0.64977629,0.00006104
-0.64945629,0.00006104
-0.64913629,0.00006104
-0.64881629,0.00006104
-0.64849629,0.00006104
-0.64817629,0.00006104
-0.64785629,0.00006104
-0.64753629,0.00006104
-0.64721629,0.00006104
-0.64689629,0.00006104
-0.64657629,0.00006104
-0.64625629,0.00006104
-0.64593629,0.00006104
-0.64561629,0.00006104
-0.64529629,0.00006104
-0.64497629,0.00006104
-0.64465629,0.00006104
-0.64433629,0.00006104
-0.64401629,0.00006104
-0.64369629,0.00006104
-0.64337629,0.00006104
-0.64305629,0.00006104
-0.64273629,0.00006104
-0.64241629,0.00006104
-0.64209629,0.00006104
-0.64177629,0.00006104
-0.64145629,0.00006104
-0.64113629,0.00006104
-0.64081629,0.00006104
-0.64049629,0.00006104
-0.64017629,0.00006104
-0.63985629,0.00006104
-0.63953629,0.00006104
-0.63921629,0.00006104
-0.63889629,0.00006104
-0.63857629,0.00006104
-0.63825629,-0.01770074
-0.63793629,0.00006104
-0.63761629,0.00006104
-0.63729629,0.00006104
-0.63697629,0.00006104
-0.63665629,0.00006104
-0.63633629,0.00006104
-0.63601629,0.00006104
-0.63569629,-0.01770074
-0.63537629,-0.01770074
-0.63505629,0.00006104
-0.63473629,0.00006104
-0.63441629,0.00006104
-0.63409629,0.00006104
-0.63377629,0.00006104
-0.63345629,0.00006104
-0.63313629,0.00006104
-0.63281629,0.00006104
-0.63249629,0.00006104
-0.63217629,-0.01770074
-0.63185629,0.00006104
-0.63153629,0.00006104
-0.63121629,0.00006104
-0.63089629,0.00006104
-0.63057629,0.00006104
-0.63025629,0.00006104
-0.62993629,0.00006104
-0.62961629,0.00006104
-0.62929629,0.00006104
-0.62897629,0.00006104
-0.62865629,0.00006104
-0.62833629,0.00006104
-0.62801629,0.00006104
-0.62769629,0.00006104
-0.62737629,0.00006104
-0.62705629,0.00006104
-0.62673629,0.00006104
-0.62641629,0.00006104
-0.62609629,0.00006104
-0.62577629,0.00006104
-0.62545629,0.00006104
-0.62513629,0.00006104
-0.62481629,0.00006104
-0.62449629,0.00006104
-0.62417629,0.00006104
-0.62385629,0.00006104
-0.62353629,0.00006104
-0.62321629,0.00006104
-0.62289629,0.00006104
-0.62257629,0.00006104
-0.62225629,0.00006104
-0.62193629,0.00006104
-0.62161629,0.00006104
-0.62129629,0.00006104
-0.62097629,0.00006104
-0.62065629,0.00006104
-0.62033629,0.00006104
-0.62001629,0.00006104
-0.61969629,0.00006104
-0.61937629,0.00006104
-0.61905629,0.00006104
-0.61873629,0.00006104
-0.61841629,0.00006104
-0.61809629,0.00006104
-0.61777629,0.00006104
-0.61745629,0.00006104
-0.61713629,0.00006104
-0.61681629,0.00006104
-0.61649629,0.00006104
-0.61617629,-0.01770074
-0.61585629,0.00006104
-0.61553629,0.00006104
-0.61521629,0.00006104
-0.61489629,0.00006104
-0.61457629,0.00006104
-0.61425629,0.00006104
-0.61393629,0.00006104
-0.61361629,0.00006104
-0.61329629,0.00006104
-0.61297629,0.00006104
-0.61265629,0.00006104
-0.61233629,-0.01770074
-0.61201629,0.00006104
-0.61169629,0.00006104
-0.61137629,0.00006104
-0.61105629,0.00006104
-0.61073629,0.00006104
-0.61041629,0.00006104
-0.61009629,0.00006104
-0.60977629,0.00006104
-0.60945629,0.00006104
-0.60913629,0.00006104
-0.60881629,0.00006104
-0.60849629,0.00006104
-0.60817629,0.00006104
-0.60785629,0.00006104
-0.60753629,0.00006104
-0.60721629,0.00006104
-0.60689629,0.00006104
-0.60657629,-0.01770074
-0.60625629,0.00006104
-0.60593629,0.00006104
-0.60561629,0.00006104
-0.60529629,0.00006104
-0.60497629,0.00006104
-0.60465629,0.00006104
-0.60433629,0.00006104
-0.60401629,0.00006104
-0.60369629,0.00006104
-0.60337629,0.00006104
-0.60305629,0.00006104
-0.60273629,-0.01770074
-0.60241629,-0.01770074
-0.60209629,-0.01770074
-0.60177629,0.00006104
-0.60145629,0.00006104
-0.60113629,0.00006104
-0.60081629,0.00006104
-0.60049629,0.00006104
-0.60017629,0.00006104
-0.59985629,0.00006104
-0.59953629,0.00006104
-0.59921629,0.00006104
-0.59889629,0.00006104
-0.59857629,0.00006104
-0.59825629,0.00006104
-0.59793629,0.00006104
-0.59761629,0.00006104
-0.59729629,0.00006104
-0.59697629,0.00006104
-0.59665629,0.00006104
-0.59633629,0.00006104
-0.59601629,0.00006104
-0.59569629,0.00006104
-0.59537629,0.00006104
-0.59505629,0.00006104
-0.59473629,0.00006104
-0.59441629,0.00006104
-0.59409629,0.00006104
-0.59377629,0.00006104
-0.59345629,0.00006104
-0.59313629,0.00006104
-0.59281629,0.00006104
-0.59249629,0.00006104
-0.59217629,-0.01770074
-0.59185629,0.00006104
-0.59153629,0.00006104
-0.59121629,0.00006104
-0.59089629,0.00006104
-0.59057629,0.00006104
-0.59025629,0.00006104
-0.58993629,0.00006104
-0.58961629,0.00006104
-0.58929629,0.00006104
-0.58897629,0.00006104
-0.58865629,0.00006104
-0.58833629,0.00006104
-0.58801629,0.00006104
-0.58769629,0.00006104
-0.58737629,0.00006104
-0.58705629,0.00006104
-0.58673629,0.00006104
-0.58641629,0.00006104
-0.58609629,0.00006104
-0.58577629,0.00006104
-0.58545629,-0.01770074
-0.58513629,0.00006104
-0.58481629,0.00006104
-0.58449629,-0.01770074
-0.58417629,0.00006104
-0.58385629,0.00006104
-0.58353629,-0.01770074
-0.58321629,0.00006104
-0.58289629,0.00006104
-0.58257629,0.00006104
-0.58225629,0.00006104
-0.58193629,0.00006104
-0.58161629,0.00006104
-0.58129629,0.00006104
-0.58097629,-0.01770074
-0.58065629,0.00006104
-0.58033629,0.00006104
-0.58001629,0.00006104
-0.57969629,0.00006104
-0.57937629,0.00006104
-0.57905629,0.00006104
-0.57873629,0.00006104
-0.57841629,0.00006104
-0.57809629,0.00006104
-0.57777629,0.00006104
-0.57745629,0.00006104
-0.57713629,0.00006104
-0.57681629,0.00006104
-0.57649629,0.00006104
-0.57617629,0.00006104
-0.57585629,0.00006104
-0.57553629,0.00006104
-0.57521629,0.00006104
-0.57489629,0.00006104
-0.57457629,0.00006104
-0.57425629,0.00006104
-0.57393629,0.00006104
-0.57361629,-0.01770074
-0.57329629,0.00006104
-0.57297629,0.00006104
-0.57265629,0.00006104
-0.57233629,0.00006104
-0.57201629,0.00006104
-0.57169629,0.00006104
-0.57137629,0.00006104
-0.57105629,-0.01770074
-0.57073629,0.00006104
-0.57041629,0.00006104
-0.57009629,-0.01770074
-0.56977629,0.00006104
-0.56945629,0.00006104
-0.56913629,-0.01770074
-0.56881629,0.00006104
-0.56849629,0.00006104
-0.56817629,0.00006104
-0.56785629,0.00006104
-0.56753629,0.00006104
-0.56721629,0.00006104
-0.56689629,0.00006104
-0.56657629,0.00006104
-0.56625629,0.00006104
-0.56593629,0.00006104
-0.56561629,0.00006104
-0.56529629,0.00006104
-0.56497629,0.00006104
-0.56465629,0.00006104
-0.56433629,-0.01770074
-0.56401629,0.00006104
-0.56369629,0.00006104
-0.56337629,0.00006104
-0.56305629,0.00006104
-0.56273629,-0.01770074
-0.56241629,0.00006104
-0.56209629,-0.01770074
-0.56177629,0.00006104
-0.56145629,0.00006104
-0.56113629,0.00006104
-0.56081629,0.00006104
-0.56049629,0.00006104
-0.56017629,0.00006104
-0.55985629,0.00006104
-0.55953629,0.00006104
-0.55921629,0.00006104
-0.55889629,0.00006104
-0.55857629,0.00006104
-0.55825629,0.00006104
-0.55793629,0.00006104
-0.55761629,0.00006104
-0.55729629,0.00006104
-0.55697629,0.00006104
-0.55665629,0.00006104
-0.55633629,0.00006104
-0.55601629,0.00006104
-0.55569629,0.00006104
-0.55537629,0.00006104
-0.55505629,0.00006104
-0.55473629,0.00006104
-0.55441629,0.00006104
-0.55409629,0.00006104
-0.55377629,0.00006104
-0.55345629,0.00006104
-0.55313629,-0.01770074
-0.55281629,0.00006104
-0.55249629,0.00006104
-0.55217629,0.00006104
-0.55185629,0.00006104
-0.55153629,0.00006104
-0.55121629,0.00006104
-0.55089629,0.00006104
-0.55057629,0.00006104
-0.55025629,0.00006104
-0.54993629,0.00006104
-0.54961629,0.00006104
-0.54929629,0.00006104
-0.54897629,-0.01770074
-0.54865629,0.00006104
-0.54833629,0.00006104
-0.54801629,0.00006104
-0.54769629,-0.01770074
-0.54737629,0.00006104
-0.54705629,0.00006104
-0.54673629,0.00006104
-0.54641629,0.00006104
-0.54609629,0.00006104
-0.54577629,0.00006104
-0.54545629,0.00006104
-0.54513629,0.00006104
-0.54481629,0.00006104
-0.54449629,0.00006104
-0.54417629,0.00006104
-0.54385629,0.00006104
-0.54353629,0.00006104
-0.54321629,0.00006104
-0.54289629,-0.01770074
-0.54257629,0.00006104
-0.54225629,0.00006104
-0.54193629,0.00006104
-0.54161629,0.00006104
-0.54129629,0.00006104
-0.54097629,0.00006104
-0.54065629,0.00006104
-0.54033629,0.00006104
-0.54001629,0.00006104
-0.53969629,0.00006104
-0.53937629,0.00006104
-0.53905629,0.00006104
-0.53873629,0.00006104
-0.53841629,0.00006104
-0.53809629,0.00006104
-0.53777629,0.00006104
-0.53745629,0.00006104
-0.53713629,-0.01770074
-0.53681629,0.00006104
-0.53649629,-0.01770074
-0.53617629,0.00006104
-0.53585629,0.00006104
-0.53553629,0.00006104
-0.53521629,0.00006104
-0.53489629,0.00006104
-0.53457629,0.00006104
-0.53425629,0.00006104
-0.53393629,0.00006104
-0.53361629,0.00006104
-0.53329629,0.00006104
-0.53297629,0.00006104
-0.53265629,0.00006104
-0.53233629,0.00006104
-0.53201629,0.00006104
-0.53169629,-0.01770074
-0.53137629,0.00006104
-0.53105629,0.00006104
-0.53073629,0.00006104
-0.53041629,0.00006104
-0.53009629,0.00006104
-0.52977629,0.00006104
-0.52945629,0.00006104
-0.52913629,0.00006104
-0.52881629,0.00006104
-0.52849629,0.00006104
-0.52817629,0.00006104
-0.52785629,0.00006104
-0.52753629,0.00006104
-0.52721629,0.00006104
-0.52689629,0.00006104
-0.52657629,0.00006104
-0.52625629,-0.01770074
-0.52593629,0.00006104
-0.52561629,0.00006104
-0.52529629,0.00006104
-0.52497629,0.00006104
-0.52465629,0.00006104
-0.52433629,0.00006104
-0.52401629,0.00006104
-0.52369629,0.00006104
-0.52337629,0.00006104
-0.52305629,0.00006104
-0.52273629,0.00006104
-0.52241629,-0.01770074
-0.52209629,0.00006104
-0.52177629,0.00006104
-0.52145629,0.00006104
-0.52113629,0.00006104
-0.52081629,0.00006104
-0.52049629,0.00006104
-0.52017629,0.00006104
-0.51985629,-0.01770074
-0.51953629,0.00006104
-0.51921629,0.00006104
-0.51889629,0.00006104
-0.51857629,0.00006104
-0.51825629,0.00006104
-0.51793629,0.00006104
-0.51761629,0.00006104
-0.51729629,0.00006104
-0.51697629,0.00006104
-0.51665629,0.00006104
-0.51633629,0.00006104
-0.51601629,0.00006104
-0.51569629,0.00006104
-0.51537629,0.00006104
-0.51505629,0.00006104
-0.51473629,0.00006104
-0.51441629,0.00006104
-0.51409629,0.00006104
-0.51377629,0.00006104
-0.51345629,0.00006104
-0.51313629,-0.01770074
-0.51281629,-0.01770074
-0.51249629,-0.01770074
-0.51217629,0.00006104
-0.51185629,0.00006104
-0.51153629,0.00006104
-0.51121629,0.00006104
-0.51089629,0.00006104
-0.51057629,0.00006104
-0.51025629,0.00006104
-0.50993629,0.00006104
-0.50961629,0.00006104
-0.50929629,0.00006104
-0.50897629,0.00006104
-0.50865629,0.00006104
-0.50833629,0.00006104
-0.50801629,0.00006104
-0.50769629,0.00006104
-0.50737629,0.00006104
-0.50705629,0.00006104
-0.50673629,0.00006104
-0.50641629,0.00006104
-0.50609629,0.00006104
-0.50577629,0.00006104
-0.50545629,0.00006104
-0.50513629,0.00006104
-0.50481629,0.00006104
-0.50449629,0.00006104
-0.50417629,-0.01770074
-0.50385629,-0.01770074
-0.50353629,0.00006104
-0.50321629,0.00006104
-0.50289629,-0.01770074
-0.50257629,0.00006104
-0.50225629,0.00006104
-0.50193629,1.97589040
-0.50161629,1.45970035
-0.50129629,-0.51612902
-0.50097629,-0.53395182
-0.50065629,-0.21350749
-0.50033629,-0.05334635
-0.50001629,0.00006104
-0.49969629,0.00006104
-0.49937629,-0.01770074
-0.49905629,-0.01770074
-0.49873629,-0.23133031
-0.49841629,-1.01455736
-0.49809629,-∞
-0.49777629,-0.10669271
-0.49745629,0.12469863
-0.49713629,0.00006104
-0.49681629,-0.05334635
-0.49649629,0.00006104
-0.49617629,0.03570665
-0.49585629,0.03570665
-0.49553629,0.01788385
-0.49521629,0.00006104
-0.49489629,0.01788385
-0.49457629,0.03570665
-0.49425629,0.03570665
-0.49393629,0.03570665
-0.49361629,0.03570665
-0.49329629,0.01788385
-0.49297629,0.00006104
-0.49265629,0.00006104
-0.49233629,0.01788385
-0.49201629,0.01788385
-0.49169629,0.05346843
-0.49137629,0.05346843
-0.49105629,0.07129124
-0.49073629,0.07129124
-0.49041629,0.05346843
-0.49009629,0.07129124
-0.48977629,0.05346843
-0.48945629,0.03570665
-0.48913629,0.07129124
-0.48881629,0.08911405
-0.48849629,0.07129124
-0.48817629,0.03570665
-0.48785629,0.03570665
-0.48753629,0.03570665
-0.48721629,0.03570665
-0.48689629,0.00006104
-0.48657629,-0.01770074
-0.48625629,-0.01770074
-0.48593629,-0.01770074
-0.48561629,0.03570665
-0.48529629,0.00006104
-0.48497629,0.00006104
-0.48465629,0.05346843
-0.48433629,-0.01770074
-0.48401629,-0.01770074
-0.48369629,0.01788385
-0.48337629,-0.03552354
-0.48305629,0.01788385
-0.48273629,0.05346843
-0.48241629,0.00006104
-0.48209629,0.03570665
-0.48177629,0.03570665
-0.48145629,0.01788385
-0.48113629,0.01788385
-0.48081629,0.01788385
-0.48049629,0.01788385
-0.48017629,0.00006104
-0.47985629,0.01788385
-0.47953629,0.03570665
-0.47921629,0.00006104
-0.47889629,0.00006104
-0.47857629,0.03570665
-0.47825629,0.01788385
-0.47793629,0.00006104
-0.47761629,0.01788385
-0.47729629,-0.01770074
-0.47697629,0.00006104
-0.47665629,0.01788385
-0.47633629,0.00006104
-0.47601629,0.00006104
-0.47569629,0.01788385
-0.47537629,0.01788385
-0.47505629,0.01788385
-0.47473629,0.01788385
-0.47441629,0.00006104
-0.47409629,0.01788385
-0.47377629,0.01788385
-0.47345629,0.01788385
-0.47313629,0.00006104
-0.47281629,0.01788385
-0.47249629,0.01788385
-0.47217629,0.00006104
-0.47185629,0.00006104
-0.47153629,0.00006104
-0.47121629,0.01788385
-0.47089629,0.00006104
-0.47057629,-0.01770074
-0.47025629,0.00006104
-0.46993629,0.00006104
-0.46961629,0.00006104
-0.46929629,0.00006104
-0.46897629,0.01788385
-0.46865629,0.01788385
-0.46833629,0.01788385
-0.46801629,0.00006104
-0.46769629,0.00006104
-0.46737629,0.01788385
-0.46705629,0.00006104
-0.46673629,0.00006104
-0.46641629,0.01788385
-0.46609629,0.00006104
-0.46577629,0.00006104
-0.46545629,0.01788385
-0.46513629,0.00006104
-0.46481629,0.00006104
-0.46449629,0.00006104
-0.46417629,0.00006104
-0.46385629,0.00006104
-0.46353629,0.00006104
-0.46321629,0.00006104
-0.46289629,0.00006104
-0.46257629,0.01788385
-0.46225629,0.00006104
-0.46193629,0.00006104
-0.46161629,0.01788385
-0.46129629,0.00006104
-0.46097629,0.00006104
-0.46065629,0.01788385
-0.46033629,0.00006104
-0.46001629,0.00006104
-0.45969629,0.00006104
-0.45937629,-0.01770074
-0.45905629,0.00006104
-0.45873629,0.00006104
-0.45841629,0.00006104
-0.45809629,0.00006104
-0.45777629,0.00006104
-0.45745629,0.00006104
-0.45713629,0.01788385
-0.45681629,0.00006104
-0.45649629,0.00006104
-0.45617629,0.01788385
-0.45585629,0.00006104
-0.45553629,0.00006104
-0.45521629,0.01788385
-0.45489629,0.00006104
-0.45457629,0.00006104
-0.45425629,0.00006104
-0.45393629,0.00006104
-0.45361629,0.00006104
-0.45329629,0.00006104
-0.45297629,-0.01770074
-0.45265629,-0.01770074
-0.45233629,0.00006104
-0.45201629,-0.01770074
-0.45169629,-0.01770074
-0.45137629,0.00006104
-0.45105629,0.00006104
-0.45073629,0.00006104
-0.45041629,0.00006104
-0.45009629,0.00006104
-0.44977629,0.00006104
-0.44945629,0.01788385
-0.44913629,0.00006104
-0.44881629,0.00006104
-0.44849629,0.00006104
-0.44817629,0.00006104
-0.44785629,0.00006104
-0.44753629,0.00006104
-0.44721629,0.00006104
-0.44689629,0.00006104
-0.44657629,0.00006104
-0.44625629,0.00006104
-0.44593629,0.00006104
-0.44561629,0.00006104
-0.44529629,0.00006104
-0.44497629,0.00006104
-0.44465629,0.00006104
-0.44433629,0.00006104
-0.44401629,0.00006104
-0.44369629,0.00006104
-0.44337629,0.00006104
-0.44305629,0.00006104
-0.44273629,0.00006104
-0.44241629,0.00006104
-0.44209629,0.00006104
-0.44177629,0.00006104
-0.44145629,0.00006104
-0.44113629,0.00006104
-0.44081629,0.00006104
-0.44049629,0.00006104
-0.44017629,0.00006104
-0.43985629,0.00006104
-0.43953629,0.00006104
-0.43921629,0.00006104
-0.43889629,0.00006104
-0.43857629,0.00006104
-0.43825629,0.00006104
-0.43793629,0.00006104
-0.43761629,0.00006104
-0.43729629,0.00006104
-0.43697629,0.00006104
-0.43665629,0.00006104
-0.43633629,0.00006104
-0.43601629,0.00006104
-0.43569629,0.00006104
-0.43537629,0.00006104
-0.43505629,0.00006104
-0.43473629,0.00006104
-0.43441629,0.00006104
-0.43409629,-0.01770074
-0.43377629,0.00006104
-0.43345629,0.00006104
-0.43313629,0.00006104
-0.43281629,0.00006104
-0.43249629,0.00006104
-0.43217629,0.00006104
-0.43185629,0.00006104
-0.43153629,0.00006104
-0.43121629,0.00006104
-0.43089629,0.00006104
-0.43057629,0.00006104
-0.43025629,0.00006104
-0.42993629,0.00006104
-0.42961629,0.00006104
-0.42929629,0.00006104
-0.42897629,0.00006104
-0.42865629,-0.01770074
-0.42833629,0.00006104
-0.42801629,0.00006104
-0.42769629,0.00006104
-0.42737629,0.00006104
-0.42705629,0.00006104
-0.42673629,0.00006104
-0.42641629,0.00006104
-0.42609629,0.00006104
-0.42577629,0.00006104
-0.42545629,0.00006104
-0.42513629,0.00006104
-0.42481629,0.00006104
-0.42449629,0.00006104
-0.42417629,0.00006104
-0.42385629,0.00006104
-0.42353629,0.00006104
-0.42321629,0.00006104
-0.42289629,0.00006104
-0.42257629,0.00006104
-0.42225629,0.00006104
-0.42193629,0.00006104
-0.42161629,0.00006104
-0.42129629,0.00006104
-0.42097629,0.00006104
-0.42065629,0.00006104
-0.42033629,0.00006104
-0.42001629,0.00006104
-0.41969629,0.00006104
-0.41937629,0.00006104
-0.41905629,-0.01770074
-0.41873629,0.00006104
-0.41841629,0.00006104
-0.41809629,0.00006104
-0.41777629,0.00006104
-0.41745629,0.00006104
-0.41713629,0.00006104
-0.41681629,0.00006104
-0.41649629,0.00006104
-0.41617629,0.00006104
-0.41585629,0.00006104
-0.41553629,0.00006104
-0.41521629,0.00006104
-0.41489629,0.00006104
-0.41457629,0.00006104
-0.41425629,0.00006104
-0.41393629,0.00006104
-0.41361629,0.00006104
-0.41329629,-0.01770074
-0.41297629,0.00006104
-0.41265629,0.00006104
-0.41233629,-0.01770074
-0.41201629,0.00006104
-0.41169629,0.00006104
-0.41137629,0.00006104
-0.41105629,0.00006104
-0.41073629,0.00006104
-0.41041629,0.00006104
-0.41009629,-0.01770074
-0.40977629,0.00006104
-0.40945629,-0.01770074
-0.40913629,0.00006104
-0.40881629,0.00006104
-0.40849629,-0.01770074
-0.40817629,0.00006104
-0.40785629,0.00006104
-0.40753629,0.00006104
-0.40721629,0.00006104
-0.40689629,0.00006104
-0.40657629,-0.01770074
-0.40625629,0.00006104
-0.40593629,0.00006104
-0.40561629,0.00006104
-0.40529629,0.00006104
-0.40497629,0.00006104
-0.40465629,0.00006104
-0.40433629,0.00006104
-0.40401629,0.00006104
-0.40369629,0.00006104
-0.40337629,0.00006104
-0.40305629,0.00006104
-0.40273629,0.00006104
-0.40241629,0.00006104
-0.40209629,0.00006104
-0.40177629,0.00006104
-0.40145629,0.00006104
-0.40113629,-0.01770074
-0.40081629,0.00006104
-0.40049629,0.00006104
-0.40017629,0.00006104
-0.39985629,0.00006104
-0.39953629,0.00006104
-0.39921629,-0.01770074
-0.39889629,0.00006104
-0.39857629,0.00006104
-0.39825629,0.00006104
-0.39793629,0.00006104
-0.39761629,-0.01770074
-0.39729629,0.00006104
-0.39697629,0.00006104
-0.39665629,0.00006104
-0.39633629,0.00006104
-0.39601629,0.00006104
-0.39569629,0.00006104
-0.39537629,0.00006104
-0.39505629,0.00006104
-0.39473629,0.00006104
-0.39441629,0.00006104
-0.39409629,0.00006104
-0.39377629,0.00006104
-0.39345629,0.00006104
-0.39313629,0.00006104
-0.39281629,0.00006104
-0.39249629,0.00006104
-0.39217629,0.00006104
-0.39185629,0.00006104
-0.39153629,0.00006104
-0.39121629,0.00006104
-0.39089629,0.00006104
-0.39057629,0.00006104
-0.39025629,0.00006104
-0.38993629,0.00006104
-0.38961629,-0.01770074
-0.38929629,0.00006104
-0.38897629,0.00006104
-0.38865629,0.00006104
-0.38833629,0.00006104
-0.38801629,0.00006104
-0.38769629,0.00006104
-0.38737629,0.00006104
-0.38705629,0.00006104
-0.38673629,0.00006104
-0.38641629,0.00006104
-0.38609629,0.00006104
-0.38577629,-0.01770074
-0.38545629,0.00006104
-0.38513629,0.00006104
-0.38481629,0.00006104
-0.38449629,0.00006104
-0.38417629,0.00006104
-0.38385629,-0.01770074
-0.38353629,0.00006104
-0.38321629,-0.01770074
-0.38289629,0.00006104
-0.38257629,0.00006104
-0.38225629,0.00006104
-0.38193629,-0.01770074
-0.38161629,0.00006104
-0.38129629,0.00006104
-0.38097629,0.00006104
-0.38065629,0.00006104
-0.38033629,0.00006104
-0.38001629,0.00006104
-0.37969629,0.00006104
-0.37937629,-0.01770074
-0.37905629,0.00006104
-0.37873629,0.00006104
-0.37841629,0.00006104
-0.37809629,0.00006104
-0.37777629,0.00006104
-0.37745629,-0.01770074
-0.37713629,0.00006104
-0.37681629,0.00006104
-0.37649629,0.00006104
-0.37617629,0.00006104
-0.37585629,0.00006104
-0.37553629,0.00006104
-0.37521629,0.00006104
-0.37489629,0.00006104
-0.37457629,0.00006104
-0.37425629,0.00006104
-0.37393629,0.00006104
-0.37361629,0.00006104
-0.37329629,0.00006104
-0.37297629,0.00006104
-0.37265629,0.00006104
-0.37233629,-0.01770074
-0.37201629,0.00006104
-0.37169629,-0.01770074
-0.37137629,0.00006104
-0.37105629,0.00006104
-0.37073629,0.00006104
-0.37041629,0.00006104
-0.37009629,-0.01770074
-0.36977629,0.00006104
-0.36945629,0.00006104
-0.36913629,0.00006104
-0.36881629,0.00006104
-0.36849629,0.00006104
-0.36817629,0.00006104
-0.36785629,0.00006104
-0.36753629,0.00006104
-0.36721629,0.00006104
-0.36689629,0.00006104
-0.36657629,-0.01770074
-0.36625629,-0.01770074
-0.36593629,0.00006104
-0.36561629,0.00006104
-0.36529629,0.00006104
-0.36497629,0.00006104
-0.36465629,0.00006104
-0.36433629,0.00006104
-0.36401629,0.00006104
-0.36369629,0.00006104
-0.36337629,0.00006104
-0.36305629,0.00006104
-0.36273629,0.00006104
-0.36241629,-0.01770074
-0.36209629,0.00006104
-0.36177629,0.00006104
-0.36145629,0.00006104
-0.36113629,-0.01770074
-0.36081629,0.00006104
-0.36049629,0.00006104
-0.36017629,0.00006104
-0.35985629,-0.01770074
-0.35953629,-0.01770074
-0.35921629,0.00006104
-0.35889629,-0.01770074
-0.35857629,0.00006104
-0.35825629,0.00006104
-0.35793629,0.00006104
-0.35761629,0.00006104
-0.35729629,-0.01770074
-0.35697629,0.00006104
-0.35665629,0.00006104
-0.35633629,0.00006104
-0.35601629,0.00006104
-0.35569629,-0.01770074
-0.35537629,0.00006104
-0.35505629,0.00006104
-0.35473629,0.00006104
-0.35441629,0.00006104
-0.35409629,0.00006104
-0.35377629,0.00006104
-0.35345629,0.00006104
-0.35313629,0.00006104
-0.35281629,0.00006104
-0.35249629,0.00006104
-0.35217629,0.00006104
-0.35185629,0.00006104
-0.35153629,0.00006104
-0.35121629,0.00006104
-0.35089629,0.00006104
-0.35057629,0.00006104
-0.35025629,0.00006104
-0.34993629,0.00006104
-0.34961629,0.00006104
-0.34929629,0.00006104
-0.34897629,0.00006104
-0.34865629,0.00006104
-0.34833629,0.00006104
-0.34801629,0.00006104
-0.34769629,0.00006104
-0.34737629,0.00006104
-0.34705629,0.00006104
-0.34673629,0.00006104
-0.34641629,0.00006104
-0.34609629,0.00006104
-0.34577629,0.00006104
-0.34545629,-0.01770074
-0.34513629,0.00006104
-0.34481629,0.00006104
-0.34449629,0.00006104
-0.34417629,0.00006104
-0.34385629,-0.01770074
-0.34353629,-0.01770074
-0.34321629,0.00006104
-0.34289629,0.00006104
-0.34257629,0.00006104
-0.34225629,0.00006104
-0.34193629,0.00006104
-0.34161629,0.00006104
-0.34129629,0.00006104
-0.34097629,0.00006104
-0.34065629,0.00006104
-0.34033629,0.00006104
-0.34001629,0.00006104
-0.33969629,0.00006104
-0.33937629,0.00006104
-0.33905629,0.00006104
-0.33873629,0.00006104
-0.33841629,0.00006104
-0.33809629,0.00006104
-0.33777629,0.00006104
-0.33745629,-0.01770074
-0.33713629,0.00006104
-0.33681629,0.00006104
-0.33649629,0.00006104
-0.33617629,0.00006104
-0.33585629,-0.01770074
-0.33553629,0.00006104
-0.33521629,-0.01770074
-0.33489629,0.00006104
-0.33457629,0.00006104
-0.33425629,0.00006104
-0.33393629,0.00006104
-0.33361629,0.00006104
-0.33329629,0.00006104
-0.33297629,0.00006104
-0.33265629,0.00006104
-0.33233629,0.00006104
-0.33201629,0.00006104
-0.33169629,0.00006104
-0.33137629,0.00006104
-0.33105629,0.00006104
-0.33073629,0.00006104
-0.33041629,0.00006104
-0.33009629,-0.01770074
-0.32977629,0.00006104
-0.32945629,0.00006104
-0.32913629,0.00006104
-0.32881629,-0.01770074
-0.32849629,0.00006104
-0.32817629,0.00006104
-0.32785629,0.00006104
-0.32753629,0.00006104
-0.32721629,-0.01770074
-0.32689629,0.00006104
-0.32657629,0.00006104
-0.32625629,0.00006104
-0.32593629,0.00006104
-0.32561629,0.00006104
-0.32529629,0.00006104
-0.32497629,0.00006104
-0.32465629,0.00006104
-0.32433629,0.00006104
-0.32401629,0.00006104
-0.32369629,0.00006104
-0.32337629,0.00006104
-0.32305629,0.00006104
-0.32273629,0.00006104
-0.32241629,0.00006104
-0.32209629,0.00006104
-0.32177629,0.00006104
-0.32145629,-0.01770074
-0.32113629,0.00006104
-0.32081629,0.00006104
-0.32049629,0.00006104
-0.32017629,0.00006104
-0.31985629,0.00006104
-0.31953629,0.00006104
-0.31921629,0.00006104
-0.31889629,0.00006104
-0.31857629,0.00006104
-0.31825629,0.00006104
-0.31793629,0.00006104
-0.31761629,0.00006104
-0.31729629,0.00006104
-0.31697629,0.00006104
-0.31665629,0.00006104
-0.31633629,0.00006104
-0.31601629,-0.01770074
-0.31569629,0.00006104
-0.31537629,0.00006104
-0.31505629,0.00006104
-0.31473629,0.00006104
-0.31441629,0.00006104
-0.31409629,0.00006104
-0.31377629,0.00006104
-0.31345629,0.00006104
-0.31313629,0.00006104
-0.31281629,0.00006104
-0.31249629,0.00006104
-0.31217629,0.00006104
-0.31185629,0.00006104
-0.31153629,0.00006104
-0.31121629,0.00006104
-0.31089629,-0.01770074
-0.31057629,0.00006104
-0.31025629,0.00006104
-0.30993629,0.00006104
-0.30961629,0.00006104
-0.30929629,0.00006104
-0.30897629,0.00006104
-0.30865629,0.00006104
-0.30833629,0.00006104
-0.30801629,0.00006104
-0.30769629,0.00006104
-0.30737629,0.00006104
-0.30705629,0.00006104
-0.30673629,0.00006104
-0.30641629,0.00006104
-0.30609629,0.00006104
-0.30577629,0.00006104
-0.30545629,0.00006104
-0.30513629,0.00006104
-0.30481629,0.00006104
-0.30449629,0.00006104
-0.30417629,0.00006104
-0.30385629,0.00006104
-0.30353629,0.00006104
-0.30321629,0.00006104
-0.30289629,0.00006104
-0.30257629,0.00006104
-0.30225629,0.00006104
-0.30193629,0.00006104
-0.30161629,0.00006104
-0.30129629,0.00006104
-0.30097629,0.00006104
-0.30065629,0.00006104
-0.30033629,0.00006104
-0.30001629,0.00006104
-0.29969629,0.00006104
-0.29937629,0.00006104
-0.29905629,0.00006104
-0.29873629,0.00006104
-0.29841629,0.00006104
-0.29809629,0.00006104
-0.29777629,0.00006104
-0.29745629,0.00006104
-0.29713629,0.00006104
-0.29681629,0.00006104
-0.29649629,0.00006104
-0.29617629,0.00006104
-0.29585629,0.00006104
-0.29553629,0.00006104
-0.29521629,0.00006104
-0.29489629,0.00006104
-0.29457629,0.00006104
-0.29425629,0.00006104
-0.29393629,0.00006104
-0.29361629,0.00006104
-0.29329629,0.00006104
-0.29297629,0.00006104
-0.29265629,0.00006104
-0.29233629,0.00006104
-0.29201629,0.00006104
-0.29169629,0.00006104
-0.29137629,0.00006104
-0.29105629,0.00006104
-0.29073629,0.00006104
-0.29041629,0.00006104
-0.29009629,0.00006104
-0.28977629,0.00006104
-0.28945629,0.00006104
-0.28913629,0.00006104
-0.28881629,0.00006104
-0.28849629,0.00006104
-0.28817629,0.00006104
-0.28785629,0.00006104
-0.28753629,0.00006104
-0.28721629,0.00006104
-0.28689629,-0.01770074
-0.28657629,0.00006104
-0.28625629,0.00006104
-0.28593629,-0.01770074
-0.28561629,0.00006104
-0.28529629,0.00006104
-0.28497629,0.00006104
-0.28465629,0.00006104
-0.28433629,0.00006104
-0.28401629,0.00006104
-0.28369629,0.00006104
-0.28337629,0.00006104
-0.28305629,0.00006104
-0.28273629,0.00006104
-0.28241629,0.00006104
-0.28209629,0.00006104
-0.28177629,0.00006104
-0.28145629,-0.01770074
-0.28113629,0.00006104
-0.28081629,-0.01770074
-0.28049629,-0.01770074
-0.28017629,0.00006104
-0.27985629,0.00006104
-0.27953629,0.00006104
-0.27921629,0.00006104
-0.27889629,0.00006104
-0.27857629,0.00006104
-0.27825629,0.00006104
-0.27793629,0.00006104
-0.27761629,0.00006104
-0.27729629,-0.01770074
-0.27697629,0.00006104
-0.27665629,0.00006104
-0.27633629,0.00006104
-0.27601629,0.00006104
-0.27569629,0.00006104
-0.27537629,0.00006104
-0.27505629,0.00006104
-0.27473629,0.00006104
-0.27441629,0.00006104
-0.27409629,0.00006104
-0.27377629,-0.01770074
-0.27345629,0.00006104
-0.27313629,0.00006104
-0.27281629,0.00006104
-0.27249629,-0.01770074
-0.27217629,0.00006104
-0.27185629,0.00006104
-0.27153629,0.00006104
-0.27121629,0.00006104
-0.27089629,0.00006104
-0.27057629,0.00006104
-0.27025629,0.00006104
-0.26993629,0.00006104
-0.26961629,0.00006104
-0.26929629,0.00006104
-0.26897629,-0.01770074
-0.26865629,0.00006104
-0.26833629,0.00006104
-0.26801629,0.00006104
-0.26769629,0.00006104
-0.26737629,0.00006104
-0.26705629,0.00006104
-0.26673629,0.00006104
-0.26641629,0.00006104
-0.26609629,0.00006104
-0.26577629,0.00006104
-0.26545629,0.00006104
-0.26513629,0.00006104
-0.26481629,0.00006104
-0.26449629,0.00006104
-0.26417629,0.00006104
-0.26385629,0.00006104
-0.26353629,0.00006104
-0.26321629,-0.01770074
-0.26289629,0.00006104
-0.26257629,0.00006104
-0.26225629,0.00006104
-0.26193629,0.00006104
-0.26161629,0.00006104
-0.26129629,0.00006104
-0.26097629,0.00006104
-0.26065629,0.00006104
-0.26033629,0.00006104
-0.26001629,0.00006104
-0.25969629,0.00006104
-0.25937629,0.00006104
-0.25905629,0.00006104
-0.25873629,-0.01770074
-0.25841629,0.00006104
-0.25809629,0.00006104
-0.25777629,0.00006104
-0.25745629,0.00006104
-0.25713629,0.00006104
-0.25681629,0.00006104
-0.25649629,0.00006104
-0.25617629,0.00006104
-0.25585629,0.00006104
-0.25553629,0.00006104
-0.25521629,0.00006104
-0.25489629,0.00006104
-0.25457629,0.00006104
-0.25425629,0.00006104
-0.25393629,0.00006104
-0.25361629,0.00006104
-0.25329629,0.00006104
-0.25297629,0.00006104
-0.25265629,-0.01770074
-0.25233629,0.00006104
-0.25201629,0.00006104
-0.25169629,0.00006104
-0.25137629,0.00006104
-0.25105629,0.00006104
-0.25073629,0.00006104
-0.25041629,0.00006104
-0.25009629,0.00006104
-0.24977629,0.00006104
-0.24945629,0.00006104
-0.24913629,0.00006104
-0.24881629,0.00006104
-0.24849629,0.00006104
-0.24817629,0.00006104
-0.24785629,0.00006104
-0.24753629,0.00006104
-0.24721629,-0.01770074
-0.24689629,0.00006104
-0.24657629,0.00006104
-0.24625629,0.00006104
-0.24593629,0.00006104
-0.24561629,0.00006104
-0.24529629,0.00006104
-0.24497629,0.00006104
-0.24465629,0.00006104
-0.24433629,0.00006104
-0.24401629,0.00006104
-0.24369629,0.00006104
-0.24337629,0.00006104
-0.24305629,0.00006104
-0.24273629,0.00006104
-0.24241629,-0.01770074
-0.24209629,-0.01770074
-0.24177629,0.00006104
-0.24145629,0.00006104
-0.24113629,0.00006104
-0.24081629,0.00006104
-0.24049629,0.00006104
-0.24017629,0.00006104
-0.23985629,-0.01770074
-0.23953629,0.00006104
-0.23921629,0.00006104
-0.23889629,0.00006104
-0.23857629,0.00006104
-0.23825629,0.00006104
-0.23793629,0.00006104
-0.23761629,0.00006104
-0.23729629,0.00006104
-0.23697629,0.00006104
-0.23665629,0.00006104
-0.23633629,0.00006104
-0.23601629,0.00006104
-0.23569629,0.00006104
-0.23537629,0.00006104
-0.23505629,0.00006104
-0.23473629,0.00006104
-0.23441629,-0.01770074
-0.23409629,-0.01770074
-0.23377629,0.00006104
-0.23345629,0.00006104
-0.23313629,0.00006104
-0.23281629,0.00006104
-0.23249629,-0.01770074
-0.23217629,0.00006104
-0.23185629,0.00006104
-0.23153629,0.00006104
-0.23121629,0.00006104
-0.23089629,0.00006104
-0.23057629,0.00006104
-0.23025629,0.00006104
-0.22993629,0.00006104
-0.22961629,0.00006104
-0.22929629,0.00006104
-0.22897629,0.00006104
-0.22865629,0.00006104
-0.22833629,0.00006104
-0.22801629,0.00006104
-0.22769629,0.00006104
-0.22737629,0.00006104
-0.22705629,0.00006104
-0.22673629,0.00006104
-0.22641629,0.00006104
-0.22609629,0.00006104
-0.22577629,0.00006104
-0.22545629,-0.01770074
-0.22513629,0.00006104
-0.22481629,0.00006104
-0.22449629,0.00006104
-0.22417629,0.00006104
-0.22385629,0.00006104
-0.22353629,0.00006104
-0.22321629,0.00006104
-0.22289629,0.00006104
-0.22257629,0.00006104
-0.22225629,0.00006104
-0.22193629,0.00006104
-0.22161629,0.00006104
-0.22129629,0.00006104
-0.22097629,0.00006104
-0.22065629,0.00006104
-0.22033629,0.00006104
-0.22001629,0.00006104
-0.21969629,0.00006104
-0.21937629,0.00006104
-0.21905629,0.00006104
-0.21873629,0.00006104
-0.21841629,0.00006104
-0.21809629,0.00006104
-0.21777629,0.00006104
-0.21745629,0.00006104
-0.21713629,0.00006104
-0.21681629,-0.01770074
-0.21649629,0.00006104
-0.21617629,0.00006104
-0.21585629,0.00006104
-0.21553629,0.00006104
-0.21521629,0.00006104
-0.21489629,0.00006104
-0.21457629,0.00006104
-0.21425629,0.00006104
-0.21393629,0.00006104
-0.21361629,0.00006104
-0.21329629,0.00006104
-0.21297629,0.00006104
-0.21265629,0.00006104
-0.21233629,0.00006104
-0.21201629,0.00006104
-0.21169629,0.00006104
-0.21137629,0.00006104
-0.21105629,0.00006104
-0.21073629,0.00006104
-0.21041629,0.00006104
-0.21009629,0.00006104
-0.20977629,0.00006104
-0.20945629,0.00006104
-0.20913629,0.00006104
-0.20881629,0.00006104
-0.20849629,0.00006104
-0.20817629,0.00006104
-0.20785629,0.00006104
-0.20753629,0.00006104
-0.20721629,0.00006104
-0.20689629,0.00006104
-0.20657629,0.00006104
-0.20625629,0.00006104
-0.20593629,0.00006104
-0.20561629,0.00006104
-0.20529629,0.00006104
-0.20497629,0.00006104
-0.20465629,0.00006104
-0.20433629,0.00006104
-0.20401629,0.00006104
-0.20369629,0.00006104
-0.20337629,0.00006104
-0.20305629,0.00006104
-0.20273629,0.00006104
-0.20241629,0.00006104
-0.20209629,0.00006104
-0.20177629,-0.01770074
-0.20145629,0.00006104
-0.20113629,0.00006104
-0.20081629,-0.01770074
-0.20049629,0.00006104
-0.20017629,0.00006104
-0.19985629,0.00006104
-0.19953629,0.00006104
-0.19921629,0.00006104
-0.19889629,0.00006104
-0.19857629,0.00006104
-0.19825629,0.00006104
-0.19793629,0.00006104
-0.19761629,0.00006104
-0.19729629,0.00006104
-0.19697629,0.00006104
-0.19665629,-0.01770074
-0.19633629,-0.01770074
-0.19601629,0.00006104
-0.19569629,0.00006104
-0.19537629,0.00006104
-0.19505629,0.00006104
-0.19473629,0.00006104
-0.19441629,0.00006104
-0.19409629,0.00006104
-0.19377629,0.00006104
-0.19345629,-0.01770074
-0.19313629,0.00006104
-0.19281629,0.00006104
-0.19249629,0.00006104
-0.19217629,0.00006104
-0.19185629,0.00006104
-0.19153629,0.00006104
-0.19121629,0.00006104
-0.19089629,0.00006104
-0.19057629,-0.01770074
-0.19025629,0.00006104
-0.18993629,0.00006104
-0.18961629,0.00006104
-0.18929629,0.00006104
-0.18897629,0.00006104
-0.18865629,0.00006104
-0.18833629,0.00006104
-0.18801629,0.00006104
-0.18769629,0.00006104
-0.18737629,-0.01770074
-0.18705629,0.00006104
-0.18673629,-0.01770074
-0.18641629,0.00006104
-0.18609629,0.00006104
-0.18577629,0.00006104
-0.18545629,0.00006104
-0.18513629,0.00006104
-0.18481629,0.00006104
-0.18449629,0.00006104
-0.18417629,0.00006104
-0.18385629,0.00006104
-0.18353629,0.00006104
-0.18321629,0.00006104
-0.18289629,0.00006104
-0.18257629,-0.01770074
-0.18225629,0.00006104
-0.18193629,0.00006104
-0.18161629,0.00006104
-0.18129629,0.00006104
-0.18097629,0.00006104
-0.18065629,0.00006104
-0.18033629,0.00006104
-0.18001629,0.00006104
-0.17969629,0.00006104
-0.17937629,0.00006104
-0.17905629,0.00006104
-0.17873629,0.00006104
-0.17841629,0.00006104
-0.17809629,0.00006104
-0.17777629,0.00006104
-0.17745629,0.00006104
-0.17713629,0.00006104
-0.17681629,0.00006104
-0.17649629,0.00006104
-0.17617629,0.00006104
-0.17585629,0.00006104
-0.17553629,0.00006104
-0.17521629,0.00006104
-0.17489629,0.00006104
-0.17457629,0.00006104
-0.17425629,0.00006104
-0.17393629,0.00006104
-0.17361629,0.00006104
-0.17329629,0.00006104
-0.17297629,0.00006104
-0.17265629,0.00006104
-0.17233629,0.00006104
-0.17201629,0.00006104
-0.17169629,0.00006104
-0.17137629,0.00006104
-0.17105629,0.00006104
-0.17073629,0.00006104
-0.17041629,0.00006104
-0.17009629,0.00006104
-0.16977629,0.00006104
-0.16945629,0.00006104
-0.16913629,0.00006104
-0.16881629,0.00006104
-0.16849629,0.00006104
-0.16817629,0.00006104
-0.16785629,-0.01770074
-0.16753629,0.00006104
-0.16721629,0.00006104
-0.16689629,0.00006104
-0.16657629,0.00006104
-0.16625629,0.00006104
-0.16593629,-0.01770074
-0.16561629,0.00006104
-0.16529629,0.00006104
-0.16497629,0.00006104
-0.16465629,0.00006104
-0.16433629,0.00006104
-0.16401629,0.00006104
-0.16369629,0.00006104
-0.16337629,0.00006104
-0.16305629,0.00006104
-0.16273629,0.00006104
-0.16241629,0.00006104
-0.16209629,0.00006104
-0.16177629,0.00006104
-0.16145629,0.00006104
-0.16113629,0.00006104
-0.16081629,0.00006104
-0.16049629,0.00006104
-0.16017629,0.00006104
-0.15985629,0.00006104
-0.15953629,-0.01770074
-0.15921629,0.00006104
-0.15889629,0.00006104
-0.15857629,0.00006104
-0.15825629,0.00006104
-0.15793629,0.00006104
-0.15761629,0.00006104
-0.15729629,0.00006104
-0.15697629,0.00006104
-0.15665629,0.00006104
-0.15633629,0.00006104
-0.15601629,-0.01770074
-0.15569629,0.00006104
-0.15537629,-0.01770074
-0.15505629,0.00006104
-0.15473629,0.00006104
-0.15441629,-0.01770074
-0.15409629,0.00006104
-0.15377629,0.00006104
-0.15345629,-0.01770074
-0.15313629,0.00006104
-0.15281629,-0.01770074
-0.15249629,0.00006104
-0.15217629,0.00006104
-0.15185629,0.00006104
-0.15153629,0.00006104
-0.15121629,0.00006104
-0.15089629,0.00006104
-0.15057629,0.00006104
-0.15025629,0.00006104
-0.14993629,0.00006104
-0.14961629,0.00006104
-0.14929629,0.00006104
-0.14897629,0.00006104
-0.14865629,0.00006104
-0.14833629,-0.01770074
-0.14801629,0.00006104
-0.14769629,-0.01770074
-0.14737629,0.00006104
-0.14705629,0.00006104
-0.14673629,0.00006104
-0.14641629,0.00006104
-0.14609629,0.00006104
-0.14577629,0.00006104
-0.14545629,0.00006104
-0.14513629,0.00006104
-0.14481629,0.00006104
-0.14449629,0.00006104
-0.14417629,0.00006104
-0.14385629,0.00006104
-0.14353629,0.00006104
-0.14321629,0.00006104
-0.14289629,0.00006104
-0.14257629,0.00006104
-0.14225629,-0.01770074
-0.14193629,-0.01770074
-0.14161629,-0.01770074
-0.14129629,0.00006104
-0.14097629,0.00006104
-0.14065629,0.00006104
-0.14033629,0.00006104
-0.14001629,0.00006104
-0.13969629,0.00006104
-0.13937629,0.00006104
-0.13905629,0.00006104
-0.13873629,0.00006104
-0.13841629,0.00006104
-0.13809629,-0.01770074
-0.13777629,0.00006104
-0.13745629,0.00006104
-0.13713629,0.00006104
-0.13681629,0.00006104
-0.13649629,0.00006104
-0.13617629,0.00006104
-0.13585629,0.00006104
-0.13553629,0.00006104
-0.13521629,0.00006104
-0.13489629,0.00006104
-0.13457629,0.00006104
-0.13425629,0.00006104
-0.13393629,0.00006104
-0.13361629,0.00006104
-0.13329629,0.00006104
-0.13297629,0.00006104
-0.13265629,0.00006104
-0.13233629,0.00006104
-0.13201629,0.00006104
-0.13169629,0.00006104
-0.13137629,0.00006104
-0.13105629,0.00006104
-0.13073629,0.00006104
-0.13041629,0.00006104
-0.13009629,0.00006104
-0.12977629,0.00006104
-0.12945629,0.00006104
-0.12913629,0.00006104
-0.12881629,0.00006104
-0.12849629,0.00006104
-0.12817629,0.00006104
-0.12785629,0.00006104
-0.12753629,0.00006104
-0.12721629,0.00006104
-0.12689629,0.00006104
-0.12657629,0.00006104
-0.12625629,0.00006104
-0.12593629,0.00006104
-0.12561629,0.00006104
-0.12529629,0.00006104
-0.12497629,0.00006104
-0.12465629,0.00006104
-0.12433629,0.00006104
-0.12401629,0.00006104
-0.12369629,0.00006104
-0.12337629,0.00006104
-0.12305629,0.00006104
-0.12273629,0.00006104
-0.12241629,0.00006104
-0.12209629,0.00006104
-0.12177629,0.00006104
-0.12145629,0.00006104
-0.12113629,0.00006104
-0.12081629,0.00006104
-0.12049629,0.00006104
-0.12017629,0.00006104
-0.11985629,0.00006104
-0.11953629,-0.01770074
-0.11921629,0.00006104
-0.11889629,0.00006104
-0.11857629,0.00006104
-0.11825629,0.00006104
-0.11793629,0.00006104
-0.11761629,0.00006104
-0.11729629,0.00006104
-0.11697629,0.00006104
-0.11665629,0.00006104
-0.11633629,0.00006104
-0.11601629,0.00006104
-0.11569629,0.00006104
-0.11537629,0.00006104
-0.11505629,0.00006104
-0.11473629,0.00006104
-0.11441629,0.00006104
-0.11409629,0.00006104
-0.11377629,0.00006104
-0.11345629,0.00006104
-0.11313629,0.00006104
-0.11281629,-0.01770074
-0.11249629,0.00006104
-0.11217629,0.00006104
-0.11185629,0.00006104
-0.11153629,-0.01770074
-0.11121629,0.00006104
-0.11089629,0.00006104
-0.11057629,0.00006104
-0.11025629,0.00006104
-0.10993629,0.00006104
-0.10961629,0.00006104
-0.10929629,0.00006104
-0.10897629,0.00006104
-0.10865629,0.00006104
-0.10833629,0.00006104
-0.10801629,0.00006104
-0.10769629,-0.01770074
-0.10737629,-0.01770074
-0.10705629,0.00006104
-0.10673629,0.00006104
-0.10641629,0.00006104
-0.10609629,-0.01770074
-0.10577629,0.00006104
-0.10545629,-0.01770074
-0.10513629,-0.01770074
-0.10481629,0.00006104
-0.10449629,0.00006104
-0.10417629,0.00006104
-0.10385629,-0.01770074
-0.10353629,0.00006104
-0.10321629,0.00006104
-0.10289629,0.00006104
-0.10257629,0.00006104
-0.10225629,0.00006104
-0.10193629,0.00006104
-0.10161629,0.00006104
-0.10129629,0.00006104
-0.10097629,0.00006104
-0.10065629,0.00006104
-0.10033629,0.00006104
-0.10001629,0.00006104
-0.09969629,0.00006104
-0.09937629,0.00006104
-0.09905629,0.00006104
-0.09873629,0.00006104
-0.09841629,0.00006104
-0.09809629,0.00006104
-0.09777629,0.00006104
-0.09745629,0.00006104
-0.09713629,0.00006104
-0.09681629,-0.01770074
-0.09649629,-0.01770074
-0.09617629,0.00006104
-0.09585629,0.00006104
-0.09553629,0.00006104
-0.09521629,0.00006104
-0.09489629,0.00006104
-0.09457629,0.00006104
-0.09425629,0.00006104
-0.09393629,0.00006104
-0.09361629,0.00006104
-0.09329629,0.00006104
-0.09297629,0.00006104
-0.09265629,0.00006104
-0.09233629,0.00006104
-0.09201629,0.00006104
-0.09169629,0.00006104
-0.09137629,0.00006104
-0.09105629,0.00006104
-0.09073629,0.00006104
-0.09041629,0.00006104
-0.09009629,0.00006104
-0.08977629,0.00006104
-0.08945629,0.00006104
-0.08913629,0.00006104
-0.08881629,0.00006104
-0.08849629,0.00006104
-0.08817629,0.00006104
-0.08785629,0.00006104
-0.08753629,0.00006104
-0.08721629,0.00006104
-0.08689629,0.00006104
-0.08657629,0.00006104
-0.08625629,0.00006104
-0.08593629,0.00006104
-0.08561629,0.00006104
-0.08529629,0.00006104
-0.08497629,0.00006104
-0.08465629,0.00006104
-0.08433629,0.00006104
-0.08401629,0.00006104
-0.08369629,0.00006104
-0.08337629,0.00006104
-0.08305629,-0.01770074
-0.08273629,0.00006104
-0.08241629,0.00006104
-0.08209629,0.00006104
-0.08177629,0.00006104
-0.08145629,0.00006104
-0.08113629,0.00006104
-0.08081629,0.00006104
-0.08049629,0.00006104
-0.08017629,0.00006104
-0.07985629,0.00006104
-0.07953629,0.00006104
-0.07921629,0.00006104
-0.07889629,0.00006104
-0.07857629,0.00006104
-0.07825629,0.00006104
-0.07793629,0.00006104
-0.07761629,0.00006104
-0.07729629,0.00006104
-0.07697629,0.00006104
-0.07665629,0.00006104
-0.07633629,0.00006104
-0.07601629,0.00006104
-0.07569629,0.00006104
-0.07537629,0.00006104
-0.07505629,0.00006104
-0.07473629,0.00006104
-0.07441629,0.00006104
-0.07409629,-0.01770074
-0.07377629,0.00006104
-0.07345629,0.00006104
-0.07313629,0.00006104
-0.07281629,0.00006104
-0.07249629,0.00006104
-0.07217629,0.00006104
-0.07185629,0.00006104
-0.07153629,0.00006104
-0.07121629,0.00006104
-0.07089629,0.00006104
-0.07057629,0.00006104
-0.07025629,0.00006104
-0.06993629,0.00006104
-0.06961629,0.00006104
-0.06929629,0.00006104
-0.06897629,0.00006104
-0.06865629,0.00006104
-0.06833629,0.00006104
-0.06801629,0.00006104
-0.06769629,0.00006104
-0.06737629,0.00006104
-0.06705629,0.00006104
-0.06673629,0.00006104
-0.06641629,0.00006104
-0.06609629,0.00006104
-0.06577629,0.00006104
-0.06545629,0.00006104
-0.06513629,0.00006104
-0.06481629,0.00006104
-0.06449629,0.00006104
-0.06417629,0.00006104
-0.06385629,0.00006104
-0.06353629,0.00006104
-0.06321629,-0.01770074
-0.06289629,-0.01770074
-0.06257629,0.00006104
-0.06225629,0.00006104
-0.06193629,0.00006104
-0.06161629,0.00006104
-0.06129629,0.00006104
-0.06097629,0.00006104
-0.06065629,0.00006104
-0.06033629,0.00006104
-0.06001629,0.00006104
-0.05969629,0.00006104
-0.05937629,0.00006104
-0.05905629,0.00006104
-0.05873629,0.00006104
-0.05841629,0.00006104
-0.05809629,0.00006104
-0.05777629,0.00006104
-0.05745629,0.00006104
-0.05713629,0.00006104
-0.05681629,0.00006104
-0.05649629,0.00006104
-0.05617629,0.00006104
-0.05585629,0.00006104
-0.05553629,0.00006104
-0.05521629,0.00006104
-0.05489629,0.00006104
-0.05457629,-0.01770074
-0.05425629,0.00006104
-0.05393629,0.00006104
-0.05361629,0.00006104
-0.05329629,0.00006104
-0.05297629,0.00006104
-0.05265629,0.00006104
-0.05233629,0.00006104
-0.05201629,0.00006104
-0.05169629,0.00006104
-0.05137629,0.00006104
-0.05105629,0.00006104
-0.05073629,0.00006104
-0.05041629,0.00006104
-0.05009629,0.00006104
-0.04977629,0.00006104
-0.04945629,0.00006104
-0.04913629,0.00006104
-0.04881629,0.00006104
-0.04849629,0.00006104
-0.04817629,0.00006104
-0.04785629,0.00006104
-0.04753629,0.00006104
-0.04721629,0.00006104
-0.04689629,0.00006104
-0.04657629,-0.01770074
-0.04625629,0.00006104
-0.04593629,0.00006104
-0.04561629,0.00006104
-0.04529629,0.00006104
-0.04497629,0.00006104
-0.04465629,0.00006104
-0.04433629,0.00006104
-0.04401629,0.00006104
-0.04369629,0.00006104
-0.04337629,0.00006104
-0.04305629,-0.01770074
-0.04273629,0.00006104
-0.04241629,0.00006104
-0.04209629,0.00006104
-0.04177629,0.00006104
-0.04145629,0.00006104
-0.04113629,0.00006104
-0.04081629,0.00006104
-0.04049629,0.00006104
-0.04017629,0.00006104
-0.03985629,0.00006104
-0.03953629,0.00006104
-0.03921629,0.00006104
-0.03889629,0.00006104
-0.03857629,0.00006104
-0.03825629,0.00006104
-0.03793629,0.00006104
-0.03761629,-0.01770074
-0.03729629,0.00006104
-0.03697629,0.00006104
-0.03665629,0.00006104
-0.03633629,0.00006104
-0.03601629,0.00006104
-0.03569629,-0.01770074
-0.03537629,0.00006104
-0.03505629,0.00006104
-0.03473629,-0.01770074
-0.03441629,0.00006104
-0.03409629,-0.01770074
-0.03377629,0.00006104
-0.03345629,0.00006104
-0.03313629,0.00006104
-0.03281629,0.00006104
-0.03249629,0.00006104
-0.03217629,0.00006104
-0.03185629,0.00006104
-0.03153629,0.00006104
-0.03121629,0.00006104
-0.03089629,0.00006104
-0.03057629,0.00006104
-0.03025629,0.00006104
-0.02993629,-0.01770074
-0.02961629,0.00006104
-0.02929629,0.00006104
-0.02897629,-0.01770074
-0.02865629,0.00006104
-0.02833629,0.00006104
-0.02801629,0.00006104
-0.02769629,0.00006104
-0.02737629,0.00006104
-0.02705629,-0.01770074
-0.02673629,0.00006104
-0.02641629,0.00006104
-0.02609629,0.00006104
-0.02577629,0.00006104
-0.02545629,0.00006104
-0.02513629,0.00006104
-0.02481629,0.00006104
-0.02449629,0.00006104
-0.02417629,0.00006104
-0.02385629,0.00006104
-0.02353629,0.00006104
-0.02321629,0.00006104
-0.02289629,0.00006104
-0.02257629,0.00006104
-0.02225629,0.00006104
-0.02193629,0.00006104
-0.02161629,0.00006104
-0.02129629,0.00006104
-0.02097629,0.00006104
-0.02065629,0.00006104
-0.02033629,0.00006104
-0.02001629,0.00006104
-0.01969629,0.00006104
-0.01937629,0.00006104
-0.01905629,-0.01770074
-0.01873629,0.00006104
-0.01841629,0.00006104
-0.01809629,-0.01770074
-0.01777629,0.00006104
-0.01745629,0.00006104
-0.01713629,0.00006104
-0.01681629,0.00006104
-0.01649629,-0.01770074
-0.01617629,0.00006104
-0.01585629,0.00006104
-0.01553629,0.00006104
-0.01521629,0.00006104
-0.01489629,0.00006104
-0.01457629,0.00006104
-0.01425629,0.00006104
-0.01393629,0.00006104
-0.01361629,-0.01770074
-0.01329629,0.00006104
-0.01297629,0.00006104
-0.01265629,0.00006104
-0.01233629,0.00006104
-0.01201629,0.00006104
-0.01169629,0.00006104
-0.01137629,-0.01770074
-0.01105629,0.00006104
-0.01073629,-0.01770074
-0.01041629,0.00006104
-0.01009629,0.00006104
-0.00977629,0.00006104
-0.00945629,0.00006104
-0.00913629,0.00006104
-0.00881629,0.00006104
-0.00849629,-0.01770074
-0.00817629,0.00006104
-0.00785629,0.00006104
-0.00753629,0.00006104
-0.00721629,0.00006104
-0.00689629,0.00006104
-0.00657629,0.00006104
-0.00625629,0.00006104
-0.00593629,-0.01770074
-0.00561629,0.00006104
-0.00529629,0.00006104
-0.00497629,0.00006104
-0.00465629,0.00006104
-0.00433629,0.00006104
-0.00401629,0.00006104
-0.00369629,-0.01770074
-0.00337629,0.00006104
-0.00305629,0.00006104
-0.00273629,0.00006104
-0.00241629,0.00006104
-0.00209629,1.85131383
-0.00177629,1.13925600
-0.00145629,-0.21350749
-0.00113629,-0.30256051
-0.00081629,-0.17792290
-0.00049629,-0.10669271
-0.00017629,-0.03552354
0.00014371,0.00006104
0.00046371,-0.01770074
0.00078371,-0.01770074
0.00110371,-0.21350749
0.00142371,-1.01455736
0.00174371,-∞
0.00206371,1.37070835
0.00238371,0.67647326
0.00270371,-0.01770074
0.00302371,-0.12451552
0.00334371,-0.01770074
0.00366371,0.03570665
0.00398371,0.03570665
0.00430371,0.01788385
0.00462371,0.01788385
0.00494371,0.00006104
0.00526371,0.01788385
0.00558371,0.03570665
0.00590371,0.03570665
0.00622371,0.03570665
0.00654371,0.01788385
0.00686371,0.00006104
0.00718371,0.01788385
0.00750371,0.01788385
0.00782371,0.01788385
0.00814371,0.05346843
0.00846371,0.05346843
0.00878371,0.07129124
0.00910371,0.07129124
0.00942371,0.03570665
0.00974371,0.07129124
0.01006371,0.05346843
0.01038371,0.03570665
0.01070371,0.07129124
0.01102371,0.08911405
0.01134371,0.07129124
0.01166371,0.03570665
0.01198371,0.03570665
0.01230371,0.03570665
0.01262371,0.03570665
0.01294371,0.00006104
0.01326371,-0.01770074
0.01358371,-0.03552354
0.01390371,-0.03552354
0.01422371,0.01788385
0.01454371,0.00006104
0.01486371,0.00006104
0.01518371,0.05346843
0.01550371,-0.03552354
0.01582371,-0.01770074
0.01614371,0.01788385
0.01646371,-0.03552354
0.01678371,0.01788385
0.01710371,0.03570665
0.01742371,0.01788385
0.01774371,0.03570665
0.01806371,0.03570665
0.01838371,0.01788385
0.01870371,0.00006104
0.01902371,0.00006104
0.01934371,0.01788385
0.01966371,0.01788385
0.01998371,0.01788385
0.02030371,0.03570665
0.02062371,0.00006104
0.02094371,0.00006104
0.02126371,0.03570665
0.02158371,0.01788385
0.02190371,0.01788385
0.02222371,0.00006104
0.02254371,-0.01770074
0.02286371,0.00006104
0.02318371,0.01788385
0.02350371,0.00006104
0.02382371,0.00006104
0.02414371,0.01788385
0.02446371,0.01788385
0.02478371,0.00006104
0.02510371,0.00006104
0.02542371,0.00006104
0.02574371,0.00006104
0.02606371,0.01788385
0.02638371,0.00006104
0.02670371,0.00006104
0.02702371,0.01788385
0.02734371,0.01788385
0.02766371,0.01788385
0.02798371,0.00006104
0.02830371,0.00006104
0.02862371,0.00006104
0.02894371,0.00006104
0.02926371,-0.01770074
0.02958371,0.00006104
0.02990371,0.00006104
0.03022371,0.00006104
0.03054371,0.00006104
0.03086371,0.00006104
0.03118371,0.00006104
0.03150371,0.01788385
0.03182371,0.01788385
0.03214371,0.00006104
0.03246371,0.00006104
0.03278371,0.01788385
0.03310371,0.00006104
0.03342371,0.01788385
0.03374371,0.00006104
0.03406371,0.01788385
0.03438371,0.00006104
0.03470371,0.00006104
0.03502371,0.00006104
0.03534371,0.00006104
0.03566371,0.00006104
0.03598371,0.00006104
0.03630371,0.00006104
0.03662371,0.00006104
0.03694371,0.00006104
0.03726371,0.00006104
0.03758371,0.00006104
0.03790371,0.00006104
0.03822371,0.01788385
0.03854371,0.00006104
0.03886371,0.00006104
0.03918371,0.00006104
0.03950371,0.00006104
0.03982371,0.00006104
0.04014371,0.00006104
0.04046371,0.00006104
0.04078371,-0.01770074
0.04110371,0.00006104
0.04142371,-0.01770074
0.04174371,0.00006104
0.04206371,0.00006104
0.04238371,0.00006104
0.04270371,0.00006104
0.04302371,0.00006104
0.04334371,0.00006104
0.04366371,0.01788385
0.04398371,0.00006104
0.04430371,0.00006104
0.04462371,0.00006104
0.04494371,0.00006104
0.04526371,0.00006104
0.04558371,0.01788385
0.04590371,0.00006104
0.04622371,0.00006104
0.04654371,-0.01770074
0.04686371,0.00006104
0.04718371,-0.01770074
0.04750371,0.00006104
0.04782371,-0.01770074
0.04814371,-0.01770074
0.04846371,0.00006104
0.04878371,0.00006104
0.04910371,0.00006104
0.04942371,0.00006104
0.04974371,0.00006104
0.05006371,0.00006104
0.05038371,0.00006104
0.05070371,0.00006104
0.05102371,0.00006104
0.05134371,0.00006104
0.05166371,0.00006104
0.05198371,0.00006104
0.05230371,0.00006104
0.05262371,0.00006104
0.05294371,0.00006104
0.05326371,0.00006104
0.05358371,0.00006104
0.05390371,0.00006104
0.05422371,0.00006104
0.05454371,0.00006104
0.05486371,0.00006104
0.05518371,0.00006104
0.05550371,0.00006104
0.05582371,0.00006104
0.05614371,0.00006104
0.05646371,0.00006104
0.05678371,0.00006104
0.05710371,0.00006104
0.05742371,0.00006104
0.05774371,0.00006104
0.05806371,0.00006104
0.05838371,0.00006104
0.05870371,0.00006104
0.05902371,0.00006104
0.05934371,0.00006104
0.05966371,0.00006104
0.05998371,0.00006104
0.06030371,0.00006104
0.06062371,0.00006104
0.06094371,0.00006104
0.06126371,0.00006104
0.06158371,0.00006104
0.06190371,0.00006104
0.06222371,0.00006104
0.06254371,0.00006104
0.06286371,-0.01770074
0.06318371,0.00006104
0.06350371,0.00006104
0.06382371,0.00006104
0.06414371,0.00006104
0.06446371,0.00006104
0.06478371,0.00006104
0.06510371,0.00006104
0.06542371,0.00006104
0.06574371,0.00006104
0.06606371,0.00006104
0.06638371,0.00006104
0.06670371,0.00006104
0.06702371,0.00006104
0.06734371,0.00006104
0.06766371,0.00006104
0.06798371,0.00006104
0.06830371,0.00006104
0.06862371,0.00006104
0.06894371,0.00006104
0.06926371,0.00006104
0.06958371,0.00006104
0.06990371,-0.01770074
0.07022371,0.00006104
0.07054371,0.00006104
0.07086371,0.00006104
0.07118371,0.00006104
0.07150371,0.00006104
0.07182371,0.00006104
0.07214371,0.00006104
0.07246371,0.00006104
0.07278371,-0.01770074
0.07310371,0.00006104
0.07342371,0.00006104
0.07374371,0.00006104
0.07406371,0.00006104
0.07438371,0.00006104
0.07470371,0.00006104
0.07502371,0.00006104
0.07534371,0.00006104
0.07566371,0.00006104
0.07598371,0.00006104
0.07630371,0.00006104
0.07662371,0.00006104
0.07694371,0.00006104
0.07726371,0.00006104
0.07758371,0.00006104
0.07790371,0.00006104
0.07822371,0.00006104
0.07854371,0.00006104
0.07886371,0.00006104
0.07918371,0.00006104
0.07950371,0.00006104
0.07982371,0.00006104
0.08014371,0.00006104
0.08046371,0.00006104
0.08078371,0.00006104
0.08110371,0.00006104
0.08142371,-0.01770074
0.08174371,-0.01770074
0.08206371,0.00006104
0.08238371,0.00006104
0.08270371,-0.01770074
0.08302371,0.00006104
0.08334371,0.00006104
0.08366371,0.00006104
0.08398371,0.00006104
0.08430371,0.00006104
0.08462371,0.00006104
0.08494371,0.00006104
0.08526371,0.00006104
0.08558371,0.00006104
0.08590371,0.00006104
0.08622371,0.00006104
0.08654371,0.00006104
0.08686371,0.00006104
0.08718371,-0.01770074
0.08750371,0.00006104
0.08782371,0.00006104
0.08814371,0.00006104
0.08846371,0.00006104
0.08878371,0.00006104
0.08910371,0.00006104
0.08942371,0.00006104
0.08974371,0.00006104
0.09006371,0.00006104
0.09038371,0.00006104
0.09070371,0.00006104
0.09102371,0.00006104
0.09134371,0.00006104
0.09166371,0.00006104
0.09198371,0.00006104
0.09230371,0.00006104
0.09262371,0.00006104
0.09294371,0.00006104
0.09326371,0.00006104
0.09358371,-0.01770074
0.09390371,0.00006104
0.09422371,0.00006104
0.09454371,0.00006104
0.09486371,0.00006104
0.09518371,0.00006104
0.09550371,0.00006104
0.09582371,-0.01770074
0.09614371,0.00006104
0.09646371,-0.01770074
0.09678371,0.00006104
0.09710371,0.00006104
0.09742371,0.00006104
0.09774371,0.00006104
0.09806371,0.00006104
0.09838371,0.00006104
0.09870371,0.00006104
0.09902371,0.00006104
0.09934371,-0.01770074
0.09966371,0.00006104
0.09998371,0.00006104
0.10030371,0.00006104
0.10062371,0.00006104
0.10094371,0.00006104
0.10126371,0.00006104
0.10158371,0.00006104
0.10190371,0.00006104
0.10222371,0.00006104
0.10254371,0.00006104
0.10286371,0.00006104
0.10318371,0.00006104
0.10350371,0.00006104
0.10382371,0.00006104
0.10414371,0.00006104
0.10446371,0.00006104
0.10478371,0.00006104
0.10510371,0.00006104
0.10542371,0.00006104
0.10574371,0.00006104
0.10606371,0.00006104
0.10638371,-0.01770074
0.10670371,0.00006104
0.10702371,0.00006104
0.10734371,0.00006104
0.10766371,0.00006104
0.10798371,0.00006104
0.10830371,0.00006104
0.10862371,0.00006104
0.10894371,0.00006104
0.10926371,0.00006104
0.10958371,0.00006104
0.10990371,0.00006104
0.11022371,0.00006104
0.11054371,-0.01770074
0.11086371,0.00006104
0.11118371,0.00006104
0.11150371,0.00006104
0.11182371,0.00006104
0.11214371,0.00006104
0.11246371,0.00006104
0.11278371,0.00006104
0.11310371,0.00006104
0.11342371,0.00006104
0.11374371,0.00006104
0.11406371,0.00006104
0.11438371,0.00006104
0.11470371,0.00006104
0.11502371,0.00006104
0.11534371,0.00006104
0.11566371,0.00006104
0.11598371,0.00006104
0.11630371,0.00006104
0.11662371,0.00006104
0.11694371,0.00006104
0.11726371,0.00006104
0.11758371,0.00006104
0.11790371,0.00006104
0.11822371,0.00006104
0.11854371,0.00006104
0.11886371,0.00006104
0.11918371,-0.01770074
0.11950371,0.00006104
0.11982371,0.00006104
0.12014371,0.00006104
0.12046371,0.00006104
0.12078371,0.00006104
0.12110371,0.00006104
0.12142371,0.00006104
0.12174371,0.00006104
0.12206371,0.00006104
0.12238371,0.00006104
0.12270371,0.00006104
0.12302371,0.00006104
0.12334371,0.00006104
0.12366371,0.00006104
0.12398371,0.00006104
0.12430371,0.00006104
0.12462371,0.00006104
0.12494371,0.00006104
0.12526371,0.00006104
0.12558371,0.00006104
0.12590371,0.00006104
0.12622371,0.00006104
0.12654371,-0.01770074
0.12686371,0.00006104
0.12718371,0.00006104
0.12750371,0.00006104
0.12782371,0.00006104
0.12814371,0.00006104
0.12846371,0.00006104
0.12878371,0.00006104
0.12910371,0.00006104
0.12942371,0.00006104
0.12974371,0.00006104
0.13006371,0.00006104
0.13038371,0.00006104
0.13070371,0.00006104
0.13102371,0.00006104
0.13134371,0.00006104
0.13166371,0.00006104
0.13198371,0.00006104
0.13230371,0.00006104
0.13262371,0.00006104
0.13294371,0.00006104
0.13326371,0.00006104
0.13358371,0.00006104
0.13390371,0.00006104
0.13422371,0.00006104
0.13454371,0.00006104
0.13486371,0.00006104
0.13518371,0.00006104
0.13550371,0.00006104
0.13582371,-0.01770074
0.13614371,0.00006104
0.13646371,0.00006104
0.13678371,0.00006104
0.13710371,-0.01770074
0.13742371,0.00006104
0.13774371,0.00006104
0.13806371,0.00006104
0.13838371,0.00006104
0.13870371,0.00006104
0.13902371,0.00006104
0.13934371,0.00006104
0.13966371,0.00006104
0.13998371,0.00006104
0.14030371,0.00006104
0.14062371,0.00006104
0.14094371,0.00006104
0.14126371,0.00006104
0.14158371,-0.01770074
0.14190371,0.00006104
0.14222371,0.00006104
0.14254371,0.00006104
0.14286371,0.00006104
0.14318371,0.00006104
0.14350371,0.00006104
0.14382371,-0.01770074
0.14414371,0.00006104
0.14446371,-0.01770074
0.14478371,0.00006104
0.14510371,0.00006104
0.14542371,0.00006104
0.14574371,0.00006104
0.14606371,0.00006104
0.14638371,0.00006104
0.14670371,0.00006104
0.14702371,0.00006104
0.14734371,0.00006104
0.14766371,0.00006104
0.14798371,0.00006104
0.14830371,0.00006104
0.14862371,0.00006104
0.14894371,0.00006104
0.14926371,0.00006104
0.14958371,0.00006104
0.14990371,0.00006104
0.15022371,0.00006104
0.15054371,0.00006104
0.15086371,0.00006104
0.15118371,0.00006104
0.15150371,0.00006104
0.15182371,0.00006104
0.15214371,0.00006104
0.15246371,0.00006104
0.15278371,0.00006104
0.15310371,-0.01770074
0.15342371,0.00006104
0.15374371,0.00006104
0.15406371,0.00006104
0.15438371,0.00006104
0.15470371,0.00006104
0.15502371,-0.01770074
0.15534371,-0.01770074
0.15566371,0.00006104
0.15598371,0.00006104
0.15630371,0.00006104
0.15662371,0.00006104
0.15694371,0.00006104
0.15726371,0.00006104
0.15758371,0.00006104
0.15790371,0.00006104
0.15822371,0.00006104
0.15854371,0.00006104
0.15886371,0.00006104
0.15918371,0.00006104
0.15950371,0.00006104
0.15982371,0.00006104
0.16014371,0.00006104
0.16046371,0.00006104
0.16078371,0.00006104
0.16110371,0.00006104
0.16142371,0.00006104
0.16174371,0.00006104
0.16206371,0.00006104
0.16238371,0.00006104
0.16270371,0.00006104
0.16302371,0.00006104
0.16334371,0.00006104
0.16366371,0.00006104
0.16398371,-0.01770074
0.16430371,0.00006104
0.16462371,0.00006104
0.16494371,0.00006104
0.16526371,0.00006104
0.16558371,0.00006104
0.16590371,0.00006104
0.16622371,0.00006104
0.16654371,0.00006104
0.16686371,0.00006104
0.16718371,0.00006104
0.16750371,0.00006104
0.16782371,0.00006104
0.16814371,0.00006104
0.16846371,0.00006104
0.16878371,0.00006104
0.16910371,0.00006104
0.16942371,0.00006104
0.16974371,0.00006104
0.17006371,0.00006104
0.17038371,0.00006104
0.17070371,0.00006104
0.17102371,0.00006104
0.17134371,0.00006104
0.17166371,0.00006104
0.17198371,0.00006104
0.17230371,0.00006104
0.17262371,0.00006104
0.17294371,0.00006104
0.17326371,0.00006104
0.17358371,0.00006104
0.17390371,0.00006104
0.17422371,0.00006104
0.17454371,-0.01770074
0.17486371,0.00006104
0.17518371,0.00006104
0.17550371,0.00006104
0.17582371,0.00006104
0.17614371,0.00006104
0.17646371,0.00006104
0.17678371,0.00006104
0.17710371,0.00006104
0.17742371,0.00006104
0.17774371,0.00006104
0.17806371,0.00006104
0.17838371,0.00006104
0.17870371,0.00006104
0.17902371,0.00006104
0.17934371,0.00006104
0.17966371,0.00006104
0.17998371,0.00006104
0.18030371,0.00006104
0.18062371,0.00006104
0.18094371,0.00006104
0.18126371,0.00006104
0.18158371,0.00006104
0.18190371,0.00006104
0.18222371,0.00006104
0.18254371,0.00006104
0.18286371,0.00006104
0.18318371,0.00006104
0.18350371,0.00006104
0.18382371,0.00006104
0.18414371,0.00006104
0.18446371,0.00006104
0.18478371,0.00006104
0.18510371,0.00006104
0.18542371,0.00006104
0.18574371,0.00006104
0.18606371,0.00006104
0.18638371,0.00006104
0.18670371,0.00006104
0.18702371,0.00006104
0.18734371,0.00006104
0.18766371,0.00006104
0.18798371,0.00006104
0.18830371,0.00006104
0.18862371,0.00006104
0.18894371,0.00006104
0.18926371,0.00006104
0.18958371,0.00006104
0.18990371,0.00006104
0.19022371,0.00006104
0.19054371,0.00006104
0.19086371,0.00006104
0.19118371,0.00006104
0.19150371,0.00006104
0.19182371,0.00006104
0.19214371,0.00006104
0.19246371,0.00006104
0.19278371,0.00006104
0.19310371,0.00006104
0.19342371,0.00006104
0.19374371,0.00006104
0.19406371,0.00006104
0.19438371,0.00006104
0.19470371,-0.01770074
0.19502371,0.00006104
0.19534371,0.00006104
0.19566371,0.00006104
0.19598371,0.00006104
0.19630371,0.00006104
0.19662371,0.00006104
0.19694371,0.00006104
0.19726371,0.00006104
0.19758371,0.00006104
0.19790371,0.00006104
0.19822371,0.00006104
0.19854371,0.00006104
0.19886371,0.00006104
0.19918371,0.00006104
0.19950371,0.00006104
0.19982371,0.00006104
0.20014371,0.00006104
0.20046371,0.00006104
0.20078371,0.00006104
0.20110371,0.00006104
0.20142371,0.00006104
0.20174371,0.00006104
0.20206371,0.00006104
0.20238371,0.00006104
0.20270371,0.00006104
0.20302371,0.00006104
0.20334371,0.00006104
0.20366371,0.00006104
0.20398371,0.00006104
0.20430371,0.00006104
0.20462371,0.00006104
0.20494371,0.00006104
0.20526371,0.00006104
0.20558371,0.00006104
0.20590371,0.00006104
0.20622371,0.00006104
0.20654371,0.00006104
0.20686371,0.00006104
0.20718371,0.00006104
0.20750371,0.00006104
0.20782371,0.00006104
0.20814371,0.00006104
0.20846371,0.00006104
0.20878371,0.00006104
0.20910371,0.00006104
0.20942371,0.00006104
0.20974371,0.00006104
0.21006371,0.00006104
0.21038371,0.00006104
0.21070371,0.00006104
0.21102371,0.00006104
0.21134371,0.00006104
0.21166371,0.00006104
0.21198371,0.00006104
0.21230371,0.00006104
0.21262371,0.00006104
0.21294371,0.00006104
0.21326371,0.00006104
0.21358371,0.00006104
0.21390371,0.00006104
0.21422371,0.00006104
0.21454371,-0.01770074
0.21486371,0.00006104
0.21518371,0.00006104
0.21550371,0.00006104
0.21582371,0.00006104
0.21614371,0.00006104
0.21646371,0.00006104
0.21678371,0.00006104
0.21710371,0.00006104
0.21742371,-0.01770074
0.21774371,-0.01770074
0.21806371,0.00006104
0.21838371,0.00006104
0.21870371,0.00006104
0.21902371,0.00006104
0.21934371,0.00006104
0.21966371,0.00006104
0.21998371,-0.01770074
0.22030371,0.00006104
0.22062371,0.00006104
0.22094371,0.00006104
0.22126371,0.00006104
0.22158371,0.00006104
0.22190371,0.00006104
0.22222371,0.00006104
0.22254371,0.00006104
0.22286371,0.00006104
0.22318371,0.00006104
0.22350371,0.00006104
0.22382371,0.00006104
0.22414371,0.00006104
0.22446371,0.00006104
0.22478371,0.00006104
0.22510371,0.00006104
0.22542371,0.00006104
0.22574371,0.00006104
0.22606371,0.00006104
0.22638371,0.00006104
0.22670371,0.00006104
0.22702371,0.00006104
0.22734371,-0.01770074
0.22766371,0.00006104
0.22798371,0.00006104
0.22830371,0.00006104
0.22862371,0.00006104
0.22894371,0.00006104
0.22926371,0.00006104
0.22958371,0.00006104
0.22990371,0.00006104
0.23022371,0.00006104
0.23054371,0.00006104
0.23086371,0.00006104
0.23118371,0.00006104
0.23150371,0.00006104
0.23182371,0.00006104
0.23214371,0.00006104
0.23246371,0.00006104
0.23278371,0.00006104
0.23310371,-0.01770074
0.23342371,0.00006104
0.23374371,0.00006104
0.23406371,0.00006104
0.23438371,0.00006104
0.23470371,0.00006104
0.23502371,0.00006104
0.23534371,0.00006104
0.23566371,0.00006104
0.23598371,0.00006104
0.23630371,0.00006104
0.23662371,0.00006104
0.23694371,0.00006104
0.23726371,0.00006104
0.23758371,0.00006104
0.23790371,0.00006104
0.23822371,0.00006104
0.23854371,0.00006104
0.23886371,0.00006104
0.23918371,0.00006104
0.23950371,0.00006104
0.23982371,0.00006104
0.24014371,0.00006104
0.24046371,0.00006104
0.24078371,0.00006104
0.24110371,0.00006104
0.24142371,0.00006104
0.24174371,0.00006104
0.24206371,0.00006104
0.24238371,0.00006104
0.24270371,0.00006104
0.24302371,0.00006104
0.24334371,0.00006104
0.24366371,0.00006104
0.24398371,0.00006104
0.24430371,0.00006104
0.24462371,0.00006104
0.24494371,0.00006104
0.24526371,0.00006104
0.24558371,0.00006104
0.24590371,0.00006104
0.24622371,0.00006104
0.24654371,-0.01770074
0.24686371,0.00006104
0.24718371,0.00006104
0.24750371,0.00006104
0.24782371,0.00006104
0.24814371,0.00006104
0.24846371,0.00006104
0.24878371,0.00006104
0.24910371,-0.01770074
0.24942371,0.00006104
0.24974371,0.00006104
0.25006371,0.00006104
0.25038371,0.00006104
0.25070371,0.00006104
0.25102371,0.00006104
0.25134371,0.00006104
0.25166371,0.00006104
0.25198371,0.00006104
0.25230371,0.00006104
0.25262371,0.00006104
0.25294371,0.00006104
0.25326371,0.00006104
0.25358371,0.00006104
0.25390371,0.00006104
0.25422371,0.00006104
0.25454371,0.00006104
0.25486371,0.00006104
0.25518371,0.00006104
0.25550371,0.00006104
0.25582371,-0.01770074
0.25614371,0.00006104
0.25646371,-0.01770074
0.25678371,0.00006104
0.25710371,0.00006104
0.25742371,0.00006104
0.25774371,0.00006104
0.25806371,-0.01770074
0.25838371,-0.01770074
0.25870371,0.00006104
0.25902371,-0.01770074
0.25934371,-0.01770074
0.25966371,0.00006104
0.25998371,-0.01770074
0.26030371,0.00006104
0.26062371,0.00006104
0.26094371,0.00006104
0.26126371,0.00006104
0.26158371,0.00006104
0.26190371,0.00006104
0.26222371,-0.01770074
0.26254371,0.00006104
0.26286371,0.00006104
0.26318371,0.00006104
0.26350371,0.00006104
0.26382371,0.00006104
0.26414371,0.00006104
0.26446371,0.00006104
0.26478371,0.00006104
0.26510371,-0.01770074
0.26542371,0.00006104
0.26574371,-0.01770074
0.26606371,-0.01770074
0.26638371,0.00006104
0.26670371,0.00006104
0.26702371,0.00006104
0.26734371,0.00006104
0.26766371,0.00006104
0.26798371,0.00006104
0.26830371,0.00006104
0.26862371,0.00006104
0.26894371,0.00006104
0.26926371,0.00006104
0.26958371,0.00006104
0.26990371,0.00006104
0.27022371,0.00006104
0.27054371,0.00006104
0.27086371,0.00006104
0.27118371,0.00006104
0.27150371,0.00006104
0.27182371,0.00006104
0.27214371,0.00006104
0.27246371,0.00006104
0.27278371,0.00006104
0.27310371,0.00006104
0.27342371,0.00006104
0.27374371,-0.01770074
0.27406371,0.00006104
0.27438371,0.00006104
0.27470371,0.00006104
0.27502371,0.00006104
0.27534371,0.00006104
0.27566371,0.00006104
0.27598371,0.00006104
0.27630371,0.00006104
0.27662371,0.00006104
0.27694371,0.00006104
0.27726371,0.00006104
0.27758371,0.00006104
0.27790371,0.00006104
0.27822371,0.00006104
0.27854371,0.00006104
0.27886371,-0.01770074
0.27918371,-0.01770074
0.27950371,0.00006104
0.27982371,0.00006104
0.28014371,-0.01770074
0.28046371,0.00006104
0.28078371,0.00006104
0.28110371,0.00006104
0.28142371,0.00006104
0.28174371,0.00006104
0.28206371,0.00006104
0.28238371,0.00006104
0.28270371,0.00006104
0.28302371,-0.01770074
0.28334371,-0.01770074
0.28366371,0.00006104
0.28398371,0.00006104
0.28430371,0.00006104
0.28462371,0.00006104
0.28494371,0.00006104
0.28526371,0.00006104
0.28558371,0.00006104
0.28590371,0.00006104
0.28622371,0.00006104
0.28654371,0.00006104
0.28686371,0.00006104
0.28718371,0.00006104
0.28750371,0.00006104
0.28782371,0.00006104
0.28814371,0.00006104
0.28846371,0.00006104
0.28878371,0.00006104
0.28910371,0.00006104
0.28942371,0.00006104
0.28974371,0.00006104
0.29006371,0.00006104
0.29038371,0.00006104
0.29070371,0.00006104
0.29102371,0.00006104
0.29134371,0.00006104
0.29166371,0.00006104
0.29198371,-0.01770074
0.29230371,0.00006104
0.29262371,0.00006104
0.29294371,0.00006104
0.29326371,0.00006104
0.29358371,0.00006104
0.29390371,0.00006104
0.29422371,0.00006104
0.29454371,0.00006104
0.29486371,0.00006104
0.29518371,0.00006104
0.29550371,0.00006104
0.29582371,0.00006104
0.29614371,0.00006104
0.29646371,0.00006104
0.29678371,0.00006104
0.29710371,0.00006104
0.29742371,0.00006104
0.29774371,0.00006104
0.29806371,0.00006104
0.29838371,0.00006104
0.29870371,0.00006104
0.29902371,0.00006104
0.29934371,0.00006104
0.29966371,0.00006104
0.29998371,0.00006104
0.30030371,0.00006104
0.30062371,0.00006104
0.30094371,0.00006104
0.30126371,0.00006104
0.30158371,0.00006104
0.30190371,0.00006104
0.30222371,0.00006104
0.30254371,0.00006104
0.30286371,0.00006104
0.30318371,0.00006104
0.30350371,0.00006104
0.30382371,0.00006104
0.30414371,0.00006104
0.30446371,0.00006104
0.30478371,0.00006104
0.30510371,0.00006104
0.30542371,0.00006104
0.30574371,0.00006104
0.30606371,0.00006104
0.30638371,0.00006104
0.30670371,0.00006104
0.30702371,0.00006104
0.30734371,0.00006104
0.30766371,0.00006104
0.30798371,0.00006104
0.30830371,0.00006104
0.30862371,0.00006104
0.30894371,0.00006104
0.30926371,0.00006104
0.30958371,0.00006104
0.30990371,0.00006104
0.31022371,0.00006104
0.31054371,0.00006104
0.31086371,0.00006104
0.31118371,0.00006104
0.31150371,0.00006104
0.31182371,0.00006104
0.31214371,0.00006104
0.31246371,0.00006104
0.31278371,0.00006104
0.31310371,0.00006104
0.31342371,0.00006104
0.31374371,0.00006104
0.31406371,0.00006104
0.31438371,-0.01770074
0.31470371,0.00006104
0.31502371,0.00006104
0.31534371,0.00006104
0.31566371,0.00006104
0.31598371,0.00006104
0.31630371,-0.01770074
0.31662371,0.00006104
0.31694371,0.00006104
0.31726371,0.00006104
0.31758371,0.00006104
0.31790371,0.00006104
0.31822371,0.00006104
0.31854371,0.00006104
0.31886371,0.00006104
0.31918371,0.00006104
0.31950371,0.00006104
0.31982371,0.00006104
0.32014371,0.00006104
0.32046371,0.00006104
0.32078371,0.00006104
0.32110371,0.00006104
0.32142371,0.00006104
0.32174371,0.00006104
0.32206371,-0.01770074
0.32238371,0.00006104
0.32270371,0.00006104
0.32302371,0.00006104
0.32334371,0.00006104
0.32366371,0.00006104
0.32398371,0.00006104
0.32430371,0.00006104
0.32462371,0.00006104
0.32494371,0.00006104
0.32526371,0.00006104
0.32558371,0.00006104
0.32590371,0.00006104
0.32622371,0.00006104
0.32654371,0.00006104
0.32686371,0.00006104
0.32718371,0.00006104
0.32750371,0.00006104
0.32782371,0.00006104
0.32814371,0.00006104
0.32846371,0.00006104
0.32878371,0.00006104
0.32910371,0.00006104
0.32942371,-0.01770074
0.32974371,0.00006104
0.33006371,0.00006104
0.33038371,0.00006104
0.33070371,0.00006104
0.33102371,0.00006104
0.33134371,0.00006104
0.33166371,0.00006104
0.33198371,0.00006104
0.33230371,0.00006104
0.33262371,0.00006104
0.33294371,0.00006104
0.33326371,0.00006104
0.33358371,0.00006104
0.33390371,0.00006104
0.33422371,0.00006104
0.33454371,0.00006104
0.33486371,0.00006104
0.33518371,-0.01770074
0.33550371,0.00006104
0.33582371,0.00006104
0.33614371,0.00006104
0.33646371,0.00006104
0.33678371,-0.01770074
0.33710371,0.00006104
0.33742371,0.00006104
0.33774371,0.00006104
0.33806371,0.00006104
0.33838371,0.00006104
0.33870371,0.00006104
0.33902371,0.00006104
0.33934371,0.00006104
0.33966371,0.00006104
0.33998371,0.00006104
0.34030371,0.00006104
0.34062371,0.00006104
0.34094371,0.00006104
0.34126371,0.00006104
0.34158371,0.00006104
0.34190371,0.00006104
0.34222371,0.00006104
0.34254371,0.00006104
0.34286371,0.00006104
0.34318371,0.00006104
0.34350371,0.00006104
0.34382371,0.00006104
0.34414371,0.00006104
0.34446371,0.00006104
0.34478371,0.00006104
0.34510371,0.00006104
0.34542371,0.00006104
0.34574371,0.00006104
0.34606371,0.00006104
0.34638371,0.00006104
0.34670371,0.00006104
0.34702371,0.00006104
0.34734371,0.00006104
0.34766371,0.00006104
0.34798371,0.00006104
0.34830371,0.00006104
0.34862371,0.00006104
0.34894371,0.00006104
0.34926371,0.00006104
0.34958371,0.00006104
0.34990371,0.00006104
0.35022371,0.00006104
0.35054371,0.00006104
0.35086371,0.00006104
0.35118371,0.00006104
0.35150371,0.00006104
0.35182371,-0.01770074
0.35214371,-0.01770074
0.35246371,0.00006104
0.35278371,0.00006104
0.35310371,0.00006104
0.35342371,0.00006104
0.35374371,0.00006104
0.35406371,0.00006104
0.35438371,0.00006104
0.35470371,0.00006104
0.35502371,0.00006104
0.35534371,0.00006104
0.35566371,0.00006104
0.35598371,0.00006104
0.35630371,-0.01770074
0.35662371,0.00006104
0.35694371,0.00006104
0.35726371,0.00006104
0.35758371,0.00006104
0.35790371,0.00006104
0.35822371,0.00006104
0.35854371,0.00006104
0.35886371,0.00006104
0.35918371,0.00006104
0.35950371,0.00006104
0.35982371,0.00006104
0.36014371,0.00006104
0.36046371,0.00006104
0.36078371,0.00006104
0.36110371,0.00006104
0.36142371,0.00006104
0.36174371,0.00006104
0.36206371,0.00006104
0.36238371,0.00006104
0.36270371,0.00006104
0.36302371,0.00006104
0.36334371,-0.01770074
0.36366371,0.00006104
0.36398371,0.00006104
0.36430371,0.00006104
0.36462371,0.00006104
0.36494371,0.00006104
0.36526371,0.00006104
0.36558371,0.00006104
0.36590371,-0.01770074
0.36622371,0.00006104
0.36654371,0.00006104
0.36686371,0.00006104
0.36718371,0.00006104
0.36750371,0.00006104
0.36782371,0.00006104
0.36814371,0.00006104
0.36846371,-0.01770074
0.36878371,0.00006104
0.36910371,0.00006104
0.36942371,0.00006104
0.36974371,0.00006104
0.37006371,0.00006104
0.37038371,0.00006104
0.37070371,0.00006104
0.37102371,0.00006104
0.37134371,0.00006104
0.37166371,0.00006104
0.37198371,0.00006104
0.37230371,0.00006104
0.37262371,0.00006104
0.37294371,0.00006104
0.37326371,0.00006104
0.37358371,0.00006104
0.37390371,0.00006104
0.37422371,0.00006104
0.37454371,0.00006104
0.37486371,0.00006104
0.37518371,0.00006104
0.37550371,0.00006104
0.37582371,0.00006104
0.37614371,-0.01770074
0.37646371,0.00006104
0.37678371,0.00006104
0.37710371,0.00006104
0.37742371,0.00006104
0.37774371,0.00006104
0.37806371,0.00006104
0.37838371,0.00006104
0.37870371,0.00006104
0.37902371,0.00006104
0.37934371,-0.01770074
0.37966371,0.00006104
0.37998371,0.00006104
0.38030371,0.00006104
0.38062371,0.00006104
0.38094371,0.00006104
0.38126371,0.00006104
0.38158371,0.00006104
0.38190371,0.00006104
0.38222371,0.00006104
0.38254371,0.00006104
0.38286371,0.00006104
0.38318371,0.00006104
0.38350371,0.00006104
0.38382371,-0.01770074
0.38414371,0.00006104
0.38446371,0.00006104
0.38478371,0.00006104
0.38510371,-0.01770074
0.38542371,0.00006104
0.38574371,0.00006104
0.38606371,-0.01770074
0.38638371,0.00006104
0.38670371,-0.01770074
0.38702371,0.00006104
0.38734371,0.00006104
0.38766371,0.00006104
0.38798371,0.00006104
0.38830371,0.00006104
0.38862371,0.00006104
0.38894371,0.00006104
0.38926371,0.00006104
0.38958371,0.00006104
0.38990371,0.00006104
0.39022371,0.00006104
0.39054371,0.00006104
0.39086371,0.00006104
0.39118371,0.00006104
0.39150371,0.00006104
0.39182371,-0.01770074
0.39214371,0.00006104
0.39246371,0.00006104
0.39278371,0.00006104
0.39310371,0.00006104
0.39342371,0.00006104
0.39374371,0.00006104
0.39406371,0.00006104
0.39438371,-0.01770074
0.39470371,0.00006104
0.39502371,-0.01770074
0.39534371,0.00006104
0.39566371,0.00006104
0.39598371,0.00006104
0.39630371,0.00006104
0.39662371,0.00006104
0.39694371,0.00006104
0.39726371,0.00006104
0.39758371,0.00006104
0.39790371,-0.01770074
0.39822371,0.00006104
0.39854371,0.00006104
0.39886371,0.00006104
0.39918371,0.00006104
0.39950371,0.00006104
0.39982371,0.00006104
0.40014371,0.00006104
0.40046371,0.00006104
0.40078371,0.00006104
0.40110371,0.00006104
0.40142371,-0.01770074
0.40174371,0.00006104
0.40206371,0.00006104
0.40238371,0.00006104
0.40270371,0.00006104
0.40302371,0.00006104
0.40334371,0.00006104
0.40366371,-0.01770074
0.40398371,0.00006104
0.40430371,0.00006104
0.40462371,0.00006104
0.40494371,0.00006104
0.40526371,0.00006104
0.40558371,0.00006104
0.40590371,0.00006104
0.40622371,0.00006104
0.40654371,0.00006104
0.40686371,0.00006104
0.40718371,0.00006104
0.40750371,0.00006104
0.40782371,-0.01770074
0.40814371,0.00006104
0.40846371,-0.01770074
0.40878371,0.00006104
0.40910371,-0.01770074
0.40942371,0.00006104
0.40974371,-0.01770074
0.41006371,0.00006104
0.41038371,0.00006104
0.41070371,0.00006104
0.41102371,0.00006104
0.41134371,0.00006104
0.41166371,0.00006104
0.41198371,0.00006104
0.41230371,0.00006104
0.41262371,0.00006104
0.41294371,0.00006104
0.41326371,0.00006104
0.41358371,0.00006104
0.41390371,0.00006104
0.41422371,0.00006104
0.41454371,0.00006104
0.41486371,0.00006104
0.41518371,0.00006104
0.41550371,0.00006104
0.41582371,0.00006104
0.41614371,0.00006104
0.41646371,0.00006104
0.41678371,0.00006104
0.41710371,0.00006104
0.41742371,0.00006104
0.41774371,0.00006104
0.41806371,0.00006104
0.41838371,0.00006104
0.41870371,0.00006104
0.41902371,0.00006104
0.41934371,0.00006104
0.41966371,0.00006104
0.41998371,0.00006104
0.42030371,0.00006104
0.42062371,0.00006104
0.42094371,0.00006104
0.42126371,0.00006104
0.42158371,-0.01770074
0.42190371,0.00006104
0.42222371,0.00006104
0.42254371,0.00006104
0.42286371,0.00006104
0.42318371,0.00006104
0.42350371,-0.01770074
0.42382371,0.00006104
0.42414371,0.00006104
0.42446371,0.00006104
0.42478371,0.00006104
0.42510371,0.00006104
0.42542371,0.00006104
0.42574371,-0.01770074
0.42606371,0.00006104
0.42638371,-0.01770074
0.42670371,0.00006104
0.42702371,0.00006104
0.42734371,0.00006104
0.42766371,0.00006104
0.42798371,0.00006104
0.42830371,-0.01770074
0.42862371,0.00006104
0.42894371,0.00006104
0.42926371,0.00006104
0.42958371,0.00006104
0.42990371,0.00006104
0.43022371,0.00006104
0.43054371,0.00006104
0.43086371,0.00006104
0.43118371,0.00006104
0.43150371,0.00006104
0.43182371,0.00006104
0.43214371,0.00006104
0.43246371,0.00006104
0.43278371,0.00006104
0.43310371,0.00006104
0.43342371,0.00006104
0.43374371,0.00006104
0.43406371,0.00006104
0.43438371,0.00006104
0.43470371,0.00006104
0.43502371,0.00006104
0.43534371,0.00006104
0.43566371,0.00006104
0.43598371,0.00006104
0.43630371,0.00006104
0.43662371,0.00006104
0.43694371,-0.01770074
0.43726371,0.00006104
0.43758371,0.00006104
0.43790371,0.00006104
0.43822371,0.00006104
0.43854371,0.00006104
0.43886371,0.00006104
0.43918371,-0.01770074
0.43950371,0.00006104
0.43982371,0.00006104
0.44014371,0.00006104
0.44046371,0.00006104
0.44078371,0.00006104
0.44110371,0.00006104
0.44142371,0.00006104
0.44174371,0.00006104
0.44206371,0.00006104
0.44238371,0.00006104
0.44270371,0.00006104
0.44302371,0.00006104
0.44334371,0.00006104
0.44366371,0.00006104
0.44398371,0.00006104
0.44430371,0.00006104
0.44462371,0.00006104
0.44494371,-0.01770074
0.44526371,0.00006104
0.44558371,0.00006104
0.44590371,0.00006104
0.44622371,0.00006104
0.44654371,0.00006104
0.44686371,0.00006104
0.44718371,0.00006104
0.44750371,0.00006104
0.44782371,0.00006104
0.44814371,0.00006104
0.44846371,0.00006104
0.44878371,0.00006104
0.44910371,0.00006104
0.44942371,0.00006104
0.44974371,-0.01770074
0.45006371,-0.01770074
0.45038371,0.00006104
0.45070371,-0.01770074
0.45102371,0.00006104
0.45134371,-0.01770074
0.45166371,-0.01770074
0.45198371,0.00006104
0.45230371,0.00006104
0.45262371,0.00006104
0.45294371,0.00006104
0.45326371,0.00006104
0.45358371,0.00006104
0.45390371,0.00006104
0.45422371,0.00006104
0.45454371,0.00006104
0.45486371,0.00006104
0.45518371,0.00006104
0.45550371,0.00006104
0.45582371,0.00006104
0.45614371,0.00006104
0.45646371,0.00006104
0.45678371,0.00006104
0.45710371,0.00006104
0.45742371,0.00006104
0.45774371,0.00006104
0.45806371,0.00006104
0.45838371,0.00006104
0.45870371,0.00006104
0.45902371,0.00006104
0.45934371,0.00006104
0.45966371,0.00006104
0.45998371,-0.01770074
0.46030371,0.00006104
0.46062371,0.00006104
0.46094371,0.00006104
0.46126371,0.00006104
0.46158371,0.00006104
0.46190371,0.00006104
0.46222371,0.00006104
0.46254371,-0.01770074
0.46286371,0.00006104
0.46318371,0.00006104
0.46350371,0.00006104
0.46382371,0.00006104
0.46414371,0.00006104
0.46446371,-0.01770074
0.46478371,0.00006104
0.46510371,0.00006104
0.46542371,0.00006104
0.46574371,0.00006104
0.46606371,0.00006104
0.46638371,0.00006104
0.46670371,0.00006104
0.46702371,0.00006104
0.46734371,0.00006104
0.46766371,0.00006104
0.46798371,0.00006104
0.46830371,0.00006104
0.46862371,0.00006104
0.46894371,0.00006104
0.46926371,0.00006104
0.46958371,0.00006104
0.46990371,0.00006104
0.47022371,-0.01770074
0.47054371,0.00006104
0.47086371,-0.01770074
0.47118371,-0.01770074
0.47150371,0.00006104
0.47182371,0.00006104
0.47214371,0.00006104
0.47246371,0.00006104
0.47278371,0.00006104
0.47310371,0.00006104
0.47342371,0.00006104
0.47374371,0.00006104
0.47406371,0.00006104
0.47438371,0.00006104
0.47470371,0.00006104
0.47502371,0.00006104
0.47534371,0.00006104
0.47566371,0.00006104
0.47598371,0.00006104
0.47630371,0.00006104
0.47662371,0.00006104
0.47694371,0.00006104
0.47726371,0.00006104
0.47758371,0.00006104
0.47790371,0.00006104
0.47822371,0.00006104
0.47854371,0.00006104
0.47886371,0.00006104
0.47918371,0.00006104
0.47950371,0.00006104
0.47982371,0.00006104
0.48014371,0.00006104
0.48046371,0.00006104
0.48078371,0.00006104
0.48110371,0.00006104
0.48142371,-0.01770074
0.48174371,0.00006104
0.48206371,0.00006104
0.48238371,0.00006104
0.48270371,0.00006104
0.48302371,0.00006104
0.48334371,0.00006104
0.48366371,0.00006104
0.48398371,0.00006104
0.48430371,0.00006104
0.48462371,0.00006104
0.48494371,0.00006104
0.48526371,0.00006104
0.48558371,0.00006104
0.48590371,0.00006104
0.48622371,0.00006104
0.48654371,0.00006104
0.48686371,0.00006104
0.48718371,0.00006104
0.48750371,0.00006104
0.48782371,0.00006104
0.48814371,0.00006104
0.48846371,0.00006104
0.48878371,0.00006104
0.48910371,0.00006104
0.48942371,0.00006104
0.48974371,0.00006104
0.49006371,0.00006104
0.49038371,0.00006104
0.49070371,0.00006104
0.49102371,0.00006104
0.49134371,0.00006104
0.49166371,0.00006104
0.49198371,0.00006104
0.49230371,0.00006104
0.49262371,0.00006104
0.49294371,0.00006104
0.49326371,0.00006104
0.49358371,0.00006104
0.49390371,0.00006104
0.49422371,0.00006104
0.49454371,0.00006104
0.49486371,0.00006104
0.49518371,0.00006104
0.49550371,0.00006104
0.49582371,0.00006104
0.49614371,0.00006104
0.49646371,0.00006104
0.49678371,-0.01770074
0.49710371,0.00006104
0.49742371,0.00006104
0.49774371,0.00006104
0.49806371,0.00006104
0.49838371,0.46284372
0.49870371,1.69109166
0.49902371,1.17490160
0.49934371,0.28485978
0.49966371,-0.10669271
0.49998371,-0.14233834
0.50030371,-0.08893093
0.50062371,-0.03552354
0.50094371,-0.01770074
0.50126371,-0.01770074
0.50158371,-∞
0.50190371,-0.14233834
0.50222371,-0.51612902
0.50254371,-0.55171359
0.50286371,-0.10669271
0.50318371,0.12469863
0.50350371,0.12469863
0.50382371,0.08911405
0.50414371,0.03570665
0.50446371,0.01788385
0.50478371,0.00006104
0.50510371,-0.01770074
0.50542371,0.00006104
0.50574371,0.01788385
0.50606371,0.01788385
0.50638371,0.01788385
0.50670371,0.01788385
0.50702371,0.00006104
0.50734371,0.00006104
0.50766371,0.01788385
0.50798371,0.01788385
0.50830371,0.01788385
0.50862371,0.05346843
0.50894371,0.05346843
0.50926371,0.05346843
0.50958371,0.07129124
0.50990371,0.05346843
0.51022371,0.07129124
0.51054371,0.07129124
0.51086371,0.03570665
0.51118371,0.05346843
0.51150371,0.07129124
0.51182371,0.05346843
0.51214371,0.01788385
0.51246371,0.03570665
0.51278371,0.03570665
0.51310371,0.03570665
0.51342371,-0.01770074
0.51374371,-0.03552354
0.51406371,-0.03552354
0.51438371,-0.03552354
0.51470371,0.01788385
0.51502371,0.00006104
0.51534371,0.00006104
0.51566371,0.05346843
0.51598371,-0.01770074
0.51630371,-0.01770074
0.51662371,0.01788385
0.51694371,-0.03552354
0.51726371,0.01788385
0.51758371,0.05346843
0.51790371,0.00006104
0.51822371,0.01788385
0.51854371,0.03570665
0.51886371,0.01788385
0.51918371,0.01788385
0.51950371,0.01788385
0.51982371,0.01788385
0.52014371,0.00006104
