Time,Channel A
(ms),(V)

-1.48090348,0.01788385
-1.48058348,0.01788385
-1.48026348,0.00006104
-1.47994348,0.00006104
-1.47962348,-0.01770074
-1.47930348,0.01788385
-1.47898348,0.00006104
-1.47866348,0.00006104
-1.47834348,0.03570665
-1.47802348,0.01788385
-1.47770348,0.00006104
-1.47738348,0.01788385
-1.47706348,0.00006104
-1.47674348,0.01788385
-1.47642348,0.01788385
-1.47610348,0.01788385
-1.47578348,0.00006104
-1.47546348,0.01788385
-1.47514348,0.01788385
-1.47482348,0.00006104
-1.47450348,0.00006104
-1.47418348,0.00006104
-1.47386348,0.00006104
-1.47354348,0.00006104
-1.47322348,-0.01770074
-1.47290348,0.00006104
-1.47258348,0.00006104
-1.47226348,0.00006104
-1.47194348,0.00006104
-1.47162348,0.00006104
-1.47130348,0.00006104
-1.47098348,0.00006104
-1.47066348,0.00006104
-1.47034348,0.00006104
-1.47002348,0.00006104
-1.46970348,0.01788385
-1.46938348,0.01788385
-1.46906348,0.00006104
-1.46874348,0.00006104
-1.46842348,0.00006104
-1.46810348,0.00006104
-1.46778348,0.00006104
-1.46746348,0.00006104
-1.46714348,0.00006104
-1.46682348,0.00006104
-1.46650348,0.00006104
-1.46618348,0.00006104
-1.46586348,0.00006104
-1.46554348,0.00006104
-1.46522348,0.00006104
-1.46490348,0.00006104
-1.46458348,0.00006104
-1.46426348,0.01788385
-1.46394348,0.00006104
-1.46362348,0.00006104
-1.46330348,0.00006104
-1.46298348,0.00006104
-1.46266348,0.00006104
-1.46234348,0.00006104
-1.46202348,0.00006104
-1.46170348,0.00006104
-1.46138348,0.00006104
-1.46106348,0.00006104
-1.46074348,0.00006104
-1.46042348,0.00006104
-1.46010348,0.00006104
-1.45978348,0.01788385
-1.45946348,0.00006104
-1.45914348,0.00006104
-1.45882348,0.00006104
-1.45850348,0.00006104
-1.45818348,0.00006104
-1.45786348,0.00006104
-1.45754348,0.01788385
-1.45722348,0.00006104
-1.45690348,0.01788385
-1.45658348,0.00006104
-1.45626348,0.00006104
-1.45594348,0.00006104
-1.45562348,0.00006104
-1.45530348,-0.01770074
-1.45498348,0.00006104
-1.45466348,-0.01770074
-1.45434348,0.00006104
-1.45402348,0.00006104
-1.45370348,0.00006104
-1.45338348,0.00006104
-1.45306348,0.00006104
-1.45274348,0.00006104
-1.45242348,0.00006104
-1.45210348,0.00006104
-1.45178348,0.00006104
-1.45146348,0.00006104
-1.45114348,0.00006104
-1.45082348,0.00006104
-1.45050348,0.00006104
-1.45018348,0.00006104
-1.44986348,0.00006104
-1.44954348,0.00006104
-1.44922348,0.00006104
-1.44890348,0.00006104
-1.44858348,0.00006104
-1.44826348,0.00006104
-1.44794348,0.00006104
-1.44762348,0.00006104
-1.44730348,0.00006104
-1.44698348,0.00006104
-1.44666348,0.00006104
-1.44634348,0.00006104
-1.44602348,0.00006104
-1.44570348,0.00006104
-1.44538348,0.00006104
-1.44506348,0.00006104
-1.44474348,0.00006104
-1.44442348,0.00006104
-1.44410348,0.00006104
-1.44378348,0.00006104
-1.44346348,0.00006104
-1.44314348,0.00006104
-1.44282348,0.00006104
-1.44250348,0.00006104
-1.44218348,0.00006104
-1.44186348,0.00006104
-1.44154348,0.00006104
-1.44122348,0.00006104
-1.44090348,0.00006104
-1.44058348,0.00006104
-1.44026348,0.00006104
-1.43994348,0.00006104
-1.43962348,0.00006104
-1.43930348,0.00006104
-1.43898348,0.00006104
-1.43866348,0.00006104
-1.43834348,0.00006104
-1.43802348,0.00006104
-1.43770348,0.00006104
-1.43738348,0.00006104
-1.43706348,0.00006104
-1.43674348,0.00006104
-1.43642348,0.00006104
-1.43610348,0.00006104
-1.43578348,0.00006104
-1.43546348,0.00006104
-1.43514348,0.00006104
-1.43482348,0.00006104
-1.43450348,0.00006104
-1.43418348,0.00006104
-1.43386348,0.00006104
-1.43354348,0.00006104
-1.43322348,0.00006104
-1.43290348,0.00006104
-1.43258348,0.00006104
-1.43226348,0.00006104
-1.43194348,0.00006104
-1.43162348,0.00006104
-1.43130348,0.00006104
-1.43098348,0.00006104
-1.43066348,-0.01770074
-1.43034348,0.00006104
-1.43002348,0.00006104
-1.42970348,0.00006104
-1.42938348,0.00006104
-1.42906348,0.00006104
-1.42874348,0.00006104
-1.42842348,0.00006104
-1.42810348,0.00006104
-1.42778348,0.00006104
-1.42746348,0.00006104
-1.42714348,0.00006104
-1.42682348,0.00006104
-1.42650348,0.00006104
-1.42618348,0.00006104
-1.42586348,0.00006104
-1.42554348,-0.01770074
-1.42522348,0.00006104
-1.42490348,0.00006104
-1.42458348,0.00006104
-1.42426348,0.00006104
-1.42394348,-0.01770074
-1.42362348,0.00006104
-1.42330348,0.00006104
-1.42298348,0.00006104
-1.42266348,0.00006104
-1.42234348,0.00006104
-1.42202348,0.00006104
-1.42170348,0.00006104
-1.42138348,0.00006104
-1.42106348,0.00006104
-1.42074348,0.00006104
-1.42042348,0.00006104
-1.42010348,0.00006104
-1.41978348,0.00006104
-1.41946348,0.00006104
-1.41914348,0.00006104
-1.41882348,0.00006104
-1.41850348,0.00006104
-1.41818348,0.00006104
-1.41786348,0.00006104
-1.41754348,0.00006104
-1.41722348,0.00006104
-1.41690348,-0.01770074
-1.41658348,0.00006104
-1.41626348,0.00006104
-1.41594348,0.00006104
-1.41562348,0.00006104
-1.41530348,0.00006104
-1.41498348,0.00006104
-1.41466348,0.00006104
-1.41434348,0.00006104
-1.41402348,0.00006104
-1.41370348,0.00006104
-1.41338348,0.00006104
-1.41306348,-0.01770074
-1.41274348,0.00006104
-1.41242348,-0.01770074
-1.41210348,0.00006104
-1.41178348,0.00006104
-1.41146348,0.00006104
-1.41114348,0.00006104
-1.41082348,0.00006104
-1.41050348,0.00006104
-1.41018348,0.00006104
-1.40986348,-0.01770074
-1.40954348,0.00006104
-1.40922348,0.00006104
-1.40890348,0.00006104
-1.40858348,0.00006104
-1.40826348,0.00006104
-1.40794348,0.00006104
-1.40762348,0.00006104
-1.40730348,0.00006104
-1.40698348,0.00006104
-1.40666348,-0.01770074
-1.40634348,0.00006104
-1.40602348,0.00006104
-1.40570348,0.00006104
-1.40538348,0.00006104
-1.40506348,0.00006104
-1.40474348,0.00006104
-1.40442348,0.00006104
-1.40410348,0.00006104
-1.40378348,0.00006104
-1.40346348,0.00006104
-1.40314348,0.00006104
-1.40282348,0.00006104
-1.40250348,0.00006104
-1.40218348,0.00006104
-1.40186348,0.00006104
-1.40154348,0.00006104
-1.40122348,0.00006104
-1.40090348,0.00006104
-1.40058348,0.00006104
-1.40026348,0.00006104
-1.39994348,0.00006104
-1.39962348,0.00006104
-1.39930348,0.00006104
-1.39898348,0.00006104
-1.39866348,0.00006104
-1.39834348,0.00006104
-1.39802348,0.00006104
-1.39770348,0.00006104
-1.39738348,0.00006104
-1.39706348,0.00006104
-1.39674348,-0.01770074
-1.39642348,0.00006104
-1.39610348,0.00006104
-1.39578348,0.00006104
-1.39546348,0.00006104
-1.39514348,0.00006104
-1.39482348,0.00006104
-1.39450348,0.00006104
-1.39418348,0.00006104
-1.39386348,0.00006104
-1.39354348,0.00006104
-1.39322348,0.00006104
-1.39290348,0.00006104
-1.39258348,0.00006104
-1.39226348,0.00006104
-1.39194348,0.00006104
-1.39162348,0.00006104
-1.39130348,0.00006104
-1.39098348,-0.01770074
-1.39066348,0.00006104
-1.39034348,0.00006104
-1.39002348,0.00006104
-1.38970348,0.00006104
-1.38938348,0.00006104
-1.38906348,0.00006104
-1.38874348,0.00006104
-1.38842348,0.00006104
-1.38810348,0.00006104
-1.38778348,0.00006104
-1.38746348,0.00006104
-1.38714348,0.00006104
-1.38682348,0.00006104
-1.38650348,0.00006104
-1.38618348,0.00006104
-1.38586348,0.00006104
-1.38554348,0.00006104
-1.38522348,0.00006104
-1.38490348,0.00006104
-1.38458348,0.00006104
-1.38426348,0.00006104
-1.38394348,0.00006104
-1.38362348,0.00006104
-1.38330348,0.00006104
-1.38298348,0.00006104
-1.38266348,0.00006104
-1.38234348,0.00006104
-1.38202348,0.00006104
-1.38170348,0.00006104
-1.38138348,0.00006104
-1.38106348,0.00006104
-1.38074348,0.00006104
-1.38042348,0.00006104
-1.38010348,0.00006104
-1.37978348,0.00006104
-1.37946348,0.00006104
-1.37914348,0.00006104
-1.37882348,0.00006104
-1.37850348,0.00006104
-1.37818348,-0.01770074
-1.37786348,0.00006104
-1.37754348,0.00006104
-1.37722348,0.00006104
-1.37690348,0.00006104
-1.37658348,0.00006104
-1.37626348,0.00006104
-1.37594348,-0.01770074
-1.37562348,0.00006104
-1.37530348,0.00006104
-1.37498348,0.00006104
-1.37466348,0.00006104
-1.37434348,0.00006104
-1.37402348,0.00006104
-1.37370348,0.00006104
-1.37338348,0.00006104
-1.37306348,0.00006104
-1.37274348,0.00006104
-1.37242348,0.00006104
-1.37210348,0.00006104
-1.37178348,0.00006104
-1.37146348,-0.01770074
-1.37114348,0.00006104
-1.37082348,0.00006104
-1.37050348,0.00006104
-1.37018348,-0.01770074
-1.36986348,-0.01770074
-1.36954348,0.00006104
-1.36922348,0.00006104
-1.36890348,0.00006104
-1.36858348,0.00006104
-1.36826348,0.00006104
-1.36794348,0.00006104
-1.36762348,0.00006104
-1.36730348,-0.01770074
-1.36698348,0.00006104
-1.36666348,0.00006104
-1.36634348,0.00006104
-1.36602348,0.00006104
-1.36570348,0.00006104
-1.36538348,0.00006104
-1.36506348,0.00006104
-1.36474348,0.00006104
-1.36442348,0.00006104
-1.36410348,0.00006104
-1.36378348,0.00006104
-1.36346348,0.00006104
-1.36314348,0.00006104
-1.36282348,0.00006104
-1.36250348,0.00006104
-1.36218348,0.00006104
-1.36186348,0.00006104
-1.36154348,-0.01770074
-1.36122348,-0.01770074
-1.36090348,0.00006104
-1.36058348,0.00006104
-1.36026348,0.00006104
-1.35994348,0.00006104
-1.35962348,0.00006104
-1.35930348,0.00006104
-1.35898348,0.00006104
-1.35866348,0.00006104
-1.35834348,0.00006104
-1.35802348,0.00006104
-1.35770348,0.00006104
-1.35738348,0.00006104
-1.35706348,0.00006104
-1.35674348,0.00006104
-1.35642348,-0.01770074
-1.35610348,0.00006104
-1.35578348,0.00006104
-1.35546348,0.00006104
-1.35514348,0.00006104
-1.35482348,0.00006104
-1.35450348,0.00006104
-1.35418348,0.00006104
-1.35386348,0.00006104
-1.35354348,0.00006104
-1.35322348,0.00006104
-1.35290348,0.00006104
-1.35258348,0.00006104
-1.35226348,0.00006104
-1.35194348,0.00006104
-1.35162348,0.00006104
-1.35130348,0.00006104
-1.35098348,0.00006104
-1.35066348,0.00006104
-1.35034348,0.00006104
-1.35002348,0.00006104
-1.34970348,0.00006104
-1.34938348,0.00006104
-1.34906348,0.00006104
-1.34874348,0.00006104
-1.34842348,0.00006104
-1.34810348,0.00006104
-1.34778348,0.00006104
-1.34746348,0.00006104
-1.34714348,0.00006104
-1.34682348,0.00006104
-1.34650348,0.00006104
-1.34618348,-0.01770074
-1.34586348,-0.01770074
-1.34554348,0.00006104
-1.34522348,0.00006104
-1.34490348,0.00006104
-1.34458348,0.00006104
-1.34426348,0.00006104
-1.34394348,0.00006104
-1.34362348,0.00006104
-1.34330348,-0.01770074
-1.34298348,0.00006104
-1.34266348,0.00006104
-1.34234348,0.00006104
-1.34202348,-0.01770074
-1.34170348,0.00006104
-1.34138348,0.00006104
-1.34106348,0.00006104
-1.34074348,0.00006104
-1.34042348,0.00006104
-1.34010348,-0.01770074
-1.33978348,0.00006104
-1.33946348,0.00006104
-1.33914348,0.00006104
-1.33882348,0.00006104
-1.33850348,0.00006104
-1.33818348,0.00006104
-1.33786348,0.00006104
-1.33754348,0.00006104
-1.33722348,0.00006104
-1.33690348,0.00006104
-1.33658348,-0.01770074
-1.33626348,0.00006104
-1.33594348,0.00006104
-1.33562348,0.00006104
-1.33530348,0.00006104
-1.33498348,0.00006104
-1.33466348,0.00006104
-1.33434348,0.00006104
-1.33402348,-0.01770074
-1.33370348,0.00006104
-1.33338348,0.00006104
-1.33306348,0.00006104
-1.33274348,0.00006104
-1.33242348,0.00006104
-1.33210348,0.00006104
-1.33178348,0.00006104
-1.33146348,0.00006104
-1.33114348,0.00006104
-1.33082348,0.00006104
-1.33050348,0.00006104
-1.33018348,0.00006104
-1.32986348,0.00006104
-1.32954348,0.00006104
-1.32922348,0.00006104
-1.32890348,0.00006104
-1.32858348,0.00006104
-1.32826348,0.00006104
-1.32794348,0.00006104
-1.32762348,0.00006104
-1.32730348,0.00006104
-1.32698348,0.00006104
-1.32666348,0.00006104
-1.32634348,0.00006104
-1.32602348,0.00006104
-1.32570348,0.00006104
-1.32538348,0.00006104
-1.32506348,0.00006104
-1.32474348,0.00006104
-1.32442348,0.00006104
-1.32410348,0.00006104
-1.32378348,-0.01770074
-1.32346348,0.00006104
-1.32314348,-0.01770074
-1.32282348,0.00006104
-1.32250348,0.00006104
-1.32218348,-0.01770074
-1.32186348,0.00006104
-1.32154348,0.00006104
-1.32122348,0.00006104
-1.32090348,0.00006104
-1.32058348,0.00006104
-1.32026348,0.00006104
-1.31994348,0.00006104
-1.31962348,0.00006104
-1.31930348,0.00006104
-1.31898348,-0.01770074
-1.31866348,0.00006104
-1.31834348,0.00006104
-1.31802348,0.00006104
-1.31770348,-0.01770074
-1.31738348,0.00006104
-1.31706348,0.00006104
-1.31674348,0.00006104
-1.31642348,-0.01770074
-1.31610348,0.00006104
-1.31578348,0.00006104
-1.31546348,0.00006104
-1.31514348,0.00006104
-1.31482348,0.00006104
-1.31450348,-0.01770074
-1.31418348,0.00006104
-1.31386348,0.00006104
-1.31354348,0.00006104
-1.31322348,-0.01770074
-1.31290348,-0.01770074
-1.31258348,0.00006104
-1.31226348,0.00006104
-1.31194348,0.00006104
-1.31162348,0.00006104
-1.31130348,0.00006104
-1.31098348,0.00006104
-1.31066348,0.00006104
-1.31034348,0.00006104
-1.31002348,0.00006104
-1.30970348,0.00006104
-1.30938348,0.00006104
-1.30906348,0.00006104
-1.30874348,0.00006104
-1.30842348,0.00006104
-1.30810348,0.00006104
-1.30778348,0.00006104
-1.30746348,0.00006104
-1.30714348,0.00006104
-1.30682348,0.00006104
-1.30650348,0.00006104
-1.30618348,0.00006104
-1.30586348,0.00006104
-1.30554348,-0.01770074
-1.30522348,0.00006104
-1.30490348,0.00006104
-1.30458348,0.00006104
-1.30426348,0.00006104
-1.30394348,0.00006104
-1.30362348,0.00006104
-1.30330348,0.00006104
-1.30298348,0.00006104
-1.30266348,0.00006104
-1.30234348,0.00006104
-1.30202348,0.00006104
-1.30170348,0.00006104
-1.30138348,0.00006104
-1.30106348,0.00006104
-1.30074348,0.00006104
-1.30042348,0.00006104
-1.30010348,0.00006104
-1.29978348,0.00006104
-1.29946348,0.00006104
-1.29914348,0.00006104
-1.29882348,0.00006104
-1.29850348,0.00006104
-1.29818348,0.00006104
-1.29786348,0.00006104
-1.29754348,0.00006104
-1.29722348,0.00006104
-1.29690348,0.00006104
-1.29658348,0.00006104
-1.29626348,0.00006104
-1.29594348,0.00006104
-1.29562348,0.00006104
-1.29530348,0.00006104
-1.29498348,0.00006104
-1.29466348,0.00006104
-1.29434348,0.00006104
-1.29402348,0.00006104
-1.29370348,0.00006104
-1.29338348,0.00006104
-1.29306348,0.00006104
-1.29274348,0.00006104
-1.29242348,0.00006104
-1.29210348,0.00006104
-1.29178348,0.00006104
-1.29146348,0.00006104
-1.29114348,0.00006104
-1.29082348,0.00006104
-1.29050348,0.00006104
-1.29018348,0.00006104
-1.28986348,0.00006104
-1.28954348,0.00006104
-1.28922348,0.00006104
-1.28890348,0.00006104
-1.28858348,0.00006104
-1.28826348,0.00006104
-1.28794348,0.00006104
-1.28762348,0.00006104
-1.28730348,0.00006104
-1.28698348,0.00006104
-1.28666348,0.00006104
-1.28634348,0.00006104
-1.28602348,0.00006104
-1.28570348,0.00006104
-1.28538348,0.00006104
-1.28506348,0.00006104
-1.28474348,0.00006104
-1.28442348,0.00006104
-1.28410348,0.00006104
-1.28378348,0.00006104
-1.28346348,0.00006104
-1.28314348,0.00006104
-1.28282348,0.00006104
-1.28250348,0.00006104
-1.28218348,-0.01770074
-1.28186348,0.00006104
-1.28154348,0.00006104
-1.28122348,0.00006104
-1.28090348,0.00006104
-1.28058348,0.00006104
-1.28026348,0.00006104
-1.27994348,0.00006104
-1.27962348,0.00006104
-1.27930348,0.00006104
-1.27898348,0.00006104
-1.27866348,0.00006104
-1.27834348,0.00006104
-1.27802348,0.00006104
-1.27770348,0.00006104
-1.27738348,0.00006104
-1.27706348,0.00006104
-1.27674348,0.00006104
-1.27642348,0.00006104
-1.27610348,0.00006104
-1.27578348,0.00006104
-1.27546348,0.00006104
-1.27514348,0.00006104
-1.27482348,0.00006104
-1.27450348,0.00006104
-1.27418348,0.00006104
-1.27386348,0.00006104
-1.27354348,0.00006104
-1.27322348,0.00006104
-1.27290348,0.00006104
-1.27258348,0.00006104
-1.27226348,0.00006104
-1.27194348,0.00006104
-1.27162348,0.00006104
-1.27130348,0.00006104
-1.27098348,0.00006104
-1.27066348,0.00006104
-1.27034348,0.00006104
-1.27002348,0.00006104
-1.26970348,0.00006104
-1.26938348,0.00006104
-1.26906348,0.00006104
-1.26874348,0.00006104
-1.26842348,0.00006104
-1.26810348,0.00006104
-1.26778348,0.00006104
-1.26746348,0.00006104
-1.26714348,0.00006104
-1.26682348,0.00006104
-1.26650348,0.00006104
-1.26618348,-0.01770074
-1.26586348,0.00006104
-1.26554348,0.00006104
-1.26522348,0.00006104
-1.26490348,0.00006104
-1.26458348,0.00006104
-1.26426348,-0.01770074
-1.26394348,0.00006104
-1.26362348,0.00006104
-1.26330348,0.00006104
-1.26298348,0.00006104
-1.26266348,0.00006104
-1.26234348,0.00006104
-1.26202348,0.00006104
-1.26170348,0.00006104
-1.26138348,0.00006104
-1.26106348,0.00006104
-1.26074348,0.00006104
-1.26042348,0.00006104
-1.26010348,0.00006104
-1.25978348,0.00006104
-1.25946348,0.00006104
-1.25914348,0.00006104
-1.25882348,0.00006104
-1.25850348,-0.01770074
-1.25818348,0.00006104
-1.25786348,0.00006104
-1.25754348,0.00006104
-1.25722348,0.00006104
-1.25690348,0.00006104
-1.25658348,0.00006104
-1.25626348,0.00006104
-1.25594348,0.00006104
-1.25562348,0.00006104
-1.25530348,-0.01770074
-1.25498348,0.00006104
-1.25466348,0.00006104
-1.25434348,-0.01770074
-1.25402348,-0.01770074
-1.25370348,0.00006104
-1.25338348,0.00006104
-1.25306348,0.00006104
-1.25274348,0.00006104
-1.25242348,0.00006104
-1.25210348,0.00006104
-1.25178348,0.00006104
-1.25146348,0.00006104
-1.25114348,0.00006104
-1.25082348,0.00006104
-1.25050348,0.00006104
-1.25018348,0.00006104
-1.24986348,0.00006104
-1.24954348,0.00006104
-1.24922348,0.00006104
-1.24890348,0.00006104
-1.24858348,0.00006104
-1.24826348,0.00006104
-1.24794348,-0.01770074
-1.24762348,0.00006104
-1.24730348,0.00006104
-1.24698348,-0.01770074
-1.24666348,0.00006104
-1.24634348,0.00006104
-1.24602348,0.00006104
-1.24570348,0.00006104
-1.24538348,0.00006104
-1.24506348,0.00006104
-1.24474348,0.00006104
-1.24442348,-0.01770074
-1.24410348,0.00006104
-1.24378348,-0.01770074
-1.24346348,0.00006104
-1.24314348,0.00006104
-1.24282348,0.00006104
-1.24250348,0.00006104
-1.24218348,0.00006104
-1.24186348,0.00006104
-1.24154348,0.00006104
-1.24122348,0.00006104
-1.24090348,0.00006104
-1.24058348,0.00006104
-1.24026348,0.00006104
-1.23994348,0.00006104
-1.23962348,0.00006104
-1.23930348,0.00006104
-1.23898348,0.00006104
-1.23866348,0.00006104
-1.23834348,-0.01770074
-1.23802348,0.00006104
-1.23770348,-0.01770074
-1.23738348,0.00006104
-1.23706348,-0.01770074
-1.23674348,-0.01770074
-1.23642348,-0.01770074
-1.23610348,0.00006104
-1.23578348,0.00006104
-1.23546348,0.00006104
-1.23514348,0.00006104
-1.23482348,0.00006104
-1.23450348,0.00006104
-1.23418348,0.00006104
-1.23386348,0.00006104
-1.23354348,0.00006104
-1.23322348,0.00006104
-1.23290348,0.00006104
-1.23258348,0.00006104
-1.23226348,0.00006104
-1.23194348,0.00006104
-1.23162348,0.00006104
-1.23130348,0.00006104
-1.23098348,0.00006104
-1.23066348,0.00006104
-1.23034348,0.00006104
-1.23002348,-0.01770074
-1.22970348,0.00006104
-1.22938348,0.00006104
-1.22906348,0.00006104
-1.22874348,0.00006104
-1.22842348,0.00006104
-1.22810348,0.00006104
-1.22778348,-0.01770074
-1.22746348,0.00006104
-1.22714348,-0.01770074
-1.22682348,0.00006104
-1.22650348,0.00006104
-1.22618348,0.00006104
-1.22586348,0.00006104
-1.22554348,0.00006104
-1.22522348,0.00006104
-1.22490348,0.00006104
-1.22458348,0.00006104
-1.22426348,0.00006104
-1.22394348,0.00006104
-1.22362348,0.00006104
-1.22330348,0.00006104
-1.22298348,0.00006104
-1.22266348,0.00006104
-1.22234348,0.00006104
-1.22202348,0.00006104
-1.22170348,0.00006104
-1.22138348,-0.01770074
-1.22106348,-0.01770074
-1.22074348,0.00006104
-1.22042348,0.00006104
-1.22010348,0.00006104
-1.21978348,0.00006104
-1.21946348,0.00006104
-1.21914348,0.00006104
-1.21882348,0.00006104
-1.21850348,0.00006104
-1.21818348,0.00006104
-1.21786348,0.00006104
-1.21754348,0.00006104
-1.21722348,0.00006104
-1.21690348,0.00006104
-1.21658348,0.00006104
-1.21626348,0.00006104
-1.21594348,0.00006104
-1.21562348,0.00006104
-1.21530348,0.00006104
-1.21498348,0.00006104
-1.21466348,0.00006104
-1.21434348,0.00006104
-1.21402348,0.00006104
-1.21370348,0.00006104
-1.21338348,0.00006104
-1.21306348,-0.01770074
-1.21274348,0.00006104
-1.21242348,-0.01770074
-1.21210348,-0.01770074
-1.21178348,0.00006104
-1.21146348,0.00006104
-1.21114348,0.00006104
-1.21082348,0.00006104
-1.21050348,0.00006104
-1.21018348,0.00006104
-1.20986348,0.00006104
-1.20954348,0.00006104
-1.20922348,0.00006104
-1.20890348,0.00006104
-1.20858348,0.00006104
-1.20826348,0.00006104
-1.20794348,0.00006104
-1.20762348,0.00006104
-1.20730348,0.00006104
-1.20698348,0.00006104
-1.20666348,0.00006104
-1.20634348,0.00006104
-1.20602348,0.00006104
-1.20570348,-0.01770074
-1.20538348,-0.01770074
-1.20506348,0.00006104
-1.20474348,0.00006104
-1.20442348,0.00006104
-1.20410348,0.00006104
-1.20378348,0.00006104
-1.20346348,0.00006104
-1.20314348,0.00006104
-1.20282348,0.00006104
-1.20250348,0.00006104
-1.20218348,0.00006104
-1.20186348,0.00006104
-1.20154348,0.00006104
-1.20122348,0.00006104
-1.20090348,0.00006104
-1.20058348,0.00006104
-1.20026348,0.00006104
-1.19994348,0.00006104
-1.19962348,0.00006104
-1.19930348,0.00006104
-1.19898348,0.00006104
-1.19866348,0.00006104
-1.19834348,0.00006104
-1.19802348,0.00006104
-1.19770348,0.00006104
-1.19738348,0.00006104
-1.19706348,0.00006104
-1.19674348,-0.01770074
-1.19642348,0.00006104
-1.19610348,0.00006104
-1.19578348,0.00006104
-1.19546348,-0.01770074
-1.19514348,0.00006104
-1.19482348,0.00006104
-1.19450348,0.00006104
-1.19418348,0.00006104
-1.19386348,0.00006104
-1.19354348,0.00006104
-1.19322348,-0.01770074
-1.19290348,0.00006104
-1.19258348,0.00006104
-1.19226348,0.00006104
-1.19194348,0.00006104
-1.19162348,0.00006104
-1.19130348,0.00006104
-1.19098348,0.00006104
-1.19066348,0.00006104
-1.19034348,0.00006104
-1.19002348,0.00006104
-1.18970348,0.00006104
-1.18938348,0.00006104
-1.18906348,-0.01770074
-1.18874348,0.00006104
-1.18842348,0.00006104
-1.18810348,0.00006104
-1.18778348,0.00006104
-1.18746348,0.00006104
-1.18714348,0.00006104
-1.18682348,0.00006104
-1.18650348,0.00006104
-1.18618348,0.00006104
-1.18586348,0.00006104
-1.18554348,0.00006104
-1.18522348,0.00006104
-1.18490348,0.00006104
-1.18458348,0.00006104
-1.18426348,0.00006104
-1.18394348,0.00006104
-1.18362348,0.00006104
-1.18330348,0.00006104
-1.18298348,0.00006104
-1.18266348,-0.01770074
-1.18234348,0.00006104
-1.18202348,-0.01770074
-1.18170348,0.00006104
-1.18138348,0.00006104
-1.18106348,0.00006104
-1.18074348,0.00006104
-1.18042348,0.00006104
-1.18010348,-0.01770074
-1.17978348,-0.01770074
-1.17946348,0.00006104
-1.17914348,0.00006104
-1.17882348,0.00006104
-1.17850348,0.00006104
-1.17818348,0.00006104
-1.17786348,0.00006104
-1.17754348,0.00006104
-1.17722348,0.00006104
-1.17690348,0.00006104
-1.17658348,0.00006104
-1.17626348,0.00006104
-1.17594348,0.00006104
-1.17562348,0.00006104
-1.17530348,0.00006104
-1.17498348,0.00006104
-1.17466348,0.00006104
-1.17434348,0.00006104
-1.17402348,0.00006104
-1.17370348,0.00006104
-1.17338348,0.00006104
-1.17306348,-0.01770074
-1.17274348,0.00006104
-1.17242348,0.00006104
-1.17210348,0.00006104
-1.17178348,0.00006104
-1.17146348,-0.01770074
-1.17114348,0.00006104
-1.17082348,0.00006104
-1.17050348,0.00006104
-1.17018348,0.00006104
-1.16986348,0.00006104
-1.16954348,0.00006104
-1.16922348,0.00006104
-1.16890348,0.00006104
-1.16858348,0.00006104
-1.16826348,0.00006104
-1.16794348,0.00006104
-1.16762348,0.00006104
-1.16730348,0.00006104
-1.16698348,0.00006104
-1.16666348,-0.01770074
-1.16634348,0.00006104
-1.16602348,0.00006104
-1.16570348,0.00006104
-1.16538348,0.00006104
-1.16506348,0.00006104
-1.16474348,0.00006104
-1.16442348,0.00006104
-1.16410348,0.00006104
-1.16378348,0.00006104
-1.16346348,0.00006104
-1.16314348,0.00006104
-1.16282348,0.00006104
-1.16250348,0.00006104
-1.16218348,-0.01770074
-1.16186348,0.00006104
-1.16154348,0.00006104
-1.16122348,0.00006104
-1.16090348,0.00006104
-1.16058348,0.00006104
-1.16026348,0.00006104
-1.15994348,0.00006104
-1.15962348,0.00006104
-1.15930348,0.00006104
-1.15898348,0.00006104
-1.15866348,0.00006104
-1.15834348,0.00006104
-1.15802348,0.00006104
-1.15770348,0.00006104
-1.15738348,0.00006104
-1.15706348,0.00006104
-1.15674348,0.00006104
-1.15642348,0.00006104
-1.15610348,0.00006104
-1.15578348,0.00006104
-1.15546348,0.00006104
-1.15514348,0.00006104
-1.15482348,0.00006104
-1.15450348,0.00006104
-1.15418348,0.00006104
-1.15386348,0.00006104
-1.15354348,0.00006104
-1.15322348,0.00006104
-1.15290348,0.00006104
-1.15258348,0.00006104
-1.15226348,0.00006104
-1.15194348,0.00006104
-1.15162348,0.00006104
-1.15130348,0.00006104
-1.15098348,0.00006104
-1.15066348,0.00006104
-1.15034348,0.00006104
-1.15002348,0.00006104
-1.14970348,0.00006104
-1.14938348,0.00006104
-1.14906348,0.00006104
-1.14874348,0.00006104
-1.14842348,0.00006104
-1.14810348,0.00006104
-1.14778348,0.00006104
-1.14746348,0.00006104
-1.14714348,0.00006104
-1.14682348,0.00006104
-1.14650348,0.00006104
-1.14618348,0.00006104
-1.14586348,0.00006104
-1.14554348,0.00006104
-1.14522348,0.00006104
-1.14490348,0.00006104
-1.14458348,0.00006104
-1.14426348,0.00006104
-1.14394348,0.00006104
-1.14362348,0.00006104
-1.14330348,0.00006104
-1.14298348,0.00006104
-1.14266348,0.00006104
-1.14234348,0.00006104
-1.14202348,0.00006104
-1.14170348,0.00006104
-1.14138348,0.00006104
-1.14106348,0.00006104
-1.14074348,-0.01770074
-1.14042348,0.00006104
-1.14010348,0.00006104
-1.13978348,0.00006104
-1.13946348,0.00006104
-1.13914348,0.00006104
-1.13882348,0.00006104
-1.13850348,0.00006104
-1.13818348,0.00006104
-1.13786348,0.00006104
-1.13754348,-0.01770074
-1.13722348,0.00006104
-1.13690348,0.00006104
-1.13658348,0.00006104
-1.13626348,0.00006104
-1.13594348,0.00006104
-1.13562348,0.00006104
-1.13530348,0.00006104
-1.13498348,0.00006104
-1.13466348,0.00006104
-1.13434348,0.00006104
-1.13402348,0.00006104
-1.13370348,0.00006104
-1.13338348,0.00006104
-1.13306348,0.00006104
-1.13274348,0.00006104
-1.13242348,0.00006104
-1.13210348,0.00006104
-1.13178348,0.00006104
-1.13146348,0.00006104
-1.13114348,0.00006104
-1.13082348,0.00006104
-1.13050348,0.00006104
-1.13018348,0.00006104
-1.12986348,0.00006104
-1.12954348,0.00006104
-1.12922348,0.00006104
-1.12890348,0.00006104
-1.12858348,0.00006104
-1.12826348,0.00006104
-1.12794348,0.00006104
-1.12762348,0.00006104
-1.12730348,0.00006104
-1.12698348,0.00006104
-1.12666348,0.00006104
-1.12634348,-0.01770074
-1.12602348,0.00006104
-1.12570348,0.00006104
-1.12538348,0.00006104
-1.12506348,0.00006104
-1.12474348,0.00006104
-1.12442348,-0.01770074
-1.12410348,0.00006104
-1.12378348,0.00006104
-1.12346348,0.00006104
-1.12314348,0.00006104
-1.12282348,0.00006104
-1.12250348,0.00006104
-1.12218348,0.00006104
-1.12186348,0.00006104
-1.12154348,0.00006104
-1.12122348,0.00006104
-1.12090348,0.00006104
-1.12058348,0.00006104
-1.12026348,0.00006104
-1.11994348,0.00006104
-1.11962348,0.00006104
-1.11930348,0.00006104
-1.11898348,0.00006104
-1.11866348,-0.01770074
-1.11834348,-0.01770074
-1.11802348,0.00006104
-1.11770348,-0.01770074
-1.11738348,0.00006104
-1.11706348,0.00006104
-1.11674348,0.00006104
-1.11642348,0.00006104
-1.11610348,0.00006104
-1.11578348,0.00006104
-1.11546348,0.00006104
-1.11514348,0.00006104
-1.11482348,0.00006104
-1.11450348,0.00006104
-1.11418348,0.00006104
-1.11386348,-0.01770074
-1.11354348,0.00006104
-1.11322348,0.00006104
-1.11290348,0.00006104
-1.11258348,0.00006104
-1.11226348,0.00006104
-1.11194348,0.00006104
-1.11162348,0.00006104
-1.11130348,0.00006104
-1.11098348,0.00006104
-1.11066348,0.00006104
-1.11034348,0.00006104
-1.11002348,0.00006104
-1.10970348,0.00006104
-1.10938348,0.00006104
-1.10906348,0.00006104
-1.10874348,0.00006104
-1.10842348,0.00006104
-1.10810348,0.00006104
-1.10778348,0.00006104
-1.10746348,0.00006104
-1.10714348,0.00006104
-1.10682348,0.00006104
-1.10650348,0.00006104
-1.10618348,0.00006104
-1.10586348,0.00006104
-1.10554348,0.00006104
-1.10522348,0.00006104
-1.10490348,0.00006104
-1.10458348,0.00006104
-1.10426348,0.00006104
-1.10394348,0.00006104
-1.10362348,0.00006104
-1.10330348,0.00006104
-1.10298348,0.00006104
-1.10266348,0.00006104
-1.10234348,0.00006104
-1.10202348,0.00006104
-1.10170348,0.00006104
-1.10138348,0.00006104
-1.10106348,0.00006104
-1.10074348,0.00006104
-1.10042348,0.00006104
-1.10010348,0.00006104
-1.09978348,0.00006104
-1.09946348,0.00006104
-1.09914348,0.00006104
-1.09882348,0.00006104
-1.09850348,0.00006104
-1.09818348,0.00006104
-1.09786348,0.00006104
-1.09754348,0.00006104
-1.09722348,0.00006104
-1.09690348,0.00006104
-1.09658348,0.00006104
-1.09626348,0.00006104
-1.09594348,0.00006104
-1.09562348,0.00006104
-1.09530348,0.00006104
-1.09498348,0.00006104
-1.09466348,0.00006104
-1.09434348,0.00006104
-1.09402348,0.00006104
-1.09370348,-0.01770074
-1.09338348,0.00006104
-1.09306348,0.00006104
-1.09274348,0.00006104
-1.09242348,0.00006104
-1.09210348,0.00006104
-1.09178348,0.00006104
-1.09146348,0.00006104
-1.09114348,-0.01770074
-1.09082348,0.00006104
-1.09050348,0.00006104
-1.09018348,0.00006104
-1.08986348,0.00006104
-1.08954348,0.00006104
-1.08922348,0.00006104
-1.08890348,0.00006104
-1.08858348,0.00006104
-1.08826348,0.00006104
-1.08794348,0.00006104
-1.08762348,0.00006104
-1.08730348,0.00006104
-1.08698348,0.00006104
-1.08666348,0.00006104
-1.08634348,-0.01770074
-1.08602348,0.00006104
-1.08570348,0.00006104
-1.08538348,0.00006104
-1.08506348,0.00006104
-1.08474348,0.00006104
-1.08442348,0.00006104
-1.08410348,0.00006104
-1.08378348,0.00006104
-1.08346348,0.00006104
-1.08314348,0.00006104
-1.08282348,0.00006104
-1.08250348,0.00006104
-1.08218348,0.00006104
-1.08186348,0.00006104
-1.08154348,0.00006104
-1.08122348,0.00006104
-1.08090348,0.00006104
-1.08058348,0.00006104
-1.08026348,0.00006104
-1.07994348,0.00006104
-1.07962348,0.00006104
-1.07930348,0.00006104
-1.07898348,0.00006104
-1.07866348,0.00006104
-1.07834348,0.00006104
-1.07802348,0.00006104
-1.07770348,-0.01770074
-1.07738348,0.00006104
-1.07706348,0.00006104
-1.07674348,0.00006104
-1.07642348,0.00006104
-1.07610348,0.00006104
-1.07578348,0.00006104
-1.07546348,0.00006104
-1.07514348,0.00006104
-1.07482348,0.00006104
-1.07450348,0.00006104
-1.07418348,0.00006104
-1.07386348,0.00006104
-1.07354348,0.00006104
-1.07322348,0.00006104
-1.07290348,0.00006104
-1.07258348,0.00006104
-1.07226348,0.00006104
-1.07194348,0.00006104
-1.07162348,0.00006104
-1.07130348,0.00006104
-1.07098348,-0.01770074
-1.07066348,0.00006104
-1.07034348,0.00006104
-1.07002348,0.00006104
-1.06970348,0.00006104
-1.06938348,0.00006104
-1.06906348,0.00006104
-1.06874348,0.00006104
-1.06842348,0.00006104
-1.06810348,0.00006104
-1.06778348,0.00006104
-1.06746348,0.00006104
-1.06714348,0.00006104
-1.06682348,0.00006104
-1.06650348,0.00006104
-1.06618348,0.00006104
-1.06586348,0.00006104
-1.06554348,0.00006104
-1.06522348,0.00006104
-1.06490348,0.00006104
-1.06458348,-0.01770074
-1.06426348,0.00006104
-1.06394348,0.00006104
-1.06362348,0.00006104
-1.06330348,0.00006104
-1.06298348,0.00006104
-1.06266348,0.00006104
-1.06234348,0.00006104
-1.06202348,0.00006104
-1.06170348,0.00006104
-1.06138348,0.00006104
-1.06106348,0.00006104
-1.06074348,0.00006104
-1.06042348,0.00006104
-1.06010348,0.00006104
-1.05978348,0.00006104
-1.05946348,0.00006104
-1.05914348,0.00006104
-1.05882348,-0.01770074
-1.05850348,0.00006104
-1.05818348,0.00006104
-1.05786348,0.00006104
-1.05754348,0.00006104
-1.05722348,0.00006104
-1.05690348,0.00006104
-1.05658348,0.00006104
-1.05626348,0.00006104
-1.05594348,0.00006104
-1.05562348,0.00006104
-1.05530348,0.00006104
-1.05498348,0.00006104
-1.05466348,0.00006104
-1.05434348,0.00006104
-1.05402348,0.00006104
-1.05370348,0.00006104
-1.05338348,0.00006104
-1.05306348,0.00006104
-1.05274348,0.00006104
-1.05242348,0.00006104
-1.05210348,0.00006104
-1.05178348,0.00006104
-1.05146348,0.00006104
-1.05114348,0.00006104
-1.05082348,0.00006104
-1.05050348,0.00006104
-1.05018348,0.00006104
-1.04986348,0.00006104
-1.04954348,0.00006104
-1.04922348,0.00006104
-1.04890348,0.00006104
-1.04858348,0.00006104
-1.04826348,0.00006104
-1.04794348,0.00006104
-1.04762348,0.00006104
-1.04730348,0.00006104
-1.04698348,0.00006104
-1.04666348,0.00006104
-1.04634348,0.00006104
-1.04602348,0.00006104
-1.04570348,0.00006104
-1.04538348,0.00006104
-1.04506348,0.00006104
-1.04474348,0.00006104
-1.04442348,0.00006104
-1.04410348,0.00006104
-1.04378348,0.00006104
-1.04346348,0.00006104
-1.04314348,0.00006104
-1.04282348,0.00006104
-1.04250348,0.00006104
-1.04218348,0.00006104
-1.04186348,0.00006104
-1.04154348,0.00006104
-1.04122348,-0.01770074
-1.04090348,0.00006104
-1.04058348,0.00006104
-1.04026348,0.00006104
-1.03994348,0.00006104
-1.03962348,0.00006104
-1.03930348,0.00006104
-1.03898348,0.00006104
-1.03866348,0.00006104
-1.03834348,0.00006104
-1.03802348,0.00006104
-1.03770348,0.00006104
-1.03738348,0.00006104
-1.03706348,0.00006104
-1.03674348,0.00006104
-1.03642348,0.00006104
-1.03610348,0.00006104
-1.03578348,0.00006104
-1.03546348,-0.01770074
-1.03514348,0.00006104
-1.03482348,0.00006104
-1.03450348,0.00006104
-1.03418348,0.00006104
-1.03386348,0.00006104
-1.03354348,0.00006104
-1.03322348,0.00006104
-1.03290348,0.00006104
-1.03258348,0.00006104
-1.03226348,0.00006104
-1.03194348,0.00006104
-1.03162348,0.00006104
-1.03130348,0.00006104
-1.03098348,0.00006104
-1.03066348,0.00006104
-1.03034348,0.00006104
-1.03002348,0.00006104
-1.02970348,0.00006104
-1.02938348,-0.01770074
-1.02906348,0.00006104
-1.02874348,0.00006104
-1.02842348,0.00006104
-1.02810348,0.00006104
-1.02778348,0.00006104
-1.02746348,0.00006104
-1.02714348,0.00006104
-1.02682348,0.00006104
-1.02650348,0.00006104
-1.02618348,0.00006104
-1.02586348,0.00006104
-1.02554348,0.00006104
-1.02522348,0.00006104
-1.02490348,0.00006104
-1.02458348,0.00006104
-1.02426348,-0.01770074
-1.02394348,0.00006104
-1.02362348,0.00006104
-1.02330348,0.00006104
-1.02298348,0.00006104
-1.02266348,0.00006104
-1.02234348,0.00006104
-1.02202348,0.00006104
-1.02170348,0.00006104
-1.02138348,0.00006104
-1.02106348,0.00006104
-1.02074348,0.00006104
-1.02042348,0.00006104
-1.02010348,0.00006104
-1.01978348,0.00006104
-1.01946348,0.00006104
-1.01914348,0.00006104
-1.01882348,0.00006104
-1.01850348,0.00006104
-1.01818348,0.00006104
-1.01786348,0.00006104
-1.01754348,0.00006104
-1.01722348,0.00006104
-1.01690348,-0.01770074
-1.01658348,0.00006104
-1.01626348,-0.01770074
-1.01594348,0.00006104
-1.01562348,0.00006104
-1.01530348,0.00006104
-1.01498348,0.00006104
-1.01466348,0.00006104
-1.01434348,0.00006104
-1.01402348,0.00006104
-1.01370348,0.00006104
-1.01338348,0.00006104
-1.01306348,0.00006104
-1.01274348,0.00006104
-1.01242348,0.00006104
-1.01210348,-0.01770074
-1.01178348,0.00006104
-1.01146348,0.00006104
-1.01114348,0.00006104
-1.01082348,0.00006104
-1.01050348,0.00006104
-1.01018348,0.00006104
-1.00986348,0.00006104
-1.00954348,0.00006104
-1.00922348,0.00006104
-1.00890348,0.00006104
-1.00858348,0.00006104
-1.00826348,0.00006104
-1.00794348,-0.01770074
-1.00762348,0.00006104
-1.00730348,0.00006104
-1.00698348,0.00006104
-1.00666348,0.00006104
-1.00634348,0.00006104
-1.00602348,0.00006104
-1.00570348,0.00006104
-1.00538348,0.00006104
-1.00506348,0.00006104
-1.00474348,0.00006104
-1.00442348,0.00006104
-1.00410348,0.23145238
-1.00378348,1.70891440
-1.00346348,1.22830892
-1.00314348,0.32044435
-1.00282348,-0.07110813
-1.00250348,-0.12451552
-1.00218348,-0.07110813
-1.00186348,-0.03552354
-1.00154348,-0.01770074
-1.00122348,-0.01770074
-1.00090348,-∞
-1.00058348,-0.39155248
-1.00026348,-0.72975862
-0.99994348,-0.60512102
-0.99962348,-0.08893093
-0.99930348,0.10687582
-0.99898348,0.12469863
-0.99866348,0.08911405
-0.99834348,0.03570665
-0.99802348,0.01788385
-0.99770348,0.00006104
-0.99738348,0.00006104
-0.99706348,0.00006104
-0.99674348,0.00006104
-0.99642348,0.01788385
-0.99610348,0.01788385
-0.99578348,0.01788385
-0.99546348,0.00006104
-0.99514348,0.00006104
-0.99482348,0.00006104
-0.99450348,0.03570665
-0.99418348,0.01788385
-0.99386348,0.05346843
-0.99354348,0.07129124
-0.99322348,0.07129124
-0.99290348,0.08911405
-0.99258348,0.05346843
-0.99226348,0.05346843
-0.99194348,0.07129124
-0.99162348,0.03570665
-0.99130348,0.05346843
-0.99098348,0.08911405
-0.99066348,0.05346843
-0.99034348,0.01788385
-0.99002348,0.01788385
-0.98970348,0.01788385
-0.98938348,0.01788385
-0.98906348,-0.01770074
-0.98874348,-0.03552354
-0.98842348,-0.01770074
-0.98810348,-0.05334635
-0.98778348,0.01788385
-0.98746348,0.00006104
-0.98714348,0.00006104
-0.98682348,0.05346843
-0.98650348,-0.01770074
-0.98618348,-0.01770074
-0.98586348,0.01788385
-0.98554348,-0.03552354
-0.98522348,0.01788385
-0.98490348,0.05346843
-0.98458348,0.00006104
-0.98426348,0.01788385
-0.98394348,0.03570665
-0.98362348,0.01788385
-0.98330348,0.01788385
-0.98298348,0.01788385
-0.98266348,0.01788385
-0.98234348,0.01788385
-0.98202348,0.01788385
-0.98170348,0.03570665
-0.98138348,0.00006104
-0.98106348,0.00006104
-0.98074348,0.01788385
-0.98042348,0.01788385
-0.98010348,0.00006104
-0.97978348,0.00006104
-0.97946348,-0.01770074
-0.97914348,0.00006104
-0.97882348,0.00006104
-0.97850348,0.00006104
-0.97818348,0.00006104
-0.97786348,0.03570665
-0.97754348,0.01788385
-0.97722348,0.00006104
-0.97690348,0.01788385
-0.97658348,0.00006104
-0.97626348,0.00006104
-0.97594348,0.03570665
-0.97562348,0.00006104
-0.97530348,0.00006104
-0.97498348,0.03570665
-0.97466348,0.01788385
-0.97434348,0.00006104
-0.97402348,0.00006104
-0.97370348,0.00006104
-0.97338348,0.00006104
-0.97306348,0.00006104
-0.97274348,-0.01770074
-0.97242348,-0.01770074
-0.97210348,0.00006104
-0.97178348,0.00006104
-0.97146348,0.00006104
-0.97114348,0.00006104
-0.97082348,0.01788385
-0.97050348,0.01788385
-0.97018348,0.00006104
-0.96986348,0.00006104
-0.96954348,0.00006104
-0.96922348,0.00006104
-0.96890348,0.00006104
-0.96858348,0.00006104
-0.96826348,0.00006104
-0.96794348,0.00006104
-0.96762348,0.00006104
-0.96730348,0.00006104
-0.96698348,0.00006104
-0.96666348,0.00006104
-0.96634348,0.00006104
-0.96602348,0.00006104
-0.96570348,0.00006104
-0.96538348,0.00006104
-0.96506348,0.00006104
-0.96474348,0.00006104
-0.96442348,0.00006104
-0.96410348,0.00006104
-0.96378348,0.00006104
-0.96346348,0.00006104
-0.96314348,0.00006104
-0.96282348,0.00006104
-0.96250348,0.00006104
-0.96218348,0.00006104
-0.96186348,0.00006104
-0.96154348,-0.01770074
-0.96122348,0.00006104
-0.96090348,0.00006104
-0.96058348,-0.01770074
-0.96026348,0.00006104
-0.95994348,0.00006104
-0.95962348,0.00006104
-0.95930348,0.00006104
-0.95898348,0.00006104
-0.95866348,0.00006104
-0.95834348,0.01788385
-0.95802348,0.00006104
-0.95770348,0.00006104
-0.95738348,0.00006104
-0.95706348,0.00006104
-0.95674348,0.00006104
-0.95642348,0.00006104
-0.95610348,0.00006104
-0.95578348,0.00006104
-0.95546348,0.00006104
-0.95514348,0.00006104
-0.95482348,-0.01770074
-0.95450348,0.00006104
-0.95418348,0.00006104
-0.95386348,-0.01770074
-0.95354348,0.00006104
-0.95322348,0.00006104
-0.95290348,0.00006104
-0.95258348,0.00006104
-0.95226348,0.00006104
-0.95194348,0.00006104
-0.95162348,0.00006104
-0.95130348,0.00006104
-0.95098348,0.00006104
-0.95066348,0.00006104
-0.95034348,0.01788385
-0.95002348,0.00006104
-0.94970348,0.00006104
-0.94938348,0.00006104
-0.94906348,0.00006104
-0.94874348,0.00006104
-0.94842348,0.00006104
-0.94810348,0.00006104
-0.94778348,0.00006104
-0.94746348,0.00006104
-0.94714348,0.00006104
-0.94682348,0.00006104
-0.94650348,0.00006104
-0.94618348,0.00006104
-0.94586348,0.00006104
-0.94554348,0.00006104
-0.94522348,0.00006104
-0.94490348,0.00006104
-0.94458348,0.00006104
-0.94426348,0.00006104
-0.94394348,0.00006104
-0.94362348,0.00006104
-0.94330348,0.00006104
-0.94298348,0.00006104
-0.94266348,0.00006104
-0.94234348,0.00006104
-0.94202348,0.00006104
-0.94170348,0.00006104
-0.94138348,0.00006104
-0.94106348,0.00006104
-0.94074348,0.00006104
-0.94042348,0.00006104
-0.94010348,0.00006104
-0.93978348,0.00006104
-0.93946348,0.00006104
-0.93914348,0.00006104
-0.93882348,0.00006104
-0.93850348,0.00006104
-0.93818348,0.00006104
-0.93786348,0.00006104
-0.93754348,0.00006104
-0.93722348,0.00006104
-0.93690348,0.00006104
-0.93658348,0.00006104
-0.93626348,0.00006104
-0.93594348,0.00006104
-0.93562348,0.00006104
-0.93530348,0.00006104
-0.93498348,0.00006104
-0.93466348,0.00006104
-0.93434348,0.00006104
-0.93402348,0.00006104
-0.93370348,0.00006104
-0.93338348,0.00006104
-0.93306348,0.00006104
-0.93274348,0.00006104
-0.93242348,-0.01770074
-0.93210348,0.00006104
-0.93178348,0.00006104
-0.93146348,0.00006104
-0.93114348,0.00006104
-0.93082348,-0.01770074
-0.93050348,-0.01770074
-0.93018348,0.00006104
-0.92986348,0.00006104
-0.92954348,0.00006104
-0.92922348,-0.01770074
-0.92890348,0.00006104
-0.92858348,0.00006104
-0.92826348,0.00006104
-0.92794348,0.00006104
-0.92762348,0.00006104
-0.92730348,0.00006104
-0.92698348,0.00006104
-0.92666348,0.00006104
-0.92634348,0.00006104
-0.92602348,0.00006104
-0.92570348,0.00006104
-0.92538348,0.00006104
-0.92506348,0.00006104
-0.92474348,0.00006104
-0.92442348,0.00006104
-0.92410348,0.00006104
-0.92378348,0.00006104
-0.92346348,0.00006104
-0.92314348,0.00006104
-0.92282348,0.00006104
-0.92250348,0.00006104
-0.92218348,0.00006104
-0.92186348,0.00006104
-0.92154348,0.00006104
-0.92122348,0.00006104
-0.92090348,0.00006104
-0.92058348,0.00006104
-0.92026348,0.00006104
-0.91994348,0.00006104
-0.91962348,0.00006104
-0.91930348,0.00006104
-0.91898348,0.00006104
-0.91866348,0.00006104
-0.91834348,0.00006104
-0.91802348,0.00006104
-0.91770348,0.00006104
-0.91738348,0.00006104
-0.91706348,0.00006104
-0.91674348,0.00006104
-0.91642348,0.00006104
-0.91610348,0.00006104
-0.91578348,0.00006104
-0.91546348,0.00006104
-0.91514348,0.00006104
-0.91482348,0.00006104
-0.91450348,0.00006104
-0.91418348,0.00006104
-0.91386348,0.00006104
-0.91354348,0.00006104
-0.91322348,0.00006104
-0.91290348,0.00006104
-0.91258348,0.00006104
-0.91226348,-0.01770074
-0.91194348,0.00006104
-0.91162348,-0.01770074
-0.91130348,0.00006104
-0.91098348,-0.01770074
-0.91066348,0.00006104
-0.91034348,0.00006104
-0.91002348,0.00006104
-0.90970348,0.00006104
-0.90938348,0.00006104
-0.90906348,0.00006104
-0.90874348,0.00006104
-0.90842348,0.00006104
-0.90810348,0.00006104
-0.90778348,0.00006104
-0.90746348,0.00006104
-0.90714348,0.00006104
-0.90682348,0.00006104
-0.90650348,0.00006104
-0.90618348,-0.01770074
-0.90586348,0.00006104
-0.90554348,0.00006104
-0.90522348,0.00006104
-0.90490348,0.00006104
-0.90458348,0.00006104
-0.90426348,0.00006104
-0.90394348,0.00006104
-0.90362348,0.00006104
-0.90330348,0.00006104
-0.90298348,0.00006104
-0.90266348,0.00006104
-0.90234348,0.00006104
-0.90202348,0.00006104
-0.90170348,0.00006104
-0.90138348,0.00006104
-0.90106348,0.00006104
-0.90074348,0.00006104
-0.90042348,0.00006104
-0.90010348,0.00006104
-0.89978348,0.00006104
-0.89946348,0.00006104
-0.89914348,0.00006104
-0.89882348,0.00006104
-0.89850348,0.00006104
-0.89818348,0.00006104
-0.89786348,0.00006104
-0.89754348,0.00006104
-0.89722348,0.00006104
-0.89690348,0.00006104
-0.89658348,0.00006104
-0.89626348,0.00006104
-0.89594348,0.00006104
-0.89562348,0.00006104
-0.89530348,0.00006104
-0.89498348,0.00006104
-0.89466348,0.00006104
-0.89434348,0.00006104
-0.89402348,-0.01770074
-0.89370348,0.00006104
-0.89338348,0.00006104
-0.89306348,0.00006104
-0.89274348,0.00006104
-0.89242348,0.00006104
-0.89210348,0.00006104
-0.89178348,0.00006104
-0.89146348,0.00006104
-0.89114348,-0.01770074
-0.89082348,0.00006104
-0.89050348,0.00006104
-0.89018348,0.00006104
-0.88986348,0.00006104
-0.88954348,-0.01770074
-0.88922348,0.00006104
-0.88890348,0.00006104
-0.88858348,-0.01770074
-0.88826348,0.00006104
-0.88794348,0.00006104
-0.88762348,0.00006104
-0.88730348,0.00006104
-0.88698348,0.00006104
-0.88666348,0.00006104
-0.88634348,0.00006104
-0.88602348,0.00006104
-0.88570348,-0.01770074
-0.88538348,0.00006104
-0.88506348,0.00006104
-0.88474348,0.00006104
-0.88442348,0.00006104
-0.88410348,0.00006104
-0.88378348,0.00006104
-0.88346348,0.00006104
-0.88314348,0.00006104
-0.88282348,0.00006104
-0.88250348,-0.01770074
-0.88218348,0.00006104
-0.88186348,0.00006104
-0.88154348,0.00006104
-0.88122348,0.00006104
-0.88090348,0.00006104
-0.88058348,0.00006104
-0.88026348,0.00006104
-0.87994348,0.00006104
-0.87962348,0.00006104
-0.87930348,0.00006104
-0.87898348,0.00006104
-0.87866348,0.00006104
-0.87834348,0.00006104
-0.87802348,0.00006104
-0.87770348,-0.01770074
-0.87738348,0.00006104
-0.87706348,0.00006104
-0.87674348,0.00006104
-0.87642348,0.00006104
-0.87610348,0.00006104
-0.87578348,0.00006104
-0.87546348,0.00006104
-0.87514348,0.00006104
-0.87482348,0.00006104
-0.87450348,0.00006104
-0.87418348,0.00006104
-0.87386348,-0.01770074
-0.87354348,0.00006104
-0.87322348,0.00006104
-0.87290348,0.00006104
-0.87258348,0.00006104
-0.87226348,0.00006104
-0.87194348,-0.01770074
-0.87162348,0.00006104
-0.87130348,0.00006104
-0.87098348,0.00006104
-0.87066348,0.00006104
-0.87034348,0.00006104
-0.87002348,-0.01770074
-0.86970348,0.00006104
-0.86938348,0.00006104
-0.86906348,0.00006104
-0.86874348,0.00006104
-0.86842348,0.00006104
-0.86810348,0.00006104
-0.86778348,-0.01770074
-0.86746348,0.00006104
-0.86714348,0.00006104
-0.86682348,0.00006104
-0.86650348,0.00006104
-0.86618348,0.00006104
-0.86586348,0.00006104
-0.86554348,0.00006104
-0.86522348,0.00006104
-0.86490348,0.00006104
-0.86458348,-0.01770074
-0.86426348,0.00006104
-0.86394348,0.00006104
-0.86362348,0.00006104
-0.86330348,0.00006104
-0.86298348,0.00006104
-0.86266348,0.00006104
-0.86234348,0.00006104
-0.86202348,0.00006104
-0.86170348,0.00006104
-0.86138348,0.00006104
-0.86106348,0.00006104
-0.86074348,-0.01770074
-0.86042348,0.00006104
-0.86010348,0.00006104
-0.85978348,0.00006104
-0.85946348,0.00006104
-0.85914348,0.00006104
-0.85882348,0.00006104
-0.85850348,0.00006104
-0.85818348,0.00006104
-0.85786348,0.00006104
-0.85754348,0.00006104
-0.85722348,0.00006104
-0.85690348,0.00006104
-0.85658348,0.00006104
-0.85626348,0.00006104
-0.85594348,0.00006104
-0.85562348,0.00006104
-0.85530348,0.00006104
-0.85498348,-0.01770074
-0.85466348,0.00006104
-0.85434348,0.00006104
-0.85402348,0.00006104
-0.85370348,0.00006104
-0.85338348,0.00006104
-0.85306348,0.00006104
-0.85274348,0.00006104
-0.85242348,0.00006104
-0.85210348,0.00006104
-0.85178348,0.00006104
-0.85146348,0.00006104
-0.85114348,0.00006104
-0.85082348,0.00006104
-0.85050348,0.00006104
-0.85018348,0.00006104
-0.84986348,0.00006104
-0.84954348,0.00006104
-0.84922348,0.00006104
-0.84890348,0.00006104
-0.84858348,0.00006104
-0.84826348,0.00006104
-0.84794348,0.00006104
-0.84762348,0.00006104
-0.84730348,0.00006104
-0.84698348,0.00006104
-0.84666348,0.00006104
-0.84634348,0.00006104
-0.84602348,-0.01770074
-0.84570348,0.00006104
-0.84538348,0.00006104
-0.84506348,0.00006104
-0.84474348,0.00006104
-0.84442348,0.00006104
-0.84410348,-0.01770074
-0.84378348,0.00006104
-0.84346348,0.00006104
-0.84314348,0.00006104
-0.84282348,0.00006104
-0.84250348,0.00006104
-0.84218348,-0.01770074
-0.84186348,0.00006104
-0.84154348,0.00006104
-0.84122348,-0.01770074
-0.84090348,0.00006104
-0.84058348,0.00006104
-0.84026348,0.00006104
-0.83994348,0.00006104
-0.83962348,0.00006104
-0.83930348,0.00006104
-0.83898348,0.00006104
-0.83866348,0.00006104
-0.83834348,0.00006104
-0.83802348,0.00006104
-0.83770348,0.00006104
-0.83738348,-0.01770074
-0.83706348,0.00006104
-0.83674348,0.00006104
-0.83642348,0.00006104
-0.83610348,0.00006104
-0.83578348,-0.01770074
-0.83546348,0.00006104
-0.83514348,0.00006104
-0.83482348,0.00006104
-0.83450348,0.00006104
-0.83418348,0.00006104
-0.83386348,0.00006104
-0.83354348,0.00006104
-0.83322348,0.00006104
-0.83290348,-0.01770074
-0.83258348,0.00006104
-0.83226348,0.00006104
-0.83194348,0.00006104
-0.83162348,-0.01770074
-0.83130348,0.00006104
-0.83098348,0.00006104
-0.83066348,0.00006104
-0.83034348,0.00006104
-0.83002348,0.00006104
-0.82970348,0.00006104
-0.82938348,0.00006104
-0.82906348,0.00006104
-0.82874348,0.00006104
-0.82842348,0.00006104
-0.82810348,0.00006104
-0.82778348,0.00006104
-0.82746348,0.00006104
-0.82714348,0.00006104
-0.82682348,0.00006104
-0.82650348,0.00006104
-0.82618348,0.00006104
-0.82586348,0.00006104
-0.82554348,0.00006104
-0.82522348,0.00006104
-0.82490348,0.00006104
-0.82458348,0.00006104
-0.82426348,0.00006104
-0.82394348,0.00006104
-0.82362348,0.00006104
-0.82330348,0.00006104
-0.82298348,0.00006104
-0.82266348,0.00006104
-0.82234348,0.00006104
-0.82202348,0.00006104
-0.82170348,-0.01770074
-0.82138348,0.00006104
-0.82106348,0.00006104
-0.82074348,0.00006104
-0.82042348,0.00006104
-0.82010348,-0.01770074
-0.81978348,0.00006104
-0.81946348,0.00006104
-0.81914348,0.00006104
-0.81882348,0.00006104
-0.81850348,0.00006104
-0.81818348,0.00006104
-0.81786348,0.00006104
-0.81754348,0.00006104
-0.81722348,0.00006104
-0.81690348,0.00006104
-0.81658348,0.00006104
-0.81626348,0.00006104
-0.81594348,0.00006104
-0.81562348,0.00006104
-0.81530348,0.00006104
-0.81498348,0.00006104
-0.81466348,0.00006104
-0.81434348,0.00006104
-0.81402348,0.00006104
-0.81370348,0.00006104
-0.81338348,0.00006104
-0.81306348,0.00006104
-0.81274348,0.00006104
-0.81242348,0.00006104
-0.81210348,0.00006104
-0.81178348,0.00006104
-0.81146348,0.00006104
-0.81114348,0.00006104
-0.81082348,0.00006104
-0.81050348,0.00006104
-0.81018348,0.00006104
-0.80986348,0.00006104
-0.80954348,0.00006104
-0.80922348,0.00006104
-0.80890348,0.00006104
-0.80858348,0.00006104
-0.80826348,0.00006104
-0.80794348,0.00006104
-0.80762348,0.00006104
-0.80730348,0.00006104
-0.80698348,0.00006104
-0.80666348,0.00006104
-0.80634348,0.00006104
-0.80602348,0.00006104
-0.80570348,-0.01770074
-0.80538348,0.00006104
-0.80506348,0.00006104
-0.80474348,0.00006104
-0.80442348,0.00006104
-0.80410348,0.00006104
-0.80378348,0.00006104
-0.80346348,0.00006104
-0.80314348,0.00006104
-0.80282348,0.00006104
-0.80250348,0.00006104
-0.80218348,0.00006104
-0.80186348,0.00006104
-0.80154348,0.00006104
-0.80122348,0.00006104
-0.80090348,0.00006104
-0.80058348,0.00006104
-0.80026348,0.00006104
-0.79994348,0.00006104
-0.79962348,0.00006104
-0.79930348,0.00006104
-0.79898348,0.00006104
-0.79866348,0.00006104
-0.79834348,0.00006104
-0.79802348,0.00006104
-0.79770348,0.00006104
-0.79738348,0.00006104
-0.79706348,0.00006104
-0.79674348,0.00006104
-0.79642348,0.00006104
-0.79610348,0.00006104
-0.79578348,0.00006104
-0.79546348,0.00006104
-0.79514348,0.00006104
-0.79482348,0.00006104
-0.79450348,0.00006104
-0.79418348,0.00006104
-0.79386348,0.00006104
-0.79354348,0.00006104
-0.79322348,0.00006104
-0.79290348,0.00006104
-0.79258348,0.00006104
-0.79226348,0.00006104
-0.79194348,0.00006104
-0.79162348,0.00006104
-0.79130348,-0.01770074
-0.79098348,0.00006104
-0.79066348,0.00006104
-0.79034348,0.00006104
-0.79002348,0.00006104
-0.78970348,0.00006104
-0.78938348,0.00006104
-0.78906348,0.00006104
-0.78874348,0.00006104
-0.78842348,0.00006104
-0.78810348,0.00006104
-0.78778348,0.00006104
-0.78746348,-0.01770074
-0.78714348,0.00006104
-0.78682348,0.00006104
-0.78650348,0.00006104
-0.78618348,0.00006104
-0.78586348,-0.01770074
-0.78554348,0.00006104
-0.78522348,0.00006104
-0.78490348,0.00006104
-0.78458348,0.00006104
-0.78426348,0.00006104
-0.78394348,0.00006104
-0.78362348,0.00006104
-0.78330348,0.00006104
-0.78298348,0.00006104
-0.78266348,0.00006104
-0.78234348,0.00006104
-0.78202348,0.00006104
-0.78170348,0.00006104
-0.78138348,-0.01770074
-0.78106348,0.00006104
-0.78074348,0.00006104
-0.78042348,0.00006104
-0.78010348,0.00006104
-0.77978348,0.00006104
-0.77946348,0.00006104
-0.77914348,0.00006104
-0.77882348,0.00006104
-0.77850348,0.00006104
-0.77818348,0.00006104
-0.77786348,0.00006104
-0.77754348,0.00006104
-0.77722348,0.00006104
-0.77690348,0.00006104
-0.77658348,0.00006104
-0.77626348,0.00006104
-0.77594348,0.00006104
-0.77562348,-0.01770074
-0.77530348,0.00006104
-0.77498348,0.00006104
-0.77466348,0.00006104
-0.77434348,0.00006104
-0.77402348,0.00006104
-0.77370348,0.00006104
-0.77338348,0.00006104
-0.77306348,0.00006104
-0.77274348,0.00006104
-0.77242348,0.00006104
-0.77210348,0.00006104
-0.77178348,0.00006104
-0.77146348,0.00006104
-0.77114348,0.00006104
-0.77082348,0.00006104
-0.77050348,0.00006104
-0.77018348,0.00006104
-0.76986348,0.00006104
-0.76954348,0.00006104
-0.76922348,-0.01770074
-0.76890348,0.00006104
-0.76858348,0.00006104
-0.76826348,0.00006104
-0.76794348,0.00006104
-0.76762348,0.00006104
-0.76730348,0.00006104
-0.76698348,0.00006104
-0.76666348,0.00006104
-0.76634348,0.00006104
-0.76602348,0.00006104
-0.76570348,0.00006104
-0.76538348,0.00006104
-0.76506348,0.00006104
-0.76474348,0.00006104
-0.76442348,0.00006104
-0.76410348,-0.01770074
-0.76378348,-0.01770074
-0.76346348,-0.01770074
-0.76314348,0.00006104
-0.76282348,0.00006104
-0.76250348,0.00006104
-0.76218348,0.00006104
-0.76186348,0.00006104
-0.76154348,0.00006104
-0.76122348,0.00006104
-0.76090348,0.00006104
-0.76058348,0.00006104
-0.76026348,0.00006104
-0.75994348,-0.01770074
-0.75962348,0.00006104
-0.75930348,0.00006104
-0.75898348,0.00006104
-0.75866348,0.00006104
-0.75834348,0.00006104
-0.75802348,-0.01770074
-0.75770348,0.00006104
-0.75738348,0.00006104
-0.75706348,0.00006104
-0.75674348,0.00006104
-0.75642348,0.00006104
-0.75610348,0.00006104
-0.75578348,0.00006104
-0.75546348,-0.01770074
-0.75514348,0.00006104
-0.75482348,0.00006104
-0.75450348,0.00006104
-0.75418348,0.00006104
-0.75386348,0.00006104
-0.75354348,0.00006104
-0.75322348,0.00006104
-0.75290348,0.00006104
-0.75258348,0.00006104
-0.75226348,0.00006104
-0.75194348,0.00006104
-0.75162348,0.00006104
-0.75130348,0.00006104
-0.75098348,0.00006104
-0.75066348,0.00006104
-0.75034348,0.00006104
-0.75002348,0.00006104
-0.74970348,0.00006104
-0.74938348,0.00006104
-0.74906348,0.00006104
-0.74874348,0.00006104
-0.74842348,0.00006104
-0.74810348,0.00006104
-0.74778348,-0.01770074
-0.74746348,0.00006104
-0.74714348,0.00006104
-0.74682348,0.00006104
-0.74650348,0.00006104
-0.74618348,0.00006104
-0.74586348,0.00006104
-0.74554348,0.00006104
-0.74522348,0.00006104
-0.74490348,0.00006104
-0.74458348,0.00006104
-0.74426348,0.00006104
-0.74394348,-0.01770074
-0.74362348,0.00006104
-0.74330348,0.00006104
-0.74298348,0.00006104
-0.74266348,0.00006104
-0.74234348,0.00006104
-0.74202348,0.00006104
-0.74170348,0.00006104
-0.74138348,0.00006104
-0.74106348,0.00006104
-0.74074348,0.00006104
-0.74042348,0.00006104
-0.74010348,0.00006104
-0.73978348,0.00006104
-0.73946348,0.00006104
-0.73914348,0.00006104
-0.73882348,0.00006104
-0.73850348,0.00006104
-0.73818348,0.00006104
-0.73786348,0.00006104
-0.73754348,0.00006104
-0.73722348,-0.01770074
-0.73690348,0.00006104
-0.73658348,0.00006104
-0.73626348,0.00006104
-0.73594348,-0.01770074
-0.73562348,0.00006104
-0.73530348,-0.01770074
-0.73498348,0.00006104
-0.73466348,0.00006104
-0.73434348,0.00006104
-0.73402348,0.00006104
-0.73370348,0.00006104
-0.73338348,0.00006104
-0.73306348,0.00006104
-0.73274348,0.00006104
-0.73242348,0.00006104
-0.73210348,0.00006104
-0.73178348,0.00006104
-0.73146348,0.00006104
-0.73114348,0.00006104
-0.73082348,0.00006104
-0.73050348,0.00006104
-0.73018348,0.00006104
-0.72986348,0.00006104
-0.72954348,-0.01770074
-0.72922348,0.00006104
-0.72890348,-0.01770074
-0.72858348,0.00006104
-0.72826348,0.00006104
-0.72794348,0.00006104
-0.72762348,0.00006104
-0.72730348,0.00006104
-0.72698348,0.00006104
-0.72666348,0.00006104
-0.72634348,0.00006104
-0.72602348,0.00006104
-0.72570348,0.00006104
-0.72538348,0.00006104
-0.72506348,0.00006104
-0.72474348,0.00006104
-0.72442348,0.00006104
-0.72410348,0.00006104
-0.72378348,0.00006104
-0.72346348,0.00006104
-0.72314348,0.00006104
-0.72282348,0.00006104
-0.72250348,0.00006104
-0.72218348,0.00006104
-0.72186348,-0.01770074
-0.72154348,0.00006104
-0.72122348,0.00006104
-0.72090348,0.00006104
-0.72058348,0.00006104
-0.72026348,0.00006104
-0.71994348,0.00006104
-0.71962348,0.00006104
-0.71930348,0.00006104
-0.71898348,-0.01770074
-0.71866348,0.00006104
-0.71834348,0.00006104
-0.71802348,0.00006104
-0.71770348,0.00006104
-0.71738348,0.00006104
-0.71706348,0.00006104
-0.71674348,0.00006104
-0.71642348,0.00006104
-0.71610348,0.00006104
-0.71578348,0.00006104
-0.71546348,0.00006104
-0.71514348,0.00006104
-0.71482348,0.00006104
-0.71450348,0.00006104
-0.71418348,0.00006104
-0.71386348,0.00006104
-0.71354348,0.00006104
-0.71322348,0.00006104
-0.71290348,0.00006104
-0.71258348,0.00006104
-0.71226348,0.00006104
-0.71194348,0.00006104
-0.71162348,0.00006104
-0.71130348,0.00006104
-0.71098348,0.00006104
-0.71066348,0.00006104
-0.71034348,0.00006104
-0.71002348,0.00006104
-0.70970348,0.00006104
-0.70938348,0.00006104
-0.70906348,0.00006104
-0.70874348,0.00006104
-0.70842348,0.00006104
-0.70810348,0.00006104
-0.70778348,0.00006104
-0.70746348,0.00006104
-0.70714348,0.00006104
-0.70682348,0.00006104
-0.70650348,0.00006104
-0.70618348,0.00006104
-0.70586348,0.00006104
-0.70554348,0.00006104
-0.70522348,0.00006104
-0.70490348,0.00006104
-0.70458348,0.00006104
-0.70426348,0.00006104
-0.70394348,0.00006104
-0.70362348,0.00006104
-0.70330348,0.00006104
-0.70298348,0.00006104
-0.70266348,0.00006104
-0.70234348,0.00006104
-0.70202348,0.00006104
-0.70170348,0.00006104
-0.70138348,0.00006104
-0.70106348,0.00006104
-0.70074348,0.00006104
-0.70042348,0.00006104
-0.70010348,0.00006104
-0.69978348,0.00006104
-0.69946348,0.00006104
-0.69914348,0.00006104
-0.69882348,0.00006104
-0.69850348,0.00006104
-0.69818348,0.00006104
-0.69786348,0.00006104
-0.69754348,0.00006104
-0.69722348,0.00006104
-0.69690348,-0.01770074
-0.69658348,0.00006104
-0.69626348,0.00006104
-0.69594348,0.00006104
-0.69562348,0.00006104
-0.69530348,0.00006104
-0.69498348,0.00006104
-0.69466348,0.00006104
-0.69434348,0.00006104
-0.69402348,0.00006104
-0.69370348,0.00006104
-0.69338348,0.00006104
-0.69306348,0.00006104
-0.69274348,0.00006104
-0.69242348,-0.01770074
-0.69210348,0.00006104
-0.69178348,0.00006104
-0.69146348,0.00006104
-0.69114348,0.00006104
-0.69082348,0.00006104
-0.69050348,0.00006104
-0.69018348,0.00006104
-0.68986348,0.00006104
-0.68954348,0.00006104
-0.68922348,0.00006104
-0.68890348,0.00006104
-0.68858348,0.00006104
-0.68826348,0.00006104
-0.68794348,0.00006104
-0.68762348,0.00006104
-0.68730348,0.00006104
-0.68698348,0.00006104
-0.68666348,0.00006104
-0.68634348,-0.01770074
-0.68602348,0.00006104
-0.68570348,0.00006104
-0.68538348,-0.01770074
-0.68506348,0.00006104
-0.68474348,0.00006104
-0.68442348,0.00006104
-0.68410348,0.00006104
-0.68378348,0.00006104
-0.68346348,0.00006104
-0.68314348,0.00006104
-0.68282348,0.00006104
-0.68250348,0.00006104
-0.68218348,0.00006104
-0.68186348,0.00006104
-0.68154348,0.00006104
-0.68122348,0.00006104
-0.68090348,0.00006104
-0.68058348,0.00006104
-0.68026348,0.00006104
-0.67994348,0.00006104
-0.67962348,0.00006104
-0.67930348,-0.01770074
-0.67898348,0.00006104
-0.67866348,0.00006104
-0.67834348,0.00006104
-0.67802348,0.00006104
-0.67770348,0.00006104
-0.67738348,0.00006104
-0.67706348,0.00006104
-0.67674348,0.00006104
-0.67642348,0.00006104
-0.67610348,0.00006104
-0.67578348,0.00006104
-0.67546348,0.00006104
-0.67514348,0.00006104
-0.67482348,0.00006104
-0.67450348,0.00006104
-0.67418348,0.00006104
-0.67386348,0.00006104
-0.67354348,0.00006104
-0.67322348,0.00006104
-0.67290348,0.00006104
-0.67258348,0.00006104
-0.67226348,0.00006104
-0.67194348,0.00006104
-0.67162348,0.00006104
-0.67130348,0.00006104
-0.67098348,0.00006104
-0.67066348,0.00006104
-0.67034348,0.00006104
-0.67002348,0.00006104
-0.66970348,0.00006104
-0.66938348,0.00006104
-0.66906348,0.00006104
-0.66874348,0.00006104
-0.66842348,0.00006104
-0.66810348,-0.01770074
-0.66778348,0.00006104
-0.66746348,0.00006104
-0.66714348,0.00006104
-0.66682348,0.00006104
-0.66650348,0.00006104
-0.66618348,-0.01770074
-0.66586348,0.00006104
-0.66554348,0.00006104
-0.66522348,0.00006104
-0.66490348,0.00006104
-0.66458348,0.00006104
-0.66426348,0.00006104
-0.66394348,0.00006104
-0.66362348,0.00006104
-0.66330348,0.00006104
-0.66298348,0.00006104
-0.66266348,0.00006104
-0.66234348,0.00006104
-0.66202348,0.00006104
-0.66170348,0.00006104
-0.66138348,0.00006104
-0.66106348,0.00006104
-0.66074348,0.00006104
-0.66042348,0.00006104
-0.66010348,0.00006104
-0.65978348,0.00006104
-0.65946348,0.00006104
-0.65914348,0.00006104
-0.65882348,0.00006104
-0.65850348,0.00006104
-0.65818348,-0.01770074
-0.65786348,0.00006104
-0.65754348,0.00006104
-0.65722348,0.00006104
-0.65690348,0.00006104
-0.65658348,0.00006104
-0.65626348,0.00006104
-0.65594348,0.00006104
-0.65562348,0.00006104
-0.65530348,0.00006104
-0.65498348,0.00006104
-0.65466348,0.00006104
-0.65434348,0.00006104
-0.65402348,0.00006104
-0.65370348,0.00006104
-0.65338348,0.00006104
-0.65306348,0.00006104
-0.65274348,0.00006104
-0.65242348,-0.01770074
-0.65210348,0.00006104
-0.65178348,0.00006104
-0.65146348,0.00006104
-0.65114348,0.00006104
-0.65082348,0.00006104
-0.65050348,0.00006104
-0.65018348,0.00006104
-0.64986348,0.00006104
-0.64954348,0.00006104
-0.64922348,0.00006104
-0.64890348,0.00006104
-0.64858348,0.00006104
-0.64826348,0.00006104
-0.64794348,0.00006104
-0.64762348,0.00006104
-0.64730348,0.00006104
-0.64698348,0.00006104
-0.64666348,0.00006104
-0.64634348,0.00006104
-0.64602348,0.00006104
-0.64570348,0.00006104
-0.64538348,0.00006104
-0.64506348,-0.01770074
-0.64474348,0.00006104
-0.64442348,0.00006104
-0.64410348,0.00006104
-0.64378348,0.00006104
-0.64346348,0.00006104
-0.64314348,0.00006104
-0.64282348,0.00006104
-0.64250348,0.00006104
-0.64218348,0.00006104
-0.64186348,0.00006104
-0.64154348,0.00006104
-0.64122348,0.00006104
-0.64090348,0.00006104
-0.64058348,0.00006104
-0.64026348,0.00006104
-0.63994348,0.00006104
-0.63962348,0.00006104
-0.63930348,0.00006104
-0.63898348,0.00006104
-0.63866348,0.00006104
-0.63834348,0.00006104
-0.63802348,0.00006104
-0.63770348,0.00006104
-0.63738348,0.00006104
-0.63706348,-0.01770074
-0.63674348,0.00006104
-0.63642348,0.00006104
-0.63610348,0.00006104
-0.63578348,0.00006104
-0.63546348,0.00006104
-0.63514348,0.00006104
-0.63482348,0.00006104
-0.63450348,-0.01770074
-0.63418348,0.00006104
-0.63386348,0.00006104
-0.63354348,0.00006104
-0.63322348,0.00006104
-0.63290348,0.00006104
-0.63258348,-0.01770074
-0.63226348,0.00006104
-0.63194348,0.00006104
-0.63162348,0.00006104
-0.63130348,0.00006104
-0.63098348,0.00006104
-0.63066348,-0.01770074
-0.63034348,0.00006104
-0.63002348,0.00006104
-0.62970348,0.00006104
-0.62938348,0.00006104
-0.62906348,0.00006104
-0.62874348,0.00006104
-0.62842348,0.00006104
-0.62810348,0.00006104
-0.62778348,0.00006104
-0.62746348,0.00006104
-0.62714348,0.00006104
-0.62682348,0.00006104
-0.62650348,0.00006104
-0.62618348,0.00006104
-0.62586348,0.00006104
-0.62554348,0.00006104
-0.62522348,0.00006104
-0.62490348,0.00006104
-0.62458348,0.00006104
-0.62426348,0.00006104
-0.62394348,0.00006104
-0.62362348,0.00006104
-0.62330348,0.00006104
-0.62298348,0.00006104
-0.62266348,0.00006104
-0.62234348,0.00006104
-0.62202348,0.00006104
-0.62170348,0.00006104
-0.62138348,0.00006104
-0.62106348,0.00006104
-0.62074348,0.00006104
-0.62042348,0.00006104
-0.62010348,0.00006104
-0.61978348,0.00006104
-0.61946348,0.00006104
-0.61914348,0.00006104
-0.61882348,0.00006104
-0.61850348,0.00006104
-0.61818348,-0.01770074
-0.61786348,0.00006104
-0.61754348,0.00006104
-0.61722348,0.00006104
-0.61690348,0.00006104
-0.61658348,-0.01770074
-0.61626348,0.00006104
-0.61594348,0.00006104
-0.61562348,0.00006104
-0.61530348,0.00006104
-0.61498348,0.00006104
-0.61466348,0.00006104
-0.61434348,-0.01770074
-0.61402348,0.00006104
-0.61370348,-0.01770074
-0.61338348,0.00006104
-0.61306348,0.00006104
-0.61274348,0.00006104
-0.61242348,0.00006104
-0.61210348,0.00006104
-0.61178348,0.00006104
-0.61146348,0.00006104
-0.61114348,0.00006104
-0.61082348,0.00006104
-0.61050348,0.00006104
-0.61018348,0.00006104
-0.60986348,0.00006104
-0.60954348,0.00006104
-0.60922348,0.00006104
-0.60890348,0.00006104
-0.60858348,0.00006104
-0.60826348,0.00006104
-0.60794348,0.00006104
-0.60762348,0.00006104
-0.60730348,0.00006104
-0.60698348,-0.01770074
-0.60666348,0.00006104
-0.60634348,0.00006104
-0.60602348,0.00006104
-0.60570348,0.00006104
-0.60538348,0.00006104
-0.60506348,0.00006104
-0.60474348,0.00006104
-0.60442348,0.00006104
-0.60410348,0.00006104
-0.60378348,0.00006104
-0.60346348,0.00006104
-0.60314348,0.00006104
-0.60282348,0.00006104
-0.60250348,0.00006104
-0.60218348,0.00006104
-0.60186348,0.00006104
-0.60154348,0.00006104
-0.60122348,0.00006104
-0.60090348,0.00006104
-0.60058348,-0.01770074
-0.60026348,0.00006104
-0.59994348,0.00006104
-0.59962348,0.00006104
-0.59930348,0.00006104
-0.59898348,0.00006104
-0.59866348,0.00006104
-0.59834348,0.00006104
-0.59802348,0.00006104
-0.59770348,0.00006104
-0.59738348,0.00006104
-0.59706348,0.00006104
-0.59674348,0.00006104
-0.59642348,0.00006104
-0.59610348,0.00006104
-0.59578348,0.00006104
-0.59546348,0.00006104
-0.59514348,-0.01770074
-0.59482348,0.00006104
-0.59450348,0.00006104
-0.59418348,0.00006104
-0.59386348,0.00006104
-0.59354348,0.00006104
-0.59322348,0.00006104
-0.59290348,0.00006104
-0.59258348,0.00006104
-0.59226348,0.00006104
-0.59194348,0.00006104
-0.59162348,0.00006104
-0.59130348,0.00006104
-0.59098348,0.00006104
-0.59066348,0.00006104
-0.59034348,0.00006104
-0.59002348,0.00006104
-0.58970348,0.00006104
-0.58938348,0.00006104
-0.58906348,0.00006104
-0.58874348,0.00006104
-0.58842348,0.00006104
-0.58810348,0.00006104
-0.58778348,0.00006104
-0.58746348,0.00006104
-0.58714348,0.00006104
-0.58682348,0.00006104
-0.58650348,0.00006104
-0.58618348,-0.01770074
-0.58586348,0.00006104
-0.58554348,0.00006104
-0.58522348,-0.01770074
-0.58490348,0.00006104
-0.58458348,0.00006104
-0.58426348,0.00006104
-0.58394348,0.00006104
-0.58362348,0.00006104
-0.58330348,0.00006104
-0.58298348,0.00006104
-0.58266348,0.00006104
-0.58234348,0.00006104
-0.58202348,0.00006104
-0.58170348,0.00006104
-0.58138348,0.00006104
-0.58106348,0.00006104
-0.58074348,0.00006104
-0.58042348,0.00006104
-0.58010348,0.00006104
-0.57978348,-0.01770074
-0.57946348,0.00006104
-0.57914348,0.00006104
-0.57882348,0.00006104
-0.57850348,0.00006104
-0.57818348,0.00006104
-0.57786348,0.00006104
-0.57754348,-0.01770074
-0.57722348,-0.01770074
-0.57690348,0.00006104
-0.57658348,-0.01770074
-0.57626348,0.00006104
-0.57594348,0.00006104
-0.57562348,0.00006104
-0.57530348,0.00006104
-0.57498348,0.00006104
-0.57466348,0.00006104
-0.57434348,0.00006104
-0.57402348,0.00006104
-0.57370348,0.00006104
-0.57338348,0.00006104
-0.57306348,0.00006104
-0.57274348,0.00006104
-0.57242348,0.00006104
-0.57210348,0.00006104
-0.57178348,0.00006104
-0.57146348,0.00006104
-0.57114348,0.00006104
-0.57082348,0.00006104
-0.57050348,0.00006104
-0.57018348,0.00006104
-0.56986348,0.00006104
-0.56954348,0.00006104
-0.56922348,-0.01770074
-0.56890348,0.00006104
-0.56858348,-0.01770074
-0.56826348,0.00006104
-0.56794348,0.00006104
-0.56762348,0.00006104
-0.56730348,0.00006104
-0.56698348,0.00006104
-0.56666348,0.00006104
-0.56634348,0.00006104
-0.56602348,0.00006104
-0.56570348,0.00006104
-0.56538348,0.00006104
-0.56506348,0.00006104
-0.56474348,0.00006104
-0.56442348,0.00006104
-0.56410348,0.00006104
-0.56378348,0.00006104
-0.56346348,0.00006104
-0.56314348,0.00006104
-0.56282348,0.00006104
-0.56250348,0.00006104
-0.56218348,0.00006104
-0.56186348,0.00006104
-0.56154348,0.00006104
-0.56122348,0.00006104
-0.56090348,0.00006104
-0.56058348,0.00006104
-0.56026348,0.00006104
-0.55994348,0.00006104
-0.55962348,0.00006104
-0.55930348,0.00006104
-0.55898348,0.00006104
-0.55866348,0.00006104
-0.55834348,0.00006104
-0.55802348,0.00006104
-0.55770348,0.00006104
-0.55738348,0.00006104
-0.55706348,-0.01770074
-0.55674348,-0.01770074
-0.55642348,0.00006104
-0.55610348,0.00006104
-0.55578348,0.00006104
-0.55546348,0.00006104
-0.55514348,0.00006104
-0.55482348,0.00006104
-0.55450348,0.00006104
-0.55418348,0.00006104
-0.55386348,0.00006104
-0.55354348,0.00006104
-0.55322348,0.00006104
-0.55290348,0.00006104
-0.55258348,-0.01770074
-0.55226348,0.00006104
-0.55194348,0.00006104
-0.55162348,0.00006104
-0.55130348,0.00006104
-0.55098348,0.00006104
-0.55066348,0.00006104
-0.55034348,-0.01770074
-0.55002348,0.00006104
-0.54970348,0.00006104
-0.54938348,0.00006104
-0.54906348,0.00006104
-0.54874348,0.00006104
-0.54842348,-0.01770074
-0.54810348,0.00006104
-0.54778348,0.00006104
-0.54746348,0.00006104
-0.54714348,0.00006104
-0.54682348,0.00006104
-0.54650348,0.00006104
-0.54618348,0.00006104
-0.54586348,0.00006104
-0.54554348,0.00006104
-0.54522348,0.00006104
-0.54490348,0.00006104
-0.54458348,0.00006104
-0.54426348,0.00006104
-0.54394348,0.00006104
-0.54362348,0.00006104
-0.54330348,0.00006104
-0.54298348,0.00006104
-0.54266348,0.00006104
-0.54234348,0.00006104
-0.54202348,0.00006104
-0.54170348,0.00006104
-0.54138348,0.00006104
-0.54106348,0.00006104
-0.54074348,0.00006104
-0.54042348,0.00006104
-0.54010348,0.00006104
-0.53978348,-0.01770074
-0.53946348,0.00006104
-0.53914348,0.00006104
-0.53882348,0.00006104
-0.53850348,0.00006104
-0.53818348,0.00006104
-0.53786348,0.00006104
-0.53754348,0.00006104
-0.53722348,0.00006104
-0.53690348,0.00006104
-0.53658348,0.00006104
-0.53626348,0.00006104
-0.53594348,0.00006104
-0.53562348,0.00006104
-0.53530348,0.00006104
-0.53498348,0.00006104
-0.53466348,0.00006104
-0.53434348,0.00006104
-0.53402348,0.00006104
-0.53370348,0.00006104
-0.53338348,0.00006104
-0.53306348,0.00006104
-0.53274348,0.00006104
-0.53242348,0.00006104
-0.53210348,0.00006104
-0.53178348,0.00006104
-0.53146348,0.00006104
-0.53114348,0.00006104
-0.53082348,0.00006104
-0.53050348,0.00006104
-0.53018348,0.00006104
-0.52986348,0.00006104
-0.52954348,0.00006104
-0.52922348,0.00006104
-0.52890348,0.00006104
-0.52858348,0.00006104
-0.52826348,0.00006104
-0.52794348,-0.01770074
-0.52762348,0.00006104
-0.52730348,0.00006104
-0.52698348,0.00006104
-0.52666348,0.00006104
-0.52634348,0.00006104
-0.52602348,0.00006104
-0.52570348,0.00006104
-0.52538348,0.00006104
-0.52506348,0.00006104
-0.52474348,0.00006104
-0.52442348,0.00006104
-0.52410348,0.00006104
-0.52378348,0.00006104
-0.52346348,0.00006104
-0.52314348,0.00006104
-0.52282348,0.00006104
-0.52250348,0.00006104
-0.52218348,0.00006104
-0.52186348,-0.01770074
-0.52154348,0.00006104
-0.52122348,0.00006104
-0.52090348,0.00006104
-0.52058348,0.00006104
-0.52026348,-0.01770074
-0.51994348,0.00006104
-0.51962348,0.00006104
-0.51930348,0.00006104
-0.51898348,0.00006104
-0.51866348,0.00006104
-0.51834348,0.00006104
-0.51802348,0.00006104
-0.51770348,0.00006104
-0.51738348,0.00006104
-0.51706348,0.00006104
-0.51674348,0.00006104
-0.51642348,0.00006104
-0.51610348,0.00006104
-0.51578348,0.00006104
-0.51546348,0.00006104
-0.51514348,0.00006104
-0.51482348,0.00006104
-0.51450348,0.00006104
-0.51418348,0.00006104
-0.51386348,0.00006104
-0.51354348,0.00006104
-0.51322348,0.00006104
-0.51290348,0.00006104
-0.51258348,0.00006104
-0.51226348,-0.01770074
-0.51194348,0.00006104
-0.51162348,0.00006104
-0.51130348,0.00006104
-0.51098348,0.00006104
-0.51066348,0.00006104
-0.51034348,0.00006104
-0.51002348,0.00006104
-0.50970348,0.00006104
-0.50938348,0.00006104
-0.50906348,0.00006104
-0.50874348,0.00006104
-0.50842348,0.00006104
-0.50810348,0.00006104
-0.50778348,0.00006104
-0.50746348,0.00006104
-0.50714348,0.00006104
-0.50682348,0.00006104
-0.50650348,0.00006104
-0.50618348,0.00006104
-0.50586348,0.00006104
-0.50554348,0.00006104
-0.50522348,0.00006104
-0.50490348,0.00006104
-0.50458348,0.00006104
-0.50426348,0.03570665
-0.50394348,1.53086948
-0.50362348,1.19266331
-0.50330348,0.39161351
-0.50298348,0.00006104
-0.50266348,-0.10669271
-0.50234348,-0.08893093
-0.50202348,-0.05334635
-0.50170348,-0.01770074
-0.50138348,-0.01770074
-0.50106348,-∞
-0.50074348,-1.67320776
-0.50042348,-1.22818685
-0.50010348,-0.44495988
-0.49978348,0.00006104
-0.49946348,0.08911405
-0.49914348,0.10687582
-0.49882348,0.08911405
-0.49850348,0.05346843
-0.49818348,0.01788385
-0.49786348,0.00006104
-0.49754348,0.00006104
-0.49722348,0.00006104
-0.49690348,0.01788385
-0.49658348,0.01788385
-0.49626348,0.01788385
-0.49594348,0.01788385
-0.49562348,0.00006104
-0.49530348,0.00006104
-0.49498348,0.01788385
-0.49466348,0.01788385
-0.49434348,0.01788385
-0.49402348,0.03570665
-0.49370348,0.05346843
-0.49338348,0.07129124
-0.49306348,0.07129124
-0.49274348,0.05346843
-0.49242348,0.07129124
-0.49210348,0.07129124
-0.49178348,0.03570665
-0.49146348,0.07129124
-0.49114348,0.08911405
-0.49082348,0.05346843
-0.49050348,0.01788385
-0.49018348,0.01788385
-0.48986348,0.03570665
-0.48954348,0.01788385
-0.48922348,-0.01770074
-0.48890348,-0.03552354
-0.48858348,-0.01770074
-0.48826348,-0.03552354
-0.48794348,0.01788385
-0.48762348,0.00006104
-0.48730348,0.00006104
-0.48698348,0.05346843
-0.48666348,-0.03552354
-0.48634348,-0.01770074
-0.48602348,0.01788385
-0.48570348,-0.01770074
-0.48538348,0.01788385
-0.48506348,0.05346843
-0.48474348,0.00006104
-0.48442348,0.01788385
-0.48410348,0.03570665
-0.48378348,0.01788385
-0.48346348,0.01788385
-0.48314348,0.01788385
-0.48282348,0.00006104
-0.48250348,0.01788385
-0.48218348,0.01788385
-0.48186348,0.03570665
-0.48154348,0.00006104
-0.48122348,0.00006104
-0.48090348,0.01788385
-0.48058348,0.00006104
-0.48026348,0.00006104
-0.47994348,0.00006104
-0.47962348,-0.01770074
-0.47930348,0.00006104
-0.47898348,0.01788385
-0.47866348,0.00006104
-0.47834348,0.00006104
-0.47802348,0.03570665
-0.47770348,0.01788385
-0.47738348,0.00006104
-0.47706348,0.00006104
-0.47674348,0.00006104
-0.47642348,0.01788385
-0.47610348,0.03570665
-0.47578348,0.00006104
-0.47546348,0.00006104
-0.47514348,0.01788385
-0.47482348,0.00006104
-0.47450348,0.00006104
-0.47418348,0.00006104
-0.47386348,-0.01770074
-0.47354348,0.00006104
-0.47322348,0.00006104
-0.47290348,-0.01770074
-0.47258348,0.00006104
-0.47226348,0.00006104
-0.47194348,0.00006104
-0.47162348,0.00006104
-0.47130348,0.00006104
-0.47098348,0.00006104
-0.47066348,0.01788385
-0.47034348,0.01788385
-0.47002348,0.00006104
-0.46970348,0.00006104
-0.46938348,0.01788385
-0.46906348,0.00006104
-0.46874348,0.00006104
-0.46842348,0.00006104
-0.46810348,0.01788385
-0.46778348,0.00006104
-0.46746348,0.00006104
-0.46714348,0.00006104
-0.46682348,0.00006104
-0.46650348,0.01788385
-0.46618348,0.00006104
-0.46586348,0.00006104
-0.46554348,0.00006104
-0.46522348,0.00006104
-0.46490348,0.00006104
-0.46458348,0.00006104
-0.46426348,0.00006104
-0.46394348,0.01788385
-0.46362348,0.01788385
-0.46330348,0.00006104
-0.46298348,0.00006104
-0.46266348,0.00006104
-0.46234348,0.00006104
-0.46202348,-0.01770074
-0.46170348,-0.01770074
-0.46138348,0.00006104
-0.46106348,-0.01770074
-0.46074348,0.00006104
-0.46042348,0.00006104
-0.46010348,0.00006104
-0.45978348,0.00006104
-0.45946348,0.01788385
-0.45914348,0.00006104
-0.45882348,0.00006104
-0.45850348,0.00006104
-0.45818348,0.00006104
-0.45786348,0.00006104
-0.45754348,0.00006104
-0.45722348,0.00006104
-0.45690348,0.00006104
-0.45658348,0.00006104
-0.45626348,0.00006104
-0.45594348,0.00006104
-0.45562348,0.00006104
-0.45530348,0.00006104
-0.45498348,-0.01770074
-0.45466348,-0.01770074
-0.45434348,0.00006104
-0.45402348,0.00006104
-0.45370348,0.00006104
-0.45338348,0.00006104
-0.45306348,0.00006104
-0.45274348,0.00006104
-0.45242348,0.00006104
-0.45210348,0.00006104
-0.45178348,0.00006104
-0.45146348,0.00006104
-0.45114348,0.00006104
-0.45082348,0.00006104
-0.45050348,0.00006104
-0.45018348,0.00006104
-0.44986348,0.00006104
-0.44954348,0.00006104
-0.44922348,0.00006104
-0.44890348,0.00006104
-0.44858348,0.00006104
-0.44826348,0.00006104
-0.44794348,0.00006104
-0.44762348,0.00006104
-0.44730348,0.00006104
-0.44698348,0.00006104
-0.44666348,0.00006104
-0.44634348,0.00006104
-0.44602348,0.00006104
-0.44570348,-0.01770074
-0.44538348,0.00006104
-0.44506348,0.00006104
-0.44474348,0.00006104
-0.44442348,0.00006104
-0.44410348,0.00006104
-0.44378348,0.00006104
-0.44346348,0.00006104
-0.44314348,0.00006104
-0.44282348,0.00006104
-0.44250348,0.00006104
-0.44218348,0.00006104
-0.44186348,0.00006104
-0.44154348,0.00006104
-0.44122348,0.00006104
-0.44090348,0.00006104
-0.44058348,0.00006104
-0.44026348,0.00006104
-0.43994348,0.00006104
-0.43962348,0.00006104
-0.43930348,0.00006104
-0.43898348,-0.01770074
-0.43866348,0.00006104
-0.43834348,0.00006104
-0.43802348,0.00006104
-0.43770348,0.00006104
-0.43738348,0.00006104
-0.43706348,0.00006104
-0.43674348,0.00006104
-0.43642348,0.00006104
-0.43610348,0.00006104
-0.43578348,0.00006104
-0.43546348,0.00006104
-0.43514348,0.00006104
-0.43482348,0.00006104
-0.43450348,0.00006104
-0.43418348,0.00006104
-0.43386348,0.00006104
-0.43354348,0.00006104
-0.43322348,0.00006104
-0.43290348,0.00006104
-0.43258348,0.00006104
-0.43226348,0.00006104
-0.43194348,-0.01770074
-0.43162348,0.00006104
-0.43130348,0.00006104
-0.43098348,0.00006104
-0.43066348,0.00006104
-0.43034348,0.00006104
-0.43002348,0.00006104
-0.42970348,0.00006104
-0.42938348,0.00006104
-0.42906348,0.00006104
-0.42874348,0.00006104
-0.42842348,0.00006104
-0.42810348,0.00006104
-0.42778348,0.00006104
-0.42746348,0.00006104
-0.42714348,0.00006104
-0.42682348,0.00006104
-0.42650348,0.00006104
-0.42618348,0.00006104
-0.42586348,0.00006104
-0.42554348,0.00006104
-0.42522348,0.00006104
-0.42490348,0.00006104
-0.42458348,0.00006104
-0.42426348,-0.01770074
-0.42394348,0.00006104
-0.42362348,0.00006104
-0.42330348,0.00006104
-0.42298348,0.00006104
-0.42266348,0.00006104
-0.42234348,0.00006104
-0.42202348,-0.01770074
-0.42170348,0.00006104
-0.42138348,0.00006104
-0.42106348,0.00006104
-0.42074348,0.00006104
-0.42042348,0.00006104
-0.42010348,0.00006104
-0.41978348,0.00006104
-0.41946348,0.00006104
-0.41914348,0.00006104
-0.41882348,0.00006104
-0.41850348,0.00006104
-0.41818348,0.00006104
-0.41786348,0.00006104
-0.41754348,0.00006104
-0.41722348,0.00006104
-0.41690348,0.00006104
-0.41658348,0.00006104
-0.41626348,0.00006104
-0.41594348,0.00006104
-0.41562348,0.00006104
-0.41530348,-0.01770074
-0.41498348,0.00006104
-0.41466348,0.00006104
-0.41434348,0.00006104
-0.41402348,0.00006104
-0.41370348,0.00006104
-0.41338348,0.00006104
-0.41306348,0.00006104
-0.41274348,0.00006104
-0.41242348,0.00006104
-0.41210348,0.00006104
-0.41178348,0.00006104
-0.41146348,0.00006104
-0.41114348,0.00006104
-0.41082348,0.00006104
-0.41050348,0.00006104
-0.41018348,0.00006104
-0.40986348,0.00006104
-0.40954348,0.00006104
-0.40922348,0.00006104
-0.40890348,0.00006104
-0.40858348,0.00006104
-0.40826348,0.00006104
-0.40794348,0.00006104
-0.40762348,0.00006104
-0.40730348,0.00006104
-0.40698348,0.00006104
-0.40666348,0.00006104
-0.40634348,0.00006104
-0.40602348,0.00006104
-0.40570348,0.00006104
-0.40538348,0.00006104
-0.40506348,0.00006104
-0.40474348,0.00006104
-0.40442348,0.00006104
-0.40410348,0.00006104
-0.40378348,0.00006104
-0.40346348,0.00006104
-0.40314348,0.00006104
-0.40282348,0.00006104
-0.40250348,0.00006104
-0.40218348,0.00006104
-0.40186348,0.00006104
-0.40154348,0.00006104
-0.40122348,0.00006104
-0.40090348,0.00006104
-0.40058348,0.00006104
-0.40026348,-0.01770074
-0.39994348,0.00006104
-0.39962348,0.00006104
-0.39930348,0.00006104
-0.39898348,0.00006104
-0.39866348,0.00006104
-0.39834348,0.00006104
-0.39802348,0.00006104
-0.39770348,0.00006104
-0.39738348,0.00006104
-0.39706348,0.00006104
-0.39674348,0.00006104
-0.39642348,0.00006104
-0.39610348,0.00006104
-0.39578348,0.00006104
-0.39546348,0.00006104
-0.39514348,0.00006104
-0.39482348,0.00006104
-0.39450348,0.00006104
-0.39418348,0.00006104
-0.39386348,0.00006104
-0.39354348,0.00006104
-0.39322348,0.00006104
-0.39290348,0.00006104
-0.39258348,0.00006104
-0.39226348,0.00006104
-0.39194348,0.00006104
-0.39162348,0.00006104
-0.39130348,0.00006104
-0.39098348,0.00006104
-0.39066348,0.00006104
-0.39034348,0.00006104
-0.39002348,0.00006104
-0.38970348,0.00006104
-0.38938348,0.00006104
-0.38906348,0.00006104
-0.38874348,0.00006104
-0.38842348,0.00006104
-0.38810348,0.00006104
-0.38778348,0.00006104
-0.38746348,0.00006104
-0.38714348,0.00006104
-0.38682348,0.00006104
-0.38650348,0.00006104
-0.38618348,0.00006104
-0.38586348,0.00006104
-0.38554348,0.00006104
-0.38522348,0.00006104
-0.38490348,0.00006104
-0.38458348,0.00006104
-0.38426348,0.00006104
-0.38394348,0.00006104
-0.38362348,0.00006104
-0.38330348,-0.01770074
-0.38298348,0.00006104
-0.38266348,0.00006104
-0.38234348,-0.01770074
-0.38202348,0.00006104
-0.38170348,-0.01770074
-0.38138348,0.00006104
-0.38106348,0.00006104
-0.38074348,0.00006104
-0.38042348,0.00006104
-0.38010348,0.00006104
-0.37978348,0.00006104
-0.37946348,-0.01770074
-0.37914348,0.00006104
-0.37882348,0.00006104
-0.37850348,0.00006104
-0.37818348,0.00006104
-0.37786348,0.00006104
-0.37754348,-0.01770074
-0.37722348,-0.01770074
-0.37690348,0.00006104
-0.37658348,0.00006104
-0.37626348,0.00006104
-0.37594348,-0.01770074
-0.37562348,0.00006104
-0.37530348,-0.01770074
-0.37498348,0.00006104
-0.37466348,0.00006104
-0.37434348,0.00006104
-0.37402348,0.00006104
-0.37370348,0.00006104
-0.37338348,0.00006104
-0.37306348,0.00006104
-0.37274348,0.00006104
-0.37242348,0.00006104
-0.37210348,0.00006104
-0.37178348,0.00006104
-0.37146348,0.00006104
-0.37114348,0.00006104
-0.37082348,0.00006104
-0.37050348,0.00006104
-0.37018348,0.00006104
-0.36986348,0.00006104
-0.36954348,0.00006104
-0.36922348,0.00006104
-0.36890348,0.00006104
-0.36858348,0.00006104
-0.36826348,0.00006104
-0.36794348,0.00006104
-0.36762348,0.00006104
-0.36730348,0.00006104
-0.36698348,0.00006104
-0.36666348,0.00006104
-0.36634348,-0.01770074
-0.36602348,0.00006104
-0.36570348,0.00006104
-0.36538348,0.00006104
-0.36506348,0.00006104
-0.36474348,0.00006104
-0.36442348,0.00006104
-0.36410348,0.00006104
-0.36378348,0.00006104
-0.36346348,0.00006104
-0.36314348,0.00006104
-0.36282348,0.00006104
-0.36250348,0.00006104
-0.36218348,0.00006104
-0.36186348,0.00006104
-0.36154348,0.00006104
-0.36122348,0.00006104
-0.36090348,0.00006104
-0.36058348,-0.01770074
-0.36026348,0.00006104
-0.35994348,0.00006104
-0.35962348,0.00006104
-0.35930348,0.00006104
-0.35898348,0.00006104
-0.35866348,0.00006104
-0.35834348,0.00006104
-0.35802348,0.00006104
-0.35770348,0.00006104
-0.35738348,0.00006104
-0.35706348,0.00006104
-0.35674348,0.00006104
-0.35642348,0.00006104
-0.35610348,0.00006104
-0.35578348,0.00006104
-0.35546348,0.00006104
-0.35514348,0.00006104
-0.35482348,0.00006104
-0.35450348,0.00006104
-0.35418348,0.00006104
-0.35386348,0.00006104
-0.35354348,0.00006104
-0.35322348,0.00006104
-0.35290348,0.00006104
-0.35258348,0.00006104
-0.35226348,0.00006104
-0.35194348,0.00006104
-0.35162348,0.00006104
-0.35130348,0.00006104
-0.35098348,0.00006104
-0.35066348,0.00006104
-0.35034348,-0.01770074
-0.35002348,0.00006104
-0.34970348,0.00006104
-0.34938348,0.00006104
-0.34906348,0.00006104
-0.34874348,0.00006104
-0.34842348,0.00006104
-0.34810348,0.00006104
-0.34778348,0.00006104
-0.34746348,0.00006104
-0.34714348,0.00006104
-0.34682348,0.00006104
-0.34650348,0.00006104
-0.34618348,0.00006104
-0.34586348,0.00006104
-0.34554348,0.00006104
-0.34522348,0.00006104
-0.34490348,0.00006104
-0.34458348,0.00006104
-0.34426348,0.00006104
-0.34394348,0.00006104
-0.34362348,0.00006104
-0.34330348,0.00006104
-0.34298348,0.00006104
-0.34266348,0.00006104
-0.34234348,-0.01770074
-0.34202348,0.00006104
-0.34170348,-0.01770074
-0.34138348,0.00006104
-0.34106348,0.00006104
-0.34074348,0.00006104
-0.34042348,0.00006104
-0.34010348,0.00006104
-0.33978348,0.00006104
-0.33946348,0.00006104
-0.33914348,0.00006104
-0.33882348,0.00006104
-0.33850348,0.00006104
-0.33818348,0.00006104
-0.33786348,0.00006104
-0.33754348,0.00006104
-0.33722348,0.00006104
-0.33690348,-0.01770074
-0.33658348,0.00006104
-0.33626348,0.00006104
-0.33594348,0.00006104
-0.33562348,0.00006104
-0.33530348,0.00006104
-0.33498348,0.00006104
-0.33466348,0.00006104
-0.33434348,0.00006104
-0.33402348,0.00006104
-0.33370348,0.00006104
-0.33338348,0.00006104
-0.33306348,0.00006104
-0.33274348,0.00006104
-0.33242348,0.00006104
-0.33210348,0.00006104
-0.33178348,0.00006104
-0.33146348,0.00006104
-0.33114348,0.00006104
-0.33082348,0.00006104
-0.33050348,0.00006104
-0.33018348,0.00006104
-0.32986348,0.00006104
-0.32954348,0.00006104
-0.32922348,0.00006104
-0.32890348,0.00006104
-0.32858348,0.00006104
-0.32826348,0.00006104
-0.32794348,0.00006104
-0.32762348,0.00006104
-0.32730348,0.00006104
-0.32698348,0.00006104
-0.32666348,0.00006104
-0.32634348,0.00006104
-0.32602348,0.00006104
-0.32570348,-0.01770074
-0.32538348,-0.01770074
-0.32506348,0.00006104
-0.32474348,0.00006104
-0.32442348,0.00006104
-0.32410348,0.00006104
-0.32378348,0.00006104
-0.32346348,-0.01770074
-0.32314348,0.00006104
-0.32282348,0.00006104
-0.32250348,0.00006104
-0.32218348,0.00006104
-0.32186348,0.00006104
-0.32154348,0.00006104
-0.32122348,0.00006104
-0.32090348,0.00006104
-0.32058348,-0.01770074
-0.32026348,0.00006104
-0.31994348,0.00006104
-0.31962348,0.00006104
-0.31930348,0.00006104
-0.31898348,0.00006104
-0.31866348,0.00006104
-0.31834348,-0.01770074
-0.31802348,0.00006104
-0.31770348,0.00006104
-0.31738348,-0.01770074
-0.31706348,0.00006104
-0.31674348,-0.01770074
-0.31642348,0.00006104
-0.31610348,0.00006104
-0.31578348,0.00006104
-0.31546348,0.00006104
-0.31514348,0.00006104
-0.31482348,0.00006104
-0.31450348,0.00006104
-0.31418348,0.00006104
-0.31386348,0.00006104
-0.31354348,0.00006104
-0.31322348,0.00006104
-0.31290348,0.00006104
-0.31258348,-0.01770074
-0.31226348,0.00006104
-0.31194348,0.00006104
-0.31162348,0.00006104
-0.31130348,0.00006104
-0.31098348,0.00006104
-0.31066348,0.00006104
-0.31034348,-0.01770074
-0.31002348,0.00006104
-0.30970348,0.00006104
-0.30938348,0.00006104
-0.30906348,0.00006104
-0.30874348,0.00006104
-0.30842348,0.00006104
-0.30810348,0.00006104
-0.30778348,0.00006104
-0.30746348,0.00006104
-0.30714348,0.00006104
-0.30682348,0.00006104
-0.30650348,0.00006104
-0.30618348,0.00006104
-0.30586348,0.00006104
-0.30554348,0.00006104
-0.30522348,0.00006104
-0.30490348,0.00006104
-0.30458348,-0.01770074
-0.30426348,0.00006104
-0.30394348,0.00006104
-0.30362348,0.00006104
-0.30330348,0.00006104
-0.30298348,0.00006104
-0.30266348,0.00006104
-0.30234348,0.00006104
-0.30202348,0.00006104
-0.30170348,0.00006104
-0.30138348,0.00006104
-0.30106348,0.00006104
-0.30074348,0.00006104
-0.30042348,0.00006104
-0.30010348,0.00006104
-0.29978348,-0.01770074
-0.29946348,0.00006104
-0.29914348,0.00006104
-0.29882348,0.00006104
-0.29850348,-0.01770074
-0.29818348,-0.01770074
-0.29786348,0.00006104
-0.29754348,0.00006104
-0.29722348,0.00006104
-0.29690348,0.00006104
-0.29658348,0.00006104
-0.29626348,0.00006104
-0.29594348,-0.01770074
-0.29562348,0.00006104
-0.29530348,0.00006104
-0.29498348,0.00006104
-0.29466348,0.00006104
-0.29434348,0.00006104
-0.29402348,0.00006104
-0.29370348,-0.01770074
-0.29338348,0.00006104
-0.29306348,0.00006104
-0.29274348,0.00006104
-0.29242348,0.00006104
-0.29210348,0.00006104
-0.29178348,0.00006104
-0.29146348,0.00006104
-0.29114348,0.00006104
-0.29082348,0.00006104
-0.29050348,0.00006104
-0.29018348,0.00006104
-0.28986348,0.00006104
-0.28954348,0.00006104
-0.28922348,0.00006104
-0.28890348,-0.01770074
-0.28858348,0.00006104
-0.28826348,0.00006104
-0.28794348,0.00006104
-0.28762348,-0.01770074
-0.28730348,0.00006104
-0.28698348,0.00006104
-0.28666348,-0.01770074
-0.28634348,0.00006104
-0.28602348,0.00006104
-0.28570348,0.00006104
-0.28538348,0.00006104
-0.28506348,0.00006104
-0.28474348,0.00006104
-0.28442348,-0.01770074
-0.28410348,-0.01770074
-0.28378348,-0.01770074
-0.28346348,0.00006104
-0.28314348,0.00006104
-0.28282348,0.00006104
-0.28250348,0.00006104
-0.28218348,0.00006104
-0.28186348,0.00006104
-0.28154348,0.00006104
-0.28122348,0.00006104
-0.28090348,0.00006104
-0.28058348,-0.01770074
-0.28026348,-0.01770074
-0.27994348,0.00006104
-0.27962348,0.00006104
-0.27930348,0.00006104
-0.27898348,0.00006104
-0.27866348,0.00006104
-0.27834348,0.00006104
-0.27802348,0.00006104
-0.27770348,0.00006104
-0.27738348,0.00006104
-0.27706348,0.00006104
-0.27674348,-0.01770074
-0.27642348,0.00006104
-0.27610348,0.00006104
-0.27578348,0.00006104
-0.27546348,0.00006104
-0.27514348,0.00006104
-0.27482348,-0.01770074
-0.27450348,0.00006104
-0.27418348,0.00006104
-0.27386348,0.00006104
-0.27354348,0.00006104
-0.27322348,0.00006104
-0.27290348,0.00006104
-0.27258348,0.00006104
-0.27226348,0.00006104
-0.27194348,0.00006104
-0.27162348,0.00006104
-0.27130348,0.00006104
-0.27098348,0.00006104
-0.27066348,0.00006104
-0.27034348,0.00006104
-0.27002348,0.00006104
-0.26970348,0.00006104
-0.26938348,0.00006104
-0.26906348,0.00006104
-0.26874348,0.00006104
-0.26842348,0.00006104
-0.26810348,0.00006104
-0.26778348,0.00006104
-0.26746348,0.00006104
-0.26714348,0.00006104
-0.26682348,0.00006104
-0.26650348,0.00006104
-0.26618348,0.00006104
-0.26586348,0.00006104
-0.26554348,0.00006104
-0.26522348,0.00006104
-0.26490348,0.00006104
-0.26458348,0.00006104
-0.26426348,0.00006104
-0.26394348,0.00006104
-0.26362348,0.00006104
-0.26330348,0.00006104
-0.26298348,0.00006104
-0.26266348,0.00006104
-0.26234348,0.00006104
-0.26202348,0.00006104
-0.26170348,0.00006104
-0.26138348,0.00006104
-0.26106348,0.00006104
-0.26074348,0.00006104
-0.26042348,0.00006104
-0.26010348,0.00006104
-0.25978348,0.00006104
-0.25946348,0.00006104
-0.25914348,0.00006104
-0.25882348,0.00006104
-0.25850348,0.00006104
-0.25818348,0.00006104
-0.25786348,0.00006104
-0.25754348,0.00006104
-0.25722348,0.00006104
-0.25690348,0.00006104
-0.25658348,0.00006104
-0.25626348,0.00006104
-0.25594348,0.00006104
-0.25562348,0.00006104
-0.25530348,0.00006104
-0.25498348,-0.01770074
-0.25466348,0.00006104
-0.25434348,0.00006104
-0.25402348,0.00006104
-0.25370348,0.00006104
-0.25338348,0.00006104
-0.25306348,0.00006104
-0.25274348,0.00006104
-0.25242348,0.00006104
-0.25210348,0.00006104
-0.25178348,0.00006104
-0.25146348,0.00006104
-0.25114348,0.00006104
-0.25082348,0.00006104
-0.25050348,0.00006104
-0.25018348,0.00006104
-0.24986348,0.00006104
-0.24954348,0.00006104
-0.24922348,0.00006104
-0.24890348,0.00006104
-0.24858348,0.00006104
-0.24826348,0.00006104
-0.24794348,0.00006104
-0.24762348,0.00006104
-0.24730348,-0.01770074
-0.24698348,0.00006104
-0.24666348,0.00006104
-0.24634348,0.00006104
-0.24602348,0.00006104
-0.24570348,0.00006104
-0.24538348,0.00006104
-0.24506348,0.00006104
-0.24474348,0.00006104
-0.24442348,0.00006104
-0.24410348,0.00006104
-0.24378348,0.00006104
-0.24346348,0.00006104
-0.24314348,0.00006104
-0.24282348,0.00006104
-0.24250348,0.00006104
-0.24218348,0.00006104
-0.24186348,0.00006104
-0.24154348,0.00006104
-0.24122348,0.00006104
-0.24090348,0.00006104
-0.24058348,0.00006104
-0.24026348,0.00006104
-0.23994348,0.00006104
-0.23962348,0.00006104
-0.23930348,0.00006104
-0.23898348,0.00006104
-0.23866348,0.00006104
-0.23834348,-0.01770074
-0.23802348,-0.01770074
-0.23770348,-0.01770074
-0.23738348,0.00006104
-0.23706348,0.00006104
-0.23674348,0.00006104
-0.23642348,0.00006104
-0.23610348,0.00006104
-0.23578348,0.00006104
-0.23546348,0.00006104
-0.23514348,0.00006104
-0.23482348,-0.01770074
-0.23450348,0.00006104
-0.23418348,0.00006104
-0.23386348,0.00006104
-0.23354348,0.00006104
-0.23322348,0.00006104
-0.23290348,0.00006104
-0.23258348,0.00006104
-0.23226348,0.00006104
-0.23194348,0.00006104
-0.23162348,0.00006104
-0.23130348,0.00006104
-0.23098348,0.00006104
-0.23066348,0.00006104
-0.23034348,0.00006104
-0.23002348,0.00006104
-0.22970348,0.00006104
-0.22938348,-0.01770074
-0.22906348,0.00006104
-0.22874348,-0.01770074
-0.22842348,0.00006104
-0.22810348,0.00006104
-0.22778348,0.00006104
-0.22746348,0.00006104
-0.22714348,0.00006104
-0.22682348,0.00006104
-0.22650348,0.00006104
-0.22618348,0.00006104
-0.22586348,0.00006104
-0.22554348,0.00006104
-0.22522348,0.00006104
-0.22490348,0.00006104
-0.22458348,0.00006104
-0.22426348,0.00006104
-0.22394348,0.00006104
-0.22362348,0.00006104
-0.22330348,0.00006104
-0.22298348,0.00006104
-0.22266348,0.00006104
-0.22234348,0.00006104
-0.22202348,0.00006104
-0.22170348,0.00006104
-0.22138348,0.00006104
-0.22106348,0.00006104
-0.22074348,0.00006104
-0.22042348,0.00006104
-0.22010348,0.00006104
-0.21978348,0.00006104
-0.21946348,-0.01770074
-0.21914348,0.00006104
-0.21882348,0.00006104
-0.21850348,0.00006104
-0.21818348,0.00006104
-0.21786348,0.00006104
-0.21754348,0.00006104
-0.21722348,0.00006104
-0.21690348,0.00006104
-0.21658348,0.00006104
-0.21626348,0.00006104
-0.21594348,0.00006104
-0.21562348,0.00006104
-0.21530348,0.00006104
-0.21498348,0.00006104
-0.21466348,0.00006104
-0.21434348,0.00006104
-0.21402348,0.00006104
-0.21370348,-0.01770074
-0.21338348,0.00006104
-0.21306348,0.00006104
-0.21274348,0.00006104
-0.21242348,-0.01770074
-0.21210348,0.00006104
-0.21178348,0.00006104
-0.21146348,0.00006104
-0.21114348,0.00006104
-0.21082348,0.00006104
-0.21050348,-0.01770074
-0.21018348,0.00006104
-0.20986348,0.00006104
-0.20954348,0.00006104
-0.20922348,0.00006104
-0.20890348,0.00006104
-0.20858348,0.00006104
-0.20826348,0.00006104
-0.20794348,0.00006104
-0.20762348,0.00006104
-0.20730348,0.00006104
-0.20698348,0.00006104
-0.20666348,0.00006104
-0.20634348,0.00006104
-0.20602348,0.00006104
-0.20570348,0.00006104
-0.20538348,0.00006104
-0.20506348,0.00006104
-0.20474348,0.00006104
-0.20442348,0.00006104
-0.20410348,0.00006104
-0.20378348,0.00006104
-0.20346348,0.00006104
-0.20314348,0.00006104
-0.20282348,0.00006104
-0.20250348,0.00006104
-0.20218348,0.00006104
-0.20186348,0.00006104
-0.20154348,0.00006104
-0.20122348,0.00006104
-0.20090348,0.00006104
-0.20058348,0.00006104
-0.20026348,0.00006104
-0.19994348,0.00006104
-0.19962348,0.00006104
-0.19930348,0.00006104
-0.19898348,0.00006104
-0.19866348,0.00006104
-0.19834348,0.00006104
-0.19802348,0.00006104
-0.19770348,-0.01770074
-0.19738348,0.00006104
-0.19706348,0.00006104
-0.19674348,0.00006104
-0.19642348,0.00006104
-0.19610348,0.00006104
-0.19578348,0.00006104
-0.19546348,0.00006104
-0.19514348,0.00006104
-0.19482348,0.00006104
-0.19450348,0.00006104
-0.19418348,0.00006104
-0.19386348,0.00006104
-0.19354348,0.00006104
-0.19322348,0.00006104
-0.19290348,0.00006104
-0.19258348,0.00006104
-0.19226348,0.00006104
-0.19194348,0.00006104
-0.19162348,0.00006104
-0.19130348,0.00006104
-0.19098348,0.00006104
-0.19066348,0.00006104
-0.19034348,0.00006104
-0.19002348,0.00006104
-0.18970348,0.00006104
-0.18938348,0.00006104
-0.18906348,0.00006104
-0.18874348,0.00006104
-0.18842348,0.00006104
-0.18810348,0.00006104
-0.18778348,0.00006104
-0.18746348,-0.01770074
-0.18714348,0.00006104
-0.18682348,0.00006104
-0.18650348,0.00006104
-0.18618348,0.00006104
-0.18586348,0.00006104
-0.18554348,0.00006104
-0.18522348,-0.01770074
-0.18490348,0.00006104
-0.18458348,0.00006104
-0.18426348,0.00006104
-0.18394348,0.00006104
-0.18362348,0.00006104
-0.18330348,0.00006104
-0.18298348,0.00006104
-0.18266348,0.00006104
-0.18234348,0.00006104
-0.18202348,0.00006104
-0.18170348,0.00006104
-0.18138348,0.00006104
-0.18106348,0.00006104
-0.18074348,-0.01770074
-0.18042348,0.00006104
-0.18010348,0.00006104
-0.17978348,0.00006104
-0.17946348,0.00006104
-0.17914348,0.00006104
-0.17882348,0.00006104
-0.17850348,0.00006104
-0.17818348,0.00006104
-0.17786348,0.00006104
-0.17754348,0.00006104
-0.17722348,0.00006104
-0.17690348,0.00006104
-0.17658348,-0.01770074
-0.17626348,0.00006104
-0.17594348,0.00006104
-0.17562348,0.00006104
-0.17530348,0.00006104
-0.17498348,0.00006104
-0.17466348,0.00006104
-0.17434348,0.00006104
-0.17402348,0.00006104
-0.17370348,-0.01770074
-0.17338348,0.00006104
-0.17306348,-0.01770074
-0.17274348,0.00006104
-0.17242348,0.00006104
-0.17210348,0.00006104
-0.17178348,-0.01770074
-0.17146348,0.00006104
-0.17114348,0.00006104
-0.17082348,0.00006104
-0.17050348,-0.01770074
-0.17018348,0.00006104
-0.16986348,0.00006104
-0.16954348,0.00006104
-0.16922348,0.00006104
-0.16890348,0.00006104
-0.16858348,0.00006104
-0.16826348,0.00006104
-0.16794348,0.00006104
-0.16762348,0.00006104
-0.16730348,0.00006104
-0.16698348,0.00006104
-0.16666348,0.00006104
-0.16634348,0.00006104
-0.16602348,0.00006104
-0.16570348,0.00006104
-0.16538348,0.00006104
-0.16506348,0.00006104
-0.16474348,0.00006104
-0.16442348,0.00006104
-0.16410348,-0.01770074
-0.16378348,0.00006104
-0.16346348,0.00006104
-0.16314348,0.00006104
-0.16282348,0.00006104
-0.16250348,0.00006104
-0.16218348,0.00006104
-0.16186348,0.00006104
-0.16154348,0.00006104
-0.16122348,0.00006104
-0.16090348,0.00006104
-0.16058348,0.00006104
-0.16026348,0.00006104
-0.15994348,0.00006104
-0.15962348,0.00006104
-0.15930348,0.00006104
-0.15898348,0.00006104
-0.15866348,0.00006104
-0.15834348,0.00006104
-0.15802348,0.00006104
-0.15770348,0.00006104
-0.15738348,0.00006104
-0.15706348,-0.01770074
-0.15674348,0.00006104
-0.15642348,0.00006104
-0.15610348,0.00006104
-0.15578348,-0.01770074
-0.15546348,0.00006104
-0.15514348,0.00006104
-0.15482348,0.00006104
-0.15450348,0.00006104
-0.15418348,0.00006104
-0.15386348,0.00006104
-0.15354348,0.00006104
-0.15322348,0.00006104
-0.15290348,0.00006104
-0.15258348,0.00006104
-0.15226348,0.00006104
-0.15194348,0.00006104
-0.15162348,0.00006104
-0.15130348,0.00006104
-0.15098348,-0.01770074
-0.15066348,0.00006104
-0.15034348,0.00006104
-0.15002348,0.00006104
-0.14970348,0.00006104
-0.14938348,0.00006104
-0.14906348,0.00006104
-0.14874348,0.00006104
-0.14842348,0.00006104
-0.14810348,0.00006104
-0.14778348,0.00006104
-0.14746348,0.00006104
-0.14714348,0.00006104
-0.14682348,0.00006104
-0.14650348,0.00006104
-0.14618348,0.00006104
-0.14586348,0.00006104
-0.14554348,0.00006104
-0.14522348,0.00006104
-0.14490348,0.00006104
-0.14458348,0.00006104
-0.14426348,0.00006104
-0.14394348,0.00006104
-0.14362348,0.00006104
-0.14330348,0.00006104
-0.14298348,0.00006104
-0.14266348,0.00006104
-0.14234348,0.00006104
-0.14202348,0.00006104
-0.14170348,0.00006104
-0.14138348,0.00006104
-0.14106348,0.00006104
-0.14074348,0.00006104
-0.14042348,0.00006104
-0.14010348,0.00006104
-0.13978348,0.00006104
-0.13946348,0.00006104
-0.13914348,0.00006104
-0.13882348,0.00006104
-0.13850348,0.00006104
-0.13818348,0.00006104
-0.13786348,0.00006104
-0.13754348,0.00006104
-0.13722348,0.00006104
-0.13690348,0.00006104
-0.13658348,0.00006104
-0.13626348,0.00006104
-0.13594348,0.00006104
-0.13562348,-0.01770074
-0.13530348,0.00006104
-0.13498348,0.00006104
-0.13466348,0.00006104
-0.13434348,0.00006104
-0.13402348,0.00006104
-0.13370348,0.00006104
-0.13338348,0.00006104
-0.13306348,0.00006104
-0.13274348,0.00006104
-0.13242348,0.00006104
-0.13210348,0.00006104
-0.13178348,0.00006104
-0.13146348,0.00006104
-0.13114348,0.00006104
-0.13082348,0.00006104
-0.13050348,0.00006104
-0.13018348,0.00006104
-0.12986348,0.00006104
-0.12954348,0.00006104
-0.12922348,0.00006104
-0.12890348,0.00006104
-0.12858348,0.00006104
-0.12826348,0.00006104
-0.12794348,0.00006104
-0.12762348,0.00006104
-0.12730348,0.00006104
-0.12698348,0.00006104
-0.12666348,-0.01770074
-0.12634348,0.00006104
-0.12602348,0.00006104
-0.12570348,0.00006104
-0.12538348,0.00006104
-0.12506348,0.00006104
-0.12474348,0.00006104
-0.12442348,-0.01770074
-0.12410348,0.00006104
-0.12378348,0.00006104
-0.12346348,0.00006104
-0.12314348,0.00006104
-0.12282348,0.00006104
-0.12250348,0.00006104
-0.12218348,0.00006104
-0.12186348,0.00006104
-0.12154348,0.00006104
-0.12122348,0.00006104
-0.12090348,0.00006104
-0.12058348,0.00006104
-0.12026348,0.00006104
-0.11994348,0.00006104
-0.11962348,0.00006104
-0.11930348,0.00006104
-0.11898348,0.00006104
-0.11866348,0.00006104
-0.11834348,0.00006104
-0.11802348,0.00006104
-0.11770348,-0.01770074
-0.11738348,0.00006104
-0.11706348,0.00006104
-0.11674348,0.00006104
-0.11642348,0.00006104
-0.11610348,0.00006104
-0.11578348,0.00006104
-0.11546348,0.00006104
-0.11514348,0.00006104
-0.11482348,0.00006104
-0.11450348,0.00006104
-0.11418348,0.00006104
-0.11386348,-0.01770074
-0.11354348,-0.01770074
-0.11322348,0.00006104
-0.11290348,0.00006104
-0.11258348,0.00006104
-0.11226348,0.00006104
-0.11194348,0.00006104
-0.11162348,0.00006104
-0.11130348,0.00006104
-0.11098348,0.00006104
-0.11066348,0.00006104
-0.11034348,0.00006104
-0.11002348,0.00006104
-0.10970348,0.00006104
-0.10938348,0.00006104
-0.10906348,0.00006104
-0.10874348,0.00006104
-0.10842348,0.00006104
-0.10810348,0.00006104
-0.10778348,-0.01770074
-0.10746348,0.00006104
-0.10714348,0.00006104
-0.10682348,0.00006104
-0.10650348,0.00006104
-0.10618348,0.00006104
-0.10586348,0.00006104
-0.10554348,0.00006104
-0.10522348,0.00006104
-0.10490348,-0.01770074
-0.10458348,-0.01770074
-0.10426348,0.00006104
-0.10394348,0.00006104
-0.10362348,0.00006104
-0.10330348,0.00006104
-0.10298348,0.00006104
-0.10266348,0.00006104
-0.10234348,0.00006104
-0.10202348,-0.01770074
-0.10170348,0.00006104
-0.10138348,-0.01770074
-0.10106348,0.00006104
-0.10074348,0.00006104
-0.10042348,0.00006104
-0.10010348,0.00006104
-0.09978348,0.00006104
-0.09946348,0.00006104
-0.09914348,0.00006104
-0.09882348,0.00006104
-0.09850348,0.00006104
-0.09818348,0.00006104
-0.09786348,0.00006104
-0.09754348,0.00006104
-0.09722348,0.00006104
-0.09690348,0.00006104
-0.09658348,0.00006104
-0.09626348,0.00006104
-0.09594348,0.00006104
-0.09562348,0.00006104
-0.09530348,0.00006104
-0.09498348,0.00006104
-0.09466348,0.00006104
-0.09434348,0.00006104
-0.09402348,0.00006104
-0.09370348,0.00006104
-0.09338348,0.00006104
-0.09306348,0.00006104
-0.09274348,0.00006104
-0.09242348,0.00006104
-0.09210348,0.00006104
-0.09178348,0.00006104
-0.09146348,0.00006104
-0.09114348,0.00006104
-0.09082348,0.00006104
-0.09050348,0.00006104
-0.09018348,0.00006104
-0.08986348,0.00006104
-0.08954348,0.00006104
-0.08922348,0.00006104
-0.08890348,0.00006104
-0.08858348,0.00006104
-0.08826348,0.00006104
-0.08794348,0.00006104
-0.08762348,0.00006104
-0.08730348,0.00006104
-0.08698348,0.00006104
-0.08666348,0.00006104
-0.08634348,0.00006104
-0.08602348,0.00006104
-0.08570348,-0.01770074
-0.08538348,0.00006104
-0.08506348,0.00006104
-0.08474348,0.00006104
-0.08442348,0.00006104
-0.08410348,0.00006104
-0.08378348,-0.01770074
-0.08346348,0.00006104
-0.08314348,0.00006104
-0.08282348,0.00006104
-0.08250348,-0.01770074
-0.08218348,0.00006104
-0.08186348,0.00006104
-0.08154348,0.00006104
-0.08122348,0.00006104
-0.08090348,0.00006104
-0.08058348,0.00006104
-0.08026348,0.00006104
-0.07994348,0.00006104
-0.07962348,0.00006104
-0.07930348,0.00006104
-0.07898348,0.00006104
-0.07866348,0.00006104
-0.07834349,0.00006104
-0.07802349,0.00006104
-0.07770349,0.00006104
-0.07738349,0.00006104
-0.07706349,-0.01770074
-0.07674349,0.00006104
-0.07642349,0.00006104
-0.07610349,0.00006104
-0.07578349,0.00006104
-0.07546349,0.00006104
-0.07514349,0.00006104
-0.07482349,0.00006104
-0.07450349,0.00006104
-0.07418349,0.00006104
-0.07386349,0.00006104
-0.07354349,0.00006104
-0.07322349,0.00006104
-0.07290349,0.00006104
-0.07258349,0.00006104
-0.07226349,0.00006104
-0.07194349,0.00006104
-0.07162349,0.00006104
-0.07130349,0.00006104
-0.07098349,0.00006104
-0.07066349,0.00006104
-0.07034349,0.00006104
-0.07002349,0.00006104
-0.06970349,0.00006104
-0.06938349,0.00006104
-0.06906349,0.00006104
-0.06874349,0.00006104
-0.06842349,0.00006104
-0.06810349,0.00006104
-0.06778349,0.00006104
-0.06746349,0.00006104
-0.06714349,0.00006104
-0.06682349,0.00006104
-0.06650349,0.00006104
-0.06618349,0.00006104
-0.06586349,0.00006104
-0.06554349,0.00006104
-0.06522349,0.00006104
-0.06490349,0.00006104
-0.06458349,0.00006104
-0.06426349,0.00006104
-0.06394349,0.00006104
-0.06362349,0.00006104
-0.06330349,0.00006104
-0.06298349,0.00006104
-0.06266349,-0.01770074
-0.06234349,0.00006104
-0.06202349,0.00006104
-0.06170349,0.00006104
-0.06138349,0.00006104
-0.06106349,0.00006104
-0.06074349,0.00006104
-0.06042349,0.00006104
-0.06010349,0.00006104
-0.05978349,0.00006104
-0.05946349,0.00006104
-0.05914349,0.00006104
-0.05882349,0.00006104
-0.05850349,0.00006104
-0.05818349,0.00006104
-0.05786349,0.00006104
-0.05754349,0.00006104
-0.05722349,-0.01770074
-0.05690349,0.00006104
-0.05658349,0.00006104
-0.05626349,0.00006104
-0.05594349,0.00006104
-0.05562349,0.00006104
-0.05530349,0.00006104
-0.05498349,0.00006104
-0.05466349,0.00006104
-0.05434349,0.00006104
-0.05402349,0.00006104
-0.05370349,0.00006104
-0.05338349,0.00006104
-0.05306349,0.00006104
-0.05274349,0.00006104
-0.05242349,0.00006104
-0.05210349,0.00006104
-0.05178349,0.00006104
-0.05146349,0.00006104
-0.05114349,0.00006104
-0.05082349,0.00006104
-0.05050349,0.00006104
-0.05018349,0.00006104
-0.04986349,0.00006104
-0.04954349,0.00006104
-0.04922349,0.00006104
-0.04890349,0.00006104
-0.04858349,0.00006104
-0.04826349,0.00006104
-0.04794349,0.00006104
-0.04762349,0.00006104
-0.04730349,0.00006104
-0.04698349,0.00006104
-0.04666349,0.00006104
-0.04634349,0.00006104
-0.04602349,0.00006104
-0.04570349,0.00006104
-0.04538349,0.00006104
-0.04506349,0.00006104
-0.04474349,0.00006104
-0.04442349,0.00006104
-0.04410349,0.00006104
-0.04378349,0.00006104
-0.04346349,0.00006104
-0.04314349,0.00006104
-0.04282349,0.00006104
-0.04250349,0.00006104
-0.04218349,0.00006104
-0.04186349,0.00006104
-0.04154349,0.00006104
-0.04122349,0.00006104
-0.04090349,0.00006104
-0.04058349,0.00006104
-0.04026349,0.00006104
-0.03994349,0.00006104
-0.03962349,0.00006104
-0.03930349,0.00006104
-0.03898349,0.00006104
-0.03866349,0.00006104
-0.03834349,0.00006104
-0.03802349,0.00006104
-0.03770349,0.00006104
-0.03738349,0.00006104
-0.03706349,0.00006104
-0.03674349,0.00006104
-0.03642349,0.00006104
-0.03610349,0.00006104
-0.03578349,0.00006104
-0.03546349,0.00006104
-0.03514349,0.00006104
-0.03482349,0.00006104
-0.03450349,0.00006104
-0.03418349,0.00006104
-0.03386349,0.00006104
-0.03354349,0.00006104
-0.03322349,0.00006104
-0.03290349,0.00006104
-0.03258349,0.00006104
-0.03226349,0.00006104
-0.03194349,0.00006104
-0.03162349,0.00006104
-0.03130349,0.00006104
-0.03098349,0.00006104
-0.03066349,0.00006104
-0.03034349,0.00006104
-0.03002349,0.00006104
-0.02970349,0.00006104
-0.02938349,0.00006104
-0.02906349,0.00006104
-0.02874349,0.00006104
-0.02842349,0.00006104
-0.02810349,0.00006104
-0.02778349,0.00006104
-0.02746349,0.00006104
-0.02714349,0.00006104
-0.02682349,0.00006104
-0.02650349,0.00006104
-0.02618349,0.00006104
-0.02586349,0.00006104
-0.02554349,0.00006104
-0.02522349,0.00006104
-0.02490349,0.00006104
-0.02458349,0.00006104
-0.02426349,0.00006104
-0.02394349,0.00006104
-0.02362349,0.00006104
-0.02330349,0.00006104
-0.02298349,0.00006104
-0.02266349,0.00006104
-0.02234349,0.00006104
-0.02202349,0.00006104
-0.02170349,0.00006104
-0.02138349,-0.01770074
-0.02106349,0.00006104
-0.02074349,0.00006104
-0.02042349,0.00006104
-0.02010349,-0.01770074
-0.01978349,0.00006104
-0.01946349,0.00006104
-0.01914349,0.00006104
-0.01882349,0.00006104
-0.01850349,0.00006104
-0.01818349,0.00006104
-0.01786349,0.00006104
-0.01754349,0.00006104
-0.01722349,0.00006104
-0.01690349,0.00006104
-0.01658349,0.00006104
-0.01626349,0.00006104
-0.01594349,0.00006104
-0.01562349,0.00006104
-0.01530349,0.00006104
-0.01498349,0.00006104
-0.01466349,0.00006104
-0.01434349,0.00006104
-0.01402349,0.00006104
-0.01370349,0.00006104
-0.01338349,0.00006104
-0.01306349,0.00006104
-0.01274349,0.00006104
-0.01242349,0.00006104
-0.01210349,0.00006104
-0.01178349,0.00006104
-0.01146349,0.00006104
-0.01114349,0.00006104
-0.01082349,0.00006104
-0.01050349,0.00006104
-0.01018349,0.00006104
-0.00986349,0.00006104
-0.00954349,0.00006104
-0.00922349,0.00006104
-0.00890349,0.00006104
-0.00858349,0.00006104
-0.00826349,0.00006104
-0.00794349,0.00006104
-0.00762349,0.00006104
-0.00730349,0.00006104
-0.00698349,0.00006104
-0.00666349,0.00006104
-0.00634349,0.00006104
-0.00602349,0.00006104
-0.00570349,0.00006104
-0.00538349,0.00006104
-0.00506349,0.00006104
-0.00474349,0.00006104
-0.00442349,0.00006104
-0.00410349,0.35602894
-0.00378349,0.56965852
-0.00346349,0.39161351
-0.00314349,0.16022217
-0.00282349,0.00006104
-0.00250349,-0.05334635
-0.00218349,-0.05334635
-0.00186349,-0.03552354
-0.00154349,-0.01770074
-0.00122349,-0.12451552
-0.00090349,-1.03238010
-0.00058349,-1.99359107
-0.00026349,-1.72661519
0.00005651,0.35602894
0.00037651,0.53407389
0.00069651,0.21362957
0.00101651,0.05346843
0.00133651,0.03570665
0.00165651,0.05346843
0.00197651,0.03570665
0.00229651,0.03570665
0.00261651,0.03570665
0.00293651,0.01788385
0.00325651,0.03570665
0.00357651,0.03570665
0.00389651,0.01788385
0.00421651,0.01788385
0.00453651,0.00006104
0.00485651,0.00006104
0.00517651,0.01788385
0.00549651,0.01788385
0.00581651,0.05346843
0.00613651,0.05346843
0.00645651,0.05346843
0.00677651,0.07129124
0.00709651,0.05346843
0.00741651,0.05346843
0.00773651,0.05346843
0.00805651,0.03570665
0.00837651,0.05346843
0.00869651,0.08911405
0.00901651,0.07129124
0.00933651,0.03570665
0.00965651,0.03570665
0.00997651,0.03570665
0.01029651,0.03570665
0.01061651,0.00006104
0.01093651,-0.01770074
0.01125651,-0.01770074
0.01157651,-0.01770074
0.01189651,0.01788385
0.01221651,0.01788385
0.01253651,0.00006104
0.01285651,0.05346843
0.01317651,-0.01770074
0.01349651,-0.01770074
0.01381651,0.03570665
0.01413651,-0.03552354
0.01445651,0.00006104
0.01477651,0.05346843
0.01509651,0.01788385
0.01541651,0.03570665
0.01573651,0.03570665
0.01605651,0.03570665
0.01637651,0.01788385
0.01669651,0.01788385
0.01701651,0.01788385
0.01733651,0.01788385
0.01765651,0.01788385
0.01797651,0.03570665
0.01829651,0.01788385
0.01861651,0.00006104
0.01893651,0.01788385
0.01925651,0.01788385
0.01957651,0.01788385
0.01989651,0.00006104
0.02021651,0.00006104
0.02053651,0.00006104
0.02085651,0.01788385
0.02117651,0.00006104
0.02149651,0.00006104
0.02181651,0.01788385
0.02213651,0.01788385
0.02245651,0.01788385
0.02277651,0.01788385
0.02309651,0.00006104
0.02341651,0.01788385
0.02373651,0.01788385
0.02405651,0.01788385
0.02437651,0.00006104
0.02469651,0.01788385
0.02501651,0.01788385
0.02533651,0.00006104
0.02565651,0.00006104
0.02597651,0.00006104
0.02629651,0.00006104
0.02661651,0.00006104
0.02693651,-0.01770074
0.02725651,0.00006104
0.02757651,0.00006104
0.02789651,0.00006104
0.02821651,0.00006104
0.02853651,0.01788385
0.02885651,0.00006104
0.02917651,0.01788385
0.02949651,0.00006104
0.02981651,0.00006104
0.03013651,0.01788385
0.03045651,0.01788385
0.03077651,0.00006104
0.03109651,0.00006104
0.03141651,0.00006104
0.03173651,0.00006104
0.03205651,0.00006104
0.03237651,0.00006104
0.03269651,0.00006104
0.03301651,0.00006104
0.03333651,0.00006104
0.03365651,0.00006104
0.03397651,0.00006104
0.03429651,0.00006104
0.03461651,0.01788385
0.03493651,0.01788385
0.03525651,0.00006104
0.03557651,0.00006104
0.03589651,0.01788385
0.03621651,0.00006104
0.03653651,0.00006104
0.03685651,0.00006104
0.03717651,0.00006104
0.03749651,0.00006104
0.03781651,0.00006104
0.03813651,-0.01770074
0.03845651,0.00006104
0.03877651,0.00006104
0.03909651,0.00006104
0.03941651,0.00006104
0.03973651,0.00006104
0.04005651,0.00006104
0.04037651,0.01788385
0.04069651,0.00006104
0.04101651,0.01788385
0.04133651,0.00006104
0.04165651,0.01788385
0.04197651,0.01788385
0.04229651,0.00006104
0.04261651,0.01788385
0.04293651,0.00006104
0.04325651,0.00006104
0.04357651,0.00006104
0.04389651,0.00006104
0.04421651,0.00006104
0.04453651,0.00006104
0.04485651,-0.01770074
0.04517651,0.00006104
0.04549651,0.00006104
0.04581651,0.00006104
0.04613651,0.00006104
0.04645651,0.00006104
0.04677651,0.00006104
0.04709651,0.00006104
0.04741651,0.00006104
0.04773651,0.00006104
0.04805651,0.00006104
0.04837651,0.00006104
0.04869651,0.00006104
0.04901651,0.01788385
0.04933651,0.00006104
0.04965651,0.00006104
0.04997651,0.00006104
0.05029651,0.00006104
0.05061651,0.00006104
0.05093651,0.00006104
0.05125651,0.00006104
0.05157651,0.00006104
0.05189651,0.00006104
0.05221651,0.00006104
0.05253651,0.00006104
0.05285651,0.00006104
0.05317651,0.00006104
0.05349651,-0.01770074
0.05381651,0.00006104
0.05413651,0.00006104
0.05445651,0.00006104
0.05477651,0.00006104
0.05509651,0.00006104
0.05541651,0.00006104
0.05573651,0.00006104
0.05605651,0.00006104
0.05637651,0.00006104
0.05669651,0.00006104
0.05701651,0.00006104
0.05733651,0.00006104
0.05765651,0.00006104
0.05797651,0.00006104
0.05829651,0.00006104
0.05861651,0.00006104
0.05893651,0.00006104
0.05925651,0.00006104
0.05957651,0.00006104
0.05989651,0.00006104
0.06021651,0.00006104
0.06053651,0.00006104
0.06085651,0.00006104
0.06117651,0.00006104
0.06149651,0.00006104
0.06181651,-0.01770074
0.06213651,0.00006104
0.06245651,0.00006104
0.06277651,0.00006104
0.06309651,0.00006104
0.06341651,0.00006104
0.06373651,0.00006104
0.06405651,0.00006104
0.06437651,0.00006104
0.06469651,0.00006104
0.06501651,0.00006104
0.06533651,0.00006104
0.06565651,0.00006104
0.06597651,0.00006104
0.06629651,0.00006104
0.06661651,0.00006104
0.06693651,0.00006104
0.06725651,0.00006104
0.06757651,0.00006104
0.06789651,0.00006104
0.06821651,0.00006104
0.06853651,0.00006104
0.06885651,0.00006104
0.06917651,0.00006104
0.06949651,0.00006104
0.06981651,0.00006104
0.07013651,0.00006104
0.07045651,0.00006104
0.07077651,0.00006104
0.07109651,0.00006104
0.07141651,0.00006104
0.07173651,0.00006104
0.07205651,0.00006104
0.07237651,0.00006104
0.07269651,0.00006104
0.07301651,0.00006104
0.07333651,0.00006104
0.07365651,0.00006104
0.07397651,0.00006104
0.07429651,0.00006104
0.07461651,0.00006104
0.07493651,0.00006104
0.07525651,0.00006104
0.07557651,0.00006104
0.07589651,0.00006104
0.07621651,0.00006104
0.07653651,0.00006104
0.07685651,0.00006104
0.07717651,0.00006104
0.07749651,0.00006104
0.07781651,0.00006104
0.07813651,0.00006104
0.07845651,-0.01770074
0.07877651,0.00006104
0.07909651,0.00006104
0.07941651,0.00006104
0.07973651,0.00006104
0.08005651,0.00006104
0.08037651,0.00006104
0.08069651,0.00006104
0.08101651,0.00006104
0.08133651,0.00006104
0.08165651,0.00006104
0.08197651,0.00006104
0.08229651,0.00006104
0.08261651,0.00006104
0.08293651,-0.01770074
0.08325651,0.00006104
0.08357651,0.00006104
0.08389651,0.00006104
0.08421651,0.00006104
0.08453651,0.00006104
0.08485651,0.00006104
0.08517651,0.00006104
0.08549651,0.00006104
0.08581651,0.00006104
0.08613651,-0.01770074
0.08645651,0.00006104
0.08677651,0.00006104
0.08709651,0.00006104
0.08741651,-0.01770074
0.08773651,-0.01770074
0.08805651,0.00006104
0.08837651,0.00006104
0.08869651,0.00006104
0.08901651,0.00006104
0.08933651,0.00006104
0.08965651,0.00006104
0.08997651,0.00006104
0.09029651,0.00006104
0.09061651,0.00006104
0.09093651,0.00006104
0.09125651,0.00006104
0.09157651,0.00006104
0.09189651,0.00006104
0.09221651,0.00006104
0.09253651,0.00006104
0.09285651,0.00006104
0.09317651,0.00006104
0.09349651,0.00006104
0.09381651,0.00006104
0.09413651,0.00006104
0.09445651,0.00006104
0.09477651,0.00006104
0.09509651,0.00006104
0.09541651,0.00006104
0.09573651,0.00006104
0.09605651,0.00006104
0.09637651,0.00006104
0.09669651,0.00006104
0.09701651,0.00006104
0.09733651,0.00006104
0.09765651,0.00006104
0.09797651,0.00006104
0.09829651,0.00006104
0.09861651,0.00006104
0.09893651,0.00006104
0.09925651,0.00006104
0.09957651,0.00006104
0.09989651,0.00006104
0.10021651,0.00006104
0.10053651,0.00006104
0.10085651,0.00006104
0.10117651,0.00006104
0.10149651,0.00006104
0.10181651,0.00006104
0.10213651,0.00006104
0.10245651,0.00006104
0.10277651,0.00006104
0.10309651,0.00006104
0.10341651,0.00006104
0.10373651,0.00006104
0.10405651,0.00006104
0.10437651,0.00006104
0.10469651,0.00006104
0.10501651,0.00006104
0.10533651,0.00006104
0.10565651,0.00006104
0.10597651,0.00006104
0.10629651,0.00006104
0.10661651,0.00006104
0.10693651,0.00006104
0.10725651,0.00006104
0.10757651,0.00006104
0.10789651,0.00006104
0.10821651,0.00006104
0.10853651,0.00006104
0.10885651,0.00006104
0.10917651,0.00006104
0.10949651,0.00006104
0.10981651,0.00006104
0.11013651,0.00006104
0.11045651,0.00006104
0.11077651,0.00006104
0.11109651,0.00006104
0.11141651,0.00006104
0.11173651,0.00006104
0.11205651,0.00006104
0.11237651,0.00006104
0.11269651,0.00006104
0.11301651,0.00006104
0.11333651,0.00006104
0.11365651,0.00006104
0.11397651,0.00006104
0.11429651,0.00006104
0.11461651,0.00006104
0.11493651,0.00006104
0.11525651,0.00006104
0.11557651,0.00006104
0.11589651,0.00006104
0.11621651,0.00006104
0.11653651,0.00006104
0.11685651,0.00006104
0.11717651,-0.01770074
0.11749651,0.00006104
0.11781651,0.00006104
0.11813651,0.00006104
0.11845651,0.00006104
0.11877651,0.00006104
0.11909651,0.00006104
0.11941651,0.00006104
0.11973651,0.00006104
0.12005651,0.00006104
0.12037651,0.00006104
0.12069651,0.00006104
0.12101651,0.00006104
0.12133651,0.00006104
0.12165651,0.00006104
0.12197651,0.00006104
0.12229651,0.00006104
0.12261651,0.00006104
0.12293651,0.00006104
0.12325651,0.00006104
0.12357651,0.00006104
0.12389651,0.00006104
0.12421651,0.00006104
0.12453651,-0.01770074
0.12485651,0.00006104
0.12517651,0.00006104
0.12549651,0.00006104
0.12581651,0.00006104
0.12613651,0.00006104
0.12645651,0.00006104
0.12677651,0.00006104
0.12709651,0.00006104
0.12741651,0.00006104
0.12773651,0.00006104
0.12805651,0.00006104
0.12837651,0.00006104
0.12869651,0.00006104
0.12901651,0.00006104
0.12933651,0.00006104
0.12965651,0.00006104
0.12997651,0.00006104
0.13029651,0.00006104
0.13061651,0.00006104
0.13093651,0.00006104
0.13125651,0.00006104
0.13157651,0.00006104
0.13189651,-0.01770074
0.13221651,0.00006104
0.13253651,0.00006104
0.13285651,0.00006104
0.13317651,0.00006104
0.13349651,0.00006104
0.13381651,0.00006104
0.13413651,0.00006104
0.13445651,0.00006104
0.13477651,0.00006104
0.13509651,0.00006104
0.13541651,0.00006104
0.13573651,0.00006104
0.13605651,0.00006104
0.13637651,0.00006104
0.13669651,0.00006104
0.13701651,0.00006104
0.13733651,0.00006104
0.13765651,0.00006104
0.13797651,0.00006104
0.13829651,0.00006104
0.13861651,0.00006104
0.13893651,0.00006104
0.13925651,0.00006104
0.13957651,0.00006104
0.13989651,0.00006104
0.14021651,0.00006104
0.14053651,0.00006104
0.14085651,0.00006104
0.14117651,0.00006104
0.14149651,0.00006104
0.14181651,0.00006104
0.14213651,0.00006104
0.14245651,0.00006104
0.14277651,0.00006104
0.14309651,0.00006104
0.14341651,0.00006104
0.14373651,0.00006104
0.14405651,0.00006104
0.14437651,0.00006104
0.14469651,0.00006104
0.14501651,0.00006104
0.14533651,0.00006104
0.14565651,0.00006104
0.14597651,0.00006104
0.14629651,0.00006104
0.14661651,-0.01770074
0.14693651,0.00006104
0.14725651,0.00006104
0.14757651,0.00006104
0.14789651,0.00006104
0.14821651,0.00006104
0.14853651,0.00006104
0.14885651,0.00006104
0.14917651,0.00006104
0.14949651,0.00006104
0.14981651,0.00006104
0.15013651,0.00006104
0.15045651,0.00006104
0.15077651,0.00006104
0.15109651,0.00006104
0.15141651,0.00006104
0.15173651,0.00006104
0.15205651,0.00006104
0.15237651,0.00006104
0.15269651,-0.01770074
0.15301651,0.00006104
0.15333651,0.00006104
0.15365651,0.00006104
0.15397651,0.00006104
0.15429651,0.00006104
0.15461651,0.00006104
0.15493651,0.00006104
0.15525651,0.00006104
0.15557651,-0.01770074
0.15589651,0.00006104
0.15621651,0.00006104
0.15653651,0.00006104
0.15685651,0.00006104
0.15717651,0.00006104
0.15749651,0.00006104
0.15781651,0.00006104
0.15813651,0.00006104
0.15845651,0.00006104
0.15877651,0.00006104
0.15909651,0.00006104
0.15941651,0.00006104
0.15973651,0.00006104
0.16005651,0.00006104
0.16037651,0.00006104
0.16069651,0.00006104
0.16101651,0.00006104
0.16133651,0.00006104
0.16165651,0.00006104
0.16197651,0.00006104
0.16229651,0.00006104
0.16261651,0.00006104
0.16293651,0.00006104
0.16325651,0.00006104
0.16357651,0.00006104
0.16389651,0.00006104
0.16421651,0.00006104
0.16453651,0.00006104
0.16485651,0.00006104
0.16517651,0.00006104
0.16549651,0.00006104
0.16581651,0.00006104
0.16613651,0.00006104
0.16645651,0.00006104
0.16677651,0.00006104
0.16709651,0.00006104
0.16741651,0.00006104
0.16773651,0.00006104
0.16805651,0.00006104
0.16837651,0.00006104
0.16869651,0.00006104
0.16901651,0.00006104
0.16933651,0.00006104
0.16965651,0.00006104
0.16997651,0.00006104
0.17029651,0.00006104
0.17061651,0.00006104
0.17093651,0.00006104
0.17125651,0.00006104
0.17157651,0.00006104
0.17189651,0.00006104
0.17221651,-0.01770074
0.17253651,0.00006104
0.17285651,0.00006104
0.17317651,0.00006104
0.17349651,0.00006104
0.17381651,-0.01770074
0.17413651,0.00006104
0.17445651,0.00006104
0.17477651,0.00006104
0.17509651,0.00006104
0.17541651,0.00006104
0.17573651,-0.01770074
0.17605651,0.00006104
0.17637651,-0.01770074
0.17669651,0.00006104
0.17701651,-0.01770074
0.17733651,0.00006104
0.17765651,-0.01770074
0.17797651,-0.01770074
0.17829651,0.00006104
0.17861651,0.00006104
0.17893651,0.00006104
0.17925651,0.00006104
0.17957651,-0.01770074
0.17989651,0.00006104
0.18021651,0.00006104
0.18053651,0.00006104
0.18085651,0.00006104
0.18117651,0.00006104
0.18149651,0.00006104
0.18181651,0.00006104
0.18213651,-0.01770074
0.18245651,0.00006104
0.18277651,0.00006104
0.18309651,0.00006104
0.18341651,0.00006104
0.18373651,0.00006104
0.18405651,0.00006104
0.18437651,0.00006104
0.18469651,0.00006104
0.18501651,0.00006104
0.18533651,0.00006104
0.18565651,0.00006104
0.18597651,0.00006104
0.18629651,0.00006104
0.18661651,0.00006104
0.18693651,0.00006104
0.18725651,0.00006104
0.18757651,0.00006104
0.18789651,0.00006104
0.18821651,0.00006104
0.18853651,0.00006104
0.18885651,0.00006104
0.18917651,0.00006104
0.18949651,0.00006104
0.18981651,0.00006104
0.19013651,0.00006104
0.19045651,0.00006104
0.19077651,0.00006104
0.19109651,0.00006104
0.19141651,0.00006104
0.19173651,0.00006104
0.19205651,0.00006104
0.19237651,0.00006104
0.19269651,0.00006104
0.19301651,0.00006104
0.19333651,0.00006104
0.19365651,0.00006104
0.19397651,0.00006104
0.19429651,-0.01770074
0.19461651,-0.01770074
0.19493651,0.00006104
0.19525651,0.00006104
0.19557651,0.00006104
0.19589651,0.00006104
0.19621651,0.00006104
0.19653651,0.00006104
0.19685651,0.00006104
0.19717651,0.00006104
0.19749651,0.00006104
0.19781651,0.00006104
0.19813651,0.00006104
0.19845651,0.00006104
0.19877651,0.00006104
0.19909651,0.00006104
0.19941651,0.00006104
0.19973651,0.00006104
0.20005651,0.00006104
0.20037651,0.00006104
0.20069651,0.00006104
0.20101651,0.00006104
0.20133651,0.00006104
0.20165651,0.00006104
0.20197651,0.00006104
0.20229651,0.00006104
0.20261651,0.00006104
0.20293651,0.00006104
0.20325651,0.00006104
0.20357651,0.00006104
0.20389651,0.00006104
0.20421651,0.00006104
0.20453651,-0.01770074
0.20485651,0.00006104
0.20517651,0.00006104
0.20549651,0.00006104
0.20581651,0.00006104
0.20613651,0.00006104
0.20645651,0.00006104
0.20677651,0.00006104
0.20709651,-0.01770074
0.20741651,0.00006104
0.20773651,0.00006104
0.20805651,0.00006104
0.20837651,0.00006104
0.20869651,0.00006104
0.20901651,0.00006104
0.20933651,0.00006104
0.20965651,0.00006104
0.20997651,0.00006104
0.21029651,0.00006104
0.21061651,0.00006104
0.21093651,0.00006104
0.21125651,0.00006104
0.21157651,0.00006104
0.21189651,0.00006104
0.21221651,0.00006104
0.21253651,0.00006104
0.21285651,0.00006104
0.21317651,0.00006104
0.21349651,0.00006104
0.21381651,0.00006104
0.21413651,0.00006104
0.21445651,0.00006104
0.21477651,0.00006104
0.21509651,0.00006104
0.21541651,0.00006104
0.21573651,0.00006104
0.21605651,0.00006104
0.21637651,0.00006104
0.21669651,0.00006104
0.21701651,0.00006104
0.21733651,0.00006104
0.21765651,0.00006104
0.21797651,0.00006104
0.21829651,0.00006104
0.21861651,0.00006104
0.21893651,0.00006104
0.21925651,0.00006104
0.21957651,0.00006104
0.21989651,0.00006104
0.22021651,0.00006104
0.22053651,0.00006104
0.22085651,0.00006104
0.22117651,0.00006104
0.22149651,0.00006104
0.22181651,0.00006104
0.22213651,0.00006104
0.22245651,0.00006104
0.22277651,0.00006104
0.22309651,0.00006104
0.22341651,0.00006104
0.22373651,0.00006104
0.22405651,0.00006104
0.22437651,0.00006104
0.22469651,0.00006104
0.22501651,0.00006104
0.22533651,0.00006104
0.22565651,0.00006104
0.22597651,0.00006104
0.22629651,0.00006104
0.22661651,0.00006104
0.22693651,0.00006104
0.22725651,0.00006104
0.22757651,0.00006104
0.22789651,0.00006104
0.22821651,0.00006104
0.22853651,-0.01770074
0.22885651,0.00006104
0.22917651,0.00006104
0.22949651,0.00006104
0.22981651,0.00006104
0.23013651,0.00006104
0.23045651,0.00006104
0.23077651,0.00006104
0.23109651,0.00006104
0.23141651,0.00006104
0.23173651,0.00006104
0.23205651,0.00006104
0.23237651,0.00006104
0.23269651,0.00006104
0.23301651,0.00006104
0.23333651,0.00006104
0.23365651,0.00006104
0.23397651,0.00006104
0.23429651,0.00006104
0.23461651,0.00006104
0.23493651,-0.01770074
0.23525651,0.00006104
0.23557651,0.00006104
0.23589651,0.00006104
0.23621651,0.00006104
0.23653651,0.00006104
0.23685651,0.00006104
0.23717651,0.00006104
0.23749651,0.00006104
0.23781651,0.00006104
0.23813651,0.00006104
0.23845651,0.00006104
0.23877651,0.00006104
0.23909651,0.00006104
0.23941651,0.00006104
0.23973651,0.00006104
0.24005651,0.00006104
0.24037651,0.00006104
0.24069651,0.00006104
0.24101651,0.00006104
0.24133651,0.00006104
0.24165651,0.00006104
0.24197651,0.00006104
0.24229651,0.00006104
0.24261651,0.00006104
0.24293651,0.00006104
0.24325651,0.00006104
0.24357651,0.00006104
0.24389651,0.00006104
0.24421651,0.00006104
0.24453651,0.00006104
0.24485651,0.00006104
0.24517651,0.00006104
0.24549651,0.00006104
0.24581651,0.00006104
0.24613651,0.00006104
0.24645651,0.00006104
0.24677651,0.00006104
0.24709651,0.00006104
0.24741651,0.00006104
0.24773651,0.00006104
0.24805651,0.00006104
0.24837651,0.00006104
0.24869651,0.00006104
0.24901651,0.00006104
0.24933651,0.00006104
0.24965651,0.00006104
0.24997651,0.00006104
0.25029651,0.00006104
0.25061651,0.00006104
0.25093651,0.00006104
0.25125651,0.00006104
0.25157651,0.00006104
0.25189651,0.00006104
0.25221651,0.00006104
0.25253651,0.00006104
0.25285651,-0.01770074
0.25317651,0.00006104
0.25349651,0.00006104
0.25381651,0.00006104
0.25413651,0.00006104
0.25445651,0.00006104
0.25477651,0.00006104
0.25509651,0.00006104
0.25541651,0.00006104
0.25573651,0.00006104
0.25605651,0.00006104
0.25637651,0.00006104
0.25669651,0.00006104
0.25701651,0.00006104
0.25733651,0.00006104
0.25765651,0.00006104
0.25797651,0.00006104
0.25829651,0.00006104
0.25861651,0.00006104
0.25893651,0.00006104
0.25925651,0.00006104
0.25957651,0.00006104
0.25989651,0.00006104
0.26021651,0.00006104
0.26053651,0.00006104
0.26085651,0.00006104
0.26117651,0.00006104
0.26149651,0.00006104
0.26181651,0.00006104
0.26213651,0.00006104
0.26245651,0.00006104
0.26277651,0.00006104
0.26309651,-0.01770074
0.26341651,0.00006104
0.26373651,-0.01770074
0.26405651,0.00006104
0.26437651,0.00006104
0.26469651,0.00006104
0.26501651,0.00006104
0.26533651,0.00006104
0.26565651,0.00006104
0.26597651,0.00006104
0.26629651,0.00006104
0.26661651,0.00006104
0.26693651,0.00006104
0.26725651,0.00006104
0.26757651,0.00006104
0.26789651,0.00006104
0.26821651,0.00006104
0.26853651,0.00006104
0.26885651,0.00006104
0.26917651,0.00006104
0.26949651,0.00006104
0.26981651,0.00006104
0.27013651,0.00006104
0.27045651,0.00006104
0.27077651,0.00006104
0.27109651,0.00006104
0.27141651,0.00006104
0.27173651,0.00006104
0.27205651,-0.01770074
0.27237651,0.00006104
0.27269651,0.00006104
0.27301651,0.00006104
0.27333651,0.00006104
0.27365651,0.00006104
0.27397651,0.00006104
0.27429651,0.00006104
0.27461651,0.00006104
0.27493651,0.00006104
0.27525651,0.00006104
0.27557651,0.00006104
0.27589651,0.00006104
0.27621651,0.00006104
0.27653651,0.00006104
0.27685651,0.00006104
0.27717651,0.00006104
0.27749651,0.00006104
0.27781651,0.00006104
0.27813651,0.00006104
0.27845651,0.00006104
0.27877651,0.00006104
0.27909651,0.00006104
0.27941651,0.00006104
0.27973651,0.00006104
0.28005651,0.00006104
0.28037651,0.00006104
0.28069651,-0.01770074
0.28101651,0.00006104
0.28133651,0.00006104
0.28165651,0.00006104
0.28197651,0.00006104
0.28229651,0.00006104
0.28261651,0.00006104
0.28293651,0.00006104
0.28325651,0.00006104
0.28357651,0.00006104
0.28389651,0.00006104
0.28421651,0.00006104
0.28453651,0.00006104
0.28485651,0.00006104
0.28517651,0.00006104
0.28549651,0.00006104
0.28581651,0.00006104
0.28613651,0.00006104
0.28645651,-0.01770074
0.28677651,0.00006104
0.28709651,0.00006104
0.28741651,-0.01770074
0.28773651,0.00006104
0.28805651,0.00006104
0.28837651,0.00006104
0.28869651,0.00006104
0.28901651,0.00006104
0.28933651,0.00006104
0.28965651,0.00006104
0.28997651,-0.01770074
0.29029651,0.00006104
0.29061651,0.00006104
0.29093651,0.00006104
0.29125651,0.00006104
0.29157651,0.00006104
0.29189651,0.00006104
0.29221651,0.00006104
0.29253651,-0.01770074
0.29285651,-0.01770074
0.29317651,0.00006104
0.29349651,0.00006104
0.29381651,0.00006104
0.29413651,0.00006104
0.29445651,-0.01770074
0.29477651,0.00006104
0.29509651,0.00006104
0.29541651,0.00006104
0.29573651,0.00006104
0.29605651,0.00006104
0.29637651,0.00006104
0.29669651,0.00006104
0.29701651,0.00006104
0.29733651,0.00006104
0.29765651,0.00006104
0.29797651,0.00006104
0.29829651,0.00006104
0.29861651,0.00006104
0.29893651,0.00006104
0.29925651,0.00006104
0.29957651,0.00006104
0.29989651,0.00006104
0.30021651,0.00006104
0.30053651,0.00006104
0.30085651,0.00006104
0.30117651,0.00006104
0.30149651,0.00006104
0.30181651,0.00006104
0.30213651,0.00006104
0.30245651,0.00006104
0.30277651,0.00006104
0.30309651,0.00006104
0.30341651,0.00006104
0.30373651,0.00006104
0.30405651,0.00006104
0.30437651,0.00006104
0.30469651,0.00006104
0.30501651,0.00006104
0.30533651,0.00006104
0.30565651,0.00006104
0.30597651,0.00006104
0.30629651,0.00006104
0.30661651,0.00006104
0.30693651,0.00006104
0.30725651,-0.01770074
0.30757651,0.00006104
0.30789651,0.00006104
0.30821651,0.00006104
0.30853651,0.00006104
0.30885651,0.00006104
0.30917651,-0.01770074
0.30949651,0.00006104
0.30981651,0.00006104
0.31013651,0.00006104
0.31045651,0.00006104
0.31077651,-0.01770074
0.31109651,0.00006104
0.31141651,0.00006104
0.31173651,0.00006104
0.31205651,0.00006104
0.31237651,0.00006104
0.31269651,0.00006104
0.31301651,0.00006104
0.31333651,0.00006104
0.31365651,0.00006104
0.31397651,0.00006104
0.31429651,0.00006104
0.31461651,0.00006104
0.31493651,0.00006104
0.31525651,0.00006104
0.31557651,-0.01770074
0.31589651,0.00006104
0.31621651,0.00006104
0.31653651,0.00006104
0.31685651,0.00006104
0.31717651,0.00006104
0.31749651,0.00006104
0.31781651,0.00006104
0.31813651,0.00006104
0.31845651,0.00006104
0.31877651,0.00006104
0.31909651,0.00006104
0.31941651,0.00006104
0.31973651,0.00006104
0.32005651,0.00006104
0.32037651,0.00006104
0.32069651,0.00006104
0.32101651,0.00006104
0.32133651,0.00006104
0.32165651,0.00006104
0.32197651,0.00006104
0.32229651,0.00006104
0.32261651,0.00006104
0.32293651,0.00006104
0.32325651,0.00006104
0.32357651,0.00006104
0.32389651,0.00006104
0.32421651,0.00006104
0.32453651,0.00006104
0.32485651,0.00006104
0.32517651,0.00006104
0.32549651,0.00006104
0.32581651,0.00006104
0.32613651,0.00006104
0.32645651,0.00006104
0.32677651,0.00006104
0.32709651,0.00006104
0.32741651,0.00006104
0.32773651,0.00006104
0.32805651,0.00006104
0.32837651,0.00006104
0.32869651,0.00006104
0.32901651,0.00006104
0.32933651,0.00006104
0.32965651,0.00006104
0.32997651,0.00006104
0.33029651,0.00006104
0.33061651,0.00006104
0.33093651,0.00006104
0.33125651,0.00006104
0.33157651,0.00006104
0.33189651,0.00006104
0.33221651,0.00006104
0.33253651,0.00006104
0.33285651,0.00006104
0.33317651,0.00006104
0.33349651,0.00006104
0.33381651,0.00006104
0.33413651,0.00006104
0.33445651,0.00006104
0.33477651,0.00006104
0.33509651,0.00006104
0.33541651,0.00006104
0.33573651,0.00006104
0.33605651,0.00006104
0.33637651,0.00006104
0.33669651,0.00006104
0.33701651,-0.01770074
0.33733651,-0.01770074
0.33765651,0.00006104
0.33797651,0.00006104
0.33829651,0.00006104
0.33861651,0.00006104
0.33893651,0.00006104
0.33925651,0.00006104
0.33957651,0.00006104
0.33989651,0.00006104
0.34021651,0.00006104
0.34053651,0.00006104
0.34085651,0.00006104
0.34117651,0.00006104
0.34149651,0.00006104
0.34181651,0.00006104
0.34213651,0.00006104
0.34245651,0.00006104
0.34277651,0.00006104
0.34309651,0.00006104
0.34341651,0.00006104
0.34373651,0.00006104
0.34405651,0.00006104
0.34437651,0.00006104
0.34469651,0.00006104
0.34501651,0.00006104
0.34533651,0.00006104
0.34565651,0.00006104
0.34597651,0.00006104
0.34629651,0.00006104
0.34661651,0.00006104
0.34693651,0.00006104
0.34725651,0.00006104
0.34757651,0.00006104
0.34789651,0.00006104
0.34821651,-0.01770074
0.34853651,0.00006104
0.34885651,0.00006104
0.34917651,0.00006104
0.34949651,0.00006104
0.34981651,0.00006104
0.35013651,0.00006104
0.35045651,0.00006104
0.35077651,0.00006104
0.35109651,0.00006104
0.35141651,0.00006104
0.35173651,0.00006104
0.35205651,0.00006104
0.35237651,0.00006104
0.35269651,0.00006104
0.35301651,0.00006104
0.35333651,0.00006104
0.35365651,0.00006104
0.35397651,0.00006104
0.35429651,0.00006104
0.35461651,0.00006104
0.35493651,0.00006104
0.35525651,0.00006104
0.35557651,0.00006104
0.35589651,0.00006104
0.35621651,0.00006104
0.35653651,0.00006104
0.35685651,0.00006104
0.35717651,0.00006104
0.35749651,0.00006104
0.35781651,-0.01770074
0.35813651,0.00006104
0.35845651,0.00006104
0.35877651,0.00006104
0.35909651,0.00006104
0.35941651,0.00006104
0.35973651,0.00006104
0.36005651,0.00006104
0.36037651,0.00006104
0.36069651,0.00006104
0.36101651,0.00006104
0.36133651,0.00006104
0.36165651,0.00006104
0.36197651,0.00006104
0.36229651,0.00006104
0.36261651,0.00006104
0.36293651,0.00006104
0.36325651,0.00006104
0.36357651,0.00006104
0.36389651,0.00006104
0.36421651,0.00006104
0.36453651,0.00006104
0.36485651,0.00006104
0.36517651,0.00006104
0.36549651,0.00006104
0.36581651,0.00006104
0.36613651,0.00006104
0.36645651,0.00006104
0.36677651,0.00006104
0.36709651,0.00006104
0.36741651,0.00006104
0.36773651,0.00006104
0.36805651,-0.01770074
0.36837651,0.00006104
0.36869651,0.00006104
0.36901651,0.00006104
0.36933651,0.00006104
0.36965651,0.00006104
0.36997651,0.00006104
0.37029651,0.00006104
0.37061651,0.00006104
0.37093651,0.00006104
0.37125651,0.00006104
0.37157651,0.00006104
0.37189651,0.00006104
0.37221651,0.00006104
0.37253651,0.00006104
0.37285651,0.00006104
0.37317651,0.00006104
0.37349651,0.00006104
0.37381651,0.00006104
0.37413651,-0.01770074
0.37445651,0.00006104
0.37477651,0.00006104
0.37509651,0.00006104
0.37541651,0.00006104
0.37573651,0.00006104
0.37605651,0.00006104
0.37637651,0.00006104
0.37669651,0.00006104
0.37701651,0.00006104
0.37733651,0.00006104
0.37765651,0.00006104
0.37797651,0.00006104
0.37829651,0.00006104
0.37861651,0.00006104
0.37893651,0.00006104
0.37925651,0.00006104
0.37957651,0.00006104
0.37989651,0.00006104
0.38021651,0.00006104
0.38053651,0.00006104
0.38085651,0.00006104
0.38117651,0.00006104
0.38149651,0.00006104
0.38181651,0.00006104
0.38213651,0.00006104
0.38245651,0.00006104
0.38277651,0.00006104
0.38309651,0.00006104
0.38341651,0.00006104
0.38373651,0.00006104
0.38405651,0.00006104
0.38437651,0.00006104
0.38469651,0.00006104
0.38501651,-0.01770074
0.38533651,0.00006104
0.38565651,0.00006104
0.38597651,0.00006104
0.38629651,0.00006104
0.38661651,0.00006104
0.38693651,0.00006104
0.38725651,0.00006104
0.38757651,0.00006104
0.38789651,0.00006104
0.38821651,0.00006104
0.38853651,0.00006104
0.38885651,0.00006104
0.38917651,0.00006104
0.38949651,0.00006104
0.38981651,0.00006104
0.39013651,0.00006104
0.39045651,0.00006104
0.39077651,0.00006104
0.39109651,-0.01770074
0.39141651,0.00006104
0.39173651,0.00006104
0.39205651,0.00006104
0.39237651,0.00006104
0.39269651,0.00006104
0.39301651,0.00006104
0.39333651,0.00006104
0.39365651,0.00006104
0.39397651,0.00006104
0.39429651,0.00006104
0.39461651,0.00006104
0.39493651,0.00006104
0.39525651,0.00006104
0.39557651,0.00006104
0.39589651,0.00006104
0.39621651,0.00006104
0.39653651,0.00006104
0.39685651,0.00006104
0.39717651,0.00006104
0.39749651,0.00006104
0.39781651,-0.01770074
0.39813651,0.00006104
0.39845651,0.00006104
0.39877651,0.00006104
0.39909651,0.00006104
0.39941651,0.00006104
0.39973651,0.00006104
0.40005651,0.00006104
0.40037651,0.00006104
0.40069651,0.00006104
0.40101651,0.00006104
0.40133651,0.00006104
0.40165651,0.00006104
0.40197651,0.00006104
0.40229651,0.00006104
0.40261651,0.00006104
0.40293651,0.00006104
0.40325651,0.00006104
0.40357651,0.00006104
0.40389651,0.00006104
0.40421651,0.00006104
0.40453651,0.00006104
0.40485651,0.00006104
0.40517651,0.00006104
0.40549651,0.00006104
0.40581651,0.00006104
0.40613651,0.00006104
0.40645651,0.00006104
0.40677651,0.00006104
0.40709651,0.00006104
0.40741651,0.00006104
0.40773651,0.00006104
0.40805651,0.00006104
0.40837651,0.00006104
0.40869651,0.00006104
0.40901651,0.00006104
0.40933651,0.00006104
0.40965651,0.00006104
0.40997651,0.00006104
0.41029651,0.00006104
0.41061651,0.00006104
0.41093651,0.00006104
0.41125651,0.00006104
0.41157651,0.00006104
0.41189651,0.00006104
0.41221651,0.00006104
0.41253651,0.00006104
0.41285651,0.00006104
0.41317651,0.00006104
0.41349651,0.00006104
0.41381651,-0.01770074
0.41413651,0.00006104
0.41445651,-0.01770074
0.41477651,0.00006104
0.41509651,0.00006104
0.41541651,0.00006104
0.41573651,0.00006104
0.41605651,0.00006104
0.41637651,0.00006104
0.41669651,0.00006104
0.41701651,0.00006104
0.41733651,0.00006104
0.41765651,0.00006104
0.41797651,0.00006104
0.41829651,0.00006104
0.41861651,0.00006104
0.41893651,0.00006104
0.41925651,0.00006104
0.41957651,0.00006104
0.41989651,0.00006104
0.42021651,0.00006104
0.42053651,0.00006104
0.42085651,0.00006104
0.42117651,0.00006104
0.42149651,0.00006104
0.42181651,0.00006104
0.42213651,0.00006104
0.42245651,0.00006104
0.42277651,0.00006104
0.42309651,0.00006104
0.42341651,0.00006104
0.42373651,0.00006104
0.42405651,0.00006104
0.42437651,0.00006104
0.42469651,0.00006104
0.42501651,0.00006104
0.42533651,0.00006104
0.42565651,0.00006104
0.42597651,0.00006104
0.42629651,0.00006104
0.42661651,0.00006104
0.42693651,0.00006104
0.42725651,0.00006104
0.42757651,0.00006104
0.42789651,0.00006104
0.42821651,0.00006104
0.42853651,0.00006104
0.42885651,0.00006104
0.42917651,0.00006104
0.42949651,0.00006104
0.42981651,0.00006104
0.43013651,0.00006104
0.43045651,0.00006104
0.43077651,0.00006104
0.43109651,0.00006104
0.43141651,0.00006104
0.43173651,0.00006104
0.43205651,0.00006104
0.43237651,0.00006104
0.43269651,0.00006104
0.43301651,0.00006104
0.43333651,0.00006104
0.43365651,0.00006104
0.43397651,0.00006104
0.43429651,0.00006104
0.43461651,0.00006104
0.43493651,0.00006104
0.43525651,0.00006104
0.43557651,0.00006104
0.43589651,0.00006104
0.43621651,0.00006104
0.43653651,0.00006104
0.43685651,0.00006104
0.43717651,0.00006104
0.43749651,0.00006104
0.43781651,0.00006104
0.43813651,0.00006104
0.43845651,0.00006104
0.43877651,0.00006104
0.43909651,0.00006104
0.43941651,0.00006104
0.43973651,0.00006104
0.44005651,0.00006104
0.44037651,0.00006104
0.44069651,0.00006104
0.44101651,0.00006104
0.44133651,0.00006104
0.44165651,0.00006104
0.44197651,0.00006104
0.44229651,0.00006104
0.44261651,0.00006104
0.44293651,0.00006104
0.44325651,0.00006104
0.44357651,0.00006104
0.44389651,0.00006104
0.44421651,0.00006104
0.44453651,0.00006104
0.44485651,0.00006104
0.44517651,0.00006104
0.44549651,0.00006104
0.44581651,0.00006104
0.44613651,0.00006104
0.44645651,0.00006104
0.44677651,0.00006104
0.44709651,0.01788385
0.44741651,0.00006104
0.44773651,0.00006104
0.44805651,0.00006104
0.44837651,0.00006104
0.44869651,0.00006104
0.44901651,0.00006104
0.44933651,0.00006104
0.44965651,0.00006104
0.44997651,-0.01770074
0.45029651,0.00006104
0.45061651,0.00006104
0.45093651,0.00006104
0.45125651,0.00006104
0.45157651,0.00006104
0.45189651,0.00006104
0.45221651,0.00006104
0.45253651,0.00006104
0.45285651,0.00006104
0.45317651,0.00006104
0.45349651,0.00006104
0.45381651,0.00006104
0.45413651,0.00006104
0.45445651,0.00006104
0.45477651,0.00006104
0.45509651,0.00006104
0.45541651,0.00006104
0.45573651,0.00006104
0.45605651,0.00006104
0.45637651,0.00006104
0.45669651,0.00006104
0.45701651,0.00006104
0.45733651,0.00006104
0.45765651,0.00006104
0.45797651,0.00006104
0.45829651,0.00006104
0.45861651,0.00006104
0.45893651,0.00006104
0.45925651,0.00006104
0.45957651,0.00006104
0.45989651,0.00006104
0.46021651,0.00006104
0.46053651,0.00006104
0.46085651,0.00006104
0.46117651,0.00006104
0.46149651,0.00006104
0.46181651,0.00006104
0.46213651,0.00006104
0.46245651,0.00006104
0.46277651,0.00006104
0.46309651,0.00006104
0.46341651,0.00006104
0.46373651,0.00006104
0.46405651,0.00006104
0.46437651,0.00006104
0.46469651,0.00006104
0.46501651,0.00006104
0.46533651,0.00006104
0.46565651,0.00006104
0.46597651,0.00006104
0.46629651,0.00006104
0.46661651,0.00006104
0.46693651,0.00006104
0.46725651,0.00006104
0.46757651,0.00006104
0.46789651,0.00006104
0.46821651,0.00006104
0.46853651,0.00006104
0.46885651,0.00006104
0.46917651,0.00006104
0.46949651,0.00006104
0.46981651,0.00006104
0.47013651,0.00006104
0.47045651,0.00006104
0.47077651,0.00006104
0.47109651,0.00006104
0.47141651,0.00006104
0.47173651,0.00006104
0.47205651,0.00006104
0.47237651,0.00006104
0.47269651,0.00006104
0.47301651,0.00006104
0.47333651,0.00006104
0.47365651,0.00006104
0.47397651,0.00006104
0.47429651,0.00006104
0.47461651,0.00006104
0.47493651,0.00006104
0.47525651,0.00006104
0.47557651,0.00006104
0.47589651,0.00006104
0.47621651,0.00006104
0.47653651,0.00006104
0.47685651,0.00006104
0.47717651,0.00006104
0.47749651,0.00006104
0.47781651,0.00006104
0.47813651,0.00006104
0.47845651,0.00006104
0.47877651,0.00006104
0.47909651,0.00006104
0.47941651,0.00006104
0.47973651,0.00006104
0.48005651,0.00006104
0.48037651,0.00006104
0.48069651,0.00006104
0.48101651,0.00006104
0.48133651,0.00006104
0.48165651,0.00006104
0.48197651,0.00006104
0.48229651,0.00006104
0.48261651,0.00006104
0.48293651,0.00006104
0.48325651,-0.01770074
0.48357651,0.00006104
0.48389651,0.00006104
0.48421651,0.00006104
0.48453651,0.00006104
0.48485651,0.00006104
0.48517651,0.00006104
0.48549651,0.00006104
0.48581651,0.00006104
0.48613651,0.00006104
0.48645651,0.00006104
0.48677651,0.00006104
0.48709651,0.00006104
0.48741651,0.00006104
0.48773651,0.00006104
0.48805651,0.00006104
0.48837651,0.00006104
0.48869651,0.00006104
0.48901651,0.00006104
0.48933651,0.00006104
0.48965651,0.00006104
0.48997651,0.00006104
0.49029651,0.00006104
0.49061651,0.00006104
0.49093651,0.00006104
0.49125651,0.00006104
0.49157651,0.00006104
0.49189651,0.00006104
0.49221651,0.00006104
0.49253651,0.00006104
0.49285651,0.00006104
0.49317651,0.00006104
0.49349651,0.00006104
0.49381651,0.00006104
0.49413651,0.00006104
0.49445651,0.00006104
0.49477651,0.00006104
0.49509651,0.00006104
0.49541651,0.00006104
0.49573651,-0.96114993
0.49605651,-0.19574572
0.49637651,0.23145238
0.49669651,0.23145238
0.49701651,0.07129124
0.49733651,-0.01770074
0.49765651,-0.05334635
0.49797651,-0.03552354
0.49829651,-0.03552354
0.49861651,-0.08893093
0.49893651,-1.01455736
0.49925651,-1.78002262
0.49957651,-0.81875056
0.49989651,0.37385175
0.50021651,0.24921414
0.50053651,0.12469863
0.50085651,0.07129124
0.50117651,0.05346843
0.50149651,0.03570665
0.50181651,0.03570665
0.50213651,0.01788385
0.50245651,0.01788385
0.50277651,0.03570665
0.50309651,0.03570665
0.50341651,0.03570665
0.50373651,0.01788385
0.50405651,0.01788385
0.50437651,0.00006104
0.50469651,0.01788385
0.50501651,0.01788385
0.50533651,0.03570665
0.50565651,0.03570665
0.50597651,0.07129124
0.50629651,0.07129124
0.50661651,0.07129124
0.50693651,0.05346843
0.50725651,0.05346843
0.50757651,0.05346843
0.50789651,0.03570665
0.50821651,0.07129124
0.50853651,0.08911405
0.50885651,0.05346843
0.50917651,0.03570665
0.50949651,0.03570665
0.50981651,0.03570665
0.51013651,0.01788385
0.51045651,0.00006104
0.51077651,-0.01770074
0.51109651,-0.01770074
0.51141651,-0.03552354
0.51173651,0.01788385
0.51205651,0.00006104
0.51237651,0.00006104
0.51269651,0.05346843
0.51301651,-0.01770074
0.51333651,-0.01770074
0.51365651,0.01788385
0.51397651,-0.03552354
0.51429651,0.00006104
0.51461651,0.05346843
0.51493651,0.01788385
0.51525651,0.03570665
0.51557651,0.03570665
0.51589651,0.03570665
0.51621651,0.01788385
0.51653651,0.00006104
0.51685651,0.01788385
0.51717651,0.00006104
0.51749651,0.03570665
0.51781651,0.03570665
0.51813651,0.00006104
0.51845651,0.00006104
0.51877651,0.03570665
0.51909651,0.01788385
0.51941651,0.01788385
0.51973651,0.01788385
0.52005651,-0.01770074
