Time,Channel A
(ms),(V)

-1.48067856,0.01788385
-1.48035856,0.01788385
-1.48003856,0.03570665
-1.47971856,0.01788385
-1.47939856,0.01788385
-1.47907856,0.01788385
-1.47875856,0.01788385
-1.47843856,0.00006104
-1.47811856,0.01788385
-1.47779856,0.03570665
-1.47747856,0.01788385
-1.47715856,0.00006104
-1.47683856,0.01788385
-1.47651856,0.01788385
-1.47619856,0.00006104
-1.47587856,0.01788385
-1.47555856,0.00006104
-1.47523856,-0.01770074
-1.47491856,0.01788385
-1.47459856,0.00006104
-1.47427856,0.00006104
-1.47395856,0.01788385
-1.47363856,0.03570665
-1.47331856,0.01788385
-1.47299856,0.01788385
-1.47267856,0.01788385
-1.47235856,0.00006104
-1.47203856,0.01788385
-1.47171856,0.01788385
-1.47139856,0.00006104
-1.47107856,0.03570665
-1.47075856,0.01788385
-1.47043856,0.00006104
-1.47011856,0.00006104
-1.46979856,0.00006104
-1.46947856,0.00006104
-1.46915856,0.00006104
-1.46883856,-0.01770074
-1.46851856,-0.01770074
-1.46819856,0.00006104
-1.46787856,0.00006104
-1.46755856,0.01788385
-1.46723856,0.01788385
-1.46691856,0.00006104
-1.46659856,0.01788385
-1.46627856,0.01788385
-1.46595856,0.00006104
-1.46563856,0.01788385
-1.46531856,0.00006104
-1.46499856,0.00006104
-1.46467856,0.01788385
-1.46435856,0.00006104
-1.46403856,0.00006104
-1.46371856,0.00006104
-1.46339856,0.00006104
-1.46307856,-0.01770074
-1.46275856,0.00006104
-1.46243856,0.00006104
-1.46211856,0.00006104
-1.46179856,0.00006104
-1.46147856,0.00006104
-1.46115856,0.01788385
-1.46083856,0.01788385
-1.46051856,0.00006104
-1.46019856,0.00006104
-1.45987856,0.01788385
-1.45955856,0.00006104
-1.45923856,0.00006104
-1.45891856,0.00006104
-1.45859856,0.00006104
-1.45827856,0.00006104
-1.45795856,0.00006104
-1.45763856,0.00006104
-1.45731856,0.00006104
-1.45699856,0.00006104
-1.45667856,0.00006104
-1.45635856,0.00006104
-1.45603856,0.00006104
-1.45571856,0.00006104
-1.45539856,0.00006104
-1.45507856,0.00006104
-1.45475856,0.00006104
-1.45443856,0.01788385
-1.45411856,0.00006104
-1.45379856,0.00006104
-1.45347856,0.01788385
-1.45315856,0.00006104
-1.45283856,0.00006104
-1.45251856,0.00006104
-1.45219856,0.00006104
-1.45187856,0.00006104
-1.45155856,0.00006104
-1.45123856,0.00006104
-1.45091856,-0.01770074
-1.45059856,-0.01770074
-1.45027856,0.00006104
-1.44995856,0.00006104
-1.44963856,0.00006104
-1.44931856,0.00006104
-1.44899856,-0.01770074
-1.44867856,0.00006104
-1.44835856,0.00006104
-1.44803856,0.00006104
-1.44771856,0.00006104
-1.44739856,0.00006104
-1.44707856,0.00006104
-1.44675856,0.01788385
-1.44643856,0.00006104
-1.44611856,0.00006104
-1.44579856,0.00006104
-1.44547856,0.00006104
-1.44515856,0.00006104
-1.44483856,0.00006104
-1.44451856,0.00006104
-1.44419856,0.00006104
-1.44387856,0.00006104
-1.44355856,0.00006104
-1.44323856,0.00006104
-1.44291856,0.00006104
-1.44259856,0.00006104
-1.44227856,0.00006104
-1.44195856,0.00006104
-1.44163856,0.00006104
-1.44131856,0.00006104
-1.44099856,0.00006104
-1.44067856,0.00006104
-1.44035856,0.00006104
-1.44003856,0.00006104
-1.43971856,0.00006104
-1.43939856,0.00006104
-1.43907856,0.00006104
-1.43875856,0.00006104
-1.43843856,0.00006104
-1.43811856,0.00006104
-1.43779856,0.00006104
-1.43747856,0.00006104
-1.43715856,0.00006104
-1.43683856,0.00006104
-1.43651856,0.00006104
-1.43619856,0.00006104
-1.43587856,0.00006104
-1.43555856,0.00006104
-1.43523856,0.00006104
-1.43491856,0.00006104
-1.43459856,0.00006104
-1.43427856,0.00006104
-1.43395856,0.00006104
-1.43363856,0.00006104
-1.43331856,0.00006104
-1.43299856,0.00006104
-1.43267856,0.00006104
-1.43235856,0.00006104
-1.43203856,0.00006104
-1.43171856,0.00006104
-1.43139856,0.00006104
-1.43107856,0.00006104
-1.43075856,0.00006104
-1.43043856,0.00006104
-1.43011856,0.00006104
-1.42979856,0.00006104
-1.42947856,0.00006104
-1.42915856,0.00006104
-1.42883856,0.00006104
-1.42851856,0.00006104
-1.42819856,0.00006104
-1.42787856,0.00006104
-1.42755856,0.00006104
-1.42723856,-0.01770074
-1.42691856,0.00006104
-1.42659856,0.00006104
-1.42627856,0.00006104
-1.42595856,0.00006104
-1.42563856,0.00006104
-1.42531856,0.00006104
-1.42499856,0.00006104
-1.42467856,0.00006104
-1.42435856,0.00006104
-1.42403856,0.00006104
-1.42371856,0.00006104
-1.42339856,0.00006104
-1.42307856,0.00006104
-1.42275856,0.00006104
-1.42243856,0.00006104
-1.42211856,0.00006104
-1.42179856,0.00006104
-1.42147856,0.00006104
-1.42115856,0.00006104
-1.42083856,0.00006104
-1.42051856,0.00006104
-1.42019856,0.00006104
-1.41987856,0.00006104
-1.41955856,0.00006104
-1.41923856,0.00006104
-1.41891856,0.00006104
-1.41859856,0.00006104
-1.41827856,0.00006104
-1.41795856,0.00006104
-1.41763856,0.00006104
-1.41731856,0.00006104
-1.41699856,0.00006104
-1.41667856,0.00006104
-1.41635856,0.00006104
-1.41603856,0.00006104
-1.41571856,0.00006104
-1.41539856,0.00006104
-1.41507856,0.00006104
-1.41475856,0.00006104
-1.41443856,0.00006104
-1.41411856,0.00006104
-1.41379856,0.00006104
-1.41347856,0.00006104
-1.41315856,0.00006104
-1.41283856,0.00006104
-1.41251856,0.00006104
-1.41219856,0.00006104
-1.41187856,0.00006104
-1.41155856,0.00006104
-1.41123856,0.00006104
-1.41091856,0.00006104
-1.41059856,0.00006104
-1.41027856,0.00006104
-1.40995856,0.00006104
-1.40963856,0.00006104
-1.40931856,0.00006104
-1.40899856,0.00006104
-1.40867856,0.00006104
-1.40835856,0.00006104
-1.40803856,-0.01770074
-1.40771856,0.00006104
-1.40739856,0.00006104
-1.40707856,0.00006104
-1.40675856,0.00006104
-1.40643856,0.00006104
-1.40611856,0.00006104
-1.40579856,0.00006104
-1.40547856,0.00006104
-1.40515856,0.00006104
-1.40483856,0.00006104
-1.40451856,0.00006104
-1.40419856,0.00006104
-1.40387856,0.00006104
-1.40355856,-0.01770074
-1.40323856,0.00006104
-1.40291856,0.00006104
-1.40259856,0.00006104
-1.40227856,0.00006104
-1.40195856,0.00006104
-1.40163856,0.00006104
-1.40131856,0.00006104
-1.40099856,0.00006104
-1.40067856,0.00006104
-1.40035856,0.00006104
-1.40003856,0.00006104
-1.39971856,0.00006104
-1.39939856,0.00006104
-1.39907856,0.00006104
-1.39875856,0.00006104
-1.39843856,0.00006104
-1.39811856,0.00006104
-1.39779856,-0.01770074
-1.39747856,0.00006104
-1.39715856,0.00006104
-1.39683856,0.00006104
-1.39651856,0.00006104
-1.39619856,0.00006104
-1.39587856,0.00006104
-1.39555856,-0.01770074
-1.39523856,0.00006104
-1.39491856,-0.01770074
-1.39459856,0.00006104
-1.39427856,0.00006104
-1.39395856,0.00006104
-1.39363856,-0.01770074
-1.39331856,0.00006104
-1.39299856,0.00006104
-1.39267856,0.00006104
-1.39235856,0.00006104
-1.39203856,0.00006104
-1.39171856,0.00006104
-1.39139856,0.00006104
-1.39107856,0.00006104
-1.39075856,0.00006104
-1.39043856,0.00006104
-1.39011856,0.00006104
-1.38979856,0.00006104
-1.38947856,-0.01770074
-1.38915856,0.00006104
-1.38883856,0.00006104
-1.38851856,0.00006104
-1.38819856,0.00006104
-1.38787856,0.00006104
-1.38755856,0.00006104
-1.38723856,0.00006104
-1.38691856,0.00006104
-1.38659856,0.00006104
-1.38627856,0.00006104
-1.38595856,0.00006104
-1.38563856,0.00006104
-1.38531856,-0.01770074
-1.38499856,0.00006104
-1.38467856,0.00006104
-1.38435856,0.00006104
-1.38403856,0.00006104
-1.38371856,0.00006104
-1.38339856,0.00006104
-1.38307856,0.00006104
-1.38275856,0.00006104
-1.38243856,0.00006104
-1.38211856,0.00006104
-1.38179856,0.00006104
-1.38147856,0.00006104
-1.38115856,0.00006104
-1.38083856,0.00006104
-1.38051856,0.00006104
-1.38019856,0.00006104
-1.37987856,0.00006104
-1.37955856,0.00006104
-1.37923856,-0.01770074
-1.37891856,0.00006104
-1.37859856,0.00006104
-1.37827856,0.00006104
-1.37795856,0.00006104
-1.37763856,0.00006104
-1.37731856,0.00006104
-1.37699856,0.00006104
-1.37667856,0.00006104
-1.37635856,0.00006104
-1.37603856,0.00006104
-1.37571856,0.00006104
-1.37539856,0.00006104
-1.37507856,0.00006104
-1.37475856,0.00006104
-1.37443856,0.00006104
-1.37411856,0.00006104
-1.37379856,0.00006104
-1.37347856,0.00006104
-1.37315856,0.00006104
-1.37283856,-0.01770074
-1.37251856,0.00006104
-1.37219856,0.00006104
-1.37187856,0.00006104
-1.37155856,0.00006104
-1.37123856,0.00006104
-1.37091856,0.00006104
-1.37059856,0.00006104
-1.37027856,0.00006104
-1.36995856,0.00006104
-1.36963856,0.00006104
-1.36931856,0.00006104
-1.36899856,0.00006104
-1.36867856,0.00006104
-1.36835856,0.00006104
-1.36803856,0.00006104
-1.36771856,0.00006104
-1.36739856,0.00006104
-1.36707856,0.00006104
-1.36675856,0.00006104
-1.36643856,0.00006104
-1.36611856,0.00006104
-1.36579856,0.00006104
-1.36547856,0.00006104
-1.36515856,0.00006104
-1.36483856,0.00006104
-1.36451856,-0.01770074
-1.36419856,0.00006104
-1.36387856,0.00006104
-1.36355856,0.00006104
-1.36323856,0.00006104
-1.36291856,0.00006104
-1.36259856,0.00006104
-1.36227856,0.00006104
-1.36195856,0.00006104
-1.36163856,0.00006104
-1.36131856,0.00006104
-1.36099856,0.00006104
-1.36067856,0.00006104
-1.36035856,0.00006104
-1.36003856,0.00006104
-1.35971856,0.00006104
-1.35939856,0.00006104
-1.35907856,0.00006104
-1.35875856,0.00006104
-1.35843856,0.00006104
-1.35811856,0.00006104
-1.35779856,0.00006104
-1.35747856,0.00006104
-1.35715856,0.00006104
-1.35683856,0.00006104
-1.35651856,0.00006104
-1.35619856,0.00006104
-1.35587856,0.00006104
-1.35555856,0.00006104
-1.35523856,0.00006104
-1.35491856,0.00006104
-1.35459856,0.00006104
-1.35427856,0.00006104
-1.35395856,0.00006104
-1.35363856,-0.01770074
-1.35331856,0.00006104
-1.35299856,0.00006104
-1.35267856,0.00006104
-1.35235856,0.00006104
-1.35203856,0.00006104
-1.35171856,0.00006104
-1.35139856,0.00006104
-1.35107856,0.00006104
-1.35075856,0.00006104
-1.35043856,0.00006104
-1.35011856,0.00006104
-1.34979856,0.00006104
-1.34947856,0.00006104
-1.34915856,0.00006104
-1.34883856,0.00006104
-1.34851856,0.00006104
-1.34819856,0.00006104
-1.34787856,0.00006104
-1.34755856,0.00006104
-1.34723856,0.00006104
-1.34691856,0.00006104
-1.34659856,0.00006104
-1.34627856,0.00006104
-1.34595856,0.00006104
-1.34563856,0.00006104
-1.34531856,0.00006104
-1.34499856,0.00006104
-1.34467856,0.00006104
-1.34435856,0.00006104
-1.34403856,0.00006104
-1.34371856,0.00006104
-1.34339856,-0.01770074
-1.34307856,0.00006104
-1.34275856,0.00006104
-1.34243856,0.00006104
-1.34211856,0.00006104
-1.34179856,0.00006104
-1.34147856,0.00006104
-1.34115856,0.00006104
-1.34083856,0.00006104
-1.34051856,0.00006104
-1.34019856,0.00006104
-1.33987856,0.00006104
-1.33955856,0.00006104
-1.33923856,0.00006104
-1.33891856,0.00006104
-1.33859856,0.00006104
-1.33827856,0.00006104
-1.33795856,0.00006104
-1.33763856,0.00006104
-1.33731856,0.00006104
-1.33699856,0.00006104
-1.33667856,0.00006104
-1.33635856,-0.01770074
-1.33603856,0.00006104
-1.33571856,0.00006104
-1.33539856,0.00006104
-1.33507856,0.00006104
-1.33475856,0.00006104
-1.33443856,0.00006104
-1.33411856,0.00006104
-1.33379856,0.00006104
-1.33347856,0.00006104
-1.33315856,0.00006104
-1.33283856,0.00006104
-1.33251856,-0.01770074
-1.33219856,0.00006104
-1.33187856,0.00006104
-1.33155856,0.00006104
-1.33123856,0.00006104
-1.33091856,0.00006104
-1.33059856,0.00006104
-1.33027856,0.00006104
-1.32995856,0.00006104
-1.32963856,-0.01770074
-1.32931856,0.00006104
-1.32899856,-0.01770074
-1.32867856,0.00006104
-1.32835856,0.00006104
-1.32803856,0.00006104
-1.32771856,0.00006104
-1.32739856,0.00006104
-1.32707856,0.00006104
-1.32675856,0.00006104
-1.32643856,0.00006104
-1.32611856,-0.01770074
-1.32579856,0.00006104
-1.32547856,0.00006104
-1.32515856,0.00006104
-1.32483856,0.00006104
-1.32451856,0.00006104
-1.32419856,0.00006104
-1.32387856,0.00006104
-1.32355856,0.00006104
-1.32323856,0.00006104
-1.32291856,-0.01770074
-1.32259856,0.00006104
-1.32227856,0.00006104
-1.32195856,0.00006104
-1.32163856,0.00006104
-1.32131856,0.00006104
-1.32099856,0.00006104
-1.32067856,0.00006104
-1.32035856,0.00006104
-1.32003856,0.00006104
-1.31971856,0.00006104
-1.31939856,0.00006104
-1.31907856,0.00006104
-1.31875856,0.00006104
-1.31843856,-0.01770074
-1.31811856,0.00006104
-1.31779856,0.00006104
-1.31747856,0.00006104
-1.31715856,0.00006104
-1.31683856,0.00006104
-1.31651856,0.00006104
-1.31619856,0.00006104
-1.31587856,0.00006104
-1.31555856,-0.01770074
-1.31523856,0.00006104
-1.31491856,0.00006104
-1.31459856,0.00006104
-1.31427856,0.00006104
-1.31395856,0.00006104
-1.31363856,0.00006104
-1.31331856,0.00006104
-1.31299856,0.00006104
-1.31267856,0.00006104
-1.31235856,0.00006104
-1.31203856,-0.01770074
-1.31171856,0.00006104
-1.31139856,0.00006104
-1.31107856,0.00006104
-1.31075856,0.00006104
-1.31043856,0.00006104
-1.31011856,0.00006104
-1.30979856,-0.01770074
-1.30947856,0.00006104
-1.30915856,0.00006104
-1.30883856,0.00006104
-1.30851856,0.00006104
-1.30819856,0.00006104
-1.30787856,0.00006104
-1.30755856,0.00006104
-1.30723856,0.00006104
-1.30691856,0.00006104
-1.30659856,0.00006104
-1.30627856,0.00006104
-1.30595856,0.00006104
-1.30563856,0.00006104
-1.30531856,0.00006104
-1.30499856,0.00006104
-1.30467856,0.00006104
-1.30435856,0.00006104
-1.30403856,0.00006104
-1.30371856,0.00006104
-1.30339856,0.00006104
-1.30307856,0.00006104
-1.30275856,0.00006104
-1.30243856,0.00006104
-1.30211856,0.00006104
-1.30179856,0.00006104
-1.30147856,0.00006104
-1.30115856,0.00006104
-1.30083856,0.00006104
-1.30051856,0.00006104
-1.30019856,0.00006104
-1.29987856,0.00006104
-1.29955856,-0.01770074
-1.29923856,0.00006104
-1.29891856,0.00006104
-1.29859856,0.00006104
-1.29827856,0.00006104
-1.29795856,0.00006104
-1.29763856,0.00006104
-1.29731856,0.00006104
-1.29699856,0.00006104
-1.29667856,0.00006104
-1.29635856,0.00006104
-1.29603856,0.00006104
-1.29571856,0.00006104
-1.29539856,0.00006104
-1.29507856,0.00006104
-1.29475856,0.00006104
-1.29443856,0.00006104
-1.29411856,0.00006104
-1.29379856,0.00006104
-1.29347856,0.00006104
-1.29315856,0.00006104
-1.29283856,0.00006104
-1.29251856,0.00006104
-1.29219856,0.00006104
-1.29187856,0.00006104
-1.29155856,0.00006104
-1.29123856,-0.01770074
-1.29091856,0.00006104
-1.29059856,0.00006104
-1.29027856,0.00006104
-1.28995856,0.00006104
-1.28963856,0.00006104
-1.28931856,0.00006104
-1.28899856,-0.01770074
-1.28867856,0.00006104
-1.28835856,0.00006104
-1.28803856,0.00006104
-1.28771856,0.00006104
-1.28739856,0.00006104
-1.28707856,0.00006104
-1.28675856,0.00006104
-1.28643856,0.00006104
-1.28611856,0.00006104
-1.28579856,0.00006104
-1.28547856,0.00006104
-1.28515856,0.00006104
-1.28483856,0.00006104
-1.28451856,0.00006104
-1.28419856,0.00006104
-1.28387856,0.00006104
-1.28355856,0.00006104
-1.28323856,-0.01770074
-1.28291856,0.00006104
-1.28259856,0.00006104
-1.28227856,0.00006104
-1.28195856,-0.01770074
-1.28163856,0.00006104
-1.28131856,0.00006104
-1.28099856,-0.01770074
-1.28067856,0.00006104
-1.28035856,0.00006104
-1.28003856,-0.01770074
-1.27971856,-0.01770074
-1.27939856,0.00006104
-1.27907856,0.00006104
-1.27875856,0.00006104
-1.27843856,0.00006104
-1.27811856,0.00006104
-1.27779856,0.00006104
-1.27747856,0.00006104
-1.27715856,0.00006104
-1.27683856,0.00006104
-1.27651856,0.00006104
-1.27619856,-0.01770074
-1.27587856,-0.01770074
-1.27555856,0.00006104
-1.27523856,0.00006104
-1.27491856,0.00006104
-1.27459856,0.00006104
-1.27427856,0.00006104
-1.27395856,0.00006104
-1.27363856,0.00006104
-1.27331856,0.00006104
-1.27299856,0.00006104
-1.27267856,0.00006104
-1.27235856,0.00006104
-1.27203856,0.00006104
-1.27171856,0.00006104
-1.27139856,0.00006104
-1.27107856,0.00006104
-1.27075856,0.00006104
-1.27043856,0.00006104
-1.27011856,0.00006104
-1.26979856,-0.01770074
-1.26947856,0.00006104
-1.26915856,0.00006104
-1.26883856,0.00006104
-1.26851856,-0.01770074
-1.26819856,0.00006104
-1.26787856,0.00006104
-1.26755856,0.00006104
-1.26723856,0.00006104
-1.26691856,0.00006104
-1.26659856,-0.01770074
-1.26627856,0.00006104
-1.26595856,0.00006104
-1.26563856,0.00006104
-1.26531856,0.00006104
-1.26499856,0.00006104
-1.26467856,0.00006104
-1.26435856,0.00006104
-1.26403856,0.00006104
-1.26371856,0.00006104
-1.26339856,0.00006104
-1.26307856,0.00006104
-1.26275856,0.00006104
-1.26243856,0.00006104
-1.26211856,0.00006104
-1.26179856,0.00006104
-1.26147856,-0.01770074
-1.26115856,0.00006104
-1.26083856,0.00006104
-1.26051856,0.00006104
-1.26019856,0.00006104
-1.25987856,-0.01770074
-1.25955856,0.00006104
-1.25923856,0.00006104
-1.25891856,0.00006104
-1.25859856,0.00006104
-1.25827856,0.00006104
-1.25795856,0.00006104
-1.25763856,0.00006104
-1.25731856,0.00006104
-1.25699856,0.00006104
-1.25667856,0.00006104
-1.25635856,0.00006104
-1.25603856,0.00006104
-1.25571856,0.00006104
-1.25539856,0.00006104
-1.25507856,0.00006104
-1.25475856,0.00006104
-1.25443856,0.00006104
-1.25411856,0.00006104
-1.25379856,0.00006104
-1.25347856,0.00006104
-1.25315856,0.00006104
-1.25283856,0.00006104
-1.25251856,0.00006104
-1.25219856,0.00006104
-1.25187856,0.00006104
-1.25155856,0.00006104
-1.25123856,-0.01770074
-1.25091856,0.00006104
-1.25059856,0.00006104
-1.25027856,0.00006104
-1.24995856,0.00006104
-1.24963856,0.00006104
-1.24931856,0.00006104
-1.24899856,-0.01770074
-1.24867856,0.00006104
-1.24835856,0.00006104
-1.24803856,0.00006104
-1.24771856,-0.01770074
-1.24739856,0.00006104
-1.24707856,0.00006104
-1.24675856,0.00006104
-1.24643856,0.00006104
-1.24611856,0.00006104
-1.24579856,0.00006104
-1.24547856,0.00006104
-1.24515856,0.00006104
-1.24483856,0.00006104
-1.24451856,0.00006104
-1.24419856,0.00006104
-1.24387856,0.00006104
-1.24355856,0.00006104
-1.24323856,0.00006104
-1.24291856,0.00006104
-1.24259856,0.00006104
-1.24227856,0.00006104
-1.24195856,0.00006104
-1.24163856,0.00006104
-1.24131856,0.00006104
-1.24099856,0.00006104
-1.24067856,0.00006104
-1.24035856,0.00006104
-1.24003856,-0.01770074
-1.23971856,-0.01770074
-1.23939856,0.00006104
-1.23907856,0.00006104
-1.23875856,0.00006104
-1.23843856,0.00006104
-1.23811856,0.00006104
-1.23779856,0.00006104
-1.23747856,0.00006104
-1.23715856,0.00006104
-1.23683856,0.00006104
-1.23651856,0.00006104
-1.23619856,0.00006104
-1.23587856,0.00006104
-1.23555856,0.00006104
-1.23523856,0.00006104
-1.23491856,0.00006104
-1.23459856,0.00006104
-1.23427856,0.00006104
-1.23395856,0.00006104
-1.23363856,-0.01770074
-1.23331856,-0.01770074
-1.23299856,-0.01770074
-1.23267856,0.00006104
-1.23235856,-0.01770074
-1.23203856,0.00006104
-1.23171856,0.00006104
-1.23139856,0.00006104
-1.23107856,0.00006104
-1.23075856,0.00006104
-1.23043856,0.00006104
-1.23011856,0.00006104
-1.22979856,0.00006104
-1.22947856,0.00006104
-1.22915856,0.00006104
-1.22883856,0.00006104
-1.22851856,0.00006104
-1.22819856,0.00006104
-1.22787856,0.00006104
-1.22755856,0.00006104
-1.22723856,0.00006104
-1.22691856,0.00006104
-1.22659856,0.00006104
-1.22627856,0.00006104
-1.22595856,0.00006104
-1.22563856,0.00006104
-1.22531856,0.00006104
-1.22499856,0.00006104
-1.22467856,0.00006104
-1.22435856,0.00006104
-1.22403856,0.00006104
-1.22371856,-0.01770074
-1.22339856,0.00006104
-1.22307856,0.00006104
-1.22275856,0.00006104
-1.22243856,0.00006104
-1.22211856,0.00006104
-1.22179856,0.00006104
-1.22147856,0.00006104
-1.22115856,0.00006104
-1.22083856,0.00006104
-1.22051856,0.00006104
-1.22019856,0.00006104
-1.21987856,0.00006104
-1.21955856,0.00006104
-1.21923856,0.00006104
-1.21891856,0.00006104
-1.21859856,0.00006104
-1.21827856,0.00006104
-1.21795856,0.00006104
-1.21763856,0.00006104
-1.21731856,0.00006104
-1.21699856,-0.01770074
-1.21667856,-0.01770074
-1.21635856,0.00006104
-1.21603856,0.00006104
-1.21571856,0.00006104
-1.21539856,-0.01770074
-1.21507856,-0.01770074
-1.21475856,0.00006104
-1.21443856,-0.01770074
-1.21411856,0.00006104
-1.21379856,0.00006104
-1.21347856,0.00006104
-1.21315856,0.00006104
-1.21283856,0.00006104
-1.21251856,0.00006104
-1.21219856,0.00006104
-1.21187856,0.00006104
-1.21155856,0.00006104
-1.21123856,0.00006104
-1.21091856,-0.01770074
-1.21059856,0.00006104
-1.21027856,0.00006104
-1.20995856,0.00006104
-1.20963856,-0.01770074
-1.20931856,0.00006104
-1.20899856,0.00006104
-1.20867856,0.00006104
-1.20835856,0.00006104
-1.20803856,0.00006104
-1.20771856,0.00006104
-1.20739856,0.00006104
-1.20707856,0.00006104
-1.20675856,0.00006104
-1.20643856,0.00006104
-1.20611856,0.00006104
-1.20579856,0.00006104
-1.20547856,0.00006104
-1.20515856,0.00006104
-1.20483856,-0.01770074
-1.20451856,0.00006104
-1.20419856,0.00006104
-1.20387856,0.00006104
-1.20355856,0.00006104
-1.20323856,0.00006104
-1.20291856,0.00006104
-1.20259856,0.00006104
-1.20227856,0.00006104
-1.20195856,0.00006104
-1.20163856,0.00006104
-1.20131856,0.00006104
-1.20099856,0.00006104
-1.20067856,0.00006104
-1.20035856,0.00006104
-1.20003856,0.00006104
-1.19971856,0.00006104
-1.19939856,-0.01770074
-1.19907856,0.00006104
-1.19875856,0.00006104
-1.19843856,0.00006104
-1.19811856,0.00006104
-1.19779856,0.00006104
-1.19747856,0.00006104
-1.19715856,0.00006104
-1.19683856,0.00006104
-1.19651856,0.00006104
-1.19619856,0.00006104
-1.19587856,0.00006104
-1.19555856,0.00006104
-1.19523856,0.00006104
-1.19491856,0.00006104
-1.19459856,0.00006104
-1.19427856,-0.01770074
-1.19395856,0.00006104
-1.19363856,0.00006104
-1.19331856,0.00006104
-1.19299856,0.00006104
-1.19267856,-0.01770074
-1.19235856,0.00006104
-1.19203856,0.00006104
-1.19171856,0.00006104
-1.19139856,0.00006104
-1.19107856,0.00006104
-1.19075856,0.00006104
-1.19043856,0.00006104
-1.19011856,0.00006104
-1.18979856,0.00006104
-1.18947856,0.00006104
-1.18915856,0.00006104
-1.18883856,0.00006104
-1.18851856,0.00006104
-1.18819856,0.00006104
-1.18787856,0.00006104
-1.18755856,0.00006104
-1.18723856,0.00006104
-1.18691856,0.00006104
-1.18659856,0.00006104
-1.18627856,0.00006104
-1.18595856,0.00006104
-1.18563856,0.00006104
-1.18531856,0.00006104
-1.18499856,0.00006104
-1.18467856,0.00006104
-1.18435856,-0.01770074
-1.18403856,0.00006104
-1.18371856,0.00006104
-1.18339856,0.00006104
-1.18307856,0.00006104
-1.18275856,0.00006104
-1.18243856,0.00006104
-1.18211856,0.00006104
-1.18179856,0.00006104
-1.18147856,0.00006104
-1.18115856,0.00006104
-1.18083856,0.00006104
-1.18051856,0.00006104
-1.18019856,0.00006104
-1.17987856,0.00006104
-1.17955856,0.00006104
-1.17923856,0.00006104
-1.17891856,0.00006104
-1.17859856,0.00006104
-1.17827856,0.00006104
-1.17795856,0.00006104
-1.17763856,0.00006104
-1.17731856,0.00006104
-1.17699856,0.00006104
-1.17667856,0.00006104
-1.17635856,0.00006104
-1.17603856,0.00006104
-1.17571856,0.00006104
-1.17539856,0.00006104
-1.17507856,0.00006104
-1.17475856,0.00006104
-1.17443856,0.00006104
-1.17411856,0.00006104
-1.17379856,0.00006104
-1.17347856,0.00006104
-1.17315856,0.00006104
-1.17283856,0.00006104
-1.17251856,0.00006104
-1.17219856,0.00006104
-1.17187856,0.00006104
-1.17155856,0.00006104
-1.17123856,0.00006104
-1.17091856,0.00006104
-1.17059856,-0.01770074
-1.17027856,0.00006104
-1.16995856,0.00006104
-1.16963856,0.00006104
-1.16931856,0.00006104
-1.16899856,0.00006104
-1.16867856,0.00006104
-1.16835856,-0.01770074
-1.16803856,0.00006104
-1.16771856,0.00006104
-1.16739856,0.00006104
-1.16707856,0.00006104
-1.16675856,0.00006104
-1.16643856,0.00006104
-1.16611856,0.00006104
-1.16579856,0.00006104
-1.16547856,0.00006104
-1.16515856,0.00006104
-1.16483856,0.00006104
-1.16451856,0.00006104
-1.16419856,0.00006104
-1.16387856,0.00006104
-1.16355856,0.00006104
-1.16323856,0.00006104
-1.16291856,0.00006104
-1.16259856,0.00006104
-1.16227856,0.00006104
-1.16195856,0.00006104
-1.16163856,0.00006104
-1.16131856,0.00006104
-1.16099856,0.00006104
-1.16067856,0.00006104
-1.16035856,-0.01770074
-1.16003856,0.00006104
-1.15971856,0.00006104
-1.15939856,0.00006104
-1.15907856,0.00006104
-1.15875856,0.00006104
-1.15843856,0.00006104
-1.15811856,0.00006104
-1.15779856,0.00006104
-1.15747856,0.00006104
-1.15715856,0.00006104
-1.15683856,0.00006104
-1.15651856,0.00006104
-1.15619856,0.00006104
-1.15587856,0.00006104
-1.15555856,0.00006104
-1.15523856,0.00006104
-1.15491856,0.00006104
-1.15459856,0.00006104
-1.15427856,0.00006104
-1.15395856,0.00006104
-1.15363856,0.00006104
-1.15331856,0.00006104
-1.15299856,0.00006104
-1.15267856,-0.01770074
-1.15235856,0.00006104
-1.15203856,0.00006104
-1.15171856,0.00006104
-1.15139856,0.00006104
-1.15107856,-0.01770074
-1.15075856,0.00006104
-1.15043856,0.00006104
-1.15011856,0.00006104
-1.14979856,0.00006104
-1.14947856,0.00006104
-1.14915856,0.00006104
-1.14883856,0.00006104
-1.14851856,0.00006104
-1.14819856,0.00006104
-1.14787856,0.00006104
-1.14755856,0.00006104
-1.14723856,0.00006104
-1.14691856,0.00006104
-1.14659856,0.00006104
-1.14627856,0.00006104
-1.14595856,0.00006104
-1.14563856,0.00006104
-1.14531856,0.00006104
-1.14499856,0.00006104
-1.14467856,0.00006104
-1.14435856,0.00006104
-1.14403856,0.00006104
-1.14371856,0.00006104
-1.14339856,0.00006104
-1.14307856,0.00006104
-1.14275856,0.00006104
-1.14243856,0.00006104
-1.14211856,0.00006104
-1.14179856,0.00006104
-1.14147856,0.00006104
-1.14115856,0.00006104
-1.14083856,0.00006104
-1.14051856,0.00006104
-1.14019856,0.00006104
-1.13987856,0.00006104
-1.13955856,0.00006104
-1.13923856,0.00006104
-1.13891856,0.00006104
-1.13859856,0.00006104
-1.13827856,0.00006104
-1.13795856,0.00006104
-1.13763856,0.00006104
-1.13731856,0.00006104
-1.13699856,0.00006104
-1.13667856,0.00006104
-1.13635856,0.00006104
-1.13603856,0.00006104
-1.13571856,0.00006104
-1.13539856,0.00006104
-1.13507856,0.00006104
-1.13475856,0.00006104
-1.13443856,0.00006104
-1.13411856,0.00006104
-1.13379856,0.00006104
-1.13347856,0.00006104
-1.13315856,0.00006104
-1.13283856,0.00006104
-1.13251856,0.00006104
-1.13219856,0.00006104
-1.13187856,0.00006104
-1.13155856,0.00006104
-1.13123856,0.00006104
-1.13091856,0.00006104
-1.13059856,0.00006104
-1.13027856,0.00006104
-1.12995856,0.00006104
-1.12963856,0.00006104
-1.12931856,0.00006104
-1.12899856,0.00006104
-1.12867856,0.00006104
-1.12835856,0.00006104
-1.12803856,0.00006104
-1.12771856,0.00006104
-1.12739856,0.00006104
-1.12707856,0.00006104
-1.12675856,-0.01770074
-1.12643856,0.00006104
-1.12611856,0.00006104
-1.12579856,0.00006104
-1.12547856,0.00006104
-1.12515856,0.00006104
-1.12483856,0.00006104
-1.12451856,0.00006104
-1.12419856,0.00006104
-1.12387856,0.00006104
-1.12355856,0.00006104
-1.12323856,0.00006104
-1.12291856,0.00006104
-1.12259856,0.00006104
-1.12227856,0.00006104
-1.12195856,0.00006104
-1.12163856,0.00006104
-1.12131856,0.00006104
-1.12099856,0.00006104
-1.12067856,0.00006104
-1.12035856,0.00006104
-1.12003856,0.00006104
-1.11971856,0.00006104
-1.11939856,-0.01770074
-1.11907856,-0.01770074
-1.11875856,0.00006104
-1.11843856,0.00006104
-1.11811856,0.00006104
-1.11779856,0.00006104
-1.11747856,0.00006104
-1.11715856,0.00006104
-1.11683856,0.00006104
-1.11651856,0.00006104
-1.11619856,0.00006104
-1.11587856,0.00006104
-1.11555856,0.00006104
-1.11523856,0.00006104
-1.11491856,0.00006104
-1.11459856,0.00006104
-1.11427856,0.00006104
-1.11395856,0.00006104
-1.11363856,0.00006104
-1.11331856,0.00006104
-1.11299856,0.00006104
-1.11267856,0.00006104
-1.11235856,0.00006104
-1.11203856,0.00006104
-1.11171856,0.00006104
-1.11139856,0.00006104
-1.11107856,0.00006104
-1.11075856,0.00006104
-1.11043856,0.00006104
-1.11011856,0.00006104
-1.10979856,0.00006104
-1.10947856,0.00006104
-1.10915856,0.00006104
-1.10883856,0.00006104
-1.10851856,0.00006104
-1.10819856,0.00006104
-1.10787856,0.00006104
-1.10755856,0.00006104
-1.10723856,0.00006104
-1.10691856,0.00006104
-1.10659856,0.00006104
-1.10627856,0.00006104
-1.10595856,0.00006104
-1.10563856,0.00006104
-1.10531856,0.00006104
-1.10499856,0.00006104
-1.10467856,0.00006104
-1.10435856,0.00006104
-1.10403856,0.00006104
-1.10371856,0.00006104
-1.10339856,0.00006104
-1.10307856,0.00006104
-1.10275856,-0.01770074
-1.10243856,0.00006104
-1.10211856,0.00006104
-1.10179856,0.00006104
-1.10147856,0.00006104
-1.10115856,0.00006104
-1.10083856,0.00006104
-1.10051856,0.00006104
-1.10019856,0.00006104
-1.09987856,0.00006104
-1.09955856,0.00006104
-1.09923856,0.00006104
-1.09891856,0.00006104
-1.09859856,0.00006104
-1.09827856,0.00006104
-1.09795856,0.00006104
-1.09763856,0.00006104
-1.09731856,0.00006104
-1.09699856,0.00006104
-1.09667856,0.00006104
-1.09635856,0.00006104
-1.09603856,0.00006104
-1.09571856,0.00006104
-1.09539856,0.00006104
-1.09507856,-0.01770074
-1.09475856,0.00006104
-1.09443856,0.00006104
-1.09411856,0.00006104
-1.09379856,0.00006104
-1.09347856,0.00006104
-1.09315856,0.00006104
-1.09283856,0.00006104
-1.09251856,-0.01770074
-1.09219856,0.00006104
-1.09187856,0.00006104
-1.09155856,0.00006104
-1.09123856,0.00006104
-1.09091856,0.00006104
-1.09059856,0.00006104
-1.09027856,0.00006104
-1.08995856,0.00006104
-1.08963856,-0.01770074
-1.08931856,0.00006104
-1.08899856,0.00006104
-1.08867856,0.00006104
-1.08835856,0.00006104
-1.08803856,0.00006104
-1.08771856,0.00006104
-1.08739856,0.00006104
-1.08707856,0.00006104
-1.08675856,0.00006104
-1.08643856,0.00006104
-1.08611856,0.00006104
-1.08579856,0.00006104
-1.08547856,0.00006104
-1.08515856,-0.01770074
-1.08483856,0.00006104
-1.08451856,0.00006104
-1.08419856,0.00006104
-1.08387856,0.00006104
-1.08355856,0.00006104
-1.08323856,-0.01770074
-1.08291856,0.00006104
-1.08259856,0.00006104
-1.08227856,-0.01770074
-1.08195856,-0.01770074
-1.08163856,0.00006104
-1.08131856,0.00006104
-1.08099856,-0.01770074
-1.08067856,0.00006104
-1.08035856,-0.01770074
-1.08003856,0.00006104
-1.07971856,0.00006104
-1.07939856,0.00006104
-1.07907856,0.00006104
-1.07875856,0.00006104
-1.07843856,0.00006104
-1.07811856,0.00006104
-1.07779856,0.00006104
-1.07747856,0.00006104
-1.07715856,0.00006104
-1.07683856,0.00006104
-1.07651856,0.00006104
-1.07619856,0.00006104
-1.07587856,-0.01770074
-1.07555856,0.00006104
-1.07523856,0.00006104
-1.07491856,-0.01770074
-1.07459856,0.00006104
-1.07427856,-0.01770074
-1.07395856,0.00006104
-1.07363856,0.00006104
-1.07331856,0.00006104
-1.07299856,0.00006104
-1.07267856,0.00006104
-1.07235856,0.00006104
-1.07203856,-0.01770074
-1.07171856,-0.01770074
-1.07139856,0.00006104
-1.07107856,0.00006104
-1.07075856,0.00006104
-1.07043856,0.00006104
-1.07011856,0.00006104
-1.06979856,0.00006104
-1.06947856,0.00006104
-1.06915856,0.00006104
-1.06883856,0.00006104
-1.06851856,0.00006104
-1.06819856,0.00006104
-1.06787856,0.00006104
-1.06755856,0.00006104
-1.06723856,0.00006104
-1.06691856,0.00006104
-1.06659856,0.00006104
-1.06627856,0.00006104
-1.06595856,0.00006104
-1.06563856,0.00006104
-1.06531856,0.00006104
-1.06499856,0.00006104
-1.06467856,0.00006104
-1.06435856,0.00006104
-1.06403856,0.00006104
-1.06371856,0.00006104
-1.06339856,0.00006104
-1.06307856,-0.01770074
-1.06275856,0.00006104
-1.06243856,0.00006104
-1.06211856,0.00006104
-1.06179856,0.00006104
-1.06147856,0.00006104
-1.06115856,0.00006104
-1.06083856,0.00006104
-1.06051856,0.00006104
-1.06019856,-0.01770074
-1.05987856,0.00006104
-1.05955856,0.00006104
-1.05923856,0.00006104
-1.05891856,0.00006104
-1.05859856,0.00006104
-1.05827856,0.00006104
-1.05795856,0.00006104
-1.05763856,0.00006104
-1.05731856,0.00006104
-1.05699856,0.00006104
-1.05667856,0.00006104
-1.05635856,-0.01770074
-1.05603856,0.00006104
-1.05571856,0.00006104
-1.05539856,0.00006104
-1.05507856,0.00006104
-1.05475856,0.00006104
-1.05443856,0.00006104
-1.05411856,0.00006104
-1.05379856,0.00006104
-1.05347856,0.00006104
-1.05315856,0.00006104
-1.05283856,0.00006104
-1.05251856,0.00006104
-1.05219856,0.00006104
-1.05187856,0.00006104
-1.05155856,0.00006104
-1.05123856,0.00006104
-1.05091856,0.00006104
-1.05059856,0.00006104
-1.05027856,0.00006104
-1.04995856,0.00006104
-1.04963856,0.00006104
-1.04931856,0.00006104
-1.04899856,0.00006104
-1.04867856,0.00006104
-1.04835856,-0.01770074
-1.04803856,0.00006104
-1.04771856,0.00006104
-1.04739856,0.00006104
-1.04707856,0.00006104
-1.04675856,0.00006104
-1.04643856,0.00006104
-1.04611856,-0.01770074
-1.04579856,-0.01770074
-1.04547856,0.00006104
-1.04515856,0.00006104
-1.04483856,0.00006104
-1.04451856,0.00006104
-1.04419856,0.00006104
-1.04387856,0.00006104
-1.04355856,0.00006104
-1.04323856,0.00006104
-1.04291856,-0.01770074
-1.04259856,0.00006104
-1.04227856,0.00006104
-1.04195856,0.00006104
-1.04163856,-0.01770074
-1.04131856,0.00006104
-1.04099856,0.00006104
-1.04067856,0.00006104
-1.04035856,0.00006104
-1.04003856,0.00006104
-1.03971856,0.00006104
-1.03939856,0.00006104
-1.03907856,0.00006104
-1.03875856,0.00006104
-1.03843856,0.00006104
-1.03811856,0.00006104
-1.03779856,0.00006104
-1.03747856,0.00006104
-1.03715856,0.00006104
-1.03683856,0.00006104
-1.03651856,0.00006104
-1.03619856,0.00006104
-1.03587856,0.00006104
-1.03555856,0.00006104
-1.03523856,0.00006104
-1.03491856,0.00006104
-1.03459856,-0.01770074
-1.03427856,-0.01770074
-1.03395856,0.00006104
-1.03363856,0.00006104
-1.03331856,-0.01770074
-1.03299856,0.00006104
-1.03267856,-0.01770074
-1.03235856,0.00006104
-1.03203856,0.00006104
-1.03171856,0.00006104
-1.03139856,0.00006104
-1.03107856,0.00006104
-1.03075856,0.00006104
-1.03043856,0.00006104
-1.03011856,0.00006104
-1.02979856,0.00006104
-1.02947856,0.00006104
-1.02915856,0.00006104
-1.02883856,0.00006104
-1.02851856,-0.01770074
-1.02819856,0.00006104
-1.02787856,0.00006104
-1.02755856,0.00006104
-1.02723856,-0.01770074
-1.02691856,0.00006104
-1.02659856,0.00006104
-1.02627856,0.00006104
-1.02595856,-0.01770074
-1.02563856,0.00006104
-1.02531856,0.00006104
-1.02499856,0.00006104
-1.02467856,0.00006104
-1.02435856,0.00006104
-1.02403856,0.00006104
-1.02371856,0.00006104
-1.02339856,0.00006104
-1.02307856,0.00006104
-1.02275856,0.00006104
-1.02243856,0.00006104
-1.02211856,0.00006104
-1.02179856,0.00006104
-1.02147856,0.00006104
-1.02115856,0.00006104
-1.02083856,0.00006104
-1.02051856,0.00006104
-1.02019856,0.00006104
-1.01987856,0.00006104
-1.01955856,0.00006104
-1.01923856,0.00006104
-1.01891856,0.00006104
-1.01859856,0.00006104
-1.01827856,0.00006104
-1.01795856,0.00006104
-1.01763856,0.00006104
-1.01731856,-0.01770074
-1.01699856,0.00006104
-1.01667856,0.00006104
-1.01635856,0.00006104
-1.01603856,0.00006104
-1.01571856,0.00006104
-1.01539856,0.00006104
-1.01507856,0.00006104
-1.01475856,0.00006104
-1.01443856,0.00006104
-1.01411856,0.00006104
-1.01379856,0.00006104
-1.01347856,0.00006104
-1.01315856,0.00006104
-1.01283856,0.00006104
-1.01251856,0.00006104
-1.01219856,0.00006104
-1.01187856,0.00006104
-1.01155856,0.00006104
-1.01123856,-0.01770074
-1.01091856,0.00006104
-1.01059856,0.00006104
-1.01027856,0.00006104
-1.00995856,0.00006104
-1.00963856,0.00006104
-1.00931856,0.00006104
-1.00899856,0.00006104
-1.00867856,0.00006104
-1.00835856,0.00006104
-1.00803856,0.00006104
-1.00771856,0.00006104
-1.00739856,0.00006104
-1.00707856,0.00006104
-1.00675856,-0.01770074
-1.00643856,0.00006104
-1.00611856,-0.01770074
-1.00579856,0.00006104
-1.00547856,0.00006104
-1.00515856,0.00006104
-1.00483856,0.00006104
-1.00451856,-0.01770074
-1.00419856,0.00006104
-1.00387856,0.00006104
-1.00355856,0.00006104
-1.00323856,0.00006104
-1.00291856,0.00006104
-1.00259856,0.00006104
-1.00227856,0.00006104
-1.00195856,0.00006104
-1.00163856,0.00006104
-1.00131856,0.00006104
-1.00099856,0.00006104
-1.00067856,0.00006104
-1.00035856,-0.01770074
-1.00003856,0.89004183
-0.99971856,1.60209966
-0.99939856,0.60524309
-0.99907857,0.00006104
-0.99875857,-0.14233834
-0.99843857,-0.10669271
-0.99811857,-0.05334635
-0.99779857,-0.03552354
-0.99747857,-0.01770074
-0.99715857,-0.01770074
-0.99683857,-0.88998079
-0.99651857,-1.12137210
-0.99619857,-1.72661519
-0.99587857,0.03570665
-0.99555857,0.19580676
-0.99523857,0.17804499
-0.99491857,0.08911405
-0.99459857,0.03570665
-0.99427857,0.01788385
-0.99395857,0.03570665
-0.99363857,0.03570665
-0.99331857,0.01788385
-0.99299857,0.01788385
-0.99267857,0.01788385
-0.99235857,0.01788385
-0.99203857,0.01788385
-0.99171857,0.01788385
-0.99139857,0.00006104
-0.99107857,0.00006104
-0.99075857,0.01788385
-0.99043857,0.01788385
-0.99011857,0.03570665
-0.98979857,0.05346843
-0.98947857,0.07129124
-0.98915857,0.08911405
-0.98883857,0.05346843
-0.98851857,0.05346843
-0.98819857,0.07129124
-0.98787857,0.03570665
-0.98755857,0.03570665
-0.98723857,0.08911405
-0.98691857,0.07129124
-0.98659857,0.03570665
-0.98627857,0.03570665
-0.98595857,0.03570665
-0.98563857,0.03570665
-0.98531857,0.00006104
-0.98499857,-0.01770074
-0.98467857,-0.01770074
-0.98435857,-0.03552354
-0.98403857,0.01788385
-0.98371857,0.01788385
-0.98339857,-0.01770074
-0.98307857,0.05346843
-0.98275857,0.00006104
-0.98243857,-0.03552354
-0.98211857,0.03570665
-0.98179857,-0.01770074
-0.98147857,0.00006104
-0.98115857,0.03570665
-0.98083857,0.01788385
-0.98051857,0.03570665
-0.98019857,0.03570665
-0.97987857,0.03570665
-0.97955857,0.01788385
-0.97923857,0.01788385
-0.97891857,0.01788385
-0.97859857,0.01788385
-0.97827857,0.01788385
-0.97795857,0.03570665
-0.97763857,0.01788385
-0.97731857,-0.01770074
-0.97699857,0.01788385
-0.97667857,0.01788385
-0.97635857,0.01788385
-0.97603857,0.01788385
-0.97571857,0.00006104
-0.97539857,-0.01770074
-0.97507857,0.01788385
-0.97475857,0.00006104
-0.97443857,0.00006104
-0.97411857,0.01788385
-0.97379857,0.01788385
-0.97347857,0.00006104
-0.97315857,0.01788385
-0.97283857,0.01788385
-0.97251857,0.00006104
-0.97219857,0.01788385
-0.97187857,0.01788385
-0.97155857,0.00006104
-0.97123857,0.01788385
-0.97091857,0.01788385
-0.97059857,0.00006104
-0.97027857,0.01788385
-0.96995857,0.00006104
-0.96963857,0.00006104
-0.96931857,0.00006104
-0.96899857,-0.01770074
-0.96867857,-0.01770074
-0.96835857,0.00006104
-0.96803857,0.00006104
-0.96771857,0.00006104
-0.96739857,0.01788385
-0.96707857,0.00006104
-0.96675857,0.01788385
-0.96643857,0.00006104
-0.96611857,0.00006104
-0.96579857,0.00006104
-0.96547857,0.01788385
-0.96515857,0.01788385
-0.96483857,0.00006104
-0.96451857,0.00006104
-0.96419857,0.00006104
-0.96387857,0.00006104
-0.96355857,0.00006104
-0.96323857,0.00006104
-0.96291857,0.00006104
-0.96259857,0.00006104
-0.96227857,0.00006104
-0.96195857,0.00006104
-0.96163857,0.00006104
-0.96131857,0.01788385
-0.96099857,0.01788385
-0.96067857,0.00006104
-0.96035857,0.00006104
-0.96003857,0.00006104
-0.95971857,0.00006104
-0.95939857,0.00006104
-0.95907857,0.00006104
-0.95875857,0.00006104
-0.95843857,0.00006104
-0.95811857,0.00006104
-0.95779857,0.00006104
-0.95747857,-0.01770074
-0.95715857,0.00006104
-0.95683857,0.00006104
-0.95651857,0.00006104
-0.95619857,0.00006104
-0.95587857,0.00006104
-0.95555857,0.00006104
-0.95523857,0.01788385
-0.95491857,0.00006104
-0.95459857,0.01788385
-0.95427857,0.00006104
-0.95395857,0.01788385
-0.95363857,0.00006104
-0.95331857,0.00006104
-0.95299857,0.00006104
-0.95267857,0.00006104
-0.95235857,0.00006104
-0.95203857,0.00006104
-0.95171857,0.00006104
-0.95139857,0.00006104
-0.95107857,-0.01770074
-0.95075857,0.00006104
-0.95043857,0.00006104
-0.95011857,-0.01770074
-0.94979857,0.00006104
-0.94947857,0.00006104
-0.94915857,0.00006104
-0.94883857,0.00006104
-0.94851857,0.00006104
-0.94819857,0.00006104
-0.94787857,0.00006104
-0.94755857,0.00006104
-0.94723857,0.00006104
-0.94691857,0.00006104
-0.94659857,0.01788385
-0.94627857,0.00006104
-0.94595857,0.01788385
-0.94563857,0.00006104
-0.94531857,0.00006104
-0.94499857,0.00006104
-0.94467857,0.00006104
-0.94435857,0.00006104
-0.94403857,0.00006104
-0.94371857,0.00006104
-0.94339857,0.00006104
-0.94307857,0.00006104
-0.94275857,0.00006104
-0.94243857,0.00006104
-0.94211857,0.00006104
-0.94179857,0.00006104
-0.94147857,0.00006104
-0.94115857,0.00006104
-0.94083857,0.00006104
-0.94051857,0.00006104
-0.94019857,0.00006104
-0.93987857,0.00006104
-0.93955857,0.00006104
-0.93923857,0.00006104
-0.93891857,0.00006104
-0.93859857,0.00006104
-0.93827857,0.00006104
-0.93795857,0.00006104
-0.93763857,0.00006104
-0.93731857,0.00006104
-0.93699857,0.00006104
-0.93667857,0.00006104
-0.93635857,0.00006104
-0.93603857,0.00006104
-0.93571857,0.00006104
-0.93539857,0.00006104
-0.93507857,0.00006104
-0.93475857,0.00006104
-0.93443857,0.00006104
-0.93411857,0.00006104
-0.93379857,0.00006104
-0.93347857,0.00006104
-0.93315857,0.00006104
-0.93283857,0.00006104
-0.93251857,0.00006104
-0.93219857,0.00006104
-0.93187857,0.00006104
-0.93155857,0.00006104
-0.93123857,0.00006104
-0.93091857,0.00006104
-0.93059857,0.00006104
-0.93027857,0.00006104
-0.92995857,-0.01770074
-0.92963857,0.00006104
-0.92931857,0.00006104
-0.92899857,0.00006104
-0.92867857,0.00006104
-0.92835857,0.00006104
-0.92803857,0.00006104
-0.92771857,0.00006104
-0.92739857,0.00006104
-0.92707857,0.00006104
-0.92675857,0.00006104
-0.92643857,0.00006104
-0.92611857,0.00006104
-0.92579857,0.00006104
-0.92547857,0.00006104
-0.92515857,0.00006104
-0.92483857,0.00006104
-0.92451857,0.00006104
-0.92419857,0.00006104
-0.92387857,0.00006104
-0.92355857,0.00006104
-0.92323857,0.00006104
-0.92291857,0.00006104
-0.92259857,0.00006104
-0.92227857,0.00006104
-0.92195857,0.00006104
-0.92163857,0.00006104
-0.92131857,0.00006104
-0.92099857,0.00006104
-0.92067857,0.00006104
-0.92035857,0.00006104
-0.92003857,-0.01770074
-0.91971857,0.00006104
-0.91939857,0.00006104
-0.91907857,0.00006104
-0.91875857,0.00006104
-0.91843857,0.00006104
-0.91811857,0.00006104
-0.91779857,0.00006104
-0.91747857,0.00006104
-0.91715857,0.00006104
-0.91683857,0.00006104
-0.91651857,0.00006104
-0.91619857,0.00006104
-0.91587857,0.00006104
-0.91555857,0.00006104
-0.91523857,0.00006104
-0.91491857,0.00006104
-0.91459857,0.00006104
-0.91427857,0.00006104
-0.91395857,0.00006104
-0.91363857,0.00006104
-0.91331857,0.00006104
-0.91299857,-0.01770074
-0.91267857,0.00006104
-0.91235857,0.00006104
-0.91203857,0.00006104
-0.91171857,0.00006104
-0.91139857,0.00006104
-0.91107857,0.00006104
-0.91075857,0.00006104
-0.91043857,0.00006104
-0.91011857,0.00006104
-0.90979857,0.00006104
-0.90947857,0.00006104
-0.90915857,0.00006104
-0.90883857,0.00006104
-0.90851857,0.00006104
-0.90819857,0.00006104
-0.90787857,0.00006104
-0.90755857,-0.01770074
-0.90723857,0.00006104
-0.90691857,0.00006104
-0.90659857,-0.01770074
-0.90627857,0.00006104
-0.90595857,0.00006104
-0.90563857,-0.01770074
-0.90531857,0.00006104
-0.90499857,0.00006104
-0.90467857,0.00006104
-0.90435857,0.00006104
-0.90403857,0.00006104
-0.90371857,0.00006104
-0.90339857,0.00006104
-0.90307857,0.00006104
-0.90275857,0.00006104
-0.90243857,0.00006104
-0.90211857,0.00006104
-0.90179857,0.00006104
-0.90147857,0.00006104
-0.90115857,0.00006104
-0.90083857,0.00006104
-0.90051857,0.00006104
-0.90019857,0.00006104
-0.89987857,0.00006104
-0.89955857,0.00006104
-0.89923857,0.00006104
-0.89891857,0.00006104
-0.89859857,-0.01770074
-0.89827857,0.00006104
-0.89795857,0.00006104
-0.89763857,-0.01770074
-0.89731857,0.00006104
-0.89699857,0.00006104
-0.89667857,0.00006104
-0.89635857,0.00006104
-0.89603857,-0.01770074
-0.89571857,0.00006104
-0.89539857,0.00006104
-0.89507857,0.00006104
-0.89475857,0.00006104
-0.89443857,0.00006104
-0.89411857,0.00006104
-0.89379857,0.00006104
-0.89347857,0.00006104
-0.89315857,0.00006104
-0.89283857,0.00006104
-0.89251857,0.00006104
-0.89219857,0.00006104
-0.89187857,0.00006104
-0.89155857,0.00006104
-0.89123857,-0.01770074
-0.89091857,0.00006104
-0.89059857,0.00006104
-0.89027857,0.00006104
-0.88995857,0.00006104
-0.88963857,0.00006104
-0.88931857,0.00006104
-0.88899857,-0.01770074
-0.88867857,0.00006104
-0.88835857,0.00006104
-0.88803857,0.00006104
-0.88771857,0.00006104
-0.88739857,0.00006104
-0.88707857,0.00006104
-0.88675857,0.00006104
-0.88643857,0.00006104
-0.88611857,0.00006104
-0.88579857,0.00006104
-0.88547857,-0.01770074
-0.88515857,-0.01770074
-0.88483857,0.00006104
-0.88451857,0.00006104
-0.88419857,0.00006104
-0.88387857,0.00006104
-0.88355857,0.00006104
-0.88323857,0.00006104
-0.88291857,0.00006104
-0.88259857,0.00006104
-0.88227857,0.00006104
-0.88195857,0.00006104
-0.88163857,0.00006104
-0.88131857,0.00006104
-0.88099857,0.00006104
-0.88067857,0.00006104
-0.88035857,0.00006104
-0.88003857,0.00006104
-0.87971857,0.00006104
-0.87939857,0.00006104
-0.87907857,0.00006104
-0.87875857,0.00006104
-0.87843857,0.00006104
-0.87811857,0.00006104
-0.87779857,-0.01770074
-0.87747857,0.00006104
-0.87715857,0.00006104
-0.87683857,0.00006104
-0.87651857,0.00006104
-0.87619857,0.00006104
-0.87587857,0.00006104
-0.87555857,0.00006104
-0.87523857,0.00006104
-0.87491857,0.00006104
-0.87459857,0.00006104
-0.87427857,0.00006104
-0.87395857,0.00006104
-0.87363857,0.00006104
-0.87331857,0.00006104
-0.87299857,-0.01770074
-0.87267857,0.00006104
-0.87235857,-0.01770074
-0.87203857,0.00006104
-0.87171857,0.00006104
-0.87139857,0.00006104
-0.87107857,0.00006104
-0.87075857,0.00006104
-0.87043857,-0.01770074
-0.87011857,-0.01770074
-0.86979857,0.00006104
-0.86947857,0.00006104
-0.86915857,0.00006104
-0.86883857,0.00006104
-0.86851857,0.00006104
-0.86819857,0.00006104
-0.86787857,0.00006104
-0.86755857,0.00006104
-0.86723857,0.00006104
-0.86691857,0.00006104
-0.86659857,0.00006104
-0.86627857,0.00006104
-0.86595857,0.00006104
-0.86563857,0.00006104
-0.86531857,-0.01770074
-0.86499857,0.00006104
-0.86467857,-0.01770074
-0.86435857,0.00006104
-0.86403857,0.00006104
-0.86371857,0.00006104
-0.86339857,0.00006104
-0.86307857,0.00006104
-0.86275857,-0.01770074
-0.86243857,0.00006104
-0.86211857,0.00006104
-0.86179857,0.00006104
-0.86147857,0.00006104
-0.86115857,-0.01770074
-0.86083857,0.00006104
-0.86051857,0.00006104
-0.86019857,0.00006104
-0.85987857,0.00006104
-0.85955857,0.00006104
-0.85923857,0.00006104
-0.85891857,0.00006104
-0.85859857,0.00006104
-0.85827857,0.00006104
-0.85795857,0.00006104
-0.85763857,0.00006104
-0.85731857,0.00006104
-0.85699857,-0.01770074
-0.85667857,0.00006104
-0.85635857,0.00006104
-0.85603857,0.00006104
-0.85571857,0.00006104
-0.85539857,0.00006104
-0.85507857,0.00006104
-0.85475857,-0.01770074
-0.85443857,0.00006104
-0.85411857,0.00006104
-0.85379857,0.00006104
-0.85347857,0.00006104
-0.85315857,0.00006104
-0.85283857,0.00006104
-0.85251857,0.00006104
-0.85219857,0.00006104
-0.85187857,0.00006104
-0.85155857,0.00006104
-0.85123857,0.00006104
-0.85091857,0.00006104
-0.85059857,0.00006104
-0.85027857,0.00006104
-0.84995857,0.00006104
-0.84963857,0.00006104
-0.84931857,0.00006104
-0.84899857,0.00006104
-0.84867857,0.00006104
-0.84835857,0.00006104
-0.84803857,-0.01770074
-0.84771857,0.00006104
-0.84739857,0.00006104
-0.84707857,0.00006104
-0.84675857,0.00006104
-0.84643857,0.00006104
-0.84611857,0.00006104
-0.84579857,0.00006104
-0.84547857,0.00006104
-0.84515857,0.00006104
-0.84483857,0.00006104
-0.84451857,0.00006104
-0.84419857,0.00006104
-0.84387857,0.00006104
-0.84355857,0.00006104
-0.84323857,0.00006104
-0.84291857,0.00006104
-0.84259857,0.00006104
-0.84227857,0.00006104
-0.84195857,0.00006104
-0.84163857,0.00006104
-0.84131857,0.00006104
-0.84099857,0.00006104
-0.84067857,0.00006104
-0.84035857,0.00006104
-0.84003857,0.00006104
-0.83971857,0.00006104
-0.83939857,0.00006104
-0.83907857,0.00006104
-0.83875857,0.00006104
-0.83843857,0.00006104
-0.83811857,0.00006104
-0.83779857,-0.01770074
-0.83747857,0.00006104
-0.83715857,0.00006104
-0.83683857,0.00006104
-0.83651857,0.00006104
-0.83619857,0.00006104
-0.83587857,0.00006104
-0.83555857,0.00006104
-0.83523857,0.00006104
-0.83491857,0.00006104
-0.83459857,0.00006104
-0.83427857,0.00006104
-0.83395857,0.00006104
-0.83363857,0.00006104
-0.83331857,0.00006104
-0.83299857,-0.01770074
-0.83267857,0.00006104
-0.83235857,-0.01770074
-0.83203857,0.00006104
-0.83171857,0.00006104
-0.83139857,0.00006104
-0.83107857,0.00006104
-0.83075857,0.00006104
-0.83043857,0.00006104
-0.83011857,0.00006104
-0.82979857,0.00006104
-0.82947857,0.00006104
-0.82915857,0.00006104
-0.82883857,0.00006104
-0.82851857,0.00006104
-0.82819857,0.00006104
-0.82787857,-0.01770074
-0.82755857,0.00006104
-0.82723857,0.00006104
-0.82691857,0.00006104
-0.82659857,0.00006104
-0.82627857,0.00006104
-0.82595857,0.00006104
-0.82563857,0.00006104
-0.82531857,0.00006104
-0.82499857,0.00006104
-0.82467857,0.00006104
-0.82435857,0.00006104
-0.82403857,0.00006104
-0.82371857,0.00006104
-0.82339857,0.00006104
-0.82307857,0.00006104
-0.82275857,0.00006104
-0.82243857,0.00006104
-0.82211857,0.00006104
-0.82179857,0.00006104
-0.82147857,0.00006104
-0.82115857,0.00006104
-0.82083857,0.00006104
-0.82051857,0.00006104
-0.82019857,0.00006104
-0.81987857,0.00006104
-0.81955857,0.00006104
-0.81923857,0.00006104
-0.81891857,0.00006104
-0.81859857,0.00006104
-0.81827857,0.00006104
-0.81795857,0.00006104
-0.81763857,0.00006104
-0.81731857,0.00006104
-0.81699857,0.00006104
-0.81667857,0.00006104
-0.81635857,0.00006104
-0.81603857,0.00006104
-0.81571857,0.00006104
-0.81539857,0.00006104
-0.81507857,0.00006104
-0.81475857,0.00006104
-0.81443857,0.00006104
-0.81411857,0.00006104
-0.81379857,0.00006104
-0.81347857,0.00006104
-0.81315857,0.00006104
-0.81283857,0.00006104
-0.81251857,0.00006104
-0.81219857,0.00006104
-0.81187857,0.00006104
-0.81155857,0.00006104
-0.81123857,0.00006104
-0.81091857,0.00006104
-0.81059857,0.00006104
-0.81027857,0.00006104
-0.80995857,0.00006104
-0.80963857,0.00006104
-0.80931857,0.00006104
-0.80899857,0.00006104
-0.80867857,0.00006104
-0.80835857,0.00006104
-0.80803857,0.00006104
-0.80771857,0.00006104
-0.80739857,0.00006104
-0.80707857,0.00006104
-0.80675857,0.00006104
-0.80643857,-0.01770074
-0.80611857,0.00006104
-0.80579857,0.00006104
-0.80547857,-0.01770074
-0.80515857,0.00006104
-0.80483857,0.00006104
-0.80451857,0.00006104
-0.80419857,0.00006104
-0.80387857,0.00006104
-0.80355857,0.00006104
-0.80323857,-0.01770074
-0.80291857,0.00006104
-0.80259857,0.00006104
-0.80227857,0.00006104
-0.80195857,0.00006104
-0.80163857,0.00006104
-0.80131857,0.00006104
-0.80099857,0.00006104
-0.80067857,0.00006104
-0.80035857,0.00006104
-0.80003857,-0.01770074
-0.79971857,0.00006104
-0.79939857,0.00006104
-0.79907857,-0.01770074
-0.79875857,0.00006104
-0.79843857,0.00006104
-0.79811857,0.00006104
-0.79779857,0.00006104
-0.79747857,0.00006104
-0.79715857,0.00006104
-0.79683857,0.00006104
-0.79651857,0.00006104
-0.79619857,0.00006104
-0.79587857,0.00006104
-0.79555857,0.00006104
-0.79523857,-0.01770074
-0.79491857,0.00006104
-0.79459857,0.00006104
-0.79427857,0.00006104
-0.79395857,0.00006104
-0.79363857,0.00006104
-0.79331857,0.00006104
-0.79299857,0.00006104
-0.79267857,0.00006104
-0.79235857,0.00006104
-0.79203857,0.00006104
-0.79171857,0.00006104
-0.79139857,0.00006104
-0.79107857,0.00006104
-0.79075857,0.00006104
-0.79043857,0.00006104
-0.79011857,0.00006104
-0.78979857,-0.01770074
-0.78947857,0.00006104
-0.78915857,0.00006104
-0.78883857,0.00006104
-0.78851857,0.00006104
-0.78819857,0.00006104
-0.78787857,-0.01770074
-0.78755857,0.00006104
-0.78723857,0.00006104
-0.78691857,0.00006104
-0.78659857,0.00006104
-0.78627857,0.00006104
-0.78595857,0.00006104
-0.78563857,0.00006104
-0.78531857,0.00006104
-0.78499857,0.00006104
-0.78467857,0.00006104
-0.78435857,0.00006104
-0.78403857,0.00006104
-0.78371857,0.00006104
-0.78339857,0.00006104
-0.78307857,0.00006104
-0.78275857,0.00006104
-0.78243857,0.00006104
-0.78211857,0.00006104
-0.78179857,-0.01770074
-0.78147857,0.00006104
-0.78115857,0.00006104
-0.78083857,0.00006104
-0.78051857,0.00006104
-0.78019857,0.00006104
-0.77987857,0.00006104
-0.77955857,0.00006104
-0.77923857,0.00006104
-0.77891857,0.00006104
-0.77859857,0.00006104
-0.77827857,0.00006104
-0.77795857,0.00006104
-0.77763857,0.00006104
-0.77731857,0.00006104
-0.77699857,0.00006104
-0.77667857,0.00006104
-0.77635857,0.00006104
-0.77603857,0.00006104
-0.77571857,0.00006104
-0.77539857,0.00006104
-0.77507857,0.00006104
-0.77475857,0.00006104
-0.77443857,0.00006104
-0.77411857,0.00006104
-0.77379857,0.00006104
-0.77347857,0.00006104
-0.77315857,0.00006104
-0.77283857,0.00006104
-0.77251857,0.00006104
-0.77219857,-0.01770074
-0.77187857,0.00006104
-0.77155857,-0.01770074
-0.77123857,0.00006104
-0.77091857,0.00006104
-0.77059857,0.00006104
-0.77027857,0.00006104
-0.76995857,-0.01770074
-0.76963857,0.00006104
-0.76931857,0.00006104
-0.76899857,0.00006104
-0.76867857,0.00006104
-0.76835857,0.00006104
-0.76803857,0.00006104
-0.76771857,0.00006104
-0.76739857,0.00006104
-0.76707857,0.00006104
-0.76675857,0.00006104
-0.76643857,0.00006104
-0.76611857,0.00006104
-0.76579857,0.00006104
-0.76547857,-0.01770074
-0.76515857,0.00006104
-0.76483857,0.00006104
-0.76451857,0.00006104
-0.76419857,0.00006104
-0.76387857,0.00006104
-0.76355857,0.00006104
-0.76323857,0.00006104
-0.76291857,0.00006104
-0.76259857,0.00006104
-0.76227857,0.00006104
-0.76195857,0.00006104
-0.76163857,0.00006104
-0.76131857,0.00006104
-0.76099857,0.00006104
-0.76067857,0.00006104
-0.76035857,0.00006104
-0.76003857,0.00006104
-0.75971857,0.00006104
-0.75939857,0.00006104
-0.75907857,0.00006104
-0.75875857,0.00006104
-0.75843857,0.00006104
-0.75811857,0.00006104
-0.75779857,0.00006104
-0.75747857,0.00006104
-0.75715857,0.00006104
-0.75683857,0.00006104
-0.75651857,0.00006104
-0.75619857,0.00006104
-0.75587857,0.00006104
-0.75555857,0.00006104
-0.75523857,0.00006104
-0.75491857,0.00006104
-0.75459857,0.00006104
-0.75427857,0.00006104
-0.75395857,0.00006104
-0.75363857,0.00006104
-0.75331857,0.00006104
-0.75299857,0.00006104
-0.75267857,0.00006104
-0.75235857,0.00006104
-0.75203857,0.00006104
-0.75171857,0.00006104
-0.75139857,-0.01770074
-0.75107857,0.00006104
-0.75075857,0.00006104
-0.75043857,-0.01770074
-0.75011857,0.00006104
-0.74979857,0.00006104
-0.74947857,0.00006104
-0.74915857,0.00006104
-0.74883857,0.00006104
-0.74851857,0.00006104
-0.74819857,0.00006104
-0.74787857,0.00006104
-0.74755857,0.00006104
-0.74723857,0.00006104
-0.74691857,0.00006104
-0.74659857,0.00006104
-0.74627857,0.00006104
-0.74595857,0.00006104
-0.74563857,0.00006104
-0.74531857,0.00006104
-0.74499857,0.00006104
-0.74467857,0.00006104
-0.74435857,0.00006104
-0.74403857,0.00006104
-0.74371857,0.00006104
-0.74339857,0.00006104
-0.74307857,0.00006104
-0.74275857,0.00006104
-0.74243857,0.00006104
-0.74211857,0.00006104
-0.74179857,0.00006104
-0.74147857,0.00006104
-0.74115857,0.00006104
-0.74083857,0.00006104
-0.74051857,0.00006104
-0.74019857,-0.01770074
-0.73987857,0.00006104
-0.73955857,0.00006104
-0.73923857,0.00006104
-0.73891857,0.00006104
-0.73859857,0.00006104
-0.73827857,0.00006104
-0.73795857,0.00006104
-0.73763857,0.00006104
-0.73731857,0.00006104
-0.73699857,0.00006104
-0.73667857,0.00006104
-0.73635857,0.00006104
-0.73603857,0.00006104
-0.73571857,0.00006104
-0.73539857,0.00006104
-0.73507857,0.00006104
-0.73475857,0.00006104
-0.73443857,0.00006104
-0.73411857,0.00006104
-0.73379857,-0.01770074
-0.73347857,0.00006104
-0.73315857,0.00006104
-0.73283857,0.00006104
-0.73251857,0.00006104
-0.73219857,0.00006104
-0.73187857,0.00006104
-0.73155857,0.00006104
-0.73123857,0.00006104
-0.73091857,0.00006104
-0.73059857,-0.01770074
-0.73027857,0.00006104
-0.72995857,0.00006104
-0.72963857,0.00006104
-0.72931857,0.00006104
-0.72899857,0.00006104
-0.72867857,0.00006104
-0.72835857,0.00006104
-0.72803857,0.00006104
-0.72771857,0.00006104
-0.72739857,0.00006104
-0.72707857,0.00006104
-0.72675857,0.00006104
-0.72643857,0.00006104
-0.72611857,0.00006104
-0.72579857,-0.01770074
-0.72547857,-0.01770074
-0.72515857,0.00006104
-0.72483857,0.00006104
-0.72451857,-0.01770074
-0.72419857,0.00006104
-0.72387857,-0.01770074
-0.72355857,0.00006104
-0.72323857,0.00006104
-0.72291857,0.00006104
-0.72259857,0.00006104
-0.72227857,0.00006104
-0.72195857,0.00006104
-0.72163857,0.00006104
-0.72131857,0.00006104
-0.72099857,0.00006104
-0.72067857,0.00006104
-0.72035857,0.00006104
-0.72003857,0.00006104
-0.71971857,0.00006104
-0.71939857,0.00006104
-0.71907857,0.00006104
-0.71875857,0.00006104
-0.71843857,0.00006104
-0.71811857,-0.01770074
-0.71779857,0.00006104
-0.71747857,0.00006104
-0.71715857,0.00006104
-0.71683857,0.01788385
-0.71651857,0.00006104
-0.71619857,0.00006104
-0.71587857,0.00006104
-0.71555857,-0.01770074
-0.71523857,0.00006104
-0.71491857,0.00006104
-0.71459857,-0.01770074
-0.71427857,0.00006104
-0.71395857,0.00006104
-0.71363857,0.00006104
-0.71331857,0.00006104
-0.71299857,0.00006104
-0.71267857,0.00006104
-0.71235857,0.00006104
-0.71203857,0.00006104
-0.71171857,0.00006104
-0.71139857,0.00006104
-0.71107857,0.00006104
-0.71075857,0.00006104
-0.71043857,-0.01770074
-0.71011857,0.00006104
-0.70979857,0.00006104
-0.70947857,0.00006104
-0.70915857,0.00006104
-0.70883857,0.00006104
-0.70851857,0.00006104
-0.70819857,0.00006104
-0.70787857,0.00006104
-0.70755857,0.00006104
-0.70723857,0.00006104
-0.70691857,0.00006104
-0.70659857,0.00006104
-0.70627857,0.00006104
-0.70595857,0.00006104
-0.70563857,0.00006104
-0.70531857,0.00006104
-0.70499857,0.00006104
-0.70467857,0.00006104
-0.70435857,0.00006104
-0.70403857,0.00006104
-0.70371857,0.00006104
-0.70339857,0.00006104
-0.70307857,0.00006104
-0.70275857,0.00006104
-0.70243857,0.00006104
-0.70211857,0.00006104
-0.70179857,-0.01770074
-0.70147857,0.00006104
-0.70115857,0.00006104
-0.70083857,0.00006104
-0.70051857,0.00006104
-0.70019857,0.00006104
-0.69987857,0.00006104
-0.69955857,-0.01770074
-0.69923857,0.00006104
-0.69891857,0.00006104
-0.69859857,0.00006104
-0.69827857,0.00006104
-0.69795857,0.00006104
-0.69763857,0.00006104
-0.69731857,0.00006104
-0.69699857,0.00006104
-0.69667857,0.00006104
-0.69635857,0.00006104
-0.69603857,0.00006104
-0.69571857,0.00006104
-0.69539857,0.00006104
-0.69507857,0.00006104
-0.69475857,0.00006104
-0.69443857,0.00006104
-0.69411857,0.00006104
-0.69379857,0.00006104
-0.69347857,0.00006104
-0.69315857,0.00006104
-0.69283857,0.00006104
-0.69251857,0.00006104
-0.69219857,0.00006104
-0.69187857,0.00006104
-0.69155857,0.00006104
-0.69123857,-0.01770074
-0.69091857,0.00006104
-0.69059857,0.00006104
-0.69027857,0.00006104
-0.68995857,0.00006104
-0.68963857,0.00006104
-0.68931857,0.00006104
-0.68899857,0.00006104
-0.68867857,0.00006104
-0.68835857,0.00006104
-0.68803857,0.00006104
-0.68771857,0.00006104
-0.68739857,0.00006104
-0.68707857,0.00006104
-0.68675857,0.00006104
-0.68643857,0.00006104
-0.68611857,0.00006104
-0.68579857,0.00006104
-0.68547857,0.00006104
-0.68515857,0.00006104
-0.68483857,0.00006104
-0.68451857,0.00006104
-0.68419857,-0.01770074
-0.68387857,0.00006104
-0.68355857,0.00006104
-0.68323857,0.00006104
-0.68291857,0.00006104
-0.68259857,0.00006104
-0.68227857,0.00006104
-0.68195857,0.00006104
-0.68163857,0.00006104
-0.68131857,0.00006104
-0.68099857,0.00006104
-0.68067857,0.00006104
-0.68035857,0.00006104
-0.68003857,0.00006104
-0.67971857,0.00006104
-0.67939857,0.00006104
-0.67907857,0.00006104
-0.67875857,-0.01770074
-0.67843857,0.00006104
-0.67811857,0.00006104
-0.67779857,0.00006104
-0.67747857,0.00006104
-0.67715857,0.00006104
-0.67683857,0.00006104
-0.67651857,-0.01770074
-0.67619857,0.00006104
-0.67587857,0.00006104
-0.67555857,0.00006104
-0.67523857,0.00006104
-0.67491857,0.00006104
-0.67459857,0.00006104
-0.67427857,0.00006104
-0.67395857,-0.01770074
-0.67363857,0.00006104
-0.67331857,0.00006104
-0.67299857,0.00006104
-0.67267857,0.00006104
-0.67235857,0.00006104
-0.67203857,-0.01770074
-0.67171857,0.00006104
-0.67139857,0.00006104
-0.67107857,0.00006104
-0.67075857,0.00006104
-0.67043857,0.00006104
-0.67011857,-0.01770074
-0.66979857,0.00006104
-0.66947857,0.00006104
-0.66915857,0.00006104
-0.66883857,0.00006104
-0.66851857,-0.01770074
-0.66819857,-0.01770074
-0.66787857,0.00006104
-0.66755857,0.00006104
-0.66723857,0.00006104
-0.66691857,0.00006104
-0.66659857,0.00006104
-0.66627857,0.00006104
-0.66595857,0.00006104
-0.66563857,0.00006104
-0.66531857,0.00006104
-0.66499857,0.00006104
-0.66467857,0.00006104
-0.66435857,0.00006104
-0.66403857,0.00006104
-0.66371857,-0.01770074
-0.66339857,0.00006104
-0.66307857,0.00006104
-0.66275857,0.00006104
-0.66243857,0.00006104
-0.66211857,0.00006104
-0.66179857,0.00006104
-0.66147857,0.00006104
-0.66115857,0.00006104
-0.66083857,0.00006104
-0.66051857,0.00006104
-0.66019857,0.00006104
-0.65987857,0.00006104
-0.65955857,0.00006104
-0.65923857,-0.01770074
-0.65891857,0.00006104
-0.65859857,0.00006104
-0.65827857,0.00006104
-0.65795857,0.00006104
-0.65763857,0.00006104
-0.65731857,0.00006104
-0.65699857,0.00006104
-0.65667857,0.00006104
-0.65635857,0.00006104
-0.65603857,0.00006104
-0.65571857,0.00006104
-0.65539857,0.00006104
-0.65507857,0.00006104
-0.65475857,0.00006104
-0.65443857,0.00006104
-0.65411857,0.00006104
-0.65379857,0.00006104
-0.65347857,0.00006104
-0.65315857,0.00006104
-0.65283857,-0.01770074
-0.65251857,0.00006104
-0.65219857,0.00006104
-0.65187857,0.00006104
-0.65155857,0.00006104
-0.65123857,0.00006104
-0.65091857,0.00006104
-0.65059857,0.00006104
-0.65027857,0.00006104
-0.64995857,-0.01770074
-0.64963857,0.00006104
-0.64931857,0.00006104
-0.64899857,0.00006104
-0.64867857,0.00006104
-0.64835857,0.00006104
-0.64803857,0.00006104
-0.64771857,0.00006104
-0.64739857,0.00006104
-0.64707857,0.00006104
-0.64675857,0.00006104
-0.64643857,0.00006104
-0.64611857,0.00006104
-0.64579857,0.00006104
-0.64547857,0.00006104
-0.64515857,0.00006104
-0.64483857,0.00006104
-0.64451857,0.00006104
-0.64419857,0.00006104
-0.64387857,0.00006104
-0.64355857,0.00006104
-0.64323857,0.00006104
-0.64291857,0.00006104
-0.64259857,0.00006104
-0.64227857,0.00006104
-0.64195857,0.00006104
-0.64163857,0.00006104
-0.64131857,0.00006104
-0.64099857,0.00006104
-0.64067857,0.00006104
-0.64035857,0.00006104
-0.64003857,0.00006104
-0.63971857,0.00006104
-0.63939857,0.00006104
-0.63907857,0.00006104
-0.63875857,0.00006104
-0.63843857,0.00006104
-0.63811857,-0.01770074
-0.63779857,0.00006104
-0.63747857,0.00006104
-0.63715857,-0.01770074
-0.63683857,0.00006104
-0.63651857,0.00006104
-0.63619857,0.00006104
-0.63587857,0.00006104
-0.63555857,0.00006104
-0.63523857,0.00006104
-0.63491857,0.00006104
-0.63459857,0.00006104
-0.63427857,0.00006104
-0.63395857,0.00006104
-0.63363857,0.00006104
-0.63331857,0.00006104
-0.63299857,0.00006104
-0.63267857,0.00006104
-0.63235857,0.00006104
-0.63203857,0.00006104
-0.63171857,0.00006104
-0.63139857,0.00006104
-0.63107857,0.00006104
-0.63075857,0.00006104
-0.63043857,0.00006104
-0.63011857,0.00006104
-0.62979857,0.00006104
-0.62947857,0.00006104
-0.62915857,0.00006104
-0.62883857,0.00006104
-0.62851857,0.00006104
-0.62819857,0.00006104
-0.62787857,0.00006104
-0.62755857,0.00006104
-0.62723857,0.00006104
-0.62691857,0.00006104
-0.62659857,0.00006104
-0.62627857,0.00006104
-0.62595857,0.00006104
-0.62563857,0.00006104
-0.62531857,0.00006104
-0.62499857,0.00006104
-0.62467857,0.00006104
-0.62435857,0.00006104
-0.62403857,0.00006104
-0.62371857,0.00006104
-0.62339857,0.00006104
-0.62307857,0.00006104
-0.62275857,0.00006104
-0.62243857,0.00006104
-0.62211857,0.00006104
-0.62179857,0.00006104
-0.62147857,0.00006104
-0.62115857,0.00006104
-0.62083857,0.00006104
-0.62051857,0.00006104
-0.62019857,0.00006104
-0.61987857,0.00006104
-0.61955857,0.00006104
-0.61923857,0.00006104
-0.61891857,0.00006104
-0.61859857,0.00006104
-0.61827857,0.00006104
-0.61795857,0.00006104
-0.61763857,0.00006104
-0.61731857,0.00006104
-0.61699857,0.00006104
-0.61667857,-0.01770074
-0.61635857,0.00006104
-0.61603857,0.00006104
-0.61571857,0.00006104
-0.61539857,0.00006104
-0.61507857,0.00006104
-0.61475857,0.00006104
-0.61443857,0.00006104
-0.61411857,0.00006104
-0.61379857,0.00006104
-0.61347857,0.00006104
-0.61315857,-0.01770074
-0.61283857,0.00006104
-0.61251857,0.00006104
-0.61219857,0.00006104
-0.61187857,0.00006104
-0.61155857,-0.01770074
-0.61123857,0.00006104
-0.61091857,0.00006104
-0.61059857,0.00006104
-0.61027857,0.00006104
-0.60995857,0.00006104
-0.60963857,0.00006104
-0.60931857,0.00006104
-0.60899857,0.00006104
-0.60867857,0.00006104
-0.60835857,0.00006104
-0.60803857,0.00006104
-0.60771857,0.00006104
-0.60739857,0.00006104
-0.60707857,0.00006104
-0.60675857,0.00006104
-0.60643857,0.00006104
-0.60611857,0.00006104
-0.60579857,0.00006104
-0.60547857,0.00006104
-0.60515857,0.00006104
-0.60483857,0.00006104
-0.60451857,0.00006104
-0.60419857,0.00006104
-0.60387857,0.00006104
-0.60355857,0.00006104
-0.60323857,0.00006104
-0.60291857,0.00006104
-0.60259857,0.00006104
-0.60227857,0.00006104
-0.60195857,0.00006104
-0.60163857,0.00006104
-0.60131857,0.00006104
-0.60099857,0.00006104
-0.60067857,0.00006104
-0.60035857,0.00006104
-0.60003857,0.00006104
-0.59971857,0.00006104
-0.59939857,0.00006104
-0.59907857,0.00006104
-0.59875857,0.00006104
-0.59843857,0.00006104
-0.59811857,0.00006104
-0.59779857,0.00006104
-0.59747857,0.00006104
-0.59715857,0.00006104
-0.59683857,0.00006104
-0.59651857,-0.01770074
-0.59619857,0.00006104
-0.59587857,0.00006104
-0.59555857,0.00006104
-0.59523857,0.00006104
-0.59491857,0.00006104
-0.59459857,-0.01770074
-0.59427857,0.00006104
-0.59395857,0.00006104
-0.59363857,0.00006104
-0.59331857,0.00006104
-0.59299857,0.00006104
-0.59267857,0.00006104
-0.59235857,0.00006104
-0.59203857,0.00006104
-0.59171857,0.00006104
-0.59139857,0.00006104
-0.59107857,-0.01770074
-0.59075857,0.00006104
-0.59043857,0.00006104
-0.59011857,0.00006104
-0.58979857,0.00006104
-0.58947857,0.00006104
-0.58915857,0.00006104
-0.58883857,0.00006104
-0.58851857,0.00006104
-0.58819857,0.00006104
-0.58787857,0.00006104
-0.58755857,-0.01770074
-0.58723857,0.00006104
-0.58691857,0.00006104
-0.58659857,0.00006104
-0.58627857,0.00006104
-0.58595857,0.00006104
-0.58563857,0.00006104
-0.58531857,0.00006104
-0.58499857,0.00006104
-0.58467857,0.00006104
-0.58435857,0.00006104
-0.58403857,0.00006104
-0.58371857,0.00006104
-0.58339857,0.00006104
-0.58307857,0.00006104
-0.58275857,0.00006104
-0.58243857,-0.01770074
-0.58211857,0.00006104
-0.58179857,0.00006104
-0.58147857,0.00006104
-0.58115857,0.00006104
-0.58083857,0.00006104
-0.58051857,0.00006104
-0.58019857,0.00006104
-0.57987857,0.00006104
-0.57955857,0.00006104
-0.57923857,0.00006104
-0.57891857,0.00006104
-0.57859857,0.00006104
-0.57827857,0.00006104
-0.57795857,0.00006104
-0.57763857,0.00006104
-0.57731857,0.00006104
-0.57699857,0.01788385
-0.57667857,0.00006104
-0.57635857,0.00006104
-0.57603857,0.00006104
-0.57571857,0.00006104
-0.57539857,0.00006104
-0.57507857,0.00006104
-0.57475857,0.00006104
-0.57443857,0.00006104
-0.57411857,0.00006104
-0.57379857,0.00006104
-0.57347857,0.00006104
-0.57315857,0.00006104
-0.57283857,0.00006104
-0.57251857,0.00006104
-0.57219857,0.00006104
-0.57187857,0.00006104
-0.57155857,0.00006104
-0.57123857,0.00006104
-0.57091857,0.00006104
-0.57059857,0.00006104
-0.57027857,0.00006104
-0.56995857,0.00006104
-0.56963857,0.00006104
-0.56931857,-0.01770074
-0.56899857,0.00006104
-0.56867857,0.00006104
-0.56835857,0.00006104
-0.56803857,0.00006104
-0.56771857,0.00006104
-0.56739857,0.00006104
-0.56707857,0.00006104
-0.56675857,0.00006104
-0.56643857,0.00006104
-0.56611857,0.00006104
-0.56579857,0.00006104
-0.56547857,0.00006104
-0.56515857,0.00006104
-0.56483857,0.00006104
-0.56451857,0.00006104
-0.56419857,0.00006104
-0.56387857,0.00006104
-0.56355857,0.00006104
-0.56323857,0.00006104
-0.56291857,0.00006104
-0.56259857,0.00006104
-0.56227857,0.00006104
-0.56195857,0.00006104
-0.56163857,0.00006104
-0.56131857,0.00006104
-0.56099857,0.00006104
-0.56067857,0.00006104
-0.56035857,0.00006104
-0.56003857,0.00006104
-0.55971857,0.00006104
-0.55939857,0.00006104
-0.55907857,0.00006104
-0.55875857,0.00006104
-0.55843857,0.00006104
-0.55811857,0.00006104
-0.55779857,0.00006104
-0.55747857,0.00006104
-0.55715857,0.00006104
-0.55683857,0.00006104
-0.55651857,0.00006104
-0.55619857,0.00006104
-0.55587857,0.00006104
-0.55555857,0.00006104
-0.55523857,0.00006104
-0.55491857,0.00006104
-0.55459857,0.00006104
-0.55427857,0.00006104
-0.55395857,-0.01770074
-0.55363857,0.00006104
-0.55331857,0.00006104
-0.55299857,0.00006104
-0.55267857,0.00006104
-0.55235857,0.00006104
-0.55203857,0.00006104
-0.55171857,0.00006104
-0.55139857,0.00006104
-0.55107857,0.00006104
-0.55075857,0.00006104
-0.55043857,0.00006104
-0.55011857,0.00006104
-0.54979857,0.00006104
-0.54947857,0.00006104
-0.54915857,0.00006104
-0.54883857,0.00006104
-0.54851857,0.00006104
-0.54819857,0.00006104
-0.54787857,0.00006104
-0.54755857,0.00006104
-0.54723857,0.00006104
-0.54691857,0.00006104
-0.54659857,0.00006104
-0.54627857,0.00006104
-0.54595857,0.00006104
-0.54563857,0.00006104
-0.54531857,0.00006104
-0.54499857,0.00006104
-0.54467857,0.00006104
-0.54435857,0.00006104
-0.54403857,0.00006104
-0.54371857,0.00006104
-0.54339857,0.00006104
-0.54307857,0.00006104
-0.54275857,0.00006104
-0.54243857,0.00006104
-0.54211857,0.00006104
-0.54179857,0.00006104
-0.54147857,0.00006104
-0.54115857,-0.01770074
-0.54083857,0.00006104
-0.54051857,0.00006104
-0.54019857,0.00006104
-0.53987857,0.00006104
-0.53955857,0.00006104
-0.53923857,0.00006104
-0.53891857,0.00006104
-0.53859857,0.00006104
-0.53827857,0.00006104
-0.53795857,0.00006104
-0.53763857,0.00006104
-0.53731857,0.00006104
-0.53699857,0.00006104
-0.53667857,-0.01770074
-0.53635857,0.00006104
-0.53603857,0.00006104
-0.53571857,0.00006104
-0.53539857,0.00006104
-0.53507857,0.00006104
-0.53475857,0.00006104
-0.53443857,0.00006104
-0.53411857,0.00006104
-0.53379857,0.00006104
-0.53347857,0.00006104
-0.53315857,0.00006104
-0.53283857,0.00006104
-0.53251857,0.00006104
-0.53219857,0.00006104
-0.53187857,0.00006104
-0.53155857,0.00006104
-0.53123857,0.00006104
-0.53091857,0.00006104
-0.53059857,0.00006104
-0.53027857,0.00006104
-0.52995857,0.00006104
-0.52963857,0.00006104
-0.52931857,0.00006104
-0.52899857,0.00006104
-0.52867857,0.00006104
-0.52835857,0.00006104
-0.52803857,0.00006104
-0.52771857,-0.01770074
-0.52739857,0.00006104
-0.52707857,0.00006104
-0.52675857,0.00006104
-0.52643857,0.00006104
-0.52611857,0.00006104
-0.52579857,0.00006104
-0.52547857,0.00006104
-0.52515857,0.00006104
-0.52483857,0.00006104
-0.52451857,0.00006104
-0.52419857,0.00006104
-0.52387857,0.00006104
-0.52355857,0.00006104
-0.52323857,0.00006104
-0.52291857,0.00006104
-0.52259857,0.00006104
-0.52227857,0.00006104
-0.52195857,0.00006104
-0.52163857,0.00006104
-0.52131857,0.00006104
-0.52099857,0.00006104
-0.52067857,0.00006104
-0.52035857,0.00006104
-0.52003857,0.00006104
-0.51971857,0.00006104
-0.51939857,0.00006104
-0.51907857,0.00006104
-0.51875857,0.00006104
-0.51843857,0.00006104
-0.51811857,0.00006104
-0.51779857,0.00006104
-0.51747857,0.00006104
-0.51715857,0.00006104
-0.51683857,0.00006104
-0.51651857,0.00006104
-0.51619857,0.00006104
-0.51587857,0.00006104
-0.51555857,0.00006104
-0.51523857,0.00006104
-0.51491857,0.00006104
-0.51459857,0.00006104
-0.51427857,0.00006104
-0.51395857,0.00006104
-0.51363857,0.00006104
-0.51331857,0.00006104
-0.51299857,0.00006104
-0.51267857,0.00006104
-0.51235857,0.00006104
-0.51203857,0.00006104
-0.51171857,0.00006104
-0.51139857,0.00006104
-0.51107857,0.00006104
-0.51075857,0.00006104
-0.51043857,0.00006104
-0.51011857,0.00006104
-0.50979857,0.00006104
-0.50947857,-0.01770074
-0.50915857,0.00006104
-0.50883857,-0.01770074
-0.50851857,0.00006104
-0.50819857,0.00006104
-0.50787857,0.00006104
-0.50755857,0.00006104
-0.50723857,0.00006104
-0.50691857,0.00006104
-0.50659857,0.00006104
-0.50627857,0.00006104
-0.50595857,0.00006104
-0.50563857,0.00006104
-0.50531857,-0.01770074
-0.50499857,0.00006104
-0.50467857,0.00006104
-0.50435857,0.00006104
-0.50403857,0.00006104
-0.50371857,0.00006104
-0.50339857,0.00006104
-0.50307857,0.00006104
-0.50275857,0.00006104
-0.50243857,0.00006104
-0.50211857,0.00006104
-0.50179857,0.00006104
-0.50147857,0.00006104
-0.50115857,0.00006104
-0.50083857,0.00006104
-0.50051857,0.00006104
-0.50019857,0.12469863
-0.49987857,0.89004183
-0.49955857,0.39161351
-0.49923857,0.14246041
-0.49891857,0.00006104
-0.49859857,-0.05334635
-0.49827857,-0.07110813
-0.49795857,-0.03552354
-0.49763857,-0.03552354
-0.49731857,-0.01770074
-0.49699857,-0.88998079
-0.49667857,-1.08578753
-0.49635857,-∞
-0.49603857,-0.24915311
-0.49571857,0.42725915
-0.49539857,0.30262154
-0.49507857,0.08911405
-0.49475857,0.01788385
-0.49443857,0.01788385
-0.49411857,0.03570665
-0.49379857,0.03570665
-0.49347857,0.03570665
-0.49315857,0.03570665
-0.49283857,0.03570665
-0.49251857,0.03570665
-0.49219857,0.01788385
-0.49187857,0.01788385
-0.49155857,0.00006104
-0.49123857,0.00006104
-0.49091857,0.01788385
-0.49059857,0.01788385
-0.49027857,0.03570665
-0.48995857,0.05346843
-0.48963857,0.07129124
-0.48931857,0.07129124
-0.48899857,0.05346843
-0.48867857,0.05346843
-0.48835857,0.05346843
-0.48803857,0.03570665
-0.48771857,0.05346843
-0.48739857,0.08911405
-0.48707857,0.07129124
-0.48675857,0.03570665
-0.48643857,0.03570665
-0.48611857,0.03570665
-0.48579857,0.03570665
-0.48547857,0.00006104
-0.48515857,-0.01770074
-0.48483857,-0.01770074
-0.48451857,-0.03552354
-0.48419857,0.00006104
-0.48387857,0.01788385
-0.48355857,-0.01770074
-0.48323857,0.03570665
-0.48291857,0.00006104
-0.48259857,-0.03552354
-0.48227857,0.03570665
-0.48195857,-0.01770074
-0.48163857,-0.01770074
-0.48131857,0.03570665
-0.48099857,0.01788385
-0.48067857,0.01788385
-0.48035857,0.03570665
-0.48003857,0.03570665
-0.47971857,0.01788385
-0.47939857,0.01788385
-0.47907857,0.01788385
-0.47875857,0.01788385
-0.47843857,0.01788385
-0.47811857,0.03570665
-0.47779857,0.01788385
-0.47747857,0.00006104
-0.47715857,0.01788385
-0.47683857,0.01788385
-0.47651857,0.00006104
-0.47619857,0.01788385
-0.47587857,0.00006104
-0.47555857,-0.01770074
-0.47523857,0.00006104
-0.47491857,0.01788385
-0.47459857,0.00006104
-0.47427857,0.01788385
-0.47395857,0.01788385
-0.47363857,0.01788385
-0.47331857,0.01788385
-0.47299857,0.01788385
-0.47267857,0.00006104
-0.47235857,0.01788385
-0.47203857,0.01788385
-0.47171857,0.00006104
-0.47139857,0.01788385
-0.47107857,0.01788385
-0.47075857,0.00006104
-0.47043857,0.00006104
-0.47011857,0.00006104
-0.46979857,0.00006104
-0.46947857,0.00006104
-0.46915857,-0.01770074
-0.46883857,-0.01770074
-0.46851857,0.00006104
-0.46819857,0.00006104
-0.46787857,0.00006104
-0.46755857,0.00006104
-0.46723857,0.00006104
-0.46691857,0.00006104
-0.46659857,0.00006104
-0.46627857,0.00006104
-0.46595857,0.00006104
-0.46563857,0.01788385
-0.46531857,0.01788385
-0.46499857,0.01788385
-0.46467857,0.00006104
-0.46435857,0.00006104
-0.46403857,0.01788385
-0.46371857,0.00006104
-0.46339857,0.00006104
-0.46307857,0.00006104
-0.46275857,0.00006104
-0.46243857,-0.01770074
-0.46211857,0.00006104
-0.46179857,0.00006104
-0.46147857,0.01788385
-0.46115857,0.00006104
-0.46083857,0.00006104
-0.46051857,0.00006104
-0.46019857,0.01788385
-0.45987857,0.00006104
-0.45955857,0.00006104
-0.45923857,0.00006104
-0.45891857,0.00006104
-0.45859857,0.00006104
-0.45827857,0.00006104
-0.45795857,0.00006104
-0.45763857,0.00006104
-0.45731857,0.00006104
-0.45699857,0.00006104
-0.45667857,0.00006104
-0.45635857,0.00006104
-0.45603857,0.00006104
-0.45571857,0.00006104
-0.45539857,0.01788385
-0.45507857,0.00006104
-0.45475857,0.00006104
-0.45443857,0.00006104
-0.45411857,0.00006104
-0.45379857,0.00006104
-0.45347857,0.01788385
-0.45315857,0.00006104
-0.45283857,0.01788385
-0.45251857,0.00006104
-0.45219857,0.00006104
-0.45187857,0.00006104
-0.45155857,0.00006104
-0.45123857,0.00006104
-0.45091857,0.00006104
-0.45059857,0.00006104
-0.45027857,0.00006104
-0.44995857,0.00006104
-0.44963857,0.00006104
-0.44931857,0.00006104
-0.44899857,0.00006104
-0.44867857,0.00006104
-0.44835857,0.00006104
-0.44803857,0.00006104
-0.44771857,0.00006104
-0.44739857,0.00006104
-0.44707857,0.00006104
-0.44675857,0.01788385
-0.44643857,0.00006104
-0.44611857,0.00006104
-0.44579857,0.00006104
-0.44547857,0.00006104
-0.44515857,0.00006104
-0.44483857,0.00006104
-0.44451857,0.00006104
-0.44419857,0.00006104
-0.44387857,0.00006104
-0.44355857,0.00006104
-0.44323857,0.00006104
-0.44291857,0.00006104
-0.44259857,0.00006104
-0.44227857,0.00006104
-0.44195857,0.00006104
-0.44163857,0.00006104
-0.44131857,0.00006104
-0.44099857,0.00006104
-0.44067857,0.00006104
-0.44035857,0.00006104
-0.44003857,0.00006104
-0.43971857,0.00006104
-0.43939857,0.00006104
-0.43907857,0.00006104
-0.43875857,0.00006104
-0.43843857,0.00006104
-0.43811857,0.00006104
-0.43779857,0.00006104
-0.43747857,0.00006104
-0.43715857,0.00006104
-0.43683857,0.00006104
-0.43651857,0.00006104
-0.43619857,0.00006104
-0.43587857,0.00006104
-0.43555857,0.00006104
-0.43523857,0.00006104
-0.43491857,0.00006104
-0.43459857,0.00006104
-0.43427857,0.00006104
-0.43395857,0.00006104
-0.43363857,0.00006104
-0.43331857,0.00006104
-0.43299857,0.00006104
-0.43267857,0.00006104
-0.43235857,0.00006104
-0.43203857,0.00006104
-0.43171857,0.00006104
-0.43139857,0.00006104
-0.43107857,0.00006104
-0.43075857,0.00006104
-0.43043857,0.00006104
-0.43011857,0.00006104
-0.42979857,0.00006104
-0.42947857,0.00006104
-0.42915857,0.00006104
-0.42883857,0.00006104
-0.42851857,0.00006104
-0.42819857,0.00006104
-0.42787857,0.00006104
-0.42755857,0.00006104
-0.42723857,0.00006104
-0.42691857,0.00006104
-0.42659857,-0.01770074
-0.42627857,0.00006104
-0.42595857,0.00006104
-0.42563857,0.00006104
-0.42531857,0.00006104
-0.42499857,0.00006104
-0.42467857,0.00006104
-0.42435857,0.00006104
-0.42403857,0.00006104
-0.42371857,0.00006104
-0.42339857,0.00006104
-0.42307857,0.00006104
-0.42275857,0.00006104
-0.42243857,0.00006104
-0.42211857,0.00006104
-0.42179857,0.00006104
-0.42147857,0.00006104
-0.42115857,0.00006104
-0.42083857,0.00006104
-0.42051857,0.00006104
-0.42019857,0.00006104
-0.41987857,0.00006104
-0.41955857,0.00006104
-0.41923857,0.00006104
-0.41891857,0.00006104
-0.41859857,0.00006104
-0.41827857,0.00006104
-0.41795857,0.00006104
-0.41763857,0.00006104
-0.41731857,0.00006104
-0.41699857,0.00006104
-0.41667857,0.00006104
-0.41635857,0.00006104
-0.41603857,0.00006104
-0.41571857,0.00006104
-0.41539857,-0.01770074
-0.41507857,0.00006104
-0.41475857,0.00006104
-0.41443857,0.00006104
-0.41411857,0.00006104
-0.41379857,0.00006104
-0.41347857,0.00006104
-0.41315857,0.00006104
-0.41283857,0.00006104
-0.41251857,0.00006104
-0.41219857,0.00006104
-0.41187857,0.00006104
-0.41155857,0.00006104
-0.41123857,0.00006104
-0.41091857,0.00006104
-0.41059857,0.00006104
-0.41027857,0.00006104
-0.40995857,0.00006104
-0.40963857,0.00006104
-0.40931857,0.00006104
-0.40899857,0.00006104
-0.40867857,0.00006104
-0.40835857,0.00006104
-0.40803857,0.00006104
-0.40771857,0.00006104
-0.40739857,0.00006104
-0.40707857,0.00006104
-0.40675857,0.00006104
-0.40643857,0.00006104
-0.40611857,0.00006104
-0.40579857,0.00006104
-0.40547857,-0.01770074
-0.40515857,0.00006104
-0.40483857,0.00006104
-0.40451857,0.00006104
-0.40419857,0.00006104
-0.40387857,0.00006104
-0.40355857,0.00006104
-0.40323857,0.00006104
-0.40291857,0.00006104
-0.40259857,0.00006104
-0.40227857,0.00006104
-0.40195857,0.00006104
-0.40163857,0.00006104
-0.40131857,0.00006104
-0.40099857,0.00006104
-0.40067857,0.00006104
-0.40035857,0.00006104
-0.40003857,0.00006104
-0.39971857,0.00006104
-0.39939857,0.00006104
-0.39907857,-0.01770074
-0.39875857,0.00006104
-0.39843857,0.00006104
-0.39811857,0.00006104
-0.39779857,0.00006104
-0.39747857,0.00006104
-0.39715857,0.00006104
-0.39683857,0.00006104
-0.39651857,0.00006104
-0.39619857,0.00006104
-0.39587857,0.00006104
-0.39555857,0.00006104
-0.39523857,0.00006104
-0.39491857,0.00006104
-0.39459857,0.00006104
-0.39427857,0.00006104
-0.39395857,-0.01770074
-0.39363857,0.00006104
-0.39331857,0.00006104
-0.39299857,0.00006104
-0.39267857,0.00006104
-0.39235857,-0.01770074
-0.39203857,0.00006104
-0.39171857,0.00006104
-0.39139857,0.00006104
-0.39107857,0.00006104
-0.39075857,0.00006104
-0.39043857,0.00006104
-0.39011857,0.00006104
-0.38979857,0.00006104
-0.38947857,0.00006104
-0.38915857,0.00006104
-0.38883857,0.00006104
-0.38851857,0.00006104
-0.38819857,0.00006104
-0.38787857,-0.01770074
-0.38755857,-0.01770074
-0.38723857,0.00006104
-0.38691857,-0.01770074
-0.38659857,0.00006104
-0.38627857,0.00006104
-0.38595857,0.00006104
-0.38563857,0.00006104
-0.38531857,0.00006104
-0.38499857,0.00006104
-0.38467857,0.00006104
-0.38435857,0.00006104
-0.38403857,0.00006104
-0.38371857,0.00006104
-0.38339857,0.00006104
-0.38307857,0.00006104
-0.38275857,0.00006104
-0.38243857,0.00006104
-0.38211857,0.00006104
-0.38179857,0.00006104
-0.38147857,0.00006104
-0.38115857,0.00006104
-0.38083857,0.00006104
-0.38051857,0.00006104
-0.38019857,0.00006104
-0.37987857,-0.01770074
-0.37955857,0.00006104
-0.37923857,0.00006104
-0.37891857,0.00006104
-0.37859857,0.00006104
-0.37827857,0.00006104
-0.37795857,0.00006104
-0.37763857,0.00006104
-0.37731857,0.00006104
-0.37699857,0.00006104
-0.37667857,0.00006104
-0.37635857,0.00006104
-0.37603857,0.00006104
-0.37571857,0.00006104
-0.37539857,0.00006104
-0.37507857,0.00006104
-0.37475857,0.00006104
-0.37443857,0.00006104
-0.37411857,-0.01770074
-0.37379857,0.00006104
-0.37347857,0.00006104
-0.37315857,0.00006104
-0.37283857,0.00006104
-0.37251857,0.00006104
-0.37219857,0.00006104
-0.37187857,0.00006104
-0.37155857,0.00006104
-0.37123857,0.00006104
-0.37091857,0.00006104
-0.37059857,-0.01770074
-0.37027857,0.00006104
-0.36995857,0.00006104
-0.36963857,0.00006104
-0.36931857,0.00006104
-0.36899857,0.00006104
-0.36867857,0.00006104
-0.36835857,0.00006104
-0.36803857,0.00006104
-0.36771857,0.00006104
-0.36739857,0.00006104
-0.36707857,0.00006104
-0.36675857,0.00006104
-0.36643857,0.00006104
-0.36611857,0.00006104
-0.36579857,0.00006104
-0.36547857,0.00006104
-0.36515857,0.00006104
-0.36483857,0.00006104
-0.36451857,0.00006104
-0.36419857,0.00006104
-0.36387857,0.00006104
-0.36355857,0.00006104
-0.36323857,0.00006104
-0.36291857,0.00006104
-0.36259857,0.00006104
-0.36227857,0.00006104
-0.36195857,0.00006104
-0.36163857,0.00006104
-0.36131857,0.00006104
-0.36099857,0.00006104
-0.36067857,0.00006104
-0.36035857,0.00006104
-0.36003857,0.00006104
-0.35971857,0.00006104
-0.35939857,-0.01770074
-0.35907857,0.00006104
-0.35875857,0.00006104
-0.35843857,0.00006104
-0.35811857,0.00006104
-0.35779857,0.00006104
-0.35747857,0.00006104
-0.35715857,0.00006104
-0.35683857,0.00006104
-0.35651857,0.00006104
-0.35619857,0.00006104
-0.35587857,-0.01770074
-0.35555857,0.00006104
-0.35523857,0.00006104
-0.35491857,0.00006104
-0.35459857,0.00006104
-0.35427857,0.00006104
-0.35395857,0.00006104
-0.35363857,-0.01770074
-0.35331857,0.00006104
-0.35299857,0.00006104
-0.35267857,0.00006104
-0.35235857,0.00006104
-0.35203857,0.01788385
-0.35171857,0.00006104
-0.35139857,0.00006104
-0.35107857,0.00006104
-0.35075857,0.00006104
-0.35043857,0.00006104
-0.35011857,0.00006104
-0.34979857,0.00006104
-0.34947857,0.00006104
-0.34915857,-0.01770074
-0.34883857,0.00006104
-0.34851857,0.00006104
-0.34819857,0.00006104
-0.34787857,0.00006104
-0.34755857,0.00006104
-0.34723857,0.00006104
-0.34691857,0.00006104
-0.34659857,0.00006104
-0.34627857,0.00006104
-0.34595857,0.00006104
-0.34563857,0.00006104
-0.34531857,0.00006104
-0.34499857,0.00006104
-0.34467857,0.00006104
-0.34435857,0.00006104
-0.34403857,0.00006104
-0.34371857,0.00006104
-0.34339857,0.00006104
-0.34307857,0.00006104
-0.34275857,0.00006104
-0.34243857,0.00006104
-0.34211857,0.00006104
-0.34179857,0.00006104
-0.34147857,0.00006104
-0.34115857,0.00006104
-0.34083857,0.00006104
-0.34051857,0.00006104
-0.34019857,0.00006104
-0.33987857,0.00006104
-0.33955857,0.00006104
-0.33923857,-0.01770074
-0.33891857,0.00006104
-0.33859857,0.00006104
-0.33827857,0.00006104
-0.33795857,0.00006104
-0.33763857,0.00006104
-0.33731857,0.00006104
-0.33699857,0.00006104
-0.33667857,0.00006104
-0.33635857,0.00006104
-0.33603857,0.00006104
-0.33571857,0.00006104
-0.33539857,0.00006104
-0.33507857,0.00006104
-0.33475857,0.00006104
-0.33443857,0.00006104
-0.33411857,0.00006104
-0.33379857,0.00006104
-0.33347857,0.00006104
-0.33315857,0.00006104
-0.33283857,0.00006104
-0.33251857,-0.01770074
-0.33219857,0.00006104
-0.33187857,0.00006104
-0.33155857,0.00006104
-0.33123857,0.00006104
-0.33091857,0.00006104
-0.33059857,0.00006104
-0.33027857,0.00006104
-0.32995857,0.00006104
-0.32963857,0.00006104
-0.32931857,0.00006104
-0.32899857,0.00006104
-0.32867857,0.00006104
-0.32835857,0.00006104
-0.32803857,0.00006104
-0.32771857,-0.01770074
-0.32739857,0.00006104
-0.32707857,0.00006104
-0.32675857,0.00006104
-0.32643857,0.00006104
-0.32611857,0.00006104
-0.32579857,0.00006104
-0.32547857,-0.01770074
-0.32515857,0.00006104
-0.32483857,0.00006104
-0.32451857,0.00006104
-0.32419857,0.00006104
-0.32387857,0.00006104
-0.32355857,0.00006104
-0.32323857,0.00006104
-0.32291857,0.00006104
-0.32259857,0.00006104
-0.32227857,0.00006104
-0.32195857,0.00006104
-0.32163857,0.00006104
-0.32131857,0.00006104
-0.32099857,0.00006104
-0.32067857,0.00006104
-0.32035857,0.00006104
-0.32003857,0.00006104
-0.31971857,0.00006104
-0.31939857,0.00006104
-0.31907857,0.00006104
-0.31875857,0.00006104
-0.31843857,0.00006104
-0.31811857,0.00006104
-0.31779857,0.00006104
-0.31747857,0.00006104
-0.31715857,0.00006104
-0.31683857,0.00006104
-0.31651857,0.00006104
-0.31619857,-0.01770074
-0.31587857,0.00006104
-0.31555857,0.00006104
-0.31523857,0.00006104
-0.31491857,0.00006104
-0.31459857,0.00006104
-0.31427857,0.00006104
-0.31395857,0.00006104
-0.31363857,0.00006104
-0.31331857,0.00006104
-0.31299857,0.00006104
-0.31267857,0.00006104
-0.31235857,0.00006104
-0.31203857,0.00006104
-0.31171857,0.00006104
-0.31139857,0.00006104
-0.31107857,0.00006104
-0.31075857,0.00006104
-0.31043857,0.00006104
-0.31011857,0.00006104
-0.30979857,0.00006104
-0.30947857,0.00006104
-0.30915857,0.00006104
-0.30883857,0.00006104
-0.30851857,0.00006104
-0.30819857,0.00006104
-0.30787857,0.00006104
-0.30755857,0.00006104
-0.30723857,0.00006104
-0.30691857,0.00006104
-0.30659857,0.00006104
-0.30627857,0.00006104
-0.30595857,0.00006104
-0.30563857,-0.01770074
-0.30531857,0.00006104
-0.30499857,0.00006104
-0.30467857,0.00006104
-0.30435857,-0.01770074
-0.30403857,-0.01770074
-0.30371857,0.00006104
-0.30339857,0.00006104
-0.30307857,0.00006104
-0.30275857,0.00006104
-0.30243857,0.00006104
-0.30211857,0.00006104
-0.30179857,0.00006104
-0.30147857,0.00006104
-0.30115857,0.00006104
-0.30083857,0.00006104
-0.30051857,0.00006104
-0.30019857,0.00006104
-0.29987857,0.00006104
-0.29955857,0.00006104
-0.29923857,0.00006104
-0.29891857,0.00006104
-0.29859857,0.00006104
-0.29827857,-0.01770074
-0.29795857,0.00006104
-0.29763857,0.00006104
-0.29731857,0.00006104
-0.29699857,-0.01770074
-0.29667857,0.00006104
-0.29635857,0.00006104
-0.29603857,0.00006104
-0.29571857,0.00006104
-0.29539857,0.00006104
-0.29507857,0.00006104
-0.29475857,0.00006104
-0.29443857,0.00006104
-0.29411857,0.00006104
-0.29379857,0.00006104
-0.29347857,0.00006104
-0.29315857,0.00006104
-0.29283857,0.00006104
-0.29251857,0.00006104
-0.29219857,0.00006104
-0.29187857,0.00006104
-0.29155857,0.00006104
-0.29123857,0.00006104
-0.29091857,0.00006104
-0.29059857,0.00006104
-0.29027857,0.00006104
-0.28995857,0.00006104
-0.28963857,-0.01770074
-0.28931857,0.00006104
-0.28899857,0.00006104
-0.28867857,0.00006104
-0.28835857,0.00006104
-0.28803857,0.00006104
-0.28771857,0.00006104
-0.28739857,0.00006104
-0.28707857,-0.01770074
-0.28675857,0.00006104
-0.28643857,0.00006104
-0.28611857,0.00006104
-0.28579857,0.00006104
-0.28547857,0.00006104
-0.28515857,0.00006104
-0.28483857,0.00006104
-0.28451857,0.00006104
-0.28419857,0.00006104
-0.28387857,0.00006104
-0.28355857,0.00006104
-0.28323857,0.00006104
-0.28291857,0.00006104
-0.28259857,-0.01770074
-0.28227857,0.00006104
-0.28195857,0.00006104
-0.28163857,0.00006104
-0.28131857,0.00006104
-0.28099857,0.00006104
-0.28067857,0.00006104
-0.28035857,0.00006104
-0.28003857,0.00006104
-0.27971857,0.00006104
-0.27939857,0.00006104
-0.27907857,0.00006104
-0.27875857,0.00006104
-0.27843857,0.00006104
-0.27811857,0.00006104
-0.27779857,-0.01770074
-0.27747857,0.00006104
-0.27715857,-0.01770074
-0.27683857,0.00006104
-0.27651857,0.00006104
-0.27619857,0.00006104
-0.27587857,-0.01770074
-0.27555857,0.00006104
-0.27523857,0.00006104
-0.27491857,0.00006104
-0.27459857,0.00006104
-0.27427857,0.00006104
-0.27395857,0.00006104
-0.27363857,0.00006104
-0.27331857,0.00006104
-0.27299857,0.00006104
-0.27267857,0.00006104
-0.27235857,0.00006104
-0.27203857,0.00006104
-0.27171857,0.00006104
-0.27139857,0.00006104
-0.27107857,0.00006104
-0.27075857,0.00006104
-0.27043857,0.00006104
-0.27011857,0.00006104
-0.26979857,0.00006104
-0.26947857,0.00006104
-0.26915857,0.00006104
-0.26883857,0.00006104
-0.26851857,0.00006104
-0.26819857,0.00006104
-0.26787857,0.00006104
-0.26755857,0.00006104
-0.26723857,-0.01770074
-0.26691857,0.00006104
-0.26659857,0.00006104
-0.26627857,0.00006104
-0.26595857,0.00006104
-0.26563857,0.00006104
-0.26531857,0.00006104
-0.26499857,0.00006104
-0.26467857,0.00006104
-0.26435857,0.00006104
-0.26403857,0.00006104
-0.26371857,0.00006104
-0.26339857,0.00006104
-0.26307857,0.00006104
-0.26275857,0.00006104
-0.26243857,0.00006104
-0.26211857,0.00006104
-0.26179857,-0.01770074
-0.26147857,0.00006104
-0.26115857,0.00006104
-0.26083857,0.00006104
-0.26051857,0.00006104
-0.26019857,0.00006104
-0.25987857,0.00006104
-0.25955857,0.00006104
-0.25923857,0.00006104
-0.25891857,0.00006104
-0.25859857,0.00006104
-0.25827857,0.00006104
-0.25795857,0.00006104
-0.25763857,0.00006104
-0.25731857,0.00006104
-0.25699857,0.00006104
-0.25667857,0.00006104
-0.25635857,0.00006104
-0.25603857,0.00006104
-0.25571857,0.00006104
-0.25539857,0.00006104
-0.25507857,0.00006104
-0.25475857,0.00006104
-0.25443857,0.00006104
-0.25411857,0.00006104
-0.25379857,0.00006104
-0.25347857,0.00006104
-0.25315857,0.00006104
-0.25283857,0.00006104
-0.25251857,0.00006104
-0.25219857,0.00006104
-0.25187857,0.00006104
-0.25155857,0.00006104
-0.25123857,0.00006104
-0.25091857,0.00006104
-0.25059857,0.00006104
-0.25027857,-0.01770074
-0.24995857,0.00006104
-0.24963857,0.00006104
-0.24931857,0.00006104
-0.24899857,0.00006104
-0.24867857,0.00006104
-0.24835857,0.00006104
-0.24803857,0.00006104
-0.24771857,0.00006104
-0.24739857,0.00006104
-0.24707857,0.00006104
-0.24675857,0.00006104
-0.24643857,0.00006104
-0.24611857,0.00006104
-0.24579857,0.00006104
-0.24547857,0.00006104
-0.24515857,0.00006104
-0.24483857,0.00006104
-0.24451857,0.00006104
-0.24419857,0.00006104
-0.24387857,0.00006104
-0.24355857,0.00006104
-0.24323857,-0.01770074
-0.24291857,0.00006104
-0.24259857,0.00006104
-0.24227857,0.00006104
-0.24195857,0.00006104
-0.24163857,0.00006104
-0.24131857,-0.01770074
-0.24099857,-0.01770074
-0.24067857,0.00006104
-0.24035857,0.00006104
-0.24003857,-0.01770074
-0.23971857,0.00006104
-0.23939857,0.00006104
-0.23907857,0.00006104
-0.23875857,0.00006104
-0.23843857,0.00006104
-0.23811857,0.00006104
-0.23779857,0.00006104
-0.23747857,0.00006104
-0.23715857,0.00006104
-0.23683857,0.00006104
-0.23651857,0.00006104
-0.23619857,0.00006104
-0.23587857,0.00006104
-0.23555857,0.00006104
-0.23523857,0.00006104
-0.23491857,0.00006104
-0.23459857,0.00006104
-0.23427857,0.00006104
-0.23395857,-0.01770074
-0.23363857,0.00006104
-0.23331857,0.00006104
-0.23299857,0.00006104
-0.23267857,0.00006104
-0.23235857,0.00006104
-0.23203857,0.00006104
-0.23171857,0.00006104
-0.23139857,0.00006104
-0.23107857,0.00006104
-0.23075857,0.00006104
-0.23043857,0.00006104
-0.23011857,0.00006104
-0.22979857,0.00006104
-0.22947857,0.00006104
-0.22915857,0.00006104
-0.22883857,0.00006104
-0.22851857,0.00006104
-0.22819857,0.00006104
-0.22787857,0.00006104
-0.22755857,0.00006104
-0.22723857,-0.01770074
-0.22691857,0.00006104
-0.22659857,-0.01770074
-0.22627857,0.00006104
-0.22595857,0.00006104
-0.22563857,0.00006104
-0.22531857,-0.01770074
-0.22499857,0.00006104
-0.22467857,0.00006104
-0.22435857,0.00006104
-0.22403857,0.00006104
-0.22371857,0.00006104
-0.22339857,0.00006104
-0.22307857,0.00006104
-0.22275857,0.00006104
-0.22243857,0.00006104
-0.22211857,0.00006104
-0.22179857,0.00006104
-0.22147857,0.00006104
-0.22115857,0.00006104
-0.22083857,0.00006104
-0.22051857,0.00006104
-0.22019857,0.00006104
-0.21987857,0.00006104
-0.21955857,0.00006104
-0.21923857,0.00006104
-0.21891857,0.00006104
-0.21859857,0.00006104
-0.21827857,0.00006104
-0.21795857,0.00006104
-0.21763857,0.00006104
-0.21731857,0.00006104
-0.21699857,0.00006104
-0.21667857,0.00006104
-0.21635857,-0.01770074
-0.21603857,0.00006104
-0.21571857,-0.01770074
-0.21539857,0.00006104
-0.21507857,-0.01770074
-0.21475857,0.00006104
-0.21443857,0.00006104
-0.21411857,0.00006104
-0.21379857,0.00006104
-0.21347857,0.00006104
-0.21315857,0.00006104
-0.21283857,0.00006104
-0.21251857,0.00006104
-0.21219857,0.00006104
-0.21187857,0.00006104
-0.21155857,0.00006104
-0.21123857,0.00006104
-0.21091857,0.00006104
-0.21059857,0.00006104
-0.21027857,0.00006104
-0.20995857,0.00006104
-0.20963857,0.00006104
-0.20931857,0.00006104
-0.20899857,0.00006104
-0.20867857,0.00006104
-0.20835857,0.00006104
-0.20803857,0.00006104
-0.20771857,0.00006104
-0.20739857,0.00006104
-0.20707857,0.00006104
-0.20675857,0.00006104
-0.20643857,0.00006104
-0.20611857,0.00006104
-0.20579857,0.00006104
-0.20547857,0.00006104
-0.20515857,0.00006104
-0.20483857,0.00006104
-0.20451857,0.00006104
-0.20419857,0.00006104
-0.20387857,0.00006104
-0.20355857,0.00006104
-0.20323857,0.00006104
-0.20291857,0.00006104
-0.20259857,0.00006104
-0.20227857,0.00006104
-0.20195857,0.00006104
-0.20163857,0.00006104
-0.20131857,0.00006104
-0.20099857,0.00006104
-0.20067857,0.00006104
-0.20035857,0.00006104
-0.20003857,0.00006104
-0.19971857,0.00006104
-0.19939857,0.00006104
-0.19907857,0.00006104
-0.19875857,0.00006104
-0.19843857,0.00006104
-0.19811857,0.00006104
-0.19779857,0.00006104
-0.19747857,0.00006104
-0.19715857,0.00006104
-0.19683857,0.00006104
-0.19651857,0.00006104
-0.19619857,0.00006104
-0.19587857,0.00006104
-0.19555857,0.00006104
-0.19523857,0.00006104
-0.19491857,0.00006104
-0.19459857,0.00006104
-0.19427857,0.00006104
-0.19395857,0.00006104
-0.19363857,0.00006104
-0.19331857,0.00006104
-0.19299857,0.00006104
-0.19267857,0.00006104
-0.19235857,0.00006104
-0.19203857,0.00006104
-0.19171857,0.00006104
-0.19139857,0.00006104
-0.19107857,0.00006104
-0.19075857,0.00006104
-0.19043857,0.00006104
-0.19011857,0.00006104
-0.18979857,0.00006104
-0.18947857,0.00006104
-0.18915857,0.00006104
-0.18883857,0.00006104
-0.18851857,-0.01770074
-0.18819857,0.00006104
-0.18787857,0.00006104
-0.18755857,0.00006104
-0.18723857,0.00006104
-0.18691857,-0.01770074
-0.18659857,0.00006104
-0.18627857,0.00006104
-0.18595857,0.00006104
-0.18563857,0.00006104
-0.18531857,0.00006104
-0.18499857,0.00006104
-0.18467857,0.00006104
-0.18435857,0.00006104
-0.18403857,0.00006104
-0.18371857,0.00006104
-0.18339857,0.00006104
-0.18307857,0.00006104
-0.18275857,0.00006104
-0.18243857,0.00006104
-0.18211857,0.00006104
-0.18179857,0.00006104
-0.18147857,0.00006104
-0.18115857,0.00006104
-0.18083857,0.00006104
-0.18051857,0.00006104
-0.18019857,0.00006104
-0.17987857,0.00006104
-0.17955857,-0.01770074
-0.17923857,0.00006104
-0.17891857,0.00006104
-0.17859857,0.00006104
-0.17827857,0.00006104
-0.17795857,0.00006104
-0.17763857,0.00006104
-0.17731857,0.00006104
-0.17699857,0.00006104
-0.17667857,-0.01770074
-0.17635857,0.00006104
-0.17603857,0.00006104
-0.17571857,-0.01770074
-0.17539857,0.00006104
-0.17507857,0.00006104
-0.17475857,0.00006104
-0.17443857,0.00006104
-0.17411857,0.00006104
-0.17379857,0.00006104
-0.17347857,0.00006104
-0.17315857,0.00006104
-0.17283857,0.00006104
-0.17251857,0.00006104
-0.17219857,0.00006104
-0.17187857,0.00006104
-0.17155857,0.00006104
-0.17123857,0.00006104
-0.17091857,0.00006104
-0.17059857,0.00006104
-0.17027857,-0.01770074
-0.16995857,0.00006104
-0.16963857,0.00006104
-0.16931857,0.00006104
-0.16899857,0.00006104
-0.16867857,-0.01770074
-0.16835857,0.00006104
-0.16803857,0.00006104
-0.16771857,0.00006104
-0.16739857,0.00006104
-0.16707857,0.00006104
-0.16675857,0.00006104
-0.16643857,0.00006104
-0.16611857,0.00006104
-0.16579857,0.00006104
-0.16547857,0.00006104
-0.16515857,0.00006104
-0.16483857,0.00006104
-0.16451857,0.00006104
-0.16419857,0.00006104
-0.16387857,0.00006104
-0.16355857,0.00006104
-0.16323857,0.00006104
-0.16291857,0.00006104
-0.16259857,0.00006104
-0.16227857,-0.01770074
-0.16195857,0.00006104
-0.16163857,0.00006104
-0.16131857,0.00006104
-0.16099857,0.00006104
-0.16067857,0.00006104
-0.16035857,0.00006104
-0.16003857,0.00006104
-0.15971857,0.00006104
-0.15939857,0.00006104
-0.15907857,-0.01770074
-0.15875857,0.00006104
-0.15843857,0.00006104
-0.15811857,0.00006104
-0.15779857,0.00006104
-0.15747857,0.00006104
-0.15715857,0.00006104
-0.15683857,0.00006104
-0.15651857,0.00006104
-0.15619857,0.00006104
-0.15587857,0.00006104
-0.15555857,0.00006104
-0.15523857,0.00006104
-0.15491857,0.00006104
-0.15459857,0.00006104
-0.15427857,0.00006104
-0.15395857,0.00006104
-0.15363857,0.00006104
-0.15331857,0.00006104
-0.15299857,-0.01770074
-0.15267857,0.00006104
-0.15235857,0.00006104
-0.15203857,0.00006104
-0.15171857,0.00006104
-0.15139857,-0.01770074
-0.15107857,-0.01770074
-0.15075857,0.00006104
-0.15043857,0.00006104
-0.15011857,0.00006104
-0.14979857,0.00006104
-0.14947857,0.00006104
-0.14915857,0.00006104
-0.14883857,0.00006104
-0.14851857,0.00006104
-0.14819857,0.00006104
-0.14787857,0.00006104
-0.14755857,0.00006104
-0.14723857,0.00006104
-0.14691857,0.00006104
-0.14659857,0.00006104
-0.14627857,0.00006104
-0.14595857,0.00006104
-0.14563857,0.00006104
-0.14531857,0.00006104
-0.14499857,0.00006104
-0.14467857,0.00006104
-0.14435857,0.00006104
-0.14403857,0.00006104
-0.14371857,0.00006104
-0.14339857,0.00006104
-0.14307857,0.00006104
-0.14275857,0.00006104
-0.14243857,0.00006104
-0.14211857,0.00006104
-0.14179857,-0.01770074
-0.14147857,0.00006104
-0.14115857,0.00006104
-0.14083857,0.00006104
-0.14051857,0.00006104
-0.14019857,0.00006104
-0.13987857,0.00006104
-0.13955857,0.00006104
-0.13923857,0.00006104
-0.13891857,0.00006104
-0.13859857,0.00006104
-0.13827857,0.00006104
-0.13795857,-0.01770074
-0.13763857,0.00006104
-0.13731857,0.00006104
-0.13699857,0.00006104
-0.13667857,0.00006104
-0.13635857,0.00006104
-0.13603857,-0.01770074
-0.13571857,0.00006104
-0.13539857,0.00006104
-0.13507857,0.00006104
-0.13475857,0.00006104
-0.13443857,0.00006104
-0.13411857,0.00006104
-0.13379857,0.00006104
-0.13347857,0.00006104
-0.13315857,0.00006104
-0.13283857,-0.01770074
-0.13251857,-0.01770074
-0.13219857,-0.01770074
-0.13187857,0.00006104
-0.13155857,0.00006104
-0.13123857,0.00006104
-0.13091857,0.00006104
-0.13059857,0.00006104
-0.13027857,0.00006104
-0.12995857,0.00006104
-0.12963857,0.00006104
-0.12931857,0.00006104
-0.12899857,0.00006104
-0.12867857,0.00006104
-0.12835857,0.00006104
-0.12803857,0.00006104
-0.12771857,0.00006104
-0.12739857,0.00006104
-0.12707857,0.00006104
-0.12675857,0.00006104
-0.12643857,0.00006104
-0.12611857,0.00006104
-0.12579857,0.00006104
-0.12547857,0.00006104
-0.12515857,-0.01770074
-0.12483857,0.00006104
-0.12451857,0.00006104
-0.12419857,0.00006104
-0.12387857,-0.01770074
-0.12355857,0.00006104
-0.12323857,0.00006104
-0.12291857,0.00006104
-0.12259857,0.00006104
-0.12227857,0.00006104
-0.12195857,0.00006104
-0.12163857,0.00006104
-0.12131857,0.00006104
-0.12099857,0.00006104
-0.12067857,0.00006104
-0.12035857,0.00006104
-0.12003857,0.00006104
-0.11971857,0.00006104
-0.11939857,-0.01770074
-0.11907857,0.00006104
-0.11875857,-0.01770074
-0.11843857,0.00006104
-0.11811857,0.00006104
-0.11779857,0.00006104
-0.11747857,-0.01770074
-0.11715857,0.00006104
-0.11683857,0.00006104
-0.11651857,0.00006104
-0.11619857,0.00006104
-0.11587857,0.00006104
-0.11555857,0.00006104
-0.11523857,0.00006104
-0.11491857,0.00006104
-0.11459857,0.00006104
-0.11427857,0.00006104
-0.11395857,0.00006104
-0.11363857,0.00006104
-0.11331857,0.00006104
-0.11299857,0.00006104
-0.11267857,0.00006104
-0.11235857,0.00006104
-0.11203857,0.00006104
-0.11171857,0.00006104
-0.11139857,0.00006104
-0.11107857,0.00006104
-0.11075857,-0.01770074
-0.11043857,0.00006104
-0.11011857,-0.01770074
-0.10979857,0.00006104
-0.10947857,0.00006104
-0.10915857,0.00006104
-0.10883857,0.00006104
-0.10851857,0.00006104
-0.10819857,0.00006104
-0.10787857,0.00006104
-0.10755857,0.00006104
-0.10723857,0.00006104
-0.10691857,0.00006104
-0.10659857,0.00006104
-0.10627857,0.00006104
-0.10595857,0.00006104
-0.10563857,0.00006104
-0.10531857,0.00006104
-0.10499857,0.00006104
-0.10467857,0.00006104
-0.10435857,0.00006104
-0.10403857,0.00006104
-0.10371857,0.00006104
-0.10339857,0.00006104
-0.10307857,0.00006104
-0.10275857,0.00006104
-0.10243857,0.00006104
-0.10211857,0.00006104
-0.10179857,0.00006104
-0.10147857,0.00006104
-0.10115857,0.00006104
-0.10083857,0.00006104
-0.10051857,0.00006104
-0.10019857,0.00006104
-0.09987857,0.00006104
-0.09955857,0.00006104
-0.09923857,0.00006104
-0.09891857,0.00006104
-0.09859857,0.00006104
-0.09827857,0.00006104
-0.09795857,0.00006104
-0.09763857,0.00006104
-0.09731857,0.00006104
-0.09699857,0.00006104
-0.09667857,0.00006104
-0.09635857,0.00006104
-0.09603857,0.00006104
-0.09571857,0.00006104
-0.09539857,0.00006104
-0.09507857,-0.01770074
-0.09475857,0.00006104
-0.09443857,0.00006104
-0.09411857,0.00006104
-0.09379857,0.00006104
-0.09347857,0.00006104
-0.09315857,0.00006104
-0.09283857,0.00006104
-0.09251857,0.00006104
-0.09219857,0.00006104
-0.09187857,0.00006104
-0.09155857,0.00006104
-0.09123857,0.00006104
-0.09091857,0.00006104
-0.09059857,0.00006104
-0.09027857,0.00006104
-0.08995857,0.00006104
-0.08963857,0.00006104
-0.08931857,0.00006104
-0.08899857,0.00006104
-0.08867857,-0.01770074
-0.08835857,0.00006104
-0.08803857,0.00006104
-0.08771857,0.00006104
-0.08739857,0.00006104
-0.08707857,0.00006104
-0.08675857,0.00006104
-0.08643857,0.00006104
-0.08611857,0.00006104
-0.08579857,0.00006104
-0.08547857,0.00006104
-0.08515857,0.00006104
-0.08483857,0.00006104
-0.08451857,0.00006104
-0.08419857,0.00006104
-0.08387857,0.00006104
-0.08355857,0.00006104
-0.08323857,0.00006104
-0.08291857,0.00006104
-0.08259857,0.00006104
-0.08227857,0.00006104
-0.08195857,-0.01770074
-0.08163857,0.00006104
-0.08131857,0.00006104
-0.08099857,0.00006104
-0.08067857,0.00006104
-0.08035857,0.00006104
-0.08003857,0.00006104
-0.07971857,0.00006104
-0.07939857,0.00006104
-0.07907857,0.00006104
-0.07875857,-0.01770074
-0.07843857,0.00006104
-0.07811857,0.00006104
-0.07779857,0.00006104
-0.07747857,0.00006104
-0.07715857,0.00006104
-0.07683857,0.00006104
-0.07651857,0.00006104
-0.07619857,0.00006104
-0.07587857,0.00006104
-0.07555857,0.00006104
-0.07523857,0.00006104
-0.07491857,0.00006104
-0.07459857,0.00006104
-0.07427857,0.00006104
-0.07395857,0.00006104
-0.07363857,0.00006104
-0.07331857,0.00006104
-0.07299857,0.00006104
-0.07267857,0.00006104
-0.07235857,0.00006104
-0.07203857,0.00006104
-0.07171857,0.00006104
-0.07139857,0.00006104
-0.07107857,0.00006104
-0.07075857,0.00006104
-0.07043857,0.00006104
-0.07011857,0.00006104
-0.06979857,0.00006104
-0.06947857,0.00006104
-0.06915857,0.00006104
-0.06883857,0.00006104
-0.06851857,0.00006104
-0.06819857,0.00006104
-0.06787857,0.00006104
-0.06755857,0.00006104
-0.06723857,0.00006104
-0.06691857,0.00006104
-0.06659857,0.00006104
-0.06627857,0.00006104
-0.06595857,0.00006104
-0.06563857,0.00006104
-0.06531857,0.00006104
-0.06499857,0.00006104
-0.06467857,0.00006104
-0.06435857,0.00006104
-0.06403857,0.00006104
-0.06371857,0.00006104
-0.06339857,0.00006104
-0.06307857,0.00006104
-0.06275857,0.00006104
-0.06243857,0.00006104
-0.06211857,0.00006104
-0.06179857,0.00006104
-0.06147857,0.00006104
-0.06115857,0.00006104
-0.06083857,0.00006104
-0.06051857,0.00006104
-0.06019857,0.00006104
-0.05987857,0.00006104
-0.05955857,0.00006104
-0.05923857,0.00006104
-0.05891857,0.00006104
-0.05859857,0.00006104
-0.05827857,0.00006104
-0.05795857,0.00006104
-0.05763857,0.00006104
-0.05731857,0.00006104
-0.05699857,0.00006104
-0.05667857,0.00006104
-0.05635857,0.00006104
-0.05603857,0.00006104
-0.05571857,0.00006104
-0.05539857,0.00006104
-0.05507857,0.00006104
-0.05475857,0.00006104
-0.05443857,0.00006104
-0.05411857,0.00006104
-0.05379857,0.00006104
-0.05347857,0.00006104
-0.05315857,0.00006104
-0.05283857,0.00006104
-0.05251857,0.00006104
-0.05219857,-0.01770074
-0.05187857,0.00006104
-0.05155857,0.00006104
-0.05123857,0.00006104
-0.05091857,0.00006104
-0.05059857,0.00006104
-0.05027857,0.00006104
-0.04995857,0.00006104
-0.04963857,0.00006104
-0.04931857,0.00006104
-0.04899857,-0.01770074
-0.04867857,-0.01770074
-0.04835857,0.00006104
-0.04803857,0.00006104
-0.04771857,0.00006104
-0.04739857,0.00006104
-0.04707857,-0.01770074
-0.04675857,0.00006104
-0.04643857,0.00006104
-0.04611857,-0.01770074
-0.04579857,0.00006104
-0.04547857,0.00006104
-0.04515857,0.00006104
-0.04483857,0.00006104
-0.04451857,0.00006104
-0.04419857,0.00006104
-0.04387857,0.00006104
-0.04355857,0.00006104
-0.04323857,0.00006104
-0.04291857,0.00006104
-0.04259857,0.00006104
-0.04227857,-0.01770074
-0.04195857,0.00006104
-0.04163857,0.00006104
-0.04131857,0.00006104
-0.04099857,0.00006104
-0.04067857,0.00006104
-0.04035857,0.00006104
-0.04003857,0.00006104
-0.03971857,0.00006104
-0.03939857,0.00006104
-0.03907857,0.00006104
-0.03875857,0.00006104
-0.03843857,0.00006104
-0.03811857,0.00006104
-0.03779857,0.00006104
-0.03747857,0.00006104
-0.03715857,0.00006104
-0.03683857,-0.01770074
-0.03651857,0.00006104
-0.03619857,0.00006104
-0.03587857,0.00006104
-0.03555857,0.00006104
-0.03523857,0.00006104
-0.03491857,0.00006104
-0.03459857,0.00006104
-0.03427857,0.00006104
-0.03395857,0.00006104
-0.03363857,0.00006104
-0.03331857,0.00006104
-0.03299857,-0.01770074
-0.03267857,0.00006104
-0.03235857,0.00006104
-0.03203857,0.00006104
-0.03171857,0.00006104
-0.03139857,0.00006104
-0.03107857,0.00006104
-0.03075857,0.00006104
-0.03043857,0.00006104
-0.03011857,0.00006104
-0.02979857,0.00006104
-0.02947857,-0.01770074
-0.02915857,0.00006104
-0.02883857,0.00006104
-0.02851857,0.00006104
-0.02819857,0.00006104
-0.02787857,0.00006104
-0.02755857,0.00006104
-0.02723857,0.00006104
-0.02691857,0.00006104
-0.02659857,0.00006104
-0.02627857,0.00006104
-0.02595857,0.00006104
-0.02563857,0.00006104
-0.02531857,0.00006104
-0.02499857,0.00006104
-0.02467857,0.00006104
-0.02435857,0.00006104
-0.02403857,0.00006104
-0.02371857,0.00006104
-0.02339857,0.00006104
-0.02307857,0.00006104
-0.02275857,0.00006104
-0.02243857,0.00006104
-0.02211857,0.00006104
-0.02179857,0.00006104
-0.02147857,0.00006104
-0.02115857,0.00006104
-0.02083857,0.00006104
-0.02051857,0.00006104
-0.02019857,0.00006104
-0.01987857,0.00006104
-0.01955857,-0.01770074
-0.01923857,-0.01770074
-0.01891857,0.00006104
-0.01859857,0.00006104
-0.01827857,0.00006104
-0.01795857,0.00006104
-0.01763857,0.00006104
-0.01731857,-0.01770074
-0.01699857,0.00006104
-0.01667857,0.00006104
-0.01635857,0.00006104
-0.01603857,0.00006104
-0.01571857,0.00006104
-0.01539857,0.00006104
-0.01507857,0.00006104
-0.01475857,-0.01770074
-0.01443857,0.00006104
-0.01411857,0.00006104
-0.01379857,0.00006104
-0.01347857,0.00006104
-0.01315857,0.00006104
-0.01283857,0.00006104
-0.01251857,0.00006104
-0.01219857,0.00006104
-0.01187857,0.00006104
-0.01155857,0.00006104
-0.01123857,0.00006104
-0.01091857,0.00006104
-0.01059857,0.00006104
-0.01027857,-0.01770074
-0.00995857,0.00006104
-0.00963857,0.00006104
-0.00931857,0.00006104
-0.00899857,0.00006104
-0.00867857,0.00006104
-0.00835857,0.00006104
-0.00803857,0.00006104
-0.00771857,0.00006104
-0.00739857,0.00006104
-0.00707857,0.00006104
-0.00675857,0.00006104
-0.00643857,0.00006104
-0.00611857,0.00006104
-0.00579857,0.00006104
-0.00547857,0.00006104
-0.00515857,0.00006104
-0.00483857,0.00006104
-0.00451857,0.00006104
-0.00419857,0.00006104
-0.00387857,0.00006104
-0.00355857,0.00006104
-0.00323857,0.00006104
-0.00291857,0.00006104
-0.00259857,-0.01770074
-0.00227857,0.00006104
-0.00195857,0.00006104
-0.00163857,-0.01770074
-0.00131857,0.00006104
-0.00099857,0.00006104
-0.00067857,0.00006104
-0.00035857,-1.24594867
-0.00003857,-0.05334635
0.00028143,0.24921414
0.00060143,0.24921414
0.00092143,0.08911405
0.00124143,-0.03552354
0.00156143,-0.05334635
0.00188143,-0.05334635
0.00220143,-0.03552354
0.00252143,-0.01770074
0.00284143,-0.87215799
0.00316143,-1.06796467
0.00348143,-1.83342993
0.00380143,0.03570665
0.00412143,0.55183572
0.00444143,0.26703694
0.00476143,0.07129124
0.00508143,0.03570665
0.00540143,0.03570665
0.00572143,0.03570665
0.00604143,0.03570665
0.00636143,0.03570665
0.00668143,0.03570665
0.00700143,0.03570665
0.00732143,0.03570665
0.00764143,0.01788385
0.00796143,0.01788385
0.00828143,0.00006104
0.00860143,0.00006104
0.00892143,0.01788385
0.00924143,0.01788385
0.00956143,0.03570665
0.00988143,0.05346843
0.01020143,0.05346843
0.01052143,0.07129124
0.01084143,0.05346843
0.01116143,0.05346843
0.01148143,0.07129124
0.01180143,0.03570665
0.01212143,0.05346843
0.01244143,0.08911405
0.01276143,0.07129124
0.01308143,0.05346843
0.01340143,0.03570665
0.01372143,0.03570665
0.01404143,0.03570665
0.01436143,0.00006104
0.01468143,-0.01770074
0.01500143,-0.01770074
0.01532143,-0.03552354
0.01564143,0.00006104
0.01596143,0.01788385
0.01628143,0.00006104
0.01660143,0.05346843
0.01692143,0.00006104
0.01724143,-0.03552354
0.01756143,0.03570665
0.01788143,-0.01770074
0.01820143,0.00006104
0.01852143,0.03570665
0.01884143,0.01788385
0.01916143,0.01788385
0.01948143,0.03570665
0.01980143,0.03570665
0.02012143,0.01788385
0.02044143,0.01788385
0.02076143,0.01788385
0.02108143,0.01788385
0.02140143,0.01788385
0.02172143,0.03570665
0.02204143,0.01788385
0.02236143,0.00006104
0.02268143,0.01788385
0.02300143,0.03570665
0.02332143,0.01788385
0.02364143,0.01788385
0.02396143,0.00006104
0.02428143,-0.01770074
0.02460143,0.00006104
0.02492143,0.01788385
0.02524143,0.00006104
0.02556143,0.01788385
0.02588143,0.01788385
0.02620143,0.00006104
0.02652143,0.01788385
0.02684143,0.00006104
0.02716143,0.00006104
0.02748143,0.01788385
0.02780143,0.00006104
0.02812143,0.00006104
0.02844143,0.01788385
0.02876143,0.01788385
0.02908143,0.00006104
0.02940143,0.00006104
0.02972143,0.00006104
0.03004143,0.00006104
0.03036143,0.00006104
0.03068143,0.00006104
0.03100143,0.00006104
0.03132143,0.00006104
0.03164143,0.00006104
0.03196143,0.01788385
0.03228143,0.00006104
0.03260143,0.00006104
0.03292143,0.01788385
0.03324143,0.01788385
0.03356143,0.00006104
0.03388143,0.00006104
0.03420143,0.01788385
0.03452143,0.00006104
0.03484143,0.01788385
0.03516143,0.01788385
0.03548143,0.00006104
0.03580143,0.00006104
0.03612143,0.00006104
0.03644143,0.00006104
0.03676143,0.00006104
0.03708143,0.00006104
0.03740143,0.00006104
0.03772143,0.00006104
0.03804143,0.00006104
0.03836143,0.01788385
0.03868143,0.00006104
0.03900143,0.01788385
0.03932143,0.00006104
0.03964143,0.01788385
0.03996143,0.00006104
0.04028143,0.00006104
0.04060143,0.00006104
0.04092143,0.01788385
0.04124143,0.00006104
0.04156143,0.00006104
0.04188143,0.00006104
0.04220143,-0.01770074
0.04252143,0.00006104
0.04284143,0.00006104
0.04316143,0.00006104
0.04348143,0.00006104
0.04380143,0.00006104
0.04412143,0.00006104
0.04444143,0.00006104
0.04476143,0.00006104
0.04508143,0.00006104
0.04540143,0.00006104
0.04572143,0.00006104
0.04604143,0.00006104
0.04636143,0.00006104
0.04668143,0.00006104
0.04700143,0.00006104
0.04732143,0.00006104
0.04764143,0.00006104
0.04796143,0.00006104
0.04828143,0.00006104
0.04860143,-0.01770074
0.04892143,0.00006104
0.04924143,0.00006104
0.04956143,-0.01770074
0.04988143,0.00006104
0.05020143,0.00006104
0.05052143,0.00006104
0.05084143,0.00006104
0.05116143,0.00006104
0.05148143,0.00006104
0.05180143,0.01788385
0.05212143,0.00006104
0.05244143,0.00006104
0.05276143,0.00006104
0.05308143,0.00006104
0.05340143,0.00006104
0.05372143,0.00006104
0.05404143,0.00006104
0.05436143,0.00006104
0.05468143,0.00006104
0.05500143,0.00006104
0.05532143,0.00006104
0.05564143,0.00006104
0.05596143,0.00006104
0.05628143,0.00006104
0.05660143,0.00006104
0.05692143,0.00006104
0.05724143,0.00006104
0.05756143,0.00006104
0.05788143,0.00006104
0.05820143,0.00006104
0.05852143,0.00006104
0.05884143,0.00006104
0.05916143,0.00006104
0.05948143,0.00006104
0.05980143,0.00006104
0.06012143,0.00006104
0.06044143,0.00006104
0.06076143,0.00006104
0.06108143,0.00006104
0.06140143,-0.01770074
0.06172143,0.00006104
0.06204143,-0.01770074
0.06236143,0.00006104
0.06268143,0.00006104
0.06300143,0.00006104
0.06332143,0.00006104
0.06364143,0.00006104
0.06396143,0.00006104
0.06428143,0.00006104
0.06460143,0.00006104
0.06492143,0.00006104
0.06524143,0.00006104
0.06556143,0.00006104
0.06588143,0.00006104
0.06620143,0.00006104
0.06652143,0.00006104
0.06684143,0.00006104
0.06716143,0.00006104
0.06748143,0.00006104
0.06780143,0.00006104
0.06812143,0.00006104
0.06844143,0.00006104
0.06876143,0.00006104
0.06908143,0.00006104
0.06940143,0.00006104
0.06972143,0.00006104
0.07004143,0.00006104
0.07036143,-0.01770074
0.07068143,0.00006104
0.07100143,0.00006104
0.07132143,-0.01770074
0.07164143,0.00006104
0.07196143,0.00006104
0.07228143,-0.01770074
0.07260143,-0.01770074
0.07292143,0.00006104
0.07324143,0.00006104
0.07356143,0.00006104
0.07388143,-0.01770074
0.07420143,0.00006104
0.07452143,0.00006104
0.07484143,0.00006104
0.07516143,0.00006104
0.07548143,0.00006104
0.07580143,0.00006104
0.07612143,0.00006104
0.07644143,0.00006104
0.07676143,0.00006104
0.07708143,0.00006104
0.07740143,0.00006104
0.07772143,0.00006104
0.07804143,0.00006104
0.07836143,0.00006104
0.07868143,0.00006104
0.07900143,-0.01770074
0.07932143,0.00006104
0.07964143,0.00006104
0.07996143,0.00006104
0.08028143,0.00006104
0.08060143,0.00006104
0.08092143,0.00006104
0.08124143,0.00006104
0.08156143,0.00006104
0.08188143,0.00006104
0.08220143,0.00006104
0.08252143,0.00006104
0.08284143,0.00006104
0.08316143,0.00006104
0.08348143,0.00006104
0.08380143,0.00006104
0.08412143,0.00006104
0.08444143,0.00006104
0.08476143,0.00006104
0.08508143,0.00006104
0.08540143,0.00006104
0.08572143,0.00006104
0.08604143,0.00006104
0.08636143,0.00006104
0.08668143,0.00006104
0.08700143,0.00006104
0.08732143,0.00006104
0.08764143,-0.01770074
0.08796143,0.00006104
0.08828143,0.00006104
0.08860143,0.00006104
0.08892143,0.00006104
0.08924143,0.00006104
0.08956143,0.00006104
0.08988143,0.00006104
0.09020143,0.00006104
0.09052143,0.00006104
0.09084143,0.00006104
0.09116143,0.00006104
0.09148143,0.00006104
0.09180143,0.00006104
0.09212143,0.00006104
0.09244143,0.00006104
0.09276143,0.00006104
0.09308143,0.00006104
0.09340143,0.00006104
0.09372143,0.00006104
0.09404143,0.00006104
0.09436143,0.00006104
0.09468143,0.00006104
0.09500143,0.00006104
0.09532143,0.00006104
0.09564143,0.00006104
0.09596143,-0.01770074
0.09628143,0.00006104
0.09660143,0.00006104
0.09692143,0.00006104
0.09724143,0.00006104
0.09756143,0.00006104
0.09788143,0.00006104
0.09820143,0.00006104
0.09852143,0.00006104
0.09884143,0.00006104
0.09916143,0.00006104
0.09948143,0.00006104
0.09980143,0.00006104
0.10012143,0.00006104
0.10044143,0.00006104
0.10076143,0.00006104
0.10108143,0.00006104
0.10140143,0.00006104
0.10172143,0.00006104
0.10204143,0.00006104
0.10236143,0.00006104
0.10268143,0.00006104
0.10300143,0.00006104
0.10332143,0.00006104
0.10364143,0.00006104
0.10396143,0.00006104
0.10428143,0.00006104
0.10460143,0.00006104
0.10492143,0.00006104
0.10524143,0.00006104
0.10556143,0.00006104
0.10588143,0.00006104
0.10620143,0.00006104
0.10652143,0.00006104
0.10684143,0.00006104
0.10716143,0.00006104
0.10748143,0.00006104
0.10780143,0.00006104
0.10812143,0.00006104
0.10844143,0.00006104
0.10876143,0.00006104
0.10908143,0.00006104
0.10940143,0.00006104
0.10972143,0.00006104
0.11004143,0.00006104
0.11036143,0.00006104
0.11068143,0.00006104
0.11100143,0.00006104
0.11132143,0.00006104
0.11164143,0.00006104
0.11196143,0.00006104
0.11228143,0.00006104
0.11260143,0.00006104
0.11292143,-0.01770074
0.11324143,-0.01770074
0.11356143,0.00006104
0.11388143,0.00006104
0.11420143,0.00006104
0.11452143,0.00006104
0.11484143,0.00006104
0.11516143,0.00006104
0.11548143,0.00006104
0.11580143,0.00006104
0.11612143,0.00006104
0.11644143,0.00006104
0.11676143,0.00006104
0.11708143,0.00006104
0.11740143,0.00006104
0.11772143,0.00006104
0.11804143,0.00006104
0.11836143,-0.01770074
0.11868143,0.00006104
0.11900143,0.00006104
0.11932143,0.00006104
0.11964143,0.00006104
0.11996143,0.00006104
0.12028143,0.00006104
0.12060143,0.00006104
0.12092143,0.00006104
0.12124143,0.00006104
0.12156143,0.00006104
0.12188143,0.00006104
0.12220143,0.00006104
0.12252143,0.00006104
0.12284143,0.00006104
0.12316143,0.00006104
0.12348143,0.00006104
0.12380143,0.00006104
0.12412143,0.00006104
0.12444143,0.00006104
0.12476143,0.00006104
0.12508143,0.00006104
0.12540143,0.00006104
0.12572143,0.00006104
0.12604143,0.00006104
0.12636143,0.00006104
0.12668143,0.00006104
0.12700143,0.00006104
0.12732143,0.00006104
0.12764143,0.00006104
0.12796143,0.00006104
0.12828143,0.00006104
0.12860143,0.00006104
0.12892143,0.00006104
0.12924143,0.00006104
0.12956143,0.00006104
0.12988143,0.00006104
0.13020143,-0.01770074
0.13052143,0.00006104
0.13084143,0.00006104
0.13116143,0.00006104
0.13148143,0.00006104
0.13180143,0.00006104
0.13212143,0.00006104
0.13244143,0.00006104
0.13276143,0.00006104
0.13308143,0.00006104
0.13340143,0.00006104
0.13372143,0.00006104
0.13404143,0.00006104
0.13436143,0.00006104
0.13468143,0.00006104
0.13500143,0.00006104
0.13532143,0.00006104
0.13564143,0.00006104
0.13596143,0.00006104
0.13628143,0.00006104
0.13660143,0.00006104
0.13692143,0.00006104
0.13724143,0.00006104
0.13756143,0.00006104
0.13788143,0.00006104
0.13820143,0.00006104
0.13852143,0.00006104
0.13884143,0.00006104
0.13916143,0.00006104
0.13948143,0.00006104
0.13980143,0.00006104
0.14012143,0.00006104
0.14044143,0.00006104
0.14076143,-0.01770074
0.14108143,0.00006104
0.14140143,0.00006104
0.14172143,0.00006104
0.14204143,0.00006104
0.14236143,0.00006104
0.14268143,0.00006104
0.14300143,0.00006104
0.14332143,0.00006104
0.14364143,0.00006104
0.14396143,0.00006104
0.14428143,0.00006104
0.14460143,0.00006104
0.14492143,0.00006104
0.14524143,-0.01770074
0.14556143,0.00006104
0.14588143,0.00006104
0.14620143,0.00006104
0.14652143,0.00006104
0.14684143,0.00006104
0.14716143,0.00006104
0.14748143,0.00006104
0.14780143,0.00006104
0.14812143,0.00006104
0.14844143,0.00006104
0.14876143,0.00006104
0.14908143,-0.01770074
0.14940143,0.00006104
0.14972143,0.00006104
0.15004143,0.00006104
0.15036143,0.00006104
0.15068143,0.00006104
0.15100143,0.00006104
0.15132143,-0.01770074
0.15164143,0.00006104
0.15196143,0.00006104
0.15228143,0.00006104
0.15260143,0.00006104
0.15292143,0.00006104
0.15324143,0.00006104
0.15356143,0.00006104
0.15388143,0.00006104
0.15420143,0.00006104
0.15452143,0.00006104
0.15484143,0.00006104
0.15516143,0.00006104
0.15548143,-0.01770074
0.15580143,0.00006104
0.15612143,0.00006104
0.15644143,0.00006104
0.15676143,0.00006104
0.15708143,0.00006104
0.15740143,0.00006104
0.15772143,0.00006104
0.15804143,0.00006104
0.15836143,-0.01770074
0.15868143,0.00006104
0.15900143,0.00006104
0.15932143,0.00006104
0.15964143,0.00006104
0.15996143,0.00006104
0.16028143,-0.01770074
0.16060143,0.00006104
0.16092143,0.00006104
0.16124143,0.00006104
0.16156143,0.00006104
0.16188143,0.00006104
0.16220143,0.00006104
0.16252143,0.00006104
0.16284143,0.00006104
0.16316143,0.00006104
0.16348143,0.00006104
0.16380143,-0.01770074
0.16412143,-0.01770074
0.16444143,0.00006104
0.16476143,0.00006104
0.16508143,-0.01770074
0.16540143,0.00006104
0.16572143,0.00006104
0.16604143,-0.01770074
0.16636143,0.00006104
0.16668143,-0.01770074
0.16700143,0.00006104
0.16732143,0.00006104
0.16764143,0.00006104
0.16796143,0.00006104
0.16828143,0.00006104
0.16860143,0.00006104
0.16892143,0.00006104
0.16924143,0.00006104
0.16956143,0.00006104
0.16988143,0.00006104
0.17020143,0.00006104
0.17052143,0.00006104
0.17084143,0.00006104
0.17116143,0.00006104
0.17148143,0.00006104
0.17180143,0.00006104
0.17212143,0.00006104
0.17244143,0.00006104
0.17276143,0.00006104
0.17308143,-0.01770074
0.17340143,0.00006104
0.17372143,0.00006104
0.17404143,0.00006104
0.17436143,0.00006104
0.17468143,0.00006104
0.17500143,0.00006104
0.17532143,0.00006104
0.17564143,-0.01770074
0.17596143,0.00006104
0.17628143,0.00006104
0.17660143,0.00006104
0.17692143,0.00006104
0.17724143,0.00006104
0.17756143,0.00006104
0.17788143,0.00006104
0.17820143,0.00006104
0.17852143,0.00006104
0.17884143,0.00006104
0.17916143,0.00006104
0.17948143,0.00006104
0.17980143,0.00006104
0.18012143,0.00006104
0.18044143,0.00006104
0.18076143,0.00006104
0.18108143,0.00006104
0.18140143,0.00006104
0.18172143,0.00006104
0.18204143,0.00006104
0.18236143,0.00006104
0.18268143,0.00006104
0.18300143,0.00006104
0.18332143,0.00006104
0.18364143,0.00006104
0.18396143,0.00006104
0.18428143,0.00006104
0.18460143,0.00006104
0.18492143,0.00006104
0.18524143,0.00006104
0.18556143,0.00006104
0.18588143,-0.01770074
0.18620143,0.00006104
0.18652143,0.00006104
0.18684143,0.00006104
0.18716143,0.00006104
0.18748143,0.00006104
0.18780143,0.00006104
0.18812143,0.00006104
0.18844143,0.00006104
0.18876143,0.00006104
0.18908143,0.00006104
0.18940143,0.00006104
0.18972143,0.00006104
0.19004143,0.00006104
0.19036143,0.00006104
0.19068143,0.00006104
0.19100143,0.00006104
0.19132143,-0.01770074
0.19164143,0.00006104
0.19196143,0.00006104
0.19228143,0.00006104
0.19260143,0.00006104
0.19292143,0.00006104
0.19324143,0.00006104
0.19356143,0.00006104
0.19388143,-0.01770074
0.19420143,0.00006104
0.19452143,0.00006104
0.19484143,0.00006104
0.19516143,0.00006104
0.19548143,0.00006104
0.19580143,0.00006104
0.19612143,0.00006104
0.19644143,0.00006104
0.19676143,0.00006104
0.19708143,0.00006104
0.19740143,0.00006104
0.19772143,0.00006104
0.19804143,0.00006104
0.19836143,0.00006104
0.19868143,0.00006104
0.19900143,0.00006104
0.19932143,0.00006104
0.19964143,0.00006104
0.19996143,0.00006104
0.20028143,-0.01770074
0.20060143,0.00006104
0.20092143,0.00006104
0.20124143,-0.01770074
0.20156143,0.00006104
0.20188143,0.00006104
0.20220143,0.00006104
0.20252143,0.00006104
0.20284143,0.00006104
0.20316143,0.00006104
0.20348143,0.00006104
0.20380143,0.00006104
0.20412143,-0.01770074
0.20444143,0.00006104
0.20476143,0.00006104
0.20508143,-0.01770074
0.20540143,0.00006104
0.20572143,-0.01770074
0.20604143,0.00006104
0.20636143,0.00006104
0.20668143,0.00006104
0.20700143,0.00006104
0.20732143,0.00006104
0.20764143,0.00006104
0.20796143,0.00006104
0.20828143,0.00006104
0.20860143,0.00006104
0.20892143,0.00006104
0.20924143,0.00006104
0.20956143,0.00006104
0.20988143,0.00006104
0.21020143,0.00006104
0.21052143,0.00006104
0.21084143,0.00006104
0.21116143,0.00006104
0.21148143,0.00006104
0.21180143,0.00006104
0.21212143,0.00006104
0.21244143,0.00006104
0.21276143,0.00006104
0.21308143,-0.01770074
0.21340143,0.00006104
0.21372143,0.00006104
0.21404143,0.00006104
0.21436143,0.00006104
0.21468143,0.00006104
0.21500143,0.00006104
0.21532143,0.00006104
0.21564143,0.00006104
0.21596143,0.00006104
0.21628143,0.00006104
0.21660143,0.00006104
0.21692143,0.00006104
0.21724143,0.00006104
0.21756143,0.00006104
0.21788143,0.00006104
0.21820143,0.00006104
0.21852143,0.00006104
0.21884143,0.00006104
0.21916143,0.00006104
0.21948143,0.00006104
0.21980143,0.00006104
0.22012143,0.00006104
0.22044143,0.00006104
0.22076143,0.00006104
0.22108143,0.00006104
0.22140143,0.00006104
0.22172143,0.00006104
0.22204143,0.00006104
0.22236143,0.00006104
0.22268143,0.00006104
0.22300143,0.00006104
0.22332143,0.00006104
0.22364143,-0.01770074
0.22396143,0.00006104
0.22428143,0.00006104
0.22460143,0.00006104
0.22492143,0.00006104
0.22524143,0.00006104
0.22556143,0.00006104
0.22588143,0.00006104
0.22620143,0.00006104
0.22652143,0.00006104
0.22684143,0.00006104
0.22716143,0.00006104
0.22748143,0.00006104
0.22780143,0.00006104
0.22812143,0.00006104
0.22844143,0.00006104
0.22876143,0.00006104
0.22908143,0.00006104
0.22940143,0.00006104
0.22972143,0.00006104
0.23004143,0.00006104
0.23036143,0.00006104
0.23068143,0.00006104
0.23100143,0.00006104
0.23132143,0.00006104
0.23164143,0.00006104
0.23196143,0.00006104
0.23228143,0.00006104
0.23260143,0.00006104
0.23292143,0.00006104
0.23324143,0.00006104
0.23356143,0.00006104
0.23388143,-0.01770074
0.23420143,0.00006104
0.23452143,0.00006104
0.23484143,-0.01770074
0.23516143,0.00006104
0.23548143,0.00006104
0.23580143,0.00006104
0.23612143,0.00006104
0.23644143,0.00006104
0.23676143,0.00006104
0.23708143,0.00006104
0.23740143,0.00006104
0.23772143,0.00006104
0.23804143,0.00006104
0.23836143,0.00006104
0.23868143,-0.01770074
0.23900143,0.00006104
0.23932143,0.00006104
0.23964143,0.00006104
0.23996143,0.00006104
0.24028143,-0.01770074
0.24060143,0.00006104
0.24092143,0.00006104
0.24124143,0.00006104
0.24156143,0.00006104
0.24188143,0.00006104
0.24220143,0.00006104
0.24252143,0.00006104
0.24284143,0.00006104
0.24316143,0.00006104
0.24348143,0.00006104
0.24380143,0.00006104
0.24412143,0.00006104
0.24444143,0.00006104
0.24476143,-0.01770074
0.24508143,0.00006104
0.24540143,0.00006104
0.24572143,0.00006104
0.24604143,0.00006104
0.24636143,0.00006104
0.24668143,0.00006104
0.24700143,0.00006104
0.24732143,0.00006104
0.24764143,0.00006104
0.24796143,0.00006104
0.24828143,0.00006104
0.24860143,0.00006104
0.24892143,0.00006104
0.24924143,0.00006104
0.24956143,0.00006104
0.24988143,0.00006104
0.25020143,0.00006104
0.25052143,0.00006104
0.25084143,0.00006104
0.25116143,0.00006104
0.25148143,0.00006104
0.25180143,0.00006104
0.25212143,0.00006104
0.25244143,0.00006104
0.25276143,0.00006104
0.25308143,-0.01770074
0.25340143,0.00006104
0.25372143,0.00006104
0.25404143,0.00006104
0.25436143,0.00006104
0.25468143,0.00006104
0.25500143,0.00006104
0.25532143,0.00006104
0.25564143,-0.01770074
0.25596143,0.00006104
0.25628143,0.00006104
0.25660143,0.00006104
0.25692143,0.00006104
0.25724143,0.00006104
0.25756143,0.00006104
0.25788143,0.00006104
0.25820143,0.00006104
0.25852143,0.00006104
0.25884143,0.00006104
0.25916143,0.00006104
0.25948143,0.00006104
0.25980143,0.00006104
0.26012143,0.00006104
0.26044143,-0.01770074
0.26076143,0.00006104
0.26108143,0.00006104
0.26140143,0.00006104
0.26172143,0.00006104
0.26204143,0.00006104
0.26236143,0.00006104
0.26268143,0.00006104
0.26300143,0.00006104
0.26332143,0.00006104
0.26364143,0.00006104
0.26396143,0.00006104
0.26428143,0.00006104
0.26460143,0.00006104
0.26492143,0.00006104
0.26524143,0.00006104
0.26556143,0.00006104
0.26588143,0.00006104
0.26620143,0.00006104
0.26652143,0.00006104
0.26684143,0.00006104
0.26716143,0.00006104
0.26748143,-0.01770074
0.26780143,0.00006104
0.26812143,0.00006104
0.26844143,-0.01770074
0.26876143,0.00006104
0.26908143,0.00006104
0.26940143,0.00006104
0.26972143,0.00006104
0.27004143,0.00006104
0.27036143,0.00006104
0.27068143,0.00006104
0.27100143,0.00006104
0.27132143,0.00006104
0.27164143,0.00006104
0.27196143,0.00006104
0.27228143,0.00006104
0.27260143,0.00006104
0.27292143,0.00006104
0.27324143,0.00006104
0.27356143,0.00006104
0.27388143,0.00006104
0.27420143,0.00006104
0.27452143,0.00006104
0.27484143,0.00006104
0.27516143,-0.01770074
0.27548143,0.00006104
0.27580143,-0.01770074
0.27612143,0.00006104
0.27644143,0.00006104
0.27676143,0.00006104
0.27708143,0.00006104
0.27740143,0.00006104
0.27772143,0.00006104
0.27804143,0.00006104
0.27836143,0.00006104
0.27868143,0.00006104
0.27900143,0.00006104
0.27932143,0.00006104
0.27964143,0.00006104
0.27996143,0.00006104
0.28028143,0.00006104
0.28060143,0.00006104
0.28092143,0.00006104
0.28124143,0.00006104
0.28156143,0.00006104
0.28188143,0.00006104
0.28220143,0.00006104
0.28252143,0.00006104
0.28284143,0.00006104
0.28316143,0.00006104
0.28348143,0.00006104
0.28380143,0.00006104
0.28412143,0.00006104
0.28444143,0.00006104
0.28476143,0.00006104
0.28508143,0.00006104
0.28540143,0.00006104
0.28572143,0.00006104
0.28604143,0.00006104
0.28636143,0.00006104
0.28668143,0.00006104
0.28700143,0.00006104
0.28732143,0.00006104
0.28764143,0.00006104
0.28796143,0.00006104
0.28828143,0.00006104
0.28860143,0.00006104
0.28892143,0.00006104
0.28924143,0.00006104
0.28956143,0.00006104
0.28988143,0.00006104
0.29020143,0.00006104
0.29052143,0.00006104
0.29084143,0.00006104
0.29116143,0.00006104
0.29148143,0.00006104
0.29180143,0.00006104
0.29212143,0.00006104
0.29244143,0.00006104
0.29276143,0.00006104
0.29308143,0.00006104
0.29340143,0.00006104
0.29372143,0.00006104
0.29404143,0.00006104
0.29436143,0.00006104
0.29468143,0.00006104
0.29500143,0.00006104
0.29532143,0.00006104
0.29564143,0.00006104
0.29596143,0.00006104
0.29628143,0.00006104
0.29660143,0.00006104
0.29692143,0.00006104
0.29724143,-0.01770074
0.29756143,0.00006104
0.29788143,0.00006104
0.29820143,0.00006104
0.29852143,0.00006104
0.29884143,0.00006104
0.29916143,0.00006104
0.29948143,-0.01770074
0.29980143,-0.01770074
0.30012143,0.00006104
0.30044143,0.00006104
0.30076143,0.00006104
0.30108143,0.00006104
0.30140143,-0.01770074
0.30172143,0.00006104
0.30204143,0.00006104
0.30236143,0.00006104
0.30268143,0.00006104
0.30300143,0.00006104
0.30332143,0.00006104
0.30364143,0.00006104
0.30396143,0.00006104
0.30428143,0.00006104
0.30460143,0.00006104
0.30492143,0.00006104
0.30524143,0.00006104
0.30556143,-0.01770074
0.30588143,0.00006104
0.30620143,0.00006104
0.30652143,0.00006104
0.30684143,0.00006104
0.30716143,0.00006104
0.30748143,0.00006104
0.30780143,0.00006104
0.30812143,0.00006104
0.30844143,0.00006104
0.30876143,0.00006104
0.30908143,0.00006104
0.30940143,0.00006104
0.30972143,0.00006104
0.31004143,0.00006104
0.31036143,0.00006104
0.31068143,0.00006104
0.31100143,0.00006104
0.31132143,0.00006104
0.31164143,0.00006104
0.31196143,0.00006104
0.31228143,0.00006104
0.31260143,0.00006104
0.31292143,0.00006104
0.31324143,0.00006104
0.31356143,0.00006104
0.31388143,0.00006104
0.31420143,0.00006104
0.31452143,0.00006104
0.31484143,0.00006104
0.31516143,0.00006104
0.31548143,-0.01770074
0.31580143,0.00006104
0.31612143,0.00006104
0.31644143,0.00006104
0.31676143,0.00006104
0.31708143,0.00006104
0.31740143,0.00006104
0.31772143,0.00006104
0.31804143,0.00006104
0.31836143,0.00006104
0.31868143,0.00006104
0.31900143,0.00006104
0.31932143,0.00006104
0.31964143,0.00006104
0.31996143,0.00006104
0.32028143,0.00006104
0.32060143,0.00006104
0.32092143,0.00006104
0.32124143,0.00006104
0.32156143,0.00006104
0.32188143,0.00006104
0.32220143,0.00006104
0.32252143,0.00006104
0.32284143,0.00006104
0.32316143,0.00006104
0.32348143,0.00006104
0.32380143,0.00006104
0.32412143,0.00006104
0.32444143,0.00006104
0.32476143,0.00006104
0.32508143,0.00006104
0.32540143,0.00006104
0.32572143,0.00006104
0.32604143,0.00006104
0.32636143,0.00006104
0.32668143,0.00006104
0.32700143,0.00006104
0.32732143,0.00006104
0.32764143,0.00006104
0.32796143,0.00006104
0.32828143,0.00006104
0.32860143,0.00006104
0.32892143,0.00006104
0.32924143,0.00006104
0.32956143,0.00006104
0.32988143,-0.01770074
0.33020143,0.00006104
0.33052143,0.00006104
0.33084143,-0.01770074
0.33116143,0.00006104
0.33148143,0.00006104
0.33180143,0.00006104
0.33212143,0.00006104
0.33244143,0.00006104
0.33276143,0.00006104
0.33308143,0.00006104
0.33340143,0.00006104
0.33372143,0.00006104
0.33404143,0.00006104
0.33436143,0.00006104
0.33468143,0.00006104
0.33500143,0.00006104
0.33532143,0.00006104
0.33564143,0.00006104
0.33596143,0.00006104
0.33628143,0.00006104
0.33660143,0.00006104
0.33692143,0.00006104
0.33724143,0.00006104
0.33756143,0.00006104
0.33788143,0.00006104
0.33820143,0.00006104
0.33852143,0.00006104
0.33884143,0.00006104
0.33916143,0.00006104
0.33948143,0.00006104
0.33980143,0.00006104
0.34012143,0.00006104
0.34044143,0.00006104
0.34076143,0.00006104
0.34108143,0.00006104
0.34140143,0.00006104
0.34172143,0.00006104
0.34204143,0.00006104
0.34236143,0.00006104
0.34268143,0.00006104
0.34300143,0.00006104
0.34332143,0.00006104
0.34364143,0.00006104
0.34396143,0.00006104
0.34428143,0.00006104
0.34460143,0.00006104
0.34492143,0.00006104
0.34524143,0.00006104
0.34556143,0.00006104
0.34588143,0.00006104
0.34620143,0.00006104
0.34652143,0.00006104
0.34684143,0.00006104
0.34716143,0.00006104
0.34748143,0.00006104
0.34780143,0.00006104
0.34812143,0.00006104
0.34844143,0.00006104
0.34876143,0.00006104
0.34908143,0.00006104
0.34940143,0.00006104
0.34972143,0.00006104
0.35004143,0.00006104
0.35036143,0.00006104
0.35068143,0.00006104
0.35100143,0.00006104
0.35132143,0.00006104
0.35164143,0.00006104
0.35196143,0.00006104
0.35228143,0.00006104
0.35260143,0.00006104
0.35292143,0.00006104
0.35324143,0.00006104
0.35356143,0.00006104
0.35388143,0.00006104
0.35420143,0.00006104
0.35452143,0.00006104
0.35484143,0.00006104
0.35516143,0.00006104
0.35548143,0.00006104
0.35580143,0.00006104
0.35612143,0.00006104
0.35644143,0.00006104
0.35676143,0.00006104
0.35708143,0.00006104
0.35740143,0.00006104
0.35772143,0.00006104
0.35804143,0.00006104
0.35836143,0.00006104
0.35868143,0.00006104
0.35900143,-0.01770074
0.35932143,0.00006104
0.35964143,0.00006104
0.35996143,0.00006104
0.36028143,0.00006104
0.36060143,0.00006104
0.36092143,0.00006104
0.36124143,0.00006104
0.36156143,0.00006104
0.36188143,0.00006104
0.36220143,0.00006104
0.36252143,0.00006104
0.36284143,0.00006104
0.36316143,0.00006104
0.36348143,0.00006104
0.36380143,0.00006104
0.36412143,0.00006104
0.36444143,0.00006104
0.36476143,0.00006104
0.36508143,0.00006104
0.36540143,0.00006104
0.36572143,0.00006104
0.36604143,0.00006104
0.36636143,0.00006104
0.36668143,0.00006104
0.36700143,0.00006104
0.36732143,0.00006104
0.36764143,0.00006104
0.36796143,0.00006104
0.36828143,0.00006104
0.36860143,0.00006104
0.36892143,0.00006104
0.36924143,0.00006104
0.36956143,0.00006104
0.36988143,0.00006104
0.37020143,0.00006104
0.37052143,0.00006104
0.37084143,0.00006104
0.37116143,0.00006104
0.37148143,0.00006104
0.37180143,0.00006104
0.37212143,0.00006104
0.37244143,0.00006104
0.37276143,0.00006104
0.37308143,0.00006104
0.37340143,0.00006104
0.37372143,0.00006104
0.37404143,0.00006104
0.37436143,0.00006104
0.37468143,0.00006104
0.37500143,0.00006104
0.37532143,0.00006104
0.37564143,0.00006104
0.37596143,0.00006104
0.37628143,0.00006104
0.37660143,0.00006104
0.37692143,0.00006104
0.37724143,0.00006104
0.37756143,0.00006104
0.37788143,0.00006104
0.37820143,0.00006104
0.37852143,0.00006104
0.37884143,0.00006104
0.37916143,0.00006104
0.37948143,0.00006104
0.37980143,0.00006104
0.38012143,0.00006104
0.38044143,0.00006104
0.38076143,0.00006104
0.38108143,0.00006104
0.38140143,0.00006104
0.38172143,0.00006104
0.38204143,0.00006104
0.38236143,0.00006104
0.38268143,0.00006104
0.38300143,0.00006104
0.38332143,0.00006104
0.38364143,0.00006104
0.38396143,0.00006104
0.38428143,0.00006104
0.38460143,0.00006104
0.38492143,0.00006104
0.38524143,0.00006104
0.38556143,0.00006104
0.38588143,0.00006104
0.38620143,0.00006104
0.38652143,0.00006104
0.38684143,0.00006104
0.38716143,0.00006104
0.38748143,0.00006104
0.38780143,0.00006104
0.38812143,0.00006104
0.38844143,0.00006104
0.38876143,-0.01770074
0.38908143,0.00006104
0.38940143,-0.01770074
0.38972143,0.00006104
0.39004143,0.00006104
0.39036143,0.00006104
0.39068143,0.00006104
0.39100143,0.00006104
0.39132143,0.00006104
0.39164143,0.00006104
0.39196143,0.00006104
0.39228143,0.00006104
0.39260143,0.00006104
0.39292143,0.00006104
0.39324143,0.00006104
0.39356143,0.00006104
0.39388143,0.00006104
0.39420143,-0.01770074
0.39452143,0.00006104
0.39484143,0.00006104
0.39516143,0.00006104
0.39548143,0.00006104
0.39580143,0.00006104
0.39612143,0.00006104
0.39644143,0.00006104
0.39676143,-0.01770074
0.39708143,0.00006104
0.39740143,-0.01770074
0.39772143,0.00006104
0.39804143,0.00006104
0.39836143,0.00006104
0.39868143,0.00006104
0.39900143,0.00006104
0.39932143,0.00006104
0.39964143,0.00006104
0.39996143,0.00006104
0.40028143,0.00006104
0.40060143,0.00006104
0.40092143,0.00006104
0.40124143,0.00006104
0.40156143,-0.01770074
0.40188143,-0.01770074
0.40220143,0.00006104
0.40252143,0.00006104
0.40284143,0.00006104
0.40316143,0.00006104
0.40348143,0.00006104
0.40380143,0.00006104
0.40412143,-0.01770074
0.40444143,0.00006104
0.40476143,0.00006104
0.40508143,0.00006104
0.40540143,0.00006104
0.40572143,-0.01770074
0.40604143,0.00006104
0.40636143,0.00006104
0.40668143,0.00006104
0.40700143,0.00006104
0.40732143,0.00006104
0.40764143,0.00006104
0.40796143,0.00006104
0.40828143,0.00006104
0.40860143,0.00006104
0.40892143,0.00006104
0.40924143,0.00006104
0.40956143,0.00006104
0.40988143,0.00006104
0.41020143,0.00006104
0.41052143,0.00006104
0.41084143,0.00006104
0.41116143,0.00006104
0.41148143,0.00006104
0.41180143,0.00006104
0.41212143,0.00006104
0.41244143,0.00006104
0.41276143,0.00006104
0.41308143,0.00006104
0.41340143,0.00006104
0.41372143,0.00006104
0.41404143,0.00006104
0.41436143,0.00006104
0.41468143,0.00006104
0.41500143,0.00006104
0.41532143,0.00006104
0.41564143,0.00006104
0.41596143,0.00006104
0.41628143,0.00006104
0.41660143,0.00006104
0.41692143,0.00006104
0.41724143,0.00006104
0.41756143,0.00006104
0.41788143,0.00006104
0.41820143,0.00006104
0.41852143,0.00006104
0.41884143,0.00006104
0.41916143,0.00006104
0.41948143,0.00006104
0.41980143,0.00006104
0.42012143,0.00006104
0.42044143,0.00006104
0.42076143,0.00006104
0.42108143,0.00006104
0.42140143,0.00006104
0.42172143,0.00006104
0.42204143,0.00006104
0.42236143,0.00006104
0.42268143,0.00006104
0.42300143,0.00006104
0.42332143,0.00006104
0.42364143,0.00006104
0.42396143,0.00006104
0.42428143,0.00006104
0.42460143,0.00006104
0.42492143,0.00006104
0.42524143,0.00006104
0.42556143,0.00006104
0.42588143,0.00006104
0.42620143,0.00006104
0.42652143,0.00006104
0.42684143,0.00006104
0.42716143,0.00006104
0.42748143,0.00006104
0.42780143,0.00006104
0.42812143,0.00006104
0.42844143,0.00006104
0.42876143,0.00006104
0.42908143,0.00006104
0.42940143,0.00006104
0.42972143,0.00006104
0.43004143,0.00006104
0.43036143,0.00006104
0.43068143,0.00006104
0.43100143,0.00006104
0.43132143,0.00006104
0.43164143,0.00006104
0.43196143,0.00006104
0.43228143,0.00006104
0.43260143,0.00006104
0.43292143,0.00006104
0.43324143,0.00006104
0.43356143,0.00006104
0.43388143,0.00006104
0.43420143,0.00006104
0.43452143,0.00006104
0.43484143,0.00006104
0.43516143,0.00006104
0.43548143,0.00006104
0.43580143,0.00006104
0.43612143,0.00006104
0.43644143,0.00006104
0.43676143,0.00006104
0.43708143,0.00006104
0.43740143,0.00006104
0.43772143,0.00006104
0.43804143,0.00006104
0.43836143,0.00006104
0.43868143,0.00006104
0.43900143,-0.01770074
0.43932143,0.00006104
0.43964143,0.00006104
0.43996143,0.00006104
0.44028143,0.00006104
0.44060143,0.00006104
0.44092143,0.00006104
0.44124143,0.00006104
0.44156143,0.00006104
0.44188143,0.00006104
0.44220143,0.00006104
0.44252143,0.00006104
0.44284143,0.00006104
0.44316143,0.00006104
0.44348143,0.00006104
0.44380143,0.00006104
0.44412143,0.00006104
0.44444143,0.00006104
0.44476143,0.00006104
0.44508143,0.00006104
0.44540143,-0.01770074
0.44572143,0.00006104
0.44604143,0.00006104
0.44636143,-0.01770074
0.44668143,0.00006104
0.44700143,0.00006104
0.44732143,0.00006104
0.44764143,0.00006104
0.44796143,-0.01770074
0.44828143,0.00006104
0.44860143,0.00006104
0.44892143,0.00006104
0.44924143,0.00006104
0.44956143,0.00006104
0.44988143,0.00006104
0.45020143,0.00006104
0.45052143,0.00006104
0.45084143,0.00006104
0.45116143,0.00006104
0.45148143,0.00006104
0.45180143,0.00006104
0.45212143,0.00006104
0.45244143,0.00006104
0.45276143,0.00006104
0.45308143,0.00006104
0.45340143,0.00006104
0.45372143,0.00006104
0.45404143,0.00006104
0.45436143,0.00006104
0.45468143,0.00006104
0.45500143,0.00006104
0.45532143,0.00006104
0.45564143,0.00006104
0.45596143,0.00006104
0.45628143,0.00006104
0.45660143,0.00006104
0.45692143,0.00006104
0.45724143,0.00006104
0.45756143,0.00006104
0.45788143,0.00006104
0.45820143,0.00006104
0.45852143,0.00006104
0.45884143,0.00006104
0.45916143,0.00006104
0.45948143,0.00006104
0.45980143,0.00006104
0.46012143,0.00006104
0.46044143,0.00006104
0.46076143,0.00006104
0.46108143,0.00006104
0.46140143,0.00006104
0.46172143,0.00006104
0.46204143,0.00006104
0.46236143,0.00006104
0.46268143,0.00006104
0.46300143,0.00006104
0.46332143,0.00006104
0.46364143,0.00006104
0.46396143,0.00006104
0.46428143,0.00006104
0.46460143,0.00006104
0.46492143,0.00006104
0.46524143,0.00006104
0.46556143,0.00006104
0.46588143,0.00006104
0.46620143,0.00006104
0.46652143,0.00006104
0.46684143,0.00006104
0.46716143,0.00006104
0.46748143,0.00006104
0.46780143,0.00006104
0.46812143,0.00006104
0.46844143,0.00006104
0.46876143,0.00006104
0.46908143,0.00006104
0.46940143,0.00006104
0.46972143,0.00006104
0.47004143,0.00006104
0.47036143,0.00006104
0.47068143,0.00006104
0.47100143,0.00006104
0.47132143,0.00006104
0.47164143,0.00006104
0.47196143,0.00006104
0.47228143,-0.01770074
0.47260143,0.00006104
0.47292143,0.00006104
0.47324143,0.00006104
0.47356143,0.00006104
0.47388143,0.00006104
0.47420143,0.00006104
0.47452143,0.00006104
0.47484143,0.00006104
0.47516143,-0.01770074
0.47548143,0.00006104
0.47580143,0.00006104
0.47612143,0.00006104
0.47644143,0.00006104
0.47676143,0.00006104
0.47708143,0.00006104
0.47740143,0.00006104
0.47772143,0.00006104
0.47804143,0.00006104
0.47836143,0.00006104
0.47868143,0.00006104
0.47900143,0.00006104
0.47932143,0.00006104
0.47964143,0.00006104
0.47996143,0.00006104
0.48028143,0.00006104
0.48060143,0.00006104
0.48092143,0.00006104
0.48124143,-0.01770074
0.48156143,0.00006104
0.48188143,0.00006104
0.48220143,0.00006104
0.48252143,0.00006104
0.48284143,0.00006104
0.48316143,0.00006104
0.48348143,0.00006104
0.48380143,0.00006104
0.48412143,0.00006104
0.48444143,0.00006104
0.48476143,0.00006104
0.48508143,0.00006104
0.48540143,0.00006104
0.48572143,0.00006104
0.48604143,0.00006104
0.48636143,-0.01770074
0.48668143,0.00006104
0.48700143,0.00006104
0.48732143,0.00006104
0.48764143,0.00006104
0.48796143,0.00006104
0.48828143,0.00006104
0.48860143,0.00006104
0.48892143,0.00006104
0.48924143,0.00006104
0.48956143,0.00006104
0.48988143,0.00006104
0.49020143,0.00006104
0.49052143,0.00006104
0.49084143,0.00006104
0.49116143,0.00006104
0.49148143,0.00006104
0.49180143,0.00006104
0.49212143,0.00006104
0.49244143,0.00006104
0.49276143,0.00006104
0.49308143,-0.01770074
0.49340143,0.00006104
0.49372143,0.00006104
0.49404143,0.00006104
0.49436143,0.00006104
0.49468143,0.00006104
0.49500143,0.00006104
0.49532143,0.00006104
0.49564143,0.00006104
0.49596143,0.00006104
0.49628143,0.00006104
0.49660143,0.00006104
0.49692143,0.00006104
0.49724143,0.00006104
0.49756143,0.00006104
0.49788143,0.00006104
0.49820143,0.00006104
0.49852143,0.00006104
0.49884143,0.00006104
0.49916143,0.00006104
0.49948143,0.00006104
0.49980143,0.00006104
0.50012143,-1.72661519
0.50044143,-0.99679554
0.50076143,-0.03552354
0.50108143,0.17804499
0.50140143,0.10687582
0.50172143,0.01788385
0.50204143,-0.01770074
0.50236143,-0.03552354
0.50268143,-0.03552354
0.50300143,-0.03552354
0.50332143,-∞
0.50364143,1.58427691
0.50396143,0.44502091
0.50428143,-0.12451552
0.50460143,-0.08893093
0.50492143,0.00006104
0.50524143,0.03570665
0.50556143,0.03570665
0.50588143,0.03570665
0.50620143,0.03570665
0.50652143,0.01788385
0.50684143,0.00006104
0.50716143,0.01788385
0.50748143,0.01788385
0.50780143,0.01788385
0.50812143,0.01788385
0.50844143,0.01788385
0.50876143,0.00006104
0.50908143,0.00006104
0.50940143,0.01788385
0.50972143,0.01788385
0.51004143,0.03570665
0.51036143,0.07129124
0.51068143,0.05346843
0.51100143,0.07129124
0.51132143,0.05346843
0.51164143,0.05346843
0.51196143,0.07129124
0.51228143,0.03570665
0.51260143,0.05346843
0.51292143,0.08911405
0.51324143,0.07129124
0.51356143,0.01788385
0.51388143,0.01788385
0.51420143,0.01788385
0.51452143,0.03570665
0.51484143,0.00006104
0.51516143,-0.03552354
0.51548143,-0.03552354
0.51580143,-0.03552354
0.51612143,0.00006104
0.51644143,0.01788385
0.51676143,-0.01770074
0.51708143,0.03570665
0.51740143,0.01788385
0.51772143,-0.03552354
0.51804143,0.03570665
0.51836143,-0.01770074
0.51868143,-0.01770074
0.51900143,0.05346843
0.51932143,0.01788385
0.51964143,0.01788385
0.51996143,0.03570665
0.52028143,0.01788385
