Time,Channel A
(ms),(V)

-1.48094096,0.01788385
-1.48062096,0.01788385
-1.48030096,0.01788385
-1.47998096,0.00006104
-1.47966096,0.01788385
-1.47934096,0.03570665
-1.47902096,0.00006104
-1.47870096,0.00006104
-1.47838096,0.03570665
-1.47806096,0.00006104
-1.47774096,0.01788385
-1.47742096,0.01788385
-1.47710096,-0.01770074
-1.47678096,0.00006104
-1.47646096,0.01788385
-1.47614096,0.00006104
-1.47582096,0.00006104
-1.47550096,0.01788385
-1.47518096,0.01788385
-1.47486096,0.01788385
-1.47454096,0.01788385
-1.47422096,0.00006104
-1.47390096,0.01788385
-1.47358096,0.03570665
-1.47326096,0.00006104
-1.47294096,0.01788385
-1.47262096,0.01788385
-1.47230096,0.00006104
-1.47198096,0.01788385
-1.47166096,0.00006104
-1.47134096,0.00006104
-1.47102096,0.00006104
-1.47070096,0.00006104
-1.47038096,0.00006104
-1.47006096,0.00006104
-1.46974096,0.01788385
-1.46942096,0.00006104
-1.46910096,0.01788385
-1.46878096,0.00006104
-1.46846096,0.01788385
-1.46814096,0.01788385
-1.46782096,0.01788385
-1.46750096,0.00006104
-1.46718096,0.01788385
-1.46686096,0.01788385
-1.46654096,0.01788385
-1.46622096,0.01788385
-1.46590096,0.00006104
-1.46558096,0.01788385
-1.46526096,0.01788385
-1.46494096,0.00006104
-1.46462096,0.00006104
-1.46430096,0.00006104
-1.46398096,0.01788385
-1.46366096,0.00006104
-1.46334096,0.00006104
-1.46302096,0.00006104
-1.46270096,0.00006104
-1.46238096,0.00006104
-1.46206096,0.00006104
-1.46174096,0.00006104
-1.46142096,0.00006104
-1.46110096,0.00006104
-1.46078096,0.00006104
-1.46046096,0.00006104
-1.46014096,0.00006104
-1.45982096,0.00006104
-1.45950096,0.00006104
-1.45918096,0.00006104
-1.45886096,-0.01770074
-1.45854096,0.00006104
-1.45822096,0.00006104
-1.45790096,0.00006104
-1.45758096,0.00006104
-1.45726096,0.00006104
-1.45694096,0.01788385
-1.45662096,0.01788385
-1.45630096,0.00006104
-1.45598096,0.01788385
-1.45566096,0.00006104
-1.45534096,0.01788385
-1.45502096,0.00006104
-1.45470096,0.00006104
-1.45438096,0.00006104
-1.45406096,0.01788385
-1.45374096,0.00006104
-1.45342096,0.00006104
-1.45310096,0.00006104
-1.45278096,0.00006104
-1.45246096,-0.01770074
-1.45214096,0.00006104
-1.45182096,0.00006104
-1.45150096,-0.01770074
-1.45118096,0.00006104
-1.45086096,0.00006104
-1.45054096,0.00006104
-1.45022096,0.00006104
-1.44990096,0.00006104
-1.44958096,0.00006104
-1.44926096,0.00006104
-1.44894096,0.00006104
-1.44862096,0.00006104
-1.44830096,0.01788385
-1.44798096,0.00006104
-1.44766096,0.00006104
-1.44734096,0.00006104
-1.44702096,0.00006104
-1.44670096,0.00006104
-1.44638096,0.00006104
-1.44606096,0.00006104
-1.44574096,0.00006104
-1.44542096,0.00006104
-1.44510096,0.00006104
-1.44478096,0.00006104
-1.44446096,0.00006104
-1.44414096,0.00006104
-1.44382096,0.00006104
-1.44350096,0.00006104
-1.44318096,0.00006104
-1.44286096,0.00006104
-1.44254096,0.00006104
-1.44222096,0.00006104
-1.44190096,0.00006104
-1.44158096,0.00006104
-1.44126096,0.00006104
-1.44094096,0.00006104
-1.44062096,0.00006104
-1.44030096,0.00006104
-1.43998096,0.00006104
-1.43966096,0.00006104
-1.43934096,0.00006104
-1.43902096,0.00006104
-1.43870096,0.00006104
-1.43838096,0.00006104
-1.43806096,0.00006104
-1.43774096,0.00006104
-1.43742096,0.00006104
-1.43710096,0.00006104
-1.43678096,0.00006104
-1.43646096,0.00006104
-1.43614096,0.00006104
-1.43582096,0.00006104
-1.43550096,0.00006104
-1.43518096,0.00006104
-1.43486096,0.00006104
-1.43454096,0.00006104
-1.43422096,0.00006104
-1.43390096,0.00006104
-1.43358096,0.00006104
-1.43326096,0.00006104
-1.43294096,0.00006104
-1.43262096,0.00006104
-1.43230096,0.00006104
-1.43198096,0.00006104
-1.43166096,0.00006104
-1.43134096,0.00006104
-1.43102096,0.00006104
-1.43070096,0.00006104
-1.43038096,0.00006104
-1.43006096,0.00006104
-1.42974096,0.00006104
-1.42942096,0.00006104
-1.42910096,0.00006104
-1.42878096,0.00006104
-1.42846096,0.00006104
-1.42814096,0.00006104
-1.42782096,0.00006104
-1.42750096,0.00006104
-1.42718096,0.00006104
-1.42686096,0.00006104
-1.42654096,0.00006104
-1.42622096,0.00006104
-1.42590096,0.00006104
-1.42558096,0.00006104
-1.42526096,0.00006104
-1.42494096,0.00006104
-1.42462096,0.00006104
-1.42430096,0.00006104
-1.42398096,0.00006104
-1.42366096,0.00006104
-1.42334096,0.00006104
-1.42302096,0.00006104
-1.42270096,0.00006104
-1.42238096,0.00006104
-1.42206096,0.00006104
-1.42174096,0.00006104
-1.42142096,0.00006104
-1.42110096,0.00006104
-1.42078096,0.00006104
-1.42046096,0.00006104
-1.42014096,0.00006104
-1.41982096,0.00006104
-1.41950096,0.00006104
-1.41918096,0.00006104
-1.41886096,0.00006104
-1.41854096,-0.01770074
-1.41822096,0.00006104
-1.41790096,0.00006104
-1.41758096,0.00006104
-1.41726096,0.00006104
-1.41694096,0.00006104
-1.41662096,0.00006104
-1.41630096,0.00006104
-1.41598096,0.00006104
-1.41566096,0.00006104
-1.41534096,0.00006104
-1.41502096,0.00006104
-1.41470096,0.00006104
-1.41438096,0.00006104
-1.41406096,0.00006104
-1.41374096,0.00006104
-1.41342096,0.00006104
-1.41310096,0.00006104
-1.41278096,0.00006104
-1.41246096,0.00006104
-1.41214096,0.00006104
-1.41182096,0.00006104
-1.41150096,0.00006104
-1.41118096,0.00006104
-1.41086096,0.00006104
-1.41054096,0.00006104
-1.41022096,0.00006104
-1.40990096,0.00006104
-1.40958096,0.00006104
-1.40926096,0.00006104
-1.40894096,0.00006104
-1.40862096,0.00006104
-1.40830096,0.00006104
-1.40798096,0.00006104
-1.40766096,0.00006104
-1.40734096,0.00006104
-1.40702096,0.00006104
-1.40670096,0.00006104
-1.40638096,0.00006104
-1.40606096,0.00006104
-1.40574096,0.00006104
-1.40542096,0.00006104
-1.40510096,0.00006104
-1.40478096,0.00006104
-1.40446096,0.00006104
-1.40414096,0.00006104
-1.40382096,0.00006104
-1.40350096,0.00006104
-1.40318096,0.00006104
-1.40286096,0.00006104
-1.40254096,0.00006104
-1.40222096,0.00006104
-1.40190096,0.00006104
-1.40158096,0.00006104
-1.40126096,-0.01770074
-1.40094096,0.00006104
-1.40062096,0.00006104
-1.40030096,0.00006104
-1.39998096,0.00006104
-1.39966096,0.00006104
-1.39934096,0.00006104
-1.39902096,0.00006104
-1.39870096,0.00006104
-1.39838096,0.00006104
-1.39806096,0.00006104
-1.39774096,0.00006104
-1.39742096,0.00006104
-1.39710096,-0.01770074
-1.39678096,0.00006104
-1.39646096,0.00006104
-1.39614096,0.00006104
-1.39582096,0.00006104
-1.39550096,0.00006104
-1.39518096,0.00006104
-1.39486096,0.00006104
-1.39454096,-0.01770074
-1.39422096,0.00006104
-1.39390096,0.00006104
-1.39358096,0.00006104
-1.39326096,-0.01770074
-1.39294096,0.00006104
-1.39262096,0.00006104
-1.39230096,0.00006104
-1.39198096,0.00006104
-1.39166096,-0.01770074
-1.39134096,0.00006104
-1.39102096,0.00006104
-1.39070096,0.00006104
-1.39038096,0.00006104
-1.39006096,0.00006104
-1.38974096,0.00006104
-1.38942096,0.00006104
-1.38910096,0.00006104
-1.38878096,0.00006104
-1.38846096,0.00006104
-1.38814096,0.00006104
-1.38782096,0.00006104
-1.38750096,0.00006104
-1.38718096,0.00006104
-1.38686096,0.00006104
-1.38654096,0.00006104
-1.38622096,0.00006104
-1.38590096,0.00006104
-1.38558096,0.00006104
-1.38526096,0.00006104
-1.38494096,0.00006104
-1.38462096,0.00006104
-1.38430096,0.00006104
-1.38398096,0.00006104
-1.38366096,0.00006104
-1.38334096,0.00006104
-1.38302096,0.00006104
-1.38270096,0.00006104
-1.38238096,0.00006104
-1.38206096,0.00006104
-1.38174096,0.00006104
-1.38142096,0.00006104
-1.38110096,-0.01770074
-1.38078096,0.00006104
-1.38046096,0.00006104
-1.38014096,0.00006104
-1.37982096,0.00006104
-1.37950096,0.00006104
-1.37918096,0.00006104
-1.37886096,0.00006104
-1.37854096,0.00006104
-1.37822096,-0.01770074
-1.37790096,0.00006104
-1.37758096,0.00006104
-1.37726096,0.00006104
-1.37694096,0.00006104
-1.37662096,0.00006104
-1.37630096,0.00006104
-1.37598096,0.00006104
-1.37566096,0.00006104
-1.37534096,0.00006104
-1.37502096,0.00006104
-1.37470096,0.00006104
-1.37438096,0.00006104
-1.37406096,0.00006104
-1.37374096,0.00006104
-1.37342096,0.00006104
-1.37310096,0.00006104
-1.37278096,0.00006104
-1.37246096,0.00006104
-1.37214096,0.00006104
-1.37182096,0.00006104
-1.37150096,0.00006104
-1.37118096,0.00006104
-1.37086096,0.00006104
-1.37054096,0.00006104
-1.37022096,0.00006104
-1.36990096,0.00006104
-1.36958096,0.00006104
-1.36926096,0.00006104
-1.36894096,0.00006104
-1.36862096,0.00006104
-1.36830096,0.00006104
-1.36798096,0.00006104
-1.36766096,0.00006104
-1.36734096,0.00006104
-1.36702096,0.00006104
-1.36670096,0.00006104
-1.36638096,0.00006104
-1.36606096,0.00006104
-1.36574096,0.00006104
-1.36542096,0.00006104
-1.36510096,0.00006104
-1.36478096,0.00006104
-1.36446096,0.00006104
-1.36414096,0.00006104
-1.36382096,0.00006104
-1.36350096,0.00006104
-1.36318096,0.00006104
-1.36286096,0.00006104
-1.36254096,0.00006104
-1.36222096,0.00006104
-1.36190096,0.00006104
-1.36158096,0.00006104
-1.36126096,0.00006104
-1.36094096,0.00006104
-1.36062096,0.00006104
-1.36030096,0.00006104
-1.35998096,0.00006104
-1.35966096,0.00006104
-1.35934096,0.00006104
-1.35902096,0.00006104
-1.35870096,0.00006104
-1.35838096,0.00006104
-1.35806096,0.00006104
-1.35774096,0.00006104
-1.35742096,0.00006104
-1.35710096,0.00006104
-1.35678096,0.00006104
-1.35646096,0.00006104
-1.35614096,0.00006104
-1.35582096,0.00006104
-1.35550096,0.00006104
-1.35518096,0.00006104
-1.35486096,0.00006104
-1.35454096,0.00006104
-1.35422096,0.00006104
-1.35390096,0.00006104
-1.35358096,0.00006104
-1.35326096,0.00006104
-1.35294096,0.00006104
-1.35262096,0.00006104
-1.35230096,0.00006104
-1.35198096,0.00006104
-1.35166096,0.00006104
-1.35134096,0.00006104
-1.35102096,0.00006104
-1.35070096,0.00006104
-1.35038096,0.00006104
-1.35006096,0.00006104
-1.34974096,0.00006104
-1.34942096,0.00006104
-1.34910096,0.00006104
-1.34878096,0.00006104
-1.34846096,0.00006104
-1.34814096,0.00006104
-1.34782096,0.00006104
-1.34750096,0.00006104
-1.34718096,0.00006104
-1.34686096,0.00006104
-1.34654096,0.00006104
-1.34622096,0.00006104
-1.34590096,0.00006104
-1.34558096,0.00006104
-1.34526096,0.00006104
-1.34494096,0.00006104
-1.34462096,0.00006104
-1.34430096,0.00006104
-1.34398096,0.00006104
-1.34366096,0.00006104
-1.34334096,0.00006104
-1.34302096,0.00006104
-1.34270096,0.00006104
-1.34238096,0.00006104
-1.34206096,0.00006104
-1.34174096,0.00006104
-1.34142096,0.00006104
-1.34110096,0.00006104
-1.34078096,0.00006104
-1.34046096,0.00006104
-1.34014096,0.00006104
-1.33982096,0.00006104
-1.33950096,0.00006104
-1.33918096,0.00006104
-1.33886096,0.00006104
-1.33854096,-0.01770074
-1.33822096,0.00006104
-1.33790096,-0.01770074
-1.33758096,0.00006104
-1.33726096,0.00006104
-1.33694096,0.00006104
-1.33662096,0.00006104
-1.33630096,0.00006104
-1.33598096,0.00006104
-1.33566096,0.00006104
-1.33534096,0.00006104
-1.33502096,0.00006104
-1.33470096,0.00006104
-1.33438096,0.00006104
-1.33406096,0.00006104
-1.33374096,0.00006104
-1.33342096,0.00006104
-1.33310096,0.00006104
-1.33278096,0.00006104
-1.33246096,0.00006104
-1.33214096,0.00006104
-1.33182096,0.00006104
-1.33150096,-0.01770074
-1.33118096,0.00006104
-1.33086096,0.00006104
-1.33054096,0.00006104
-1.33022096,0.00006104
-1.32990096,0.00006104
-1.32958096,0.00006104
-1.32926096,0.00006104
-1.32894096,0.00006104
-1.32862096,0.00006104
-1.32830096,0.00006104
-1.32798096,0.00006104
-1.32766096,0.00006104
-1.32734096,0.00006104
-1.32702096,0.00006104
-1.32670096,0.00006104
-1.32638096,0.00006104
-1.32606096,0.00006104
-1.32574096,0.00006104
-1.32542096,0.00006104
-1.32510096,0.00006104
-1.32478096,0.00006104
-1.32446096,0.00006104
-1.32414096,0.00006104
-1.32382096,0.00006104
-1.32350096,0.00006104
-1.32318096,0.00006104
-1.32286096,0.00006104
-1.32254096,0.00006104
-1.32222096,0.00006104
-1.32190096,0.00006104
-1.32158096,0.00006104
-1.32126096,0.00006104
-1.32094096,0.00006104
-1.32062096,-0.01770074
-1.32030096,0.00006104
-1.31998096,0.00006104
-1.31966096,0.00006104
-1.31934096,0.00006104
-1.31902096,0.00006104
-1.31870096,0.00006104
-1.31838096,0.00006104
-1.31806096,0.00006104
-1.31774096,0.00006104
-1.31742096,0.00006104
-1.31710096,0.00006104
-1.31678096,0.00006104
-1.31646096,0.00006104
-1.31614096,0.00006104
-1.31582096,0.00006104
-1.31550096,0.00006104
-1.31518096,0.00006104
-1.31486096,0.00006104
-1.31454096,0.00006104
-1.31422096,0.00006104
-1.31390096,0.00006104
-1.31358096,0.00006104
-1.31326096,0.00006104
-1.31294096,0.00006104
-1.31262096,0.00006104
-1.31230096,0.00006104
-1.31198096,0.00006104
-1.31166096,0.00006104
-1.31134096,0.00006104
-1.31102096,0.00006104
-1.31070096,0.00006104
-1.31038096,0.00006104
-1.31006096,0.00006104
-1.30974096,-0.01770074
-1.30942096,0.00006104
-1.30910096,0.00006104
-1.30878096,0.00006104
-1.30846096,0.00006104
-1.30814096,0.00006104
-1.30782096,0.00006104
-1.30750096,0.00006104
-1.30718096,0.00006104
-1.30686096,0.00006104
-1.30654096,0.00006104
-1.30622096,0.00006104
-1.30590096,0.00006104
-1.30558096,-0.01770074
-1.30526096,0.00006104
-1.30494096,0.00006104
-1.30462096,0.00006104
-1.30430096,0.00006104
-1.30398096,0.00006104
-1.30366096,0.00006104
-1.30334096,0.00006104
-1.30302096,0.00006104
-1.30270096,0.00006104
-1.30238096,0.00006104
-1.30206096,0.00006104
-1.30174096,0.00006104
-1.30142096,-0.01770074
-1.30110096,0.00006104
-1.30078096,0.00006104
-1.30046096,0.00006104
-1.30014096,0.00006104
-1.29982096,0.00006104
-1.29950096,0.00006104
-1.29918096,0.00006104
-1.29886096,0.00006104
-1.29854096,0.00006104
-1.29822096,0.00006104
-1.29790096,0.00006104
-1.29758096,0.00006104
-1.29726096,0.00006104
-1.29694096,0.00006104
-1.29662096,-0.01770074
-1.29630096,0.00006104
-1.29598096,0.00006104
-1.29566096,0.00006104
-1.29534096,0.00006104
-1.29502096,0.00006104
-1.29470096,0.00006104
-1.29438096,0.00006104
-1.29406096,0.00006104
-1.29374096,0.00006104
-1.29342096,0.00006104
-1.29310096,0.00006104
-1.29278096,-0.01770074
-1.29246096,0.00006104
-1.29214096,0.00006104
-1.29182096,0.00006104
-1.29150096,0.00006104
-1.29118096,0.00006104
-1.29086096,0.00006104
-1.29054096,0.00006104
-1.29022096,0.00006104
-1.28990096,0.00006104
-1.28958096,0.00006104
-1.28926096,0.00006104
-1.28894096,0.00006104
-1.28862096,0.00006104
-1.28830096,0.00006104
-1.28798096,0.00006104
-1.28766096,0.00006104
-1.28734096,0.00006104
-1.28702096,0.00006104
-1.28670096,0.00006104
-1.28638096,0.00006104
-1.28606096,0.00006104
-1.28574096,0.00006104
-1.28542096,0.00006104
-1.28510096,0.00006104
-1.28478096,-0.01770074
-1.28446096,0.00006104
-1.28414096,0.00006104
-1.28382096,0.00006104
-1.28350096,0.00006104
-1.28318096,0.00006104
-1.28286096,0.00006104
-1.28254096,0.00006104
-1.28222096,0.00006104
-1.28190096,0.00006104
-1.28158096,0.00006104
-1.28126096,0.00006104
-1.28094096,0.00006104
-1.28062096,0.00006104
-1.28030096,0.00006104
-1.27998096,0.00006104
-1.27966096,0.00006104
-1.27934096,-0.01770074
-1.27902096,0.00006104
-1.27870096,0.00006104
-1.27838096,0.00006104
-1.27806096,0.00006104
-1.27774096,0.00006104
-1.27742096,0.00006104
-1.27710096,0.00006104
-1.27678096,0.00006104
-1.27646096,0.00006104
-1.27614096,0.00006104
-1.27582096,0.00006104
-1.27550096,0.00006104
-1.27518096,0.00006104
-1.27486096,0.00006104
-1.27454096,0.00006104
-1.27422096,0.00006104
-1.27390096,0.00006104
-1.27358096,0.00006104
-1.27326096,0.00006104
-1.27294096,0.00006104
-1.27262096,0.00006104
-1.27230096,0.00006104
-1.27198096,0.00006104
-1.27166096,0.00006104
-1.27134096,0.00006104
-1.27102096,0.00006104
-1.27070096,0.00006104
-1.27038096,0.00006104
-1.27006096,0.00006104
-1.26974096,0.00006104
-1.26942096,0.00006104
-1.26910096,0.00006104
-1.26878096,0.00006104
-1.26846096,0.00006104
-1.26814096,0.00006104
-1.26782096,0.00006104
-1.26750096,0.00006104
-1.26718096,0.00006104
-1.26686096,0.00006104
-1.26654096,0.00006104
-1.26622096,0.00006104
-1.26590096,0.00006104
-1.26558096,0.00006104
-1.26526096,0.00006104
-1.26494096,0.00006104
-1.26462096,0.00006104
-1.26430096,0.00006104
-1.26398096,0.00006104
-1.26366096,0.00006104
-1.26334096,0.00006104
-1.26302096,0.00006104
-1.26270096,0.00006104
-1.26238096,0.00006104
-1.26206096,0.00006104
-1.26174096,0.00006104
-1.26142096,0.00006104
-1.26110096,0.00006104
-1.26078096,0.00006104
-1.26046096,0.00006104
-1.26014096,0.00006104
-1.25982096,0.00006104
-1.25950096,0.00006104
-1.25918096,0.00006104
-1.25886096,0.00006104
-1.25854096,0.00006104
-1.25822096,0.00006104
-1.25790096,0.00006104
-1.25758096,0.00006104
-1.25726096,0.00006104
-1.25694096,0.00006104
-1.25662096,0.00006104
-1.25630096,0.00006104
-1.25598096,0.00006104
-1.25566096,0.00006104
-1.25534096,0.00006104
-1.25502096,0.00006104
-1.25470096,0.00006104
-1.25438096,0.00006104
-1.25406096,0.00006104
-1.25374096,0.00006104
-1.25342096,-0.01770074
-1.25310096,0.00006104
-1.25278096,-0.01770074
-1.25246096,0.00006104
-1.25214096,0.00006104
-1.25182096,-0.01770074
-1.25150096,0.00006104
-1.25118096,0.00006104
-1.25086096,0.00006104
-1.25054096,0.00006104
-1.25022096,0.00006104
-1.24990096,0.00006104
-1.24958096,0.00006104
-1.24926096,0.00006104
-1.24894096,0.00006104
-1.24862096,0.00006104
-1.24830096,0.00006104
-1.24798096,0.00006104
-1.24766096,0.00006104
-1.24734096,0.00006104
-1.24702096,0.00006104
-1.24670096,0.00006104
-1.24638096,0.00006104
-1.24606096,0.00006104
-1.24574096,0.00006104
-1.24542096,0.00006104
-1.24510096,0.00006104
-1.24478096,0.00006104
-1.24446096,0.00006104
-1.24414096,0.00006104
-1.24382096,0.00006104
-1.24350096,0.00006104
-1.24318096,-0.01770074
-1.24286096,0.00006104
-1.24254096,-0.01770074
-1.24222096,0.00006104
-1.24190096,0.00006104
-1.24158096,0.00006104
-1.24126096,0.00006104
-1.24094096,0.00006104
-1.24062096,0.00006104
-1.24030096,0.00006104
-1.23998096,-0.01770074
-1.23966096,-0.01770074
-1.23934096,0.00006104
-1.23902096,0.00006104
-1.23870096,0.00006104
-1.23838096,0.00006104
-1.23806096,0.00006104
-1.23774096,0.00006104
-1.23742096,0.00006104
-1.23710096,0.00006104
-1.23678096,0.00006104
-1.23646096,0.00006104
-1.23614096,0.00006104
-1.23582096,0.00006104
-1.23550096,0.00006104
-1.23518096,0.00006104
-1.23486096,0.00006104
-1.23454096,0.00006104
-1.23422096,0.00006104
-1.23390096,0.00006104
-1.23358096,-0.01770074
-1.23326096,0.00006104
-1.23294096,0.00006104
-1.23262096,0.00006104
-1.23230096,0.00006104
-1.23198096,0.00006104
-1.23166096,0.00006104
-1.23134096,0.00006104
-1.23102096,0.00006104
-1.23070096,0.00006104
-1.23038096,0.00006104
-1.23006096,0.00006104
-1.22974096,0.00006104
-1.22942096,0.00006104
-1.22910096,0.00006104
-1.22878096,0.00006104
-1.22846096,0.00006104
-1.22814096,0.00006104
-1.22782096,0.00006104
-1.22750096,0.00006104
-1.22718096,-0.01770074
-1.22686096,0.00006104
-1.22654096,0.00006104
-1.22622096,0.00006104
-1.22590096,0.00006104
-1.22558096,0.00006104
-1.22526096,0.00006104
-1.22494096,0.00006104
-1.22462096,0.00006104
-1.22430096,-0.01770074
-1.22398096,0.00006104
-1.22366096,0.00006104
-1.22334096,0.00006104
-1.22302096,0.00006104
-1.22270096,0.00006104
-1.22238096,0.00006104
-1.22206096,0.00006104
-1.22174096,0.00006104
-1.22142096,0.00006104
-1.22110096,0.00006104
-1.22078096,0.00006104
-1.22046096,0.00006104
-1.22014096,0.00006104
-1.21982096,0.00006104
-1.21950096,0.00006104
-1.21918096,0.00006104
-1.21886096,0.00006104
-1.21854096,0.00006104
-1.21822096,-0.01770074
-1.21790096,0.00006104
-1.21758096,0.00006104
-1.21726096,0.00006104
-1.21694096,0.00006104
-1.21662096,0.00006104
-1.21630096,0.00006104
-1.21598096,0.00006104
-1.21566096,0.00006104
-1.21534096,0.00006104
-1.21502096,0.00006104
-1.21470096,0.00006104
-1.21438096,0.00006104
-1.21406096,0.00006104
-1.21374096,0.00006104
-1.21342096,0.00006104
-1.21310096,0.00006104
-1.21278096,0.00006104
-1.21246096,0.00006104
-1.21214096,0.00006104
-1.21182096,0.00006104
-1.21150096,0.00006104
-1.21118096,0.00006104
-1.21086096,0.00006104
-1.21054096,0.00006104
-1.21022096,0.00006104
-1.20990096,0.00006104
-1.20958096,0.00006104
-1.20926096,0.00006104
-1.20894096,0.00006104
-1.20862096,0.00006104
-1.20830096,0.00006104
-1.20798096,0.00006104
-1.20766096,0.00006104
-1.20734096,0.00006104
-1.20702096,0.00006104
-1.20670096,0.00006104
-1.20638096,0.00006104
-1.20606096,0.00006104
-1.20574096,0.00006104
-1.20542096,0.00006104
-1.20510096,0.00006104
-1.20478096,0.00006104
-1.20446096,0.00006104
-1.20414096,0.00006104
-1.20382096,0.00006104
-1.20350096,0.00006104
-1.20318096,0.00006104
-1.20286096,0.00006104
-1.20254096,0.00006104
-1.20222096,0.00006104
-1.20190096,0.00006104
-1.20158096,-0.01770074
-1.20126096,0.00006104
-1.20094096,0.00006104
-1.20062096,0.00006104
-1.20030096,0.00006104
-1.19998096,0.00006104
-1.19966096,0.00006104
-1.19934096,0.00006104
-1.19902096,0.00006104
-1.19870096,0.00006104
-1.19838096,0.00006104
-1.19806096,0.00006104
-1.19774096,0.00006104
-1.19742096,0.00006104
-1.19710096,0.00006104
-1.19678096,0.00006104
-1.19646096,0.00006104
-1.19614096,-0.01770074
-1.19582096,-0.01770074
-1.19550096,0.00006104
-1.19518096,0.00006104
-1.19486096,-0.01770074
-1.19454096,0.00006104
-1.19422096,0.00006104
-1.19390096,0.00006104
-1.19358096,0.00006104
-1.19326096,0.00006104
-1.19294096,0.00006104
-1.19262096,0.00006104
-1.19230096,0.00006104
-1.19198096,0.00006104
-1.19166096,0.00006104
-1.19134096,0.00006104
-1.19102096,0.00006104
-1.19070096,0.00006104
-1.19038096,0.00006104
-1.19006096,0.00006104
-1.18974096,0.00006104
-1.18942096,0.00006104
-1.18910096,0.00006104
-1.18878096,0.00006104
-1.18846096,0.00006104
-1.18814096,0.00006104
-1.18782096,0.00006104
-1.18750096,0.00006104
-1.18718096,0.00006104
-1.18686096,0.00006104
-1.18654096,0.00006104
-1.18622096,0.00006104
-1.18590096,0.00006104
-1.18558096,0.00006104
-1.18526096,0.00006104
-1.18494096,0.00006104
-1.18462096,0.00006104
-1.18430096,0.00006104
-1.18398096,0.00006104
-1.18366096,0.00006104
-1.18334096,0.00006104
-1.18302096,0.00006104
-1.18270096,0.00006104
-1.18238096,0.00006104
-1.18206096,0.00006104
-1.18174096,0.00006104
-1.18142096,0.00006104
-1.18110096,0.00006104
-1.18078096,0.00006104
-1.18046096,0.00006104
-1.18014096,0.00006104
-1.17982096,0.00006104
-1.17950096,0.00006104
-1.17918096,0.00006104
-1.17886096,-0.01770074
-1.17854096,0.00006104
-1.17822096,0.00006104
-1.17790096,0.00006104
-1.17758096,0.00006104
-1.17726096,0.00006104
-1.17694096,0.00006104
-1.17662096,0.00006104
-1.17630096,0.00006104
-1.17598096,-0.01770074
-1.17566096,0.00006104
-1.17534096,0.00006104
-1.17502096,0.00006104
-1.17470096,0.00006104
-1.17438096,0.00006104
-1.17406096,0.00006104
-1.17374096,0.00006104
-1.17342096,0.00006104
-1.17310096,0.00006104
-1.17278096,0.00006104
-1.17246096,0.00006104
-1.17214096,0.00006104
-1.17182096,0.00006104
-1.17150096,0.00006104
-1.17118096,0.00006104
-1.17086096,0.00006104
-1.17054096,0.00006104
-1.17022096,0.00006104
-1.16990096,0.00006104
-1.16958096,0.00006104
-1.16926096,0.00006104
-1.16894096,0.00006104
-1.16862096,0.00006104
-1.16830096,0.00006104
-1.16798096,0.00006104
-1.16766096,0.00006104
-1.16734096,0.00006104
-1.16702096,0.00006104
-1.16670096,0.00006104
-1.16638096,0.00006104
-1.16606096,0.00006104
-1.16574096,0.00006104
-1.16542096,0.00006104
-1.16510096,0.00006104
-1.16478096,0.00006104
-1.16446096,0.00006104
-1.16414096,0.00006104
-1.16382096,0.00006104
-1.16350096,0.00006104
-1.16318096,0.00006104
-1.16286096,0.00006104
-1.16254096,0.00006104
-1.16222096,0.00006104
-1.16190096,0.00006104
-1.16158096,0.00006104
-1.16126096,0.00006104
-1.16094096,0.00006104
-1.16062096,-0.01770074
-1.16030096,0.00006104
-1.15998096,0.00006104
-1.15966096,0.00006104
-1.15934096,0.00006104
-1.15902096,0.00006104
-1.15870096,0.00006104
-1.15838096,0.00006104
-1.15806096,0.00006104
-1.15774096,0.00006104
-1.15742096,0.00006104
-1.15710096,0.00006104
-1.15678096,0.00006104
-1.15646096,0.00006104
-1.15614096,0.00006104
-1.15582096,0.00006104
-1.15550096,0.00006104
-1.15518096,0.00006104
-1.15486096,0.00006104
-1.15454096,0.00006104
-1.15422096,0.00006104
-1.15390096,0.00006104
-1.15358096,0.00006104
-1.15326096,0.00006104
-1.15294096,0.00006104
-1.15262096,0.00006104
-1.15230096,0.00006104
-1.15198096,0.00006104
-1.15166096,0.00006104
-1.15134096,0.00006104
-1.15102096,0.00006104
-1.15070096,0.00006104
-1.15038096,0.00006104
-1.15006096,0.00006104
-1.14974096,0.00006104
-1.14942096,0.00006104
-1.14910096,0.00006104
-1.14878096,0.00006104
-1.14846096,0.00006104
-1.14814096,0.00006104
-1.14782096,0.00006104
-1.14750096,0.00006104
-1.14718096,-0.01770074
-1.14686096,0.00006104
-1.14654096,0.00006104
-1.14622096,0.00006104
-1.14590096,0.00006104
-1.14558096,-0.01770074
-1.14526096,0.00006104
-1.14494096,0.00006104
-1.14462096,0.00006104
-1.14430096,0.00006104
-1.14398096,0.00006104
-1.14366096,0.00006104
-1.14334096,-0.01770074
-1.14302096,0.00006104
-1.14270096,0.00006104
-1.14238096,0.00006104
-1.14206096,0.00006104
-1.14174096,0.00006104
-1.14142096,0.00006104
-1.14110096,0.00006104
-1.14078096,0.00006104
-1.14046096,0.00006104
-1.14014096,0.00006104
-1.13982096,0.00006104
-1.13950096,0.00006104
-1.13918096,0.00006104
-1.13886096,0.00006104
-1.13854096,0.00006104
-1.13822096,0.00006104
-1.13790096,0.00006104
-1.13758096,0.00006104
-1.13726096,0.00006104
-1.13694096,0.00006104
-1.13662096,0.00006104
-1.13630096,0.00006104
-1.13598096,0.00006104
-1.13566096,0.00006104
-1.13534096,0.00006104
-1.13502096,0.00006104
-1.13470096,0.00006104
-1.13438096,0.00006104
-1.13406096,0.00006104
-1.13374096,0.00006104
-1.13342096,0.00006104
-1.13310096,-0.01770074
-1.13278096,0.00006104
-1.13246096,-0.01770074
-1.13214096,0.00006104
-1.13182096,0.00006104
-1.13150096,-0.01770074
-1.13118096,0.00006104
-1.13086096,0.00006104
-1.13054096,0.00006104
-1.13022096,0.00006104
-1.12990096,0.00006104
-1.12958096,0.00006104
-1.12926096,0.00006104
-1.12894096,0.00006104
-1.12862096,0.00006104
-1.12830096,0.00006104
-1.12798096,0.00006104
-1.12766096,0.00006104
-1.12734096,0.00006104
-1.12702096,0.00006104
-1.12670096,0.00006104
-1.12638096,-0.01770074
-1.12606096,0.00006104
-1.12574096,0.00006104
-1.12542096,0.00006104
-1.12510096,0.00006104
-1.12478096,0.00006104
-1.12446096,0.00006104
-1.12414096,0.00006104
-1.12382096,0.00006104
-1.12350096,0.00006104
-1.12318096,0.00006104
-1.12286096,0.00006104
-1.12254096,0.00006104
-1.12222096,0.00006104
-1.12190096,0.00006104
-1.12158096,0.00006104
-1.12126096,0.00006104
-1.12094096,0.00006104
-1.12062096,0.00006104
-1.12030096,0.00006104
-1.11998096,0.00006104
-1.11966096,0.00006104
-1.11934096,-0.01770074
-1.11902096,0.00006104
-1.11870096,0.00006104
-1.11838096,0.00006104
-1.11806096,0.00006104
-1.11774096,0.00006104
-1.11742096,0.00006104
-1.11710096,0.00006104
-1.11678096,0.00006104
-1.11646096,0.00006104
-1.11614096,0.00006104
-1.11582096,0.00006104
-1.11550096,0.00006104
-1.11518096,0.00006104
-1.11486096,0.00006104
-1.11454096,0.00006104
-1.11422096,0.00006104
-1.11390096,0.00006104
-1.11358096,-0.01770074
-1.11326096,0.00006104
-1.11294096,0.00006104
-1.11262096,0.00006104
-1.11230096,0.00006104
-1.11198096,0.00006104
-1.11166096,0.00006104
-1.11134096,0.00006104
-1.11102096,0.00006104
-1.11070096,0.00006104
-1.11038096,0.00006104
-1.11006096,0.00006104
-1.10974096,0.00006104
-1.10942096,0.00006104
-1.10910096,0.00006104
-1.10878096,0.00006104
-1.10846096,0.00006104
-1.10814096,0.00006104
-1.10782096,0.00006104
-1.10750096,0.00006104
-1.10718096,0.00006104
-1.10686096,0.00006104
-1.10654096,0.00006104
-1.10622096,-0.01770074
-1.10590096,0.00006104
-1.10558096,0.00006104
-1.10526096,-0.01770074
-1.10494096,-0.01770074
-1.10462096,0.00006104
-1.10430096,0.00006104
-1.10398096,0.00006104
-1.10366096,0.00006104
-1.10334096,0.00006104
-1.10302096,0.00006104
-1.10270096,0.00006104
-1.10238096,0.00006104
-1.10206096,0.00006104
-1.10174096,0.00006104
-1.10142096,0.00006104
-1.10110096,0.00006104
-1.10078096,0.00006104
-1.10046096,0.00006104
-1.10014096,0.00006104
-1.09982096,0.00006104
-1.09950096,0.00006104
-1.09918096,0.00006104
-1.09886096,0.00006104
-1.09854096,0.00006104
-1.09822096,0.00006104
-1.09790096,0.00006104
-1.09758096,0.00006104
-1.09726096,0.00006104
-1.09694096,-0.01770074
-1.09662096,0.00006104
-1.09630096,0.00006104
-1.09598096,0.00006104
-1.09566096,0.00006104
-1.09534096,0.00006104
-1.09502096,0.00006104
-1.09470096,0.00006104
-1.09438096,0.00006104
-1.09406096,0.00006104
-1.09374096,0.00006104
-1.09342096,0.00006104
-1.09310096,0.00006104
-1.09278096,0.00006104
-1.09246096,0.00006104
-1.09214096,-0.01770074
-1.09182096,0.00006104
-1.09150096,0.00006104
-1.09118096,0.00006104
-1.09086096,0.00006104
-1.09054096,0.00006104
-1.09022096,0.00006104
-1.08990096,0.00006104
-1.08958096,0.00006104
-1.08926096,0.00006104
-1.08894096,0.00006104
-1.08862096,0.00006104
-1.08830096,0.00006104
-1.08798096,0.00006104
-1.08766096,0.00006104
-1.08734096,0.00006104
-1.08702096,0.00006104
-1.08670096,0.00006104
-1.08638096,0.00006104
-1.08606096,0.00006104
-1.08574096,0.00006104
-1.08542096,0.00006104
-1.08510096,0.00006104
-1.08478096,0.00006104
-1.08446096,0.00006104
-1.08414096,0.00006104
-1.08382096,0.00006104
-1.08350096,0.00006104
-1.08318096,0.00006104
-1.08286096,0.00006104
-1.08254096,0.00006104
-1.08222096,0.00006104
-1.08190096,0.00006104
-1.08158096,0.00006104
-1.08126096,0.00006104
-1.08094096,0.00006104
-1.08062096,0.00006104
-1.08030096,0.00006104
-1.07998096,0.00006104
-1.07966096,0.00006104
-1.07934096,0.00006104
-1.07902096,0.00006104
-1.07870096,0.00006104
-1.07838096,0.00006104
-1.07806096,0.00006104
-1.07774096,0.00006104
-1.07742096,0.00006104
-1.07710096,0.00006104
-1.07678096,0.00006104
-1.07646096,0.00006104
-1.07614096,0.00006104
-1.07582096,0.00006104
-1.07550096,0.00006104
-1.07518096,0.00006104
-1.07486096,0.00006104
-1.07454096,0.00006104
-1.07422096,0.00006104
-1.07390096,0.00006104
-1.07358096,0.00006104
-1.07326096,0.00006104
-1.07294096,0.00006104
-1.07262096,0.00006104
-1.07230096,0.00006104
-1.07198096,0.00006104
-1.07166096,0.00006104
-1.07134096,0.00006104
-1.07102096,0.00006104
-1.07070096,0.00006104
-1.07038096,0.00006104
-1.07006096,0.00006104
-1.06974096,0.00006104
-1.06942096,0.00006104
-1.06910096,0.00006104
-1.06878096,0.00006104
-1.06846096,0.00006104
-1.06814096,0.00006104
-1.06782096,0.00006104
-1.06750096,0.00006104
-1.06718096,0.00006104
-1.06686096,0.00006104
-1.06654096,0.00006104
-1.06622096,0.00006104
-1.06590096,0.00006104
-1.06558096,0.00006104
-1.06526096,0.00006104
-1.06494096,0.00006104
-1.06462096,0.00006104
-1.06430096,0.00006104
-1.06398096,0.00006104
-1.06366096,0.00006104
-1.06334096,0.00006104
-1.06302096,0.00006104
-1.06270096,0.00006104
-1.06238096,0.00006104
-1.06206096,0.00006104
-1.06174096,0.00006104
-1.06142096,0.01788385
-1.06110096,0.00006104
-1.06078096,0.00006104
-1.06046096,0.00006104
-1.06014096,-0.01770074
-1.05982096,0.00006104
-1.05950096,-0.01770074
-1.05918096,0.00006104
-1.05886096,0.00006104
-1.05854096,0.00006104
-1.05822096,0.00006104
-1.05790096,0.00006104
-1.05758096,0.00006104
-1.05726096,0.00006104
-1.05694096,0.00006104
-1.05662096,0.00006104
-1.05630096,0.00006104
-1.05598096,0.00006104
-1.05566096,0.00006104
-1.05534096,0.00006104
-1.05502096,0.00006104
-1.05470096,0.00006104
-1.05438096,-0.01770074
-1.05406096,0.00006104
-1.05374096,0.00006104
-1.05342096,0.00006104
-1.05310096,0.00006104
-1.05278096,0.00006104
-1.05246096,0.00006104
-1.05214096,0.00006104
-1.05182096,0.00006104
-1.05150096,-0.01770074
-1.05118096,0.00006104
-1.05086096,0.00006104
-1.05054096,0.00006104
-1.05022096,0.00006104
-1.04990096,0.00006104
-1.04958096,0.00006104
-1.04926096,-0.01770074
-1.04894096,0.00006104
-1.04862096,0.00006104
-1.04830096,0.00006104
-1.04798096,0.00006104
-1.04766096,0.00006104
-1.04734096,0.00006104
-1.04702096,0.00006104
-1.04670096,0.00006104
-1.04638096,0.00006104
-1.04606096,0.00006104
-1.04574096,-0.01770074
-1.04542096,0.00006104
-1.04510096,0.00006104
-1.04478096,0.00006104
-1.04446096,0.00006104
-1.04414096,0.00006104
-1.04382096,0.00006104
-1.04350096,0.00006104
-1.04318096,0.00006104
-1.04286096,0.00006104
-1.04254096,0.00006104
-1.04222096,0.00006104
-1.04190096,0.00006104
-1.04158096,0.00006104
-1.04126096,0.00006104
-1.04094096,0.00006104
-1.04062096,0.00006104
-1.04030096,0.00006104
-1.03998096,0.00006104
-1.03966096,-0.01770074
-1.03934096,0.00006104
-1.03902096,0.00006104
-1.03870096,-0.01770074
-1.03838096,0.00006104
-1.03806096,0.00006104
-1.03774096,0.00006104
-1.03742096,0.00006104
-1.03710096,-0.01770074
-1.03678096,0.00006104
-1.03646096,0.00006104
-1.03614096,0.00006104
-1.03582096,0.00006104
-1.03550096,0.00006104
-1.03518096,0.00006104
-1.03486096,0.00006104
-1.03454096,0.00006104
-1.03422096,0.00006104
-1.03390096,0.00006104
-1.03358096,0.00006104
-1.03326096,0.00006104
-1.03294096,-0.01770074
-1.03262096,0.00006104
-1.03230096,0.00006104
-1.03198096,0.00006104
-1.03166096,0.00006104
-1.03134096,0.00006104
-1.03102096,0.00006104
-1.03070096,0.00006104
-1.03038096,0.00006104
-1.03006096,0.00006104
-1.02974096,0.00006104
-1.02942096,0.00006104
-1.02910096,0.00006104
-1.02878096,0.00006104
-1.02846096,0.00006104
-1.02814096,0.00006104
-1.02782096,0.00006104
-1.02750096,0.00006104
-1.02718096,0.00006104
-1.02686096,0.00006104
-1.02654096,0.00006104
-1.02622096,0.00006104
-1.02590096,0.00006104
-1.02558096,0.00006104
-1.02526096,0.00006104
-1.02494096,0.00006104
-1.02462096,0.00006104
-1.02430096,0.00006104
-1.02398096,0.00006104
-1.02366096,0.00006104
-1.02334096,0.00006104
-1.02302096,0.00006104
-1.02270096,0.00006104
-1.02238096,0.00006104
-1.02206096,-0.01770074
-1.02174097,0.00006104
-1.02142097,0.00006104
-1.02110097,0.00006104
-1.02078097,0.00006104
-1.02046097,0.00006104
-1.02014097,0.00006104
-1.01982097,0.00006104
-1.01950097,0.00006104
-1.01918097,0.00006104
-1.01886097,0.00006104
-1.01854097,0.00006104
-1.01822097,0.00006104
-1.01790097,0.00006104
-1.01758097,0.00006104
-1.01726097,0.00006104
-1.01694097,0.00006104
-1.01662097,0.00006104
-1.01630097,0.00006104
-1.01598097,0.00006104
-1.01566097,0.00006104
-1.01534097,0.00006104
-1.01502097,0.00006104
-1.01470097,0.00006104
-1.01438097,0.00006104
-1.01406097,0.00006104
-1.01374097,0.00006104
-1.01342097,0.00006104
-1.01310097,0.00006104
-1.01278097,0.00006104
-1.01246097,0.00006104
-1.01214097,0.00006104
-1.01182097,0.00006104
-1.01150097,0.00006104
-1.01118097,0.00006104
-1.01086097,0.00006104
-1.01054097,0.00006104
-1.01022097,0.00006104
-1.00990097,0.00006104
-1.00958097,0.00006104
-1.00926097,0.00006104
-1.00894097,0.00006104
-1.00862097,0.00006104
-1.00830097,0.00006104
-1.00798097,0.00006104
-1.00766097,0.00006104
-1.00734097,0.00006104
-1.00702097,0.00006104
-1.00670097,0.00006104
-1.00638097,0.00006104
-1.00606097,0.00006104
-1.00574097,0.00006104
-1.00542097,0.00006104
-1.00510097,0.00006104
-1.00478097,0.00006104
-1.00446097,0.00006104
-1.00414097,0.00006104
-1.00382097,0.00006104
-1.00350097,0.00006104
-1.00318097,0.00006104
-1.00286097,-0.01770074
-1.00254097,0.00006104
-1.00222097,0.00006104
-1.00190097,-1.06796467
-1.00158097,-1.78002262
-1.00126097,-0.62294382
-1.00094097,0.14246041
-1.00062097,0.17804499
-1.00030097,0.07129124
-0.99998097,0.00006104
-0.99966097,-0.03552354
-0.99934097,-0.03552354
-0.99902097,-0.03552354
-0.99870097,-0.35590684
-0.99838097,-0.96114993
-0.99806097,-1.74437702
-0.99774097,-0.78316599
-0.99742097,-0.51612902
-0.99710097,-0.12451552
-0.99678097,0.08911405
-0.99646097,0.08911405
-0.99614097,0.05346843
-0.99582097,0.03570665
-0.99550097,0.01788385
-0.99518097,0.01788385
-0.99486097,0.03570665
-0.99454097,0.03570665
-0.99422097,0.03570665
-0.99390097,0.03570665
-0.99358097,0.01788385
-0.99326097,0.01788385
-0.99294097,0.00006104
-0.99262097,0.01788385
-0.99230097,0.01788385
-0.99198097,0.01788385
-0.99166097,0.05346843
-0.99134097,0.05346843
-0.99102097,0.07129124
-0.99070097,0.07129124
-0.99038097,0.03570665
-0.99006097,0.07129124
-0.98974097,0.05346843
-0.98942097,0.01788385
-0.98910097,0.07129124
-0.98878097,0.07129124
-0.98846097,0.05346843
-0.98814097,0.03570665
-0.98782097,0.03570665
-0.98750097,0.03570665
-0.98718097,0.01788385
-0.98686097,0.00006104
-0.98654097,-0.01770074
-0.98622097,-0.01770074
-0.98590097,-0.01770074
-0.98558097,0.01788385
-0.98526097,0.00006104
-0.98494097,0.00006104
-0.98462097,0.05346843
-0.98430097,-0.03552354
-0.98398097,0.00006104
-0.98366097,0.01788385
-0.98334097,-0.03552354
-0.98302097,0.01788385
-0.98270097,0.05346843
-0.98238097,0.01788385
-0.98206097,0.03570665
-0.98174097,0.03570665
-0.98142097,0.01788385
-0.98110097,0.00006104
-0.98078097,0.01788385
-0.98046097,0.01788385
-0.98014097,0.00006104
-0.97982097,0.01788385
-0.97950097,0.03570665
-0.97918097,0.00006104
-0.97886097,0.00006104
-0.97854097,0.01788385
-0.97822097,0.01788385
-0.97790097,0.01788385
-0.97758097,0.00006104
-0.97726097,-0.01770074
-0.97694097,0.00006104
-0.97662097,0.01788385
-0.97630097,0.00006104
-0.97598097,0.00006104
-0.97566097,0.03570665
-0.97534097,0.01788385
-0.97502097,0.00006104
-0.97470097,0.01788385
-0.97438097,0.00006104
-0.97406097,0.01788385
-0.97374097,0.01788385
-0.97342097,0.00006104
-0.97310097,0.00006104
-0.97278097,0.01788385
-0.97246097,0.00006104
-0.97214097,0.00006104
-0.97182097,0.00006104
-0.97150097,0.00006104
-0.97118097,0.00006104
-0.97086097,0.00006104
-0.97054097,0.00006104
-0.97022097,0.00006104
-0.96990097,0.00006104
-0.96958097,0.00006104
-0.96926097,0.00006104
-0.96894097,0.01788385
-0.96862097,0.01788385
-0.96830097,0.01788385
-0.96798097,0.00006104
-0.96766097,0.00006104
-0.96734097,0.01788385
-0.96702097,0.01788385
-0.96670097,0.00006104
-0.96638097,0.01788385
-0.96606097,0.00006104
-0.96574097,0.00006104
-0.96542097,0.00006104
-0.96510097,0.00006104
-0.96478097,0.00006104
-0.96446097,0.00006104
-0.96414097,0.00006104
-0.96382097,0.00006104
-0.96350097,0.00006104
-0.96318097,0.00006104
-0.96286097,0.01788385
-0.96254097,0.01788385
-0.96222097,0.00006104
-0.96190097,0.00006104
-0.96158097,0.01788385
-0.96126097,0.00006104
-0.96094097,0.00006104
-0.96062097,0.00006104
-0.96030097,0.00006104
-0.95998097,0.00006104
-0.95966097,0.00006104
-0.95934097,-0.01770074
-0.95902097,0.00006104
-0.95870097,0.00006104
-0.95838097,-0.01770074
-0.95806097,0.00006104
-0.95774097,0.00006104
-0.95742097,0.00006104
-0.95710097,0.01788385
-0.95678097,0.01788385
-0.95646097,0.00006104
-0.95614097,0.00006104
-0.95582097,0.00006104
-0.95550097,0.00006104
-0.95518097,0.00006104
-0.95486097,0.00006104
-0.95454097,0.00006104
-0.95422097,0.00006104
-0.95390097,0.00006104
-0.95358097,0.00006104
-0.95326097,0.00006104
-0.95294097,0.00006104
-0.95262097,0.00006104
-0.95230097,0.00006104
-0.95198097,0.00006104
-0.95166097,-0.01770074
-0.95134097,0.00006104
-0.95102097,0.00006104
-0.95070097,0.00006104
-0.95038097,0.00006104
-0.95006097,0.00006104
-0.94974097,0.00006104
-0.94942097,0.00006104
-0.94910097,0.00006104
-0.94878097,0.00006104
-0.94846097,0.00006104
-0.94814097,0.00006104
-0.94782097,0.01788385
-0.94750097,0.00006104
-0.94718097,0.00006104
-0.94686097,0.00006104
-0.94654097,0.00006104
-0.94622097,0.00006104
-0.94590097,0.00006104
-0.94558097,0.00006104
-0.94526097,-0.01770074
-0.94494097,0.00006104
-0.94462097,0.00006104
-0.94430097,0.00006104
-0.94398097,0.00006104
-0.94366097,0.00006104
-0.94334097,0.00006104
-0.94302097,0.00006104
-0.94270097,0.00006104
-0.94238097,0.00006104
-0.94206097,0.00006104
-0.94174097,0.00006104
-0.94142097,0.00006104
-0.94110097,0.00006104
-0.94078097,0.00006104
-0.94046097,0.00006104
-0.94014097,0.00006104
-0.93982097,0.00006104
-0.93950097,0.00006104
-0.93918097,0.00006104
-0.93886097,0.00006104
-0.93854097,0.00006104
-0.93822097,0.00006104
-0.93790097,0.00006104
-0.93758097,0.00006104
-0.93726097,0.00006104
-0.93694097,0.00006104
-0.93662097,0.00006104
-0.93630097,0.00006104
-0.93598097,0.00006104
-0.93566097,0.00006104
-0.93534097,0.00006104
-0.93502097,0.00006104
-0.93470097,0.00006104
-0.93438097,0.00006104
-0.93406097,0.00006104
-0.93374097,0.00006104
-0.93342097,0.00006104
-0.93310097,0.00006104
-0.93278097,0.00006104
-0.93246097,0.00006104
-0.93214097,0.00006104
-0.93182097,0.00006104
-0.93150097,0.00006104
-0.93118097,0.00006104
-0.93086097,0.00006104
-0.93054097,0.00006104
-0.93022097,0.00006104
-0.92990097,0.00006104
-0.92958097,0.00006104
-0.92926097,0.00006104
-0.92894097,-0.01770074
-0.92862097,0.00006104
-0.92830097,0.00006104
-0.92798097,0.00006104
-0.92766097,0.00006104
-0.92734097,0.00006104
-0.92702097,0.00006104
-0.92670097,0.00006104
-0.92638097,0.00006104
-0.92606097,0.00006104
-0.92574097,0.00006104
-0.92542097,0.00006104
-0.92510097,0.00006104
-0.92478097,0.00006104
-0.92446097,0.00006104
-0.92414097,0.00006104
-0.92382097,0.00006104
-0.92350097,0.00006104
-0.92318097,0.00006104
-0.92286097,0.00006104
-0.92254097,0.00006104
-0.92222097,0.00006104
-0.92190097,0.00006104
-0.92158097,0.00006104
-0.92126097,0.00006104
-0.92094097,0.00006104
-0.92062097,0.00006104
-0.92030097,0.00006104
-0.91998097,0.00006104
-0.91966097,0.00006104
-0.91934097,0.00006104
-0.91902097,0.00006104
-0.91870097,0.00006104
-0.91838097,0.00006104
-0.91806097,0.00006104
-0.91774097,0.00006104
-0.91742097,0.00006104
-0.91710097,0.00006104
-0.91678097,0.00006104
-0.91646097,0.00006104
-0.91614097,0.00006104
-0.91582097,0.00006104
-0.91550097,-0.01770074
-0.91518097,0.00006104
-0.91486097,0.00006104
-0.91454097,0.00006104
-0.91422097,0.00006104
-0.91390097,0.00006104
-0.91358097,0.00006104
-0.91326097,0.00006104
-0.91294097,0.00006104
-0.91262097,0.00006104
-0.91230097,0.00006104
-0.91198097,0.00006104
-0.91166097,0.00006104
-0.91134097,0.00006104
-0.91102097,-0.01770074
-0.91070097,0.00006104
-0.91038097,0.00006104
-0.91006097,0.00006104
-0.90974097,0.00006104
-0.90942097,0.00006104
-0.90910097,0.00006104
-0.90878097,0.00006104
-0.90846097,0.00006104
-0.90814097,0.00006104
-0.90782097,0.00006104
-0.90750097,0.00006104
-0.90718097,0.00006104
-0.90686097,0.00006104
-0.90654097,0.00006104
-0.90622097,0.00006104
-0.90590097,-0.01770074
-0.90558097,0.00006104
-0.90526097,0.00006104
-0.90494097,0.00006104
-0.90462097,0.00006104
-0.90430097,0.00006104
-0.90398097,-0.01770074
-0.90366097,0.00006104
-0.90334097,0.00006104
-0.90302097,0.00006104
-0.90270097,0.00006104
-0.90238097,0.00006104
-0.90206097,0.00006104
-0.90174097,0.00006104
-0.90142097,0.00006104
-0.90110097,0.00006104
-0.90078097,0.00006104
-0.90046097,0.00006104
-0.90014097,0.00006104
-0.89982097,0.00006104
-0.89950097,0.00006104
-0.89918097,0.00006104
-0.89886097,0.00006104
-0.89854097,0.00006104
-0.89822097,0.00006104
-0.89790097,-0.01770074
-0.89758097,-0.01770074
-0.89726097,0.00006104
-0.89694097,0.00006104
-0.89662097,0.00006104
-0.89630097,0.00006104
-0.89598097,0.00006104
-0.89566097,0.00006104
-0.89534097,0.00006104
-0.89502097,0.00006104
-0.89470097,0.00006104
-0.89438097,0.00006104
-0.89406097,0.00006104
-0.89374097,0.00006104
-0.89342097,0.00006104
-0.89310097,0.00006104
-0.89278097,0.00006104
-0.89246097,0.00006104
-0.89214097,0.00006104
-0.89182097,0.00006104
-0.89150097,0.00006104
-0.89118097,0.00006104
-0.89086097,0.00006104
-0.89054097,0.00006104
-0.89022097,0.00006104
-0.88990097,0.00006104
-0.88958097,0.00006104
-0.88926097,0.00006104
-0.88894097,-0.01770074
-0.88862097,0.00006104
-0.88830097,0.00006104
-0.88798097,0.00006104
-0.88766097,0.00006104
-0.88734097,0.00006104
-0.88702097,0.00006104
-0.88670097,0.00006104
-0.88638097,0.00006104
-0.88606097,0.00006104
-0.88574097,0.00006104
-0.88542097,0.00006104
-0.88510097,0.00006104
-0.88478097,0.00006104
-0.88446097,0.00006104
-0.88414097,0.00006104
-0.88382097,0.00006104
-0.88350097,0.00006104
-0.88318097,0.00006104
-0.88286097,0.00006104
-0.88254097,0.00006104
-0.88222097,0.00006104
-0.88190097,0.00006104
-0.88158097,0.00006104
-0.88126097,0.00006104
-0.88094097,0.00006104
-0.88062097,0.00006104
-0.88030097,0.00006104
-0.87998097,0.00006104
-0.87966097,0.00006104
-0.87934097,0.00006104
-0.87902097,0.00006104
-0.87870097,0.00006104
-0.87838097,0.00006104
-0.87806097,0.00006104
-0.87774097,0.00006104
-0.87742097,0.00006104
-0.87710097,0.00006104
-0.87678097,0.00006104
-0.87646097,0.00006104
-0.87614097,0.00006104
-0.87582097,0.00006104
-0.87550097,0.00006104
-0.87518097,0.00006104
-0.87486097,0.00006104
-0.87454097,0.00006104
-0.87422097,0.00006104
-0.87390097,0.00006104
-0.87358097,0.00006104
-0.87326097,0.00006104
-0.87294097,0.00006104
-0.87262097,-0.01770074
-0.87230097,0.00006104
-0.87198097,0.00006104
-0.87166097,0.00006104
-0.87134097,0.00006104
-0.87102097,0.00006104
-0.87070097,0.00006104
-0.87038097,0.00006104
-0.87006097,0.00006104
-0.86974097,0.00006104
-0.86942097,0.00006104
-0.86910097,0.00006104
-0.86878097,0.00006104
-0.86846097,0.00006104
-0.86814097,0.00006104
-0.86782097,0.00006104
-0.86750097,0.00006104
-0.86718097,0.00006104
-0.86686097,0.00006104
-0.86654097,0.00006104
-0.86622097,0.00006104
-0.86590097,0.00006104
-0.86558097,0.00006104
-0.86526097,0.00006104
-0.86494097,0.00006104
-0.86462097,-0.01770074
-0.86430097,-0.01770074
-0.86398097,0.00006104
-0.86366097,0.00006104
-0.86334097,0.00006104
-0.86302097,0.00006104
-0.86270097,0.00006104
-0.86238097,0.00006104
-0.86206097,0.00006104
-0.86174097,0.00006104
-0.86142097,0.00006104
-0.86110097,0.00006104
-0.86078097,0.00006104
-0.86046097,0.00006104
-0.86014097,0.00006104
-0.85982097,0.00006104
-0.85950097,0.00006104
-0.85918097,-0.01770074
-0.85886097,0.00006104
-0.85854097,0.00006104
-0.85822097,0.00006104
-0.85790097,0.00006104
-0.85758097,0.00006104
-0.85726097,0.00006104
-0.85694097,0.00006104
-0.85662097,0.00006104
-0.85630097,0.00006104
-0.85598097,0.00006104
-0.85566097,0.00006104
-0.85534097,0.00006104
-0.85502097,0.00006104
-0.85470097,-0.01770074
-0.85438097,0.00006104
-0.85406097,0.00006104
-0.85374097,0.00006104
-0.85342097,0.00006104
-0.85310097,0.00006104
-0.85278097,0.00006104
-0.85246097,0.00006104
-0.85214097,0.00006104
-0.85182097,0.00006104
-0.85150097,0.00006104
-0.85118097,0.00006104
-0.85086097,0.00006104
-0.85054097,0.00006104
-0.85022097,0.00006104
-0.84990097,0.00006104
-0.84958097,0.00006104
-0.84926097,0.00006104
-0.84894097,0.00006104
-0.84862097,0.00006104
-0.84830097,0.00006104
-0.84798097,0.00006104
-0.84766097,0.00006104
-0.84734097,0.00006104
-0.84702097,0.00006104
-0.84670097,0.00006104
-0.84638097,0.00006104
-0.84606097,0.00006104
-0.84574097,0.00006104
-0.84542097,0.00006104
-0.84510097,-0.01770074
-0.84478097,0.00006104
-0.84446097,0.00006104
-0.84414097,0.00006104
-0.84382097,0.00006104
-0.84350097,0.00006104
-0.84318097,0.00006104
-0.84286097,0.00006104
-0.84254097,0.00006104
-0.84222097,0.00006104
-0.84190097,0.00006104
-0.84158097,0.00006104
-0.84126097,0.00006104
-0.84094097,0.00006104
-0.84062097,0.00006104
-0.84030097,0.00006104
-0.83998097,0.00006104
-0.83966097,0.00006104
-0.83934097,0.00006104
-0.83902097,0.00006104
-0.83870097,0.00006104
-0.83838097,0.00006104
-0.83806097,0.00006104
-0.83774097,0.00006104
-0.83742097,0.00006104
-0.83710097,0.00006104
-0.83678097,0.00006104
-0.83646097,0.00006104
-0.83614097,0.00006104
-0.83582097,0.00006104
-0.83550097,0.00006104
-0.83518097,0.00006104
-0.83486097,-0.01770074
-0.83454097,0.00006104
-0.83422097,0.00006104
-0.83390097,0.00006104
-0.83358097,0.00006104
-0.83326097,0.00006104
-0.83294097,0.00006104
-0.83262097,0.00006104
-0.83230097,-0.01770074
-0.83198097,0.00006104
-0.83166097,0.00006104
-0.83134097,0.00006104
-0.83102097,0.00006104
-0.83070097,0.00006104
-0.83038097,0.00006104
-0.83006097,0.00006104
-0.82974097,0.00006104
-0.82942097,0.00006104
-0.82910097,0.00006104
-0.82878097,0.00006104
-0.82846097,0.00006104
-0.82814097,0.00006104
-0.82782097,0.00006104
-0.82750097,0.00006104
-0.82718097,0.00006104
-0.82686097,0.00006104
-0.82654097,0.00006104
-0.82622097,0.00006104
-0.82590097,0.00006104
-0.82558097,0.00006104
-0.82526097,0.00006104
-0.82494097,0.00006104
-0.82462097,0.00006104
-0.82430097,0.00006104
-0.82398097,0.00006104
-0.82366097,0.00006104
-0.82334097,0.00006104
-0.82302097,0.00006104
-0.82270097,0.00006104
-0.82238097,0.00006104
-0.82206097,0.00006104
-0.82174097,0.00006104
-0.82142097,0.00006104
-0.82110097,0.00006104
-0.82078097,0.00006104
-0.82046097,0.00006104
-0.82014097,0.00006104
-0.81982097,0.00006104
-0.81950097,0.00006104
-0.81918097,0.00006104
-0.81886097,0.00006104
-0.81854097,0.00006104
-0.81822097,0.00006104
-0.81790097,0.00006104
-0.81758097,0.00006104
-0.81726097,0.00006104
-0.81694097,0.00006104
-0.81662097,0.00006104
-0.81630097,0.00006104
-0.81598097,0.00006104
-0.81566097,0.00006104
-0.81534097,0.00006104
-0.81502097,0.00006104
-0.81470097,0.00006104
-0.81438097,0.00006104
-0.81406097,0.00006104
-0.81374097,0.00006104
-0.81342097,0.00006104
-0.81310097,-0.01770074
-0.81278097,0.00006104
-0.81246097,0.00006104
-0.81214097,0.00006104
-0.81182097,0.00006104
-0.81150097,0.00006104
-0.81118097,0.00006104
-0.81086097,0.00006104
-0.81054097,0.00006104
-0.81022097,0.00006104
-0.80990097,0.00006104
-0.80958097,0.00006104
-0.80926097,0.00006104
-0.80894097,0.00006104
-0.80862097,0.00006104
-0.80830097,0.00006104
-0.80798097,0.00006104
-0.80766097,0.00006104
-0.80734097,0.00006104
-0.80702097,0.00006104
-0.80670097,0.00006104
-0.80638097,0.00006104
-0.80606097,0.00006104
-0.80574097,0.00006104
-0.80542097,0.00006104
-0.80510097,0.00006104
-0.80478097,0.00006104
-0.80446097,0.00006104
-0.80414097,0.00006104
-0.80382097,0.00006104
-0.80350097,0.00006104
-0.80318097,0.00006104
-0.80286097,0.00006104
-0.80254097,0.00006104
-0.80222097,0.00006104
-0.80190097,0.00006104
-0.80158097,0.00006104
-0.80126097,0.00006104
-0.80094097,0.00006104
-0.80062097,0.00006104
-0.80030097,0.00006104
-0.79998097,0.00006104
-0.79966097,0.00006104
-0.79934097,0.00006104
-0.79902097,0.00006104
-0.79870097,0.00006104
-0.79838097,0.00006104
-0.79806097,0.00006104
-0.79774097,0.00006104
-0.79742097,0.00006104
-0.79710097,0.00006104
-0.79678097,0.00006104
-0.79646097,0.00006104
-0.79614097,0.00006104
-0.79582097,0.00006104
-0.79550097,0.00006104
-0.79518097,0.00006104
-0.79486097,0.00006104
-0.79454097,0.00006104
-0.79422097,0.00006104
-0.79390097,0.00006104
-0.79358097,0.00006104
-0.79326097,0.00006104
-0.79294097,0.00006104
-0.79262097,0.00006104
-0.79230097,0.00006104
-0.79198097,0.00006104
-0.79166097,0.00006104
-0.79134097,0.00006104
-0.79102097,0.00006104
-0.79070097,0.00006104
-0.79038097,0.00006104
-0.79006097,0.00006104
-0.78974097,0.00006104
-0.78942097,0.00006104
-0.78910097,-0.01770074
-0.78878097,0.00006104
-0.78846097,0.00006104
-0.78814097,0.00006104
-0.78782097,0.00006104
-0.78750097,0.00006104
-0.78718097,0.00006104
-0.78686097,0.00006104
-0.78654097,0.00006104
-0.78622097,0.00006104
-0.78590097,0.00006104
-0.78558097,0.00006104
-0.78526097,0.00006104
-0.78494097,-0.01770074
-0.78462097,0.00006104
-0.78430097,0.00006104
-0.78398097,0.00006104
-0.78366097,-0.01770074
-0.78334097,0.00006104
-0.78302097,0.00006104
-0.78270097,0.00006104
-0.78238097,0.00006104
-0.78206097,0.00006104
-0.78174097,0.00006104
-0.78142097,-0.01770074
-0.78110097,0.00006104
-0.78078097,0.00006104
-0.78046097,0.00006104
-0.78014097,0.00006104
-0.77982097,0.00006104
-0.77950097,0.00006104
-0.77918097,0.00006104
-0.77886097,0.00006104
-0.77854097,0.00006104
-0.77822097,0.00006104
-0.77790097,0.00006104
-0.77758097,-0.01770074
-0.77726097,0.00006104
-0.77694097,0.00006104
-0.77662097,0.00006104
-0.77630097,0.00006104
-0.77598097,0.00006104
-0.77566097,0.00006104
-0.77534097,0.00006104
-0.77502097,0.00006104
-0.77470097,0.00006104
-0.77438097,0.00006104
-0.77406097,0.00006104
-0.77374097,0.00006104
-0.77342097,0.00006104
-0.77310097,0.00006104
-0.77278097,0.00006104
-0.77246097,0.00006104
-0.77214097,0.00006104
-0.77182097,0.00006104
-0.77150097,0.00006104
-0.77118097,0.00006104
-0.77086097,0.00006104
-0.77054097,0.00006104
-0.77022097,0.00006104
-0.76990097,0.00006104
-0.76958097,0.00006104
-0.76926097,0.00006104
-0.76894097,0.00006104
-0.76862097,0.00006104
-0.76830097,0.00006104
-0.76798097,0.00006104
-0.76766097,0.00006104
-0.76734097,-0.01770074
-0.76702097,0.00006104
-0.76670097,0.00006104
-0.76638097,0.00006104
-0.76606097,0.00006104
-0.76574097,0.00006104
-0.76542097,0.00006104
-0.76510097,0.00006104
-0.76478097,0.00006104
-0.76446097,0.00006104
-0.76414097,0.00006104
-0.76382097,0.00006104
-0.76350097,0.00006104
-0.76318097,0.00006104
-0.76286097,-0.01770074
-0.76254097,0.00006104
-0.76222097,0.00006104
-0.76190097,0.00006104
-0.76158097,0.00006104
-0.76126097,0.00006104
-0.76094097,0.00006104
-0.76062097,0.00006104
-0.76030097,0.00006104
-0.75998097,0.00006104
-0.75966097,0.00006104
-0.75934097,0.00006104
-0.75902097,0.00006104
-0.75870097,0.00006104
-0.75838097,0.00006104
-0.75806097,0.00006104
-0.75774097,0.00006104
-0.75742097,0.00006104
-0.75710097,0.00006104
-0.75678097,0.00006104
-0.75646097,0.00006104
-0.75614097,0.00006104
-0.75582097,0.00006104
-0.75550097,0.00006104
-0.75518097,0.00006104
-0.75486097,0.00006104
-0.75454097,0.00006104
-0.75422097,0.00006104
-0.75390097,0.00006104
-0.75358097,0.00006104
-0.75326097,0.00006104
-0.75294097,0.00006104
-0.75262097,0.00006104
-0.75230097,0.00006104
-0.75198097,0.00006104
-0.75166097,0.00006104
-0.75134097,0.00006104
-0.75102097,0.00006104
-0.75070097,0.00006104
-0.75038097,0.00006104
-0.75006097,-0.01770074
-0.74974097,0.00006104
-0.74942097,0.00006104
-0.74910097,0.00006104
-0.74878097,0.00006104
-0.74846097,0.00006104
-0.74814097,0.00006104
-0.74782097,0.00006104
-0.74750097,0.00006104
-0.74718097,0.00006104
-0.74686097,0.00006104
-0.74654097,0.00006104
-0.74622097,0.00006104
-0.74590097,0.00006104
-0.74558097,0.00006104
-0.74526097,0.00006104
-0.74494097,0.00006104
-0.74462097,0.00006104
-0.74430097,0.00006104
-0.74398097,0.00006104
-0.74366097,0.00006104
-0.74334097,-0.01770074
-0.74302097,0.00006104
-0.74270097,0.00006104
-0.74238097,0.00006104
-0.74206097,0.00006104
-0.74174097,-0.01770074
-0.74142097,0.00006104
-0.74110097,0.00006104
-0.74078097,0.00006104
-0.74046097,0.00006104
-0.74014097,0.00006104
-0.73982097,0.00006104
-0.73950097,0.00006104
-0.73918097,0.00006104
-0.73886097,0.00006104
-0.73854097,0.00006104
-0.73822097,0.00006104
-0.73790097,0.00006104
-0.73758097,0.00006104
-0.73726097,0.00006104
-0.73694097,0.00006104
-0.73662097,0.00006104
-0.73630097,0.00006104
-0.73598097,0.00006104
-0.73566097,0.00006104
-0.73534097,0.00006104
-0.73502097,-0.01770074
-0.73470097,0.00006104
-0.73438097,-0.01770074
-0.73406097,0.00006104
-0.73374097,-0.01770074
-0.73342097,0.00006104
-0.73310097,0.00006104
-0.73278097,0.00006104
-0.73246097,0.00006104
-0.73214097,0.00006104
-0.73182097,0.00006104
-0.73150097,0.00006104
-0.73118097,0.00006104
-0.73086097,0.00006104
-0.73054097,0.00006104
-0.73022097,0.00006104
-0.72990097,0.00006104
-0.72958097,0.00006104
-0.72926097,0.00006104
-0.72894097,0.00006104
-0.72862097,0.00006104
-0.72830097,0.00006104
-0.72798097,0.00006104
-0.72766097,0.00006104
-0.72734097,0.00006104
-0.72702097,0.00006104
-0.72670097,0.00006104
-0.72638097,-0.01770074
-0.72606097,0.00006104
-0.72574097,0.00006104
-0.72542097,0.00006104
-0.72510097,0.00006104
-0.72478097,0.00006104
-0.72446097,0.00006104
-0.72414097,0.00006104
-0.72382097,0.00006104
-0.72350097,0.00006104
-0.72318097,0.00006104
-0.72286097,0.00006104
-0.72254097,0.00006104
-0.72222097,0.00006104
-0.72190097,0.00006104
-0.72158097,0.00006104
-0.72126097,0.00006104
-0.72094097,0.00006104
-0.72062097,0.00006104
-0.72030097,0.00006104
-0.71998097,-0.01770074
-0.71966097,0.00006104
-0.71934097,-0.01770074
-0.71902097,-0.01770074
-0.71870097,0.00006104
-0.71838097,0.00006104
-0.71806097,0.00006104
-0.71774097,0.00006104
-0.71742097,0.00006104
-0.71710097,0.00006104
-0.71678097,-0.01770074
-0.71646097,0.00006104
-0.71614097,0.00006104
-0.71582097,0.00006104
-0.71550097,0.00006104
-0.71518097,0.00006104
-0.71486097,0.00006104
-0.71454097,0.00006104
-0.71422097,0.00006104
-0.71390097,0.00006104
-0.71358097,0.00006104
-0.71326097,0.00006104
-0.71294097,0.00006104
-0.71262097,0.00006104
-0.71230097,0.00006104
-0.71198097,0.00006104
-0.71166097,-0.01770074
-0.71134097,0.00006104
-0.71102097,-0.01770074
-0.71070097,0.00006104
-0.71038097,0.00006104
-0.71006097,0.00006104
-0.70974097,0.00006104
-0.70942097,0.00006104
-0.70910097,0.00006104
-0.70878097,0.00006104
-0.70846097,0.00006104
-0.70814097,0.00006104
-0.70782097,0.00006104
-0.70750097,0.00006104
-0.70718097,0.00006104
-0.70686097,0.00006104
-0.70654097,0.00006104
-0.70622097,0.00006104
-0.70590097,0.00006104
-0.70558097,0.00006104
-0.70526097,0.00006104
-0.70494097,0.00006104
-0.70462097,0.00006104
-0.70430097,0.00006104
-0.70398097,0.00006104
-0.70366097,0.00006104
-0.70334097,-0.01770074
-0.70302097,-0.01770074
-0.70270097,0.00006104
-0.70238097,0.00006104
-0.70206097,0.00006104
-0.70174097,0.00006104
-0.70142097,0.00006104
-0.70110097,0.00006104
-0.70078097,-0.01770074
-0.70046097,0.00006104
-0.70014097,0.00006104
-0.69982097,0.00006104
-0.69950097,0.00006104
-0.69918097,0.00006104
-0.69886097,0.00006104
-0.69854097,0.00006104
-0.69822097,0.00006104
-0.69790097,0.00006104
-0.69758097,0.00006104
-0.69726097,0.00006104
-0.69694097,0.00006104
-0.69662097,0.00006104
-0.69630097,0.00006104
-0.69598097,0.00006104
-0.69566097,0.00006104
-0.69534097,0.00006104
-0.69502097,0.00006104
-0.69470097,0.00006104
-0.69438097,0.00006104
-0.69406097,0.00006104
-0.69374097,0.00006104
-0.69342097,0.00006104
-0.69310097,0.00006104
-0.69278097,0.00006104
-0.69246097,0.00006104
-0.69214097,0.00006104
-0.69182097,0.00006104
-0.69150097,0.00006104
-0.69118097,0.00006104
-0.69086097,0.00006104
-0.69054097,0.00006104
-0.69022097,0.00006104
-0.68990097,0.00006104
-0.68958097,0.00006104
-0.68926097,0.00006104
-0.68894097,0.00006104
-0.68862097,0.00006104
-0.68830097,0.00006104
-0.68798097,0.00006104
-0.68766097,0.00006104
-0.68734097,0.00006104
-0.68702097,0.00006104
-0.68670097,0.00006104
-0.68638097,0.00006104
-0.68606097,0.00006104
-0.68574097,0.00006104
-0.68542097,0.00006104
-0.68510097,0.00006104
-0.68478097,0.00006104
-0.68446097,0.00006104
-0.68414097,0.00006104
-0.68382097,0.00006104
-0.68350097,0.00006104
-0.68318097,0.00006104
-0.68286097,0.00006104
-0.68254097,0.00006104
-0.68222097,0.00006104
-0.68190097,0.00006104
-0.68158097,0.00006104
-0.68126097,0.00006104
-0.68094097,0.00006104
-0.68062097,0.00006104
-0.68030097,0.00006104
-0.67998097,0.00006104
-0.67966097,0.00006104
-0.67934097,0.00006104
-0.67902097,0.00006104
-0.67870097,0.00006104
-0.67838097,0.00006104
-0.67806097,0.00006104
-0.67774097,0.00006104
-0.67742097,0.00006104
-0.67710097,0.00006104
-0.67678097,0.00006104
-0.67646097,0.00006104
-0.67614097,0.00006104
-0.67582097,0.00006104
-0.67550097,0.00006104
-0.67518097,0.00006104
-0.67486097,0.00006104
-0.67454097,0.00006104
-0.67422097,0.00006104
-0.67390097,0.00006104
-0.67358097,0.00006104
-0.67326097,0.00006104
-0.67294097,0.00006104
-0.67262097,0.00006104
-0.67230097,0.00006104
-0.67198097,0.00006104
-0.67166097,0.00006104
-0.67134097,0.00006104
-0.67102097,0.00006104
-0.67070097,0.00006104
-0.67038097,0.00006104
-0.67006097,0.00006104
-0.66974097,0.00006104
-0.66942097,0.00006104
-0.66910097,-0.01770074
-0.66878097,0.00006104
-0.66846097,0.00006104
-0.66814097,0.00006104
-0.66782097,0.00006104
-0.66750097,0.00006104
-0.66718097,0.00006104
-0.66686097,0.00006104
-0.66654097,0.00006104
-0.66622097,0.00006104
-0.66590097,0.00006104
-0.66558097,0.00006104
-0.66526097,0.00006104
-0.66494097,0.00006104
-0.66462097,0.00006104
-0.66430097,0.00006104
-0.66398097,0.00006104
-0.66366097,0.00006104
-0.66334097,0.00006104
-0.66302097,0.00006104
-0.66270097,0.00006104
-0.66238097,0.00006104
-0.66206097,0.00006104
-0.66174097,0.00006104
-0.66142097,-0.01770074
-0.66110097,0.00006104
-0.66078097,0.00006104
-0.66046097,0.00006104
-0.66014097,0.00006104
-0.65982097,0.00006104
-0.65950097,0.00006104
-0.65918097,0.00006104
-0.65886097,0.00006104
-0.65854097,0.00006104
-0.65822097,0.00006104
-0.65790097,0.00006104
-0.65758097,0.00006104
-0.65726097,0.00006104
-0.65694097,0.00006104
-0.65662097,0.00006104
-0.65630097,0.00006104
-0.65598097,0.00006104
-0.65566097,0.00006104
-0.65534097,0.00006104
-0.65502097,0.00006104
-0.65470097,0.00006104
-0.65438097,-0.01770074
-0.65406097,0.00006104
-0.65374097,-0.01770074
-0.65342097,0.00006104
-0.65310097,0.00006104
-0.65278097,0.00006104
-0.65246097,0.00006104
-0.65214097,0.00006104
-0.65182097,0.00006104
-0.65150097,0.00006104
-0.65118097,0.00006104
-0.65086097,0.00006104
-0.65054097,0.00006104
-0.65022097,0.00006104
-0.64990097,0.00006104
-0.64958097,0.00006104
-0.64926097,0.00006104
-0.64894097,0.00006104
-0.64862097,0.00006104
-0.64830097,0.00006104
-0.64798097,0.00006104
-0.64766097,0.00006104
-0.64734097,0.00006104
-0.64702097,0.00006104
-0.64670097,-0.01770074
-0.64638097,0.00006104
-0.64606097,0.00006104
-0.64574097,0.00006104
-0.64542097,0.00006104
-0.64510097,0.00006104
-0.64478097,0.00006104
-0.64446097,0.00006104
-0.64414097,0.00006104
-0.64382097,0.00006104
-0.64350097,0.00006104
-0.64318097,0.00006104
-0.64286097,0.00006104
-0.64254097,0.00006104
-0.64222097,0.00006104
-0.64190097,0.00006104
-0.64158097,0.00006104
-0.64126097,0.00006104
-0.64094097,0.00006104
-0.64062097,0.00006104
-0.64030097,0.00006104
-0.63998097,0.00006104
-0.63966097,0.00006104
-0.63934097,0.00006104
-0.63902097,0.00006104
-0.63870097,0.00006104
-0.63838097,0.00006104
-0.63806097,0.00006104
-0.63774097,0.00006104
-0.63742097,0.00006104
-0.63710097,-0.01770074
-0.63678097,0.00006104
-0.63646097,0.00006104
-0.63614097,0.00006104
-0.63582097,0.00006104
-0.63550097,0.00006104
-0.63518097,0.00006104
-0.63486097,0.00006104
-0.63454097,0.00006104
-0.63422097,0.00006104
-0.63390097,0.00006104
-0.63358097,0.00006104
-0.63326097,0.00006104
-0.63294097,0.00006104
-0.63262097,0.00006104
-0.63230097,0.00006104
-0.63198097,0.00006104
-0.63166097,0.00006104
-0.63134097,0.00006104
-0.63102097,0.00006104
-0.63070097,0.00006104
-0.63038097,0.00006104
-0.63006097,0.00006104
-0.62974097,0.00006104
-0.62942097,0.00006104
-0.62910097,0.00006104
-0.62878097,-0.01770074
-0.62846097,0.00006104
-0.62814097,0.00006104
-0.62782097,0.00006104
-0.62750097,0.00006104
-0.62718097,0.00006104
-0.62686097,0.00006104
-0.62654097,0.00006104
-0.62622097,0.00006104
-0.62590097,0.00006104
-0.62558097,0.00006104
-0.62526097,0.00006104
-0.62494097,0.00006104
-0.62462097,0.00006104
-0.62430097,0.00006104
-0.62398097,0.00006104
-0.62366097,0.00006104
-0.62334097,0.00006104
-0.62302097,0.00006104
-0.62270097,0.00006104
-0.62238097,0.00006104
-0.62206097,0.00006104
-0.62174097,0.00006104
-0.62142097,0.00006104
-0.62110097,0.00006104
-0.62078097,0.00006104
-0.62046097,0.00006104
-0.62014097,0.00006104
-0.61982097,0.00006104
-0.61950097,0.00006104
-0.61918097,0.00006104
-0.61886097,0.00006104
-0.61854097,0.00006104
-0.61822097,0.00006104
-0.61790097,0.00006104
-0.61758097,0.00006104
-0.61726097,0.00006104
-0.61694097,0.00006104
-0.61662097,0.00006104
-0.61630097,0.00006104
-0.61598097,0.00006104
-0.61566097,0.00006104
-0.61534097,0.00006104
-0.61502097,0.00006104
-0.61470097,0.00006104
-0.61438097,0.00006104
-0.61406097,0.00006104
-0.61374097,0.00006104
-0.61342097,0.00006104
-0.61310097,-0.01770074
-0.61278097,0.00006104
-0.61246097,0.00006104
-0.61214097,0.00006104
-0.61182097,0.00006104
-0.61150097,0.00006104
-0.61118097,0.00006104
-0.61086097,0.00006104
-0.61054097,0.00006104
-0.61022097,0.00006104
-0.60990097,0.00006104
-0.60958097,0.00006104
-0.60926097,0.00006104
-0.60894097,0.00006104
-0.60862097,-0.01770074
-0.60830097,0.00006104
-0.60798097,0.00006104
-0.60766097,0.00006104
-0.60734097,0.00006104
-0.60702097,0.00006104
-0.60670097,0.00006104
-0.60638097,0.00006104
-0.60606097,0.00006104
-0.60574097,0.00006104
-0.60542097,0.00006104
-0.60510097,0.00006104
-0.60478097,0.00006104
-0.60446097,-0.01770074
-0.60414097,0.00006104
-0.60382097,0.00006104
-0.60350097,0.00006104
-0.60318097,0.00006104
-0.60286097,0.00006104
-0.60254097,0.00006104
-0.60222097,0.00006104
-0.60190097,0.00006104
-0.60158097,0.00006104
-0.60126097,0.00006104
-0.60094097,0.00006104
-0.60062097,0.00006104
-0.60030097,0.00006104
-0.59998097,0.00006104
-0.59966097,0.00006104
-0.59934097,0.00006104
-0.59902097,0.00006104
-0.59870097,0.00006104
-0.59838097,0.00006104
-0.59806097,0.00006104
-0.59774097,0.00006104
-0.59742097,0.00006104
-0.59710097,0.00006104
-0.59678097,0.00006104
-0.59646097,0.00006104
-0.59614097,0.00006104
-0.59582097,0.00006104
-0.59550097,0.00006104
-0.59518097,0.00006104
-0.59486097,0.00006104
-0.59454097,0.00006104
-0.59422097,0.00006104
-0.59390097,0.00006104
-0.59358097,0.00006104
-0.59326097,0.00006104
-0.59294097,0.00006104
-0.59262097,0.00006104
-0.59230097,0.00006104
-0.59198097,0.00006104
-0.59166097,0.00006104
-0.59134097,0.00006104
-0.59102097,0.00006104
-0.59070097,0.00006104
-0.59038097,0.00006104
-0.59006097,0.00006104
-0.58974097,0.00006104
-0.58942097,-0.01770074
-0.58910097,0.00006104
-0.58878097,0.00006104
-0.58846097,0.00006104
-0.58814097,0.00006104
-0.58782097,0.00006104
-0.58750097,0.00006104
-0.58718097,0.00006104
-0.58686097,0.00006104
-0.58654097,0.00006104
-0.58622097,0.00006104
-0.58590097,0.00006104
-0.58558097,0.00006104
-0.58526097,0.00006104
-0.58494097,0.00006104
-0.58462097,0.00006104
-0.58430097,0.00006104
-0.58398097,0.00006104
-0.58366097,0.00006104
-0.58334097,0.00006104
-0.58302097,0.00006104
-0.58270097,0.00006104
-0.58238097,0.00006104
-0.58206097,0.00006104
-0.58174097,0.00006104
-0.58142097,0.00006104
-0.58110097,0.00006104
-0.58078097,0.00006104
-0.58046097,0.00006104
-0.58014097,0.00006104
-0.57982097,0.00006104
-0.57950097,0.00006104
-0.57918097,0.00006104
-0.57886097,0.00006104
-0.57854097,0.00006104
-0.57822097,0.00006104
-0.57790097,0.00006104
-0.57758097,0.00006104
-0.57726097,0.00006104
-0.57694097,0.00006104
-0.57662097,0.00006104
-0.57630097,0.00006104
-0.57598097,-0.01770074
-0.57566097,-0.01770074
-0.57534097,0.00006104
-0.57502097,0.00006104
-0.57470097,0.00006104
-0.57438097,0.00006104
-0.57406097,0.00006104
-0.57374097,0.00006104
-0.57342097,0.00006104
-0.57310097,0.00006104
-0.57278097,0.00006104
-0.57246097,0.00006104
-0.57214097,0.00006104
-0.57182097,0.00006104
-0.57150097,0.00006104
-0.57118097,0.00006104
-0.57086097,0.00006104
-0.57054097,0.00006104
-0.57022097,0.00006104
-0.56990097,0.00006104
-0.56958097,0.00006104
-0.56926097,-0.01770074
-0.56894097,0.00006104
-0.56862097,0.00006104
-0.56830097,0.00006104
-0.56798097,0.00006104
-0.56766097,0.00006104
-0.56734097,0.00006104
-0.56702097,0.00006104
-0.56670097,0.00006104
-0.56638097,-0.01770074
-0.56606097,0.00006104
-0.56574097,0.00006104
-0.56542097,0.00006104
-0.56510097,0.00006104
-0.56478097,0.00006104
-0.56446097,0.00006104
-0.56414097,0.00006104
-0.56382097,0.00006104
-0.56350097,-0.01770074
-0.56318097,-0.01770074
-0.56286097,0.00006104
-0.56254097,0.00006104
-0.56222097,-0.01770074
-0.56190097,0.00006104
-0.56158097,0.00006104
-0.56126097,0.00006104
-0.56094097,-0.01770074
-0.56062097,0.00006104
-0.56030097,-0.01770074
-0.55998097,0.00006104
-0.55966097,0.00006104
-0.55934097,-0.01770074
-0.55902097,0.00006104
-0.55870097,0.00006104
-0.55838097,0.00006104
-0.55806097,-0.01770074
-0.55774097,0.00006104
-0.55742097,0.00006104
-0.55710097,0.00006104
-0.55678097,0.00006104
-0.55646097,0.00006104
-0.55614097,0.00006104
-0.55582097,0.00006104
-0.55550097,0.00006104
-0.55518097,-0.01770074
-0.55486097,-0.01770074
-0.55454097,0.00006104
-0.55422097,0.00006104
-0.55390097,0.00006104
-0.55358097,0.00006104
-0.55326097,0.00006104
-0.55294097,0.00006104
-0.55262097,0.00006104
-0.55230097,0.00006104
-0.55198097,0.00006104
-0.55166097,0.00006104
-0.55134097,0.00006104
-0.55102097,0.00006104
-0.55070097,0.00006104
-0.55038097,0.00006104
-0.55006097,0.00006104
-0.54974097,0.00006104
-0.54942097,0.00006104
-0.54910097,0.00006104
-0.54878097,0.00006104
-0.54846097,0.00006104
-0.54814097,0.00006104
-0.54782097,0.00006104
-0.54750097,0.00006104
-0.54718097,0.00006104
-0.54686097,0.00006104
-0.54654097,0.00006104
-0.54622097,-0.01770074
-0.54590097,0.00006104
-0.54558097,0.00006104
-0.54526097,0.00006104
-0.54494097,0.00006104
-0.54462097,0.00006104
-0.54430097,0.00006104
-0.54398097,0.00006104
-0.54366097,0.00006104
-0.54334097,0.00006104
-0.54302097,0.00006104
-0.54270097,0.00006104
-0.54238097,0.00006104
-0.54206097,0.00006104
-0.54174097,0.00006104
-0.54142097,0.00006104
-0.54110097,0.00006104
-0.54078097,0.00006104
-0.54046097,0.00006104
-0.54014097,0.00006104
-0.53982097,0.00006104
-0.53950097,0.00006104
-0.53918097,0.00006104
-0.53886097,-0.01770074
-0.53854097,-0.01770074
-0.53822097,0.00006104
-0.53790097,0.00006104
-0.53758097,-0.01770074
-0.53726097,0.00006104
-0.53694097,0.00006104
-0.53662097,0.00006104
-0.53630097,0.00006104
-0.53598097,0.00006104
-0.53566097,0.00006104
-0.53534097,0.00006104
-0.53502097,0.00006104
-0.53470097,0.00006104
-0.53438097,0.00006104
-0.53406097,0.00006104
-0.53374097,0.00006104
-0.53342097,0.00006104
-0.53310097,0.00006104
-0.53278097,0.00006104
-0.53246097,0.00006104
-0.53214097,0.00006104
-0.53182097,0.00006104
-0.53150097,0.00006104
-0.53118097,0.00006104
-0.53086097,0.00006104
-0.53054097,0.00006104
-0.53022097,0.00006104
-0.52990097,0.00006104
-0.52958097,0.00006104
-0.52926097,0.00006104
-0.52894097,0.00006104
-0.52862097,0.00006104
-0.52830097,0.00006104
-0.52798097,0.00006104
-0.52766097,0.00006104
-0.52734097,0.00006104
-0.52702097,0.00006104
-0.52670097,0.00006104
-0.52638097,0.00006104
-0.52606097,0.00006104
-0.52574097,0.00006104
-0.52542097,0.00006104
-0.52510097,0.00006104
-0.52478097,0.00006104
-0.52446097,0.00006104
-0.52414097,0.00006104
-0.52382097,0.00006104
-0.52350097,0.00006104
-0.52318097,0.00006104
-0.52286097,0.00006104
-0.52254097,0.00006104
-0.52222097,0.00006104
-0.52190097,0.00006104
-0.52158097,0.00006104
-0.52126097,-0.01770074
-0.52094097,0.00006104
-0.52062097,0.00006104
-0.52030097,0.00006104
-0.51998097,-0.01770074
-0.51966097,0.00006104
-0.51934097,0.00006104
-0.51902097,0.00006104
-0.51870097,0.00006104
-0.51838097,0.00006104
-0.51806097,0.00006104
-0.51774097,0.00006104
-0.51742097,0.00006104
-0.51710097,0.00006104
-0.51678097,0.00006104
-0.51646097,-0.01770074
-0.51614097,0.00006104
-0.51582097,0.00006104
-0.51550097,-0.01770074
-0.51518097,0.00006104
-0.51486097,0.00006104
-0.51454097,0.00006104
-0.51422097,0.00006104
-0.51390097,0.00006104
-0.51358097,0.00006104
-0.51326097,0.00006104
-0.51294097,0.00006104
-0.51262097,0.00006104
-0.51230097,0.00006104
-0.51198097,0.00006104
-0.51166097,0.00006104
-0.51134097,0.00006104
-0.51102097,0.00006104
-0.51070097,0.00006104
-0.51038097,0.00006104
-0.51006097,0.00006104
-0.50974097,0.00006104
-0.50942097,0.00006104
-0.50910097,0.00006104
-0.50878097,-0.01770074
-0.50846097,0.00006104
-0.50814097,0.00006104
-0.50782097,0.00006104
-0.50750097,0.00006104
-0.50718097,0.00006104
-0.50686097,-0.01770074
-0.50654097,0.00006104
-0.50622097,0.00006104
-0.50590097,0.00006104
-0.50558097,0.00006104
-0.50526097,0.00006104
-0.50494097,0.00006104
-0.50462097,0.00006104
-0.50430097,0.00006104
-0.50398097,0.00006104
-0.50366097,0.00006104
-0.50334097,0.00006104
-0.50302097,0.00006104
-0.50270097,0.00006104
-0.50238097,0.00006104
-0.50206097,0.00006104
-0.50174097,0.00006104
-0.50142097,1.29947817
-0.50110097,0.48066652
-0.50078097,-0.35590684
-0.50046097,-0.40931424
-0.50014097,-0.14233834
-0.49982097,0.01788385
-0.49950097,0.03570665
-0.49918097,0.00006104
-0.49886097,-0.01770074
-0.49854097,-0.03552354
-0.49822097,-∞
-0.49790097,-1.86901450
-0.49758097,-0.33814508
-0.49726097,0.07129124
-0.49694097,0.16022217
-0.49662097,0.08911405
-0.49630097,0.03570665
-0.49598097,0.01788385
-0.49566097,0.01788385
-0.49534097,0.01788385
-0.49502097,0.00006104
-0.49470097,0.00006104
-0.49438097,0.00006104
-0.49406097,0.01788385
-0.49374097,0.01788385
-0.49342097,0.01788385
-0.49310097,0.01788385
-0.49278097,0.00006104
-0.49246097,0.00006104
-0.49214097,0.00006104
-0.49182097,0.01788385
-0.49150097,0.01788385
-0.49118097,0.05346843
-0.49086097,0.05346843
-0.49054097,0.07129124
-0.49022097,0.07129124
-0.48990097,0.03570665
-0.48958097,0.07129124
-0.48926097,0.05346843
-0.48894097,0.03570665
-0.48862097,0.07129124
-0.48830097,0.08911405
-0.48798097,0.05346843
-0.48766097,0.01788385
-0.48734097,0.01788385
-0.48702097,0.01788385
-0.48670097,0.01788385
-0.48638097,-0.01770074
-0.48606097,-0.03552354
-0.48574097,-0.03552354
-0.48542097,-0.03552354
-0.48510097,0.01788385
-0.48478097,0.00006104
-0.48446097,0.00006104
-0.48414097,0.05346843
-0.48382097,-0.03552354
-0.48350097,-0.01770074
-0.48318097,0.03570665
-0.48286097,-0.03552354
-0.48254097,0.01788385
-0.48222097,0.05346843
-0.48190097,0.00006104
-0.48158097,0.03570665
-0.48126097,0.03570665
-0.48094097,0.01788385
-0.48062097,0.00006104
-0.48030097,0.01788385
-0.47998097,0.01788385
-0.47966097,0.00006104
-0.47934097,0.01788385
-0.47902097,0.03570665
-0.47870097,0.00006104
-0.47838097,0.00006104
-0.47806097,0.01788385
-0.47774097,0.00006104
-0.47742097,0.01788385
-0.47710097,0.00006104
-0.47678097,-0.01770074
-0.47646097,0.00006104
-0.47614097,0.01788385
-0.47582097,0.00006104
-0.47550097,0.00006104
-0.47518097,0.03570665
-0.47486097,0.01788385
-0.47454097,0.00006104
-0.47422097,0.01788385
-0.47390097,0.00006104
-0.47358097,0.01788385
-0.47326097,0.01788385
-0.47294097,0.00006104
-0.47262097,0.00006104
-0.47230097,0.03570665
-0.47198097,0.01788385
-0.47166097,0.00006104
-0.47134097,0.00006104
-0.47102097,-0.01770074
-0.47070097,0.00006104
-0.47038097,0.00006104
-0.47006097,-0.01770074
-0.46974097,0.00006104
-0.46942097,0.01788385
-0.46910097,0.00006104
-0.46878097,0.01788385
-0.46846097,0.00006104
-0.46814097,0.00006104
-0.46782097,0.00006104
-0.46750097,0.00006104
-0.46718097,0.00006104
-0.46686097,0.01788385
-0.46654097,0.01788385
-0.46622097,0.00006104
-0.46590097,0.00006104
-0.46558097,0.00006104
-0.46526097,0.00006104
-0.46494097,0.00006104
-0.46462097,-0.01770074
-0.46430097,-0.01770074
-0.46398097,0.00006104
-0.46366097,0.00006104
-0.46334097,0.00006104
-0.46302097,0.00006104
-0.46270097,0.00006104
-0.46238097,0.00006104
-0.46206097,0.01788385
-0.46174097,0.00006104
-0.46142097,0.00006104
-0.46110097,0.01788385
-0.46078097,0.00006104
-0.46046097,0.00006104
-0.46014097,0.00006104
-0.45982097,0.00006104
-0.45950097,0.00006104
-0.45918097,0.00006104
-0.45886097,0.00006104
-0.45854097,0.00006104
-0.45822097,0.00006104
-0.45790097,0.00006104
-0.45758097,0.00006104
-0.45726097,0.00006104
-0.45694097,0.00006104
-0.45662097,0.01788385
-0.45630097,0.00006104
-0.45598097,0.00006104
-0.45566097,0.01788385
-0.45534097,0.01788385
-0.45502097,0.00006104
-0.45470097,0.00006104
-0.45438097,0.00006104
-0.45406097,0.00006104
-0.45374097,0.00006104
-0.45342097,0.00006104
-0.45310097,0.00006104
-0.45278097,0.00006104
-0.45246097,-0.01770074
-0.45214097,-0.01770074
-0.45182097,0.00006104
-0.45150097,0.00006104
-0.45118097,-0.01770074
-0.45086097,0.00006104
-0.45054097,0.00006104
-0.45022097,0.00006104
-0.44990097,0.00006104
-0.44958097,0.00006104
-0.44926097,0.00006104
-0.44894097,0.00006104
-0.44862097,0.00006104
-0.44830097,0.01788385
-0.44798097,0.00006104
-0.44766097,0.01788385
-0.44734097,0.00006104
-0.44702097,0.00006104
-0.44670097,0.00006104
-0.44638097,0.00006104
-0.44606097,0.00006104
-0.44574097,0.00006104
-0.44542097,0.00006104
-0.44510097,0.00006104
-0.44478097,-0.01770074
-0.44446097,0.00006104
-0.44414097,0.00006104
-0.44382097,-0.01770074
-0.44350097,0.00006104
-0.44318097,0.00006104
-0.44286097,0.00006104
-0.44254097,0.00006104
-0.44222097,0.00006104
-0.44190097,0.00006104
-0.44158097,0.00006104
-0.44126097,0.00006104
-0.44094097,0.00006104
-0.44062097,0.00006104
-0.44030097,0.00006104
-0.43998097,-0.01770074
-0.43966097,0.00006104
-0.43934097,0.00006104
-0.43902097,0.00006104
-0.43870097,0.00006104
-0.43838097,0.00006104
-0.43806097,0.00006104
-0.43774097,0.00006104
-0.43742097,0.00006104
-0.43710097,0.00006104
-0.43678097,0.00006104
-0.43646097,0.00006104
-0.43614097,0.00006104
-0.43582097,0.00006104
-0.43550097,0.00006104
-0.43518097,0.00006104
-0.43486097,0.00006104
-0.43454097,0.00006104
-0.43422097,0.00006104
-0.43390097,0.00006104
-0.43358097,0.00006104
-0.43326097,0.00006104
-0.43294097,0.00006104
-0.43262097,0.00006104
-0.43230097,0.00006104
-0.43198097,0.00006104
-0.43166097,0.00006104
-0.43134097,0.00006104
-0.43102097,0.00006104
-0.43070097,0.00006104
-0.43038097,0.00006104
-0.43006097,0.00006104
-0.42974097,0.00006104
-0.42942097,0.00006104
-0.42910097,0.00006104
-0.42878097,0.00006104
-0.42846097,0.00006104
-0.42814097,-0.01770074
-0.42782097,0.00006104
-0.42750097,0.00006104
-0.42718097,0.00006104
-0.42686097,0.00006104
-0.42654097,0.00006104
-0.42622097,0.00006104
-0.42590097,0.00006104
-0.42558097,0.00006104
-0.42526097,0.00006104
-0.42494097,0.00006104
-0.42462097,0.00006104
-0.42430097,0.00006104
-0.42398097,0.00006104
-0.42366097,0.00006104
-0.42334097,0.00006104
-0.42302097,0.00006104
-0.42270097,0.00006104
-0.42238097,0.00006104
-0.42206097,-0.01770074
-0.42174097,0.00006104
-0.42142097,-0.01770074
-0.42110097,0.00006104
-0.42078097,0.00006104
-0.42046097,0.00006104
-0.42014097,0.00006104
-0.41982097,0.00006104
-0.41950097,0.00006104
-0.41918097,0.00006104
-0.41886097,0.00006104
-0.41854097,0.00006104
-0.41822097,0.00006104
-0.41790097,0.00006104
-0.41758097,-0.01770074
-0.41726097,0.00006104
-0.41694097,0.00006104
-0.41662097,0.00006104
-0.41630097,0.00006104
-0.41598097,0.00006104
-0.41566097,0.00006104
-0.41534097,0.00006104
-0.41502097,0.00006104
-0.41470097,0.00006104
-0.41438097,0.00006104
-0.41406097,0.00006104
-0.41374097,0.00006104
-0.41342097,0.00006104
-0.41310097,0.00006104
-0.41278097,0.00006104
-0.41246097,0.00006104
-0.41214097,-0.01770074
-0.41182097,0.00006104
-0.41150097,0.00006104
-0.41118097,0.00006104
-0.41086097,0.00006104
-0.41054097,0.00006104
-0.41022097,0.00006104
-0.40990097,0.00006104
-0.40958097,0.00006104
-0.40926097,0.00006104
-0.40894097,-0.01770074
-0.40862097,0.00006104
-0.40830097,0.00006104
-0.40798097,0.00006104
-0.40766097,0.00006104
-0.40734097,0.00006104
-0.40702097,0.00006104
-0.40670097,0.00006104
-0.40638097,0.00006104
-0.40606097,0.00006104
-0.40574097,0.00006104
-0.40542097,0.00006104
-0.40510097,0.00006104
-0.40478097,0.00006104
-0.40446097,0.00006104
-0.40414097,0.00006104
-0.40382097,0.00006104
-0.40350097,0.00006104
-0.40318097,0.00006104
-0.40286097,0.00006104
-0.40254097,0.00006104
-0.40222097,0.00006104
-0.40190097,0.00006104
-0.40158097,0.00006104
-0.40126097,0.00006104
-0.40094097,0.00006104
-0.40062097,0.00006104
-0.40030097,0.00006104
-0.39998097,0.00006104
-0.39966097,0.00006104
-0.39934097,0.00006104
-0.39902097,0.00006104
-0.39870097,0.00006104
-0.39838097,0.00006104
-0.39806097,0.00006104
-0.39774097,0.00006104
-0.39742097,0.00006104
-0.39710097,0.00006104
-0.39678097,0.00006104
-0.39646097,0.00006104
-0.39614097,0.00006104
-0.39582097,0.00006104
-0.39550097,0.00006104
-0.39518097,0.00006104
-0.39486097,0.00006104
-0.39454097,0.00006104
-0.39422097,0.00006104
-0.39390097,0.00006104
-0.39358097,0.00006104
-0.39326097,0.00006104
-0.39294097,0.00006104
-0.39262097,0.00006104
-0.39230097,0.00006104
-0.39198097,0.00006104
-0.39166097,0.00006104
-0.39134097,0.00006104
-0.39102097,0.00006104
-0.39070097,0.00006104
-0.39038097,0.00006104
-0.39006097,0.00006104
-0.38974097,0.00006104
-0.38942097,0.00006104
-0.38910097,0.00006104
-0.38878097,0.00006104
-0.38846097,0.00006104
-0.38814097,0.00006104
-0.38782097,0.00006104
-0.38750097,-0.01770074
-0.38718097,0.00006104
-0.38686097,0.00006104
-0.38654097,0.00006104
-0.38622097,0.00006104
-0.38590097,0.00006104
-0.38558097,0.00006104
-0.38526097,-0.01770074
-0.38494097,-0.01770074
-0.38462097,0.00006104
-0.38430097,0.00006104
-0.38398097,0.00006104
-0.38366097,0.00006104
-0.38334097,0.00006104
-0.38302097,0.00006104
-0.38270097,-0.01770074
-0.38238097,0.00006104
-0.38206097,0.00006104
-0.38174097,0.00006104
-0.38142097,0.00006104
-0.38110097,-0.01770074
-0.38078097,0.00006104
-0.38046097,0.00006104
-0.38014097,0.00006104
-0.37982097,0.00006104
-0.37950097,0.00006104
-0.37918097,0.00006104
-0.37886097,0.00006104
-0.37854097,0.00006104
-0.37822097,0.00006104
-0.37790097,0.00006104
-0.37758097,0.00006104
-0.37726097,-0.01770074
-0.37694097,0.00006104
-0.37662097,0.00006104
-0.37630097,0.00006104
-0.37598097,0.00006104
-0.37566097,0.00006104
-0.37534097,0.00006104
-0.37502097,0.00006104
-0.37470097,0.00006104
-0.37438097,0.00006104
-0.37406097,0.00006104
-0.37374097,0.00006104
-0.37342097,0.00006104
-0.37310097,0.00006104
-0.37278097,0.00006104
-0.37246097,0.00006104
-0.37214097,0.00006104
-0.37182097,0.00006104
-0.37150097,0.00006104
-0.37118097,0.00006104
-0.37086097,0.00006104
-0.37054097,0.00006104
-0.37022097,0.00006104
-0.36990097,0.00006104
-0.36958097,-0.01770074
-0.36926097,0.00006104
-0.36894097,0.00006104
-0.36862097,0.00006104
-0.36830097,0.00006104
-0.36798097,0.00006104
-0.36766097,0.00006104
-0.36734097,0.00006104
-0.36702097,0.00006104
-0.36670097,0.00006104
-0.36638097,0.00006104
-0.36606097,0.00006104
-0.36574097,0.00006104
-0.36542097,0.00006104
-0.36510097,0.00006104
-0.36478097,0.00006104
-0.36446097,-0.01770074
-0.36414097,0.00006104
-0.36382097,0.00006104
-0.36350097,0.00006104
-0.36318097,0.00006104
-0.36286097,0.00006104
-0.36254097,0.00006104
-0.36222097,0.00006104
-0.36190097,0.00006104
-0.36158097,0.00006104
-0.36126097,0.00006104
-0.36094097,0.00006104
-0.36062097,0.00006104
-0.36030097,0.00006104
-0.35998097,0.00006104
-0.35966097,0.00006104
-0.35934097,0.00006104
-0.35902097,0.00006104
-0.35870097,0.00006104
-0.35838097,0.00006104
-0.35806097,0.00006104
-0.35774097,0.00006104
-0.35742097,0.00006104
-0.35710097,0.00006104
-0.35678097,0.00006104
-0.35646097,0.00006104
-0.35614097,0.00006104
-0.35582097,0.00006104
-0.35550097,0.00006104
-0.35518097,0.00006104
-0.35486097,0.00006104
-0.35454097,0.00006104
-0.35422097,0.00006104
-0.35390097,0.00006104
-0.35358097,0.00006104
-0.35326097,-0.01770074
-0.35294097,0.00006104
-0.35262097,0.00006104
-0.35230097,0.00006104
-0.35198097,0.00006104
-0.35166097,-0.01770074
-0.35134097,0.00006104
-0.35102097,0.00006104
-0.35070097,0.00006104
-0.35038097,-0.01770074
-0.35006097,0.00006104
-0.34974097,0.00006104
-0.34942097,0.00006104
-0.34910097,0.00006104
-0.34878097,0.00006104
-0.34846097,0.00006104
-0.34814097,0.00006104
-0.34782097,0.00006104
-0.34750097,0.00006104
-0.34718097,0.00006104
-0.34686097,0.00006104
-0.34654097,0.00006104
-0.34622097,0.00006104
-0.34590097,0.00006104
-0.34558097,0.00006104
-0.34526097,0.00006104
-0.34494097,0.00006104
-0.34462097,0.00006104
-0.34430097,0.00006104
-0.34398097,0.00006104
-0.34366097,0.00006104
-0.34334097,0.00006104
-0.34302097,0.00006104
-0.34270097,0.00006104
-0.34238097,-0.01770074
-0.34206097,0.00006104
-0.34174097,0.00006104
-0.34142097,0.00006104
-0.34110097,0.00006104
-0.34078097,0.00006104
-0.34046097,0.00006104
-0.34014097,0.00006104
-0.33982097,-0.01770074
-0.33950097,0.00006104
-0.33918097,0.00006104
-0.33886097,0.00006104
-0.33854097,0.00006104
-0.33822097,0.00006104
-0.33790097,0.00006104
-0.33758097,0.00006104
-0.33726097,0.00006104
-0.33694097,0.00006104
-0.33662097,0.00006104
-0.33630097,0.00006104
-0.33598097,0.00006104
-0.33566097,0.00006104
-0.33534097,0.00006104
-0.33502097,0.00006104
-0.33470097,0.00006104
-0.33438097,0.00006104
-0.33406097,0.00006104
-0.33374097,0.00006104
-0.33342097,0.00006104
-0.33310097,0.00006104
-0.33278097,0.00006104
-0.33246097,0.00006104
-0.33214097,0.00006104
-0.33182097,0.00006104
-0.33150097,0.00006104
-0.33118097,0.00006104
-0.33086097,0.00006104
-0.33054097,0.00006104
-0.33022097,0.00006104
-0.32990097,0.00006104
-0.32958097,0.00006104
-0.32926097,0.00006104
-0.32894097,0.00006104
-0.32862097,0.00006104
-0.32830097,0.00006104
-0.32798097,0.00006104
-0.32766097,0.00006104
-0.32734097,0.00006104
-0.32702097,0.00006104
-0.32670097,0.00006104
-0.32638097,0.00006104
-0.32606097,0.00006104
-0.32574097,0.00006104
-0.32542097,0.00006104
-0.32510097,0.00006104
-0.32478097,0.00006104
-0.32446097,0.00006104
-0.32414097,0.00006104
-0.32382097,0.00006104
-0.32350097,0.00006104
-0.32318097,0.00006104
-0.32286097,0.00006104
-0.32254097,0.00006104
-0.32222097,0.00006104
-0.32190097,-0.01770074
-0.32158097,0.00006104
-0.32126097,0.00006104
-0.32094097,0.00006104
-0.32062097,0.00006104
-0.32030097,0.00006104
-0.31998097,0.00006104
-0.31966097,0.00006104
-0.31934097,0.00006104
-0.31902097,0.00006104
-0.31870097,0.00006104
-0.31838097,0.00006104
-0.31806097,0.00006104
-0.31774097,0.00006104
-0.31742097,0.00006104
-0.31710097,0.00006104
-0.31678097,0.00006104
-0.31646097,0.00006104
-0.31614097,0.00006104
-0.31582097,0.00006104
-0.31550097,0.00006104
-0.31518097,0.00006104
-0.31486097,0.00006104
-0.31454097,0.00006104
-0.31422097,0.00006104
-0.31390097,0.00006104
-0.31358097,0.00006104
-0.31326097,0.00006104
-0.31294097,0.00006104
-0.31262097,0.00006104
-0.31230097,0.00006104
-0.31198097,0.00006104
-0.31166097,0.00006104
-0.31134097,0.00006104
-0.31102097,0.00006104
-0.31070097,0.00006104
-0.31038097,0.00006104
-0.31006097,0.00006104
-0.30974097,0.00006104
-0.30942097,0.00006104
-0.30910097,0.00006104
-0.30878097,0.00006104
-0.30846097,0.00006104
-0.30814097,0.00006104
-0.30782097,0.00006104
-0.30750097,0.00006104
-0.30718097,-0.01770074
-0.30686097,0.00006104
-0.30654097,-0.01770074
-0.30622097,0.00006104
-0.30590097,0.00006104
-0.30558097,0.00006104
-0.30526097,0.00006104
-0.30494097,0.00006104
-0.30462097,0.00006104
-0.30430097,0.00006104
-0.30398097,0.00006104
-0.30366097,0.00006104
-0.30334097,0.00006104
-0.30302097,0.00006104
-0.30270097,0.00006104
-0.30238097,0.00006104
-0.30206097,0.00006104
-0.30174097,0.00006104
-0.30142097,0.00006104
-0.30110097,0.00006104
-0.30078097,0.00006104
-0.30046097,0.00006104
-0.30014097,0.00006104
-0.29982097,0.00006104
-0.29950097,0.00006104
-0.29918097,0.00006104
-0.29886097,0.00006104
-0.29854097,0.00006104
-0.29822097,0.00006104
-0.29790097,0.00006104
-0.29758097,0.00006104
-0.29726097,0.00006104
-0.29694097,0.00006104
-0.29662097,0.00006104
-0.29630097,0.00006104
-0.29598097,0.00006104
-0.29566097,0.00006104
-0.29534097,0.00006104
-0.29502097,0.00006104
-0.29470097,0.00006104
-0.29438097,0.00006104
-0.29406097,0.00006104
-0.29374097,0.00006104
-0.29342097,0.00006104
-0.29310097,0.00006104
-0.29278097,0.00006104
-0.29246097,0.00006104
-0.29214097,0.00006104
-0.29182097,0.00006104
-0.29150097,0.00006104
-0.29118097,0.00006104
-0.29086097,0.00006104
-0.29054097,-0.01770074
-0.29022097,0.00006104
-0.28990097,0.00006104
-0.28958097,0.00006104
-0.28926097,-0.01770074
-0.28894097,0.00006104
-0.28862097,0.00006104
-0.28830097,0.00006104
-0.28798097,0.00006104
-0.28766097,0.00006104
-0.28734097,0.00006104
-0.28702097,0.00006104
-0.28670097,0.00006104
-0.28638097,0.00006104
-0.28606097,0.00006104
-0.28574097,0.00006104
-0.28542097,0.00006104
-0.28510097,-0.01770074
-0.28478097,0.00006104
-0.28446097,0.00006104
-0.28414097,0.00006104
-0.28382097,0.00006104
-0.28350097,0.00006104
-0.28318097,0.00006104
-0.28286097,0.00006104
-0.28254097,0.00006104
-0.28222097,0.00006104
-0.28190097,0.00006104
-0.28158097,0.00006104
-0.28126097,0.00006104
-0.28094097,0.00006104
-0.28062097,0.00006104
-0.28030097,0.00006104
-0.27998097,0.00006104
-0.27966097,0.00006104
-0.27934097,-0.01770074
-0.27902097,0.00006104
-0.27870097,0.00006104
-0.27838097,0.00006104
-0.27806097,0.00006104
-0.27774097,0.00006104
-0.27742097,0.00006104
-0.27710097,-0.01770074
-0.27678097,0.00006104
-0.27646097,0.00006104
-0.27614097,0.00006104
-0.27582097,0.00006104
-0.27550097,0.00006104
-0.27518097,0.00006104
-0.27486097,0.00006104
-0.27454097,0.00006104
-0.27422097,0.00006104
-0.27390097,-0.01770074
-0.27358097,0.00006104
-0.27326097,0.00006104
-0.27294097,0.00006104
-0.27262097,0.00006104
-0.27230097,0.00006104
-0.27198097,0.00006104
-0.27166097,0.00006104
-0.27134097,0.00006104
-0.27102097,0.00006104
-0.27070097,0.00006104
-0.27038097,0.00006104
-0.27006097,0.00006104
-0.26974097,0.00006104
-0.26942097,0.00006104
-0.26910097,0.00006104
-0.26878097,0.00006104
-0.26846097,0.00006104
-0.26814097,0.00006104
-0.26782097,0.00006104
-0.26750097,0.00006104
-0.26718097,0.00006104
-0.26686097,0.00006104
-0.26654097,0.00006104
-0.26622097,0.00006104
-0.26590097,0.00006104
-0.26558097,0.00006104
-0.26526097,0.00006104
-0.26494097,0.00006104
-0.26462097,0.00006104
-0.26430097,0.00006104
-0.26398097,0.00006104
-0.26366097,0.00006104
-0.26334097,0.00006104
-0.26302097,0.00006104
-0.26270097,0.00006104
-0.26238097,0.00006104
-0.26206097,-0.01770074
-0.26174097,0.00006104
-0.26142097,0.00006104
-0.26110097,0.00006104
-0.26078097,0.00006104
-0.26046097,0.00006104
-0.26014097,-0.01770074
-0.25982097,0.00006104
-0.25950097,0.00006104
-0.25918097,0.00006104
-0.25886097,0.00006104
-0.25854097,0.00006104
-0.25822097,0.00006104
-0.25790097,0.00006104
-0.25758097,0.00006104
-0.25726097,0.00006104
-0.25694097,0.00006104
-0.25662097,0.00006104
-0.25630097,0.00006104
-0.25598097,0.00006104
-0.25566097,0.00006104
-0.25534097,0.00006104
-0.25502097,0.00006104
-0.25470097,0.00006104
-0.25438097,0.00006104
-0.25406097,0.00006104
-0.25374097,0.00006104
-0.25342097,-0.01770074
-0.25310097,0.00006104
-0.25278097,0.00006104
-0.25246097,0.00006104
-0.25214097,0.00006104
-0.25182097,0.00006104
-0.25150097,0.00006104
-0.25118097,0.00006104
-0.25086097,-0.01770074
-0.25054097,0.00006104
-0.25022097,-0.01770074
-0.24990097,0.00006104
-0.24958097,0.00006104
-0.24926097,0.00006104
-0.24894097,0.00006104
-0.24862097,0.00006104
-0.24830097,0.00006104
-0.24798097,0.00006104
-0.24766097,0.00006104
-0.24734097,0.00006104
-0.24702097,0.00006104
-0.24670097,0.00006104
-0.24638097,0.00006104
-0.24606097,0.00006104
-0.24574097,0.00006104
-0.24542097,0.00006104
-0.24510097,0.00006104
-0.24478097,0.00006104
-0.24446097,0.00006104
-0.24414097,-0.01770074
-0.24382097,-0.01770074
-0.24350097,0.00006104
-0.24318097,0.00006104
-0.24286097,-0.01770074
-0.24254097,-0.01770074
-0.24222097,0.00006104
-0.24190097,0.00006104
-0.24158097,0.00006104
-0.24126097,0.00006104
-0.24094097,0.00006104
-0.24062097,0.00006104
-0.24030097,0.00006104
-0.23998097,0.00006104
-0.23966097,0.00006104
-0.23934097,0.00006104
-0.23902097,0.00006104
-0.23870097,0.00006104
-0.23838097,0.00006104
-0.23806097,0.00006104
-0.23774097,0.00006104
-0.23742097,0.00006104
-0.23710097,0.00006104
-0.23678097,0.00006104
-0.23646097,0.00006104
-0.23614097,0.00006104
-0.23582097,0.00006104
-0.23550097,0.00006104
-0.23518097,0.00006104
-0.23486097,0.00006104
-0.23454097,-0.01770074
-0.23422097,0.00006104
-0.23390097,0.00006104
-0.23358097,0.00006104
-0.23326097,0.00006104
-0.23294097,0.00006104
-0.23262097,0.00006104
-0.23230097,0.00006104
-0.23198097,0.00006104
-0.23166097,0.00006104
-0.23134097,0.00006104
-0.23102097,0.00006104
-0.23070097,0.00006104
-0.23038097,0.00006104
-0.23006097,0.00006104
-0.22974097,0.00006104
-0.22942097,0.00006104
-0.22910097,0.00006104
-0.22878097,0.00006104
-0.22846097,0.00006104
-0.22814097,0.00006104
-0.22782097,-0.01770074
-0.22750097,-0.01770074
-0.22718097,0.00006104
-0.22686097,0.00006104
-0.22654097,0.00006104
-0.22622097,0.00006104
-0.22590097,-0.01770074
-0.22558097,0.00006104
-0.22526097,0.00006104
-0.22494097,0.00006104
-0.22462097,-0.01770074
-0.22430097,0.00006104
-0.22398097,0.00006104
-0.22366097,0.00006104
-0.22334097,0.00006104
-0.22302097,0.00006104
-0.22270097,0.00006104
-0.22238097,0.00006104
-0.22206097,0.00006104
-0.22174097,0.00006104
-0.22142097,0.00006104
-0.22110097,0.00006104
-0.22078097,0.00006104
-0.22046097,0.00006104
-0.22014097,0.00006104
-0.21982097,0.00006104
-0.21950097,0.00006104
-0.21918097,0.00006104
-0.21886097,0.00006104
-0.21854097,-0.01770074
-0.21822097,0.00006104
-0.21790097,0.00006104
-0.21758097,0.00006104
-0.21726097,0.00006104
-0.21694097,0.00006104
-0.21662097,0.00006104
-0.21630097,0.00006104
-0.21598097,0.00006104
-0.21566097,0.00006104
-0.21534097,0.00006104
-0.21502097,0.00006104
-0.21470097,0.00006104
-0.21438097,0.00006104
-0.21406097,0.00006104
-0.21374097,0.00006104
-0.21342097,0.00006104
-0.21310097,0.00006104
-0.21278097,0.00006104
-0.21246097,0.00006104
-0.21214097,0.00006104
-0.21182097,0.00006104
-0.21150097,0.00006104
-0.21118097,0.00006104
-0.21086097,0.00006104
-0.21054097,0.00006104
-0.21022097,0.00006104
-0.20990097,0.00006104
-0.20958097,0.00006104
-0.20926097,0.00006104
-0.20894097,-0.01770074
-0.20862097,0.00006104
-0.20830097,0.00006104
-0.20798097,0.00006104
-0.20766097,-0.01770074
-0.20734097,0.00006104
-0.20702097,0.00006104
-0.20670097,0.00006104
-0.20638097,0.00006104
-0.20606097,0.00006104
-0.20574097,0.00006104
-0.20542097,0.00006104
-0.20510097,0.00006104
-0.20478097,0.00006104
-0.20446097,0.00006104
-0.20414097,0.00006104
-0.20382097,0.00006104
-0.20350097,0.00006104
-0.20318097,0.00006104
-0.20286097,0.00006104
-0.20254097,0.00006104
-0.20222097,0.00006104
-0.20190097,0.00006104
-0.20158097,0.00006104
-0.20126097,0.00006104
-0.20094097,0.00006104
-0.20062097,0.00006104
-0.20030097,0.00006104
-0.19998097,0.00006104
-0.19966097,0.00006104
-0.19934097,0.00006104
-0.19902097,0.00006104
-0.19870097,0.00006104
-0.19838097,-0.01770074
-0.19806097,0.00006104
-0.19774097,0.00006104
-0.19742097,0.00006104
-0.19710097,0.00006104
-0.19678097,0.00006104
-0.19646097,0.00006104
-0.19614097,0.00006104
-0.19582097,0.00006104
-0.19550097,0.00006104
-0.19518097,0.00006104
-0.19486097,0.00006104
-0.19454097,0.00006104
-0.19422097,0.00006104
-0.19390097,0.00006104
-0.19358097,0.00006104
-0.19326097,0.00006104
-0.19294097,0.00006104
-0.19262097,0.00006104
-0.19230097,0.00006104
-0.19198097,0.00006104
-0.19166097,-0.01770074
-0.19134097,0.00006104
-0.19102097,0.00006104
-0.19070097,0.00006104
-0.19038097,0.00006104
-0.19006097,0.00006104
-0.18974097,0.00006104
-0.18942097,0.00006104
-0.18910097,-0.01770074
-0.18878097,0.00006104
-0.18846097,0.00006104
-0.18814097,0.00006104
-0.18782097,0.00006104
-0.18750097,0.00006104
-0.18718097,0.00006104
-0.18686097,0.00006104
-0.18654097,0.00006104
-0.18622097,0.00006104
-0.18590097,0.00006104
-0.18558097,0.00006104
-0.18526097,0.00006104
-0.18494097,0.00006104
-0.18462097,0.00006104
-0.18430097,0.00006104
-0.18398097,0.00006104
-0.18366097,0.00006104
-0.18334097,0.00006104
-0.18302097,0.00006104
-0.18270097,0.00006104
-0.18238097,0.00006104
-0.18206097,0.00006104
-0.18174097,0.00006104
-0.18142097,0.00006104
-0.18110097,0.00006104
-0.18078097,0.00006104
-0.18046097,0.00006104
-0.18014097,0.00006104
-0.17982097,0.00006104
-0.17950097,0.00006104
-0.17918097,0.00006104
-0.17886097,0.00006104
-0.17854097,0.00006104
-0.17822097,0.00006104
-0.17790097,0.00006104
-0.17758097,-0.01770074
-0.17726097,0.00006104
-0.17694097,0.00006104
-0.17662097,0.00006104
-0.17630097,0.00006104
-0.17598097,0.00006104
-0.17566097,0.00006104
-0.17534097,0.00006104
-0.17502097,0.00006104
-0.17470097,0.00006104
-0.17438097,0.00006104
-0.17406097,0.00006104
-0.17374097,0.00006104
-0.17342097,0.00006104
-0.17310097,0.00006104
-0.17278097,0.00006104
-0.17246097,-0.01770074
-0.17214097,0.00006104
-0.17182097,0.00006104
-0.17150097,0.00006104
-0.17118097,-0.01770074
-0.17086097,0.00006104
-0.17054097,0.00006104
-0.17022097,0.00006104
-0.16990097,-0.01770074
-0.16958097,0.00006104
-0.16926097,0.00006104
-0.16894097,0.00006104
-0.16862097,0.00006104
-0.16830097,0.00006104
-0.16798097,0.00006104
-0.16766097,0.00006104
-0.16734097,0.00006104
-0.16702097,0.00006104
-0.16670097,0.00006104
-0.16638097,0.00006104
-0.16606097,0.00006104
-0.16574097,0.00006104
-0.16542097,0.00006104
-0.16510097,-0.01770074
-0.16478097,0.00006104
-0.16446097,0.00006104
-0.16414097,-0.01770074
-0.16382097,0.00006104
-0.16350097,0.00006104
-0.16318097,0.00006104
-0.16286097,0.00006104
-0.16254097,0.00006104
-0.16222097,0.00006104
-0.16190097,-0.01770074
-0.16158097,0.00006104
-0.16126097,-0.01770074
-0.16094097,0.00006104
-0.16062097,0.00006104
-0.16030097,0.00006104
-0.15998097,0.00006104
-0.15966097,0.00006104
-0.15934097,0.00006104
-0.15902097,0.00006104
-0.15870097,0.00006104
-0.15838097,0.00006104
-0.15806097,0.00006104
-0.15774097,0.00006104
-0.15742097,0.00006104
-0.15710097,0.00006104
-0.15678097,0.00006104
-0.15646097,0.00006104
-0.15614097,0.00006104
-0.15582097,0.00006104
-0.15550097,0.00006104
-0.15518097,0.00006104
-0.15486097,-0.01770074
-0.15454097,0.00006104
-0.15422097,0.00006104
-0.15390097,0.00006104
-0.15358097,0.00006104
-0.15326097,0.00006104
-0.15294097,0.00006104
-0.15262097,0.00006104
-0.15230097,0.00006104
-0.15198097,0.00006104
-0.15166097,0.00006104
-0.15134097,0.00006104
-0.15102097,0.00006104
-0.15070097,0.00006104
-0.15038097,0.00006104
-0.15006097,0.00006104
-0.14974097,0.00006104
-0.14942097,0.00006104
-0.14910097,0.00006104
-0.14878097,0.00006104
-0.14846097,0.00006104
-0.14814097,0.00006104
-0.14782097,0.00006104
-0.14750097,0.00006104
-0.14718097,0.00006104
-0.14686097,-0.01770074
-0.14654097,0.00006104
-0.14622097,0.00006104
-0.14590097,-0.01770074
-0.14558097,0.00006104
-0.14526097,0.00006104
-0.14494097,0.00006104
-0.14462097,0.00006104
-0.14430097,0.00006104
-0.14398097,0.00006104
-0.14366097,0.00006104
-0.14334097,0.00006104
-0.14302097,0.00006104
-0.14270097,0.00006104
-0.14238097,0.00006104
-0.14206097,0.00006104
-0.14174097,0.00006104
-0.14142097,0.00006104
-0.14110097,0.00006104
-0.14078097,0.00006104
-0.14046097,0.00006104
-0.14014097,0.00006104
-0.13982097,0.00006104
-0.13950097,0.00006104
-0.13918097,0.00006104
-0.13886097,0.00006104
-0.13854097,-0.01770074
-0.13822097,0.00006104
-0.13790097,0.00006104
-0.13758097,0.00006104
-0.13726097,0.00006104
-0.13694097,0.00006104
-0.13662097,0.00006104
-0.13630097,0.00006104
-0.13598097,0.00006104
-0.13566097,0.00006104
-0.13534097,0.00006104
-0.13502097,0.00006104
-0.13470097,0.00006104
-0.13438097,0.00006104
-0.13406097,0.00006104
-0.13374097,0.00006104
-0.13342097,0.00006104
-0.13310097,0.00006104
-0.13278097,0.00006104
-0.13246097,0.00006104
-0.13214097,0.00006104
-0.13182097,0.00006104
-0.13150097,0.00006104
-0.13118097,0.00006104
-0.13086097,-0.01770074
-0.13054097,0.00006104
-0.13022097,0.00006104
-0.12990097,0.00006104
-0.12958097,0.00006104
-0.12926097,0.00006104
-0.12894097,0.00006104
-0.12862097,0.00006104
-0.12830097,0.00006104
-0.12798097,-0.01770074
-0.12766097,0.00006104
-0.12734097,0.00006104
-0.12702097,0.00006104
-0.12670097,0.00006104
-0.12638097,-0.01770074
-0.12606097,0.00006104
-0.12574097,0.00006104
-0.12542097,0.00006104
-0.12510097,0.00006104
-0.12478097,0.00006104
-0.12446097,0.00006104
-0.12414097,0.00006104
-0.12382097,0.00006104
-0.12350097,0.00006104
-0.12318097,0.00006104
-0.12286097,0.00006104
-0.12254097,0.00006104
-0.12222097,0.00006104
-0.12190097,0.00006104
-0.12158097,0.00006104
-0.12126097,0.00006104
-0.12094097,-0.01770074
-0.12062097,0.00006104
-0.12030097,0.00006104
-0.11998097,0.00006104
-0.11966097,0.00006104
-0.11934097,0.00006104
-0.11902097,0.00006104
-0.11870097,-0.01770074
-0.11838097,0.00006104
-0.11806097,0.00006104
-0.11774097,0.00006104
-0.11742097,0.00006104
-0.11710097,0.00006104
-0.11678097,0.00006104
-0.11646097,0.00006104
-0.11614097,0.00006104
-0.11582097,0.00006104
-0.11550097,0.00006104
-0.11518097,0.00006104
-0.11486097,0.00006104
-0.11454097,0.00006104
-0.11422097,0.00006104
-0.11390097,0.00006104
-0.11358097,0.00006104
-0.11326097,0.00006104
-0.11294097,-0.01770074
-0.11262097,0.00006104
-0.11230097,-0.01770074
-0.11198097,0.00006104
-0.11166097,0.00006104
-0.11134097,0.00006104
-0.11102097,0.00006104
-0.11070097,0.00006104
-0.11038097,0.00006104
-0.11006097,0.00006104
-0.10974097,0.00006104
-0.10942097,0.00006104
-0.10910097,0.00006104
-0.10878097,0.00006104
-0.10846097,0.00006104
-0.10814097,0.00006104
-0.10782097,0.00006104
-0.10750097,0.00006104
-0.10718097,0.00006104
-0.10686097,0.00006104
-0.10654097,0.00006104
-0.10622097,0.00006104
-0.10590097,0.00006104
-0.10558097,0.00006104
-0.10526097,0.00006104
-0.10494097,0.00006104
-0.10462097,0.00006104
-0.10430097,0.00006104
-0.10398097,0.00006104
-0.10366097,0.00006104
-0.10334097,0.00006104
-0.10302097,0.00006104
-0.10270097,0.00006104
-0.10238097,0.00006104
-0.10206097,0.00006104
-0.10174097,0.00006104
-0.10142097,0.00006104
-0.10110097,0.00006104
-0.10078097,0.00006104
-0.10046097,0.00006104
-0.10014097,0.00006104
-0.09982097,0.00006104
-0.09950097,0.00006104
-0.09918097,0.00006104
-0.09886097,0.00006104
-0.09854097,0.00006104
-0.09822097,0.00006104
-0.09790097,0.00006104
-0.09758097,0.00006104
-0.09726097,0.00006104
-0.09694097,0.00006104
-0.09662097,0.00006104
-0.09630097,0.00006104
-0.09598097,0.00006104
-0.09566097,0.00006104
-0.09534097,0.00006104
-0.09502097,0.00006104
-0.09470097,0.00006104
-0.09438097,0.00006104
-0.09406097,0.00006104
-0.09374097,0.00006104
-0.09342097,0.00006104
-0.09310097,0.00006104
-0.09278097,0.00006104
-0.09246097,0.00006104
-0.09214097,0.00006104
-0.09182097,0.00006104
-0.09150097,0.00006104
-0.09118097,-0.01770074
-0.09086097,0.00006104
-0.09054097,0.00006104
-0.09022097,0.00006104
-0.08990097,0.00006104
-0.08958097,0.00006104
-0.08926097,0.00006104
-0.08894097,0.00006104
-0.08862097,0.00006104
-0.08830097,0.00006104
-0.08798097,0.00006104
-0.08766097,0.00006104
-0.08734097,0.00006104
-0.08702097,0.00006104
-0.08670097,0.00006104
-0.08638097,0.00006104
-0.08606097,0.00006104
-0.08574097,0.00006104
-0.08542097,0.00006104
-0.08510097,0.00006104
-0.08478097,0.00006104
-0.08446097,0.00006104
-0.08414097,0.00006104
-0.08382097,0.00006104
-0.08350097,0.00006104
-0.08318097,0.00006104
-0.08286097,0.00006104
-0.08254097,0.00006104
-0.08222097,0.00006104
-0.08190097,-0.01770074
-0.08158097,0.00006104
-0.08126097,0.00006104
-0.08094097,0.00006104
-0.08062097,0.00006104
-0.08030097,0.00006104
-0.07998097,0.00006104
-0.07966097,0.00006104
-0.07934097,0.00006104
-0.07902097,0.00006104
-0.07870097,0.00006104
-0.07838097,0.00006104
-0.07806097,0.00006104
-0.07774097,0.00006104
-0.07742097,0.00006104
-0.07710097,0.00006104
-0.07678097,0.00006104
-0.07646097,0.00006104
-0.07614097,0.00006104
-0.07582097,0.00006104
-0.07550097,0.00006104
-0.07518097,0.00006104
-0.07486097,0.00006104
-0.07454097,0.00006104
-0.07422097,0.00006104
-0.07390097,0.00006104
-0.07358097,0.00006104
-0.07326097,0.00006104
-0.07294097,0.00006104
-0.07262097,0.00006104
-0.07230097,0.00006104
-0.07198097,0.00006104
-0.07166097,0.00006104
-0.07134097,0.00006104
-0.07102097,0.00006104
-0.07070097,0.00006104
-0.07038097,0.00006104
-0.07006097,0.00006104
-0.06974097,0.00006104
-0.06942097,0.00006104
-0.06910097,0.00006104
-0.06878097,0.00006104
-0.06846097,-0.01770074
-0.06814097,0.00006104
-0.06782097,0.00006104
-0.06750097,0.00006104
-0.06718097,-0.01770074
-0.06686097,0.00006104
-0.06654097,0.00006104
-0.06622097,0.00006104
-0.06590097,0.00006104
-0.06558097,0.00006104
-0.06526097,0.00006104
-0.06494097,0.00006104
-0.06462097,0.00006104
-0.06430097,0.00006104
-0.06398097,0.00006104
-0.06366097,0.00006104
-0.06334097,0.00006104
-0.06302097,0.00006104
-0.06270097,0.00006104
-0.06238097,0.00006104
-0.06206097,0.00006104
-0.06174097,0.00006104
-0.06142097,0.00006104
-0.06110097,0.00006104
-0.06078097,0.00006104
-0.06046097,0.00006104
-0.06014097,0.00006104
-0.05982097,0.00006104
-0.05950097,0.00006104
-0.05918097,0.00006104
-0.05886097,0.00006104
-0.05854097,-0.01770074
-0.05822097,0.00006104
-0.05790097,0.00006104
-0.05758097,-0.01770074
-0.05726097,0.00006104
-0.05694097,0.00006104
-0.05662097,0.00006104
-0.05630097,0.00006104
-0.05598097,-0.01770074
-0.05566097,0.00006104
-0.05534097,0.00006104
-0.05502097,0.00006104
-0.05470097,0.00006104
-0.05438097,0.00006104
-0.05406097,0.00006104
-0.05374097,0.00006104
-0.05342097,0.00006104
-0.05310097,0.00006104
-0.05278097,0.00006104
-0.05246097,0.00006104
-0.05214097,0.00006104
-0.05182097,0.00006104
-0.05150097,0.00006104
-0.05118097,0.00006104
-0.05086097,0.00006104
-0.05054097,0.00006104
-0.05022097,0.00006104
-0.04990097,0.00006104
-0.04958097,0.00006104
-0.04926097,0.00006104
-0.04894097,0.00006104
-0.04862097,0.00006104
-0.04830097,0.00006104
-0.04798097,0.00006104
-0.04766097,0.00006104
-0.04734097,0.00006104
-0.04702097,0.00006104
-0.04670097,0.00006104
-0.04638097,0.00006104
-0.04606097,0.00006104
-0.04574097,-0.01770074
-0.04542097,0.00006104
-0.04510097,0.00006104
-0.04478097,0.00006104
-0.04446097,0.00006104
-0.04414097,0.00006104
-0.04382097,0.00006104
-0.04350097,0.00006104
-0.04318097,0.00006104
-0.04286097,0.00006104
-0.04254097,0.00006104
-0.04222097,0.00006104
-0.04190097,0.00006104
-0.04158097,0.00006104
-0.04126097,0.00006104
-0.04094097,0.00006104
-0.04062097,0.00006104
-0.04030097,0.00006104
-0.03998097,0.00006104
-0.03966097,0.00006104
-0.03934097,0.00006104
-0.03902097,0.00006104
-0.03870097,0.00006104
-0.03838097,0.00006104
-0.03806097,0.00006104
-0.03774097,0.00006104
-0.03742097,0.00006104
-0.03710097,0.00006104
-0.03678097,-0.01770074
-0.03646097,0.00006104
-0.03614097,0.00006104
-0.03582097,0.00006104
-0.03550097,0.00006104
-0.03518097,0.00006104
-0.03486097,0.00006104
-0.03454097,0.00006104
-0.03422097,0.00006104
-0.03390097,0.00006104
-0.03358097,0.00006104
-0.03326097,0.00006104
-0.03294097,0.00006104
-0.03262097,0.00006104
-0.03230097,0.00006104
-0.03198097,0.00006104
-0.03166097,0.00006104
-0.03134097,0.00006104
-0.03102097,0.00006104
-0.03070097,0.00006104
-0.03038097,0.00006104
-0.03006097,0.00006104
-0.02974097,0.00006104
-0.02942097,0.00006104
-0.02910097,0.00006104
-0.02878097,0.00006104
-0.02846097,0.00006104
-0.02814097,0.00006104
-0.02782097,-0.01770074
-0.02750097,0.00006104
-0.02718097,0.00006104
-0.02686097,0.00006104
-0.02654097,0.00006104
-0.02622097,0.00006104
-0.02590097,0.00006104
-0.02558097,0.00006104
-0.02526097,0.00006104
-0.02494097,0.00006104
-0.02462097,0.00006104
-0.02430097,0.00006104
-0.02398097,0.00006104
-0.02366097,0.00006104
-0.02334097,0.00006104
-0.02302097,0.00006104
-0.02270097,0.00006104
-0.02238097,0.00006104
-0.02206097,0.00006104
-0.02174097,0.00006104
-0.02142097,0.00006104
-0.02110097,0.00006104
-0.02078097,0.00006104
-0.02046097,0.00006104
-0.02014097,0.00006104
-0.01982097,0.00006104
-0.01950097,0.00006104
-0.01918097,0.00006104
-0.01886097,0.00006104
-0.01854097,0.00006104
-0.01822097,0.00006104
-0.01790097,0.00006104
-0.01758097,0.00006104
-0.01726097,0.00006104
-0.01694097,0.00006104
-0.01662097,0.00006104
-0.01630097,0.00006104
-0.01598097,0.00006104
-0.01566097,0.00006104
-0.01534097,0.00006104
-0.01502097,0.00006104
-0.01470097,0.00006104
-0.01438097,0.00006104
-0.01406097,0.00006104
-0.01374097,0.00006104
-0.01342097,0.00006104
-0.01310097,0.00006104
-0.01278097,-0.01770074
-0.01246097,0.00006104
-0.01214097,0.00006104
-0.01182097,0.00006104
-0.01150097,-0.01770074
-0.01118097,0.00006104
-0.01086097,0.00006104
-0.01054097,0.00006104
-0.01022097,0.00006104
-0.00990097,0.00006104
-0.00958097,0.00006104
-0.00926097,0.00006104
-0.00894097,0.00006104
-0.00862097,0.00006104
-0.00830097,0.00006104
-0.00798097,-0.01770074
-0.00766097,0.00006104
-0.00734097,0.00006104
-0.00702097,0.00006104
-0.00670097,0.00006104
-0.00638097,0.00006104
-0.00606097,0.00006104
-0.00574097,0.00006104
-0.00542097,0.00006104
-0.00510097,0.00006104
-0.00478097,-0.01770074
-0.00446097,0.00006104
-0.00414097,0.00006104
-0.00382097,0.00006104
-0.00350097,0.00006104
-0.00318097,0.00006104
-0.00286097,0.00006104
-0.00254097,0.00006104
-0.00222097,0.00006104
-0.00190097,0.00006104
-0.00158097,1.97589040
-0.00126097,1.53086948
-0.00094097,-0.53395182
-0.00062097,-0.62294382
-0.00030097,-0.23133031
0.00001903,0.00006104
0.00033903,0.01788385
0.00065903,0.00006104
0.00097903,-0.01770074
0.00129903,-0.01770074
0.00161903,-0.24915311
0.00193903,-0.99679554
0.00225903,-∞
0.00257903,-0.69417399
0.00289903,-0.30256051
0.00321903,-0.07110813
0.00353903,0.00006104
0.00385903,0.01788385
0.00417903,0.03570665
0.00449903,0.01788385
0.00481903,0.01788385
0.00513903,0.01788385
0.00545903,0.01788385
0.00577903,0.03570665
0.00609903,0.03570665
0.00641903,0.03570665
0.00673903,0.01788385
0.00705903,0.01788385
0.00737903,0.00006104
0.00769903,0.00006104
0.00801903,0.01788385
0.00833903,0.01788385
0.00865903,0.05346843
0.00897903,0.05346843
0.00929903,0.07129124
0.00961903,0.07129124
0.00993903,0.05346843
0.01025903,0.07129124
0.01057903,0.05346843
0.01089903,0.03570665
0.01121903,0.07129124
0.01153903,0.08911405
0.01185903,0.07129124
0.01217903,0.03570665
0.01249903,0.03570665
0.01281903,0.03570665
0.01313903,0.01788385
0.01345903,0.00006104
0.01377903,-0.01770074
0.01409903,-0.01770074
0.01441903,-0.01770074
0.01473903,0.03570665
0.01505903,0.00006104
0.01537903,0.00006104
0.01569903,0.05346843
0.01601903,-0.03552354
0.01633903,-0.01770074
0.01665903,0.03570665
0.01697903,-0.03552354
0.01729903,0.01788385
0.01761903,0.03570665
0.01793903,0.01788385
0.01825903,0.03570665
0.01857903,0.03570665
0.01889903,0.01788385
0.01921903,0.01788385
0.01953903,0.01788385
0.01985903,0.01788385
0.02017903,0.00006104
0.02049903,0.01788385
0.02081903,0.03570665
0.02113903,0.01788385
0.02145903,0.00006104
0.02177903,0.01788385
0.02209903,0.01788385
0.02241903,0.01788385
0.02273903,0.01788385
0.02305903,-0.01770074
0.02337903,0.00006104
0.02369903,0.01788385
0.02401903,0.00006104
0.02433903,0.00006104
0.02465903,0.03570665
0.02497903,0.01788385
0.02529903,0.00006104
0.02561903,0.01788385
0.02593903,0.00006104
0.02625903,0.01788385
0.02657903,0.01788385
0.02689903,0.00006104
0.02721903,0.00006104
0.02753903,0.01788385
0.02785903,0.01788385
0.02817903,0.00006104
0.02849903,0.00006104
0.02881903,-0.01770074
0.02913903,0.01788385
0.02945903,0.00006104
0.02977903,-0.01770074
0.03009903,-0.01770074
0.03041903,0.00006104
0.03073903,0.00006104
0.03105903,0.00006104
0.03137903,0.01788385
0.03169903,0.01788385
0.03201903,0.01788385
0.03233903,0.00006104
0.03265903,0.00006104
0.03297903,0.01788385
0.03329903,0.01788385
0.03361903,0.00006104
0.03393903,0.01788385
0.03425903,0.01788385
0.03457903,0.00006104
0.03489903,0.01788385
0.03521903,0.00006104
0.03553903,0.00006104
0.03585903,0.00006104
0.03617903,0.00006104
0.03649903,0.00006104
0.03681903,0.01788385
0.03713903,0.00006104
0.03745903,0.01788385
0.03777903,0.01788385
0.03809903,0.00006104
0.03841903,0.00006104
0.03873903,0.01788385
0.03905903,0.00006104
0.03937903,0.00006104
0.03969903,0.00006104
0.04001903,0.00006104
0.04033903,0.00006104
0.04065903,0.00006104
0.04097903,0.00006104
0.04129903,0.00006104
0.04161903,0.00006104
0.04193903,0.00006104
0.04225903,0.00006104
0.04257903,0.00006104
0.04289903,0.01788385
0.04321903,0.00006104
0.04353903,0.00006104
0.04385903,0.00006104
0.04417903,0.01788385
0.04449903,0.00006104
0.04481903,0.00006104
0.04513903,0.00006104
0.04545903,0.00006104
0.04577903,0.00006104
0.04609903,0.00006104
0.04641903,0.00006104
0.04673903,0.00006104
0.04705903,0.00006104
0.04737903,-0.01770074
0.04769903,-0.01770074
0.04801903,0.00006104
0.04833903,0.00006104
0.04865903,0.00006104
0.04897903,0.00006104
0.04929903,0.00006104
0.04961903,0.00006104
0.04993903,0.00006104
0.05025903,0.00006104
0.05057903,0.00006104
0.05089903,0.00006104
0.05121903,0.00006104
0.05153903,0.00006104
0.05185903,0.01788385
0.05217903,0.00006104
0.05249903,0.00006104
0.05281903,0.00006104
0.05313903,0.00006104
0.05345903,0.00006104
0.05377903,0.00006104
0.05409903,-0.01770074
0.05441903,0.00006104
0.05473903,0.00006104
0.05505903,0.00006104
0.05537903,0.00006104
0.05569903,0.00006104
0.05601903,0.00006104
0.05633903,-0.01770074
0.05665903,0.00006104
0.05697903,-0.01770074
0.05729903,0.00006104
0.05761903,0.00006104
0.05793903,0.00006104
0.05825903,0.00006104
0.05857903,0.00006104
0.05889903,0.00006104
0.05921903,0.00006104
0.05953903,0.00006104
0.05985903,0.00006104
0.06017903,0.00006104
0.06049903,0.00006104
0.06081903,0.00006104
0.06113903,0.00006104
0.06145903,0.00006104
0.06177903,0.00006104
0.06209903,0.00006104
0.06241903,0.00006104
0.06273903,0.00006104
0.06305903,0.00006104
0.06337903,0.00006104
0.06369903,0.00006104
0.06401903,0.00006104
0.06433903,0.00006104
0.06465903,0.00006104
0.06497903,0.00006104
0.06529903,0.00006104
0.06561903,0.00006104
0.06593903,0.00006104
0.06625903,0.00006104
0.06657903,0.00006104
0.06689903,0.00006104
0.06721903,0.00006104
0.06753903,0.00006104
0.06785903,0.00006104
0.06817903,0.00006104
0.06849903,0.00006104
0.06881903,0.00006104
0.06913903,0.00006104
0.06945903,0.00006104
0.06977903,0.00006104
0.07009903,0.00006104
0.07041903,0.00006104
0.07073903,0.00006104
0.07105903,0.00006104
0.07137903,0.00006104
0.07169903,0.00006104
0.07201903,0.00006104
0.07233903,0.00006104
0.07265903,0.00006104
0.07297903,0.00006104
0.07329903,0.00006104
0.07361903,0.00006104
0.07393903,0.00006104
0.07425903,0.00006104
0.07457903,0.00006104
0.07489903,0.00006104
0.07521903,0.00006104
0.07553903,0.00006104
0.07585903,-0.01770074
0.07617903,0.00006104
0.07649903,0.00006104
0.07681903,-0.01770074
0.07713903,0.00006104
0.07745903,0.00006104
0.07777903,-0.01770074
0.07809903,0.00006104
0.07841903,0.00006104
0.07873903,0.00006104
0.07905903,-0.01770074
0.07937903,0.00006104
0.07969903,0.00006104
0.08001903,0.00006104
0.08033903,0.00006104
0.08065903,0.00006104
0.08097903,0.00006104
0.08129903,0.00006104
0.08161903,0.00006104
0.08193903,0.00006104
0.08225903,0.00006104
0.08257903,0.00006104
0.08289903,0.00006104
0.08321903,0.00006104
0.08353903,0.00006104
0.08385903,0.00006104
0.08417903,0.00006104
0.08449903,0.00006104
0.08481903,0.00006104
0.08513903,0.00006104
0.08545903,0.00006104
0.08577903,0.00006104
0.08609903,0.00006104
0.08641903,0.00006104
0.08673903,0.00006104
0.08705903,0.00006104
0.08737903,0.00006104
0.08769903,0.00006104
0.08801903,0.00006104
0.08833903,0.00006104
0.08865903,0.00006104
0.08897903,0.00006104
0.08929903,0.00006104
0.08961903,0.00006104
0.08993903,-0.01770074
0.09025903,0.00006104
0.09057903,0.00006104
0.09089903,0.00006104
0.09121903,0.00006104
0.09153903,0.00006104
0.09185903,0.00006104
0.09217903,0.00006104
0.09249903,0.00006104
0.09281903,0.00006104
0.09313903,0.00006104
0.09345903,-0.01770074
0.09377903,0.00006104
0.09409903,-0.01770074
0.09441903,0.00006104
0.09473903,0.00006104
0.09505903,0.00006104
0.09537903,0.00006104
0.09569903,0.00006104
0.09601903,0.00006104
0.09633903,0.00006104
0.09665903,0.00006104
0.09697903,0.00006104
0.09729903,-0.01770074
0.09761903,0.00006104
0.09793903,0.00006104
0.09825903,0.00006104
0.09857903,0.00006104
0.09889903,0.00006104
0.09921903,0.00006104
0.09953903,0.00006104
0.09985903,0.00006104
0.10017903,0.00006104
0.10049903,0.00006104
0.10081903,0.00006104
0.10113903,0.00006104
0.10145903,0.00006104
0.10177903,0.00006104
0.10209903,0.00006104
0.10241903,0.00006104
0.10273903,0.00006104
0.10305903,0.00006104
0.10337903,0.00006104
0.10369903,0.00006104
0.10401903,0.00006104
0.10433903,0.00006104
0.10465903,0.00006104
0.10497903,0.00006104
0.10529903,0.00006104
0.10561903,0.00006104
0.10593903,0.00006104
0.10625903,0.00006104
0.10657903,0.00006104
0.10689903,0.00006104
0.10721903,0.00006104
0.10753903,0.00006104
0.10785903,0.00006104
0.10817903,0.00006104
0.10849903,0.00006104
0.10881903,0.00006104
0.10913903,0.00006104
0.10945903,0.00006104
0.10977903,0.00006104
0.11009903,0.00006104
0.11041903,0.00006104
0.11073903,0.00006104
0.11105903,0.00006104
0.11137903,0.00006104
0.11169903,0.00006104
0.11201903,0.00006104
0.11233903,0.00006104
0.11265903,0.00006104
0.11297903,0.00006104
0.11329903,0.00006104
0.11361903,0.00006104
0.11393903,-0.01770074
0.11425903,0.00006104
0.11457903,0.00006104
0.11489903,0.00006104
0.11521903,0.00006104
0.11553903,0.00006104
0.11585903,0.00006104
0.11617903,0.00006104
0.11649903,0.00006104
0.11681903,0.00006104
0.11713903,0.00006104
0.11745903,0.00006104
0.11777903,0.00006104
0.11809903,0.00006104
0.11841903,0.00006104
0.11873903,0.00006104
0.11905903,0.00006104
0.11937903,0.00006104
0.11969903,0.00006104
0.12001903,0.00006104
0.12033903,0.00006104
0.12065903,0.00006104
0.12097903,0.00006104
0.12129903,0.00006104
0.12161903,0.00006104
0.12193903,0.00006104
0.12225903,0.00006104
0.12257903,0.00006104
0.12289903,0.00006104
0.12321903,0.00006104
0.12353903,0.00006104
0.12385903,0.00006104
0.12417903,0.00006104
0.12449903,0.00006104
0.12481903,0.00006104
0.12513903,0.00006104
0.12545903,0.00006104
0.12577903,0.00006104
0.12609903,0.00006104
0.12641903,0.00006104
0.12673903,0.00006104
0.12705903,0.00006104
0.12737903,0.00006104
0.12769903,0.00006104
0.12801903,0.00006104
0.12833903,0.00006104
0.12865903,0.00006104
0.12897903,0.00006104
0.12929903,0.00006104
0.12961903,0.00006104
0.12993903,0.00006104
0.13025903,0.00006104
0.13057903,0.00006104
0.13089903,0.00006104
0.13121903,0.00006104
0.13153903,0.00006104
0.13185903,0.00006104
0.13217903,0.00006104
0.13249903,0.00006104
0.13281903,0.00006104
0.13313903,0.00006104
0.13345903,0.00006104
0.13377903,0.00006104
0.13409903,0.00006104
0.13441903,0.00006104
0.13473903,0.00006104
0.13505903,0.00006104
0.13537903,0.00006104
0.13569903,0.00006104
0.13601903,0.00006104
0.13633903,0.00006104
0.13665903,0.00006104
0.13697903,0.00006104
0.13729903,0.00006104
0.13761903,0.00006104
0.13793903,0.00006104
0.13825903,0.00006104
0.13857903,0.00006104
0.13889903,0.00006104
0.13921903,0.00006104
0.13953903,-0.01770074
0.13985903,0.00006104
0.14017903,0.00006104
0.14049903,0.00006104
0.14081903,0.00006104
0.14113903,0.00006104
0.14145903,-0.01770074
0.14177903,0.00006104
0.14209903,-0.01770074
0.14241903,0.00006104
0.14273903,0.00006104
0.14305903,-0.01770074
0.14337903,0.00006104
0.14369903,0.00006104
0.14401903,0.00006104
0.14433903,0.00006104
0.14465903,0.00006104
0.14497903,0.00006104
0.14529903,0.00006104
0.14561903,0.00006104
0.14593903,0.00006104
0.14625903,0.00006104
0.14657903,0.00006104
0.14689903,0.00006104
0.14721903,0.00006104
0.14753903,0.00006104
0.14785903,0.00006104
0.14817903,0.00006104
0.14849903,0.00006104
0.14881903,-0.01770074
0.14913903,0.00006104
0.14945903,0.00006104
0.14977903,0.00006104
0.15009903,0.00006104
0.15041903,0.00006104
0.15073903,0.00006104
0.15105903,0.00006104
0.15137903,0.00006104
0.15169903,0.00006104
0.15201903,0.00006104
0.15233903,0.00006104
0.15265903,0.00006104
0.15297903,0.00006104
0.15329903,0.00006104
0.15361903,0.00006104
0.15393903,0.00006104
0.15425903,-0.01770074
0.15457903,0.00006104
0.15489903,0.00006104
0.15521903,0.00006104
0.15553903,-0.01770074
0.15585903,0.00006104
0.15617903,0.00006104
0.15649903,0.00006104
0.15681903,0.00006104
0.15713903,0.00006104
0.15745903,0.00006104
0.15777903,0.00006104
0.15809903,0.00006104
0.15841903,0.00006104
0.15873903,0.00006104
0.15905903,0.00006104
0.15937903,0.00006104
0.15969903,0.00006104
0.16001903,0.00006104
0.16033903,0.00006104
0.16065903,0.00006104
0.16097903,0.00006104
0.16129903,0.00006104
0.16161903,0.00006104
0.16193903,0.00006104
0.16225903,0.00006104
0.16257903,0.00006104
0.16289903,0.00006104
0.16321903,0.00006104
0.16353903,0.00006104
0.16385903,0.00006104
0.16417903,0.00006104
0.16449903,0.00006104
0.16481903,0.00006104
0.16513903,0.00006104
0.16545903,0.00006104
0.16577903,0.00006104
0.16609903,0.00006104
0.16641903,0.00006104
0.16673903,0.00006104
0.16705903,0.00006104
0.16737903,0.00006104
0.16769903,0.00006104
0.16801903,0.00006104
0.16833903,0.00006104
0.16865903,0.00006104
0.16897903,0.00006104
0.16929903,0.00006104
0.16961903,0.00006104
0.16993903,0.00006104
0.17025903,0.00006104
0.17057903,-0.01770074
0.17089903,0.00006104
0.17121903,0.00006104
0.17153903,0.00006104
0.17185903,0.00006104
0.17217903,0.00006104
0.17249903,0.00006104
0.17281903,0.00006104
0.17313903,0.00006104
0.17345903,0.00006104
0.17377903,0.00006104
0.17409903,0.00006104
0.17441903,0.00006104
0.17473903,0.00006104
0.17505903,0.00006104
0.17537903,0.00006104
0.17569903,0.00006104
0.17601903,0.00006104
0.17633903,0.00006104
0.17665903,0.00006104
0.17697903,0.00006104
0.17729903,-0.01770074
0.17761903,0.00006104
0.17793903,0.00006104
0.17825903,0.00006104
0.17857903,0.00006104
0.17889903,0.00006104
0.17921903,0.00006104
0.17953903,0.00006104
0.17985903,0.00006104
0.18017903,0.00006104
0.18049903,-0.01770074
0.18081903,0.00006104
0.18113903,0.00006104
0.18145903,0.00006104
0.18177903,0.00006104
0.18209903,0.00006104
0.18241903,0.00006104
0.18273903,0.00006104
0.18305903,0.00006104
0.18337903,0.00006104
0.18369903,0.00006104
0.18401903,0.00006104
0.18433903,-0.01770074
0.18465903,0.00006104
0.18497903,-0.01770074
0.18529903,0.00006104
0.18561903,0.00006104
0.18593903,0.00006104
0.18625903,0.00006104
0.18657903,0.00006104
0.18689903,-0.01770074
0.18721903,0.00006104
0.18753903,0.00006104
0.18785903,0.00006104
0.18817903,0.00006104
0.18849903,0.00006104
0.18881903,0.00006104
0.18913903,0.00006104
0.18945903,0.00006104
0.18977903,-0.01770074
0.19009903,-0.01770074
0.19041903,0.00006104
0.19073903,0.00006104
0.19105903,0.00006104
0.19137903,0.00006104
0.19169903,0.00006104
0.19201903,0.00006104
0.19233903,0.00006104
0.19265903,0.00006104
0.19297903,0.00006104
0.19329903,0.00006104
0.19361903,0.00006104
0.19393903,0.00006104
0.19425903,0.00006104
0.19457903,0.00006104
0.19489903,0.00006104
0.19521903,0.00006104
0.19553903,-0.01770074
0.19585903,0.00006104
0.19617903,0.00006104
0.19649903,0.00006104
0.19681903,0.00006104
0.19713903,0.00006104
0.19745903,0.00006104
0.19777903,0.00006104
0.19809903,0.00006104
0.19841903,0.00006104
0.19873903,0.00006104
0.19905903,0.00006104
0.19937903,0.00006104
0.19969903,0.00006104
0.20001903,0.00006104
0.20033903,-0.01770074
0.20065903,0.00006104
0.20097903,0.00006104
0.20129903,0.00006104
0.20161903,0.00006104
0.20193903,0.00006104
0.20225903,0.00006104
0.20257903,0.00006104
0.20289903,0.00006104
0.20321903,0.00006104
0.20353903,0.00006104
0.20385903,0.00006104
0.20417903,0.00006104
0.20449903,0.00006104
0.20481903,0.00006104
0.20513903,0.00006104
0.20545903,0.00006104
0.20577903,0.00006104
0.20609903,0.00006104
0.20641903,0.00006104
0.20673903,0.00006104
0.20705903,0.00006104
0.20737903,0.00006104
0.20769903,0.00006104
0.20801903,-0.01770074
0.20833903,0.00006104
0.20865903,0.00006104
0.20897903,0.00006104
0.20929903,0.00006104
0.20961903,0.00006104
0.20993903,0.00006104
0.21025903,0.00006104
0.21057903,0.00006104
0.21089903,0.00006104
0.21121903,0.00006104
0.21153903,0.00006104
0.21185903,0.00006104
0.21217903,0.00006104
0.21249903,0.00006104
0.21281903,0.00006104
0.21313903,0.00006104
0.21345903,0.00006104
0.21377903,0.00006104
0.21409903,0.00006104
0.21441903,0.00006104
0.21473903,0.00006104
0.21505903,0.00006104
0.21537903,0.00006104
0.21569903,0.00006104
0.21601903,0.00006104
0.21633903,0.00006104
0.21665903,0.00006104
0.21697903,0.00006104
0.21729903,0.00006104
0.21761903,0.00006104
0.21793903,0.00006104
0.21825903,0.00006104
0.21857903,0.00006104
0.21889903,0.00006104
0.21921903,-0.01770074
0.21953903,0.00006104
0.21985903,0.00006104
0.22017903,0.00006104
0.22049903,0.00006104
0.22081903,0.00006104
0.22113903,0.00006104
0.22145903,0.00006104
0.22177903,0.00006104
0.22209903,0.00006104
0.22241903,0.00006104
0.22273903,0.00006104
0.22305903,-0.01770074
0.22337903,0.00006104
0.22369903,0.00006104
0.22401903,0.00006104
0.22433903,0.00006104
0.22465903,0.00006104
0.22497903,0.00006104
0.22529903,-0.01770074
0.22561903,0.00006104
0.22593903,0.00006104
0.22625903,0.00006104
0.22657903,0.00006104
0.22689903,-0.01770074
0.22721903,0.00006104
0.22753903,0.00006104
0.22785903,0.00006104
0.22817903,0.00006104
0.22849903,0.00006104
0.22881903,0.00006104
0.22913903,0.00006104
0.22945903,0.00006104
0.22977903,0.00006104
0.23009903,0.00006104
0.23041903,0.00006104
0.23073903,0.00006104
0.23105903,0.00006104
0.23137903,0.00006104
0.23169903,0.00006104
0.23201903,0.00006104
0.23233903,0.00006104
0.23265903,0.00006104
0.23297903,0.00006104
0.23329903,0.00006104
0.23361903,0.00006104
0.23393903,0.00006104
0.23425903,0.00006104
0.23457903,0.00006104
0.23489903,0.00006104
0.23521903,0.00006104
0.23553903,0.00006104
0.23585903,0.00006104
0.23617903,0.00006104
0.23649903,0.00006104
0.23681903,0.00006104
0.23713903,0.00006104
0.23745903,0.00006104
0.23777903,0.00006104
0.23809903,-0.01770074
0.23841903,0.00006104
0.23873903,0.00006104
0.23905903,0.00006104
0.23937903,0.00006104
0.23969903,0.00006104
0.24001903,0.00006104
0.24033903,0.00006104
0.24065903,0.00006104
0.24097903,0.00006104
0.24129903,0.00006104
0.24161903,0.00006104
0.24193903,0.00006104
0.24225903,0.00006104
0.24257903,0.00006104
0.24289903,0.00006104
0.24321903,0.00006104
0.24353903,0.00006104
0.24385903,0.00006104
0.24417903,0.00006104
0.24449903,0.00006104
0.24481903,0.00006104
0.24513903,0.00006104
0.24545903,0.00006104
0.24577903,0.00006104
0.24609903,0.00006104
0.24641903,0.00006104
0.24673903,0.00006104
0.24705903,0.00006104
0.24737903,0.00006104
0.24769903,0.00006104
0.24801903,-0.01770074
0.24833903,0.00006104
0.24865903,0.00006104
0.24897903,0.00006104
0.24929903,0.00006104
0.24961903,0.00006104
0.24993903,0.00006104
0.25025903,0.00006104
0.25057903,0.00006104
0.25089903,0.00006104
0.25121903,0.00006104
0.25153903,0.00006104
0.25185903,0.00006104
0.25217903,0.00006104
0.25249903,0.00006104
0.25281903,0.00006104
0.25313903,0.00006104
0.25345903,0.00006104
0.25377903,-0.01770074
0.25409903,0.00006104
0.25441903,0.00006104
0.25473903,0.00006104
0.25505903,0.00006104
0.25537903,0.00006104
0.25569903,0.00006104
0.25601903,0.00006104
0.25633903,0.00006104
0.25665903,0.00006104
0.25697903,0.00006104
0.25729903,0.00006104
0.25761903,0.00006104
0.25793903,-0.01770074
0.25825903,-0.01770074
0.25857903,0.00006104
0.25889903,0.00006104
0.25921903,0.00006104
0.25953903,0.00006104
0.25985903,0.00006104
0.26017903,0.00006104
0.26049903,0.00006104
0.26081903,0.00006104
0.26113903,0.00006104
0.26145903,0.00006104
0.26177903,0.00006104
0.26209903,0.00006104
0.26241903,0.00006104
0.26273903,0.00006104
0.26305903,0.00006104
0.26337903,0.01788385
0.26369903,0.00006104
0.26401903,0.00006104
0.26433903,0.00006104
0.26465903,0.00006104
0.26497903,0.00006104
0.26529903,0.00006104
0.26561903,0.00006104
0.26593903,0.00006104
0.26625903,-0.01770074
0.26657903,0.00006104
0.26689903,0.00006104
0.26721903,0.00006104
0.26753903,0.00006104
0.26785903,0.00006104
0.26817903,0.00006104
0.26849903,0.00006104
0.26881903,0.00006104
0.26913903,0.00006104
0.26945903,0.00006104
0.26977903,0.00006104
0.27009903,0.00006104
0.27041903,0.00006104
0.27073903,0.00006104
0.27105903,0.00006104
0.27137903,0.00006104
0.27169903,0.00006104
0.27201903,0.00006104
0.27233903,0.00006104
0.27265903,0.00006104
0.27297903,0.00006104
0.27329903,0.00006104
0.27361903,0.00006104
0.27393903,0.00006104
0.27425903,-0.01770074
0.27457903,-0.01770074
0.27489903,0.00006104
0.27521903,0.00006104
0.27553903,0.00006104
0.27585903,0.00006104
0.27617903,0.00006104
0.27649903,0.00006104
0.27681903,0.00006104
0.27713903,0.00006104
0.27745903,0.01788385
0.27777903,0.00006104
0.27809903,0.00006104
0.27841903,0.00006104
0.27873903,0.00006104
0.27905903,0.00006104
0.27937903,0.00006104
0.27969903,0.00006104
0.28001903,0.00006104
0.28033903,0.00006104
0.28065903,0.00006104
0.28097903,0.00006104
0.28129903,0.00006104
0.28161903,0.00006104
0.28193903,0.00006104
0.28225903,0.00006104
0.28257903,0.00006104
0.28289903,0.00006104
0.28321903,0.00006104
0.28353903,0.00006104
0.28385903,0.00006104
0.28417903,0.00006104
0.28449903,0.00006104
0.28481903,0.00006104
0.28513903,0.00006104
0.28545903,0.00006104
0.28577903,0.00006104
0.28609903,0.00006104
0.28641903,0.00006104
0.28673903,0.00006104
0.28705903,0.00006104
0.28737903,0.00006104
0.28769903,0.00006104
0.28801903,0.00006104
0.28833903,0.00006104
0.28865903,0.00006104
0.28897903,0.00006104
0.28929903,0.00006104
0.28961903,0.00006104
0.28993903,-0.01770074
0.29025903,0.00006104
0.29057903,0.00006104
0.29089903,0.00006104
0.29121903,0.00006104
0.29153903,0.00006104
0.29185903,0.00006104
0.29217903,0.00006104
0.29249903,0.00006104
0.29281903,0.00006104
0.29313903,0.00006104
0.29345903,0.00006104
0.29377903,0.00006104
0.29409903,0.00006104
0.29441903,0.00006104
0.29473903,0.00006104
0.29505903,0.00006104
0.29537903,0.00006104
0.29569903,0.00006104
0.29601903,0.00006104
0.29633903,0.00006104
0.29665903,0.00006104
0.29697903,0.00006104
0.29729903,0.00006104
0.29761903,0.00006104
0.29793903,0.00006104
0.29825903,0.00006104
0.29857903,0.00006104
0.29889903,0.00006104
0.29921903,0.00006104
0.29953903,-0.01770074
0.29985903,0.00006104
0.30017903,0.00006104
0.30049903,0.00006104
0.30081903,0.00006104
0.30113903,-0.01770074
0.30145903,0.00006104
0.30177903,0.00006104
0.30209903,0.00006104
0.30241903,0.00006104
0.30273903,0.00006104
0.30305903,0.00006104
0.30337903,0.00006104
0.30369903,0.00006104
0.30401903,0.00006104
0.30433903,0.00006104
0.30465903,0.00006104
0.30497903,-0.01770074
0.30529903,0.00006104
0.30561903,0.00006104
0.30593903,0.00006104
0.30625903,0.00006104
0.30657903,0.00006104
0.30689903,0.00006104
0.30721903,0.00006104
0.30753903,0.00006104
0.30785903,0.00006104
0.30817903,0.00006104
0.30849903,0.00006104
0.30881903,0.00006104
0.30913903,0.00006104
0.30945903,0.00006104
0.30977903,0.00006104
0.31009903,0.00006104
0.31041903,0.00006104
0.31073903,0.00006104
0.31105903,0.00006104
0.31137903,0.00006104
0.31169903,0.00006104
0.31201903,0.00006104
0.31233903,0.00006104
0.31265903,0.00006104
0.31297903,0.00006104
0.31329903,0.00006104
0.31361903,0.00006104
0.31393903,0.00006104
0.31425903,0.00006104
0.31457903,0.00006104
0.31489903,0.00006104
0.31521903,-0.01770074
0.31553903,0.00006104
0.31585903,0.00006104
0.31617903,0.00006104
0.31649903,0.00006104
0.31681903,-0.01770074
0.31713903,0.00006104
0.31745903,0.00006104
0.31777903,0.00006104
0.31809903,0.00006104
0.31841903,0.00006104
0.31873903,0.00006104
0.31905903,0.00006104
0.31937903,0.00006104
0.31969903,0.00006104
0.32001903,0.00006104
0.32033903,0.00006104
0.32065903,0.00006104
0.32097903,0.00006104
0.32129903,0.00006104
0.32161903,0.00006104
0.32193903,0.00006104
0.32225903,-0.01770074
0.32257903,0.00006104
0.32289903,0.00006104
0.32321903,0.00006104
0.32353903,0.00006104
0.32385903,0.00006104
0.32417903,0.00006104
0.32449903,0.00006104
0.32481903,0.00006104
0.32513903,0.00006104
0.32545903,0.00006104
0.32577903,0.00006104
0.32609903,0.00006104
0.32641903,0.00006104
0.32673903,0.00006104
0.32705903,0.00006104
0.32737903,0.00006104
0.32769903,0.00006104
0.32801903,0.00006104
0.32833903,0.00006104
0.32865903,0.00006104
0.32897903,0.00006104
0.32929903,0.00006104
0.32961903,0.00006104
0.32993903,0.00006104
0.33025903,0.00006104
0.33057903,-0.01770074
0.33089903,0.00006104
0.33121903,-0.01770074
0.33153903,0.00006104
0.33185903,0.00006104
0.33217903,0.00006104
0.33249903,0.00006104
0.33281903,0.00006104
0.33313903,0.00006104
0.33345903,0.00006104
0.33377903,0.00006104
0.33409903,0.00006104
0.33441903,0.00006104
0.33473903,0.00006104
0.33505903,0.00006104
0.33537903,0.00006104
0.33569903,0.00006104
0.33601903,0.00006104
0.33633903,0.00006104
0.33665903,0.00006104
0.33697903,-0.01770074
0.33729903,0.00006104
0.33761903,0.00006104
0.33793903,0.00006104
0.33825903,0.00006104
0.33857903,0.00006104
0.33889903,0.00006104
0.33921903,0.00006104
0.33953903,0.00006104
0.33985903,0.00006104
0.34017903,0.00006104
0.34049903,0.00006104
0.34081903,0.00006104
0.34113903,0.00006104
0.34145903,0.00006104
0.34177903,0.00006104
0.34209903,0.00006104
0.34241903,0.00006104
0.34273903,0.00006104
0.34305903,0.00006104
0.34337903,0.00006104
0.34369903,0.00006104
0.34401903,0.00006104
0.34433903,0.00006104
0.34465903,0.00006104
0.34497903,0.00006104
0.34529903,0.00006104
0.34561903,0.00006104
0.34593903,-0.01770074
0.34625903,0.00006104
0.34657903,0.00006104
0.34689903,0.00006104
0.34721903,0.00006104
0.34753903,0.00006104
0.34785903,0.00006104
0.34817903,0.00006104
0.34849903,-0.01770074
0.34881903,0.00006104
0.34913903,0.00006104
0.34945903,0.00006104
0.34977903,0.00006104
0.35009903,0.00006104
0.35041903,0.00006104
0.35073903,0.00006104
0.35105903,0.00006104
0.35137903,0.00006104
0.35169903,0.00006104
0.35201903,0.00006104
0.35233903,0.00006104
0.35265903,0.00006104
0.35297903,0.00006104
0.35329903,0.00006104
0.35361903,0.00006104
0.35393903,0.00006104
0.35425903,0.00006104
0.35457903,0.00006104
0.35489903,0.00006104
0.35521903,0.00006104
0.35553903,0.00006104
0.35585903,0.00006104
0.35617903,0.00006104
0.35649903,0.00006104
0.35681903,0.00006104
0.35713903,0.00006104
0.35745903,0.00006104
0.35777903,0.00006104
0.35809903,0.00006104
0.35841903,0.00006104
0.35873903,0.00006104
0.35905903,0.00006104
0.35937903,0.00006104
0.35969903,0.00006104
0.36001903,0.00006104
0.36033903,0.00006104
0.36065903,0.00006104
0.36097903,0.00006104
0.36129903,0.00006104
0.36161903,0.00006104
0.36193903,0.00006104
0.36225903,0.00006104
0.36257903,0.00006104
0.36289903,0.00006104
0.36321903,0.00006104
0.36353903,0.00006104
0.36385903,0.00006104
0.36417903,0.00006104
0.36449903,0.00006104
0.36481903,0.00006104
0.36513903,0.00006104
0.36545903,0.00006104
0.36577903,0.00006104
0.36609903,0.00006104
0.36641903,0.00006104
0.36673903,0.00006104
0.36705903,0.00006104
0.36737903,0.00006104
0.36769903,0.00006104
0.36801903,0.00006104
0.36833903,0.00006104
0.36865903,0.00006104
0.36897903,0.00006104
0.36929903,0.00006104
0.36961903,0.00006104
0.36993903,0.00006104
0.37025903,0.00006104
0.37057903,0.00006104
0.37089903,0.00006104
0.37121903,0.00006104
0.37153903,0.00006104
0.37185903,0.00006104
0.37217903,0.00006104
0.37249903,0.00006104
0.37281903,0.00006104
0.37313903,-0.01770074
0.37345903,0.00006104
0.37377903,0.00006104
0.37409903,0.00006104
0.37441903,0.00006104
0.37473903,0.00006104
0.37505903,0.00006104
0.37537903,0.00006104
0.37569903,0.00006104
0.37601903,0.00006104
0.37633903,0.00006104
0.37665903,0.00006104
0.37697903,0.00006104
0.37729903,0.00006104
0.37761903,0.00006104
0.37793903,0.00006104
0.37825903,0.00006104
0.37857903,0.00006104
0.37889903,0.00006104
0.37921903,0.00006104
0.37953903,0.00006104
0.37985903,0.00006104
0.38017903,0.00006104
0.38049903,0.00006104
0.38081903,0.00006104
0.38113903,0.00006104
0.38145903,0.00006104
0.38177903,0.00006104
0.38209903,0.00006104
0.38241903,0.00006104
0.38273903,0.00006104
0.38305903,0.00006104
0.38337903,0.00006104
0.38369903,0.00006104
0.38401903,0.00006104
0.38433903,0.00006104
0.38465903,0.00006104
0.38497903,0.00006104
0.38529903,0.00006104
0.38561903,0.00006104
0.38593903,0.00006104
0.38625903,0.00006104
0.38657903,0.00006104
0.38689903,0.00006104
0.38721903,0.00006104
0.38753903,0.00006104
0.38785903,0.00006104
0.38817903,0.00006104
0.38849903,0.00006104
0.38881903,0.00006104
0.38913903,0.00006104
0.38945903,0.00006104
0.38977903,0.00006104
0.39009903,0.00006104
0.39041903,0.00006104
0.39073903,0.00006104
0.39105903,0.00006104
0.39137903,0.00006104
0.39169903,0.00006104
0.39201903,0.00006104
0.39233903,0.00006104
0.39265903,0.00006104
0.39297903,0.00006104
0.39329903,0.00006104
0.39361903,0.00006104
0.39393903,0.00006104
0.39425903,0.00006104
0.39457903,0.00006104
0.39489903,0.00006104
0.39521903,0.00006104
0.39553903,0.00006104
0.39585903,0.00006104
0.39617903,0.00006104
0.39649903,0.00006104
0.39681903,0.00006104
0.39713903,0.00006104
0.39745903,0.00006104
0.39777903,0.00006104
0.39809903,0.00006104
0.39841903,0.00006104
0.39873903,0.00006104
0.39905903,0.00006104
0.39937903,0.00006104
0.39969903,0.00006104
0.40001903,0.00006104
0.40033903,0.00006104
0.40065903,0.00006104
0.40097903,0.00006104
0.40129903,0.00006104
0.40161903,0.00006104
0.40193903,0.00006104
0.40225903,0.00006104
0.40257903,0.00006104
0.40289903,-0.01770074
0.40321903,0.00006104
0.40353903,0.00006104
0.40385903,0.00006104
0.40417903,0.00006104
0.40449903,0.00006104
0.40481903,0.00006104
0.40513903,0.00006104
0.40545903,0.00006104
0.40577903,0.00006104
0.40609903,-0.01770074
0.40641903,0.00006104
0.40673903,0.00006104
0.40705903,0.00006104
0.40737903,-0.01770074
0.40769903,0.00006104
0.40801903,0.00006104
0.40833903,0.00006104
0.40865903,0.00006104
0.40897903,0.00006104
0.40929903,-0.01770074
0.40961903,0.00006104
0.40993903,0.00006104
0.41025903,0.00006104
0.41057903,0.00006104
0.41089903,0.00006104
0.41121903,0.00006104
0.41153903,0.00006104
0.41185903,0.00006104
0.41217903,0.00006104
0.41249903,-0.01770074
0.41281903,0.00006104
0.41313903,0.00006104
0.41345903,0.00006104
0.41377903,0.00006104
0.41409903,0.00006104
0.41441903,0.00006104
0.41473903,0.00006104
0.41505903,0.00006104
0.41537903,0.00006104
0.41569903,0.00006104
0.41601903,0.00006104
0.41633903,0.00006104
0.41665903,0.00006104
0.41697903,0.00006104
0.41729903,0.00006104
0.41761903,0.00006104
0.41793903,0.00006104
0.41825903,0.00006104
0.41857903,0.00006104
0.41889903,-0.01770074
0.41921903,0.00006104
0.41953903,0.00006104
0.41985903,0.00006104
0.42017903,0.00006104
0.42049903,0.00006104
0.42081903,0.00006104
0.42113903,0.00006104
0.42145903,0.00006104
0.42177903,0.00006104
0.42209903,0.00006104
0.42241903,0.00006104
0.42273903,0.00006104
0.42305903,0.00006104
0.42337903,0.00006104
0.42369903,0.00006104
0.42401903,0.00006104
0.42433903,0.00006104
0.42465903,0.00006104
0.42497903,0.00006104
0.42529903,0.00006104
0.42561903,0.00006104
0.42593903,0.00006104
0.42625903,0.00006104
0.42657903,0.00006104
0.42689903,0.00006104
0.42721903,0.00006104
0.42753903,0.00006104
0.42785903,0.00006104
0.42817903,-0.01770074
0.42849903,0.00006104
0.42881903,0.00006104
0.42913903,0.00006104
0.42945903,0.00006104
0.42977903,0.00006104
0.43009903,0.00006104
0.43041903,0.00006104
0.43073903,0.00006104
0.43105903,0.00006104
0.43137903,-0.01770074
0.43169903,0.00006104
0.43201903,0.00006104
0.43233903,0.00006104
0.43265903,0.00006104
0.43297903,0.00006104
0.43329903,-0.01770074
0.43361903,0.00006104
0.43393903,0.00006104
0.43425903,0.00006104
0.43457903,0.00006104
0.43489903,-0.01770074
0.43521903,0.00006104
0.43553903,0.00006104
0.43585903,-0.01770074
0.43617903,0.00006104
0.43649903,0.00006104
0.43681903,0.00006104
0.43713903,0.00006104
0.43745903,0.00006104
0.43777903,0.00006104
0.43809903,0.00006104
0.43841903,0.00006104
0.43873903,0.00006104
0.43905903,0.00006104
0.43937903,0.00006104
0.43969903,0.00006104
0.44001903,0.00006104
0.44033903,0.00006104
0.44065903,0.00006104
0.44097903,0.00006104
0.44129903,0.00006104
0.44161903,0.00006104
0.44193903,0.00006104
0.44225903,0.00006104
0.44257903,0.00006104
0.44289903,0.00006104
0.44321903,0.00006104
0.44353903,0.00006104
0.44385903,0.00006104
0.44417903,0.00006104
0.44449903,0.00006104
0.44481903,0.00006104
0.44513903,0.00006104
0.44545903,0.00006104
0.44577903,0.00006104
0.44609903,0.00006104
0.44641903,0.00006104
0.44673903,0.00006104
0.44705903,0.00006104
0.44737903,0.00006104
0.44769903,0.00006104
0.44801903,0.00006104
0.44833903,0.00006104
0.44865903,0.00006104
0.44897903,0.00006104
0.44929903,0.00006104
0.44961903,0.00006104
0.44993903,0.00006104
0.45025903,0.00006104
0.45057903,0.00006104
0.45089903,0.00006104
0.45121903,0.00006104
0.45153903,0.00006104
0.45185903,0.00006104
0.45217903,0.00006104
0.45249903,0.00006104
0.45281903,0.00006104
0.45313903,0.00006104
0.45345903,0.00006104
0.45377903,0.00006104
0.45409903,0.00006104
0.45441903,0.00006104
0.45473903,0.00006104
0.45505903,0.00006104
0.45537903,0.00006104
0.45569903,0.00006104
0.45601903,0.00006104
0.45633903,0.00006104
0.45665903,0.00006104
0.45697903,0.00006104
0.45729903,0.00006104
0.45761903,0.00006104
0.45793903,0.00006104
0.45825903,0.00006104
0.45857903,0.00006104
0.45889903,0.00006104
0.45921903,0.00006104
0.45953903,0.00006104
0.45985903,0.00006104
0.46017903,0.00006104
0.46049903,0.00006104
0.46081903,0.00006104
0.46113903,0.00006104
0.46145903,0.00006104
0.46177903,0.00006104
0.46209903,0.00006104
0.46241903,0.00006104
0.46273903,-0.01770074
0.46305903,0.00006104
0.46337903,0.00006104
0.46369903,0.00006104
0.46401903,0.00006104
0.46433903,0.00006104
0.46465903,0.00006104
0.46497903,0.00006104
0.46529903,0.00006104
0.46561903,0.00006104
0.46593903,0.00006104
0.46625903,0.00006104
0.46657903,0.00006104
0.46689903,0.00006104
0.46721903,0.00006104
0.46753903,0.00006104
0.46785903,0.00006104
0.46817903,0.00006104
0.46849903,0.00006104
0.46881903,0.00006104
0.46913903,0.00006104
0.46945903,0.00006104
0.46977903,0.00006104
0.47009903,0.00006104
0.47041903,0.00006104
0.47073903,0.00006104
0.47105903,0.00006104
0.47137903,0.00006104
0.47169903,0.00006104
0.47201903,-0.01770074
0.47233903,0.00006104
0.47265903,0.00006104
0.47297903,0.00006104
0.47329903,0.00006104
0.47361903,0.00006104
0.47393903,0.00006104
0.47425903,0.00006104
0.47457903,0.00006104
0.47489903,0.00006104
0.47521903,0.00006104
0.47553903,0.00006104
0.47585903,0.00006104
0.47617903,0.00006104
0.47649903,0.00006104
0.47681903,0.00006104
0.47713903,0.00006104
0.47745903,0.00006104
0.47777903,0.00006104
0.47809903,0.00006104
0.47841903,0.00006104
0.47873903,0.00006104
0.47905903,0.00006104
0.47937903,0.00006104
0.47969903,0.00006104
0.48001903,0.00006104
0.48033903,0.00006104
0.48065903,0.00006104
0.48097903,0.00006104
0.48129903,0.00006104
0.48161903,0.00006104
0.48193903,0.00006104
0.48225903,0.00006104
0.48257903,0.00006104
0.48289903,0.00006104
0.48321903,0.00006104
0.48353903,0.00006104
0.48385903,0.00006104
0.48417903,0.00006104
0.48449903,0.00006104
0.48481903,0.00006104
0.48513903,0.00006104
0.48545903,0.00006104
0.48577903,0.00006104
0.48609903,0.00006104
0.48641903,0.00006104
0.48673903,0.00006104
0.48705903,0.00006104
0.48737903,0.00006104
0.48769903,0.00006104
0.48801903,0.00006104
0.48833903,0.00006104
0.48865903,0.00006104
0.48897903,0.00006104
0.48929903,0.00006104
0.48961903,0.00006104
0.48993903,0.00006104
0.49025903,0.00006104
0.49057903,0.00006104
0.49089903,0.00006104
0.49121903,0.00006104
0.49153903,0.00006104
0.49185903,0.00006104
0.49217903,0.00006104
0.49249903,0.00006104
0.49281903,0.00006104
0.49313903,0.00006104
0.49345903,0.00006104
0.49377903,0.00006104
0.49409903,0.00006104
0.49441903,0.00006104
0.49473903,0.00006104
0.49505903,0.00006104
0.49537903,0.00006104
0.49569903,0.00006104
0.49601903,0.00006104
0.49633903,0.00006104
0.49665903,0.00006104
0.49697903,0.00006104
0.49729903,0.00006104
0.49761903,0.00006104
0.49793903,0.00006104
0.49825903,1.94030583
0.49857903,1.38847005
0.49889903,-0.48054445
0.49921903,-0.48054445
0.49953903,-0.19574572
0.49985903,-0.05334635
0.50017903,-0.01770074
0.50049903,0.00006104
0.50081903,0.00006104
0.50113903,-0.03552354
0.50145903,-0.21350749
0.50177903,-0.99679554
0.50209903,-∞
0.50241903,0.42725915
0.50273903,0.37385175
0.50305903,0.01788385
0.50337903,-0.08893093
0.50369903,0.00006104
0.50401903,0.03570665
0.50433903,0.03570665
0.50465903,0.03570665
0.50497903,0.00006104
0.50529903,0.01788385
0.50561903,0.03570665
0.50593903,0.03570665
0.50625903,0.03570665
0.50657903,0.03570665
0.50689903,0.01788385
0.50721903,0.00006104
0.50753903,0.01788385
0.50785903,0.01788385
0.50817903,0.01788385
0.50849903,0.05346843
0.50881903,0.05346843
0.50913903,0.07129124
0.50945903,0.07129124
0.50977903,0.05346843
0.51009903,0.05346843
0.51041903,0.05346843
0.51073903,0.03570665
0.51105903,0.07129124
0.51137903,0.08911405
0.51169903,0.07129124
0.51201903,0.03570665
0.51233903,0.03570665
0.51265903,0.05346843
0.51297903,0.01788385
0.51329903,0.00006104
0.51361903,-0.01770074
0.51393903,-0.01770074
0.51425903,-0.03552354
0.51457903,0.01788385
0.51489903,0.00006104
0.51521903,0.00006104
0.51553903,0.05346843
0.51585903,-0.01770074
0.51617903,-0.01770074
0.51649903,0.01788385
0.51681903,-0.03552354
0.51713903,0.01788385
0.51745903,0.03570665
0.51777903,0.01788385
0.51809903,0.03570665
0.51841903,0.03570665
0.51873903,0.01788385
0.51905903,0.01788385
0.51937903,0.00006104
0.51969903,0.01788385
0.52001903,0.01788385
