Time,Channel A
(ms),(V)

-1.48093340,0.01788385
-1.48061340,0.01788385
-1.48029340,0.01788385
-1.47997340,-0.01770074
-1.47965340,-0.01770074
-1.47933340,0.01788385
-1.47901340,0.00006104
-1.47869340,0.00006104
-1.47837340,0.03570665
-1.47805340,0.01788385
-1.47773340,0.01788385
-1.47741340,0.01788385
-1.47709340,0.00006104
-1.47677340,0.01788385
-1.47645340,0.01788385
-1.47613340,0.00006104
-1.47581340,0.00006104
-1.47549340,0.01788385
-1.47517340,0.01788385
-1.47485340,0.00006104
-1.47453340,0.00006104
-1.47421340,0.00006104
-1.47389340,0.00006104
-1.47357340,0.00006104
-1.47325340,-0.01770074
-1.47293340,0.00006104
-1.47261340,0.00006104
-1.47229340,0.00006104
-1.47197340,0.01788385
-1.47165340,0.01788385
-1.47133340,0.00006104
-1.47101340,0.01788385
-1.47069340,0.00006104
-1.47037340,0.00006104
-1.47005340,0.01788385
-1.46973340,0.01788385
-1.46941340,0.01788385
-1.46909340,0.01788385
-1.46877340,0.00006104
-1.46845340,0.01788385
-1.46813340,0.01788385
-1.46781340,0.00006104
-1.46749340,-0.01770074
-1.46717340,0.00006104
-1.46685340,0.00006104
-1.46653340,0.00006104
-1.46621340,0.00006104
-1.46589340,0.00006104
-1.46557340,0.00006104
-1.46525340,0.01788385
-1.46493340,0.00006104
-1.46461340,0.00006104
-1.46429340,0.01788385
-1.46397340,0.00006104
-1.46365340,0.00006104
-1.46333340,0.01788385
-1.46301340,0.00006104
-1.46269340,0.00006104
-1.46237340,0.00006104
-1.46205340,0.00006104
-1.46173340,0.00006104
-1.46141340,0.00006104
-1.46109340,-0.01770074
-1.46077340,0.00006104
-1.46045340,0.00006104
-1.46013340,0.00006104
-1.45981340,0.00006104
-1.45949340,0.01788385
-1.45917340,0.00006104
-1.45885340,0.00006104
-1.45853340,0.00006104
-1.45821340,0.00006104
-1.45789340,0.01788385
-1.45757340,0.00006104
-1.45725340,0.00006104
-1.45693340,0.00006104
-1.45661340,0.00006104
-1.45629340,0.00006104
-1.45597340,0.00006104
-1.45565340,-0.01770074
-1.45533340,0.00006104
-1.45501340,-0.01770074
-1.45469340,-0.01770074
-1.45437340,0.00006104
-1.45405340,0.00006104
-1.45373340,0.00006104
-1.45341340,0.00006104
-1.45309340,0.00006104
-1.45277340,0.00006104
-1.45245340,0.00006104
-1.45213340,0.00006104
-1.45181340,0.00006104
-1.45149340,0.00006104
-1.45117340,0.00006104
-1.45085340,0.00006104
-1.45053340,0.00006104
-1.45021340,0.00006104
-1.44989340,0.00006104
-1.44957340,0.00006104
-1.44925340,0.00006104
-1.44893340,0.00006104
-1.44861340,0.00006104
-1.44829340,0.00006104
-1.44797340,0.00006104
-1.44765340,0.00006104
-1.44733340,0.00006104
-1.44701340,0.00006104
-1.44669340,0.00006104
-1.44637340,0.00006104
-1.44605340,0.00006104
-1.44573340,0.00006104
-1.44541340,0.00006104
-1.44509340,0.00006104
-1.44477340,0.00006104
-1.44445340,0.00006104
-1.44413340,0.00006104
-1.44381340,0.00006104
-1.44349340,0.00006104
-1.44317340,0.00006104
-1.44285340,0.00006104
-1.44253340,0.00006104
-1.44221340,0.00006104
-1.44189340,0.00006104
-1.44157340,0.00006104
-1.44125340,0.00006104
-1.44093340,0.00006104
-1.44061340,0.00006104
-1.44029340,0.00006104
-1.43997340,0.00006104
-1.43965340,0.00006104
-1.43933340,-0.01770074
-1.43901340,0.00006104
-1.43869340,0.00006104
-1.43837340,0.00006104
-1.43805340,0.00006104
-1.43773340,0.00006104
-1.43741340,0.00006104
-1.43709340,0.00006104
-1.43677340,0.00006104
-1.43645340,0.00006104
-1.43613340,0.00006104
-1.43581340,0.00006104
-1.43549340,0.00006104
-1.43517340,0.00006104
-1.43485340,0.00006104
-1.43453340,0.00006104
-1.43421340,0.00006104
-1.43389340,0.00006104
-1.43357340,0.00006104
-1.43325340,0.00006104
-1.43293340,0.00006104
-1.43261340,0.00006104
-1.43229340,0.00006104
-1.43197340,0.00006104
-1.43165340,0.00006104
-1.43133340,0.00006104
-1.43101340,0.00006104
-1.43069340,0.00006104
-1.43037340,0.00006104
-1.43005340,0.00006104
-1.42973340,0.00006104
-1.42941340,0.00006104
-1.42909340,0.00006104
-1.42877340,0.00006104
-1.42845340,0.00006104
-1.42813340,0.00006104
-1.42781340,0.00006104
-1.42749340,0.00006104
-1.42717340,0.00006104
-1.42685340,0.00006104
-1.42653340,0.00006104
-1.42621340,0.00006104
-1.42589340,0.00006104
-1.42557340,-0.01770074
-1.42525340,0.00006104
-1.42493340,0.00006104
-1.42461340,0.00006104
-1.42429340,0.00006104
-1.42397340,0.00006104
-1.42365340,0.00006104
-1.42333340,-0.01770074
-1.42301340,0.00006104
-1.42269340,0.00006104
-1.42237340,0.00006104
-1.42205340,0.00006104
-1.42173340,0.00006104
-1.42141340,0.00006104
-1.42109340,0.00006104
-1.42077340,0.00006104
-1.42045340,0.00006104
-1.42013340,0.00006104
-1.41981340,0.00006104
-1.41949340,0.00006104
-1.41917340,0.00006104
-1.41885340,0.00006104
-1.41853340,0.00006104
-1.41821340,0.00006104
-1.41789340,0.00006104
-1.41757340,0.00006104
-1.41725340,0.00006104
-1.41693340,0.00006104
-1.41661340,0.00006104
-1.41629340,0.00006104
-1.41597340,0.00006104
-1.41565340,0.00006104
-1.41533340,0.00006104
-1.41501340,0.00006104
-1.41469340,0.00006104
-1.41437340,-0.01770074
-1.41405340,0.00006104
-1.41373340,0.00006104
-1.41341340,0.00006104
-1.41309340,0.00006104
-1.41277340,0.00006104
-1.41245340,0.00006104
-1.41213340,-0.01770074
-1.41181340,0.00006104
-1.41149340,0.00006104
-1.41117340,0.00006104
-1.41085340,0.00006104
-1.41053340,0.00006104
-1.41021340,0.00006104
-1.40989340,0.00006104
-1.40957340,0.00006104
-1.40925340,0.00006104
-1.40893340,0.00006104
-1.40861340,0.00006104
-1.40829340,0.00006104
-1.40797340,0.00006104
-1.40765340,0.00006104
-1.40733340,0.00006104
-1.40701340,0.00006104
-1.40669340,0.00006104
-1.40637340,0.00006104
-1.40605340,0.00006104
-1.40573340,0.00006104
-1.40541340,0.00006104
-1.40509340,0.00006104
-1.40477340,0.00006104
-1.40445340,0.00006104
-1.40413340,0.00006104
-1.40381340,0.00006104
-1.40349340,0.00006104
-1.40317340,0.00006104
-1.40285340,0.00006104
-1.40253340,0.00006104
-1.40221340,0.00006104
-1.40189340,0.00006104
-1.40157340,0.00006104
-1.40125340,0.00006104
-1.40093340,0.00006104
-1.40061340,0.00006104
-1.40029340,0.00006104
-1.39997340,0.00006104
-1.39965340,0.00006104
-1.39933340,0.00006104
-1.39901340,0.00006104
-1.39869340,-0.01770074
-1.39837340,0.00006104
-1.39805340,0.00006104
-1.39773340,0.00006104
-1.39741340,0.00006104
-1.39709340,0.00006104
-1.39677340,0.00006104
-1.39645340,0.00006104
-1.39613340,0.00006104
-1.39581340,-0.01770074
-1.39549340,0.00006104
-1.39517340,0.00006104
-1.39485340,0.00006104
-1.39453340,0.00006104
-1.39421340,0.00006104
-1.39389340,-0.01770074
-1.39357340,0.00006104
-1.39325340,0.00006104
-1.39293340,0.00006104
-1.39261340,0.00006104
-1.39229340,0.00006104
-1.39197340,0.00006104
-1.39165340,0.00006104
-1.39133340,0.00006104
-1.39101340,0.00006104
-1.39069340,0.00006104
-1.39037340,0.00006104
-1.39005340,0.00006104
-1.38973340,0.00006104
-1.38941340,-0.01770074
-1.38909340,0.00006104
-1.38877340,0.00006104
-1.38845340,0.00006104
-1.38813340,0.00006104
-1.38781340,0.00006104
-1.38749340,0.00006104
-1.38717340,0.00006104
-1.38685340,0.00006104
-1.38653340,0.00006104
-1.38621340,0.00006104
-1.38589340,0.00006104
-1.38557340,0.00006104
-1.38525340,0.00006104
-1.38493340,0.00006104
-1.38461340,0.00006104
-1.38429340,0.00006104
-1.38397340,0.00006104
-1.38365340,0.00006104
-1.38333340,0.00006104
-1.38301340,0.00006104
-1.38269340,0.00006104
-1.38237340,0.00006104
-1.38205340,0.00006104
-1.38173340,0.00006104
-1.38141340,-0.01770074
-1.38109340,0.00006104
-1.38077340,0.00006104
-1.38045340,-0.01770074
-1.38013340,-0.01770074
-1.37981340,0.00006104
-1.37949340,0.00006104
-1.37917340,0.00006104
-1.37885340,0.00006104
-1.37853340,0.00006104
-1.37821340,0.00006104
-1.37789340,0.00006104
-1.37757340,0.00006104
-1.37725340,-0.01770074
-1.37693340,0.00006104
-1.37661340,0.00006104
-1.37629340,0.00006104
-1.37597340,0.00006104
-1.37565340,0.00006104
-1.37533340,-0.01770074
-1.37501340,0.00006104
-1.37469340,0.00006104
-1.37437340,0.00006104
-1.37405340,0.00006104
-1.37373340,0.00006104
-1.37341340,0.00006104
-1.37309340,0.00006104
-1.37277340,0.00006104
-1.37245340,0.00006104
-1.37213340,0.00006104
-1.37181340,0.00006104
-1.37149340,0.00006104
-1.37117340,-0.01770074
-1.37085340,0.00006104
-1.37053340,0.00006104
-1.37021340,0.00006104
-1.36989340,0.00006104
-1.36957340,0.00006104
-1.36925340,0.00006104
-1.36893340,0.00006104
-1.36861340,0.00006104
-1.36829340,0.00006104
-1.36797340,0.00006104
-1.36765340,0.00006104
-1.36733340,0.00006104
-1.36701340,0.00006104
-1.36669340,0.00006104
-1.36637340,0.00006104
-1.36605340,0.00006104
-1.36573340,0.00006104
-1.36541340,0.00006104
-1.36509340,0.00006104
-1.36477340,0.00006104
-1.36445340,0.00006104
-1.36413340,0.00006104
-1.36381340,0.00006104
-1.36349340,0.00006104
-1.36317340,0.00006104
-1.36285340,0.00006104
-1.36253340,0.00006104
-1.36221340,0.00006104
-1.36189340,0.00006104
-1.36157340,0.00006104
-1.36125340,0.00006104
-1.36093340,0.00006104
-1.36061340,0.00006104
-1.36029340,0.00006104
-1.35997340,0.00006104
-1.35965340,0.00006104
-1.35933340,0.00006104
-1.35901340,0.00006104
-1.35869340,0.00006104
-1.35837340,0.00006104
-1.35805340,0.00006104
-1.35773340,0.00006104
-1.35741340,0.00006104
-1.35709340,0.00006104
-1.35677340,0.00006104
-1.35645340,0.00006104
-1.35613340,0.00006104
-1.35581340,0.00006104
-1.35549340,0.00006104
-1.35517340,0.00006104
-1.35485340,0.00006104
-1.35453340,0.00006104
-1.35421340,0.00006104
-1.35389340,0.00006104
-1.35357340,-0.01770074
-1.35325340,0.00006104
-1.35293340,0.00006104
-1.35261340,0.00006104
-1.35229340,0.00006104
-1.35197340,0.00006104
-1.35165340,0.00006104
-1.35133340,0.00006104
-1.35101340,0.00006104
-1.35069340,0.00006104
-1.35037340,0.00006104
-1.35005340,0.00006104
-1.34973340,0.00006104
-1.34941340,0.00006104
-1.34909340,0.00006104
-1.34877340,0.00006104
-1.34845340,0.00006104
-1.34813340,0.00006104
-1.34781340,0.00006104
-1.34749340,0.00006104
-1.34717340,0.00006104
-1.34685340,0.00006104
-1.34653340,0.00006104
-1.34621340,0.00006104
-1.34589340,0.00006104
-1.34557340,0.00006104
-1.34525340,0.00006104
-1.34493340,0.00006104
-1.34461340,0.00006104
-1.34429340,0.00006104
-1.34397340,0.00006104
-1.34365340,0.00006104
-1.34333340,0.00006104
-1.34301340,0.00006104
-1.34269340,0.00006104
-1.34237340,0.00006104
-1.34205340,0.00006104
-1.34173340,0.00006104
-1.34141340,-0.01770074
-1.34109340,0.00006104
-1.34077340,0.00006104
-1.34045340,0.00006104
-1.34013340,0.00006104
-1.33981340,0.00006104
-1.33949340,0.00006104
-1.33917340,0.00006104
-1.33885340,0.00006104
-1.33853340,0.00006104
-1.33821340,0.00006104
-1.33789340,0.00006104
-1.33757340,0.00006104
-1.33725340,0.00006104
-1.33693340,0.00006104
-1.33661340,0.00006104
-1.33629340,0.00006104
-1.33597340,0.00006104
-1.33565340,0.00006104
-1.33533340,0.00006104
-1.33501340,0.00006104
-1.33469340,0.00006104
-1.33437340,0.00006104
-1.33405340,0.00006104
-1.33373340,0.00006104
-1.33341340,0.00006104
-1.33309340,0.00006104
-1.33277340,0.00006104
-1.33245340,0.00006104
-1.33213340,0.00006104
-1.33181340,0.00006104
-1.33149340,0.00006104
-1.33117340,0.00006104
-1.33085340,0.00006104
-1.33053340,0.00006104
-1.33021340,-0.01770074
-1.32989340,0.00006104
-1.32957340,0.00006104
-1.32925340,0.00006104
-1.32893340,0.00006104
-1.32861340,0.00006104
-1.32829340,0.00006104
-1.32797340,0.00006104
-1.32765340,0.00006104
-1.32733340,0.00006104
-1.32701340,0.00006104
-1.32669340,0.00006104
-1.32637340,0.00006104
-1.32605340,0.00006104
-1.32573340,0.00006104
-1.32541340,0.00006104
-1.32509340,-0.01770074
-1.32477340,0.00006104
-1.32445340,0.00006104
-1.32413340,0.00006104
-1.32381340,0.00006104
-1.32349340,0.00006104
-1.32317340,0.00006104
-1.32285340,0.00006104
-1.32253340,0.00006104
-1.32221340,0.00006104
-1.32189340,0.00006104
-1.32157340,0.00006104
-1.32125340,0.00006104
-1.32093340,0.00006104
-1.32061340,0.00006104
-1.32029340,0.00006104
-1.31997340,0.00006104
-1.31965340,-0.01770074
-1.31933340,0.00006104
-1.31901340,0.00006104
-1.31869340,-0.01770074
-1.31837340,0.00006104
-1.31805340,0.00006104
-1.31773340,0.00006104
-1.31741340,0.00006104
-1.31709340,0.00006104
-1.31677340,0.00006104
-1.31645340,-0.01770074
-1.31613340,0.00006104
-1.31581340,-0.01770074
-1.31549340,0.00006104
-1.31517340,0.00006104
-1.31485340,0.00006104
-1.31453340,0.00006104
-1.31421340,0.00006104
-1.31389340,0.00006104
-1.31357340,0.00006104
-1.31325340,0.00006104
-1.31293340,0.00006104
-1.31261340,0.00006104
-1.31229340,0.00006104
-1.31197340,0.00006104
-1.31165340,0.00006104
-1.31133340,0.00006104
-1.31101340,0.00006104
-1.31069340,0.00006104
-1.31037340,0.00006104
-1.31005340,0.00006104
-1.30973340,0.00006104
-1.30941340,0.00006104
-1.30909340,0.00006104
-1.30877340,0.00006104
-1.30845340,0.00006104
-1.30813340,0.00006104
-1.30781340,-0.01770074
-1.30749340,0.00006104
-1.30717340,0.00006104
-1.30685340,0.00006104
-1.30653340,0.00006104
-1.30621340,0.00006104
-1.30589340,0.00006104
-1.30557340,0.00006104
-1.30525340,0.00006104
-1.30493340,0.00006104
-1.30461340,0.00006104
-1.30429340,-0.01770074
-1.30397340,0.00006104
-1.30365340,0.00006104
-1.30333340,0.00006104
-1.30301340,0.00006104
-1.30269340,-0.01770074
-1.30237340,0.00006104
-1.30205340,0.00006104
-1.30173340,0.00006104
-1.30141340,0.00006104
-1.30109340,0.00006104
-1.30077340,0.00006104
-1.30045340,0.00006104
-1.30013340,-0.01770074
-1.29981340,0.00006104
-1.29949340,0.00006104
-1.29917340,0.00006104
-1.29885340,0.00006104
-1.29853340,0.00006104
-1.29821340,0.00006104
-1.29789340,0.00006104
-1.29757340,0.00006104
-1.29725340,0.00006104
-1.29693340,0.00006104
-1.29661340,0.00006104
-1.29629340,0.00006104
-1.29597340,0.00006104
-1.29565340,0.00006104
-1.29533340,0.00006104
-1.29501340,0.00006104
-1.29469340,0.00006104
-1.29437340,0.00006104
-1.29405340,-0.01770074
-1.29373340,0.00006104
-1.29341340,0.00006104
-1.29309340,0.00006104
-1.29277340,0.00006104
-1.29245340,0.00006104
-1.29213340,0.00006104
-1.29181340,0.00006104
-1.29149340,0.00006104
-1.29117340,0.00006104
-1.29085340,0.00006104
-1.29053340,0.00006104
-1.29021340,0.00006104
-1.28989340,0.00006104
-1.28957340,0.00006104
-1.28925340,0.00006104
-1.28893340,-0.01770074
-1.28861340,0.00006104
-1.28829340,0.00006104
-1.28797340,0.00006104
-1.28765340,0.00006104
-1.28733340,0.00006104
-1.28701340,0.00006104
-1.28669340,0.00006104
-1.28637340,0.00006104
-1.28605340,0.00006104
-1.28573340,0.00006104
-1.28541340,0.00006104
-1.28509340,0.00006104
-1.28477340,0.00006104
-1.28445340,0.00006104
-1.28413340,0.00006104
-1.28381340,0.00006104
-1.28349340,0.00006104
-1.28317340,0.00006104
-1.28285340,0.00006104
-1.28253340,-0.01770074
-1.28221340,0.00006104
-1.28189340,0.00006104
-1.28157340,0.00006104
-1.28125340,0.00006104
-1.28093340,0.00006104
-1.28061340,0.00006104
-1.28029340,0.00006104
-1.27997340,0.00006104
-1.27965340,0.00006104
-1.27933340,0.00006104
-1.27901340,0.00006104
-1.27869340,0.00006104
-1.27837340,0.00006104
-1.27805340,0.00006104
-1.27773340,0.00006104
-1.27741340,0.00006104
-1.27709340,0.00006104
-1.27677340,0.00006104
-1.27645340,0.00006104
-1.27613340,0.00006104
-1.27581340,0.00006104
-1.27549340,0.00006104
-1.27517340,0.00006104
-1.27485340,0.00006104
-1.27453340,0.00006104
-1.27421340,0.00006104
-1.27389340,0.00006104
-1.27357340,0.00006104
-1.27325340,0.00006104
-1.27293340,0.00006104
-1.27261340,0.00006104
-1.27229340,0.00006104
-1.27197340,0.00006104
-1.27165340,0.00006104
-1.27133340,0.00006104
-1.27101340,0.00006104
-1.27069340,0.00006104
-1.27037340,0.00006104
-1.27005340,0.00006104
-1.26973340,0.00006104
-1.26941340,0.00006104
-1.26909340,0.00006104
-1.26877340,0.00006104
-1.26845340,0.00006104
-1.26813340,0.00006104
-1.26781340,0.00006104
-1.26749340,0.00006104
-1.26717340,0.00006104
-1.26685340,0.00006104
-1.26653340,0.00006104
-1.26621340,0.00006104
-1.26589340,0.00006104
-1.26557340,0.00006104
-1.26525340,0.00006104
-1.26493340,0.00006104
-1.26461340,0.00006104
-1.26429340,0.00006104
-1.26397340,0.00006104
-1.26365340,0.00006104
-1.26333340,0.00006104
-1.26301340,0.00006104
-1.26269340,0.00006104
-1.26237340,0.00006104
-1.26205340,0.00006104
-1.26173340,0.00006104
-1.26141340,0.00006104
-1.26109340,0.00006104
-1.26077340,0.00006104
-1.26045340,0.00006104
-1.26013340,0.00006104
-1.25981340,0.00006104
-1.25949340,0.00006104
-1.25917340,0.00006104
-1.25885340,0.00006104
-1.25853340,0.00006104
-1.25821340,0.00006104
-1.25789340,0.00006104
-1.25757340,0.00006104
-1.25725340,0.00006104
-1.25693340,0.00006104
-1.25661340,0.00006104
-1.25629340,0.00006104
-1.25597340,-0.01770074
-1.25565340,0.00006104
-1.25533340,0.00006104
-1.25501340,0.00006104
-1.25469340,0.00006104
-1.25437340,0.00006104
-1.25405340,0.00006104
-1.25373340,0.00006104
-1.25341340,0.00006104
-1.25309340,0.00006104
-1.25277340,0.00006104
-1.25245340,0.00006104
-1.25213340,0.00006104
-1.25181340,0.00006104
-1.25149340,0.00006104
-1.25117340,0.00006104
-1.25085340,0.00006104
-1.25053340,0.00006104
-1.25021340,0.00006104
-1.24989340,0.00006104
-1.24957340,0.00006104
-1.24925340,0.00006104
-1.24893340,0.00006104
-1.24861340,0.00006104
-1.24829340,0.00006104
-1.24797340,0.00006104
-1.24765340,0.00006104
-1.24733340,0.00006104
-1.24701340,0.00006104
-1.24669340,0.00006104
-1.24637340,0.00006104
-1.24605340,0.00006104
-1.24573340,-0.01770074
-1.24541340,0.00006104
-1.24509340,0.00006104
-1.24477340,0.00006104
-1.24445340,0.00006104
-1.24413340,0.00006104
-1.24381340,0.00006104
-1.24349340,0.00006104
-1.24317340,0.00006104
-1.24285340,0.00006104
-1.24253340,0.00006104
-1.24221340,0.00006104
-1.24189340,0.00006104
-1.24157340,0.00006104
-1.24125340,0.00006104
-1.24093340,0.00006104
-1.24061340,0.00006104
-1.24029340,0.00006104
-1.23997340,0.00006104
-1.23965340,0.00006104
-1.23933340,0.00006104
-1.23901340,0.00006104
-1.23869340,0.00006104
-1.23837340,0.00006104
-1.23805340,0.00006104
-1.23773340,0.00006104
-1.23741340,0.00006104
-1.23709340,0.00006104
-1.23677340,0.00006104
-1.23645340,0.00006104
-1.23613340,0.00006104
-1.23581340,0.00006104
-1.23549340,0.00006104
-1.23517340,0.00006104
-1.23485340,0.00006104
-1.23453340,0.00006104
-1.23421340,0.00006104
-1.23389340,0.00006104
-1.23357340,0.00006104
-1.23325340,0.00006104
-1.23293340,0.00006104
-1.23261340,0.00006104
-1.23229340,0.00006104
-1.23197340,0.00006104
-1.23165340,0.00006104
-1.23133340,0.00006104
-1.23101340,0.00006104
-1.23069340,0.00006104
-1.23037340,0.00006104
-1.23005340,0.00006104
-1.22973340,0.00006104
-1.22941340,0.00006104
-1.22909340,-0.01770074
-1.22877340,0.00006104
-1.22845340,-0.01770074
-1.22813340,0.00006104
-1.22781340,0.00006104
-1.22749340,0.00006104
-1.22717340,0.00006104
-1.22685340,0.00006104
-1.22653340,0.00006104
-1.22621340,0.00006104
-1.22589340,0.00006104
-1.22557340,0.00006104
-1.22525340,0.00006104
-1.22493340,0.00006104
-1.22461340,0.00006104
-1.22429340,0.00006104
-1.22397340,0.00006104
-1.22365340,0.00006104
-1.22333340,0.00006104
-1.22301340,-0.01770074
-1.22269340,0.00006104
-1.22237340,0.00006104
-1.22205340,0.00006104
-1.22173340,0.00006104
-1.22141340,0.00006104
-1.22109340,-0.01770074
-1.22077340,0.00006104
-1.22045340,-0.01770074
-1.22013340,0.00006104
-1.21981340,0.00006104
-1.21949340,0.00006104
-1.21917340,-0.01770074
-1.21885340,0.00006104
-1.21853340,0.00006104
-1.21821340,0.00006104
-1.21789340,0.00006104
-1.21757340,0.00006104
-1.21725340,0.00006104
-1.21693340,0.00006104
-1.21661340,0.00006104
-1.21629340,0.00006104
-1.21597340,0.00006104
-1.21565340,0.00006104
-1.21533340,0.00006104
-1.21501340,0.00006104
-1.21469340,0.00006104
-1.21437340,0.00006104
-1.21405340,0.00006104
-1.21373340,0.00006104
-1.21341340,0.00006104
-1.21309340,0.00006104
-1.21277340,0.00006104
-1.21245340,-0.01770074
-1.21213340,0.00006104
-1.21181340,0.00006104
-1.21149340,0.00006104
-1.21117340,0.00006104
-1.21085340,0.00006104
-1.21053340,0.00006104
-1.21021340,0.00006104
-1.20989340,0.00006104
-1.20957340,0.00006104
-1.20925340,0.00006104
-1.20893340,0.00006104
-1.20861340,0.00006104
-1.20829340,0.00006104
-1.20797340,0.00006104
-1.20765340,0.00006104
-1.20733340,0.00006104
-1.20701340,0.00006104
-1.20669340,0.00006104
-1.20637340,0.00006104
-1.20605340,0.00006104
-1.20573340,0.00006104
-1.20541340,0.00006104
-1.20509340,0.00006104
-1.20477340,0.00006104
-1.20445340,0.00006104
-1.20413340,0.00006104
-1.20381340,0.00006104
-1.20349340,0.00006104
-1.20317340,0.00006104
-1.20285340,0.00006104
-1.20253340,0.00006104
-1.20221340,0.00006104
-1.20189340,0.00006104
-1.20157340,0.00006104
-1.20125340,0.00006104
-1.20093340,0.00006104
-1.20061340,-0.01770074
-1.20029340,0.00006104
-1.19997340,0.00006104
-1.19965340,0.00006104
-1.19933340,0.00006104
-1.19901340,0.00006104
-1.19869340,0.00006104
-1.19837340,0.00006104
-1.19805340,0.00006104
-1.19773340,0.00006104
-1.19741340,0.00006104
-1.19709340,0.00006104
-1.19677340,0.00006104
-1.19645340,-0.01770074
-1.19613340,0.00006104
-1.19581340,0.00006104
-1.19549340,-0.01770074
-1.19517340,0.00006104
-1.19485340,0.00006104
-1.19453340,0.00006104
-1.19421340,0.00006104
-1.19389340,0.00006104
-1.19357340,0.00006104
-1.19325340,0.00006104
-1.19293340,0.00006104
-1.19261340,-0.01770074
-1.19229340,0.00006104
-1.19197340,0.00006104
-1.19165340,0.00006104
-1.19133340,0.00006104
-1.19101340,0.00006104
-1.19069340,0.00006104
-1.19037340,0.00006104
-1.19005340,0.00006104
-1.18973340,0.00006104
-1.18941340,0.00006104
-1.18909340,0.00006104
-1.18877340,0.00006104
-1.18845340,0.00006104
-1.18813340,0.00006104
-1.18781340,-0.01770074
-1.18749340,0.00006104
-1.18717340,0.00006104
-1.18685340,-0.01770074
-1.18653340,0.00006104
-1.18621340,0.00006104
-1.18589340,0.00006104
-1.18557340,0.00006104
-1.18525340,0.00006104
-1.18493340,0.00006104
-1.18461340,0.00006104
-1.18429340,0.00006104
-1.18397340,0.00006104
-1.18365340,0.00006104
-1.18333340,0.00006104
-1.18301340,-0.01770074
-1.18269340,0.00006104
-1.18237340,0.00006104
-1.18205340,0.00006104
-1.18173340,0.00006104
-1.18141340,0.00006104
-1.18109340,0.00006104
-1.18077340,0.00006104
-1.18045340,0.00006104
-1.18013340,0.00006104
-1.17981340,-0.01770074
-1.17949340,0.00006104
-1.17917340,0.00006104
-1.17885340,0.00006104
-1.17853340,0.00006104
-1.17821340,0.00006104
-1.17789340,0.00006104
-1.17757340,-0.01770074
-1.17725340,0.00006104
-1.17693340,0.00006104
-1.17661340,0.00006104
-1.17629340,0.00006104
-1.17597340,0.00006104
-1.17565340,0.00006104
-1.17533340,0.00006104
-1.17501340,0.00006104
-1.17469340,0.00006104
-1.17437340,0.00006104
-1.17405340,0.00006104
-1.17373340,0.00006104
-1.17341340,0.00006104
-1.17309340,0.00006104
-1.17277340,0.00006104
-1.17245340,-0.01770074
-1.17213340,0.00006104
-1.17181340,0.00006104
-1.17149340,0.00006104
-1.17117340,0.00006104
-1.17085340,-0.01770074
-1.17053340,0.00006104
-1.17021340,0.00006104
-1.16989340,0.00006104
-1.16957340,0.00006104
-1.16925340,0.00006104
-1.16893340,0.00006104
-1.16861340,0.00006104
-1.16829340,0.00006104
-1.16797340,0.00006104
-1.16765340,0.00006104
-1.16733340,0.00006104
-1.16701340,0.00006104
-1.16669340,0.00006104
-1.16637340,0.00006104
-1.16605340,0.00006104
-1.16573340,0.00006104
-1.16541340,0.00006104
-1.16509340,0.00006104
-1.16477340,0.00006104
-1.16445340,0.00006104
-1.16413340,0.00006104
-1.16381340,0.00006104
-1.16349340,0.00006104
-1.16317340,0.00006104
-1.16285340,0.00006104
-1.16253340,0.00006104
-1.16221340,0.00006104
-1.16189340,0.00006104
-1.16157340,0.00006104
-1.16125340,0.00006104
-1.16093340,0.00006104
-1.16061340,0.00006104
-1.16029340,0.00006104
-1.15997340,0.00006104
-1.15965340,0.00006104
-1.15933340,0.00006104
-1.15901340,0.00006104
-1.15869340,0.00006104
-1.15837340,0.00006104
-1.15805340,0.00006104
-1.15773340,0.00006104
-1.15741340,0.00006104
-1.15709340,0.00006104
-1.15677340,0.00006104
-1.15645340,0.00006104
-1.15613340,0.00006104
-1.15581340,0.00006104
-1.15549340,0.00006104
-1.15517340,0.00006104
-1.15485340,0.00006104
-1.15453340,0.00006104
-1.15421340,0.00006104
-1.15389340,0.00006104
-1.15357340,0.00006104
-1.15325340,0.00006104
-1.15293340,0.00006104
-1.15261340,0.00006104
-1.15229340,0.00006104
-1.15197340,0.00006104
-1.15165340,0.00006104
-1.15133340,0.00006104
-1.15101340,-0.01770074
-1.15069340,0.00006104
-1.15037340,0.00006104
-1.15005340,0.00006104
-1.14973340,0.00006104
-1.14941340,0.00006104
-1.14909340,0.00006104
-1.14877340,0.00006104
-1.14845340,0.00006104
-1.14813340,0.00006104
-1.14781340,0.00006104
-1.14749340,0.00006104
-1.14717340,0.00006104
-1.14685340,0.00006104
-1.14653340,0.00006104
-1.14621340,0.00006104
-1.14589340,-0.01770074
-1.14557340,0.00006104
-1.14525340,0.00006104
-1.14493340,0.00006104
-1.14461340,0.00006104
-1.14429340,0.00006104
-1.14397340,0.00006104
-1.14365340,0.00006104
-1.14333340,0.00006104
-1.14301340,0.00006104
-1.14269340,0.00006104
-1.14237340,-0.01770074
-1.14205340,0.00006104
-1.14173340,0.00006104
-1.14141340,0.00006104
-1.14109340,0.00006104
-1.14077340,0.00006104
-1.14045340,0.00006104
-1.14013340,0.00006104
-1.13981340,0.00006104
-1.13949340,0.00006104
-1.13917340,0.00006104
-1.13885340,0.00006104
-1.13853340,0.00006104
-1.13821340,0.00006104
-1.13789340,0.00006104
-1.13757340,0.00006104
-1.13725340,0.00006104
-1.13693340,-0.01770074
-1.13661340,0.00006104
-1.13629340,0.00006104
-1.13597340,0.00006104
-1.13565340,0.00006104
-1.13533340,0.00006104
-1.13501340,0.00006104
-1.13469340,0.00006104
-1.13437340,0.00006104
-1.13405340,0.00006104
-1.13373340,0.00006104
-1.13341340,0.00006104
-1.13309340,0.00006104
-1.13277340,0.00006104
-1.13245340,0.00006104
-1.13213340,0.00006104
-1.13181340,0.00006104
-1.13149340,0.00006104
-1.13117340,0.00006104
-1.13085340,0.00006104
-1.13053340,0.00006104
-1.13021340,0.00006104
-1.12989340,0.00006104
-1.12957340,0.00006104
-1.12925340,0.00006104
-1.12893340,0.00006104
-1.12861340,0.00006104
-1.12829340,0.00006104
-1.12797340,0.00006104
-1.12765340,0.00006104
-1.12733340,0.00006104
-1.12701340,0.00006104
-1.12669340,0.00006104
-1.12637340,0.00006104
-1.12605340,0.00006104
-1.12573340,0.00006104
-1.12541340,0.00006104
-1.12509340,0.00006104
-1.12477340,0.00006104
-1.12445340,0.00006104
-1.12413340,0.00006104
-1.12381340,0.00006104
-1.12349340,0.00006104
-1.12317340,0.00006104
-1.12285340,0.00006104
-1.12253340,0.00006104
-1.12221340,0.00006104
-1.12189340,0.00006104
-1.12157340,0.00006104
-1.12125340,0.00006104
-1.12093340,0.00006104
-1.12061340,0.00006104
-1.12029340,0.00006104
-1.11997340,0.00006104
-1.11965340,0.00006104
-1.11933340,0.00006104
-1.11901340,0.00006104
-1.11869340,0.00006104
-1.11837340,0.00006104
-1.11805340,0.00006104
-1.11773340,0.00006104
-1.11741340,0.00006104
-1.11709340,0.00006104
-1.11677340,0.00006104
-1.11645340,0.00006104
-1.11613340,0.00006104
-1.11581340,0.00006104
-1.11549340,0.00006104
-1.11517340,0.00006104
-1.11485340,0.00006104
-1.11453340,0.00006104
-1.11421340,0.00006104
-1.11389340,0.00006104
-1.11357340,0.00006104
-1.11325340,0.00006104
-1.11293340,0.00006104
-1.11261340,0.00006104
-1.11229340,0.00006104
-1.11197340,0.00006104
-1.11165340,0.00006104
-1.11133340,0.00006104
-1.11101340,0.00006104
-1.11069340,0.00006104
-1.11037340,0.00006104
-1.11005340,0.00006104
-1.10973340,0.00006104
-1.10941340,0.00006104
-1.10909340,0.00006104
-1.10877340,0.00006104
-1.10845340,0.00006104
-1.10813340,0.00006104
-1.10781340,0.00006104
-1.10749340,0.00006104
-1.10717340,0.00006104
-1.10685340,0.00006104
-1.10653340,0.00006104
-1.10621340,0.00006104
-1.10589340,0.00006104
-1.10557340,0.00006104
-1.10525340,0.00006104
-1.10493340,0.00006104
-1.10461340,0.00006104
-1.10429340,0.00006104
-1.10397340,0.00006104
-1.10365340,0.00006104
-1.10333340,0.00006104
-1.10301340,0.00006104
-1.10269340,0.00006104
-1.10237340,0.00006104
-1.10205340,0.00006104
-1.10173340,0.00006104
-1.10141340,0.00006104
-1.10109340,0.00006104
-1.10077340,0.00006104
-1.10045340,0.00006104
-1.10013340,0.00006104
-1.09981340,0.00006104
-1.09949340,0.00006104
-1.09917340,-0.01770074
-1.09885340,0.00006104
-1.09853340,0.00006104
-1.09821340,0.00006104
-1.09789340,0.00006104
-1.09757340,0.00006104
-1.09725340,0.00006104
-1.09693340,0.00006104
-1.09661340,0.00006104
-1.09629340,0.00006104
-1.09597340,0.00006104
-1.09565340,0.00006104
-1.09533340,0.00006104
-1.09501340,0.00006104
-1.09469340,0.00006104
-1.09437340,0.00006104
-1.09405340,0.00006104
-1.09373340,0.00006104
-1.09341340,0.00006104
-1.09309340,0.00006104
-1.09277340,-0.01770074
-1.09245340,-0.01770074
-1.09213340,0.00006104
-1.09181340,0.00006104
-1.09149340,0.00006104
-1.09117340,0.00006104
-1.09085340,0.00006104
-1.09053340,0.00006104
-1.09021340,0.00006104
-1.08989340,0.00006104
-1.08957340,0.00006104
-1.08925340,0.00006104
-1.08893340,0.00006104
-1.08861340,0.00006104
-1.08829340,0.00006104
-1.08797340,0.00006104
-1.08765340,0.00006104
-1.08733340,0.00006104
-1.08701340,0.00006104
-1.08669340,0.00006104
-1.08637340,0.00006104
-1.08605340,0.00006104
-1.08573340,0.00006104
-1.08541340,0.00006104
-1.08509340,0.00006104
-1.08477340,-0.01770074
-1.08445340,0.00006104
-1.08413340,0.00006104
-1.08381340,0.00006104
-1.08349340,-0.01770074
-1.08317340,0.00006104
-1.08285340,0.00006104
-1.08253340,0.00006104
-1.08221340,0.00006104
-1.08189340,0.00006104
-1.08157340,0.00006104
-1.08125340,0.00006104
-1.08093340,0.00006104
-1.08061340,0.00006104
-1.08029340,0.00006104
-1.07997340,0.00006104
-1.07965340,0.00006104
-1.07933340,0.00006104
-1.07901340,0.00006104
-1.07869340,0.00006104
-1.07837340,0.00006104
-1.07805340,0.00006104
-1.07773340,0.00006104
-1.07741340,0.00006104
-1.07709340,0.00006104
-1.07677340,0.00006104
-1.07645340,0.00006104
-1.07613340,0.00006104
-1.07581340,0.00006104
-1.07549340,0.00006104
-1.07517340,0.00006104
-1.07485340,0.00006104
-1.07453340,0.00006104
-1.07421340,0.00006104
-1.07389340,0.00006104
-1.07357340,0.00006104
-1.07325340,0.00006104
-1.07293340,-0.01770074
-1.07261340,0.00006104
-1.07229340,0.00006104
-1.07197340,0.00006104
-1.07165340,0.00006104
-1.07133340,0.00006104
-1.07101340,0.00006104
-1.07069340,0.00006104
-1.07037340,0.00006104
-1.07005340,0.00006104
-1.06973340,0.00006104
-1.06941340,0.00006104
-1.06909340,0.00006104
-1.06877340,0.00006104
-1.06845340,0.00006104
-1.06813340,0.00006104
-1.06781340,0.00006104
-1.06749340,0.00006104
-1.06717340,0.00006104
-1.06685340,0.00006104
-1.06653340,0.00006104
-1.06621340,0.00006104
-1.06589340,0.00006104
-1.06557340,0.00006104
-1.06525340,0.00006104
-1.06493340,0.00006104
-1.06461340,0.00006104
-1.06429340,0.00006104
-1.06397340,0.00006104
-1.06365340,0.00006104
-1.06333340,0.00006104
-1.06301340,0.00006104
-1.06269340,0.00006104
-1.06237340,0.00006104
-1.06205340,0.00006104
-1.06173340,0.00006104
-1.06141340,0.00006104
-1.06109340,0.00006104
-1.06077340,0.00006104
-1.06045340,0.00006104
-1.06013340,0.00006104
-1.05981340,0.00006104
-1.05949340,0.00006104
-1.05917340,0.00006104
-1.05885340,0.00006104
-1.05853340,0.00006104
-1.05821340,0.00006104
-1.05789340,0.00006104
-1.05757340,0.00006104
-1.05725340,0.00006104
-1.05693340,0.00006104
-1.05661340,0.00006104
-1.05629340,0.00006104
-1.05597340,0.00006104
-1.05565340,0.00006104
-1.05533340,0.00006104
-1.05501340,0.00006104
-1.05469340,0.00006104
-1.05437340,0.00006104
-1.05405340,0.00006104
-1.05373340,0.00006104
-1.05341340,0.00006104
-1.05309340,0.00006104
-1.05277340,0.00006104
-1.05245340,0.00006104
-1.05213340,0.00006104
-1.05181340,0.00006104
-1.05149340,0.00006104
-1.05117340,0.00006104
-1.05085340,0.00006104
-1.05053340,0.00006104
-1.05021340,0.00006104
-1.04989340,0.00006104
-1.04957340,0.00006104
-1.04925340,0.00006104
-1.04893340,0.00006104
-1.04861340,0.00006104
-1.04829340,0.00006104
-1.04797340,0.00006104
-1.04765340,0.00006104
-1.04733340,0.00006104
-1.04701340,0.00006104
-1.04669340,0.00006104
-1.04637340,0.00006104
-1.04605340,0.00006104
-1.04573340,0.00006104
-1.04541340,0.00006104
-1.04509340,0.00006104
-1.04477340,0.00006104
-1.04445340,0.00006104
-1.04413340,0.00006104
-1.04381340,0.00006104
-1.04349340,0.00006104
-1.04317340,0.00006104
-1.04285340,0.00006104
-1.04253340,0.00006104
-1.04221340,0.00006104
-1.04189340,0.00006104
-1.04157340,0.00006104
-1.04125340,0.00006104
-1.04093340,0.00006104
-1.04061340,0.00006104
-1.04029340,0.00006104
-1.03997340,-0.01770074
-1.03965340,0.00006104
-1.03933340,0.00006104
-1.03901340,0.00006104
-1.03869340,0.00006104
-1.03837340,0.00006104
-1.03805340,0.00006104
-1.03773340,0.00006104
-1.03741340,0.00006104
-1.03709340,0.00006104
-1.03677340,0.00006104
-1.03645340,0.00006104
-1.03613340,0.00006104
-1.03581340,0.00006104
-1.03549340,0.00006104
-1.03517340,0.00006104
-1.03485340,0.00006104
-1.03453340,0.00006104
-1.03421340,0.00006104
-1.03389340,0.00006104
-1.03357340,0.00006104
-1.03325340,0.00006104
-1.03293340,0.00006104
-1.03261340,-0.01770074
-1.03229340,0.00006104
-1.03197340,0.00006104
-1.03165340,0.00006104
-1.03133340,0.00006104
-1.03101340,0.00006104
-1.03069340,0.00006104
-1.03037340,0.00006104
-1.03005340,0.00006104
-1.02973340,0.00006104
-1.02941340,0.00006104
-1.02909340,0.00006104
-1.02877340,-0.01770074
-1.02845340,0.00006104
-1.02813340,0.00006104
-1.02781340,0.00006104
-1.02749340,0.00006104
-1.02717340,0.00006104
-1.02685340,0.00006104
-1.02653340,0.00006104
-1.02621340,0.00006104
-1.02589340,0.00006104
-1.02557340,0.00006104
-1.02525340,0.00006104
-1.02493340,0.00006104
-1.02461340,0.00006104
-1.02429340,0.00006104
-1.02397340,0.00006104
-1.02365340,0.00006104
-1.02333340,0.00006104
-1.02301340,0.00006104
-1.02269340,0.00006104
-1.02237340,0.00006104
-1.02205340,0.00006104
-1.02173340,0.00006104
-1.02141340,0.00006104
-1.02109340,0.00006104
-1.02077340,0.00006104
-1.02045340,0.00006104
-1.02013340,0.00006104
-1.01981340,0.00006104
-1.01949340,0.00006104
-1.01917340,0.00006104
-1.01885340,-0.01770074
-1.01853340,0.00006104
-1.01821340,0.00006104
-1.01789340,0.00006104
-1.01757340,-0.01770074
-1.01725340,0.00006104
-1.01693340,0.00006104
-1.01661340,0.00006104
-1.01629340,0.00006104
-1.01597340,0.00006104
-1.01565340,0.00006104
-1.01533340,0.00006104
-1.01501340,0.00006104
-1.01469340,-0.01770074
-1.01437340,0.00006104
-1.01405340,0.00006104
-1.01373340,0.00006104
-1.01341340,0.00006104
-1.01309340,0.00006104
-1.01277340,0.00006104
-1.01245340,0.00006104
-1.01213340,0.00006104
-1.01181340,0.00006104
-1.01149340,0.00006104
-1.01117340,0.00006104
-1.01085340,0.00006104
-1.01053340,0.00006104
-1.01021340,0.00006104
-1.00989340,0.00006104
-1.00957340,0.00006104
-1.00925340,0.00006104
-1.00893340,0.00006104
-1.00861340,0.00006104
-1.00829340,0.00006104
-1.00797340,0.00006104
-1.00765340,0.00006104
-1.00733340,0.00006104
-1.00701340,0.00006104
-1.00669340,0.00006104
-1.00637340,0.00006104
-1.00605340,0.00006104
-1.00573340,0.00006104
-1.00541340,0.00006104
-1.00509340,0.00006104
-1.00477340,0.00006104
-1.00445340,0.00006104
-1.00413340,1.13925600
-1.00381340,1.38847005
-1.00349340,0.89004183
-1.00317340,0.17804499
-1.00285340,-0.16010010
-1.00253340,-0.14233834
-1.00221340,-0.07110813
-1.00189340,-0.01770074
-1.00157340,-0.01770074
-1.00125340,-0.01770074
-1.00093340,-∞
-1.00061340,0.03570665
-1.00029340,-0.07110813
-0.99997340,-0.37372968
-0.99965340,-0.08893093
-0.99933340,0.10687582
-0.99901340,0.12469863
-0.99869340,0.08911405
-0.99837340,0.03570665
-0.99805340,0.01788385
-0.99773340,0.00006104
-0.99741340,-0.01770074
-0.99709340,0.00006104
-0.99677340,0.01788385
-0.99645340,0.01788385
-0.99613340,0.01788385
-0.99581340,0.00006104
-0.99549340,0.00006104
-0.99517340,0.00006104
-0.99485340,0.00006104
-0.99453340,0.01788385
-0.99421340,0.01788385
-0.99389340,0.05346843
-0.99357340,0.05346843
-0.99325340,0.05346843
-0.99293340,0.07129124
-0.99261340,0.03570665
-0.99229340,0.05346843
-0.99197340,0.07129124
-0.99165340,0.03570665
-0.99133340,0.07129124
-0.99101340,0.08911405
-0.99069340,0.05346843
-0.99037340,0.01788385
-0.99005340,0.01788385
-0.98973340,0.01788385
-0.98941340,0.01788385
-0.98909340,0.00006104
-0.98877340,-0.03552354
-0.98845340,-0.03552354
-0.98813340,-0.03552354
-0.98781340,0.00006104
-0.98749340,0.00006104
-0.98717340,0.00006104
-0.98685340,0.05346843
-0.98653340,-0.01770074
-0.98621340,-0.01770074
-0.98589340,0.03570665
-0.98557340,-0.03552354
-0.98525340,0.01788385
-0.98493340,0.05346843
-0.98461340,0.00006104
-0.98429340,0.01788385
-0.98397340,0.03570665
-0.98365340,0.03570665
-0.98333340,0.00006104
-0.98301340,0.01788385
-0.98269340,0.01788385
-0.98237340,0.01788385
-0.98205340,0.01788385
-0.98173340,0.03570665
-0.98141340,0.00006104
-0.98109340,-0.01770074
-0.98077340,0.01788385
-0.98045340,0.01788385
-0.98013340,0.01788385
-0.97981340,0.00006104
-0.97949340,-0.01770074
-0.97917340,0.00006104
-0.97885340,0.01788385
-0.97853340,0.00006104
-0.97821340,0.00006104
-0.97789340,0.01788385
-0.97757340,0.01788385
-0.97725340,0.00006104
-0.97693340,0.01788385
-0.97661340,0.00006104
-0.97629340,0.01788385
-0.97597340,0.01788385
-0.97565340,0.00006104
-0.97533340,0.00006104
-0.97501340,0.01788385
-0.97469340,0.01788385
-0.97437340,0.00006104
-0.97405340,0.00006104
-0.97373340,0.00006104
-0.97341340,0.00006104
-0.97309340,0.00006104
-0.97277340,-0.01770074
-0.97245340,0.00006104
-0.97213340,0.00006104
-0.97181340,-0.01770074
-0.97149340,0.00006104
-0.97117340,0.01788385
-0.97085340,0.01788385
-0.97053340,0.01788385
-0.97021340,0.00006104
-0.96989340,0.00006104
-0.96957340,0.01788385
-0.96925340,0.01788385
-0.96893340,0.00006104
-0.96861340,0.00006104
-0.96829340,0.00006104
-0.96797340,0.00006104
-0.96765340,0.00006104
-0.96733340,0.00006104
-0.96701340,0.00006104
-0.96669340,0.00006104
-0.96637340,0.00006104
-0.96605340,0.00006104
-0.96573340,0.00006104
-0.96541340,0.00006104
-0.96509340,0.00006104
-0.96477340,0.00006104
-0.96445340,0.00006104
-0.96413340,0.00006104
-0.96381340,0.00006104
-0.96349340,0.00006104
-0.96317340,0.00006104
-0.96285340,0.00006104
-0.96253340,0.00006104
-0.96221340,0.00006104
-0.96189340,0.00006104
-0.96157340,0.00006104
-0.96125340,-0.01770074
-0.96093340,0.00006104
-0.96061340,-0.01770074
-0.96029340,0.00006104
-0.95997340,0.00006104
-0.95965340,0.00006104
-0.95933340,0.01788385
-0.95901340,0.00006104
-0.95869340,0.00006104
-0.95837340,0.01788385
-0.95805340,0.00006104
-0.95773340,0.00006104
-0.95741340,0.00006104
-0.95709340,0.00006104
-0.95677340,0.00006104
-0.95645340,0.00006104
-0.95613340,0.00006104
-0.95581340,0.00006104
-0.95549340,0.00006104
-0.95517340,-0.01770074
-0.95485340,-0.01770074
-0.95453340,0.00006104
-0.95421340,-0.01770074
-0.95389340,-0.01770074
-0.95357340,0.00006104
-0.95325340,0.00006104
-0.95293340,0.00006104
-0.95261340,0.00006104
-0.95229340,0.00006104
-0.95197340,0.01788385
-0.95165340,0.00006104
-0.95133340,0.00006104
-0.95101340,0.00006104
-0.95069340,0.01788385
-0.95037340,0.00006104
-0.95005340,0.00006104
-0.94973340,0.01788385
-0.94941340,0.00006104
-0.94909340,0.00006104
-0.94877340,0.00006104
-0.94845340,0.00006104
-0.94813340,0.00006104
-0.94781340,0.00006104
-0.94749340,0.00006104
-0.94717340,0.00006104
-0.94685340,0.00006104
-0.94653340,0.00006104
-0.94621340,-0.01770074
-0.94589340,-0.01770074
-0.94557340,0.00006104
-0.94525340,0.00006104
-0.94493340,0.00006104
-0.94461340,0.00006104
-0.94429340,0.00006104
-0.94397340,0.00006104
-0.94365340,0.00006104
-0.94333340,0.00006104
-0.94301340,0.00006104
-0.94269340,0.00006104
-0.94237340,0.00006104
-0.94205340,0.00006104
-0.94173340,0.00006104
-0.94141340,0.00006104
-0.94109340,0.00006104
-0.94077340,0.00006104
-0.94045340,0.00006104
-0.94013340,0.00006104
-0.93981340,0.00006104
-0.93949340,0.00006104
-0.93917340,0.00006104
-0.93885340,0.00006104
-0.93853340,0.00006104
-0.93821340,0.00006104
-0.93789340,-0.01770074
-0.93757340,0.00006104
-0.93725340,0.00006104
-0.93693340,0.00006104
-0.93661340,0.00006104
-0.93629340,0.00006104
-0.93597340,0.00006104
-0.93565340,0.00006104
-0.93533340,0.00006104
-0.93501340,0.00006104
-0.93469340,0.00006104
-0.93437340,0.00006104
-0.93405340,0.00006104
-0.93373340,0.00006104
-0.93341340,0.00006104
-0.93309340,0.00006104
-0.93277340,0.00006104
-0.93245340,0.00006104
-0.93213340,0.00006104
-0.93181340,-0.01770074
-0.93149340,0.00006104
-0.93117340,0.00006104
-0.93085340,0.00006104
-0.93053340,0.00006104
-0.93021340,-0.01770074
-0.92989340,0.00006104
-0.92957340,0.00006104
-0.92925340,0.00006104
-0.92893340,0.00006104
-0.92861340,0.00006104
-0.92829340,0.00006104
-0.92797340,0.00006104
-0.92765340,0.00006104
-0.92733340,0.00006104
-0.92701340,0.00006104
-0.92669340,0.00006104
-0.92637340,0.00006104
-0.92605340,0.00006104
-0.92573340,0.00006104
-0.92541340,0.00006104
-0.92509340,0.00006104
-0.92477340,0.00006104
-0.92445340,0.00006104
-0.92413340,0.00006104
-0.92381340,0.00006104
-0.92349340,0.00006104
-0.92317340,0.00006104
-0.92285340,0.00006104
-0.92253340,0.00006104
-0.92221340,0.00006104
-0.92189340,0.00006104
-0.92157340,0.00006104
-0.92125340,0.00006104
-0.92093340,0.00006104
-0.92061340,-0.01770074
-0.92029340,0.00006104
-0.91997340,0.00006104
-0.91965340,0.00006104
-0.91933340,0.00006104
-0.91901340,0.00006104
-0.91869340,0.00006104
-0.91837340,0.00006104
-0.91805340,0.00006104
-0.91773340,0.00006104
-0.91741340,0.00006104
-0.91709340,0.00006104
-0.91677340,0.00006104
-0.91645340,0.00006104
-0.91613340,0.00006104
-0.91581340,0.00006104
-0.91549340,0.00006104
-0.91517340,0.00006104
-0.91485340,0.00006104
-0.91453340,0.00006104
-0.91421340,0.00006104
-0.91389340,0.00006104
-0.91357340,0.00006104
-0.91325340,0.00006104
-0.91293340,0.00006104
-0.91261340,0.00006104
-0.91229340,0.00006104
-0.91197340,0.00006104
-0.91165340,0.00006104
-0.91133340,0.00006104
-0.91101340,0.00006104
-0.91069340,0.00006104
-0.91037340,0.00006104
-0.91005340,0.00006104
-0.90973340,0.00006104
-0.90941340,0.00006104
-0.90909340,0.00006104
-0.90877340,0.00006104
-0.90845340,0.00006104
-0.90813340,0.00006104
-0.90781340,0.00006104
-0.90749340,0.00006104
-0.90717340,0.00006104
-0.90685340,0.00006104
-0.90653340,0.00006104
-0.90621340,0.00006104
-0.90589340,-0.01770074
-0.90557340,-0.01770074
-0.90525340,0.00006104
-0.90493340,0.00006104
-0.90461340,0.00006104
-0.90429340,0.00006104
-0.90397340,0.00006104
-0.90365340,0.00006104
-0.90333340,-0.01770074
-0.90301340,0.00006104
-0.90269340,0.00006104
-0.90237340,0.00006104
-0.90205340,0.00006104
-0.90173340,0.00006104
-0.90141340,0.00006104
-0.90109340,0.00006104
-0.90077340,0.00006104
-0.90045340,0.00006104
-0.90013340,0.00006104
-0.89981340,0.00006104
-0.89949340,0.00006104
-0.89917340,0.00006104
-0.89885340,0.00006104
-0.89853340,0.00006104
-0.89821340,0.00006104
-0.89789340,0.00006104
-0.89757340,0.00006104
-0.89725340,0.00006104
-0.89693340,0.00006104
-0.89661340,0.00006104
-0.89629340,0.00006104
-0.89597340,0.00006104
-0.89565340,0.00006104
-0.89533340,0.00006104
-0.89501340,0.00006104
-0.89469340,0.00006104
-0.89437340,0.00006104
-0.89405340,0.00006104
-0.89373340,0.00006104
-0.89341340,0.00006104
-0.89309340,0.00006104
-0.89277340,-0.01770074
-0.89245340,0.00006104
-0.89213340,0.00006104
-0.89181340,0.00006104
-0.89149340,0.00006104
-0.89117340,0.00006104
-0.89085340,0.00006104
-0.89053340,0.00006104
-0.89021340,0.00006104
-0.88989340,0.00006104
-0.88957340,0.00006104
-0.88925340,0.00006104
-0.88893340,0.00006104
-0.88861340,0.00006104
-0.88829340,0.00006104
-0.88797340,-0.01770074
-0.88765340,0.00006104
-0.88733340,0.00006104
-0.88701340,0.00006104
-0.88669340,0.00006104
-0.88637340,0.00006104
-0.88605340,0.00006104
-0.88573340,0.00006104
-0.88541340,0.00006104
-0.88509340,0.00006104
-0.88477340,0.00006104
-0.88445340,-0.01770074
-0.88413340,0.00006104
-0.88381340,0.00006104
-0.88349340,-0.01770074
-0.88317340,0.00006104
-0.88285340,0.00006104
-0.88253340,-0.01770074
-0.88221340,0.00006104
-0.88189340,0.00006104
-0.88157340,0.00006104
-0.88125340,0.00006104
-0.88093340,0.00006104
-0.88061340,0.00006104
-0.88029340,0.00006104
-0.87997340,0.00006104
-0.87965340,0.00006104
-0.87933340,0.00006104
-0.87901340,0.00006104
-0.87869340,0.00006104
-0.87837340,0.00006104
-0.87805340,0.00006104
-0.87773340,0.00006104
-0.87741340,0.00006104
-0.87709340,0.00006104
-0.87677340,0.00006104
-0.87645340,0.00006104
-0.87613340,0.00006104
-0.87581340,0.00006104
-0.87549340,0.00006104
-0.87517340,0.00006104
-0.87485340,0.00006104
-0.87453340,0.00006104
-0.87421340,0.00006104
-0.87389340,0.00006104
-0.87357340,0.00006104
-0.87325340,0.00006104
-0.87293340,0.00006104
-0.87261340,0.00006104
-0.87229340,-0.01770074
-0.87197340,0.00006104
-0.87165340,0.00006104
-0.87133340,0.00006104
-0.87101340,0.00006104
-0.87069340,0.00006104
-0.87037340,0.00006104
-0.87005340,0.00006104
-0.86973340,0.00006104
-0.86941340,0.00006104
-0.86909340,0.00006104
-0.86877340,0.00006104
-0.86845340,0.00006104
-0.86813340,0.00006104
-0.86781340,0.00006104
-0.86749340,0.00006104
-0.86717340,0.00006104
-0.86685340,-0.01770074
-0.86653340,0.00006104
-0.86621340,0.00006104
-0.86589340,0.00006104
-0.86557340,0.00006104
-0.86525340,0.00006104
-0.86493340,0.00006104
-0.86461340,0.00006104
-0.86429340,0.00006104
-0.86397340,0.00006104
-0.86365340,0.00006104
-0.86333340,0.00006104
-0.86301340,0.00006104
-0.86269340,0.00006104
-0.86237340,0.00006104
-0.86205340,0.00006104
-0.86173340,0.00006104
-0.86141340,0.00006104
-0.86109340,-0.01770074
-0.86077340,-0.01770074
-0.86045340,0.00006104
-0.86013340,0.00006104
-0.85981340,0.00006104
-0.85949340,0.00006104
-0.85917340,0.00006104
-0.85885340,0.00006104
-0.85853340,0.00006104
-0.85821340,0.00006104
-0.85789340,0.00006104
-0.85757340,0.00006104
-0.85725340,0.00006104
-0.85693340,0.00006104
-0.85661340,0.00006104
-0.85629340,0.00006104
-0.85597340,0.00006104
-0.85565340,0.00006104
-0.85533340,0.00006104
-0.85501340,0.00006104
-0.85469340,0.00006104
-0.85437340,0.00006104
-0.85405340,0.00006104
-0.85373340,0.00006104
-0.85341340,0.00006104
-0.85309340,0.00006104
-0.85277340,0.00006104
-0.85245340,0.00006104
-0.85213340,0.00006104
-0.85181340,0.00006104
-0.85149340,0.00006104
-0.85117340,-0.01770074
-0.85085340,0.00006104
-0.85053340,0.00006104
-0.85021340,0.00006104
-0.84989340,0.00006104
-0.84957340,0.00006104
-0.84925340,0.00006104
-0.84893340,0.00006104
-0.84861340,0.00006104
-0.84829340,0.00006104
-0.84797340,0.00006104
-0.84765340,0.00006104
-0.84733340,0.00006104
-0.84701340,0.00006104
-0.84669340,0.00006104
-0.84637340,0.00006104
-0.84605340,0.00006104
-0.84573340,0.00006104
-0.84541340,0.00006104
-0.84509340,0.00006104
-0.84477340,0.00006104
-0.84445340,0.00006104
-0.84413340,0.00006104
-0.84381340,0.00006104
-0.84349340,0.00006104
-0.84317340,0.00006104
-0.84285340,0.00006104
-0.84253340,0.00006104
-0.84221340,0.00006104
-0.84189340,0.00006104
-0.84157340,0.00006104
-0.84125340,0.00006104
-0.84093340,0.00006104
-0.84061340,0.00006104
-0.84029340,0.00006104
-0.83997340,0.00006104
-0.83965340,0.00006104
-0.83933340,0.00006104
-0.83901340,0.00006104
-0.83869340,0.00006104
-0.83837340,0.00006104
-0.83805340,0.00006104
-0.83773340,0.00006104
-0.83741340,0.00006104
-0.83709340,0.00006104
-0.83677340,0.00006104
-0.83645340,0.00006104
-0.83613340,0.00006104
-0.83581340,0.00006104
-0.83549340,0.00006104
-0.83517340,0.00006104
-0.83485340,0.00006104
-0.83453340,0.00006104
-0.83421340,0.00006104
-0.83389340,0.00006104
-0.83357340,0.00006104
-0.83325340,0.00006104
-0.83293340,0.00006104
-0.83261340,0.00006104
-0.83229340,-0.01770074
-0.83197340,0.00006104
-0.83165340,0.00006104
-0.83133340,0.00006104
-0.83101340,0.00006104
-0.83069340,0.00006104
-0.83037340,0.00006104
-0.83005340,0.00006104
-0.82973340,0.00006104
-0.82941340,0.00006104
-0.82909340,0.00006104
-0.82877340,0.00006104
-0.82845340,0.00006104
-0.82813340,0.00006104
-0.82781340,0.00006104
-0.82749340,0.00006104
-0.82717340,0.00006104
-0.82685340,0.00006104
-0.82653340,0.00006104
-0.82621340,0.00006104
-0.82589340,0.00006104
-0.82557340,0.00006104
-0.82525340,0.00006104
-0.82493340,0.00006104
-0.82461340,-0.01770074
-0.82429340,0.00006104
-0.82397340,0.00006104
-0.82365340,0.00006104
-0.82333340,0.00006104
-0.82301340,0.00006104
-0.82269340,0.00006104
-0.82237340,0.00006104
-0.82205340,-0.01770074
-0.82173340,0.00006104
-0.82141340,0.00006104
-0.82109340,0.00006104
-0.82077340,0.00006104
-0.82045340,0.00006104
-0.82013340,0.00006104
-0.81981340,0.00006104
-0.81949340,0.00006104
-0.81917340,0.00006104
-0.81885340,0.00006104
-0.81853340,0.00006104
-0.81821340,0.00006104
-0.81789340,0.00006104
-0.81757340,0.00006104
-0.81725340,0.00006104
-0.81693340,0.00006104
-0.81661340,0.00006104
-0.81629340,0.00006104
-0.81597340,0.00006104
-0.81565340,0.00006104
-0.81533340,0.00006104
-0.81501340,0.00006104
-0.81469340,0.00006104
-0.81437340,0.00006104
-0.81405340,-0.01770074
-0.81373340,0.00006104
-0.81341340,0.00006104
-0.81309340,0.00006104
-0.81277340,0.00006104
-0.81245340,0.00006104
-0.81213340,0.00006104
-0.81181340,0.00006104
-0.81149340,0.00006104
-0.81117340,0.00006104
-0.81085340,-0.01770074
-0.81053340,0.00006104
-0.81021340,0.00006104
-0.80989340,0.00006104
-0.80957340,0.00006104
-0.80925340,0.00006104
-0.80893340,0.00006104
-0.80861340,0.00006104
-0.80829340,0.00006104
-0.80797340,0.00006104
-0.80765340,0.00006104
-0.80733340,0.00006104
-0.80701340,0.00006104
-0.80669340,0.00006104
-0.80637340,0.00006104
-0.80605340,0.00006104
-0.80573340,0.00006104
-0.80541340,0.00006104
-0.80509340,0.00006104
-0.80477340,0.00006104
-0.80445340,0.00006104
-0.80413340,0.00006104
-0.80381340,0.00006104
-0.80349340,0.00006104
-0.80317340,-0.01770074
-0.80285340,0.00006104
-0.80253340,0.00006104
-0.80221340,0.00006104
-0.80189340,0.00006104
-0.80157340,-0.01770074
-0.80125340,-0.01770074
-0.80093340,0.00006104
-0.80061340,0.00006104
-0.80029340,0.00006104
-0.79997340,0.00006104
-0.79965340,-0.01770074
-0.79933340,0.00006104
-0.79901340,0.00006104
-0.79869340,0.00006104
-0.79837340,0.00006104
-0.79805340,0.00006104
-0.79773340,0.00006104
-0.79741340,0.00006104
-0.79709340,0.00006104
-0.79677340,0.00006104
-0.79645340,0.01788385
-0.79613340,0.00006104
-0.79581340,0.00006104
-0.79549340,0.00006104
-0.79517340,-0.01770074
-0.79485340,0.00006104
-0.79453340,0.00006104
-0.79421340,0.00006104
-0.79389340,0.00006104
-0.79357340,0.00006104
-0.79325340,0.00006104
-0.79293340,0.00006104
-0.79261340,0.00006104
-0.79229340,0.00006104
-0.79197340,0.00006104
-0.79165340,0.00006104
-0.79133340,0.00006104
-0.79101340,0.00006104
-0.79069340,0.00006104
-0.79037340,0.00006104
-0.79005340,0.00006104
-0.78973340,0.00006104
-0.78941340,0.00006104
-0.78909340,0.00006104
-0.78877340,0.00006104
-0.78845340,0.00006104
-0.78813340,-0.01770074
-0.78781340,0.00006104
-0.78749340,0.00006104
-0.78717340,0.00006104
-0.78685340,0.00006104
-0.78653340,0.00006104
-0.78621340,0.00006104
-0.78589340,0.00006104
-0.78557340,0.00006104
-0.78525340,0.00006104
-0.78493340,0.00006104
-0.78461340,0.00006104
-0.78429340,0.00006104
-0.78397340,0.00006104
-0.78365340,0.00006104
-0.78333340,0.00006104
-0.78301340,0.00006104
-0.78269340,0.00006104
-0.78237340,0.00006104
-0.78205340,0.00006104
-0.78173340,0.00006104
-0.78141340,0.00006104
-0.78109340,0.00006104
-0.78077340,0.00006104
-0.78045340,-0.01770074
-0.78013340,0.00006104
-0.77981340,0.00006104
-0.77949340,0.00006104
-0.77917340,0.00006104
-0.77885340,0.00006104
-0.77853340,0.00006104
-0.77821340,0.00006104
-0.77789340,0.00006104
-0.77757340,0.00006104
-0.77725340,0.00006104
-0.77693340,0.00006104
-0.77661340,-0.01770074
-0.77629340,0.00006104
-0.77597340,0.00006104
-0.77565340,0.00006104
-0.77533340,0.00006104
-0.77501340,0.00006104
-0.77469340,0.00006104
-0.77437340,0.00006104
-0.77405340,0.00006104
-0.77373340,0.00006104
-0.77341340,0.00006104
-0.77309340,0.00006104
-0.77277340,0.00006104
-0.77245340,0.00006104
-0.77213340,0.00006104
-0.77181340,0.00006104
-0.77149340,0.00006104
-0.77117340,0.00006104
-0.77085340,0.00006104
-0.77053340,0.00006104
-0.77021340,0.00006104
-0.76989340,0.00006104
-0.76957340,-0.01770074
-0.76925340,0.00006104
-0.76893340,-0.01770074
-0.76861340,0.00006104
-0.76829340,0.00006104
-0.76797340,0.00006104
-0.76765340,0.00006104
-0.76733340,0.00006104
-0.76701340,0.00006104
-0.76669340,0.00006104
-0.76637340,0.00006104
-0.76605340,0.00006104
-0.76573340,0.00006104
-0.76541340,0.00006104
-0.76509340,0.00006104
-0.76477340,0.00006104
-0.76445340,0.00006104
-0.76413340,0.00006104
-0.76381340,0.00006104
-0.76349340,0.00006104
-0.76317340,0.00006104
-0.76285340,0.00006104
-0.76253340,0.00006104
-0.76221340,0.00006104
-0.76189340,0.00006104
-0.76157340,0.00006104
-0.76125340,0.00006104
-0.76093340,0.00006104
-0.76061340,0.00006104
-0.76029340,0.00006104
-0.75997340,0.00006104
-0.75965340,0.00006104
-0.75933340,0.00006104
-0.75901340,0.00006104
-0.75869340,0.00006104
-0.75837340,0.00006104
-0.75805340,0.00006104
-0.75773340,0.00006104
-0.75741340,0.00006104
-0.75709340,0.00006104
-0.75677340,0.00006104
-0.75645340,0.00006104
-0.75613340,0.00006104
-0.75581340,0.00006104
-0.75549340,0.00006104
-0.75517340,0.00006104
-0.75485340,0.00006104
-0.75453340,0.00006104
-0.75421340,0.00006104
-0.75389340,-0.01770074
-0.75357340,0.00006104
-0.75325340,0.00006104
-0.75293340,-0.01770074
-0.75261340,0.00006104
-0.75229340,0.00006104
-0.75197340,0.00006104
-0.75165340,0.00006104
-0.75133340,0.00006104
-0.75101340,0.00006104
-0.75069340,0.00006104
-0.75037340,0.00006104
-0.75005340,0.00006104
-0.74973340,0.00006104
-0.74941340,0.00006104
-0.74909340,0.00006104
-0.74877340,0.00006104
-0.74845340,0.00006104
-0.74813340,0.00006104
-0.74781340,0.00006104
-0.74749340,0.00006104
-0.74717340,0.01788385
-0.74685340,0.00006104
-0.74653340,0.00006104
-0.74621340,0.00006104
-0.74589340,0.00006104
-0.74557340,0.00006104
-0.74525340,0.00006104
-0.74493340,0.00006104
-0.74461340,0.00006104
-0.74429340,0.00006104
-0.74397340,0.00006104
-0.74365340,0.00006104
-0.74333340,0.00006104
-0.74301340,0.00006104
-0.74269340,0.00006104
-0.74237340,0.00006104
-0.74205340,0.00006104
-0.74173340,0.00006104
-0.74141340,0.00006104
-0.74109340,0.00006104
-0.74077340,0.00006104
-0.74045340,0.00006104
-0.74013340,0.00006104
-0.73981340,0.00006104
-0.73949340,0.00006104
-0.73917340,0.00006104
-0.73885340,0.00006104
-0.73853340,0.00006104
-0.73821340,0.00006104
-0.73789340,0.00006104
-0.73757340,0.00006104
-0.73725340,0.00006104
-0.73693340,0.00006104
-0.73661340,0.00006104
-0.73629340,0.00006104
-0.73597340,-0.01770074
-0.73565340,0.00006104
-0.73533340,0.00006104
-0.73501340,0.00006104
-0.73469340,0.00006104
-0.73437340,0.00006104
-0.73405340,0.00006104
-0.73373340,0.00006104
-0.73341340,0.00006104
-0.73309340,0.00006104
-0.73277340,0.00006104
-0.73245340,0.00006104
-0.73213340,0.00006104
-0.73181340,0.00006104
-0.73149340,0.00006104
-0.73117340,0.00006104
-0.73085340,0.00006104
-0.73053340,0.00006104
-0.73021340,0.00006104
-0.72989340,0.00006104
-0.72957340,-0.01770074
-0.72925340,0.00006104
-0.72893340,0.00006104
-0.72861340,-0.01770074
-0.72829340,0.00006104
-0.72797340,0.00006104
-0.72765340,0.00006104
-0.72733340,0.00006104
-0.72701340,0.00006104
-0.72669340,0.00006104
-0.72637340,0.00006104
-0.72605340,0.00006104
-0.72573340,0.00006104
-0.72541340,0.00006104
-0.72509340,0.00006104
-0.72477340,0.00006104
-0.72445340,0.00006104
-0.72413340,0.00006104
-0.72381340,0.00006104
-0.72349340,0.00006104
-0.72317340,0.00006104
-0.72285340,0.00006104
-0.72253340,0.00006104
-0.72221340,0.00006104
-0.72189340,0.00006104
-0.72157340,-0.01770074
-0.72125340,0.00006104
-0.72093340,0.00006104
-0.72061340,0.00006104
-0.72029340,0.00006104
-0.71997340,0.00006104
-0.71965340,-0.01770074
-0.71933340,0.00006104
-0.71901340,0.00006104
-0.71869340,0.00006104
-0.71837340,0.00006104
-0.71805340,0.00006104
-0.71773340,0.00006104
-0.71741340,0.00006104
-0.71709340,0.00006104
-0.71677340,0.00006104
-0.71645340,0.00006104
-0.71613340,0.00006104
-0.71581340,0.00006104
-0.71549340,0.00006104
-0.71517340,0.00006104
-0.71485340,0.00006104
-0.71453340,0.00006104
-0.71421340,0.00006104
-0.71389340,-0.01770074
-0.71357340,0.00006104
-0.71325340,0.00006104
-0.71293340,-0.01770074
-0.71261340,0.00006104
-0.71229340,0.00006104
-0.71197340,0.00006104
-0.71165340,-0.01770074
-0.71133340,0.00006104
-0.71101340,0.00006104
-0.71069340,-0.01770074
-0.71037340,0.00006104
-0.71005340,0.00006104
-0.70973340,0.00006104
-0.70941340,0.00006104
-0.70909340,0.00006104
-0.70877340,0.00006104
-0.70845340,0.00006104
-0.70813340,0.00006104
-0.70781340,0.00006104
-0.70749340,0.00006104
-0.70717340,0.00006104
-0.70685340,0.00006104
-0.70653340,0.00006104
-0.70621340,0.00006104
-0.70589340,0.00006104
-0.70557340,0.00006104
-0.70525340,0.00006104
-0.70493340,0.00006104
-0.70461340,0.00006104
-0.70429340,0.00006104
-0.70397340,0.00006104
-0.70365340,0.00006104
-0.70333340,0.00006104
-0.70301340,0.00006104
-0.70269340,0.00006104
-0.70237340,0.00006104
-0.70205340,0.00006104
-0.70173340,0.00006104
-0.70141340,0.00006104
-0.70109340,0.00006104
-0.70077340,0.00006104
-0.70045340,0.00006104
-0.70013340,0.00006104
-0.69981340,0.00006104
-0.69949340,0.00006104
-0.69917340,0.00006104
-0.69885340,0.00006104
-0.69853340,0.00006104
-0.69821340,0.00006104
-0.69789340,0.00006104
-0.69757340,0.00006104
-0.69725340,0.00006104
-0.69693340,0.00006104
-0.69661340,0.00006104
-0.69629340,0.00006104
-0.69597340,0.00006104
-0.69565340,0.00006104
-0.69533340,0.00006104
-0.69501340,0.00006104
-0.69469340,0.00006104
-0.69437340,0.00006104
-0.69405340,0.00006104
-0.69373340,0.00006104
-0.69341340,0.00006104
-0.69309340,0.00006104
-0.69277340,0.00006104
-0.69245340,0.00006104
-0.69213340,0.00006104
-0.69181340,0.00006104
-0.69149340,0.00006104
-0.69117340,0.00006104
-0.69085340,0.00006104
-0.69053340,0.00006104
-0.69021340,0.00006104
-0.68989340,0.00006104
-0.68957340,0.00006104
-0.68925340,0.00006104
-0.68893340,0.00006104
-0.68861340,0.00006104
-0.68829340,0.00006104
-0.68797340,0.00006104
-0.68765340,0.00006104
-0.68733340,0.00006104
-0.68701340,0.00006104
-0.68669340,0.00006104
-0.68637340,0.00006104
-0.68605340,0.00006104
-0.68573340,-0.01770074
-0.68541340,-0.01770074
-0.68509340,0.00006104
-0.68477340,0.00006104
-0.68445340,0.00006104
-0.68413340,0.00006104
-0.68381340,0.00006104
-0.68349340,0.00006104
-0.68317340,0.00006104
-0.68285340,0.00006104
-0.68253340,0.00006104
-0.68221340,0.00006104
-0.68189340,0.00006104
-0.68157340,0.00006104
-0.68125340,0.00006104
-0.68093340,0.00006104
-0.68061340,0.00006104
-0.68029340,0.00006104
-0.67997340,0.00006104
-0.67965340,0.00006104
-0.67933340,0.00006104
-0.67901340,0.00006104
-0.67869340,0.00006104
-0.67837340,0.00006104
-0.67805340,-0.01770074
-0.67773340,0.00006104
-0.67741340,0.00006104
-0.67709340,0.00006104
-0.67677340,0.00006104
-0.67645340,0.00006104
-0.67613340,0.00006104
-0.67581340,0.00006104
-0.67549340,0.00006104
-0.67517340,0.00006104
-0.67485340,0.00006104
-0.67453340,0.00006104
-0.67421340,0.00006104
-0.67389340,0.00006104
-0.67357340,0.00006104
-0.67325340,0.00006104
-0.67293340,0.00006104
-0.67261340,0.00006104
-0.67229340,0.00006104
-0.67197340,0.00006104
-0.67165340,0.00006104
-0.67133340,0.00006104
-0.67101340,0.00006104
-0.67069340,0.00006104
-0.67037340,0.00006104
-0.67005340,0.00006104
-0.66973340,0.00006104
-0.66941340,0.00006104
-0.66909340,0.00006104
-0.66877340,0.00006104
-0.66845340,0.00006104
-0.66813340,0.00006104
-0.66781340,0.00006104
-0.66749340,0.00006104
-0.66717340,-0.01770074
-0.66685340,0.00006104
-0.66653340,0.00006104
-0.66621340,0.00006104
-0.66589340,0.00006104
-0.66557340,0.00006104
-0.66525340,0.00006104
-0.66493340,0.00006104
-0.66461340,0.00006104
-0.66429340,0.00006104
-0.66397340,0.00006104
-0.66365340,0.00006104
-0.66333340,0.00006104
-0.66301340,0.00006104
-0.66269340,0.00006104
-0.66237340,0.00006104
-0.66205340,0.00006104
-0.66173340,0.00006104
-0.66141340,0.00006104
-0.66109340,0.00006104
-0.66077340,0.00006104
-0.66045340,0.00006104
-0.66013340,0.00006104
-0.65981340,0.00006104
-0.65949340,0.00006104
-0.65917340,0.00006104
-0.65885340,0.00006104
-0.65853340,0.00006104
-0.65821340,-0.01770074
-0.65789340,-0.01770074
-0.65757340,0.00006104
-0.65725340,0.00006104
-0.65693340,0.00006104
-0.65661340,0.00006104
-0.65629340,0.00006104
-0.65597340,0.00006104
-0.65565340,0.00006104
-0.65533340,0.00006104
-0.65501340,0.00006104
-0.65469340,0.00006104
-0.65437340,0.00006104
-0.65405340,0.00006104
-0.65373340,0.00006104
-0.65341340,0.00006104
-0.65309340,0.00006104
-0.65277340,0.00006104
-0.65245340,0.00006104
-0.65213340,0.00006104
-0.65181340,0.00006104
-0.65149340,0.00006104
-0.65117340,0.00006104
-0.65085340,0.00006104
-0.65053340,0.00006104
-0.65021340,0.00006104
-0.64989340,0.00006104
-0.64957340,0.00006104
-0.64925340,-0.01770074
-0.64893340,0.00006104
-0.64861340,0.00006104
-0.64829340,0.00006104
-0.64797340,0.00006104
-0.64765340,0.00006104
-0.64733340,0.00006104
-0.64701340,0.00006104
-0.64669340,0.00006104
-0.64637340,0.00006104
-0.64605340,0.00006104
-0.64573340,0.00006104
-0.64541340,0.00006104
-0.64509340,0.00006104
-0.64477340,0.00006104
-0.64445340,0.00006104
-0.64413340,0.00006104
-0.64381340,0.00006104
-0.64349340,0.00006104
-0.64317340,0.00006104
-0.64285340,0.00006104
-0.64253340,0.00006104
-0.64221340,0.00006104
-0.64189340,0.00006104
-0.64157340,0.00006104
-0.64125340,0.00006104
-0.64093340,0.00006104
-0.64061340,0.00006104
-0.64029340,0.00006104
-0.63997340,0.00006104
-0.63965340,0.00006104
-0.63933340,0.00006104
-0.63901340,0.00006104
-0.63869340,0.00006104
-0.63837340,0.00006104
-0.63805340,0.00006104
-0.63773340,0.00006104
-0.63741340,0.00006104
-0.63709340,0.00006104
-0.63677340,-0.01770074
-0.63645340,0.00006104
-0.63613340,0.00006104
-0.63581340,0.00006104
-0.63549340,0.00006104
-0.63517340,0.00006104
-0.63485340,0.00006104
-0.63453340,0.00006104
-0.63421340,0.00006104
-0.63389340,0.00006104
-0.63357340,0.00006104
-0.63325340,0.00006104
-0.63293340,0.00006104
-0.63261340,0.00006104
-0.63229340,0.00006104
-0.63197340,0.00006104
-0.63165340,0.00006104
-0.63133340,0.00006104
-0.63101340,0.00006104
-0.63069340,0.00006104
-0.63037340,0.00006104
-0.63005340,0.00006104
-0.62973340,0.00006104
-0.62941340,0.00006104
-0.62909340,0.00006104
-0.62877340,0.00006104
-0.62845340,0.00006104
-0.62813340,0.00006104
-0.62781340,0.00006104
-0.62749340,0.00006104
-0.62717340,0.00006104
-0.62685340,0.00006104
-0.62653340,0.00006104
-0.62621340,0.00006104
-0.62589340,0.00006104
-0.62557340,0.00006104
-0.62525340,0.00006104
-0.62493340,0.00006104
-0.62461340,0.00006104
-0.62429340,0.00006104
-0.62397340,0.00006104
-0.62365340,0.00006104
-0.62333340,0.00006104
-0.62301340,0.00006104
-0.62269340,0.00006104
-0.62237340,-0.01770074
-0.62205340,0.00006104
-0.62173340,0.00006104
-0.62141340,0.00006104
-0.62109340,0.00006104
-0.62077340,0.00006104
-0.62045340,0.00006104
-0.62013340,0.00006104
-0.61981340,0.00006104
-0.61949340,0.00006104
-0.61917340,0.00006104
-0.61885340,0.00006104
-0.61853340,0.00006104
-0.61821340,0.00006104
-0.61789340,0.00006104
-0.61757340,0.00006104
-0.61725340,0.00006104
-0.61693340,0.00006104
-0.61661340,0.00006104
-0.61629340,0.00006104
-0.61597340,0.00006104
-0.61565340,0.00006104
-0.61533340,0.00006104
-0.61501340,0.00006104
-0.61469340,0.00006104
-0.61437340,0.00006104
-0.61405340,0.00006104
-0.61373340,0.00006104
-0.61341340,0.00006104
-0.61309340,0.00006104
-0.61277340,0.00006104
-0.61245340,0.00006104
-0.61213340,0.00006104
-0.61181340,0.00006104
-0.61149340,0.00006104
-0.61117340,0.00006104
-0.61085340,0.00006104
-0.61053340,0.00006104
-0.61021340,0.00006104
-0.60989340,0.00006104
-0.60957340,0.00006104
-0.60925340,0.00006104
-0.60893340,0.00006104
-0.60861340,0.00006104
-0.60829340,0.00006104
-0.60797340,0.00006104
-0.60765340,0.00006104
-0.60733340,0.00006104
-0.60701340,0.00006104
-0.60669340,0.00006104
-0.60637340,0.00006104
-0.60605340,0.00006104
-0.60573340,0.00006104
-0.60541340,0.00006104
-0.60509340,0.00006104
-0.60477340,0.00006104
-0.60445340,0.00006104
-0.60413340,0.00006104
-0.60381340,0.00006104
-0.60349340,0.00006104
-0.60317340,0.00006104
-0.60285340,0.00006104
-0.60253340,0.00006104
-0.60221340,0.00006104
-0.60189340,0.00006104
-0.60157340,0.00006104
-0.60125340,0.00006104
-0.60093340,0.00006104
-0.60061340,0.00006104
-0.60029340,0.00006104
-0.59997340,0.00006104
-0.59965340,0.00006104
-0.59933340,0.00006104
-0.59901340,0.00006104
-0.59869340,0.00006104
-0.59837340,0.00006104
-0.59805340,0.00006104
-0.59773340,0.00006104
-0.59741340,0.00006104
-0.59709340,0.00006104
-0.59677340,0.00006104
-0.59645340,0.00006104
-0.59613340,0.00006104
-0.59581340,0.00006104
-0.59549340,0.00006104
-0.59517340,0.00006104
-0.59485340,0.00006104
-0.59453340,0.00006104
-0.59421340,0.00006104
-0.59389340,0.00006104
-0.59357340,-0.01770074
-0.59325340,0.00006104
-0.59293340,0.00006104
-0.59261340,0.00006104
-0.59229340,0.00006104
-0.59197340,0.00006104
-0.59165340,0.00006104
-0.59133340,0.00006104
-0.59101340,0.00006104
-0.59069340,0.00006104
-0.59037340,0.00006104
-0.59005340,0.00006104
-0.58973340,0.00006104
-0.58941340,0.00006104
-0.58909340,0.00006104
-0.58877340,0.00006104
-0.58845340,0.00006104
-0.58813340,0.00006104
-0.58781340,0.00006104
-0.58749340,0.00006104
-0.58717340,0.00006104
-0.58685340,0.00006104
-0.58653340,0.00006104
-0.58621340,0.00006104
-0.58589340,0.00006104
-0.58557340,0.00006104
-0.58525340,0.00006104
-0.58493340,0.00006104
-0.58461340,0.00006104
-0.58429340,0.00006104
-0.58397340,0.00006104
-0.58365340,-0.01770074
-0.58333340,0.00006104
-0.58301340,0.00006104
-0.58269340,0.00006104
-0.58237340,0.00006104
-0.58205340,0.00006104
-0.58173340,0.00006104
-0.58141340,0.00006104
-0.58109340,0.00006104
-0.58077340,0.00006104
-0.58045340,0.00006104
-0.58013340,0.00006104
-0.57981340,0.00006104
-0.57949340,0.00006104
-0.57917340,0.00006104
-0.57885340,0.00006104
-0.57853340,0.00006104
-0.57821340,0.00006104
-0.57789340,0.00006104
-0.57757340,0.00006104
-0.57725340,0.00006104
-0.57693340,0.00006104
-0.57661340,0.00006104
-0.57629340,0.00006104
-0.57597340,0.00006104
-0.57565340,0.00006104
-0.57533340,0.00006104
-0.57501340,0.00006104
-0.57469340,0.00006104
-0.57437340,0.00006104
-0.57405340,0.01788385
-0.57373340,0.00006104
-0.57341340,0.00006104
-0.57309340,0.00006104
-0.57277340,0.00006104
-0.57245340,0.00006104
-0.57213340,0.00006104
-0.57181340,0.00006104
-0.57149340,0.00006104
-0.57117340,0.00006104
-0.57085340,0.00006104
-0.57053340,0.00006104
-0.57021340,0.00006104
-0.56989340,0.00006104
-0.56957340,0.00006104
-0.56925340,0.00006104
-0.56893340,0.00006104
-0.56861340,0.00006104
-0.56829340,0.00006104
-0.56797340,0.00006104
-0.56765340,0.00006104
-0.56733340,0.00006104
-0.56701340,0.00006104
-0.56669340,0.00006104
-0.56637340,0.00006104
-0.56605340,-0.01770074
-0.56573340,-0.01770074
-0.56541340,-0.01770074
-0.56509340,0.00006104
-0.56477340,0.00006104
-0.56445340,0.00006104
-0.56413340,0.00006104
-0.56381340,0.00006104
-0.56349340,0.00006104
-0.56317340,0.00006104
-0.56285340,0.00006104
-0.56253340,0.00006104
-0.56221340,-0.01770074
-0.56189340,0.00006104
-0.56157340,0.00006104
-0.56125340,0.00006104
-0.56093340,0.00006104
-0.56061340,0.00006104
-0.56029340,0.00006104
-0.55997340,0.00006104
-0.55965340,0.00006104
-0.55933340,-0.01770074
-0.55901340,0.00006104
-0.55869340,0.00006104
-0.55837340,0.00006104
-0.55805340,0.00006104
-0.55773340,-0.01770074
-0.55741340,0.00006104
-0.55709340,0.00006104
-0.55677340,0.00006104
-0.55645340,0.00006104
-0.55613340,-0.01770074
-0.55581340,0.00006104
-0.55549340,0.00006104
-0.55517340,-0.01770074
-0.55485340,0.00006104
-0.55453340,0.00006104
-0.55421340,0.00006104
-0.55389340,0.00006104
-0.55357340,0.00006104
-0.55325340,0.00006104
-0.55293340,0.00006104
-0.55261340,0.00006104
-0.55229340,0.00006104
-0.55197340,0.00006104
-0.55165340,0.00006104
-0.55133340,0.00006104
-0.55101340,0.00006104
-0.55069340,0.00006104
-0.55037340,0.00006104
-0.55005340,0.00006104
-0.54973340,0.00006104
-0.54941340,0.00006104
-0.54909340,0.00006104
-0.54877340,0.00006104
-0.54845340,0.00006104
-0.54813340,0.00006104
-0.54781340,0.00006104
-0.54749340,0.00006104
-0.54717340,0.00006104
-0.54685340,0.00006104
-0.54653340,0.00006104
-0.54621340,0.00006104
-0.54589340,0.00006104
-0.54557340,0.00006104
-0.54525340,0.00006104
-0.54493340,0.00006104
-0.54461340,0.00006104
-0.54429340,0.00006104
-0.54397340,0.00006104
-0.54365340,0.00006104
-0.54333340,0.00006104
-0.54301340,0.00006104
-0.54269340,0.00006104
-0.54237340,0.00006104
-0.54205340,0.00006104
-0.54173340,0.00006104
-0.54141340,0.00006104
-0.54109340,0.00006104
-0.54077340,0.00006104
-0.54045340,0.00006104
-0.54013340,0.00006104
-0.53981340,0.00006104
-0.53949340,0.00006104
-0.53917340,0.00006104
-0.53885340,0.00006104
-0.53853340,0.00006104
-0.53821340,0.00006104
-0.53789340,0.00006104
-0.53757340,0.00006104
-0.53725340,0.00006104
-0.53693340,0.00006104
-0.53661340,0.00006104
-0.53629340,0.00006104
-0.53597340,0.00006104
-0.53565340,0.00006104
-0.53533340,0.00006104
-0.53501340,0.00006104
-0.53469340,0.00006104
-0.53437340,0.00006104
-0.53405340,0.00006104
-0.53373340,-0.01770074
-0.53341340,0.00006104
-0.53309340,0.00006104
-0.53277340,0.00006104
-0.53245340,0.00006104
-0.53213340,0.00006104
-0.53181340,0.00006104
-0.53149340,0.00006104
-0.53117340,-0.01770074
-0.53085340,0.00006104
-0.53053340,0.00006104
-0.53021340,-0.01770074
-0.52989340,0.00006104
-0.52957340,0.00006104
-0.52925340,-0.01770074
-0.52893340,-0.01770074
-0.52861340,0.00006104
-0.52829340,0.00006104
-0.52797340,0.00006104
-0.52765340,-0.01770074
-0.52733340,0.00006104
-0.52701340,0.00006104
-0.52669340,0.00006104
-0.52637340,0.00006104
-0.52605340,0.00006104
-0.52573340,0.00006104
-0.52541340,0.00006104
-0.52509340,0.00006104
-0.52477340,0.00006104
-0.52445340,0.00006104
-0.52413340,0.00006104
-0.52381340,0.00006104
-0.52349340,0.00006104
-0.52317340,0.00006104
-0.52285340,0.00006104
-0.52253340,0.00006104
-0.52221340,0.00006104
-0.52189340,0.00006104
-0.52157340,0.00006104
-0.52125340,0.00006104
-0.52093340,0.00006104
-0.52061340,0.00006104
-0.52029340,0.00006104
-0.51997340,0.00006104
-0.51965340,0.00006104
-0.51933340,0.00006104
-0.51901340,0.00006104
-0.51869340,0.00006104
-0.51837340,0.00006104
-0.51805340,0.00006104
-0.51773340,0.00006104
-0.51741340,0.00006104
-0.51709340,0.00006104
-0.51677340,0.00006104
-0.51645340,0.00006104
-0.51613340,0.00006104
-0.51581340,0.00006104
-0.51549340,0.00006104
-0.51517340,0.00006104
-0.51485340,0.00006104
-0.51453340,0.00006104
-0.51421340,0.00006104
-0.51389340,0.00006104
-0.51357340,0.00006104
-0.51325340,0.00006104
-0.51293340,0.00006104
-0.51261340,0.00006104
-0.51229340,0.00006104
-0.51197340,0.00006104
-0.51165340,0.00006104
-0.51133340,0.00006104
-0.51101340,0.00006104
-0.51069340,0.00006104
-0.51037340,0.00006104
-0.51005340,0.00006104
-0.50973340,0.00006104
-0.50941340,0.00006104
-0.50909340,0.00006104
-0.50877340,0.00006104
-0.50845340,0.00006104
-0.50813340,0.00006104
-0.50781340,0.00006104
-0.50749340,0.00006104
-0.50717340,0.00006104
-0.50685340,0.00006104
-0.50653340,0.00006104
-0.50621340,0.00006104
-0.50589340,0.00006104
-0.50557340,0.00006104
-0.50525340,0.00006104
-0.50493340,0.00006104
-0.50461340,0.00006104
-0.50429340,0.35602894
-0.50397340,1.74449909
-0.50365340,1.26389360
-0.50333340,0.32044435
-0.50301340,-0.08893093
-0.50269340,-0.14233834
-0.50237340,-0.08893093
-0.50205340,-0.03552354
-0.50173340,-0.01770074
-0.50141340,-0.01770074
-0.50109340,-0.14233834
-0.50077340,-1.05014193
-0.50045340,-∞
-0.50013340,-0.58735925
-0.49981340,-0.03552354
-0.49949340,0.17804499
-0.49917340,0.16022217
-0.49885340,0.05346843
-0.49853340,0.03570665
-0.49821340,0.03570665
-0.49789340,0.03570665
-0.49757340,0.03570665
-0.49725340,0.01788385
-0.49693340,0.01788385
-0.49661340,0.03570665
-0.49629340,0.03570665
-0.49597340,0.01788385
-0.49565340,0.01788385
-0.49533340,0.00006104
-0.49501340,0.01788385
-0.49469340,0.01788385
-0.49437340,0.01788385
-0.49405340,0.03570665
-0.49373340,0.05346843
-0.49341340,0.07129124
-0.49309340,0.07129124
-0.49277340,0.05346843
-0.49245340,0.07129124
-0.49213340,0.05346843
-0.49181340,0.03570665
-0.49149340,0.07129124
-0.49117340,0.08911405
-0.49085340,0.07129124
-0.49053340,0.03570665
-0.49021340,0.03570665
-0.48989340,0.03570665
-0.48957340,0.01788385
-0.48925340,0.00006104
-0.48893340,-0.03552354
-0.48861340,-0.01770074
-0.48829340,-0.01770074
-0.48797340,0.01788385
-0.48765340,0.01788385
-0.48733340,0.00006104
-0.48701340,0.05346843
-0.48669340,-0.01770074
-0.48637340,-0.01770074
-0.48605340,0.01788385
-0.48573340,-0.03552354
-0.48541340,0.00006104
-0.48509340,0.03570665
-0.48477340,0.01788385
-0.48445340,0.03570665
-0.48413340,0.03570665
-0.48381340,0.03570665
-0.48349340,0.01788385
-0.48317340,0.00006104
-0.48285340,0.01788385
-0.48253340,0.00006104
-0.48221340,0.01788385
-0.48189340,0.05346843
-0.48157340,0.00006104
-0.48125340,0.00006104
-0.48093340,0.03570665
-0.48061340,0.01788385
-0.48029340,0.00006104
-0.47997340,0.01788385
-0.47965340,0.00006104
-0.47933340,0.00006104
-0.47901340,0.01788385
-0.47869340,0.00006104
-0.47837340,0.00006104
-0.47805340,0.01788385
-0.47773340,0.01788385
-0.47741340,0.00006104
-0.47709340,0.01788385
-0.47677340,0.00006104
-0.47645340,0.00006104
-0.47613340,0.03570665
-0.47581340,0.00006104
-0.47549340,0.00006104
-0.47517340,0.03570665
-0.47485340,0.01788385
-0.47453340,0.00006104
-0.47421340,0.00006104
-0.47389340,0.00006104
-0.47357340,0.01788385
-0.47325340,0.00006104
-0.47293340,-0.01770074
-0.47261340,0.00006104
-0.47229340,0.00006104
-0.47197340,0.00006104
-0.47165340,0.00006104
-0.47133340,0.01788385
-0.47101340,0.00006104
-0.47069340,0.01788385
-0.47037340,0.01788385
-0.47005340,0.00006104
-0.46973340,0.01788385
-0.46941340,0.01788385
-0.46909340,0.00006104
-0.46877340,0.01788385
-0.46845340,0.00006104
-0.46813340,0.00006104
-0.46781340,0.01788385
-0.46749340,0.00006104
-0.46717340,0.00006104
-0.46685340,0.00006104
-0.46653340,0.00006104
-0.46621340,0.00006104
-0.46589340,0.00006104
-0.46557340,0.00006104
-0.46525340,0.01788385
-0.46493340,0.01788385
-0.46461340,0.00006104
-0.46429340,0.00006104
-0.46397340,0.00006104
-0.46365340,0.00006104
-0.46333340,0.00006104
-0.46301340,0.01788385
-0.46269340,0.00006104
-0.46237340,0.00006104
-0.46205340,0.00006104
-0.46173340,-0.01770074
-0.46141340,0.00006104
-0.46109340,0.00006104
-0.46077340,-0.01770074
-0.46045340,0.00006104
-0.46013340,0.00006104
-0.45981340,0.00006104
-0.45949340,0.00006104
-0.45917340,0.01788385
-0.45885340,0.00006104
-0.45853340,0.01788385
-0.45821340,0.00006104
-0.45789340,0.01788385
-0.45757340,0.01788385
-0.45725340,0.01788385
-0.45693340,0.00006104
-0.45661340,0.00006104
-0.45629340,0.00006104
-0.45597340,0.00006104
-0.45565340,0.00006104
-0.45533340,-0.01770074
-0.45501340,0.00006104
-0.45469340,0.00006104
-0.45437340,0.00006104
-0.45405340,0.00006104
-0.45373340,0.00006104
-0.45341340,0.00006104
-0.45309340,0.00006104
-0.45277340,0.00006104
-0.45245340,0.00006104
-0.45213340,0.00006104
-0.45181340,0.01788385
-0.45149340,0.00006104
-0.45117340,0.00006104
-0.45085340,0.00006104
-0.45053340,0.00006104
-0.45021340,0.01788385
-0.44989340,0.00006104
-0.44957340,0.00006104
-0.44925340,0.00006104
-0.44893340,0.00006104
-0.44861340,0.00006104
-0.44829340,0.00006104
-0.44797340,0.00006104
-0.44765340,0.00006104
-0.44733340,0.00006104
-0.44701340,0.00006104
-0.44669340,0.00006104
-0.44637340,0.00006104
-0.44605340,0.00006104
-0.44573340,0.00006104
-0.44541340,0.00006104
-0.44509340,0.00006104
-0.44477340,0.00006104
-0.44445340,0.00006104
-0.44413340,0.00006104
-0.44381340,0.00006104
-0.44349340,0.00006104
-0.44317340,0.00006104
-0.44285340,0.00006104
-0.44253340,0.00006104
-0.44221340,0.00006104
-0.44189340,0.00006104
-0.44157340,0.00006104
-0.44125340,0.00006104
-0.44093340,0.00006104
-0.44061340,0.00006104
-0.44029340,0.00006104
-0.43997340,0.00006104
-0.43965340,0.00006104
-0.43933340,0.00006104
-0.43901340,0.00006104
-0.43869340,0.00006104
-0.43837340,0.00006104
-0.43805340,0.00006104
-0.43773340,0.00006104
-0.43741340,0.00006104
-0.43709340,0.00006104
-0.43677340,0.00006104
-0.43645340,0.00006104
-0.43613340,0.00006104
-0.43581340,0.00006104
-0.43549340,0.00006104
-0.43517340,0.00006104
-0.43485340,0.00006104
-0.43453340,0.00006104
-0.43421340,0.00006104
-0.43389340,0.00006104
-0.43357340,0.00006104
-0.43325340,0.00006104
-0.43293340,0.00006104
-0.43261340,0.00006104
-0.43229340,0.00006104
-0.43197340,0.00006104
-0.43165340,0.00006104
-0.43133340,0.00006104
-0.43101340,0.00006104
-0.43069340,0.00006104
-0.43037340,-0.01770074
-0.43005340,0.00006104
-0.42973340,0.00006104
-0.42941340,0.00006104
-0.42909340,0.00006104
-0.42877340,0.00006104
-0.42845340,0.00006104
-0.42813340,0.00006104
-0.42781340,0.00006104
-0.42749340,0.00006104
-0.42717340,0.00006104
-0.42685340,0.00006104
-0.42653340,0.00006104
-0.42621340,0.00006104
-0.42589340,0.00006104
-0.42557340,0.00006104
-0.42525340,0.00006104
-0.42493340,0.00006104
-0.42461340,0.00006104
-0.42429340,0.00006104
-0.42397340,0.00006104
-0.42365340,0.00006104
-0.42333340,0.00006104
-0.42301340,0.00006104
-0.42269340,0.00006104
-0.42237340,0.00006104
-0.42205340,0.00006104
-0.42173340,0.00006104
-0.42141340,0.00006104
-0.42109340,0.00006104
-0.42077340,0.00006104
-0.42045340,0.00006104
-0.42013340,0.00006104
-0.41981340,0.00006104
-0.41949340,0.00006104
-0.41917340,0.00006104
-0.41885340,0.00006104
-0.41853340,0.00006104
-0.41821340,0.00006104
-0.41789340,0.00006104
-0.41757340,0.00006104
-0.41725340,0.00006104
-0.41693340,0.00006104
-0.41661340,0.00006104
-0.41629340,0.00006104
-0.41597340,0.00006104
-0.41565340,0.00006104
-0.41533340,0.00006104
-0.41501340,0.00006104
-0.41469340,0.00006104
-0.41437340,0.00006104
-0.41405340,0.00006104
-0.41373340,0.00006104
-0.41341340,0.00006104
-0.41309340,0.00006104
-0.41277340,0.00006104
-0.41245340,0.00006104
-0.41213340,0.00006104
-0.41181340,0.00006104
-0.41149340,0.00006104
-0.41117340,0.00006104
-0.41085340,0.00006104
-0.41053340,0.00006104
-0.41021340,0.00006104
-0.40989340,0.00006104
-0.40957340,0.00006104
-0.40925340,0.00006104
-0.40893340,0.00006104
-0.40861340,0.00006104
-0.40829340,0.00006104
-0.40797340,0.00006104
-0.40765340,0.00006104
-0.40733340,0.00006104
-0.40701340,0.00006104
-0.40669340,0.00006104
-0.40637340,0.00006104
-0.40605340,0.00006104
-0.40573340,0.00006104
-0.40541340,0.00006104
-0.40509340,0.00006104
-0.40477340,0.00006104
-0.40445340,0.00006104
-0.40413340,-0.01770074
-0.40381340,0.00006104
-0.40349340,0.00006104
-0.40317340,0.00006104
-0.40285340,0.00006104
-0.40253340,0.00006104
-0.40221340,0.00006104
-0.40189340,0.00006104
-0.40157340,0.00006104
-0.40125340,0.00006104
-0.40093340,0.00006104
-0.40061340,0.00006104
-0.40029340,0.00006104
-0.39997340,0.00006104
-0.39965340,0.00006104
-0.39933340,0.00006104
-0.39901340,0.00006104
-0.39869340,0.00006104
-0.39837340,0.00006104
-0.39805340,0.00006104
-0.39773340,0.00006104
-0.39741340,0.00006104
-0.39709340,0.00006104
-0.39677340,0.00006104
-0.39645340,0.00006104
-0.39613340,0.00006104
-0.39581340,0.00006104
-0.39549340,0.00006104
-0.39517340,-0.01770074
-0.39485340,0.00006104
-0.39453340,0.00006104
-0.39421340,0.00006104
-0.39389340,0.00006104
-0.39357340,0.00006104
-0.39325340,0.00006104
-0.39293340,0.00006104
-0.39261340,0.00006104
-0.39229340,0.00006104
-0.39197340,0.00006104
-0.39165340,0.00006104
-0.39133340,0.00006104
-0.39101340,0.00006104
-0.39069340,0.00006104
-0.39037340,0.00006104
-0.39005340,0.00006104
-0.38973340,0.00006104
-0.38941340,0.00006104
-0.38909340,0.00006104
-0.38877340,0.00006104
-0.38845340,-0.01770074
-0.38813340,0.00006104
-0.38781340,0.00006104
-0.38749340,0.00006104
-0.38717340,0.00006104
-0.38685340,0.00006104
-0.38653340,0.00006104
-0.38621340,0.00006104
-0.38589340,0.00006104
-0.38557340,0.00006104
-0.38525340,0.00006104
-0.38493340,0.00006104
-0.38461340,0.00006104
-0.38429340,0.00006104
-0.38397340,0.00006104
-0.38365340,0.00006104
-0.38333340,0.00006104
-0.38301340,-0.01770074
-0.38269340,0.00006104
-0.38237340,0.00006104
-0.38205340,0.00006104
-0.38173340,0.00006104
-0.38141340,0.00006104
-0.38109340,0.00006104
-0.38077340,0.00006104
-0.38045340,0.00006104
-0.38013340,0.00006104
-0.37981340,-0.01770074
-0.37949340,0.00006104
-0.37917340,0.00006104
-0.37885340,0.00006104
-0.37853340,0.00006104
-0.37821340,0.00006104
-0.37789340,0.00006104
-0.37757340,0.00006104
-0.37725340,0.00006104
-0.37693340,0.00006104
-0.37661340,0.00006104
-0.37629340,0.00006104
-0.37597340,0.00006104
-0.37565340,0.00006104
-0.37533340,0.00006104
-0.37501340,0.00006104
-0.37469340,0.00006104
-0.37437340,0.00006104
-0.37405340,-0.01770074
-0.37373340,0.00006104
-0.37341340,0.00006104
-0.37309340,0.00006104
-0.37277340,0.00006104
-0.37245340,0.00006104
-0.37213340,0.00006104
-0.37181340,0.00006104
-0.37149340,-0.01770074
-0.37117340,0.00006104
-0.37085340,0.00006104
-0.37053340,0.00006104
-0.37021340,0.00006104
-0.36989340,0.00006104
-0.36957340,0.00006104
-0.36925340,0.00006104
-0.36893340,-0.01770074
-0.36861340,0.00006104
-0.36829340,0.00006104
-0.36797340,0.00006104
-0.36765340,0.00006104
-0.36733340,0.00006104
-0.36701340,0.00006104
-0.36669340,0.00006104
-0.36637340,0.00006104
-0.36605340,0.00006104
-0.36573340,0.00006104
-0.36541340,-0.01770074
-0.36509340,0.00006104
-0.36477340,0.00006104
-0.36445340,0.00006104
-0.36413340,0.00006104
-0.36381340,0.00006104
-0.36349340,0.00006104
-0.36317340,0.00006104
-0.36285340,0.00006104
-0.36253340,0.00006104
-0.36221340,0.00006104
-0.36189340,0.00006104
-0.36157340,0.00006104
-0.36125340,0.00006104
-0.36093340,0.00006104
-0.36061340,0.00006104
-0.36029340,0.00006104
-0.35997340,0.00006104
-0.35965340,0.00006104
-0.35933340,0.00006104
-0.35901340,0.00006104
-0.35869340,0.00006104
-0.35837340,0.00006104
-0.35805340,0.00006104
-0.35773340,0.00006104
-0.35741340,0.00006104
-0.35709340,0.00006104
-0.35677340,0.00006104
-0.35645340,0.00006104
-0.35613340,0.00006104
-0.35581340,0.00006104
-0.35549340,0.00006104
-0.35517340,0.00006104
-0.35485340,0.00006104
-0.35453340,0.00006104
-0.35421340,0.00006104
-0.35389340,0.00006104
-0.35357340,0.00006104
-0.35325340,-0.01770074
-0.35293340,0.00006104
-0.35261340,0.00006104
-0.35229340,0.00006104
-0.35197340,0.00006104
-0.35165340,0.00006104
-0.35133340,0.00006104
-0.35101340,0.00006104
-0.35069340,0.00006104
-0.35037340,0.00006104
-0.35005340,0.00006104
-0.34973340,0.00006104
-0.34941340,0.00006104
-0.34909340,0.00006104
-0.34877340,0.00006104
-0.34845340,0.00006104
-0.34813340,0.00006104
-0.34781340,0.00006104
-0.34749340,0.00006104
-0.34717340,0.00006104
-0.34685340,-0.01770074
-0.34653340,0.00006104
-0.34621340,0.00006104
-0.34589340,0.00006104
-0.34557340,0.00006104
-0.34525340,0.00006104
-0.34493340,-0.01770074
-0.34461340,0.00006104
-0.34429340,0.00006104
-0.34397340,0.00006104
-0.34365340,0.00006104
-0.34333340,0.00006104
-0.34301340,0.00006104
-0.34269340,0.00006104
-0.34237340,0.00006104
-0.34205340,0.00006104
-0.34173340,0.00006104
-0.34141340,0.00006104
-0.34109340,0.00006104
-0.34077340,0.00006104
-0.34045340,0.00006104
-0.34013340,0.00006104
-0.33981340,0.00006104
-0.33949340,0.00006104
-0.33917340,0.00006104
-0.33885340,0.00006104
-0.33853340,0.00006104
-0.33821340,0.00006104
-0.33789340,0.00006104
-0.33757340,0.00006104
-0.33725340,0.00006104
-0.33693340,0.00006104
-0.33661340,0.00006104
-0.33629340,0.00006104
-0.33597340,0.00006104
-0.33565340,0.00006104
-0.33533340,0.00006104
-0.33501340,0.00006104
-0.33469340,0.00006104
-0.33437340,0.00006104
-0.33405340,0.00006104
-0.33373340,0.00006104
-0.33341340,0.00006104
-0.33309340,0.00006104
-0.33277340,0.00006104
-0.33245340,0.00006104
-0.33213340,0.00006104
-0.33181340,0.00006104
-0.33149340,0.00006104
-0.33117340,0.00006104
-0.33085340,0.00006104
-0.33053340,0.00006104
-0.33021340,0.00006104
-0.32989340,0.00006104
-0.32957340,0.00006104
-0.32925340,0.00006104
-0.32893340,0.00006104
-0.32861340,0.00006104
-0.32829340,0.00006104
-0.32797340,0.00006104
-0.32765340,0.00006104
-0.32733340,0.00006104
-0.32701340,0.00006104
-0.32669340,0.00006104
-0.32637340,0.00006104
-0.32605340,0.00006104
-0.32573340,0.00006104
-0.32541340,0.00006104
-0.32509340,0.00006104
-0.32477340,0.00006104
-0.32445340,0.00006104
-0.32413340,0.00006104
-0.32381340,0.00006104
-0.32349340,0.00006104
-0.32317340,0.00006104
-0.32285340,0.00006104
-0.32253340,0.00006104
-0.32221340,0.00006104
-0.32189340,0.00006104
-0.32157340,0.00006104
-0.32125340,0.00006104
-0.32093340,-0.01770074
-0.32061340,0.00006104
-0.32029340,0.00006104
-0.31997340,0.00006104
-0.31965340,0.00006104
-0.31933340,0.00006104
-0.31901340,0.00006104
-0.31869340,0.00006104
-0.31837340,0.00006104
-0.31805340,0.00006104
-0.31773340,0.00006104
-0.31741340,0.00006104
-0.31709340,0.00006104
-0.31677340,0.00006104
-0.31645340,0.00006104
-0.31613340,0.00006104
-0.31581340,0.00006104
-0.31549340,-0.01770074
-0.31517340,0.00006104
-0.31485340,-0.01770074
-0.31453340,0.00006104
-0.31421340,0.00006104
-0.31389340,0.00006104
-0.31357340,0.00006104
-0.31325340,0.00006104
-0.31293340,0.00006104
-0.31261340,0.00006104
-0.31229340,0.00006104
-0.31197340,-0.01770074
-0.31165340,0.00006104
-0.31133340,0.00006104
-0.31101340,0.00006104
-0.31069340,-0.01770074
-0.31037340,0.00006104
-0.31005340,0.00006104
-0.30973340,0.00006104
-0.30941340,0.00006104
-0.30909340,0.00006104
-0.30877340,-0.01770074
-0.30845340,0.00006104
-0.30813340,0.00006104
-0.30781340,0.00006104
-0.30749340,0.00006104
-0.30717340,0.00006104
-0.30685340,0.00006104
-0.30653340,0.00006104
-0.30621340,0.00006104
-0.30589340,0.00006104
-0.30557340,0.00006104
-0.30525340,0.00006104
-0.30493340,0.00006104
-0.30461340,0.00006104
-0.30429340,0.00006104
-0.30397340,0.00006104
-0.30365340,0.00006104
-0.30333340,0.00006104
-0.30301340,0.00006104
-0.30269340,0.00006104
-0.30237340,0.00006104
-0.30205340,0.00006104
-0.30173340,0.00006104
-0.30141340,0.00006104
-0.30109340,0.00006104
-0.30077340,0.00006104
-0.30045340,0.00006104
-0.30013340,0.00006104
-0.29981340,0.00006104
-0.29949340,0.00006104
-0.29917340,0.00006104
-0.29885340,0.00006104
-0.29853340,0.00006104
-0.29821340,0.00006104
-0.29789340,0.00006104
-0.29757340,0.00006104
-0.29725340,0.00006104
-0.29693340,0.00006104
-0.29661340,0.00006104
-0.29629340,0.00006104
-0.29597340,0.00006104
-0.29565340,0.00006104
-0.29533340,0.00006104
-0.29501340,0.00006104
-0.29469340,0.00006104
-0.29437340,0.00006104
-0.29405340,0.00006104
-0.29373340,0.00006104
-0.29341340,0.00006104
-0.29309340,0.00006104
-0.29277340,0.00006104
-0.29245340,0.00006104
-0.29213340,0.00006104
-0.29181340,0.00006104
-0.29149340,0.00006104
-0.29117340,0.00006104
-0.29085340,0.00006104
-0.29053340,0.00006104
-0.29021340,0.00006104
-0.28989340,0.00006104
-0.28957340,0.00006104
-0.28925340,0.00006104
-0.28893340,0.00006104
-0.28861340,0.00006104
-0.28829340,0.00006104
-0.28797340,0.00006104
-0.28765340,0.00006104
-0.28733340,0.00006104
-0.28701340,0.00006104
-0.28669340,0.00006104
-0.28637340,0.00006104
-0.28605340,0.00006104
-0.28573340,0.00006104
-0.28541340,0.00006104
-0.28509340,0.00006104
-0.28477340,0.00006104
-0.28445340,0.00006104
-0.28413340,0.00006104
-0.28381340,0.00006104
-0.28349340,0.00006104
-0.28317340,0.00006104
-0.28285340,0.00006104
-0.28253340,0.00006104
-0.28221340,0.00006104
-0.28189340,0.00006104
-0.28157340,0.00006104
-0.28125340,0.00006104
-0.28093340,0.00006104
-0.28061340,0.00006104
-0.28029340,0.00006104
-0.27997340,0.00006104
-0.27965340,0.00006104
-0.27933340,0.00006104
-0.27901340,0.00006104
-0.27869340,0.00006104
-0.27837340,0.00006104
-0.27805340,0.00006104
-0.27773340,0.00006104
-0.27741340,0.00006104
-0.27709340,0.00006104
-0.27677340,0.00006104
-0.27645340,0.00006104
-0.27613340,0.00006104
-0.27581340,0.00006104
-0.27549340,0.00006104
-0.27517340,0.00006104
-0.27485340,0.00006104
-0.27453340,0.00006104
-0.27421340,0.00006104
-0.27389340,0.00006104
-0.27357340,0.00006104
-0.27325340,0.00006104
-0.27293340,0.00006104
-0.27261340,0.00006104
-0.27229340,0.00006104
-0.27197340,0.00006104
-0.27165340,0.00006104
-0.27133340,0.00006104
-0.27101340,0.00006104
-0.27069340,0.00006104
-0.27037340,0.00006104
-0.27005340,0.00006104
-0.26973340,0.00006104
-0.26941340,0.00006104
-0.26909340,0.00006104
-0.26877340,0.00006104
-0.26845340,0.00006104
-0.26813340,0.00006104
-0.26781340,0.00006104
-0.26749340,0.00006104
-0.26717340,0.00006104
-0.26685340,0.00006104
-0.26653340,0.00006104
-0.26621340,0.00006104
-0.26589340,0.00006104
-0.26557340,0.00006104
-0.26525340,0.00006104
-0.26493340,0.00006104
-0.26461340,0.00006104
-0.26429340,-0.01770074
-0.26397340,0.00006104
-0.26365340,0.00006104
-0.26333340,0.00006104
-0.26301340,-0.01770074
-0.26269340,0.00006104
-0.26237340,0.00006104
-0.26205340,0.00006104
-0.26173340,0.00006104
-0.26141340,0.00006104
-0.26109340,0.00006104
-0.26077340,0.00006104
-0.26045340,0.00006104
-0.26013340,0.00006104
-0.25981340,0.00006104
-0.25949340,0.00006104
-0.25917340,0.00006104
-0.25885340,0.00006104
-0.25853340,0.00006104
-0.25821340,0.00006104
-0.25789340,0.00006104
-0.25757340,0.00006104
-0.25725340,0.00006104
-0.25693340,0.00006104
-0.25661340,0.00006104
-0.25629340,0.00006104
-0.25597340,0.00006104
-0.25565340,0.00006104
-0.25533340,0.00006104
-0.25501340,0.00006104
-0.25469340,0.00006104
-0.25437340,0.00006104
-0.25405340,0.00006104
-0.25373340,0.00006104
-0.25341340,0.00006104
-0.25309340,0.01788385
-0.25277340,0.00006104
-0.25245340,-0.01770074
-0.25213340,0.00006104
-0.25181340,0.00006104
-0.25149340,0.00006104
-0.25117340,0.00006104
-0.25085340,0.00006104
-0.25053340,0.00006104
-0.25021340,0.00006104
-0.24989340,0.00006104
-0.24957340,0.00006104
-0.24925340,0.00006104
-0.24893340,0.00006104
-0.24861340,0.00006104
-0.24829340,0.00006104
-0.24797340,0.00006104
-0.24765340,0.00006104
-0.24733340,0.00006104
-0.24701340,0.00006104
-0.24669340,0.00006104
-0.24637340,0.00006104
-0.24605340,-0.01770074
-0.24573340,0.00006104
-0.24541340,0.00006104
-0.24509340,-0.01770074
-0.24477340,0.00006104
-0.24445340,0.00006104
-0.24413340,0.00006104
-0.24381340,-0.01770074
-0.24349340,0.00006104
-0.24317340,0.00006104
-0.24285340,0.00006104
-0.24253340,0.00006104
-0.24221340,0.00006104
-0.24189340,0.00006104
-0.24157340,0.00006104
-0.24125340,0.00006104
-0.24093340,0.00006104
-0.24061340,0.00006104
-0.24029340,0.00006104
-0.23997340,0.00006104
-0.23965340,0.00006104
-0.23933340,0.00006104
-0.23901340,0.00006104
-0.23869340,0.00006104
-0.23837340,0.00006104
-0.23805340,0.00006104
-0.23773340,0.00006104
-0.23741340,0.00006104
-0.23709340,0.00006104
-0.23677340,0.00006104
-0.23645340,0.00006104
-0.23613340,0.00006104
-0.23581340,-0.01770074
-0.23549340,0.00006104
-0.23517340,0.00006104
-0.23485340,0.00006104
-0.23453340,0.00006104
-0.23421340,0.00006104
-0.23389340,0.00006104
-0.23357340,0.00006104
-0.23325340,0.00006104
-0.23293340,0.00006104
-0.23261340,0.00006104
-0.23229340,0.00006104
-0.23197340,0.00006104
-0.23165340,0.00006104
-0.23133340,0.00006104
-0.23101340,0.00006104
-0.23069340,0.00006104
-0.23037340,0.00006104
-0.23005340,0.00006104
-0.22973340,-0.01770074
-0.22941340,0.00006104
-0.22909340,0.00006104
-0.22877340,0.00006104
-0.22845340,-0.01770074
-0.22813340,0.00006104
-0.22781340,0.00006104
-0.22749340,0.00006104
-0.22717340,0.00006104
-0.22685340,0.00006104
-0.22653340,0.00006104
-0.22621340,0.00006104
-0.22589340,-0.01770074
-0.22557340,0.00006104
-0.22525340,0.00006104
-0.22493340,0.00006104
-0.22461340,0.00006104
-0.22429340,0.00006104
-0.22397340,0.00006104
-0.22365340,0.00006104
-0.22333340,0.00006104
-0.22301340,0.00006104
-0.22269340,0.00006104
-0.22237340,0.00006104
-0.22205340,0.00006104
-0.22173340,0.00006104
-0.22141340,0.00006104
-0.22109340,0.00006104
-0.22077340,-0.01770074
-0.22045340,0.00006104
-0.22013340,0.00006104
-0.21981340,0.00006104
-0.21949340,0.00006104
-0.21917340,0.00006104
-0.21885340,0.00006104
-0.21853340,0.00006104
-0.21821340,0.00006104
-0.21789340,0.00006104
-0.21757340,0.00006104
-0.21725340,0.00006104
-0.21693340,0.00006104
-0.21661340,0.00006104
-0.21629340,0.00006104
-0.21597340,0.00006104
-0.21565340,0.00006104
-0.21533340,0.00006104
-0.21501340,0.00006104
-0.21469340,0.00006104
-0.21437340,0.00006104
-0.21405340,0.00006104
-0.21373340,0.00006104
-0.21341340,0.00006104
-0.21309340,0.00006104
-0.21277340,0.00006104
-0.21245340,0.00006104
-0.21213340,0.00006104
-0.21181340,0.00006104
-0.21149340,0.00006104
-0.21117340,0.00006104
-0.21085340,0.00006104
-0.21053340,0.00006104
-0.21021340,0.00006104
-0.20989340,0.00006104
-0.20957340,0.00006104
-0.20925340,0.00006104
-0.20893340,0.00006104
-0.20861340,0.00006104
-0.20829340,0.00006104
-0.20797340,0.00006104
-0.20765340,0.00006104
-0.20733340,0.00006104
-0.20701340,0.00006104
-0.20669340,0.00006104
-0.20637340,0.00006104
-0.20605340,0.00006104
-0.20573340,0.00006104
-0.20541340,0.00006104
-0.20509340,0.00006104
-0.20477340,0.00006104
-0.20445340,0.00006104
-0.20413340,0.00006104
-0.20381340,-0.01770074
-0.20349340,0.00006104
-0.20317340,0.00006104
-0.20285340,0.00006104
-0.20253340,0.00006104
-0.20221340,0.00006104
-0.20189340,0.00006104
-0.20157340,0.00006104
-0.20125340,0.00006104
-0.20093340,0.00006104
-0.20061340,0.00006104
-0.20029340,0.00006104
-0.19997340,0.00006104
-0.19965340,0.00006104
-0.19933340,0.00006104
-0.19901340,0.00006104
-0.19869340,0.00006104
-0.19837340,0.00006104
-0.19805340,0.00006104
-0.19773340,0.00006104
-0.19741340,0.00006104
-0.19709340,0.00006104
-0.19677340,0.00006104
-0.19645340,0.00006104
-0.19613340,0.00006104
-0.19581340,-0.01770074
-0.19549340,0.00006104
-0.19517340,0.00006104
-0.19485340,0.00006104
-0.19453340,0.00006104
-0.19421340,0.00006104
-0.19389340,0.00006104
-0.19357340,0.00006104
-0.19325340,0.00006104
-0.19293340,0.00006104
-0.19261340,0.00006104
-0.19229340,0.00006104
-0.19197340,0.00006104
-0.19165340,0.00006104
-0.19133340,0.00006104
-0.19101340,0.00006104
-0.19069340,0.00006104
-0.19037340,0.00006104
-0.19005340,0.00006104
-0.18973340,0.00006104
-0.18941340,0.00006104
-0.18909340,0.00006104
-0.18877340,0.00006104
-0.18845340,0.00006104
-0.18813340,0.00006104
-0.18781340,0.00006104
-0.18749340,0.00006104
-0.18717340,-0.01770074
-0.18685340,0.00006104
-0.18653340,-0.01770074
-0.18621340,0.00006104
-0.18589340,0.00006104
-0.18557340,0.00006104
-0.18525340,0.00006104
-0.18493340,0.00006104
-0.18461340,0.00006104
-0.18429340,0.00006104
-0.18397340,0.00006104
-0.18365340,0.00006104
-0.18333340,0.00006104
-0.18301340,0.00006104
-0.18269340,0.00006104
-0.18237340,0.00006104
-0.18205340,0.00006104
-0.18173340,0.00006104
-0.18141340,0.00006104
-0.18109340,0.00006104
-0.18077340,0.00006104
-0.18045340,0.00006104
-0.18013340,0.00006104
-0.17981340,0.00006104
-0.17949340,0.00006104
-0.17917340,0.00006104
-0.17885340,0.00006104
-0.17853340,0.00006104
-0.17821340,0.00006104
-0.17789340,0.00006104
-0.17757340,0.00006104
-0.17725340,0.00006104
-0.17693340,0.00006104
-0.17661340,0.00006104
-0.17629340,0.00006104
-0.17597340,0.00006104
-0.17565340,0.00006104
-0.17533340,0.00006104
-0.17501340,0.00006104
-0.17469340,0.00006104
-0.17437340,0.00006104
-0.17405340,0.00006104
-0.17373340,0.00006104
-0.17341340,0.00006104
-0.17309340,0.00006104
-0.17277340,0.00006104
-0.17245340,0.00006104
-0.17213340,0.00006104
-0.17181340,0.00006104
-0.17149340,0.00006104
-0.17117340,0.00006104
-0.17085340,0.00006104
-0.17053340,0.00006104
-0.17021340,-0.01770074
-0.16989340,-0.01770074
-0.16957340,0.00006104
-0.16925340,0.00006104
-0.16893340,0.00006104
-0.16861340,0.00006104
-0.16829340,0.00006104
-0.16797340,0.00006104
-0.16765340,-0.01770074
-0.16733340,0.00006104
-0.16701340,0.00006104
-0.16669340,0.00006104
-0.16637340,0.00006104
-0.16605340,0.00006104
-0.16573340,0.00006104
-0.16541340,0.00006104
-0.16509340,0.00006104
-0.16477340,0.00006104
-0.16445340,-0.01770074
-0.16413340,-0.01770074
-0.16381340,0.00006104
-0.16349340,0.00006104
-0.16317340,0.00006104
-0.16285340,0.00006104
-0.16253340,0.00006104
-0.16221340,0.00006104
-0.16189340,0.00006104
-0.16157340,0.00006104
-0.16125340,0.00006104
-0.16093340,0.00006104
-0.16061340,0.00006104
-0.16029340,0.00006104
-0.15997340,0.00006104
-0.15965340,0.00006104
-0.15933340,0.00006104
-0.15901340,0.00006104
-0.15869340,0.00006104
-0.15837340,0.00006104
-0.15805340,0.00006104
-0.15773340,0.00006104
-0.15741340,0.00006104
-0.15709340,-0.01770074
-0.15677340,0.00006104
-0.15645340,0.00006104
-0.15613340,0.00006104
-0.15581340,0.00006104
-0.15549340,0.00006104
-0.15517340,0.00006104
-0.15485340,0.00006104
-0.15453340,0.00006104
-0.15421340,0.00006104
-0.15389340,0.00006104
-0.15357340,0.00006104
-0.15325340,0.00006104
-0.15293340,0.00006104
-0.15261340,0.00006104
-0.15229340,0.00006104
-0.15197340,0.00006104
-0.15165340,0.00006104
-0.15133340,0.00006104
-0.15101340,0.00006104
-0.15069340,0.00006104
-0.15037340,0.00006104
-0.15005340,0.00006104
-0.14973340,0.00006104
-0.14941340,0.00006104
-0.14909340,0.00006104
-0.14877340,0.00006104
-0.14845340,0.00006104
-0.14813340,0.00006104
-0.14781340,0.00006104
-0.14749340,-0.01770074
-0.14717340,0.00006104
-0.14685340,0.00006104
-0.14653340,0.00006104
-0.14621340,0.00006104
-0.14589340,0.00006104
-0.14557340,0.00006104
-0.14525340,-0.01770074
-0.14493340,0.00006104
-0.14461340,0.00006104
-0.14429340,0.00006104
-0.14397340,0.00006104
-0.14365340,0.00006104
-0.14333340,-0.01770074
-0.14301340,0.00006104
-0.14269340,0.00006104
-0.14237340,0.00006104
-0.14205340,0.00006104
-0.14173340,0.00006104
-0.14141340,0.00006104
-0.14109340,0.00006104
-0.14077340,0.00006104
-0.14045340,0.00006104
-0.14013340,0.00006104
-0.13981340,0.00006104
-0.13949340,0.00006104
-0.13917340,0.00006104
-0.13885340,0.00006104
-0.13853340,0.00006104
-0.13821340,0.00006104
-0.13789340,0.00006104
-0.13757340,0.00006104
-0.13725340,0.00006104
-0.13693340,0.00006104
-0.13661340,-0.01770074
-0.13629340,0.00006104
-0.13597340,0.00006104
-0.13565340,0.00006104
-0.13533340,0.00006104
-0.13501340,0.00006104
-0.13469340,0.00006104
-0.13437340,0.00006104
-0.13405340,0.00006104
-0.13373340,0.00006104
-0.13341340,0.00006104
-0.13309340,0.00006104
-0.13277340,0.00006104
-0.13245340,0.00006104
-0.13213340,-0.01770074
-0.13181340,0.00006104
-0.13149340,0.00006104
-0.13117340,0.00006104
-0.13085340,0.00006104
-0.13053340,0.00006104
-0.13021340,0.00006104
-0.12989340,0.00006104
-0.12957340,-0.01770074
-0.12925340,0.00006104
-0.12893340,0.00006104
-0.12861340,0.00006104
-0.12829340,0.00006104
-0.12797340,0.00006104
-0.12765340,0.00006104
-0.12733340,0.00006104
-0.12701340,0.00006104
-0.12669340,0.00006104
-0.12637340,0.00006104
-0.12605340,0.00006104
-0.12573340,-0.01770074
-0.12541340,0.00006104
-0.12509340,0.00006104
-0.12477340,0.00006104
-0.12445340,0.00006104
-0.12413340,0.00006104
-0.12381340,0.00006104
-0.12349340,-0.01770074
-0.12317340,-0.01770074
-0.12285340,0.00006104
-0.12253340,0.00006104
-0.12221340,0.00006104
-0.12189340,0.00006104
-0.12157340,0.00006104
-0.12125340,0.00006104
-0.12093340,0.00006104
-0.12061340,0.00006104
-0.12029340,0.00006104
-0.11997340,0.00006104
-0.11965340,0.00006104
-0.11933340,0.00006104
-0.11901340,0.00006104
-0.11869340,0.00006104
-0.11837340,0.00006104
-0.11805340,0.00006104
-0.11773340,0.00006104
-0.11741340,0.00006104
-0.11709340,0.00006104
-0.11677340,0.00006104
-0.11645340,0.00006104
-0.11613340,0.00006104
-0.11581340,0.00006104
-0.11549340,0.00006104
-0.11517340,0.00006104
-0.11485340,0.00006104
-0.11453340,0.00006104
-0.11421340,0.00006104
-0.11389340,0.00006104
-0.11357340,0.00006104
-0.11325340,0.00006104
-0.11293340,0.00006104
-0.11261340,-0.01770074
-0.11229340,0.00006104
-0.11197340,0.00006104
-0.11165340,0.00006104
-0.11133340,0.00006104
-0.11101340,0.00006104
-0.11069340,0.00006104
-0.11037340,-0.01770074
-0.11005340,0.00006104
-0.10973340,0.00006104
-0.10941340,0.00006104
-0.10909340,0.00006104
-0.10877340,0.00006104
-0.10845340,0.00006104
-0.10813340,0.00006104
-0.10781340,0.00006104
-0.10749340,0.00006104
-0.10717340,0.00006104
-0.10685340,0.00006104
-0.10653340,0.00006104
-0.10621340,0.00006104
-0.10589340,0.00006104
-0.10557340,0.00006104
-0.10525340,0.00006104
-0.10493340,0.00006104
-0.10461340,0.00006104
-0.10429340,0.00006104
-0.10397340,0.00006104
-0.10365340,0.00006104
-0.10333340,0.00006104
-0.10301340,0.00006104
-0.10269340,0.00006104
-0.10237340,0.00006104
-0.10205340,0.00006104
-0.10173340,0.00006104
-0.10141340,0.00006104
-0.10109340,0.00006104
-0.10077340,0.00006104
-0.10045340,0.00006104
-0.10013340,0.00006104
-0.09981340,0.00006104
-0.09949340,0.00006104
-0.09917340,0.00006104
-0.09885340,0.00006104
-0.09853340,0.00006104
-0.09821340,0.00006104
-0.09789340,0.00006104
-0.09757340,0.00006104
-0.09725340,0.00006104
-0.09693340,0.00006104
-0.09661340,-0.01770074
-0.09629340,0.00006104
-0.09597340,-0.01770074
-0.09565340,0.00006104
-0.09533340,0.00006104
-0.09501340,0.00006104
-0.09469340,0.00006104
-0.09437340,0.00006104
-0.09405340,0.00006104
-0.09373340,0.00006104
-0.09341340,0.00006104
-0.09309340,0.00006104
-0.09277340,0.00006104
-0.09245340,0.00006104
-0.09213340,0.00006104
-0.09181340,0.00006104
-0.09149340,0.00006104
-0.09117340,0.00006104
-0.09085340,0.00006104
-0.09053340,0.00006104
-0.09021340,0.00006104
-0.08989340,0.00006104
-0.08957340,0.00006104
-0.08925340,0.00006104
-0.08893340,0.00006104
-0.08861340,0.00006104
-0.08829340,0.00006104
-0.08797340,0.00006104
-0.08765340,0.00006104
-0.08733340,0.00006104
-0.08701340,0.00006104
-0.08669340,-0.01770074
-0.08637340,-0.01770074
-0.08605340,0.00006104
-0.08573340,0.00006104
-0.08541340,0.00006104
-0.08509340,0.00006104
-0.08477340,0.00006104
-0.08445340,0.00006104
-0.08413340,0.00006104
-0.08381340,0.00006104
-0.08349340,0.00006104
-0.08317340,0.00006104
-0.08285340,0.00006104
-0.08253340,0.00006104
-0.08221340,0.00006104
-0.08189340,0.00006104
-0.08157340,0.00006104
-0.08125340,0.00006104
-0.08093340,0.00006104
-0.08061340,0.00006104
-0.08029340,0.00006104
-0.07997340,0.00006104
-0.07965340,0.00006104
-0.07933340,0.00006104
-0.07901340,0.00006104
-0.07869340,0.00006104
-0.07837340,0.00006104
-0.07805340,0.00006104
-0.07773340,0.00006104
-0.07741340,0.00006104
-0.07709340,0.00006104
-0.07677340,0.00006104
-0.07645340,-0.01770074
-0.07613340,0.00006104
-0.07581340,0.00006104
-0.07549340,-0.01770074
-0.07517340,0.00006104
-0.07485340,0.00006104
-0.07453340,0.00006104
-0.07421340,0.00006104
-0.07389340,0.00006104
-0.07357340,0.00006104
-0.07325340,0.00006104
-0.07293340,-0.01770074
-0.07261340,0.00006104
-0.07229340,0.00006104
-0.07197340,0.00006104
-0.07165340,0.00006104
-0.07133340,0.00006104
-0.07101340,0.00006104
-0.07069340,0.00006104
-0.07037340,0.00006104
-0.07005340,0.00006104
-0.06973340,0.00006104
-0.06941340,0.00006104
-0.06909340,0.00006104
-0.06877340,0.00006104
-0.06845340,0.00006104
-0.06813340,0.00006104
-0.06781340,0.00006104
-0.06749340,0.00006104
-0.06717340,0.00006104
-0.06685340,0.00006104
-0.06653340,0.00006104
-0.06621340,0.00006104
-0.06589340,0.00006104
-0.06557340,0.00006104
-0.06525340,0.00006104
-0.06493340,0.00006104
-0.06461340,0.00006104
-0.06429340,0.00006104
-0.06397340,0.00006104
-0.06365340,0.00006104
-0.06333340,0.00006104
-0.06301340,0.00006104
-0.06269340,0.00006104
-0.06237340,0.00006104
-0.06205340,0.00006104
-0.06173340,0.00006104
-0.06141340,0.00006104
-0.06109340,0.00006104
-0.06077340,0.00006104
-0.06045340,0.00006104
-0.06013340,0.00006104
-0.05981340,0.00006104
-0.05949340,0.00006104
-0.05917340,0.00006104
-0.05885340,0.00006104
-0.05853340,0.00006104
-0.05821340,0.00006104
-0.05789340,0.00006104
-0.05757340,0.00006104
-0.05725340,0.00006104
-0.05693340,0.00006104
-0.05661340,0.00006104
-0.05629340,0.00006104
-0.05597340,0.00006104
-0.05565340,0.00006104
-0.05533340,0.00006104
-0.05501340,0.00006104
-0.05469340,0.00006104
-0.05437340,0.00006104
-0.05405340,0.00006104
-0.05373340,0.00006104
-0.05341340,0.00006104
-0.05309340,0.00006104
-0.05277340,0.00006104
-0.05245340,0.00006104
-0.05213340,0.00006104
-0.05181340,0.00006104
-0.05149340,0.00006104
-0.05117340,0.00006104
-0.05085340,0.00006104
-0.05053340,0.00006104
-0.05021340,-0.01770074
-0.04989340,0.00006104
-0.04957340,0.00006104
-0.04925340,0.00006104
-0.04893340,0.00006104
-0.04861340,0.00006104
-0.04829340,0.00006104
-0.04797340,0.00006104
-0.04765340,-0.01770074
-0.04733340,0.00006104
-0.04701340,0.00006104
-0.04669340,0.00006104
-0.04637340,0.00006104
-0.04605340,0.00006104
-0.04573340,0.00006104
-0.04541340,0.00006104
-0.04509340,0.00006104
-0.04477340,0.00006104
-0.04445340,0.00006104
-0.04413340,0.00006104
-0.04381340,0.00006104
-0.04349340,0.00006104
-0.04317340,0.00006104
-0.04285340,0.00006104
-0.04253340,0.00006104
-0.04221340,0.00006104
-0.04189340,-0.01770074
-0.04157340,0.00006104
-0.04125340,0.00006104
-0.04093340,0.00006104
-0.04061340,0.00006104
-0.04029340,0.00006104
-0.03997340,0.00006104
-0.03965340,-0.01770074
-0.03933340,0.00006104
-0.03901340,0.00006104
-0.03869340,0.00006104
-0.03837340,0.00006104
-0.03805340,0.00006104
-0.03773340,0.00006104
-0.03741340,0.00006104
-0.03709340,0.00006104
-0.03677340,0.00006104
-0.03645340,0.00006104
-0.03613340,0.00006104
-0.03581340,0.00006104
-0.03549340,0.00006104
-0.03517340,0.00006104
-0.03485340,0.00006104
-0.03453340,0.00006104
-0.03421340,0.00006104
-0.03389340,0.00006104
-0.03357340,0.00006104
-0.03325340,0.00006104
-0.03293340,0.00006104
-0.03261340,-0.01770074
-0.03229340,0.00006104
-0.03197340,0.00006104
-0.03165340,0.00006104
-0.03133340,0.00006104
-0.03101340,0.00006104
-0.03069340,0.00006104
-0.03037340,-0.01770074
-0.03005340,0.00006104
-0.02973340,0.00006104
-0.02941340,0.00006104
-0.02909340,0.00006104
-0.02877340,0.00006104
-0.02845340,0.00006104
-0.02813340,0.00006104
-0.02781340,0.00006104
-0.02749340,0.00006104
-0.02717340,0.00006104
-0.02685340,0.00006104
-0.02653340,-0.01770074
-0.02621340,0.00006104
-0.02589340,0.00006104
-0.02557340,0.00006104
-0.02525340,0.00006104
-0.02493340,0.00006104
-0.02461340,0.00006104
-0.02429340,0.00006104
-0.02397340,0.00006104
-0.02365340,0.00006104
-0.02333340,0.00006104
-0.02301340,0.00006104
-0.02269340,0.00006104
-0.02237340,-0.01770074
-0.02205340,0.00006104
-0.02173340,0.00006104
-0.02141340,0.00006104
-0.02109340,0.00006104
-0.02077340,0.00006104
-0.02045340,0.00006104
-0.02013340,0.00006104
-0.01981340,0.00006104
-0.01949340,0.00006104
-0.01917340,0.00006104
-0.01885340,-0.01770074
-0.01853340,0.00006104
-0.01821340,0.00006104
-0.01789340,0.00006104
-0.01757340,0.00006104
-0.01725340,0.00006104
-0.01693340,0.00006104
-0.01661340,0.00006104
-0.01629340,0.00006104
-0.01597340,0.00006104
-0.01565340,0.00006104
-0.01533340,0.00006104
-0.01501340,0.00006104
-0.01469340,0.00006104
-0.01437340,0.00006104
-0.01405340,0.00006104
-0.01373340,0.00006104
-0.01341340,0.00006104
-0.01309340,0.00006104
-0.01277340,0.00006104
-0.01245340,-0.01770074
-0.01213340,0.00006104
-0.01181340,0.00006104
-0.01149340,0.00006104
-0.01117340,0.00006104
-0.01085340,0.00006104
-0.01053340,0.00006104
-0.01021340,0.00006104
-0.00989340,0.00006104
-0.00957340,0.00006104
-0.00925340,0.00006104
-0.00893340,0.00006104
-0.00861340,0.00006104
-0.00829340,0.00006104
-0.00797340,0.00006104
-0.00765340,0.00006104
-0.00733340,0.00006104
-0.00701340,0.00006104
-0.00669340,0.00006104
-0.00637340,0.00006104
-0.00605340,0.00006104
-0.00573340,0.00006104
-0.00541340,0.00006104
-0.00509340,0.00006104
-0.00477340,0.00006104
-0.00445340,0.00006104
-0.00413340,0.74764246
-0.00381340,0.72988069
-0.00349340,0.39161351
-0.00317340,0.10687582
-0.00285340,-0.03552354
-0.00253340,-0.07110813
-0.00221340,-0.05334635
-0.00189340,-0.03552354
-0.00157340,-0.03552354
-0.00125340,-0.10669271
-0.00093340,-1.03238010
-0.00061340,-∞
-0.00029340,-1.78002262
0.00002660,0.14246041
0.00034660,0.49842829
0.00066660,0.23145238
0.00098660,0.03570665
0.00130660,0.03570665
0.00162660,0.03570665
0.00194660,0.03570665
0.00226660,0.03570665
0.00258660,0.03570665
0.00290660,0.03570665
0.00322660,0.03570665
0.00354660,0.03570665
0.00386660,0.01788385
0.00418660,0.01788385
0.00450660,0.00006104
0.00482660,0.01788385
0.00514660,0.01788385
0.00546660,0.01788385
0.00578660,0.05346843
0.00610660,0.05346843
0.00642660,0.07129124
0.00674660,0.07129124
0.00706660,0.05346843
0.00738660,0.07129124
0.00770660,0.05346843
0.00802660,0.03570665
0.00834660,0.07129124
0.00866660,0.08911405
0.00898660,0.07129124
0.00930660,0.03570665
0.00962660,0.03570665
0.00994660,0.05346843
0.01026660,0.01788385
0.01058660,0.00006104
0.01090660,-0.01770074
0.01122660,-0.03552354
0.01154660,-0.03552354
0.01186660,0.01788385
0.01218660,0.00006104
0.01250660,0.00006104
0.01282660,0.05346843
0.01314660,-0.01770074
0.01346660,-0.01770074
0.01378660,0.03570665
0.01410660,-0.03552354
0.01442660,0.01788385
0.01474660,0.05346843
0.01506660,0.00006104
0.01538660,0.01788385
0.01570660,0.03570665
0.01602660,0.03570665
0.01634660,0.01788385
0.01666660,0.00006104
0.01698660,0.01788385
0.01730660,0.00006104
0.01762660,0.01788385
0.01794660,0.03570665
0.01826660,0.01788385
0.01858660,0.00006104
0.01890660,0.01788385
0.01922660,0.01788385
0.01954660,0.00006104
0.01986660,0.01788385
0.02018660,0.00006104
0.02050660,0.00006104
0.02082660,0.01788385
0.02114660,0.00006104
0.02146660,0.00006104
0.02178660,0.01788385
0.02210660,0.01788385
0.02242660,0.00006104
0.02274660,0.01788385
0.02306660,0.00006104
0.02338660,0.00006104
0.02370660,0.01788385
0.02402660,0.00006104
0.02434660,0.00006104
0.02466660,0.01788385
0.02498660,0.01788385
0.02530660,0.00006104
0.02562660,0.00006104
0.02594660,0.00006104
0.02626660,0.00006104
0.02658660,0.00006104
0.02690660,-0.01770074
0.02722660,-0.01770074
0.02754660,0.00006104
0.02786660,0.00006104
0.02818660,0.01788385
0.02850660,0.01788385
0.02882660,0.01788385
0.02914660,0.01788385
0.02946660,0.01788385
0.02978660,0.01788385
0.03010660,0.01788385
0.03042660,0.01788385
0.03074660,0.00006104
0.03106660,0.00006104
0.03138660,0.00006104
0.03170660,0.00006104
0.03202660,0.01788385
0.03234660,0.00006104
0.03266660,0.00006104
0.03298660,0.00006104
0.03330660,0.00006104
0.03362660,0.00006104
0.03394660,0.00006104
0.03426660,0.00006104
0.03458660,0.01788385
0.03490660,0.01788385
0.03522660,0.00006104
0.03554660,0.00006104
0.03586660,0.00006104
0.03618660,0.00006104
0.03650660,0.00006104
0.03682660,0.00006104
0.03714660,0.00006104
0.03746660,0.01788385
0.03778660,0.00006104
0.03810660,0.00006104
0.03842660,0.00006104
0.03874660,0.00006104
0.03906660,-0.01770074
0.03938660,0.00006104
0.03970660,0.00006104
0.04002660,0.00006104
0.04034660,0.00006104
0.04066660,0.00006104
0.04098660,0.00006104
0.04130660,0.00006104
0.04162660,0.01788385
0.04194660,0.00006104
0.04226660,0.00006104
0.04258660,0.00006104
0.04290660,0.00006104
0.04322660,0.01788385
0.04354660,0.00006104
0.04386660,0.01788385
0.04418660,0.00006104
0.04450660,0.00006104
0.04482660,-0.01770074
0.04514660,0.00006104
0.04546660,0.00006104
0.04578660,0.00006104
0.04610660,0.00006104
0.04642660,-0.01770074
0.04674660,0.00006104
0.04706660,0.00006104
0.04738660,-0.01770074
0.04770660,0.00006104
0.04802660,0.00006104
0.04834660,0.00006104
0.04866660,0.00006104
0.04898660,0.00006104
0.04930660,0.00006104
0.04962660,0.00006104
0.04994660,0.00006104
0.05026660,0.00006104
0.05058660,0.00006104
0.05090660,0.00006104
0.05122660,0.00006104
0.05154660,0.00006104
0.05186660,0.00006104
0.05218660,0.00006104
0.05250660,-0.01770074
0.05282660,0.00006104
0.05314660,0.00006104
0.05346660,0.00006104
0.05378660,0.00006104
0.05410660,0.00006104
0.05442660,0.00006104
0.05474660,0.00006104
0.05506660,0.00006104
0.05538660,0.00006104
0.05570660,0.00006104
0.05602660,0.00006104
0.05634660,0.00006104
0.05666660,0.00006104
0.05698660,0.00006104
0.05730660,0.00006104
0.05762660,0.00006104
0.05794660,0.00006104
0.05826660,0.00006104
0.05858660,0.00006104
0.05890660,0.00006104
0.05922660,0.00006104
0.05954660,0.00006104
0.05986660,0.00006104
0.06018660,0.00006104
0.06050660,0.00006104
0.06082660,0.00006104
0.06114660,0.00006104
0.06146660,0.00006104
0.06178660,0.00006104
0.06210660,0.00006104
0.06242660,0.00006104
0.06274660,0.00006104
0.06306660,0.00006104
0.06338660,0.00006104
0.06370660,0.00006104
0.06402660,0.00006104
0.06434660,0.00006104
0.06466660,0.00006104
0.06498660,0.00006104
0.06530660,0.00006104
0.06562660,0.00006104
0.06594660,0.00006104
0.06626660,0.00006104
0.06658660,0.00006104
0.06690660,0.00006104
0.06722660,-0.01770074
0.06754660,0.00006104
0.06786660,0.00006104
0.06818660,0.00006104
0.06850660,0.00006104
0.06882660,0.00006104
0.06914660,0.00006104
0.06946660,0.00006104
0.06978660,-0.01770074
0.07010660,0.00006104
0.07042660,0.00006104
0.07074660,0.00006104
0.07106660,0.00006104
0.07138660,0.00006104
0.07170660,0.00006104
0.07202660,0.00006104
0.07234660,0.00006104
0.07266660,0.00006104
0.07298660,0.00006104
0.07330660,0.00006104
0.07362660,0.00006104
0.07394660,0.00006104
0.07426660,0.00006104
0.07458660,0.00006104
0.07490660,0.00006104
0.07522660,0.00006104
0.07554660,0.00006104
0.07586660,0.00006104
0.07618660,0.00006104
0.07650660,0.00006104
0.07682660,0.00006104
0.07714660,0.00006104
0.07746660,0.00006104
0.07778660,-0.01770074
0.07810660,0.00006104
0.07842660,0.00006104
0.07874660,0.00006104
0.07906660,0.00006104
0.07938660,0.00006104
0.07970660,0.00006104
0.08002660,0.00006104
0.08034660,0.00006104
0.08066660,0.00006104
0.08098660,0.00006104
0.08130660,0.00006104
0.08162660,0.00006104
0.08194660,0.00006104
0.08226660,0.00006104
0.08258660,0.00006104
0.08290660,0.00006104
0.08322660,0.00006104
0.08354660,0.00006104
0.08386660,0.00006104
0.08418660,0.00006104
0.08450660,0.00006104
0.08482660,0.00006104
0.08514660,0.00006104
0.08546660,0.00006104
0.08578660,0.00006104
0.08610660,0.00006104
0.08642660,0.00006104
0.08674660,0.00006104
0.08706660,0.00006104
0.08738660,-0.01770074
0.08770660,0.00006104
0.08802660,0.00006104
0.08834660,0.00006104
0.08866660,0.00006104
0.08898660,-0.01770074
0.08930660,0.00006104
0.08962660,0.00006104
0.08994660,0.00006104
0.09026660,0.00006104
0.09058660,0.00006104
0.09090660,0.00006104
0.09122660,0.00006104
0.09154660,0.00006104
0.09186660,0.00006104
0.09218660,0.00006104
0.09250660,0.00006104
0.09282660,0.00006104
0.09314660,0.00006104
0.09346660,0.00006104
0.09378660,0.00006104
0.09410660,0.00006104
0.09442660,0.00006104
0.09474660,0.00006104
0.09506660,0.00006104
0.09538660,0.00006104
0.09570660,0.00006104
0.09602660,0.00006104
0.09634660,0.00006104
0.09666660,0.00006104
0.09698660,0.00006104
0.09730660,0.00006104
0.09762660,0.00006104
0.09794660,0.00006104
0.09826660,0.00006104
0.09858660,0.00006104
0.09890660,0.00006104
0.09922660,0.00006104
0.09954660,0.00006104
0.09986660,-0.01770074
0.10018660,0.00006104
0.10050660,0.00006104
0.10082660,0.00006104
0.10114660,0.00006104
0.10146660,0.00006104
0.10178660,0.00006104
0.10210660,0.00006104
0.10242660,0.00006104
0.10274660,0.00006104
0.10306660,0.00006104
0.10338660,0.00006104
0.10370660,0.00006104
0.10402660,0.00006104
0.10434660,0.00006104
0.10466660,0.00006104
0.10498660,0.00006104
0.10530660,0.00006104
0.10562660,0.00006104
0.10594660,0.00006104
0.10626660,0.00006104
0.10658660,0.00006104
0.10690660,0.00006104
0.10722660,0.00006104
0.10754660,0.00006104
0.10786660,0.00006104
0.10818660,0.00006104
0.10850660,0.00006104
0.10882660,-0.01770074
0.10914660,0.00006104
0.10946660,0.00006104
0.10978660,0.00006104
0.11010660,0.00006104
0.11042660,0.00006104
0.11074660,0.00006104
0.11106660,0.00006104
0.11138660,0.00006104
0.11170660,0.00006104
0.11202660,0.00006104
0.11234660,0.00006104
0.11266660,0.00006104
0.11298660,0.00006104
0.11330660,0.00006104
0.11362660,0.00006104
0.11394660,0.00006104
0.11426660,0.00006104
0.11458660,0.00006104
0.11490660,0.00006104
0.11522660,0.00006104
0.11554660,0.00006104
0.11586660,0.00006104
0.11618660,0.00006104
0.11650660,0.00006104
0.11682660,0.00006104
0.11714660,0.00006104
0.11746660,0.00006104
0.11778660,0.00006104
0.11810660,0.00006104
0.11842660,0.00006104
0.11874660,0.00006104
0.11906660,0.00006104
0.11938660,0.00006104
0.11970660,0.00006104
0.12002660,0.00006104
0.12034660,0.00006104
0.12066660,0.00006104
0.12098660,0.00006104
0.12130660,0.00006104
0.12162660,0.00006104
0.12194660,0.00006104
0.12226660,0.00006104
0.12258660,-0.01770074
0.12290660,0.00006104
0.12322660,0.00006104
0.12354660,0.00006104
0.12386660,0.00006104
0.12418660,0.00006104
0.12450660,0.00006104
0.12482660,0.00006104
0.12514660,0.00006104
0.12546660,0.00006104
0.12578660,0.00006104
0.12610660,0.00006104
0.12642660,0.00006104
0.12674660,0.00006104
0.12706660,0.00006104
0.12738660,0.00006104
0.12770660,0.00006104
0.12802660,0.00006104
0.12834660,0.00006104
0.12866660,0.00006104
0.12898660,0.00006104
0.12930659,0.00006104
0.12962659,0.00006104
0.12994659,0.00006104
0.13026659,0.00006104
0.13058659,0.00006104
0.13090659,0.00006104
0.13122659,0.00006104
0.13154659,0.00006104
0.13186659,0.00006104
0.13218659,0.00006104
0.13250659,0.00006104
0.13282659,0.00006104
0.13314659,0.00006104
0.13346659,-0.01770074
0.13378659,0.00006104
0.13410659,0.00006104
0.13442659,0.00006104
0.13474659,0.00006104
0.13506659,0.00006104
0.13538659,-0.01770074
0.13570659,0.00006104
0.13602659,0.00006104
0.13634659,0.00006104
0.13666659,0.00006104
0.13698659,0.00006104
0.13730659,0.00006104
0.13762659,0.00006104
0.13794659,0.00006104
0.13826659,0.00006104
0.13858659,0.00006104
0.13890659,0.00006104
0.13922659,0.00006104
0.13954659,-0.01770074
0.13986659,0.00006104
0.14018659,0.00006104
0.14050659,0.00006104
0.14082659,0.00006104
0.14114659,0.00006104
0.14146659,0.00006104
0.14178659,0.00006104
0.14210659,0.00006104
0.14242659,0.00006104
0.14274659,0.00006104
0.14306659,0.00006104
0.14338659,0.00006104
0.14370659,0.00006104
0.14402659,0.00006104
0.14434659,0.00006104
0.14466659,0.00006104
0.14498659,0.00006104
0.14530659,0.00006104
0.14562659,0.00006104
0.14594659,0.00006104
0.14626659,0.00006104
0.14658659,0.00006104
0.14690659,0.00006104
0.14722659,0.00006104
0.14754659,0.00006104
0.14786659,0.00006104
0.14818659,0.00006104
0.14850659,0.00006104
0.14882659,0.00006104
0.14914659,-0.01770074
0.14946659,0.00006104
0.14978659,0.00006104
0.15010659,0.00006104
0.15042659,0.00006104
0.15074659,0.00006104
0.15106659,0.00006104
0.15138659,0.00006104
0.15170659,0.00006104
0.15202659,0.00006104
0.15234659,0.00006104
0.15266659,-0.01770074
0.15298659,0.00006104
0.15330659,0.00006104
0.15362659,0.00006104
0.15394659,0.00006104
0.15426659,0.00006104
0.15458659,0.00006104
0.15490659,0.00006104
0.15522659,0.00006104
0.15554659,0.00006104
0.15586659,0.00006104
0.15618659,0.00006104
0.15650659,0.00006104
0.15682659,0.00006104
0.15714659,0.00006104
0.15746659,0.00006104
0.15778659,0.00006104
0.15810659,0.00006104
0.15842659,0.00006104
0.15874659,0.00006104
0.15906659,0.00006104
0.15938659,0.00006104
0.15970659,0.00006104
0.16002659,0.00006104
0.16034659,0.00006104
0.16066659,0.00006104
0.16098659,0.00006104
0.16130659,0.00006104
0.16162659,0.00006104
0.16194659,0.00006104
0.16226659,-0.01770074
0.16258659,-0.01770074
0.16290659,0.00006104
0.16322659,0.00006104
0.16354659,0.00006104
0.16386659,0.00006104
0.16418659,0.00006104
0.16450659,0.00006104
0.16482659,0.00006104
0.16514659,0.00006104
0.16546659,0.00006104
0.16578659,0.00006104
0.16610659,0.00006104
0.16642659,0.00006104
0.16674659,-0.01770074
0.16706659,0.00006104
0.16738659,-0.01770074
0.16770659,0.00006104
0.16802659,0.00006104
0.16834659,0.00006104
0.16866659,0.00006104
0.16898659,0.00006104
0.16930659,0.00006104
0.16962659,0.00006104
0.16994659,0.00006104
0.17026659,0.00006104
0.17058659,0.00006104
0.17090659,0.00006104
0.17122659,0.00006104
0.17154659,0.00006104
0.17186659,0.00006104
0.17218659,0.00006104
0.17250659,0.00006104
0.17282659,0.00006104
0.17314659,0.00006104
0.17346659,0.00006104
0.17378659,0.00006104
0.17410659,0.00006104
0.17442659,-0.01770074
0.17474659,0.00006104
0.17506659,0.00006104
0.17538659,0.00006104
0.17570659,0.00006104
0.17602659,-0.01770074
0.17634659,0.00006104
0.17666659,0.00006104
0.17698659,0.00006104
0.17730659,0.00006104
0.17762659,0.00006104
0.17794659,0.00006104
0.17826659,0.00006104
0.17858659,-0.01770074
0.17890659,0.00006104
0.17922659,0.00006104
0.17954659,0.00006104
0.17986659,0.00006104
0.18018659,0.00006104
0.18050659,0.00006104
0.18082659,0.00006104
0.18114659,0.00006104
0.18146659,-0.01770074
0.18178659,0.00006104
0.18210659,0.00006104
0.18242659,0.00006104
0.18274659,0.00006104
0.18306659,0.00006104
0.18338659,-0.01770074
0.18370659,0.00006104
0.18402659,0.00006104
0.18434659,0.00006104
0.18466659,0.00006104
0.18498659,0.00006104
0.18530659,0.00006104
0.18562659,0.00006104
0.18594659,0.00006104
0.18626659,0.00006104
0.18658659,-0.01770074
0.18690659,0.00006104
0.18722659,0.00006104
0.18754659,0.00006104
0.18786659,0.00006104
0.18818659,0.00006104
0.18850659,0.00006104
0.18882659,0.00006104
0.18914659,0.00006104
0.18946659,0.00006104
0.18978659,-0.01770074
0.19010659,0.00006104
0.19042659,0.00006104
0.19074659,0.00006104
0.19106659,0.00006104
0.19138659,0.00006104
0.19170659,0.00006104
0.19202659,0.00006104
0.19234659,0.00006104
0.19266659,0.00006104
0.19298659,0.00006104
0.19330659,0.00006104
0.19362659,0.00006104
0.19394659,0.00006104
0.19426659,0.00006104
0.19458659,0.00006104
0.19490659,0.00006104
0.19522659,0.00006104
0.19554659,0.00006104
0.19586659,0.00006104
0.19618659,0.00006104
0.19650659,0.00006104
0.19682659,0.00006104
0.19714659,0.00006104
0.19746659,0.00006104
0.19778659,0.00006104
0.19810659,0.00006104
0.19842659,0.00006104
0.19874659,0.00006104
0.19906659,0.00006104
0.19938659,0.00006104
0.19970659,0.00006104
0.20002659,0.00006104
0.20034659,0.00006104
0.20066659,0.00006104
0.20098659,0.00006104
0.20130659,0.00006104
0.20162659,0.00006104
0.20194659,0.00006104
0.20226659,0.00006104
0.20258659,0.00006104
0.20290659,0.00006104
0.20322659,0.00006104
0.20354659,0.00006104
0.20386659,0.00006104
0.20418659,0.00006104
0.20450659,0.00006104
0.20482659,0.00006104
0.20514659,0.00006104
0.20546659,0.00006104
0.20578659,0.00006104
0.20610659,0.00006104
0.20642659,0.00006104
0.20674659,0.00006104
0.20706659,0.00006104
0.20738659,0.00006104
0.20770659,-0.01770074
0.20802659,0.00006104
0.20834659,0.00006104
0.20866659,0.00006104
0.20898659,0.00006104
0.20930659,0.00006104
0.20962659,0.00006104
0.20994659,0.00006104
0.21026659,-0.01770074
0.21058659,-0.01770074
0.21090659,0.00006104
0.21122659,0.00006104
0.21154659,0.00006104
0.21186659,0.00006104
0.21218659,0.00006104
0.21250659,0.00006104
0.21282659,0.00006104
0.21314659,0.00006104
0.21346659,0.00006104
0.21378659,0.00006104
0.21410659,0.00006104
0.21442659,0.00006104
0.21474659,0.00006104
0.21506659,0.00006104
0.21538659,0.00006104
0.21570659,0.00006104
0.21602659,0.00006104
0.21634659,0.00006104
0.21666659,0.00006104
0.21698659,0.00006104
0.21730659,0.00006104
0.21762659,-0.01770074
0.21794659,0.00006104
0.21826659,0.00006104
0.21858659,0.00006104
0.21890659,-0.01770074
0.21922659,0.00006104
0.21954659,0.00006104
0.21986659,0.00006104
0.22018659,0.00006104
0.22050659,0.00006104
0.22082659,0.00006104
0.22114659,0.00006104
0.22146659,0.00006104
0.22178659,0.00006104
0.22210659,-0.01770074
0.22242659,0.00006104
0.22274659,0.00006104
0.22306659,-0.01770074
0.22338659,0.00006104
0.22370659,0.00006104
0.22402659,0.00006104
0.22434659,0.00006104
0.22466659,0.00006104
0.22498659,0.00006104
0.22530659,-0.01770074
0.22562659,0.00006104
0.22594659,0.00006104
0.22626659,0.00006104
0.22658659,0.00006104
0.22690659,0.00006104
0.22722659,0.00006104
0.22754659,0.00006104
0.22786659,0.00006104
0.22818659,0.00006104
0.22850659,0.00006104
0.22882659,0.00006104
0.22914659,0.00006104
0.22946659,0.00006104
0.22978659,0.00006104
0.23010659,0.00006104
0.23042659,0.00006104
0.23074659,0.00006104
0.23106659,0.00006104
0.23138659,0.00006104
0.23170659,0.00006104
0.23202659,0.00006104
0.23234659,0.00006104
0.23266659,0.00006104
0.23298659,0.00006104
0.23330659,0.00006104
0.23362659,0.00006104
0.23394659,0.00006104
0.23426659,0.00006104
0.23458659,0.00006104
0.23490659,0.00006104
0.23522659,0.00006104
0.23554659,0.00006104
0.23586659,0.00006104
0.23618659,0.00006104
0.23650659,0.00006104
0.23682659,0.00006104
0.23714659,0.00006104
0.23746659,0.00006104
0.23778659,0.00006104
0.23810659,0.00006104
0.23842659,0.00006104
0.23874659,0.00006104
0.23906659,0.00006104
0.23938659,0.00006104
0.23970659,0.00006104
0.24002659,0.00006104
0.24034659,0.00006104
0.24066659,0.00006104
0.24098659,0.00006104
0.24130659,0.00006104
0.24162659,0.00006104
0.24194659,0.00006104
0.24226659,0.00006104
0.24258659,0.00006104
0.24290659,0.00006104
0.24322659,0.00006104
0.24354659,0.00006104
0.24386659,-0.01770074
0.24418659,0.00006104
0.24450659,-0.01770074
0.24482659,0.00006104
0.24514659,0.00006104
0.24546659,0.00006104
0.24578659,0.00006104
0.24610659,-0.01770074
0.24642659,0.00006104
0.24674659,-0.01770074
0.24706659,-0.01770074
0.24738659,0.00006104
0.24770659,0.00006104
0.24802659,0.00006104
0.24834659,-0.01770074
0.24866659,0.00006104
0.24898659,0.00006104
0.24930659,0.00006104
0.24962659,0.00006104
0.24994659,-0.01770074
0.25026659,0.00006104
0.25058659,0.00006104
0.25090659,0.00006104
0.25122659,0.00006104
0.25154659,0.00006104
0.25186659,0.00006104
0.25218659,0.00006104
0.25250659,0.00006104
0.25282659,0.00006104
0.25314659,0.00006104
0.25346659,0.00006104
0.25378659,0.00006104
0.25410659,0.00006104
0.25442659,0.00006104
0.25474659,0.00006104
0.25506659,0.00006104
0.25538659,0.00006104
0.25570659,0.00006104
0.25602659,0.00006104
0.25634659,0.00006104
0.25666659,-0.01770074
0.25698659,0.00006104
0.25730659,0.00006104
0.25762659,0.00006104
0.25794659,0.00006104
0.25826659,0.00006104
0.25858659,0.00006104
0.25890659,0.00006104
0.25922659,0.00006104
0.25954659,0.00006104
0.25986659,0.00006104
0.26018659,0.00006104
0.26050659,0.00006104
0.26082659,0.00006104
0.26114659,0.00006104
0.26146659,0.00006104
0.26178659,0.00006104
0.26210659,0.00006104
0.26242659,0.00006104
0.26274659,0.00006104
0.26306659,0.00006104
0.26338659,0.00006104
0.26370659,0.00006104
0.26402659,0.00006104
0.26434659,0.00006104
0.26466659,-0.01770074
0.26498659,0.00006104
0.26530659,0.00006104
0.26562659,0.00006104
0.26594659,0.00006104
0.26626659,0.00006104
0.26658659,0.00006104
0.26690659,0.00006104
0.26722659,0.00006104
0.26754659,0.00006104
0.26786659,0.01788385
0.26818659,0.00006104
0.26850659,0.00006104
0.26882659,0.00006104
0.26914659,0.00006104
0.26946659,0.00006104
0.26978659,0.00006104
0.27010659,0.00006104
0.27042659,0.00006104
0.27074659,0.00006104
0.27106659,0.00006104
0.27138659,0.00006104
0.27170659,0.00006104
0.27202659,0.00006104
0.27234659,0.00006104
0.27266659,0.00006104
0.27298659,0.00006104
0.27330659,0.00006104
0.27362659,0.00006104
0.27394659,0.00006104
0.27426659,0.00006104
0.27458659,0.00006104
0.27490659,0.00006104
0.27522659,0.00006104
0.27554659,0.00006104
0.27586659,0.00006104
0.27618659,0.00006104
0.27650659,0.00006104
0.27682659,0.00006104
0.27714659,0.00006104
0.27746659,0.00006104
0.27778659,0.00006104
0.27810659,0.00006104
0.27842659,0.00006104
0.27874659,0.00006104
0.27906659,0.00006104
0.27938659,0.00006104
0.27970659,0.00006104
0.28002659,-0.01770074
0.28034659,-0.01770074
0.28066659,0.00006104
0.28098659,0.00006104
0.28130659,0.00006104
0.28162659,0.00006104
0.28194659,0.00006104
0.28226659,0.00006104
0.28258659,0.00006104
0.28290659,0.00006104
0.28322659,0.00006104
0.28354659,0.00006104
0.28386659,-0.01770074
0.28418659,0.00006104
0.28450659,0.00006104
0.28482659,0.00006104
0.28514659,0.00006104
0.28546659,0.00006104
0.28578659,-0.01770074
0.28610659,0.00006104
0.28642659,0.00006104
0.28674659,0.00006104
0.28706659,-0.01770074
0.28738659,0.00006104
0.28770659,0.00006104
0.28802659,0.00006104
0.28834659,-0.01770074
0.28866659,0.00006104
0.28898659,0.00006104
0.28930659,-0.01770074
0.28962659,0.00006104
0.28994659,0.00006104
0.29026659,0.00006104
0.29058659,-0.01770074
0.29090659,0.00006104
0.29122659,0.00006104
0.29154659,0.00006104
0.29186659,0.00006104
0.29218659,0.00006104
0.29250659,0.00006104
0.29282659,0.00006104
0.29314659,0.00006104
0.29346659,0.00006104
0.29378659,0.00006104
0.29410659,0.00006104
0.29442659,0.00006104
0.29474659,0.00006104
0.29506659,0.00006104
0.29538659,0.00006104
0.29570659,0.00006104
0.29602659,0.00006104
0.29634659,0.00006104
0.29666659,0.00006104
0.29698659,0.00006104
0.29730659,0.00006104
0.29762659,0.00006104
0.29794659,0.00006104
0.29826659,0.00006104
0.29858659,0.00006104
0.29890659,0.00006104
0.29922659,0.00006104
0.29954659,0.00006104
0.29986659,0.00006104
0.30018659,0.00006104
0.30050659,0.00006104
0.30082659,0.00006104
0.30114659,0.00006104
0.30146659,0.00006104
0.30178659,0.00006104
0.30210659,0.00006104
0.30242659,0.00006104
0.30274659,0.00006104
0.30306659,0.00006104
0.30338659,0.00006104
0.30370659,0.00006104
0.30402659,0.00006104
0.30434659,0.00006104
0.30466659,0.00006104
0.30498659,0.00006104
0.30530659,0.00006104
0.30562659,0.00006104
0.30594659,0.00006104
0.30626659,0.00006104
0.30658659,0.00006104
0.30690659,0.00006104
0.30722659,0.00006104
0.30754659,0.00006104
0.30786659,0.00006104
0.30818659,0.00006104
0.30850659,0.00006104
0.30882659,0.00006104
0.30914659,0.00006104
0.30946659,0.00006104
0.30978659,0.00006104
0.31010659,0.00006104
0.31042659,0.00006104
0.31074659,0.00006104
0.31106659,0.00006104
0.31138659,0.00006104
0.31170659,0.00006104
0.31202659,0.00006104
0.31234659,0.00006104
0.31266659,0.00006104
0.31298659,-0.01770074
0.31330659,0.00006104
0.31362659,0.00006104
0.31394659,0.00006104
0.31426659,0.00006104
0.31458659,0.00006104
0.31490659,0.00006104
0.31522659,0.00006104
0.31554659,-0.01770074
0.31586659,0.00006104
0.31618659,0.00006104
0.31650659,0.00006104
0.31682659,0.00006104
0.31714659,0.00006104
0.31746659,0.00006104
0.31778659,0.00006104
0.31810659,0.00006104
0.31842659,0.00006104
0.31874659,0.00006104
0.31906659,0.00006104
0.31938659,0.00006104
0.31970659,0.00006104
0.32002659,0.00006104
0.32034659,0.00006104
0.32066659,0.00006104
0.32098659,0.00006104
0.32130659,0.00006104
0.32162659,0.00006104
0.32194659,0.00006104
0.32226659,0.00006104
0.32258659,-0.01770074
0.32290659,-0.01770074
0.32322659,0.00006104
0.32354659,0.00006104
0.32386659,0.00006104
0.32418659,0.00006104
0.32450659,0.00006104
0.32482659,0.00006104
0.32514659,0.00006104
0.32546659,0.00006104
0.32578659,0.00006104
0.32610659,0.00006104
0.32642659,0.00006104
0.32674659,0.00006104
0.32706659,0.00006104
0.32738659,0.00006104
0.32770659,0.00006104
0.32802659,0.00006104
0.32834659,0.00006104
0.32866659,0.00006104
0.32898659,0.00006104
0.32930659,0.00006104
0.32962659,0.00006104
0.32994659,0.00006104
0.33026659,0.00006104
0.33058659,-0.01770074
0.33090659,0.00006104
0.33122659,0.00006104
0.33154659,0.00006104
0.33186659,0.00006104
0.33218659,0.00006104
0.33250659,0.00006104
0.33282659,0.00006104
0.33314659,0.00006104
0.33346659,0.00006104
0.33378659,0.00006104
0.33410659,0.00006104
0.33442659,-0.01770074
0.33474659,0.00006104
0.33506659,0.00006104
0.33538659,0.00006104
0.33570659,0.00006104
0.33602659,0.00006104
0.33634659,0.00006104
0.33666659,0.00006104
0.33698659,0.00006104
0.33730659,0.00006104
0.33762659,0.00006104
0.33794659,0.00006104
0.33826659,0.00006104
0.33858659,0.00006104
0.33890659,0.00006104
0.33922659,0.00006104
0.33954659,0.00006104
0.33986659,0.00006104
0.34018659,0.00006104
0.34050659,0.00006104
0.34082659,0.00006104
0.34114659,0.00006104
0.34146659,0.00006104
0.34178659,0.00006104
0.34210659,0.00006104
0.34242659,-0.01770074
0.34274659,0.00006104
0.34306659,0.00006104
0.34338659,0.00006104
0.34370659,0.00006104
0.34402659,0.00006104
0.34434659,0.00006104
0.34466659,0.00006104
0.34498659,0.00006104
0.34530659,0.00006104
0.34562659,0.00006104
0.34594659,0.00006104
0.34626659,0.00006104
0.34658659,0.00006104
0.34690659,0.00006104
0.34722659,0.00006104
0.34754659,0.00006104
0.34786659,0.00006104
0.34818659,0.00006104
0.34850659,0.00006104
0.34882659,-0.01770074
0.34914659,0.00006104
0.34946659,0.00006104
0.34978659,0.00006104
0.35010659,0.00006104
0.35042659,0.00006104
0.35074659,0.00006104
0.35106659,0.00006104
0.35138659,0.00006104
0.35170659,-0.01770074
0.35202659,-0.01770074
0.35234659,0.00006104
0.35266659,0.00006104
0.35298659,0.00006104
0.35330659,0.00006104
0.35362659,0.00006104
0.35394659,0.00006104
0.35426659,0.00006104
0.35458659,0.00006104
0.35490659,0.00006104
0.35522659,0.00006104
0.35554659,0.00006104
0.35586659,0.00006104
0.35618659,0.00006104
0.35650659,0.00006104
0.35682659,0.00006104
0.35714659,0.00006104
0.35746659,0.00006104
0.35778659,0.00006104
0.35810659,0.00006104
0.35842659,0.00006104
0.35874659,0.00006104
0.35906659,0.00006104
0.35938659,0.00006104
0.35970659,0.00006104
0.36002659,0.00006104
0.36034659,0.00006104
0.36066659,0.00006104
0.36098659,0.00006104
0.36130659,0.00006104
0.36162659,0.00006104
0.36194659,0.00006104
0.36226659,0.00006104
0.36258659,0.00006104
0.36290659,0.00006104
0.36322659,0.00006104
0.36354659,0.00006104
0.36386659,0.00006104
0.36418659,0.00006104
0.36450659,0.00006104
0.36482659,0.00006104
0.36514659,0.00006104
0.36546659,0.00006104
0.36578659,0.00006104
0.36610659,0.00006104
0.36642659,0.00006104
0.36674659,0.00006104
0.36706659,0.00006104
0.36738659,0.00006104
0.36770659,0.00006104
0.36802659,0.00006104
0.36834659,0.00006104
0.36866659,0.00006104
0.36898659,0.00006104
0.36930659,0.00006104
0.36962659,0.00006104
0.36994659,0.00006104
0.37026659,0.00006104
0.37058659,0.00006104
0.37090659,0.00006104
0.37122659,0.00006104
0.37154659,0.00006104
0.37186659,0.00006104
0.37218659,0.00006104
0.37250659,0.00006104
0.37282659,0.00006104
0.37314659,0.00006104
0.37346659,0.00006104
0.37378659,-0.01770074
0.37410659,0.00006104
0.37442659,0.00006104
0.37474659,0.00006104
0.37506659,-0.03552354
0.37538659,-0.01770074
0.37570659,0.00006104
0.37602659,0.00006104
0.37634659,-0.01770074
0.37666659,0.00006104
0.37698659,0.00006104
0.37730659,0.00006104
0.37762659,0.00006104
0.37794659,0.00006104
0.37826659,0.00006104
0.37858659,0.00006104
0.37890659,0.00006104
0.37922659,0.00006104
0.37954659,0.00006104
0.37986659,0.00006104
0.38018659,0.00006104
0.38050659,0.00006104
0.38082659,0.00006104
0.38114659,0.00006104
0.38146659,0.00006104
0.38178659,0.00006104
0.38210659,0.00006104
0.38242659,0.00006104
0.38274659,0.00006104
0.38306659,0.00006104
0.38338659,0.00006104
0.38370659,0.00006104
0.38402659,0.00006104
0.38434659,0.00006104
0.38466659,-0.01770074
0.38498659,0.00006104
0.38530659,0.00006104
0.38562659,0.00006104
0.38594659,0.00006104
0.38626659,0.00006104
0.38658659,0.00006104
0.38690659,-0.01770074
0.38722659,0.00006104
0.38754659,0.00006104
0.38786659,0.00006104
0.38818659,0.00006104
0.38850659,0.00006104
0.38882659,0.00006104
0.38914659,0.00006104
0.38946659,0.00006104
0.38978659,0.00006104
0.39010659,0.00006104
0.39042659,0.00006104
0.39074659,0.00006104
0.39106659,0.00006104
0.39138659,0.00006104
0.39170659,0.00006104
0.39202659,0.00006104
0.39234659,0.00006104
0.39266659,0.00006104
0.39298659,-0.01770074
0.39330659,0.00006104
0.39362659,0.00006104
0.39394659,0.00006104
0.39426659,0.00006104
0.39458659,0.00006104
0.39490659,0.00006104
0.39522659,0.00006104
0.39554659,0.00006104
0.39586659,-0.01770074
0.39618659,0.00006104
0.39650659,0.00006104
0.39682659,0.00006104
0.39714659,0.00006104
0.39746659,0.00006104
0.39778659,0.00006104
0.39810659,0.00006104
0.39842659,0.00006104
0.39874659,0.00006104
0.39906659,0.00006104
0.39938659,0.00006104
0.39970659,0.00006104
0.40002659,0.00006104
0.40034659,0.00006104
0.40066659,0.00006104
0.40098659,0.00006104
0.40130659,0.00006104
0.40162659,0.00006104
0.40194659,0.00006104
0.40226659,0.00006104
0.40258659,-0.01770074
0.40290659,0.00006104
0.40322659,0.00006104
0.40354659,0.00006104
0.40386659,0.00006104
0.40418659,0.00006104
0.40450659,0.00006104
0.40482659,0.00006104
0.40514659,0.00006104
0.40546659,0.00006104
0.40578659,0.00006104
0.40610659,0.00006104
0.40642659,0.00006104
0.40674659,0.00006104
0.40706659,0.00006104
0.40738659,0.00006104
0.40770659,0.00006104
0.40802659,0.00006104
0.40834659,0.00006104
0.40866659,0.00006104
0.40898659,0.00006104
0.40930659,0.00006104
0.40962659,0.00006104
0.40994659,0.00006104
0.41026659,0.00006104
0.41058659,0.00006104
0.41090659,0.00006104
0.41122659,0.00006104
0.41154659,-0.01770074
0.41186659,0.00006104
0.41218659,0.00006104
0.41250659,0.00006104
0.41282659,0.00006104
0.41314659,0.00006104
0.41346659,0.00006104
0.41378659,0.00006104
0.41410659,0.00006104
0.41442659,0.00006104
0.41474659,0.00006104
0.41506659,-0.01770074
0.41538659,0.00006104
0.41570659,0.00006104
0.41602659,0.00006104
0.41634659,0.00006104
0.41666659,0.00006104
0.41698659,0.00006104
0.41730659,0.00006104
0.41762659,0.00006104
0.41794659,0.00006104
0.41826659,0.00006104
0.41858659,0.00006104
0.41890659,0.00006104
0.41922659,0.00006104
0.41954659,0.00006104
0.41986659,0.00006104
0.42018659,0.00006104
0.42050659,0.00006104
0.42082659,0.00006104
0.42114659,0.00006104
0.42146659,0.00006104
0.42178659,0.00006104
0.42210659,0.00006104
0.42242659,0.00006104
0.42274659,0.00006104
0.42306659,0.00006104
0.42338659,0.00006104
0.42370659,0.00006104
0.42402659,0.00006104
0.42434659,-0.01770074
0.42466659,0.00006104
0.42498659,0.00006104
0.42530659,0.00006104
0.42562659,0.00006104
0.42594659,0.00006104
0.42626659,0.00006104
0.42658659,0.00006104
0.42690659,0.00006104
0.42722659,0.00006104
0.42754659,0.00006104
0.42786659,0.00006104
0.42818659,0.00006104
0.42850659,0.00006104
0.42882659,0.00006104
0.42914659,0.00006104
0.42946659,-0.01770074
0.42978659,0.00006104
0.43010659,0.00006104
0.43042659,0.00006104
0.43074659,0.00006104
0.43106659,0.00006104
0.43138659,0.00006104
0.43170659,0.00006104
0.43202659,0.00006104
0.43234659,0.00006104
0.43266659,0.00006104
0.43298659,0.00006104
0.43330659,0.00006104
0.43362659,0.00006104
0.43394659,0.00006104
0.43426659,0.00006104
0.43458659,0.00006104
0.43490659,0.00006104
0.43522659,0.00006104
0.43554659,0.00006104
0.43586659,0.00006104
0.43618659,0.00006104
0.43650659,-0.01770074
0.43682659,0.00006104
0.43714659,0.00006104
0.43746659,0.00006104
0.43778659,0.00006104
0.43810659,0.00006104
0.43842659,0.00006104
0.43874659,0.00006104
0.43906659,0.00006104
0.43938659,0.00006104
0.43970659,0.00006104
0.44002659,0.00006104
0.44034659,0.00006104
0.44066659,0.00006104
0.44098659,0.00006104
0.44130659,0.00006104
0.44162659,0.00006104
0.44194659,0.00006104
0.44226659,0.00006104
0.44258659,0.00006104
0.44290659,0.00006104
0.44322659,0.00006104
0.44354659,0.00006104
0.44386659,0.00006104
0.44418659,0.00006104
0.44450659,0.00006104
0.44482659,-0.01770074
0.44514659,0.00006104
0.44546659,0.00006104
0.44578659,0.00006104
0.44610659,0.00006104
0.44642659,0.00006104
0.44674659,0.00006104
0.44706659,0.00006104
0.44738659,0.00006104
0.44770659,0.00006104
0.44802659,0.00006104
0.44834659,0.00006104
0.44866659,-0.01770074
0.44898659,0.00006104
0.44930659,0.00006104
0.44962659,0.00006104
0.44994659,0.00006104
0.45026659,0.00006104
0.45058659,0.00006104
0.45090659,0.00006104
0.45122659,0.00006104
0.45154659,0.00006104
0.45186659,0.00006104
0.45218659,0.00006104
0.45250659,0.00006104
0.45282659,0.00006104
0.45314659,0.00006104
0.45346659,0.00006104
0.45378659,0.00006104
0.45410659,0.00006104
0.45442659,0.00006104
0.45474659,0.00006104
0.45506659,0.00006104
0.45538659,0.00006104
0.45570659,-0.01770074
0.45602659,0.00006104
0.45634659,0.00006104
0.45666659,0.00006104
0.45698659,0.00006104
0.45730659,-0.01770074
0.45762659,-0.01770074
0.45794659,0.00006104
0.45826659,0.00006104
0.45858659,0.00006104
0.45890659,0.00006104
0.45922659,0.00006104
0.45954659,0.00006104
0.45986659,0.00006104
0.46018659,0.00006104
0.46050659,0.00006104
0.46082659,0.00006104
0.46114659,0.00006104
0.46146659,0.00006104
0.46178659,0.00006104
0.46210659,0.00006104
0.46242659,0.00006104
0.46274659,0.00006104
0.46306659,0.00006104
0.46338659,0.00006104
0.46370659,0.00006104
0.46402659,0.00006104
0.46434659,0.00006104
0.46466659,0.00006104
0.46498659,0.00006104
0.46530659,0.00006104
0.46562659,0.00006104
0.46594659,0.00006104
0.46626659,0.00006104
0.46658659,0.00006104
0.46690659,0.00006104
0.46722659,0.00006104
0.46754659,0.00006104
0.46786659,0.00006104
0.46818659,0.00006104
0.46850659,0.00006104
0.46882659,0.00006104
0.46914659,0.00006104
0.46946659,0.00006104
0.46978659,0.00006104
0.47010659,0.00006104
0.47042659,0.00006104
0.47074659,0.00006104
0.47106659,0.00006104
0.47138659,0.00006104
0.47170659,0.00006104
0.47202659,0.00006104
0.47234659,0.00006104
0.47266659,0.00006104
0.47298659,0.00006104
0.47330659,0.00006104
0.47362659,0.00006104
0.47394659,0.00006104
0.47426659,0.00006104
0.47458659,0.00006104
0.47490659,0.00006104
0.47522659,0.00006104
0.47554659,0.00006104
0.47586659,0.00006104
0.47618659,0.00006104
0.47650659,0.00006104
0.47682659,0.00006104
0.47714659,0.00006104
0.47746659,0.00006104
0.47778659,0.00006104
0.47810659,0.00006104
0.47842659,0.00006104
0.47874659,-0.01770074
0.47906659,0.00006104
0.47938659,0.00006104
0.47970659,0.00006104
0.48002659,0.00006104
0.48034659,0.00006104
0.48066659,0.00006104
0.48098659,0.00006104
0.48130659,0.00006104
0.48162659,0.00006104
0.48194659,0.00006104
0.48226659,0.00006104
0.48258659,0.00006104
0.48290659,0.00006104
0.48322659,0.00006104
0.48354659,0.00006104
0.48386659,0.00006104
0.48418659,0.00006104
0.48450659,0.00006104
0.48482659,0.00006104
0.48514659,0.00006104
0.48546659,0.00006104
0.48578659,0.00006104
0.48610659,0.00006104
0.48642659,0.00006104
0.48674659,-0.01770074
0.48706659,0.00006104
0.48738659,0.00006104
0.48770659,0.00006104
0.48802659,0.00006104
0.48834659,0.00006104
0.48866659,0.00006104
0.48898659,0.00006104
0.48930659,0.00006104
0.48962659,0.00006104
0.48994659,0.00006104
0.49026659,0.00006104
0.49058659,0.00006104
0.49090659,0.00006104
0.49122659,-0.01770074
0.49154659,0.00006104
0.49186659,0.00006104
0.49218659,0.00006104
0.49250659,0.00006104
0.49282659,-0.01770074
0.49314659,0.00006104
0.49346659,0.00006104
0.49378659,0.00006104
0.49410659,0.00006104
0.49442659,0.00006104
0.49474659,0.00006104
0.49506659,0.00006104
0.49538659,0.00006104
0.49570659,-0.30256051
0.49602659,0.21362957
0.49634659,0.32044435
0.49666659,0.19580676
0.49698659,0.03570665
0.49730659,-0.03552354
0.49762659,-0.05334635
0.49794659,-0.03552354
0.49826659,-0.03552354
0.49858659,-0.10669271
0.49890659,-1.01455736
0.49922659,-1.95800650
0.49954659,-1.44181645
0.49986659,0.48066652
0.50018659,0.46284372
0.50050659,0.17804499
0.50082659,0.05346843
0.50114659,0.03570665
0.50146659,0.03570665
0.50178659,0.03570665
0.50210659,0.03570665
0.50242659,0.03570665
0.50274659,0.03570665
0.50306659,0.03570665
0.50338659,0.03570665
0.50370659,0.03570665
0.50402659,0.01788385
0.50434659,0.00006104
0.50466659,0.00006104
0.50498659,0.01788385
0.50530659,0.03570665
0.50562659,0.05346843
0.50594659,0.07129124
0.50626659,0.07129124
0.50658659,0.07129124
0.50690659,0.05346843
0.50722659,0.05346843
0.50754659,0.07129124
0.50786659,0.03570665
0.50818659,0.07129124
0.50850659,0.08911405
0.50882659,0.07129124
0.50914659,0.03570665
0.50946659,0.03570665
0.50978659,0.03570665
0.51010659,0.01788385
0.51042659,0.00006104
0.51074659,-0.01770074
0.51106659,-0.01770074
0.51138659,-0.03552354
0.51170659,0.01788385
0.51202659,0.01788385
0.51234659,0.00006104
0.51266659,0.05346843
0.51298659,-0.01770074
0.51330659,-0.01770074
0.51362659,0.03570665
0.51394659,-0.03552354
0.51426659,0.01788385
0.51458659,0.05346843
0.51490659,0.01788385
0.51522659,0.03570665
0.51554659,0.03570665
0.51586659,0.03570665
0.51618659,0.01788385
0.51650659,0.01788385
0.51682659,0.01788385
0.51714659,0.01788385
0.51746659,0.01788385
0.51778659,0.03570665
0.51810659,0.00006104
0.51842659,0.00006104
0.51874659,0.01788385
0.51906659,0.01788385
0.51938659,0.00006104
0.51970659,0.01788385
0.52002659,0.00006104
