Time,Channel A
(ms),(V)

-1.48089824,0.01788385
-1.48057824,0.01788385
-1.48025824,0.01788385
-1.47993824,0.00006104
-1.47961824,0.03570665
-1.47929824,0.00006104
-1.47897824,-0.01770074
-1.47865824,0.01788385
-1.47833824,0.01788385
-1.47801824,0.00006104
-1.47769824,0.00006104
-1.47737824,-0.01770074
-1.47705824,0.00006104
-1.47673824,0.01788385
-1.47641824,0.00006104
-1.47609824,0.00006104
-1.47577824,0.01788385
-1.47545824,0.01788385
-1.47513824,0.01788385
-1.47481824,0.01788385
-1.47449824,0.01788385
-1.47417824,0.00006104
-1.47385824,0.01788385
-1.47353824,0.00006104
-1.47321824,0.00006104
-1.47289824,0.01788385
-1.47257824,0.01788385
-1.47225824,0.00006104
-1.47193824,0.00006104
-1.47161824,0.00006104
-1.47129824,0.00006104
-1.47097824,0.00006104
-1.47065824,-0.01770074
-1.47033824,-0.01770074
-1.47001824,0.00006104
-1.46969824,0.00006104
-1.46937824,0.00006104
-1.46905824,0.01788385
-1.46873824,0.00006104
-1.46841824,0.00006104
-1.46809824,0.00006104
-1.46777824,0.00006104
-1.46745824,0.01788385
-1.46713824,0.01788385
-1.46681824,0.00006104
-1.46649824,0.00006104
-1.46617824,0.00006104
-1.46585824,0.00006104
-1.46553824,0.01788385
-1.46521824,0.00006104
-1.46489824,-0.01770074
-1.46457824,0.00006104
-1.46425824,0.00006104
-1.46393824,0.00006104
-1.46361824,0.00006104
-1.46329824,0.00006104
-1.46297824,0.00006104
-1.46265824,0.00006104
-1.46233824,0.00006104
-1.46201824,0.00006104
-1.46169824,0.01788385
-1.46137824,0.00006104
-1.46105824,0.00006104
-1.46073824,0.00006104
-1.46041824,0.00006104
-1.46009824,0.00006104
-1.45977824,0.00006104
-1.45945824,0.00006104
-1.45913824,0.00006104
-1.45881824,0.00006104
-1.45849824,0.00006104
-1.45817824,-0.01770074
-1.45785824,0.00006104
-1.45753824,0.00006104
-1.45721824,0.00006104
-1.45689824,0.00006104
-1.45657824,0.00006104
-1.45625824,0.00006104
-1.45593824,0.00006104
-1.45561824,0.00006104
-1.45529824,0.00006104
-1.45497824,0.00006104
-1.45465824,0.00006104
-1.45433824,0.00006104
-1.45401824,0.00006104
-1.45369824,0.00006104
-1.45337824,0.00006104
-1.45305824,0.00006104
-1.45273824,-0.01770074
-1.45241824,-0.01770074
-1.45209824,0.00006104
-1.45177824,-0.01770074
-1.45145824,-0.01770074
-1.45113824,0.00006104
-1.45081824,0.00006104
-1.45049824,0.00006104
-1.45017824,0.00006104
-1.44985824,0.00006104
-1.44953824,0.00006104
-1.44921824,0.00006104
-1.44889824,0.00006104
-1.44857824,0.00006104
-1.44825824,0.00006104
-1.44793824,0.00006104
-1.44761824,0.01788385
-1.44729824,0.00006104
-1.44697824,0.00006104
-1.44665824,0.00006104
-1.44633824,0.00006104
-1.44601824,0.00006104
-1.44569824,0.00006104
-1.44537824,0.00006104
-1.44505824,0.00006104
-1.44473824,0.00006104
-1.44441824,0.00006104
-1.44409824,0.00006104
-1.44377824,0.00006104
-1.44345824,-0.01770074
-1.44313824,0.00006104
-1.44281824,0.00006104
-1.44249824,0.00006104
-1.44217824,0.00006104
-1.44185824,0.01788385
-1.44153824,0.00006104
-1.44121824,0.00006104
-1.44089824,0.00006104
-1.44057824,0.00006104
-1.44025824,0.00006104
-1.43993824,0.00006104
-1.43961824,0.00006104
-1.43929824,0.00006104
-1.43897824,0.00006104
-1.43865824,0.00006104
-1.43833824,-0.01770074
-1.43801824,0.00006104
-1.43769824,0.00006104
-1.43737824,0.00006104
-1.43705824,0.00006104
-1.43673824,0.00006104
-1.43641824,0.00006104
-1.43609824,0.00006104
-1.43577824,0.00006104
-1.43545824,0.00006104
-1.43513824,0.00006104
-1.43481824,0.00006104
-1.43449824,0.00006104
-1.43417824,-0.01770074
-1.43385824,0.00006104
-1.43353824,0.00006104
-1.43321824,0.00006104
-1.43289824,0.00006104
-1.43257824,0.00006104
-1.43225824,0.00006104
-1.43193824,0.00006104
-1.43161824,0.00006104
-1.43129824,0.00006104
-1.43097824,0.00006104
-1.43065824,0.00006104
-1.43033824,0.00006104
-1.43001824,0.00006104
-1.42969824,0.00006104
-1.42937824,0.00006104
-1.42905824,-0.01770074
-1.42873824,-0.01770074
-1.42841824,0.00006104
-1.42809824,0.00006104
-1.42777824,0.00006104
-1.42745824,0.00006104
-1.42713824,0.00006104
-1.42681824,0.00006104
-1.42649824,0.00006104
-1.42617824,0.00006104
-1.42585824,0.00006104
-1.42553824,0.00006104
-1.42521824,0.00006104
-1.42489824,0.00006104
-1.42457824,0.00006104
-1.42425824,0.00006104
-1.42393824,0.00006104
-1.42361824,0.00006104
-1.42329824,0.00006104
-1.42297824,0.00006104
-1.42265824,0.00006104
-1.42233824,0.00006104
-1.42201824,0.00006104
-1.42169824,-0.01770074
-1.42137824,0.00006104
-1.42105824,0.00006104
-1.42073824,0.00006104
-1.42041824,0.00006104
-1.42009824,0.00006104
-1.41977824,0.00006104
-1.41945824,0.00006104
-1.41913824,0.00006104
-1.41881824,0.00006104
-1.41849824,0.00006104
-1.41817824,0.00006104
-1.41785824,0.00006104
-1.41753824,0.00006104
-1.41721824,0.00006104
-1.41689824,0.00006104
-1.41657824,0.00006104
-1.41625824,0.00006104
-1.41593824,0.00006104
-1.41561824,0.00006104
-1.41529824,0.00006104
-1.41497824,0.00006104
-1.41465824,0.00006104
-1.41433824,0.00006104
-1.41401824,0.00006104
-1.41369824,0.00006104
-1.41337824,0.00006104
-1.41305824,0.00006104
-1.41273824,0.00006104
-1.41241824,0.00006104
-1.41209824,0.00006104
-1.41177824,0.00006104
-1.41145824,0.00006104
-1.41113824,0.00006104
-1.41081824,0.00006104
-1.41049824,0.00006104
-1.41017824,0.00006104
-1.40985824,0.00006104
-1.40953824,0.00006104
-1.40921824,0.00006104
-1.40889824,0.00006104
-1.40857824,0.00006104
-1.40825824,0.00006104
-1.40793824,0.00006104
-1.40761824,0.00006104
-1.40729824,-0.01770074
-1.40697824,0.00006104
-1.40665824,0.00006104
-1.40633824,0.00006104
-1.40601824,0.00006104
-1.40569824,0.00006104
-1.40537824,0.00006104
-1.40505824,0.00006104
-1.40473824,0.00006104
-1.40441824,0.00006104
-1.40409824,0.00006104
-1.40377824,0.00006104
-1.40345824,0.00006104
-1.40313824,0.00006104
-1.40281824,0.00006104
-1.40249824,0.00006104
-1.40217824,0.00006104
-1.40185824,0.00006104
-1.40153824,0.00006104
-1.40121824,0.00006104
-1.40089824,0.00006104
-1.40057824,0.00006104
-1.40025824,0.00006104
-1.39993824,0.00006104
-1.39961824,0.00006104
-1.39929824,0.00006104
-1.39897824,0.00006104
-1.39865824,-0.01770074
-1.39833824,0.00006104
-1.39801824,0.00006104
-1.39769824,0.00006104
-1.39737824,0.00006104
-1.39705824,-0.01770074
-1.39673824,0.00006104
-1.39641824,0.00006104
-1.39609824,0.00006104
-1.39577824,0.00006104
-1.39545824,0.00006104
-1.39513824,0.00006104
-1.39481824,0.00006104
-1.39449824,0.00006104
-1.39417824,0.00006104
-1.39385824,0.00006104
-1.39353824,-0.01770074
-1.39321824,0.00006104
-1.39289824,0.00006104
-1.39257824,0.00006104
-1.39225824,0.00006104
-1.39193824,0.00006104
-1.39161824,0.00006104
-1.39129824,0.00006104
-1.39097824,0.00006104
-1.39065824,0.00006104
-1.39033824,0.00006104
-1.39001824,0.00006104
-1.38969824,0.00006104
-1.38937824,0.00006104
-1.38905824,0.00006104
-1.38873824,-0.01770074
-1.38841824,0.00006104
-1.38809824,0.00006104
-1.38777824,-0.01770074
-1.38745824,0.00006104
-1.38713824,0.00006104
-1.38681824,0.00006104
-1.38649824,0.00006104
-1.38617824,0.00006104
-1.38585824,0.00006104
-1.38553824,0.00006104
-1.38521824,0.00006104
-1.38489824,0.00006104
-1.38457824,0.00006104
-1.38425824,0.00006104
-1.38393824,0.00006104
-1.38361824,0.00006104
-1.38329824,0.00006104
-1.38297824,-0.01770074
-1.38265824,0.00006104
-1.38233824,0.00006104
-1.38201824,0.00006104
-1.38169824,0.00006104
-1.38137824,0.00006104
-1.38105824,0.00006104
-1.38073824,0.00006104
-1.38041824,0.00006104
-1.38009824,0.00006104
-1.37977824,0.00006104
-1.37945824,0.00006104
-1.37913824,0.00006104
-1.37881824,0.00006104
-1.37849824,0.00006104
-1.37817824,0.00006104
-1.37785824,0.00006104
-1.37753824,0.00006104
-1.37721824,0.00006104
-1.37689824,0.00006104
-1.37657824,0.00006104
-1.37625824,0.00006104
-1.37593824,0.00006104
-1.37561824,0.00006104
-1.37529824,0.00006104
-1.37497824,0.00006104
-1.37465824,0.00006104
-1.37433824,0.00006104
-1.37401824,0.00006104
-1.37369824,0.00006104
-1.37337824,0.00006104
-1.37305824,0.00006104
-1.37273824,0.00006104
-1.37241824,0.00006104
-1.37209824,0.00006104
-1.37177824,0.00006104
-1.37145824,0.00006104
-1.37113824,0.00006104
-1.37081824,0.00006104
-1.37049824,0.00006104
-1.37017824,0.00006104
-1.36985824,0.00006104
-1.36953824,0.00006104
-1.36921824,0.00006104
-1.36889824,0.00006104
-1.36857824,0.00006104
-1.36825824,0.00006104
-1.36793824,0.00006104
-1.36761824,0.00006104
-1.36729824,0.00006104
-1.36697824,0.00006104
-1.36665824,0.00006104
-1.36633824,0.00006104
-1.36601824,0.00006104
-1.36569824,0.00006104
-1.36537824,0.00006104
-1.36505824,0.00006104
-1.36473824,0.00006104
-1.36441824,0.00006104
-1.36409824,0.00006104
-1.36377824,0.00006104
-1.36345824,0.00006104
-1.36313824,0.00006104
-1.36281824,0.00006104
-1.36249824,0.00006104
-1.36217824,0.00006104
-1.36185824,0.00006104
-1.36153824,0.00006104
-1.36121824,0.00006104
-1.36089824,0.00006104
-1.36057824,0.00006104
-1.36025824,0.00006104
-1.35993824,0.00006104
-1.35961824,0.00006104
-1.35929824,0.00006104
-1.35897824,0.00006104
-1.35865824,0.00006104
-1.35833824,0.00006104
-1.35801824,0.00006104
-1.35769824,0.00006104
-1.35737824,0.00006104
-1.35705824,0.00006104
-1.35673824,0.00006104
-1.35641824,0.00006104
-1.35609824,0.00006104
-1.35577824,0.00006104
-1.35545824,0.00006104
-1.35513824,0.00006104
-1.35481824,0.00006104
-1.35449824,0.00006104
-1.35417824,0.00006104
-1.35385824,0.00006104
-1.35353824,0.00006104
-1.35321824,0.00006104
-1.35289824,0.00006104
-1.35257824,0.00006104
-1.35225824,0.00006104
-1.35193824,0.00006104
-1.35161824,0.00006104
-1.35129824,-0.01770074
-1.35097824,0.00006104
-1.35065824,0.00006104
-1.35033824,0.00006104
-1.35001824,0.00006104
-1.34969824,0.00006104
-1.34937824,0.00006104
-1.34905824,0.00006104
-1.34873824,0.00006104
-1.34841824,0.00006104
-1.34809824,0.00006104
-1.34777824,0.00006104
-1.34745824,0.00006104
-1.34713824,0.00006104
-1.34681824,0.00006104
-1.34649824,0.00006104
-1.34617824,0.00006104
-1.34585824,0.00006104
-1.34553824,0.00006104
-1.34521824,0.00006104
-1.34489824,0.00006104
-1.34457824,0.00006104
-1.34425824,0.00006104
-1.34393824,0.00006104
-1.34361824,0.00006104
-1.34329824,0.00006104
-1.34297824,0.00006104
-1.34265824,0.00006104
-1.34233824,0.00006104
-1.34201824,0.00006104
-1.34169824,0.00006104
-1.34137824,0.00006104
-1.34105824,0.00006104
-1.34073824,0.00006104
-1.34041824,0.00006104
-1.34009824,0.00006104
-1.33977824,0.00006104
-1.33945824,0.00006104
-1.33913824,0.00006104
-1.33881824,-0.01770074
-1.33849824,0.00006104
-1.33817824,0.00006104
-1.33785824,-0.01770074
-1.33753824,0.00006104
-1.33721824,0.00006104
-1.33689824,0.00006104
-1.33657824,0.00006104
-1.33625824,0.00006104
-1.33593824,0.00006104
-1.33561824,0.00006104
-1.33529824,0.00006104
-1.33497824,0.00006104
-1.33465824,0.00006104
-1.33433824,0.00006104
-1.33401824,0.00006104
-1.33369824,0.00006104
-1.33337824,0.00006104
-1.33305824,0.00006104
-1.33273824,0.00006104
-1.33241824,0.00006104
-1.33209824,0.00006104
-1.33177824,0.00006104
-1.33145824,0.00006104
-1.33113824,0.00006104
-1.33081824,0.00006104
-1.33049824,0.00006104
-1.33017824,0.00006104
-1.32985824,-0.01770074
-1.32953824,0.00006104
-1.32921824,0.00006104
-1.32889824,0.00006104
-1.32857824,0.00006104
-1.32825824,0.00006104
-1.32793824,0.00006104
-1.32761824,0.00006104
-1.32729824,0.00006104
-1.32697824,0.00006104
-1.32665824,0.00006104
-1.32633824,0.00006104
-1.32601824,0.00006104
-1.32569824,0.00006104
-1.32537824,0.00006104
-1.32505824,0.00006104
-1.32473824,0.00006104
-1.32441824,0.00006104
-1.32409824,0.00006104
-1.32377824,0.00006104
-1.32345824,0.00006104
-1.32313824,0.00006104
-1.32281824,0.00006104
-1.32249824,0.00006104
-1.32217824,0.00006104
-1.32185824,0.00006104
-1.32153824,0.00006104
-1.32121824,0.00006104
-1.32089824,0.00006104
-1.32057824,0.00006104
-1.32025824,0.00006104
-1.31993824,0.00006104
-1.31961824,0.00006104
-1.31929824,0.00006104
-1.31897824,0.00006104
-1.31865824,0.00006104
-1.31833824,0.00006104
-1.31801824,0.00006104
-1.31769824,0.00006104
-1.31737824,0.00006104
-1.31705824,0.00006104
-1.31673824,0.00006104
-1.31641824,0.00006104
-1.31609824,0.00006104
-1.31577824,0.00006104
-1.31545824,0.00006104
-1.31513824,0.00006104
-1.31481824,0.00006104
-1.31449824,0.00006104
-1.31417824,0.00006104
-1.31385824,0.00006104
-1.31353824,0.00006104
-1.31321824,0.00006104
-1.31289824,0.00006104
-1.31257824,0.00006104
-1.31225824,0.00006104
-1.31193824,0.00006104
-1.31161824,0.00006104
-1.31129824,0.00006104
-1.31097824,0.00006104
-1.31065824,0.00006104
-1.31033824,0.00006104
-1.31001824,0.00006104
-1.30969824,0.00006104
-1.30937824,0.00006104
-1.30905824,0.00006104
-1.30873824,0.00006104
-1.30841824,0.00006104
-1.30809824,0.00006104
-1.30777824,0.00006104
-1.30745824,0.00006104
-1.30713824,0.00006104
-1.30681824,0.00006104
-1.30649824,0.00006104
-1.30617824,0.00006104
-1.30585824,0.00006104
-1.30553824,0.00006104
-1.30521824,0.00006104
-1.30489824,0.00006104
-1.30457824,0.00006104
-1.30425824,-0.01770074
-1.30393824,0.00006104
-1.30361824,0.00006104
-1.30329824,0.00006104
-1.30297824,0.00006104
-1.30265824,0.00006104
-1.30233824,0.00006104
-1.30201824,-0.01770074
-1.30169824,0.00006104
-1.30137824,0.00006104
-1.30105824,0.00006104
-1.30073824,0.00006104
-1.30041824,0.00006104
-1.30009824,0.00006104
-1.29977824,0.00006104
-1.29945824,0.00006104
-1.29913824,0.00006104
-1.29881824,0.00006104
-1.29849824,-0.01770074
-1.29817824,0.00006104
-1.29785824,0.00006104
-1.29753824,0.00006104
-1.29721824,0.00006104
-1.29689824,0.00006104
-1.29657824,0.00006104
-1.29625824,0.00006104
-1.29593824,0.00006104
-1.29561824,0.00006104
-1.29529824,0.00006104
-1.29497824,0.00006104
-1.29465824,0.00006104
-1.29433824,0.00006104
-1.29401824,0.00006104
-1.29369824,0.00006104
-1.29337824,0.00006104
-1.29305824,0.00006104
-1.29273824,0.00006104
-1.29241824,0.00006104
-1.29209824,-0.01770074
-1.29177824,0.00006104
-1.29145824,-0.01770074
-1.29113824,0.00006104
-1.29081824,0.00006104
-1.29049824,0.00006104
-1.29017824,-0.01770074
-1.28985824,0.00006104
-1.28953824,0.00006104
-1.28921824,0.00006104
-1.28889824,0.00006104
-1.28857824,0.00006104
-1.28825824,0.00006104
-1.28793824,0.00006104
-1.28761824,0.00006104
-1.28729824,0.00006104
-1.28697824,0.00006104
-1.28665824,0.00006104
-1.28633824,0.00006104
-1.28601824,0.00006104
-1.28569824,0.00006104
-1.28537824,0.00006104
-1.28505824,0.00006104
-1.28473824,0.00006104
-1.28441824,0.00006104
-1.28409824,0.00006104
-1.28377824,0.00006104
-1.28345824,0.00006104
-1.28313824,0.00006104
-1.28281824,0.00006104
-1.28249824,0.00006104
-1.28217824,0.00006104
-1.28185824,0.00006104
-1.28153824,0.00006104
-1.28121824,0.00006104
-1.28089824,0.00006104
-1.28057824,0.00006104
-1.28025824,0.00006104
-1.27993824,0.00006104
-1.27961824,0.00006104
-1.27929824,0.00006104
-1.27897824,0.00006104
-1.27865824,0.00006104
-1.27833824,0.00006104
-1.27801824,0.00006104
-1.27769824,0.00006104
-1.27737824,0.00006104
-1.27705824,0.00006104
-1.27673824,0.00006104
-1.27641824,0.00006104
-1.27609824,0.00006104
-1.27577824,0.00006104
-1.27545824,0.00006104
-1.27513824,0.00006104
-1.27481824,0.00006104
-1.27449824,0.00006104
-1.27417824,-0.01770074
-1.27385824,0.00006104
-1.27353824,0.00006104
-1.27321824,0.00006104
-1.27289824,-0.01770074
-1.27257824,0.00006104
-1.27225824,0.00006104
-1.27193824,-0.01770074
-1.27161824,0.00006104
-1.27129824,0.00006104
-1.27097824,0.00006104
-1.27065824,0.00006104
-1.27033824,0.00006104
-1.27001824,0.00006104
-1.26969824,0.00006104
-1.26937824,0.00006104
-1.26905824,0.00006104
-1.26873824,0.00006104
-1.26841824,0.00006104
-1.26809824,0.00006104
-1.26777824,0.00006104
-1.26745824,0.00006104
-1.26713824,0.00006104
-1.26681824,0.00006104
-1.26649824,0.00006104
-1.26617824,0.00006104
-1.26585824,0.00006104
-1.26553824,0.00006104
-1.26521824,0.00006104
-1.26489824,0.00006104
-1.26457824,0.00006104
-1.26425824,0.00006104
-1.26393824,0.00006104
-1.26361824,0.00006104
-1.26329824,0.00006104
-1.26297824,0.00006104
-1.26265824,0.00006104
-1.26233824,0.00006104
-1.26201824,0.00006104
-1.26169824,0.00006104
-1.26137824,0.00006104
-1.26105824,0.00006104
-1.26073824,0.00006104
-1.26041824,0.00006104
-1.26009824,0.00006104
-1.25977824,0.00006104
-1.25945824,-0.01770074
-1.25913824,0.00006104
-1.25881824,0.00006104
-1.25849824,0.00006104
-1.25817824,0.00006104
-1.25785824,0.00006104
-1.25753824,0.00006104
-1.25721824,0.00006104
-1.25689824,0.00006104
-1.25657824,0.00006104
-1.25625824,0.00006104
-1.25593824,0.00006104
-1.25561824,0.00006104
-1.25529824,0.00006104
-1.25497824,0.00006104
-1.25465824,0.00006104
-1.25433824,-0.01770074
-1.25401824,0.00006104
-1.25369824,0.00006104
-1.25337824,-0.01770074
-1.25305824,0.00006104
-1.25273824,-0.01770074
-1.25241824,0.00006104
-1.25209824,0.00006104
-1.25177824,0.00006104
-1.25145824,0.00006104
-1.25113824,0.00006104
-1.25081824,0.00006104
-1.25049824,0.00006104
-1.25017824,0.00006104
-1.24985824,0.00006104
-1.24953824,0.00006104
-1.24921824,-0.01770074
-1.24889824,0.00006104
-1.24857824,0.00006104
-1.24825824,0.00006104
-1.24793824,0.00006104
-1.24761824,0.00006104
-1.24729824,0.00006104
-1.24697824,0.00006104
-1.24665824,0.00006104
-1.24633824,0.00006104
-1.24601824,0.00006104
-1.24569824,0.00006104
-1.24537824,0.00006104
-1.24505824,0.00006104
-1.24473824,0.00006104
-1.24441824,0.00006104
-1.24409824,0.00006104
-1.24377824,0.00006104
-1.24345824,0.00006104
-1.24313824,0.00006104
-1.24281824,0.00006104
-1.24249824,0.00006104
-1.24217824,0.00006104
-1.24185824,0.00006104
-1.24153824,0.00006104
-1.24121824,0.00006104
-1.24089824,0.00006104
-1.24057824,0.00006104
-1.24025824,0.00006104
-1.23993824,0.00006104
-1.23961824,0.00006104
-1.23929824,-0.01770074
-1.23897824,-0.01770074
-1.23865824,0.00006104
-1.23833824,0.00006104
-1.23801824,0.00006104
-1.23769824,0.00006104
-1.23737824,0.00006104
-1.23705824,0.00006104
-1.23673824,0.00006104
-1.23641824,0.00006104
-1.23609824,0.00006104
-1.23577824,-0.01770074
-1.23545824,0.00006104
-1.23513824,0.00006104
-1.23481824,0.00006104
-1.23449824,0.00006104
-1.23417824,0.00006104
-1.23385824,-0.01770074
-1.23353824,0.00006104
-1.23321824,0.00006104
-1.23289824,0.00006104
-1.23257824,0.00006104
-1.23225824,0.00006104
-1.23193824,0.00006104
-1.23161824,0.00006104
-1.23129824,0.00006104
-1.23097824,0.00006104
-1.23065824,0.00006104
-1.23033824,0.00006104
-1.23001824,0.00006104
-1.22969824,0.00006104
-1.22937824,0.00006104
-1.22905824,0.00006104
-1.22873824,0.00006104
-1.22841824,0.00006104
-1.22809824,0.00006104
-1.22777824,0.00006104
-1.22745824,0.00006104
-1.22713824,0.00006104
-1.22681824,0.00006104
-1.22649824,-0.01770074
-1.22617824,-0.01770074
-1.22585824,0.00006104
-1.22553824,-0.01770074
-1.22521824,0.00006104
-1.22489824,0.00006104
-1.22457824,0.00006104
-1.22425824,0.00006104
-1.22393824,0.00006104
-1.22361824,-0.01770074
-1.22329824,0.00006104
-1.22297824,0.00006104
-1.22265824,0.00006104
-1.22233824,0.00006104
-1.22201824,0.00006104
-1.22169824,0.00006104
-1.22137824,0.00006104
-1.22105824,0.00006104
-1.22073824,0.00006104
-1.22041824,0.00006104
-1.22009824,0.00006104
-1.21977824,0.00006104
-1.21945824,0.00006104
-1.21913824,0.00006104
-1.21881824,0.00006104
-1.21849824,0.00006104
-1.21817824,0.00006104
-1.21785824,0.00006104
-1.21753824,0.00006104
-1.21721824,0.00006104
-1.21689824,-0.01770074
-1.21657824,0.00006104
-1.21625824,0.00006104
-1.21593824,0.00006104
-1.21561824,0.00006104
-1.21529824,0.00006104
-1.21497824,0.00006104
-1.21465824,0.00006104
-1.21433824,0.00006104
-1.21401824,0.00006104
-1.21369824,0.00006104
-1.21337824,0.00006104
-1.21305824,0.00006104
-1.21273824,0.00006104
-1.21241824,0.00006104
-1.21209824,0.00006104
-1.21177824,0.00006104
-1.21145824,0.00006104
-1.21113824,0.00006104
-1.21081824,-0.01770074
-1.21049824,0.00006104
-1.21017824,0.00006104
-1.20985824,0.00006104
-1.20953824,0.00006104
-1.20921824,-0.01770074
-1.20889824,0.00006104
-1.20857824,0.00006104
-1.20825824,0.00006104
-1.20793824,0.00006104
-1.20761824,0.00006104
-1.20729824,0.00006104
-1.20697824,0.00006104
-1.20665824,0.00006104
-1.20633824,0.00006104
-1.20601824,0.00006104
-1.20569824,0.00006104
-1.20537824,0.00006104
-1.20505824,0.00006104
-1.20473824,0.00006104
-1.20441824,0.00006104
-1.20409824,0.00006104
-1.20377824,-0.01770074
-1.20345824,0.00006104
-1.20313824,0.00006104
-1.20281824,0.00006104
-1.20249824,-0.01770074
-1.20217824,0.00006104
-1.20185824,0.00006104
-1.20153824,0.00006104
-1.20121824,0.00006104
-1.20089824,-0.01770074
-1.20057824,0.00006104
-1.20025824,0.00006104
-1.19993824,0.00006104
-1.19961824,0.00006104
-1.19929824,0.00006104
-1.19897824,0.00006104
-1.19865824,0.00006104
-1.19833824,0.00006104
-1.19801824,0.00006104
-1.19769824,0.00006104
-1.19737824,0.00006104
-1.19705824,0.00006104
-1.19673824,0.00006104
-1.19641824,0.00006104
-1.19609824,0.00006104
-1.19577824,-0.01770074
-1.19545824,0.00006104
-1.19513824,0.00006104
-1.19481824,0.00006104
-1.19449824,0.00006104
-1.19417824,0.00006104
-1.19385824,0.00006104
-1.19353824,0.00006104
-1.19321824,0.00006104
-1.19289824,0.00006104
-1.19257824,0.00006104
-1.19225824,-0.01770074
-1.19193824,0.00006104
-1.19161824,0.00006104
-1.19129824,0.00006104
-1.19097824,0.00006104
-1.19065824,0.00006104
-1.19033824,0.00006104
-1.19001824,0.00006104
-1.18969824,0.00006104
-1.18937824,0.00006104
-1.18905824,0.00006104
-1.18873824,0.00006104
-1.18841824,0.00006104
-1.18809824,0.00006104
-1.18777824,0.00006104
-1.18745824,0.00006104
-1.18713824,0.00006104
-1.18681824,0.00006104
-1.18649824,0.00006104
-1.18617824,0.00006104
-1.18585824,0.00006104
-1.18553824,0.00006104
-1.18521824,0.00006104
-1.18489824,0.00006104
-1.18457824,0.00006104
-1.18425824,0.00006104
-1.18393824,0.00006104
-1.18361824,0.00006104
-1.18329824,0.00006104
-1.18297824,0.00006104
-1.18265824,0.00006104
-1.18233824,0.00006104
-1.18201824,0.00006104
-1.18169824,0.00006104
-1.18137824,0.00006104
-1.18105824,0.00006104
-1.18073824,0.00006104
-1.18041824,0.00006104
-1.18009824,0.00006104
-1.17977824,0.00006104
-1.17945824,0.00006104
-1.17913824,0.00006104
-1.17881824,0.00006104
-1.17849824,0.00006104
-1.17817824,0.00006104
-1.17785824,0.00006104
-1.17753824,0.00006104
-1.17721824,0.00006104
-1.17689824,0.00006104
-1.17657824,0.00006104
-1.17625824,0.00006104
-1.17593824,-0.01770074
-1.17561824,0.00006104
-1.17529824,0.00006104
-1.17497824,0.00006104
-1.17465824,0.00006104
-1.17433824,0.00006104
-1.17401824,0.00006104
-1.17369824,0.00006104
-1.17337824,0.00006104
-1.17305824,0.00006104
-1.17273824,0.00006104
-1.17241824,0.00006104
-1.17209824,0.00006104
-1.17177824,-0.01770074
-1.17145824,0.00006104
-1.17113824,0.00006104
-1.17081824,0.00006104
-1.17049824,0.00006104
-1.17017824,0.00006104
-1.16985824,0.00006104
-1.16953824,0.00006104
-1.16921824,0.00006104
-1.16889824,-0.01770074
-1.16857824,0.00006104
-1.16825824,0.00006104
-1.16793824,0.00006104
-1.16761824,0.00006104
-1.16729824,0.00006104
-1.16697824,0.00006104
-1.16665824,0.00006104
-1.16633824,0.00006104
-1.16601824,0.00006104
-1.16569824,0.00006104
-1.16537824,0.00006104
-1.16505824,0.00006104
-1.16473824,0.00006104
-1.16441824,0.00006104
-1.16409824,0.00006104
-1.16377824,-0.01770074
-1.16345824,0.00006104
-1.16313824,0.00006104
-1.16281824,0.00006104
-1.16249824,0.00006104
-1.16217824,0.00006104
-1.16185824,0.00006104
-1.16153824,0.00006104
-1.16121824,0.00006104
-1.16089824,0.00006104
-1.16057824,-0.01770074
-1.16025824,0.00006104
-1.15993824,0.00006104
-1.15961824,0.00006104
-1.15929824,0.00006104
-1.15897824,0.00006104
-1.15865824,0.00006104
-1.15833824,0.00006104
-1.15801824,0.00006104
-1.15769824,0.00006104
-1.15737824,-0.01770074
-1.15705824,0.00006104
-1.15673824,0.00006104
-1.15641824,0.00006104
-1.15609824,0.00006104
-1.15577824,0.00006104
-1.15545824,0.00006104
-1.15513824,-0.01770074
-1.15481824,0.00006104
-1.15449824,0.00006104
-1.15417824,0.00006104
-1.15385824,0.00006104
-1.15353824,0.00006104
-1.15321824,-0.01770074
-1.15289824,0.00006104
-1.15257824,0.00006104
-1.15225824,0.00006104
-1.15193824,0.00006104
-1.15161824,-0.01770074
-1.15129824,0.00006104
-1.15097824,0.00006104
-1.15065824,0.00006104
-1.15033824,0.00006104
-1.15001824,0.00006104
-1.14969824,-0.01770074
-1.14937824,0.00006104
-1.14905824,0.00006104
-1.14873824,0.00006104
-1.14841824,0.00006104
-1.14809824,0.00006104
-1.14777824,0.00006104
-1.14745824,0.00006104
-1.14713824,0.00006104
-1.14681824,-0.01770074
-1.14649824,0.00006104
-1.14617824,0.00006104
-1.14585824,0.00006104
-1.14553824,0.00006104
-1.14521824,-0.01770074
-1.14489824,0.00006104
-1.14457824,0.00006104
-1.14425824,0.00006104
-1.14393824,0.00006104
-1.14361824,0.00006104
-1.14329824,0.00006104
-1.14297824,-0.01770074
-1.14265824,0.00006104
-1.14233824,0.00006104
-1.14201824,-0.01770074
-1.14169824,0.00006104
-1.14137824,0.00006104
-1.14105824,-0.01770074
-1.14073824,0.00006104
-1.14041824,0.00006104
-1.14009824,-0.01770074
-1.13977824,0.00006104
-1.13945824,0.00006104
-1.13913824,0.00006104
-1.13881824,0.00006104
-1.13849824,0.00006104
-1.13817824,-0.01770074
-1.13785824,0.00006104
-1.13753824,0.00006104
-1.13721824,-0.01770074
-1.13689824,0.00006104
-1.13657824,0.00006104
-1.13625824,0.00006104
-1.13593824,0.00006104
-1.13561824,0.00006104
-1.13529824,0.00006104
-1.13497824,0.00006104
-1.13465824,0.00006104
-1.13433824,0.00006104
-1.13401824,-0.01770074
-1.13369824,0.00006104
-1.13337824,0.00006104
-1.13305824,0.00006104
-1.13273824,0.00006104
-1.13241824,0.00006104
-1.13209824,0.00006104
-1.13177824,-0.01770074
-1.13145824,0.00006104
-1.13113824,0.00006104
-1.13081824,0.00006104
-1.13049824,0.00006104
-1.13017824,0.00006104
-1.12985824,0.00006104
-1.12953824,0.00006104
-1.12921824,0.00006104
-1.12889824,0.00006104
-1.12857824,0.00006104
-1.12825824,0.00006104
-1.12793824,0.00006104
-1.12761824,0.00006104
-1.12729824,0.00006104
-1.12697824,-0.01770074
-1.12665824,0.00006104
-1.12633824,0.00006104
-1.12601824,-0.01770074
-1.12569824,0.00006104
-1.12537824,0.00006104
-1.12505824,0.00006104
-1.12473824,0.00006104
-1.12441824,0.00006104
-1.12409824,0.00006104
-1.12377824,0.00006104
-1.12345824,0.00006104
-1.12313824,0.00006104
-1.12281824,0.00006104
-1.12249824,0.00006104
-1.12217824,0.00006104
-1.12185824,0.00006104
-1.12153824,0.00006104
-1.12121824,0.00006104
-1.12089824,0.00006104
-1.12057824,0.00006104
-1.12025824,-0.01770074
-1.11993824,0.00006104
-1.11961824,-0.01770074
-1.11929824,0.00006104
-1.11897824,0.00006104
-1.11865824,0.00006104
-1.11833824,0.00006104
-1.11801824,0.00006104
-1.11769824,0.00006104
-1.11737824,0.00006104
-1.11705824,0.00006104
-1.11673824,0.00006104
-1.11641824,0.00006104
-1.11609824,0.00006104
-1.11577824,0.00006104
-1.11545824,0.00006104
-1.11513824,0.00006104
-1.11481824,-0.01770074
-1.11449824,0.00006104
-1.11417824,0.00006104
-1.11385824,0.00006104
-1.11353824,-0.01770074
-1.11321824,0.00006104
-1.11289824,0.00006104
-1.11257824,0.00006104
-1.11225824,0.00006104
-1.11193824,0.00006104
-1.11161824,0.00006104
-1.11129824,0.00006104
-1.11097824,0.00006104
-1.11065824,0.00006104
-1.11033824,0.00006104
-1.11001824,-0.01770074
-1.10969824,0.00006104
-1.10937824,0.00006104
-1.10905824,-0.01770074
-1.10873824,0.00006104
-1.10841824,0.00006104
-1.10809824,0.00006104
-1.10777824,0.00006104
-1.10745824,0.00006104
-1.10713824,0.00006104
-1.10681824,0.00006104
-1.10649824,0.00006104
-1.10617824,0.00006104
-1.10585824,0.00006104
-1.10553824,-0.01770074
-1.10521824,0.00006104
-1.10489824,0.00006104
-1.10457824,0.00006104
-1.10425824,0.00006104
-1.10393824,0.00006104
-1.10361824,0.00006104
-1.10329824,0.00006104
-1.10297824,0.00006104
-1.10265824,0.00006104
-1.10233824,0.00006104
-1.10201824,0.00006104
-1.10169824,0.00006104
-1.10137824,0.00006104
-1.10105824,0.00006104
-1.10073824,0.00006104
-1.10041824,-0.01770074
-1.10009824,0.00006104
-1.09977824,0.00006104
-1.09945824,0.00006104
-1.09913824,0.00006104
-1.09881824,0.00006104
-1.09849824,0.00006104
-1.09817824,0.00006104
-1.09785824,-0.01770074
-1.09753824,-0.01770074
-1.09721824,0.00006104
-1.09689824,0.00006104
-1.09657824,0.00006104
-1.09625824,0.00006104
-1.09593824,0.00006104
-1.09561824,0.00006104
-1.09529824,0.00006104
-1.09497824,0.00006104
-1.09465824,0.00006104
-1.09433824,0.00006104
-1.09401824,0.00006104
-1.09369824,0.00006104
-1.09337824,0.00006104
-1.09305824,0.00006104
-1.09273824,0.00006104
-1.09241824,0.00006104
-1.09209824,-0.01770074
-1.09177824,-0.01770074
-1.09145824,0.00006104
-1.09113824,0.00006104
-1.09081824,0.00006104
-1.09049824,-0.01770074
-1.09017824,0.00006104
-1.08985824,0.00006104
-1.08953824,0.00006104
-1.08921824,0.00006104
-1.08889824,0.00006104
-1.08857824,0.00006104
-1.08825824,0.00006104
-1.08793824,0.00006104
-1.08761824,0.00006104
-1.08729824,0.00006104
-1.08697824,-0.01770074
-1.08665824,0.00006104
-1.08633824,0.00006104
-1.08601824,0.00006104
-1.08569824,-0.01770074
-1.08537824,0.00006104
-1.08505824,0.00006104
-1.08473824,0.00006104
-1.08441824,0.00006104
-1.08409824,-0.01770074
-1.08377824,0.00006104
-1.08345824,0.00006104
-1.08313824,0.00006104
-1.08281824,0.00006104
-1.08249824,0.00006104
-1.08217824,0.00006104
-1.08185824,-0.01770074
-1.08153824,0.00006104
-1.08121824,0.00006104
-1.08089824,0.00006104
-1.08057824,0.00006104
-1.08025824,0.00006104
-1.07993824,0.00006104
-1.07961824,0.00006104
-1.07929824,0.00006104
-1.07897824,0.00006104
-1.07865824,0.00006104
-1.07833824,0.00006104
-1.07801824,0.00006104
-1.07769824,0.00006104
-1.07737824,0.00006104
-1.07705824,0.00006104
-1.07673824,0.00006104
-1.07641824,0.00006104
-1.07609824,0.00006104
-1.07577824,0.00006104
-1.07545824,0.00006104
-1.07513824,-0.01770074
-1.07481824,0.00006104
-1.07449824,0.00006104
-1.07417824,0.00006104
-1.07385824,0.00006104
-1.07353824,-0.01770074
-1.07321824,0.00006104
-1.07289824,0.00006104
-1.07257824,0.00006104
-1.07225824,0.00006104
-1.07193824,0.00006104
-1.07161824,-0.01770074
-1.07129824,-0.01770074
-1.07097824,0.00006104
-1.07065824,0.00006104
-1.07033824,0.00006104
-1.07001824,0.00006104
-1.06969824,-0.01770074
-1.06937824,-0.01770074
-1.06905824,-0.01770074
-1.06873824,0.00006104
-1.06841824,0.00006104
-1.06809824,0.00006104
-1.06777824,0.00006104
-1.06745824,0.00006104
-1.06713824,0.00006104
-1.06681824,0.00006104
-1.06649824,0.00006104
-1.06617824,0.00006104
-1.06585824,0.00006104
-1.06553824,0.00006104
-1.06521824,0.00006104
-1.06489824,0.00006104
-1.06457824,0.00006104
-1.06425824,-0.01770074
-1.06393824,0.00006104
-1.06361824,0.00006104
-1.06329824,0.00006104
-1.06297824,0.00006104
-1.06265824,0.00006104
-1.06233824,0.00006104
-1.06201824,0.00006104
-1.06169824,-0.01770074
-1.06137824,0.00006104
-1.06105824,0.00006104
-1.06073824,0.00006104
-1.06041824,0.00006104
-1.06009824,0.00006104
-1.05977824,0.00006104
-1.05945824,0.00006104
-1.05913824,0.00006104
-1.05881824,0.00006104
-1.05849824,0.00006104
-1.05817824,0.00006104
-1.05785824,0.00006104
-1.05753824,0.00006104
-1.05721824,0.00006104
-1.05689824,0.00006104
-1.05657824,0.00006104
-1.05625824,0.00006104
-1.05593824,0.00006104
-1.05561824,0.00006104
-1.05529824,-0.01770074
-1.05497824,0.00006104
-1.05465824,0.00006104
-1.05433824,0.00006104
-1.05401824,0.00006104
-1.05369824,0.00006104
-1.05337824,0.00006104
-1.05305824,0.00006104
-1.05273824,0.00006104
-1.05241824,0.00006104
-1.05209824,0.00006104
-1.05177824,0.00006104
-1.05145824,0.00006104
-1.05113824,0.00006104
-1.05081824,0.00006104
-1.05049824,0.00006104
-1.05017824,0.00006104
-1.04985824,0.00006104
-1.04953824,0.00006104
-1.04921824,0.00006104
-1.04889824,0.00006104
-1.04857824,0.00006104
-1.04825824,0.00006104
-1.04793824,0.00006104
-1.04761824,0.00006104
-1.04729824,0.00006104
-1.04697824,0.00006104
-1.04665824,0.00006104
-1.04633824,0.00006104
-1.04601824,0.00006104
-1.04569824,0.00006104
-1.04537824,0.00006104
-1.04505824,0.00006104
-1.04473824,0.00006104
-1.04441824,0.00006104
-1.04409824,0.00006104
-1.04377824,0.00006104
-1.04345824,0.00006104
-1.04313824,0.00006104
-1.04281824,0.00006104
-1.04249824,0.00006104
-1.04217824,0.00006104
-1.04185824,-0.01770074
-1.04153824,0.00006104
-1.04121824,0.00006104
-1.04089824,0.00006104
-1.04057824,0.00006104
-1.04025824,0.00006104
-1.03993824,0.00006104
-1.03961824,0.00006104
-1.03929824,0.00006104
-1.03897824,0.00006104
-1.03865824,0.00006104
-1.03833824,0.00006104
-1.03801824,0.00006104
-1.03769824,-0.01770074
-1.03737824,0.00006104
-1.03705824,0.00006104
-1.03673824,0.00006104
-1.03641824,0.00006104
-1.03609824,0.00006104
-1.03577824,0.00006104
-1.03545824,0.00006104
-1.03513824,0.00006104
-1.03481824,0.00006104
-1.03449824,0.00006104
-1.03417824,0.00006104
-1.03385824,0.00006104
-1.03353824,0.00006104
-1.03321824,0.00006104
-1.03289824,0.00006104
-1.03257824,0.00006104
-1.03225824,0.00006104
-1.03193824,0.00006104
-1.03161824,0.00006104
-1.03129824,0.00006104
-1.03097824,0.00006104
-1.03065824,0.00006104
-1.03033824,0.00006104
-1.03001824,0.00006104
-1.02969824,-0.01770074
-1.02937824,0.00006104
-1.02905824,-0.01770074
-1.02873824,0.00006104
-1.02841824,0.00006104
-1.02809824,-0.01770074
-1.02777824,0.00006104
-1.02745824,0.00006104
-1.02713824,0.00006104
-1.02681824,0.00006104
-1.02649824,0.00006104
-1.02617824,0.00006104
-1.02585824,0.00006104
-1.02553824,0.00006104
-1.02521824,0.00006104
-1.02489824,0.00006104
-1.02457824,0.00006104
-1.02425824,0.00006104
-1.02393824,0.00006104
-1.02361824,0.00006104
-1.02329824,0.00006104
-1.02297824,0.00006104
-1.02265824,0.00006104
-1.02233824,0.00006104
-1.02201824,0.00006104
-1.02169824,0.00006104
-1.02137824,-0.01770074
-1.02105824,0.00006104
-1.02073824,0.00006104
-1.02041824,0.00006104
-1.02009824,0.00006104
-1.01977824,0.00006104
-1.01945824,0.00006104
-1.01913824,0.00006104
-1.01881824,0.00006104
-1.01849824,0.00006104
-1.01817824,0.00006104
-1.01785824,0.00006104
-1.01753824,0.00006104
-1.01721824,0.00006104
-1.01689824,0.00006104
-1.01657824,0.00006104
-1.01625824,0.00006104
-1.01593824,0.00006104
-1.01561824,0.00006104
-1.01529824,0.00006104
-1.01497824,0.00006104
-1.01465824,0.00006104
-1.01433824,0.00006104
-1.01401824,0.00006104
-1.01369824,0.00006104
-1.01337824,0.00006104
-1.01305824,0.00006104
-1.01273824,-0.01770074
-1.01241824,0.00006104
-1.01209824,0.00006104
-1.01177824,0.00006104
-1.01145824,0.00006104
-1.01113824,0.00006104
-1.01081824,0.00006104
-1.01049824,0.00006104
-1.01017824,0.00006104
-1.00985824,0.00006104
-1.00953824,0.00006104
-1.00921824,0.00006104
-1.00889824,0.00006104
-1.00857824,0.00006104
-1.00825824,0.00006104
-1.00793824,0.00006104
-1.00761824,0.00006104
-1.00729824,0.00006104
-1.00697824,0.00006104
-1.00665824,0.00006104
-1.00633824,0.00006104
-1.00601824,0.00006104
-1.00569824,0.00006104
-1.00537824,0.00006104
-1.00505824,0.00006104
-1.00473824,0.00006104
-1.00441824,0.00006104
-1.00409824,0.00006104
-1.00377824,0.00006104
-1.00345824,0.00006104
-1.00313824,0.00006104
-1.00281824,0.00006104
-1.00249824,0.00006104
-1.00217824,0.00006104
-1.00185824,1.94030583
-1.00153824,-0.07110813
-1.00121824,-0.64076662
-1.00089824,-0.33814508
-1.00057824,-0.07110813
-1.00025824,0.00006104
-0.99993824,0.00006104
-0.99961824,0.00006104
-0.99929824,-0.03552354
-0.99897824,-0.05334635
-0.99865824,-0.96114993
-0.99833824,-0.97897273
-0.99801824,-0.08893093
-0.99769824,0.10687582
-0.99737824,-0.07110813
-0.99705824,-0.07110813
-0.99673824,0.00006104
-0.99641824,0.03570665
-0.99609824,0.03570665
-0.99577824,0.01788385
-0.99545824,0.00006104
-0.99513824,0.01788385
-0.99481824,0.01788385
-0.99449824,0.03570665
-0.99417824,0.03570665
-0.99385824,0.03570665
-0.99353824,0.01788385
-0.99321824,0.00006104
-0.99289824,0.00006104
-0.99257824,0.01788385
-0.99225824,0.01788385
-0.99193824,0.03570665
-0.99161824,0.05346843
-0.99129824,0.05346843
-0.99097824,0.07129124
-0.99065824,0.05346843
-0.99033824,0.05346843
-0.99001824,0.07129124
-0.98969824,0.03570665
-0.98937824,0.05346843
-0.98905824,0.08911405
-0.98873824,0.07129124
-0.98841824,0.03570665
-0.98809824,0.03570665
-0.98777824,0.03570665
-0.98745824,0.03570665
-0.98713824,0.00006104
-0.98681824,-0.01770074
-0.98649824,-0.01770074
-0.98617824,-0.03552354
-0.98585824,0.01788385
-0.98553824,0.01788385
-0.98521824,0.00006104
-0.98489824,0.05346843
-0.98457824,0.00006104
-0.98425824,-0.03552354
-0.98393824,0.03570665
-0.98361824,-0.03552354
-0.98329824,0.00006104
-0.98297824,0.05346843
-0.98265824,0.01788385
-0.98233824,0.01788385
-0.98201824,0.03570665
-0.98169824,0.03570665
-0.98137824,0.01788385
-0.98105824,0.01788385
-0.98073824,0.01788385
-0.98041824,0.01788385
-0.98009824,0.01788385
-0.97977824,0.03570665
-0.97945824,0.01788385
-0.97913824,0.00006104
-0.97881824,0.01788385
-0.97849824,0.01788385
-0.97817824,0.01788385
-0.97785824,0.01788385
-0.97753824,-0.01770074
-0.97721824,0.00006104
-0.97689824,0.01788385
-0.97657824,0.01788385
-0.97625824,0.00006104
-0.97593824,0.01788385
-0.97561824,0.01788385
-0.97529824,0.00006104
-0.97497824,0.01788385
-0.97465824,0.00006104
-0.97433824,0.00006104
-0.97401824,0.01788385
-0.97369824,0.00006104
-0.97337824,0.00006104
-0.97305824,0.01788385
-0.97273824,0.01788385
-0.97241824,0.00006104
-0.97209824,0.00006104
-0.97177824,0.00006104
-0.97145824,0.00006104
-0.97113824,0.00006104
-0.97081824,0.00006104
-0.97049824,-0.01770074
-0.97017824,0.00006104
-0.96985824,0.00006104
-0.96953824,0.00006104
-0.96921824,0.00006104
-0.96889824,0.01788385
-0.96857824,0.01788385
-0.96825824,0.01788385
-0.96793824,0.00006104
-0.96761824,0.00006104
-0.96729824,0.01788385
-0.96697824,0.01788385
-0.96665824,0.00006104
-0.96633824,0.00006104
-0.96601824,0.00006104
-0.96569824,0.01788385
-0.96537824,0.00006104
-0.96505824,0.00006104
-0.96473824,0.00006104
-0.96441824,0.00006104
-0.96409824,0.00006104
-0.96377824,0.00006104
-0.96345824,0.00006104
-0.96313824,0.00006104
-0.96281824,0.01788385
-0.96249824,0.00006104
-0.96217824,0.00006104
-0.96185824,0.00006104
-0.96153824,0.00006104
-0.96121824,0.00006104
-0.96089824,0.00006104
-0.96057824,0.00006104
-0.96025824,0.01788385
-0.95993824,0.00006104
-0.95961824,0.00006104
-0.95929824,0.00006104
-0.95897824,0.00006104
-0.95865824,0.00006104
-0.95833824,0.00006104
-0.95801824,0.00006104
-0.95769824,0.00006104
-0.95737824,0.00006104
-0.95705824,0.01788385
-0.95673824,0.00006104
-0.95641824,0.01788385
-0.95609824,0.01788385
-0.95577824,0.00006104
-0.95545824,0.00006104
-0.95513824,0.00006104
-0.95481824,0.00006104
-0.95449824,0.00006104
-0.95417824,0.00006104
-0.95385824,0.00006104
-0.95353824,0.00006104
-0.95321824,0.00006104
-0.95289824,-0.01770074
-0.95257824,0.00006104
-0.95225824,0.00006104
-0.95193824,-0.01770074
-0.95161824,0.00006104
-0.95129824,0.00006104
-0.95097824,0.00006104
-0.95065824,0.00006104
-0.95033824,0.00006104
-0.95001824,0.00006104
-0.94969824,0.00006104
-0.94937824,0.01788385
-0.94905824,0.00006104
-0.94873824,0.00006104
-0.94841824,0.00006104
-0.94809824,0.00006104
-0.94777824,0.00006104
-0.94745824,0.00006104
-0.94713824,0.00006104
-0.94681824,0.00006104
-0.94649824,0.00006104
-0.94617824,0.00006104
-0.94585824,0.00006104
-0.94553824,0.00006104
-0.94521824,0.00006104
-0.94489824,0.00006104
-0.94457824,0.00006104
-0.94425824,0.00006104
-0.94393824,0.00006104
-0.94361824,0.00006104
-0.94329824,0.00006104
-0.94297824,0.00006104
-0.94265824,0.00006104
-0.94233824,0.00006104
-0.94201824,0.00006104
-0.94169824,0.00006104
-0.94137824,0.00006104
-0.94105824,0.00006104
-0.94073824,0.00006104
-0.94041824,0.00006104
-0.94009824,0.00006104
-0.93977824,0.00006104
-0.93945824,0.00006104
-0.93913824,0.00006104
-0.93881824,0.00006104
-0.93849824,0.00006104
-0.93817824,0.00006104
-0.93785824,0.00006104
-0.93753824,0.00006104
-0.93721824,0.00006104
-0.93689824,0.00006104
-0.93657824,0.00006104
-0.93625824,0.00006104
-0.93593824,0.00006104
-0.93561824,0.00006104
-0.93529824,0.00006104
-0.93497824,0.00006104
-0.93465824,0.00006104
-0.93433824,0.00006104
-0.93401824,0.00006104
-0.93369824,0.00006104
-0.93337824,0.00006104
-0.93305824,0.00006104
-0.93273824,0.00006104
-0.93241824,0.00006104
-0.93209824,0.00006104
-0.93177824,0.00006104
-0.93145824,0.00006104
-0.93113824,0.00006104
-0.93081824,0.00006104
-0.93049824,0.00006104
-0.93017824,0.00006104
-0.92985824,0.00006104
-0.92953824,0.00006104
-0.92921824,0.00006104
-0.92889824,0.00006104
-0.92857824,0.00006104
-0.92825824,0.00006104
-0.92793824,0.00006104
-0.92761824,0.00006104
-0.92729824,0.00006104
-0.92697824,0.00006104
-0.92665824,0.00006104
-0.92633824,0.00006104
-0.92601824,0.00006104
-0.92569824,0.00006104
-0.92537824,0.00006104
-0.92505824,0.00006104
-0.92473824,0.00006104
-0.92441824,0.00006104
-0.92409824,0.00006104
-0.92377824,0.00006104
-0.92345824,0.00006104
-0.92313824,0.00006104
-0.92281824,0.00006104
-0.92249824,0.00006104
-0.92217824,0.00006104
-0.92185824,0.00006104
-0.92153824,0.00006104
-0.92121824,0.00006104
-0.92089824,0.00006104
-0.92057824,0.00006104
-0.92025824,0.00006104
-0.91993824,-0.01770074
-0.91961824,0.00006104
-0.91929824,0.00006104
-0.91897824,0.00006104
-0.91865824,0.00006104
-0.91833824,0.00006104
-0.91801824,0.00006104
-0.91769824,0.00006104
-0.91737824,0.00006104
-0.91705824,0.00006104
-0.91673824,0.00006104
-0.91641824,0.00006104
-0.91609824,0.00006104
-0.91577824,0.00006104
-0.91545824,0.00006104
-0.91513824,0.00006104
-0.91481824,-0.01770074
-0.91449824,0.00006104
-0.91417824,0.00006104
-0.91385824,0.00006104
-0.91353824,0.00006104
-0.91321824,0.00006104
-0.91289824,0.00006104
-0.91257824,0.00006104
-0.91225824,0.00006104
-0.91193824,0.00006104
-0.91161824,0.00006104
-0.91129824,0.00006104
-0.91097824,-0.01770074
-0.91065824,0.00006104
-0.91033824,0.00006104
-0.91001824,0.00006104
-0.90969824,0.00006104
-0.90937824,0.00006104
-0.90905824,0.00006104
-0.90873824,0.00006104
-0.90841824,0.00006104
-0.90809824,0.00006104
-0.90777824,-0.01770074
-0.90745824,-0.01770074
-0.90713824,0.00006104
-0.90681824,0.00006104
-0.90649824,0.00006104
-0.90617824,0.00006104
-0.90585824,0.00006104
-0.90553824,0.00006104
-0.90521824,0.00006104
-0.90489824,-0.01770074
-0.90457824,0.00006104
-0.90425824,0.00006104
-0.90393824,0.00006104
-0.90361824,0.00006104
-0.90329824,-0.01770074
-0.90297824,0.00006104
-0.90265824,0.00006104
-0.90233824,-0.01770074
-0.90201824,0.00006104
-0.90169824,0.00006104
-0.90137824,0.00006104
-0.90105824,0.00006104
-0.90073824,0.00006104
-0.90041824,0.00006104
-0.90009824,0.00006104
-0.89977824,-0.01770074
-0.89945824,0.00006104
-0.89913824,0.00006104
-0.89881824,0.00006104
-0.89849824,0.00006104
-0.89817824,-0.01770074
-0.89785824,0.00006104
-0.89753824,0.00006104
-0.89721824,0.00006104
-0.89689824,0.00006104
-0.89657824,0.00006104
-0.89625824,0.00006104
-0.89593824,0.00006104
-0.89561824,0.00006104
-0.89529824,0.00006104
-0.89497824,0.00006104
-0.89465824,-0.01770074
-0.89433824,-0.01770074
-0.89401824,-0.01770074
-0.89369824,0.00006104
-0.89337824,0.00006104
-0.89305824,0.00006104
-0.89273824,-0.01770074
-0.89241824,0.00006104
-0.89209824,0.00006104
-0.89177824,0.00006104
-0.89145824,0.00006104
-0.89113824,0.00006104
-0.89081824,0.00006104
-0.89049824,0.00006104
-0.89017824,0.00006104
-0.88985824,0.00006104
-0.88953824,0.00006104
-0.88921824,0.00006104
-0.88889824,0.00006104
-0.88857824,-0.01770074
-0.88825824,0.00006104
-0.88793824,0.00006104
-0.88761824,0.00006104
-0.88729824,0.00006104
-0.88697824,0.00006104
-0.88665824,-0.01770074
-0.88633824,0.00006104
-0.88601824,0.00006104
-0.88569824,0.00006104
-0.88537824,0.00006104
-0.88505824,0.00006104
-0.88473824,0.00006104
-0.88441824,0.00006104
-0.88409824,0.00006104
-0.88377824,0.00006104
-0.88345824,0.00006104
-0.88313824,0.00006104
-0.88281824,0.00006104
-0.88249824,0.00006104
-0.88217824,0.00006104
-0.88185824,0.00006104
-0.88153824,0.00006104
-0.88121824,0.00006104
-0.88089824,0.00006104
-0.88057824,0.00006104
-0.88025824,0.00006104
-0.87993824,0.00006104
-0.87961824,-0.01770074
-0.87929824,0.00006104
-0.87897824,0.00006104
-0.87865824,-0.01770074
-0.87833824,0.00006104
-0.87801824,0.00006104
-0.87769824,-0.01770074
-0.87737824,0.00006104
-0.87705824,0.00006104
-0.87673824,0.00006104
-0.87641824,0.00006104
-0.87609824,0.00006104
-0.87577824,0.00006104
-0.87545824,0.00006104
-0.87513824,0.00006104
-0.87481824,0.00006104
-0.87449824,0.00006104
-0.87417824,0.00006104
-0.87385824,0.00006104
-0.87353824,0.00006104
-0.87321824,0.00006104
-0.87289824,0.00006104
-0.87257824,0.00006104
-0.87225824,0.00006104
-0.87193824,0.00006104
-0.87161824,0.00006104
-0.87129824,0.00006104
-0.87097824,-0.01770074
-0.87065824,0.00006104
-0.87033824,0.00006104
-0.87001824,0.00006104
-0.86969824,0.00006104
-0.86937824,0.00006104
-0.86905824,0.00006104
-0.86873824,0.00006104
-0.86841824,0.00006104
-0.86809824,0.00006104
-0.86777824,0.00006104
-0.86745824,0.00006104
-0.86713824,0.00006104
-0.86681824,-0.01770074
-0.86649824,0.00006104
-0.86617824,0.00006104
-0.86585824,0.00006104
-0.86553824,0.00006104
-0.86521824,0.00006104
-0.86489824,0.00006104
-0.86457824,0.00006104
-0.86425824,0.00006104
-0.86393824,0.00006104
-0.86361824,0.00006104
-0.86329824,0.00006104
-0.86297824,0.00006104
-0.86265824,0.00006104
-0.86233824,0.00006104
-0.86201824,0.00006104
-0.86169824,0.00006104
-0.86137824,0.00006104
-0.86105824,-0.01770074
-0.86073824,0.00006104
-0.86041824,0.00006104
-0.86009824,0.00006104
-0.85977824,0.00006104
-0.85945824,0.00006104
-0.85913824,0.00006104
-0.85881824,0.00006104
-0.85849824,0.00006104
-0.85817824,0.00006104
-0.85785824,0.00006104
-0.85753824,0.00006104
-0.85721824,0.00006104
-0.85689824,0.00006104
-0.85657824,0.00006104
-0.85625824,0.00006104
-0.85593824,0.00006104
-0.85561824,0.00006104
-0.85529824,0.00006104
-0.85497824,0.00006104
-0.85465824,0.00006104
-0.85433824,0.00006104
-0.85401824,0.00006104
-0.85369824,0.00006104
-0.85337824,0.00006104
-0.85305824,0.00006104
-0.85273824,0.00006104
-0.85241824,0.00006104
-0.85209824,0.00006104
-0.85177824,0.00006104
-0.85145824,0.00006104
-0.85113824,0.00006104
-0.85081824,0.00006104
-0.85049824,0.00006104
-0.85017824,0.00006104
-0.84985824,0.00006104
-0.84953824,0.00006104
-0.84921824,0.00006104
-0.84889824,0.00006104
-0.84857824,0.00006104
-0.84825824,0.00006104
-0.84793824,0.00006104
-0.84761824,0.00006104
-0.84729824,0.00006104
-0.84697824,0.00006104
-0.84665824,0.00006104
-0.84633824,0.00006104
-0.84601824,0.00006104
-0.84569824,0.00006104
-0.84537824,0.00006104
-0.84505824,0.00006104
-0.84473824,0.00006104
-0.84441824,0.00006104
-0.84409824,0.00006104
-0.84377824,0.00006104
-0.84345824,0.00006104
-0.84313824,0.00006104
-0.84281824,-0.01770074
-0.84249824,0.00006104
-0.84217824,-0.01770074
-0.84185824,0.00006104
-0.84153824,0.00006104
-0.84121824,0.00006104
-0.84089824,0.00006104
-0.84057824,0.00006104
-0.84025824,0.00006104
-0.83993824,0.00006104
-0.83961824,0.00006104
-0.83929824,0.00006104
-0.83897824,0.00006104
-0.83865824,0.00006104
-0.83833824,0.00006104
-0.83801824,0.00006104
-0.83769824,0.00006104
-0.83737824,0.00006104
-0.83705824,-0.01770074
-0.83673824,0.00006104
-0.83641824,0.00006104
-0.83609824,0.00006104
-0.83577824,0.00006104
-0.83545824,0.00006104
-0.83513824,0.00006104
-0.83481824,0.00006104
-0.83449824,0.00006104
-0.83417824,0.00006104
-0.83385824,0.00006104
-0.83353824,0.00006104
-0.83321824,0.00006104
-0.83289824,0.00006104
-0.83257824,0.00006104
-0.83225824,0.00006104
-0.83193824,0.00006104
-0.83161824,0.00006104
-0.83129824,-0.01770074
-0.83097824,0.00006104
-0.83065824,0.00006104
-0.83033824,0.00006104
-0.83001824,0.00006104
-0.82969824,0.00006104
-0.82937824,0.00006104
-0.82905824,0.00006104
-0.82873824,0.00006104
-0.82841824,0.00006104
-0.82809824,0.00006104
-0.82777824,0.00006104
-0.82745824,0.00006104
-0.82713824,0.00006104
-0.82681824,0.00006104
-0.82649824,0.00006104
-0.82617824,0.00006104
-0.82585824,0.00006104
-0.82553824,0.00006104
-0.82521824,0.00006104
-0.82489824,0.00006104
-0.82457824,0.00006104
-0.82425824,0.00006104
-0.82393824,0.00006104
-0.82361824,0.00006104
-0.82329824,0.00006104
-0.82297824,0.00006104
-0.82265824,-0.01770074
-0.82233824,0.00006104
-0.82201824,0.00006104
-0.82169824,0.00006104
-0.82137824,0.00006104
-0.82105824,0.00006104
-0.82073824,0.00006104
-0.82041824,0.00006104
-0.82009824,0.00006104
-0.81977824,0.00006104
-0.81945824,-0.01770074
-0.81913824,0.00006104
-0.81881824,0.00006104
-0.81849824,0.00006104
-0.81817824,0.00006104
-0.81785824,0.00006104
-0.81753824,0.00006104
-0.81721824,0.00006104
-0.81689824,0.00006104
-0.81657824,0.00006104
-0.81625824,0.00006104
-0.81593824,0.00006104
-0.81561824,0.00006104
-0.81529824,0.00006104
-0.81497824,0.00006104
-0.81465824,0.00006104
-0.81433824,-0.01770074
-0.81401824,0.00006104
-0.81369824,0.00006104
-0.81337824,0.00006104
-0.81305824,0.00006104
-0.81273824,0.00006104
-0.81241824,0.00006104
-0.81209824,0.00006104
-0.81177824,-0.01770074
-0.81145824,0.00006104
-0.81113824,0.00006104
-0.81081824,0.00006104
-0.81049824,0.00006104
-0.81017824,0.00006104
-0.80985824,0.00006104
-0.80953824,0.00006104
-0.80921824,0.00006104
-0.80889824,0.00006104
-0.80857824,0.00006104
-0.80825824,0.00006104
-0.80793824,0.00006104
-0.80761824,0.00006104
-0.80729824,0.00006104
-0.80697824,0.00006104
-0.80665824,0.00006104
-0.80633824,0.00006104
-0.80601824,0.00006104
-0.80569824,0.00006104
-0.80537824,0.00006104
-0.80505824,0.00006104
-0.80473824,0.00006104
-0.80441824,0.00006104
-0.80409824,0.00006104
-0.80377824,0.00006104
-0.80345824,0.00006104
-0.80313824,0.00006104
-0.80281824,0.00006104
-0.80249824,0.00006104
-0.80217824,0.00006104
-0.80185824,0.00006104
-0.80153824,0.00006104
-0.80121824,0.00006104
-0.80089824,0.00006104
-0.80057824,0.00006104
-0.80025824,-0.01770074
-0.79993824,0.00006104
-0.79961824,0.00006104
-0.79929824,0.00006104
-0.79897824,0.00006104
-0.79865824,0.00006104
-0.79833824,0.00006104
-0.79801824,0.00006104
-0.79769824,0.00006104
-0.79737824,0.00006104
-0.79705824,0.00006104
-0.79673824,0.00006104
-0.79641824,0.00006104
-0.79609824,0.00006104
-0.79577824,0.00006104
-0.79545824,0.00006104
-0.79513824,0.00006104
-0.79481824,0.00006104
-0.79449824,0.00006104
-0.79417824,0.00006104
-0.79385824,0.00006104
-0.79353824,0.00006104
-0.79321824,0.00006104
-0.79289824,0.00006104
-0.79257824,0.00006104
-0.79225824,0.00006104
-0.79193824,-0.01770074
-0.79161824,0.00006104
-0.79129824,0.00006104
-0.79097824,0.00006104
-0.79065824,0.00006104
-0.79033824,0.00006104
-0.79001824,0.00006104
-0.78969824,0.00006104
-0.78937824,0.00006104
-0.78905824,-0.01770074
-0.78873824,0.00006104
-0.78841824,0.00006104
-0.78809824,0.00006104
-0.78777824,0.00006104
-0.78745824,0.00006104
-0.78713824,0.00006104
-0.78681824,0.00006104
-0.78649824,0.00006104
-0.78617824,0.00006104
-0.78585824,0.00006104
-0.78553824,0.00006104
-0.78521824,0.00006104
-0.78489824,0.00006104
-0.78457824,0.00006104
-0.78425824,0.00006104
-0.78393824,0.00006104
-0.78361824,0.00006104
-0.78329824,0.00006104
-0.78297824,0.00006104
-0.78265824,0.00006104
-0.78233824,0.00006104
-0.78201824,0.00006104
-0.78169824,0.00006104
-0.78137824,0.00006104
-0.78105824,0.00006104
-0.78073824,0.00006104
-0.78041824,0.00006104
-0.78009824,0.00006104
-0.77977824,0.00006104
-0.77945824,-0.01770074
-0.77913824,0.00006104
-0.77881824,0.00006104
-0.77849824,0.00006104
-0.77817824,0.00006104
-0.77785824,0.00006104
-0.77753824,0.00006104
-0.77721824,0.00006104
-0.77689824,0.00006104
-0.77657824,0.00006104
-0.77625824,0.00006104
-0.77593824,0.00006104
-0.77561824,0.00006104
-0.77529824,0.00006104
-0.77497824,0.00006104
-0.77465824,0.00006104
-0.77433824,0.00006104
-0.77401824,0.00006104
-0.77369824,0.00006104
-0.77337824,0.00006104
-0.77305824,0.00006104
-0.77273824,0.00006104
-0.77241824,0.00006104
-0.77209824,0.00006104
-0.77177824,0.00006104
-0.77145824,0.00006104
-0.77113824,0.00006104
-0.77081824,0.00006104
-0.77049824,0.00006104
-0.77017824,0.00006104
-0.76985824,0.00006104
-0.76953824,0.00006104
-0.76921824,0.00006104
-0.76889824,-0.01770074
-0.76857824,0.00006104
-0.76825824,0.00006104
-0.76793824,0.00006104
-0.76761824,0.00006104
-0.76729824,0.00006104
-0.76697824,0.00006104
-0.76665824,-0.01770074
-0.76633824,0.00006104
-0.76601824,0.00006104
-0.76569824,-0.01770074
-0.76537824,-0.01770074
-0.76505824,0.00006104
-0.76473824,0.00006104
-0.76441824,-0.01770074
-0.76409824,0.00006104
-0.76377824,0.00006104
-0.76345824,0.00006104
-0.76313824,0.00006104
-0.76281824,0.00006104
-0.76249824,0.00006104
-0.76217824,0.00006104
-0.76185824,0.00006104
-0.76153824,0.00006104
-0.76121824,0.00006104
-0.76089824,0.00006104
-0.76057824,0.00006104
-0.76025824,0.00006104
-0.75993824,0.00006104
-0.75961824,0.00006104
-0.75929824,0.00006104
-0.75897824,0.00006104
-0.75865824,0.00006104
-0.75833824,0.00006104
-0.75801824,0.00006104
-0.75769824,0.00006104
-0.75737824,0.00006104
-0.75705824,0.00006104
-0.75673824,0.00006104
-0.75641824,0.00006104
-0.75609824,0.00006104
-0.75577824,0.00006104
-0.75545824,0.00006104
-0.75513824,0.00006104
-0.75481824,-0.01770074
-0.75449824,-0.01770074
-0.75417824,0.00006104
-0.75385824,0.00006104
-0.75353824,0.00006104
-0.75321824,0.00006104
-0.75289824,-0.01770074
-0.75257824,0.00006104
-0.75225824,0.00006104
-0.75193824,0.00006104
-0.75161824,-0.01770074
-0.75129824,0.00006104
-0.75097824,0.00006104
-0.75065824,0.00006104
-0.75033824,0.00006104
-0.75001824,0.00006104
-0.74969824,-0.01770074
-0.74937824,0.00006104
-0.74905824,0.00006104
-0.74873824,0.00006104
-0.74841824,0.00006104
-0.74809824,0.00006104
-0.74777824,0.00006104
-0.74745824,0.00006104
-0.74713824,0.00006104
-0.74681824,0.00006104
-0.74649824,0.00006104
-0.74617824,0.00006104
-0.74585824,0.00006104
-0.74553824,0.00006104
-0.74521824,0.00006104
-0.74489824,0.00006104
-0.74457824,0.00006104
-0.74425824,0.00006104
-0.74393824,0.00006104
-0.74361824,0.00006104
-0.74329824,0.00006104
-0.74297824,0.00006104
-0.74265824,0.00006104
-0.74233824,0.00006104
-0.74201824,0.00006104
-0.74169824,0.00006104
-0.74137824,0.00006104
-0.74105824,0.00006104
-0.74073824,0.00006104
-0.74041824,-0.01770074
-0.74009824,0.00006104
-0.73977824,-0.01770074
-0.73945824,0.00006104
-0.73913824,0.00006104
-0.73881824,0.00006104
-0.73849824,0.00006104
-0.73817824,0.00006104
-0.73785824,0.00006104
-0.73753824,0.00006104
-0.73721824,0.00006104
-0.73689824,0.00006104
-0.73657824,0.00006104
-0.73625824,0.00006104
-0.73593824,0.00006104
-0.73561824,0.00006104
-0.73529824,0.00006104
-0.73497824,0.00006104
-0.73465824,-0.01770074
-0.73433824,0.00006104
-0.73401824,0.00006104
-0.73369824,0.00006104
-0.73337824,0.00006104
-0.73305824,0.00006104
-0.73273824,-0.01770074
-0.73241824,0.00006104
-0.73209824,0.00006104
-0.73177824,0.00006104
-0.73145824,0.00006104
-0.73113824,0.00006104
-0.73081824,0.00006104
-0.73049824,0.00006104
-0.73017824,0.00006104
-0.72985824,0.00006104
-0.72953824,0.00006104
-0.72921824,0.00006104
-0.72889824,0.00006104
-0.72857824,0.00006104
-0.72825824,0.00006104
-0.72793824,0.00006104
-0.72761824,0.00006104
-0.72729824,0.00006104
-0.72697824,0.00006104
-0.72665824,0.00006104
-0.72633824,-0.01770074
-0.72601824,0.00006104
-0.72569824,0.00006104
-0.72537824,0.00006104
-0.72505824,0.00006104
-0.72473824,0.00006104
-0.72441824,0.00006104
-0.72409824,0.00006104
-0.72377824,0.00006104
-0.72345824,0.00006104
-0.72313824,0.00006104
-0.72281824,0.00006104
-0.72249824,0.00006104
-0.72217824,0.00006104
-0.72185824,0.00006104
-0.72153824,0.00006104
-0.72121824,0.00006104
-0.72089824,0.00006104
-0.72057824,0.00006104
-0.72025824,0.00006104
-0.71993824,-0.01770074
-0.71961824,0.00006104
-0.71929824,0.00006104
-0.71897824,0.00006104
-0.71865824,0.00006104
-0.71833824,0.00006104
-0.71801824,-0.01770074
-0.71769824,0.00006104
-0.71737824,0.00006104
-0.71705824,0.00006104
-0.71673824,0.00006104
-0.71641824,0.00006104
-0.71609824,0.00006104
-0.71577824,0.00006104
-0.71545824,0.00006104
-0.71513824,0.00006104
-0.71481824,0.00006104
-0.71449824,0.00006104
-0.71417824,0.00006104
-0.71385824,0.00006104
-0.71353824,0.00006104
-0.71321824,0.00006104
-0.71289824,0.00006104
-0.71257824,0.00006104
-0.71225824,0.00006104
-0.71193824,0.00006104
-0.71161824,-0.01770074
-0.71129824,0.00006104
-0.71097824,0.00006104
-0.71065824,-0.01770074
-0.71033824,0.00006104
-0.71001824,0.00006104
-0.70969824,0.00006104
-0.70937824,0.00006104
-0.70905824,-0.01770074
-0.70873824,0.00006104
-0.70841824,0.00006104
-0.70809824,0.00006104
-0.70777824,0.00006104
-0.70745824,0.00006104
-0.70713824,0.00006104
-0.70681824,0.00006104
-0.70649824,0.00006104
-0.70617824,0.00006104
-0.70585824,0.00006104
-0.70553824,0.00006104
-0.70521824,0.00006104
-0.70489824,0.00006104
-0.70457824,0.00006104
-0.70425824,0.00006104
-0.70393824,0.00006104
-0.70361824,0.00006104
-0.70329824,0.00006104
-0.70297824,0.00006104
-0.70265824,0.00006104
-0.70233824,0.00006104
-0.70201824,-0.01770074
-0.70169824,0.00006104
-0.70137824,0.00006104
-0.70105824,0.00006104
-0.70073824,0.00006104
-0.70041824,0.00006104
-0.70009824,0.00006104
-0.69977824,0.00006104
-0.69945824,0.00006104
-0.69913824,0.00006104
-0.69881824,0.00006104
-0.69849824,0.00006104
-0.69817824,0.00006104
-0.69785824,0.00006104
-0.69753824,0.00006104
-0.69721824,0.00006104
-0.69689824,0.00006104
-0.69657824,0.00006104
-0.69625824,0.00006104
-0.69593824,0.00006104
-0.69561824,0.00006104
-0.69529824,0.00006104
-0.69497824,0.00006104
-0.69465824,0.00006104
-0.69433824,0.00006104
-0.69401824,0.00006104
-0.69369824,0.00006104
-0.69337824,0.00006104
-0.69305824,0.00006104
-0.69273824,-0.01770074
-0.69241824,0.00006104
-0.69209824,0.00006104
-0.69177824,0.00006104
-0.69145824,0.00006104
-0.69113824,0.00006104
-0.69081824,0.00006104
-0.69049824,0.00006104
-0.69017824,0.00006104
-0.68985824,0.00006104
-0.68953824,0.00006104
-0.68921824,0.00006104
-0.68889824,0.00006104
-0.68857824,0.00006104
-0.68825824,0.00006104
-0.68793824,0.00006104
-0.68761824,0.00006104
-0.68729824,0.00006104
-0.68697824,0.00006104
-0.68665824,0.00006104
-0.68633824,0.00006104
-0.68601824,0.00006104
-0.68569824,0.00006104
-0.68537824,0.00006104
-0.68505824,0.00006104
-0.68473824,-0.01770074
-0.68441824,-0.01770074
-0.68409824,0.00006104
-0.68377824,0.00006104
-0.68345824,0.00006104
-0.68313824,0.00006104
-0.68281824,0.00006104
-0.68249824,0.00006104
-0.68217824,0.00006104
-0.68185824,0.00006104
-0.68153824,0.00006104
-0.68121824,0.00006104
-0.68089824,0.00006104
-0.68057824,0.00006104
-0.68025824,0.00006104
-0.67993824,0.00006104
-0.67961824,0.00006104
-0.67929824,0.00006104
-0.67897824,0.00006104
-0.67865824,0.00006104
-0.67833824,0.00006104
-0.67801824,0.00006104
-0.67769824,0.00006104
-0.67737824,0.00006104
-0.67705824,0.00006104
-0.67673824,0.00006104
-0.67641824,0.00006104
-0.67609824,0.00006104
-0.67577824,0.00006104
-0.67545824,-0.01770074
-0.67513824,0.00006104
-0.67481824,0.00006104
-0.67449824,0.00006104
-0.67417824,0.00006104
-0.67385824,0.00006104
-0.67353824,0.00006104
-0.67321824,0.00006104
-0.67289824,0.00006104
-0.67257824,0.00006104
-0.67225824,0.00006104
-0.67193824,-0.01770074
-0.67161824,0.00006104
-0.67129824,-0.01770074
-0.67097824,0.00006104
-0.67065824,0.00006104
-0.67033824,0.00006104
-0.67001824,0.00006104
-0.66969824,0.00006104
-0.66937824,0.00006104
-0.66905824,0.00006104
-0.66873824,0.00006104
-0.66841824,0.00006104
-0.66809824,0.00006104
-0.66777824,0.00006104
-0.66745824,0.00006104
-0.66713824,0.00006104
-0.66681824,0.00006104
-0.66649824,0.00006104
-0.66617824,0.00006104
-0.66585824,0.00006104
-0.66553824,0.00006104
-0.66521824,0.00006104
-0.66489824,0.00006104
-0.66457824,0.00006104
-0.66425824,0.00006104
-0.66393824,0.00006104
-0.66361824,0.00006104
-0.66329824,0.00006104
-0.66297824,0.00006104
-0.66265824,-0.01770074
-0.66233824,0.00006104
-0.66201824,0.00006104
-0.66169824,0.00006104
-0.66137824,0.00006104
-0.66105824,0.00006104
-0.66073824,0.00006104
-0.66041824,0.00006104
-0.66009824,0.00006104
-0.65977824,0.00006104
-0.65945824,0.00006104
-0.65913824,0.00006104
-0.65881824,0.00006104
-0.65849824,0.00006104
-0.65817824,0.00006104
-0.65785824,0.00006104
-0.65753824,0.00006104
-0.65721824,0.00006104
-0.65689824,0.00006104
-0.65657824,0.00006104
-0.65625824,-0.01770074
-0.65593824,-0.01770074
-0.65561824,0.00006104
-0.65529824,0.00006104
-0.65497824,0.00006104
-0.65465824,0.00006104
-0.65433824,-0.01770074
-0.65401824,0.00006104
-0.65369824,0.00006104
-0.65337824,0.00006104
-0.65305824,0.00006104
-0.65273824,0.00006104
-0.65241824,0.00006104
-0.65209824,-0.01770074
-0.65177824,0.00006104
-0.65145824,0.00006104
-0.65113824,0.00006104
-0.65081824,0.00006104
-0.65049824,0.00006104
-0.65017824,0.00006104
-0.64985824,0.00006104
-0.64953824,0.00006104
-0.64921824,0.00006104
-0.64889824,0.00006104
-0.64857824,0.00006104
-0.64825824,-0.01770074
-0.64793824,-0.01770074
-0.64761824,0.00006104
-0.64729824,0.00006104
-0.64697824,0.00006104
-0.64665824,0.00006104
-0.64633824,-0.01770074
-0.64601824,0.00006104
-0.64569824,-0.01770074
-0.64537824,0.00006104
-0.64505824,0.00006104
-0.64473824,0.00006104
-0.64441824,0.00006104
-0.64409824,0.00006104
-0.64377824,0.00006104
-0.64345824,0.00006104
-0.64313824,0.00006104
-0.64281824,0.00006104
-0.64249824,0.00006104
-0.64217824,0.00006104
-0.64185824,0.00006104
-0.64153824,0.00006104
-0.64121824,0.00006104
-0.64089824,0.00006104
-0.64057824,-0.01770074
-0.64025824,0.00006104
-0.63993824,0.00006104
-0.63961824,0.00006104
-0.63929824,0.00006104
-0.63897824,0.00006104
-0.63865824,0.00006104
-0.63833824,0.00006104
-0.63801824,0.00006104
-0.63769824,0.00006104
-0.63737824,0.00006104
-0.63705824,0.00006104
-0.63673824,0.00006104
-0.63641824,0.00006104
-0.63609824,0.00006104
-0.63577824,0.00006104
-0.63545824,0.00006104
-0.63513824,0.00006104
-0.63481824,0.00006104
-0.63449824,0.00006104
-0.63417824,0.00006104
-0.63385824,0.00006104
-0.63353824,0.00006104
-0.63321824,0.00006104
-0.63289824,0.00006104
-0.63257824,0.00006104
-0.63225824,0.00006104
-0.63193824,0.00006104
-0.63161824,0.00006104
-0.63129824,0.00006104
-0.63097824,0.00006104
-0.63065824,0.00006104
-0.63033824,0.00006104
-0.63001824,0.00006104
-0.62969824,0.00006104
-0.62937824,0.00006104
-0.62905824,0.00006104
-0.62873824,0.00006104
-0.62841824,0.00006104
-0.62809824,0.00006104
-0.62777824,0.00006104
-0.62745824,0.00006104
-0.62713824,0.00006104
-0.62681824,0.00006104
-0.62649824,0.00006104
-0.62617824,0.00006104
-0.62585824,0.00006104
-0.62553824,0.00006104
-0.62521824,0.00006104
-0.62489824,0.00006104
-0.62457824,0.00006104
-0.62425824,-0.01770074
-0.62393824,0.00006104
-0.62361824,0.00006104
-0.62329824,0.00006104
-0.62297824,0.00006104
-0.62265824,0.00006104
-0.62233824,0.00006104
-0.62201824,0.00006104
-0.62169824,0.00006104
-0.62137824,0.00006104
-0.62105824,0.00006104
-0.62073824,0.00006104
-0.62041824,-0.01770074
-0.62009824,0.00006104
-0.61977824,0.00006104
-0.61945824,0.00006104
-0.61913824,0.00006104
-0.61881824,0.00006104
-0.61849824,0.00006104
-0.61817824,0.00006104
-0.61785824,-0.01770074
-0.61753824,0.00006104
-0.61721824,0.00006104
-0.61689824,0.00006104
-0.61657824,0.00006104
-0.61625824,0.00006104
-0.61593824,0.00006104
-0.61561824,-0.01770074
-0.61529824,0.00006104
-0.61497824,0.00006104
-0.61465824,0.00006104
-0.61433824,0.00006104
-0.61401824,0.00006104
-0.61369824,0.00006104
-0.61337824,0.00006104
-0.61305824,0.00006104
-0.61273824,0.00006104
-0.61241824,0.00006104
-0.61209824,0.00006104
-0.61177824,0.00006104
-0.61145824,0.00006104
-0.61113824,0.00006104
-0.61081824,0.00006104
-0.61049824,0.00006104
-0.61017824,0.00006104
-0.60985824,0.00006104
-0.60953824,0.00006104
-0.60921824,0.00006104
-0.60889824,0.00006104
-0.60857824,0.00006104
-0.60825824,0.00006104
-0.60793824,-0.01770074
-0.60761824,0.00006104
-0.60729824,0.00006104
-0.60697824,0.00006104
-0.60665824,0.00006104
-0.60633824,0.00006104
-0.60601824,0.00006104
-0.60569824,0.00006104
-0.60537824,0.00006104
-0.60505824,0.00006104
-0.60473824,0.00006104
-0.60441824,0.00006104
-0.60409824,0.00006104
-0.60377824,0.00006104
-0.60345824,0.00006104
-0.60313824,0.00006104
-0.60281824,0.00006104
-0.60249824,0.00006104
-0.60217824,0.00006104
-0.60185824,0.00006104
-0.60153824,0.00006104
-0.60121824,0.00006104
-0.60089824,0.00006104
-0.60057824,0.00006104
-0.60025824,0.00006104
-0.59993824,0.00006104
-0.59961824,0.00006104
-0.59929824,0.00006104
-0.59897824,0.00006104
-0.59865824,0.00006104
-0.59833824,0.00006104
-0.59801824,0.00006104
-0.59769824,0.00006104
-0.59737824,0.00006104
-0.59705824,0.00006104
-0.59673824,0.00006104
-0.59641824,0.00006104
-0.59609824,0.00006104
-0.59577824,0.00006104
-0.59545824,0.00006104
-0.59513824,0.00006104
-0.59481824,0.00006104
-0.59449824,0.00006104
-0.59417824,0.00006104
-0.59385824,0.00006104
-0.59353824,0.00006104
-0.59321824,0.00006104
-0.59289824,0.00006104
-0.59257824,0.00006104
-0.59225824,0.00006104
-0.59193824,0.00006104
-0.59161824,0.00006104
-0.59129824,0.00006104
-0.59097824,0.00006104
-0.59065824,0.00006104
-0.59033824,0.00006104
-0.59001824,0.00006104
-0.58969824,0.00006104
-0.58937824,0.00006104
-0.58905824,0.00006104
-0.58873824,0.00006104
-0.58841824,0.00006104
-0.58809824,0.00006104
-0.58777824,0.00006104
-0.58745824,0.00006104
-0.58713824,0.00006104
-0.58681824,0.00006104
-0.58649824,0.00006104
-0.58617824,0.00006104
-0.58585824,0.00006104
-0.58553824,0.00006104
-0.58521824,0.00006104
-0.58489824,0.00006104
-0.58457824,0.00006104
-0.58425824,-0.01770074
-0.58393824,0.00006104
-0.58361824,0.00006104
-0.58329824,0.00006104
-0.58297824,0.00006104
-0.58265824,0.00006104
-0.58233824,0.00006104
-0.58201824,-0.01770074
-0.58169824,-0.01770074
-0.58137824,0.00006104
-0.58105824,0.00006104
-0.58073824,0.00006104
-0.58041824,0.00006104
-0.58009824,0.00006104
-0.57977824,0.00006104
-0.57945824,0.00006104
-0.57913824,0.00006104
-0.57881824,0.00006104
-0.57849824,0.00006104
-0.57817824,0.00006104
-0.57785824,0.00006104
-0.57753824,0.00006104
-0.57721824,0.00006104
-0.57689824,0.00006104
-0.57657824,0.00006104
-0.57625824,-0.01770074
-0.57593824,0.00006104
-0.57561824,0.00006104
-0.57529824,0.00006104
-0.57497824,0.00006104
-0.57465824,0.00006104
-0.57433824,0.00006104
-0.57401824,0.00006104
-0.57369824,-0.01770074
-0.57337824,0.00006104
-0.57305824,0.00006104
-0.57273824,0.00006104
-0.57241824,0.00006104
-0.57209824,0.00006104
-0.57177824,0.00006104
-0.57145824,0.00006104
-0.57113824,0.00006104
-0.57081824,0.00006104
-0.57049824,0.00006104
-0.57017824,0.00006104
-0.56985824,-0.01770074
-0.56953824,0.00006104
-0.56921824,0.00006104
-0.56889824,0.00006104
-0.56857824,0.00006104
-0.56825824,0.00006104
-0.56793824,0.00006104
-0.56761824,0.00006104
-0.56729824,0.00006104
-0.56697824,0.00006104
-0.56665824,0.00006104
-0.56633824,0.00006104
-0.56601824,0.00006104
-0.56569824,0.00006104
-0.56537824,0.00006104
-0.56505824,0.00006104
-0.56473824,0.00006104
-0.56441824,0.00006104
-0.56409824,0.00006104
-0.56377824,0.00006104
-0.56345824,0.00006104
-0.56313824,0.00006104
-0.56281824,0.00006104
-0.56249824,0.00006104
-0.56217824,0.00006104
-0.56185824,0.00006104
-0.56153824,0.00006104
-0.56121824,0.00006104
-0.56089824,0.00006104
-0.56057824,0.00006104
-0.56025824,0.00006104
-0.55993824,0.00006104
-0.55961824,0.00006104
-0.55929824,0.00006104
-0.55897824,0.00006104
-0.55865824,0.00006104
-0.55833824,0.00006104
-0.55801824,0.00006104
-0.55769824,-0.01770074
-0.55737824,0.00006104
-0.55705824,0.00006104
-0.55673824,-0.01770074
-0.55641824,0.00006104
-0.55609824,0.00006104
-0.55577824,0.00006104
-0.55545824,0.00006104
-0.55513824,0.00006104
-0.55481824,0.00006104
-0.55449824,0.00006104
-0.55417824,0.00006104
-0.55385824,0.00006104
-0.55353824,0.00006104
-0.55321824,0.00006104
-0.55289824,0.00006104
-0.55257824,0.00006104
-0.55225824,0.00006104
-0.55193824,0.00006104
-0.55161824,0.00006104
-0.55129824,0.00006104
-0.55097824,0.00006104
-0.55065824,0.00006104
-0.55033824,0.00006104
-0.55001824,0.00006104
-0.54969824,0.00006104
-0.54937824,0.00006104
-0.54905824,0.00006104
-0.54873824,0.00006104
-0.54841824,0.00006104
-0.54809824,0.00006104
-0.54777824,0.00006104
-0.54745824,0.00006104
-0.54713824,0.00006104
-0.54681824,0.00006104
-0.54649824,0.00006104
-0.54617824,0.00006104
-0.54585824,0.00006104
-0.54553824,0.00006104
-0.54521824,0.00006104
-0.54489824,0.00006104
-0.54457824,0.00006104
-0.54425824,0.00006104
-0.54393824,0.00006104
-0.54361824,0.00006104
-0.54329824,0.00006104
-0.54297824,0.00006104
-0.54265824,0.00006104
-0.54233824,0.00006104
-0.54201824,0.00006104
-0.54169824,0.00006104
-0.54137824,0.00006104
-0.54105824,0.00006104
-0.54073824,0.00006104
-0.54041824,0.00006104
-0.54009824,0.00006104
-0.53977824,0.00006104
-0.53945824,0.00006104
-0.53913824,0.00006104
-0.53881824,0.00006104
-0.53849824,-0.01770074
-0.53817824,0.00006104
-0.53785824,0.00006104
-0.53753824,0.00006104
-0.53721824,0.00006104
-0.53689824,0.00006104
-0.53657824,0.00006104
-0.53625824,0.00006104
-0.53593824,0.00006104
-0.53561824,0.00006104
-0.53529824,0.00006104
-0.53497824,0.00006104
-0.53465824,0.00006104
-0.53433824,0.00006104
-0.53401824,0.00006104
-0.53369824,0.00006104
-0.53337824,0.00006104
-0.53305824,0.00006104
-0.53273824,0.00006104
-0.53241824,0.00006104
-0.53209824,0.00006104
-0.53177824,0.00006104
-0.53145824,0.00006104
-0.53113824,0.00006104
-0.53081824,0.00006104
-0.53049824,0.00006104
-0.53017824,0.00006104
-0.52985824,0.00006104
-0.52953824,0.00006104
-0.52921824,0.00006104
-0.52889824,0.00006104
-0.52857824,0.00006104
-0.52825824,-0.01770074
-0.52793824,0.00006104
-0.52761824,0.00006104
-0.52729824,-0.01770074
-0.52697824,0.00006104
-0.52665824,0.00006104
-0.52633824,0.00006104
-0.52601824,0.00006104
-0.52569824,0.00006104
-0.52537824,0.00006104
-0.52505824,0.00006104
-0.52473824,0.00006104
-0.52441824,0.00006104
-0.52409824,0.00006104
-0.52377824,0.00006104
-0.52345824,0.00006104
-0.52313824,0.00006104
-0.52281824,0.00006104
-0.52249824,0.00006104
-0.52217824,0.00006104
-0.52185824,0.00006104
-0.52153824,0.00006104
-0.52121824,0.00006104
-0.52089824,0.00006104
-0.52057824,0.00006104
-0.52025824,0.00006104
-0.51993824,0.00006104
-0.51961824,0.00006104
-0.51929824,0.00006104
-0.51897824,0.00006104
-0.51865824,0.00006104
-0.51833824,0.00006104
-0.51801824,0.00006104
-0.51769824,0.00006104
-0.51737824,0.00006104
-0.51705824,0.00006104
-0.51673824,0.00006104
-0.51641824,0.00006104
-0.51609824,0.00006104
-0.51577824,0.00006104
-0.51545824,0.00006104
-0.51513824,0.00006104
-0.51481824,0.00006104
-0.51449824,0.00006104
-0.51417824,0.00006104
-0.51385824,-0.01770074
-0.51353824,0.00006104
-0.51321824,0.00006104
-0.51289824,0.00006104
-0.51257824,0.00006104
-0.51225824,0.00006104
-0.51193824,0.00006104
-0.51161824,0.00006104
-0.51129824,0.00006104
-0.51097824,0.00006104
-0.51065824,0.00006104
-0.51033824,0.00006104
-0.51001824,0.00006104
-0.50969824,-0.01770074
-0.50937824,-0.01770074
-0.50905824,0.00006104
-0.50873824,0.00006104
-0.50841824,0.00006104
-0.50809824,0.00006104
-0.50777824,0.00006104
-0.50745824,0.00006104
-0.50713824,0.00006104
-0.50681824,0.00006104
-0.50649824,0.00006104
-0.50617824,0.00006104
-0.50585824,0.00006104
-0.50553824,0.00006104
-0.50521824,0.00006104
-0.50489824,0.00006104
-0.50457824,0.00006104
-0.50425824,0.00006104
-0.50393824,0.00006104
-0.50361824,0.00006104
-0.50329824,0.00006104
-0.50297824,0.00006104
-0.50265824,0.00006104
-0.50233824,-0.01770074
-0.50201824,1.79790640
-0.50169824,-0.07110813
-0.50137824,-0.44495988
-0.50105824,-0.24915311
-0.50073824,-0.10669271
-0.50041824,-0.03552354
-0.50009824,0.00006104
-0.49977824,-0.01770074
-0.49945824,-0.01770074
-0.49913824,-0.03552354
-0.49881824,-0.92556536
-0.49849824,-1.10354924
-0.49817824,0.53407389
-0.49785824,0.60524309
-0.49753824,0.03570665
-0.49721824,-0.08893093
-0.49689824,-0.01770074
-0.49657824,0.01788385
-0.49625824,0.03570665
-0.49593824,0.01788385
-0.49561824,0.00006104
-0.49529824,0.01788385
-0.49497824,0.01788385
-0.49465824,0.03570665
-0.49433824,0.03570665
-0.49401824,0.03570665
-0.49369824,0.01788385
-0.49337824,0.00006104
-0.49305824,0.00006104
-0.49273824,0.01788385
-0.49241824,0.01788385
-0.49209824,0.03570665
-0.49177824,0.05346843
-0.49145824,0.05346843
-0.49113824,0.07129124
-0.49081824,0.05346843
-0.49049824,0.05346843
-0.49017824,0.07129124
-0.48985824,0.03570665
-0.48953824,0.05346843
-0.48921824,0.08911405
-0.48889824,0.07129124
-0.48857824,0.03570665
-0.48825824,0.03570665
-0.48793824,0.03570665
-0.48761824,0.03570665
-0.48729824,0.00006104
-0.48697824,-0.01770074
-0.48665824,-0.01770074
-0.48633824,-0.03552354
-0.48601824,0.01788385
-0.48569824,0.01788385
-0.48537824,-0.01770074
-0.48505824,0.05346843
-0.48473824,0.00006104
-0.48441824,-0.03552354
-0.48409824,0.03570665
-0.48377824,-0.03552354
-0.48345824,0.00006104
-0.48313824,0.05346843
-0.48281824,0.01788385
-0.48249824,0.01788385
-0.48217824,0.03570665
-0.48185824,0.03570665
-0.48153824,0.01788385
-0.48121824,0.01788385
-0.48089824,0.01788385
-0.48057824,0.01788385
-0.48025824,0.01788385
-0.47993824,0.03570665
-0.47961824,0.01788385
-0.47929824,0.00006104
-0.47897824,0.01788385
-0.47865824,0.01788385
-0.47833824,0.01788385
-0.47801824,0.01788385
-0.47769824,-0.01770074
-0.47737824,0.00006104
-0.47705824,0.01788385
-0.47673824,0.00006104
-0.47641824,0.00006104
-0.47609824,0.01788385
-0.47577824,0.01788385
-0.47545824,0.01788385
-0.47513824,0.01788385
-0.47481824,0.01788385
-0.47449824,0.00006104
-0.47417824,0.01788385
-0.47385824,0.01788385
-0.47353824,0.00006104
-0.47321824,0.01788385
-0.47289824,0.01788385
-0.47257824,0.00006104
-0.47225824,0.00006104
-0.47193824,0.00006104
-0.47161824,0.00006104
-0.47129824,0.00006104
-0.47097824,0.00006104
-0.47065824,-0.01770074
-0.47033824,0.00006104
-0.47001824,0.00006104
-0.46969824,0.00006104
-0.46937824,0.00006104
-0.46905824,0.00006104
-0.46873824,0.01788385
-0.46841824,0.01788385
-0.46809824,0.00006104
-0.46777824,0.00006104
-0.46745824,0.01788385
-0.46713824,0.01788385
-0.46681824,0.01788385
-0.46649824,0.00006104
-0.46617824,0.00006104
-0.46585824,0.00006104
-0.46553824,0.00006104
-0.46521824,-0.01770074
-0.46489824,0.00006104
-0.46457824,0.00006104
-0.46425824,0.00006104
-0.46393824,0.00006104
-0.46361824,0.00006104
-0.46329824,0.00006104
-0.46297824,0.00006104
-0.46265824,0.00006104
-0.46233824,0.00006104
-0.46201824,0.00006104
-0.46169824,0.00006104
-0.46137824,0.00006104
-0.46105824,0.00006104
-0.46073824,0.00006104
-0.46041824,0.00006104
-0.46009824,0.00006104
-0.45977824,0.00006104
-0.45945824,-0.01770074
-0.45913824,0.00006104
-0.45881824,0.00006104
-0.45849824,0.00006104
-0.45817824,0.00006104
-0.45785824,0.00006104
-0.45753824,0.00006104
-0.45721824,0.01788385
-0.45689824,0.00006104
-0.45657824,0.01788385
-0.45625824,0.01788385
-0.45593824,0.00006104
-0.45561824,0.01788385
-0.45529824,0.00006104
-0.45497824,0.01788385
-0.45465824,0.00006104
-0.45433824,0.00006104
-0.45401824,0.00006104
-0.45369824,0.00006104
-0.45337824,0.00006104
-0.45305824,0.00006104
-0.45273824,-0.01770074
-0.45241824,0.00006104
-0.45209824,0.00006104
-0.45177824,0.00006104
-0.45145824,0.00006104
-0.45113824,0.00006104
-0.45081824,0.00006104
-0.45049824,0.00006104
-0.45017824,0.00006104
-0.44985824,0.00006104
-0.44953824,0.01788385
-0.44921824,0.01788385
-0.44889824,0.01788385
-0.44857824,0.01788385
-0.44825824,0.00006104
-0.44793824,0.00006104
-0.44761824,0.00006104
-0.44729824,0.00006104
-0.44697824,0.00006104
-0.44665824,0.00006104
-0.44633824,0.00006104
-0.44601824,0.00006104
-0.44569824,0.00006104
-0.44537824,0.00006104
-0.44505824,0.00006104
-0.44473824,0.00006104
-0.44441824,0.00006104
-0.44409824,0.00006104
-0.44377824,0.00006104
-0.44345824,0.00006104
-0.44313824,0.00006104
-0.44281824,0.00006104
-0.44249824,0.00006104
-0.44217824,0.00006104
-0.44185824,0.00006104
-0.44153824,0.00006104
-0.44121824,0.00006104
-0.44089824,0.00006104
-0.44057824,0.00006104
-0.44025824,0.00006104
-0.43993824,0.00006104
-0.43961824,0.00006104
-0.43929824,0.00006104
-0.43897824,0.00006104
-0.43865824,0.00006104
-0.43833824,0.00006104
-0.43801824,0.00006104
-0.43769824,0.00006104
-0.43737824,0.00006104
-0.43705824,0.00006104
-0.43673824,0.00006104
-0.43641824,0.00006104
-0.43609824,0.00006104
-0.43577824,0.00006104
-0.43545824,-0.01770074
-0.43513824,0.00006104
-0.43481824,0.00006104
-0.43449824,0.00006104
-0.43417824,0.00006104
-0.43385824,0.00006104
-0.43353824,0.00006104
-0.43321824,0.00006104
-0.43289824,0.00006104
-0.43257824,0.00006104
-0.43225824,0.00006104
-0.43193824,0.00006104
-0.43161824,0.00006104
-0.43129824,0.00006104
-0.43097824,0.00006104
-0.43065824,0.00006104
-0.43033824,0.00006104
-0.43001824,0.00006104
-0.42969824,0.00006104
-0.42937824,0.00006104
-0.42905824,0.00006104
-0.42873824,0.00006104
-0.42841824,0.00006104
-0.42809824,0.00006104
-0.42777824,0.00006104
-0.42745824,0.00006104
-0.42713824,0.00006104
-0.42681824,0.00006104
-0.42649824,0.00006104
-0.42617824,0.00006104
-0.42585824,0.00006104
-0.42553824,0.00006104
-0.42521824,0.00006104
-0.42489824,0.00006104
-0.42457824,0.00006104
-0.42425824,0.00006104
-0.42393824,0.00006104
-0.42361824,0.00006104
-0.42329824,0.00006104
-0.42297824,0.00006104
-0.42265824,0.00006104
-0.42233824,0.00006104
-0.42201824,0.00006104
-0.42169824,0.00006104
-0.42137824,0.00006104
-0.42105824,0.00006104
-0.42073824,0.00006104
-0.42041824,0.00006104
-0.42009824,-0.01770074
-0.41977824,0.00006104
-0.41945824,0.00006104
-0.41913824,0.00006104
-0.41881824,0.00006104
-0.41849824,0.00006104
-0.41817824,0.00006104
-0.41785824,0.00006104
-0.41753824,0.00006104
-0.41721824,0.00006104
-0.41689824,0.00006104
-0.41657824,0.00006104
-0.41625824,0.00006104
-0.41593824,0.00006104
-0.41561824,0.00006104
-0.41529824,0.00006104
-0.41497824,0.00006104
-0.41465824,0.00006104
-0.41433824,0.00006104
-0.41401824,0.00006104
-0.41369824,0.00006104
-0.41337824,0.00006104
-0.41305824,0.00006104
-0.41273824,0.00006104
-0.41241824,0.00006104
-0.41209824,-0.01770074
-0.41177824,0.00006104
-0.41145824,0.00006104
-0.41113824,0.00006104
-0.41081824,0.00006104
-0.41049824,0.00006104
-0.41017824,0.00006104
-0.40985824,0.00006104
-0.40953824,0.00006104
-0.40921824,0.00006104
-0.40889824,0.00006104
-0.40857824,0.00006104
-0.40825824,0.00006104
-0.40793824,0.00006104
-0.40761824,0.00006104
-0.40729824,0.00006104
-0.40697824,-0.01770074
-0.40665824,0.00006104
-0.40633824,0.00006104
-0.40601824,0.00006104
-0.40569824,0.00006104
-0.40537824,-0.01770074
-0.40505824,0.00006104
-0.40473824,0.00006104
-0.40441824,0.00006104
-0.40409824,0.00006104
-0.40377824,0.00006104
-0.40345824,0.00006104
-0.40313824,0.00006104
-0.40281824,-0.01770074
-0.40249824,0.00006104
-0.40217824,0.00006104
-0.40185824,0.00006104
-0.40153824,0.00006104
-0.40121824,0.00006104
-0.40089824,0.00006104
-0.40057824,-0.01770074
-0.40025824,0.00006104
-0.39993824,0.00006104
-0.39961824,0.00006104
-0.39929824,0.00006104
-0.39897824,0.00006104
-0.39865824,0.00006104
-0.39833824,-0.01770074
-0.39801824,0.00006104
-0.39769824,0.00006104
-0.39737824,0.00006104
-0.39705824,0.00006104
-0.39673824,0.00006104
-0.39641824,0.00006104
-0.39609824,0.00006104
-0.39577824,0.00006104
-0.39545824,0.00006104
-0.39513824,0.00006104
-0.39481824,0.00006104
-0.39449824,0.00006104
-0.39417824,0.00006104
-0.39385824,0.00006104
-0.39353824,0.00006104
-0.39321824,-0.01770074
-0.39289824,0.00006104
-0.39257824,0.00006104
-0.39225824,0.00006104
-0.39193824,0.00006104
-0.39161824,0.00006104
-0.39129824,0.00006104
-0.39097824,0.00006104
-0.39065824,0.00006104
-0.39033824,0.00006104
-0.39001824,0.00006104
-0.38969824,0.00006104
-0.38937824,0.00006104
-0.38905824,0.00006104
-0.38873824,0.00006104
-0.38841824,0.00006104
-0.38809824,-0.01770074
-0.38777824,0.00006104
-0.38745824,-0.01770074
-0.38713824,0.00006104
-0.38681824,0.00006104
-0.38649824,0.00006104
-0.38617824,0.00006104
-0.38585824,0.00006104
-0.38553824,0.00006104
-0.38521824,0.00006104
-0.38489824,0.00006104
-0.38457824,0.00006104
-0.38425824,0.00006104
-0.38393824,-0.01770074
-0.38361824,0.00006104
-0.38329824,0.00006104
-0.38297824,0.00006104
-0.38265824,0.00006104
-0.38233824,-0.01770074
-0.38201824,0.00006104
-0.38169824,0.00006104
-0.38137824,0.00006104
-0.38105824,0.00006104
-0.38073824,0.00006104
-0.38041824,-0.01770074
-0.38009824,0.00006104
-0.37977824,0.00006104
-0.37945824,0.00006104
-0.37913824,-0.01770074
-0.37881824,0.00006104
-0.37849824,0.00006104
-0.37817824,0.00006104
-0.37785824,0.00006104
-0.37753824,0.00006104
-0.37721824,0.00006104
-0.37689824,0.00006104
-0.37657824,0.00006104
-0.37625824,0.00006104
-0.37593824,-0.01770074
-0.37561824,0.00006104
-0.37529824,0.00006104
-0.37497824,0.00006104
-0.37465824,0.00006104
-0.37433824,0.00006104
-0.37401824,0.00006104
-0.37369824,0.00006104
-0.37337824,0.00006104
-0.37305824,-0.01770074
-0.37273824,0.00006104
-0.37241824,0.00006104
-0.37209824,0.00006104
-0.37177824,0.00006104
-0.37145824,0.00006104
-0.37113824,0.00006104
-0.37081824,0.00006104
-0.37049824,0.00006104
-0.37017824,0.00006104
-0.36985824,0.00006104
-0.36953824,0.00006104
-0.36921824,-0.01770074
-0.36889824,0.00006104
-0.36857824,0.00006104
-0.36825824,0.00006104
-0.36793824,0.00006104
-0.36761824,0.00006104
-0.36729824,-0.01770074
-0.36697824,0.00006104
-0.36665824,0.00006104
-0.36633824,0.00006104
-0.36601824,0.00006104
-0.36569824,-0.01770074
-0.36537824,0.00006104
-0.36505824,0.00006104
-0.36473824,0.00006104
-0.36441824,0.00006104
-0.36409824,0.00006104
-0.36377824,0.00006104
-0.36345824,0.00006104
-0.36313824,0.00006104
-0.36281824,0.00006104
-0.36249824,0.00006104
-0.36217824,0.00006104
-0.36185824,0.00006104
-0.36153824,0.00006104
-0.36121824,0.00006104
-0.36089824,0.00006104
-0.36057824,0.00006104
-0.36025824,0.00006104
-0.35993824,0.00006104
-0.35961824,0.00006104
-0.35929824,0.00006104
-0.35897824,-0.01770074
-0.35865824,0.00006104
-0.35833824,0.00006104
-0.35801824,0.00006104
-0.35769824,-0.01770074
-0.35737824,0.00006104
-0.35705824,0.00006104
-0.35673824,0.00006104
-0.35641824,0.00006104
-0.35609824,0.00006104
-0.35577824,0.00006104
-0.35545824,0.00006104
-0.35513824,0.00006104
-0.35481824,0.00006104
-0.35449824,0.00006104
-0.35417824,0.00006104
-0.35385824,0.00006104
-0.35353824,0.00006104
-0.35321824,0.00006104
-0.35289824,0.00006104
-0.35257824,0.00006104
-0.35225824,0.00006104
-0.35193824,0.00006104
-0.35161824,0.00006104
-0.35129824,0.00006104
-0.35097824,0.00006104
-0.35065824,0.00006104
-0.35033824,0.00006104
-0.35001824,0.00006104
-0.34969824,0.00006104
-0.34937824,-0.01770074
-0.34905824,0.00006104
-0.34873824,0.00006104
-0.34841824,0.00006104
-0.34809824,0.00006104
-0.34777824,0.00006104
-0.34745824,0.00006104
-0.34713824,0.00006104
-0.34681824,-0.01770074
-0.34649824,0.00006104
-0.34617824,0.00006104
-0.34585824,0.00006104
-0.34553824,0.00006104
-0.34521824,0.00006104
-0.34489824,0.00006104
-0.34457824,0.00006104
-0.34425824,0.00006104
-0.34393824,0.00006104
-0.34361824,0.00006104
-0.34329824,-0.01770074
-0.34297824,0.00006104
-0.34265824,0.00006104
-0.34233824,0.00006104
-0.34201824,0.00006104
-0.34169824,0.00006104
-0.34137824,0.00006104
-0.34105824,0.00006104
-0.34073824,0.00006104
-0.34041824,0.00006104
-0.34009824,0.00006104
-0.33977824,0.00006104
-0.33945824,0.00006104
-0.33913824,0.00006104
-0.33881824,0.00006104
-0.33849824,0.00006104
-0.33817824,0.00006104
-0.33785824,0.00006104
-0.33753824,0.00006104
-0.33721824,0.00006104
-0.33689824,0.00006104
-0.33657824,0.00006104
-0.33625824,0.00006104
-0.33593824,0.00006104
-0.33561824,0.00006104
-0.33529824,0.00006104
-0.33497824,0.00006104
-0.33465824,0.00006104
-0.33433824,0.00006104
-0.33401824,-0.01770074
-0.33369824,0.00006104
-0.33337824,0.00006104
-0.33305824,0.00006104
-0.33273824,0.00006104
-0.33241824,0.00006104
-0.33209824,0.00006104
-0.33177824,-0.01770074
-0.33145824,0.00006104
-0.33113824,0.00006104
-0.33081824,0.00006104
-0.33049824,0.00006104
-0.33017824,0.00006104
-0.32985824,0.00006104
-0.32953824,0.00006104
-0.32921824,0.00006104
-0.32889824,0.00006104
-0.32857824,0.00006104
-0.32825824,0.00006104
-0.32793824,0.00006104
-0.32761824,0.00006104
-0.32729824,0.00006104
-0.32697824,0.00006104
-0.32665824,0.00006104
-0.32633824,0.00006104
-0.32601824,0.00006104
-0.32569824,0.00006104
-0.32537824,0.00006104
-0.32505824,0.00006104
-0.32473824,0.00006104
-0.32441824,0.00006104
-0.32409824,0.00006104
-0.32377824,0.00006104
-0.32345824,0.00006104
-0.32313824,0.00006104
-0.32281824,0.00006104
-0.32249824,0.00006104
-0.32217824,0.00006104
-0.32185824,0.00006104
-0.32153824,0.00006104
-0.32121824,0.00006104
-0.32089824,0.00006104
-0.32057824,0.00006104
-0.32025824,0.00006104
-0.31993824,0.00006104
-0.31961824,0.00006104
-0.31929824,0.00006104
-0.31897824,-0.01770074
-0.31865824,-0.01770074
-0.31833824,0.00006104
-0.31801824,0.00006104
-0.31769824,0.00006104
-0.31737824,0.00006104
-0.31705824,0.00006104
-0.31673824,0.00006104
-0.31641824,0.00006104
-0.31609824,0.00006104
-0.31577824,0.00006104
-0.31545824,0.00006104
-0.31513824,0.00006104
-0.31481824,0.00006104
-0.31449824,0.00006104
-0.31417824,0.00006104
-0.31385824,0.00006104
-0.31353824,0.00006104
-0.31321824,0.00006104
-0.31289824,0.00006104
-0.31257824,0.00006104
-0.31225824,0.00006104
-0.31193824,0.00006104
-0.31161824,0.00006104
-0.31129824,0.00006104
-0.31097824,0.00006104
-0.31065824,0.00006104
-0.31033824,0.00006104
-0.31001824,0.00006104
-0.30969824,0.00006104
-0.30937824,0.00006104
-0.30905824,-0.01770074
-0.30873824,0.00006104
-0.30841824,0.00006104
-0.30809824,0.00006104
-0.30777824,0.00006104
-0.30745824,0.00006104
-0.30713824,0.00006104
-0.30681824,0.00006104
-0.30649824,0.00006104
-0.30617824,0.00006104
-0.30585824,0.00006104
-0.30553824,0.00006104
-0.30521824,0.00006104
-0.30489824,0.00006104
-0.30457824,0.00006104
-0.30425824,0.00006104
-0.30393824,0.00006104
-0.30361824,0.00006104
-0.30329824,0.00006104
-0.30297824,0.00006104
-0.30265824,0.00006104
-0.30233824,0.00006104
-0.30201824,0.00006104
-0.30169824,0.00006104
-0.30137824,0.00006104
-0.30105824,0.00006104
-0.30073824,0.00006104
-0.30041824,0.00006104
-0.30009824,0.00006104
-0.29977824,0.00006104
-0.29945824,0.00006104
-0.29913824,0.00006104
-0.29881824,0.00006104
-0.29849824,0.00006104
-0.29817824,0.00006104
-0.29785824,0.00006104
-0.29753824,0.00006104
-0.29721824,0.00006104
-0.29689824,0.00006104
-0.29657824,0.00006104
-0.29625824,0.00006104
-0.29593824,0.00006104
-0.29561824,0.00006104
-0.29529824,0.00006104
-0.29497824,-0.01770074
-0.29465824,0.00006104
-0.29433824,0.00006104
-0.29401825,0.00006104
-0.29369825,0.00006104
-0.29337825,0.00006104
-0.29305825,0.00006104
-0.29273825,0.00006104
-0.29241825,0.00006104
-0.29209825,0.00006104
-0.29177825,0.00006104
-0.29145825,0.00006104
-0.29113825,0.00006104
-0.29081825,0.00006104
-0.29049825,-0.01770074
-0.29017825,0.00006104
-0.28985825,0.00006104
-0.28953825,0.00006104
-0.28921825,0.00006104
-0.28889825,0.00006104
-0.28857825,0.00006104
-0.28825825,0.00006104
-0.28793825,0.00006104
-0.28761825,0.00006104
-0.28729825,0.00006104
-0.28697825,0.00006104
-0.28665825,0.00006104
-0.28633825,0.00006104
-0.28601825,0.00006104
-0.28569825,0.00006104
-0.28537825,0.00006104
-0.28505825,0.00006104
-0.28473825,0.00006104
-0.28441825,-0.01770074
-0.28409825,0.00006104
-0.28377825,0.00006104
-0.28345825,0.00006104
-0.28313825,0.00006104
-0.28281825,0.00006104
-0.28249825,0.00006104
-0.28217825,0.00006104
-0.28185825,0.00006104
-0.28153825,0.00006104
-0.28121825,0.00006104
-0.28089825,0.00006104
-0.28057825,0.00006104
-0.28025825,-0.01770074
-0.27993825,0.00006104
-0.27961825,0.00006104
-0.27929825,0.00006104
-0.27897825,0.00006104
-0.27865825,0.00006104
-0.27833825,0.00006104
-0.27801825,0.00006104
-0.27769825,0.00006104
-0.27737825,0.00006104
-0.27705825,0.00006104
-0.27673825,0.00006104
-0.27641825,0.00006104
-0.27609825,0.00006104
-0.27577825,0.00006104
-0.27545825,0.00006104
-0.27513825,0.00006104
-0.27481825,0.00006104
-0.27449825,0.00006104
-0.27417825,0.00006104
-0.27385825,0.00006104
-0.27353825,0.00006104
-0.27321825,-0.01770074
-0.27289825,0.00006104
-0.27257825,0.00006104
-0.27225825,0.00006104
-0.27193825,0.00006104
-0.27161825,0.00006104
-0.27129825,0.00006104
-0.27097825,0.00006104
-0.27065825,0.00006104
-0.27033825,0.00006104
-0.27001825,0.00006104
-0.26969825,0.00006104
-0.26937825,0.00006104
-0.26905825,-0.01770074
-0.26873825,0.00006104
-0.26841825,0.00006104
-0.26809825,0.00006104
-0.26777825,0.00006104
-0.26745825,0.00006104
-0.26713825,0.00006104
-0.26681825,0.00006104
-0.26649825,0.00006104
-0.26617825,0.00006104
-0.26585825,0.00006104
-0.26553825,0.00006104
-0.26521825,-0.01770074
-0.26489825,0.00006104
-0.26457825,-0.01770074
-0.26425825,0.00006104
-0.26393825,0.00006104
-0.26361825,0.00006104
-0.26329825,0.00006104
-0.26297825,-0.01770074
-0.26265825,0.00006104
-0.26233825,0.00006104
-0.26201825,0.00006104
-0.26169825,0.00006104
-0.26137825,-0.01770074
-0.26105825,0.00006104
-0.26073825,0.00006104
-0.26041825,0.00006104
-0.26009825,0.00006104
-0.25977825,0.00006104
-0.25945825,0.00006104
-0.25913825,0.00006104
-0.25881825,0.00006104
-0.25849825,0.00006104
-0.25817825,0.00006104
-0.25785825,0.00006104
-0.25753825,0.00006104
-0.25721825,0.00006104
-0.25689825,0.00006104
-0.25657825,0.00006104
-0.25625825,0.00006104
-0.25593825,0.00006104
-0.25561825,0.00006104
-0.25529825,0.00006104
-0.25497825,0.00006104
-0.25465825,0.00006104
-0.25433825,0.00006104
-0.25401825,0.00006104
-0.25369825,0.00006104
-0.25337825,0.00006104
-0.25305825,0.00006104
-0.25273825,0.00006104
-0.25241825,0.00006104
-0.25209825,0.00006104
-0.25177825,0.00006104
-0.25145825,0.00006104
-0.25113825,0.00006104
-0.25081825,0.00006104
-0.25049825,-0.01770074
-0.25017825,0.00006104
-0.24985825,0.00006104
-0.24953825,0.00006104
-0.24921825,0.00006104
-0.24889825,0.00006104
-0.24857825,0.00006104
-0.24825825,0.00006104
-0.24793825,0.00006104
-0.24761825,0.00006104
-0.24729825,0.00006104
-0.24697825,0.00006104
-0.24665825,0.00006104
-0.24633825,0.00006104
-0.24601825,0.00006104
-0.24569825,0.00006104
-0.24537825,0.00006104
-0.24505825,0.00006104
-0.24473825,0.00006104
-0.24441825,0.00006104
-0.24409825,-0.01770074
-0.24377825,0.00006104
-0.24345825,0.00006104
-0.24313825,0.00006104
-0.24281825,0.00006104
-0.24249825,0.00006104
-0.24217825,-0.01770074
-0.24185825,0.00006104
-0.24153825,0.00006104
-0.24121825,0.00006104
-0.24089825,0.00006104
-0.24057825,0.00006104
-0.24025825,0.00006104
-0.23993825,0.00006104
-0.23961825,0.00006104
-0.23929825,0.00006104
-0.23897825,0.00006104
-0.23865825,0.00006104
-0.23833825,0.00006104
-0.23801825,0.00006104
-0.23769825,0.00006104
-0.23737825,0.00006104
-0.23705825,0.00006104
-0.23673825,0.00006104
-0.23641825,0.00006104
-0.23609825,0.00006104
-0.23577825,0.00006104
-0.23545825,-0.01770074
-0.23513825,0.00006104
-0.23481825,0.00006104
-0.23449825,0.00006104
-0.23417825,0.00006104
-0.23385825,0.00006104
-0.23353825,0.00006104
-0.23321825,-0.01770074
-0.23289825,0.00006104
-0.23257825,0.00006104
-0.23225825,0.00006104
-0.23193825,0.00006104
-0.23161825,0.00006104
-0.23129825,0.00006104
-0.23097825,0.00006104
-0.23065825,0.00006104
-0.23033825,0.00006104
-0.23001825,0.00006104
-0.22969825,0.00006104
-0.22937825,0.00006104
-0.22905825,0.00006104
-0.22873825,0.00006104
-0.22841825,0.00006104
-0.22809825,0.00006104
-0.22777825,0.00006104
-0.22745825,0.00006104
-0.22713825,0.00006104
-0.22681825,0.00006104
-0.22649825,0.00006104
-0.22617825,0.00006104
-0.22585825,-0.01770074
-0.22553825,0.00006104
-0.22521825,0.00006104
-0.22489825,0.00006104
-0.22457825,0.00006104
-0.22425825,0.00006104
-0.22393825,0.00006104
-0.22361825,0.00006104
-0.22329825,0.00006104
-0.22297825,0.00006104
-0.22265825,0.00006104
-0.22233825,0.00006104
-0.22201825,0.00006104
-0.22169825,0.00006104
-0.22137825,0.00006104
-0.22105825,0.00006104
-0.22073825,0.00006104
-0.22041825,0.00006104
-0.22009825,0.00006104
-0.21977825,0.00006104
-0.21945825,-0.01770074
-0.21913825,-0.01770074
-0.21881825,-0.01770074
-0.21849825,0.00006104
-0.21817825,0.00006104
-0.21785825,0.00006104
-0.21753825,0.00006104
-0.21721825,0.00006104
-0.21689825,0.00006104
-0.21657825,0.00006104
-0.21625825,0.00006104
-0.21593825,0.00006104
-0.21561825,0.00006104
-0.21529825,0.00006104
-0.21497825,0.00006104
-0.21465825,0.00006104
-0.21433825,0.00006104
-0.21401825,0.00006104
-0.21369825,0.00006104
-0.21337825,0.00006104
-0.21305825,0.00006104
-0.21273825,0.00006104
-0.21241825,0.00006104
-0.21209825,0.00006104
-0.21177825,0.00006104
-0.21145825,0.00006104
-0.21113825,0.00006104
-0.21081825,0.00006104
-0.21049825,0.00006104
-0.21017825,0.00006104
-0.20985825,0.00006104
-0.20953825,0.00006104
-0.20921825,0.00006104
-0.20889825,0.00006104
-0.20857825,0.00006104
-0.20825825,0.00006104
-0.20793825,0.00006104
-0.20761825,0.00006104
-0.20729825,0.00006104
-0.20697825,0.00006104
-0.20665825,0.00006104
-0.20633825,0.00006104
-0.20601825,0.00006104
-0.20569825,0.00006104
-0.20537825,0.00006104
-0.20505825,0.00006104
-0.20473825,0.00006104
-0.20441825,0.00006104
-0.20409825,0.00006104
-0.20377825,0.00006104
-0.20345825,0.00006104
-0.20313825,0.00006104
-0.20281825,0.00006104
-0.20249825,-0.01770074
-0.20217825,-0.01770074
-0.20185825,-0.01770074
-0.20153825,0.00006104
-0.20121825,-0.01770074
-0.20089825,0.00006104
-0.20057825,0.00006104
-0.20025825,0.00006104
-0.19993825,0.00006104
-0.19961825,0.00006104
-0.19929825,0.00006104
-0.19897825,0.00006104
-0.19865825,0.00006104
-0.19833825,0.00006104
-0.19801825,0.00006104
-0.19769825,0.00006104
-0.19737825,0.00006104
-0.19705825,0.00006104
-0.19673825,0.00006104
-0.19641825,0.00006104
-0.19609825,0.00006104
-0.19577825,0.00006104
-0.19545825,0.00006104
-0.19513825,0.00006104
-0.19481825,0.00006104
-0.19449825,0.00006104
-0.19417825,0.00006104
-0.19385825,0.00006104
-0.19353825,0.00006104
-0.19321825,0.00006104
-0.19289825,0.00006104
-0.19257825,0.00006104
-0.19225825,0.00006104
-0.19193825,0.00006104
-0.19161825,0.00006104
-0.19129825,0.00006104
-0.19097825,0.00006104
-0.19065825,0.00006104
-0.19033825,0.00006104
-0.19001825,0.00006104
-0.18969825,0.00006104
-0.18937825,0.00006104
-0.18905825,0.00006104
-0.18873825,0.00006104
-0.18841825,-0.03552354
-0.18809825,-0.01770074
-0.18777825,0.00006104
-0.18745825,0.00006104
-0.18713825,0.00006104
-0.18681825,0.00006104
-0.18649825,0.00006104
-0.18617825,0.00006104
-0.18585825,-0.01770074
-0.18553825,0.00006104
-0.18521825,0.00006104
-0.18489825,0.00006104
-0.18457825,0.00006104
-0.18425825,0.00006104
-0.18393825,0.00006104
-0.18361825,0.00006104
-0.18329825,0.00006104
-0.18297825,0.00006104
-0.18265825,0.00006104
-0.18233825,0.00006104
-0.18201825,0.00006104
-0.18169825,0.00006104
-0.18137825,0.00006104
-0.18105825,0.00006104
-0.18073825,0.00006104
-0.18041825,0.00006104
-0.18009825,0.00006104
-0.17977825,0.00006104
-0.17945825,0.00006104
-0.17913825,-0.01770074
-0.17881825,0.00006104
-0.17849825,0.00006104
-0.17817825,0.00006104
-0.17785825,0.00006104
-0.17753825,0.00006104
-0.17721825,0.00006104
-0.17689825,0.00006104
-0.17657825,0.00006104
-0.17625825,0.00006104
-0.17593825,0.00006104
-0.17561825,0.00006104
-0.17529825,0.00006104
-0.17497825,0.00006104
-0.17465825,0.00006104
-0.17433825,0.00006104
-0.17401825,0.00006104
-0.17369825,0.00006104
-0.17337825,0.00006104
-0.17305825,0.00006104
-0.17273825,0.00006104
-0.17241825,0.00006104
-0.17209825,0.00006104
-0.17177825,-0.01770074
-0.17145825,0.00006104
-0.17113825,0.00006104
-0.17081825,0.00006104
-0.17049825,0.00006104
-0.17017825,-0.01770074
-0.16985825,0.00006104
-0.16953825,-0.01770074
-0.16921825,0.00006104
-0.16889825,0.00006104
-0.16857825,0.00006104
-0.16825825,-0.01770074
-0.16793825,0.00006104
-0.16761825,0.00006104
-0.16729825,0.00006104
-0.16697825,0.00006104
-0.16665825,0.00006104
-0.16633825,0.00006104
-0.16601825,0.00006104
-0.16569825,0.00006104
-0.16537825,0.00006104
-0.16505825,0.00006104
-0.16473825,0.00006104
-0.16441825,0.00006104
-0.16409825,0.00006104
-0.16377825,0.00006104
-0.16345825,0.00006104
-0.16313825,0.00006104
-0.16281825,0.00006104
-0.16249825,0.00006104
-0.16217825,0.00006104
-0.16185825,0.00006104
-0.16153825,0.00006104
-0.16121825,0.00006104
-0.16089825,0.00006104
-0.16057825,0.00006104
-0.16025825,0.00006104
-0.15993825,0.00006104
-0.15961825,0.00006104
-0.15929825,0.00006104
-0.15897825,0.00006104
-0.15865825,0.00006104
-0.15833825,0.00006104
-0.15801825,0.00006104
-0.15769825,0.00006104
-0.15737825,0.00006104
-0.15705825,0.00006104
-0.15673825,-0.01770074
-0.15641825,-0.01770074
-0.15609825,0.00006104
-0.15577825,0.00006104
-0.15545825,0.00006104
-0.15513825,0.00006104
-0.15481825,0.00006104
-0.15449825,0.00006104
-0.15417825,0.00006104
-0.15385825,0.00006104
-0.15353825,0.00006104
-0.15321825,0.00006104
-0.15289825,0.00006104
-0.15257825,0.00006104
-0.15225825,0.00006104
-0.15193825,0.00006104
-0.15161825,0.00006104
-0.15129825,0.00006104
-0.15097825,0.00006104
-0.15065825,0.00006104
-0.15033825,0.00006104
-0.15001825,0.00006104
-0.14969825,0.00006104
-0.14937825,0.00006104
-0.14905825,0.00006104
-0.14873825,0.00006104
-0.14841825,0.00006104
-0.14809825,0.00006104
-0.14777825,0.01788385
-0.14745825,-0.01770074
-0.14713825,0.00006104
-0.14681825,0.00006104
-0.14649825,0.00006104
-0.14617825,0.00006104
-0.14585825,0.00006104
-0.14553825,0.00006104
-0.14521825,0.00006104
-0.14489825,0.00006104
-0.14457825,0.00006104
-0.14425825,0.00006104
-0.14393825,0.00006104
-0.14361825,0.00006104
-0.14329825,0.00006104
-0.14297825,0.00006104
-0.14265825,0.00006104
-0.14233825,0.00006104
-0.14201825,0.00006104
-0.14169825,0.00006104
-0.14137825,0.00006104
-0.14105825,0.00006104
-0.14073825,0.00006104
-0.14041825,0.00006104
-0.14009825,0.00006104
-0.13977825,0.00006104
-0.13945825,0.00006104
-0.13913825,0.00006104
-0.13881825,0.00006104
-0.13849825,0.00006104
-0.13817825,0.00006104
-0.13785825,0.00006104
-0.13753825,0.00006104
-0.13721825,0.00006104
-0.13689825,0.00006104
-0.13657825,0.00006104
-0.13625825,0.00006104
-0.13593825,0.00006104
-0.13561825,0.00006104
-0.13529825,0.00006104
-0.13497825,0.00006104
-0.13465825,0.00006104
-0.13433825,0.00006104
-0.13401825,0.00006104
-0.13369825,0.00006104
-0.13337825,0.00006104
-0.13305825,0.00006104
-0.13273825,-0.01770074
-0.13241825,0.00006104
-0.13209825,0.00006104
-0.13177825,0.00006104
-0.13145825,0.00006104
-0.13113825,0.00006104
-0.13081825,0.00006104
-0.13049825,0.00006104
-0.13017825,-0.01770074
-0.12985825,0.00006104
-0.12953825,0.00006104
-0.12921825,0.00006104
-0.12889825,0.00006104
-0.12857825,0.00006104
-0.12825825,-0.01770074
-0.12793825,0.00006104
-0.12761825,0.00006104
-0.12729825,0.00006104
-0.12697825,0.00006104
-0.12665825,0.00006104
-0.12633825,0.00006104
-0.12601825,0.00006104
-0.12569825,0.00006104
-0.12537825,0.00006104
-0.12505825,0.00006104
-0.12473825,0.00006104
-0.12441825,0.00006104
-0.12409825,0.00006104
-0.12377825,0.00006104
-0.12345825,0.00006104
-0.12313825,0.00006104
-0.12281825,0.00006104
-0.12249825,0.00006104
-0.12217825,0.00006104
-0.12185825,0.00006104
-0.12153825,0.00006104
-0.12121825,0.00006104
-0.12089825,0.00006104
-0.12057825,0.00006104
-0.12025825,0.00006104
-0.11993825,0.00006104
-0.11961825,0.00006104
-0.11929825,0.00006104
-0.11897825,0.00006104
-0.11865825,0.00006104
-0.11833825,0.00006104
-0.11801825,0.00006104
-0.11769825,0.00006104
-0.11737825,0.00006104
-0.11705825,0.00006104
-0.11673825,0.00006104
-0.11641825,0.00006104
-0.11609825,0.00006104
-0.11577825,0.00006104
-0.11545825,0.00006104
-0.11513825,0.00006104
-0.11481825,0.00006104
-0.11449825,0.00006104
-0.11417825,0.00006104
-0.11385825,0.00006104
-0.11353825,0.00006104
-0.11321825,0.00006104
-0.11289825,0.00006104
-0.11257825,0.00006104
-0.11225825,0.00006104
-0.11193825,0.00006104
-0.11161825,0.00006104
-0.11129825,0.00006104
-0.11097825,0.00006104
-0.11065825,0.00006104
-0.11033825,0.00006104
-0.11001825,0.00006104
-0.10969825,0.00006104
-0.10937825,0.00006104
-0.10905825,0.00006104
-0.10873825,0.00006104
-0.10841825,0.00006104
-0.10809825,0.00006104
-0.10777825,0.00006104
-0.10745825,0.00006104
-0.10713825,0.00006104
-0.10681825,0.00006104
-0.10649825,0.00006104
-0.10617825,0.00006104
-0.10585825,0.00006104
-0.10553825,0.00006104
-0.10521825,0.00006104
-0.10489825,-0.01770074
-0.10457825,0.00006104
-0.10425825,-0.01770074
-0.10393825,0.00006104
-0.10361825,0.00006104
-0.10329825,0.00006104
-0.10297825,0.00006104
-0.10265825,0.00006104
-0.10233825,0.00006104
-0.10201825,0.00006104
-0.10169825,0.00006104
-0.10137825,0.00006104
-0.10105825,0.00006104
-0.10073825,0.00006104
-0.10041825,0.00006104
-0.10009825,0.00006104
-0.09977825,0.00006104
-0.09945825,0.00006104
-0.09913825,0.00006104
-0.09881825,-0.01770074
-0.09849825,0.00006104
-0.09817825,0.00006104
-0.09785825,0.00006104
-0.09753825,0.00006104
-0.09721825,0.00006104
-0.09689825,0.00006104
-0.09657825,0.00006104
-0.09625825,0.00006104
-0.09593825,0.00006104
-0.09561825,-0.01770074
-0.09529825,0.00006104
-0.09497825,0.00006104
-0.09465825,0.00006104
-0.09433825,0.00006104
-0.09401825,-0.01770074
-0.09369825,0.00006104
-0.09337825,0.00006104
-0.09305825,0.00006104
-0.09273825,0.00006104
-0.09241825,0.00006104
-0.09209825,0.00006104
-0.09177825,0.00006104
-0.09145825,0.00006104
-0.09113825,0.00006104
-0.09081825,0.00006104
-0.09049825,0.00006104
-0.09017825,0.00006104
-0.08985825,0.00006104
-0.08953825,0.00006104
-0.08921825,0.00006104
-0.08889825,0.00006104
-0.08857825,0.00006104
-0.08825825,0.00006104
-0.08793825,0.00006104
-0.08761825,0.00006104
-0.08729825,0.00006104
-0.08697825,0.00006104
-0.08665825,0.00006104
-0.08633825,0.00006104
-0.08601825,0.00006104
-0.08569825,0.00006104
-0.08537825,0.00006104
-0.08505825,0.00006104
-0.08473825,0.00006104
-0.08441825,0.00006104
-0.08409825,0.00006104
-0.08377825,0.00006104
-0.08345825,0.00006104
-0.08313825,0.00006104
-0.08281825,0.00006104
-0.08249825,0.00006104
-0.08217825,0.00006104
-0.08185825,0.00006104
-0.08153825,0.00006104
-0.08121825,0.00006104
-0.08089825,0.00006104
-0.08057825,0.00006104
-0.08025825,0.00006104
-0.07993825,0.00006104
-0.07961825,0.00006104
-0.07929825,0.00006104
-0.07897825,0.00006104
-0.07865825,-0.01770074
-0.07833825,0.00006104
-0.07801825,0.00006104
-0.07769825,0.00006104
-0.07737825,0.00006104
-0.07705825,-0.01770074
-0.07673825,0.00006104
-0.07641825,0.00006104
-0.07609825,0.00006104
-0.07577825,-0.01770074
-0.07545825,0.00006104
-0.07513825,0.00006104
-0.07481825,0.00006104
-0.07449825,0.00006104
-0.07417825,0.00006104
-0.07385825,0.00006104
-0.07353825,0.00006104
-0.07321825,-0.01770074
-0.07289825,0.00006104
-0.07257825,0.00006104
-0.07225825,0.00006104
-0.07193825,0.00006104
-0.07161825,0.00006104
-0.07129825,0.00006104
-0.07097825,0.00006104
-0.07065825,0.00006104
-0.07033825,0.00006104
-0.07001825,0.00006104
-0.06969825,0.00006104
-0.06937825,0.00006104
-0.06905825,0.00006104
-0.06873825,0.00006104
-0.06841825,0.00006104
-0.06809825,0.00006104
-0.06777825,0.00006104
-0.06745825,0.00006104
-0.06713825,0.00006104
-0.06681825,0.00006104
-0.06649825,0.00006104
-0.06617825,0.00006104
-0.06585825,0.00006104
-0.06553825,0.00006104
-0.06521825,0.00006104
-0.06489825,0.00006104
-0.06457825,0.00006104
-0.06425825,0.00006104
-0.06393825,-0.01770074
-0.06361825,0.00006104
-0.06329825,0.00006104
-0.06297825,-0.01770074
-0.06265825,0.00006104
-0.06233825,0.00006104
-0.06201825,0.00006104
-0.06169825,0.00006104
-0.06137825,-0.01770074
-0.06105825,0.00006104
-0.06073825,0.00006104
-0.06041825,0.00006104
-0.06009825,0.00006104
-0.05977825,0.00006104
-0.05945825,0.00006104
-0.05913825,0.00006104
-0.05881825,0.00006104
-0.05849825,0.00006104
-0.05817825,0.00006104
-0.05785825,0.00006104
-0.05753825,0.00006104
-0.05721825,0.00006104
-0.05689825,0.00006104
-0.05657825,0.00006104
-0.05625825,0.00006104
-0.05593825,0.00006104
-0.05561825,0.00006104
-0.05529825,0.00006104
-0.05497825,0.00006104
-0.05465825,0.00006104
-0.05433825,0.00006104
-0.05401825,0.00006104
-0.05369825,0.00006104
-0.05337825,0.00006104
-0.05305825,0.00006104
-0.05273825,0.00006104
-0.05241825,0.00006104
-0.05209825,0.00006104
-0.05177825,0.00006104
-0.05145825,0.00006104
-0.05113825,0.00006104
-0.05081825,-0.01770074
-0.05049825,0.00006104
-0.05017825,0.00006104
-0.04985825,0.00006104
-0.04953825,0.00006104
-0.04921825,0.00006104
-0.04889825,0.00006104
-0.04857825,0.00006104
-0.04825825,0.00006104
-0.04793825,0.00006104
-0.04761825,0.00006104
-0.04729825,0.00006104
-0.04697825,0.00006104
-0.04665825,0.00006104
-0.04633825,-0.01770074
-0.04601825,0.00006104
-0.04569825,0.00006104
-0.04537825,0.00006104
-0.04505825,0.00006104
-0.04473825,0.00006104
-0.04441825,-0.01770074
-0.04409825,0.00006104
-0.04377825,0.00006104
-0.04345825,0.00006104
-0.04313825,0.00006104
-0.04281825,0.00006104
-0.04249825,0.00006104
-0.04217825,0.00006104
-0.04185825,0.00006104
-0.04153825,0.00006104
-0.04121825,0.00006104
-0.04089825,0.00006104
-0.04057825,0.00006104
-0.04025825,0.00006104
-0.03993825,0.00006104
-0.03961825,0.00006104
-0.03929825,0.00006104
-0.03897825,0.00006104
-0.03865825,0.00006104
-0.03833825,0.00006104
-0.03801825,0.00006104
-0.03769825,0.00006104
-0.03737825,0.00006104
-0.03705825,0.00006104
-0.03673825,0.00006104
-0.03641825,-0.01770074
-0.03609825,0.00006104
-0.03577825,0.00006104
-0.03545825,0.00006104
-0.03513825,0.00006104
-0.03481825,0.00006104
-0.03449825,0.00006104
-0.03417825,0.00006104
-0.03385825,0.00006104
-0.03353825,0.00006104
-0.03321825,0.00006104
-0.03289825,0.00006104
-0.03257825,0.00006104
-0.03225825,0.00006104
-0.03193825,0.00006104
-0.03161825,0.00006104
-0.03129825,0.00006104
-0.03097825,0.00006104
-0.03065825,0.00006104
-0.03033825,0.00006104
-0.03001825,0.00006104
-0.02969825,0.00006104
-0.02937825,0.00006104
-0.02905825,0.00006104
-0.02873825,0.00006104
-0.02841825,0.00006104
-0.02809825,0.00006104
-0.02777825,0.00006104
-0.02745825,0.00006104
-0.02713825,0.00006104
-0.02681825,0.00006104
-0.02649825,0.00006104
-0.02617825,0.00006104
-0.02585825,0.00006104
-0.02553825,0.00006104
-0.02521825,0.00006104
-0.02489825,0.00006104
-0.02457825,0.00006104
-0.02425825,0.00006104
-0.02393825,0.00006104
-0.02361825,0.00006104
-0.02329825,0.00006104
-0.02297825,0.00006104
-0.02265825,0.00006104
-0.02233825,0.00006104
-0.02201825,0.00006104
-0.02169825,0.00006104
-0.02137825,0.00006104
-0.02105825,0.00006104
-0.02073825,0.00006104
-0.02041825,0.00006104
-0.02009825,0.00006104
-0.01977825,0.00006104
-0.01945825,0.00006104
-0.01913825,0.00006104
-0.01881825,0.00006104
-0.01849825,0.00006104
-0.01817825,0.00006104
-0.01785825,0.00006104
-0.01753825,0.00006104
-0.01721825,0.00006104
-0.01689825,0.00006104
-0.01657825,0.00006104
-0.01625825,0.00006104
-0.01593825,0.00006104
-0.01561825,0.00006104
-0.01529825,0.00006104
-0.01497825,0.00006104
-0.01465825,0.00006104
-0.01433825,0.00006104
-0.01401825,0.00006104
-0.01369825,0.00006104
-0.01337825,0.00006104
-0.01305825,0.00006104
-0.01273825,0.00006104
-0.01241825,0.00006104
-0.01209825,0.00006104
-0.01177825,0.00006104
-0.01145825,0.00006104
-0.01113825,0.00006104
-0.01081825,0.00006104
-0.01049825,-0.01770074
-0.01017825,0.00006104
-0.00985825,0.00006104
-0.00953825,0.00006104
-0.00921825,0.00006104
-0.00889825,0.00006104
-0.00857825,0.00006104
-0.00825825,0.00006104
-0.00793825,0.00006104
-0.00761825,0.00006104
-0.00729825,0.00006104
-0.00697825,0.00006104
-0.00665825,0.00006104
-0.00633825,0.00006104
-0.00601825,0.00006104
-0.00569825,-0.01770074
-0.00537825,0.00006104
-0.00505825,0.00006104
-0.00473825,-0.01770074
-0.00441825,0.00006104
-0.00409825,0.00006104
-0.00377825,0.00006104
-0.00345825,0.00006104
-0.00313825,-0.01770074
-0.00281825,0.00006104
-0.00249825,0.00006104
-0.00217825,1.13925600
-0.00185825,0.44502091
-0.00153825,0.12469863
-0.00121825,-0.10669271
-0.00089825,-0.14233834
-0.00057825,-0.08893093
-0.00025825,-0.03552354
0.00006175,0.00006104
0.00038175,-0.01770074
0.00070175,-0.03552354
0.00102175,-0.90774256
0.00134175,-1.12137210
0.00166175,0.49842829
0.00198175,0.85445720
0.00230175,0.08911405
0.00262175,-0.07110813
0.00294175,0.00006104
0.00326175,0.03570665
0.00358175,0.03570665
0.00390175,0.03570665
0.00422175,0.01788385
0.00454175,0.00006104
0.00486175,0.01788385
0.00518175,0.01788385
0.00550175,0.03570665
0.00582175,0.01788385
0.00614175,0.01788385
0.00646175,0.00006104
0.00678175,0.00006104
0.00710175,0.01788385
0.00742175,0.01788385
0.00774175,0.05346843
0.00806175,0.05346843
0.00838175,0.05346843
0.00870175,0.07129124
0.00902175,0.05346843
0.00934175,0.05346843
0.00966175,0.07129124
0.00998175,0.03570665
0.01030175,0.05346843
0.01062175,0.08911405
0.01094175,0.08911405
0.01126175,0.03570665
0.01158175,0.03570665
0.01190175,0.03570665
0.01222175,0.01788385
0.01254175,0.00006104
0.01286175,-0.03552354
0.01318175,-0.01770074
0.01350175,-0.03552354
0.01382175,0.01788385
0.01414175,0.01788385
0.01446175,-0.01770074
0.01478175,0.05346843
0.01510175,0.00006104
0.01542175,-0.03552354
0.01574175,0.01788385
0.01606175,-0.01770074
0.01638175,0.00006104
0.01670175,0.05346843
0.01702175,0.01788385
0.01734175,0.01788385
0.01766175,0.03570665
0.01798175,0.03570665
0.01830175,0.01788385
0.01862175,0.01788385
0.01894175,0.01788385
0.01926175,0.00006104
0.01958175,0.01788385
0.01990175,0.03570665
0.02022175,0.01788385
0.02054175,0.00006104
0.02086175,0.01788385
0.02118175,0.01788385
0.02150175,0.00006104
0.02182175,0.01788385
0.02214175,-0.01770074
0.02246175,-0.01770074
0.02278175,0.01788385
0.02310175,0.00006104
0.02342175,0.00006104
0.02374175,0.01788385
0.02406175,0.01788385
0.02438175,0.00006104
0.02470175,0.01788385
0.02502175,0.00006104
0.02534175,0.00006104
0.02566175,0.01788385
0.02598175,0.01788385
0.02630175,0.00006104
0.02662175,0.01788385
0.02694175,0.01788385
0.02726175,0.00006104
0.02758175,0.00006104
0.02790175,0.00006104
0.02822175,0.00006104
0.02854175,0.00006104
0.02886175,0.00006104
0.02918175,-0.01770074
0.02950175,0.00006104
0.02982175,0.00006104
0.03014175,0.00006104
0.03046175,0.00006104
0.03078175,0.00006104
0.03110175,0.01788385
0.03142175,0.00006104
0.03174175,0.00006104
0.03206175,0.01788385
0.03238175,0.01788385
0.03270175,0.01788385
0.03302175,0.01788385
0.03334175,0.01788385
0.03366175,0.00006104
0.03398175,0.00006104
0.03430175,0.00006104
0.03462175,0.00006104
0.03494175,0.00006104
0.03526175,0.00006104
0.03558175,0.01788385
0.03590175,0.00006104
0.03622175,0.00006104
0.03654175,0.00006104
0.03686175,0.01788385
0.03718175,0.00006104
0.03750175,0.00006104
0.03782175,0.01788385
0.03814175,0.00006104
0.03846175,0.00006104
0.03878175,0.00006104
0.03910175,0.01788385
0.03942175,0.00006104
0.03974175,0.00006104
0.04006175,-0.01770074
0.04038175,0.00006104
0.04070175,-0.01770074
0.04102175,0.00006104
0.04134175,0.00006104
0.04166175,0.00006104
0.04198175,0.00006104
0.04230175,0.00006104
0.04262175,0.00006104
0.04294175,0.00006104
0.04326175,0.00006104
0.04358175,0.00006104
0.04390175,0.00006104
0.04422175,0.01788385
0.04454175,0.00006104
0.04486175,0.00006104
0.04518175,0.00006104
0.04550175,0.00006104
0.04582175,0.00006104
0.04614175,0.00006104
0.04646175,0.00006104
0.04678175,-0.01770074
0.04710175,0.00006104
0.04742175,0.00006104
0.04774175,-0.01770074
0.04806175,0.00006104
0.04838175,0.00006104
0.04870175,0.00006104
0.04902175,0.00006104
0.04934175,0.00006104
0.04966175,0.00006104
0.04998175,0.00006104
0.05030175,0.01788385
0.05062175,0.00006104
0.05094175,0.00006104
0.05126175,0.00006104
0.05158175,0.00006104
0.05190175,0.01788385
0.05222175,0.00006104
0.05254175,0.00006104
0.05286175,0.00006104
0.05318175,0.00006104
0.05350175,0.00006104
0.05382175,0.00006104
0.05414175,0.00006104
0.05446175,0.00006104
0.05478175,0.00006104
0.05510175,0.00006104
0.05542175,0.00006104
0.05574175,0.00006104
0.05606175,0.00006104
0.05638175,0.00006104
0.05670175,0.00006104
0.05702175,0.00006104
0.05734175,0.00006104
0.05766175,0.00006104
0.05798175,0.00006104
0.05830175,0.00006104
0.05862175,0.00006104
0.05894175,0.00006104
0.05926175,0.00006104
0.05958175,0.00006104
0.05990175,0.00006104
0.06022175,0.00006104
0.06054175,0.00006104
0.06086175,0.00006104
0.06118175,0.00006104
0.06150175,0.00006104
0.06182175,0.00006104
0.06214175,0.00006104
0.06246175,0.00006104
0.06278175,0.00006104
0.06310175,0.00006104
0.06342175,0.00006104
0.06374175,0.00006104
0.06406175,0.00006104
0.06438175,0.00006104
0.06470175,0.00006104
0.06502175,0.00006104
0.06534175,0.00006104
0.06566175,0.00006104
0.06598175,0.00006104
0.06630175,0.00006104
0.06662175,0.00006104
0.06694175,0.00006104
0.06726175,0.00006104
0.06758175,0.00006104
0.06790175,0.00006104
0.06822175,0.00006104
0.06854175,0.00006104
0.06886175,0.00006104
0.06918175,0.00006104
0.06950175,0.00006104
0.06982175,0.00006104
0.07014175,0.00006104
0.07046175,0.00006104
0.07078175,0.00006104
0.07110175,0.00006104
0.07142175,0.00006104
0.07174175,0.00006104
0.07206175,0.00006104
0.07238175,0.00006104
0.07270175,0.00006104
0.07302175,0.00006104
0.07334175,0.00006104
0.07366175,0.00006104
0.07398175,0.00006104
0.07430175,0.00006104
0.07462175,0.00006104
0.07494175,0.00006104
0.07526175,0.00006104
0.07558175,0.00006104
0.07590175,0.00006104
0.07622175,0.00006104
0.07654175,0.00006104
0.07686175,0.00006104
0.07718175,0.00006104
0.07750175,0.00006104
0.07782175,0.00006104
0.07814175,-0.01770074
0.07846175,0.00006104
0.07878175,0.00006104
0.07910175,-0.01770074
0.07942175,0.00006104
0.07974175,0.00006104
0.08006175,0.00006104
0.08038175,0.00006104
0.08070175,0.00006104
0.08102175,0.00006104
0.08134175,-0.01770074
0.08166175,0.00006104
0.08198175,0.00006104
0.08230175,0.00006104
0.08262175,0.00006104
0.08294175,0.00006104
0.08326175,0.00006104
0.08358175,0.00006104
0.08390175,0.00006104
0.08422175,0.00006104
0.08454175,0.00006104
0.08486175,-0.01770074
0.08518175,0.00006104
0.08550175,0.00006104
0.08582175,-0.01770074
0.08614175,0.00006104
0.08646175,0.00006104
0.08678175,0.00006104
0.08710175,0.00006104
0.08742175,0.00006104
0.08774175,0.00006104
0.08806175,0.00006104
0.08838175,0.00006104
0.08870175,0.00006104
0.08902175,0.00006104
0.08934175,0.00006104
0.08966175,0.00006104
0.08998175,0.00006104
0.09030175,0.00006104
0.09062175,0.00006104
0.09094175,0.00006104
0.09126175,0.00006104
0.09158175,0.00006104
0.09190175,0.00006104
0.09222175,0.00006104
0.09254175,0.00006104
0.09286175,0.00006104
0.09318175,-0.01770074
0.09350175,0.00006104
0.09382175,0.00006104
0.09414175,0.00006104
0.09446175,0.00006104
0.09478175,0.00006104
0.09510175,0.00006104
0.09542175,0.00006104
0.09574175,0.00006104
0.09606175,0.00006104
0.09638175,0.00006104
0.09670175,0.00006104
0.09702175,0.00006104
0.09734175,0.00006104
0.09766175,0.00006104
0.09798175,0.00006104
0.09830175,0.00006104
0.09862175,0.00006104
0.09894175,-0.01770074
0.09926175,0.00006104
0.09958175,0.00006104
0.09990175,0.00006104
0.10022175,0.00006104
0.10054175,0.00006104
0.10086175,0.00006104
0.10118175,0.00006104
0.10150175,0.00006104
0.10182175,0.00006104
0.10214175,0.00006104
0.10246175,0.00006104
0.10278175,0.00006104
0.10310175,-0.01770074
0.10342175,0.00006104
0.10374175,0.00006104
0.10406175,0.00006104
0.10438175,0.00006104
0.10470175,-0.01770074
0.10502175,0.00006104
0.10534175,0.00006104
0.10566175,0.00006104
0.10598175,0.00006104
0.10630175,0.00006104
0.10662175,0.00006104
0.10694175,0.00006104
0.10726175,0.00006104
0.10758175,-0.01770074
0.10790175,0.00006104
0.10822175,0.00006104
0.10854175,-0.01770074
0.10886175,0.00006104
0.10918175,0.00006104
0.10950175,0.00006104
0.10982175,-0.01770074
0.11014175,0.00006104
0.11046175,-0.01770074
0.11078175,0.00006104
0.11110175,0.00006104
0.11142175,0.00006104
0.11174175,0.00006104
0.11206175,0.00006104
0.11238175,0.00006104
0.11270175,0.00006104
0.11302175,0.00006104
0.11334175,0.00006104
0.11366175,0.00006104
0.11398175,0.00006104
0.11430175,0.00006104
0.11462175,0.00006104
0.11494175,0.00006104
0.11526175,0.00006104
0.11558175,0.00006104
0.11590175,0.00006104
0.11622175,0.00006104
0.11654175,0.00006104
0.11686175,0.00006104
0.11718175,0.00006104
0.11750175,0.00006104
0.11782175,0.00006104
0.11814175,0.00006104
0.11846175,0.00006104
0.11878175,0.00006104
0.11910175,0.00006104
0.11942175,0.00006104
0.11974175,-0.01770074
0.12006175,0.00006104
0.12038175,0.00006104
0.12070175,0.00006104
0.12102175,0.00006104
0.12134175,0.00006104
0.12166175,0.00006104
0.12198175,0.00006104
0.12230175,0.00006104
0.12262175,0.00006104
0.12294175,0.00006104
0.12326175,0.00006104
0.12358175,0.00006104
0.12390175,0.00006104
0.12422175,0.00006104
0.12454175,0.00006104
0.12486175,0.00006104
0.12518175,0.00006104
0.12550175,0.00006104
0.12582175,0.00006104
0.12614175,0.00006104
0.12646175,0.00006104
0.12678175,0.00006104
0.12710175,0.00006104
0.12742175,0.00006104
0.12774175,0.00006104
0.12806175,0.00006104
0.12838175,0.00006104
0.12870175,-0.01770074
0.12902175,0.00006104
0.12934175,0.00006104
0.12966175,0.00006104
0.12998175,0.00006104
0.13030175,0.00006104
0.13062175,0.00006104
0.13094175,0.00006104
0.13126175,0.00006104
0.13158175,0.00006104
0.13190175,0.00006104
0.13222175,0.00006104
0.13254175,0.00006104
0.13286175,0.00006104
0.13318175,0.00006104
0.13350175,0.00006104
0.13382175,0.00006104
0.13414175,0.00006104
0.13446175,0.00006104
0.13478175,0.00006104
0.13510175,0.00006104
0.13542175,0.00006104
0.13574175,0.00006104
0.13606175,0.00006104
0.13638175,0.00006104
0.13670175,0.00006104
0.13702175,0.00006104
0.13734175,0.00006104
0.13766175,0.00006104
0.13798175,0.00006104
0.13830175,0.00006104
0.13862175,0.00006104
0.13894175,0.00006104
0.13926175,-0.01770074
0.13958175,0.00006104
0.13990175,0.00006104
0.14022175,0.00006104
0.14054175,0.00006104
0.14086175,-0.01770074
0.14118175,0.00006104
0.14150175,0.00006104
0.14182175,0.00006104
0.14214175,-0.01770074
0.14246175,0.00006104
0.14278175,0.00006104
0.14310175,0.00006104
0.14342175,0.00006104
0.14374175,0.00006104
0.14406175,0.00006104
0.14438175,0.00006104
0.14470175,0.00006104
0.14502175,0.00006104
0.14534175,0.00006104
0.14566175,0.00006104
0.14598175,0.00006104
0.14630175,0.00006104
0.14662175,0.00006104
0.14694175,0.00006104
0.14726175,0.00006104
0.14758175,0.00006104
0.14790175,0.00006104
0.14822175,-0.01770074
0.14854175,0.00006104
0.14886175,0.00006104
0.14918175,0.00006104
0.14950175,0.00006104
0.14982175,0.00006104
0.15014175,0.00006104
0.15046175,0.00006104
0.15078175,0.00006104
0.15110175,0.00006104
0.15142175,0.00006104
0.15174175,0.00006104
0.15206175,0.00006104
0.15238175,0.00006104
0.15270175,0.00006104
0.15302175,0.00006104
0.15334175,0.00006104
0.15366175,-0.01770074
0.15398175,0.00006104
0.15430175,-0.01770074
0.15462175,0.00006104
0.15494175,0.00006104
0.15526175,-0.01770074
0.15558175,-0.01770074
0.15590175,0.00006104
0.15622175,0.00006104
0.15654175,0.00006104
0.15686175,0.00006104
0.15718175,0.00006104
0.15750175,0.00006104
0.15782175,0.00006104
0.15814175,0.00006104
0.15846175,0.00006104
0.15878175,0.00006104
0.15910175,0.00006104
0.15942175,0.00006104
0.15974175,0.00006104
0.16006175,0.00006104
0.16038175,0.00006104
0.16070175,0.00006104
0.16102175,0.00006104
0.16134175,0.00006104
0.16166175,0.00006104
0.16198175,0.00006104
0.16230175,0.00006104
0.16262175,0.00006104
0.16294175,0.00006104
0.16326175,0.00006104
0.16358175,0.00006104
0.16390175,0.00006104
0.16422175,0.00006104
0.16454175,0.00006104
0.16486175,0.00006104
0.16518175,0.00006104
0.16550175,0.00006104
0.16582175,0.00006104
0.16614175,0.00006104
0.16646175,0.00006104
0.16678175,0.00006104
0.16710175,0.00006104
0.16742175,0.00006104
0.16774175,0.00006104
0.16806175,-0.01770074
0.16838175,0.00006104
0.16870175,0.00006104
0.16902175,0.00006104
0.16934175,0.00006104
0.16966175,0.00006104
0.16998175,0.00006104
0.17030175,-0.01770074
0.17062175,0.00006104
0.17094175,0.00006104
0.17126175,0.00006104
0.17158175,-0.01770074
0.17190175,0.00006104
0.17222175,0.00006104
0.17254175,0.00006104
0.17286175,0.00006104
0.17318175,0.00006104
0.17350175,0.00006104
0.17382175,0.00006104
0.17414175,0.00006104
0.17446175,0.00006104
0.17478175,0.00006104
0.17510175,0.00006104
0.17542175,0.00006104
0.17574175,0.00006104
0.17606175,0.00006104
0.17638175,0.00006104
0.17670175,0.00006104
0.17702175,0.00006104
0.17734175,-0.01770074
0.17766175,0.00006104
0.17798175,0.00006104
0.17830175,0.00006104
0.17862175,0.00006104
0.17894175,-0.01770074
0.17926175,0.00006104
0.17958175,0.00006104
0.17990175,0.00006104
0.18022175,0.00006104
0.18054175,0.00006104
0.18086175,0.00006104
0.18118175,-0.01770074
0.18150175,0.00006104
0.18182175,0.00006104
0.18214175,0.00006104
0.18246175,0.00006104
0.18278175,0.00006104
0.18310175,0.00006104
0.18342175,0.00006104
0.18374175,0.00006104
0.18406175,0.00006104
0.18438175,0.00006104
0.18470175,0.00006104
0.18502175,0.00006104
0.18534175,0.00006104
0.18566175,0.00006104
0.18598175,0.00006104
0.18630175,0.00006104
0.18662175,0.00006104
0.18694175,0.00006104
0.18726175,0.00006104
0.18758175,0.00006104
0.18790175,0.00006104
0.18822175,0.00006104
0.18854175,0.00006104
0.18886175,0.00006104
0.18918175,0.00006104
0.18950175,0.00006104
0.18982175,0.00006104
0.19014175,0.00006104
0.19046175,0.00006104
0.19078175,0.00006104
0.19110175,0.00006104
0.19142175,0.00006104
0.19174175,0.00006104
0.19206175,0.00006104
0.19238175,0.00006104
0.19270175,0.00006104
0.19302175,0.00006104
0.19334175,0.00006104
0.19366175,0.00006104
0.19398175,0.00006104
0.19430175,0.00006104
0.19462175,0.00006104
0.19494175,0.00006104
0.19526175,0.00006104
0.19558175,0.00006104
0.19590175,0.00006104
0.19622175,0.00006104
0.19654175,0.00006104
0.19686175,-0.01770074
0.19718175,0.00006104
0.19750175,0.00006104
0.19782175,0.00006104
0.19814175,0.00006104
0.19846175,0.00006104
0.19878175,0.00006104
0.19910175,0.00006104
0.19942175,-0.01770074
0.19974175,0.00006104
0.20006175,0.00006104
0.20038175,0.00006104
0.20070175,0.00006104
0.20102175,0.00006104
0.20134175,0.00006104
0.20166175,0.00006104
0.20198175,0.00006104
0.20230175,0.00006104
0.20262175,0.00006104
0.20294175,0.00006104
0.20326175,0.00006104
0.20358175,0.00006104
0.20390175,0.00006104
0.20422175,0.00006104
0.20454175,0.00006104
0.20486175,0.00006104
0.20518175,0.00006104
0.20550175,0.00006104
0.20582175,0.00006104
0.20614175,0.00006104
0.20646175,0.00006104
0.20678175,0.00006104
0.20710175,0.00006104
0.20742175,0.00006104
0.20774175,-0.01770074
0.20806175,0.00006104
0.20838175,0.00006104
0.20870175,0.00006104
0.20902175,0.00006104
0.20934175,0.00006104
0.20966175,0.00006104
0.20998175,0.00006104
0.21030175,0.00006104
0.21062175,0.00006104
0.21094175,0.00006104
0.21126175,0.00006104
0.21158175,0.00006104
0.21190175,0.00006104
0.21222175,0.00006104
0.21254175,0.00006104
0.21286175,0.00006104
0.21318175,0.00006104
0.21350175,0.00006104
0.21382175,0.00006104
0.21414175,0.00006104
0.21446175,0.00006104
0.21478175,0.00006104
0.21510175,0.00006104
0.21542175,0.00006104
0.21574175,0.00006104
0.21606175,0.00006104
0.21638175,0.00006104
0.21670175,0.00006104
0.21702175,0.00006104
0.21734175,0.00006104
0.21766175,0.00006104
0.21798175,0.00006104
0.21830175,0.00006104
0.21862175,0.00006104
0.21894175,0.00006104
0.21926175,0.00006104
0.21958175,0.00006104
0.21990175,0.00006104
0.22022175,0.00006104
0.22054175,0.00006104
0.22086175,0.00006104
0.22118175,0.00006104
0.22150175,0.00006104
0.22182175,0.00006104
0.22214175,0.00006104
0.22246175,0.00006104
0.22278175,0.00006104
0.22310175,0.00006104
0.22342175,0.00006104
0.22374175,0.00006104
0.22406175,0.00006104
0.22438175,0.00006104
0.22470175,0.00006104
0.22502175,0.00006104
0.22534175,0.00006104
0.22566175,0.00006104
0.22598175,0.00006104
0.22630175,0.00006104
0.22662175,0.00006104
0.22694175,0.00006104
0.22726175,0.00006104
0.22758175,0.00006104
0.22790175,0.00006104
0.22822175,0.00006104
0.22854175,-0.01770074
0.22886175,0.00006104
0.22918175,0.00006104
0.22950175,0.00006104
0.22982175,0.00006104
0.23014175,0.00006104
0.23046175,0.00006104
0.23078175,0.00006104
0.23110175,0.00006104
0.23142175,0.00006104
0.23174175,0.00006104
0.23206175,0.00006104
0.23238175,0.00006104
0.23270175,0.00006104
0.23302175,0.00006104
0.23334175,0.00006104
0.23366175,0.00006104
0.23398175,0.00006104
0.23430175,0.00006104
0.23462175,0.00006104
0.23494175,0.00006104
0.23526175,0.00006104
0.23558175,0.00006104
0.23590175,0.00006104
0.23622175,0.00006104
0.23654175,0.00006104
0.23686175,0.00006104
0.23718175,0.00006104
0.23750175,0.00006104
0.23782175,0.00006104
0.23814175,0.00006104
0.23846175,0.00006104
0.23878175,0.00006104
0.23910175,-0.01770074
0.23942175,0.00006104
0.23974175,0.00006104
0.24006175,0.00006104
0.24038175,0.00006104
0.24070175,0.00006104
0.24102175,0.00006104
0.24134175,0.00006104
0.24166175,0.00006104
0.24198175,0.00006104
0.24230175,0.00006104
0.24262175,0.00006104
0.24294175,0.00006104
0.24326175,0.00006104
0.24358175,0.00006104
0.24390175,0.00006104
0.24422175,0.00006104
0.24454175,0.00006104
0.24486175,0.00006104
0.24518175,0.00006104
0.24550175,0.00006104
0.24582175,0.00006104
0.24614175,0.00006104
0.24646175,0.00006104
0.24678175,0.00006104
0.24710175,0.00006104
0.24742175,-0.01770074
0.24774175,-0.01770074
0.24806175,0.00006104
0.24838175,-0.01770074
0.24870175,0.00006104
0.24902175,0.00006104
0.24934175,0.00006104
0.24966175,0.00006104
0.24998175,0.00006104
0.25030175,0.00006104
0.25062175,0.00006104
0.25094175,0.00006104
0.25126175,0.00006104
0.25158175,0.00006104
0.25190175,0.00006104
0.25222175,0.00006104
0.25254175,0.00006104
0.25286175,0.00006104
0.25318175,0.00006104
0.25350175,0.00006104
0.25382175,0.00006104
0.25414175,0.00006104
0.25446175,0.00006104
0.25478175,0.00006104
0.25510175,0.00006104
0.25542175,0.00006104
0.25574175,0.00006104
0.25606175,0.00006104
0.25638175,0.00006104
0.25670175,0.00006104
0.25702175,0.00006104
0.25734175,-0.01770074
0.25766175,0.00006104
0.25798175,0.00006104
0.25830175,0.00006104
0.25862175,0.00006104
0.25894175,0.00006104
0.25926175,0.00006104
0.25958175,0.00006104
0.25990175,0.00006104
0.26022175,0.00006104
0.26054175,0.00006104
0.26086175,0.00006104
0.26118175,0.00006104
0.26150175,0.00006104
0.26182175,0.00006104
0.26214175,0.00006104
0.26246175,0.00006104
0.26278175,0.00006104
0.26310175,0.00006104
0.26342175,0.00006104
0.26374175,0.00006104
0.26406175,0.00006104
0.26438175,0.00006104
0.26470175,-0.01770074
0.26502175,-0.01770074
0.26534175,-0.01770074
0.26566175,0.00006104
0.26598175,-0.01770074
0.26630175,-0.01770074
0.26662175,0.00006104
0.26694175,0.00006104
0.26726175,0.00006104
0.26758175,0.00006104
0.26790175,0.00006104
0.26822175,0.00006104
0.26854175,0.00006104
0.26886175,0.00006104
0.26918175,0.00006104
0.26950175,0.00006104
0.26982175,0.00006104
0.27014175,0.00006104
0.27046175,0.00006104
0.27078175,0.00006104
0.27110175,0.00006104
0.27142175,0.00006104
0.27174175,0.00006104
0.27206175,0.00006104
0.27238175,0.00006104
0.27270175,0.00006104
0.27302175,0.00006104
0.27334175,0.00006104
0.27366175,0.00006104
0.27398175,0.00006104
0.27430175,0.00006104
0.27462175,0.00006104
0.27494175,0.00006104
0.27526175,0.00006104
0.27558175,0.00006104
0.27590175,0.00006104
0.27622175,0.00006104
0.27654175,0.00006104
0.27686175,0.00006104
0.27718175,0.00006104
0.27750175,0.00006104
0.27782175,0.00006104
0.27814175,0.00006104
0.27846175,0.00006104
0.27878175,0.00006104
0.27910175,0.00006104
0.27942175,0.00006104
0.27974175,0.00006104
0.28006175,0.00006104
0.28038175,0.00006104
0.28070175,-0.01770074
0.28102175,0.00006104
0.28134175,-0.01770074
0.28166175,-0.01770074
0.28198175,0.00006104
0.28230175,0.00006104
0.28262175,0.00006104
0.28294175,0.00006104
0.28326175,0.00006104
0.28358175,0.00006104
0.28390175,0.00006104
0.28422175,-0.01770074
0.28454175,0.00006104
0.28486175,0.00006104
0.28518175,0.00006104
0.28550175,0.00006104
0.28582175,0.00006104
0.28614175,0.00006104
0.28646175,0.00006104
0.28678175,0.00006104
0.28710175,0.00006104
0.28742175,0.00006104
0.28774175,0.00006104
0.28806175,0.00006104
0.28838175,-0.01770074
0.28870175,0.00006104
0.28902175,-0.01770074
0.28934175,0.00006104
0.28966175,0.00006104
0.28998175,0.00006104
0.29030175,0.00006104
0.29062175,0.00006104
0.29094175,0.00006104
0.29126175,0.00006104
0.29158175,0.00006104
0.29190175,0.00006104
0.29222175,0.00006104
0.29254175,0.00006104
0.29286175,0.00006104
0.29318175,0.00006104
0.29350175,0.00006104
0.29382175,0.00006104
0.29414175,0.00006104
0.29446175,0.00006104
0.29478175,0.00006104
0.29510175,0.00006104
0.29542175,0.00006104
0.29574175,0.00006104
0.29606175,0.00006104
0.29638175,0.00006104
0.29670175,0.00006104
0.29702175,0.00006104
0.29734175,0.00006104
0.29766175,0.00006104
0.29798175,0.00006104
0.29830175,0.00006104
0.29862175,0.00006104
0.29894175,0.00006104
0.29926175,0.00006104
0.29958175,0.00006104
0.29990175,-0.01770074
0.30022175,0.00006104
0.30054175,0.00006104
0.30086175,0.00006104
0.30118175,0.00006104
0.30150175,0.00006104
0.30182175,0.00006104
0.30214175,0.00006104
0.30246175,0.00006104
0.30278175,0.00006104
0.30310175,0.00006104
0.30342175,0.00006104
0.30374175,0.00006104
0.30406175,0.00006104
0.30438175,0.00006104
0.30470175,0.00006104
0.30502175,0.00006104
0.30534175,0.00006104
0.30566175,0.00006104
0.30598175,0.00006104
0.30630175,0.00006104
0.30662175,0.00006104
0.30694175,0.00006104
0.30726175,-0.01770074
0.30758175,-0.01770074
0.30790175,0.00006104
0.30822175,0.00006104
0.30854175,0.00006104
0.30886175,0.00006104
0.30918175,0.00006104
0.30950175,0.00006104
0.30982175,0.00006104
0.31014175,0.00006104
0.31046175,0.00006104
0.31078175,0.00006104
0.31110175,0.00006104
0.31142175,0.00006104
0.31174175,0.00006104
0.31206175,0.00006104
0.31238175,0.00006104
0.31270175,0.00006104
0.31302175,0.00006104
0.31334175,0.00006104
0.31366175,0.00006104
0.31398175,0.00006104
0.31430175,0.00006104
0.31462175,0.00006104
0.31494175,0.00006104
0.31526175,0.00006104
0.31558175,0.00006104
0.31590175,0.00006104
0.31622175,0.00006104
0.31654175,0.00006104
0.31686175,0.00006104
0.31718175,0.00006104
0.31750175,-0.01770074
0.31782175,0.00006104
0.31814175,0.00006104
0.31846175,0.00006104
0.31878175,0.00006104
0.31910175,0.00006104
0.31942175,0.00006104
0.31974175,0.00006104
0.32006175,0.00006104
0.32038175,0.00006104
0.32070175,0.00006104
0.32102175,0.00006104
0.32134175,0.00006104
0.32166175,0.00006104
0.32198175,0.00006104
0.32230175,0.00006104
0.32262175,0.00006104
0.32294175,0.00006104
0.32326175,0.00006104
0.32358175,0.00006104
0.32390175,0.00006104
0.32422175,0.00006104
0.32454175,0.00006104
0.32486175,0.00006104
0.32518175,-0.01770074
0.32550175,0.00006104
0.32582175,0.00006104
0.32614175,0.00006104
0.32646175,0.00006104
0.32678175,0.00006104
0.32710175,0.00006104
0.32742175,0.00006104
0.32774175,0.00006104
0.32806175,0.00006104
0.32838175,0.00006104
0.32870175,0.00006104
0.32902175,0.00006104
0.32934175,0.00006104
0.32966175,0.00006104
0.32998175,0.00006104
0.33030175,0.00006104
0.33062175,-0.01770074
0.33094175,0.00006104
0.33126175,0.00006104
0.33158175,0.00006104
0.33190175,0.00006104
0.33222175,0.00006104
0.33254175,0.00006104
0.33286175,0.00006104
0.33318175,0.00006104
0.33350175,0.00006104
0.33382175,0.00006104
0.33414175,0.00006104
0.33446175,0.00006104
0.33478175,0.00006104
0.33510175,0.00006104
0.33542175,0.00006104
0.33574175,0.00006104
0.33606175,0.00006104
0.33638175,0.00006104
0.33670175,0.00006104
0.33702175,0.00006104
0.33734175,0.00006104
0.33766175,0.00006104
0.33798175,-0.01770074
0.33830175,0.00006104
0.33862175,0.00006104
0.33894175,0.00006104
0.33926175,0.00006104
0.33958175,0.00006104
0.33990175,0.00006104
0.34022175,0.00006104
0.34054175,0.00006104
0.34086175,0.00006104
0.34118175,0.00006104
0.34150175,0.00006104
0.34182175,0.00006104
0.34214175,0.00006104
0.34246175,0.00006104
0.34278175,0.00006104
0.34310175,0.00006104
0.34342175,0.00006104
0.34374175,0.00006104
0.34406175,0.00006104
0.34438175,0.00006104
0.34470175,0.00006104
0.34502175,0.00006104
0.34534175,0.00006104
0.34566175,0.00006104
0.34598175,0.00006104
0.34630175,0.00006104
0.34662175,0.00006104
0.34694175,0.00006104
0.34726175,0.00006104
0.34758175,0.00006104
0.34790175,0.00006104
0.34822175,0.00006104
0.34854175,0.00006104
0.34886175,0.00006104
0.34918175,0.00006104
0.34950175,0.00006104
0.34982175,0.00006104
0.35014175,0.00006104
0.35046175,0.00006104
0.35078175,0.00006104
0.35110175,0.00006104
0.35142175,0.00006104
0.35174175,0.00006104
0.35206175,0.00006104
0.35238175,0.00006104
0.35270175,0.00006104
0.35302175,0.00006104
0.35334175,0.00006104
0.35366175,0.00006104
0.35398175,0.00006104
0.35430175,0.00006104
0.35462175,0.00006104
0.35494175,0.00006104
0.35526175,0.00006104
0.35558175,0.00006104
0.35590175,0.00006104
0.35622175,0.00006104
0.35654175,0.00006104
0.35686175,0.00006104
0.35718175,0.00006104
0.35750175,0.00006104
0.35782175,0.00006104
0.35814175,0.00006104
0.35846175,0.00006104
0.35878175,0.00006104
0.35910175,0.00006104
0.35942175,0.00006104
0.35974175,0.00006104
0.36006175,0.00006104
0.36038175,0.00006104
0.36070175,0.00006104
0.36102175,0.00006104
0.36134175,0.00006104
0.36166175,0.00006104
0.36198175,0.00006104
0.36230175,0.00006104
0.36262175,0.00006104
0.36294175,0.00006104
0.36326175,0.00006104
0.36358175,0.00006104
0.36390175,0.00006104
0.36422175,0.00006104
0.36454175,0.00006104
0.36486175,0.00006104
0.36518175,0.00006104
0.36550175,0.00006104
0.36582175,0.00006104
0.36614175,0.00006104
0.36646175,0.00006104
0.36678175,0.00006104
0.36710175,0.00006104
0.36742175,0.00006104
0.36774175,0.00006104
0.36806175,0.00006104
0.36838175,0.00006104
0.36870175,0.00006104
0.36902175,0.00006104
0.36934175,0.00006104
0.36966175,0.00006104
0.36998175,0.00006104
0.37030175,0.00006104
0.37062175,0.00006104
0.37094175,0.00006104
0.37126175,0.00006104
0.37158175,0.00006104
0.37190175,0.00006104
0.37222175,0.00006104
0.37254175,0.00006104
0.37286175,0.00006104
0.37318175,0.00006104
0.37350175,0.00006104
0.37382175,0.00006104
0.37414175,0.00006104
0.37446175,0.00006104
0.37478175,0.00006104
0.37510175,0.00006104
0.37542175,0.00006104
0.37574175,0.00006104
0.37606175,0.00006104
0.37638175,0.00006104
0.37670175,0.00006104
0.37702175,0.00006104
0.37734175,0.00006104
0.37766175,0.00006104
0.37798175,0.00006104
0.37830175,0.00006104
0.37862175,0.00006104
0.37894175,0.00006104
0.37926175,0.00006104
0.37958175,0.00006104
0.37990175,0.00006104
0.38022175,0.00006104
0.38054175,0.00006104
0.38086175,-0.01770074
0.38118175,0.00006104
0.38150175,0.00006104
0.38182175,0.00006104
0.38214175,0.00006104
0.38246175,0.00006104
0.38278175,0.00006104
0.38310175,0.00006104
0.38342175,0.00006104
0.38374175,0.00006104
0.38406175,0.00006104
0.38438175,0.00006104
0.38470175,0.00006104
0.38502175,0.00006104
0.38534175,0.00006104
0.38566175,0.00006104
0.38598175,0.00006104
0.38630175,0.00006104
0.38662175,0.00006104
0.38694175,0.00006104
0.38726175,0.00006104
0.38758175,0.00006104
0.38790175,0.00006104
0.38822175,0.00006104
0.38854175,0.00006104
0.38886175,-0.01770074
0.38918175,0.00006104
0.38950175,0.00006104
0.38982175,0.00006104
0.39014175,0.00006104
0.39046175,0.00006104
0.39078175,0.00006104
0.39110175,0.00006104
0.39142175,0.00006104
0.39174175,0.00006104
0.39206175,0.00006104
0.39238175,0.00006104
0.39270175,0.00006104
0.39302175,-0.01770074
0.39334175,-0.01770074
0.39366175,0.00006104
0.39398175,0.00006104
0.39430175,0.00006104
0.39462175,0.00006104
0.39494175,0.00006104
0.39526175,0.00006104
0.39558175,0.00006104
0.39590175,0.00006104
0.39622175,0.00006104
0.39654175,0.00006104
0.39686175,0.00006104
0.39718175,0.00006104
0.39750175,-0.01770074
0.39782175,0.00006104
0.39814175,-0.01770074
0.39846175,0.00006104
0.39878175,0.00006104
0.39910175,0.00006104
0.39942175,0.00006104
0.39974175,0.00006104
0.40006175,0.00006104
0.40038175,0.00006104
0.40070175,0.00006104
0.40102175,0.00006104
0.40134175,0.00006104
0.40166175,0.00006104
0.40198175,0.00006104
0.40230175,0.00006104
0.40262175,0.00006104
0.40294175,0.00006104
0.40326175,0.00006104
0.40358175,0.00006104
0.40390175,0.00006104
0.40422175,0.00006104
0.40454175,0.00006104
0.40486175,0.00006104
0.40518175,0.00006104
0.40550175,0.00006104
0.40582175,0.00006104
0.40614175,0.00006104
0.40646175,0.00006104
0.40678175,0.00006104
0.40710175,0.00006104
0.40742175,0.00006104
0.40774175,0.00006104
0.40806175,0.00006104
0.40838175,0.00006104
0.40870175,0.00006104
0.40902175,0.00006104
0.40934175,0.00006104
0.40966175,0.00006104
0.40998175,0.00006104
0.41030175,-0.01770074
0.41062175,0.00006104
0.41094175,0.00006104
0.41126175,0.00006104
0.41158175,0.00006104
0.41190175,0.00006104
0.41222175,0.00006104
0.41254175,0.00006104
0.41286175,0.00006104
0.41318175,0.00006104
0.41350175,0.00006104
0.41382175,0.00006104
0.41414175,0.00006104
0.41446175,0.00006104
0.41478175,0.00006104
0.41510175,0.00006104
0.41542175,0.00006104
0.41574175,0.00006104
0.41606175,0.00006104
0.41638175,0.00006104
0.41670175,0.00006104
0.41702175,0.00006104
0.41734175,0.00006104
0.41766175,0.00006104
0.41798175,0.00006104
0.41830175,0.00006104
0.41862175,0.00006104
0.41894175,0.00006104
0.41926175,0.00006104
0.41958175,0.00006104
0.41990175,0.00006104
0.42022175,0.00006104
0.42054175,0.00006104
0.42086175,0.00006104
0.42118175,0.00006104
0.42150175,0.00006104
0.42182175,0.00006104
0.42214175,0.00006104
0.42246175,0.00006104
0.42278175,0.00006104
0.42310175,0.00006104
0.42342175,0.00006104
0.42374175,0.00006104
0.42406175,0.00006104
0.42438175,0.00006104
0.42470175,0.00006104
0.42502175,0.00006104
0.42534175,0.00006104
0.42566175,0.00006104
0.42598175,0.00006104
0.42630175,0.00006104
0.42662175,0.00006104
0.42694175,0.00006104
0.42726175,0.00006104
0.42758175,0.00006104
0.42790175,0.00006104
0.42822175,0.00006104
0.42854175,0.00006104
0.42886175,0.00006104
0.42918175,0.00006104
0.42950175,0.00006104
0.42982175,0.00006104
0.43014175,0.00006104
0.43046175,-0.01770074
0.43078175,0.00006104
0.43110175,0.00006104
0.43142175,0.00006104
0.43174175,0.00006104
0.43206175,0.00006104
0.43238175,0.00006104
0.43270175,0.00006104
0.43302175,0.00006104
0.43334175,0.00006104
0.43366175,0.00006104
0.43398175,0.00006104
0.43430175,-0.01770074
0.43462175,0.00006104
0.43494175,0.00006104
0.43526175,0.00006104
0.43558175,0.00006104
0.43590175,-0.01770074
0.43622175,0.00006104
0.43654175,0.00006104
0.43686175,0.00006104
0.43718175,-0.01770074
0.43750175,0.00006104
0.43782175,0.00006104
0.43814175,0.00006104
0.43846175,0.00006104
0.43878175,0.00006104
0.43910175,0.00006104
0.43942175,0.00006104
0.43974175,0.00006104
0.44006175,0.00006104
0.44038175,0.00006104
0.44070175,0.00006104
0.44102175,0.00006104
0.44134175,0.00006104
0.44166175,0.00006104
0.44198175,0.00006104
0.44230175,0.00006104
0.44262175,0.00006104
0.44294175,0.00006104
0.44326175,0.00006104
0.44358175,0.00006104
0.44390175,0.00006104
0.44422175,0.00006104
0.44454175,0.00006104
0.44486175,0.00006104
0.44518175,-0.01770074
0.44550175,0.00006104
0.44582175,0.00006104
0.44614175,0.00006104
0.44646175,0.00006104
0.44678175,0.00006104
0.44710175,0.00006104
0.44742175,0.00006104
0.44774175,0.00006104
0.44806175,0.00006104
0.44838175,0.00006104
0.44870175,0.00006104
0.44902175,0.00006104
0.44934175,0.00006104
0.44966175,0.00006104
0.44998175,0.00006104
0.45030175,0.00006104
0.45062175,0.00006104
0.45094175,0.00006104
0.45126175,0.00006104
0.45158175,0.00006104
0.45190175,0.00006104
0.45222175,0.00006104
0.45254175,0.00006104
0.45286175,0.00006104
0.45318175,0.00006104
0.45350175,0.00006104
0.45382175,0.00006104
0.45414175,0.00006104
0.45446175,0.00006104
0.45478175,0.00006104
0.45510175,0.00006104
0.45542175,0.00006104
0.45574175,0.00006104
0.45606175,0.00006104
0.45638175,0.00006104
0.45670175,0.00006104
0.45702175,0.00006104
0.45734175,0.00006104
0.45766175,0.00006104
0.45798175,0.00006104
0.45830175,0.00006104
0.45862175,0.00006104
0.45894175,0.00006104
0.45926175,0.00006104
0.45958175,0.00006104
0.45990175,0.00006104
0.46022175,0.00006104
0.46054175,0.00006104
0.46086175,0.00006104
0.46118175,0.00006104
0.46150175,0.00006104
0.46182175,0.00006104
0.46214175,0.00006104
0.46246175,0.00006104
0.46278175,0.00006104
0.46310175,0.00006104
0.46342175,0.00006104
0.46374175,0.00006104
0.46406175,0.00006104
0.46438175,0.00006104
0.46470175,0.00006104
0.46502175,0.00006104
0.46534175,0.00006104
0.46566175,0.00006104
0.46598175,0.00006104
0.46630175,0.00006104
0.46662175,0.00006104
0.46694175,0.00006104
0.46726175,0.00006104
0.46758175,0.00006104
0.46790175,0.00006104
0.46822175,0.00006104
0.46854175,0.00006104
0.46886175,0.00006104
0.46918175,0.00006104
0.46950175,0.00006104
0.46982175,0.00006104
0.47014175,0.00006104
0.47046175,0.00006104
0.47078175,0.00006104
0.47110175,0.00006104
0.47142175,0.00006104
0.47174175,0.00006104
0.47206175,0.00006104
0.47238175,0.00006104
0.47270175,0.00006104
0.47302175,0.00006104
0.47334175,0.00006104
0.47366175,0.00006104
0.47398175,0.00006104
0.47430175,0.00006104
0.47462175,0.00006104
0.47494175,0.00006104
0.47526175,0.00006104
0.47558175,0.00006104
0.47590175,0.00006104
0.47622175,0.00006104
0.47654175,0.00006104
0.47686175,0.00006104
0.47718175,0.00006104
0.47750175,0.00006104
0.47782175,0.00006104
0.47814175,0.00006104
0.47846175,0.00006104
0.47878175,0.00006104
0.47910175,0.00006104
0.47942175,0.00006104
0.47974175,0.00006104
0.48006175,0.00006104
0.48038175,0.00006104
0.48070175,0.00006104
0.48102175,0.00006104
0.48134175,0.00006104
0.48166175,0.00006104
0.48198175,0.00006104
0.48230175,0.00006104
0.48262175,0.00006104
0.48294175,0.00006104
0.48326175,-0.01770074
0.48358175,0.00006104
0.48390175,0.00006104
0.48422175,0.00006104
0.48454175,0.00006104
0.48486175,0.00006104
0.48518175,0.00006104
0.48550175,0.00006104
0.48582175,0.00006104
0.48614175,0.00006104
0.48646175,0.00006104
0.48678175,0.00006104
0.48710175,0.00006104
0.48742175,0.00006104
0.48774175,0.00006104
0.48806175,0.00006104
0.48838175,0.00006104
0.48870175,0.00006104
0.48902175,0.00006104
0.48934175,-0.01770074
0.48966175,0.00006104
0.48998175,0.00006104
0.49030175,0.00006104
0.49062175,0.00006104
0.49094175,0.00006104
0.49126175,0.00006104
0.49158175,0.00006104
0.49190175,0.00006104
0.49222175,0.00006104
0.49254175,-0.01770074
0.49286175,0.00006104
0.49318175,0.00006104
0.49350175,0.00006104
0.49382175,0.00006104
0.49414175,0.00006104
0.49446175,0.00006104
0.49478175,0.00006104
0.49510175,0.00006104
0.49542175,0.00006104
0.49574175,0.00006104
0.49606175,0.00006104
0.49638175,0.00006104
0.49670175,0.00006104
0.49702175,0.00006104
0.49734175,0.00006104
0.49766175,0.74764246
0.49798175,1.40629292
0.49830175,0.58748132
0.49862175,-0.03552354
0.49894175,-0.16010010
0.49926175,-0.10669271
0.49958175,-0.05334635
0.49990175,-0.01770074
0.50022175,-0.01770074
0.50054175,-0.01770074
0.50086175,-0.88998079
0.50118175,-1.12137210
0.50150175,-0.90774256
0.50182175,0.46284372
0.50214175,0.10687582
0.50246175,0.05346843
0.50278175,0.03570665
0.50310175,0.03570665
0.50342175,0.03570665
0.50374175,0.03570665
0.50406175,0.01788385
0.50438175,0.01788385
0.50470175,0.01788385
0.50502175,0.03570665
0.50534175,0.03570665
0.50566175,0.03570665
0.50598175,0.01788385
0.50630175,0.00006104
0.50662175,0.00006104
0.50694175,0.01788385
0.50726175,0.01788385
0.50758175,0.03570665
0.50790175,0.07129124
0.50822175,0.07129124
0.50854175,0.08911405
0.50886175,0.05346843
0.50918175,0.05346843
0.50950175,0.07129124
0.50982175,0.03570665
0.51014175,0.05346843
0.51046175,0.08911405
0.51078175,0.07129124
0.51110175,0.03570665
0.51142175,0.03570665
0.51174175,0.03570665
0.51206175,0.03570665
0.51238175,0.00006104
0.51270175,-0.01770074
0.51302175,-0.01770074
0.51334175,-0.03552354
0.51366175,0.00006104
0.51398175,0.01788385
0.51430175,-0.01770074
0.51462175,0.05346843
0.51494175,0.00006104
0.51526175,-0.03552354
0.51558175,0.03570665
0.51590175,-0.01770074
0.51622175,-0.01770074
0.51654175,0.03570665
0.51686175,0.01788385
0.51718175,0.01788385
0.51750175,0.03570665
0.51782175,0.03570665
0.51814175,0.01788385
0.51846175,0.01788385
0.51878175,0.01788385
0.51910175,0.01788385
0.51942175,0.01788385
0.51974175,0.03570665
0.52006175,0.01788385
