Time,Channel A
(ms),(V)

-1.48095400,0.03570665
-1.48063400,0.03570665
-1.48031400,0.01788385
-1.47999400,0.01788385
-1.47967400,0.00006104
-1.47935400,0.01788385
-1.47903400,0.00006104
-1.47871400,0.03570665
-1.47839400,0.03570665
-1.47807400,0.00006104
-1.47775400,0.01788385
-1.47743400,0.03570665
-1.47711400,0.00006104
-1.47679400,0.01788385
-1.47647400,0.00006104
-1.47615400,-0.01770074
-1.47583400,0.00006104
-1.47551400,0.01788385
-1.47519400,0.00006104
-1.47487400,0.01788385
-1.47455400,0.01788385
-1.47423400,0.01788385
-1.47391400,0.01788385
-1.47359400,0.01788385
-1.47327400,0.00006104
-1.47295400,0.01788385
-1.47263400,0.01788385
-1.47231400,0.00006104
-1.47199400,0.01788385
-1.47167400,0.01788385
-1.47135400,0.00006104
-1.47103400,0.00006104
-1.47071400,0.00006104
-1.47039400,0.00006104
-1.47007400,0.00006104
-1.46975400,0.00006104
-1.46943400,-0.01770074
-1.46911400,0.00006104
-1.46879400,0.00006104
-1.46847400,0.00006104
-1.46815400,0.00006104
-1.46783400,0.00006104
-1.46751400,0.01788385
-1.46719400,0.01788385
-1.46687400,0.00006104
-1.46655400,0.00006104
-1.46623400,0.01788385
-1.46591400,0.01788385
-1.46559400,0.01788385
-1.46527400,0.01788385
-1.46495400,0.00006104
-1.46463400,0.00006104
-1.46431400,0.01788385
-1.46399400,0.00006104
-1.46367400,0.00006104
-1.46335400,0.00006104
-1.46303400,0.00006104
-1.46271400,0.00006104
-1.46239400,0.00006104
-1.46207400,0.01788385
-1.46175400,0.01788385
-1.46143400,0.01788385
-1.46111400,0.00006104
-1.46079400,0.00006104
-1.46047400,0.01788385
-1.46015400,0.00006104
-1.45983400,0.00006104
-1.45951400,0.00006104
-1.45919400,0.00006104
-1.45887400,0.00006104
-1.45855400,0.00006104
-1.45823400,0.00006104
-1.45791400,0.00006104
-1.45759400,0.00006104
-1.45727400,0.00006104
-1.45695400,0.00006104
-1.45663400,0.00006104
-1.45631400,0.00006104
-1.45599400,0.01788385
-1.45567400,0.00006104
-1.45535400,0.01788385
-1.45503400,0.00006104
-1.45471400,0.00006104
-1.45439400,0.00006104
-1.45407400,0.00006104
-1.45375400,0.00006104
-1.45343400,0.00006104
-1.45311400,0.01788385
-1.45279400,0.00006104
-1.45247400,0.00006104
-1.45215400,-0.01770074
-1.45183400,-0.01770074
-1.45151400,0.00006104
-1.45119400,0.00006104
-1.45087400,0.00006104
-1.45055400,0.00006104
-1.45023400,0.00006104
-1.44991400,0.00006104
-1.44959400,0.00006104
-1.44927400,0.00006104
-1.44895400,0.00006104
-1.44863400,0.00006104
-1.44831400,0.01788385
-1.44799400,0.00006104
-1.44767400,0.01788385
-1.44735400,0.00006104
-1.44703400,0.00006104
-1.44671400,0.00006104
-1.44639400,0.00006104
-1.44607400,0.00006104
-1.44575400,0.00006104
-1.44543400,0.00006104
-1.44511400,0.00006104
-1.44479400,0.00006104
-1.44447400,0.00006104
-1.44415400,0.00006104
-1.44383400,0.00006104
-1.44351400,0.00006104
-1.44319400,0.00006104
-1.44287400,0.00006104
-1.44255400,0.00006104
-1.44223400,0.00006104
-1.44191400,0.00006104
-1.44159400,0.00006104
-1.44127400,0.00006104
-1.44095400,0.00006104
-1.44063400,0.00006104
-1.44031400,0.00006104
-1.43999400,0.00006104
-1.43967400,0.00006104
-1.43935400,0.00006104
-1.43903400,0.00006104
-1.43871400,0.00006104
-1.43839400,0.00006104
-1.43807400,0.00006104
-1.43775400,0.00006104
-1.43743400,0.00006104
-1.43711400,0.00006104
-1.43679400,0.00006104
-1.43647400,0.00006104
-1.43615400,0.00006104
-1.43583400,0.00006104
-1.43551400,0.00006104
-1.43519400,0.00006104
-1.43487400,0.00006104
-1.43455400,0.00006104
-1.43423400,0.00006104
-1.43391400,0.00006104
-1.43359400,0.00006104
-1.43327400,0.00006104
-1.43295400,0.00006104
-1.43263400,0.00006104
-1.43231400,0.00006104
-1.43199400,0.00006104
-1.43167400,0.00006104
-1.43135400,0.00006104
-1.43103400,0.00006104
-1.43071400,0.00006104
-1.43039400,0.00006104
-1.43007400,0.00006104
-1.42975400,0.00006104
-1.42943400,0.00006104
-1.42911400,0.00006104
-1.42879400,0.00006104
-1.42847400,0.00006104
-1.42815400,0.00006104
-1.42783400,0.00006104
-1.42751400,0.00006104
-1.42719400,0.00006104
-1.42687400,0.00006104
-1.42655400,0.00006104
-1.42623400,0.00006104
-1.42591400,0.00006104
-1.42559400,0.00006104
-1.42527400,0.00006104
-1.42495400,0.00006104
-1.42463400,0.00006104
-1.42431400,0.00006104
-1.42399400,0.00006104
-1.42367400,0.00006104
-1.42335400,0.00006104
-1.42303400,0.00006104
-1.42271400,0.00006104
-1.42239400,0.00006104
-1.42207400,0.00006104
-1.42175400,0.00006104
-1.42143400,0.00006104
-1.42111400,0.00006104
-1.42079400,0.00006104
-1.42047400,0.00006104
-1.42015400,0.00006104
-1.41983400,0.00006104
-1.41951400,0.00006104
-1.41919400,0.00006104
-1.41887400,0.00006104
-1.41855400,0.00006104
-1.41823400,0.00006104
-1.41791400,0.00006104
-1.41759400,0.00006104
-1.41727400,0.00006104
-1.41695400,0.00006104
-1.41663400,0.00006104
-1.41631400,0.00006104
-1.41599400,0.00006104
-1.41567400,0.00006104
-1.41535400,0.00006104
-1.41503400,0.00006104
-1.41471400,0.00006104
-1.41439400,0.00006104
-1.41407400,0.00006104
-1.41375400,0.00006104
-1.41343400,0.00006104
-1.41311400,0.00006104
-1.41279400,0.00006104
-1.41247400,0.00006104
-1.41215400,0.00006104
-1.41183400,0.00006104
-1.41151400,0.00006104
-1.41119400,0.00006104
-1.41087400,0.00006104
-1.41055400,0.00006104
-1.41023400,0.00006104
-1.40991400,0.00006104
-1.40959400,0.00006104
-1.40927400,0.00006104
-1.40895400,0.00006104
-1.40863400,0.00006104
-1.40831400,0.00006104
-1.40799400,-0.01770074
-1.40767400,0.00006104
-1.40735400,0.00006104
-1.40703400,0.00006104
-1.40671400,0.00006104
-1.40639400,0.00006104
-1.40607400,0.00006104
-1.40575400,0.00006104
-1.40543400,0.00006104
-1.40511400,0.00006104
-1.40479400,0.00006104
-1.40447400,0.00006104
-1.40415400,0.00006104
-1.40383400,0.00006104
-1.40351400,0.00006104
-1.40319400,0.00006104
-1.40287400,0.00006104
-1.40255400,0.00006104
-1.40223400,0.00006104
-1.40191400,0.00006104
-1.40159400,0.00006104
-1.40127400,0.00006104
-1.40095400,0.00006104
-1.40063400,0.00006104
-1.40031400,0.00006104
-1.39999400,0.00006104
-1.39967400,0.00006104
-1.39935400,0.00006104
-1.39903400,0.00006104
-1.39871400,0.00006104
-1.39839400,0.00006104
-1.39807400,0.00006104
-1.39775400,0.00006104
-1.39743400,0.00006104
-1.39711400,0.00006104
-1.39679400,0.00006104
-1.39647400,0.00006104
-1.39615400,0.00006104
-1.39583400,0.00006104
-1.39551400,0.00006104
-1.39519400,0.00006104
-1.39487400,0.00006104
-1.39455400,0.00006104
-1.39423400,0.00006104
-1.39391400,0.00006104
-1.39359400,0.00006104
-1.39327400,0.00006104
-1.39295400,0.00006104
-1.39263400,0.00006104
-1.39231400,0.00006104
-1.39199400,0.00006104
-1.39167400,0.00006104
-1.39135400,0.00006104
-1.39103400,0.00006104
-1.39071400,0.00006104
-1.39039400,0.00006104
-1.39007400,0.00006104
-1.38975400,0.00006104
-1.38943400,0.00006104
-1.38911400,0.00006104
-1.38879400,0.00006104
-1.38847400,0.00006104
-1.38815400,-0.01770074
-1.38783400,0.00006104
-1.38751400,0.00006104
-1.38719400,0.00006104
-1.38687400,0.00006104
-1.38655400,0.00006104
-1.38623400,0.00006104
-1.38591400,0.00006104
-1.38559400,0.00006104
-1.38527400,0.00006104
-1.38495400,0.00006104
-1.38463400,0.00006104
-1.38431400,0.00006104
-1.38399400,0.00006104
-1.38367400,0.00006104
-1.38335400,0.00006104
-1.38303400,0.00006104
-1.38271400,0.00006104
-1.38239400,0.00006104
-1.38207400,0.00006104
-1.38175400,0.00006104
-1.38143400,0.00006104
-1.38111400,0.00006104
-1.38079400,0.00006104
-1.38047400,0.00006104
-1.38015400,-0.01770074
-1.37983400,0.00006104
-1.37951400,0.00006104
-1.37919400,0.00006104
-1.37887400,-0.01770074
-1.37855400,0.00006104
-1.37823400,0.00006104
-1.37791400,0.00006104
-1.37759400,0.00006104
-1.37727400,0.00006104
-1.37695400,0.00006104
-1.37663400,0.00006104
-1.37631400,0.00006104
-1.37599400,0.00006104
-1.37567400,0.00006104
-1.37535400,0.00006104
-1.37503400,0.00006104
-1.37471400,0.00006104
-1.37439400,0.00006104
-1.37407400,-0.01770074
-1.37375400,0.00006104
-1.37343400,0.00006104
-1.37311400,0.00006104
-1.37279400,0.00006104
-1.37247400,-0.01770074
-1.37215400,0.00006104
-1.37183400,0.00006104
-1.37151400,0.00006104
-1.37119400,0.00006104
-1.37087400,0.00006104
-1.37055400,0.00006104
-1.37023400,0.00006104
-1.36991400,0.00006104
-1.36959400,0.00006104
-1.36927400,0.00006104
-1.36895400,0.00006104
-1.36863400,0.00006104
-1.36831400,-0.01770074
-1.36799400,0.00006104
-1.36767400,0.00006104
-1.36735400,-0.01770074
-1.36703400,0.00006104
-1.36671400,0.00006104
-1.36639400,0.00006104
-1.36607400,0.00006104
-1.36575400,0.00006104
-1.36543400,0.00006104
-1.36511400,0.00006104
-1.36479400,-0.01770074
-1.36447400,0.00006104
-1.36415400,0.00006104
-1.36383400,-0.01770074
-1.36351400,0.00006104
-1.36319400,0.00006104
-1.36287400,0.00006104
-1.36255400,0.00006104
-1.36223400,0.00006104
-1.36191400,0.00006104
-1.36159400,0.00006104
-1.36127400,0.00006104
-1.36095400,0.00006104
-1.36063400,0.00006104
-1.36031400,0.00006104
-1.35999400,0.00006104
-1.35967400,0.00006104
-1.35935400,0.00006104
-1.35903400,0.00006104
-1.35871400,0.00006104
-1.35839400,0.00006104
-1.35807400,0.00006104
-1.35775400,0.00006104
-1.35743400,0.00006104
-1.35711400,0.00006104
-1.35679400,0.00006104
-1.35647400,0.00006104
-1.35615400,0.00006104
-1.35583400,0.00006104
-1.35551400,0.00006104
-1.35519400,0.00006104
-1.35487400,0.00006104
-1.35455400,0.00006104
-1.35423400,0.00006104
-1.35391400,0.00006104
-1.35359400,0.00006104
-1.35327400,0.00006104
-1.35295400,0.00006104
-1.35263400,0.00006104
-1.35231400,0.00006104
-1.35199400,0.00006104
-1.35167400,0.00006104
-1.35135400,0.00006104
-1.35103400,0.00006104
-1.35071400,0.00006104
-1.35039400,0.00006104
-1.35007400,-0.01770074
-1.34975400,0.00006104
-1.34943400,0.00006104
-1.34911400,0.00006104
-1.34879400,0.00006104
-1.34847400,0.00006104
-1.34815400,0.00006104
-1.34783400,0.00006104
-1.34751400,0.00006104
-1.34719400,0.00006104
-1.34687400,0.00006104
-1.34655400,0.00006104
-1.34623400,0.00006104
-1.34591400,0.00006104
-1.34559400,0.00006104
-1.34527400,0.00006104
-1.34495400,0.00006104
-1.34463400,0.00006104
-1.34431400,0.00006104
-1.34399400,0.00006104
-1.34367400,0.00006104
-1.34335400,0.00006104
-1.34303400,0.00006104
-1.34271400,0.00006104
-1.34239400,0.00006104
-1.34207400,0.00006104
-1.34175400,0.00006104
-1.34143400,0.00006104
-1.34111400,0.00006104
-1.34079400,0.00006104
-1.34047400,0.00006104
-1.34015400,0.00006104
-1.33983400,0.00006104
-1.33951400,0.00006104
-1.33919400,0.00006104
-1.33887400,0.00006104
-1.33855400,0.00006104
-1.33823400,0.00006104
-1.33791400,0.00006104
-1.33759400,0.00006104
-1.33727400,0.00006104
-1.33695400,0.00006104
-1.33663400,0.00006104
-1.33631400,0.00006104
-1.33599400,0.00006104
-1.33567400,0.00006104
-1.33535400,0.00006104
-1.33503400,0.00006104
-1.33471400,0.00006104
-1.33439400,0.00006104
-1.33407400,0.00006104
-1.33375400,0.00006104
-1.33343400,0.00006104
-1.33311400,0.00006104
-1.33279400,0.00006104
-1.33247400,0.00006104
-1.33215400,0.00006104
-1.33183400,0.00006104
-1.33151400,0.00006104
-1.33119400,0.00006104
-1.33087400,0.00006104
-1.33055400,0.00006104
-1.33023400,0.00006104
-1.32991400,0.00006104
-1.32959400,0.00006104
-1.32927400,0.00006104
-1.32895400,0.00006104
-1.32863400,0.00006104
-1.32831400,0.00006104
-1.32799400,0.00006104
-1.32767400,0.00006104
-1.32735400,0.00006104
-1.32703400,0.00006104
-1.32671400,0.00006104
-1.32639400,0.00006104
-1.32607400,0.00006104
-1.32575400,0.00006104
-1.32543400,0.00006104
-1.32511400,0.00006104
-1.32479400,0.00006104
-1.32447400,0.00006104
-1.32415400,0.00006104
-1.32383400,0.00006104
-1.32351400,0.00006104
-1.32319400,0.00006104
-1.32287400,0.00006104
-1.32255400,0.00006104
-1.32223400,0.00006104
-1.32191400,0.00006104
-1.32159400,0.00006104
-1.32127400,-0.01770074
-1.32095400,0.00006104
-1.32063400,0.00006104
-1.32031400,0.00006104
-1.31999400,0.00006104
-1.31967400,0.00006104
-1.31935400,0.00006104
-1.31903400,0.00006104
-1.31871400,0.00006104
-1.31839400,0.00006104
-1.31807400,0.00006104
-1.31775400,0.00006104
-1.31743400,0.00006104
-1.31711400,0.00006104
-1.31679400,0.00006104
-1.31647400,0.00006104
-1.31615400,0.00006104
-1.31583400,0.00006104
-1.31551400,0.00006104
-1.31519400,0.00006104
-1.31487400,0.00006104
-1.31455400,0.00006104
-1.31423400,0.00006104
-1.31391400,0.00006104
-1.31359400,0.00006104
-1.31327400,0.00006104
-1.31295400,0.00006104
-1.31263400,0.00006104
-1.31231400,0.00006104
-1.31199400,0.00006104
-1.31167400,0.00006104
-1.31135400,0.00006104
-1.31103400,-0.01770074
-1.31071400,-0.01770074
-1.31039400,0.00006104
-1.31007400,0.00006104
-1.30975400,0.00006104
-1.30943400,0.00006104
-1.30911400,0.00006104
-1.30879400,0.00006104
-1.30847400,0.00006104
-1.30815400,0.00006104
-1.30783400,0.00006104
-1.30751400,-0.01770074
-1.30719400,0.00006104
-1.30687400,0.00006104
-1.30655400,0.00006104
-1.30623400,0.00006104
-1.30591400,0.00006104
-1.30559400,0.00006104
-1.30527400,0.00006104
-1.30495400,0.00006104
-1.30463400,0.00006104
-1.30431400,0.00006104
-1.30399400,0.00006104
-1.30367400,0.00006104
-1.30335400,0.00006104
-1.30303400,0.00006104
-1.30271400,0.00006104
-1.30239400,0.00006104
-1.30207400,0.00006104
-1.30175400,0.00006104
-1.30143400,0.00006104
-1.30111400,0.00006104
-1.30079400,0.00006104
-1.30047400,0.00006104
-1.30015400,0.00006104
-1.29983400,0.00006104
-1.29951400,0.00006104
-1.29919400,0.00006104
-1.29887400,0.00006104
-1.29855400,0.00006104
-1.29823400,0.00006104
-1.29791400,0.00006104
-1.29759400,0.00006104
-1.29727400,0.00006104
-1.29695400,0.00006104
-1.29663400,0.00006104
-1.29631400,0.00006104
-1.29599400,0.00006104
-1.29567400,0.00006104
-1.29535400,0.00006104
-1.29503400,0.00006104
-1.29471400,0.00006104
-1.29439400,0.00006104
-1.29407400,0.00006104
-1.29375400,0.00006104
-1.29343400,0.00006104
-1.29311400,0.00006104
-1.29279400,0.00006104
-1.29247400,0.00006104
-1.29215400,0.00006104
-1.29183400,0.00006104
-1.29151400,0.00006104
-1.29119400,0.00006104
-1.29087400,0.00006104
-1.29055400,0.00006104
-1.29023400,0.00006104
-1.28991400,0.00006104
-1.28959400,0.00006104
-1.28927400,0.00006104
-1.28895400,0.00006104
-1.28863400,-0.01770074
-1.28831400,0.00006104
-1.28799400,0.00006104
-1.28767400,0.00006104
-1.28735400,0.00006104
-1.28703400,0.00006104
-1.28671400,0.00006104
-1.28639400,0.00006104
-1.28607400,0.00006104
-1.28575400,0.00006104
-1.28543400,0.00006104
-1.28511400,0.00006104
-1.28479400,0.00006104
-1.28447400,0.00006104
-1.28415400,0.00006104
-1.28383400,0.00006104
-1.28351400,0.00006104
-1.28319400,0.00006104
-1.28287400,0.00006104
-1.28255400,0.00006104
-1.28223400,0.00006104
-1.28191400,0.00006104
-1.28159400,-0.01770074
-1.28127400,0.00006104
-1.28095400,0.00006104
-1.28063400,0.00006104
-1.28031400,0.00006104
-1.27999400,0.00006104
-1.27967400,0.00006104
-1.27935400,-0.01770074
-1.27903400,0.00006104
-1.27871400,0.00006104
-1.27839400,0.00006104
-1.27807400,0.00006104
-1.27775400,0.00006104
-1.27743400,0.00006104
-1.27711400,0.00006104
-1.27679400,0.00006104
-1.27647400,0.00006104
-1.27615400,0.00006104
-1.27583400,0.00006104
-1.27551400,0.00006104
-1.27519400,0.00006104
-1.27487400,0.00006104
-1.27455400,0.00006104
-1.27423400,0.00006104
-1.27391400,0.00006104
-1.27359400,-0.01770074
-1.27327400,0.00006104
-1.27295400,0.00006104
-1.27263400,0.00006104
-1.27231400,0.00006104
-1.27199400,0.00006104
-1.27167400,0.00006104
-1.27135400,0.00006104
-1.27103400,0.00006104
-1.27071400,0.00006104
-1.27039400,0.00006104
-1.27007400,0.00006104
-1.26975400,0.00006104
-1.26943400,0.00006104
-1.26911400,0.00006104
-1.26879400,0.00006104
-1.26847400,0.00006104
-1.26815400,0.00006104
-1.26783400,0.00006104
-1.26751400,0.00006104
-1.26719400,0.00006104
-1.26687400,0.00006104
-1.26655400,0.00006104
-1.26623400,0.00006104
-1.26591400,0.00006104
-1.26559400,-0.01770074
-1.26527400,0.00006104
-1.26495400,0.00006104
-1.26463400,0.00006104
-1.26431400,0.00006104
-1.26399400,0.00006104
-1.26367400,0.00006104
-1.26335400,0.00006104
-1.26303400,0.00006104
-1.26271400,0.00006104
-1.26239400,0.00006104
-1.26207400,-0.01770074
-1.26175400,0.00006104
-1.26143400,0.00006104
-1.26111400,0.00006104
-1.26079400,0.00006104
-1.26047400,0.00006104
-1.26015400,0.00006104
-1.25983400,0.00006104
-1.25951400,0.00006104
-1.25919400,0.00006104
-1.25887400,0.00006104
-1.25855400,0.00006104
-1.25823400,0.00006104
-1.25791400,0.00006104
-1.25759400,0.00006104
-1.25727400,0.00006104
-1.25695400,0.00006104
-1.25663400,0.00006104
-1.25631400,0.00006104
-1.25599400,0.00006104
-1.25567400,0.00006104
-1.25535400,0.00006104
-1.25503400,0.00006104
-1.25471400,0.00006104
-1.25439400,0.00006104
-1.25407400,0.00006104
-1.25375400,0.00006104
-1.25343400,0.00006104
-1.25311400,0.00006104
-1.25279400,0.00006104
-1.25247400,0.00006104
-1.25215400,0.00006104
-1.25183400,0.00006104
-1.25151400,0.00006104
-1.25119400,0.00006104
-1.25087400,0.00006104
-1.25055400,0.00006104
-1.25023400,0.00006104
-1.24991400,0.00006104
-1.24959400,0.00006104
-1.24927400,0.00006104
-1.24895400,0.00006104
-1.24863400,0.00006104
-1.24831400,0.00006104
-1.24799400,0.00006104
-1.24767400,0.00006104
-1.24735400,0.00006104
-1.24703400,0.00006104
-1.24671400,0.00006104
-1.24639400,0.00006104
-1.24607400,0.00006104
-1.24575400,0.00006104
-1.24543400,0.00006104
-1.24511400,0.00006104
-1.24479400,0.00006104
-1.24447400,0.00006104
-1.24415400,0.00006104
-1.24383400,0.00006104
-1.24351400,0.00006104
-1.24319400,0.00006104
-1.24287400,-0.01770074
-1.24255400,0.00006104
-1.24223400,0.00006104
-1.24191400,-0.01770074
-1.24159400,0.00006104
-1.24127400,0.00006104
-1.24095400,0.00006104
-1.24063400,0.00006104
-1.24031400,0.00006104
-1.23999400,0.00006104
-1.23967400,0.00006104
-1.23935400,0.00006104
-1.23903400,0.00006104
-1.23871400,0.00006104
-1.23839400,0.00006104
-1.23807400,0.00006104
-1.23775400,0.00006104
-1.23743400,0.00006104
-1.23711400,0.00006104
-1.23679400,0.00006104
-1.23647400,0.00006104
-1.23615400,0.00006104
-1.23583400,0.00006104
-1.23551400,0.00006104
-1.23519400,0.00006104
-1.23487400,0.00006104
-1.23455400,-0.01770074
-1.23423400,0.00006104
-1.23391400,0.00006104
-1.23359400,0.00006104
-1.23327400,0.00006104
-1.23295400,0.00006104
-1.23263400,0.00006104
-1.23231400,0.00006104
-1.23199400,0.00006104
-1.23167400,0.00006104
-1.23135400,0.00006104
-1.23103400,0.00006104
-1.23071400,0.00006104
-1.23039400,0.00006104
-1.23007400,0.00006104
-1.22975400,0.00006104
-1.22943400,0.00006104
-1.22911400,0.00006104
-1.22879400,0.00006104
-1.22847400,0.00006104
-1.22815400,0.00006104
-1.22783400,0.00006104
-1.22751400,0.00006104
-1.22719400,0.00006104
-1.22687400,0.00006104
-1.22655400,0.00006104
-1.22623400,0.00006104
-1.22591400,0.00006104
-1.22559400,-0.01770074
-1.22527400,-0.01770074
-1.22495400,-0.01770074
-1.22463400,0.00006104
-1.22431400,0.00006104
-1.22399400,0.00006104
-1.22367400,0.00006104
-1.22335400,0.00006104
-1.22303400,0.00006104
-1.22271400,0.00006104
-1.22239400,0.00006104
-1.22207400,0.00006104
-1.22175400,0.00006104
-1.22143400,0.00006104
-1.22111400,0.00006104
-1.22079400,0.00006104
-1.22047400,0.00006104
-1.22015400,0.00006104
-1.21983400,0.00006104
-1.21951400,0.00006104
-1.21919400,0.00006104
-1.21887400,0.00006104
-1.21855400,0.00006104
-1.21823400,0.00006104
-1.21791400,0.00006104
-1.21759400,0.00006104
-1.21727400,0.00006104
-1.21695400,0.00006104
-1.21663400,-0.01770074
-1.21631400,0.00006104
-1.21599400,0.00006104
-1.21567400,-0.01770074
-1.21535400,0.00006104
-1.21503400,0.00006104
-1.21471400,0.00006104
-1.21439400,0.00006104
-1.21407400,0.00006104
-1.21375400,0.00006104
-1.21343400,0.00006104
-1.21311400,0.00006104
-1.21279400,0.00006104
-1.21247400,0.00006104
-1.21215400,0.00006104
-1.21183400,0.00006104
-1.21151400,0.00006104
-1.21119400,0.00006104
-1.21087400,0.00006104
-1.21055400,0.00006104
-1.21023400,0.00006104
-1.20991400,0.00006104
-1.20959400,-0.01770074
-1.20927400,0.00006104
-1.20895400,0.00006104
-1.20863400,0.00006104
-1.20831400,0.00006104
-1.20799400,-0.01770074
-1.20767400,0.00006104
-1.20735400,0.00006104
-1.20703400,0.00006104
-1.20671400,0.00006104
-1.20639400,0.00006104
-1.20607400,0.00006104
-1.20575400,0.00006104
-1.20543400,0.00006104
-1.20511400,0.00006104
-1.20479400,0.00006104
-1.20447400,0.00006104
-1.20415400,0.00006104
-1.20383400,0.00006104
-1.20351400,0.00006104
-1.20319400,0.00006104
-1.20287400,0.00006104
-1.20255400,0.00006104
-1.20223400,0.00006104
-1.20191400,0.00006104
-1.20159400,0.00006104
-1.20127400,0.00006104
-1.20095400,0.00006104
-1.20063400,0.00006104
-1.20031400,0.00006104
-1.19999400,0.00006104
-1.19967400,0.00006104
-1.19935400,0.00006104
-1.19903400,0.00006104
-1.19871400,0.00006104
-1.19839400,0.00006104
-1.19807400,0.00006104
-1.19775400,0.00006104
-1.19743400,0.00006104
-1.19711400,0.00006104
-1.19679400,0.00006104
-1.19647400,0.00006104
-1.19615400,0.00006104
-1.19583400,0.00006104
-1.19551400,0.00006104
-1.19519400,0.00006104
-1.19487400,0.00006104
-1.19455400,0.00006104
-1.19423400,0.00006104
-1.19391400,0.00006104
-1.19359400,0.00006104
-1.19327400,0.00006104
-1.19295400,0.00006104
-1.19263400,0.00006104
-1.19231400,0.00006104
-1.19199400,0.00006104
-1.19167400,0.00006104
-1.19135400,0.00006104
-1.19103400,0.00006104
-1.19071400,0.00006104
-1.19039400,0.00006104
-1.19007400,0.00006104
-1.18975400,0.00006104
-1.18943400,0.00006104
-1.18911400,0.00006104
-1.18879400,0.00006104
-1.18847400,0.00006104
-1.18815400,0.00006104
-1.18783400,0.00006104
-1.18751400,0.00006104
-1.18719400,0.00006104
-1.18687400,0.00006104
-1.18655400,0.00006104
-1.18623400,0.00006104
-1.18591400,0.00006104
-1.18559400,0.00006104
-1.18527400,0.00006104
-1.18495400,0.00006104
-1.18463400,0.00006104
-1.18431400,0.00006104
-1.18399400,0.00006104
-1.18367400,0.00006104
-1.18335400,0.00006104
-1.18303400,0.00006104
-1.18271400,0.00006104
-1.18239400,-0.01770074
-1.18207400,0.00006104
-1.18175400,0.00006104
-1.18143400,0.00006104
-1.18111400,0.00006104
-1.18079400,0.00006104
-1.18047400,0.00006104
-1.18015400,0.00006104
-1.17983400,-0.01770074
-1.17951400,0.00006104
-1.17919400,0.00006104
-1.17887400,0.00006104
-1.17855400,0.00006104
-1.17823400,0.00006104
-1.17791400,0.00006104
-1.17759400,0.00006104
-1.17727400,0.00006104
-1.17695400,0.00006104
-1.17663400,0.00006104
-1.17631400,0.00006104
-1.17599400,0.00006104
-1.17567400,0.00006104
-1.17535400,-0.01770074
-1.17503400,0.00006104
-1.17471400,0.00006104
-1.17439400,0.00006104
-1.17407400,0.00006104
-1.17375400,0.00006104
-1.17343400,0.00006104
-1.17311400,0.00006104
-1.17279400,0.00006104
-1.17247400,0.00006104
-1.17215400,0.00006104
-1.17183400,0.00006104
-1.17151400,0.00006104
-1.17119400,0.00006104
-1.17087400,0.00006104
-1.17055400,0.00006104
-1.17023400,-0.01770074
-1.16991400,-0.01770074
-1.16959400,0.00006104
-1.16927400,0.00006104
-1.16895400,0.00006104
-1.16863400,0.00006104
-1.16831400,0.00006104
-1.16799400,0.00006104
-1.16767400,0.00006104
-1.16735400,0.00006104
-1.16703400,0.00006104
-1.16671400,0.00006104
-1.16639400,0.00006104
-1.16607400,0.00006104
-1.16575400,0.00006104
-1.16543400,0.00006104
-1.16511400,0.00006104
-1.16479400,0.00006104
-1.16447400,0.00006104
-1.16415400,0.00006104
-1.16383400,0.00006104
-1.16351400,0.00006104
-1.16319400,0.00006104
-1.16287400,0.00006104
-1.16255400,0.00006104
-1.16223400,0.00006104
-1.16191400,0.00006104
-1.16159400,0.00006104
-1.16127400,0.00006104
-1.16095400,0.00006104
-1.16063400,0.00006104
-1.16031400,-0.01770074
-1.15999400,0.00006104
-1.15967400,0.00006104
-1.15935400,0.00006104
-1.15903400,0.00006104
-1.15871400,0.00006104
-1.15839400,0.00006104
-1.15807400,0.00006104
-1.15775400,0.00006104
-1.15743400,0.00006104
-1.15711400,0.00006104
-1.15679400,0.00006104
-1.15647400,0.00006104
-1.15615400,0.00006104
-1.15583400,0.00006104
-1.15551400,0.00006104
-1.15519400,0.00006104
-1.15487400,0.00006104
-1.15455400,-0.01770074
-1.15423400,0.00006104
-1.15391400,0.00006104
-1.15359400,0.00006104
-1.15327400,0.00006104
-1.15295400,-0.01770074
-1.15263400,0.00006104
-1.15231400,0.00006104
-1.15199400,0.00006104
-1.15167400,0.00006104
-1.15135400,-0.01770074
-1.15103400,0.00006104
-1.15071400,0.00006104
-1.15039400,0.00006104
-1.15007400,0.00006104
-1.14975400,0.00006104
-1.14943400,0.00006104
-1.14911400,0.00006104
-1.14879400,0.00006104
-1.14847400,0.00006104
-1.14815400,0.00006104
-1.14783400,0.00006104
-1.14751400,0.00006104
-1.14719400,0.00006104
-1.14687400,0.00006104
-1.14655400,0.00006104
-1.14623400,0.00006104
-1.14591400,0.00006104
-1.14559400,0.00006104
-1.14527400,0.00006104
-1.14495400,0.00006104
-1.14463400,0.00006104
-1.14431400,0.00006104
-1.14399400,0.00006104
-1.14367400,0.00006104
-1.14335400,0.00006104
-1.14303400,0.00006104
-1.14271400,0.00006104
-1.14239400,0.00006104
-1.14207400,0.00006104
-1.14175400,0.00006104
-1.14143400,0.00006104
-1.14111400,0.00006104
-1.14079400,0.00006104
-1.14047400,0.00006104
-1.14015400,0.00006104
-1.13983400,0.00006104
-1.13951400,0.00006104
-1.13919400,0.00006104
-1.13887400,0.00006104
-1.13855400,0.00006104
-1.13823400,0.00006104
-1.13791400,0.00006104
-1.13759400,0.00006104
-1.13727400,0.00006104
-1.13695400,0.00006104
-1.13663400,0.00006104
-1.13631400,0.00006104
-1.13599400,0.00006104
-1.13567400,0.00006104
-1.13535400,-0.01770074
-1.13503400,0.00006104
-1.13471400,0.00006104
-1.13439400,0.00006104
-1.13407400,0.00006104
-1.13375400,-0.01770074
-1.13343400,0.00006104
-1.13311400,0.00006104
-1.13279400,0.00006104
-1.13247400,-0.01770074
-1.13215400,0.00006104
-1.13183400,0.00006104
-1.13151400,0.00006104
-1.13119400,0.00006104
-1.13087400,0.00006104
-1.13055400,0.00006104
-1.13023400,0.00006104
-1.12991400,0.00006104
-1.12959400,0.00006104
-1.12927400,0.00006104
-1.12895400,0.00006104
-1.12863400,0.00006104
-1.12831400,0.00006104
-1.12799400,0.00006104
-1.12767400,0.00006104
-1.12735400,-0.01770074
-1.12703400,0.00006104
-1.12671400,0.00006104
-1.12639400,0.00006104
-1.12607400,0.00006104
-1.12575400,0.00006104
-1.12543400,0.00006104
-1.12511400,0.00006104
-1.12479400,0.00006104
-1.12447400,0.00006104
-1.12415400,0.00006104
-1.12383400,0.00006104
-1.12351400,0.00006104
-1.12319400,-0.01770074
-1.12287400,0.00006104
-1.12255400,0.00006104
-1.12223400,0.00006104
-1.12191400,0.00006104
-1.12159400,0.00006104
-1.12127400,0.00006104
-1.12095400,-0.01770074
-1.12063400,0.00006104
-1.12031400,0.00006104
-1.11999400,0.00006104
-1.11967400,0.00006104
-1.11935400,0.00006104
-1.11903400,-0.01770074
-1.11871400,0.00006104
-1.11839400,0.00006104
-1.11807400,0.00006104
-1.11775400,0.00006104
-1.11743400,0.00006104
-1.11711400,0.00006104
-1.11679400,0.00006104
-1.11647400,0.00006104
-1.11615400,0.00006104
-1.11583400,0.00006104
-1.11551400,0.00006104
-1.11519400,0.00006104
-1.11487400,0.00006104
-1.11455400,0.00006104
-1.11423400,0.00006104
-1.11391400,0.00006104
-1.11359400,0.00006104
-1.11327400,0.00006104
-1.11295400,0.00006104
-1.11263400,-0.01770074
-1.11231400,0.00006104
-1.11199400,0.00006104
-1.11167400,0.00006104
-1.11135400,0.00006104
-1.11103400,0.00006104
-1.11071400,0.00006104
-1.11039400,0.00006104
-1.11007400,0.00006104
-1.10975400,0.00006104
-1.10943400,0.00006104
-1.10911400,0.00006104
-1.10879400,0.00006104
-1.10847400,0.00006104
-1.10815400,0.00006104
-1.10783400,0.00006104
-1.10751400,0.00006104
-1.10719400,0.00006104
-1.10687400,0.00006104
-1.10655400,0.00006104
-1.10623400,0.00006104
-1.10591400,0.00006104
-1.10559400,0.00006104
-1.10527400,0.00006104
-1.10495400,0.00006104
-1.10463400,0.00006104
-1.10431400,0.00006104
-1.10399400,0.00006104
-1.10367400,0.00006104
-1.10335400,0.00006104
-1.10303400,-0.01770074
-1.10271400,0.00006104
-1.10239400,0.00006104
-1.10207400,0.00006104
-1.10175400,0.00006104
-1.10143400,0.00006104
-1.10111400,0.00006104
-1.10079400,0.00006104
-1.10047400,0.00006104
-1.10015400,0.00006104
-1.09983400,-0.01770074
-1.09951400,0.00006104
-1.09919400,0.00006104
-1.09887400,0.00006104
-1.09855400,0.00006104
-1.09823400,0.00006104
-1.09791400,0.00006104
-1.09759400,0.00006104
-1.09727400,0.00006104
-1.09695400,0.00006104
-1.09663400,0.00006104
-1.09631400,0.00006104
-1.09599400,0.00006104
-1.09567400,0.00006104
-1.09535400,0.00006104
-1.09503400,0.00006104
-1.09471400,0.00006104
-1.09439400,0.00006104
-1.09407400,0.00006104
-1.09375400,0.00006104
-1.09343400,0.00006104
-1.09311400,0.00006104
-1.09279400,0.00006104
-1.09247400,-0.01770074
-1.09215400,0.00006104
-1.09183400,0.00006104
-1.09151400,0.00006104
-1.09119400,0.00006104
-1.09087400,0.00006104
-1.09055400,0.00006104
-1.09023400,0.00006104
-1.08991400,0.00006104
-1.08959400,0.00006104
-1.08927400,0.00006104
-1.08895400,0.00006104
-1.08863400,0.00006104
-1.08831400,-0.01770074
-1.08799400,0.00006104
-1.08767400,-0.01770074
-1.08735400,0.00006104
-1.08703400,0.00006104
-1.08671400,0.00006104
-1.08639400,0.00006104
-1.08607400,0.00006104
-1.08575400,0.00006104
-1.08543400,0.00006104
-1.08511400,0.00006104
-1.08479400,0.00006104
-1.08447400,0.00006104
-1.08415400,0.00006104
-1.08383400,0.00006104
-1.08351400,0.00006104
-1.08319400,0.00006104
-1.08287400,0.00006104
-1.08255400,0.00006104
-1.08223400,0.00006104
-1.08191400,0.00006104
-1.08159400,0.00006104
-1.08127400,0.00006104
-1.08095400,0.00006104
-1.08063400,0.00006104
-1.08031400,0.00006104
-1.07999400,0.00006104
-1.07967400,0.00006104
-1.07935400,0.00006104
-1.07903400,0.00006104
-1.07871400,0.00006104
-1.07839400,0.00006104
-1.07807400,0.00006104
-1.07775400,0.00006104
-1.07743400,0.00006104
-1.07711400,0.00006104
-1.07679400,0.00006104
-1.07647400,-0.01770074
-1.07615400,-0.01770074
-1.07583400,0.00006104
-1.07551400,0.00006104
-1.07519400,0.00006104
-1.07487400,0.00006104
-1.07455400,0.00006104
-1.07423400,0.00006104
-1.07391400,0.00006104
-1.07359400,0.00006104
-1.07327400,0.00006104
-1.07295400,0.00006104
-1.07263400,0.00006104
-1.07231400,0.00006104
-1.07199400,0.00006104
-1.07167400,0.00006104
-1.07135400,0.00006104
-1.07103400,0.00006104
-1.07071400,0.00006104
-1.07039400,0.00006104
-1.07007400,0.00006104
-1.06975400,0.00006104
-1.06943400,0.00006104
-1.06911400,0.00006104
-1.06879400,0.00006104
-1.06847400,0.00006104
-1.06815400,0.00006104
-1.06783400,0.00006104
-1.06751400,0.00006104
-1.06719400,0.00006104
-1.06687400,0.00006104
-1.06655400,0.00006104
-1.06623400,0.00006104
-1.06591400,0.00006104
-1.06559400,0.00006104
-1.06527400,0.00006104
-1.06495400,0.00006104
-1.06463400,0.00006104
-1.06431400,-0.01770074
-1.06399400,0.00006104
-1.06367400,0.00006104
-1.06335400,0.00006104
-1.06303400,0.00006104
-1.06271400,0.00006104
-1.06239400,0.00006104
-1.06207400,0.00006104
-1.06175400,0.00006104
-1.06143400,0.00006104
-1.06111400,0.00006104
-1.06079400,0.00006104
-1.06047400,0.00006104
-1.06015400,0.00006104
-1.05983400,0.00006104
-1.05951400,0.00006104
-1.05919400,0.00006104
-1.05887400,0.00006104
-1.05855400,0.00006104
-1.05823400,0.00006104
-1.05791400,0.00006104
-1.05759400,0.00006104
-1.05727400,0.00006104
-1.05695400,0.00006104
-1.05663400,0.00006104
-1.05631400,0.00006104
-1.05599400,0.00006104
-1.05567400,0.00006104
-1.05535400,0.00006104
-1.05503400,0.00006104
-1.05471400,0.00006104
-1.05439400,0.00006104
-1.05407400,0.00006104
-1.05375400,0.00006104
-1.05343400,0.00006104
-1.05311400,0.00006104
-1.05279400,0.00006104
-1.05247400,0.00006104
-1.05215400,0.00006104
-1.05183400,0.00006104
-1.05151400,0.00006104
-1.05119400,0.00006104
-1.05087400,0.00006104
-1.05055400,0.00006104
-1.05023400,0.00006104
-1.04991400,0.00006104
-1.04959400,0.00006104
-1.04927400,0.00006104
-1.04895400,0.00006104
-1.04863400,0.00006104
-1.04831400,0.00006104
-1.04799400,0.00006104
-1.04767400,0.00006104
-1.04735400,0.00006104
-1.04703400,-0.01770074
-1.04671400,0.00006104
-1.04639400,0.00006104
-1.04607400,0.00006104
-1.04575400,0.00006104
-1.04543400,0.00006104
-1.04511400,0.00006104
-1.04479400,0.00006104
-1.04447400,0.00006104
-1.04415400,0.00006104
-1.04383400,0.00006104
-1.04351400,0.00006104
-1.04319400,0.00006104
-1.04287400,0.00006104
-1.04255400,0.00006104
-1.04223400,0.00006104
-1.04191400,-0.01770074
-1.04159400,0.00006104
-1.04127400,0.00006104
-1.04095400,0.00006104
-1.04063400,0.00006104
-1.04031400,0.00006104
-1.03999400,0.00006104
-1.03967400,0.00006104
-1.03935400,0.00006104
-1.03903400,0.00006104
-1.03871400,0.00006104
-1.03839400,0.00006104
-1.03807400,0.00006104
-1.03775400,0.00006104
-1.03743400,0.00006104
-1.03711400,0.00006104
-1.03679400,0.00006104
-1.03647400,0.00006104
-1.03615400,0.00006104
-1.03583400,0.00006104
-1.03551400,0.00006104
-1.03519400,0.00006104
-1.03487400,0.00006104
-1.03455400,0.00006104
-1.03423400,0.00006104
-1.03391400,0.00006104
-1.03359400,0.00006104
-1.03327400,0.00006104
-1.03295400,0.00006104
-1.03263400,0.00006104
-1.03231400,0.00006104
-1.03199400,0.00006104
-1.03167400,0.00006104
-1.03135400,0.00006104
-1.03103400,0.00006104
-1.03071400,0.00006104
-1.03039400,0.00006104
-1.03007400,0.00006104
-1.02975400,0.00006104
-1.02943400,0.00006104
-1.02911400,0.00006104
-1.02879400,0.00006104
-1.02847400,0.00006104
-1.02815400,0.00006104
-1.02783400,0.00006104
-1.02751400,0.00006104
-1.02719400,0.00006104
-1.02687400,0.00006104
-1.02655400,0.00006104
-1.02623400,0.00006104
-1.02591400,0.00006104
-1.02559400,0.00006104
-1.02527400,0.00006104
-1.02495400,0.00006104
-1.02463400,0.00006104
-1.02431400,0.00006104
-1.02399400,0.01788385
-1.02367400,0.00006104
-1.02335400,0.00006104
-1.02303400,0.00006104
-1.02271400,0.00006104
-1.02239400,0.00006104
-1.02207400,0.00006104
-1.02175400,0.00006104
-1.02143400,0.00006104
-1.02111400,0.00006104
-1.02079400,0.00006104
-1.02047400,0.00006104
-1.02015400,0.00006104
-1.01983400,0.00006104
-1.01951400,0.00006104
-1.01919400,0.00006104
-1.01887400,-0.01770074
-1.01855400,0.00006104
-1.01823400,0.00006104
-1.01791400,0.00006104
-1.01759400,0.00006104
-1.01727400,0.00006104
-1.01695400,0.00006104
-1.01663400,0.00006104
-1.01631400,0.00006104
-1.01599400,0.00006104
-1.01567400,0.00006104
-1.01535400,0.00006104
-1.01503400,0.00006104
-1.01471400,0.00006104
-1.01439400,0.00006104
-1.01407400,0.00006104
-1.01375400,0.00006104
-1.01343400,0.00006104
-1.01311400,0.00006104
-1.01279400,0.00006104
-1.01247400,0.00006104
-1.01215400,0.00006104
-1.01183400,0.00006104
-1.01151400,0.00006104
-1.01119400,0.00006104
-1.01087400,0.00006104
-1.01055400,0.00006104
-1.01023400,0.00006104
-1.00991400,0.00006104
-1.00959400,0.00006104
-1.00927400,0.00006104
-1.00895400,0.00006104
-1.00863400,0.00006104
-1.00831400,0.00006104
-1.00799400,0.00006104
-1.00767400,0.00006104
-1.00735400,0.00006104
-1.00703400,0.00006104
-1.00671400,0.00006104
-1.00639400,0.00006104
-1.00607400,0.00006104
-1.00575400,0.00006104
-1.00543400,0.00006104
-1.00511400,0.00006104
-1.00479400,0.00006104
-1.00447400,0.00006104
-1.00415400,0.00006104
-1.00383400,0.00006104
-1.00351400,0.00006104
-1.00319400,0.00006104
-1.00287400,0.00006104
-1.00255400,0.00006104
-1.00223400,0.00006104
-1.00191400,0.00006104
-1.00159400,0.00006104
-1.00127400,0.00006104
-1.00095400,0.08911405
-1.00063400,1.45970035
-1.00031400,0.89004183
-0.99999400,0.14246041
-0.99967400,-0.12451552
-0.99935400,-0.10669271
-0.99903400,-0.07110813
-0.99871400,-0.03552354
-0.99839400,-0.01770074
-0.99807400,-0.01770074
-0.99775400,-0.71193576
-0.99743400,-1.12137210
-0.99711400,-∞
-0.99679400,0.08911405
-0.99647400,0.32044435
-0.99615400,0.21362957
-0.99583400,0.08911405
-0.99551400,0.03570665
-0.99519400,0.03570665
-0.99487400,0.03570665
-0.99455400,0.01788385
-0.99423400,0.01788385
-0.99391400,0.01788385
-0.99359400,0.03570665
-0.99327400,0.03570665
-0.99295400,0.01788385
-0.99263400,0.01788385
-0.99231400,0.00006104
-0.99199400,0.00006104
-0.99167400,0.01788385
-0.99135400,0.01788385
-0.99103400,0.03570665
-0.99071400,0.07129124
-0.99039400,0.05346843
-0.99007400,0.07129124
-0.98975400,0.07129124
-0.98943400,0.05346843
-0.98911400,0.07129124
-0.98879400,0.03570665
-0.98847400,0.03570665
-0.98815400,0.07129124
-0.98783400,0.08911405
-0.98751400,0.05346843
-0.98719400,0.03570665
-0.98687400,0.03570665
-0.98655400,0.03570665
-0.98623400,0.01788385
-0.98591400,-0.01770074
-0.98559400,-0.01770074
-0.98527400,-0.03552354
-0.98495400,0.00006104
-0.98463400,0.01788385
-0.98431400,-0.01770074
-0.98399400,0.03570665
-0.98367400,0.03570665
-0.98335400,-0.03552354
-0.98303400,0.01788385
-0.98271400,0.00006104
-0.98239400,-0.01770074
-0.98207400,0.03570665
-0.98175400,0.03570665
-0.98143400,0.01788385
-0.98111400,0.03570665
-0.98079400,0.03570665
-0.98047400,0.03570665
-0.98015400,0.01788385
-0.97983400,0.01788385
-0.97951400,0.01788385
-0.97919400,0.01788385
-0.97887400,0.03570665
-0.97855400,0.03570665
-0.97823400,0.00006104
-0.97791400,0.01788385
-0.97759400,0.03570665
-0.97727400,0.00006104
-0.97695400,0.00006104
-0.97663400,0.00006104
-0.97631400,-0.01770074
-0.97599400,0.00006104
-0.97567400,0.01788385
-0.97535400,0.00006104
-0.97503400,0.01788385
-0.97471400,0.03570665
-0.97439400,0.01788385
-0.97407400,0.01788385
-0.97375400,0.01788385
-0.97343400,0.00006104
-0.97311400,0.01788385
-0.97279400,0.01788385
-0.97247400,0.00006104
-0.97215400,0.01788385
-0.97183400,0.01788385
-0.97151400,0.01788385
-0.97119400,0.01788385
-0.97087400,0.00006104
-0.97055400,0.00006104
-0.97023400,0.01788385
-0.96991400,0.00006104
-0.96959400,-0.01770074
-0.96927400,0.00006104
-0.96895400,0.00006104
-0.96863400,0.00006104
-0.96831400,0.01788385
-0.96799400,0.00006104
-0.96767400,0.01788385
-0.96735400,0.01788385
-0.96703400,0.00006104
-0.96671400,0.00006104
-0.96639400,0.01788385
-0.96607400,0.01788385
-0.96575400,0.01788385
-0.96543400,0.00006104
-0.96511400,0.00006104
-0.96479400,0.01788385
-0.96447400,0.00006104
-0.96415400,0.00006104
-0.96383400,0.00006104
-0.96351400,0.00006104
-0.96319400,0.00006104
-0.96287400,0.00006104
-0.96255400,0.00006104
-0.96223400,0.00006104
-0.96191400,0.01788385
-0.96159400,0.00006104
-0.96127400,0.00006104
-0.96095400,0.00006104
-0.96063400,0.00006104
-0.96031400,0.00006104
-0.95999400,0.01788385
-0.95967400,0.00006104
-0.95935400,0.00006104
-0.95903400,0.00006104
-0.95871400,0.00006104
-0.95839400,0.00006104
-0.95807400,0.00006104
-0.95775400,0.00006104
-0.95743400,0.00006104
-0.95711400,0.00006104
-0.95679400,0.00006104
-0.95647400,0.00006104
-0.95615400,0.01788385
-0.95583400,0.00006104
-0.95551400,0.00006104
-0.95519400,0.01788385
-0.95487400,0.00006104
-0.95455400,0.01788385
-0.95423400,0.00006104
-0.95391400,0.00006104
-0.95359400,0.00006104
-0.95327400,0.00006104
-0.95295400,0.00006104
-0.95263400,0.00006104
-0.95231400,0.00006104
-0.95199400,0.00006104
-0.95167400,-0.01770074
-0.95135400,0.00006104
-0.95103400,0.00006104
-0.95071400,0.00006104
-0.95039400,0.00006104
-0.95007400,0.00006104
-0.94975400,0.00006104
-0.94943400,0.00006104
-0.94911400,0.00006104
-0.94879400,0.00006104
-0.94847400,0.00006104
-0.94815400,0.00006104
-0.94783400,0.00006104
-0.94751400,0.01788385
-0.94719400,0.00006104
-0.94687400,0.01788385
-0.94655400,0.00006104
-0.94623400,0.00006104
-0.94591400,0.00006104
-0.94559400,0.00006104
-0.94527400,0.00006104
-0.94495400,0.00006104
-0.94463400,0.00006104
-0.94431400,0.00006104
-0.94399400,0.00006104
-0.94367400,0.00006104
-0.94335400,0.00006104
-0.94303400,0.00006104
-0.94271400,0.00006104
-0.94239400,-0.01770074
-0.94207400,0.00006104
-0.94175400,0.00006104
-0.94143400,0.00006104
-0.94111400,0.00006104
-0.94079400,0.00006104
-0.94047400,0.00006104
-0.94015400,0.00006104
-0.93983400,0.00006104
-0.93951400,0.00006104
-0.93919400,0.00006104
-0.93887400,0.00006104
-0.93855400,0.00006104
-0.93823400,0.00006104
-0.93791400,0.00006104
-0.93759400,0.00006104
-0.93727400,0.00006104
-0.93695400,0.00006104
-0.93663400,0.00006104
-0.93631400,0.00006104
-0.93599400,0.00006104
-0.93567400,0.00006104
-0.93535400,0.00006104
-0.93503400,0.00006104
-0.93471400,0.00006104
-0.93439400,0.00006104
-0.93407400,0.00006104
-0.93375400,0.00006104
-0.93343400,0.00006104
-0.93311400,0.00006104
-0.93279400,0.00006104
-0.93247400,0.00006104
-0.93215400,-0.01770074
-0.93183400,-0.01770074
-0.93151400,0.00006104
-0.93119400,0.00006104
-0.93087400,0.00006104
-0.93055400,0.00006104
-0.93023400,0.00006104
-0.92991400,0.00006104
-0.92959400,0.00006104
-0.92927400,0.00006104
-0.92895400,0.00006104
-0.92863400,0.00006104
-0.92831400,0.00006104
-0.92799400,0.00006104
-0.92767400,0.00006104
-0.92735400,0.00006104
-0.92703400,0.00006104
-0.92671400,0.00006104
-0.92639400,0.00006104
-0.92607400,0.00006104
-0.92575400,0.00006104
-0.92543400,0.00006104
-0.92511400,0.00006104
-0.92479400,0.00006104
-0.92447400,0.00006104
-0.92415400,0.00006104
-0.92383400,0.00006104
-0.92351400,0.00006104
-0.92319400,0.00006104
-0.92287400,0.00006104
-0.92255400,0.00006104
-0.92223400,0.00006104
-0.92191400,0.00006104
-0.92159400,0.00006104
-0.92127400,0.00006104
-0.92095400,0.00006104
-0.92063400,0.00006104
-0.92031400,0.00006104
-0.91999400,0.00006104
-0.91967400,0.00006104
-0.91935400,0.00006104
-0.91903400,0.00006104
-0.91871400,0.00006104
-0.91839400,0.00006104
-0.91807400,0.00006104
-0.91775400,0.00006104
-0.91743400,0.00006104
-0.91711400,0.00006104
-0.91679400,0.00006104
-0.91647400,0.00006104
-0.91615400,0.00006104
-0.91583400,0.00006104
-0.91551400,0.00006104
-0.91519400,0.00006104
-0.91487400,0.00006104
-0.91455400,0.00006104
-0.91423400,0.00006104
-0.91391400,0.00006104
-0.91359400,0.00006104
-0.91327400,0.00006104
-0.91295400,0.00006104
-0.91263400,0.00006104
-0.91231400,0.00006104
-0.91199400,0.00006104
-0.91167400,0.00006104
-0.91135400,0.00006104
-0.91103400,0.00006104
-0.91071400,0.00006104
-0.91039400,0.00006104
-0.91007400,0.00006104
-0.90975400,0.00006104
-0.90943400,0.00006104
-0.90911400,0.00006104
-0.90879400,0.00006104
-0.90847400,0.00006104
-0.90815400,0.00006104
-0.90783400,0.00006104
-0.90751400,0.00006104
-0.90719400,0.00006104
-0.90687400,0.00006104
-0.90655400,0.00006104
-0.90623400,0.00006104
-0.90591400,0.00006104
-0.90559400,0.00006104
-0.90527400,0.00006104
-0.90495400,0.00006104
-0.90463400,0.00006104
-0.90431400,0.00006104
-0.90399400,0.00006104
-0.90367400,0.00006104
-0.90335400,0.00006104
-0.90303400,0.00006104
-0.90271400,0.00006104
-0.90239400,0.00006104
-0.90207400,0.00006104
-0.90175400,0.00006104
-0.90143400,-0.01770074
-0.90111400,0.00006104
-0.90079400,0.00006104
-0.90047400,0.00006104
-0.90015400,0.00006104
-0.89983400,0.00006104
-0.89951400,0.00006104
-0.89919400,0.00006104
-0.89887400,0.00006104
-0.89855400,0.00006104
-0.89823400,0.00006104
-0.89791400,0.00006104
-0.89759400,0.00006104
-0.89727400,0.00006104
-0.89695400,0.00006104
-0.89663400,0.00006104
-0.89631400,0.00006104
-0.89599400,0.00006104
-0.89567400,0.00006104
-0.89535400,0.00006104
-0.89503400,0.00006104
-0.89471400,0.00006104
-0.89439400,0.00006104
-0.89407400,0.00006104
-0.89375400,0.00006104
-0.89343400,0.00006104
-0.89311400,0.00006104
-0.89279400,0.00006104
-0.89247400,0.00006104
-0.89215400,0.00006104
-0.89183400,0.00006104
-0.89151400,0.00006104
-0.89119400,0.00006104
-0.89087400,0.00006104
-0.89055400,0.00006104
-0.89023400,0.00006104
-0.88991400,0.00006104
-0.88959400,0.00006104
-0.88927400,0.00006104
-0.88895400,0.00006104
-0.88863400,0.00006104
-0.88831400,0.00006104
-0.88799400,0.00006104
-0.88767400,0.00006104
-0.88735400,0.00006104
-0.88703400,0.00006104
-0.88671400,0.00006104
-0.88639400,0.00006104
-0.88607400,-0.01770074
-0.88575400,0.00006104
-0.88543400,0.00006104
-0.88511400,0.00006104
-0.88479400,0.00006104
-0.88447400,0.00006104
-0.88415400,0.00006104
-0.88383400,0.00006104
-0.88351400,0.00006104
-0.88319400,0.00006104
-0.88287400,0.00006104
-0.88255400,0.00006104
-0.88223400,0.00006104
-0.88191400,0.00006104
-0.88159400,0.00006104
-0.88127400,0.00006104
-0.88095400,-0.01770074
-0.88063400,0.00006104
-0.88031400,0.00006104
-0.87999400,0.00006104
-0.87967400,0.00006104
-0.87935400,0.00006104
-0.87903400,0.00006104
-0.87871400,0.00006104
-0.87839400,0.00006104
-0.87807400,-0.01770074
-0.87775400,0.00006104
-0.87743400,0.00006104
-0.87711400,-0.01770074
-0.87679400,0.00006104
-0.87647400,0.00006104
-0.87615400,-0.01770074
-0.87583400,0.00006104
-0.87551400,0.00006104
-0.87519400,0.00006104
-0.87487400,0.00006104
-0.87455400,0.00006104
-0.87423400,0.00006104
-0.87391400,0.00006104
-0.87359400,0.00006104
-0.87327400,0.00006104
-0.87295400,0.00006104
-0.87263400,0.00006104
-0.87231400,0.00006104
-0.87199400,0.00006104
-0.87167400,0.00006104
-0.87135400,0.00006104
-0.87103400,0.00006104
-0.87071400,0.00006104
-0.87039400,0.00006104
-0.87007400,0.00006104
-0.86975400,0.00006104
-0.86943400,0.00006104
-0.86911400,0.00006104
-0.86879400,0.00006104
-0.86847400,0.00006104
-0.86815400,0.00006104
-0.86783400,0.00006104
-0.86751400,0.00006104
-0.86719400,0.00006104
-0.86687400,0.00006104
-0.86655400,0.00006104
-0.86623400,0.00006104
-0.86591400,0.00006104
-0.86559400,0.00006104
-0.86527400,0.00006104
-0.86495400,0.00006104
-0.86463400,0.00006104
-0.86431400,0.00006104
-0.86399400,-0.01770074
-0.86367400,0.00006104
-0.86335400,0.00006104
-0.86303400,0.00006104
-0.86271400,0.00006104
-0.86239400,0.00006104
-0.86207400,0.00006104
-0.86175400,0.00006104
-0.86143400,0.00006104
-0.86111400,0.00006104
-0.86079400,0.00006104
-0.86047400,0.00006104
-0.86015400,0.00006104
-0.85983400,0.00006104
-0.85951400,0.00006104
-0.85919400,0.00006104
-0.85887400,0.00006104
-0.85855400,0.00006104
-0.85823400,-0.01770074
-0.85791400,0.00006104
-0.85759400,0.00006104
-0.85727400,0.00006104
-0.85695400,0.00006104
-0.85663400,0.00006104
-0.85631400,0.00006104
-0.85599400,0.00006104
-0.85567400,0.00006104
-0.85535400,0.00006104
-0.85503400,0.00006104
-0.85471400,0.00006104
-0.85439400,0.00006104
-0.85407400,0.00006104
-0.85375400,0.00006104
-0.85343400,0.00006104
-0.85311400,0.00006104
-0.85279400,0.00006104
-0.85247400,0.00006104
-0.85215400,0.00006104
-0.85183400,0.00006104
-0.85151400,0.00006104
-0.85119400,0.00006104
-0.85087400,0.00006104
-0.85055400,0.00006104
-0.85023400,0.00006104
-0.84991400,0.00006104
-0.84959400,0.00006104
-0.84927400,0.00006104
-0.84895400,0.00006104
-0.84863400,-0.01770074
-0.84831400,0.00006104
-0.84799400,0.00006104
-0.84767400,0.00006104
-0.84735400,0.00006104
-0.84703400,0.00006104
-0.84671400,0.00006104
-0.84639400,0.00006104
-0.84607400,-0.01770074
-0.84575400,0.00006104
-0.84543400,0.00006104
-0.84511400,0.00006104
-0.84479400,0.00006104
-0.84447400,0.00006104
-0.84415400,0.00006104
-0.84383400,0.00006104
-0.84351400,0.00006104
-0.84319400,0.00006104
-0.84287400,0.00006104
-0.84255400,0.00006104
-0.84223400,0.00006104
-0.84191400,0.00006104
-0.84159400,0.00006104
-0.84127400,0.00006104
-0.84095400,0.00006104
-0.84063400,0.00006104
-0.84031400,0.00006104
-0.83999400,0.00006104
-0.83967400,0.00006104
-0.83935400,0.00006104
-0.83903400,0.00006104
-0.83871400,0.00006104
-0.83839400,0.00006104
-0.83807400,0.00006104
-0.83775400,0.00006104
-0.83743400,0.00006104
-0.83711400,0.00006104
-0.83679400,0.00006104
-0.83647400,0.00006104
-0.83615400,-0.01770074
-0.83583400,0.00006104
-0.83551400,0.00006104
-0.83519400,-0.01770074
-0.83487400,0.00006104
-0.83455400,0.00006104
-0.83423400,0.00006104
-0.83391400,0.00006104
-0.83359400,0.00006104
-0.83327400,0.00006104
-0.83295400,0.00006104
-0.83263400,0.00006104
-0.83231400,0.00006104
-0.83199400,0.00006104
-0.83167400,0.00006104
-0.83135400,0.00006104
-0.83103400,0.00006104
-0.83071400,0.00006104
-0.83039400,0.00006104
-0.83007400,0.00006104
-0.82975400,0.00006104
-0.82943400,0.00006104
-0.82911400,0.00006104
-0.82879400,0.00006104
-0.82847400,0.00006104
-0.82815400,0.00006104
-0.82783400,0.00006104
-0.82751400,0.00006104
-0.82719400,0.00006104
-0.82687400,0.00006104
-0.82655400,-0.01770074
-0.82623400,0.00006104
-0.82591400,0.00006104
-0.82559400,0.00006104
-0.82527400,0.00006104
-0.82495400,0.00006104
-0.82463400,0.00006104
-0.82431400,0.00006104
-0.82399400,0.00006104
-0.82367400,0.00006104
-0.82335400,0.00006104
-0.82303400,0.00006104
-0.82271400,0.00006104
-0.82239400,0.00006104
-0.82207400,0.00006104
-0.82175400,-0.01770074
-0.82143400,0.00006104
-0.82111400,0.00006104
-0.82079400,0.00006104
-0.82047400,0.00006104
-0.82015400,0.00006104
-0.81983400,0.00006104
-0.81951400,0.00006104
-0.81919400,0.00006104
-0.81887400,0.00006104
-0.81855400,0.00006104
-0.81823400,0.00006104
-0.81791400,0.00006104
-0.81759400,0.00006104
-0.81727400,-0.01770074
-0.81695400,0.00006104
-0.81663400,0.00006104
-0.81631400,0.00006104
-0.81599400,0.00006104
-0.81567400,0.00006104
-0.81535400,0.00006104
-0.81503400,0.00006104
-0.81471400,0.00006104
-0.81439400,0.00006104
-0.81407400,0.00006104
-0.81375400,0.00006104
-0.81343400,0.00006104
-0.81311400,-0.01770074
-0.81279400,0.00006104
-0.81247400,0.00006104
-0.81215400,0.00006104
-0.81183400,0.00006104
-0.81151400,0.00006104
-0.81119400,0.00006104
-0.81087400,0.00006104
-0.81055400,0.00006104
-0.81023400,-0.01770074
-0.80991400,0.00006104
-0.80959400,0.00006104
-0.80927400,0.00006104
-0.80895400,0.00006104
-0.80863400,0.00006104
-0.80831400,0.00006104
-0.80799400,0.00006104
-0.80767400,0.00006104
-0.80735400,0.00006104
-0.80703400,0.00006104
-0.80671400,0.00006104
-0.80639400,0.00006104
-0.80607400,0.00006104
-0.80575400,0.00006104
-0.80543400,-0.01770074
-0.80511400,0.00006104
-0.80479400,0.00006104
-0.80447400,0.00006104
-0.80415400,0.00006104
-0.80383400,0.00006104
-0.80351400,0.00006104
-0.80319400,0.00006104
-0.80287400,0.00006104
-0.80255400,0.00006104
-0.80223400,0.00006104
-0.80191400,0.00006104
-0.80159400,0.00006104
-0.80127400,0.00006104
-0.80095400,0.00006104
-0.80063400,0.00006104
-0.80031400,0.00006104
-0.79999400,0.00006104
-0.79967400,0.00006104
-0.79935400,0.00006104
-0.79903400,-0.01770074
-0.79871400,0.00006104
-0.79839400,0.00006104
-0.79807400,0.00006104
-0.79775400,0.00006104
-0.79743400,0.00006104
-0.79711400,0.00006104
-0.79679400,0.00006104
-0.79647400,0.00006104
-0.79615400,0.00006104
-0.79583400,0.00006104
-0.79551400,0.00006104
-0.79519400,0.00006104
-0.79487400,0.00006104
-0.79455400,0.00006104
-0.79423400,0.00006104
-0.79391400,0.00006104
-0.79359400,0.00006104
-0.79327400,0.00006104
-0.79295400,0.00006104
-0.79263400,0.00006104
-0.79231400,0.00006104
-0.79199400,0.00006104
-0.79167400,0.00006104
-0.79135400,0.00006104
-0.79103400,0.00006104
-0.79071400,0.00006104
-0.79039400,0.00006104
-0.79007400,0.00006104
-0.78975400,0.00006104
-0.78943400,0.00006104
-0.78911400,0.00006104
-0.78879400,0.00006104
-0.78847400,0.00006104
-0.78815400,0.00006104
-0.78783400,0.00006104
-0.78751400,0.00006104
-0.78719400,0.00006104
-0.78687400,0.00006104
-0.78655400,-0.01770074
-0.78623400,0.00006104
-0.78591400,0.00006104
-0.78559400,0.00006104
-0.78527400,0.01788385
-0.78495400,0.00006104
-0.78463400,0.00006104
-0.78431400,0.00006104
-0.78399400,0.00006104
-0.78367400,0.00006104
-0.78335400,0.00006104
-0.78303400,0.00006104
-0.78271400,0.00006104
-0.78239400,0.00006104
-0.78207400,0.00006104
-0.78175400,0.00006104
-0.78143400,0.00006104
-0.78111400,0.00006104
-0.78079400,0.00006104
-0.78047400,0.00006104
-0.78015400,0.00006104
-0.77983400,0.00006104
-0.77951400,0.00006104
-0.77919400,0.00006104
-0.77887400,0.00006104
-0.77855400,0.00006104
-0.77823400,-0.01770074
-0.77791400,0.00006104
-0.77759401,0.00006104
-0.77727401,0.00006104
-0.77695401,0.00006104
-0.77663401,0.00006104
-0.77631401,0.00006104
-0.77599401,0.00006104
-0.77567401,0.00006104
-0.77535401,0.00006104
-0.77503401,0.00006104
-0.77471401,0.00006104
-0.77439401,0.00006104
-0.77407401,0.00006104
-0.77375401,0.00006104
-0.77343401,0.00006104
-0.77311401,0.00006104
-0.77279401,0.00006104
-0.77247401,0.00006104
-0.77215401,0.00006104
-0.77183401,0.00006104
-0.77151401,0.00006104
-0.77119401,0.00006104
-0.77087401,0.00006104
-0.77055401,0.00006104
-0.77023401,0.00006104
-0.76991401,0.00006104
-0.76959401,0.00006104
-0.76927401,0.00006104
-0.76895401,0.00006104
-0.76863401,0.00006104
-0.76831401,0.00006104
-0.76799401,0.00006104
-0.76767401,0.00006104
-0.76735401,0.00006104
-0.76703401,0.00006104
-0.76671401,0.00006104
-0.76639401,0.00006104
-0.76607401,0.00006104
-0.76575401,0.00006104
-0.76543401,0.00006104
-0.76511401,0.00006104
-0.76479401,0.00006104
-0.76447401,0.00006104
-0.76415401,0.00006104
-0.76383401,0.00006104
-0.76351401,0.00006104
-0.76319401,0.00006104
-0.76287401,0.00006104
-0.76255401,0.00006104
-0.76223401,0.00006104
-0.76191401,0.00006104
-0.76159401,0.00006104
-0.76127401,0.00006104
-0.76095401,0.00006104
-0.76063401,0.00006104
-0.76031401,0.00006104
-0.75999401,0.00006104
-0.75967401,0.00006104
-0.75935401,0.00006104
-0.75903401,0.00006104
-0.75871401,0.00006104
-0.75839401,0.00006104
-0.75807401,-0.01770074
-0.75775401,0.00006104
-0.75743401,0.00006104
-0.75711401,0.00006104
-0.75679401,0.00006104
-0.75647401,0.00006104
-0.75615401,0.00006104
-0.75583401,0.00006104
-0.75551401,0.00006104
-0.75519401,0.00006104
-0.75487401,0.00006104
-0.75455401,0.00006104
-0.75423401,0.00006104
-0.75391401,0.00006104
-0.75359401,0.00006104
-0.75327401,-0.01770074
-0.75295401,0.00006104
-0.75263401,-0.01770074
-0.75231401,0.00006104
-0.75199401,0.00006104
-0.75167401,0.00006104
-0.75135401,0.00006104
-0.75103401,0.00006104
-0.75071401,0.00006104
-0.75039401,0.00006104
-0.75007401,0.00006104
-0.74975401,0.00006104
-0.74943401,0.00006104
-0.74911401,0.00006104
-0.74879401,0.00006104
-0.74847401,0.00006104
-0.74815401,0.00006104
-0.74783401,0.00006104
-0.74751401,0.00006104
-0.74719401,0.00006104
-0.74687401,0.00006104
-0.74655401,0.00006104
-0.74623401,0.00006104
-0.74591401,0.00006104
-0.74559401,0.00006104
-0.74527401,0.00006104
-0.74495401,0.00006104
-0.74463401,0.00006104
-0.74431401,0.00006104
-0.74399401,0.00006104
-0.74367401,-0.01770074
-0.74335401,0.00006104
-0.74303401,0.00006104
-0.74271401,0.00006104
-0.74239401,0.00006104
-0.74207401,0.00006104
-0.74175401,0.00006104
-0.74143401,0.00006104
-0.74111401,0.00006104
-0.74079401,0.00006104
-0.74047401,0.00006104
-0.74015401,0.00006104
-0.73983401,0.00006104
-0.73951401,0.00006104
-0.73919401,0.00006104
-0.73887401,0.00006104
-0.73855401,0.00006104
-0.73823401,0.00006104
-0.73791401,0.00006104
-0.73759401,0.00006104
-0.73727401,0.00006104
-0.73695401,0.00006104
-0.73663401,0.00006104
-0.73631401,0.00006104
-0.73599401,0.00006104
-0.73567401,0.00006104
-0.73535401,0.00006104
-0.73503401,0.00006104
-0.73471401,0.00006104
-0.73439401,0.00006104
-0.73407401,-0.01770074
-0.73375401,-0.01770074
-0.73343401,-0.01770074
-0.73311401,0.00006104
-0.73279401,-0.01770074
-0.73247401,-0.01770074
-0.73215401,0.00006104
-0.73183401,0.00006104
-0.73151401,0.00006104
-0.73119401,0.00006104
-0.73087401,0.00006104
-0.73055401,0.00006104
-0.73023401,0.00006104
-0.72991401,0.00006104
-0.72959401,0.00006104
-0.72927401,0.00006104
-0.72895401,0.00006104
-0.72863401,0.00006104
-0.72831401,0.00006104
-0.72799401,0.00006104
-0.72767401,0.00006104
-0.72735401,0.00006104
-0.72703401,0.00006104
-0.72671401,0.00006104
-0.72639401,-0.01770074
-0.72607401,0.00006104
-0.72575401,0.00006104
-0.72543401,0.00006104
-0.72511401,0.00006104
-0.72479401,0.00006104
-0.72447401,0.00006104
-0.72415401,0.00006104
-0.72383401,0.00006104
-0.72351401,0.00006104
-0.72319401,0.00006104
-0.72287401,0.00006104
-0.72255401,0.00006104
-0.72223401,0.00006104
-0.72191401,0.00006104
-0.72159401,0.00006104
-0.72127401,0.00006104
-0.72095401,0.00006104
-0.72063401,0.00006104
-0.72031401,0.00006104
-0.71999401,0.00006104
-0.71967401,0.00006104
-0.71935401,0.00006104
-0.71903401,0.00006104
-0.71871401,0.00006104
-0.71839401,0.00006104
-0.71807401,0.00006104
-0.71775401,0.00006104
-0.71743401,0.00006104
-0.71711401,0.00006104
-0.71679401,0.00006104
-0.71647401,0.00006104
-0.71615401,0.00006104
-0.71583401,0.00006104
-0.71551401,0.00006104
-0.71519401,0.00006104
-0.71487401,0.00006104
-0.71455401,0.00006104
-0.71423401,0.00006104
-0.71391401,0.00006104
-0.71359401,0.00006104
-0.71327401,0.00006104
-0.71295401,0.00006104
-0.71263401,0.00006104
-0.71231401,0.00006104
-0.71199401,0.01788385
-0.71167401,0.00006104
-0.71135401,0.00006104
-0.71103401,0.00006104
-0.71071401,0.00006104
-0.71039401,0.00006104
-0.71007401,0.00006104
-0.70975401,0.00006104
-0.70943401,0.00006104
-0.70911401,0.00006104
-0.70879401,0.00006104
-0.70847401,0.00006104
-0.70815401,0.00006104
-0.70783401,0.00006104
-0.70751401,0.00006104
-0.70719401,0.00006104
-0.70687401,0.00006104
-0.70655401,0.00006104
-0.70623401,0.00006104
-0.70591401,0.00006104
-0.70559401,0.00006104
-0.70527401,0.00006104
-0.70495401,0.00006104
-0.70463401,0.00006104
-0.70431401,0.00006104
-0.70399401,0.00006104
-0.70367401,0.00006104
-0.70335401,0.00006104
-0.70303401,0.00006104
-0.70271401,0.00006104
-0.70239401,0.00006104
-0.70207401,0.00006104
-0.70175401,0.00006104
-0.70143401,0.00006104
-0.70111401,-0.01770074
-0.70079401,0.00006104
-0.70047401,0.00006104
-0.70015401,0.00006104
-0.69983401,0.00006104
-0.69951401,0.00006104
-0.69919401,0.00006104
-0.69887401,0.00006104
-0.69855401,0.00006104
-0.69823401,0.00006104
-0.69791401,0.00006104
-0.69759401,0.00006104
-0.69727401,0.00006104
-0.69695401,0.00006104
-0.69663401,0.00006104
-0.69631401,0.00006104
-0.69599401,0.00006104
-0.69567401,0.00006104
-0.69535401,0.00006104
-0.69503401,0.00006104
-0.69471401,0.00006104
-0.69439401,0.00006104
-0.69407401,0.00006104
-0.69375401,0.00006104
-0.69343401,0.00006104
-0.69311401,0.00006104
-0.69279401,0.00006104
-0.69247401,0.00006104
-0.69215401,0.00006104
-0.69183401,0.00006104
-0.69151401,0.00006104
-0.69119401,0.00006104
-0.69087401,0.00006104
-0.69055401,0.00006104
-0.69023401,0.00006104
-0.68991401,0.00006104
-0.68959401,0.00006104
-0.68927401,0.00006104
-0.68895401,0.00006104
-0.68863401,0.00006104
-0.68831401,-0.01770074
-0.68799401,0.00006104
-0.68767401,0.00006104
-0.68735401,0.00006104
-0.68703401,0.00006104
-0.68671401,0.00006104
-0.68639401,0.00006104
-0.68607401,0.00006104
-0.68575401,0.00006104
-0.68543401,0.00006104
-0.68511401,0.00006104
-0.68479401,0.00006104
-0.68447401,0.00006104
-0.68415401,0.00006104
-0.68383401,0.00006104
-0.68351401,0.00006104
-0.68319401,-0.01770074
-0.68287401,0.00006104
-0.68255401,0.00006104
-0.68223401,0.00006104
-0.68191401,0.00006104
-0.68159401,0.00006104
-0.68127401,0.00006104
-0.68095401,0.00006104
-0.68063401,0.00006104
-0.68031401,0.00006104
-0.67999401,-0.01770074
-0.67967401,0.00006104
-0.67935401,0.00006104
-0.67903401,0.00006104
-0.67871401,0.00006104
-0.67839401,0.00006104
-0.67807401,0.00006104
-0.67775401,0.00006104
-0.67743401,0.00006104
-0.67711401,0.00006104
-0.67679401,0.00006104
-0.67647401,0.00006104
-0.67615401,0.00006104
-0.67583401,0.00006104
-0.67551401,0.00006104
-0.67519401,0.00006104
-0.67487401,0.00006104
-0.67455401,0.00006104
-0.67423401,0.00006104
-0.67391401,0.00006104
-0.67359401,0.00006104
-0.67327401,0.00006104
-0.67295401,0.00006104
-0.67263401,0.00006104
-0.67231401,0.00006104
-0.67199401,0.00006104
-0.67167401,-0.01770074
-0.67135401,0.00006104
-0.67103401,0.00006104
-0.67071401,0.00006104
-0.67039401,0.00006104
-0.67007401,0.00006104
-0.66975401,0.00006104
-0.66943401,0.00006104
-0.66911401,-0.01770074
-0.66879401,0.00006104
-0.66847401,0.00006104
-0.66815401,0.00006104
-0.66783401,0.00006104
-0.66751401,0.00006104
-0.66719401,0.00006104
-0.66687401,0.00006104
-0.66655401,0.00006104
-0.66623401,0.00006104
-0.66591401,0.00006104
-0.66559401,0.00006104
-0.66527401,0.00006104
-0.66495401,0.00006104
-0.66463401,0.00006104
-0.66431401,0.00006104
-0.66399401,0.00006104
-0.66367401,0.00006104
-0.66335401,0.00006104
-0.66303401,0.00006104
-0.66271401,0.00006104
-0.66239401,-0.01770074
-0.66207401,0.00006104
-0.66175401,0.00006104
-0.66143401,0.00006104
-0.66111401,0.00006104
-0.66079401,0.00006104
-0.66047401,0.00006104
-0.66015401,0.00006104
-0.65983401,0.00006104
-0.65951401,0.00006104
-0.65919401,-0.01770074
-0.65887401,0.00006104
-0.65855401,0.00006104
-0.65823401,0.00006104
-0.65791401,0.00006104
-0.65759401,0.00006104
-0.65727401,0.00006104
-0.65695401,0.00006104
-0.65663401,0.00006104
-0.65631401,0.00006104
-0.65599401,0.00006104
-0.65567401,0.00006104
-0.65535401,0.00006104
-0.65503401,0.00006104
-0.65471401,-0.01770074
-0.65439401,0.00006104
-0.65407401,-0.01770074
-0.65375401,0.00006104
-0.65343401,0.00006104
-0.65311401,0.00006104
-0.65279401,0.00006104
-0.65247401,-0.01770074
-0.65215401,0.00006104
-0.65183401,0.00006104
-0.65151401,0.00006104
-0.65119401,0.00006104
-0.65087401,0.00006104
-0.65055401,0.00006104
-0.65023401,0.00006104
-0.64991401,0.00006104
-0.64959401,0.00006104
-0.64927401,0.00006104
-0.64895401,0.00006104
-0.64863401,0.00006104
-0.64831401,0.00006104
-0.64799401,0.00006104
-0.64767401,0.00006104
-0.64735401,0.00006104
-0.64703401,0.00006104
-0.64671401,0.00006104
-0.64639401,0.00006104
-0.64607401,0.00006104
-0.64575401,0.00006104
-0.64543401,0.00006104
-0.64511401,0.00006104
-0.64479401,0.00006104
-0.64447401,-0.01770074
-0.64415401,0.00006104
-0.64383401,0.00006104
-0.64351401,0.00006104
-0.64319401,0.00006104
-0.64287401,0.00006104
-0.64255401,0.00006104
-0.64223401,0.00006104
-0.64191401,0.00006104
-0.64159401,0.00006104
-0.64127401,0.00006104
-0.64095401,0.00006104
-0.64063401,0.00006104
-0.64031401,0.00006104
-0.63999401,0.00006104
-0.63967401,0.00006104
-0.63935401,0.00006104
-0.63903401,0.00006104
-0.63871401,0.00006104
-0.63839401,0.00006104
-0.63807401,0.00006104
-0.63775401,0.00006104
-0.63743401,-0.01770074
-0.63711401,0.00006104
-0.63679401,0.00006104
-0.63647401,0.00006104
-0.63615401,0.00006104
-0.63583401,0.00006104
-0.63551401,0.00006104
-0.63519401,-0.01770074
-0.63487401,0.00006104
-0.63455401,0.00006104
-0.63423401,0.00006104
-0.63391401,0.00006104
-0.63359401,0.00006104
-0.63327401,0.00006104
-0.63295401,0.00006104
-0.63263401,0.00006104
-0.63231401,0.00006104
-0.63199401,0.00006104
-0.63167401,0.00006104
-0.63135401,0.00006104
-0.63103401,0.00006104
-0.63071401,0.00006104
-0.63039401,0.00006104
-0.63007401,0.00006104
-0.62975401,0.00006104
-0.62943401,0.00006104
-0.62911401,0.00006104
-0.62879401,0.00006104
-0.62847401,0.00006104
-0.62815401,0.00006104
-0.62783401,0.00006104
-0.62751401,0.00006104
-0.62719401,0.00006104
-0.62687401,0.00006104
-0.62655401,0.00006104
-0.62623401,0.00006104
-0.62591401,0.00006104
-0.62559401,0.00006104
-0.62527401,0.00006104
-0.62495401,0.00006104
-0.62463401,0.00006104
-0.62431401,0.00006104
-0.62399401,0.00006104
-0.62367401,0.00006104
-0.62335401,0.00006104
-0.62303401,0.00006104
-0.62271401,0.00006104
-0.62239401,0.00006104
-0.62207401,0.00006104
-0.62175401,0.00006104
-0.62143401,0.00006104
-0.62111401,0.00006104
-0.62079401,0.00006104
-0.62047401,0.00006104
-0.62015401,0.00006104
-0.61983401,0.00006104
-0.61951401,0.00006104
-0.61919401,0.00006104
-0.61887401,0.00006104
-0.61855401,0.00006104
-0.61823401,0.00006104
-0.61791401,0.00006104
-0.61759401,0.00006104
-0.61727401,0.00006104
-0.61695401,0.00006104
-0.61663401,0.00006104
-0.61631401,0.00006104
-0.61599401,0.00006104
-0.61567401,0.00006104
-0.61535401,0.00006104
-0.61503401,0.00006104
-0.61471401,0.00006104
-0.61439401,0.00006104
-0.61407401,0.00006104
-0.61375401,0.00006104
-0.61343401,-0.01770074
-0.61311401,0.00006104
-0.61279401,0.00006104
-0.61247401,0.00006104
-0.61215401,0.00006104
-0.61183401,-0.01770074
-0.61151401,0.00006104
-0.61119401,0.00006104
-0.61087401,0.00006104
-0.61055401,0.00006104
-0.61023401,0.00006104
-0.60991401,0.00006104
-0.60959401,0.00006104
-0.60927401,0.00006104
-0.60895401,0.00006104
-0.60863401,0.00006104
-0.60831401,0.00006104
-0.60799401,0.00006104
-0.60767401,0.00006104
-0.60735401,0.00006104
-0.60703401,0.00006104
-0.60671401,0.00006104
-0.60639401,0.00006104
-0.60607401,-0.01770074
-0.60575401,0.00006104
-0.60543401,0.00006104
-0.60511401,0.00006104
-0.60479401,0.00006104
-0.60447401,0.00006104
-0.60415401,-0.01770074
-0.60383401,0.00006104
-0.60351401,-0.01770074
-0.60319401,0.00006104
-0.60287401,0.00006104
-0.60255401,0.00006104
-0.60223401,0.00006104
-0.60191401,0.00006104
-0.60159401,0.00006104
-0.60127401,0.00006104
-0.60095401,0.00006104
-0.60063401,0.00006104
-0.60031401,0.00006104
-0.59999401,-0.01770074
-0.59967401,0.00006104
-0.59935401,0.00006104
-0.59903401,0.00006104
-0.59871401,0.00006104
-0.59839401,0.00006104
-0.59807401,0.00006104
-0.59775401,0.00006104
-0.59743401,0.00006104
-0.59711401,0.00006104
-0.59679401,0.00006104
-0.59647401,0.00006104
-0.59615401,0.00006104
-0.59583401,0.00006104
-0.59551401,0.00006104
-0.59519401,0.00006104
-0.59487401,0.00006104
-0.59455401,0.00006104
-0.59423401,0.00006104
-0.59391401,0.00006104
-0.59359401,0.00006104
-0.59327401,0.00006104
-0.59295401,0.00006104
-0.59263401,0.00006104
-0.59231401,0.00006104
-0.59199401,-0.01770074
-0.59167401,0.00006104
-0.59135401,0.00006104
-0.59103401,0.00006104
-0.59071401,0.00006104
-0.59039401,0.00006104
-0.59007401,0.00006104
-0.58975401,0.00006104
-0.58943401,0.00006104
-0.58911401,0.00006104
-0.58879401,0.00006104
-0.58847401,0.00006104
-0.58815401,0.00006104
-0.58783401,0.00006104
-0.58751401,0.00006104
-0.58719401,0.00006104
-0.58687401,0.00006104
-0.58655401,0.00006104
-0.58623401,0.00006104
-0.58591401,0.00006104
-0.58559401,0.00006104
-0.58527401,0.00006104
-0.58495401,0.00006104
-0.58463401,0.00006104
-0.58431401,0.00006104
-0.58399401,0.00006104
-0.58367401,0.00006104
-0.58335401,0.00006104
-0.58303401,0.00006104
-0.58271401,0.00006104
-0.58239401,0.00006104
-0.58207401,0.00006104
-0.58175401,0.00006104
-0.58143401,0.00006104
-0.58111401,0.00006104
-0.58079401,0.00006104
-0.58047401,0.00006104
-0.58015401,0.00006104
-0.57983401,0.00006104
-0.57951401,0.00006104
-0.57919401,0.00006104
-0.57887401,0.00006104
-0.57855401,0.00006104
-0.57823401,0.00006104
-0.57791401,0.00006104
-0.57759401,0.00006104
-0.57727401,0.00006104
-0.57695401,0.00006104
-0.57663401,0.00006104
-0.57631401,0.00006104
-0.57599401,0.00006104
-0.57567401,0.00006104
-0.57535401,0.00006104
-0.57503401,0.00006104
-0.57471401,0.00006104
-0.57439401,0.00006104
-0.57407401,0.00006104
-0.57375401,0.00006104
-0.57343401,0.00006104
-0.57311401,0.00006104
-0.57279401,0.00006104
-0.57247401,0.00006104
-0.57215401,0.00006104
-0.57183401,0.00006104
-0.57151401,0.00006104
-0.57119401,0.00006104
-0.57087401,0.00006104
-0.57055401,0.00006104
-0.57023401,0.00006104
-0.56991401,0.00006104
-0.56959401,0.00006104
-0.56927401,0.00006104
-0.56895401,0.00006104
-0.56863401,0.00006104
-0.56831401,0.00006104
-0.56799401,0.00006104
-0.56767401,0.00006104
-0.56735401,-0.01770074
-0.56703401,0.00006104
-0.56671401,0.00006104
-0.56639401,0.00006104
-0.56607401,0.00006104
-0.56575401,0.00006104
-0.56543401,0.00006104
-0.56511401,0.00006104
-0.56479401,0.00006104
-0.56447401,0.00006104
-0.56415401,0.00006104
-0.56383401,0.00006104
-0.56351401,0.00006104
-0.56319401,0.00006104
-0.56287401,-0.01770074
-0.56255401,0.00006104
-0.56223401,0.00006104
-0.56191401,0.00006104
-0.56159401,0.00006104
-0.56127401,0.00006104
-0.56095401,0.00006104
-0.56063401,0.00006104
-0.56031401,0.00006104
-0.55999401,0.00006104
-0.55967401,0.00006104
-0.55935401,0.00006104
-0.55903401,0.00006104
-0.55871401,0.00006104
-0.55839401,0.00006104
-0.55807401,0.00006104
-0.55775401,0.00006104
-0.55743401,0.00006104
-0.55711401,0.00006104
-0.55679401,0.00006104
-0.55647401,0.00006104
-0.55615401,0.00006104
-0.55583401,0.00006104
-0.55551401,0.00006104
-0.55519401,0.00006104
-0.55487401,0.00006104
-0.55455401,0.00006104
-0.55423401,0.00006104
-0.55391401,0.00006104
-0.55359401,0.00006104
-0.55327401,0.00006104
-0.55295401,0.00006104
-0.55263401,0.00006104
-0.55231401,0.00006104
-0.55199401,0.00006104
-0.55167401,0.00006104
-0.55135401,-0.01770074
-0.55103401,0.00006104
-0.55071401,0.00006104
-0.55039401,0.00006104
-0.55007401,0.00006104
-0.54975401,0.00006104
-0.54943401,0.00006104
-0.54911401,0.00006104
-0.54879401,0.00006104
-0.54847401,0.00006104
-0.54815401,0.00006104
-0.54783401,0.00006104
-0.54751401,0.00006104
-0.54719401,0.00006104
-0.54687401,0.00006104
-0.54655401,0.00006104
-0.54623401,0.00006104
-0.54591401,0.00006104
-0.54559401,0.00006104
-0.54527401,0.00006104
-0.54495401,0.00006104
-0.54463401,0.00006104
-0.54431401,0.00006104
-0.54399401,0.00006104
-0.54367401,0.00006104
-0.54335401,0.00006104
-0.54303401,0.00006104
-0.54271401,0.00006104
-0.54239401,0.00006104
-0.54207401,0.00006104
-0.54175401,-0.01770074
-0.54143401,0.00006104
-0.54111401,0.00006104
-0.54079401,0.00006104
-0.54047401,0.00006104
-0.54015401,0.00006104
-0.53983401,0.00006104
-0.53951401,0.00006104
-0.53919401,0.00006104
-0.53887401,0.00006104
-0.53855401,0.00006104
-0.53823401,0.00006104
-0.53791401,0.00006104
-0.53759401,0.00006104
-0.53727401,0.00006104
-0.53695401,-0.01770074
-0.53663401,0.00006104
-0.53631401,0.00006104
-0.53599401,0.00006104
-0.53567401,0.00006104
-0.53535401,0.00006104
-0.53503401,-0.01770074
-0.53471401,0.00006104
-0.53439401,0.00006104
-0.53407401,0.00006104
-0.53375401,0.00006104
-0.53343401,0.00006104
-0.53311401,0.00006104
-0.53279401,0.00006104
-0.53247401,0.00006104
-0.53215401,0.00006104
-0.53183401,0.00006104
-0.53151401,0.00006104
-0.53119401,0.00006104
-0.53087401,0.00006104
-0.53055401,0.00006104
-0.53023401,0.00006104
-0.52991401,0.00006104
-0.52959401,0.00006104
-0.52927401,0.00006104
-0.52895401,0.00006104
-0.52863401,0.00006104
-0.52831401,0.00006104
-0.52799401,-0.01770074
-0.52767401,0.00006104
-0.52735401,0.00006104
-0.52703401,0.00006104
-0.52671401,0.00006104
-0.52639401,0.00006104
-0.52607401,0.00006104
-0.52575401,0.00006104
-0.52543401,0.00006104
-0.52511401,0.00006104
-0.52479401,0.00006104
-0.52447401,0.00006104
-0.52415401,0.00006104
-0.52383401,0.00006104
-0.52351401,0.00006104
-0.52319401,0.00006104
-0.52287401,0.00006104
-0.52255401,0.00006104
-0.52223401,0.00006104
-0.52191401,0.00006104
-0.52159401,0.00006104
-0.52127401,0.00006104
-0.52095401,0.00006104
-0.52063401,0.00006104
-0.52031401,0.00006104
-0.51999401,0.00006104
-0.51967401,0.00006104
-0.51935401,0.00006104
-0.51903401,0.00006104
-0.51871401,0.00006104
-0.51839401,0.00006104
-0.51807401,0.00006104
-0.51775401,0.00006104
-0.51743401,0.00006104
-0.51711401,0.00006104
-0.51679401,0.00006104
-0.51647401,0.00006104
-0.51615401,0.00006104
-0.51583401,0.00006104
-0.51551401,0.00006104
-0.51519401,0.00006104
-0.51487401,0.00006104
-0.51455401,0.00006104
-0.51423401,0.00006104
-0.51391401,0.00006104
-0.51359401,0.00006104
-0.51327401,0.00006104
-0.51295401,0.00006104
-0.51263401,0.00006104
-0.51231401,0.00006104
-0.51199401,0.00006104
-0.51167401,0.00006104
-0.51135401,0.00006104
-0.51103401,0.00006104
-0.51071401,0.00006104
-0.51039401,0.00006104
-0.51007401,-0.01770074
-0.50975401,0.00006104
-0.50943401,0.00006104
-0.50911401,0.00006104
-0.50879401,0.00006104
-0.50847401,-0.01770074
-0.50815401,0.00006104
-0.50783401,0.00006104
-0.50751401,0.00006104
-0.50719401,0.00006104
-0.50687401,0.00006104
-0.50655401,0.00006104
-0.50623401,0.00006104
-0.50591401,0.00006104
-0.50559401,0.00006104
-0.50527401,0.00006104
-0.50495401,0.00006104
-0.50463401,0.00006104
-0.50431401,0.00006104
-0.50399401,-0.01770074
-0.50367401,0.00006104
-0.50335401,0.00006104
-0.50303401,0.00006104
-0.50271401,0.00006104
-0.50239401,0.00006104
-0.50207401,0.00006104
-0.50175401,0.00006104
-0.50143401,0.00006104
-0.50111401,0.00006104
-0.50079401,0.00006104
-0.50047401,-0.01770074
-0.50015401,0.14246041
-0.49983401,0.21362957
-0.49951401,0.21362957
-0.49919401,0.10687582
-0.49887401,0.00006104
-0.49855401,-0.05334635
-0.49823401,-0.05334635
-0.49791401,-0.03552354
-0.49759401,-0.03552354
-0.49727401,-∞
-0.49695401,-0.88998079
-0.49663401,-0.10669271
-0.49631401,0.05346843
-0.49599401,0.00006104
-0.49567401,0.01788385
-0.49535401,0.07129124
-0.49503401,0.05346843
-0.49471401,0.03570665
-0.49439401,0.01788385
-0.49407401,0.00006104
-0.49375401,0.00006104
-0.49343401,0.01788385
-0.49311401,0.01788385
-0.49279401,0.01788385
-0.49247401,0.01788385
-0.49215401,0.00006104
-0.49183401,0.00006104
-0.49151401,0.00006104
-0.49119401,0.03570665
-0.49087401,0.01788385
-0.49055401,0.03570665
-0.49023401,0.07129124
-0.48991401,0.05346843
-0.48959401,0.07129124
-0.48927401,0.07129124
-0.48895401,0.05346843
-0.48863401,0.07129124
-0.48831401,0.05346843
-0.48799401,0.03570665
-0.48767401,0.08911405
-0.48735401,0.07129124
-0.48703401,0.03570665
-0.48671401,0.01788385
-0.48639401,0.03570665
-0.48607401,0.03570665
-0.48575401,0.01788385
-0.48543401,-0.03552354
-0.48511401,-0.01770074
-0.48479401,-0.03552354
-0.48447401,0.00006104
-0.48415401,0.01788385
-0.48383401,-0.03552354
-0.48351401,0.03570665
-0.48319401,0.03570665
-0.48287401,-0.05334635
-0.48255401,0.01788385
-0.48223401,0.00006104
-0.48191401,-0.01770074
-0.48159401,0.05346843
-0.48127401,0.01788385
-0.48095401,0.00006104
-0.48063401,0.03570665
-0.48031401,0.03570665
-0.47999401,0.01788385
-0.47967401,0.01788385
-0.47935401,0.01788385
-0.47903401,0.01788385
-0.47871401,0.01788385
-0.47839401,0.01788385
-0.47807401,0.03570665
-0.47775401,0.00006104
-0.47743401,0.00006104
-0.47711401,0.01788385
-0.47679401,0.00006104
-0.47647401,0.01788385
-0.47615401,0.00006104
-0.47583401,-0.01770074
-0.47551401,0.01788385
-0.47519401,0.00006104
-0.47487401,0.00006104
-0.47455401,0.01788385
-0.47423401,0.01788385
-0.47391401,0.00006104
-0.47359401,0.01788385
-0.47327401,0.00006104
-0.47295401,0.00006104
-0.47263401,0.01788385
-0.47231401,0.01788385
-0.47199401,0.00006104
-0.47167401,0.01788385
-0.47135401,0.01788385
-0.47103401,0.00006104
-0.47071401,0.00006104
-0.47039401,0.00006104
-0.47007401,0.00006104
-0.46975401,0.00006104
-0.46943401,-0.01770074
-0.46911401,-0.01770074
-0.46879401,0.00006104
-0.46847401,0.00006104
-0.46815401,0.00006104
-0.46783401,0.00006104
-0.46751401,0.00006104
-0.46719401,0.01788385
-0.46687401,0.01788385
-0.46655401,0.00006104
-0.46623401,0.00006104
-0.46591401,0.01788385
-0.46559401,0.01788385
-0.46527401,0.00006104
-0.46495401,0.00006104
-0.46463401,0.00006104
-0.46431401,0.00006104
-0.46399401,0.00006104
-0.46367401,0.00006104
-0.46335401,0.00006104
-0.46303401,0.00006104
-0.46271401,0.00006104
-0.46239401,0.00006104
-0.46207401,0.00006104
-0.46175401,0.00006104
-0.46143401,0.01788385
-0.46111401,0.00006104
-0.46079401,0.00006104
-0.46047401,0.00006104
-0.46015401,0.01788385
-0.45983401,0.00006104
-0.45951401,0.00006104
-0.45919401,0.00006104
-0.45887401,0.00006104
-0.45855401,0.00006104
-0.45823401,0.00006104
-0.45791401,-0.01770074
-0.45759401,0.00006104
-0.45727401,0.00006104
-0.45695401,-0.01770074
-0.45663401,0.00006104
-0.45631401,0.00006104
-0.45599401,0.00006104
-0.45567401,0.01788385
-0.45535401,0.00006104
-0.45503401,0.00006104
-0.45471401,0.01788385
-0.45439401,0.00006104
-0.45407401,0.00006104
-0.45375401,0.00006104
-0.45343401,0.00006104
-0.45311401,0.00006104
-0.45279401,0.01788385
-0.45247401,0.00006104
-0.45215401,0.00006104
-0.45183401,0.00006104
-0.45151401,-0.01770074
-0.45119401,-0.01770074
-0.45087401,0.00006104
-0.45055401,-0.01770074
-0.45023401,0.00006104
-0.44991401,0.00006104
-0.44959401,0.00006104
-0.44927401,0.00006104
-0.44895401,0.00006104
-0.44863401,0.00006104
-0.44831401,0.00006104
-0.44799401,0.00006104
-0.44767401,0.00006104
-0.44735401,0.00006104
-0.44703401,0.00006104
-0.44671401,0.00006104
-0.44639401,0.01788385
-0.44607401,0.00006104
-0.44575401,0.00006104
-0.44543401,0.00006104
-0.44511401,0.00006104
-0.44479401,0.00006104
-0.44447401,0.00006104
-0.44415401,-0.01770074
-0.44383401,0.00006104
-0.44351401,0.00006104
-0.44319401,0.00006104
-0.44287401,-0.01770074
-0.44255401,0.00006104
-0.44223401,0.00006104
-0.44191401,0.00006104
-0.44159401,0.00006104
-0.44127401,0.00006104
-0.44095401,0.00006104
-0.44063401,0.00006104
-0.44031401,0.00006104
-0.43999401,0.00006104
-0.43967401,0.00006104
-0.43935401,0.00006104
-0.43903401,0.00006104
-0.43871401,0.01788385
-0.43839401,0.00006104
-0.43807401,0.00006104
-0.43775401,0.00006104
-0.43743401,0.00006104
-0.43711401,0.00006104
-0.43679401,0.00006104
-0.43647401,0.00006104
-0.43615401,0.00006104
-0.43583401,0.00006104
-0.43551401,0.00006104
-0.43519401,0.00006104
-0.43487401,0.00006104
-0.43455401,0.00006104
-0.43423401,0.00006104
-0.43391401,0.00006104
-0.43359401,0.00006104
-0.43327401,0.00006104
-0.43295401,0.00006104
-0.43263401,0.00006104
-0.43231401,0.00006104
-0.43199401,0.00006104
-0.43167401,0.00006104
-0.43135401,0.00006104
-0.43103401,0.00006104
-0.43071401,0.00006104
-0.43039401,0.00006104
-0.43007401,0.00006104
-0.42975401,0.00006104
-0.42943401,0.00006104
-0.42911401,0.00006104
-0.42879401,0.00006104
-0.42847401,0.00006104
-0.42815401,0.00006104
-0.42783401,0.00006104
-0.42751401,0.00006104
-0.42719401,0.00006104
-0.42687401,0.00006104
-0.42655401,0.00006104
-0.42623401,0.00006104
-0.42591401,0.00006104
-0.42559401,0.00006104
-0.42527401,0.00006104
-0.42495401,0.00006104
-0.42463401,0.00006104
-0.42431401,0.00006104
-0.42399401,0.00006104
-0.42367401,0.00006104
-0.42335401,0.00006104
-0.42303401,0.00006104
-0.42271401,0.00006104
-0.42239401,0.00006104
-0.42207401,0.00006104
-0.42175401,0.00006104
-0.42143401,0.00006104
-0.42111401,0.00006104
-0.42079401,0.00006104
-0.42047401,0.00006104
-0.42015401,0.00006104
-0.41983401,0.00006104
-0.41951401,0.00006104
-0.41919401,0.00006104
-0.41887401,0.00006104
-0.41855401,0.00006104
-0.41823401,-0.01770074
-0.41791401,0.00006104
-0.41759401,0.00006104
-0.41727401,0.00006104
-0.41695401,0.00006104
-0.41663401,0.00006104
-0.41631401,0.00006104
-0.41599401,0.00006104
-0.41567401,0.00006104
-0.41535401,0.00006104
-0.41503401,0.00006104
-0.41471401,0.00006104
-0.41439401,0.00006104
-0.41407401,0.00006104
-0.41375401,0.00006104
-0.41343401,0.00006104
-0.41311401,0.00006104
-0.41279401,0.00006104
-0.41247401,0.00006104
-0.41215401,0.00006104
-0.41183401,0.00006104
-0.41151401,0.00006104
-0.41119401,0.00006104
-0.41087401,0.00006104
-0.41055401,0.00006104
-0.41023401,0.00006104
-0.40991401,0.00006104
-0.40959401,0.00006104
-0.40927401,0.00006104
-0.40895401,0.00006104
-0.40863401,0.00006104
-0.40831401,0.00006104
-0.40799401,0.00006104
-0.40767401,0.00006104
-0.40735401,0.00006104
-0.40703401,0.00006104
-0.40671401,0.00006104
-0.40639401,0.00006104
-0.40607401,0.00006104
-0.40575401,0.00006104
-0.40543401,0.00006104
-0.40511401,0.00006104
-0.40479401,0.00006104
-0.40447401,0.00006104
-0.40415401,0.00006104
-0.40383401,0.00006104
-0.40351401,0.00006104
-0.40319401,0.00006104
-0.40287401,0.00006104
-0.40255401,0.00006104
-0.40223401,0.00006104
-0.40191401,0.00006104
-0.40159401,0.00006104
-0.40127401,0.00006104
-0.40095401,0.00006104
-0.40063401,0.00006104
-0.40031401,0.00006104
-0.39999401,0.00006104
-0.39967401,0.00006104
-0.39935401,0.00006104
-0.39903401,-0.01770074
-0.39871401,-0.01770074
-0.39839401,0.00006104
-0.39807401,-0.01770074
-0.39775401,0.00006104
-0.39743401,0.00006104
-0.39711401,0.00006104
-0.39679401,0.00006104
-0.39647401,0.00006104
-0.39615401,0.00006104
-0.39583401,0.00006104
-0.39551401,0.00006104
-0.39519401,0.00006104
-0.39487401,0.00006104
-0.39455401,0.00006104
-0.39423401,0.00006104
-0.39391401,0.00006104
-0.39359401,0.00006104
-0.39327401,0.00006104
-0.39295401,0.00006104
-0.39263401,0.00006104
-0.39231401,0.00006104
-0.39199401,0.00006104
-0.39167401,0.00006104
-0.39135401,0.00006104
-0.39103401,0.00006104
-0.39071401,0.00006104
-0.39039401,0.00006104
-0.39007401,0.00006104
-0.38975401,0.00006104
-0.38943401,0.00006104
-0.38911401,0.00006104
-0.38879401,0.00006104
-0.38847401,0.00006104
-0.38815401,0.00006104
-0.38783401,-0.01770074
-0.38751401,0.00006104
-0.38719401,0.00006104
-0.38687401,0.00006104
-0.38655401,0.00006104
-0.38623401,0.00006104
-0.38591401,0.00006104
-0.38559401,0.00006104
-0.38527401,0.00006104
-0.38495401,0.00006104
-0.38463401,0.00006104
-0.38431401,0.00006104
-0.38399401,0.00006104
-0.38367401,-0.01770074
-0.38335401,0.00006104
-0.38303401,0.00006104
-0.38271401,0.00006104
-0.38239401,0.00006104
-0.38207401,0.00006104
-0.38175401,0.00006104
-0.38143401,0.00006104
-0.38111401,-0.01770074
-0.38079401,0.00006104
-0.38047401,0.00006104
-0.38015401,0.00006104
-0.37983401,0.00006104
-0.37951401,0.00006104
-0.37919401,0.00006104
-0.37887401,0.00006104
-0.37855401,0.00006104
-0.37823401,0.00006104
-0.37791401,0.00006104
-0.37759401,0.00006104
-0.37727401,0.00006104
-0.37695401,0.00006104
-0.37663401,0.00006104
-0.37631401,0.00006104
-0.37599401,0.00006104
-0.37567401,0.00006104
-0.37535401,0.00006104
-0.37503401,0.00006104
-0.37471401,0.00006104
-0.37439401,0.00006104
-0.37407401,0.00006104
-0.37375401,0.00006104
-0.37343401,0.00006104
-0.37311401,0.00006104
-0.37279401,-0.01770074
-0.37247401,0.00006104
-0.37215401,0.00006104
-0.37183401,0.00006104
-0.37151401,0.00006104
-0.37119401,0.00006104
-0.37087401,0.00006104
-0.37055401,0.00006104
-0.37023401,0.00006104
-0.36991401,0.00006104
-0.36959401,0.00006104
-0.36927401,0.00006104
-0.36895401,0.00006104
-0.36863401,0.00006104
-0.36831401,0.00006104
-0.36799401,0.00006104
-0.36767401,0.00006104
-0.36735401,0.00006104
-0.36703401,0.00006104
-0.36671401,0.00006104
-0.36639401,0.00006104
-0.36607401,0.00006104
-0.36575401,-0.01770074
-0.36543401,0.00006104
-0.36511401,0.00006104
-0.36479401,0.00006104
-0.36447401,0.00006104
-0.36415401,0.00006104
-0.36383401,0.00006104
-0.36351401,0.00006104
-0.36319401,0.00006104
-0.36287401,0.00006104
-0.36255401,0.00006104
-0.36223401,0.00006104
-0.36191401,0.00006104
-0.36159401,0.00006104
-0.36127401,0.00006104
-0.36095401,0.00006104
-0.36063401,0.00006104
-0.36031401,0.00006104
-0.35999401,0.00006104
-0.35967401,0.00006104
-0.35935401,0.00006104
-0.35903401,0.00006104
-0.35871401,0.00006104
-0.35839401,0.00006104
-0.35807401,0.00006104
-0.35775401,-0.01770074
-0.35743401,0.00006104
-0.35711401,-0.01770074
-0.35679401,0.00006104
-0.35647401,0.00006104
-0.35615401,0.00006104
-0.35583401,0.00006104
-0.35551401,-0.01770074
-0.35519401,0.00006104
-0.35487401,0.00006104
-0.35455401,0.00006104
-0.35423401,0.00006104
-0.35391401,0.00006104
-0.35359401,0.00006104
-0.35327401,0.00006104
-0.35295401,0.00006104
-0.35263401,0.00006104
-0.35231401,0.00006104
-0.35199401,0.00006104
-0.35167401,0.00006104
-0.35135401,0.00006104
-0.35103401,0.00006104
-0.35071401,0.00006104
-0.35039401,0.00006104
-0.35007401,0.00006104
-0.34975401,0.00006104
-0.34943401,0.00006104
-0.34911401,0.00006104
-0.34879401,0.00006104
-0.34847401,0.00006104
-0.34815401,0.00006104
-0.34783401,0.00006104
-0.34751401,0.00006104
-0.34719401,0.00006104
-0.34687401,0.00006104
-0.34655401,0.00006104
-0.34623401,0.00006104
-0.34591401,0.00006104
-0.34559401,0.00006104
-0.34527401,0.00006104
-0.34495401,0.00006104
-0.34463401,0.00006104
-0.34431401,0.00006104
-0.34399401,0.00006104
-0.34367401,0.00006104
-0.34335401,0.00006104
-0.34303401,0.00006104
-0.34271401,0.00006104
-0.34239401,0.00006104
-0.34207401,0.00006104
-0.34175401,0.00006104
-0.34143401,0.00006104
-0.34111401,0.00006104
-0.34079401,0.00006104
-0.34047401,0.00006104
-0.34015401,0.00006104
-0.33983401,0.00006104
-0.33951401,0.00006104
-0.33919401,0.00006104
-0.33887401,0.00006104
-0.33855401,0.00006104
-0.33823401,0.00006104
-0.33791401,0.00006104
-0.33759401,0.00006104
-0.33727401,0.00006104
-0.33695401,0.00006104
-0.33663401,0.00006104
-0.33631401,0.00006104
-0.33599401,0.00006104
-0.33567401,0.00006104
-0.33535401,0.00006104
-0.33503401,0.00006104
-0.33471401,0.00006104
-0.33439401,0.00006104
-0.33407401,0.00006104
-0.33375401,0.00006104
-0.33343401,0.00006104
-0.33311401,0.00006104
-0.33279401,0.00006104
-0.33247401,0.00006104
-0.33215401,0.00006104
-0.33183401,0.00006104
-0.33151401,0.00006104
-0.33119401,0.00006104
-0.33087401,0.00006104
-0.33055401,0.00006104
-0.33023401,0.00006104
-0.32991401,0.00006104
-0.32959401,0.00006104
-0.32927401,0.00006104
-0.32895401,0.00006104
-0.32863401,0.00006104
-0.32831401,0.00006104
-0.32799401,0.00006104
-0.32767401,0.00006104
-0.32735401,0.00006104
-0.32703401,0.00006104
-0.32671401,0.00006104
-0.32639401,0.00006104
-0.32607401,0.00006104
-0.32575401,0.00006104
-0.32543401,0.00006104
-0.32511401,0.00006104
-0.32479401,0.00006104
-0.32447401,0.00006104
-0.32415401,0.00006104
-0.32383401,0.00006104
-0.32351401,0.00006104
-0.32319401,0.00006104
-0.32287401,0.00006104
-0.32255401,0.00006104
-0.32223401,0.00006104
-0.32191401,0.00006104
-0.32159401,0.00006104
-0.32127401,0.00006104
-0.32095401,0.00006104
-0.32063401,0.00006104
-0.32031401,0.00006104
-0.31999401,0.00006104
-0.31967401,0.00006104
-0.31935401,0.00006104
-0.31903401,0.00006104
-0.31871401,0.00006104
-0.31839401,0.00006104
-0.31807401,0.00006104
-0.31775401,0.00006104
-0.31743401,0.00006104
-0.31711401,0.00006104
-0.31679401,0.00006104
-0.31647401,0.00006104
-0.31615401,0.00006104
-0.31583401,0.00006104
-0.31551401,0.00006104
-0.31519401,0.00006104
-0.31487401,0.00006104
-0.31455401,0.00006104
-0.31423401,0.00006104
-0.31391401,0.00006104
-0.31359401,0.00006104
-0.31327401,-0.01770074
-0.31295401,0.00006104
-0.31263401,0.00006104
-0.31231401,0.00006104
-0.31199401,0.00006104
-0.31167401,0.00006104
-0.31135401,0.00006104
-0.31103401,0.00006104
-0.31071401,0.00006104
-0.31039401,0.00006104
-0.31007401,0.00006104
-0.30975401,0.00006104
-0.30943401,0.00006104
-0.30911401,0.00006104
-0.30879401,0.00006104
-0.30847401,0.00006104
-0.30815401,0.00006104
-0.30783401,0.00006104
-0.30751401,0.00006104
-0.30719401,0.00006104
-0.30687401,0.00006104
-0.30655401,0.00006104
-0.30623401,0.00006104
-0.30591401,0.00006104
-0.30559401,0.00006104
-0.30527401,0.00006104
-0.30495401,0.00006104
-0.30463401,0.00006104
-0.30431401,0.00006104
-0.30399401,0.00006104
-0.30367401,0.00006104
-0.30335401,-0.01770074
-0.30303401,0.00006104
-0.30271401,0.00006104
-0.30239401,0.00006104
-0.30207401,0.00006104
-0.30175401,-0.01770074
-0.30143401,0.00006104
-0.30111401,0.00006104
-0.30079401,0.00006104
-0.30047401,0.00006104
-0.30015401,0.00006104
-0.29983401,0.00006104
-0.29951401,0.00006104
-0.29919401,0.00006104
-0.29887401,0.00006104
-0.29855401,0.00006104
-0.29823401,0.00006104
-0.29791401,0.00006104
-0.29759401,-0.01770074
-0.29727401,0.00006104
-0.29695401,0.00006104
-0.29663401,0.00006104
-0.29631401,0.00006104
-0.29599401,0.00006104
-0.29567401,0.00006104
-0.29535401,0.00006104
-0.29503401,0.00006104
-0.29471401,0.00006104
-0.29439401,0.00006104
-0.29407401,0.00006104
-0.29375401,0.00006104
-0.29343401,0.00006104
-0.29311401,0.00006104
-0.29279401,0.00006104
-0.29247401,0.00006104
-0.29215401,0.00006104
-0.29183401,0.00006104
-0.29151401,0.00006104
-0.29119401,0.00006104
-0.29087401,0.00006104
-0.29055401,0.00006104
-0.29023401,0.00006104
-0.28991401,0.00006104
-0.28959401,0.00006104
-0.28927401,0.00006104
-0.28895401,0.00006104
-0.28863401,0.00006104
-0.28831401,0.00006104
-0.28799401,0.00006104
-0.28767401,0.00006104
-0.28735401,0.00006104
-0.28703401,0.00006104
-0.28671401,0.00006104
-0.28639401,0.00006104
-0.28607401,0.00006104
-0.28575401,0.00006104
-0.28543401,0.00006104
-0.28511401,0.00006104
-0.28479401,0.00006104
-0.28447401,0.00006104
-0.28415401,0.00006104
-0.28383401,0.00006104
-0.28351401,0.00006104
-0.28319401,0.00006104
-0.28287401,0.00006104
-0.28255401,0.00006104
-0.28223401,0.00006104
-0.28191401,0.00006104
-0.28159401,0.00006104
-0.28127401,0.00006104
-0.28095401,0.00006104
-0.28063401,0.00006104
-0.28031401,0.00006104
-0.27999401,0.00006104
-0.27967401,0.00006104
-0.27935401,0.00006104
-0.27903401,0.00006104
-0.27871401,0.00006104
-0.27839401,0.00006104
-0.27807401,0.00006104
-0.27775401,0.00006104
-0.27743401,0.00006104
-0.27711401,0.00006104
-0.27679401,0.00006104
-0.27647401,0.00006104
-0.27615401,0.00006104
-0.27583401,0.00006104
-0.27551401,0.00006104
-0.27519401,0.00006104
-0.27487401,0.00006104
-0.27455401,0.00006104
-0.27423401,0.00006104
-0.27391401,0.00006104
-0.27359401,0.00006104
-0.27327401,0.00006104
-0.27295401,0.00006104
-0.27263401,0.00006104
-0.27231401,0.00006104
-0.27199401,0.00006104
-0.27167401,0.00006104
-0.27135401,0.00006104
-0.27103401,0.00006104
-0.27071401,0.00006104
-0.27039401,0.00006104
-0.27007401,0.00006104
-0.26975401,0.00006104
-0.26943401,0.00006104
-0.26911401,0.00006104
-0.26879401,0.00006104
-0.26847401,-0.01770074
-0.26815401,0.00006104
-0.26783401,0.00006104
-0.26751401,0.00006104
-0.26719401,0.00006104
-0.26687401,0.00006104
-0.26655401,0.00006104
-0.26623401,0.00006104
-0.26591401,0.00006104
-0.26559401,0.00006104
-0.26527401,0.00006104
-0.26495401,0.00006104
-0.26463401,-0.01770074
-0.26431401,0.00006104
-0.26399401,0.00006104
-0.26367401,0.00006104
-0.26335401,0.00006104
-0.26303401,0.00006104
-0.26271401,0.00006104
-0.26239401,0.00006104
-0.26207401,0.00006104
-0.26175401,0.00006104
-0.26143401,0.00006104
-0.26111401,0.00006104
-0.26079401,0.00006104
-0.26047401,0.00006104
-0.26015401,0.00006104
-0.25983401,-0.01770074
-0.25951401,0.00006104
-0.25919401,0.00006104
-0.25887401,0.00006104
-0.25855401,0.00006104
-0.25823401,0.00006104
-0.25791401,-0.01770074
-0.25759401,-0.01770074
-0.25727401,0.00006104
-0.25695401,0.00006104
-0.25663401,0.00006104
-0.25631401,0.00006104
-0.25599401,0.00006104
-0.25567401,0.00006104
-0.25535401,0.00006104
-0.25503401,0.00006104
-0.25471401,0.00006104
-0.25439401,0.00006104
-0.25407401,0.00006104
-0.25375401,0.00006104
-0.25343401,0.00006104
-0.25311401,0.00006104
-0.25279401,0.00006104
-0.25247401,-0.01770074
-0.25215401,0.00006104
-0.25183401,0.00006104
-0.25151401,0.00006104
-0.25119401,0.00006104
-0.25087401,-0.01770074
-0.25055401,0.00006104
-0.25023401,-0.01770074
-0.24991401,0.00006104
-0.24959401,0.00006104
-0.24927401,0.00006104
-0.24895401,0.00006104
-0.24863401,0.00006104
-0.24831401,0.00006104
-0.24799401,-0.01770074
-0.24767401,0.00006104
-0.24735401,0.00006104
-0.24703401,0.00006104
-0.24671401,0.00006104
-0.24639401,0.00006104
-0.24607401,0.00006104
-0.24575401,0.00006104
-0.24543401,0.00006104
-0.24511401,0.00006104
-0.24479401,0.00006104
-0.24447401,0.00006104
-0.24415401,0.00006104
-0.24383401,0.00006104
-0.24351401,0.00006104
-0.24319401,0.00006104
-0.24287401,0.00006104
-0.24255401,0.00006104
-0.24223401,0.00006104
-0.24191401,0.00006104
-0.24159401,0.00006104
-0.24127401,0.00006104
-0.24095401,0.00006104
-0.24063401,0.00006104
-0.24031401,0.00006104
-0.23999401,0.00006104
-0.23967401,-0.01770074
-0.23935401,0.00006104
-0.23903401,0.00006104
-0.23871401,0.00006104
-0.23839401,0.00006104
-0.23807401,0.00006104
-0.23775401,0.00006104
-0.23743401,0.00006104
-0.23711401,0.00006104
-0.23679401,0.00006104
-0.23647401,0.00006104
-0.23615401,0.00006104
-0.23583401,0.00006104
-0.23551401,0.00006104
-0.23519401,0.00006104
-0.23487401,0.00006104
-0.23455401,0.00006104
-0.23423401,0.00006104
-0.23391401,0.00006104
-0.23359401,0.00006104
-0.23327401,-0.01770074
-0.23295401,0.00006104
-0.23263401,0.00006104
-0.23231401,0.00006104
-0.23199401,0.00006104
-0.23167401,0.00006104
-0.23135401,0.00006104
-0.23103401,0.00006104
-0.23071401,0.00006104
-0.23039401,0.00006104
-0.23007401,0.00006104
-0.22975401,0.00006104
-0.22943401,0.00006104
-0.22911401,0.00006104
-0.22879401,0.00006104
-0.22847401,0.00006104
-0.22815401,0.00006104
-0.22783401,-0.01770074
-0.22751401,0.00006104
-0.22719401,0.00006104
-0.22687401,0.00006104
-0.22655401,0.00006104
-0.22623401,0.00006104
-0.22591401,0.00006104
-0.22559401,-0.01770074
-0.22527401,0.00006104
-0.22495401,0.00006104
-0.22463401,-0.01770074
-0.22431401,0.00006104
-0.22399401,0.00006104
-0.22367401,0.00006104
-0.22335401,0.00006104
-0.22303401,0.00006104
-0.22271401,0.00006104
-0.22239401,0.00006104
-0.22207401,0.00006104
-0.22175401,0.00006104
-0.22143401,0.00006104
-0.22111401,0.00006104
-0.22079401,0.00006104
-0.22047401,0.00006104
-0.22015401,0.00006104
-0.21983401,0.00006104
-0.21951401,0.00006104
-0.21919401,0.00006104
-0.21887401,0.00006104
-0.21855401,0.00006104
-0.21823401,-0.01770074
-0.21791401,0.00006104
-0.21759401,0.00006104
-0.21727401,0.00006104
-0.21695401,0.00006104
-0.21663401,-0.01770074
-0.21631401,-0.01770074
-0.21599401,0.00006104
-0.21567401,0.00006104
-0.21535401,0.00006104
-0.21503401,0.00006104
-0.21471401,0.00006104
-0.21439401,0.00006104
-0.21407401,0.00006104
-0.21375401,0.00006104
-0.21343401,0.00006104
-0.21311401,0.00006104
-0.21279401,0.00006104
-0.21247401,0.00006104
-0.21215401,0.00006104
-0.21183401,0.00006104
-0.21151401,0.00006104
-0.21119401,0.00006104
-0.21087401,0.00006104
-0.21055401,0.00006104
-0.21023401,0.00006104
-0.20991401,0.00006104
-0.20959401,0.00006104
-0.20927401,0.00006104
-0.20895401,0.00006104
-0.20863401,-0.01770074
-0.20831401,0.00006104
-0.20799401,0.00006104
-0.20767401,0.00006104
-0.20735401,0.00006104
-0.20703401,0.00006104
-0.20671401,0.00006104
-0.20639401,0.00006104
-0.20607401,0.00006104
-0.20575401,0.00006104
-0.20543401,0.00006104
-0.20511401,0.00006104
-0.20479401,0.00006104
-0.20447401,0.00006104
-0.20415401,0.00006104
-0.20383401,0.00006104
-0.20351401,0.00006104
-0.20319401,0.00006104
-0.20287401,0.00006104
-0.20255401,0.00006104
-0.20223401,0.00006104
-0.20191401,0.00006104
-0.20159401,0.00006104
-0.20127401,0.00006104
-0.20095401,0.00006104
-0.20063401,0.00006104
-0.20031401,0.00006104
-0.19999401,0.00006104
-0.19967401,0.00006104
-0.19935401,0.00006104
-0.19903401,0.00006104
-0.19871401,0.00006104
-0.19839401,0.00006104
-0.19807401,0.00006104
-0.19775401,0.00006104
-0.19743401,0.00006104
-0.19711401,0.00006104
-0.19679401,0.00006104
-0.19647401,0.00006104
-0.19615401,0.00006104
-0.19583401,0.00006104
-0.19551401,0.00006104
-0.19519401,0.00006104
-0.19487401,-0.01770074
-0.19455401,0.00006104
-0.19423401,0.00006104
-0.19391401,0.00006104
-0.19359401,0.00006104
-0.19327401,0.00006104
-0.19295401,0.00006104
-0.19263401,0.00006104
-0.19231401,0.00006104
-0.19199401,0.00006104
-0.19167401,0.00006104
-0.19135401,0.00006104
-0.19103401,0.00006104
-0.19071401,0.00006104
-0.19039401,0.00006104
-0.19007401,0.00006104
-0.18975401,0.00006104
-0.18943401,0.00006104
-0.18911401,0.00006104
-0.18879401,0.00006104
-0.18847401,0.00006104
-0.18815401,0.00006104
-0.18783401,0.00006104
-0.18751401,0.00006104
-0.18719401,0.00006104
-0.18687401,0.00006104
-0.18655401,0.00006104
-0.18623401,0.00006104
-0.18591401,0.00006104
-0.18559401,0.01788385
-0.18527401,0.00006104
-0.18495401,0.00006104
-0.18463401,0.00006104
-0.18431401,0.00006104
-0.18399401,0.00006104
-0.18367401,0.00006104
-0.18335401,0.00006104
-0.18303401,0.00006104
-0.18271401,0.00006104
-0.18239401,0.00006104
-0.18207401,0.00006104
-0.18175401,0.00006104
-0.18143401,0.00006104
-0.18111401,0.00006104
-0.18079401,0.00006104
-0.18047401,0.00006104
-0.18015401,0.00006104
-0.17983401,0.00006104
-0.17951401,0.00006104
-0.17919401,0.00006104
-0.17887401,0.00006104
-0.17855401,0.00006104
-0.17823401,0.00006104
-0.17791401,0.00006104
-0.17759401,0.00006104
-0.17727401,0.00006104
-0.17695401,0.00006104
-0.17663401,0.00006104
-0.17631401,0.00006104
-0.17599401,-0.01770074
-0.17567401,0.00006104
-0.17535401,0.00006104
-0.17503401,-0.01770074
-0.17471401,0.00006104
-0.17439401,0.00006104
-0.17407401,0.00006104
-0.17375401,0.00006104
-0.17343401,0.00006104
-0.17311401,0.00006104
-0.17279401,0.00006104
-0.17247401,0.00006104
-0.17215401,0.00006104
-0.17183401,0.00006104
-0.17151401,0.00006104
-0.17119401,0.00006104
-0.17087401,0.00006104
-0.17055401,0.00006104
-0.17023401,0.00006104
-0.16991401,0.00006104
-0.16959401,0.00006104
-0.16927401,0.00006104
-0.16895401,0.00006104
-0.16863401,0.00006104
-0.16831401,0.00006104
-0.16799401,0.00006104
-0.16767401,0.00006104
-0.16735401,0.00006104
-0.16703401,0.00006104
-0.16671401,0.00006104
-0.16639401,0.00006104
-0.16607401,0.00006104
-0.16575401,0.00006104
-0.16543401,0.00006104
-0.16511401,0.00006104
-0.16479401,0.00006104
-0.16447401,0.00006104
-0.16415401,0.00006104
-0.16383401,0.00006104
-0.16351401,0.00006104
-0.16319401,0.00006104
-0.16287401,0.00006104
-0.16255401,0.00006104
-0.16223401,0.00006104
-0.16191401,0.00006104
-0.16159401,0.00006104
-0.16127401,0.00006104
-0.16095401,0.00006104
-0.16063401,0.00006104
-0.16031401,0.00006104
-0.15999401,0.00006104
-0.15967401,0.00006104
-0.15935401,0.00006104
-0.15903401,0.00006104
-0.15871401,0.00006104
-0.15839401,0.00006104
-0.15807401,0.00006104
-0.15775401,0.00006104
-0.15743401,0.00006104
-0.15711401,0.00006104
-0.15679401,0.00006104
-0.15647401,0.00006104
-0.15615401,0.00006104
-0.15583401,0.00006104
-0.15551401,0.00006104
-0.15519401,0.00006104
-0.15487401,0.00006104
-0.15455401,0.00006104
-0.15423401,0.00006104
-0.15391401,0.00006104
-0.15359401,0.00006104
-0.15327401,0.00006104
-0.15295401,0.00006104
-0.15263401,0.00006104
-0.15231401,0.00006104
-0.15199401,0.00006104
-0.15167401,0.00006104
-0.15135401,0.00006104
-0.15103401,0.00006104
-0.15071401,0.00006104
-0.15039401,0.00006104
-0.15007401,0.00006104
-0.14975401,0.00006104
-0.14943401,0.00006104
-0.14911401,0.00006104
-0.14879401,0.00006104
-0.14847401,0.00006104
-0.14815401,0.00006104
-0.14783401,0.00006104
-0.14751401,0.00006104
-0.14719401,0.00006104
-0.14687401,0.00006104
-0.14655401,0.00006104
-0.14623401,0.00006104
-0.14591401,0.00006104
-0.14559401,0.00006104
-0.14527401,-0.01770074
-0.14495401,-0.01770074
-0.14463401,0.00006104
-0.14431401,0.00006104
-0.14399401,0.00006104
-0.14367401,0.00006104
-0.14335401,0.00006104
-0.14303401,0.00006104
-0.14271401,0.00006104
-0.14239401,0.00006104
-0.14207401,0.00006104
-0.14175401,0.00006104
-0.14143401,0.00006104
-0.14111401,0.00006104
-0.14079401,0.00006104
-0.14047401,0.00006104
-0.14015401,0.00006104
-0.13983401,0.00006104
-0.13951401,0.00006104
-0.13919401,0.00006104
-0.13887401,0.00006104
-0.13855401,0.00006104
-0.13823401,0.00006104
-0.13791401,0.00006104
-0.13759401,0.00006104
-0.13727401,0.00006104
-0.13695401,0.00006104
-0.13663401,0.00006104
-0.13631401,-0.01770074
-0.13599401,0.00006104
-0.13567401,0.00006104
-0.13535401,0.00006104
-0.13503401,0.00006104
-0.13471401,-0.01770074
-0.13439401,0.00006104
-0.13407401,0.00006104
-0.13375401,0.00006104
-0.13343401,0.00006104
-0.13311401,0.00006104
-0.13279401,0.00006104
-0.13247401,0.00006104
-0.13215401,0.00006104
-0.13183401,0.00006104
-0.13151401,0.00006104
-0.13119401,0.00006104
-0.13087401,0.00006104
-0.13055401,-0.01770074
-0.13023401,0.00006104
-0.12991401,0.00006104
-0.12959401,-0.01770074
-0.12927401,0.00006104
-0.12895401,0.00006104
-0.12863401,0.00006104
-0.12831401,0.00006104
-0.12799401,0.00006104
-0.12767401,0.00006104
-0.12735401,0.00006104
-0.12703401,0.00006104
-0.12671401,0.00006104
-0.12639401,0.00006104
-0.12607401,0.00006104
-0.12575401,0.00006104
-0.12543401,0.00006104
-0.12511401,0.00006104
-0.12479401,0.00006104
-0.12447401,0.00006104
-0.12415401,0.00006104
-0.12383401,0.00006104
-0.12351401,0.00006104
-0.12319401,0.00006104
-0.12287401,0.00006104
-0.12255401,0.00006104
-0.12223401,0.00006104
-0.12191401,0.00006104
-0.12159401,0.00006104
-0.12127401,0.00006104
-0.12095401,0.00006104
-0.12063401,0.00006104
-0.12031401,0.00006104
-0.11999401,0.00006104
-0.11967401,0.00006104
-0.11935401,0.00006104
-0.11903401,0.00006104
-0.11871401,0.00006104
-0.11839401,0.00006104
-0.11807401,0.00006104
-0.11775401,0.00006104
-0.11743401,0.00006104
-0.11711401,0.00006104
-0.11679401,0.00006104
-0.11647401,0.00006104
-0.11615401,0.00006104
-0.11583401,0.00006104
-0.11551401,0.00006104
-0.11519401,0.00006104
-0.11487401,0.00006104
-0.11455401,0.00006104
-0.11423401,0.00006104
-0.11391401,0.00006104
-0.11359401,0.00006104
-0.11327401,0.00006104
-0.11295401,-0.01770074
-0.11263401,0.00006104
-0.11231401,0.00006104
-0.11199401,0.00006104
-0.11167401,0.00006104
-0.11135401,0.00006104
-0.11103401,0.00006104
-0.11071401,0.00006104
-0.11039401,0.00006104
-0.11007401,-0.01770074
-0.10975401,0.00006104
-0.10943401,0.00006104
-0.10911401,0.00006104
-0.10879401,0.00006104
-0.10847401,0.00006104
-0.10815401,0.00006104
-0.10783401,0.00006104
-0.10751401,0.00006104
-0.10719401,0.00006104
-0.10687401,0.00006104
-0.10655401,0.00006104
-0.10623401,0.00006104
-0.10591401,0.00006104
-0.10559401,0.00006104
-0.10527401,0.00006104
-0.10495401,0.00006104
-0.10463401,0.00006104
-0.10431401,0.00006104
-0.10399401,0.00006104
-0.10367401,0.00006104
-0.10335401,0.00006104
-0.10303401,0.00006104
-0.10271401,0.00006104
-0.10239401,0.00006104
-0.10207401,0.00006104
-0.10175401,0.00006104
-0.10143401,0.00006104
-0.10111401,0.00006104
-0.10079401,0.00006104
-0.10047401,0.00006104
-0.10015401,0.00006104
-0.09983401,0.00006104
-0.09951401,0.00006104
-0.09919401,0.00006104
-0.09887401,0.00006104
-0.09855401,0.00006104
-0.09823401,-0.01770074
-0.09791401,0.00006104
-0.09759401,0.00006104
-0.09727401,0.00006104
-0.09695401,-0.01770074
-0.09663401,0.00006104
-0.09631401,0.00006104
-0.09599401,0.00006104
-0.09567401,0.00006104
-0.09535401,0.00006104
-0.09503401,0.00006104
-0.09471401,0.00006104
-0.09439401,0.00006104
-0.09407401,0.00006104
-0.09375401,0.00006104
-0.09343401,0.00006104
-0.09311401,0.00006104
-0.09279401,0.00006104
-0.09247401,0.00006104
-0.09215401,-0.01770074
-0.09183401,0.00006104
-0.09151401,0.00006104
-0.09119401,0.00006104
-0.09087401,0.00006104
-0.09055401,0.00006104
-0.09023401,-0.01770074
-0.08991401,0.00006104
-0.08959401,0.00006104
-0.08927401,0.00006104
-0.08895401,0.00006104
-0.08863401,0.00006104
-0.08831401,0.00006104
-0.08799401,0.00006104
-0.08767401,0.00006104
-0.08735401,0.00006104
-0.08703401,0.00006104
-0.08671401,0.00006104
-0.08639401,0.00006104
-0.08607401,0.00006104
-0.08575401,0.00006104
-0.08543401,0.00006104
-0.08511401,0.00006104
-0.08479401,0.00006104
-0.08447401,0.00006104
-0.08415401,0.00006104
-0.08383401,0.00006104
-0.08351401,0.00006104
-0.08319401,-0.01770074
-0.08287401,0.00006104
-0.08255401,0.00006104
-0.08223401,0.00006104
-0.08191401,-0.01770074
-0.08159401,0.00006104
-0.08127401,0.00006104
-0.08095401,0.00006104
-0.08063401,-0.01770074
-0.08031401,0.00006104
-0.07999401,0.00006104
-0.07967401,0.00006104
-0.07935401,0.00006104
-0.07903401,0.00006104
-0.07871401,0.00006104
-0.07839401,0.00006104
-0.07807401,0.00006104
-0.07775401,0.00006104
-0.07743401,0.00006104
-0.07711401,-0.01770074
-0.07679401,0.00006104
-0.07647401,0.00006104
-0.07615401,0.00006104
-0.07583401,-0.01770074
-0.07551401,0.00006104
-0.07519401,0.00006104
-0.07487401,0.00006104
-0.07455401,0.00006104
-0.07423401,0.00006104
-0.07391401,0.00006104
-0.07359401,0.00006104
-0.07327401,0.00006104
-0.07295401,0.00006104
-0.07263401,0.00006104
-0.07231401,0.00006104
-0.07199401,0.00006104
-0.07167401,-0.01770074
-0.07135401,0.00006104
-0.07103401,0.00006104
-0.07071401,0.00006104
-0.07039401,0.00006104
-0.07007401,0.00006104
-0.06975401,0.00006104
-0.06943401,0.00006104
-0.06911401,0.00006104
-0.06879401,0.00006104
-0.06847401,0.00006104
-0.06815401,0.00006104
-0.06783401,0.00006104
-0.06751401,0.00006104
-0.06719401,0.00006104
-0.06687401,0.00006104
-0.06655401,0.00006104
-0.06623401,0.00006104
-0.06591401,0.00006104
-0.06559401,0.00006104
-0.06527401,0.00006104
-0.06495401,0.00006104
-0.06463401,0.00006104
-0.06431401,0.00006104
-0.06399401,0.00006104
-0.06367401,0.00006104
-0.06335401,-0.01770074
-0.06303401,0.00006104
-0.06271401,0.00006104
-0.06239401,0.00006104
-0.06207401,0.00006104
-0.06175401,0.00006104
-0.06143401,0.00006104
-0.06111401,0.00006104
-0.06079401,0.00006104
-0.06047401,0.00006104
-0.06015401,0.00006104
-0.05983401,0.00006104
-0.05951401,0.00006104
-0.05919401,0.00006104
-0.05887401,0.00006104
-0.05855401,0.00006104
-0.05823401,0.00006104
-0.05791401,-0.01770074
-0.05759401,0.00006104
-0.05727401,0.00006104
-0.05695401,0.00006104
-0.05663401,0.00006104
-0.05631401,0.00006104
-0.05599401,0.00006104
-0.05567401,0.00006104
-0.05535401,0.00006104
-0.05503401,0.00006104
-0.05471401,0.00006104
-0.05439401,0.00006104
-0.05407401,0.00006104
-0.05375401,0.00006104
-0.05343401,0.00006104
-0.05311401,0.00006104
-0.05279401,0.00006104
-0.05247401,0.00006104
-0.05215401,0.00006104
-0.05183401,0.00006104
-0.05151401,0.00006104
-0.05119401,0.00006104
-0.05087401,0.00006104
-0.05055401,0.00006104
-0.05023401,0.00006104
-0.04991401,0.00006104
-0.04959401,0.00006104
-0.04927401,0.00006104
-0.04895401,0.00006104
-0.04863401,0.00006104
-0.04831401,0.00006104
-0.04799401,0.00006104
-0.04767401,0.00006104
-0.04735401,0.00006104
-0.04703401,0.00006104
-0.04671401,0.00006104
-0.04639401,0.00006104
-0.04607401,0.00006104
-0.04575401,0.00006104
-0.04543401,0.00006104
-0.04511401,0.00006104
-0.04479401,0.00006104
-0.04447401,0.00006104
-0.04415401,0.00006104
-0.04383401,0.00006104
-0.04351401,0.00006104
-0.04319401,0.00006104
-0.04287401,0.00006104
-0.04255401,0.00006104
-0.04223401,0.00006104
-0.04191401,0.00006104
-0.04159401,0.00006104
-0.04127401,0.00006104
-0.04095401,0.00006104
-0.04063401,0.00006104
-0.04031401,0.00006104
-0.03999401,0.00006104
-0.03967401,0.00006104
-0.03935401,0.00006104
-0.03903401,0.00006104
-0.03871401,0.00006104
-0.03839401,0.00006104
-0.03807401,0.00006104
-0.03775401,0.00006104
-0.03743401,0.00006104
-0.03711401,-0.01770074
-0.03679401,0.00006104
-0.03647401,0.00006104
-0.03615401,0.00006104
-0.03583401,0.00006104
-0.03551401,-0.01770074
-0.03519401,0.00006104
-0.03487401,0.00006104
-0.03455401,0.00006104
-0.03423401,0.00006104
-0.03391401,0.00006104
-0.03359401,0.00006104
-0.03327401,0.00006104
-0.03295401,0.00006104
-0.03263401,0.00006104
-0.03231401,0.00006104
-0.03199401,0.00006104
-0.03167401,0.00006104
-0.03135401,0.00006104
-0.03103401,0.00006104
-0.03071401,0.00006104
-0.03039401,0.00006104
-0.03007401,0.00006104
-0.02975401,0.00006104
-0.02943401,0.00006104
-0.02911401,0.00006104
-0.02879401,0.00006104
-0.02847401,0.00006104
-0.02815401,0.00006104
-0.02783401,0.00006104
-0.02751401,0.00006104
-0.02719401,0.00006104
-0.02687401,0.00006104
-0.02655401,0.00006104
-0.02623401,0.00006104
-0.02591401,0.00006104
-0.02559401,0.00006104
-0.02527401,0.00006104
-0.02495401,0.00006104
-0.02463401,0.00006104
-0.02431401,0.00006104
-0.02399401,0.00006104
-0.02367401,0.00006104
-0.02335401,0.00006104
-0.02303401,0.00006104
-0.02271401,0.00006104
-0.02239401,0.00006104
-0.02207401,0.00006104
-0.02175401,0.00006104
-0.02143401,0.00006104
-0.02111401,0.00006104
-0.02079401,0.00006104
-0.02047401,0.00006104
-0.02015401,0.00006104
-0.01983401,0.00006104
-0.01951401,0.00006104
-0.01919401,0.00006104
-0.01887401,0.00006104
-0.01855401,0.00006104
-0.01823401,0.00006104
-0.01791401,0.00006104
-0.01759401,0.00006104
-0.01727401,0.00006104
-0.01695401,0.00006104
-0.01663401,0.00006104
-0.01631401,0.00006104
-0.01599401,0.00006104
-0.01567401,0.00006104
-0.01535401,0.00006104
-0.01503401,0.00006104
-0.01471401,0.00006104
-0.01439401,0.00006104
-0.01407401,0.00006104
-0.01375401,0.00006104
-0.01343401,0.00006104
-0.01311401,0.00006104
-0.01279401,0.00006104
-0.01247401,0.00006104
-0.01215401,0.00006104
-0.01183401,-0.01770074
-0.01151401,0.00006104
-0.01119401,0.00006104
-0.01087401,0.00006104
-0.01055401,0.00006104
-0.01023401,-0.01770074
-0.00991401,0.00006104
-0.00959401,0.00006104
-0.00927401,0.00006104
-0.00895401,0.00006104
-0.00863401,0.00006104
-0.00831401,0.00006104
-0.00799401,0.00006104
-0.00767401,0.00006104
-0.00735401,0.00006104
-0.00703401,0.00006104
-0.00671401,-0.01770074
-0.00639401,0.00006104
-0.00607401,-0.01770074
-0.00575401,0.00006104
-0.00543401,-0.01770074
-0.00511401,0.00006104
-0.00479401,0.00006104
-0.00447401,0.00006104
-0.00415401,0.00006104
-0.00383401,0.00006104
-0.00351401,0.00006104
-0.00319401,0.00006104
-0.00287401,0.00006104
-0.00255401,0.00006104
-0.00223401,0.00006104
-0.00191401,0.00006104
-0.00159401,0.00006104
-0.00127401,0.00006104
-0.00095401,0.00006104
-0.00063401,-0.78316599
-0.00031401,-0.71193576
0.00000599,0.00006104
0.00032599,0.26703694
0.00064599,0.16022217
0.00096599,0.01788385
0.00128599,-0.05334635
0.00160599,-0.05334635
0.00192599,-0.03552354
0.00224599,-0.01770074
0.00256599,-0.69417399
0.00288599,-1.05014193
0.00320599,-1.95800650
0.00352599,-0.32032228
0.00384599,0.23145238
0.00416599,0.17804499
0.00448599,0.10687582
0.00480599,0.07129124
0.00512599,0.03570665
0.00544599,0.03570665
0.00576599,0.03570665
0.00608599,0.03570665
0.00640599,0.03570665
0.00672599,0.03570665
0.00704599,0.03570665
0.00736599,0.01788385
0.00768599,0.01788385
0.00800599,0.00006104
0.00832599,0.00006104
0.00864599,0.01788385
0.00896599,0.01788385
0.00928599,0.03570665
0.00960599,0.05346843
0.00992599,0.05346843
0.01024599,0.07129124
0.01056599,0.07129124
0.01088599,0.05346843
0.01120599,0.07129124
0.01152599,0.03570665
0.01184599,0.03570665
0.01216599,0.08911405
0.01248599,0.08911405
0.01280599,0.05346843
0.01312599,0.03570665
0.01344599,0.03570665
0.01376599,0.03570665
0.01408599,0.01788385
0.01440599,-0.01770074
0.01472599,-0.01770074
0.01504599,-0.03552354
0.01536599,0.00006104
0.01568599,0.01788385
0.01600599,-0.01770074
0.01632599,0.03570665
0.01664599,0.03570665
0.01696599,-0.03552354
0.01728599,0.01788385
0.01760599,0.00006104
0.01792599,-0.01770074
0.01824599,0.03570665
0.01856599,0.01788385
0.01888599,0.01788385
0.01920599,0.03570665
0.01952599,0.03570665
0.01984599,0.01788385
0.02016599,0.01788385
0.02048599,0.01788385
0.02080599,0.01788385
0.02112599,0.01788385
0.02144599,0.01788385
0.02176599,0.03570665
0.02208599,0.00006104
0.02240599,0.00006104
0.02272599,0.03570665
0.02304599,0.00006104
0.02336599,0.01788385
0.02368599,0.00006104
0.02400599,-0.01770074
0.02432599,0.00006104
0.02464599,0.01788385
0.02496599,0.00006104
0.02528599,0.01788385
0.02560599,0.03570665
0.02592599,0.01788385
0.02624599,0.01788385
0.02656599,0.01788385
0.02688599,0.00006104
0.02720599,0.01788385
0.02752599,0.01788385
0.02784599,0.00006104
0.02816599,0.01788385
0.02848599,0.01788385
0.02880599,0.00006104
0.02912599,0.00006104
0.02944599,0.00006104
0.02976599,0.00006104
0.03008599,0.01788385
0.03040599,0.00006104
0.03072599,-0.01770074
0.03104599,0.00006104
0.03136599,0.00006104
0.03168599,0.00006104
0.03200599,0.01788385
0.03232599,0.00006104
0.03264599,0.00006104
0.03296599,0.01788385
0.03328599,0.00006104
0.03360599,0.00006104
0.03392599,0.01788385
0.03424599,0.01788385
0.03456599,0.00006104
0.03488599,0.00006104
0.03520599,0.00006104
0.03552599,0.01788385
0.03584599,0.01788385
0.03616599,0.00006104
0.03648599,0.00006104
0.03680599,0.00006104
0.03712599,0.00006104
0.03744599,0.00006104
0.03776599,0.00006104
0.03808599,0.00006104
0.03840599,0.00006104
0.03872599,0.01788385
0.03904599,0.00006104
0.03936599,0.00006104
0.03968599,0.01788385
0.04000599,0.00006104
0.04032599,0.00006104
0.04064599,0.00006104
0.04096599,0.00006104
0.04128599,0.00006104
0.04160599,0.00006104
0.04192599,-0.01770074
0.04224599,0.00006104
0.04256599,0.00006104
0.04288599,0.00006104
0.04320599,0.00006104
0.04352599,0.00006104
0.04384599,0.00006104
0.04416599,0.00006104
0.04448599,0.00006104
0.04480599,0.00006104
0.04512599,0.01788385
0.04544599,0.00006104
0.04576599,0.00006104
0.04608599,0.00006104
0.04640599,0.00006104
0.04672599,0.00006104
0.04704599,0.00006104
0.04736599,0.00006104
0.04768599,0.00006104
0.04800599,0.00006104
0.04832599,0.00006104
0.04864599,0.00006104
0.04896599,0.00006104
0.04928599,-0.01770074
0.04960599,0.00006104
0.04992599,0.00006104
0.05024599,0.00006104
0.05056599,0.00006104
0.05088599,0.00006104
0.05120599,0.00006104
0.05152599,0.00006104
0.05184599,0.00006104
0.05216599,0.00006104
0.05248599,0.00006104
0.05280599,0.01788385
0.05312599,0.00006104
0.05344599,0.00006104
0.05376599,0.00006104
0.05408599,0.01788385
0.05440599,0.00006104
0.05472599,0.00006104
0.05504599,0.00006104
0.05536599,0.00006104
0.05568599,0.00006104
0.05600599,-0.01770074
0.05632599,0.00006104
0.05664599,0.00006104
0.05696599,0.00006104
0.05728599,0.00006104
0.05760599,0.00006104
0.05792599,0.00006104
0.05824599,0.00006104
0.05856599,0.00006104
0.05888599,0.00006104
0.05920599,0.00006104
0.05952599,0.00006104
0.05984599,0.00006104
0.06016599,0.00006104
0.06048599,0.00006104
0.06080599,0.00006104
0.06112599,0.00006104
0.06144599,0.00006104
0.06176599,0.00006104
0.06208599,0.00006104
0.06240599,0.00006104
0.06272599,0.00006104
0.06304599,0.00006104
0.06336599,0.00006104
0.06368599,0.00006104
0.06400599,0.00006104
0.06432599,0.00006104
0.06464599,0.00006104
0.06496599,0.00006104
0.06528599,0.00006104
0.06560599,0.00006104
0.06592599,0.00006104
0.06624599,0.00006104
0.06656599,0.00006104
0.06688599,0.00006104
0.06720599,0.00006104
0.06752599,0.00006104
0.06784599,0.00006104
0.06816599,0.00006104
0.06848599,0.00006104
0.06880599,0.00006104
0.06912599,0.00006104
0.06944599,0.00006104
0.06976599,0.00006104
0.07008599,0.00006104
0.07040599,0.00006104
0.07072599,0.00006104
0.07104599,0.00006104
0.07136599,0.00006104
0.07168599,0.00006104
0.07200599,0.00006104
0.07232599,-0.01770074
0.07264599,0.00006104
0.07296599,0.00006104
0.07328599,0.00006104
0.07360599,0.00006104
0.07392599,0.00006104
0.07424599,-0.01770074
0.07456599,0.00006104
0.07488599,0.00006104
0.07520599,0.00006104
0.07552599,0.00006104
0.07584599,0.00006104
0.07616599,0.00006104
0.07648599,0.00006104
0.07680599,0.00006104
0.07712599,0.00006104
0.07744599,0.00006104
0.07776599,0.00006104
0.07808599,0.00006104
0.07840599,0.00006104
0.07872599,0.00006104
0.07904599,0.00006104
0.07936599,0.00006104
0.07968599,0.00006104
0.08000599,0.00006104
0.08032599,0.00006104
0.08064599,0.00006104
0.08096599,0.00006104
0.08128599,0.00006104
0.08160599,0.00006104
0.08192599,0.00006104
0.08224599,0.00006104
0.08256599,0.00006104
0.08288599,0.00006104
0.08320599,0.00006104
0.08352599,0.00006104
0.08384599,0.00006104
0.08416599,0.00006104
0.08448599,0.00006104
0.08480599,0.00006104
0.08512599,0.00006104
0.08544599,0.00006104
0.08576599,0.00006104
0.08608599,0.00006104
0.08640599,0.00006104
0.08672599,0.00006104
0.08704599,0.00006104
0.08736599,0.00006104
0.08768599,0.00006104
0.08800599,0.00006104
0.08832599,0.00006104
0.08864599,0.00006104
0.08896599,0.00006104
0.08928599,0.00006104
0.08960599,0.00006104
0.08992599,0.00006104
0.09024599,0.00006104
0.09056599,0.00006104
0.09088599,0.00006104
0.09120599,0.00006104
0.09152599,0.00006104
0.09184599,0.00006104
0.09216599,0.00006104
0.09248599,0.00006104
0.09280599,-0.01770074
0.09312599,0.00006104
0.09344599,0.00006104
0.09376599,0.00006104
0.09408599,0.00006104
0.09440599,-0.01770074
0.09472599,0.00006104
0.09504599,0.00006104
0.09536599,0.00006104
0.09568599,0.00006104
0.09600599,0.00006104
0.09632599,0.00006104
0.09664599,0.00006104
0.09696599,0.00006104
0.09728599,0.00006104
0.09760599,-0.01770074
0.09792599,0.00006104
0.09824599,0.00006104
0.09856599,0.00006104
0.09888599,0.00006104
0.09920599,-0.01770074
0.09952599,0.00006104
0.09984599,0.00006104
0.10016599,0.00006104
0.10048599,0.00006104
0.10080599,0.00006104
0.10112599,0.00006104
0.10144599,0.00006104
0.10176599,0.00006104
0.10208599,0.00006104
0.10240599,0.00006104
0.10272599,-0.01770074
0.10304599,0.00006104
0.10336599,0.00006104
0.10368599,0.00006104
0.10400599,0.00006104
0.10432599,0.00006104
0.10464599,-0.01770074
0.10496599,0.00006104
0.10528599,0.00006104
0.10560599,0.00006104
0.10592599,0.00006104
0.10624599,0.00006104
0.10656599,0.00006104
0.10688599,0.00006104
0.10720599,0.00006104
0.10752599,0.00006104
0.10784599,0.00006104
0.10816599,0.00006104
0.10848599,0.00006104
0.10880599,0.00006104
0.10912599,0.00006104
0.10944599,0.00006104
0.10976599,0.00006104
0.11008599,-0.01770074
0.11040599,0.00006104
0.11072599,0.00006104
0.11104599,0.00006104
0.11136599,-0.01770074
0.11168599,-0.01770074
0.11200599,0.00006104
0.11232599,0.00006104
0.11264599,0.00006104
0.11296599,-0.01770074
0.11328599,0.00006104
0.11360599,0.00006104
0.11392599,0.00006104
0.11424599,0.00006104
0.11456599,0.00006104
0.11488599,0.00006104
0.11520599,0.00006104
0.11552599,0.00006104
0.11584599,0.00006104
0.11616599,0.00006104
0.11648599,0.00006104
0.11680599,0.00006104
0.11712599,0.00006104
0.11744599,0.00006104
0.11776599,0.00006104
0.11808599,0.00006104
0.11840599,0.00006104
0.11872599,0.00006104
0.11904599,0.00006104
0.11936599,0.00006104
0.11968599,0.00006104
0.12000599,0.00006104
0.12032599,0.00006104
0.12064599,0.00006104
0.12096599,0.00006104
0.12128599,0.00006104
0.12160599,0.00006104
0.12192599,0.00006104
0.12224599,0.00006104
0.12256599,0.00006104
0.12288599,0.00006104
0.12320599,0.00006104
0.12352599,0.00006104
0.12384599,0.00006104
0.12416599,0.00006104
0.12448599,0.00006104
0.12480599,0.00006104
0.12512599,0.00006104
0.12544599,0.00006104
0.12576599,0.00006104
0.12608599,0.00006104
0.12640599,0.00006104
0.12672599,0.00006104
0.12704599,0.00006104
0.12736599,0.00006104
0.12768599,0.00006104
0.12800599,0.00006104
0.12832599,0.00006104
0.12864599,0.00006104
0.12896599,0.00006104
0.12928599,0.00006104
0.12960599,0.00006104
0.12992599,0.00006104
0.13024599,0.00006104
0.13056599,0.00006104
0.13088599,0.00006104
0.13120599,0.00006104
0.13152599,0.00006104
0.13184599,0.00006104
0.13216599,0.00006104
0.13248599,0.00006104
0.13280599,0.00006104
0.13312599,0.00006104
0.13344599,0.00006104
0.13376599,0.00006104
0.13408599,0.00006104
0.13440599,0.00006104
0.13472599,0.00006104
0.13504599,0.00006104
0.13536599,0.00006104
0.13568599,0.00006104
0.13600599,-0.01770074
0.13632599,0.00006104
0.13664599,0.00006104
0.13696599,0.00006104
0.13728599,0.00006104
0.13760599,-0.01770074
0.13792599,0.00006104
0.13824599,0.00006104
0.13856599,0.00006104
0.13888599,0.00006104
0.13920599,0.00006104
0.13952599,0.00006104
0.13984599,0.00006104
0.14016599,0.00006104
0.14048599,0.00006104
0.14080599,0.00006104
0.14112599,0.00006104
0.14144599,0.00006104
0.14176599,0.00006104
0.14208599,0.00006104
0.14240599,-0.01770074
0.14272599,0.00006104
0.14304599,0.00006104
0.14336599,0.00006104
0.14368599,0.00006104
0.14400599,-0.01770074
0.14432599,-0.01770074
0.14464599,0.00006104
0.14496599,0.00006104
0.14528599,0.00006104
0.14560599,0.00006104
0.14592599,0.00006104
0.14624599,0.00006104
0.14656599,0.00006104
0.14688599,0.00006104
0.14720599,0.00006104
0.14752599,0.00006104
0.14784599,0.00006104
0.14816599,0.00006104
0.14848599,-0.01770074
0.14880599,0.00006104
0.14912599,0.00006104
0.14944599,0.00006104
0.14976599,0.00006104
0.15008599,0.00006104
0.15040599,-0.01770074
0.15072599,0.00006104
0.15104599,0.00006104
0.15136599,0.00006104
0.15168599,0.00006104
0.15200599,0.00006104
0.15232599,0.00006104
0.15264599,0.00006104
0.15296599,0.00006104
0.15328599,0.00006104
0.15360599,0.00006104
0.15392599,-0.01770074
0.15424599,0.00006104
0.15456599,0.00006104
0.15488599,-0.01770074
0.15520599,0.00006104
0.15552599,0.00006104
0.15584599,0.00006104
0.15616599,0.00006104
0.15648599,0.00006104
0.15680599,0.00006104
0.15712599,0.00006104
0.15744599,0.00006104
0.15776599,0.00006104
0.15808599,0.00006104
0.15840599,0.00006104
0.15872599,0.00006104
0.15904599,0.00006104
0.15936599,0.00006104
0.15968599,0.00006104
0.16000599,0.00006104
0.16032599,0.00006104
0.16064599,0.00006104
0.16096599,0.00006104
0.16128599,0.00006104
0.16160599,0.00006104
0.16192599,-0.01770074
0.16224599,0.00006104
0.16256599,0.00006104
0.16288599,0.00006104
0.16320599,0.00006104
0.16352599,0.00006104
0.16384599,0.00006104
0.16416599,0.00006104
0.16448599,0.00006104
0.16480599,0.00006104
0.16512599,0.00006104
0.16544599,0.00006104
0.16576599,0.00006104
0.16608599,0.00006104
0.16640599,0.00006104
0.16672599,-0.01770074
0.16704599,0.00006104
0.16736599,0.00006104
0.16768599,0.00006104
0.16800599,0.00006104
0.16832599,0.00006104
0.16864599,0.00006104
0.16896599,0.00006104
0.16928599,0.00006104
0.16960599,0.00006104
0.16992599,0.00006104
0.17024599,0.00006104
0.17056599,0.00006104
0.17088599,0.00006104
0.17120599,0.00006104
0.17152599,0.00006104
0.17184599,0.00006104
0.17216599,0.00006104
0.17248599,0.00006104
0.17280599,-0.01770074
0.17312599,0.00006104
0.17344599,0.00006104
0.17376599,0.00006104
0.17408599,0.00006104
0.17440599,0.00006104
0.17472599,0.00006104
0.17504599,0.00006104
0.17536599,0.00006104
0.17568599,0.00006104
0.17600599,0.00006104
0.17632599,0.00006104
0.17664599,0.00006104
0.17696599,0.00006104
0.17728599,0.00006104
0.17760599,0.00006104
0.17792599,0.00006104
0.17824599,0.00006104
0.17856599,0.00006104
0.17888599,0.00006104
0.17920599,0.00006104
0.17952599,0.00006104
0.17984599,-0.01770074
0.18016599,0.00006104
0.18048599,0.00006104
0.18080599,0.00006104
0.18112599,0.00006104
0.18144599,0.00006104
0.18176599,0.00006104
0.18208599,-0.01770074
0.18240599,0.00006104
0.18272599,0.00006104
0.18304599,0.00006104
0.18336599,0.00006104
0.18368599,0.00006104
0.18400599,0.00006104
0.18432599,0.00006104
0.18464599,0.00006104
0.18496599,0.00006104
0.18528599,0.00006104
0.18560599,0.00006104
0.18592599,-0.01770074
0.18624599,0.00006104
0.18656599,0.00006104
0.18688599,0.00006104
0.18720599,0.00006104
0.18752599,0.00006104
0.18784599,0.00006104
0.18816599,0.00006104
0.18848599,0.00006104
0.18880599,-0.01770074
0.18912599,0.00006104
0.18944599,0.00006104
0.18976599,0.00006104
0.19008599,0.00006104
0.19040599,0.00006104
0.19072599,0.00006104
0.19104599,0.00006104
0.19136599,0.00006104
0.19168599,-0.01770074
0.19200599,0.00006104
0.19232599,0.00006104
0.19264599,0.00006104
0.19296599,0.00006104
0.19328599,0.00006104
0.19360599,0.00006104
0.19392599,0.00006104
0.19424599,0.00006104
0.19456599,0.00006104
0.19488599,0.00006104
0.19520599,-0.01770074
0.19552599,0.00006104
0.19584599,0.00006104
0.19616599,0.00006104
0.19648599,0.00006104
0.19680599,0.00006104
0.19712599,0.00006104
0.19744599,0.00006104
0.19776599,0.00006104
0.19808599,0.00006104
0.19840599,0.00006104
0.19872599,0.00006104
0.19904599,0.00006104
0.19936599,0.00006104
0.19968599,-0.01770074
0.20000599,0.00006104
0.20032599,0.00006104
0.20064599,0.00006104
0.20096599,0.00006104
0.20128599,-0.01770074
0.20160599,0.00006104
0.20192599,0.00006104
0.20224599,0.00006104
0.20256599,0.00006104
0.20288599,0.00006104
0.20320599,0.00006104
0.20352599,0.00006104
0.20384599,0.00006104
0.20416599,0.00006104
0.20448599,0.00006104
0.20480599,0.00006104
0.20512599,0.00006104
0.20544599,0.00006104
0.20576599,0.00006104
0.20608599,0.00006104
0.20640599,0.00006104
0.20672599,0.00006104
0.20704599,0.00006104
0.20736599,0.00006104
0.20768599,0.00006104
0.20800599,0.00006104
0.20832599,0.00006104
0.20864599,0.00006104
0.20896599,0.00006104
0.20928599,0.00006104
0.20960599,0.00006104
0.20992599,0.00006104
0.21024599,0.00006104
0.21056599,0.00006104
0.21088599,0.00006104
0.21120599,0.00006104
0.21152599,0.00006104
0.21184599,-0.01770074
0.21216599,0.00006104
0.21248599,0.00006104
0.21280599,0.00006104
0.21312599,0.00006104
0.21344599,0.00006104
0.21376599,0.00006104
0.21408599,0.00006104
0.21440599,0.00006104
0.21472599,0.00006104
0.21504599,0.00006104
0.21536599,0.00006104
0.21568599,0.00006104
0.21600599,0.00006104
0.21632599,0.00006104
0.21664599,0.00006104
0.21696599,0.00006104
0.21728599,0.00006104
0.21760599,0.00006104
0.21792599,0.00006104
0.21824599,-0.01770074
0.21856599,0.00006104
0.21888599,0.00006104
0.21920599,0.00006104
0.21952599,0.00006104
0.21984599,0.00006104
0.22016599,0.00006104
0.22048599,0.00006104
0.22080599,0.00006104
0.22112599,0.00006104
0.22144599,0.00006104
0.22176599,0.00006104
0.22208599,0.00006104
0.22240599,0.00006104
0.22272599,0.00006104
0.22304599,0.00006104
0.22336599,0.00006104
0.22368599,0.00006104
0.22400599,0.00006104
0.22432599,0.00006104
0.22464599,0.00006104
0.22496599,0.00006104
0.22528599,0.00006104
0.22560599,0.00006104
0.22592599,0.00006104
0.22624599,0.00006104
0.22656599,0.00006104
0.22688599,0.00006104
0.22720599,0.00006104
0.22752599,0.00006104
0.22784599,0.00006104
0.22816599,0.00006104
0.22848599,0.00006104
0.22880599,0.00006104
0.22912599,0.00006104
0.22944599,0.00006104
0.22976599,0.00006104
0.23008599,0.00006104
0.23040599,0.00006104
0.23072599,0.00006104
0.23104599,0.00006104
0.23136599,0.00006104
0.23168599,0.00006104
0.23200599,0.00006104
0.23232599,0.00006104
0.23264599,0.00006104
0.23296599,-0.01770074
0.23328599,0.00006104
0.23360599,0.00006104
0.23392599,0.00006104
0.23424599,0.00006104
0.23456599,0.00006104
0.23488599,0.00006104
0.23520599,0.00006104
0.23552599,0.00006104
0.23584599,0.00006104
0.23616599,0.00006104
0.23648599,0.00006104
0.23680599,0.00006104
0.23712599,0.00006104
0.23744599,0.00006104
0.23776599,0.00006104
0.23808599,0.00006104
0.23840599,0.00006104
0.23872599,0.00006104
0.23904599,0.00006104
0.23936599,0.00006104
0.23968599,0.00006104
0.24000599,0.00006104
0.24032599,0.00006104
0.24064599,0.00006104
0.24096599,0.00006104
0.24128599,-0.01770074
0.24160599,0.00006104
0.24192599,0.00006104
0.24224599,-0.01770074
0.24256599,0.00006104
0.24288599,0.00006104
0.24320599,0.00006104
0.24352599,0.01788385
0.24384599,0.00006104
0.24416599,0.00006104
0.24448599,0.00006104
0.24480599,0.00006104
0.24512599,0.00006104
0.24544599,0.00006104
0.24576599,0.00006104
0.24608599,0.00006104
0.24640599,0.00006104
0.24672599,0.00006104
0.24704599,0.00006104
0.24736599,0.00006104
0.24768599,0.00006104
0.24800599,0.00006104
0.24832599,0.00006104
0.24864599,0.00006104
0.24896599,-0.01770074
0.24928599,0.00006104
0.24960599,0.00006104
0.24992599,0.00006104
0.25024599,0.00006104
0.25056599,0.00006104
0.25088599,0.00006104
0.25120599,0.00006104
0.25152599,0.00006104
0.25184599,0.00006104
0.25216599,0.00006104
0.25248599,0.00006104
0.25280599,0.00006104
0.25312599,0.00006104
0.25344599,0.00006104
0.25376599,0.00006104
0.25408599,0.00006104
0.25440599,0.00006104
0.25472599,0.00006104
0.25504599,0.00006104
0.25536599,0.00006104
0.25568599,0.00006104
0.25600599,0.00006104
0.25632599,0.00006104
0.25664599,0.00006104
0.25696599,0.00006104
0.25728599,0.00006104
0.25760599,0.00006104
0.25792599,0.00006104
0.25824599,0.00006104
0.25856599,0.00006104
0.25888599,0.00006104
0.25920599,0.00006104
0.25952599,0.00006104
0.25984599,0.00006104
0.26016599,0.00006104
0.26048599,0.00006104
0.26080599,0.00006104
0.26112599,0.00006104
0.26144599,0.00006104
0.26176599,0.00006104
0.26208599,0.00006104
0.26240599,0.00006104
0.26272599,0.00006104
0.26304599,0.00006104
0.26336599,0.00006104
0.26368599,0.00006104
0.26400599,0.00006104
0.26432599,0.00006104
0.26464599,0.00006104
0.26496599,0.00006104
0.26528599,0.00006104
0.26560599,0.00006104
0.26592599,0.00006104
0.26624599,0.00006104
0.26656599,0.00006104
0.26688599,-0.01770074
0.26720599,0.00006104
0.26752599,0.00006104
0.26784599,0.00006104
0.26816599,0.00006104
0.26848599,0.00006104
0.26880599,0.00006104
0.26912599,0.00006104
0.26944599,0.00006104
0.26976599,0.00006104
0.27008599,0.00006104
0.27040599,0.00006104
0.27072599,0.00006104
0.27104599,0.00006104
0.27136599,0.00006104
0.27168599,0.00006104
0.27200599,0.00006104
0.27232599,0.00006104
0.27264599,0.00006104
0.27296599,0.00006104
0.27328599,0.00006104
0.27360599,0.00006104
0.27392599,-0.01770074
0.27424599,-0.01770074
0.27456599,-0.01770074
0.27488599,-0.01770074
0.27520599,0.00006104
0.27552599,-0.01770074
0.27584599,0.00006104
0.27616599,0.00006104
0.27648599,0.00006104
0.27680599,-0.01770074
0.27712599,0.00006104
0.27744599,0.00006104
0.27776599,0.00006104
0.27808599,0.00006104
0.27840599,0.00006104
0.27872599,0.00006104
0.27904599,0.00006104
0.27936599,0.00006104
0.27968599,0.00006104
0.28000599,0.00006104
0.28032599,0.00006104
0.28064599,0.00006104
0.28096599,0.00006104
0.28128599,0.00006104
0.28160599,0.00006104
0.28192599,0.00006104
0.28224599,-0.01770074
0.28256599,0.00006104
0.28288599,0.00006104
0.28320599,0.00006104
0.28352599,-0.01770074
0.28384599,0.00006104
0.28416599,0.00006104
0.28448599,0.00006104
0.28480599,0.00006104
0.28512599,0.00006104
0.28544599,0.00006104
0.28576599,0.00006104
0.28608599,-0.01770074
0.28640599,0.00006104
0.28672599,0.00006104
0.28704599,0.00006104
0.28736599,0.00006104
0.28768599,0.00006104
0.28800599,0.00006104
0.28832599,0.00006104
0.28864599,0.00006104
0.28896599,0.00006104
0.28928599,0.00006104
0.28960599,0.00006104
0.28992599,0.00006104
0.29024599,0.00006104
0.29056599,0.00006104
0.29088599,0.00006104
0.29120599,0.00006104
0.29152599,0.00006104
0.29184599,0.00006104
0.29216599,0.00006104
0.29248599,0.00006104
0.29280599,0.00006104
0.29312599,0.00006104
0.29344599,0.00006104
0.29376599,0.00006104
0.29408599,0.00006104
0.29440599,0.00006104
0.29472599,0.00006104
0.29504599,0.00006104
0.29536599,0.00006104
0.29568599,0.00006104
0.29600599,0.00006104
0.29632599,0.00006104
0.29664599,0.00006104
0.29696599,0.00006104
0.29728599,0.00006104
0.29760599,0.00006104
0.29792599,0.00006104
0.29824599,0.00006104
0.29856599,0.00006104
0.29888599,0.00006104
0.29920599,-0.01770074
0.29952599,-0.01770074
0.29984599,0.00006104
0.30016599,0.00006104
0.30048599,0.00006104
0.30080599,0.00006104
0.30112599,0.00006104
0.30144599,0.00006104
0.30176599,0.00006104
0.30208599,0.00006104
0.30240599,0.00006104
0.30272599,0.00006104
0.30304599,0.00006104
0.30336599,0.00006104
0.30368599,0.00006104
0.30400599,0.00006104
0.30432599,0.00006104
0.30464599,0.00006104
0.30496599,0.00006104
0.30528599,0.00006104
0.30560599,0.00006104
0.30592599,0.00006104
0.30624599,0.00006104
0.30656599,0.00006104
0.30688599,0.00006104
0.30720599,0.00006104
0.30752599,0.00006104
0.30784599,0.00006104
0.30816599,0.00006104
0.30848599,0.00006104
0.30880599,0.00006104
0.30912599,0.00006104
0.30944599,0.00006104
0.30976599,-0.01770074
0.31008599,0.00006104
0.31040599,0.00006104
0.31072599,0.00006104
0.31104599,0.00006104
0.31136599,0.00006104
0.31168599,0.00006104
0.31200599,-0.01770074
0.31232599,0.00006104
0.31264599,0.00006104
0.31296599,0.00006104
0.31328599,0.00006104
0.31360599,0.00006104
0.31392599,0.00006104
0.31424599,0.00006104
0.31456599,0.00006104
0.31488599,0.00006104
0.31520599,0.00006104
0.31552599,0.00006104
0.31584599,0.00006104
0.31616599,0.00006104
0.31648599,0.00006104
0.31680599,0.00006104
0.31712599,0.00006104
0.31744599,0.00006104
0.31776599,0.00006104
0.31808599,0.00006104
0.31840599,0.00006104
0.31872599,0.00006104
0.31904599,0.00006104
0.31936599,0.00006104
0.31968599,0.00006104
0.32000599,0.00006104
0.32032599,0.00006104
0.32064599,0.00006104
0.32096599,0.00006104
0.32128599,0.00006104
0.32160599,0.00006104
0.32192599,0.00006104
0.32224599,0.00006104
0.32256599,0.00006104
0.32288599,0.00006104
0.32320599,0.00006104
0.32352599,-0.01770074
0.32384599,0.00006104
0.32416599,0.00006104
0.32448599,0.00006104
0.32480599,0.00006104
0.32512599,0.00006104
0.32544599,0.00006104
0.32576599,0.00006104
0.32608599,0.00006104
0.32640599,0.00006104
0.32672599,0.00006104
0.32704599,0.00006104
0.32736599,0.00006104
0.32768599,0.00006104
0.32800599,0.00006104
0.32832599,0.00006104
0.32864599,0.00006104
0.32896599,0.00006104
0.32928599,0.00006104
0.32960599,0.00006104
0.32992599,0.00006104
0.33024599,-0.01770074
0.33056599,0.00006104
0.33088599,0.00006104
0.33120599,0.00006104
0.33152599,0.00006104
0.33184599,0.00006104
0.33216599,0.00006104
0.33248599,0.00006104
0.33280599,0.00006104
0.33312599,0.00006104
0.33344599,0.00006104
0.33376599,0.00006104
0.33408599,0.00006104
0.33440599,0.00006104
0.33472599,0.00006104
0.33504599,0.00006104
0.33536599,0.00006104
0.33568599,0.00006104
0.33600599,0.00006104
0.33632599,0.00006104
0.33664599,0.00006104
0.33696599,0.00006104
0.33728599,0.00006104
0.33760599,0.00006104
0.33792599,0.00006104
0.33824599,0.00006104
0.33856599,0.00006104
0.33888599,-0.01770074
0.33920599,0.00006104
0.33952599,0.00006104
0.33984599,0.00006104
0.34016599,0.00006104
0.34048599,0.00006104
0.34080599,0.00006104
0.34112599,0.00006104
0.34144599,0.00006104
0.34176599,0.00006104
0.34208599,0.00006104
0.34240599,0.00006104
0.34272599,0.00006104
0.34304599,0.00006104
0.34336599,0.00006104
0.34368599,0.00006104
0.34400599,0.00006104
0.34432599,0.00006104
0.34464599,0.00006104
0.34496599,0.00006104
0.34528599,-0.01770074
0.34560599,0.00006104
0.34592599,-0.01770074
0.34624599,0.00006104
0.34656599,0.00006104
0.34688599,0.00006104
0.34720599,-0.01770074
0.34752599,0.00006104
0.34784599,0.00006104
0.34816599,0.00006104
0.34848599,0.00006104
0.34880599,0.00006104
0.34912599,0.00006104
0.34944599,0.00006104
0.34976599,0.00006104
0.35008599,0.00006104
0.35040599,0.00006104
0.35072599,0.00006104
0.35104599,0.00006104
0.35136599,0.00006104
0.35168599,0.00006104
0.35200599,0.00006104
0.35232599,0.00006104
0.35264599,0.00006104
0.35296599,0.00006104
0.35328599,0.00006104
0.35360599,0.00006104
0.35392599,0.00006104
0.35424599,0.00006104
0.35456599,0.00006104
0.35488599,0.00006104
0.35520599,0.00006104
0.35552599,0.00006104
0.35584599,0.00006104
0.35616599,0.00006104
0.35648599,0.00006104
0.35680599,0.00006104
0.35712599,0.00006104
0.35744599,0.00006104
0.35776599,0.00006104
0.35808599,0.00006104
0.35840599,0.00006104
0.35872599,0.00006104
0.35904599,0.00006104
0.35936599,0.00006104
0.35968599,0.00006104
0.36000599,0.00006104
0.36032599,0.00006104
0.36064599,0.00006104
0.36096599,0.00006104
0.36128599,0.00006104
0.36160599,0.00006104
0.36192599,0.00006104
0.36224599,0.00006104
0.36256599,0.00006104
0.36288599,0.00006104
0.36320599,0.00006104
0.36352599,0.00006104
0.36384599,0.00006104
0.36416599,0.00006104
0.36448599,0.00006104
0.36480599,0.00006104
0.36512599,0.00006104
0.36544599,0.00006104
0.36576599,0.00006104
0.36608599,0.00006104
0.36640599,0.00006104
0.36672599,0.00006104
0.36704599,0.00006104
0.36736599,0.00006104
0.36768599,0.00006104
0.36800599,0.00006104
0.36832599,0.00006104
0.36864599,0.00006104
0.36896599,0.00006104
0.36928599,0.00006104
0.36960599,0.00006104
0.36992599,0.00006104
0.37024599,0.00006104
0.37056599,0.00006104
0.37088599,0.00006104
0.37120599,0.00006104
0.37152599,0.00006104
0.37184599,0.00006104
0.37216599,0.00006104
0.37248599,0.00006104
0.37280599,0.00006104
0.37312599,0.00006104
0.37344599,0.00006104
0.37376599,0.00006104
0.37408599,0.00006104
0.37440599,0.00006104
0.37472599,0.00006104
0.37504599,0.00006104
0.37536599,0.00006104
0.37568599,0.00006104
0.37600599,0.00006104
0.37632599,0.00006104
0.37664599,0.00006104
0.37696599,0.00006104
0.37728599,0.00006104
0.37760599,0.00006104
0.37792599,0.00006104
0.37824599,0.00006104
0.37856599,0.00006104
0.37888599,0.00006104
0.37920599,0.00006104
0.37952599,0.00006104
0.37984599,0.00006104
0.38016599,0.00006104
0.38048599,0.00006104
0.38080599,-0.01770074
0.38112599,0.00006104
0.38144599,0.00006104
0.38176599,0.00006104
0.38208599,0.00006104
0.38240599,0.00006104
0.38272599,-0.01770074
0.38304599,0.00006104
0.38336599,0.00006104
0.38368599,-0.01770074
0.38400599,0.00006104
0.38432599,0.00006104
0.38464599,0.00006104
0.38496599,0.00006104
0.38528599,0.00006104
0.38560599,0.00006104
0.38592599,0.00006104
0.38624599,-0.01770074
0.38656599,0.00006104
0.38688599,0.00006104
0.38720599,0.00006104
0.38752599,0.00006104
0.38784599,-0.01770074
0.38816599,0.00006104
0.38848599,0.00006104
0.38880599,0.00006104
0.38912599,-0.01770074
0.38944599,0.00006104
0.38976599,0.00006104
0.39008599,0.00006104
0.39040599,0.00006104
0.39072599,0.00006104
0.39104599,0.00006104
0.39136599,0.00006104
0.39168599,0.00006104
0.39200599,0.00006104
0.39232599,0.00006104
0.39264599,0.00006104
0.39296599,0.00006104
0.39328599,0.00006104
0.39360599,0.00006104
0.39392599,0.00006104
0.39424599,0.00006104
0.39456599,0.00006104
0.39488599,0.00006104
0.39520599,0.00006104
0.39552599,0.00006104
0.39584599,0.00006104
0.39616599,0.00006104
0.39648599,0.00006104
0.39680599,0.00006104
0.39712599,0.00006104
0.39744599,0.00006104
0.39776599,0.00006104
0.39808599,0.00006104
0.39840599,0.00006104
0.39872599,0.00006104
0.39904599,0.00006104
0.39936599,0.00006104
0.39968599,0.00006104
0.40000599,0.00006104
0.40032599,0.00006104
0.40064599,0.00006104
0.40096599,0.00006104
0.40128599,0.00006104
0.40160599,0.00006104
0.40192599,0.00006104
0.40224599,0.00006104
0.40256599,0.00006104
0.40288599,0.00006104
0.40320599,0.00006104
0.40352599,0.00006104
0.40384599,0.00006104
0.40416599,0.00006104
0.40448599,0.00006104
0.40480599,0.00006104
0.40512599,0.00006104
0.40544599,0.00006104
0.40576599,0.00006104
0.40608599,0.00006104
0.40640599,0.00006104
0.40672599,0.00006104
0.40704599,0.00006104
0.40736599,0.00006104
0.40768599,0.00006104
0.40800599,0.00006104
0.40832599,0.00006104
0.40864599,0.00006104
0.40896599,0.00006104
0.40928599,0.00006104
0.40960599,0.00006104
0.40992599,0.00006104
0.41024599,0.00006104
0.41056599,0.00006104
0.41088599,0.00006104
0.41120599,0.00006104
0.41152599,0.00006104
0.41184599,0.00006104
0.41216599,0.00006104
0.41248599,0.00006104
0.41280599,0.00006104
0.41312599,0.00006104
0.41344599,0.00006104
0.41376599,0.00006104
0.41408599,0.00006104
0.41440599,0.00006104
0.41472599,0.00006104
0.41504599,0.00006104
0.41536599,0.00006104
0.41568599,0.00006104
0.41600599,0.00006104
0.41632599,0.00006104
0.41664599,0.00006104
0.41696599,0.00006104
0.41728599,0.00006104
0.41760599,0.00006104
0.41792599,0.00006104
0.41824599,0.00006104
0.41856599,0.00006104
0.41888599,0.00006104
0.41920599,0.00006104
0.41952599,0.00006104
0.41984599,0.00006104
0.42016599,0.00006104
0.42048599,0.00006104
0.42080599,0.00006104
0.42112599,0.00006104
0.42144599,0.00006104
0.42176599,0.00006104
0.42208599,0.00006104
0.42240599,0.00006104
0.42272599,0.00006104
0.42304599,0.00006104
0.42336599,0.00006104
0.42368599,0.00006104
0.42400599,0.00006104
0.42432599,0.00006104
0.42464599,0.00006104
0.42496599,0.00006104
0.42528599,0.00006104
0.42560599,0.00006104
0.42592599,0.00006104
0.42624599,0.00006104
0.42656599,0.00006104
0.42688599,0.00006104
0.42720599,0.00006104
0.42752599,0.00006104
0.42784599,0.00006104
0.42816599,0.00006104
0.42848599,0.00006104
0.42880599,0.00006104
0.42912599,0.00006104
0.42944599,0.00006104
0.42976599,0.00006104
0.43008599,0.00006104
0.43040599,0.00006104
0.43072599,0.00006104
0.43104599,0.00006104
0.43136599,0.00006104
0.43168599,0.00006104
0.43200599,0.00006104
0.43232599,0.00006104
0.43264599,0.00006104
0.43296599,0.00006104
0.43328599,0.00006104
0.43360599,0.00006104
0.43392599,0.00006104
0.43424599,0.00006104
0.43456599,0.00006104
0.43488599,0.00006104
0.43520599,0.00006104
0.43552599,0.00006104
0.43584599,0.00006104
0.43616599,0.00006104
0.43648599,0.00006104
0.43680599,0.00006104
0.43712599,0.00006104
0.43744599,0.00006104
0.43776599,0.00006104
0.43808599,0.00006104
0.43840599,0.00006104
0.43872599,0.00006104
0.43904599,0.00006104
0.43936599,0.00006104
0.43968599,0.00006104
0.44000599,0.00006104
0.44032599,0.00006104
0.44064599,0.00006104
0.44096599,0.00006104
0.44128599,0.00006104
0.44160599,0.00006104
0.44192599,0.00006104
0.44224599,0.00006104
0.44256599,0.00006104
0.44288599,0.00006104
0.44320599,0.00006104
0.44352599,0.00006104
0.44384599,0.00006104
0.44416599,0.00006104
0.44448599,0.00006104
0.44480599,0.00006104
0.44512599,0.00006104
0.44544599,0.00006104
0.44576599,0.00006104
0.44608599,0.00006104
0.44640599,0.00006104
0.44672599,0.00006104
0.44704599,0.00006104
0.44736599,0.00006104
0.44768599,0.00006104
0.44800599,0.00006104
0.44832599,0.00006104
0.44864599,0.00006104
0.44896599,0.00006104
0.44928599,0.00006104
0.44960599,0.00006104
0.44992599,0.00006104
0.45024599,0.00006104
0.45056599,0.00006104
0.45088599,0.00006104
0.45120599,0.00006104
0.45152599,0.00006104
0.45184599,0.00006104
0.45216599,0.00006104
0.45248599,0.00006104
0.45280599,0.00006104
0.45312599,0.00006104
0.45344599,0.00006104
0.45376599,0.00006104
0.45408599,0.00006104
0.45440599,0.00006104
0.45472599,0.00006104
0.45504599,0.00006104
0.45536599,0.00006104
0.45568599,0.00006104
0.45600599,0.00006104
0.45632599,0.00006104
0.45664599,0.00006104
0.45696599,0.00006104
0.45728599,0.00006104
0.45760599,0.00006104
0.45792599,-0.01770074
0.45824599,0.00006104
0.45856599,0.00006104
0.45888599,0.00006104
0.45920599,0.00006104
0.45952599,0.00006104
0.45984599,0.00006104
0.46016599,0.00006104
0.46048599,0.00006104
0.46080599,0.00006104
0.46112599,0.00006104
0.46144599,0.00006104
0.46176599,0.00006104
0.46208599,0.00006104
0.46240599,0.00006104
0.46272599,0.00006104
0.46304599,0.00006104
0.46336599,0.00006104
0.46368599,0.00006104
0.46400599,0.00006104
0.46432599,0.00006104
0.46464599,0.00006104
0.46496599,0.00006104
0.46528599,0.00006104
0.46560599,0.00006104
0.46592599,0.00006104
0.46624599,0.00006104
0.46656599,0.00006104
0.46688599,0.00006104
0.46720599,0.00006104
0.46752599,0.00006104
0.46784599,0.00006104
0.46816599,0.00006104
0.46848599,0.00006104
0.46880599,0.00006104
0.46912599,0.00006104
0.46944599,0.00006104
0.46976599,0.00006104
0.47008599,0.00006104
0.47040599,0.00006104
0.47072599,0.00006104
0.47104599,0.00006104
0.47136599,0.00006104
0.47168599,0.00006104
0.47200599,0.00006104
0.47232599,0.00006104
0.47264599,0.00006104
0.47296599,0.00006104
0.47328599,0.00006104
0.47360599,0.00006104
0.47392599,0.00006104
0.47424599,0.00006104
0.47456599,0.00006104
0.47488599,0.00006104
0.47520599,0.00006104
0.47552599,0.00006104
0.47584599,0.00006104
0.47616599,0.00006104
0.47648599,0.00006104
0.47680599,0.00006104
0.47712599,0.00006104
0.47744599,0.00006104
0.47776599,0.00006104
0.47808599,0.00006104
0.47840599,0.00006104
0.47872599,0.00006104
0.47904599,0.00006104
0.47936599,0.00006104
0.47968599,0.00006104
0.48000599,0.00006104
0.48032599,0.00006104
0.48064599,0.00006104
0.48096599,-0.01770074
0.48128599,0.00006104
0.48160599,0.00006104
0.48192599,0.00006104
0.48224599,0.00006104
0.48256599,0.00006104
0.48288599,0.00006104
0.48320599,0.00006104
0.48352599,0.00006104
0.48384599,0.00006104
0.48416599,0.00006104
0.48448599,0.00006104
0.48480599,0.00006104
0.48512599,0.00006104
0.48544599,0.00006104
0.48576599,0.00006104
0.48608599,0.00006104
0.48640599,0.00006104
0.48672599,0.00006104
0.48704599,0.00006104
0.48736599,0.00006104
0.48768599,0.00006104
0.48800599,0.00006104
0.48832599,0.00006104
0.48864599,0.00006104
0.48896599,0.00006104
0.48928599,0.00006104
0.48960599,0.00006104
0.48992599,0.00006104
0.49024599,0.00006104
0.49056599,0.00006104
0.49088599,0.00006104
0.49120599,0.00006104
0.49152599,0.00006104
0.49184599,0.00006104
0.49216599,0.00006104
0.49248599,0.00006104
0.49280599,0.00006104
0.49312599,0.00006104
0.49344599,0.00006104
0.49376599,0.00006104
0.49408599,0.00006104
0.49440599,0.00006104
0.49472599,0.00006104
0.49504599,0.00006104
0.49536599,0.00006104
0.49568599,0.00006104
0.49600599,0.00006104
0.49632599,0.00006104
0.49664599,0.00006104
0.49696599,0.00006104
0.49728599,0.00006104
0.49760599,0.00006104
0.49792599,0.00006104
0.49824599,0.00006104
0.49856599,0.00006104
0.49888599,0.00006104
0.49920599,-1.69096959
0.49952599,-1.61980045
0.49984599,-0.17792290
0.50016599,0.28485978
0.50048599,0.17804499
0.50080599,0.03570665
0.50112599,-0.03552354
0.50144599,-0.03552354
0.50176599,-0.03552354
0.50208599,-0.01770074
0.50240599,-0.65852839
0.50272599,-1.03238010
0.50304599,-1.63762319
0.50336599,-0.28473771
0.50368599,-0.23133031
0.50400599,-0.03552354
0.50432599,0.08911405
0.50464599,0.08911405
0.50496599,0.03570665
0.50528599,0.01788385
0.50560599,0.03570665
0.50592599,0.01788385
0.50624599,0.03570665
0.50656599,0.03570665
0.50688599,0.03570665
0.50720599,0.03570665
0.50752599,0.01788385
0.50784599,0.00006104
0.50816599,0.00006104
0.50848599,0.01788385
0.50880599,0.01788385
0.50912599,0.03570665
0.50944599,0.05346843
0.50976599,0.05346843
0.51008599,0.07129124
0.51040599,0.07129124
0.51072599,0.03570665
0.51104599,0.07129124
0.51136599,0.03570665
0.51168599,0.03570665
0.51200599,0.07129124
0.51232599,0.08911405
0.51264599,0.05346843
0.51296599,0.03570665
0.51328599,0.03570665
0.51360599,0.03570665
0.51392599,0.01788385
0.51424599,-0.01770074
0.51456599,-0.01770074
0.51488599,-0.03552354
0.51520599,-0.01770074
0.51552599,0.03570665
0.51584599,-0.01770074
0.51616599,0.03570665
0.51648599,0.03570665
0.51680599,-0.03552354
0.51712599,0.01788385
0.51744599,0.01788385
0.51776599,-0.01770074
0.51808599,0.03570665
0.51840599,0.03570665
0.51872599,0.01788385
0.51904599,0.03570665
0.51936599,0.03570665
0.51968599,0.01788385
0.52000599,0.01788385
