Time,Channel A
(ms),(V)

-1.48094015,0.03570665
-1.48062015,0.01788385
-1.48030015,0.01788385
-1.47998015,0.00006104
-1.47966015,0.01788385
-1.47934015,0.01788385
-1.47902015,0.01788385
-1.47870015,0.03570665
-1.47838015,0.00006104
-1.47806015,0.00006104
-1.47774015,0.03570665
-1.47742015,0.01788385
-1.47710015,0.01788385
-1.47678015,0.00006104
-1.47646015,0.00006104
-1.47614015,0.00006104
-1.47582015,0.01788385
-1.47550015,0.00006104
-1.47518015,0.00006104
-1.47486015,0.03570665
-1.47454015,0.01788385
-1.47422015,0.01788385
-1.47390015,0.01788385
-1.47358015,0.00006104
-1.47326015,0.01788385
-1.47294015,0.01788385
-1.47262015,0.00006104
-1.47230015,0.00006104
-1.47198015,0.03570665
-1.47166015,0.01788385
-1.47134015,0.00006104
-1.47102015,0.00006104
-1.47070015,0.00006104
-1.47038015,0.00006104
-1.47006015,0.00006104
-1.46974015,-0.01770074
-1.46942015,0.00006104
-1.46910015,0.00006104
-1.46878015,0.00006104
-1.46846015,0.00006104
-1.46814015,0.00006104
-1.46782015,0.01788385
-1.46750015,0.01788385
-1.46718015,0.00006104
-1.46686015,0.00006104
-1.46654015,0.01788385
-1.46622015,0.00006104
-1.46590015,0.00006104
-1.46558015,0.00006104
-1.46526015,0.01788385
-1.46494015,0.00006104
-1.46462015,0.00006104
-1.46430015,0.00006104
-1.46398015,0.00006104
-1.46366015,0.00006104
-1.46334015,0.00006104
-1.46302015,0.00006104
-1.46270015,0.00006104
-1.46238015,0.01788385
-1.46206015,0.01788385
-1.46174015,0.01788385
-1.46142015,0.00006104
-1.46110015,0.01788385
-1.46078015,0.01788385
-1.46046015,0.00006104
-1.46014015,0.00006104
-1.45982015,0.00006104
-1.45950015,0.00006104
-1.45918015,0.00006104
-1.45886015,0.00006104
-1.45854015,0.00006104
-1.45822015,0.00006104
-1.45790015,0.00006104
-1.45758015,0.00006104
-1.45726015,0.00006104
-1.45694015,0.00006104
-1.45662015,0.00006104
-1.45630015,0.00006104
-1.45598015,0.00006104
-1.45566015,0.00006104
-1.45534015,0.01788385
-1.45502015,0.00006104
-1.45470015,0.00006104
-1.45438015,0.01788385
-1.45406015,0.00006104
-1.45374015,0.00006104
-1.45342015,0.00006104
-1.45310015,0.00006104
-1.45278015,0.00006104
-1.45246015,0.00006104
-1.45214015,-0.01770074
-1.45182015,0.00006104
-1.45150015,0.00006104
-1.45118015,-0.01770074
-1.45086015,0.00006104
-1.45054015,0.00006104
-1.45022015,0.00006104
-1.44990015,0.00006104
-1.44958015,0.00006104
-1.44926015,0.00006104
-1.44894015,0.00006104
-1.44862015,0.00006104
-1.44830015,0.00006104
-1.44798015,0.00006104
-1.44766015,0.00006104
-1.44734015,0.00006104
-1.44702015,0.01788385
-1.44670015,0.00006104
-1.44638015,0.00006104
-1.44606015,0.00006104
-1.44574015,0.00006104
-1.44542015,0.00006104
-1.44510015,0.00006104
-1.44478015,0.00006104
-1.44446015,0.00006104
-1.44414015,0.00006104
-1.44382015,0.00006104
-1.44350015,0.00006104
-1.44318015,0.00006104
-1.44286015,0.00006104
-1.44254015,0.00006104
-1.44222015,0.00006104
-1.44190015,0.00006104
-1.44158015,0.00006104
-1.44126015,0.00006104
-1.44094015,0.00006104
-1.44062015,0.00006104
-1.44030015,0.00006104
-1.43998015,0.00006104
-1.43966015,0.00006104
-1.43934015,0.00006104
-1.43902015,0.00006104
-1.43870015,0.00006104
-1.43838015,0.00006104
-1.43806015,0.00006104
-1.43774015,0.00006104
-1.43742015,0.00006104
-1.43710015,0.00006104
-1.43678015,0.00006104
-1.43646015,0.00006104
-1.43614015,0.00006104
-1.43582015,0.00006104
-1.43550015,0.00006104
-1.43518015,0.00006104
-1.43486015,0.00006104
-1.43454015,0.00006104
-1.43422015,0.00006104
-1.43390015,0.00006104
-1.43358015,0.00006104
-1.43326015,0.00006104
-1.43294015,0.00006104
-1.43262015,0.00006104
-1.43230015,0.00006104
-1.43198015,0.00006104
-1.43166015,0.00006104
-1.43134015,0.00006104
-1.43102015,0.00006104
-1.43070015,0.00006104
-1.43038015,0.00006104
-1.43006015,0.00006104
-1.42974015,0.00006104
-1.42942015,0.00006104
-1.42910015,0.00006104
-1.42878015,0.00006104
-1.42846015,0.00006104
-1.42814015,0.00006104
-1.42782015,0.00006104
-1.42750015,0.00006104
-1.42718015,0.00006104
-1.42686015,0.00006104
-1.42654015,0.00006104
-1.42622015,0.00006104
-1.42590015,0.00006104
-1.42558015,0.00006104
-1.42526015,0.00006104
-1.42494015,0.00006104
-1.42462015,0.00006104
-1.42430015,0.00006104
-1.42398015,0.00006104
-1.42366015,0.00006104
-1.42334015,0.00006104
-1.42302015,0.00006104
-1.42270015,0.00006104
-1.42238015,0.00006104
-1.42206015,0.00006104
-1.42174015,0.00006104
-1.42142015,0.00006104
-1.42110015,0.00006104
-1.42078015,-0.01770074
-1.42046015,-0.01770074
-1.42014015,0.00006104
-1.41982015,0.00006104
-1.41950015,0.00006104
-1.41918015,0.00006104
-1.41886015,0.00006104
-1.41854015,0.00006104
-1.41822015,0.00006104
-1.41790015,0.00006104
-1.41758015,0.00006104
-1.41726015,0.00006104
-1.41694015,0.00006104
-1.41662015,0.00006104
-1.41630015,0.00006104
-1.41598015,0.00006104
-1.41566015,0.00006104
-1.41534015,0.00006104
-1.41502015,0.00006104
-1.41470015,0.00006104
-1.41438015,0.00006104
-1.41406015,0.00006104
-1.41374015,0.00006104
-1.41342015,0.00006104
-1.41310015,0.00006104
-1.41278015,0.00006104
-1.41246015,0.00006104
-1.41214015,0.00006104
-1.41182015,0.00006104
-1.41150015,0.00006104
-1.41118015,0.00006104
-1.41086015,0.00006104
-1.41054015,0.00006104
-1.41022015,0.00006104
-1.40990015,0.00006104
-1.40958015,0.00006104
-1.40926015,0.00006104
-1.40894015,0.00006104
-1.40862015,0.00006104
-1.40830015,0.00006104
-1.40798015,0.00006104
-1.40766015,0.00006104
-1.40734015,0.00006104
-1.40702015,0.00006104
-1.40670015,0.00006104
-1.40638015,0.00006104
-1.40606015,0.00006104
-1.40574015,0.00006104
-1.40542015,0.00006104
-1.40510015,0.00006104
-1.40478015,0.00006104
-1.40446015,0.00006104
-1.40414015,-0.01770074
-1.40382015,0.00006104
-1.40350015,0.00006104
-1.40318015,0.00006104
-1.40286015,0.00006104
-1.40254015,0.00006104
-1.40222015,0.00006104
-1.40190015,0.00006104
-1.40158015,0.00006104
-1.40126015,0.00006104
-1.40094015,0.00006104
-1.40062015,0.00006104
-1.40030015,0.00006104
-1.39998015,0.00006104
-1.39966015,0.00006104
-1.39934015,0.00006104
-1.39902015,0.00006104
-1.39870015,0.00006104
-1.39838015,0.00006104
-1.39806015,0.00006104
-1.39774015,0.00006104
-1.39742015,0.00006104
-1.39710015,0.00006104
-1.39678015,0.00006104
-1.39646015,0.00006104
-1.39614015,0.00006104
-1.39582015,0.00006104
-1.39550015,0.00006104
-1.39518015,0.00006104
-1.39486015,0.00006104
-1.39454015,0.00006104
-1.39422015,0.00006104
-1.39390015,0.00006104
-1.39358015,0.00006104
-1.39326015,0.00006104
-1.39294015,0.00006104
-1.39262015,0.00006104
-1.39230015,0.00006104
-1.39198015,0.00006104
-1.39166015,0.00006104
-1.39134015,0.00006104
-1.39102015,0.00006104
-1.39070015,0.00006104
-1.39038015,0.00006104
-1.39006015,0.00006104
-1.38974015,-0.01770074
-1.38942015,0.00006104
-1.38910015,0.00006104
-1.38878015,0.00006104
-1.38846015,0.00006104
-1.38814015,0.00006104
-1.38782015,0.00006104
-1.38750015,0.00006104
-1.38718015,0.00006104
-1.38686015,0.00006104
-1.38654015,0.00006104
-1.38622015,0.00006104
-1.38590015,0.00006104
-1.38558015,0.00006104
-1.38526015,0.00006104
-1.38494015,0.00006104
-1.38462015,0.00006104
-1.38430015,0.00006104
-1.38398015,0.00006104
-1.38366015,0.00006104
-1.38334015,0.00006104
-1.38302015,0.00006104
-1.38270015,0.00006104
-1.38238015,0.00006104
-1.38206015,0.00006104
-1.38174015,0.00006104
-1.38142015,0.00006104
-1.38110015,0.00006104
-1.38078015,-0.01770074
-1.38046015,0.00006104
-1.38014015,0.00006104
-1.37982015,0.00006104
-1.37950015,0.00006104
-1.37918015,0.00006104
-1.37886015,0.00006104
-1.37854015,0.00006104
-1.37822015,0.00006104
-1.37790015,0.00006104
-1.37758015,0.00006104
-1.37726015,0.00006104
-1.37694015,0.00006104
-1.37662015,0.00006104
-1.37630015,0.00006104
-1.37598015,0.00006104
-1.37566015,0.00006104
-1.37534015,0.00006104
-1.37502015,0.00006104
-1.37470015,0.00006104
-1.37438015,0.00006104
-1.37406015,0.00006104
-1.37374015,0.00006104
-1.37342015,0.00006104
-1.37310015,0.00006104
-1.37278015,0.00006104
-1.37246015,0.00006104
-1.37214015,0.00006104
-1.37182015,0.00006104
-1.37150015,0.00006104
-1.37118015,0.00006104
-1.37086015,0.00006104
-1.37054015,0.00006104
-1.37022015,0.00006104
-1.36990015,0.00006104
-1.36958015,0.00006104
-1.36926015,0.00006104
-1.36894015,0.00006104
-1.36862015,-0.01770074
-1.36830015,0.00006104
-1.36798015,0.00006104
-1.36766015,0.00006104
-1.36734015,0.00006104
-1.36702015,0.00006104
-1.36670015,0.00006104
-1.36638015,0.00006104
-1.36606015,0.00006104
-1.36574015,0.00006104
-1.36542015,0.00006104
-1.36510015,0.00006104
-1.36478015,0.00006104
-1.36446015,0.00006104
-1.36414015,0.00006104
-1.36382015,0.00006104
-1.36350015,-0.01770074
-1.36318015,0.00006104
-1.36286015,0.00006104
-1.36254015,0.00006104
-1.36222015,0.00006104
-1.36190015,0.00006104
-1.36158015,0.00006104
-1.36126015,0.00006104
-1.36094015,0.00006104
-1.36062015,0.00006104
-1.36030015,0.00006104
-1.35998015,0.00006104
-1.35966015,0.00006104
-1.35934015,0.00006104
-1.35902015,0.00006104
-1.35870015,-0.01770074
-1.35838015,0.00006104
-1.35806015,0.00006104
-1.35774015,0.00006104
-1.35742015,0.00006104
-1.35710015,0.00006104
-1.35678015,0.00006104
-1.35646015,0.00006104
-1.35614015,-0.01770074
-1.35582015,0.00006104
-1.35550015,0.00006104
-1.35518015,0.00006104
-1.35486015,0.00006104
-1.35454015,0.00006104
-1.35422015,0.00006104
-1.35390015,0.00006104
-1.35358015,0.00006104
-1.35326015,0.00006104
-1.35294015,0.00006104
-1.35262015,0.00006104
-1.35230015,0.00006104
-1.35198015,-0.01770074
-1.35166015,0.00006104
-1.35134015,0.00006104
-1.35102015,0.00006104
-1.35070015,0.00006104
-1.35038015,0.00006104
-1.35006015,0.00006104
-1.34974015,0.00006104
-1.34942015,0.00006104
-1.34910015,0.00006104
-1.34878015,0.00006104
-1.34846015,0.00006104
-1.34814015,0.00006104
-1.34782015,0.00006104
-1.34750015,0.00006104
-1.34718015,0.00006104
-1.34686015,0.00006104
-1.34654015,0.00006104
-1.34622015,0.00006104
-1.34590015,0.00006104
-1.34558015,0.00006104
-1.34526015,0.00006104
-1.34494015,0.00006104
-1.34462015,0.00006104
-1.34430015,0.00006104
-1.34398015,0.00006104
-1.34366015,0.00006104
-1.34334015,0.00006104
-1.34302015,0.00006104
-1.34270015,0.00006104
-1.34238015,0.00006104
-1.34206015,0.00006104
-1.34174015,0.00006104
-1.34142015,0.00006104
-1.34110015,0.00006104
-1.34078015,0.00006104
-1.34046015,0.00006104
-1.34014015,0.00006104
-1.33982015,0.00006104
-1.33950015,0.00006104
-1.33918015,0.00006104
-1.33886015,0.00006104
-1.33854015,0.00006104
-1.33822015,0.00006104
-1.33790015,0.00006104
-1.33758015,0.00006104
-1.33726015,0.00006104
-1.33694015,0.00006104
-1.33662015,0.00006104
-1.33630015,0.00006104
-1.33598015,0.00006104
-1.33566015,0.00006104
-1.33534015,0.00006104
-1.33502015,0.00006104
-1.33470015,0.00006104
-1.33438015,0.00006104
-1.33406015,0.00006104
-1.33374015,0.00006104
-1.33342015,0.00006104
-1.33310015,0.00006104
-1.33278015,0.00006104
-1.33246015,0.00006104
-1.33214015,0.00006104
-1.33182015,0.00006104
-1.33150015,0.00006104
-1.33118015,0.00006104
-1.33086015,0.00006104
-1.33054015,-0.01770074
-1.33022015,0.00006104
-1.32990015,0.00006104
-1.32958015,0.00006104
-1.32926015,-0.01770074
-1.32894015,0.00006104
-1.32862015,0.00006104
-1.32830015,0.00006104
-1.32798015,0.00006104
-1.32766015,0.00006104
-1.32734015,0.00006104
-1.32702015,-0.01770074
-1.32670015,0.00006104
-1.32638015,0.00006104
-1.32606015,0.00006104
-1.32574015,0.00006104
-1.32542015,0.00006104
-1.32510015,0.00006104
-1.32478015,0.00006104
-1.32446015,0.00006104
-1.32414015,0.00006104
-1.32382015,0.00006104
-1.32350015,0.00006104
-1.32318015,0.00006104
-1.32286015,0.00006104
-1.32254015,0.00006104
-1.32222015,0.00006104
-1.32190015,0.00006104
-1.32158015,0.00006104
-1.32126015,0.00006104
-1.32094015,0.00006104
-1.32062015,0.00006104
-1.32030015,0.00006104
-1.31998015,0.00006104
-1.31966015,0.00006104
-1.31934015,-0.01770074
-1.31902015,0.00006104
-1.31870015,0.00006104
-1.31838015,0.00006104
-1.31806015,0.00006104
-1.31774015,0.00006104
-1.31742015,0.00006104
-1.31710015,0.00006104
-1.31678015,0.00006104
-1.31646015,0.00006104
-1.31614015,0.00006104
-1.31582015,0.00006104
-1.31550015,0.00006104
-1.31518015,0.00006104
-1.31486015,-0.01770074
-1.31454015,0.00006104
-1.31422015,0.00006104
-1.31390015,0.00006104
-1.31358015,0.00006104
-1.31326015,0.00006104
-1.31294015,0.00006104
-1.31262015,-0.01770074
-1.31230015,0.00006104
-1.31198015,-0.01770074
-1.31166015,0.00006104
-1.31134015,0.00006104
-1.31102015,0.00006104
-1.31070015,0.00006104
-1.31038015,0.00006104
-1.31006015,0.00006104
-1.30974015,0.00006104
-1.30942015,0.00006104
-1.30910015,0.00006104
-1.30878015,0.00006104
-1.30846015,0.00006104
-1.30814015,0.00006104
-1.30782015,0.00006104
-1.30750015,0.00006104
-1.30718015,0.00006104
-1.30686015,0.00006104
-1.30654015,0.00006104
-1.30622015,0.00006104
-1.30590015,0.00006104
-1.30558015,0.00006104
-1.30526015,0.00006104
-1.30494015,0.00006104
-1.30462015,0.00006104
-1.30430015,0.00006104
-1.30398015,0.00006104
-1.30366015,0.00006104
-1.30334015,0.00006104
-1.30302015,0.00006104
-1.30270015,0.00006104
-1.30238015,0.00006104
-1.30206015,0.00006104
-1.30174015,0.00006104
-1.30142015,0.00006104
-1.30110015,0.00006104
-1.30078015,0.00006104
-1.30046015,0.00006104
-1.30014015,0.00006104
-1.29982015,-0.01770074
-1.29950015,0.00006104
-1.29918015,0.00006104
-1.29886015,-0.01770074
-1.29854015,0.00006104
-1.29822015,0.00006104
-1.29790015,0.00006104
-1.29758015,0.00006104
-1.29726015,0.00006104
-1.29694015,0.00006104
-1.29662015,0.00006104
-1.29630015,0.00006104
-1.29598015,0.00006104
-1.29566015,0.00006104
-1.29534015,0.00006104
-1.29502015,0.00006104
-1.29470015,0.00006104
-1.29438015,0.00006104
-1.29406015,0.00006104
-1.29374015,0.00006104
-1.29342015,0.00006104
-1.29310015,0.00006104
-1.29278015,0.00006104
-1.29246015,0.00006104
-1.29214015,0.00006104
-1.29182015,-0.01770074
-1.29150015,0.00006104
-1.29118015,0.00006104
-1.29086015,0.00006104
-1.29054015,0.00006104
-1.29022015,0.00006104
-1.28990015,0.00006104
-1.28958015,0.00006104
-1.28926015,0.00006104
-1.28894015,0.00006104
-1.28862015,0.00006104
-1.28830015,0.00006104
-1.28798015,0.00006104
-1.28766015,0.00006104
-1.28734015,-0.01770074
-1.28702015,0.00006104
-1.28670015,0.00006104
-1.28638015,0.00006104
-1.28606015,0.00006104
-1.28574015,0.00006104
-1.28542015,0.00006104
-1.28510015,-0.01770074
-1.28478015,0.00006104
-1.28446015,0.00006104
-1.28414015,-0.01770074
-1.28382015,-0.01770074
-1.28350015,0.00006104
-1.28318015,0.00006104
-1.28286015,0.00006104
-1.28254015,0.00006104
-1.28222015,0.00006104
-1.28190015,0.00006104
-1.28158015,0.00006104
-1.28126015,0.00006104
-1.28094015,0.00006104
-1.28062015,0.00006104
-1.28030015,0.00006104
-1.27998015,0.00006104
-1.27966015,-0.01770074
-1.27934015,0.00006104
-1.27902015,0.00006104
-1.27870015,0.00006104
-1.27838015,0.00006104
-1.27806015,0.00006104
-1.27774015,0.00006104
-1.27742015,0.00006104
-1.27710015,0.00006104
-1.27678015,0.00006104
-1.27646015,0.00006104
-1.27614015,0.00006104
-1.27582015,0.00006104
-1.27550015,0.00006104
-1.27518015,0.00006104
-1.27486015,0.00006104
-1.27454015,0.00006104
-1.27422015,0.00006104
-1.27390015,0.00006104
-1.27358015,0.00006104
-1.27326015,0.00006104
-1.27294015,0.00006104
-1.27262015,0.00006104
-1.27230015,0.00006104
-1.27198015,0.00006104
-1.27166015,0.00006104
-1.27134015,-0.01770074
-1.27102015,0.00006104
-1.27070015,0.00006104
-1.27038015,0.00006104
-1.27006015,0.00006104
-1.26974015,0.00006104
-1.26942015,0.00006104
-1.26910015,0.00006104
-1.26878015,0.00006104
-1.26846015,0.00006104
-1.26814015,0.00006104
-1.26782015,0.00006104
-1.26750015,0.00006104
-1.26718015,0.00006104
-1.26686015,0.00006104
-1.26654015,0.00006104
-1.26622015,0.00006104
-1.26590015,0.00006104
-1.26558015,0.00006104
-1.26526015,0.00006104
-1.26494015,0.00006104
-1.26462015,0.00006104
-1.26430015,0.00006104
-1.26398015,0.00006104
-1.26366015,0.00006104
-1.26334015,0.00006104
-1.26302015,0.00006104
-1.26270015,0.00006104
-1.26238015,0.00006104
-1.26206015,0.00006104
-1.26174015,-0.01770074
-1.26142015,0.00006104
-1.26110015,0.00006104
-1.26078015,0.00006104
-1.26046015,0.00006104
-1.26014015,0.00006104
-1.25982015,0.00006104
-1.25950015,0.00006104
-1.25918015,0.00006104
-1.25886015,0.00006104
-1.25854015,0.00006104
-1.25822015,0.00006104
-1.25790015,0.00006104
-1.25758015,0.00006104
-1.25726015,0.00006104
-1.25694015,0.00006104
-1.25662015,0.00006104
-1.25630015,0.00006104
-1.25598015,0.00006104
-1.25566015,-0.01770074
-1.25534015,0.00006104
-1.25502015,0.00006104
-1.25470015,0.00006104
-1.25438015,0.00006104
-1.25406015,0.00006104
-1.25374015,0.00006104
-1.25342015,0.00006104
-1.25310015,0.00006104
-1.25278015,0.00006104
-1.25246015,0.00006104
-1.25214015,0.00006104
-1.25182015,0.00006104
-1.25150015,0.00006104
-1.25118015,0.00006104
-1.25086015,-0.01770074
-1.25054015,0.00006104
-1.25022015,0.00006104
-1.24990015,0.00006104
-1.24958015,0.00006104
-1.24926015,0.00006104
-1.24894015,0.00006104
-1.24862015,0.00006104
-1.24830015,0.00006104
-1.24798015,0.00006104
-1.24766015,0.00006104
-1.24734015,0.00006104
-1.24702015,0.00006104
-1.24670015,0.00006104
-1.24638015,0.00006104
-1.24606015,0.00006104
-1.24574015,0.00006104
-1.24542015,0.00006104
-1.24510015,0.00006104
-1.24478015,0.00006104
-1.24446015,-0.01770074
-1.24414015,0.00006104
-1.24382015,0.00006104
-1.24350015,0.00006104
-1.24318015,0.00006104
-1.24286015,0.00006104
-1.24254015,0.00006104
-1.24222015,0.00006104
-1.24190015,0.00006104
-1.24158015,0.00006104
-1.24126015,0.00006104
-1.24094015,0.00006104
-1.24062015,-0.01770074
-1.24030015,0.00006104
-1.23998015,0.00006104
-1.23966015,0.00006104
-1.23934015,0.00006104
-1.23902015,0.00006104
-1.23870015,0.00006104
-1.23838015,0.00006104
-1.23806015,0.00006104
-1.23774015,0.00006104
-1.23742015,0.00006104
-1.23710015,0.00006104
-1.23678015,0.00006104
-1.23646015,0.00006104
-1.23614015,0.00006104
-1.23582015,0.00006104
-1.23550015,0.00006104
-1.23518015,0.00006104
-1.23486015,0.00006104
-1.23454015,0.00006104
-1.23422015,0.00006104
-1.23390015,0.00006104
-1.23358015,0.00006104
-1.23326015,0.00006104
-1.23294015,0.00006104
-1.23262015,0.00006104
-1.23230015,0.00006104
-1.23198015,0.00006104
-1.23166015,0.00006104
-1.23134015,0.00006104
-1.23102015,0.00006104
-1.23070015,0.00006104
-1.23038015,0.00006104
-1.23006015,0.00006104
-1.22974015,0.00006104
-1.22942015,0.00006104
-1.22910015,0.00006104
-1.22878015,0.00006104
-1.22846015,0.00006104
-1.22814015,0.00006104
-1.22782015,0.00006104
-1.22750015,0.00006104
-1.22718015,0.00006104
-1.22686015,0.00006104
-1.22654015,0.00006104
-1.22622015,0.00006104
-1.22590015,0.00006104
-1.22558015,0.00006104
-1.22526015,-0.01770074
-1.22494015,-0.01770074
-1.22462015,0.00006104
-1.22430015,0.00006104
-1.22398015,-0.01770074
-1.22366015,0.00006104
-1.22334015,0.00006104
-1.22302015,0.00006104
-1.22270015,0.00006104
-1.22238015,0.00006104
-1.22206015,0.00006104
-1.22174015,0.00006104
-1.22142015,0.00006104
-1.22110015,0.00006104
-1.22078015,0.00006104
-1.22046015,0.00006104
-1.22014015,0.00006104
-1.21982015,0.00006104
-1.21950015,0.00006104
-1.21918015,0.00006104
-1.21886015,0.00006104
-1.21854015,0.00006104
-1.21822015,0.00006104
-1.21790015,0.00006104
-1.21758015,0.00006104
-1.21726015,0.00006104
-1.21694015,0.00006104
-1.21662015,0.00006104
-1.21630015,-0.01770074
-1.21598015,0.00006104
-1.21566015,0.00006104
-1.21534015,0.00006104
-1.21502015,0.00006104
-1.21470015,0.00006104
-1.21438015,0.00006104
-1.21406015,-0.01770074
-1.21374015,0.00006104
-1.21342015,0.00006104
-1.21310015,0.00006104
-1.21278015,0.00006104
-1.21246015,0.00006104
-1.21214015,0.00006104
-1.21182015,0.00006104
-1.21150015,0.00006104
-1.21118015,0.00006104
-1.21086015,0.00006104
-1.21054015,0.00006104
-1.21022015,0.00006104
-1.20990015,0.00006104
-1.20958015,0.00006104
-1.20926015,0.00006104
-1.20894015,0.00006104
-1.20862015,0.00006104
-1.20830015,0.00006104
-1.20798015,0.00006104
-1.20766015,0.00006104
-1.20734015,0.00006104
-1.20702015,0.00006104
-1.20670015,0.00006104
-1.20638015,0.00006104
-1.20606015,0.00006104
-1.20574015,0.00006104
-1.20542015,0.00006104
-1.20510015,0.00006104
-1.20478015,0.00006104
-1.20446015,-0.01770074
-1.20414015,0.00006104
-1.20382015,0.00006104
-1.20350015,0.00006104
-1.20318015,0.00006104
-1.20286015,0.00006104
-1.20254015,0.00006104
-1.20222015,0.00006104
-1.20190015,0.00006104
-1.20158015,0.00006104
-1.20126015,0.00006104
-1.20094015,0.00006104
-1.20062015,0.00006104
-1.20030015,0.00006104
-1.19998015,0.00006104
-1.19966015,0.00006104
-1.19934015,0.00006104
-1.19902015,0.00006104
-1.19870015,0.00006104
-1.19838015,0.00006104
-1.19806015,0.00006104
-1.19774015,0.00006104
-1.19742015,0.00006104
-1.19710015,0.00006104
-1.19678015,0.00006104
-1.19646015,0.00006104
-1.19614015,0.00006104
-1.19582015,0.00006104
-1.19550015,0.00006104
-1.19518015,0.00006104
-1.19486015,0.00006104
-1.19454015,0.00006104
-1.19422015,0.00006104
-1.19390015,0.00006104
-1.19358015,0.00006104
-1.19326015,0.00006104
-1.19294015,0.00006104
-1.19262015,0.00006104
-1.19230015,0.00006104
-1.19198015,0.00006104
-1.19166015,0.00006104
-1.19134015,0.00006104
-1.19102015,0.00006104
-1.19070015,0.00006104
-1.19038015,0.00006104
-1.19006015,0.00006104
-1.18974015,0.00006104
-1.18942015,0.00006104
-1.18910015,0.00006104
-1.18878015,0.00006104
-1.18846015,0.00006104
-1.18814015,0.00006104
-1.18782015,0.00006104
-1.18750015,0.00006104
-1.18718015,0.00006104
-1.18686015,0.00006104
-1.18654015,-0.01770074
-1.18622015,0.00006104
-1.18590015,0.00006104
-1.18558015,0.00006104
-1.18526015,0.00006104
-1.18494015,0.00006104
-1.18462015,0.00006104
-1.18430015,0.00006104
-1.18398015,0.00006104
-1.18366015,0.00006104
-1.18334015,0.00006104
-1.18302015,0.00006104
-1.18270015,0.00006104
-1.18238015,0.00006104
-1.18206015,0.00006104
-1.18174015,0.00006104
-1.18142015,0.00006104
-1.18110015,0.00006104
-1.18078015,0.00006104
-1.18046015,0.00006104
-1.18014015,0.00006104
-1.17982015,0.00006104
-1.17950015,0.00006104
-1.17918015,0.00006104
-1.17886015,0.00006104
-1.17854015,0.00006104
-1.17822015,0.00006104
-1.17790015,0.00006104
-1.17758015,0.00006104
-1.17726015,0.00006104
-1.17694015,0.00006104
-1.17662015,0.00006104
-1.17630015,0.00006104
-1.17598015,0.00006104
-1.17566015,0.00006104
-1.17534015,0.00006104
-1.17502015,0.00006104
-1.17470015,0.00006104
-1.17438015,0.00006104
-1.17406015,0.00006104
-1.17374015,0.00006104
-1.17342015,0.00006104
-1.17310015,0.00006104
-1.17278015,0.00006104
-1.17246015,0.00006104
-1.17214015,0.00006104
-1.17182015,0.00006104
-1.17150015,0.00006104
-1.17118015,0.00006104
-1.17086015,0.00006104
-1.17054015,0.00006104
-1.17022015,0.00006104
-1.16990015,0.00006104
-1.16958015,0.00006104
-1.16926015,0.00006104
-1.16894015,0.00006104
-1.16862015,0.00006104
-1.16830015,0.00006104
-1.16798015,0.00006104
-1.16766015,0.00006104
-1.16734015,0.00006104
-1.16702015,0.00006104
-1.16670015,0.00006104
-1.16638015,0.00006104
-1.16606015,0.00006104
-1.16574015,0.00006104
-1.16542015,0.00006104
-1.16510015,0.00006104
-1.16478015,0.00006104
-1.16446015,0.00006104
-1.16414015,0.00006104
-1.16382015,-0.01770074
-1.16350015,0.00006104
-1.16318015,0.00006104
-1.16286015,0.00006104
-1.16254015,0.00006104
-1.16222015,0.00006104
-1.16190015,0.00006104
-1.16158015,0.00006104
-1.16126015,0.00006104
-1.16094015,0.00006104
-1.16062015,0.00006104
-1.16030015,0.00006104
-1.15998015,0.00006104
-1.15966015,0.00006104
-1.15934015,0.00006104
-1.15902015,0.00006104
-1.15870015,0.00006104
-1.15838015,0.00006104
-1.15806015,0.00006104
-1.15774015,0.00006104
-1.15742015,0.00006104
-1.15710015,0.00006104
-1.15678015,0.00006104
-1.15646015,0.00006104
-1.15614015,0.00006104
-1.15582015,0.00006104
-1.15550015,0.00006104
-1.15518015,0.00006104
-1.15486015,0.00006104
-1.15454015,0.00006104
-1.15422015,0.00006104
-1.15390015,0.00006104
-1.15358015,0.00006104
-1.15326015,0.00006104
-1.15294015,0.00006104
-1.15262015,0.00006104
-1.15230015,0.00006104
-1.15198015,0.00006104
-1.15166015,0.00006104
-1.15134015,0.00006104
-1.15102015,0.00006104
-1.15070015,0.00006104
-1.15038015,0.00006104
-1.15006015,0.00006104
-1.14974015,0.00006104
-1.14942015,0.00006104
-1.14910015,0.00006104
-1.14878015,0.00006104
-1.14846015,0.00006104
-1.14814015,0.00006104
-1.14782015,0.00006104
-1.14750015,0.00006104
-1.14718015,0.00006104
-1.14686015,0.00006104
-1.14654015,0.00006104
-1.14622015,0.00006104
-1.14590015,0.00006104
-1.14558015,0.00006104
-1.14526015,-0.01770074
-1.14494015,0.00006104
-1.14462015,0.00006104
-1.14430015,0.00006104
-1.14398015,0.00006104
-1.14366015,0.00006104
-1.14334015,0.00006104
-1.14302015,0.00006104
-1.14270015,0.00006104
-1.14238015,0.00006104
-1.14206015,0.00006104
-1.14174015,-0.01770074
-1.14142015,0.00006104
-1.14110015,0.00006104
-1.14078015,0.00006104
-1.14046015,0.00006104
-1.14014015,0.00006104
-1.13982015,0.00006104
-1.13950015,0.00006104
-1.13918015,0.00006104
-1.13886015,0.00006104
-1.13854015,0.00006104
-1.13822015,0.00006104
-1.13790015,0.00006104
-1.13758015,0.00006104
-1.13726015,0.00006104
-1.13694015,0.00006104
-1.13662015,0.00006104
-1.13630015,0.00006104
-1.13598015,0.00006104
-1.13566015,0.00006104
-1.13534015,0.00006104
-1.13502015,0.00006104
-1.13470015,0.00006104
-1.13438015,0.00006104
-1.13406015,0.00006104
-1.13374015,0.00006104
-1.13342015,0.00006104
-1.13310015,0.00006104
-1.13278015,0.00006104
-1.13246015,0.00006104
-1.13214015,0.00006104
-1.13182015,0.00006104
-1.13150015,0.00006104
-1.13118015,0.00006104
-1.13086015,0.00006104
-1.13054015,0.00006104
-1.13022015,-0.01770074
-1.12990015,0.00006104
-1.12958015,0.00006104
-1.12926015,0.00006104
-1.12894015,0.00006104
-1.12862015,0.00006104
-1.12830015,0.00006104
-1.12798015,0.00006104
-1.12766015,0.00006104
-1.12734015,0.00006104
-1.12702015,0.00006104
-1.12670015,0.00006104
-1.12638015,0.00006104
-1.12606015,-0.01770074
-1.12574015,-0.01770074
-1.12542015,0.00006104
-1.12510015,0.00006104
-1.12478015,-0.01770074
-1.12446015,-0.01770074
-1.12414015,0.00006104
-1.12382015,0.00006104
-1.12350015,0.00006104
-1.12318015,0.00006104
-1.12286015,-0.01770074
-1.12254015,0.00006104
-1.12222015,0.00006104
-1.12190015,0.00006104
-1.12158015,0.00006104
-1.12126015,0.00006104
-1.12094015,0.00006104
-1.12062015,0.00006104
-1.12030015,-0.01770074
-1.11998015,0.00006104
-1.11966015,0.00006104
-1.11934015,-0.01770074
-1.11902015,0.00006104
-1.11870015,0.00006104
-1.11838015,0.00006104
-1.11806015,0.00006104
-1.11774015,0.00006104
-1.11742015,0.00006104
-1.11710015,0.00006104
-1.11678015,0.00006104
-1.11646015,0.00006104
-1.11614015,0.00006104
-1.11582015,0.00006104
-1.11550015,0.00006104
-1.11518015,0.00006104
-1.11486015,0.00006104
-1.11454015,0.00006104
-1.11422015,0.00006104
-1.11390015,0.00006104
-1.11358015,0.00006104
-1.11326015,0.00006104
-1.11294015,0.00006104
-1.11262015,-0.01770074
-1.11230015,0.00006104
-1.11198015,0.00006104
-1.11166015,0.00006104
-1.11134015,0.00006104
-1.11102015,0.00006104
-1.11070015,0.00006104
-1.11038015,0.00006104
-1.11006015,0.00006104
-1.10974015,0.00006104
-1.10942015,0.00006104
-1.10910015,0.00006104
-1.10878015,0.00006104
-1.10846015,0.00006104
-1.10814015,0.00006104
-1.10782015,0.00006104
-1.10750015,0.00006104
-1.10718015,0.00006104
-1.10686015,0.00006104
-1.10654015,0.00006104
-1.10622015,0.00006104
-1.10590015,0.00006104
-1.10558015,0.00006104
-1.10526015,0.00006104
-1.10494015,-0.01770074
-1.10462015,0.00006104
-1.10430015,0.00006104
-1.10398015,0.00006104
-1.10366015,0.00006104
-1.10334015,0.00006104
-1.10302015,0.00006104
-1.10270015,0.00006104
-1.10238015,0.00006104
-1.10206015,0.00006104
-1.10174015,0.00006104
-1.10142015,0.00006104
-1.10110015,0.00006104
-1.10078015,0.00006104
-1.10046015,0.00006104
-1.10014015,0.00006104
-1.09982015,0.00006104
-1.09950015,0.00006104
-1.09918015,0.00006104
-1.09886015,0.00006104
-1.09854015,0.00006104
-1.09822015,0.00006104
-1.09790015,0.00006104
-1.09758015,0.00006104
-1.09726015,0.00006104
-1.09694015,-0.01770074
-1.09662015,0.00006104
-1.09630015,0.00006104
-1.09598015,0.00006104
-1.09566015,0.00006104
-1.09534015,0.00006104
-1.09502015,0.00006104
-1.09470015,0.00006104
-1.09438015,0.00006104
-1.09406015,0.00006104
-1.09374015,0.00006104
-1.09342015,0.00006104
-1.09310015,0.00006104
-1.09278015,0.00006104
-1.09246015,0.00006104
-1.09214015,-0.01770074
-1.09182015,0.00006104
-1.09150015,0.00006104
-1.09118015,0.00006104
-1.09086015,0.00006104
-1.09054015,0.00006104
-1.09022015,0.00006104
-1.08990015,0.00006104
-1.08958015,0.00006104
-1.08926015,0.00006104
-1.08894015,0.00006104
-1.08862015,0.00006104
-1.08830015,0.00006104
-1.08798015,0.00006104
-1.08766015,0.00006104
-1.08734015,0.00006104
-1.08702015,0.00006104
-1.08670015,0.00006104
-1.08638015,0.00006104
-1.08606015,0.00006104
-1.08574015,0.00006104
-1.08542015,0.00006104
-1.08510015,0.00006104
-1.08478015,0.00006104
-1.08446015,0.00006104
-1.08414015,0.00006104
-1.08382015,0.00006104
-1.08350015,0.00006104
-1.08318015,0.00006104
-1.08286015,0.00006104
-1.08254015,0.00006104
-1.08222015,0.00006104
-1.08190015,0.00006104
-1.08158015,-0.01770074
-1.08126015,0.00006104
-1.08094015,0.00006104
-1.08062015,0.00006104
-1.08030015,0.00006104
-1.07998015,0.00006104
-1.07966015,0.00006104
-1.07934015,0.00006104
-1.07902015,0.00006104
-1.07870015,0.00006104
-1.07838015,0.00006104
-1.07806015,0.00006104
-1.07774015,0.00006104
-1.07742015,0.00006104
-1.07710015,0.00006104
-1.07678015,-0.01770074
-1.07646015,0.00006104
-1.07614015,0.00006104
-1.07582015,0.00006104
-1.07550015,-0.01770074
-1.07518015,0.00006104
-1.07486015,0.00006104
-1.07454015,0.00006104
-1.07422015,0.00006104
-1.07390015,0.00006104
-1.07358015,0.00006104
-1.07326015,0.00006104
-1.07294015,0.00006104
-1.07262015,0.00006104
-1.07230015,0.00006104
-1.07198015,0.01788385
-1.07166015,0.00006104
-1.07134015,0.00006104
-1.07102015,0.00006104
-1.07070015,0.00006104
-1.07038015,0.00006104
-1.07006015,0.00006104
-1.06974015,0.00006104
-1.06942015,0.00006104
-1.06910015,0.00006104
-1.06878015,0.00006104
-1.06846015,0.00006104
-1.06814015,0.00006104
-1.06782015,0.00006104
-1.06750015,0.00006104
-1.06718015,0.00006104
-1.06686015,0.00006104
-1.06654015,0.00006104
-1.06622015,0.00006104
-1.06590015,0.00006104
-1.06558015,0.00006104
-1.06526015,0.00006104
-1.06494015,0.00006104
-1.06462015,0.00006104
-1.06430015,0.00006104
-1.06398015,0.00006104
-1.06366015,0.00006104
-1.06334015,0.00006104
-1.06302015,0.00006104
-1.06270015,0.00006104
-1.06238015,-0.01770074
-1.06206015,0.00006104
-1.06174015,0.00006104
-1.06142015,0.00006104
-1.06110015,0.00006104
-1.06078015,0.00006104
-1.06046015,0.00006104
-1.06014015,0.00006104
-1.05982015,0.00006104
-1.05950015,0.00006104
-1.05918015,0.00006104
-1.05886015,0.00006104
-1.05854015,0.00006104
-1.05822015,0.00006104
-1.05790015,0.00006104
-1.05758015,0.00006104
-1.05726015,0.00006104
-1.05694015,0.00006104
-1.05662015,0.00006104
-1.05630015,0.00006104
-1.05598015,0.00006104
-1.05566015,0.00006104
-1.05534015,0.00006104
-1.05502015,0.00006104
-1.05470015,0.00006104
-1.05438015,0.00006104
-1.05406015,0.00006104
-1.05374015,0.00006104
-1.05342015,0.00006104
-1.05310015,0.00006104
-1.05278015,0.00006104
-1.05246015,0.00006104
-1.05214015,0.00006104
-1.05182015,0.00006104
-1.05150015,0.00006104
-1.05118015,0.00006104
-1.05086015,0.00006104
-1.05054015,0.00006104
-1.05022015,0.00006104
-1.04990015,0.00006104
-1.04958015,0.00006104
-1.04926015,0.00006104
-1.04894015,0.00006104
-1.04862015,0.00006104
-1.04830015,0.00006104
-1.04798015,0.00006104
-1.04766015,0.00006104
-1.04734015,0.00006104
-1.04702015,0.00006104
-1.04670015,0.00006104
-1.04638015,0.00006104
-1.04606015,0.00006104
-1.04574015,0.00006104
-1.04542015,0.00006104
-1.04510015,-0.01770074
-1.04478015,0.00006104
-1.04446015,0.00006104
-1.04414015,0.00006104
-1.04382015,0.00006104
-1.04350015,0.00006104
-1.04318015,0.00006104
-1.04286015,0.00006104
-1.04254015,0.00006104
-1.04222015,0.00006104
-1.04190015,0.00006104
-1.04158015,0.00006104
-1.04126015,0.00006104
-1.04094015,0.00006104
-1.04062015,0.00006104
-1.04030015,0.00006104
-1.03998015,0.00006104
-1.03966015,0.00006104
-1.03934015,0.00006104
-1.03902015,0.00006104
-1.03870015,0.00006104
-1.03838015,-0.01770074
-1.03806015,0.00006104
-1.03774015,0.00006104
-1.03742015,-0.01770074
-1.03710015,0.00006104
-1.03678015,0.00006104
-1.03646015,0.00006104
-1.03614015,0.00006104
-1.03582015,0.00006104
-1.03550015,0.00006104
-1.03518015,0.00006104
-1.03486015,0.00006104
-1.03454015,0.00006104
-1.03422015,0.00006104
-1.03390015,0.00006104
-1.03358015,0.00006104
-1.03326015,0.00006104
-1.03294015,0.00006104
-1.03262015,0.00006104
-1.03230015,0.00006104
-1.03198015,0.00006104
-1.03166015,0.00006104
-1.03134015,0.00006104
-1.03102015,0.00006104
-1.03070015,0.00006104
-1.03038015,0.00006104
-1.03006015,0.00006104
-1.02974015,0.00006104
-1.02942015,0.00006104
-1.02910015,0.00006104
-1.02878015,0.00006104
-1.02846015,0.00006104
-1.02814015,0.00006104
-1.02782015,-0.01770074
-1.02750015,0.00006104
-1.02718015,0.00006104
-1.02686015,0.00006104
-1.02654015,0.00006104
-1.02622015,0.00006104
-1.02590015,0.00006104
-1.02558015,0.00006104
-1.02526015,0.00006104
-1.02494015,-0.01770074
-1.02462015,0.00006104
-1.02430015,0.00006104
-1.02398015,0.00006104
-1.02366015,0.00006104
-1.02334015,0.00006104
-1.02302015,0.00006104
-1.02270015,0.00006104
-1.02238015,0.00006104
-1.02206015,0.00006104
-1.02174015,0.00006104
-1.02142015,0.00006104
-1.02110015,0.00006104
-1.02078015,0.00006104
-1.02046015,0.00006104
-1.02014015,0.00006104
-1.01982015,0.00006104
-1.01950015,0.00006104
-1.01918015,0.00006104
-1.01886015,0.00006104
-1.01854015,0.00006104
-1.01822015,0.00006104
-1.01790015,0.00006104
-1.01758015,0.00006104
-1.01726015,0.00006104
-1.01694015,0.00006104
-1.01662015,0.00006104
-1.01630015,0.00006104
-1.01598015,0.00006104
-1.01566015,0.00006104
-1.01534015,0.00006104
-1.01502015,0.00006104
-1.01470015,0.00006104
-1.01438015,0.00006104
-1.01406015,0.00006104
-1.01374015,0.00006104
-1.01342015,0.00006104
-1.01310015,0.00006104
-1.01278015,0.00006104
-1.01246015,0.00006104
-1.01214015,0.00006104
-1.01182015,0.00006104
-1.01150015,0.00006104
-1.01118015,0.00006104
-1.01086015,0.00006104
-1.01054015,0.00006104
-1.01022015,0.00006104
-1.00990015,0.00006104
-1.00958015,0.00006104
-1.00926015,0.00006104
-1.00894015,0.00006104
-1.00862015,0.00006104
-1.00830015,0.00006104
-1.00798015,0.00006104
-1.00766015,0.00006104
-1.00734015,0.00006104
-1.00702015,0.00006104
-1.00670015,0.00006104
-1.00638015,0.00006104
-1.00606015,0.00006104
-1.00574015,-0.01770074
-1.00542015,0.00006104
-1.00510015,0.00006104
-1.00478015,0.00006104
-1.00446015,0.00006104
-1.00414015,0.00006104
-1.00382015,0.00006104
-1.00350015,0.00006104
-1.00318015,0.00006104
-1.00286015,-0.01770074
-1.00254015,0.00006104
-1.00222015,-0.01770074
-1.00190015,0.00006104
-1.00158015,0.00006104
-1.00126015,0.00006104
-1.00094015,0.00006104
-1.00062015,0.17804499
-1.00030015,-1.60197759
-0.99998015,-0.32032228
-0.99966015,0.19580676
-0.99934015,0.21362957
-0.99902015,0.07129124
-0.99870015,-0.01770074
-0.99838015,-0.03552354
-0.99806015,-0.03552354
-0.99774015,-0.03552354
-0.99742015,-∞
-0.99710015,-0.28473771
-0.99678015,0.48066652
-0.99646015,0.12469863
-0.99614015,-0.05334635
-0.99582015,-0.03552354
-0.99550015,0.03570665
-0.99518015,0.05346843
-0.99486015,0.03570665
-0.99454015,0.03570665
-0.99422015,0.01788385
-0.99390015,0.00006104
-0.99358015,0.00006104
-0.99326015,0.01788385
-0.99294015,0.01788385
-0.99262015,0.01788385
-0.99230015,0.01788385
-0.99198015,0.01788385
-0.99166015,0.00006104
-0.99134015,0.01788385
-0.99102015,0.01788385
-0.99070015,0.01788385
-0.99038015,0.05346843
-0.99006015,0.07129124
-0.98974015,0.07129124
-0.98942015,0.07129124
-0.98910015,0.03570665
-0.98878015,0.07129124
-0.98846015,0.07129124
-0.98814015,0.03570665
-0.98782015,0.07129124
-0.98750015,0.08911405
-0.98718015,0.03570665
-0.98686015,0.01788385
-0.98654015,0.01788385
-0.98622015,0.01788385
-0.98590015,0.01788385
-0.98558015,-0.01770074
-0.98526015,-0.03552354
-0.98494015,-0.03552354
-0.98462015,-0.03552354
-0.98430015,0.01788385
-0.98398015,0.00006104
-0.98366015,0.00006104
-0.98334015,0.03570665
-0.98302015,-0.05334635
-0.98270015,0.00006104
-0.98238015,0.03570665
-0.98206015,-0.03552354
-0.98174015,0.03570665
-0.98142015,0.05346843
-0.98110015,0.00006104
-0.98078015,0.03570665
-0.98046015,0.03570665
-0.98014015,0.01788385
-0.97982015,0.00006104
-0.97950015,0.01788385
-0.97918015,0.00006104
-0.97886015,0.01788385
-0.97854015,0.01788385
-0.97822015,0.03570665
-0.97790015,0.00006104
-0.97758015,0.00006104
-0.97726015,0.01788385
-0.97694015,0.00006104
-0.97662015,0.01788385
-0.97630015,0.00006104
-0.97598015,-0.01770074
-0.97566015,0.00006104
-0.97534015,0.01788385
-0.97502015,0.00006104
-0.97470015,0.00006104
-0.97438015,0.01788385
-0.97406015,0.01788385
-0.97374015,0.01788385
-0.97342015,0.01788385
-0.97310015,0.00006104
-0.97278015,0.01788385
-0.97246015,0.01788385
-0.97214015,0.00006104
-0.97182015,0.00006104
-0.97150015,0.03570665
-0.97118015,0.01788385
-0.97086015,0.00006104
-0.97054015,0.00006104
-0.97022015,-0.01770074
-0.96990015,0.00006104
-0.96958015,0.00006104
-0.96926015,-0.01770074
-0.96894015,0.00006104
-0.96862015,0.00006104
-0.96830015,0.00006104
-0.96798015,0.01788385
-0.96766015,0.00006104
-0.96734015,0.01788385
-0.96702015,0.01788385
-0.96670015,0.00006104
-0.96638015,0.00006104
-0.96606015,0.00006104
-0.96574015,0.01788385
-0.96542015,0.00006104
-0.96510015,0.00006104
-0.96478015,0.00006104
-0.96446015,0.00006104
-0.96414015,0.00006104
-0.96382015,0.00006104
-0.96350015,-0.01770074
-0.96318015,0.00006104
-0.96286015,0.00006104
-0.96254015,0.00006104
-0.96222015,0.00006104
-0.96190015,0.00006104
-0.96158015,0.01788385
-0.96126015,0.00006104
-0.96094015,0.00006104
-0.96062015,0.00006104
-0.96030015,0.01788385
-0.95998015,0.00006104
-0.95966015,0.00006104
-0.95934015,0.00006104
-0.95902015,0.00006104
-0.95870015,0.00006104
-0.95838015,0.00006104
-0.95806015,-0.01770074
-0.95774015,-0.01770074
-0.95742015,0.00006104
-0.95710015,0.00006104
-0.95678015,0.00006104
-0.95646015,0.00006104
-0.95614015,0.00006104
-0.95582015,0.00006104
-0.95550015,0.00006104
-0.95518015,0.00006104
-0.95486015,0.00006104
-0.95454015,0.00006104
-0.95422015,0.00006104
-0.95390015,0.00006104
-0.95358015,0.00006104
-0.95326015,0.00006104
-0.95294015,0.00006104
-0.95262015,0.00006104
-0.95230015,0.00006104
-0.95198015,0.00006104
-0.95166015,0.00006104
-0.95134015,-0.01770074
-0.95102015,0.00006104
-0.95070015,0.00006104
-0.95038015,-0.01770074
-0.95006015,0.00006104
-0.94974015,0.00006104
-0.94942015,-0.01770074
-0.94910015,0.00006104
-0.94878015,0.00006104
-0.94846015,0.00006104
-0.94814015,0.00006104
-0.94782015,0.00006104
-0.94750015,0.00006104
-0.94718015,0.00006104
-0.94686015,0.00006104
-0.94654015,0.00006104
-0.94622015,0.00006104
-0.94590015,0.00006104
-0.94558015,0.00006104
-0.94526015,0.00006104
-0.94494015,0.00006104
-0.94462015,0.00006104
-0.94430015,0.00006104
-0.94398015,0.00006104
-0.94366015,0.00006104
-0.94334015,0.00006104
-0.94302015,0.00006104
-0.94270015,0.00006104
-0.94238015,0.00006104
-0.94206015,0.00006104
-0.94174015,-0.01770074
-0.94142015,0.00006104
-0.94110015,0.00006104
-0.94078015,-0.01770074
-0.94046015,0.00006104
-0.94014015,0.00006104
-0.93982015,0.00006104
-0.93950015,0.00006104
-0.93918015,0.00006104
-0.93886015,0.00006104
-0.93854015,0.00006104
-0.93822015,0.00006104
-0.93790015,0.00006104
-0.93758015,0.00006104
-0.93726015,0.00006104
-0.93694015,0.00006104
-0.93662015,0.00006104
-0.93630015,0.00006104
-0.93598015,0.00006104
-0.93566015,0.00006104
-0.93534015,-0.01770074
-0.93502015,0.00006104
-0.93470015,0.00006104
-0.93438015,0.00006104
-0.93406015,0.00006104
-0.93374015,0.00006104
-0.93342015,0.00006104
-0.93310015,0.00006104
-0.93278015,0.00006104
-0.93246015,0.00006104
-0.93214015,0.00006104
-0.93182015,0.00006104
-0.93150015,0.00006104
-0.93118015,0.00006104
-0.93086015,0.00006104
-0.93054015,0.00006104
-0.93022015,0.00006104
-0.92990015,0.00006104
-0.92958015,0.00006104
-0.92926015,-0.01770074
-0.92894015,0.00006104
-0.92862015,0.00006104
-0.92830015,0.00006104
-0.92798015,0.00006104
-0.92766015,-0.01770074
-0.92734015,0.00006104
-0.92702015,0.00006104
-0.92670015,-0.01770074
-0.92638015,0.00006104
-0.92606015,0.00006104
-0.92574015,0.00006104
-0.92542015,0.00006104
-0.92510015,0.00006104
-0.92478015,0.00006104
-0.92446015,0.00006104
-0.92414015,0.00006104
-0.92382015,0.00006104
-0.92350015,0.00006104
-0.92318015,0.00006104
-0.92286015,0.00006104
-0.92254015,0.00006104
-0.92222015,0.00006104
-0.92190015,0.00006104
-0.92158015,0.00006104
-0.92126015,0.00006104
-0.92094015,-0.01770074
-0.92062015,-0.01770074
-0.92030015,0.00006104
-0.91998015,0.00006104
-0.91966015,0.00006104
-0.91934015,0.00006104
-0.91902015,0.00006104
-0.91870015,0.00006104
-0.91838015,0.00006104
-0.91806015,0.00006104
-0.91774015,0.00006104
-0.91742015,0.00006104
-0.91710015,-0.01770074
-0.91678015,0.00006104
-0.91646015,0.00006104
-0.91614015,0.00006104
-0.91582015,0.00006104
-0.91550015,0.00006104
-0.91518015,0.00006104
-0.91486015,0.00006104
-0.91454015,0.00006104
-0.91422015,0.00006104
-0.91390015,0.00006104
-0.91358015,0.00006104
-0.91326015,0.00006104
-0.91294015,0.00006104
-0.91262015,0.00006104
-0.91230015,0.00006104
-0.91198015,0.00006104
-0.91166015,0.00006104
-0.91134015,0.00006104
-0.91102015,0.00006104
-0.91070015,0.00006104
-0.91038015,0.00006104
-0.91006015,0.00006104
-0.90974015,-0.01770074
-0.90942015,0.00006104
-0.90910015,0.00006104
-0.90878015,0.00006104
-0.90846015,0.00006104
-0.90814015,0.00006104
-0.90782015,0.00006104
-0.90750015,0.00006104
-0.90718015,0.00006104
-0.90686015,0.00006104
-0.90654015,0.00006104
-0.90622015,0.00006104
-0.90590015,-0.01770074
-0.90558015,0.00006104
-0.90526015,0.00006104
-0.90494015,0.00006104
-0.90462015,0.00006104
-0.90430015,0.00006104
-0.90398015,0.00006104
-0.90366015,0.00006104
-0.90334015,-0.01770074
-0.90302015,0.00006104
-0.90270015,0.00006104
-0.90238015,0.00006104
-0.90206015,0.00006104
-0.90174015,0.00006104
-0.90142015,0.00006104
-0.90110015,0.00006104
-0.90078015,0.00006104
-0.90046015,0.00006104
-0.90014015,0.00006104
-0.89982015,0.00006104
-0.89950015,-0.01770074
-0.89918015,0.00006104
-0.89886015,0.00006104
-0.89854015,0.00006104
-0.89822015,0.00006104
-0.89790015,0.00006104
-0.89758015,0.00006104
-0.89726015,0.00006104
-0.89694015,0.00006104
-0.89662015,-0.01770074
-0.89630015,0.00006104
-0.89598015,0.00006104
-0.89566015,0.00006104
-0.89534015,0.00006104
-0.89502015,0.00006104
-0.89470015,0.00006104
-0.89438015,0.00006104
-0.89406015,0.00006104
-0.89374015,0.00006104
-0.89342015,0.00006104
-0.89310015,0.00006104
-0.89278015,0.00006104
-0.89246015,0.00006104
-0.89214015,0.00006104
-0.89182015,0.00006104
-0.89150015,0.00006104
-0.89118015,0.00006104
-0.89086015,0.00006104
-0.89054015,0.00006104
-0.89022015,0.00006104
-0.88990015,0.00006104
-0.88958015,0.00006104
-0.88926015,0.00006104
-0.88894015,0.00006104
-0.88862015,0.00006104
-0.88830015,0.00006104
-0.88798015,-0.01770074
-0.88766015,0.00006104
-0.88734015,0.00006104
-0.88702015,0.00006104
-0.88670015,0.00006104
-0.88638015,-0.01770074
-0.88606015,0.00006104
-0.88574015,0.00006104
-0.88542015,0.00006104
-0.88510015,0.00006104
-0.88478015,0.00006104
-0.88446015,-0.01770074
-0.88414015,0.00006104
-0.88382015,0.00006104
-0.88350015,0.00006104
-0.88318015,0.00006104
-0.88286015,0.00006104
-0.88254015,0.00006104
-0.88222015,0.00006104
-0.88190015,0.00006104
-0.88158015,-0.01770074
-0.88126015,0.00006104
-0.88094015,0.00006104
-0.88062015,0.00006104
-0.88030015,0.00006104
-0.87998015,0.00006104
-0.87966015,0.00006104
-0.87934015,0.00006104
-0.87902015,0.00006104
-0.87870015,0.00006104
-0.87838015,0.00006104
-0.87806015,0.00006104
-0.87774015,0.00006104
-0.87742015,0.00006104
-0.87710015,0.00006104
-0.87678015,0.00006104
-0.87646015,0.00006104
-0.87614015,0.00006104
-0.87582015,0.00006104
-0.87550015,0.00006104
-0.87518015,0.00006104
-0.87486015,0.00006104
-0.87454015,0.00006104
-0.87422015,0.00006104
-0.87390015,0.00006104
-0.87358015,0.00006104
-0.87326015,0.00006104
-0.87294015,0.00006104
-0.87262015,-0.01770074
-0.87230015,0.00006104
-0.87198015,0.00006104
-0.87166015,0.00006104
-0.87134015,0.00006104
-0.87102015,0.00006104
-0.87070015,-0.01770074
-0.87038015,0.00006104
-0.87006015,0.00006104
-0.86974015,0.00006104
-0.86942015,0.00006104
-0.86910015,0.00006104
-0.86878015,0.00006104
-0.86846015,0.00006104
-0.86814015,0.00006104
-0.86782015,0.00006104
-0.86750015,0.00006104
-0.86718015,0.00006104
-0.86686015,0.00006104
-0.86654015,-0.01770074
-0.86622015,-0.01770074
-0.86590015,0.00006104
-0.86558015,0.00006104
-0.86526015,0.00006104
-0.86494015,0.00006104
-0.86462015,0.00006104
-0.86430015,0.00006104
-0.86398015,0.00006104
-0.86366015,0.00006104
-0.86334015,0.00006104
-0.86302015,0.00006104
-0.86270015,0.00006104
-0.86238015,0.00006104
-0.86206015,0.00006104
-0.86174015,0.00006104
-0.86142015,0.00006104
-0.86110015,0.00006104
-0.86078015,0.00006104
-0.86046015,0.00006104
-0.86014015,0.00006104
-0.85982015,0.00006104
-0.85950015,0.00006104
-0.85918015,0.00006104
-0.85886015,0.00006104
-0.85854015,0.00006104
-0.85822015,0.00006104
-0.85790015,-0.01770074
-0.85758015,0.00006104
-0.85726015,0.00006104
-0.85694015,0.00006104
-0.85662015,0.00006104
-0.85630015,0.00006104
-0.85598015,0.00006104
-0.85566015,0.00006104
-0.85534015,0.00006104
-0.85502015,0.00006104
-0.85470015,0.00006104
-0.85438015,0.00006104
-0.85406015,0.00006104
-0.85374015,0.00006104
-0.85342015,0.00006104
-0.85310015,0.00006104
-0.85278015,0.00006104
-0.85246015,0.00006104
-0.85214015,0.00006104
-0.85182015,0.00006104
-0.85150015,0.00006104
-0.85118015,0.00006104
-0.85086015,0.00006104
-0.85054015,0.00006104
-0.85022015,0.00006104
-0.84990015,-0.01770074
-0.84958015,0.00006104
-0.84926015,0.00006104
-0.84894015,0.00006104
-0.84862015,0.00006104
-0.84830015,0.00006104
-0.84798015,0.00006104
-0.84766015,-0.01770074
-0.84734015,0.00006104
-0.84702015,0.00006104
-0.84670015,0.00006104
-0.84638015,0.00006104
-0.84606015,0.00006104
-0.84574015,0.00006104
-0.84542015,0.00006104
-0.84510015,0.00006104
-0.84478015,0.00006104
-0.84446015,0.00006104
-0.84414015,0.00006104
-0.84382015,0.00006104
-0.84350015,0.00006104
-0.84318015,0.00006104
-0.84286015,0.00006104
-0.84254015,0.00006104
-0.84222015,0.00006104
-0.84190015,0.00006104
-0.84158015,0.00006104
-0.84126015,0.00006104
-0.84094015,0.00006104
-0.84062015,0.00006104
-0.84030015,0.00006104
-0.83998015,0.00006104
-0.83966015,0.00006104
-0.83934015,0.00006104
-0.83902015,0.00006104
-0.83870015,0.00006104
-0.83838015,0.00006104
-0.83806015,-0.01770074
-0.83774015,0.00006104
-0.83742015,0.00006104
-0.83710015,0.00006104
-0.83678015,0.00006104
-0.83646015,0.00006104
-0.83614015,0.00006104
-0.83582015,0.00006104
-0.83550015,0.00006104
-0.83518015,0.00006104
-0.83486015,0.00006104
-0.83454015,0.00006104
-0.83422015,0.00006104
-0.83390015,0.00006104
-0.83358015,0.00006104
-0.83326015,0.00006104
-0.83294015,0.00006104
-0.83262015,0.00006104
-0.83230015,0.00006104
-0.83198015,0.00006104
-0.83166015,0.00006104
-0.83134015,0.00006104
-0.83102015,0.00006104
-0.83070015,0.00006104
-0.83038015,0.00006104
-0.83006015,0.00006104
-0.82974015,-0.01770074
-0.82942015,0.00006104
-0.82910015,0.00006104
-0.82878015,0.00006104
-0.82846015,-0.01770074
-0.82814015,0.00006104
-0.82782015,0.00006104
-0.82750015,0.00006104
-0.82718015,-0.01770074
-0.82686015,0.00006104
-0.82654015,0.00006104
-0.82622015,0.00006104
-0.82590015,0.00006104
-0.82558015,0.00006104
-0.82526015,0.00006104
-0.82494015,0.00006104
-0.82462015,0.00006104
-0.82430015,0.00006104
-0.82398015,0.00006104
-0.82366015,0.00006104
-0.82334015,0.00006104
-0.82302015,0.00006104
-0.82270015,0.00006104
-0.82238015,0.00006104
-0.82206015,0.00006104
-0.82174015,0.00006104
-0.82142015,0.00006104
-0.82110015,0.00006104
-0.82078015,-0.01770074
-0.82046015,0.00006104
-0.82014015,0.00006104
-0.81982015,0.00006104
-0.81950015,0.00006104
-0.81918015,-0.01770074
-0.81886015,0.00006104
-0.81854015,-0.01770074
-0.81822015,0.00006104
-0.81790015,0.00006104
-0.81758015,0.00006104
-0.81726015,0.00006104
-0.81694015,0.00006104
-0.81662015,0.00006104
-0.81630015,0.00006104
-0.81598015,0.00006104
-0.81566015,0.00006104
-0.81534015,0.00006104
-0.81502015,0.00006104
-0.81470015,0.00006104
-0.81438015,0.00006104
-0.81406015,0.00006104
-0.81374015,0.00006104
-0.81342015,0.00006104
-0.81310015,0.00006104
-0.81278015,0.00006104
-0.81246015,0.00006104
-0.81214015,0.00006104
-0.81182015,0.00006104
-0.81150015,0.00006104
-0.81118015,0.00006104
-0.81086015,0.00006104
-0.81054015,0.00006104
-0.81022015,0.00006104
-0.80990015,-0.01770074
-0.80958015,0.00006104
-0.80926015,0.00006104
-0.80894015,-0.01770074
-0.80862015,0.00006104
-0.80830015,0.00006104
-0.80798015,0.00006104
-0.80766015,0.00006104
-0.80734015,0.00006104
-0.80702015,0.00006104
-0.80670015,0.00006104
-0.80638015,0.00006104
-0.80606015,0.00006104
-0.80574015,0.00006104
-0.80542015,0.00006104
-0.80510015,0.00006104
-0.80478015,0.00006104
-0.80446015,0.00006104
-0.80414015,0.00006104
-0.80382015,0.00006104
-0.80350015,0.00006104
-0.80318015,0.00006104
-0.80286015,0.00006104
-0.80254015,0.00006104
-0.80222015,0.00006104
-0.80190015,0.00006104
-0.80158015,0.00006104
-0.80126015,0.00006104
-0.80094015,0.00006104
-0.80062015,0.00006104
-0.80030015,0.00006104
-0.79998015,0.00006104
-0.79966015,0.00006104
-0.79934015,-0.01770074
-0.79902015,0.00006104
-0.79870015,-0.01770074
-0.79838015,0.00006104
-0.79806015,0.00006104
-0.79774015,0.00006104
-0.79742015,0.00006104
-0.79710015,0.00006104
-0.79678015,0.00006104
-0.79646015,0.00006104
-0.79614015,0.00006104
-0.79582015,0.00006104
-0.79550015,0.00006104
-0.79518015,0.00006104
-0.79486015,0.00006104
-0.79454015,0.00006104
-0.79422015,0.00006104
-0.79390015,0.00006104
-0.79358015,-0.01770074
-0.79326015,0.00006104
-0.79294015,0.00006104
-0.79262015,0.00006104
-0.79230015,0.00006104
-0.79198015,0.00006104
-0.79166015,0.00006104
-0.79134015,0.00006104
-0.79102015,0.00006104
-0.79070015,0.00006104
-0.79038015,0.00006104
-0.79006015,0.00006104
-0.78974015,0.00006104
-0.78942015,0.00006104
-0.78910015,-0.01770074
-0.78878015,0.00006104
-0.78846015,0.00006104
-0.78814015,0.00006104
-0.78782015,-0.01770074
-0.78750015,0.00006104
-0.78718015,0.00006104
-0.78686015,0.00006104
-0.78654015,0.00006104
-0.78622015,0.00006104
-0.78590015,0.00006104
-0.78558015,0.00006104
-0.78526015,0.00006104
-0.78494015,0.00006104
-0.78462015,0.00006104
-0.78430015,0.00006104
-0.78398015,0.00006104
-0.78366015,0.00006104
-0.78334015,0.00006104
-0.78302015,0.00006104
-0.78270015,0.00006104
-0.78238015,0.00006104
-0.78206015,0.00006104
-0.78174015,0.00006104
-0.78142015,0.00006104
-0.78110015,0.00006104
-0.78078015,0.00006104
-0.78046015,0.00006104
-0.78014015,0.00006104
-0.77982015,0.00006104
-0.77950015,0.00006104
-0.77918015,0.00006104
-0.77886015,0.00006104
-0.77854015,0.00006104
-0.77822015,0.00006104
-0.77790015,0.00006104
-0.77758015,0.00006104
-0.77726015,0.00006104
-0.77694015,0.00006104
-0.77662015,0.00006104
-0.77630015,0.00006104
-0.77598015,0.00006104
-0.77566015,0.00006104
-0.77534015,0.00006104
-0.77502015,0.00006104
-0.77470015,0.00006104
-0.77438015,0.00006104
-0.77406015,0.00006104
-0.77374015,0.00006104
-0.77342015,0.00006104
-0.77310015,0.00006104
-0.77278015,0.00006104
-0.77246015,0.00006104
-0.77214015,0.00006104
-0.77182015,-0.01770074
-0.77150015,0.00006104
-0.77118015,0.00006104
-0.77086015,0.00006104
-0.77054015,0.00006104
-0.77022015,0.00006104
-0.76990015,0.00006104
-0.76958015,0.00006104
-0.76926015,0.00006104
-0.76894015,0.00006104
-0.76862015,0.00006104
-0.76830015,0.00006104
-0.76798015,0.00006104
-0.76766015,0.00006104
-0.76734015,0.00006104
-0.76702015,0.00006104
-0.76670015,0.00006104
-0.76638015,0.00006104
-0.76606015,0.00006104
-0.76574015,0.00006104
-0.76542015,0.00006104
-0.76510015,0.00006104
-0.76478015,0.00006104
-0.76446015,0.00006104
-0.76414015,0.00006104
-0.76382015,0.00006104
-0.76350015,0.00006104
-0.76318015,0.00006104
-0.76286015,0.00006104
-0.76254015,0.00006104
-0.76222015,0.00006104
-0.76190015,0.00006104
-0.76158015,0.00006104
-0.76126015,0.00006104
-0.76094015,0.00006104
-0.76062015,0.00006104
-0.76030015,0.00006104
-0.75998015,0.00006104
-0.75966015,0.00006104
-0.75934015,0.00006104
-0.75902015,0.00006104
-0.75870015,0.00006104
-0.75838015,0.00006104
-0.75806015,0.00006104
-0.75774015,0.00006104
-0.75742015,0.00006104
-0.75710015,0.00006104
-0.75678015,0.00006104
-0.75646015,0.00006104
-0.75614015,0.00006104
-0.75582015,0.00006104
-0.75550015,0.00006104
-0.75518015,0.00006104
-0.75486015,0.00006104
-0.75454015,0.00006104
-0.75422015,0.00006104
-0.75390015,0.00006104
-0.75358015,0.00006104
-0.75326015,0.00006104
-0.75294015,0.00006104
-0.75262015,0.00006104
-0.75230015,0.00006104
-0.75198015,0.00006104
-0.75166015,-0.01770074
-0.75134015,0.00006104
-0.75102015,0.00006104
-0.75070015,0.00006104
-0.75038015,0.00006104
-0.75006015,-0.01770074
-0.74974015,0.00006104
-0.74942015,0.00006104
-0.74910015,0.00006104
-0.74878015,0.00006104
-0.74846015,0.00006104
-0.74814015,0.00006104
-0.74782015,0.00006104
-0.74750015,0.00006104
-0.74718015,0.00006104
-0.74686015,0.00006104
-0.74654015,0.00006104
-0.74622015,0.00006104
-0.74590015,0.00006104
-0.74558015,0.01788385
-0.74526015,0.00006104
-0.74494015,0.00006104
-0.74462015,0.00006104
-0.74430015,0.00006104
-0.74398015,0.00006104
-0.74366015,0.00006104
-0.74334015,0.00006104
-0.74302015,0.00006104
-0.74270015,0.00006104
-0.74238015,0.00006104
-0.74206015,0.00006104
-0.74174015,-0.01770074
-0.74142015,0.00006104
-0.74110015,0.00006104
-0.74078015,0.00006104
-0.74046015,0.00006104
-0.74014015,0.00006104
-0.73982015,0.00006104
-0.73950015,0.00006104
-0.73918015,0.00006104
-0.73886015,0.00006104
-0.73854015,0.00006104
-0.73822015,0.00006104
-0.73790015,0.00006104
-0.73758015,0.00006104
-0.73726015,0.00006104
-0.73694015,0.00006104
-0.73662015,0.00006104
-0.73630015,0.00006104
-0.73598015,0.00006104
-0.73566015,0.00006104
-0.73534015,0.00006104
-0.73502015,0.00006104
-0.73470015,0.00006104
-0.73438015,0.00006104
-0.73406015,0.00006104
-0.73374015,0.00006104
-0.73342015,-0.01770074
-0.73310015,0.00006104
-0.73278015,0.00006104
-0.73246015,-0.01770074
-0.73214015,0.00006104
-0.73182015,0.00006104
-0.73150015,0.00006104
-0.73118015,0.00006104
-0.73086015,0.00006104
-0.73054015,0.00006104
-0.73022015,0.00006104
-0.72990015,0.00006104
-0.72958015,0.00006104
-0.72926015,0.00006104
-0.72894015,0.00006104
-0.72862015,0.00006104
-0.72830015,0.00006104
-0.72798015,0.00006104
-0.72766015,0.00006104
-0.72734015,0.00006104
-0.72702015,0.00006104
-0.72670015,-0.01770074
-0.72638015,0.00006104
-0.72606015,0.00006104
-0.72574015,0.00006104
-0.72542015,0.00006104
-0.72510015,0.00006104
-0.72478015,-0.01770074
-0.72446015,0.00006104
-0.72414015,0.00006104
-0.72382015,0.00006104
-0.72350015,0.00006104
-0.72318015,0.00006104
-0.72286015,0.00006104
-0.72254015,0.00006104
-0.72222015,0.00006104
-0.72190015,0.00006104
-0.72158015,0.00006104
-0.72126015,0.00006104
-0.72094015,0.00006104
-0.72062015,0.00006104
-0.72030015,0.00006104
-0.71998015,0.00006104
-0.71966015,0.00006104
-0.71934015,0.00006104
-0.71902015,0.00006104
-0.71870015,0.00006104
-0.71838015,0.00006104
-0.71806015,0.00006104
-0.71774015,0.00006104
-0.71742015,0.00006104
-0.71710015,0.00006104
-0.71678015,0.00006104
-0.71646015,0.00006104
-0.71614015,-0.01770074
-0.71582015,0.00006104
-0.71550015,0.00006104
-0.71518015,0.00006104
-0.71486015,0.00006104
-0.71454015,0.00006104
-0.71422015,0.00006104
-0.71390015,0.00006104
-0.71358015,0.00006104
-0.71326015,0.00006104
-0.71294015,0.00006104
-0.71262015,0.00006104
-0.71230015,0.00006104
-0.71198015,0.00006104
-0.71166015,0.00006104
-0.71134015,0.00006104
-0.71102015,0.00006104
-0.71070015,0.00006104
-0.71038015,0.00006104
-0.71006015,0.00006104
-0.70974015,0.00006104
-0.70942015,0.00006104
-0.70910015,0.00006104
-0.70878015,-0.01770074
-0.70846015,0.00006104
-0.70814015,0.00006104
-0.70782015,0.00006104
-0.70750015,-0.01770074
-0.70718015,0.00006104
-0.70686015,-0.01770074
-0.70654015,0.00006104
-0.70622015,0.00006104
-0.70590015,0.00006104
-0.70558015,0.00006104
-0.70526015,0.00006104
-0.70494015,0.00006104
-0.70462015,0.00006104
-0.70430015,0.00006104
-0.70398015,0.00006104
-0.70366015,0.00006104
-0.70334015,0.00006104
-0.70302015,0.00006104
-0.70270015,0.00006104
-0.70238015,0.00006104
-0.70206015,0.00006104
-0.70174015,0.00006104
-0.70142015,0.00006104
-0.70110015,0.00006104
-0.70078015,-0.01770074
-0.70046015,-0.01770074
-0.70014015,0.00006104
-0.69982015,0.00006104
-0.69950015,-0.01770074
-0.69918015,-0.01770074
-0.69886015,0.00006104
-0.69854015,0.00006104
-0.69822015,0.00006104
-0.69790015,0.00006104
-0.69758015,0.00006104
-0.69726015,-0.01770074
-0.69694015,0.00006104
-0.69662015,0.00006104
-0.69630015,0.00006104
-0.69598015,0.00006104
-0.69566015,0.00006104
-0.69534015,0.00006104
-0.69502015,0.00006104
-0.69470015,0.00006104
-0.69438015,0.00006104
-0.69406015,0.00006104
-0.69374015,0.00006104
-0.69342015,0.00006104
-0.69310015,0.00006104
-0.69278015,0.00006104
-0.69246015,0.00006104
-0.69214015,0.00006104
-0.69182015,0.00006104
-0.69150015,0.00006104
-0.69118015,0.00006104
-0.69086015,0.00006104
-0.69054015,0.00006104
-0.69022015,0.00006104
-0.68990015,0.00006104
-0.68958015,0.00006104
-0.68926015,0.00006104
-0.68894015,0.00006104
-0.68862015,0.00006104
-0.68830015,0.00006104
-0.68798015,0.00006104
-0.68766015,0.00006104
-0.68734015,0.00006104
-0.68702015,0.00006104
-0.68670015,0.00006104
-0.68638015,0.00006104
-0.68606015,0.00006104
-0.68574015,0.00006104
-0.68542015,0.00006104
-0.68510015,0.00006104
-0.68478015,0.00006104
-0.68446015,0.00006104
-0.68414015,0.00006104
-0.68382015,0.00006104
-0.68350015,0.00006104
-0.68318015,0.00006104
-0.68286015,0.00006104
-0.68254015,0.00006104
-0.68222015,0.00006104
-0.68190015,0.00006104
-0.68158015,0.00006104
-0.68126015,0.00006104
-0.68094015,0.00006104
-0.68062015,0.00006104
-0.68030015,0.00006104
-0.67998015,0.00006104
-0.67966015,0.00006104
-0.67934015,0.00006104
-0.67902015,0.00006104
-0.67870015,0.00006104
-0.67838015,0.00006104
-0.67806015,0.00006104
-0.67774015,0.00006104
-0.67742015,0.00006104
-0.67710015,0.00006104
-0.67678015,0.00006104
-0.67646015,0.00006104
-0.67614015,0.00006104
-0.67582015,0.00006104
-0.67550015,0.00006104
-0.67518015,0.00006104
-0.67486015,0.00006104
-0.67454015,0.00006104
-0.67422015,0.00006104
-0.67390015,-0.01770074
-0.67358015,0.00006104
-0.67326015,0.00006104
-0.67294015,0.00006104
-0.67262015,0.00006104
-0.67230015,0.00006104
-0.67198015,0.00006104
-0.67166015,0.00006104
-0.67134015,0.00006104
-0.67102015,0.00006104
-0.67070015,0.00006104
-0.67038015,0.00006104
-0.67006015,0.00006104
-0.66974015,0.00006104
-0.66942015,0.00006104
-0.66910015,0.00006104
-0.66878015,0.00006104
-0.66846015,0.00006104
-0.66814015,0.00006104
-0.66782015,0.00006104
-0.66750015,0.00006104
-0.66718015,0.00006104
-0.66686015,0.00006104
-0.66654015,0.00006104
-0.66622015,0.00006104
-0.66590015,0.00006104
-0.66558015,0.00006104
-0.66526015,0.00006104
-0.66494015,0.00006104
-0.66462015,0.00006104
-0.66430015,0.00006104
-0.66398015,0.00006104
-0.66366015,0.00006104
-0.66334015,0.00006104
-0.66302015,0.00006104
-0.66270015,0.00006104
-0.66238015,0.00006104
-0.66206015,0.00006104
-0.66174015,0.00006104
-0.66142015,0.00006104
-0.66110015,0.00006104
-0.66078015,0.00006104
-0.66046015,0.00006104
-0.66014015,0.00006104
-0.65982015,0.00006104
-0.65950015,0.00006104
-0.65918015,0.00006104
-0.65886015,0.00006104
-0.65854015,0.00006104
-0.65822015,0.00006104
-0.65790015,0.00006104
-0.65758015,0.00006104
-0.65726015,0.00006104
-0.65694015,0.00006104
-0.65662015,0.00006104
-0.65630015,0.00006104
-0.65598015,0.00006104
-0.65566015,0.00006104
-0.65534015,0.00006104
-0.65502015,0.00006104
-0.65470015,0.00006104
-0.65438015,0.00006104
-0.65406015,0.00006104
-0.65374015,0.00006104
-0.65342015,0.00006104
-0.65310015,0.00006104
-0.65278015,0.00006104
-0.65246015,0.00006104
-0.65214015,-0.01770074
-0.65182015,0.00006104
-0.65150015,0.00006104
-0.65118015,0.00006104
-0.65086015,0.00006104
-0.65054015,0.00006104
-0.65022015,0.00006104
-0.64990015,0.00006104
-0.64958015,0.00006104
-0.64926015,0.00006104
-0.64894015,0.00006104
-0.64862015,0.00006104
-0.64830015,0.00006104
-0.64798015,0.00006104
-0.64766015,0.00006104
-0.64734015,0.00006104
-0.64702015,0.00006104
-0.64670015,0.00006104
-0.64638015,0.00006104
-0.64606015,0.00006104
-0.64574015,0.00006104
-0.64542015,0.00006104
-0.64510015,0.00006104
-0.64478015,0.00006104
-0.64446015,0.00006104
-0.64414015,0.00006104
-0.64382015,0.00006104
-0.64350015,0.00006104
-0.64318015,0.00006104
-0.64286015,0.00006104
-0.64254015,0.00006104
-0.64222015,0.00006104
-0.64190015,0.00006104
-0.64158015,0.00006104
-0.64126015,0.00006104
-0.64094015,0.00006104
-0.64062015,0.00006104
-0.64030015,0.00006104
-0.63998015,0.00006104
-0.63966015,0.00006104
-0.63934015,0.00006104
-0.63902015,0.00006104
-0.63870015,0.00006104
-0.63838015,0.00006104
-0.63806015,0.00006104
-0.63774015,0.00006104
-0.63742015,0.00006104
-0.63710015,0.00006104
-0.63678015,0.00006104
-0.63646015,0.00006104
-0.63614015,0.00006104
-0.63582015,0.00006104
-0.63550015,0.00006104
-0.63518015,-0.01770074
-0.63486015,0.00006104
-0.63454015,0.00006104
-0.63422015,0.00006104
-0.63390015,0.00006104
-0.63358015,0.00006104
-0.63326015,0.00006104
-0.63294015,0.00006104
-0.63262015,0.00006104
-0.63230015,0.00006104
-0.63198015,0.00006104
-0.63166015,0.00006104
-0.63134015,0.00006104
-0.63102015,0.00006104
-0.63070015,0.00006104
-0.63038015,0.00006104
-0.63006015,0.00006104
-0.62974015,0.00006104
-0.62942015,0.00006104
-0.62910015,0.00006104
-0.62878015,0.00006104
-0.62846015,0.00006104
-0.62814015,0.00006104
-0.62782015,0.00006104
-0.62750015,0.00006104
-0.62718015,0.00006104
-0.62686015,0.00006104
-0.62654015,0.00006104
-0.62622015,0.00006104
-0.62590015,0.00006104
-0.62558015,0.00006104
-0.62526015,0.00006104
-0.62494015,0.00006104
-0.62462015,0.00006104
-0.62430015,0.00006104
-0.62398015,0.00006104
-0.62366015,0.00006104
-0.62334015,0.00006104
-0.62302015,0.00006104
-0.62270015,0.00006104
-0.62238015,0.00006104
-0.62206015,0.00006104
-0.62174015,0.00006104
-0.62142015,0.00006104
-0.62110015,0.00006104
-0.62078015,0.00006104
-0.62046015,0.00006104
-0.62014015,0.00006104
-0.61982015,0.00006104
-0.61950015,0.00006104
-0.61918015,0.00006104
-0.61886015,0.00006104
-0.61854015,0.00006104
-0.61822015,0.00006104
-0.61790015,0.00006104
-0.61758015,0.00006104
-0.61726015,0.00006104
-0.61694015,0.00006104
-0.61662015,0.00006104
-0.61630015,0.00006104
-0.61598015,0.00006104
-0.61566015,0.00006104
-0.61534015,0.00006104
-0.61502015,0.00006104
-0.61470015,0.00006104
-0.61438015,0.00006104
-0.61406015,0.00006104
-0.61374015,0.00006104
-0.61342015,0.00006104
-0.61310015,0.00006104
-0.61278015,0.00006104
-0.61246015,0.00006104
-0.61214015,0.00006104
-0.61182015,0.00006104
-0.61150015,0.00006104
-0.61118015,0.00006104
-0.61086015,-0.01770074
-0.61054015,0.00006104
-0.61022015,0.00006104
-0.60990015,0.00006104
-0.60958015,0.00006104
-0.60926015,0.00006104
-0.60894015,0.00006104
-0.60862015,0.00006104
-0.60830015,0.00006104
-0.60798015,0.00006104
-0.60766015,0.00006104
-0.60734015,0.00006104
-0.60702015,0.00006104
-0.60670015,0.00006104
-0.60638015,0.00006104
-0.60606015,0.00006104
-0.60574015,0.00006104
-0.60542015,0.00006104
-0.60510015,0.00006104
-0.60478015,0.00006104
-0.60446015,0.00006104
-0.60414015,0.00006104
-0.60382015,0.00006104
-0.60350015,0.00006104
-0.60318015,0.00006104
-0.60286015,0.00006104
-0.60254015,0.00006104
-0.60222015,0.00006104
-0.60190015,-0.01770074
-0.60158015,0.00006104
-0.60126015,0.00006104
-0.60094015,0.00006104
-0.60062015,0.00006104
-0.60030015,0.00006104
-0.59998015,0.00006104
-0.59966015,0.00006104
-0.59934015,0.00006104
-0.59902015,0.00006104
-0.59870015,0.00006104
-0.59838015,0.00006104
-0.59806015,0.00006104
-0.59774015,0.00006104
-0.59742015,0.00006104
-0.59710015,0.00006104
-0.59678015,0.00006104
-0.59646015,0.00006104
-0.59614015,0.00006104
-0.59582015,0.00006104
-0.59550015,0.00006104
-0.59518015,0.00006104
-0.59486015,0.00006104
-0.59454015,0.00006104
-0.59422015,0.00006104
-0.59390015,0.00006104
-0.59358015,0.00006104
-0.59326015,0.00006104
-0.59294015,0.00006104
-0.59262015,0.00006104
-0.59230015,0.00006104
-0.59198015,0.00006104
-0.59166015,0.00006104
-0.59134015,0.00006104
-0.59102015,0.00006104
-0.59070015,0.00006104
-0.59038015,0.00006104
-0.59006015,0.00006104
-0.58974015,0.00006104
-0.58942015,0.00006104
-0.58910015,0.00006104
-0.58878015,0.00006104
-0.58846015,0.00006104
-0.58814015,0.00006104
-0.58782015,0.00006104
-0.58750015,0.00006104
-0.58718015,0.00006104
-0.58686015,0.00006104
-0.58654015,0.00006104
-0.58622015,0.00006104
-0.58590015,0.00006104
-0.58558015,0.00006104
-0.58526015,-0.01770074
-0.58494015,-0.01770074
-0.58462015,0.00006104
-0.58430015,0.00006104
-0.58398015,0.00006104
-0.58366015,0.00006104
-0.58334015,0.00006104
-0.58302015,0.00006104
-0.58270015,0.00006104
-0.58238015,0.00006104
-0.58206015,0.00006104
-0.58174015,0.00006104
-0.58142015,0.00006104
-0.58110015,0.00006104
-0.58078015,0.00006104
-0.58046015,0.00006104
-0.58014015,0.00006104
-0.57982015,0.00006104
-0.57950015,0.00006104
-0.57918015,0.00006104
-0.57886015,0.00006104
-0.57854015,0.00006104
-0.57822015,0.00006104
-0.57790015,0.00006104
-0.57758015,0.00006104
-0.57726015,0.00006104
-0.57694015,0.00006104
-0.57662015,0.00006104
-0.57630015,0.00006104
-0.57598015,0.00006104
-0.57566015,0.00006104
-0.57534015,0.00006104
-0.57502015,0.00006104
-0.57470015,0.00006104
-0.57438015,0.00006104
-0.57406015,0.00006104
-0.57374015,-0.01770074
-0.57342015,0.00006104
-0.57310015,0.00006104
-0.57278015,0.00006104
-0.57246015,0.00006104
-0.57214015,0.00006104
-0.57182015,0.00006104
-0.57150015,0.00006104
-0.57118015,0.00006104
-0.57086015,-0.01770074
-0.57054015,0.00006104
-0.57022015,0.00006104
-0.56990015,0.00006104
-0.56958015,0.00006104
-0.56926015,0.00006104
-0.56894015,0.00006104
-0.56862015,0.00006104
-0.56830015,0.00006104
-0.56798015,0.00006104
-0.56766015,0.00006104
-0.56734015,0.00006104
-0.56702015,0.00006104
-0.56670015,0.00006104
-0.56638015,0.00006104
-0.56606015,0.01788385
-0.56574015,0.00006104
-0.56542015,0.00006104
-0.56510015,0.00006104
-0.56478015,0.00006104
-0.56446015,0.00006104
-0.56414015,0.00006104
-0.56382015,0.00006104
-0.56350015,0.00006104
-0.56318015,0.00006104
-0.56286015,0.00006104
-0.56254015,-0.01770074
-0.56222015,0.00006104
-0.56190015,0.00006104
-0.56158015,0.00006104
-0.56126015,0.00006104
-0.56094015,0.00006104
-0.56062015,0.00006104
-0.56030015,0.00006104
-0.55998015,0.00006104
-0.55966015,0.00006104
-0.55934015,0.00006104
-0.55902015,0.00006104
-0.55870015,0.00006104
-0.55838015,0.00006104
-0.55806015,0.00006104
-0.55774015,0.00006104
-0.55742015,0.00006104
-0.55710015,0.00006104
-0.55678015,0.00006104
-0.55646015,0.00006104
-0.55614015,0.00006104
-0.55582015,0.00006104
-0.55550015,0.00006104
-0.55518015,0.00006104
-0.55486015,0.00006104
-0.55454015,0.00006104
-0.55422015,0.00006104
-0.55390015,0.00006104
-0.55358015,0.00006104
-0.55326015,0.00006104
-0.55294015,-0.01770074
-0.55262015,0.00006104
-0.55230015,-0.01770074
-0.55198015,0.00006104
-0.55166015,0.00006104
-0.55134015,0.00006104
-0.55102015,0.00006104
-0.55070015,0.00006104
-0.55038015,0.00006104
-0.55006015,0.00006104
-0.54974015,0.00006104
-0.54942015,-0.01770074
-0.54910015,0.00006104
-0.54878015,0.00006104
-0.54846015,0.00006104
-0.54814015,0.00006104
-0.54782015,0.00006104
-0.54750015,0.00006104
-0.54718015,0.00006104
-0.54686015,0.00006104
-0.54654015,0.00006104
-0.54622015,0.00006104
-0.54590015,0.00006104
-0.54558015,0.00006104
-0.54526015,0.00006104
-0.54494015,0.00006104
-0.54462015,0.00006104
-0.54430015,0.00006104
-0.54398015,0.00006104
-0.54366015,0.00006104
-0.54334015,-0.01770074
-0.54302015,0.00006104
-0.54270015,0.00006104
-0.54238015,0.00006104
-0.54206015,0.00006104
-0.54174015,0.00006104
-0.54142015,0.00006104
-0.54110015,0.00006104
-0.54078015,0.00006104
-0.54046015,0.00006104
-0.54014015,0.00006104
-0.53982015,0.00006104
-0.53950015,0.00006104
-0.53918015,0.00006104
-0.53886015,0.00006104
-0.53854015,0.00006104
-0.53822015,0.00006104
-0.53790015,0.00006104
-0.53758015,0.00006104
-0.53726015,0.00006104
-0.53694015,0.00006104
-0.53662015,0.00006104
-0.53630015,0.00006104
-0.53598015,0.00006104
-0.53566015,0.00006104
-0.53534015,-0.01770074
-0.53502015,-0.01770074
-0.53470015,0.00006104
-0.53438015,0.00006104
-0.53406015,0.00006104
-0.53374015,0.00006104
-0.53342015,0.00006104
-0.53310015,0.00006104
-0.53278015,0.00006104
-0.53246015,0.00006104
-0.53214015,0.00006104
-0.53182015,0.00006104
-0.53150015,0.00006104
-0.53118015,0.00006104
-0.53086015,0.00006104
-0.53054015,0.00006104
-0.53022015,0.00006104
-0.52990015,0.00006104
-0.52958015,0.00006104
-0.52926015,0.00006104
-0.52894015,0.00006104
-0.52862015,0.00006104
-0.52830015,0.00006104
-0.52798015,0.00006104
-0.52766015,0.00006104
-0.52734015,0.00006104
-0.52702015,0.00006104
-0.52670015,0.00006104
-0.52638015,0.00006104
-0.52606015,0.00006104
-0.52574015,0.00006104
-0.52542015,0.00006104
-0.52510015,0.00006104
-0.52478015,0.00006104
-0.52446015,0.00006104
-0.52414015,0.00006104
-0.52382015,0.00006104
-0.52350015,0.00006104
-0.52318015,0.00006104
-0.52286015,0.00006104
-0.52254015,0.00006104
-0.52222015,0.00006104
-0.52190015,0.00006104
-0.52158015,0.00006104
-0.52126015,0.00006104
-0.52094015,0.00006104
-0.52062015,0.00006104
-0.52030015,-0.01770074
-0.51998015,0.00006104
-0.51966015,-0.01770074
-0.51934015,0.00006104
-0.51902015,0.00006104
-0.51870015,0.00006104
-0.51838015,0.00006104
-0.51806015,0.00006104
-0.51774015,0.00006104
-0.51742015,0.00006104
-0.51710015,0.00006104
-0.51678015,0.00006104
-0.51646015,0.00006104
-0.51614015,0.00006104
-0.51582015,0.00006104
-0.51550015,0.00006104
-0.51518015,0.00006104
-0.51486015,0.00006104
-0.51454015,0.00006104
-0.51422015,-0.01770074
-0.51390015,0.00006104
-0.51358015,0.00006104
-0.51326015,0.00006104
-0.51294015,0.00006104
-0.51262015,0.00006104
-0.51230015,0.00006104
-0.51198015,0.00006104
-0.51166015,0.00006104
-0.51134015,0.00006104
-0.51102015,0.00006104
-0.51070015,0.00006104
-0.51038015,0.00006104
-0.51006015,0.00006104
-0.50974015,0.00006104
-0.50942015,0.00006104
-0.50910015,0.00006104
-0.50878015,0.00006104
-0.50846015,0.00006104
-0.50814015,0.00006104
-0.50782015,0.00006104
-0.50750015,0.00006104
-0.50718015,0.00006104
-0.50686015,-0.01770074
-0.50654015,0.00006104
-0.50622015,0.00006104
-0.50590015,0.00006104
-0.50558015,0.00006104
-0.50526015,0.00006104
-0.50494015,0.00006104
-0.50462015,0.00006104
-0.50430015,0.00006104
-0.50398015,0.00006104
-0.50366015,0.00006104
-0.50334015,0.00006104
-0.50302015,0.00006104
-0.50270015,0.00006104
-0.50238015,0.00006104
-0.50206015,0.00006104
-0.50174015,0.00006104
-0.50142015,0.00006104
-0.50110015,0.00006104
-0.50078015,-0.64076662
-0.50046015,-1.86901450
-0.50014015,-0.60512102
-0.49982015,0.17804499
-0.49950015,0.23145238
-0.49918015,0.08911405
-0.49886015,-0.01770074
-0.49854015,-0.03552354
-0.49822015,-0.03552354
-0.49790015,-0.03552354
-0.49758015,-0.35590684
-0.49726015,-0.97897273
-0.49694015,-1.95800650
-0.49662015,-0.69417399
-0.49630015,-0.24915311
-0.49598015,0.01788385
-0.49566015,0.10687582
-0.49534015,0.08911405
-0.49502015,0.05346843
-0.49470015,0.03570665
-0.49438015,0.03570665
-0.49406015,0.01788385
-0.49374015,0.03570665
-0.49342015,0.03570665
-0.49310015,0.03570665
-0.49278015,0.03570665
-0.49246015,0.03570665
-0.49214015,0.01788385
-0.49182015,0.00006104
-0.49150015,0.00006104
-0.49118015,0.01788385
-0.49086015,0.01788385
-0.49054015,0.05346843
-0.49022015,0.05346843
-0.48990015,0.07129124
-0.48958015,0.07129124
-0.48926015,0.05346843
-0.48894015,0.05346843
-0.48862015,0.05346843
-0.48830015,0.03570665
-0.48798015,0.07129124
-0.48766015,0.08911405
-0.48734015,0.05346843
-0.48702015,0.03570665
-0.48670015,0.03570665
-0.48638015,0.03570665
-0.48606015,0.03570665
-0.48574015,-0.01770074
-0.48542015,-0.01770074
-0.48510015,-0.01770074
-0.48478015,-0.01770074
-0.48446015,0.03570665
-0.48414015,0.00006104
-0.48382015,0.01788385
-0.48350015,0.05346843
-0.48318015,-0.03552354
-0.48286015,0.00006104
-0.48254015,0.01788385
-0.48222015,-0.03552354
-0.48190015,0.03570665
-0.48158015,0.05346843
-0.48126015,0.01788385
-0.48094015,0.03570665
-0.48062015,0.03570665
-0.48030015,0.01788385
-0.47998015,0.01788385
-0.47966015,0.01788385
-0.47934015,0.01788385
-0.47902015,0.01788385
-0.47870015,0.01788385
-0.47838015,0.03570665
-0.47806015,0.00006104
-0.47774015,0.00006104
-0.47742015,0.01788385
-0.47710015,0.01788385
-0.47678015,0.01788385
-0.47646015,0.00006104
-0.47614015,-0.01770074
-0.47582015,0.00006104
-0.47550015,0.01788385
-0.47518015,0.00006104
-0.47486015,0.00006104
-0.47454015,0.03570665
-0.47422015,0.01788385
-0.47390015,0.00006104
-0.47358015,0.01788385
-0.47326015,0.00006104
-0.47294015,0.01788385
-0.47262015,0.01788385
-0.47230015,0.00006104
-0.47198015,0.00006104
-0.47166015,0.01788385
-0.47134015,0.00006104
-0.47102015,0.00006104
-0.47070015,0.00006104
-0.47038015,0.00006104
-0.47006015,0.00006104
-0.46974015,0.00006104
-0.46942015,-0.01770074
-0.46910015,0.00006104
-0.46878015,0.01788385
-0.46846015,0.00006104
-0.46814015,0.00006104
-0.46782015,0.00006104
-0.46750015,0.01788385
-0.46718015,0.03570665
-0.46686015,0.00006104
-0.46654015,0.00006104
-0.46622015,0.01788385
-0.46590015,0.01788385
-0.46558015,0.01788385
-0.46526015,0.01788385
-0.46494015,0.01788385
-0.46462015,0.01788385
-0.46430015,0.00006104
-0.46398015,0.00006104
-0.46366015,0.00006104
-0.46334015,0.00006104
-0.46302015,0.00006104
-0.46270015,0.00006104
-0.46238015,0.01788385
-0.46206015,0.00006104
-0.46174015,0.01788385
-0.46142015,0.00006104
-0.46110015,0.00006104
-0.46078015,0.00006104
-0.46046015,0.01788385
-0.46014015,0.00006104
-0.45982015,0.00006104
-0.45950015,0.01788385
-0.45918015,0.00006104
-0.45886015,0.00006104
-0.45854015,0.00006104
-0.45822015,0.00006104
-0.45790015,0.00006104
-0.45758015,0.00006104
-0.45726015,0.00006104
-0.45694015,0.00006104
-0.45662015,0.00006104
-0.45630015,0.00006104
-0.45598015,0.00006104
-0.45566015,0.00006104
-0.45534015,0.00006104
-0.45502015,0.01788385
-0.45470015,0.00006104
-0.45438015,0.01788385
-0.45406015,0.01788385
-0.45374015,0.00006104
-0.45342015,0.00006104
-0.45310015,0.01788385
-0.45278015,0.00006104
-0.45246015,0.00006104
-0.45214015,0.00006104
-0.45182015,-0.01770074
-0.45150015,0.00006104
-0.45118015,0.00006104
-0.45086015,-0.01770074
-0.45054015,0.00006104
-0.45022015,0.00006104
-0.44990015,0.00006104
-0.44958015,0.00006104
-0.44926015,0.00006104
-0.44894015,0.00006104
-0.44862015,0.00006104
-0.44830015,0.00006104
-0.44798015,0.00006104
-0.44766015,0.00006104
-0.44734015,0.00006104
-0.44702015,0.00006104
-0.44670015,0.01788385
-0.44638015,0.00006104
-0.44606015,0.00006104
-0.44574015,0.00006104
-0.44542015,0.00006104
-0.44510015,0.00006104
-0.44478015,0.00006104
-0.44446015,0.00006104
-0.44414015,0.00006104
-0.44382015,0.00006104
-0.44350015,0.00006104
-0.44318015,0.00006104
-0.44286015,0.00006104
-0.44254015,0.00006104
-0.44222015,0.00006104
-0.44190015,0.00006104
-0.44158015,0.00006104
-0.44126015,0.00006104
-0.44094015,0.00006104
-0.44062015,0.00006104
-0.44030015,0.00006104
-0.43998015,0.00006104
-0.43966015,0.00006104
-0.43934015,0.00006104
-0.43902015,0.01788385
-0.43870015,0.00006104
-0.43838015,0.00006104
-0.43806015,0.00006104
-0.43774015,0.00006104
-0.43742015,0.00006104
-0.43710015,0.00006104
-0.43678015,0.00006104
-0.43646015,0.00006104
-0.43614015,0.00006104
-0.43582015,0.00006104
-0.43550015,0.00006104
-0.43518015,0.00006104
-0.43486015,0.00006104
-0.43454015,0.00006104
-0.43422015,0.00006104
-0.43390015,0.00006104
-0.43358015,0.00006104
-0.43326015,0.00006104
-0.43294015,0.00006104
-0.43262015,0.00006104
-0.43230015,0.00006104
-0.43198015,0.00006104
-0.43166015,0.00006104
-0.43134015,0.00006104
-0.43102015,0.00006104
-0.43070015,0.00006104
-0.43038015,0.00006104
-0.43006015,0.00006104
-0.42974015,0.00006104
-0.42942015,0.00006104
-0.42910015,0.00006104
-0.42878015,0.00006104
-0.42846015,0.00006104
-0.42814015,0.00006104
-0.42782015,0.00006104
-0.42750015,0.00006104
-0.42718015,0.00006104
-0.42686015,0.00006104
-0.42654015,0.00006104
-0.42622015,0.00006104
-0.42590015,0.00006104
-0.42558015,0.00006104
-0.42526015,0.00006104
-0.42494015,0.00006104
-0.42462015,0.00006104
-0.42430015,0.00006104
-0.42398015,0.00006104
-0.42366015,0.00006104
-0.42334015,0.00006104
-0.42302015,0.00006104
-0.42270015,0.00006104
-0.42238015,0.00006104
-0.42206015,0.00006104
-0.42174015,0.00006104
-0.42142015,0.00006104
-0.42110015,0.00006104
-0.42078015,0.00006104
-0.42046015,0.00006104
-0.42014015,0.00006104
-0.41982015,0.00006104
-0.41950015,0.00006104
-0.41918015,0.00006104
-0.41886015,0.00006104
-0.41854015,0.00006104
-0.41822015,0.00006104
-0.41790015,0.00006104
-0.41758015,0.00006104
-0.41726015,0.00006104
-0.41694015,0.00006104
-0.41662015,0.00006104
-0.41630015,0.00006104
-0.41598015,0.00006104
-0.41566015,-0.01770074
-0.41534015,0.00006104
-0.41502015,0.00006104
-0.41470015,0.00006104
-0.41438015,0.00006104
-0.41406015,0.00006104
-0.41374015,0.00006104
-0.41342015,0.00006104
-0.41310015,0.00006104
-0.41278015,0.00006104
-0.41246015,0.00006104
-0.41214015,0.00006104
-0.41182015,0.00006104
-0.41150015,0.00006104
-0.41118015,0.00006104
-0.41086015,0.00006104
-0.41054015,0.00006104
-0.41022015,0.00006104
-0.40990015,0.00006104
-0.40958015,0.00006104
-0.40926015,0.00006104
-0.40894015,0.00006104
-0.40862015,0.00006104
-0.40830015,0.00006104
-0.40798015,0.00006104
-0.40766015,0.00006104
-0.40734015,0.00006104
-0.40702015,0.00006104
-0.40670015,0.00006104
-0.40638015,-0.01770074
-0.40606015,0.00006104
-0.40574015,0.00006104
-0.40542015,0.00006104
-0.40510015,0.00006104
-0.40478015,0.00006104
-0.40446015,0.00006104
-0.40414015,0.00006104
-0.40382015,0.00006104
-0.40350015,0.00006104
-0.40318015,0.00006104
-0.40286015,0.00006104
-0.40254015,0.00006104
-0.40222015,0.00006104
-0.40190015,0.00006104
-0.40158015,0.00006104
-0.40126015,0.00006104
-0.40094015,0.00006104
-0.40062015,0.00006104
-0.40030015,0.00006104
-0.39998015,0.00006104
-0.39966015,0.00006104
-0.39934015,-0.01770074
-0.39902015,0.00006104
-0.39870015,0.00006104
-0.39838015,0.00006104
-0.39806015,0.00006104
-0.39774015,0.00006104
-0.39742015,0.00006104
-0.39710015,0.00006104
-0.39678015,0.00006104
-0.39646015,0.00006104
-0.39614015,0.00006104
-0.39582015,0.00006104
-0.39550015,0.00006104
-0.39518015,0.00006104
-0.39486015,0.00006104
-0.39454015,0.00006104
-0.39422015,0.00006104
-0.39390015,0.00006104
-0.39358015,0.00006104
-0.39326015,0.00006104
-0.39294015,0.00006104
-0.39262015,0.00006104
-0.39230015,0.00006104
-0.39198015,0.00006104
-0.39166015,0.00006104
-0.39134015,0.00006104
-0.39102015,0.00006104
-0.39070015,0.00006104
-0.39038015,0.00006104
-0.39006015,0.00006104
-0.38974015,0.00006104
-0.38942015,0.00006104
-0.38910015,0.00006104
-0.38878015,0.00006104
-0.38846015,0.00006104
-0.38814015,0.00006104
-0.38782015,0.00006104
-0.38750015,0.00006104
-0.38718015,0.00006104
-0.38686015,0.00006104
-0.38654015,0.00006104
-0.38622015,0.00006104
-0.38590015,0.00006104
-0.38558015,0.00006104
-0.38526015,0.00006104
-0.38494015,-0.01770074
-0.38462015,0.00006104
-0.38430015,0.00006104
-0.38398015,0.00006104
-0.38366015,0.00006104
-0.38334015,0.00006104
-0.38302015,0.00006104
-0.38270015,0.00006104
-0.38238015,0.00006104
-0.38206015,0.00006104
-0.38174015,0.00006104
-0.38142015,0.00006104
-0.38110015,0.00006104
-0.38078015,0.00006104
-0.38046015,0.00006104
-0.38014015,0.00006104
-0.37982015,0.00006104
-0.37950015,0.00006104
-0.37918015,-0.01770074
-0.37886015,0.00006104
-0.37854015,0.00006104
-0.37822015,0.00006104
-0.37790015,-0.01770074
-0.37758015,0.00006104
-0.37726015,0.00006104
-0.37694015,0.00006104
-0.37662015,0.00006104
-0.37630015,0.00006104
-0.37598015,0.00006104
-0.37566015,0.00006104
-0.37534015,0.00006104
-0.37502015,0.00006104
-0.37470015,0.00006104
-0.37438015,0.00006104
-0.37406015,0.00006104
-0.37374015,0.00006104
-0.37342015,0.00006104
-0.37310015,0.00006104
-0.37278015,0.00006104
-0.37246015,0.00006104
-0.37214015,0.00006104
-0.37182015,0.00006104
-0.37150015,0.00006104
-0.37118015,0.00006104
-0.37086015,0.00006104
-0.37054015,0.00006104
-0.37022015,0.00006104
-0.36990015,0.00006104
-0.36958015,0.00006104
-0.36926015,0.00006104
-0.36894015,0.00006104
-0.36862015,0.00006104
-0.36830015,0.00006104
-0.36798015,-0.01770074
-0.36766015,0.00006104
-0.36734015,0.00006104
-0.36702015,0.00006104
-0.36670015,0.00006104
-0.36638015,0.00006104
-0.36606015,0.00006104
-0.36574015,0.00006104
-0.36542015,0.00006104
-0.36510015,-0.01770074
-0.36478015,0.00006104
-0.36446015,0.00006104
-0.36414015,0.00006104
-0.36382015,0.00006104
-0.36350015,0.00006104
-0.36318015,0.00006104
-0.36286015,0.00006104
-0.36254015,0.00006104
-0.36222015,0.00006104
-0.36190015,0.00006104
-0.36158015,0.00006104
-0.36126015,0.00006104
-0.36094015,0.00006104
-0.36062015,0.00006104
-0.36030015,0.00006104
-0.35998015,0.00006104
-0.35966015,0.00006104
-0.35934015,0.00006104
-0.35902015,0.00006104
-0.35870015,0.00006104
-0.35838015,0.00006104
-0.35806015,0.00006104
-0.35774015,0.00006104
-0.35742015,-0.01770074
-0.35710015,0.00006104
-0.35678015,0.00006104
-0.35646015,0.00006104
-0.35614015,0.00006104
-0.35582015,0.00006104
-0.35550015,0.00006104
-0.35518015,0.00006104
-0.35486015,0.00006104
-0.35454015,0.00006104
-0.35422015,0.00006104
-0.35390015,0.00006104
-0.35358015,0.00006104
-0.35326015,0.00006104
-0.35294015,0.00006104
-0.35262015,0.00006104
-0.35230015,0.00006104
-0.35198015,0.00006104
-0.35166015,0.00006104
-0.35134015,0.00006104
-0.35102015,0.00006104
-0.35070015,0.00006104
-0.35038015,0.00006104
-0.35006015,-0.01770074
-0.34974015,0.00006104
-0.34942015,0.00006104
-0.34910015,0.00006104
-0.34878015,0.00006104
-0.34846015,0.00006104
-0.34814015,0.00006104
-0.34782015,0.00006104
-0.34750015,0.00006104
-0.34718015,0.00006104
-0.34686015,0.00006104
-0.34654015,0.00006104
-0.34622015,0.00006104
-0.34590015,0.00006104
-0.34558015,-0.01770074
-0.34526015,0.00006104
-0.34494015,0.00006104
-0.34462015,0.00006104
-0.34430015,0.00006104
-0.34398015,0.00006104
-0.34366015,0.00006104
-0.34334015,0.00006104
-0.34302015,0.00006104
-0.34270015,0.00006104
-0.34238015,0.00006104
-0.34206015,0.00006104
-0.34174015,0.00006104
-0.34142015,0.00006104
-0.34110015,0.00006104
-0.34078015,0.00006104
-0.34046015,0.00006104
-0.34014015,0.00006104
-0.33982015,0.00006104
-0.33950015,0.00006104
-0.33918015,0.00006104
-0.33886015,0.00006104
-0.33854015,0.00006104
-0.33822015,0.00006104
-0.33790015,0.00006104
-0.33758015,0.00006104
-0.33726015,0.00006104
-0.33694015,0.00006104
-0.33662015,0.00006104
-0.33630015,0.00006104
-0.33598015,0.00006104
-0.33566015,0.00006104
-0.33534015,0.00006104
-0.33502015,0.00006104
-0.33470015,0.00006104
-0.33438015,0.00006104
-0.33406015,0.00006104
-0.33374015,0.00006104
-0.33342015,0.00006104
-0.33310015,0.00006104
-0.33278015,0.00006104
-0.33246015,0.00006104
-0.33214015,0.00006104
-0.33182015,0.00006104
-0.33150015,0.00006104
-0.33118015,0.00006104
-0.33086015,0.00006104
-0.33054015,0.00006104
-0.33022015,0.00006104
-0.32990015,0.00006104
-0.32958015,0.00006104
-0.32926015,0.00006104
-0.32894015,0.00006104
-0.32862015,0.00006104
-0.32830015,0.00006104
-0.32798015,0.00006104
-0.32766015,0.00006104
-0.32734015,0.00006104
-0.32702015,0.00006104
-0.32670015,-0.01770074
-0.32638015,0.00006104
-0.32606015,-0.01770074
-0.32574015,0.00006104
-0.32542015,0.00006104
-0.32510015,0.00006104
-0.32478015,0.00006104
-0.32446015,0.00006104
-0.32414015,0.00006104
-0.32382015,0.00006104
-0.32350015,0.00006104
-0.32318015,0.00006104
-0.32286015,0.00006104
-0.32254015,-0.01770074
-0.32222015,0.00006104
-0.32190015,0.00006104
-0.32158015,0.00006104
-0.32126015,0.00006104
-0.32094015,-0.01770074
-0.32062015,0.00006104
-0.32030015,0.00006104
-0.31998015,0.00006104
-0.31966015,0.00006104
-0.31934015,0.00006104
-0.31902015,-0.01770074
-0.31870015,-0.01770074
-0.31838015,0.00006104
-0.31806015,0.00006104
-0.31774015,0.00006104
-0.31742015,0.00006104
-0.31710015,0.00006104
-0.31678015,0.00006104
-0.31646015,0.00006104
-0.31614015,0.00006104
-0.31582015,0.00006104
-0.31550015,0.00006104
-0.31518015,0.00006104
-0.31486015,-0.01770074
-0.31454015,0.00006104
-0.31422015,0.00006104
-0.31390015,0.00006104
-0.31358015,0.00006104
-0.31326015,0.00006104
-0.31294015,0.00006104
-0.31262015,0.00006104
-0.31230015,0.00006104
-0.31198015,0.00006104
-0.31166015,0.00006104
-0.31134015,0.00006104
-0.31102015,0.00006104
-0.31070015,0.00006104
-0.31038015,0.00006104
-0.31006015,0.00006104
-0.30974015,0.00006104
-0.30942015,0.00006104
-0.30910015,0.00006104
-0.30878015,0.00006104
-0.30846015,0.00006104
-0.30814015,0.00006104
-0.30782015,0.00006104
-0.30750015,0.00006104
-0.30718015,0.00006104
-0.30686015,0.00006104
-0.30654015,0.00006104
-0.30622015,0.00006104
-0.30590015,-0.01770074
-0.30558015,0.00006104
-0.30526015,0.00006104
-0.30494015,0.00006104
-0.30462015,0.00006104
-0.30430015,0.00006104
-0.30398015,0.00006104
-0.30366015,0.00006104
-0.30334015,0.00006104
-0.30302015,0.00006104
-0.30270015,0.00006104
-0.30238015,0.00006104
-0.30206015,-0.01770074
-0.30174015,0.00006104
-0.30142015,0.00006104
-0.30110015,0.00006104
-0.30078015,0.00006104
-0.30046015,0.00006104
-0.30014015,0.00006104
-0.29982015,0.00006104
-0.29950015,0.00006104
-0.29918015,0.00006104
-0.29886015,0.00006104
-0.29854015,0.00006104
-0.29822015,0.00006104
-0.29790015,0.00006104
-0.29758015,0.00006104
-0.29726015,-0.01770074
-0.29694015,0.00006104
-0.29662015,0.00006104
-0.29630015,0.00006104
-0.29598015,0.00006104
-0.29566015,0.00006104
-0.29534015,0.00006104
-0.29502015,0.00006104
-0.29470015,0.00006104
-0.29438015,0.00006104
-0.29406015,0.00006104
-0.29374015,0.00006104
-0.29342015,-0.01770074
-0.29310015,0.00006104
-0.29278015,0.00006104
-0.29246015,0.00006104
-0.29214015,0.00006104
-0.29182015,0.00006104
-0.29150015,0.00006104
-0.29118015,0.00006104
-0.29086015,0.00006104
-0.29054015,0.00006104
-0.29022015,0.00006104
-0.28990015,0.00006104
-0.28958015,0.00006104
-0.28926015,-0.01770074
-0.28894015,-0.01770074
-0.28862015,0.00006104
-0.28830015,-0.01770074
-0.28798015,0.00006104
-0.28766015,0.00006104
-0.28734015,0.00006104
-0.28702015,0.00006104
-0.28670015,0.00006104
-0.28638015,0.00006104
-0.28606015,0.00006104
-0.28574015,-0.01770074
-0.28542015,0.00006104
-0.28510015,0.00006104
-0.28478015,0.00006104
-0.28446015,-0.01770074
-0.28414015,0.00006104
-0.28382015,0.00006104
-0.28350015,0.00006104
-0.28318015,0.00006104
-0.28286015,0.00006104
-0.28254015,0.00006104
-0.28222015,0.00006104
-0.28190015,0.00006104
-0.28158015,0.00006104
-0.28126015,0.00006104
-0.28094015,0.00006104
-0.28062015,0.00006104
-0.28030015,0.00006104
-0.27998015,0.00006104
-0.27966015,0.00006104
-0.27934015,0.00006104
-0.27902015,0.00006104
-0.27870015,0.00006104
-0.27838015,0.00006104
-0.27806015,-0.01770074
-0.27774015,0.00006104
-0.27742015,0.00006104
-0.27710015,0.00006104
-0.27678015,0.00006104
-0.27646015,0.00006104
-0.27614015,0.00006104
-0.27582015,0.00006104
-0.27550015,0.00006104
-0.27518015,0.00006104
-0.27486015,0.00006104
-0.27454015,0.00006104
-0.27422015,0.00006104
-0.27390015,0.00006104
-0.27358015,0.00006104
-0.27326015,0.00006104
-0.27294015,0.00006104
-0.27262015,0.00006104
-0.27230015,0.00006104
-0.27198015,0.00006104
-0.27166015,0.00006104
-0.27134015,0.00006104
-0.27102015,0.00006104
-0.27070015,0.00006104
-0.27038015,0.00006104
-0.27006015,0.00006104
-0.26974015,0.00006104
-0.26942015,0.00006104
-0.26910015,0.00006104
-0.26878015,0.00006104
-0.26846015,0.00006104
-0.26814015,0.00006104
-0.26782015,0.00006104
-0.26750015,0.00006104
-0.26718015,0.00006104
-0.26686015,0.00006104
-0.26654015,0.00006104
-0.26622015,0.00006104
-0.26590015,0.00006104
-0.26558015,0.00006104
-0.26526015,0.00006104
-0.26494015,0.00006104
-0.26462015,0.00006104
-0.26430015,0.00006104
-0.26398015,0.00006104
-0.26366015,0.00006104
-0.26334015,0.00006104
-0.26302015,0.00006104
-0.26270015,0.00006104
-0.26238015,0.00006104
-0.26206015,0.00006104
-0.26174015,0.00006104
-0.26142015,0.00006104
-0.26110015,0.00006104
-0.26078015,0.00006104
-0.26046015,0.00006104
-0.26014015,0.00006104
-0.25982015,0.00006104
-0.25950015,0.00006104
-0.25918015,0.00006104
-0.25886015,0.00006104
-0.25854015,0.00006104
-0.25822015,0.00006104
-0.25790015,0.00006104
-0.25758015,0.00006104
-0.25726015,0.00006104
-0.25694015,0.00006104
-0.25662015,0.00006104
-0.25630015,0.00006104
-0.25598015,0.00006104
-0.25566015,0.00006104
-0.25534015,0.00006104
-0.25502015,0.00006104
-0.25470015,0.00006104
-0.25438015,0.00006104
-0.25406015,0.00006104
-0.25374015,-0.01770074
-0.25342015,0.00006104
-0.25310015,0.00006104
-0.25278015,0.00006104
-0.25246015,0.00006104
-0.25214015,0.00006104
-0.25182015,-0.01770074
-0.25150015,0.00006104
-0.25118015,0.00006104
-0.25086015,0.00006104
-0.25054015,0.00006104
-0.25022015,0.00006104
-0.24990015,-0.01770074
-0.24958015,-0.01770074
-0.24926015,-0.01770074
-0.24894015,0.00006104
-0.24862015,0.00006104
-0.24830015,0.00006104
-0.24798015,0.00006104
-0.24766015,0.00006104
-0.24734015,0.00006104
-0.24702015,0.00006104
-0.24670015,0.00006104
-0.24638015,0.00006104
-0.24606015,0.00006104
-0.24574015,0.00006104
-0.24542015,0.00006104
-0.24510015,0.00006104
-0.24478015,0.00006104
-0.24446015,0.00006104
-0.24414015,0.00006104
-0.24382015,0.00006104
-0.24350015,0.00006104
-0.24318015,0.00006104
-0.24286015,0.00006104
-0.24254015,0.00006104
-0.24222015,0.00006104
-0.24190015,0.00006104
-0.24158015,0.00006104
-0.24126015,0.00006104
-0.24094015,0.00006104
-0.24062015,0.00006104
-0.24030015,0.00006104
-0.23998015,0.00006104
-0.23966015,0.00006104
-0.23934015,0.00006104
-0.23902015,0.00006104
-0.23870015,0.00006104
-0.23838015,0.00006104
-0.23806015,0.00006104
-0.23774015,0.00006104
-0.23742015,0.00006104
-0.23710015,0.00006104
-0.23678015,0.00006104
-0.23646015,0.00006104
-0.23614015,0.00006104
-0.23582015,0.00006104
-0.23550015,0.00006104
-0.23518015,0.00006104
-0.23486015,0.00006104
-0.23454015,0.00006104
-0.23422015,0.00006104
-0.23390015,-0.01770074
-0.23358015,0.00006104
-0.23326015,0.00006104
-0.23294015,0.00006104
-0.23262015,0.00006104
-0.23230015,0.00006104
-0.23198015,0.00006104
-0.23166015,0.00006104
-0.23134015,0.00006104
-0.23102015,0.00006104
-0.23070015,0.00006104
-0.23038015,0.00006104
-0.23006015,0.00006104
-0.22974015,0.00006104
-0.22942015,0.00006104
-0.22910015,0.00006104
-0.22878015,0.00006104
-0.22846015,0.00006104
-0.22814015,0.00006104
-0.22782015,0.00006104
-0.22750015,0.00006104
-0.22718015,0.00006104
-0.22686015,0.00006104
-0.22654015,0.00006104
-0.22622015,-0.01770074
-0.22590015,0.00006104
-0.22558015,0.00006104
-0.22526015,0.00006104
-0.22494015,-0.01770074
-0.22462015,0.00006104
-0.22430015,-0.01770074
-0.22398015,0.00006104
-0.22366015,0.00006104
-0.22334015,0.00006104
-0.22302015,0.00006104
-0.22270015,0.00006104
-0.22238015,0.00006104
-0.22206015,-0.01770074
-0.22174015,0.00006104
-0.22142015,0.00006104
-0.22110015,0.00006104
-0.22078015,0.00006104
-0.22046015,0.00006104
-0.22014015,0.00006104
-0.21982015,0.00006104
-0.21950015,0.00006104
-0.21918015,0.00006104
-0.21886015,0.00006104
-0.21854015,0.00006104
-0.21822015,0.00006104
-0.21790015,0.00006104
-0.21758015,0.00006104
-0.21726015,0.00006104
-0.21694015,-0.01770074
-0.21662015,0.00006104
-0.21630015,-0.01770074
-0.21598015,0.00006104
-0.21566015,0.00006104
-0.21534015,0.00006104
-0.21502015,0.00006104
-0.21470015,0.00006104
-0.21438016,0.00006104
-0.21406016,0.00006104
-0.21374016,0.00006104
-0.21342016,0.00006104
-0.21310016,0.00006104
-0.21278016,0.00006104
-0.21246016,0.00006104
-0.21214016,0.00006104
-0.21182016,0.00006104
-0.21150016,0.00006104
-0.21118016,0.00006104
-0.21086016,0.00006104
-0.21054016,0.00006104
-0.21022016,0.00006104
-0.20990016,0.00006104
-0.20958016,0.00006104
-0.20926016,0.00006104
-0.20894016,0.00006104
-0.20862016,0.00006104
-0.20830016,0.00006104
-0.20798016,0.00006104
-0.20766016,0.00006104
-0.20734016,0.00006104
-0.20702016,0.00006104
-0.20670016,0.00006104
-0.20638016,-0.01770074
-0.20606016,0.00006104
-0.20574016,0.00006104
-0.20542016,0.00006104
-0.20510016,0.00006104
-0.20478016,0.00006104
-0.20446016,0.00006104
-0.20414016,0.00006104
-0.20382016,0.00006104
-0.20350016,0.00006104
-0.20318016,0.00006104
-0.20286016,0.00006104
-0.20254016,0.00006104
-0.20222016,0.00006104
-0.20190016,0.00006104
-0.20158016,0.00006104
-0.20126016,0.00006104
-0.20094016,0.00006104
-0.20062016,0.00006104
-0.20030016,0.00006104
-0.19998016,0.00006104
-0.19966016,0.00006104
-0.19934016,0.00006104
-0.19902016,0.00006104
-0.19870016,0.00006104
-0.19838016,0.00006104
-0.19806016,0.00006104
-0.19774016,0.00006104
-0.19742016,0.00006104
-0.19710016,0.00006104
-0.19678016,0.00006104
-0.19646016,0.00006104
-0.19614016,0.00006104
-0.19582016,0.00006104
-0.19550016,0.00006104
-0.19518016,0.00006104
-0.19486016,0.00006104
-0.19454016,0.00006104
-0.19422016,0.00006104
-0.19390016,0.00006104
-0.19358016,0.00006104
-0.19326016,0.00006104
-0.19294016,0.00006104
-0.19262016,0.00006104
-0.19230016,0.00006104
-0.19198016,0.00006104
-0.19166016,0.00006104
-0.19134016,0.00006104
-0.19102016,0.00006104
-0.19070016,0.00006104
-0.19038016,0.00006104
-0.19006016,0.00006104
-0.18974016,0.00006104
-0.18942016,0.00006104
-0.18910016,-0.01770074
-0.18878016,0.00006104
-0.18846016,0.00006104
-0.18814016,0.00006104
-0.18782016,0.00006104
-0.18750016,0.00006104
-0.18718016,0.00006104
-0.18686016,0.00006104
-0.18654016,0.00006104
-0.18622016,0.00006104
-0.18590016,0.00006104
-0.18558016,0.00006104
-0.18526016,0.00006104
-0.18494016,0.00006104
-0.18462016,0.00006104
-0.18430016,0.00006104
-0.18398016,0.00006104
-0.18366016,0.00006104
-0.18334016,0.00006104
-0.18302016,0.00006104
-0.18270016,-0.01770074
-0.18238016,0.00006104
-0.18206016,0.00006104
-0.18174016,0.00006104
-0.18142016,0.00006104
-0.18110016,0.00006104
-0.18078016,0.00006104
-0.18046016,0.00006104
-0.18014016,0.00006104
-0.17982016,0.00006104
-0.17950016,0.00006104
-0.17918016,0.00006104
-0.17886016,0.00006104
-0.17854016,0.00006104
-0.17822016,0.00006104
-0.17790016,0.00006104
-0.17758016,0.00006104
-0.17726016,0.00006104
-0.17694016,0.00006104
-0.17662016,0.00006104
-0.17630016,0.00006104
-0.17598016,0.00006104
-0.17566016,0.00006104
-0.17534016,0.00006104
-0.17502016,0.00006104
-0.17470016,0.00006104
-0.17438016,0.00006104
-0.17406016,0.00006104
-0.17374016,0.00006104
-0.17342016,0.00006104
-0.17310016,0.00006104
-0.17278016,0.00006104
-0.17246016,-0.01770074
-0.17214016,0.00006104
-0.17182016,-0.01770074
-0.17150016,0.00006104
-0.17118016,0.00006104
-0.17086016,0.00006104
-0.17054016,-0.01770074
-0.17022016,0.00006104
-0.16990016,0.00006104
-0.16958016,0.00006104
-0.16926016,0.00006104
-0.16894016,0.00006104
-0.16862016,0.00006104
-0.16830016,0.00006104
-0.16798016,0.00006104
-0.16766016,0.00006104
-0.16734016,0.00006104
-0.16702016,0.00006104
-0.16670016,0.00006104
-0.16638016,0.00006104
-0.16606016,0.00006104
-0.16574016,0.00006104
-0.16542016,0.00006104
-0.16510016,0.00006104
-0.16478016,0.00006104
-0.16446016,0.00006104
-0.16414016,0.00006104
-0.16382016,0.00006104
-0.16350016,0.00006104
-0.16318016,0.00006104
-0.16286016,-0.01770074
-0.16254016,0.00006104
-0.16222016,0.00006104
-0.16190016,0.00006104
-0.16158016,0.00006104
-0.16126016,0.00006104
-0.16094016,0.00006104
-0.16062016,0.00006104
-0.16030016,0.00006104
-0.15998016,0.00006104
-0.15966016,0.00006104
-0.15934016,0.00006104
-0.15902016,0.00006104
-0.15870016,0.00006104
-0.15838016,0.00006104
-0.15806016,0.00006104
-0.15774016,0.00006104
-0.15742016,0.00006104
-0.15710016,0.00006104
-0.15678016,0.00006104
-0.15646016,0.00006104
-0.15614016,0.00006104
-0.15582016,0.00006104
-0.15550016,0.00006104
-0.15518016,0.00006104
-0.15486016,0.00006104
-0.15454016,0.00006104
-0.15422016,0.00006104
-0.15390016,0.00006104
-0.15358016,0.00006104
-0.15326016,0.00006104
-0.15294016,0.00006104
-0.15262016,0.00006104
-0.15230016,-0.01770074
-0.15198016,0.00006104
-0.15166016,0.00006104
-0.15134016,0.00006104
-0.15102016,0.00006104
-0.15070016,0.00006104
-0.15038016,0.00006104
-0.15006016,0.00006104
-0.14974016,0.00006104
-0.14942016,0.00006104
-0.14910016,0.00006104
-0.14878016,0.00006104
-0.14846016,0.00006104
-0.14814016,0.00006104
-0.14782016,0.00006104
-0.14750016,0.00006104
-0.14718016,0.00006104
-0.14686016,0.00006104
-0.14654016,0.00006104
-0.14622016,0.00006104
-0.14590016,0.00006104
-0.14558016,0.00006104
-0.14526016,0.00006104
-0.14494016,0.00006104
-0.14462016,0.00006104
-0.14430016,0.00006104
-0.14398016,0.00006104
-0.14366016,0.00006104
-0.14334016,0.00006104
-0.14302016,0.00006104
-0.14270016,0.00006104
-0.14238016,0.00006104
-0.14206016,0.00006104
-0.14174016,0.00006104
-0.14142016,0.00006104
-0.14110016,0.00006104
-0.14078016,0.00006104
-0.14046016,0.00006104
-0.14014016,0.00006104
-0.13982016,0.00006104
-0.13950016,0.00006104
-0.13918016,0.00006104
-0.13886016,0.00006104
-0.13854016,0.00006104
-0.13822016,0.00006104
-0.13790016,0.00006104
-0.13758016,0.00006104
-0.13726016,0.00006104
-0.13694016,0.00006104
-0.13662016,0.00006104
-0.13630016,0.00006104
-0.13598016,0.00006104
-0.13566016,0.00006104
-0.13534016,0.00006104
-0.13502016,0.00006104
-0.13470016,0.00006104
-0.13438016,0.00006104
-0.13406016,0.00006104
-0.13374016,0.00006104
-0.13342016,0.00006104
-0.13310016,0.00006104
-0.13278016,0.00006104
-0.13246016,0.00006104
-0.13214016,0.00006104
-0.13182016,0.00006104
-0.13150016,0.00006104
-0.13118016,0.00006104
-0.13086016,0.00006104
-0.13054016,0.00006104
-0.13022016,0.00006104
-0.12990016,0.00006104
-0.12958016,0.00006104
-0.12926016,0.00006104
-0.12894016,0.00006104
-0.12862016,0.00006104
-0.12830016,0.00006104
-0.12798016,0.00006104
-0.12766016,0.00006104
-0.12734016,0.00006104
-0.12702016,0.00006104
-0.12670016,0.00006104
-0.12638016,0.00006104
-0.12606016,0.00006104
-0.12574016,0.00006104
-0.12542016,-0.01770074
-0.12510016,0.00006104
-0.12478016,0.00006104
-0.12446016,0.00006104
-0.12414016,0.00006104
-0.12382016,0.00006104
-0.12350016,0.00006104
-0.12318016,0.00006104
-0.12286016,0.00006104
-0.12254016,0.00006104
-0.12222016,0.00006104
-0.12190016,0.00006104
-0.12158016,0.00006104
-0.12126016,0.00006104
-0.12094016,0.00006104
-0.12062016,0.00006104
-0.12030016,0.00006104
-0.11998016,0.00006104
-0.11966016,0.00006104
-0.11934016,0.00006104
-0.11902016,0.00006104
-0.11870016,0.00006104
-0.11838016,0.00006104
-0.11806016,0.00006104
-0.11774016,0.00006104
-0.11742016,-0.01770074
-0.11710016,0.00006104
-0.11678016,0.00006104
-0.11646016,0.00006104
-0.11614016,0.00006104
-0.11582016,0.00006104
-0.11550016,0.00006104
-0.11518016,0.00006104
-0.11486016,0.00006104
-0.11454016,0.00006104
-0.11422016,0.00006104
-0.11390016,0.00006104
-0.11358016,0.00006104
-0.11326016,0.00006104
-0.11294016,0.00006104
-0.11262016,0.00006104
-0.11230016,0.00006104
-0.11198016,0.00006104
-0.11166016,0.00006104
-0.11134016,0.00006104
-0.11102016,0.00006104
-0.11070016,0.00006104
-0.11038016,0.00006104
-0.11006016,0.00006104
-0.10974016,0.00006104
-0.10942016,0.00006104
-0.10910016,0.00006104
-0.10878016,0.00006104
-0.10846016,0.00006104
-0.10814016,0.00006104
-0.10782016,0.00006104
-0.10750016,0.00006104
-0.10718016,0.00006104
-0.10686016,0.00006104
-0.10654016,0.00006104
-0.10622016,0.00006104
-0.10590016,0.00006104
-0.10558016,0.00006104
-0.10526016,0.00006104
-0.10494016,0.00006104
-0.10462016,-0.01770074
-0.10430016,0.00006104
-0.10398016,0.00006104
-0.10366016,0.00006104
-0.10334016,0.00006104
-0.10302016,0.00006104
-0.10270016,0.00006104
-0.10238016,0.00006104
-0.10206016,0.00006104
-0.10174016,0.00006104
-0.10142016,0.00006104
-0.10110016,0.00006104
-0.10078016,0.00006104
-0.10046016,0.00006104
-0.10014016,0.00006104
-0.09982016,0.00006104
-0.09950016,0.00006104
-0.09918016,0.00006104
-0.09886016,0.00006104
-0.09854016,0.00006104
-0.09822016,-0.01770074
-0.09790016,0.00006104
-0.09758016,0.00006104
-0.09726016,0.00006104
-0.09694016,0.00006104
-0.09662016,0.00006104
-0.09630016,0.00006104
-0.09598016,0.00006104
-0.09566016,0.00006104
-0.09534016,0.00006104
-0.09502016,0.00006104
-0.09470016,0.00006104
-0.09438016,0.00006104
-0.09406016,0.00006104
-0.09374016,0.00006104
-0.09342016,0.00006104
-0.09310016,0.00006104
-0.09278016,0.00006104
-0.09246016,0.00006104
-0.09214016,0.00006104
-0.09182016,0.00006104
-0.09150016,0.00006104
-0.09118016,0.00006104
-0.09086016,0.00006104
-0.09054016,0.00006104
-0.09022016,0.00006104
-0.08990016,0.00006104
-0.08958016,0.00006104
-0.08926016,0.00006104
-0.08894016,0.00006104
-0.08862016,0.00006104
-0.08830016,0.00006104
-0.08798016,0.00006104
-0.08766016,0.00006104
-0.08734016,0.00006104
-0.08702016,0.00006104
-0.08670016,0.00006104
-0.08638016,0.00006104
-0.08606016,0.00006104
-0.08574016,0.00006104
-0.08542016,0.00006104
-0.08510016,0.00006104
-0.08478016,0.00006104
-0.08446016,0.00006104
-0.08414016,0.00006104
-0.08382016,0.00006104
-0.08350016,0.00006104
-0.08318016,0.00006104
-0.08286016,-0.01770074
-0.08254016,0.00006104
-0.08222016,0.00006104
-0.08190016,0.00006104
-0.08158016,0.00006104
-0.08126016,0.00006104
-0.08094016,0.00006104
-0.08062016,0.00006104
-0.08030016,0.00006104
-0.07998016,-0.01770074
-0.07966016,0.00006104
-0.07934016,0.00006104
-0.07902016,0.00006104
-0.07870016,0.00006104
-0.07838016,0.00006104
-0.07806016,0.00006104
-0.07774016,0.00006104
-0.07742016,0.00006104
-0.07710016,0.00006104
-0.07678016,0.00006104
-0.07646016,0.00006104
-0.07614016,0.00006104
-0.07582016,0.00006104
-0.07550016,0.00006104
-0.07518016,0.00006104
-0.07486016,0.00006104
-0.07454016,0.00006104
-0.07422016,0.00006104
-0.07390016,0.00006104
-0.07358016,-0.01770074
-0.07326016,0.00006104
-0.07294016,0.00006104
-0.07262016,0.00006104
-0.07230016,0.00006104
-0.07198016,0.00006104
-0.07166016,-0.01770074
-0.07134016,-0.01770074
-0.07102016,-0.01770074
-0.07070016,0.00006104
-0.07038016,0.00006104
-0.07006016,0.00006104
-0.06974016,0.00006104
-0.06942016,0.00006104
-0.06910016,0.00006104
-0.06878016,0.00006104
-0.06846016,0.00006104
-0.06814016,0.00006104
-0.06782016,0.00006104
-0.06750016,0.00006104
-0.06718016,0.00006104
-0.06686016,0.00006104
-0.06654016,0.00006104
-0.06622016,0.00006104
-0.06590016,0.00006104
-0.06558016,0.00006104
-0.06526016,0.00006104
-0.06494016,0.00006104
-0.06462016,0.00006104
-0.06430016,0.00006104
-0.06398016,0.00006104
-0.06366016,0.00006104
-0.06334016,0.00006104
-0.06302016,0.00006104
-0.06270016,0.00006104
-0.06238016,0.00006104
-0.06206016,0.00006104
-0.06174016,0.00006104
-0.06142016,0.00006104
-0.06110016,0.00006104
-0.06078016,0.00006104
-0.06046016,0.00006104
-0.06014016,0.00006104
-0.05982016,0.00006104
-0.05950016,0.00006104
-0.05918016,0.00006104
-0.05886016,0.00006104
-0.05854016,0.00006104
-0.05822016,0.00006104
-0.05790016,0.00006104
-0.05758016,0.00006104
-0.05726016,0.00006104
-0.05694016,0.00006104
-0.05662016,0.00006104
-0.05630016,0.00006104
-0.05598016,0.00006104
-0.05566016,0.00006104
-0.05534016,0.00006104
-0.05502016,0.00006104
-0.05470016,0.00006104
-0.05438016,0.00006104
-0.05406016,0.00006104
-0.05374016,0.00006104
-0.05342016,0.00006104
-0.05310016,0.00006104
-0.05278016,0.00006104
-0.05246016,0.00006104
-0.05214016,0.00006104
-0.05182016,0.00006104
-0.05150016,0.00006104
-0.05118016,0.00006104
-0.05086016,0.00006104
-0.05054016,0.00006104
-0.05022016,0.00006104
-0.04990016,0.00006104
-0.04958016,0.00006104
-0.04926016,0.00006104
-0.04894016,0.00006104
-0.04862016,0.00006104
-0.04830016,0.00006104
-0.04798016,0.00006104
-0.04766016,0.00006104
-0.04734016,0.00006104
-0.04702016,0.00006104
-0.04670016,0.00006104
-0.04638016,0.00006104
-0.04606016,0.00006104
-0.04574016,0.00006104
-0.04542016,0.00006104
-0.04510016,0.00006104
-0.04478016,0.00006104
-0.04446016,0.00006104
-0.04414016,0.00006104
-0.04382016,0.00006104
-0.04350016,0.00006104
-0.04318016,0.00006104
-0.04286016,-0.01770074
-0.04254016,0.00006104
-0.04222016,0.00006104
-0.04190016,0.00006104
-0.04158016,0.00006104
-0.04126016,0.00006104
-0.04094016,0.00006104
-0.04062016,0.00006104
-0.04030016,0.00006104
-0.03998016,0.00006104
-0.03966016,0.00006104
-0.03934016,0.00006104
-0.03902016,0.00006104
-0.03870016,0.00006104
-0.03838016,0.00006104
-0.03806016,-0.01770074
-0.03774016,0.00006104
-0.03742016,0.00006104
-0.03710016,0.00006104
-0.03678016,0.00006104
-0.03646016,0.00006104
-0.03614016,0.00006104
-0.03582016,0.00006104
-0.03550016,0.00006104
-0.03518016,0.00006104
-0.03486016,0.00006104
-0.03454016,0.00006104
-0.03422016,0.00006104
-0.03390016,0.00006104
-0.03358016,-0.01770074
-0.03326016,0.00006104
-0.03294016,0.00006104
-0.03262016,0.00006104
-0.03230016,0.00006104
-0.03198016,0.00006104
-0.03166016,0.00006104
-0.03134016,0.00006104
-0.03102016,0.00006104
-0.03070016,0.00006104
-0.03038016,0.00006104
-0.03006016,0.00006104
-0.02974016,0.00006104
-0.02942016,0.00006104
-0.02910016,0.00006104
-0.02878016,-0.01770074
-0.02846016,0.00006104
-0.02814016,0.00006104
-0.02782016,0.00006104
-0.02750016,0.00006104
-0.02718016,0.00006104
-0.02686016,0.00006104
-0.02654016,0.00006104
-0.02622016,0.00006104
-0.02590016,0.00006104
-0.02558016,0.00006104
-0.02526016,0.00006104
-0.02494016,0.00006104
-0.02462016,0.00006104
-0.02430016,-0.01770074
-0.02398016,0.00006104
-0.02366016,0.00006104
-0.02334016,0.00006104
-0.02302016,0.00006104
-0.02270016,0.00006104
-0.02238016,0.00006104
-0.02206016,0.00006104
-0.02174016,0.00006104
-0.02142016,0.00006104
-0.02110016,0.00006104
-0.02078016,0.00006104
-0.02046016,0.00006104
-0.02014016,0.00006104
-0.01982016,0.00006104
-0.01950016,0.00006104
-0.01918016,0.00006104
-0.01886016,0.00006104
-0.01854016,0.00006104
-0.01822016,0.00006104
-0.01790016,0.00006104
-0.01758016,0.00006104
-0.01726016,0.00006104
-0.01694016,0.00006104
-0.01662016,0.00006104
-0.01630016,0.00006104
-0.01598016,0.00006104
-0.01566016,0.00006104
-0.01534016,0.00006104
-0.01502016,0.00006104
-0.01470016,-0.01770074
-0.01438016,0.00006104
-0.01406016,0.00006104
-0.01374016,0.00006104
-0.01342016,0.00006104
-0.01310016,0.00006104
-0.01278016,0.00006104
-0.01246016,0.00006104
-0.01214016,0.00006104
-0.01182016,0.00006104
-0.01150016,0.00006104
-0.01118016,0.00006104
-0.01086016,0.00006104
-0.01054016,0.00006104
-0.01022016,0.00006104
-0.00990016,0.00006104
-0.00958016,0.00006104
-0.00926016,0.00006104
-0.00894016,0.00006104
-0.00862016,0.00006104
-0.00830016,0.00006104
-0.00798016,0.00006104
-0.00766016,0.00006104
-0.00734016,0.00006104
-0.00702016,0.00006104
-0.00670016,0.00006104
-0.00638016,0.00006104
-0.00606016,0.00006104
-0.00574016,0.00006104
-0.00542016,0.00006104
-0.00510016,0.00006104
-0.00478016,0.00006104
-0.00446016,0.00006104
-0.00414016,0.00006104
-0.00382016,0.00006104
-0.00350016,0.00006104
-0.00318016,0.00006104
-0.00286016,0.00006104
-0.00254016,-0.01770074
-0.00222016,0.00006104
-0.00190016,0.00006104
-0.00158016,0.00006104
-0.00126016,0.00006104
-0.00094016,-1.05014193
-0.00062016,-1.38840902
-0.00030016,-0.49836725
0.00001984,0.01788385
0.00033984,0.08911405
0.00065984,0.05346843
0.00097984,0.01788385
0.00129984,-0.01770074
0.00161984,-0.01770074
0.00193984,-0.03552354
0.00225984,-0.32032228
0.00257984,-0.96114993
0.00289984,-1.65538502
0.00321984,-0.80092776
0.00353984,-0.60512102
0.00385984,-0.14233834
0.00417984,0.07129124
0.00449984,0.10687582
0.00481984,0.05346843
0.00513984,0.01788385
0.00545984,0.01788385
0.00577984,0.01788385
0.00609984,0.03570665
0.00641984,0.03570665
0.00673984,0.03570665
0.00705984,0.03570665
0.00737984,0.03570665
0.00769984,0.00006104
0.00801984,0.00006104
0.00833984,0.00006104
0.00865984,0.01788385
0.00897984,0.01788385
0.00929984,0.05346843
0.00961984,0.05346843
0.00993984,0.07129124
0.01025984,0.07129124
0.01057984,0.03570665
0.01089984,0.05346843
0.01121984,0.05346843
0.01153984,0.03570665
0.01185984,0.07129124
0.01217984,0.08911405
0.01249984,0.07129124
0.01281984,0.03570665
0.01313984,0.03570665
0.01345984,0.03570665
0.01377984,0.01788385
0.01409984,-0.01770074
0.01441984,-0.01770074
0.01473984,-0.01770074
0.01505984,-0.03552354
0.01537984,0.01788385
0.01569984,0.00006104
0.01601984,0.00006104
0.01633984,0.05346843
0.01665984,-0.03552354
0.01697984,0.00006104
0.01729984,0.01788385
0.01761984,-0.03552354
0.01793984,0.01788385
0.01825984,0.03570665
0.01857984,0.00006104
0.01889984,0.03570665
0.01921984,0.03570665
0.01953984,0.03570665
0.01985984,0.01788385
0.02017984,0.01788385
0.02049984,0.01788385
0.02081984,0.01788385
0.02113984,0.01788385
0.02145984,0.03570665
0.02177984,0.00006104
0.02209984,0.00006104
0.02241984,0.03570665
0.02273984,0.01788385
0.02305984,0.01788385
0.02337984,0.00006104
0.02369984,-0.01770074
0.02401984,0.00006104
0.02433984,0.01788385
0.02465984,0.00006104
0.02497984,0.00006104
0.02529984,0.03570665
0.02561984,0.01788385
0.02593984,0.01788385
0.02625984,0.01788385
0.02657984,0.00006104
0.02689984,0.01788385
0.02721984,0.01788385
0.02753984,0.00006104
0.02785984,0.00006104
0.02817984,0.01788385
0.02849984,0.01788385
0.02881984,0.00006104
0.02913984,0.00006104
0.02945984,0.00006104
0.02977984,0.00006104
0.03009984,0.00006104
0.03041984,-0.01770074
0.03073984,0.00006104
0.03105984,0.00006104
0.03137984,0.00006104
0.03169984,0.01788385
0.03201984,0.00006104
0.03233984,0.00006104
0.03265984,0.00006104
0.03297984,0.00006104
0.03329984,0.00006104
0.03361984,0.01788385
0.03393984,0.01788385
0.03425984,0.01788385
0.03457984,0.01788385
0.03489984,0.00006104
0.03521984,0.00006104
0.03553984,0.00006104
0.03585984,-0.01770074
0.03617984,0.00006104
0.03649984,0.00006104
0.03681984,0.00006104
0.03713984,0.00006104
0.03745984,0.00006104
0.03777984,0.00006104
0.03809984,0.00006104
0.03841984,0.00006104
0.03873984,0.00006104
0.03905984,0.00006104
0.03937984,0.01788385
0.03969984,0.00006104
0.04001984,0.00006104
0.04033984,0.01788385
0.04065984,0.00006104
0.04097984,0.00006104
0.04129984,0.00006104
0.04161984,0.00006104
0.04193984,0.00006104
0.04225984,0.00006104
0.04257984,0.00006104
0.04289984,0.00006104
0.04321984,0.00006104
0.04353984,0.00006104
0.04385984,0.00006104
0.04417984,0.00006104
0.04449984,0.00006104
0.04481984,0.01788385
0.04513984,0.00006104
0.04545984,0.00006104
0.04577984,0.01788385
0.04609984,0.00006104
0.04641984,0.00006104
0.04673984,0.00006104
0.04705984,0.00006104
0.04737984,0.00006104
0.04769984,0.00006104
0.04801984,0.00006104
0.04833984,-0.01770074
0.04865984,0.00006104
0.04897984,0.00006104
0.04929984,0.00006104
0.04961984,0.00006104
0.04993984,0.00006104
0.05025984,0.00006104
0.05057984,0.00006104
0.05089984,0.00006104
0.05121984,0.00006104
0.05153984,0.00006104
0.05185984,0.01788385
0.05217984,0.00006104
0.05249984,0.00006104
0.05281984,0.00006104
0.05313984,0.00006104
0.05345984,0.00006104
0.05377984,0.00006104
0.05409984,0.00006104
0.05441984,0.00006104
0.05473984,0.00006104
0.05505984,0.00006104
0.05537984,0.00006104
0.05569984,0.00006104
0.05601984,0.00006104
0.05633984,0.00006104
0.05665984,0.00006104
0.05697984,0.00006104
0.05729984,0.00006104
0.05761984,0.00006104
0.05793984,0.00006104
0.05825984,0.00006104
0.05857984,0.00006104
0.05889984,0.00006104
0.05921984,0.00006104
0.05953984,0.00006104
0.05985984,0.00006104
0.06017984,0.00006104
0.06049984,0.00006104
0.06081984,0.00006104
0.06113984,0.00006104
0.06145984,0.00006104
0.06177984,0.00006104
0.06209984,0.00006104
0.06241984,0.00006104
0.06273984,0.00006104
0.06305984,0.00006104
0.06337984,-0.01770074
0.06369984,0.00006104
0.06401984,0.00006104
0.06433984,0.00006104
0.06465984,0.00006104
0.06497984,0.00006104
0.06529984,0.00006104
0.06561984,0.00006104
0.06593984,0.00006104
0.06625984,0.00006104
0.06657984,0.00006104
0.06689984,0.00006104
0.06721984,0.00006104
0.06753984,0.00006104
0.06785984,0.00006104
0.06817984,0.00006104
0.06849984,0.00006104
0.06881984,0.00006104
0.06913984,0.00006104
0.06945984,0.00006104
0.06977984,0.00006104
0.07009984,0.00006104
0.07041984,0.00006104
0.07073984,0.00006104
0.07105984,0.00006104
0.07137984,0.00006104
0.07169984,0.00006104
0.07201984,0.00006104
0.07233984,0.00006104
0.07265984,0.00006104
0.07297984,0.00006104
0.07329984,0.00006104
0.07361984,0.00006104
0.07393984,0.00006104
0.07425984,0.00006104
0.07457984,0.00006104
0.07489984,0.00006104
0.07521984,0.00006104
0.07553984,0.00006104
0.07585984,0.00006104
0.07617984,0.00006104
0.07649984,0.00006104
0.07681984,0.00006104
0.07713984,0.00006104
0.07745984,0.00006104
0.07777984,0.00006104
0.07809984,0.00006104
0.07841984,0.00006104
0.07873984,0.00006104
0.07905984,0.00006104
0.07937984,0.00006104
0.07969984,0.00006104
0.08001984,0.00006104
0.08033984,0.00006104
0.08065984,0.00006104
0.08097984,0.00006104
0.08129984,0.00006104
0.08161984,0.00006104
0.08193984,0.00006104
0.08225984,0.00006104
0.08257984,0.00006104
0.08289984,0.00006104
0.08321984,0.00006104
0.08353984,0.00006104
0.08385984,0.00006104
0.08417984,0.00006104
0.08449984,0.00006104
0.08481984,0.00006104
0.08513984,0.00006104
0.08545984,0.00006104
0.08577984,0.00006104
0.08609984,0.00006104
0.08641984,0.00006104
0.08673984,0.00006104
0.08705984,0.00006104
0.08737984,0.00006104
0.08769984,0.00006104
0.08801984,0.00006104
0.08833984,0.00006104
0.08865984,0.00006104
0.08897984,0.00006104
0.08929984,0.00006104
0.08961984,0.00006104
0.08993984,0.00006104
0.09025984,0.00006104
0.09057984,0.00006104
0.09089984,0.00006104
0.09121984,-0.01770074
0.09153984,0.00006104
0.09185984,0.00006104
0.09217984,0.00006104
0.09249984,0.00006104
0.09281984,0.00006104
0.09313984,0.00006104
0.09345984,0.00006104
0.09377984,0.00006104
0.09409984,0.00006104
0.09441984,0.00006104
0.09473984,0.00006104
0.09505984,0.00006104
0.09537984,0.00006104
0.09569984,0.00006104
0.09601984,0.00006104
0.09633984,0.00006104
0.09665984,0.00006104
0.09697984,0.00006104
0.09729984,0.00006104
0.09761984,0.00006104
0.09793984,0.00006104
0.09825984,0.00006104
0.09857984,0.00006104
0.09889984,0.00006104
0.09921984,0.00006104
0.09953984,0.00006104
0.09985984,0.00006104
0.10017984,0.00006104
0.10049984,0.00006104
0.10081984,-0.01770074
0.10113984,0.00006104
0.10145984,0.00006104
0.10177984,0.00006104
0.10209984,0.00006104
0.10241984,0.00006104
0.10273984,0.00006104
0.10305984,0.00006104
0.10337984,0.00006104
0.10369984,0.00006104
0.10401984,0.00006104
0.10433984,0.00006104
0.10465984,0.00006104
0.10497984,0.00006104
0.10529984,0.00006104
0.10561984,0.00006104
0.10593984,0.00006104
0.10625984,0.00006104
0.10657984,0.00006104
0.10689984,0.00006104
0.10721984,0.00006104
0.10753984,0.00006104
0.10785984,0.00006104
0.10817984,0.00006104
0.10849984,0.00006104
0.10881984,0.00006104
0.10913984,0.00006104
0.10945984,0.00006104
0.10977984,0.00006104
0.11009984,0.00006104
0.11041984,0.00006104
0.11073984,0.00006104
0.11105984,0.00006104
0.11137984,0.00006104
0.11169984,0.00006104
0.11201984,0.00006104
0.11233984,0.00006104
0.11265984,0.00006104
0.11297984,0.00006104
0.11329984,0.00006104
0.11361984,0.00006104
0.11393984,0.00006104
0.11425984,0.00006104
0.11457984,0.00006104
0.11489984,0.00006104
0.11521984,0.00006104
0.11553984,0.00006104
0.11585984,0.00006104
0.11617984,0.00006104
0.11649984,0.00006104
0.11681984,0.00006104
0.11713984,0.00006104
0.11745984,0.00006104
0.11777984,0.00006104
0.11809984,0.00006104
0.11841984,-0.01770074
0.11873984,0.00006104
0.11905984,0.00006104
0.11937984,0.00006104
0.11969984,0.00006104
0.12001984,0.00006104
0.12033984,0.00006104
0.12065984,0.00006104
0.12097984,0.00006104
0.12129984,0.00006104
0.12161984,0.00006104
0.12193984,0.00006104
0.12225984,0.00006104
0.12257984,0.00006104
0.12289984,0.00006104
0.12321984,0.00006104
0.12353984,0.00006104
0.12385984,0.00006104
0.12417984,0.00006104
0.12449984,0.00006104
0.12481984,0.00006104
0.12513984,0.00006104
0.12545984,0.00006104
0.12577984,0.00006104
0.12609984,0.00006104
0.12641984,0.00006104
0.12673984,-0.01770074
0.12705984,0.00006104
0.12737984,0.00006104
0.12769984,0.00006104
0.12801984,0.00006104
0.12833984,0.00006104
0.12865984,0.00006104
0.12897984,0.00006104
0.12929984,0.00006104
0.12961984,0.00006104
0.12993984,0.00006104
0.13025984,0.00006104
0.13057984,0.00006104
0.13089984,0.00006104
0.13121984,0.00006104
0.13153984,0.00006104
0.13185984,0.00006104
0.13217984,0.00006104
0.13249984,0.00006104
0.13281984,0.00006104
0.13313984,0.00006104
0.13345984,0.00006104
0.13377984,0.00006104
0.13409984,0.00006104
0.13441984,0.00006104
0.13473984,0.00006104
0.13505984,0.00006104
0.13537984,0.00006104
0.13569984,0.00006104
0.13601984,-0.01770074
0.13633984,0.00006104
0.13665984,0.00006104
0.13697984,-0.01770074
0.13729984,0.00006104
0.13761984,0.00006104
0.13793984,0.00006104
0.13825984,0.00006104
0.13857984,0.00006104
0.13889984,0.00006104
0.13921984,0.00006104
0.13953984,0.00006104
0.13985984,0.00006104
0.14017984,0.00006104
0.14049984,0.00006104
0.14081984,0.00006104
0.14113984,-0.01770074
0.14145984,0.00006104
0.14177984,0.00006104
0.14209984,0.00006104
0.14241984,-0.01770074
0.14273984,0.00006104
0.14305984,0.00006104
0.14337984,0.00006104
0.14369984,-0.01770074
0.14401984,0.00006104
0.14433984,0.00006104
0.14465984,0.00006104
0.14497984,0.00006104
0.14529984,0.00006104
0.14561984,0.00006104
0.14593984,0.00006104
0.14625984,0.00006104
0.14657984,0.00006104
0.14689984,0.00006104
0.14721984,0.00006104
0.14753984,0.00006104
0.14785984,0.00006104
0.14817984,0.00006104
0.14849984,0.00006104
0.14881984,0.00006104
0.14913984,0.00006104
0.14945984,0.00006104
0.14977984,0.00006104
0.15009984,0.00006104
0.15041984,0.00006104
0.15073984,0.00006104
0.15105984,0.00006104
0.15137984,-0.01770074
0.15169984,0.00006104
0.15201984,-0.01770074
0.15233984,0.00006104
0.15265984,0.00006104
0.15297984,0.00006104
0.15329984,0.00006104
0.15361984,0.00006104
0.15393984,0.00006104
0.15425984,0.00006104
0.15457984,0.00006104
0.15489984,0.00006104
0.15521984,0.00006104
0.15553984,-0.01770074
0.15585984,0.00006104
0.15617984,0.00006104
0.15649984,0.00006104
0.15681984,0.00006104
0.15713984,-0.01770074
0.15745984,0.00006104
0.15777984,0.00006104
0.15809984,0.00006104
0.15841984,0.00006104
0.15873984,0.00006104
0.15905984,0.00006104
0.15937984,0.00006104
0.15969984,0.00006104
0.16001984,0.00006104
0.16033984,-0.01770074
0.16065984,0.00006104
0.16097984,0.00006104
0.16129984,0.00006104
0.16161984,0.00006104
0.16193984,0.00006104
0.16225984,0.00006104
0.16257984,0.00006104
0.16289984,0.00006104
0.16321984,0.00006104
0.16353984,0.00006104
0.16385984,0.00006104
0.16417984,-0.01770074
0.16449984,0.00006104
0.16481984,0.00006104
0.16513984,0.00006104
0.16545984,0.00006104
0.16577984,0.00006104
0.16609984,0.00006104
0.16641984,0.00006104
0.16673984,0.00006104
0.16705984,0.00006104
0.16737984,0.00006104
0.16769984,0.00006104
0.16801984,0.00006104
0.16833984,0.00006104
0.16865984,0.00006104
0.16897984,0.00006104
0.16929984,0.00006104
0.16961984,0.00006104
0.16993984,0.00006104
0.17025984,0.00006104
0.17057984,0.00006104
0.17089984,0.00006104
0.17121984,0.00006104
0.17153984,-0.01770074
0.17185984,0.00006104
0.17217984,-0.01770074
0.17249984,0.00006104
0.17281984,0.00006104
0.17313984,0.00006104
0.17345984,0.00006104
0.17377984,0.00006104
0.17409984,0.00006104
0.17441984,0.00006104
0.17473984,0.00006104
0.17505984,0.00006104
0.17537984,0.00006104
0.17569984,0.00006104
0.17601984,0.00006104
0.17633984,0.00006104
0.17665984,0.00006104
0.17697984,0.00006104
0.17729984,0.00006104
0.17761984,0.00006104
0.17793984,0.00006104
0.17825984,0.00006104
0.17857984,0.00006104
0.17889984,0.00006104
0.17921984,0.00006104
0.17953984,0.00006104
0.17985984,0.00006104
0.18017984,0.00006104
0.18049984,0.00006104
0.18081984,0.00006104
0.18113984,0.00006104
0.18145984,0.00006104
0.18177984,0.00006104
0.18209984,0.00006104
0.18241984,0.00006104
0.18273984,0.00006104
0.18305984,0.00006104
0.18337984,0.00006104
0.18369984,0.00006104
0.18401984,0.00006104
0.18433984,0.00006104
0.18465984,0.00006104
0.18497984,0.00006104
0.18529984,0.00006104
0.18561984,0.00006104
0.18593984,0.00006104
0.18625984,0.00006104
0.18657984,0.00006104
0.18689984,0.00006104
0.18721984,0.00006104
0.18753984,0.00006104
0.18785984,-0.01770074
0.18817984,0.00006104
0.18849984,0.00006104
0.18881984,0.00006104
0.18913984,0.00006104
0.18945984,0.00006104
0.18977984,0.00006104
0.19009984,0.00006104
0.19041984,0.00006104
0.19073984,0.00006104
0.19105984,0.00006104
0.19137984,0.00006104
0.19169984,0.00006104
0.19201984,0.00006104
0.19233984,0.00006104
0.19265984,0.00006104
0.19297984,0.00006104
0.19329984,0.00006104
0.19361984,-0.01770074
0.19393984,0.00006104
0.19425984,-0.01770074
0.19457984,0.00006104
0.19489984,0.00006104
0.19521984,0.00006104
0.19553984,0.00006104
0.19585984,0.00006104
0.19617984,0.00006104
0.19649984,0.00006104
0.19681984,0.00006104
0.19713984,0.00006104
0.19745984,0.00006104
0.19777984,0.00006104
0.19809984,0.00006104
0.19841984,0.00006104
0.19873984,0.00006104
0.19905984,0.00006104
0.19937984,0.00006104
0.19969984,0.00006104
0.20001984,0.00006104
0.20033984,0.00006104
0.20065984,-0.01770074
0.20097984,0.00006104
0.20129984,0.00006104
0.20161984,0.00006104
0.20193984,0.00006104
0.20225984,0.00006104
0.20257984,0.00006104
0.20289984,0.00006104
0.20321984,0.00006104
0.20353984,0.00006104
0.20385984,0.00006104
0.20417984,0.00006104
0.20449984,0.00006104
0.20481984,0.00006104
0.20513984,0.00006104
0.20545984,0.00006104
0.20577984,0.00006104
0.20609984,0.00006104
0.20641984,0.00006104
0.20673984,0.00006104
0.20705984,0.00006104
0.20737984,0.00006104
0.20769984,0.00006104
0.20801984,0.00006104
0.20833984,0.00006104
0.20865984,0.00006104
0.20897984,0.00006104
0.20929984,0.00006104
0.20961984,0.00006104
0.20993984,0.00006104
0.21025984,0.00006104
0.21057984,0.00006104
0.21089984,-0.01770074
0.21121984,0.00006104
0.21153984,0.00006104
0.21185984,0.00006104
0.21217984,0.00006104
0.21249984,0.00006104
0.21281984,0.00006104
0.21313984,0.00006104
0.21345984,0.00006104
0.21377984,0.00006104
0.21409984,0.00006104
0.21441984,0.00006104
0.21473984,0.00006104
0.21505984,0.00006104
0.21537984,0.00006104
0.21569984,0.00006104
0.21601984,0.00006104
0.21633984,0.00006104
0.21665984,-0.01770074
0.21697984,0.00006104
0.21729984,0.00006104
0.21761984,0.00006104
0.21793984,0.00006104
0.21825984,0.00006104
0.21857984,0.00006104
0.21889984,0.00006104
0.21921984,0.00006104
0.21953984,0.00006104
0.21985984,0.00006104
0.22017984,0.00006104
0.22049984,0.00006104
0.22081984,0.00006104
0.22113984,0.00006104
0.22145984,0.00006104
0.22177984,0.00006104
0.22209984,0.00006104
0.22241984,0.00006104
0.22273984,0.00006104
0.22305984,0.00006104
0.22337984,0.00006104
0.22369984,0.00006104
0.22401984,0.00006104
0.22433984,0.00006104
0.22465984,0.00006104
0.22497984,0.00006104
0.22529984,0.00006104
0.22561984,0.00006104
0.22593984,0.00006104
0.22625984,0.00006104
0.22657984,0.00006104
0.22689984,0.00006104
0.22721984,0.00006104
0.22753984,0.00006104
0.22785984,0.00006104
0.22817984,0.00006104
0.22849984,0.00006104
0.22881984,0.00006104
0.22913984,0.00006104
0.22945984,0.00006104
0.22977984,0.00006104
0.23009984,0.00006104
0.23041984,0.00006104
0.23073984,0.00006104
0.23105984,0.00006104
0.23137984,0.00006104
0.23169984,0.00006104
0.23201984,0.00006104
0.23233984,0.00006104
0.23265984,0.00006104
0.23297984,0.00006104
0.23329984,0.00006104
0.23361984,0.00006104
0.23393984,0.00006104
0.23425984,-0.01770074
0.23457984,0.00006104
0.23489984,0.00006104
0.23521984,0.00006104
0.23553984,0.00006104
0.23585984,0.00006104
0.23617984,0.00006104
0.23649984,0.00006104
0.23681984,0.00006104
0.23713984,0.00006104
0.23745984,0.00006104
0.23777984,0.00006104
0.23809984,0.00006104
0.23841984,0.00006104
0.23873984,0.00006104
0.23905984,0.00006104
0.23937984,0.00006104
0.23969984,0.00006104
0.24001984,0.00006104
0.24033984,-0.01770074
0.24065984,0.00006104
0.24097984,0.00006104
0.24129984,0.00006104
0.24161984,0.00006104
0.24193984,0.00006104
0.24225984,0.00006104
0.24257984,0.00006104
0.24289984,0.00006104
0.24321984,0.00006104
0.24353984,0.00006104
0.24385984,0.00006104
0.24417984,0.00006104
0.24449984,0.00006104
0.24481984,0.00006104
0.24513984,0.00006104
0.24545984,0.00006104
0.24577984,0.00006104
0.24609984,0.00006104
0.24641984,0.00006104
0.24673984,0.00006104
0.24705984,0.00006104
0.24737984,0.00006104
0.24769984,0.00006104
0.24801984,0.00006104
0.24833984,0.00006104
0.24865984,0.00006104
0.24897984,0.00006104
0.24929984,0.00006104
0.24961984,-0.01770074
0.24993984,0.00006104
0.25025984,0.00006104
0.25057984,0.00006104
0.25089984,0.00006104
0.25121984,0.00006104
0.25153984,0.00006104
0.25185984,0.00006104
0.25217984,0.00006104
0.25249984,0.00006104
0.25281984,0.00006104
0.25313984,0.00006104
0.25345984,0.00006104
0.25377984,0.00006104
0.25409984,0.00006104
0.25441984,0.00006104
0.25473984,0.00006104
0.25505984,0.00006104
0.25537984,0.00006104
0.25569984,0.00006104
0.25601984,0.00006104
0.25633984,0.00006104
0.25665984,0.00006104
0.25697984,0.00006104
0.25729984,0.00006104
0.25761984,0.00006104
0.25793984,0.00006104
0.25825984,0.00006104
0.25857984,-0.01770074
0.25889984,0.00006104
0.25921984,0.00006104
0.25953984,0.00006104
0.25985984,-0.01770074
0.26017984,0.00006104
0.26049984,0.00006104
0.26081984,0.00006104
0.26113984,0.00006104
0.26145984,0.00006104
0.26177984,0.00006104
0.26209984,0.00006104
0.26241984,0.00006104
0.26273984,0.00006104
0.26305984,0.00006104
0.26337984,0.00006104
0.26369984,0.00006104
0.26401984,0.00006104
0.26433984,0.00006104
0.26465984,0.00006104
0.26497984,0.00006104
0.26529984,0.00006104
0.26561984,-0.01770074
0.26593984,-0.01770074
0.26625984,-0.01770074
0.26657984,0.00006104
0.26689984,0.00006104
0.26721984,-0.01770074
0.26753984,0.00006104
0.26785984,0.00006104
0.26817984,0.00006104
0.26849984,0.00006104
0.26881984,0.00006104
0.26913984,0.00006104
0.26945984,0.00006104
0.26977984,0.00006104
0.27009984,0.00006104
0.27041984,0.00006104
0.27073984,0.00006104
0.27105984,0.00006104
0.27137984,0.00006104
0.27169984,0.00006104
0.27201984,0.00006104
0.27233984,0.00006104
0.27265984,0.00006104
0.27297984,0.00006104
0.27329984,0.00006104
0.27361984,0.00006104
0.27393984,-0.01770074
0.27425984,0.00006104
0.27457984,-0.01770074
0.27489984,0.00006104
0.27521984,0.00006104
0.27553984,0.00006104
0.27585984,0.00006104
0.27617984,0.00006104
0.27649984,-0.01770074
0.27681984,0.00006104
0.27713984,0.00006104
0.27745984,0.00006104
0.27777984,0.00006104
0.27809984,0.00006104
0.27841984,0.00006104
0.27873984,0.00006104
0.27905984,0.00006104
0.27937984,0.00006104
0.27969984,0.00006104
0.28001984,0.00006104
0.28033984,0.00006104
0.28065984,0.00006104
0.28097984,0.00006104
0.28129984,0.00006104
0.28161984,0.00006104
0.28193984,0.00006104
0.28225984,0.00006104
0.28257984,0.00006104
0.28289984,0.00006104
0.28321984,0.00006104
0.28353984,-0.01770074
0.28385984,-0.01770074
0.28417984,0.00006104
0.28449984,0.00006104
0.28481984,0.00006104
0.28513984,0.00006104
0.28545984,0.00006104
0.28577984,0.00006104
0.28609984,0.00006104
0.28641984,0.00006104
0.28673984,0.00006104
0.28705984,0.00006104
0.28737984,0.00006104
0.28769984,0.00006104
0.28801984,0.00006104
0.28833984,0.00006104
0.28865984,0.00006104
0.28897984,0.00006104
0.28929984,0.00006104
0.28961984,-0.01770074
0.28993984,0.00006104
0.29025984,0.00006104
0.29057984,0.00006104
0.29089984,-0.01770074
0.29121984,0.00006104
0.29153984,0.00006104
0.29185984,0.00006104
0.29217984,0.00006104
0.29249984,0.00006104
0.29281984,0.00006104
0.29313984,0.00006104
0.29345984,0.00006104
0.29377984,0.00006104
0.29409984,0.00006104
0.29441984,0.00006104
0.29473984,0.00006104
0.29505984,0.00006104
0.29537984,0.00006104
0.29569984,0.00006104
0.29601984,0.00006104
0.29633984,0.00006104
0.29665984,0.00006104
0.29697984,0.00006104
0.29729984,0.00006104
0.29761984,0.00006104
0.29793984,-0.01770074
0.29825984,0.00006104
0.29857984,0.00006104
0.29889984,0.00006104
0.29921984,0.00006104
0.29953984,0.00006104
0.29985984,0.00006104
0.30017984,0.00006104
0.30049984,0.00006104
0.30081984,0.00006104
0.30113984,0.00006104
0.30145984,0.00006104
0.30177984,0.00006104
0.30209984,0.00006104
0.30241984,0.00006104
0.30273984,0.00006104
0.30305984,0.00006104
0.30337984,0.00006104
0.30369984,0.00006104
0.30401984,0.00006104
0.30433984,0.00006104
0.30465984,0.00006104
0.30497984,0.00006104
0.30529984,0.00006104
0.30561984,0.00006104
0.30593984,0.00006104
0.30625984,0.00006104
0.30657984,0.00006104
0.30689984,0.00006104
0.30721984,0.00006104
0.30753984,0.00006104
0.30785984,0.00006104
0.30817984,0.00006104
0.30849984,0.00006104
0.30881984,0.00006104
0.30913984,-0.01770074
0.30945984,0.00006104
0.30977984,0.00006104
0.31009984,0.00006104
0.31041984,0.00006104
0.31073984,0.00006104
0.31105984,0.00006104
0.31137984,0.00006104
0.31169984,0.00006104
0.31201984,0.00006104
0.31233984,0.00006104
0.31265984,0.00006104
0.31297984,0.00006104
0.31329984,0.00006104
0.31361984,0.00006104
0.31393984,0.00006104
0.31425984,0.00006104
0.31457984,0.00006104
0.31489984,0.00006104
0.31521984,0.00006104
0.31553984,0.00006104
0.31585984,0.00006104
0.31617984,0.00006104
0.31649984,0.00006104
0.31681984,0.00006104
0.31713984,0.00006104
0.31745984,0.00006104
0.31777984,0.00006104
0.31809984,0.00006104
0.31841984,0.00006104
0.31873984,0.00006104
0.31905984,0.00006104
0.31937984,0.00006104
0.31969984,0.00006104
0.32001984,0.00006104
0.32033984,0.00006104
0.32065984,0.00006104
0.32097984,0.00006104
0.32129984,0.00006104
0.32161984,0.00006104
0.32193984,0.00006104
0.32225984,0.00006104
0.32257984,0.00006104
0.32289984,0.00006104
0.32321984,-0.01770074
0.32353984,0.00006104
0.32385984,0.00006104
0.32417984,0.00006104
0.32449984,0.00006104
0.32481984,0.00006104
0.32513984,0.00006104
0.32545984,0.00006104
0.32577984,0.00006104
0.32609984,0.00006104
0.32641984,0.00006104
0.32673984,0.00006104
0.32705984,0.00006104
0.32737984,0.00006104
0.32769984,0.00006104
0.32801984,0.00006104
0.32833984,0.00006104
0.32865984,0.00006104
0.32897984,0.00006104
0.32929984,0.00006104
0.32961984,0.00006104
0.32993984,0.00006104
0.33025984,0.00006104
0.33057984,0.00006104
0.33089984,0.00006104
0.33121984,0.00006104
0.33153984,0.00006104
0.33185984,0.00006104
0.33217984,0.00006104
0.33249984,-0.01770074
0.33281984,0.00006104
0.33313984,0.00006104
0.33345984,0.00006104
0.33377984,0.00006104
0.33409984,0.00006104
0.33441984,0.00006104
0.33473984,0.00006104
0.33505984,0.00006104
0.33537984,0.00006104
0.33569984,0.00006104
0.33601984,-0.01770074
0.33633984,0.00006104
0.33665984,0.00006104
0.33697984,-0.01770074
0.33729984,0.00006104
0.33761984,0.00006104
0.33793984,0.00006104
0.33825984,0.00006104
0.33857984,0.00006104
0.33889984,0.00006104
0.33921984,0.00006104
0.33953984,0.00006104
0.33985984,0.00006104
0.34017984,0.00006104
0.34049984,0.00006104
0.34081984,0.00006104
0.34113984,0.00006104
0.34145984,0.00006104
0.34177984,0.00006104
0.34209984,0.00006104
0.34241984,0.00006104
0.34273984,0.00006104
0.34305984,0.00006104
0.34337984,0.00006104
0.34369984,0.00006104
0.34401984,0.00006104
0.34433984,0.00006104
0.34465984,0.00006104
0.34497984,0.00006104
0.34529984,0.00006104
0.34561984,0.00006104
0.34593984,0.00006104
0.34625984,0.00006104
0.34657984,0.00006104
0.34689984,0.00006104
0.34721984,0.00006104
0.34753984,0.00006104
0.34785984,0.00006104
0.34817984,0.00006104
0.34849984,0.00006104
0.34881984,0.00006104
0.34913984,0.00006104
0.34945984,0.00006104
0.34977984,0.00006104
0.35009984,0.00006104
0.35041984,0.00006104
0.35073984,0.00006104
0.35105984,0.00006104
0.35137984,0.00006104
0.35169984,0.00006104
0.35201984,0.00006104
0.35233984,0.00006104
0.35265984,0.00006104
0.35297984,0.00006104
0.35329984,0.00006104
0.35361984,0.00006104
0.35393984,0.00006104
0.35425984,0.00006104
0.35457984,0.00006104
0.35489984,0.00006104
0.35521984,0.00006104
0.35553984,0.00006104
0.35585984,0.00006104
0.35617984,-0.01770074
0.35649984,0.00006104
0.35681984,0.00006104
0.35713984,0.00006104
0.35745984,0.00006104
0.35777984,0.00006104
0.35809984,0.00006104
0.35841984,0.00006104
0.35873984,0.00006104
0.35905984,0.00006104
0.35937984,0.00006104
0.35969984,0.00006104
0.36001984,0.00006104
0.36033984,0.00006104
0.36065984,0.00006104
0.36097984,0.00006104
0.36129984,0.00006104
0.36161984,0.00006104
0.36193984,0.00006104
0.36225984,0.00006104
0.36257984,0.00006104
0.36289984,0.00006104
0.36321984,0.00006104
0.36353984,0.00006104
0.36385984,0.00006104
0.36417984,0.00006104
0.36449984,0.00006104
0.36481984,0.00006104
0.36513984,0.00006104
0.36545984,0.00006104
0.36577984,0.00006104
0.36609984,0.00006104
0.36641984,0.00006104
0.36673984,0.00006104
0.36705984,0.00006104
0.36737984,0.00006104
0.36769984,0.00006104
0.36801984,0.00006104
0.36833984,0.00006104
0.36865984,0.00006104
0.36897984,0.00006104
0.36929984,0.00006104
0.36961984,0.00006104
0.36993984,0.00006104
0.37025984,0.00006104
0.37057984,0.00006104
0.37089984,0.00006104
0.37121984,-0.01770074
0.37153984,0.00006104
0.37185984,0.00006104
0.37217984,0.00006104
0.37249984,0.00006104
0.37281984,0.00006104
0.37313984,0.00006104
0.37345984,0.00006104
0.37377984,0.00006104
0.37409984,0.00006104
0.37441984,0.00006104
0.37473984,0.00006104
0.37505984,0.00006104
0.37537984,0.00006104
0.37569984,0.00006104
0.37601984,0.00006104
0.37633984,0.00006104
0.37665984,0.00006104
0.37697984,0.00006104
0.37729984,0.00006104
0.37761984,-0.01770074
0.37793984,0.00006104
0.37825984,-0.01770074
0.37857984,-0.01770074
0.37889984,0.00006104
0.37921984,-0.01770074
0.37953984,0.00006104
0.37985984,0.00006104
0.38017984,0.00006104
0.38049984,-0.01770074
0.38081984,0.00006104
0.38113984,0.00006104
0.38145984,0.00006104
0.38177984,0.00006104
0.38209984,0.00006104
0.38241984,0.00006104
0.38273984,0.00006104
0.38305984,0.00006104
0.38337984,0.00006104
0.38369984,0.00006104
0.38401984,0.00006104
0.38433984,0.00006104
0.38465984,0.00006104
0.38497984,0.00006104
0.38529984,0.00006104
0.38561984,0.00006104
0.38593984,0.00006104
0.38625984,0.00006104
0.38657984,0.00006104
0.38689984,0.00006104
0.38721984,0.00006104
0.38753984,0.00006104
0.38785984,0.00006104
0.38817984,0.00006104
0.38849984,0.00006104
0.38881984,0.00006104
0.38913984,-0.01770074
0.38945984,0.00006104
0.38977984,0.00006104
0.39009984,0.00006104
0.39041984,0.00006104
0.39073984,0.00006104
0.39105984,-0.01770074
0.39137984,0.00006104
0.39169984,0.00006104
0.39201984,0.00006104
0.39233984,0.00006104
0.39265984,0.00006104
0.39297984,0.00006104
0.39329984,0.00006104
0.39361984,0.00006104
0.39393984,0.00006104
0.39425984,0.00006104
0.39457984,0.00006104
0.39489984,0.00006104
0.39521984,0.00006104
0.39553984,-0.01770074
0.39585984,0.00006104
0.39617984,0.00006104
0.39649984,0.00006104
0.39681984,0.00006104
0.39713984,0.00006104
0.39745984,-0.01770074
0.39777984,0.00006104
0.39809984,0.00006104
0.39841984,-0.01770074
0.39873984,0.00006104
0.39905984,0.00006104
0.39937984,0.00006104
0.39969984,0.00006104
0.40001984,0.00006104
0.40033984,0.00006104
0.40065984,0.00006104
0.40097984,0.00006104
0.40129984,0.00006104
0.40161984,0.00006104
0.40193984,0.00006104
0.40225984,0.00006104
0.40257984,0.00006104
0.40289984,0.00006104
0.40321984,0.00006104
0.40353984,0.00006104
0.40385984,0.00006104
0.40417984,0.00006104
0.40449984,0.00006104
0.40481984,0.00006104
0.40513984,0.00006104
0.40545984,0.00006104
0.40577984,-0.01770074
0.40609984,0.00006104
0.40641984,0.00006104
0.40673984,0.00006104
0.40705984,0.00006104
0.40737984,0.00006104
0.40769984,0.00006104
0.40801984,0.00006104
0.40833984,0.00006104
0.40865984,0.00006104
0.40897984,-0.01770074
0.40929984,0.00006104
0.40961984,0.00006104
0.40993984,0.00006104
0.41025984,-0.01770074
0.41057984,0.00006104
0.41089984,-0.01770074
0.41121984,0.00006104
0.41153984,0.00006104
0.41185984,0.00006104
0.41217984,0.00006104
0.41249984,0.00006104
0.41281984,0.00006104
0.41313984,0.00006104
0.41345984,0.00006104
0.41377984,0.00006104
0.41409984,0.00006104
0.41441984,0.00006104
0.41473984,0.00006104
0.41505984,0.00006104
0.41537984,0.00006104
0.41569984,0.00006104
0.41601984,0.00006104
0.41633984,0.00006104
0.41665984,0.00006104
0.41697984,0.00006104
0.41729984,0.00006104
0.41761984,0.00006104
0.41793984,0.00006104
0.41825984,0.00006104
0.41857984,0.00006104
0.41889984,0.00006104
0.41921984,0.00006104
0.41953984,0.00006104
0.41985984,0.00006104
0.42017984,0.00006104
0.42049984,0.00006104
0.42081984,0.00006104
0.42113984,0.00006104
0.42145984,0.00006104
0.42177984,0.00006104
0.42209984,0.00006104
0.42241984,0.00006104
0.42273984,0.00006104
0.42305984,0.00006104
0.42337984,0.00006104
0.42369984,0.00006104
0.42401984,0.00006104
0.42433984,0.00006104
0.42465984,-0.01770074
0.42497984,0.00006104
0.42529984,0.00006104
0.42561984,0.00006104
0.42593984,0.00006104
0.42625984,0.00006104
0.42657984,0.00006104
0.42689984,0.00006104
0.42721984,0.00006104
0.42753984,0.00006104
0.42785984,0.00006104
0.42817984,0.00006104
0.42849984,0.00006104
0.42881984,0.00006104
0.42913984,0.00006104
0.42945984,0.00006104
0.42977984,0.00006104
0.43009984,0.00006104
0.43041984,0.00006104
0.43073984,0.00006104
0.43105984,0.00006104
0.43137984,0.00006104
0.43169984,0.00006104
0.43201984,0.00006104
0.43233984,0.00006104
0.43265984,0.00006104
0.43297984,0.00006104
0.43329984,0.00006104
0.43361984,0.00006104
0.43393984,0.00006104
0.43425984,0.00006104
0.43457984,0.00006104
0.43489984,0.00006104
0.43521984,0.00006104
0.43553984,0.00006104
0.43585984,0.00006104
0.43617984,0.00006104
0.43649984,0.00006104
0.43681984,0.00006104
0.43713984,0.00006104
0.43745984,0.00006104
0.43777984,0.00006104
0.43809984,0.00006104
0.43841984,0.00006104
0.43873984,0.00006104
0.43905984,0.00006104
0.43937984,0.00006104
0.43969984,0.00006104
0.44001984,0.00006104
0.44033984,0.00006104
0.44065984,0.00006104
0.44097984,0.00006104
0.44129984,0.00006104
0.44161984,0.00006104
0.44193984,0.00006104
0.44225984,0.00006104
0.44257984,0.00006104
0.44289984,0.00006104
0.44321984,0.00006104
0.44353984,0.00006104
0.44385984,0.00006104
0.44417984,0.00006104
0.44449984,0.00006104
0.44481984,0.00006104
0.44513984,0.00006104
0.44545984,0.00006104
0.44577984,0.00006104
0.44609984,0.00006104
0.44641984,0.00006104
0.44673984,0.00006104
0.44705984,0.00006104
0.44737984,0.00006104
0.44769984,0.00006104
0.44801984,0.00006104
0.44833984,0.00006104
0.44865984,0.00006104
0.44897984,0.00006104
0.44929984,0.00006104
0.44961984,0.00006104
0.44993984,0.00006104
0.45025984,0.00006104
0.45057984,0.00006104
0.45089984,0.00006104
0.45121984,0.00006104
0.45153984,0.00006104
0.45185984,0.00006104
0.45217984,0.00006104
0.45249984,0.00006104
0.45281984,0.00006104
0.45313984,0.00006104
0.45345984,0.00006104
0.45377984,0.00006104
0.45409984,0.00006104
0.45441984,0.00006104
0.45473984,0.00006104
0.45505984,0.00006104
0.45537984,0.00006104
0.45569984,0.00006104
0.45601984,0.00006104
0.45633984,0.00006104
0.45665984,0.00006104
0.45697984,0.00006104
0.45729984,0.00006104
0.45761984,0.00006104
0.45793984,0.00006104
0.45825984,0.00006104
0.45857984,0.00006104
0.45889984,0.00006104
0.45921984,0.00006104
0.45953984,0.00006104
0.45985984,0.00006104
0.46017984,0.00006104
0.46049984,0.00006104
0.46081984,0.00006104
0.46113984,0.00006104
0.46145984,0.00006104
0.46177984,0.00006104
0.46209984,0.00006104
0.46241984,0.00006104
0.46273984,0.00006104
0.46305984,0.00006104
0.46337984,0.00006104
0.46369984,0.00006104
0.46401984,0.00006104
0.46433984,0.00006104
0.46465984,0.00006104
0.46497984,0.00006104
0.46529984,0.00006104
0.46561984,0.00006104
0.46593984,0.00006104
0.46625984,0.00006104
0.46657984,0.00006104
0.46689984,0.00006104
0.46721984,0.00006104
0.46753984,0.00006104
0.46785984,0.00006104
0.46817984,0.00006104
0.46849984,0.00006104
0.46881984,0.00006104
0.46913984,0.00006104
0.46945984,0.00006104
0.46977984,0.00006104
0.47009984,0.00006104
0.47041984,0.00006104
0.47073984,0.00006104
0.47105984,0.00006104
0.47137984,0.00006104
0.47169984,0.00006104
0.47201984,0.00006104
0.47233984,0.00006104
0.47265984,0.01788385
0.47297984,0.00006104
0.47329984,0.00006104
0.47361984,0.00006104
0.47393984,0.00006104
0.47425984,0.00006104
0.47457984,0.00006104
0.47489984,0.00006104
0.47521984,0.00006104
0.47553984,0.00006104
0.47585984,0.00006104
0.47617984,0.00006104
0.47649984,0.00006104
0.47681984,0.00006104
0.47713984,0.00006104
0.47745984,0.00006104
0.47777984,0.00006104
0.47809984,0.00006104
0.47841984,0.00006104
0.47873984,0.00006104
0.47905984,0.00006104
0.47937984,0.00006104
0.47969984,0.00006104
0.48001984,0.00006104
0.48033984,0.00006104
0.48065984,0.00006104
0.48097984,0.00006104
0.48129984,0.00006104
0.48161984,0.00006104
0.48193984,0.00006104
0.48225984,0.00006104
0.48257984,0.00006104
0.48289984,0.00006104
0.48321984,0.00006104
0.48353984,0.00006104
0.48385984,0.00006104
0.48417984,0.00006104
0.48449984,0.00006104
0.48481984,0.00006104
0.48513984,0.00006104
0.48545984,0.00006104
0.48577984,0.00006104
0.48609984,0.00006104
0.48641984,0.00006104
0.48673984,0.00006104
0.48705984,0.00006104
0.48737984,0.00006104
0.48769984,0.00006104
0.48801984,0.00006104
0.48833984,0.00006104
0.48865984,0.00006104
0.48897984,0.00006104
0.48929984,0.00006104
0.48961984,0.00006104
0.48993984,0.00006104
0.49025984,0.00006104
0.49057984,0.00006104
0.49089984,0.00006104
0.49121984,0.00006104
0.49153984,0.00006104
0.49185984,0.00006104
0.49217984,0.00006104
0.49249984,0.00006104
0.49281984,0.00006104
0.49313984,0.00006104
0.49345984,0.00006104
0.49377984,-0.01770074
0.49409984,0.00006104
0.49441984,0.00006104
0.49473984,0.00006104
0.49505984,0.00006104
0.49537984,0.00006104
0.49569984,0.00006104
0.49601984,0.00006104
0.49633984,0.00006104
0.49665984,0.00006104
0.49697984,0.00006104
0.49729984,0.00006104
0.49761984,0.00006104
0.49793984,0.00006104
0.49825984,0.00006104
0.49857984,0.00006104
0.49889984,-0.08893093
0.49921984,-0.64076662
0.49953984,-0.37372968
0.49985984,-0.17792290
0.50017984,-0.03552354
0.50049984,0.01788385
0.50081984,0.01788385
0.50113984,-0.01770074
0.50145984,-0.03552354
0.50177984,-0.01770074
0.50209984,-0.30256051
0.50241984,-0.96114993
0.50273984,-1.69096959
0.50305984,-0.97897273
0.50337984,-0.80092776
0.50369984,-0.23133031
0.50401984,0.03570665
0.50433984,0.08911405
0.50465984,0.03570665
0.50497984,0.03570665
0.50529984,0.01788385
0.50561984,0.01788385
0.50593984,0.03570665
0.50625984,0.03570665
0.50657984,0.03570665
0.50689984,0.03570665
0.50721984,0.03570665
0.50753984,0.01788385
0.50785984,0.00006104
0.50817984,0.01788385
0.50849984,0.01788385
0.50881984,0.01788385
0.50913984,0.05346843
0.50945984,0.05346843
0.50977984,0.05346843
0.51009984,0.08911405
0.51041984,0.05346843
0.51073984,0.07129124
0.51105984,0.05346843
0.51137984,0.03570665
0.51169984,0.07129124
0.51201984,0.08911405
0.51233984,0.07129124
0.51265984,0.03570665
0.51297984,0.03570665
0.51329984,0.03570665
0.51361984,0.03570665
0.51393984,0.00006104
0.51425984,-0.01770074
0.51457984,-0.01770074
0.51489984,-0.01770074
0.51521984,0.03570665
0.51553984,0.00006104
0.51585984,0.00006104
0.51617984,0.05346843
0.51649984,-0.03552354
0.51681984,0.00006104
0.51713984,0.01788385
0.51745984,-0.03552354
0.51777984,0.01788385
0.51809984,0.03570665
0.51841984,0.01788385
0.51873984,0.03570665
0.51905984,0.03570665
0.51937984,0.03570665
0.51969984,0.00006104
0.52001984,0.00006104
