Time,Channel A
(ms),(V)

-1.48087856,0.03570665
-1.48055856,0.01788385
-1.48023856,0.01788385
-1.47991856,0.01788385
-1.47959856,0.01788385
-1.47927856,0.01788385
-1.47895856,0.01788385
-1.47863856,0.05346843
-1.47831856,0.00006104
-1.47799856,0.00006104
-1.47767856,0.01788385
-1.47735856,0.01788385
-1.47703856,0.01788385
-1.47671856,0.01788385
-1.47639856,0.00006104
-1.47607856,0.00006104
-1.47575856,0.01788385
-1.47543856,0.00006104
-1.47511856,0.00006104
-1.47479856,0.01788385
-1.47447856,0.01788385
-1.47415856,0.00006104
-1.47383856,0.01788385
-1.47351856,0.00006104
-1.47319856,0.00006104
-1.47287856,0.01788385
-1.47255856,0.00006104
-1.47223856,0.00006104
-1.47191856,0.01788385
-1.47159856,0.01788385
-1.47127856,0.00006104
-1.47095856,0.01788385
-1.47063856,0.00006104
-1.47031856,0.00006104
-1.46999856,0.00006104
-1.46967856,-0.01770074
-1.46935856,0.00006104
-1.46903856,0.00006104
-1.46871856,0.00006104
-1.46839856,0.00006104
-1.46807856,0.00006104
-1.46775856,0.00006104
-1.46743856,0.01788385
-1.46711856,0.00006104
-1.46679856,0.00006104
-1.46647856,0.00006104
-1.46615856,0.00006104
-1.46583856,0.01788385
-1.46551856,0.01788385
-1.46519856,0.01788385
-1.46487856,0.00006104
-1.46455856,0.00006104
-1.46423856,0.00006104
-1.46391856,0.00006104
-1.46359856,0.00006104
-1.46327856,0.00006104
-1.46295856,0.00006104
-1.46263856,0.00006104
-1.46231856,0.00006104
-1.46199856,0.00006104
-1.46167856,0.01788385
-1.46135856,0.00006104
-1.46103856,0.00006104
-1.46071856,0.01788385
-1.46039856,0.00006104
-1.46007856,0.00006104
-1.45975856,0.00006104
-1.45943856,0.00006104
-1.45911856,0.00006104
-1.45879856,0.00006104
-1.45847856,-0.01770074
-1.45815856,0.00006104
-1.45783856,0.00006104
-1.45751856,0.00006104
-1.45719856,0.00006104
-1.45687856,0.00006104
-1.45655856,0.00006104
-1.45623856,0.01788385
-1.45591856,0.01788385
-1.45559856,0.01788385
-1.45527856,0.00006104
-1.45495856,0.00006104
-1.45463856,0.00006104
-1.45431856,0.01788385
-1.45399856,0.00006104
-1.45367856,0.00006104
-1.45335856,0.00006104
-1.45303856,0.00006104
-1.45271856,0.00006104
-1.45239856,0.00006104
-1.45207856,0.00006104
-1.45175856,-0.01770074
-1.45143856,0.00006104
-1.45111856,0.00006104
-1.45079856,-0.01770074
-1.45047856,0.00006104
-1.45015856,0.00006104
-1.44983856,0.00006104
-1.44951856,0.00006104
-1.44919856,0.00006104
-1.44887856,0.00006104
-1.44855856,0.00006104
-1.44823856,0.00006104
-1.44791856,0.00006104
-1.44759856,0.00006104
-1.44727856,0.00006104
-1.44695856,0.00006104
-1.44663856,0.00006104
-1.44631856,0.00006104
-1.44599856,0.00006104
-1.44567856,0.00006104
-1.44535856,0.00006104
-1.44503856,0.00006104
-1.44471856,0.00006104
-1.44439856,0.00006104
-1.44407856,0.00006104
-1.44375856,0.00006104
-1.44343856,0.00006104
-1.44311856,0.00006104
-1.44279856,0.00006104
-1.44247856,0.00006104
-1.44215856,0.00006104
-1.44183856,0.00006104
-1.44151856,0.00006104
-1.44119856,0.00006104
-1.44087856,0.00006104
-1.44055856,0.00006104
-1.44023856,0.00006104
-1.43991856,0.00006104
-1.43959856,0.00006104
-1.43927856,0.00006104
-1.43895856,0.00006104
-1.43863856,0.00006104
-1.43831856,0.00006104
-1.43799856,0.00006104
-1.43767856,0.00006104
-1.43735856,0.00006104
-1.43703856,0.00006104
-1.43671856,0.00006104
-1.43639856,0.00006104
-1.43607856,0.00006104
-1.43575856,0.00006104
-1.43543856,0.00006104
-1.43511856,0.00006104
-1.43479856,0.00006104
-1.43447856,0.00006104
-1.43415856,0.00006104
-1.43383856,0.00006104
-1.43351856,0.00006104
-1.43319856,0.00006104
-1.43287856,0.00006104
-1.43255856,0.00006104
-1.43223856,0.00006104
-1.43191856,0.00006104
-1.43159856,0.00006104
-1.43127856,0.00006104
-1.43095856,0.00006104
-1.43063856,0.00006104
-1.43031856,0.00006104
-1.42999856,0.00006104
-1.42967856,0.00006104
-1.42935856,0.00006104
-1.42903856,0.00006104
-1.42871856,0.00006104
-1.42839856,0.00006104
-1.42807856,0.00006104
-1.42775856,0.00006104
-1.42743856,-0.01770074
-1.42711856,0.00006104
-1.42679856,0.00006104
-1.42647856,0.00006104
-1.42615856,0.00006104
-1.42583856,0.00006104
-1.42551856,0.00006104
-1.42519856,0.00006104
-1.42487856,0.00006104
-1.42455856,0.00006104
-1.42423856,0.00006104
-1.42391856,0.00006104
-1.42359856,0.00006104
-1.42327856,0.00006104
-1.42295856,0.00006104
-1.42263856,0.00006104
-1.42231856,0.00006104
-1.42199856,0.00006104
-1.42167856,0.00006104
-1.42135856,-0.01770074
-1.42103856,0.00006104
-1.42071856,-0.01770074
-1.42039856,0.00006104
-1.42007856,0.00006104
-1.41975856,0.00006104
-1.41943856,0.00006104
-1.41911856,0.00006104
-1.41879856,0.00006104
-1.41847856,-0.01770074
-1.41815856,0.00006104
-1.41783856,0.00006104
-1.41751856,0.00006104
-1.41719856,0.00006104
-1.41687856,0.00006104
-1.41655856,0.00006104
-1.41623856,0.00006104
-1.41591856,0.00006104
-1.41559856,0.00006104
-1.41527856,0.00006104
-1.41495856,0.00006104
-1.41463856,0.00006104
-1.41431856,-0.01770074
-1.41399856,0.00006104
-1.41367856,0.00006104
-1.41335856,0.00006104
-1.41303856,0.00006104
-1.41271856,0.00006104
-1.41239856,0.00006104
-1.41207856,0.00006104
-1.41175856,0.00006104
-1.41143856,0.00006104
-1.41111856,0.00006104
-1.41079856,0.00006104
-1.41047856,0.00006104
-1.41015856,0.00006104
-1.40983856,0.00006104
-1.40951856,0.00006104
-1.40919856,0.00006104
-1.40887856,-0.01770074
-1.40855856,0.00006104
-1.40823856,0.00006104
-1.40791856,0.00006104
-1.40759856,0.00006104
-1.40727856,0.00006104
-1.40695856,0.00006104
-1.40663856,0.00006104
-1.40631856,0.00006104
-1.40599856,0.00006104
-1.40567856,0.00006104
-1.40535856,0.00006104
-1.40503856,0.00006104
-1.40471856,0.00006104
-1.40439856,0.00006104
-1.40407856,0.00006104
-1.40375856,0.00006104
-1.40343856,0.00006104
-1.40311856,0.00006104
-1.40279856,0.00006104
-1.40247856,0.00006104
-1.40215856,0.00006104
-1.40183856,0.00006104
-1.40151856,0.00006104
-1.40119856,0.00006104
-1.40087856,0.00006104
-1.40055856,0.00006104
-1.40023856,0.00006104
-1.39991856,0.00006104
-1.39959856,0.00006104
-1.39927856,0.00006104
-1.39895856,0.00006104
-1.39863856,0.00006104
-1.39831856,0.00006104
-1.39799856,0.00006104
-1.39767856,0.00006104
-1.39735856,0.00006104
-1.39703856,0.00006104
-1.39671856,0.00006104
-1.39639856,0.00006104
-1.39607856,0.00006104
-1.39575856,0.00006104
-1.39543856,0.00006104
-1.39511856,0.00006104
-1.39479856,0.00006104
-1.39447856,0.00006104
-1.39415856,0.00006104
-1.39383856,0.00006104
-1.39351856,0.00006104
-1.39319856,0.00006104
-1.39287856,0.00006104
-1.39255856,0.00006104
-1.39223856,0.00006104
-1.39191856,0.00006104
-1.39159856,0.00006104
-1.39127856,0.00006104
-1.39095856,0.00006104
-1.39063856,0.00006104
-1.39031856,0.00006104
-1.38999856,0.00006104
-1.38967856,0.00006104
-1.38935856,0.00006104
-1.38903856,0.00006104
-1.38871856,0.00006104
-1.38839856,0.00006104
-1.38807856,0.00006104
-1.38775856,0.00006104
-1.38743856,0.00006104
-1.38711856,0.00006104
-1.38679856,0.00006104
-1.38647856,0.00006104
-1.38615856,0.00006104
-1.38583856,0.00006104
-1.38551856,0.00006104
-1.38519856,0.00006104
-1.38487856,0.00006104
-1.38455856,0.00006104
-1.38423856,0.00006104
-1.38391856,0.00006104
-1.38359856,0.00006104
-1.38327856,0.00006104
-1.38295856,0.00006104
-1.38263856,0.00006104
-1.38231856,0.00006104
-1.38199856,0.00006104
-1.38167856,0.00006104
-1.38135856,0.00006104
-1.38103856,0.00006104
-1.38071856,0.00006104
-1.38039856,0.00006104
-1.38007856,0.00006104
-1.37975856,0.00006104
-1.37943856,-0.01770074
-1.37911856,0.00006104
-1.37879856,0.00006104
-1.37847856,0.00006104
-1.37815856,0.00006104
-1.37783856,0.00006104
-1.37751856,0.00006104
-1.37719856,0.00006104
-1.37687856,0.00006104
-1.37655856,0.00006104
-1.37623856,0.00006104
-1.37591856,0.00006104
-1.37559856,-0.01770074
-1.37527856,0.00006104
-1.37495856,0.00006104
-1.37463856,0.00006104
-1.37431856,0.00006104
-1.37399856,0.00006104
-1.37367856,0.00006104
-1.37335856,0.00006104
-1.37303856,0.00006104
-1.37271856,0.00006104
-1.37239856,0.00006104
-1.37207856,0.00006104
-1.37175856,0.00006104
-1.37143856,0.00006104
-1.37111856,0.00006104
-1.37079856,0.00006104
-1.37047856,0.00006104
-1.37015856,0.00006104
-1.36983856,0.00006104
-1.36951856,0.00006104
-1.36919856,0.00006104
-1.36887856,0.00006104
-1.36855856,0.00006104
-1.36823856,0.00006104
-1.36791856,-0.01770074
-1.36759856,0.00006104
-1.36727856,0.00006104
-1.36695856,-0.01770074
-1.36663856,-0.01770074
-1.36631856,0.00006104
-1.36599856,-0.01770074
-1.36567856,0.00006104
-1.36535856,0.00006104
-1.36503856,0.00006104
-1.36471856,0.00006104
-1.36439856,0.00006104
-1.36407856,0.00006104
-1.36375856,0.00006104
-1.36343856,0.00006104
-1.36311856,0.00006104
-1.36279856,0.00006104
-1.36247856,0.00006104
-1.36215856,0.00006104
-1.36183856,0.00006104
-1.36151856,0.00006104
-1.36119856,0.00006104
-1.36087856,0.00006104
-1.36055856,0.00006104
-1.36023856,0.00006104
-1.35991856,0.00006104
-1.35959856,0.00006104
-1.35927856,0.00006104
-1.35895856,0.00006104
-1.35863856,0.00006104
-1.35831856,0.00006104
-1.35799856,0.00006104
-1.35767856,0.00006104
-1.35735856,-0.01770074
-1.35703856,0.00006104
-1.35671856,0.00006104
-1.35639856,0.00006104
-1.35607856,0.00006104
-1.35575856,0.00006104
-1.35543856,0.00006104
-1.35511856,0.00006104
-1.35479856,0.00006104
-1.35447856,0.00006104
-1.35415856,0.00006104
-1.35383856,0.00006104
-1.35351856,0.00006104
-1.35319856,0.00006104
-1.35287856,0.00006104
-1.35255856,0.00006104
-1.35223856,0.00006104
-1.35191856,0.00006104
-1.35159856,0.00006104
-1.35127856,0.00006104
-1.35095856,0.00006104
-1.35063856,0.00006104
-1.35031856,0.00006104
-1.34999856,0.00006104
-1.34967856,0.00006104
-1.34935856,0.00006104
-1.34903856,0.00006104
-1.34871856,0.00006104
-1.34839856,0.00006104
-1.34807856,0.00006104
-1.34775856,0.00006104
-1.34743856,0.00006104
-1.34711856,0.00006104
-1.34679856,0.00006104
-1.34647856,-0.01770074
-1.34615856,0.00006104
-1.34583856,0.00006104
-1.34551856,0.00006104
-1.34519856,0.00006104
-1.34487856,0.00006104
-1.34455856,-0.01770074
-1.34423856,0.00006104
-1.34391856,0.00006104
-1.34359856,0.00006104
-1.34327856,0.00006104
-1.34295856,0.00006104
-1.34263856,0.00006104
-1.34231856,0.00006104
-1.34199856,-0.01770074
-1.34167856,0.00006104
-1.34135856,0.00006104
-1.34103856,0.00006104
-1.34071856,0.00006104
-1.34039856,0.00006104
-1.34007856,0.00006104
-1.33975856,0.00006104
-1.33943856,0.00006104
-1.33911856,0.00006104
-1.33879856,0.00006104
-1.33847856,0.00006104
-1.33815856,0.00006104
-1.33783856,0.00006104
-1.33751856,0.00006104
-1.33719856,0.00006104
-1.33687856,0.00006104
-1.33655856,0.00006104
-1.33623856,0.00006104
-1.33591856,0.00006104
-1.33559856,0.00006104
-1.33527856,0.00006104
-1.33495856,0.00006104
-1.33463856,0.00006104
-1.33431856,0.00006104
-1.33399856,0.00006104
-1.33367856,0.00006104
-1.33335856,-0.01770074
-1.33303856,0.00006104
-1.33271856,0.00006104
-1.33239856,0.00006104
-1.33207856,0.00006104
-1.33175856,0.00006104
-1.33143856,0.00006104
-1.33111856,0.00006104
-1.33079856,0.00006104
-1.33047856,-0.01770074
-1.33015856,0.00006104
-1.32983856,0.00006104
-1.32951856,0.00006104
-1.32919856,0.00006104
-1.32887856,0.00006104
-1.32855856,0.00006104
-1.32823856,0.00006104
-1.32791856,-0.01770074
-1.32759856,0.00006104
-1.32727856,0.00006104
-1.32695856,0.00006104
-1.32663856,0.00006104
-1.32631856,0.00006104
-1.32599856,0.00006104
-1.32567856,0.00006104
-1.32535856,-0.01770074
-1.32503856,0.00006104
-1.32471856,0.00006104
-1.32439856,0.00006104
-1.32407856,0.00006104
-1.32375856,0.00006104
-1.32343856,0.00006104
-1.32311856,0.00006104
-1.32279856,0.00006104
-1.32247856,0.00006104
-1.32215856,0.00006104
-1.32183856,0.00006104
-1.32151856,0.00006104
-1.32119856,0.00006104
-1.32087856,0.00006104
-1.32055856,0.00006104
-1.32023856,0.00006104
-1.31991856,0.00006104
-1.31959856,0.00006104
-1.31927856,0.00006104
-1.31895856,0.00006104
-1.31863856,0.00006104
-1.31831856,0.00006104
-1.31799856,0.00006104
-1.31767856,0.00006104
-1.31735856,0.00006104
-1.31703856,0.00006104
-1.31671856,0.00006104
-1.31639856,0.00006104
-1.31607856,0.00006104
-1.31575856,0.00006104
-1.31543856,0.00006104
-1.31511856,0.00006104
-1.31479856,0.00006104
-1.31447856,0.00006104
-1.31415856,0.00006104
-1.31383856,0.00006104
-1.31351856,0.00006104
-1.31319856,0.00006104
-1.31287856,0.00006104
-1.31255856,0.00006104
-1.31223856,0.00006104
-1.31191856,0.00006104
-1.31159856,0.00006104
-1.31127856,0.00006104
-1.31095856,0.00006104
-1.31063856,0.00006104
-1.31031856,0.00006104
-1.30999856,0.00006104
-1.30967856,0.00006104
-1.30935856,0.00006104
-1.30903856,0.00006104
-1.30871856,0.00006104
-1.30839856,0.00006104
-1.30807856,0.00006104
-1.30775856,0.00006104
-1.30743856,0.00006104
-1.30711856,0.00006104
-1.30679856,0.00006104
-1.30647856,0.00006104
-1.30615856,0.00006104
-1.30583856,0.00006104
-1.30551856,0.00006104
-1.30519856,0.00006104
-1.30487856,0.00006104
-1.30455856,0.00006104
-1.30423856,0.00006104
-1.30391856,0.00006104
-1.30359856,0.00006104
-1.30327856,0.00006104
-1.30295856,-0.01770074
-1.30263856,0.00006104
-1.30231856,0.00006104
-1.30199856,0.00006104
-1.30167856,0.00006104
-1.30135856,0.00006104
-1.30103856,-0.01770074
-1.30071856,0.00006104
-1.30039856,0.00006104
-1.30007856,0.00006104
-1.29975856,0.00006104
-1.29943856,0.00006104
-1.29911856,0.00006104
-1.29879856,0.00006104
-1.29847856,0.00006104
-1.29815856,0.00006104
-1.29783856,0.00006104
-1.29751856,0.00006104
-1.29719856,0.00006104
-1.29687856,0.00006104
-1.29655856,0.00006104
-1.29623856,0.00006104
-1.29591856,0.00006104
-1.29559856,0.00006104
-1.29527856,0.00006104
-1.29495856,0.00006104
-1.29463856,0.00006104
-1.29431856,0.00006104
-1.29399856,0.00006104
-1.29367856,-0.01770074
-1.29335856,0.00006104
-1.29303856,0.00006104
-1.29271856,0.00006104
-1.29239856,0.00006104
-1.29207856,0.00006104
-1.29175856,0.00006104
-1.29143856,0.00006104
-1.29111856,0.00006104
-1.29079856,0.00006104
-1.29047856,0.00006104
-1.29015856,0.00006104
-1.28983856,0.00006104
-1.28951856,0.00006104
-1.28919856,0.00006104
-1.28887856,0.00006104
-1.28855856,0.00006104
-1.28823856,0.00006104
-1.28791856,0.00006104
-1.28759856,0.00006104
-1.28727856,0.00006104
-1.28695856,0.00006104
-1.28663856,0.00006104
-1.28631856,0.00006104
-1.28599856,0.00006104
-1.28567856,0.00006104
-1.28535856,0.00006104
-1.28503856,0.00006104
-1.28471856,0.00006104
-1.28439856,0.00006104
-1.28407856,-0.01770074
-1.28375856,0.00006104
-1.28343856,0.00006104
-1.28311856,0.00006104
-1.28279856,-0.01770074
-1.28247856,-0.01770074
-1.28215856,0.00006104
-1.28183856,0.00006104
-1.28151856,0.00006104
-1.28119856,0.00006104
-1.28087856,0.00006104
-1.28055856,-0.01770074
-1.28023856,0.00006104
-1.27991856,-0.01770074
-1.27959856,0.00006104
-1.27927856,0.00006104
-1.27895856,0.00006104
-1.27863856,0.00006104
-1.27831856,0.00006104
-1.27799856,0.00006104
-1.27767856,0.00006104
-1.27735856,0.00006104
-1.27703856,0.00006104
-1.27671856,0.00006104
-1.27639856,0.00006104
-1.27607856,0.00006104
-1.27575856,0.00006104
-1.27543856,0.00006104
-1.27511856,0.00006104
-1.27479856,0.00006104
-1.27447856,0.00006104
-1.27415856,0.00006104
-1.27383856,0.00006104
-1.27351856,0.00006104
-1.27319856,0.00006104
-1.27287856,0.00006104
-1.27255856,0.00006104
-1.27223856,0.00006104
-1.27191856,0.00006104
-1.27159856,0.00006104
-1.27127856,0.00006104
-1.27095856,0.00006104
-1.27063856,0.00006104
-1.27031856,0.00006104
-1.26999856,0.00006104
-1.26967856,0.00006104
-1.26935856,0.00006104
-1.26903856,0.00006104
-1.26871856,0.00006104
-1.26839856,0.00006104
-1.26807856,0.00006104
-1.26775856,0.00006104
-1.26743856,0.00006104
-1.26711856,0.00006104
-1.26679856,0.00006104
-1.26647856,0.00006104
-1.26615856,0.00006104
-1.26583856,0.00006104
-1.26551856,0.00006104
-1.26519856,0.00006104
-1.26487856,0.00006104
-1.26455856,0.00006104
-1.26423856,0.00006104
-1.26391856,0.00006104
-1.26359856,0.00006104
-1.26327856,0.00006104
-1.26295856,0.00006104
-1.26263856,0.00006104
-1.26231856,0.00006104
-1.26199856,0.00006104
-1.26167856,0.00006104
-1.26135856,0.00006104
-1.26103856,0.00006104
-1.26071856,0.00006104
-1.26039856,0.00006104
-1.26007856,-0.01770074
-1.25975856,0.00006104
-1.25943856,0.00006104
-1.25911856,0.00006104
-1.25879856,0.00006104
-1.25847856,0.00006104
-1.25815856,0.00006104
-1.25783856,0.00006104
-1.25751856,0.00006104
-1.25719856,0.00006104
-1.25687856,0.00006104
-1.25655856,0.00006104
-1.25623856,0.00006104
-1.25591856,0.00006104
-1.25559856,0.00006104
-1.25527856,0.00006104
-1.25495856,0.00006104
-1.25463856,0.00006104
-1.25431856,0.00006104
-1.25399856,0.00006104
-1.25367856,0.00006104
-1.25335856,0.00006104
-1.25303856,0.00006104
-1.25271856,0.00006104
-1.25239856,0.00006104
-1.25207856,0.00006104
-1.25175856,0.00006104
-1.25143856,0.00006104
-1.25111856,0.00006104
-1.25079856,-0.01770074
-1.25047856,0.00006104
-1.25015856,0.00006104
-1.24983857,0.00006104
-1.24951857,0.00006104
-1.24919857,0.00006104
-1.24887857,0.00006104
-1.24855857,0.00006104
-1.24823857,0.00006104
-1.24791857,0.00006104
-1.24759857,0.00006104
-1.24727857,0.00006104
-1.24695857,0.00006104
-1.24663857,0.00006104
-1.24631857,0.00006104
-1.24599857,0.00006104
-1.24567857,0.00006104
-1.24535857,0.00006104
-1.24503857,0.00006104
-1.24471857,0.00006104
-1.24439857,0.00006104
-1.24407857,0.00006104
-1.24375857,0.00006104
-1.24343857,0.00006104
-1.24311857,0.00006104
-1.24279857,0.00006104
-1.24247857,0.00006104
-1.24215857,0.00006104
-1.24183857,0.00006104
-1.24151857,0.00006104
-1.24119857,-0.01770074
-1.24087857,0.00006104
-1.24055857,-0.01770074
-1.24023857,0.00006104
-1.23991857,0.00006104
-1.23959857,0.00006104
-1.23927857,0.00006104
-1.23895857,0.00006104
-1.23863857,0.00006104
-1.23831857,0.00006104
-1.23799857,0.00006104
-1.23767857,0.00006104
-1.23735857,0.00006104
-1.23703857,0.00006104
-1.23671857,0.00006104
-1.23639857,0.00006104
-1.23607857,0.00006104
-1.23575857,0.00006104
-1.23543857,0.00006104
-1.23511857,0.00006104
-1.23479857,0.00006104
-1.23447857,-0.01770074
-1.23415857,0.00006104
-1.23383857,0.00006104
-1.23351857,-0.01770074
-1.23319857,0.00006104
-1.23287857,0.00006104
-1.23255857,0.00006104
-1.23223857,0.00006104
-1.23191857,0.00006104
-1.23159857,-0.01770074
-1.23127857,0.00006104
-1.23095857,0.00006104
-1.23063857,0.00006104
-1.23031857,0.00006104
-1.22999857,0.00006104
-1.22967857,0.00006104
-1.22935857,0.00006104
-1.22903857,0.00006104
-1.22871857,0.00006104
-1.22839857,0.00006104
-1.22807857,0.00006104
-1.22775857,0.00006104
-1.22743857,0.00006104
-1.22711857,0.00006104
-1.22679857,0.00006104
-1.22647857,0.00006104
-1.22615857,0.00006104
-1.22583857,0.00006104
-1.22551857,0.00006104
-1.22519857,0.00006104
-1.22487857,-0.01770074
-1.22455857,0.00006104
-1.22423857,-0.01770074
-1.22391857,0.00006104
-1.22359857,0.00006104
-1.22327857,0.00006104
-1.22295857,0.00006104
-1.22263857,0.00006104
-1.22231857,0.00006104
-1.22199857,0.00006104
-1.22167857,0.00006104
-1.22135857,0.00006104
-1.22103857,0.00006104
-1.22071857,0.00006104
-1.22039857,0.00006104
-1.22007857,0.00006104
-1.21975857,0.00006104
-1.21943857,0.00006104
-1.21911857,0.00006104
-1.21879857,0.00006104
-1.21847857,0.00006104
-1.21815857,0.00006104
-1.21783857,0.00006104
-1.21751857,0.00006104
-1.21719857,0.00006104
-1.21687857,0.00006104
-1.21655857,0.00006104
-1.21623857,0.00006104
-1.21591857,0.00006104
-1.21559857,0.00006104
-1.21527857,0.00006104
-1.21495857,0.00006104
-1.21463857,0.00006104
-1.21431857,0.00006104
-1.21399857,0.00006104
-1.21367857,0.00006104
-1.21335857,0.00006104
-1.21303857,0.00006104
-1.21271857,0.00006104
-1.21239857,0.00006104
-1.21207857,0.00006104
-1.21175857,0.00006104
-1.21143857,0.00006104
-1.21111857,0.00006104
-1.21079857,0.00006104
-1.21047857,0.00006104
-1.21015857,0.00006104
-1.20983857,0.00006104
-1.20951857,-0.01770074
-1.20919857,-0.01770074
-1.20887857,0.00006104
-1.20855857,-0.01770074
-1.20823857,-0.01770074
-1.20791857,0.00006104
-1.20759857,0.00006104
-1.20727857,-0.01770074
-1.20695857,0.00006104
-1.20663857,0.00006104
-1.20631857,0.00006104
-1.20599857,0.00006104
-1.20567857,0.00006104
-1.20535857,0.00006104
-1.20503857,0.00006104
-1.20471857,0.00006104
-1.20439857,0.00006104
-1.20407857,0.00006104
-1.20375857,0.00006104
-1.20343857,0.00006104
-1.20311857,0.00006104
-1.20279857,0.00006104
-1.20247857,-0.01770074
-1.20215857,0.00006104
-1.20183857,0.00006104
-1.20151857,0.00006104
-1.20119857,0.00006104
-1.20087857,0.00006104
-1.20055857,0.00006104
-1.20023857,0.00006104
-1.19991857,0.00006104
-1.19959857,0.00006104
-1.19927857,0.00006104
-1.19895857,0.00006104
-1.19863857,-0.01770074
-1.19831857,0.00006104
-1.19799857,0.00006104
-1.19767857,0.00006104
-1.19735857,0.00006104
-1.19703857,0.00006104
-1.19671857,0.00006104
-1.19639857,0.00006104
-1.19607857,0.00006104
-1.19575857,0.00006104
-1.19543857,0.00006104
-1.19511857,0.00006104
-1.19479857,0.00006104
-1.19447857,0.00006104
-1.19415857,0.00006104
-1.19383857,0.00006104
-1.19351857,0.00006104
-1.19319857,0.00006104
-1.19287857,0.00006104
-1.19255857,0.00006104
-1.19223857,0.00006104
-1.19191857,0.00006104
-1.19159857,0.00006104
-1.19127857,0.00006104
-1.19095857,0.00006104
-1.19063857,0.00006104
-1.19031857,0.00006104
-1.18999857,0.00006104
-1.18967857,0.00006104
-1.18935857,0.00006104
-1.18903857,0.00006104
-1.18871857,0.00006104
-1.18839857,0.00006104
-1.18807857,0.00006104
-1.18775857,0.00006104
-1.18743857,0.00006104
-1.18711857,0.00006104
-1.18679857,0.00006104
-1.18647857,0.00006104
-1.18615857,0.00006104
-1.18583857,0.00006104
-1.18551857,0.00006104
-1.18519857,0.00006104
-1.18487857,0.00006104
-1.18455857,0.00006104
-1.18423857,0.00006104
-1.18391857,0.00006104
-1.18359857,0.00006104
-1.18327857,0.00006104
-1.18295857,0.00006104
-1.18263857,0.00006104
-1.18231857,0.00006104
-1.18199857,0.00006104
-1.18167857,0.00006104
-1.18135857,0.00006104
-1.18103857,0.00006104
-1.18071857,0.00006104
-1.18039857,0.00006104
-1.18007857,0.00006104
-1.17975857,0.00006104
-1.17943857,0.00006104
-1.17911857,0.00006104
-1.17879857,0.00006104
-1.17847857,-0.01770074
-1.17815857,0.00006104
-1.17783857,0.00006104
-1.17751857,0.00006104
-1.17719857,0.00006104
-1.17687857,0.00006104
-1.17655857,0.00006104
-1.17623857,0.00006104
-1.17591857,0.00006104
-1.17559857,0.00006104
-1.17527857,0.00006104
-1.17495857,0.00006104
-1.17463857,-0.01770074
-1.17431857,0.00006104
-1.17399857,0.00006104
-1.17367857,0.00006104
-1.17335857,-0.01770074
-1.17303857,0.00006104
-1.17271857,0.00006104
-1.17239857,0.00006104
-1.17207857,0.00006104
-1.17175857,0.00006104
-1.17143857,-0.01770074
-1.17111857,-0.01770074
-1.17079857,0.00006104
-1.17047857,0.00006104
-1.17015857,-0.01770074
-1.16983857,0.00006104
-1.16951857,0.00006104
-1.16919857,0.00006104
-1.16887857,0.00006104
-1.16855857,0.00006104
-1.16823857,0.00006104
-1.16791857,0.00006104
-1.16759857,0.00006104
-1.16727857,0.00006104
-1.16695857,0.00006104
-1.16663857,0.00006104
-1.16631857,0.00006104
-1.16599857,0.00006104
-1.16567857,0.00006104
-1.16535857,0.00006104
-1.16503857,0.00006104
-1.16471857,0.00006104
-1.16439857,0.00006104
-1.16407857,0.00006104
-1.16375857,0.00006104
-1.16343857,0.00006104
-1.16311857,0.00006104
-1.16279857,0.00006104
-1.16247857,0.00006104
-1.16215857,-0.01770074
-1.16183857,-0.01770074
-1.16151857,0.00006104
-1.16119857,0.00006104
-1.16087857,0.00006104
-1.16055857,0.00006104
-1.16023857,0.00006104
-1.15991857,0.00006104
-1.15959857,0.00006104
-1.15927857,0.00006104
-1.15895857,0.00006104
-1.15863857,0.00006104
-1.15831857,0.00006104
-1.15799857,0.00006104
-1.15767857,0.00006104
-1.15735857,0.00006104
-1.15703857,0.00006104
-1.15671857,0.00006104
-1.15639857,0.00006104
-1.15607857,0.00006104
-1.15575857,0.00006104
-1.15543857,-0.01770074
-1.15511857,0.00006104
-1.15479857,0.00006104
-1.15447857,0.00006104
-1.15415857,0.00006104
-1.15383857,0.00006104
-1.15351857,0.00006104
-1.15319857,0.00006104
-1.15287857,0.00006104
-1.15255857,0.00006104
-1.15223857,0.00006104
-1.15191857,0.00006104
-1.15159857,0.00006104
-1.15127857,0.00006104
-1.15095857,0.00006104
-1.15063857,0.00006104
-1.15031857,0.00006104
-1.14999857,0.00006104
-1.14967857,0.00006104
-1.14935857,0.00006104
-1.14903857,0.00006104
-1.14871857,0.00006104
-1.14839857,0.00006104
-1.14807857,0.00006104
-1.14775857,0.00006104
-1.14743857,0.00006104
-1.14711857,0.00006104
-1.14679857,0.00006104
-1.14647857,0.00006104
-1.14615857,0.00006104
-1.14583857,0.00006104
-1.14551857,0.00006104
-1.14519857,0.00006104
-1.14487857,-0.01770074
-1.14455857,0.00006104
-1.14423857,0.00006104
-1.14391857,0.00006104
-1.14359857,0.00006104
-1.14327857,0.00006104
-1.14295857,0.00006104
-1.14263857,0.00006104
-1.14231857,0.00006104
-1.14199857,0.00006104
-1.14167857,0.00006104
-1.14135857,0.00006104
-1.14103857,0.00006104
-1.14071857,-0.01770074
-1.14039857,0.00006104
-1.14007857,0.00006104
-1.13975857,0.00006104
-1.13943857,0.00006104
-1.13911857,-0.01770074
-1.13879857,0.00006104
-1.13847857,0.00006104
-1.13815857,0.00006104
-1.13783857,0.00006104
-1.13751857,0.00006104
-1.13719857,0.00006104
-1.13687857,0.00006104
-1.13655857,0.00006104
-1.13623857,0.00006104
-1.13591857,0.00006104
-1.13559857,0.00006104
-1.13527857,-0.01770074
-1.13495857,0.00006104
-1.13463857,0.00006104
-1.13431857,0.00006104
-1.13399857,0.00006104
-1.13367857,0.00006104
-1.13335857,0.00006104
-1.13303857,0.00006104
-1.13271857,0.00006104
-1.13239857,0.00006104
-1.13207857,0.00006104
-1.13175857,0.00006104
-1.13143857,-0.01770074
-1.13111857,0.00006104
-1.13079857,0.00006104
-1.13047857,0.00006104
-1.13015857,0.00006104
-1.12983857,0.00006104
-1.12951857,0.00006104
-1.12919857,0.00006104
-1.12887857,0.00006104
-1.12855857,0.00006104
-1.12823857,-0.01770074
-1.12791857,0.00006104
-1.12759857,0.00006104
-1.12727857,0.00006104
-1.12695857,0.00006104
-1.12663857,0.00006104
-1.12631857,0.00006104
-1.12599857,0.00006104
-1.12567857,0.00006104
-1.12535857,0.00006104
-1.12503857,0.00006104
-1.12471857,0.00006104
-1.12439857,0.00006104
-1.12407857,0.00006104
-1.12375857,0.00006104
-1.12343857,0.00006104
-1.12311857,0.00006104
-1.12279857,0.00006104
-1.12247857,0.00006104
-1.12215857,0.00006104
-1.12183857,0.00006104
-1.12151857,0.00006104
-1.12119857,-0.01770074
-1.12087857,0.00006104
-1.12055857,0.00006104
-1.12023857,0.00006104
-1.11991857,0.00006104
-1.11959857,0.00006104
-1.11927857,0.00006104
-1.11895857,0.00006104
-1.11863857,0.00006104
-1.11831857,0.00006104
-1.11799857,-0.01770074
-1.11767857,0.00006104
-1.11735857,0.00006104
-1.11703857,0.00006104
-1.11671857,0.00006104
-1.11639857,0.00006104
-1.11607857,0.00006104
-1.11575857,0.00006104
-1.11543857,0.00006104
-1.11511857,0.00006104
-1.11479857,0.00006104
-1.11447857,0.00006104
-1.11415857,0.00006104
-1.11383857,0.00006104
-1.11351857,0.00006104
-1.11319857,0.00006104
-1.11287857,0.00006104
-1.11255857,0.00006104
-1.11223857,-0.01770074
-1.11191857,0.00006104
-1.11159857,0.00006104
-1.11127857,0.00006104
-1.11095857,-0.01770074
-1.11063857,0.00006104
-1.11031857,0.00006104
-1.10999857,0.00006104
-1.10967857,0.00006104
-1.10935857,0.00006104
-1.10903857,0.00006104
-1.10871857,0.00006104
-1.10839857,0.00006104
-1.10807857,0.00006104
-1.10775857,0.00006104
-1.10743857,0.00006104
-1.10711857,0.00006104
-1.10679857,0.00006104
-1.10647857,0.00006104
-1.10615857,0.00006104
-1.10583857,0.00006104
-1.10551857,0.00006104
-1.10519857,0.00006104
-1.10487857,0.00006104
-1.10455857,0.00006104
-1.10423857,0.00006104
-1.10391857,0.00006104
-1.10359857,0.00006104
-1.10327857,-0.01770074
-1.10295857,0.00006104
-1.10263857,0.00006104
-1.10231857,0.00006104
-1.10199857,0.00006104
-1.10167857,0.00006104
-1.10135857,0.00006104
-1.10103857,0.00006104
-1.10071857,0.00006104
-1.10039857,0.00006104
-1.10007857,0.00006104
-1.09975857,0.00006104
-1.09943857,-0.01770074
-1.09911857,0.00006104
-1.09879857,0.00006104
-1.09847857,0.00006104
-1.09815857,0.00006104
-1.09783857,0.00006104
-1.09751857,-0.01770074
-1.09719857,0.00006104
-1.09687857,0.00006104
-1.09655857,0.00006104
-1.09623857,0.00006104
-1.09591857,0.00006104
-1.09559857,0.00006104
-1.09527857,0.00006104
-1.09495857,0.00006104
-1.09463857,0.00006104
-1.09431857,0.00006104
-1.09399857,0.00006104
-1.09367857,0.00006104
-1.09335857,0.00006104
-1.09303857,0.00006104
-1.09271857,0.00006104
-1.09239857,0.00006104
-1.09207857,0.00006104
-1.09175857,0.00006104
-1.09143857,0.00006104
-1.09111857,-0.01770074
-1.09079857,0.00006104
-1.09047857,0.00006104
-1.09015857,0.00006104
-1.08983857,0.00006104
-1.08951857,0.00006104
-1.08919857,0.00006104
-1.08887857,0.00006104
-1.08855857,0.00006104
-1.08823857,0.00006104
-1.08791857,0.00006104
-1.08759857,0.00006104
-1.08727857,0.00006104
-1.08695857,0.00006104
-1.08663857,0.00006104
-1.08631857,0.00006104
-1.08599857,0.00006104
-1.08567857,0.00006104
-1.08535857,0.00006104
-1.08503857,0.00006104
-1.08471857,0.00006104
-1.08439857,0.00006104
-1.08407857,0.00006104
-1.08375857,0.00006104
-1.08343857,0.00006104
-1.08311857,0.00006104
-1.08279857,0.00006104
-1.08247857,0.00006104
-1.08215857,0.00006104
-1.08183857,0.00006104
-1.08151857,0.00006104
-1.08119857,0.00006104
-1.08087857,0.00006104
-1.08055857,0.00006104
-1.08023857,0.00006104
-1.07991857,0.00006104
-1.07959857,0.00006104
-1.07927857,0.00006104
-1.07895857,0.00006104
-1.07863857,0.00006104
-1.07831857,0.00006104
-1.07799857,0.00006104
-1.07767857,0.00006104
-1.07735857,0.00006104
-1.07703857,0.00006104
-1.07671857,0.00006104
-1.07639857,0.00006104
-1.07607857,0.00006104
-1.07575857,0.00006104
-1.07543857,0.00006104
-1.07511857,-0.01770074
-1.07479857,0.00006104
-1.07447857,0.00006104
-1.07415857,0.00006104
-1.07383857,0.00006104
-1.07351857,0.00006104
-1.07319857,0.00006104
-1.07287857,0.00006104
-1.07255857,0.00006104
-1.07223857,0.00006104
-1.07191857,0.00006104
-1.07159857,0.00006104
-1.07127857,0.00006104
-1.07095857,0.00006104
-1.07063857,0.00006104
-1.07031857,0.00006104
-1.06999857,-0.01770074
-1.06967857,0.00006104
-1.06935857,0.00006104
-1.06903857,0.00006104
-1.06871857,0.00006104
-1.06839857,0.00006104
-1.06807857,0.00006104
-1.06775857,0.00006104
-1.06743857,0.00006104
-1.06711857,0.00006104
-1.06679857,0.00006104
-1.06647857,0.00006104
-1.06615857,0.00006104
-1.06583857,0.00006104
-1.06551857,0.00006104
-1.06519857,0.00006104
-1.06487857,0.00006104
-1.06455857,-0.01770074
-1.06423857,-0.01770074
-1.06391857,0.00006104
-1.06359857,-0.01770074
-1.06327857,0.00006104
-1.06295857,0.00006104
-1.06263857,0.00006104
-1.06231857,0.00006104
-1.06199857,0.00006104
-1.06167857,0.00006104
-1.06135857,0.00006104
-1.06103857,0.00006104
-1.06071857,0.00006104
-1.06039857,0.00006104
-1.06007857,0.00006104
-1.05975857,0.00006104
-1.05943857,0.00006104
-1.05911857,0.00006104
-1.05879857,0.00006104
-1.05847857,0.00006104
-1.05815857,0.00006104
-1.05783857,0.00006104
-1.05751857,0.00006104
-1.05719857,0.00006104
-1.05687857,0.00006104
-1.05655857,0.00006104
-1.05623857,0.00006104
-1.05591857,0.00006104
-1.05559857,0.00006104
-1.05527857,0.00006104
-1.05495857,0.00006104
-1.05463857,0.00006104
-1.05431857,0.00006104
-1.05399857,0.00006104
-1.05367857,0.00006104
-1.05335857,0.00006104
-1.05303857,0.00006104
-1.05271857,-0.01770074
-1.05239857,0.00006104
-1.05207857,0.00006104
-1.05175857,0.00006104
-1.05143857,0.00006104
-1.05111857,0.00006104
-1.05079857,0.00006104
-1.05047857,0.00006104
-1.05015857,0.00006104
-1.04983857,0.00006104
-1.04951857,0.00006104
-1.04919857,0.00006104
-1.04887857,0.00006104
-1.04855857,0.00006104
-1.04823857,0.00006104
-1.04791857,0.00006104
-1.04759857,0.00006104
-1.04727857,0.00006104
-1.04695857,0.00006104
-1.04663857,0.00006104
-1.04631857,0.00006104
-1.04599857,-0.01770074
-1.04567857,0.00006104
-1.04535857,0.00006104
-1.04503857,0.00006104
-1.04471857,0.00006104
-1.04439857,-0.01770074
-1.04407857,0.00006104
-1.04375857,0.00006104
-1.04343857,0.00006104
-1.04311857,0.00006104
-1.04279857,0.00006104
-1.04247857,0.00006104
-1.04215857,0.00006104
-1.04183857,0.00006104
-1.04151857,0.00006104
-1.04119857,0.00006104
-1.04087857,0.00006104
-1.04055857,0.00006104
-1.04023857,0.00006104
-1.03991857,0.00006104
-1.03959857,0.00006104
-1.03927857,0.00006104
-1.03895857,0.00006104
-1.03863857,0.00006104
-1.03831857,0.00006104
-1.03799857,0.00006104
-1.03767857,0.00006104
-1.03735857,0.00006104
-1.03703857,0.00006104
-1.03671857,0.00006104
-1.03639857,0.00006104
-1.03607857,0.00006104
-1.03575857,0.00006104
-1.03543857,0.00006104
-1.03511857,0.00006104
-1.03479857,0.00006104
-1.03447857,0.00006104
-1.03415857,0.00006104
-1.03383857,0.00006104
-1.03351857,0.00006104
-1.03319857,0.00006104
-1.03287857,0.00006104
-1.03255857,0.00006104
-1.03223857,0.00006104
-1.03191857,0.00006104
-1.03159857,0.00006104
-1.03127857,0.00006104
-1.03095857,0.00006104
-1.03063857,0.00006104
-1.03031857,0.00006104
-1.02999857,0.00006104
-1.02967857,0.00006104
-1.02935857,0.00006104
-1.02903857,0.00006104
-1.02871857,0.00006104
-1.02839857,-0.01770074
-1.02807857,0.00006104
-1.02775857,0.00006104
-1.02743857,0.00006104
-1.02711857,0.00006104
-1.02679857,0.00006104
-1.02647857,0.00006104
-1.02615857,0.00006104
-1.02583857,0.00006104
-1.02551857,0.00006104
-1.02519857,0.00006104
-1.02487857,0.00006104
-1.02455857,0.00006104
-1.02423857,0.00006104
-1.02391857,0.00006104
-1.02359857,0.00006104
-1.02327857,0.00006104
-1.02295857,0.00006104
-1.02263857,0.00006104
-1.02231857,0.00006104
-1.02199857,0.00006104
-1.02167857,0.00006104
-1.02135857,0.00006104
-1.02103857,0.00006104
-1.02071857,0.00006104
-1.02039857,0.00006104
-1.02007857,0.00006104
-1.01975857,0.00006104
-1.01943857,0.00006104
-1.01911857,0.00006104
-1.01879857,0.00006104
-1.01847857,0.00006104
-1.01815857,0.00006104
-1.01783857,0.00006104
-1.01751857,0.00006104
-1.01719857,0.00006104
-1.01687857,0.00006104
-1.01655857,0.00006104
-1.01623857,0.00006104
-1.01591857,-0.01770074
-1.01559857,0.00006104
-1.01527857,0.00006104
-1.01495857,0.00006104
-1.01463857,0.00006104
-1.01431857,0.00006104
-1.01399857,0.00006104
-1.01367857,0.00006104
-1.01335857,0.00006104
-1.01303857,0.00006104
-1.01271857,0.00006104
-1.01239857,0.00006104
-1.01207857,0.00006104
-1.01175857,0.00006104
-1.01143857,0.00006104
-1.01111857,0.00006104
-1.01079857,0.00006104
-1.01047857,0.00006104
-1.01015857,0.00006104
-1.00983857,-0.01770074
-1.00951857,0.00006104
-1.00919857,0.00006104
-1.00887857,0.00006104
-1.00855857,0.00006104
-1.00823857,0.00006104
-1.00791857,0.00006104
-1.00759857,0.00006104
-1.00727857,0.00006104
-1.00695857,0.00006104
-1.00663857,0.00006104
-1.00631857,0.00006104
-1.00599857,0.00006104
-1.00567857,0.00006104
-1.00535857,0.00006104
-1.00503857,0.00006104
-1.00471857,0.00006104
-1.00439857,0.00006104
-1.00407857,0.00006104
-1.00375857,0.00006104
-1.00343857,0.00006104
-1.00311857,0.00006104
-1.00279857,0.00006104
-1.00247857,0.00006104
-1.00215857,0.00006104
-1.00183857,0.00006104
-1.00151857,0.00006104
-1.00119857,0.07129124
-1.00087857,1.58427691
-1.00055857,1.17490160
-1.00023857,0.35602894
-0.99991857,-0.01770074
-0.99959857,-0.10669271
-0.99927857,-0.07110813
-0.99895857,-0.05334635
-0.99863857,-0.01770074
-0.99831857,-0.01770074
-0.99799857,-0.12451552
-0.99767857,-1.05014193
-0.99735857,-∞
-0.99703857,-1.38840902
-0.99671857,-0.03552354
-0.99639857,0.35602894
-0.99607857,0.21362957
-0.99575857,0.05346843
-0.99543857,0.03570665
-0.99511857,0.03570665
-0.99479857,0.03570665
-0.99447857,0.01788385
-0.99415857,0.01788385
-0.99383857,0.01788385
-0.99351857,0.03570665
-0.99319857,0.03570665
-0.99287857,0.01788385
-0.99255857,0.01788385
-0.99223857,0.00006104
-0.99191857,0.01788385
-0.99159857,0.01788385
-0.99127857,0.01788385
-0.99095857,0.03570665
-0.99063857,0.05346843
-0.99031857,0.05346843
-0.98999857,0.07129124
-0.98967857,0.05346843
-0.98935857,0.05346843
-0.98903857,0.05346843
-0.98871857,0.03570665
-0.98839857,0.07129124
-0.98807857,0.08911405
-0.98775857,0.07129124
-0.98743857,0.03570665
-0.98711857,0.03570665
-0.98679857,0.03570665
-0.98647857,0.03570665
-0.98615857,0.00006104
-0.98583857,-0.01770074
-0.98551857,-0.03552354
-0.98519857,-0.03552354
-0.98487857,0.01788385
-0.98455857,0.00006104
-0.98423857,0.00006104
-0.98391857,0.05346843
-0.98359857,-0.01770074
-0.98327857,-0.01770074
-0.98295857,0.03570665
-0.98263857,-0.03552354
-0.98231857,0.00006104
-0.98199857,0.05346843
-0.98167857,0.00006104
-0.98135857,0.03570665
-0.98103857,0.03570665
-0.98071857,0.03570665
-0.98039857,0.01788385
-0.98007857,0.01788385
-0.97975857,0.01788385
-0.97943857,0.00006104
-0.97911857,0.01788385
-0.97879857,0.03570665
-0.97847857,0.00006104
-0.97815857,0.00006104
-0.97783857,0.01788385
-0.97751857,0.01788385
-0.97719857,0.01788385
-0.97687857,0.00006104
-0.97655857,-0.01770074
-0.97623857,-0.01770074
-0.97591857,0.01788385
-0.97559857,0.00006104
-0.97527857,0.00006104
-0.97495857,0.03570665
-0.97463857,0.01788385
-0.97431857,0.01788385
-0.97399857,0.01788385
-0.97367857,0.00006104
-0.97335857,0.00006104
-0.97303857,0.01788385
-0.97271857,0.00006104
-0.97239857,0.00006104
-0.97207857,0.01788385
-0.97175857,0.01788385
-0.97143857,0.00006104
-0.97111857,0.00006104
-0.97079857,0.00006104
-0.97047857,0.00006104
-0.97015857,0.00006104
-0.96983857,-0.01770074
-0.96951857,0.00006104
-0.96919857,0.00006104
-0.96887857,0.00006104
-0.96855857,0.01788385
-0.96823857,0.01788385
-0.96791857,0.01788385
-0.96759857,0.00006104
-0.96727857,0.00006104
-0.96695857,0.00006104
-0.96663857,0.01788385
-0.96631857,0.01788385
-0.96599857,0.00006104
-0.96567857,0.00006104
-0.96535857,0.01788385
-0.96503857,0.01788385
-0.96471857,0.00006104
-0.96439857,0.00006104
-0.96407857,0.00006104
-0.96375857,0.00006104
-0.96343857,0.00006104
-0.96311857,0.00006104
-0.96279857,0.00006104
-0.96247857,0.00006104
-0.96215857,0.01788385
-0.96183857,0.01788385
-0.96151857,0.00006104
-0.96119857,0.00006104
-0.96087857,0.01788385
-0.96055857,0.00006104
-0.96023857,0.00006104
-0.95991857,0.00006104
-0.95959857,0.00006104
-0.95927857,0.00006104
-0.95895857,0.00006104
-0.95863857,-0.01770074
-0.95831857,-0.01770074
-0.95799857,0.00006104
-0.95767857,0.00006104
-0.95735857,0.00006104
-0.95703857,0.00006104
-0.95671857,0.00006104
-0.95639857,0.00006104
-0.95607857,0.00006104
-0.95575857,0.00006104
-0.95543857,0.00006104
-0.95511857,0.00006104
-0.95479857,0.00006104
-0.95447857,0.00006104
-0.95415857,0.00006104
-0.95383857,0.00006104
-0.95351857,0.00006104
-0.95319857,0.00006104
-0.95287857,0.00006104
-0.95255857,0.00006104
-0.95223857,0.00006104
-0.95191857,-0.01770074
-0.95159857,0.00006104
-0.95127857,-0.01770074
-0.95095857,0.00006104
-0.95063857,0.00006104
-0.95031857,0.00006104
-0.94999857,0.00006104
-0.94967857,0.00006104
-0.94935857,0.00006104
-0.94903857,0.00006104
-0.94871857,0.00006104
-0.94839857,0.00006104
-0.94807857,0.00006104
-0.94775857,0.00006104
-0.94743857,0.00006104
-0.94711857,0.00006104
-0.94679857,0.00006104
-0.94647857,0.00006104
-0.94615857,0.00006104
-0.94583857,0.00006104
-0.94551857,0.00006104
-0.94519857,0.00006104
-0.94487857,0.00006104
-0.94455857,0.00006104
-0.94423857,0.00006104
-0.94391857,0.00006104
-0.94359857,0.00006104
-0.94327857,0.00006104
-0.94295857,0.00006104
-0.94263857,0.00006104
-0.94231857,0.00006104
-0.94199857,0.00006104
-0.94167857,0.00006104
-0.94135857,0.00006104
-0.94103857,0.00006104
-0.94071857,0.00006104
-0.94039857,0.00006104
-0.94007857,0.00006104
-0.93975857,0.00006104
-0.93943857,0.00006104
-0.93911857,0.00006104
-0.93879857,0.00006104
-0.93847857,0.00006104
-0.93815857,0.00006104
-0.93783857,0.00006104
-0.93751857,0.00006104
-0.93719857,0.00006104
-0.93687857,0.00006104
-0.93655857,0.00006104
-0.93623857,-0.01770074
-0.93591857,0.00006104
-0.93559857,0.00006104
-0.93527857,0.00006104
-0.93495857,0.00006104
-0.93463857,0.00006104
-0.93431857,0.00006104
-0.93399857,0.00006104
-0.93367857,0.00006104
-0.93335857,0.00006104
-0.93303857,0.00006104
-0.93271857,-0.01770074
-0.93239857,0.00006104
-0.93207857,0.00006104
-0.93175857,0.00006104
-0.93143857,0.00006104
-0.93111857,0.00006104
-0.93079857,0.00006104
-0.93047857,0.00006104
-0.93015857,0.00006104
-0.92983857,0.00006104
-0.92951857,0.00006104
-0.92919857,0.00006104
-0.92887857,0.00006104
-0.92855857,0.00006104
-0.92823857,-0.01770074
-0.92791857,0.00006104
-0.92759857,-0.01770074
-0.92727857,0.00006104
-0.92695857,0.00006104
-0.92663857,0.00006104
-0.92631857,-0.01770074
-0.92599857,0.00006104
-0.92567857,0.00006104
-0.92535857,0.00006104
-0.92503857,0.00006104
-0.92471857,0.00006104
-0.92439857,0.00006104
-0.92407857,0.00006104
-0.92375857,0.00006104
-0.92343857,0.00006104
-0.92311857,0.00006104
-0.92279857,0.00006104
-0.92247857,0.00006104
-0.92215857,0.00006104
-0.92183857,0.00006104
-0.92151857,0.00006104
-0.92119857,0.00006104
-0.92087857,0.00006104
-0.92055857,0.00006104
-0.92023857,0.00006104
-0.91991857,0.00006104
-0.91959857,0.00006104
-0.91927857,0.00006104
-0.91895857,0.00006104
-0.91863857,0.00006104
-0.91831857,0.00006104
-0.91799857,-0.01770074
-0.91767857,0.00006104
-0.91735857,0.00006104
-0.91703857,0.00006104
-0.91671857,0.00006104
-0.91639857,0.00006104
-0.91607857,0.00006104
-0.91575857,0.00006104
-0.91543857,0.00006104
-0.91511857,0.00006104
-0.91479857,0.00006104
-0.91447857,0.00006104
-0.91415857,0.00006104
-0.91383857,0.00006104
-0.91351857,0.00006104
-0.91319857,0.00006104
-0.91287857,0.00006104
-0.91255857,0.00006104
-0.91223857,0.00006104
-0.91191857,0.00006104
-0.91159857,0.00006104
-0.91127857,0.00006104
-0.91095857,0.00006104
-0.91063857,0.00006104
-0.91031857,0.00006104
-0.90999857,0.00006104
-0.90967857,0.00006104
-0.90935857,-0.01770074
-0.90903857,0.00006104
-0.90871857,0.00006104
-0.90839857,0.00006104
-0.90807857,0.00006104
-0.90775857,0.00006104
-0.90743857,0.00006104
-0.90711857,0.00006104
-0.90679857,0.00006104
-0.90647857,0.00006104
-0.90615857,0.00006104
-0.90583857,0.00006104
-0.90551857,0.00006104
-0.90519857,-0.01770074
-0.90487857,0.00006104
-0.90455857,0.00006104
-0.90423857,0.00006104
-0.90391857,0.00006104
-0.90359857,0.00006104
-0.90327857,0.00006104
-0.90295857,0.00006104
-0.90263857,0.00006104
-0.90231857,0.00006104
-0.90199857,0.00006104
-0.90167857,0.00006104
-0.90135857,0.00006104
-0.90103857,0.00006104
-0.90071857,0.00006104
-0.90039857,0.00006104
-0.90007857,-0.01770074
-0.89975857,0.00006104
-0.89943857,0.00006104
-0.89911857,0.00006104
-0.89879857,0.00006104
-0.89847857,0.00006104
-0.89815857,0.00006104
-0.89783857,0.00006104
-0.89751857,0.00006104
-0.89719857,0.00006104
-0.89687857,0.00006104
-0.89655857,0.00006104
-0.89623857,0.00006104
-0.89591857,0.00006104
-0.89559857,0.00006104
-0.89527857,0.00006104
-0.89495857,0.00006104
-0.89463857,0.00006104
-0.89431857,0.00006104
-0.89399857,0.00006104
-0.89367857,0.00006104
-0.89335857,0.00006104
-0.89303857,0.00006104
-0.89271857,0.00006104
-0.89239857,0.00006104
-0.89207857,0.00006104
-0.89175857,0.00006104
-0.89143857,0.00006104
-0.89111857,0.00006104
-0.89079857,0.00006104
-0.89047857,0.00006104
-0.89015857,0.00006104
-0.88983857,0.00006104
-0.88951857,0.00006104
-0.88919857,0.00006104
-0.88887857,0.00006104
-0.88855857,0.00006104
-0.88823857,0.00006104
-0.88791857,0.00006104
-0.88759857,0.00006104
-0.88727857,0.00006104
-0.88695857,0.00006104
-0.88663857,0.00006104
-0.88631857,-0.01770074
-0.88599857,0.00006104
-0.88567857,0.00006104
-0.88535857,0.00006104
-0.88503857,0.00006104
-0.88471857,0.00006104
-0.88439857,0.00006104
-0.88407857,0.00006104
-0.88375857,0.00006104
-0.88343857,0.00006104
-0.88311857,0.00006104
-0.88279857,-0.01770074
-0.88247857,0.00006104
-0.88215857,0.00006104
-0.88183857,0.00006104
-0.88151857,0.00006104
-0.88119857,0.00006104
-0.88087857,0.00006104
-0.88055857,0.00006104
-0.88023857,0.00006104
-0.87991857,0.00006104
-0.87959857,0.00006104
-0.87927857,0.00006104
-0.87895857,0.00006104
-0.87863857,0.00006104
-0.87831857,0.00006104
-0.87799857,0.00006104
-0.87767857,0.00006104
-0.87735857,0.00006104
-0.87703857,0.00006104
-0.87671857,0.00006104
-0.87639857,0.00006104
-0.87607857,0.00006104
-0.87575857,0.00006104
-0.87543857,0.00006104
-0.87511857,0.00006104
-0.87479857,0.00006104
-0.87447857,0.00006104
-0.87415857,0.00006104
-0.87383857,0.00006104
-0.87351857,-0.01770074
-0.87319857,0.00006104
-0.87287857,0.00006104
-0.87255857,0.00006104
-0.87223857,0.00006104
-0.87191857,0.00006104
-0.87159857,0.00006104
-0.87127857,0.00006104
-0.87095857,0.00006104
-0.87063857,0.00006104
-0.87031857,0.00006104
-0.86999857,0.00006104
-0.86967857,0.00006104
-0.86935857,0.00006104
-0.86903857,0.00006104
-0.86871857,0.00006104
-0.86839857,0.00006104
-0.86807857,0.00006104
-0.86775857,0.00006104
-0.86743857,0.00006104
-0.86711857,0.00006104
-0.86679857,0.00006104
-0.86647857,-0.01770074
-0.86615857,0.00006104
-0.86583857,0.00006104
-0.86551857,0.00006104
-0.86519857,0.00006104
-0.86487857,0.00006104
-0.86455857,0.00006104
-0.86423857,0.00006104
-0.86391857,-0.01770074
-0.86359857,0.00006104
-0.86327857,0.00006104
-0.86295857,0.00006104
-0.86263857,0.00006104
-0.86231857,0.00006104
-0.86199857,0.00006104
-0.86167857,0.00006104
-0.86135857,0.00006104
-0.86103857,0.00006104
-0.86071857,0.00006104
-0.86039857,0.00006104
-0.86007857,0.00006104
-0.85975857,0.00006104
-0.85943857,0.00006104
-0.85911857,0.00006104
-0.85879857,0.00006104
-0.85847857,0.00006104
-0.85815857,0.00006104
-0.85783857,-0.01770074
-0.85751857,0.00006104
-0.85719857,0.00006104
-0.85687857,0.00006104
-0.85655857,0.00006104
-0.85623857,0.00006104
-0.85591857,0.00006104
-0.85559857,0.00006104
-0.85527857,0.00006104
-0.85495857,0.00006104
-0.85463857,0.00006104
-0.85431857,0.00006104
-0.85399857,0.00006104
-0.85367857,0.00006104
-0.85335857,0.00006104
-0.85303857,0.00006104
-0.85271857,-0.01770074
-0.85239857,0.00006104
-0.85207857,0.00006104
-0.85175857,0.00006104
-0.85143857,0.00006104
-0.85111857,0.00006104
-0.85079857,0.00006104
-0.85047857,0.00006104
-0.85015857,0.00006104
-0.84983857,0.00006104
-0.84951857,0.00006104
-0.84919857,0.00006104
-0.84887857,0.00006104
-0.84855857,0.00006104
-0.84823857,-0.01770074
-0.84791857,0.00006104
-0.84759857,0.00006104
-0.84727857,0.00006104
-0.84695857,0.00006104
-0.84663857,0.00006104
-0.84631857,0.00006104
-0.84599857,0.00006104
-0.84567857,0.00006104
-0.84535857,0.00006104
-0.84503857,0.00006104
-0.84471857,0.00006104
-0.84439857,0.00006104
-0.84407857,0.00006104
-0.84375857,0.00006104
-0.84343857,0.00006104
-0.84311857,0.00006104
-0.84279857,0.00006104
-0.84247857,-0.01770074
-0.84215857,0.00006104
-0.84183857,0.00006104
-0.84151857,0.00006104
-0.84119857,0.00006104
-0.84087857,0.00006104
-0.84055857,0.00006104
-0.84023857,0.00006104
-0.83991857,0.00006104
-0.83959857,0.00006104
-0.83927857,0.00006104
-0.83895857,0.00006104
-0.83863857,0.00006104
-0.83831857,0.00006104
-0.83799857,0.00006104
-0.83767857,0.00006104
-0.83735857,0.00006104
-0.83703857,0.00006104
-0.83671857,0.00006104
-0.83639857,0.00006104
-0.83607857,0.00006104
-0.83575857,0.00006104
-0.83543857,0.00006104
-0.83511857,-0.01770074
-0.83479857,0.00006104
-0.83447857,0.00006104
-0.83415857,0.00006104
-0.83383857,0.00006104
-0.83351857,0.00006104
-0.83319857,0.00006104
-0.83287857,0.00006104
-0.83255857,0.00006104
-0.83223857,0.00006104
-0.83191857,0.00006104
-0.83159857,0.00006104
-0.83127857,-0.01770074
-0.83095857,0.00006104
-0.83063857,0.00006104
-0.83031857,0.00006104
-0.82999857,0.00006104
-0.82967857,0.00006104
-0.82935857,0.00006104
-0.82903857,0.00006104
-0.82871857,0.00006104
-0.82839857,-0.01770074
-0.82807857,0.00006104
-0.82775857,0.00006104
-0.82743857,0.00006104
-0.82711857,0.00006104
-0.82679857,0.00006104
-0.82647857,0.00006104
-0.82615857,0.00006104
-0.82583857,0.00006104
-0.82551857,0.00006104
-0.82519857,0.00006104
-0.82487857,0.00006104
-0.82455857,0.00006104
-0.82423857,0.00006104
-0.82391857,0.00006104
-0.82359857,0.00006104
-0.82327857,0.00006104
-0.82295857,0.00006104
-0.82263857,0.00006104
-0.82231857,0.00006104
-0.82199857,0.00006104
-0.82167857,0.00006104
-0.82135857,0.00006104
-0.82103857,0.00006104
-0.82071857,0.00006104
-0.82039857,0.00006104
-0.82007857,0.00006104
-0.81975857,0.00006104
-0.81943857,0.00006104
-0.81911857,0.00006104
-0.81879857,0.00006104
-0.81847857,0.00006104
-0.81815857,0.00006104
-0.81783857,0.00006104
-0.81751857,0.00006104
-0.81719857,0.00006104
-0.81687857,0.00006104
-0.81655857,0.00006104
-0.81623857,0.00006104
-0.81591857,0.00006104
-0.81559857,0.00006104
-0.81527857,0.00006104
-0.81495857,0.00006104
-0.81463857,0.00006104
-0.81431857,0.00006104
-0.81399857,0.00006104
-0.81367857,0.00006104
-0.81335857,0.00006104
-0.81303857,0.00006104
-0.81271857,0.00006104
-0.81239857,0.00006104
-0.81207857,0.00006104
-0.81175857,0.00006104
-0.81143857,0.00006104
-0.81111857,0.00006104
-0.81079857,0.00006104
-0.81047857,0.00006104
-0.81015857,0.00006104
-0.80983857,0.00006104
-0.80951857,0.00006104
-0.80919857,0.00006104
-0.80887857,0.00006104
-0.80855857,0.00006104
-0.80823857,0.00006104
-0.80791857,0.00006104
-0.80759857,0.00006104
-0.80727857,-0.01770074
-0.80695857,0.00006104
-0.80663857,0.00006104
-0.80631857,0.00006104
-0.80599857,0.00006104
-0.80567857,0.00006104
-0.80535857,0.00006104
-0.80503857,0.00006104
-0.80471857,0.00006104
-0.80439857,0.00006104
-0.80407857,0.00006104
-0.80375857,0.00006104
-0.80343857,0.00006104
-0.80311857,0.00006104
-0.80279857,0.00006104
-0.80247857,0.00006104
-0.80215857,0.00006104
-0.80183857,0.00006104
-0.80151857,0.00006104
-0.80119857,0.00006104
-0.80087857,0.00006104
-0.80055857,0.00006104
-0.80023857,0.00006104
-0.79991857,0.00006104
-0.79959857,0.00006104
-0.79927857,0.00006104
-0.79895857,0.00006104
-0.79863857,0.00006104
-0.79831857,0.00006104
-0.79799857,0.00006104
-0.79767857,0.00006104
-0.79735857,0.00006104
-0.79703857,0.00006104
-0.79671857,0.00006104
-0.79639857,0.00006104
-0.79607857,0.00006104
-0.79575857,0.00006104
-0.79543857,0.00006104
-0.79511857,0.00006104
-0.79479857,0.00006104
-0.79447857,-0.01770074
-0.79415857,0.00006104
-0.79383857,0.00006104
-0.79351857,0.00006104
-0.79319857,0.00006104
-0.79287857,0.00006104
-0.79255857,0.00006104
-0.79223857,0.00006104
-0.79191857,0.00006104
-0.79159857,0.00006104
-0.79127857,0.00006104
-0.79095857,0.00006104
-0.79063857,-0.01770074
-0.79031857,0.00006104
-0.78999857,0.00006104
-0.78967857,0.00006104
-0.78935857,0.00006104
-0.78903857,-0.01770074
-0.78871857,0.00006104
-0.78839857,0.00006104
-0.78807857,0.00006104
-0.78775857,0.00006104
-0.78743857,0.00006104
-0.78711857,0.00006104
-0.78679857,0.00006104
-0.78647857,0.00006104
-0.78615857,0.00006104
-0.78583857,0.00006104
-0.78551857,0.00006104
-0.78519857,0.00006104
-0.78487857,0.00006104
-0.78455857,0.00006104
-0.78423857,0.00006104
-0.78391857,0.00006104
-0.78359857,0.00006104
-0.78327857,0.00006104
-0.78295857,0.00006104
-0.78263857,0.00006104
-0.78231857,0.00006104
-0.78199857,0.00006104
-0.78167857,0.00006104
-0.78135857,0.00006104
-0.78103857,0.00006104
-0.78071857,0.00006104
-0.78039857,0.00006104
-0.78007857,0.00006104
-0.77975857,0.00006104
-0.77943857,0.00006104
-0.77911857,0.00006104
-0.77879857,0.00006104
-0.77847857,0.00006104
-0.77815857,0.00006104
-0.77783857,0.00006104
-0.77751857,0.00006104
-0.77719857,0.00006104
-0.77687857,0.00006104
-0.77655857,0.00006104
-0.77623857,0.00006104
-0.77591857,0.00006104
-0.77559857,0.00006104
-0.77527857,0.00006104
-0.77495857,0.00006104
-0.77463857,0.00006104
-0.77431857,0.00006104
-0.77399857,-0.01770074
-0.77367857,0.00006104
-0.77335857,0.00006104
-0.77303857,0.00006104
-0.77271857,0.00006104
-0.77239857,0.00006104
-0.77207857,0.00006104
-0.77175857,0.00006104
-0.77143857,0.00006104
-0.77111857,0.00006104
-0.77079857,0.00006104
-0.77047857,0.00006104
-0.77015857,0.00006104
-0.76983857,0.00006104
-0.76951857,0.00006104
-0.76919857,-0.01770074
-0.76887857,-0.01770074
-0.76855857,-0.01770074
-0.76823857,0.00006104
-0.76791857,0.00006104
-0.76759857,0.00006104
-0.76727857,0.00006104
-0.76695857,0.00006104
-0.76663857,0.00006104
-0.76631857,0.00006104
-0.76599857,0.00006104
-0.76567857,-0.01770074
-0.76535857,0.00006104
-0.76503857,0.00006104
-0.76471857,0.00006104
-0.76439857,0.00006104
-0.76407857,0.00006104
-0.76375857,0.00006104
-0.76343857,0.00006104
-0.76311857,0.00006104
-0.76279857,0.00006104
-0.76247857,0.00006104
-0.76215857,0.00006104
-0.76183857,0.00006104
-0.76151857,0.00006104
-0.76119857,-0.01770074
-0.76087857,-0.01770074
-0.76055857,0.00006104
-0.76023857,0.00006104
-0.75991857,0.00006104
-0.75959857,0.00006104
-0.75927857,0.00006104
-0.75895857,0.00006104
-0.75863857,-0.01770074
-0.75831857,0.00006104
-0.75799857,0.00006104
-0.75767857,0.00006104
-0.75735857,0.00006104
-0.75703857,0.00006104
-0.75671857,0.00006104
-0.75639857,0.00006104
-0.75607857,0.00006104
-0.75575857,0.00006104
-0.75543857,0.00006104
-0.75511857,0.00006104
-0.75479857,0.00006104
-0.75447857,0.00006104
-0.75415857,0.00006104
-0.75383857,0.00006104
-0.75351857,0.00006104
-0.75319857,-0.01770074
-0.75287857,0.00006104
-0.75255857,0.00006104
-0.75223857,0.00006104
-0.75191857,0.00006104
-0.75159857,0.00006104
-0.75127857,-0.01770074
-0.75095857,0.00006104
-0.75063857,0.00006104
-0.75031857,0.00006104
-0.74999857,0.00006104
-0.74967857,0.00006104
-0.74935857,0.00006104
-0.74903857,-0.01770074
-0.74871857,0.00006104
-0.74839857,0.00006104
-0.74807857,0.00006104
-0.74775857,0.00006104
-0.74743857,0.00006104
-0.74711857,0.00006104
-0.74679857,0.00006104
-0.74647857,0.00006104
-0.74615857,0.00006104
-0.74583857,0.00006104
-0.74551857,0.00006104
-0.74519857,0.00006104
-0.74487857,0.00006104
-0.74455857,0.00006104
-0.74423857,0.00006104
-0.74391857,0.00006104
-0.74359857,0.00006104
-0.74327857,0.00006104
-0.74295857,0.00006104
-0.74263857,-0.01770074
-0.74231857,-0.01770074
-0.74199857,-0.01770074
-0.74167857,-0.01770074
-0.74135857,0.00006104
-0.74103857,0.00006104
-0.74071857,0.00006104
-0.74039857,0.00006104
-0.74007857,-0.01770074
-0.73975857,0.00006104
-0.73943857,0.00006104
-0.73911857,0.00006104
-0.73879857,0.00006104
-0.73847857,0.00006104
-0.73815857,0.00006104
-0.73783857,0.00006104
-0.73751857,0.00006104
-0.73719857,0.00006104
-0.73687857,0.00006104
-0.73655857,0.00006104
-0.73623857,0.00006104
-0.73591857,0.00006104
-0.73559857,0.00006104
-0.73527857,0.00006104
-0.73495857,0.00006104
-0.73463857,0.00006104
-0.73431857,0.00006104
-0.73399857,0.00006104
-0.73367857,0.00006104
-0.73335857,-0.01770074
-0.73303857,-0.01770074
-0.73271857,0.00006104
-0.73239857,0.00006104
-0.73207857,-0.01770074
-0.73175857,-0.01770074
-0.73143857,0.00006104
-0.73111857,0.00006104
-0.73079857,0.00006104
-0.73047857,0.00006104
-0.73015857,0.00006104
-0.72983857,0.00006104
-0.72951857,0.00006104
-0.72919857,0.00006104
-0.72887857,0.00006104
-0.72855857,0.00006104
-0.72823857,0.00006104
-0.72791857,0.00006104
-0.72759857,0.00006104
-0.72727857,0.00006104
-0.72695857,0.00006104
-0.72663857,0.00006104
-0.72631857,0.00006104
-0.72599857,-0.01770074
-0.72567857,-0.01770074
-0.72535857,-0.01770074
-0.72503857,0.00006104
-0.72471857,-0.01770074
-0.72439857,-0.01770074
-0.72407857,0.00006104
-0.72375857,0.00006104
-0.72343857,0.00006104
-0.72311857,0.00006104
-0.72279857,0.00006104
-0.72247857,0.00006104
-0.72215857,0.00006104
-0.72183857,0.00006104
-0.72151857,0.00006104
-0.72119857,0.00006104
-0.72087857,0.00006104
-0.72055857,0.00006104
-0.72023857,0.00006104
-0.71991857,0.00006104
-0.71959857,0.00006104
-0.71927857,0.00006104
-0.71895857,-0.01770074
-0.71863857,0.00006104
-0.71831857,0.00006104
-0.71799857,0.00006104
-0.71767857,0.00006104
-0.71735857,-0.01770074
-0.71703857,0.00006104
-0.71671857,0.00006104
-0.71639857,0.00006104
-0.71607857,0.00006104
-0.71575857,0.00006104
-0.71543857,0.00006104
-0.71511857,0.00006104
-0.71479857,0.00006104
-0.71447857,0.00006104
-0.71415857,0.00006104
-0.71383857,0.00006104
-0.71351857,0.00006104
-0.71319857,0.00006104
-0.71287857,0.00006104
-0.71255857,0.00006104
-0.71223857,0.00006104
-0.71191857,0.00006104
-0.71159857,0.00006104
-0.71127857,0.00006104
-0.71095857,0.00006104
-0.71063857,0.00006104
-0.71031857,0.00006104
-0.70999857,0.00006104
-0.70967857,-0.01770074
-0.70935857,0.00006104
-0.70903857,0.00006104
-0.70871857,-0.01770074
-0.70839857,0.00006104
-0.70807857,0.00006104
-0.70775857,0.00006104
-0.70743857,0.00006104
-0.70711857,0.00006104
-0.70679857,0.00006104
-0.70647857,0.00006104
-0.70615857,0.00006104
-0.70583857,0.00006104
-0.70551857,0.00006104
-0.70519857,0.00006104
-0.70487857,0.00006104
-0.70455857,0.00006104
-0.70423857,0.00006104
-0.70391857,0.00006104
-0.70359857,0.00006104
-0.70327857,0.00006104
-0.70295857,0.00006104
-0.70263857,0.00006104
-0.70231857,0.00006104
-0.70199857,-0.01770074
-0.70167857,-0.01770074
-0.70135857,0.00006104
-0.70103857,0.00006104
-0.70071857,0.00006104
-0.70039857,0.00006104
-0.70007857,0.00006104
-0.69975857,0.00006104
-0.69943857,0.00006104
-0.69911857,0.00006104
-0.69879857,0.00006104
-0.69847857,0.00006104
-0.69815857,0.00006104
-0.69783857,0.00006104
-0.69751857,0.00006104
-0.69719857,0.00006104
-0.69687857,0.00006104
-0.69655857,0.00006104
-0.69623857,0.00006104
-0.69591857,0.00006104
-0.69559857,0.00006104
-0.69527857,0.00006104
-0.69495857,0.00006104
-0.69463857,0.00006104
-0.69431857,0.00006104
-0.69399857,-0.01770074
-0.69367857,0.00006104
-0.69335857,-0.01770074
-0.69303857,0.00006104
-0.69271857,0.00006104
-0.69239857,0.00006104
-0.69207857,0.00006104
-0.69175857,0.00006104
-0.69143857,0.00006104
-0.69111857,-0.01770074
-0.69079857,0.00006104
-0.69047857,0.00006104
-0.69015857,0.00006104
-0.68983857,0.00006104
-0.68951857,0.00006104
-0.68919857,0.00006104
-0.68887857,0.00006104
-0.68855857,0.00006104
-0.68823857,0.00006104
-0.68791857,-0.01770074
-0.68759857,0.00006104
-0.68727857,0.00006104
-0.68695857,0.00006104
-0.68663857,0.00006104
-0.68631857,0.00006104
-0.68599857,0.00006104
-0.68567857,0.00006104
-0.68535857,0.00006104
-0.68503857,0.00006104
-0.68471857,0.00006104
-0.68439857,0.00006104
-0.68407857,-0.01770074
-0.68375857,-0.01770074
-0.68343857,0.00006104
-0.68311857,0.00006104
-0.68279857,-0.01770074
-0.68247857,0.00006104
-0.68215857,0.00006104
-0.68183857,0.00006104
-0.68151857,0.00006104
-0.68119857,0.00006104
-0.68087857,0.00006104
-0.68055857,0.00006104
-0.68023857,0.00006104
-0.67991857,0.00006104
-0.67959857,0.00006104
-0.67927857,0.00006104
-0.67895857,0.00006104
-0.67863857,0.00006104
-0.67831857,0.00006104
-0.67799857,0.00006104
-0.67767857,-0.01770074
-0.67735857,0.00006104
-0.67703857,0.00006104
-0.67671857,0.00006104
-0.67639857,0.00006104
-0.67607857,0.00006104
-0.67575857,0.00006104
-0.67543857,0.00006104
-0.67511857,0.00006104
-0.67479857,0.00006104
-0.67447857,0.00006104
-0.67415857,0.00006104
-0.67383857,0.00006104
-0.67351857,0.00006104
-0.67319857,0.00006104
-0.67287857,0.00006104
-0.67255857,0.00006104
-0.67223857,0.00006104
-0.67191857,0.00006104
-0.67159857,0.00006104
-0.67127857,0.00006104
-0.67095857,0.00006104
-0.67063857,-0.01770074
-0.67031857,0.00006104
-0.66999857,0.00006104
-0.66967857,0.00006104
-0.66935857,0.00006104
-0.66903857,-0.01770074
-0.66871857,0.00006104
-0.66839857,0.00006104
-0.66807857,-0.01770074
-0.66775857,0.00006104
-0.66743857,0.00006104
-0.66711857,0.00006104
-0.66679857,0.00006104
-0.66647857,0.00006104
-0.66615857,0.00006104
-0.66583857,0.00006104
-0.66551857,0.00006104
-0.66519857,0.00006104
-0.66487857,0.00006104
-0.66455857,0.00006104
-0.66423857,0.00006104
-0.66391857,0.00006104
-0.66359857,0.00006104
-0.66327857,0.00006104
-0.66295857,0.00006104
-0.66263857,-0.01770074
-0.66231857,0.00006104
-0.66199857,0.00006104
-0.66167857,0.00006104
-0.66135857,0.00006104
-0.66103857,0.00006104
-0.66071857,0.00006104
-0.66039857,0.00006104
-0.66007857,0.00006104
-0.65975857,0.00006104
-0.65943857,0.00006104
-0.65911857,0.00006104
-0.65879857,0.00006104
-0.65847857,0.00006104
-0.65815857,0.00006104
-0.65783857,0.00006104
-0.65751857,0.00006104
-0.65719857,0.00006104
-0.65687857,0.00006104
-0.65655857,-0.01770074
-0.65623857,0.00006104
-0.65591857,0.00006104
-0.65559857,0.00006104
-0.65527857,0.00006104
-0.65495857,0.00006104
-0.65463857,0.00006104
-0.65431857,0.00006104
-0.65399857,0.00006104
-0.65367857,0.00006104
-0.65335857,0.00006104
-0.65303857,-0.01770074
-0.65271857,0.00006104
-0.65239857,0.00006104
-0.65207857,0.00006104
-0.65175857,0.00006104
-0.65143857,0.00006104
-0.65111857,0.00006104
-0.65079857,0.00006104
-0.65047857,0.00006104
-0.65015857,0.00006104
-0.64983857,0.00006104
-0.64951857,0.00006104
-0.64919857,0.00006104
-0.64887857,0.00006104
-0.64855857,0.00006104
-0.64823857,0.00006104
-0.64791857,0.00006104
-0.64759857,0.00006104
-0.64727857,0.00006104
-0.64695857,0.00006104
-0.64663857,0.00006104
-0.64631857,0.00006104
-0.64599857,0.00006104
-0.64567857,0.00006104
-0.64535857,0.00006104
-0.64503857,0.00006104
-0.64471857,0.00006104
-0.64439857,0.00006104
-0.64407857,0.00006104
-0.64375857,0.00006104
-0.64343857,0.00006104
-0.64311857,0.00006104
-0.64279857,0.00006104
-0.64247857,0.00006104
-0.64215857,0.00006104
-0.64183857,0.00006104
-0.64151857,0.00006104
-0.64119857,0.00006104
-0.64087857,0.00006104
-0.64055857,0.00006104
-0.64023857,-0.01770074
-0.63991857,0.00006104
-0.63959857,0.00006104
-0.63927857,0.00006104
-0.63895857,0.00006104
-0.63863857,0.00006104
-0.63831857,0.00006104
-0.63799857,0.00006104
-0.63767857,0.00006104
-0.63735857,0.00006104
-0.63703857,0.00006104
-0.63671857,0.00006104
-0.63639857,0.00006104
-0.63607857,0.00006104
-0.63575857,0.00006104
-0.63543857,0.00006104
-0.63511857,0.00006104
-0.63479857,0.00006104
-0.63447857,0.00006104
-0.63415857,0.00006104
-0.63383857,0.00006104
-0.63351857,0.00006104
-0.63319857,0.00006104
-0.63287857,0.00006104
-0.63255857,0.00006104
-0.63223857,0.00006104
-0.63191857,0.00006104
-0.63159857,0.00006104
-0.63127857,0.00006104
-0.63095857,0.00006104
-0.63063857,0.00006104
-0.63031857,-0.01770074
-0.62999857,0.00006104
-0.62967857,0.00006104
-0.62935857,-0.01770074
-0.62903857,-0.01770074
-0.62871857,0.00006104
-0.62839857,0.00006104
-0.62807857,0.00006104
-0.62775857,0.00006104
-0.62743857,0.00006104
-0.62711857,0.00006104
-0.62679857,0.00006104
-0.62647857,0.00006104
-0.62615857,0.00006104
-0.62583857,-0.01770074
-0.62551857,0.00006104
-0.62519857,0.00006104
-0.62487857,0.00006104
-0.62455857,0.00006104
-0.62423857,0.00006104
-0.62391857,0.00006104
-0.62359857,0.00006104
-0.62327857,0.00006104
-0.62295857,0.00006104
-0.62263857,-0.01770074
-0.62231857,0.00006104
-0.62199857,0.00006104
-0.62167857,0.00006104
-0.62135857,0.00006104
-0.62103857,0.00006104
-0.62071857,0.00006104
-0.62039857,0.00006104
-0.62007857,0.00006104
-0.61975857,0.00006104
-0.61943857,-0.01770074
-0.61911857,0.00006104
-0.61879857,0.00006104
-0.61847857,0.00006104
-0.61815857,0.00006104
-0.61783857,0.00006104
-0.61751857,0.00006104
-0.61719857,0.00006104
-0.61687857,0.00006104
-0.61655857,0.00006104
-0.61623857,0.00006104
-0.61591857,0.00006104
-0.61559857,0.00006104
-0.61527857,-0.01770074
-0.61495857,0.00006104
-0.61463857,-0.01770074
-0.61431857,0.00006104
-0.61399857,0.00006104
-0.61367857,0.00006104
-0.61335857,0.00006104
-0.61303857,0.00006104
-0.61271857,0.00006104
-0.61239857,0.00006104
-0.61207857,0.00006104
-0.61175857,0.00006104
-0.61143857,0.00006104
-0.61111857,0.00006104
-0.61079857,0.00006104
-0.61047857,0.00006104
-0.61015857,0.00006104
-0.60983857,-0.01770074
-0.60951857,0.00006104
-0.60919857,0.00006104
-0.60887857,0.00006104
-0.60855857,0.00006104
-0.60823857,0.00006104
-0.60791857,0.00006104
-0.60759857,0.00006104
-0.60727857,0.00006104
-0.60695857,0.00006104
-0.60663857,0.00006104
-0.60631857,0.00006104
-0.60599857,0.00006104
-0.60567857,0.00006104
-0.60535857,0.00006104
-0.60503857,0.00006104
-0.60471857,0.00006104
-0.60439857,0.00006104
-0.60407857,0.00006104
-0.60375857,0.00006104
-0.60343857,0.00006104
-0.60311857,0.00006104
-0.60279857,0.00006104
-0.60247857,0.00006104
-0.60215857,0.00006104
-0.60183857,0.00006104
-0.60151857,0.00006104
-0.60119857,0.00006104
-0.60087857,0.00006104
-0.60055857,0.00006104
-0.60023857,0.00006104
-0.59991857,0.00006104
-0.59959857,0.00006104
-0.59927857,0.00006104
-0.59895857,0.00006104
-0.59863857,0.00006104
-0.59831857,0.00006104
-0.59799857,0.00006104
-0.59767857,0.00006104
-0.59735857,0.00006104
-0.59703857,0.00006104
-0.59671857,0.00006104
-0.59639857,0.00006104
-0.59607857,0.00006104
-0.59575857,0.00006104
-0.59543857,0.00006104
-0.59511857,0.00006104
-0.59479857,0.00006104
-0.59447857,0.00006104
-0.59415857,0.00006104
-0.59383857,0.00006104
-0.59351857,0.00006104
-0.59319857,0.00006104
-0.59287857,0.00006104
-0.59255857,0.00006104
-0.59223857,0.00006104
-0.59191857,0.00006104
-0.59159857,0.00006104
-0.59127857,0.00006104
-0.59095857,0.00006104
-0.59063857,0.00006104
-0.59031857,0.00006104
-0.58999857,0.00006104
-0.58967857,0.00006104
-0.58935857,0.00006104
-0.58903857,0.00006104
-0.58871857,0.00006104
-0.58839857,0.00006104
-0.58807857,0.00006104
-0.58775857,0.00006104
-0.58743857,0.00006104
-0.58711857,0.00006104
-0.58679857,0.00006104
-0.58647857,0.00006104
-0.58615857,0.00006104
-0.58583857,0.00006104
-0.58551857,0.00006104
-0.58519857,0.00006104
-0.58487857,0.00006104
-0.58455857,0.00006104
-0.58423857,0.00006104
-0.58391857,0.00006104
-0.58359857,0.00006104
-0.58327857,0.00006104
-0.58295857,0.00006104
-0.58263857,0.00006104
-0.58231857,0.00006104
-0.58199857,0.00006104
-0.58167857,0.00006104
-0.58135857,0.00006104
-0.58103857,0.00006104
-0.58071857,0.00006104
-0.58039857,0.00006104
-0.58007857,0.00006104
-0.57975857,0.00006104
-0.57943857,0.00006104
-0.57911857,0.00006104
-0.57879857,0.00006104
-0.57847857,0.00006104
-0.57815857,0.00006104
-0.57783857,0.00006104
-0.57751857,0.00006104
-0.57719857,0.00006104
-0.57687857,0.00006104
-0.57655857,0.00006104
-0.57623857,0.00006104
-0.57591857,0.00006104
-0.57559857,0.00006104
-0.57527857,-0.01770074
-0.57495857,0.00006104
-0.57463857,0.00006104
-0.57431857,0.00006104
-0.57399857,0.00006104
-0.57367857,0.00006104
-0.57335857,0.00006104
-0.57303857,0.00006104
-0.57271857,0.00006104
-0.57239857,0.00006104
-0.57207857,-0.01770074
-0.57175857,0.00006104
-0.57143857,0.00006104
-0.57111857,-0.01770074
-0.57079857,0.00006104
-0.57047857,0.00006104
-0.57015857,0.00006104
-0.56983857,0.00006104
-0.56951857,0.00006104
-0.56919857,0.00006104
-0.56887857,0.00006104
-0.56855857,0.00006104
-0.56823857,0.00006104
-0.56791857,-0.01770074
-0.56759857,0.00006104
-0.56727857,0.00006104
-0.56695857,0.00006104
-0.56663857,0.00006104
-0.56631857,0.00006104
-0.56599857,0.00006104
-0.56567857,0.00006104
-0.56535857,0.00006104
-0.56503857,0.00006104
-0.56471857,0.00006104
-0.56439857,0.00006104
-0.56407857,0.00006104
-0.56375857,0.00006104
-0.56343857,0.00006104
-0.56311857,-0.01770074
-0.56279857,0.00006104
-0.56247857,0.00006104
-0.56215857,0.00006104
-0.56183857,0.00006104
-0.56151857,0.00006104
-0.56119857,-0.01770074
-0.56087857,0.00006104
-0.56055857,0.00006104
-0.56023857,0.00006104
-0.55991857,0.00006104
-0.55959857,0.00006104
-0.55927857,0.00006104
-0.55895857,0.00006104
-0.55863857,0.00006104
-0.55831857,-0.01770074
-0.55799857,0.00006104
-0.55767857,0.00006104
-0.55735857,0.00006104
-0.55703857,0.00006104
-0.55671857,0.00006104
-0.55639857,0.00006104
-0.55607857,0.00006104
-0.55575857,0.00006104
-0.55543857,0.00006104
-0.55511857,0.00006104
-0.55479857,0.00006104
-0.55447857,0.00006104
-0.55415857,0.00006104
-0.55383857,0.00006104
-0.55351857,0.00006104
-0.55319857,0.00006104
-0.55287857,0.00006104
-0.55255857,0.00006104
-0.55223857,0.00006104
-0.55191857,0.00006104
-0.55159857,0.00006104
-0.55127857,0.00006104
-0.55095857,0.00006104
-0.55063857,0.00006104
-0.55031857,0.00006104
-0.54999857,0.00006104
-0.54967857,0.00006104
-0.54935857,0.00006104
-0.54903857,0.00006104
-0.54871857,0.00006104
-0.54839857,0.00006104
-0.54807857,0.00006104
-0.54775857,0.00006104
-0.54743857,0.00006104
-0.54711857,-0.01770074
-0.54679857,0.00006104
-0.54647857,0.00006104
-0.54615857,0.00006104
-0.54583857,0.00006104
-0.54551857,0.00006104
-0.54519857,0.00006104
-0.54487857,0.00006104
-0.54455857,-0.01770074
-0.54423857,0.00006104
-0.54391857,0.00006104
-0.54359857,0.00006104
-0.54327857,0.00006104
-0.54295857,0.00006104
-0.54263857,0.00006104
-0.54231857,0.00006104
-0.54199857,0.00006104
-0.54167857,-0.01770074
-0.54135857,0.00006104
-0.54103857,0.00006104
-0.54071857,0.00006104
-0.54039857,0.00006104
-0.54007857,0.00006104
-0.53975857,0.00006104
-0.53943857,0.00006104
-0.53911857,0.00006104
-0.53879857,0.00006104
-0.53847857,0.00006104
-0.53815857,-0.01770074
-0.53783857,0.00006104
-0.53751857,0.00006104
-0.53719857,0.00006104
-0.53687857,-0.01770074
-0.53655857,0.00006104
-0.53623857,0.00006104
-0.53591857,0.00006104
-0.53559857,0.00006104
-0.53527857,0.00006104
-0.53495857,0.00006104
-0.53463857,0.00006104
-0.53431857,0.00006104
-0.53399857,0.00006104
-0.53367857,0.00006104
-0.53335857,0.00006104
-0.53303857,0.00006104
-0.53271857,0.00006104
-0.53239857,0.00006104
-0.53207857,0.00006104
-0.53175857,0.00006104
-0.53143857,0.00006104
-0.53111857,0.00006104
-0.53079857,0.00006104
-0.53047857,0.00006104
-0.53015857,0.00006104
-0.52983857,0.00006104
-0.52951857,-0.01770074
-0.52919857,0.00006104
-0.52887857,0.00006104
-0.52855857,0.00006104
-0.52823857,0.00006104
-0.52791857,0.00006104
-0.52759857,0.00006104
-0.52727857,0.00006104
-0.52695857,-0.01770074
-0.52663857,0.00006104
-0.52631857,0.00006104
-0.52599857,0.00006104
-0.52567857,0.00006104
-0.52535857,0.00006104
-0.52503857,0.00006104
-0.52471857,0.00006104
-0.52439857,0.00006104
-0.52407857,0.00006104
-0.52375857,0.00006104
-0.52343857,0.00006104
-0.52311857,0.00006104
-0.52279857,0.00006104
-0.52247857,0.00006104
-0.52215857,0.00006104
-0.52183857,0.00006104
-0.52151857,-0.01770074
-0.52119857,0.00006104
-0.52087857,0.00006104
-0.52055857,0.00006104
-0.52023857,0.00006104
-0.51991857,0.00006104
-0.51959857,0.00006104
-0.51927857,0.00006104
-0.51895857,0.00006104
-0.51863857,0.00006104
-0.51831857,0.00006104
-0.51799857,0.00006104
-0.51767857,0.00006104
-0.51735857,0.00006104
-0.51703857,0.00006104
-0.51671857,0.00006104
-0.51639857,0.00006104
-0.51607857,0.00006104
-0.51575857,0.00006104
-0.51543857,0.00006104
-0.51511857,0.00006104
-0.51479857,0.00006104
-0.51447857,0.00006104
-0.51415857,0.00006104
-0.51383857,0.00006104
-0.51351857,0.00006104
-0.51319857,0.00006104
-0.51287857,0.00006104
-0.51255857,0.00006104
-0.51223857,0.00006104
-0.51191857,0.00006104
-0.51159857,0.00006104
-0.51127857,0.00006104
-0.51095857,0.00006104
-0.51063857,-0.01770074
-0.51031857,0.00006104
-0.50999857,0.00006104
-0.50967857,0.00006104
-0.50935857,0.00006104
-0.50903857,0.00006104
-0.50871857,0.00006104
-0.50839857,0.00006104
-0.50807857,0.00006104
-0.50775857,0.00006104
-0.50743857,0.00006104
-0.50711857,0.00006104
-0.50679857,0.00006104
-0.50647857,0.00006104
-0.50615857,0.00006104
-0.50583857,0.00006104
-0.50551857,-0.01770074
-0.50519857,0.00006104
-0.50487857,0.00006104
-0.50455857,0.00006104
-0.50423857,0.00006104
-0.50391857,-0.01770074
-0.50359857,0.00006104
-0.50327857,0.00006104
-0.50295857,0.00006104
-0.50263857,0.00006104
-0.50231857,0.00006104
-0.50199857,0.00006104
-0.50167857,0.00006104
-0.50135857,-0.01770074
-0.50103857,0.23145238
-0.50071857,0.48066652
-0.50039857,0.37385175
-0.50007857,0.16022217
-0.49975857,0.00006104
-0.49943857,-0.05334635
-0.49911857,-0.05334635
-0.49879857,-0.03552354
-0.49847857,-0.03552354
-0.49815857,-0.10669271
-0.49783857,-1.03238010
-0.49751857,-1.99359107
-0.49719857,-1.74437702
-0.49687857,0.33826715
-0.49655857,0.55183572
-0.49623857,0.23145238
-0.49591857,0.03570665
-0.49559857,0.01788385
-0.49527857,0.03570665
-0.49495857,0.03570665
-0.49463857,0.03570665
-0.49431857,0.01788385
-0.49399857,0.03570665
-0.49367857,0.03570665
-0.49335857,0.03570665
-0.49303857,0.01788385
-0.49271857,0.01788385
-0.49239857,0.00006104
-0.49207857,0.00006104
-0.49175857,0.01788385
-0.49143857,0.01788385
-0.49111857,0.03570665
-0.49079857,0.07129124
-0.49047857,0.07129124
-0.49015857,0.07129124
-0.48983857,0.05346843
-0.48951857,0.05346843
-0.48919857,0.05346843
-0.48887857,0.03570665
-0.48855857,0.05346843
-0.48823857,0.08911405
-0.48791857,0.07129124
-0.48759857,0.03570665
-0.48727857,0.03570665
-0.48695857,0.05346843
-0.48663857,0.01788385
-0.48631857,0.00006104
-0.48599857,-0.01770074
-0.48567857,-0.01770074
-0.48535857,-0.03552354
-0.48503857,0.01788385
-0.48471857,0.01788385
-0.48439857,0.00006104
-0.48407857,0.07129124
-0.48375857,-0.01770074
-0.48343857,-0.01770074
-0.48311857,0.01788385
-0.48279857,-0.03552354
-0.48247857,0.01788385
-0.48215857,0.05346843
-0.48183857,0.01788385
-0.48151857,0.01788385
-0.48119857,0.03570665
-0.48087857,0.01788385
-0.48055857,0.01788385
-0.48023857,0.01788385
-0.47991857,0.01788385
-0.47959857,0.01788385
-0.47927857,0.01788385
-0.47895857,0.03570665
-0.47863857,0.01788385
-0.47831857,0.00006104
-0.47799857,0.01788385
-0.47767857,0.01788385
-0.47735857,0.00006104
-0.47703857,0.01788385
-0.47671857,0.00006104
-0.47639857,0.00006104
-0.47607857,0.01788385
-0.47575857,0.00006104
-0.47543857,0.00006104
-0.47511857,0.01788385
-0.47479857,0.01788385
-0.47447857,0.00006104
-0.47415857,0.01788385
-0.47383857,0.00006104
-0.47351857,0.00006104
-0.47319857,0.01788385
-0.47287857,0.01788385
-0.47255857,0.00006104
-0.47223857,0.01788385
-0.47191857,0.01788385
-0.47159857,0.01788385
-0.47127857,0.00006104
-0.47095857,0.00006104
-0.47063857,0.00006104
-0.47031857,0.00006104
-0.46999857,0.00006104
-0.46967857,0.00006104
-0.46935857,0.00006104
-0.46903857,0.00006104
-0.46871857,0.00006104
-0.46839857,0.00006104
-0.46807857,0.00006104
-0.46775857,0.01788385
-0.46743857,0.00006104
-0.46711857,0.00006104
-0.46679857,0.00006104
-0.46647857,0.01788385
-0.46615857,0.01788385
-0.46583857,0.01788385
-0.46551857,0.01788385
-0.46519857,0.01788385
-0.46487857,0.00006104
-0.46455857,0.00006104
-0.46423857,-0.01770074
-0.46391857,0.00006104
-0.46359857,0.00006104
-0.46327857,0.00006104
-0.46295857,0.00006104
-0.46263857,0.00006104
-0.46231857,0.00006104
-0.46199857,0.01788385
-0.46167857,0.00006104
-0.46135857,0.00006104
-0.46103857,0.00006104
-0.46071857,0.00006104
-0.46039857,0.00006104
-0.46007857,0.01788385
-0.45975857,0.00006104
-0.45943857,0.00006104
-0.45911857,0.00006104
-0.45879857,-0.01770074
-0.45847857,-0.01770074
-0.45815857,0.00006104
-0.45783857,0.00006104
-0.45751857,0.00006104
-0.45719857,0.00006104
-0.45687857,0.00006104
-0.45655857,0.01788385
-0.45623857,0.00006104
-0.45591857,0.00006104
-0.45559857,0.00006104
-0.45527857,0.00006104
-0.45495857,0.00006104
-0.45463857,0.00006104
-0.45431857,0.00006104
-0.45399857,0.00006104
-0.45367857,0.00006104
-0.45335857,0.00006104
-0.45303857,0.00006104
-0.45271857,0.00006104
-0.45239857,-0.01770074
-0.45207857,0.00006104
-0.45175857,-0.01770074
-0.45143857,-0.01770074
-0.45111857,0.00006104
-0.45079857,0.00006104
-0.45047857,0.00006104
-0.45015857,0.00006104
-0.44983857,0.00006104
-0.44951857,0.00006104
-0.44919857,0.00006104
-0.44887857,0.00006104
-0.44855857,0.00006104
-0.44823857,0.00006104
-0.44791857,0.00006104
-0.44759857,0.01788385
-0.44727857,0.00006104
-0.44695857,0.00006104
-0.44663857,0.00006104
-0.44631857,0.00006104
-0.44599857,0.00006104
-0.44567857,-0.01770074
-0.44535857,0.00006104
-0.44503857,0.00006104
-0.44471857,0.00006104
-0.44439857,0.00006104
-0.44407857,0.00006104
-0.44375857,-0.01770074
-0.44343857,0.00006104
-0.44311857,0.00006104
-0.44279857,0.00006104
-0.44247857,0.00006104
-0.44215857,0.00006104
-0.44183857,0.00006104
-0.44151857,0.00006104
-0.44119857,0.00006104
-0.44087857,0.00006104
-0.44055857,0.00006104
-0.44023857,0.00006104
-0.43991857,0.00006104
-0.43959857,0.00006104
-0.43927857,0.00006104
-0.43895857,0.00006104
-0.43863857,0.00006104
-0.43831857,0.00006104
-0.43799857,0.00006104
-0.43767857,0.00006104
-0.43735857,0.00006104
-0.43703857,0.00006104
-0.43671857,0.00006104
-0.43639857,0.00006104
-0.43607857,0.00006104
-0.43575857,0.00006104
-0.43543857,0.00006104
-0.43511857,0.00006104
-0.43479857,0.00006104
-0.43447857,0.00006104
-0.43415857,0.00006104
-0.43383857,0.00006104
-0.43351857,0.00006104
-0.43319857,0.00006104
-0.43287857,0.00006104
-0.43255857,0.00006104
-0.43223857,0.00006104
-0.43191857,0.00006104
-0.43159857,0.00006104
-0.43127857,0.00006104
-0.43095857,0.00006104
-0.43063857,0.00006104
-0.43031857,-0.01770074
-0.42999857,0.00006104
-0.42967857,0.00006104
-0.42935857,0.00006104
-0.42903857,0.00006104
-0.42871857,0.00006104
-0.42839857,0.00006104
-0.42807857,0.00006104
-0.42775857,0.00006104
-0.42743857,0.00006104
-0.42711857,0.00006104
-0.42679857,0.00006104
-0.42647857,0.00006104
-0.42615857,0.00006104
-0.42583857,0.00006104
-0.42551857,0.00006104
-0.42519857,0.00006104
-0.42487857,0.00006104
-0.42455857,0.00006104
-0.42423857,0.00006104
-0.42391857,0.00006104
-0.42359857,0.00006104
-0.42327857,0.00006104
-0.42295857,0.00006104
-0.42263857,0.00006104
-0.42231857,0.00006104
-0.42199857,0.00006104
-0.42167857,0.00006104
-0.42135857,-0.01770074
-0.42103857,0.00006104
-0.42071857,0.00006104
-0.42039857,0.00006104
-0.42007857,0.00006104
-0.41975857,0.00006104
-0.41943857,0.00006104
-0.41911857,0.00006104
-0.41879857,0.00006104
-0.41847857,0.00006104
-0.41815857,0.00006104
-0.41783857,0.00006104
-0.41751857,0.00006104
-0.41719857,0.00006104
-0.41687857,0.00006104
-0.41655857,0.00006104
-0.41623857,-0.01770074
-0.41591857,0.00006104
-0.41559857,0.00006104
-0.41527857,0.00006104
-0.41495857,0.00006104
-0.41463857,0.00006104
-0.41431857,0.00006104
-0.41399857,0.00006104
-0.41367857,0.00006104
-0.41335857,0.00006104
-0.41303857,0.00006104
-0.41271857,0.00006104
-0.41239857,0.00006104
-0.41207857,0.00006104
-0.41175857,0.00006104
-0.41143857,0.00006104
-0.41111857,0.00006104
-0.41079857,0.00006104
-0.41047857,0.00006104
-0.41015857,0.00006104
-0.40983857,0.00006104
-0.40951857,0.00006104
-0.40919857,0.00006104
-0.40887857,0.00006104
-0.40855857,-0.01770074
-0.40823857,0.00006104
-0.40791857,0.00006104
-0.40759857,0.00006104
-0.40727857,0.00006104
-0.40695857,-0.01770074
-0.40663857,0.00006104
-0.40631857,0.00006104
-0.40599857,0.00006104
-0.40567857,0.00006104
-0.40535857,0.00006104
-0.40503857,0.00006104
-0.40471857,0.00006104
-0.40439857,0.00006104
-0.40407857,0.00006104
-0.40375857,0.00006104
-0.40343857,0.00006104
-0.40311857,0.00006104
-0.40279857,0.00006104
-0.40247857,0.00006104
-0.40215857,0.00006104
-0.40183857,0.00006104
-0.40151857,0.00006104
-0.40119857,0.00006104
-0.40087857,0.00006104
-0.40055857,0.00006104
-0.40023857,0.00006104
-0.39991857,0.00006104
-0.39959857,0.00006104
-0.39927857,0.00006104
-0.39895857,0.00006104
-0.39863857,0.00006104
-0.39831857,0.00006104
-0.39799857,0.00006104
-0.39767857,0.00006104
-0.39735857,0.00006104
-0.39703857,0.00006104
-0.39671857,0.00006104
-0.39639857,0.00006104
-0.39607857,0.00006104
-0.39575857,0.00006104
-0.39543857,0.00006104
-0.39511857,0.00006104
-0.39479857,0.00006104
-0.39447857,0.00006104
-0.39415857,0.00006104
-0.39383857,0.00006104
-0.39351857,0.00006104
-0.39319857,0.00006104
-0.39287857,0.00006104
-0.39255857,0.00006104
-0.39223857,0.00006104
-0.39191857,0.00006104
-0.39159857,-0.01770074
-0.39127857,0.00006104
-0.39095857,0.00006104
-0.39063857,0.00006104
-0.39031857,0.00006104
-0.38999857,0.00006104
-0.38967857,0.00006104
-0.38935857,0.00006104
-0.38903857,0.00006104
-0.38871857,-0.01770074
-0.38839857,0.00006104
-0.38807857,0.00006104
-0.38775857,0.00006104
-0.38743857,0.00006104
-0.38711857,0.00006104
-0.38679857,0.00006104
-0.38647857,0.00006104
-0.38615857,0.00006104
-0.38583857,0.00006104
-0.38551857,0.00006104
-0.38519857,-0.01770074
-0.38487857,0.00006104
-0.38455857,0.00006104
-0.38423857,0.00006104
-0.38391857,0.00006104
-0.38359857,0.00006104
-0.38327857,0.00006104
-0.38295857,0.00006104
-0.38263857,0.00006104
-0.38231857,0.00006104
-0.38199857,0.00006104
-0.38167857,0.00006104
-0.38135857,0.00006104
-0.38103857,0.00006104
-0.38071857,0.00006104
-0.38039857,0.00006104
-0.38007857,0.00006104
-0.37975857,0.00006104
-0.37943857,0.00006104
-0.37911857,-0.01770074
-0.37879857,0.00006104
-0.37847857,0.00006104
-0.37815857,0.00006104
-0.37783857,0.00006104
-0.37751857,0.00006104
-0.37719857,-0.01770074
-0.37687857,0.00006104
-0.37655857,0.00006104
-0.37623857,0.00006104
-0.37591857,0.00006104
-0.37559857,0.00006104
-0.37527857,-0.01770074
-0.37495857,0.00006104
-0.37463857,0.00006104
-0.37431857,-0.01770074
-0.37399857,0.00006104
-0.37367857,0.00006104
-0.37335857,0.00006104
-0.37303857,0.00006104
-0.37271857,0.00006104
-0.37239857,0.00006104
-0.37207857,0.00006104
-0.37175857,0.00006104
-0.37143857,0.00006104
-0.37111857,0.00006104
-0.37079857,0.00006104
-0.37047857,0.00006104
-0.37015857,0.00006104
-0.36983857,0.00006104
-0.36951857,0.00006104
-0.36919857,0.00006104
-0.36887857,0.00006104
-0.36855857,-0.01770074
-0.36823857,0.00006104
-0.36791857,0.00006104
-0.36759857,0.00006104
-0.36727857,0.00006104
-0.36695857,0.00006104
-0.36663857,0.00006104
-0.36631857,0.00006104
-0.36599857,0.00006104
-0.36567857,0.00006104
-0.36535857,-0.01770074
-0.36503857,-0.01770074
-0.36471857,0.00006104
-0.36439857,0.00006104
-0.36407857,0.00006104
-0.36375857,0.00006104
-0.36343857,0.00006104
-0.36311857,-0.01770074
-0.36279857,0.00006104
-0.36247857,0.00006104
-0.36215857,0.00006104
-0.36183857,0.00006104
-0.36151857,0.00006104
-0.36119857,-0.01770074
-0.36087857,0.00006104
-0.36055857,0.00006104
-0.36023857,0.00006104
-0.35991857,0.00006104
-0.35959857,0.00006104
-0.35927857,0.00006104
-0.35895857,0.00006104
-0.35863857,0.00006104
-0.35831857,0.00006104
-0.35799857,0.00006104
-0.35767857,0.00006104
-0.35735857,0.00006104
-0.35703857,0.00006104
-0.35671857,0.00006104
-0.35639857,0.00006104
-0.35607857,0.00006104
-0.35575857,0.00006104
-0.35543857,-0.01770074
-0.35511857,0.00006104
-0.35479857,0.00006104
-0.35447857,0.00006104
-0.35415857,0.00006104
-0.35383857,0.00006104
-0.35351857,0.00006104
-0.35319857,0.00006104
-0.35287857,0.00006104
-0.35255857,0.00006104
-0.35223857,0.00006104
-0.35191857,0.00006104
-0.35159857,0.00006104
-0.35127857,0.00006104
-0.35095857,-0.01770074
-0.35063857,0.00006104
-0.35031857,0.00006104
-0.34999857,0.00006104
-0.34967857,0.00006104
-0.34935857,0.00006104
-0.34903857,0.00006104
-0.34871857,0.00006104
-0.34839857,0.00006104
-0.34807857,0.00006104
-0.34775857,-0.01770074
-0.34743857,0.00006104
-0.34711857,0.00006104
-0.34679857,0.00006104
-0.34647857,0.00006104
-0.34615857,0.00006104
-0.34583857,0.00006104
-0.34551857,0.00006104
-0.34519857,0.00006104
-0.34487857,-0.01770074
-0.34455857,0.00006104
-0.34423857,0.00006104
-0.34391857,0.00006104
-0.34359857,0.00006104
-0.34327857,-0.01770074
-0.34295857,0.00006104
-0.34263857,0.00006104
-0.34231857,0.00006104
-0.34199857,0.00006104
-0.34167857,0.00006104
-0.34135857,0.00006104
-0.34103857,0.00006104
-0.34071857,0.00006104
-0.34039857,0.00006104
-0.34007857,0.00006104
-0.33975857,0.00006104
-0.33943857,0.00006104
-0.33911857,0.00006104
-0.33879857,0.00006104
-0.33847857,0.00006104
-0.33815857,0.00006104
-0.33783857,0.00006104
-0.33751857,0.00006104
-0.33719857,0.00006104
-0.33687857,0.00006104
-0.33655857,-0.01770074
-0.33623857,0.00006104
-0.33591857,0.00006104
-0.33559857,0.00006104
-0.33527857,-0.01770074
-0.33495857,0.00006104
-0.33463857,0.00006104
-0.33431857,0.00006104
-0.33399857,0.00006104
-0.33367857,0.00006104
-0.33335857,0.00006104
-0.33303857,0.00006104
-0.33271857,0.00006104
-0.33239857,0.00006104
-0.33207857,0.00006104
-0.33175857,0.00006104
-0.33143857,0.00006104
-0.33111857,0.00006104
-0.33079857,0.00006104
-0.33047857,0.00006104
-0.33015857,0.00006104
-0.32983857,0.00006104
-0.32951857,-0.01770074
-0.32919857,0.00006104
-0.32887857,0.00006104
-0.32855857,0.00006104
-0.32823857,-0.01770074
-0.32791857,0.00006104
-0.32759857,0.00006104
-0.32727857,0.00006104
-0.32695857,0.00006104
-0.32663857,0.00006104
-0.32631857,0.00006104
-0.32599857,0.00006104
-0.32567857,0.00006104
-0.32535857,0.00006104
-0.32503857,0.00006104
-0.32471857,0.00006104
-0.32439857,0.00006104
-0.32407857,0.00006104
-0.32375857,0.00006104
-0.32343857,0.00006104
-0.32311857,0.00006104
-0.32279857,0.00006104
-0.32247857,0.00006104
-0.32215857,0.00006104
-0.32183857,0.00006104
-0.32151857,0.00006104
-0.32119857,0.00006104
-0.32087857,0.00006104
-0.32055857,0.00006104
-0.32023857,0.00006104
-0.31991857,0.00006104
-0.31959857,0.00006104
-0.31927857,0.00006104
-0.31895857,0.00006104
-0.31863857,0.00006104
-0.31831857,0.00006104
-0.31799857,0.00006104
-0.31767857,0.00006104
-0.31735857,0.00006104
-0.31703857,0.00006104
-0.31671857,0.00006104
-0.31639857,0.00006104
-0.31607857,0.00006104
-0.31575857,0.00006104
-0.31543857,0.00006104
-0.31511857,0.00006104
-0.31479857,0.00006104
-0.31447857,0.00006104
-0.31415857,0.00006104
-0.31383857,0.00006104
-0.31351857,0.00006104
-0.31319857,0.00006104
-0.31287857,0.00006104
-0.31255857,0.00006104
-0.31223857,0.00006104
-0.31191857,0.00006104
-0.31159857,0.00006104
-0.31127857,0.00006104
-0.31095857,0.00006104
-0.31063857,0.00006104
-0.31031857,0.00006104
-0.30999857,0.00006104
-0.30967857,0.00006104
-0.30935857,0.00006104
-0.30903857,0.00006104
-0.30871857,0.00006104
-0.30839857,0.00006104
-0.30807857,0.00006104
-0.30775857,0.00006104
-0.30743857,0.00006104
-0.30711857,0.00006104
-0.30679857,0.00006104
-0.30647857,0.00006104
-0.30615857,0.00006104
-0.30583857,0.00006104
-0.30551857,0.00006104
-0.30519857,0.00006104
-0.30487857,0.00006104
-0.30455857,0.00006104
-0.30423857,0.00006104
-0.30391857,0.00006104
-0.30359857,0.00006104
-0.30327857,0.00006104
-0.30295857,0.00006104
-0.30263857,0.00006104
-0.30231857,0.00006104
-0.30199857,-0.01770074
-0.30167857,0.00006104
-0.30135857,0.00006104
-0.30103857,0.00006104
-0.30071857,0.00006104
-0.30039857,0.00006104
-0.30007857,-0.01770074
-0.29975857,0.00006104
-0.29943857,0.00006104
-0.29911857,0.00006104
-0.29879857,0.00006104
-0.29847857,0.00006104
-0.29815857,0.00006104
-0.29783857,0.00006104
-0.29751857,0.00006104
-0.29719857,0.00006104
-0.29687857,0.00006104
-0.29655857,0.00006104
-0.29623857,0.00006104
-0.29591857,0.00006104
-0.29559857,0.00006104
-0.29527857,0.00006104
-0.29495857,0.00006104
-0.29463857,0.00006104
-0.29431857,0.00006104
-0.29399857,0.00006104
-0.29367857,0.00006104
-0.29335857,0.00006104
-0.29303857,0.00006104
-0.29271857,0.00006104
-0.29239857,0.00006104
-0.29207857,0.00006104
-0.29175857,0.00006104
-0.29143857,0.00006104
-0.29111857,0.00006104
-0.29079857,0.00006104
-0.29047857,0.00006104
-0.29015857,0.00006104
-0.28983857,0.00006104
-0.28951857,0.00006104
-0.28919857,0.00006104
-0.28887857,0.00006104
-0.28855857,0.00006104
-0.28823857,0.00006104
-0.28791857,0.00006104
-0.28759857,0.00006104
-0.28727857,0.00006104
-0.28695857,0.00006104
-0.28663857,0.00006104
-0.28631857,0.00006104
-0.28599857,-0.01770074
-0.28567857,0.00006104
-0.28535857,0.00006104
-0.28503857,0.00006104
-0.28471857,0.00006104
-0.28439857,0.00006104
-0.28407857,-0.01770074
-0.28375857,0.00006104
-0.28343857,0.00006104
-0.28311857,0.00006104
-0.28279857,-0.01770074
-0.28247857,0.00006104
-0.28215857,0.00006104
-0.28183857,0.00006104
-0.28151857,0.00006104
-0.28119857,0.00006104
-0.28087857,0.00006104
-0.28055857,0.00006104
-0.28023857,0.00006104
-0.27991857,0.00006104
-0.27959857,0.00006104
-0.27927857,0.00006104
-0.27895857,0.00006104
-0.27863857,0.00006104
-0.27831857,0.00006104
-0.27799857,0.00006104
-0.27767857,-0.01770074
-0.27735857,0.00006104
-0.27703857,0.00006104
-0.27671857,0.00006104
-0.27639857,0.00006104
-0.27607857,0.00006104
-0.27575857,0.00006104
-0.27543857,0.00006104
-0.27511857,0.00006104
-0.27479857,0.00006104
-0.27447857,0.00006104
-0.27415857,0.00006104
-0.27383857,0.00006104
-0.27351857,0.00006104
-0.27319857,0.00006104
-0.27287857,0.00006104
-0.27255857,0.00006104
-0.27223857,0.00006104
-0.27191857,0.00006104
-0.27159857,-0.01770074
-0.27127857,-0.01770074
-0.27095857,0.00006104
-0.27063857,-0.01770074
-0.27031857,0.00006104
-0.26999857,0.00006104
-0.26967857,0.00006104
-0.26935857,0.00006104
-0.26903857,0.00006104
-0.26871857,0.00006104
-0.26839857,0.00006104
-0.26807857,0.00006104
-0.26775857,0.00006104
-0.26743857,0.00006104
-0.26711857,0.00006104
-0.26679857,0.00006104
-0.26647857,0.00006104
-0.26615857,0.00006104
-0.26583857,0.00006104
-0.26551857,0.00006104
-0.26519857,0.00006104
-0.26487857,0.00006104
-0.26455857,0.00006104
-0.26423857,0.00006104
-0.26391857,0.00006104
-0.26359857,0.00006104
-0.26327857,0.00006104
-0.26295857,0.00006104
-0.26263857,0.00006104
-0.26231857,0.00006104
-0.26199857,0.00006104
-0.26167857,0.00006104
-0.26135857,-0.01770074
-0.26103857,-0.01770074
-0.26071857,0.00006104
-0.26039857,0.00006104
-0.26007857,0.00006104
-0.25975857,0.00006104
-0.25943857,-0.01770074
-0.25911857,0.00006104
-0.25879857,0.00006104
-0.25847857,0.00006104
-0.25815857,0.00006104
-0.25783857,0.00006104
-0.25751857,0.00006104
-0.25719857,0.00006104
-0.25687857,0.00006104
-0.25655857,0.00006104
-0.25623857,0.00006104
-0.25591857,0.00006104
-0.25559857,0.00006104
-0.25527857,0.00006104
-0.25495857,0.00006104
-0.25463857,0.00006104
-0.25431857,0.00006104
-0.25399857,0.00006104
-0.25367857,0.00006104
-0.25335857,0.00006104
-0.25303857,0.00006104
-0.25271857,0.00006104
-0.25239857,0.00006104
-0.25207857,0.00006104
-0.25175857,0.00006104
-0.25143857,-0.01770074
-0.25111857,0.00006104
-0.25079857,0.00006104
-0.25047857,0.00006104
-0.25015857,0.00006104
-0.24983857,0.00006104
-0.24951857,0.00006104
-0.24919857,0.00006104
-0.24887857,0.00006104
-0.24855857,0.00006104
-0.24823857,0.00006104
-0.24791857,0.00006104
-0.24759857,0.00006104
-0.24727857,0.00006104
-0.24695857,0.00006104
-0.24663857,0.00006104
-0.24631857,0.00006104
-0.24599857,0.00006104
-0.24567857,0.00006104
-0.24535857,0.00006104
-0.24503857,0.00006104
-0.24471857,0.00006104
-0.24439857,0.00006104
-0.24407857,0.00006104
-0.24375857,0.00006104
-0.24343857,0.00006104
-0.24311857,0.00006104
-0.24279857,0.00006104
-0.24247857,0.00006104
-0.24215857,0.00006104
-0.24183857,0.00006104
-0.24151857,0.00006104
-0.24119857,0.00006104
-0.24087857,0.00006104
-0.24055857,0.00006104
-0.24023857,0.00006104
-0.23991857,0.00006104
-0.23959857,0.00006104
-0.23927857,0.00006104
-0.23895857,0.00006104
-0.23863857,0.00006104
-0.23831857,0.00006104
-0.23799857,0.00006104
-0.23767857,0.00006104
-0.23735857,0.00006104
-0.23703857,0.00006104
-0.23671857,0.00006104
-0.23639857,0.00006104
-0.23607857,0.00006104
-0.23575857,0.00006104
-0.23543857,0.00006104
-0.23511857,0.00006104
-0.23479857,0.00006104
-0.23447857,0.00006104
-0.23415857,0.00006104
-0.23383857,0.00006104
-0.23351857,0.00006104
-0.23319857,-0.01770074
-0.23287857,0.00006104
-0.23255857,0.00006104
-0.23223857,0.00006104
-0.23191857,0.00006104
-0.23159857,0.00006104
-0.23127857,0.00006104
-0.23095857,0.00006104
-0.23063857,0.00006104
-0.23031857,0.00006104
-0.22999857,0.00006104
-0.22967857,0.00006104
-0.22935857,0.00006104
-0.22903857,0.00006104
-0.22871857,0.00006104
-0.22839857,0.00006104
-0.22807857,0.00006104
-0.22775857,0.00006104
-0.22743857,0.00006104
-0.22711857,0.00006104
-0.22679857,0.00006104
-0.22647857,-0.01770074
-0.22615857,0.00006104
-0.22583857,0.00006104
-0.22551857,0.00006104
-0.22519857,0.00006104
-0.22487857,0.00006104
-0.22455857,0.00006104
-0.22423857,0.00006104
-0.22391857,0.00006104
-0.22359857,0.00006104
-0.22327857,0.00006104
-0.22295857,0.00006104
-0.22263857,0.00006104
-0.22231857,0.00006104
-0.22199857,0.00006104
-0.22167857,0.00006104
-0.22135857,0.00006104
-0.22103857,0.00006104
-0.22071857,0.00006104
-0.22039857,0.00006104
-0.22007857,0.00006104
-0.21975857,0.00006104
-0.21943857,0.00006104
-0.21911857,0.00006104
-0.21879857,0.00006104
-0.21847857,0.00006104
-0.21815857,0.00006104
-0.21783857,-0.01770074
-0.21751857,-0.01770074
-0.21719857,0.00006104
-0.21687857,-0.01770074
-0.21655857,0.00006104
-0.21623857,0.00006104
-0.21591857,0.00006104
-0.21559857,-0.01770074
-0.21527857,0.00006104
-0.21495857,0.00006104
-0.21463857,0.00006104
-0.21431857,0.00006104
-0.21399857,0.00006104
-0.21367857,0.00006104
-0.21335857,0.00006104
-0.21303857,0.00006104
-0.21271857,0.00006104
-0.21239857,0.00006104
-0.21207857,0.00006104
-0.21175857,0.00006104
-0.21143857,0.00006104
-0.21111857,0.00006104
-0.21079857,0.00006104
-0.21047857,0.00006104
-0.21015857,0.00006104
-0.20983857,0.00006104
-0.20951857,0.00006104
-0.20919857,0.00006104
-0.20887857,0.00006104
-0.20855857,0.00006104
-0.20823857,0.00006104
-0.20791857,0.00006104
-0.20759857,0.00006104
-0.20727857,0.00006104
-0.20695857,0.00006104
-0.20663857,0.00006104
-0.20631857,0.00006104
-0.20599857,0.00006104
-0.20567857,0.00006104
-0.20535857,0.00006104
-0.20503857,0.00006104
-0.20471857,0.00006104
-0.20439857,0.00006104
-0.20407857,0.00006104
-0.20375857,0.00006104
-0.20343857,0.00006104
-0.20311857,0.00006104
-0.20279857,0.00006104
-0.20247857,0.00006104
-0.20215857,0.00006104
-0.20183857,0.00006104
-0.20151857,0.00006104
-0.20119857,0.00006104
-0.20087857,0.00006104
-0.20055857,0.00006104
-0.20023857,0.00006104
-0.19991857,-0.01770074
-0.19959857,0.00006104
-0.19927857,0.00006104
-0.19895857,0.00006104
-0.19863857,0.00006104
-0.19831857,0.00006104
-0.19799857,0.00006104
-0.19767857,0.00006104
-0.19735857,0.00006104
-0.19703857,0.00006104
-0.19671857,0.00006104
-0.19639857,0.00006104
-0.19607857,-0.01770074
-0.19575857,0.00006104
-0.19543857,0.00006104
-0.19511857,0.00006104
-0.19479857,0.00006104
-0.19447857,0.00006104
-0.19415857,0.00006104
-0.19383857,0.00006104
-0.19351857,0.00006104
-0.19319857,0.00006104
-0.19287857,0.00006104
-0.19255857,0.00006104
-0.19223857,0.00006104
-0.19191857,0.00006104
-0.19159857,0.00006104
-0.19127857,0.00006104
-0.19095857,0.00006104
-0.19063857,0.00006104
-0.19031857,0.00006104
-0.18999857,0.00006104
-0.18967857,0.00006104
-0.18935857,0.00006104
-0.18903857,0.00006104
-0.18871857,0.00006104
-0.18839857,0.00006104
-0.18807857,0.00006104
-0.18775857,0.00006104
-0.18743857,0.00006104
-0.18711857,0.00006104
-0.18679857,0.00006104
-0.18647857,0.00006104
-0.18615857,0.00006104
-0.18583857,0.00006104
-0.18551857,0.00006104
-0.18519857,0.00006104
-0.18487857,-0.01770074
-0.18455857,0.00006104
-0.18423857,-0.01770074
-0.18391857,0.00006104
-0.18359857,0.00006104
-0.18327857,0.00006104
-0.18295857,0.00006104
-0.18263857,-0.01770074
-0.18231857,0.00006104
-0.18199857,0.00006104
-0.18167857,0.00006104
-0.18135857,0.00006104
-0.18103857,0.00006104
-0.18071857,0.00006104
-0.18039857,0.00006104
-0.18007857,0.00006104
-0.17975857,0.00006104
-0.17943857,0.00006104
-0.17911857,0.00006104
-0.17879857,0.00006104
-0.17847857,0.00006104
-0.17815857,0.00006104
-0.17783857,0.00006104
-0.17751857,0.00006104
-0.17719857,-0.01770074
-0.17687857,0.00006104
-0.17655857,0.00006104
-0.17623857,0.00006104
-0.17591857,0.00006104
-0.17559857,0.00006104
-0.17527857,0.00006104
-0.17495857,0.00006104
-0.17463857,0.00006104
-0.17431857,0.00006104
-0.17399857,0.00006104
-0.17367857,0.00006104
-0.17335857,0.00006104
-0.17303857,0.00006104
-0.17271857,0.00006104
-0.17239857,0.00006104
-0.17207857,0.00006104
-0.17175857,0.00006104
-0.17143857,0.00006104
-0.17111857,0.00006104
-0.17079857,0.00006104
-0.17047857,0.00006104
-0.17015857,0.00006104
-0.16983857,0.00006104
-0.16951857,0.00006104
-0.16919857,0.00006104
-0.16887857,0.00006104
-0.16855857,-0.01770074
-0.16823857,0.00006104
-0.16791857,0.00006104
-0.16759857,0.00006104
-0.16727857,0.00006104
-0.16695857,0.00006104
-0.16663857,0.00006104
-0.16631857,0.00006104
-0.16599857,0.00006104
-0.16567857,0.00006104
-0.16535857,0.00006104
-0.16503857,0.00006104
-0.16471857,0.00006104
-0.16439857,0.00006104
-0.16407857,0.00006104
-0.16375857,0.00006104
-0.16343857,0.00006104
-0.16311857,0.00006104
-0.16279857,0.00006104
-0.16247857,0.00006104
-0.16215857,0.00006104
-0.16183857,0.00006104
-0.16151857,0.00006104
-0.16119857,-0.01770074
-0.16087857,0.00006104
-0.16055857,0.00006104
-0.16023857,0.00006104
-0.15991857,0.00006104
-0.15959857,0.00006104
-0.15927857,0.00006104
-0.15895857,0.00006104
-0.15863857,0.00006104
-0.15831857,0.00006104
-0.15799857,0.00006104
-0.15767857,0.00006104
-0.15735857,0.00006104
-0.15703857,0.00006104
-0.15671857,-0.01770074
-0.15639857,0.00006104
-0.15607857,0.00006104
-0.15575857,0.00006104
-0.15543857,0.00006104
-0.15511857,0.00006104
-0.15479857,0.00006104
-0.15447857,0.00006104
-0.15415857,-0.01770074
-0.15383857,0.00006104
-0.15351857,0.00006104
-0.15319857,0.00006104
-0.15287857,-0.01770074
-0.15255857,0.00006104
-0.15223857,0.00006104
-0.15191857,-0.01770074
-0.15159857,0.00006104
-0.15127857,0.00006104
-0.15095857,0.00006104
-0.15063857,0.00006104
-0.15031857,0.00006104
-0.14999857,0.00006104
-0.14967857,0.00006104
-0.14935857,0.00006104
-0.14903857,0.00006104
-0.14871857,0.00006104
-0.14839857,0.00006104
-0.14807857,0.00006104
-0.14775857,0.00006104
-0.14743857,0.00006104
-0.14711857,0.00006104
-0.14679857,0.00006104
-0.14647857,0.00006104
-0.14615857,0.00006104
-0.14583857,0.00006104
-0.14551857,0.00006104
-0.14519857,0.00006104
-0.14487857,0.00006104
-0.14455857,0.00006104
-0.14423857,-0.01770074
-0.14391857,0.00006104
-0.14359857,0.00006104
-0.14327857,0.00006104
-0.14295857,-0.01770074
-0.14263857,0.00006104
-0.14231857,0.00006104
-0.14199857,-0.01770074
-0.14167857,-0.01770074
-0.14135857,0.00006104
-0.14103857,0.00006104
-0.14071857,0.00006104
-0.14039857,0.00006104
-0.14007857,0.00006104
-0.13975857,-0.01770074
-0.13943857,0.00006104
-0.13911857,0.00006104
-0.13879857,0.00006104
-0.13847857,0.00006104
-0.13815857,0.00006104
-0.13783857,0.00006104
-0.13751857,0.00006104
-0.13719857,0.00006104
-0.13687857,0.00006104
-0.13655857,0.00006104
-0.13623857,0.00006104
-0.13591857,0.00006104
-0.13559857,0.00006104
-0.13527857,0.00006104
-0.13495857,0.00006104
-0.13463857,0.00006104
-0.13431857,-0.01770074
-0.13399857,0.00006104
-0.13367857,0.00006104
-0.13335857,0.00006104
-0.13303857,0.00006104
-0.13271857,0.00006104
-0.13239857,0.00006104
-0.13207857,0.00006104
-0.13175857,0.00006104
-0.13143857,0.00006104
-0.13111857,0.00006104
-0.13079857,0.00006104
-0.13047857,0.00006104
-0.13015857,0.00006104
-0.12983857,0.00006104
-0.12951857,0.00006104
-0.12919857,0.00006104
-0.12887857,0.00006104
-0.12855857,0.00006104
-0.12823857,0.00006104
-0.12791857,0.00006104
-0.12759857,0.00006104
-0.12727857,0.00006104
-0.12695857,0.00006104
-0.12663857,-0.01770074
-0.12631857,0.00006104
-0.12599857,0.00006104
-0.12567857,0.00006104
-0.12535857,0.00006104
-0.12503857,0.00006104
-0.12471857,0.00006104
-0.12439857,0.00006104
-0.12407857,0.00006104
-0.12375857,0.00006104
-0.12343857,0.00006104
-0.12311857,0.00006104
-0.12279857,0.00006104
-0.12247857,0.00006104
-0.12215857,0.00006104
-0.12183857,0.00006104
-0.12151857,0.00006104
-0.12119857,0.00006104
-0.12087857,0.00006104
-0.12055857,0.00006104
-0.12023857,0.00006104
-0.11991857,0.00006104
-0.11959857,0.00006104
-0.11927857,0.00006104
-0.11895857,0.00006104
-0.11863857,-0.01770074
-0.11831857,0.00006104
-0.11799857,0.00006104
-0.11767857,0.00006104
-0.11735857,0.00006104
-0.11703857,0.00006104
-0.11671857,0.00006104
-0.11639857,0.00006104
-0.11607857,0.00006104
-0.11575857,0.00006104
-0.11543857,-0.01770074
-0.11511857,0.00006104
-0.11479857,0.00006104
-0.11447857,0.00006104
-0.11415857,0.00006104
-0.11383857,0.00006104
-0.11351857,0.00006104
-0.11319857,0.00006104
-0.11287857,0.00006104
-0.11255857,0.00006104
-0.11223857,0.00006104
-0.11191857,0.00006104
-0.11159857,0.00006104
-0.11127857,0.00006104
-0.11095857,0.00006104
-0.11063857,0.00006104
-0.11031857,0.00006104
-0.10999857,0.00006104
-0.10967857,0.00006104
-0.10935857,0.00006104
-0.10903857,0.00006104
-0.10871857,0.00006104
-0.10839857,0.00006104
-0.10807857,0.00006104
-0.10775857,0.00006104
-0.10743857,0.00006104
-0.10711857,0.00006104
-0.10679857,0.00006104
-0.10647857,0.00006104
-0.10615857,0.00006104
-0.10583857,0.00006104
-0.10551857,0.00006104
-0.10519857,0.00006104
-0.10487857,0.00006104
-0.10455857,0.00006104
-0.10423857,0.00006104
-0.10391857,-0.01770074
-0.10359857,0.00006104
-0.10327857,0.00006104
-0.10295857,0.00006104
-0.10263857,0.00006104
-0.10231857,0.00006104
-0.10199857,0.00006104
-0.10167857,0.00006104
-0.10135857,0.00006104
-0.10103857,0.00006104
-0.10071857,0.00006104
-0.10039857,0.00006104
-0.10007857,0.00006104
-0.09975857,0.00006104
-0.09943857,0.00006104
-0.09911857,0.00006104
-0.09879857,0.00006104
-0.09847857,0.00006104
-0.09815857,0.00006104
-0.09783857,0.00006104
-0.09751857,0.00006104
-0.09719857,0.00006104
-0.09687857,0.00006104
-0.09655857,0.00006104
-0.09623857,0.00006104
-0.09591857,0.00006104
-0.09559857,0.00006104
-0.09527857,0.00006104
-0.09495857,0.00006104
-0.09463857,0.00006104
-0.09431857,0.00006104
-0.09399857,0.00006104
-0.09367857,0.00006104
-0.09335857,0.00006104
-0.09303857,0.00006104
-0.09271857,0.00006104
-0.09239857,0.00006104
-0.09207857,0.00006104
-0.09175857,0.00006104
-0.09143857,0.00006104
-0.09111857,0.00006104
-0.09079857,0.00006104
-0.09047857,0.00006104
-0.09015857,0.00006104
-0.08983857,0.00006104
-0.08951857,0.00006104
-0.08919857,-0.01770074
-0.08887857,0.00006104
-0.08855857,0.00006104
-0.08823857,0.00006104
-0.08791857,0.00006104
-0.08759857,0.00006104
-0.08727857,0.00006104
-0.08695857,0.00006104
-0.08663857,0.00006104
-0.08631857,0.00006104
-0.08599857,0.00006104
-0.08567857,0.00006104
-0.08535857,0.00006104
-0.08503857,0.00006104
-0.08471857,0.00006104
-0.08439857,0.00006104
-0.08407857,0.00006104
-0.08375857,0.00006104
-0.08343857,0.00006104
-0.08311857,0.00006104
-0.08279857,0.00006104
-0.08247857,0.00006104
-0.08215857,0.00006104
-0.08183857,0.00006104
-0.08151857,0.00006104
-0.08119857,0.00006104
-0.08087857,0.00006104
-0.08055857,0.00006104
-0.08023857,0.00006104
-0.07991857,-0.01770074
-0.07959857,0.00006104
-0.07927857,0.00006104
-0.07895857,0.00006104
-0.07863857,0.00006104
-0.07831857,0.00006104
-0.07799857,0.00006104
-0.07767857,0.00006104
-0.07735857,0.00006104
-0.07703857,0.00006104
-0.07671857,0.00006104
-0.07639857,0.00006104
-0.07607857,0.00006104
-0.07575857,0.00006104
-0.07543857,0.00006104
-0.07511857,0.00006104
-0.07479857,0.00006104
-0.07447857,0.00006104
-0.07415857,0.00006104
-0.07383857,0.00006104
-0.07351857,0.00006104
-0.07319857,0.00006104
-0.07287857,0.00006104
-0.07255857,0.00006104
-0.07223857,0.00006104
-0.07191857,0.00006104
-0.07159857,0.00006104
-0.07127857,0.00006104
-0.07095857,0.00006104
-0.07063857,0.00006104
-0.07031857,0.00006104
-0.06999857,0.00006104
-0.06967857,0.00006104
-0.06935857,0.00006104
-0.06903857,0.00006104
-0.06871857,0.00006104
-0.06839857,0.00006104
-0.06807857,0.00006104
-0.06775857,0.00006104
-0.06743857,0.00006104
-0.06711857,0.00006104
-0.06679857,0.00006104
-0.06647857,0.00006104
-0.06615857,0.00006104
-0.06583857,0.00006104
-0.06551857,-0.01770074
-0.06519857,0.00006104
-0.06487857,0.00006104
-0.06455857,0.00006104
-0.06423857,0.00006104
-0.06391857,-0.01770074
-0.06359857,0.00006104
-0.06327857,-0.01770074
-0.06295857,0.00006104
-0.06263857,0.00006104
-0.06231857,0.00006104
-0.06199857,0.00006104
-0.06167857,0.00006104
-0.06135857,0.00006104
-0.06103857,0.00006104
-0.06071857,0.00006104
-0.06039857,-0.01770074
-0.06007857,-0.01770074
-0.05975857,0.00006104
-0.05943857,0.00006104
-0.05911857,0.00006104
-0.05879857,0.00006104
-0.05847857,0.00006104
-0.05815857,0.00006104
-0.05783857,0.00006104
-0.05751857,0.00006104
-0.05719857,0.00006104
-0.05687857,0.00006104
-0.05655857,0.00006104
-0.05623857,0.00006104
-0.05591857,0.00006104
-0.05559857,0.00006104
-0.05527857,0.00006104
-0.05495857,0.00006104
-0.05463857,0.00006104
-0.05431857,0.00006104
-0.05399857,0.00006104
-0.05367857,0.00006104
-0.05335857,0.00006104
-0.05303857,0.00006104
-0.05271857,0.00006104
-0.05239857,0.00006104
-0.05207857,0.00006104
-0.05175857,0.00006104
-0.05143857,0.00006104
-0.05111857,0.00006104
-0.05079857,0.00006104
-0.05047857,0.00006104
-0.05015857,0.00006104
-0.04983857,0.00006104
-0.04951857,0.00006104
-0.04919857,0.00006104
-0.04887857,0.00006104
-0.04855857,0.00006104
-0.04823857,0.00006104
-0.04791857,0.00006104
-0.04759857,-0.01770074
-0.04727857,-0.01770074
-0.04695857,0.00006104
-0.04663857,0.00006104
-0.04631857,0.00006104
-0.04599857,0.00006104
-0.04567857,0.00006104
-0.04535857,0.00006104
-0.04503857,0.00006104
-0.04471857,0.00006104
-0.04439857,0.00006104
-0.04407857,0.00006104
-0.04375857,0.00006104
-0.04343857,0.00006104
-0.04311857,0.00006104
-0.04279857,-0.01770074
-0.04247857,0.00006104
-0.04215857,-0.01770074
-0.04183857,0.00006104
-0.04151857,0.00006104
-0.04119857,0.00006104
-0.04087857,0.00006104
-0.04055857,0.00006104
-0.04023857,-0.01770074
-0.03991857,0.00006104
-0.03959857,0.00006104
-0.03927857,0.00006104
-0.03895857,0.00006104
-0.03863857,0.00006104
-0.03831857,0.00006104
-0.03799857,0.00006104
-0.03767857,0.00006104
-0.03735857,0.00006104
-0.03703857,0.00006104
-0.03671857,0.00006104
-0.03639857,0.00006104
-0.03607857,0.00006104
-0.03575857,0.00006104
-0.03543857,0.00006104
-0.03511857,0.00006104
-0.03479857,0.00006104
-0.03447857,0.00006104
-0.03415857,0.00006104
-0.03383857,0.00006104
-0.03351857,0.00006104
-0.03319857,0.00006104
-0.03287857,0.00006104
-0.03255857,0.00006104
-0.03223857,0.00006104
-0.03191857,0.00006104
-0.03159857,0.00006104
-0.03127857,0.00006104
-0.03095857,0.00006104
-0.03063857,0.00006104
-0.03031857,0.00006104
-0.02999857,0.00006104
-0.02967857,-0.01770074
-0.02935857,0.00006104
-0.02903857,0.00006104
-0.02871857,0.00006104
-0.02839857,0.00006104
-0.02807857,0.00006104
-0.02775857,0.00006104
-0.02743857,0.00006104
-0.02711857,0.00006104
-0.02679857,0.00006104
-0.02647857,0.00006104
-0.02615857,0.00006104
-0.02583857,0.00006104
-0.02551857,0.00006104
-0.02519857,0.00006104
-0.02487857,0.00006104
-0.02455857,0.00006104
-0.02423857,0.00006104
-0.02391857,0.00006104
-0.02359857,0.00006104
-0.02327857,0.00006104
-0.02295857,0.00006104
-0.02263857,0.00006104
-0.02231857,0.00006104
-0.02199857,0.00006104
-0.02167857,0.00006104
-0.02135857,0.00006104
-0.02103857,0.00006104
-0.02071857,0.00006104
-0.02039857,0.00006104
-0.02007857,0.00006104
-0.01975857,0.00006104
-0.01943857,0.00006104
-0.01911857,0.00006104
-0.01879857,0.00006104
-0.01847857,0.00006104
-0.01815857,0.00006104
-0.01783857,-0.01770074
-0.01751857,0.00006104
-0.01719857,0.00006104
-0.01687857,0.00006104
-0.01655857,0.00006104
-0.01623857,0.00006104
-0.01591857,0.00006104
-0.01559857,0.00006104
-0.01527857,0.00006104
-0.01495857,-0.01770074
-0.01463857,0.00006104
-0.01431857,0.00006104
-0.01399857,0.00006104
-0.01367857,0.00006104
-0.01335857,0.00006104
-0.01303857,0.00006104
-0.01271857,0.00006104
-0.01239857,0.00006104
-0.01207857,0.00006104
-0.01175857,0.00006104
-0.01143857,0.00006104
-0.01111857,0.00006104
-0.01079857,0.00006104
-0.01047857,0.00006104
-0.01015857,0.00006104
-0.00983857,0.00006104
-0.00951857,0.00006104
-0.00919857,0.00006104
-0.00887857,0.00006104
-0.00855857,0.00006104
-0.00823857,0.00006104
-0.00791857,0.00006104
-0.00759857,0.00006104
-0.00727857,0.00006104
-0.00695857,0.00006104
-0.00663857,0.00006104
-0.00631857,0.00006104
-0.00599857,0.00006104
-0.00567857,0.00006104
-0.00535857,0.00006104
-0.00503857,0.00006104
-0.00471857,-0.01770074
-0.00439857,0.00006104
-0.00407857,0.00006104
-0.00375857,0.00006104
-0.00343857,0.00006104
-0.00311857,-0.01770074
-0.00279857,0.00006104
-0.00247857,0.00006104
-0.00215857,0.00006104
-0.00183857,0.00006104
-0.00151857,0.00006104
-0.00119857,0.00006104
-0.00087857,0.00006104
-0.00055857,-1.37058628
-0.00023857,-0.46272165
0.00008143,0.14246041
0.00040143,0.21362957
0.00072143,0.08911405
0.00104143,0.00006104
0.00136143,-0.05334635
0.00168143,-0.03552354
0.00200143,-0.03552354
0.00232143,-∞
0.00264143,-1.06796467
0.00296143,1.08584857
0.00328143,0.26703694
0.00360143,-0.10669271
0.00392143,-0.05334635
0.00424143,0.01788385
0.00456143,0.07129124
0.00488143,0.03570665
0.00520143,0.03570665
0.00552143,0.01788385
0.00584143,0.00006104
0.00616143,0.00006104
0.00648143,0.01788385
0.00680143,0.01788385
0.00712143,0.01788385
0.00744143,0.01788385
0.00776143,0.00006104
0.00808143,0.00006104
0.00840143,0.00006104
0.00872143,0.03570665
0.00904143,0.01788385
0.00936143,0.03570665
0.00968143,0.07129124
0.01000143,0.07129124
0.01032143,0.07129124
0.01064143,0.05346843
0.01096143,0.05346843
0.01128143,0.07129124
0.01160143,0.03570665
0.01192143,0.05346843
0.01224143,0.08911405
0.01256143,0.05346843
0.01288143,0.01788385
0.01320143,0.01788385
0.01352143,0.03570665
0.01384143,0.00006104
0.01416143,-0.01770074
0.01448143,-0.03552354
0.01480143,-0.01770074
0.01512143,-0.03552354
0.01544143,0.01788385
0.01576143,0.00006104
0.01608143,-0.01770074
0.01640143,0.03570665
0.01672143,-0.01770074
0.01704143,-0.03552354
0.01736143,0.01788385
0.01768143,-0.01770074
0.01800143,0.00006104
0.01832143,0.03570665
0.01864143,0.00006104
0.01896143,0.01788385
0.01928143,0.03570665
0.01960143,0.01788385
0.01992143,0.01788385
0.02024143,0.01788385
0.02056143,0.00006104
0.02088143,0.00006104
0.02120143,0.01788385
0.02152143,0.03570665
0.02184143,0.00006104
0.02216143,-0.01770074
0.02248143,0.01788385
0.02280143,0.01788385
0.02312143,0.00006104
0.02344143,0.00006104
0.02376143,-0.01770074
0.02408143,-0.01770074
0.02440143,0.01788385
0.02472143,0.00006104
0.02504143,-0.01770074
0.02536143,0.01788385
0.02568143,0.01788385
0.02600143,0.00006104
0.02632143,0.01788385
0.02664143,0.00006104
0.02696143,0.00006104
0.02728143,0.01788385
0.02760143,0.00006104
0.02792143,0.00006104
0.02824143,0.01788385
0.02856143,0.00006104
0.02888143,0.00006104
0.02920143,0.00006104
0.02952143,0.00006104
0.02984143,0.00006104
0.03016143,0.00006104
0.03048143,-0.01770074
0.03080143,0.00006104
0.03112143,0.00006104
0.03144143,0.00006104
0.03176143,0.00006104
0.03208143,0.00006104
0.03240143,0.00006104
0.03272143,0.00006104
0.03304143,0.01788385
0.03336143,0.00006104
0.03368143,0.00006104
0.03400143,0.01788385
0.03432143,0.01788385
0.03464143,0.00006104
0.03496143,0.00006104
0.03528143,0.00006104
0.03560143,0.00006104
0.03592143,0.00006104
0.03624143,-0.01770074
0.03656143,0.00006104
0.03688143,0.00006104
0.03720143,0.00006104
0.03752143,0.00006104
0.03784143,0.00006104
0.03816143,0.01788385
0.03848143,0.01788385
0.03880143,0.00006104
0.03912143,0.00006104
0.03944143,0.01788385
0.03976143,0.00006104
0.04008143,0.00006104
0.04040143,0.00006104
0.04072143,0.00006104
0.04104143,0.00006104
0.04136143,0.00006104
0.04168143,-0.01770074
0.04200143,0.00006104
0.04232143,0.00006104
0.04264143,-0.01770074
0.04296143,0.00006104
0.04328143,0.00006104
0.04360143,0.00006104
0.04392143,0.00006104
0.04424143,0.01788385
0.04456143,0.00006104
0.04488143,0.00006104
0.04520143,0.01788385
0.04552143,0.00006104
0.04584143,0.00006104
0.04616143,0.00006104
0.04648143,0.01788385
0.04680143,0.00006104
0.04712143,0.00006104
0.04744143,0.00006104
0.04776143,0.00006104
0.04808143,0.00006104
0.04840143,-0.01770074
0.04872143,0.00006104
0.04904143,0.00006104
0.04936143,0.00006104
0.04968143,0.00006104
0.05000143,0.00006104
0.05032143,-0.01770074
0.05064143,0.00006104
0.05096143,0.00006104
0.05128143,0.00006104
0.05160143,0.00006104
0.05192143,0.00006104
0.05224143,0.00006104
0.05256143,0.00006104
0.05288143,0.01788385
0.05320143,0.00006104
0.05352143,0.00006104
0.05384143,0.00006104
0.05416143,0.00006104
0.05448143,0.00006104
0.05480143,0.00006104
0.05512143,0.00006104
0.05544143,0.00006104
0.05576143,0.00006104
0.05608143,0.00006104
0.05640143,-0.01770074
0.05672143,0.00006104
0.05704143,0.00006104
0.05736143,0.00006104
0.05768143,0.00006104
0.05800143,0.00006104
0.05832143,0.00006104
0.05864143,0.00006104
0.05896143,0.00006104
0.05928143,0.00006104
0.05960143,0.00006104
0.05992143,-0.01770074
0.06024143,0.00006104
0.06056143,0.00006104
0.06088143,0.00006104
0.06120143,0.00006104
0.06152143,0.00006104
0.06184143,0.00006104
0.06216143,0.00006104
0.06248143,0.00006104
0.06280143,0.00006104
0.06312143,0.00006104
0.06344143,0.00006104
0.06376143,0.00006104
0.06408143,-0.01770074
0.06440143,-0.01770074
0.06472143,0.00006104
0.06504143,0.00006104
0.06536143,0.00006104
0.06568143,0.00006104
0.06600143,0.00006104
0.06632143,0.00006104
0.06664143,0.00006104
0.06696143,0.00006104
0.06728143,0.00006104
0.06760143,0.00006104
0.06792143,0.00006104
0.06824143,0.00006104
0.06856143,0.00006104
0.06888143,0.00006104
0.06920143,0.00006104
0.06952143,0.00006104
0.06984143,0.00006104
0.07016143,0.00006104
0.07048143,0.00006104
0.07080143,0.00006104
0.07112143,-0.01770074
0.07144143,0.00006104
0.07176143,0.00006104
0.07208143,-0.01770074
0.07240143,0.00006104
0.07272143,0.00006104
0.07304143,-0.01770074
0.07336143,0.00006104
0.07368143,0.00006104
0.07400143,0.00006104
0.07432143,0.00006104
0.07464143,0.00006104
0.07496143,0.00006104
0.07528143,0.00006104
0.07560143,0.00006104
0.07592143,0.00006104
0.07624143,0.00006104
0.07656143,0.00006104
0.07688143,0.00006104
0.07720143,0.00006104
0.07752143,0.00006104
0.07784143,0.00006104
0.07816143,-0.01770074
0.07848143,0.00006104
0.07880143,-0.01770074
0.07912143,0.00006104
0.07944143,0.00006104
0.07976143,0.00006104
0.08008143,0.00006104
0.08040143,-0.01770074
0.08072143,0.00006104
0.08104143,0.00006104
0.08136143,0.00006104
0.08168143,0.00006104
0.08200143,0.00006104
0.08232143,0.00006104
0.08264143,0.00006104
0.08296143,0.00006104
0.08328143,0.00006104
0.08360143,0.00006104
0.08392143,0.00006104
0.08424143,0.00006104
0.08456143,0.00006104
0.08488143,0.00006104
0.08520143,0.00006104
0.08552143,0.00006104
0.08584143,0.00006104
0.08616143,0.00006104
0.08648143,0.00006104
0.08680143,0.00006104
0.08712143,0.00006104
0.08744143,0.00006104
0.08776143,0.00006104
0.08808143,0.00006104
0.08840143,0.00006104
0.08872143,0.00006104
0.08904143,0.00006104
0.08936143,0.00006104
0.08968143,0.00006104
0.09000143,0.00006104
0.09032143,0.00006104
0.09064143,0.00006104
0.09096143,0.00006104
0.09128143,-0.01770074
0.09160143,0.00006104
0.09192143,0.00006104
0.09224143,-0.01770074
0.09256143,0.00006104
0.09288143,-0.01770074
0.09320143,0.00006104
0.09352143,-0.01770074
0.09384143,0.00006104
0.09416143,-0.01770074
0.09448143,-0.01770074
0.09480143,0.00006104
0.09512143,0.00006104
0.09544143,0.00006104
0.09576143,0.00006104
0.09608143,0.00006104
0.09640143,0.00006104
0.09672143,0.00006104
0.09704143,0.00006104
0.09736143,0.00006104
0.09768143,0.00006104
0.09800143,-0.01770074
0.09832143,0.00006104
0.09864143,0.00006104
0.09896143,0.00006104
0.09928143,0.00006104
0.09960143,0.00006104
0.09992143,0.00006104
0.10024143,-0.01770074
0.10056143,0.00006104
0.10088143,0.00006104
0.10120143,0.00006104
0.10152143,0.00006104
0.10184143,0.00006104
0.10216143,-0.01770074
0.10248143,0.00006104
0.10280143,0.00006104
0.10312143,0.00006104
0.10344143,0.00006104
0.10376143,0.00006104
0.10408143,0.00006104
0.10440143,0.00006104
0.10472143,0.00006104
0.10504143,0.00006104
0.10536143,0.00006104
0.10568143,0.00006104
0.10600143,0.00006104
0.10632143,0.00006104
0.10664143,0.00006104
0.10696143,0.00006104
0.10728143,0.00006104
0.10760143,0.00006104
0.10792143,0.00006104
0.10824143,0.00006104
0.10856143,0.00006104
0.10888143,0.00006104
0.10920143,0.00006104
0.10952143,0.00006104
0.10984143,0.00006104
0.11016143,0.00006104
0.11048143,0.00006104
0.11080143,0.00006104
0.11112143,-0.01770074
0.11144143,0.00006104
0.11176143,0.00006104
0.11208143,0.00006104
0.11240143,-0.01770074
0.11272143,0.00006104
0.11304143,0.00006104
0.11336143,0.00006104
0.11368143,0.00006104
0.11400143,0.00006104
0.11432143,0.00006104
0.11464143,0.00006104
0.11496143,0.00006104
0.11528143,0.00006104
0.11560143,0.00006104
0.11592143,0.00006104
0.11624143,0.00006104
0.11656143,0.00006104
0.11688143,0.00006104
0.11720143,0.00006104
0.11752143,0.00006104
0.11784143,-0.01770074
0.11816143,0.00006104
0.11848143,0.00006104
0.11880143,0.00006104
0.11912143,0.00006104
0.11944143,0.00006104
0.11976143,0.00006104
0.12008143,-0.01770074
0.12040143,0.00006104
0.12072143,0.00006104
0.12104143,0.00006104
0.12136143,-0.01770074
0.12168143,0.00006104
0.12200143,0.00006104
0.12232143,0.00006104
0.12264143,0.00006104
0.12296143,0.00006104
0.12328143,-0.01770074
0.12360143,0.00006104
0.12392143,0.00006104
0.12424143,0.00006104
0.12456143,0.00006104
0.12488143,0.00006104
0.12520143,0.00006104
0.12552143,0.00006104
0.12584143,0.00006104
0.12616143,0.00006104
0.12648143,0.00006104
0.12680143,0.00006104
0.12712143,0.00006104
0.12744143,0.00006104
0.12776143,0.00006104
0.12808143,0.00006104
0.12840143,0.00006104
0.12872143,0.00006104
0.12904143,0.00006104
0.12936143,0.00006104
0.12968143,0.00006104
0.13000143,0.00006104
0.13032143,0.00006104
0.13064143,0.00006104
0.13096143,0.00006104
0.13128143,0.00006104
0.13160143,0.00006104
0.13192143,0.00006104
0.13224143,0.00006104
0.13256143,0.00006104
0.13288143,0.00006104
0.13320143,0.00006104
0.13352143,0.00006104
0.13384143,0.00006104
0.13416143,0.00006104
0.13448143,0.00006104
0.13480143,0.00006104
0.13512143,0.00006104
0.13544143,0.00006104
0.13576143,0.00006104
0.13608143,0.00006104
0.13640143,0.00006104
0.13672143,0.00006104
0.13704143,-0.01770074
0.13736143,-0.01770074
0.13768143,0.00006104
0.13800143,0.00006104
0.13832143,0.00006104
0.13864143,0.00006104
0.13896143,0.00006104
0.13928143,0.00006104
0.13960143,0.00006104
0.13992143,0.00006104
0.14024143,0.00006104
0.14056143,0.00006104
0.14088143,0.00006104
0.14120143,0.00006104
0.14152143,0.00006104
0.14184143,0.00006104
0.14216143,-0.01770074
0.14248143,0.00006104
0.14280143,0.00006104
0.14312143,0.00006104
0.14344143,0.00006104
0.14376143,0.00006104
0.14408143,0.00006104
0.14440143,0.00006104
0.14472143,0.00006104
0.14504143,0.00006104
0.14536143,0.00006104
0.14568143,0.00006104
0.14600143,0.00006104
0.14632143,0.00006104
0.14664143,0.00006104
0.14696143,0.00006104
0.14728143,0.00006104
0.14760143,0.00006104
0.14792143,0.00006104
0.14824143,0.00006104
0.14856143,0.00006104
0.14888143,0.00006104
0.14920143,0.00006104
0.14952143,0.00006104
0.14984143,0.00006104
0.15016143,-0.01770074
0.15048143,0.00006104
0.15080143,0.00006104
0.15112143,0.00006104
0.15144143,0.00006104
0.15176143,0.00006104
0.15208143,0.00006104
0.15240143,0.00006104
0.15272143,0.00006104
0.15304143,0.00006104
0.15336143,0.00006104
0.15368143,0.00006104
0.15400143,0.00006104
0.15432143,0.00006104
0.15464143,0.00006104
0.15496143,0.00006104
0.15528143,0.00006104
0.15560143,0.00006104
0.15592143,0.00006104
0.15624143,0.00006104
0.15656143,0.00006104
0.15688143,-0.01770074
0.15720143,-0.01770074
0.15752143,0.00006104
0.15784143,0.00006104
0.15816143,0.00006104
0.15848143,0.00006104
0.15880143,0.00006104
0.15912143,0.00006104
0.15944143,-0.01770074
0.15976143,0.00006104
0.16008143,0.00006104
0.16040143,0.00006104
0.16072143,0.00006104
0.16104143,0.00006104
0.16136143,0.00006104
0.16168143,0.00006104
0.16200143,0.00006104
0.16232143,0.00006104
0.16264143,0.00006104
0.16296143,0.00006104
0.16328143,0.00006104
0.16360143,0.00006104
0.16392143,-0.01770074
0.16424143,0.00006104
0.16456143,0.00006104
0.16488143,0.00006104
0.16520143,0.00006104
0.16552143,0.00006104
0.16584143,0.00006104
0.16616143,0.00006104
0.16648143,0.00006104
0.16680143,0.00006104
0.16712143,0.00006104
0.16744143,0.00006104
0.16776143,0.00006104
0.16808143,0.00006104
0.16840143,0.00006104
0.16872143,0.00006104
0.16904143,0.00006104
0.16936143,0.00006104
0.16968143,0.00006104
0.17000143,0.00006104
0.17032143,0.00006104
0.17064143,0.00006104
0.17096143,0.00006104
0.17128143,-0.01770074
0.17160143,0.00006104
0.17192143,0.00006104
0.17224143,0.00006104
0.17256143,0.00006104
0.17288143,0.00006104
0.17320143,0.00006104
0.17352143,0.00006104
0.17384143,0.00006104
0.17416143,0.00006104
0.17448143,0.00006104
0.17480143,0.00006104
0.17512143,0.00006104
0.17544143,0.00006104
0.17576143,0.00006104
0.17608143,0.00006104
0.17640143,0.00006104
0.17672143,0.00006104
0.17704143,0.00006104
0.17736143,0.00006104
0.17768143,0.00006104
0.17800143,0.00006104
0.17832143,0.00006104
0.17864143,0.00006104
0.17896143,0.00006104
0.17928143,-0.01770074
0.17960143,0.00006104
0.17992143,0.00006104
0.18024143,0.00006104
0.18056143,0.00006104
0.18088143,0.00006104
0.18120143,0.00006104
0.18152143,0.00006104
0.18184143,0.00006104
0.18216143,0.00006104
0.18248143,0.00006104
0.18280143,0.00006104
0.18312143,0.00006104
0.18344143,-0.01770074
0.18376143,0.00006104
0.18408143,-0.01770074
0.18440143,0.00006104
0.18472143,0.00006104
0.18504143,-0.01770074
0.18536143,0.00006104
0.18568143,0.00006104
0.18600143,0.00006104
0.18632143,0.00006104
0.18664143,0.00006104
0.18696143,0.00006104
0.18728143,0.00006104
0.18760143,0.00006104
0.18792143,0.00006104
0.18824143,0.00006104
0.18856143,0.00006104
0.18888143,0.00006104
0.18920143,-0.01770074
0.18952143,0.00006104
0.18984143,0.00006104
0.19016143,0.00006104
0.19048143,0.00006104
0.19080143,0.00006104
0.19112143,0.00006104
0.19144143,0.00006104
0.19176143,0.00006104
0.19208143,0.00006104
0.19240143,0.00006104
0.19272143,0.00006104
0.19304143,0.00006104
0.19336143,-0.01770074
0.19368143,0.00006104
0.19400143,0.00006104
0.19432143,0.00006104
0.19464143,0.00006104
0.19496143,0.00006104
0.19528143,0.00006104
0.19560143,0.00006104
0.19592143,0.00006104
0.19624143,0.00006104
0.19656143,0.00006104
0.19688143,0.00006104
0.19720143,0.00006104
0.19752143,0.00006104
0.19784143,0.00006104
0.19816143,0.00006104
0.19848143,0.00006104
0.19880143,0.00006104
0.19912143,0.00006104
0.19944143,0.00006104
0.19976143,-0.01770074
0.20008143,0.00006104
0.20040143,0.00006104
0.20072143,0.00006104
0.20104143,0.00006104
0.20136143,0.00006104
0.20168143,-0.01770074
0.20200143,0.00006104
0.20232143,0.00006104
0.20264143,0.00006104
0.20296143,0.00006104
0.20328143,0.00006104
0.20360143,0.00006104
0.20392143,0.00006104
0.20424143,0.00006104
0.20456143,0.00006104
0.20488143,0.00006104
0.20520143,0.00006104
0.20552143,0.00006104
0.20584143,0.00006104
0.20616143,0.00006104
0.20648143,0.00006104
0.20680143,0.00006104
0.20712143,0.00006104
0.20744143,0.00006104
0.20776143,0.00006104
0.20808143,0.00006104
0.20840143,0.00006104
0.20872143,-0.01770074
0.20904143,0.00006104
0.20936143,0.00006104
0.20968143,0.00006104
0.21000143,0.00006104
0.21032143,0.00006104
0.21064143,0.00006104
0.21096143,0.00006104
0.21128143,0.00006104
0.21160143,0.00006104
0.21192143,0.00006104
0.21224143,0.00006104
0.21256143,0.00006104
0.21288143,0.00006104
0.21320143,0.00006104
0.21352143,0.00006104
0.21384143,0.00006104
0.21416143,0.00006104
0.21448143,0.00006104
0.21480143,0.00006104
0.21512143,0.00006104
0.21544143,0.00006104
0.21576143,0.00006104
0.21608143,0.00006104
0.21640143,0.00006104
0.21672143,0.00006104
0.21704143,0.00006104
0.21736143,0.00006104
0.21768143,-0.01770074
0.21800143,0.00006104
0.21832143,0.00006104
0.21864143,-0.01770074
0.21896143,0.00006104
0.21928143,0.00006104
0.21960143,0.00006104
0.21992143,0.00006104
0.22024143,0.00006104
0.22056143,0.00006104
0.22088143,0.00006104
0.22120143,0.00006104
0.22152143,-0.01770074
0.22184143,0.00006104
0.22216143,0.00006104
0.22248143,-0.01770074
0.22280143,0.00006104
0.22312143,-0.01770074
0.22344143,0.00006104
0.22376143,0.00006104
0.22408143,-0.01770074
0.22440143,0.00006104
0.22472143,0.00006104
0.22504143,0.00006104
0.22536143,0.00006104
0.22568143,0.00006104
0.22600143,0.00006104
0.22632143,0.00006104
0.22664143,0.00006104
0.22696143,0.00006104
0.22728143,0.00006104
0.22760143,0.00006104
0.22792143,0.00006104
0.22824143,0.00006104
0.22856143,0.00006104
0.22888143,0.00006104
0.22920143,-0.01770074
0.22952143,0.00006104
0.22984143,0.00006104
0.23016143,0.00006104
0.23048143,0.00006104
0.23080143,0.00006104
0.23112143,0.00006104
0.23144143,0.00006104
0.23176143,0.00006104
0.23208143,0.00006104
0.23240143,0.00006104
0.23272143,0.00006104
0.23304143,0.00006104
0.23336143,0.00006104
0.23368143,0.00006104
0.23400143,0.00006104
0.23432143,0.00006104
0.23464143,0.00006104
0.23496143,0.00006104
0.23528143,0.00006104
0.23560143,0.00006104
0.23592143,0.00006104
0.23624143,0.00006104
0.23656143,0.00006104
0.23688143,0.00006104
0.23720143,0.00006104
0.23752143,0.00006104
0.23784143,-0.01770074
0.23816143,0.00006104
0.23848143,0.00006104
0.23880143,0.00006104
0.23912143,0.00006104
0.23944143,0.00006104
0.23976143,0.00006104
0.24008143,0.00006104
0.24040143,0.00006104
0.24072143,0.00006104
0.24104143,0.00006104
0.24136143,0.00006104
0.24168143,0.00006104
0.24200143,0.00006104
0.24232143,0.00006104
0.24264143,0.00006104
0.24296143,0.00006104
0.24328143,0.00006104
0.24360143,0.00006104
0.24392143,0.00006104
0.24424143,0.00006104
0.24456143,0.00006104
0.24488143,0.00006104
0.24520143,0.00006104
0.24552143,0.01788385
0.24584143,0.00006104
0.24616143,0.00006104
0.24648143,0.00006104
0.24680143,0.00006104
0.24712143,0.00006104
0.24744143,-0.01770074
0.24776143,-0.01770074
0.24808143,0.00006104
0.24840143,0.00006104
0.24872143,0.00006104
0.24904143,-0.01770074
0.24936143,-0.01770074
0.24968143,-0.01770074
0.25000143,0.00006104
0.25032143,0.00006104
0.25064143,0.00006104
0.25096143,0.00006104
0.25128143,0.00006104
0.25160143,0.00006104
0.25192143,0.00006104
0.25224143,0.00006104
0.25256143,0.00006104
0.25288143,0.00006104
0.25320143,0.00006104
0.25352143,0.00006104
0.25384143,0.00006104
0.25416143,0.00006104
0.25448143,0.00006104
0.25480143,0.00006104
0.25512143,0.00006104
0.25544143,0.00006104
0.25576143,0.00006104
0.25608143,0.00006104
0.25640143,0.00006104
0.25672143,0.00006104
0.25704143,0.00006104
0.25736143,0.00006104
0.25768143,0.00006104
0.25800143,0.00006104
0.25832143,0.00006104
0.25864143,0.00006104
0.25896143,0.00006104
0.25928143,0.00006104
0.25960143,-0.01770074
0.25992143,0.00006104
0.26024143,0.00006104
0.26056143,0.00006104
0.26088143,0.00006104
0.26120143,-0.01770074
0.26152143,0.00006104
0.26184143,0.00006104
0.26216143,0.00006104
0.26248143,0.00006104
0.26280143,0.00006104
0.26312143,0.00006104
0.26344143,0.00006104
0.26376143,0.00006104
0.26408143,0.00006104
0.26440143,0.00006104
0.26472143,0.00006104
0.26504143,0.00006104
0.26536143,0.00006104
0.26568143,0.00006104
0.26600143,0.00006104
0.26632143,0.00006104
0.26664143,0.00006104
0.26696143,0.00006104
0.26728143,0.00006104
0.26760143,0.00006104
0.26792143,0.00006104
0.26824143,0.00006104
0.26856143,-0.01770074
0.26888143,0.00006104
0.26920143,0.00006104
0.26952143,0.00006104
0.26984143,0.00006104
0.27016143,0.00006104
0.27048143,0.00006104
0.27080143,0.00006104
0.27112143,0.00006104
0.27144143,0.00006104
0.27176143,0.00006104
0.27208143,0.00006104
0.27240143,0.00006104
0.27272143,0.00006104
0.27304143,0.00006104
0.27336143,0.00006104
0.27368143,0.00006104
0.27400143,0.00006104
0.27432143,-0.01770074
0.27464143,0.00006104
0.27496143,-0.01770074
0.27528143,0.00006104
0.27560143,-0.01770074
0.27592143,0.00006104
0.27624143,0.00006104
0.27656143,0.00006104
0.27688143,0.00006104
0.27720143,0.00006104
0.27752143,0.00006104
0.27784143,0.00006104
0.27816143,0.00006104
0.27848143,0.00006104
0.27880143,0.00006104
0.27912143,0.00006104
0.27944143,0.00006104
0.27976143,0.00006104
0.28008143,0.00006104
0.28040143,0.00006104
0.28072143,0.00006104
0.28104143,0.00006104
0.28136143,0.00006104
0.28168143,-0.01770074
0.28200143,0.00006104
0.28232143,0.00006104
0.28264143,-0.01770074
0.28296143,0.00006104
0.28328143,0.00006104
0.28360143,0.00006104
0.28392143,-0.01770074
0.28424143,0.00006104
0.28456143,0.00006104
0.28488143,0.00006104
0.28520143,0.00006104
0.28552143,0.00006104
0.28584143,0.00006104
0.28616143,0.00006104
0.28648143,0.00006104
0.28680143,0.00006104
0.28712143,0.00006104
0.28744143,0.00006104
0.28776143,0.00006104
0.28808143,0.00006104
0.28840143,0.00006104
0.28872143,0.00006104
0.28904143,0.00006104
0.28936143,0.00006104
0.28968143,0.00006104
0.29000143,-0.01770074
0.29032143,0.00006104
0.29064143,0.00006104
0.29096143,-0.01770074
0.29128143,0.00006104
0.29160143,0.00006104
0.29192143,0.00006104
0.29224143,0.00006104
0.29256143,0.00006104
0.29288143,0.00006104
0.29320143,0.00006104
0.29352143,0.00006104
0.29384143,0.00006104
0.29416143,0.00006104
0.29448143,0.00006104
0.29480143,0.00006104
0.29512143,0.00006104
0.29544143,0.00006104
0.29576143,0.00006104
0.29608143,0.01788385
0.29640143,0.00006104
0.29672143,0.00006104
0.29704143,0.00006104
0.29736143,0.00006104
0.29768143,0.00006104
0.29800143,-0.01770074
0.29832143,0.00006104
0.29864143,-0.01770074
0.29896143,0.00006104
0.29928143,0.00006104
0.29960143,0.00006104
0.29992143,0.00006104
0.30024143,0.00006104
0.30056143,0.00006104
0.30088143,0.00006104
0.30120143,0.00006104
0.30152143,0.00006104
0.30184143,0.00006104
0.30216143,0.00006104
0.30248143,0.00006104
0.30280143,0.00006104
0.30312143,0.00006104
0.30344143,0.00006104
0.30376143,0.00006104
0.30408143,0.00006104
0.30440143,0.00006104
0.30472143,0.00006104
0.30504143,0.00006104
0.30536143,0.00006104
0.30568143,0.00006104
0.30600143,0.00006104
0.30632143,-0.01770074
0.30664143,0.00006104
0.30696143,0.00006104
0.30728143,0.00006104
0.30760143,0.00006104
0.30792143,0.00006104
0.30824143,0.00006104
0.30856143,0.00006104
0.30888143,0.00006104
0.30920143,0.00006104
0.30952143,0.00006104
0.30984143,0.00006104
0.31016143,0.00006104
0.31048143,0.00006104
0.31080143,0.00006104
0.31112143,0.00006104
0.31144143,0.00006104
0.31176143,0.00006104
0.31208143,0.00006104
0.31240143,0.00006104
0.31272143,0.00006104
0.31304143,0.00006104
0.31336143,0.00006104
0.31368143,0.00006104
0.31400143,0.00006104
0.31432143,0.00006104
0.31464143,0.00006104
0.31496143,-0.01770074
0.31528143,-0.01770074
0.31560143,0.00006104
0.31592143,0.00006104
0.31624143,0.00006104
0.31656143,0.00006104
0.31688143,0.00006104
0.31720143,0.00006104
0.31752143,0.00006104
0.31784143,0.00006104
0.31816143,0.00006104
0.31848143,0.00006104
0.31880143,0.00006104
0.31912143,0.00006104
0.31944143,0.00006104
0.31976143,0.00006104
0.32008143,0.00006104
0.32040143,0.00006104
0.32072143,0.00006104
0.32104143,0.00006104
0.32136143,-0.01770074
0.32168143,0.00006104
0.32200143,0.00006104
0.32232143,0.00006104
0.32264143,0.00006104
0.32296143,0.00006104
0.32328143,0.00006104
0.32360143,0.00006104
0.32392143,0.00006104
0.32424143,0.00006104
0.32456143,0.00006104
0.32488143,0.00006104
0.32520143,0.00006104
0.32552143,0.00006104
0.32584143,0.00006104
0.32616143,0.00006104
0.32648143,0.00006104
0.32680143,0.00006104
0.32712143,0.00006104
0.32744143,0.00006104
0.32776143,0.00006104
0.32808143,0.00006104
0.32840143,0.00006104
0.32872143,0.00006104
0.32904143,0.00006104
0.32936143,0.00006104
0.32968143,0.00006104
0.33000143,0.00006104
0.33032143,0.00006104
0.33064143,0.00006104
0.33096143,0.00006104
0.33128143,0.00006104
0.33160143,0.00006104
0.33192143,0.00006104
0.33224143,0.00006104
0.33256143,0.00006104
0.33288143,0.00006104
0.33320143,0.00006104
0.33352143,0.00006104
0.33384143,0.00006104
0.33416143,0.00006104
0.33448143,0.00006104
0.33480143,0.00006104
0.33512143,0.00006104
0.33544143,0.00006104
0.33576143,0.00006104
0.33608143,0.00006104
0.33640143,0.00006104
0.33672143,0.00006104
0.33704143,0.00006104
0.33736143,0.00006104
0.33768143,-0.01770074
0.33800143,0.00006104
0.33832143,0.00006104
0.33864143,0.00006104
0.33896143,0.00006104
0.33928143,0.00006104
0.33960143,0.00006104
0.33992143,0.00006104
0.34024143,0.00006104
0.34056143,0.00006104
0.34088143,0.00006104
0.34120143,0.00006104
0.34152143,0.00006104
0.34184143,0.00006104
0.34216143,0.00006104
0.34248143,0.00006104
0.34280143,0.00006104
0.34312143,0.00006104
0.34344143,0.00006104
0.34376143,0.00006104
0.34408143,0.00006104
0.34440143,0.00006104
0.34472143,0.00006104
0.34504143,0.00006104
0.34536143,0.00006104
0.34568143,0.00006104
0.34600143,0.00006104
0.34632143,0.00006104
0.34664143,0.00006104
0.34696143,0.00006104
0.34728143,-0.01770074
0.34760143,0.00006104
0.34792143,0.00006104
0.34824143,0.00006104
0.34856143,0.00006104
0.34888143,0.00006104
0.34920143,0.00006104
0.34952143,0.00006104
0.34984143,0.00006104
0.35016143,0.00006104
0.35048143,0.00006104
0.35080143,0.00006104
0.35112143,0.00006104
0.35144143,0.00006104
0.35176143,0.00006104
0.35208143,0.00006104
0.35240143,0.00006104
0.35272143,0.00006104
0.35304143,0.00006104
0.35336143,0.00006104
0.35368143,0.00006104
0.35400143,0.00006104
0.35432143,0.00006104
0.35464143,0.00006104
0.35496143,0.00006104
0.35528143,0.00006104
0.35560143,0.00006104
0.35592143,0.00006104
0.35624143,0.00006104
0.35656143,0.00006104
0.35688143,0.00006104
0.35720143,0.00006104
0.35752143,0.00006104
0.35784143,0.00006104
0.35816143,0.00006104
0.35848143,0.00006104
0.35880143,0.00006104
0.35912143,0.00006104
0.35944143,0.00006104
0.35976143,0.00006104
0.36008143,0.00006104
0.36040143,0.00006104
0.36072143,0.00006104
0.36104143,0.00006104
0.36136143,0.00006104
0.36168143,0.00006104
0.36200143,0.00006104
0.36232143,0.00006104
0.36264143,0.00006104
0.36296143,0.00006104
0.36328143,0.00006104
0.36360143,0.00006104
0.36392143,-0.01770074
0.36424143,0.00006104
0.36456143,-0.01770074
0.36488143,0.00006104
0.36520143,0.00006104
0.36552143,0.00006104
0.36584143,0.00006104
0.36616143,0.00006104
0.36648143,0.00006104
0.36680143,0.00006104
0.36712143,0.00006104
0.36744143,0.00006104
0.36776143,-0.01770074
0.36808143,0.00006104
0.36840143,0.00006104
0.36872143,0.00006104
0.36904143,0.00006104
0.36936143,0.00006104
0.36968143,0.00006104
0.37000143,0.00006104
0.37032143,0.00006104
0.37064143,0.00006104
0.37096143,0.00006104
0.37128143,0.00006104
0.37160143,0.00006104
0.37192143,0.00006104
0.37224143,-0.01770074
0.37256143,0.00006104
0.37288143,0.00006104
0.37320143,0.00006104
0.37352143,-0.01770074
0.37384143,0.00006104
0.37416143,0.00006104
0.37448143,0.00006104
0.37480143,0.00006104
0.37512143,0.00006104
0.37544143,0.00006104
0.37576143,-0.01770074
0.37608143,0.00006104
0.37640143,0.00006104
0.37672143,0.00006104
0.37704143,0.00006104
0.37736143,0.00006104
0.37768143,0.00006104
0.37800143,0.00006104
0.37832143,0.00006104
0.37864143,0.00006104
0.37896143,0.00006104
0.37928143,0.00006104
0.37960143,0.00006104
0.37992143,0.00006104
0.38024143,0.00006104
0.38056143,-0.01770074
0.38088143,-0.01770074
0.38120143,0.00006104
0.38152143,0.00006104
0.38184143,0.00006104
0.38216143,0.00006104
0.38248143,0.00006104
0.38280143,0.00006104
0.38312143,0.00006104
0.38344143,0.00006104
0.38376143,0.00006104
0.38408143,0.00006104
0.38440143,0.00006104
0.38472143,0.00006104
0.38504143,0.00006104
0.38536143,0.00006104
0.38568143,0.00006104
0.38600143,0.00006104
0.38632143,0.00006104
0.38664143,0.00006104
0.38696143,0.00006104
0.38728143,0.00006104
0.38760143,0.00006104
0.38792143,0.00006104
0.38824143,0.00006104
0.38856143,0.00006104
0.38888143,0.00006104
0.38920143,0.00006104
0.38952143,0.00006104
0.38984143,-0.01770074
0.39016143,0.00006104
0.39048143,0.00006104
0.39080143,0.00006104
0.39112143,0.00006104
0.39144143,0.00006104
0.39176143,0.00006104
0.39208143,0.00006104
0.39240143,-0.01770074
0.39272143,0.00006104
0.39304143,0.00006104
0.39336143,0.00006104
0.39368143,0.00006104
0.39400143,0.00006104
0.39432143,0.00006104
0.39464143,0.00006104
0.39496143,0.00006104
0.39528142,0.00006104
0.39560142,0.00006104
0.39592142,0.00006104
0.39624142,0.00006104
0.39656142,0.00006104
0.39688142,0.00006104
0.39720142,0.00006104
0.39752142,-0.01770074
0.39784142,0.00006104
0.39816142,0.00006104
0.39848142,0.00006104
0.39880142,0.00006104
0.39912142,0.00006104
0.39944142,0.00006104
0.39976142,0.00006104
0.40008142,0.00006104
0.40040142,0.00006104
0.40072142,0.00006104
0.40104142,0.00006104
0.40136142,0.00006104
0.40168142,-0.01770074
0.40200142,0.00006104
0.40232142,0.00006104
0.40264142,0.00006104
0.40296142,0.00006104
0.40328142,0.00006104
0.40360142,0.00006104
0.40392142,0.00006104
0.40424142,0.00006104
0.40456142,0.00006104
0.40488142,0.00006104
0.40520142,0.00006104
0.40552142,0.00006104
0.40584142,0.00006104
0.40616142,0.00006104
0.40648142,0.00006104
0.40680142,0.00006104
0.40712142,0.00006104
0.40744142,0.00006104
0.40776142,0.00006104
0.40808142,0.00006104
0.40840142,-0.01770074
0.40872142,0.00006104
0.40904142,0.00006104
0.40936142,0.00006104
0.40968142,0.00006104
0.41000142,0.00006104
0.41032142,0.00006104
0.41064142,0.00006104
0.41096142,0.00006104
0.41128142,0.00006104
0.41160142,0.00006104
0.41192142,0.00006104
0.41224142,0.00006104
0.41256142,0.00006104
0.41288142,0.00006104
0.41320142,0.00006104
0.41352142,0.00006104
0.41384142,0.00006104
0.41416142,0.00006104
0.41448142,0.00006104
0.41480142,0.00006104
0.41512142,0.00006104
0.41544142,0.00006104
0.41576142,0.00006104
0.41608142,0.00006104
0.41640142,0.00006104
0.41672142,0.00006104
0.41704142,0.00006104
0.41736142,0.00006104
0.41768142,0.00006104
0.41800142,0.00006104
0.41832142,0.00006104
0.41864142,0.00006104
0.41896142,0.00006104
0.41928142,0.00006104
0.41960142,0.00006104
0.41992142,0.00006104
0.42024142,0.00006104
0.42056142,0.00006104
0.42088142,0.00006104
0.42120142,0.00006104
0.42152142,0.00006104
0.42184142,0.00006104
0.42216142,0.00006104
0.42248142,0.00006104
0.42280142,0.00006104
0.42312142,0.00006104
0.42344142,0.00006104
0.42376142,0.00006104
0.42408142,0.00006104
0.42440142,0.00006104
0.42472142,0.00006104
0.42504142,0.00006104
0.42536142,0.00006104
0.42568142,0.00006104
0.42600142,0.00006104
0.42632142,0.00006104
0.42664142,0.00006104
0.42696142,0.00006104
0.42728142,0.00006104
0.42760142,0.00006104
0.42792142,0.00006104
0.42824142,0.00006104
0.42856142,0.00006104
0.42888142,0.00006104
0.42920142,0.00006104
0.42952142,0.00006104
0.42984142,0.00006104
0.43016142,0.00006104
0.43048142,0.00006104
0.43080142,0.00006104
0.43112142,0.00006104
0.43144142,0.00006104
0.43176142,0.00006104
0.43208142,-0.01770074
0.43240142,0.00006104
0.43272142,0.00006104
0.43304142,0.00006104
0.43336142,0.00006104
0.43368142,0.00006104
0.43400142,0.00006104
0.43432142,0.00006104
0.43464142,0.00006104
0.43496142,0.00006104
0.43528142,0.00006104
0.43560142,0.00006104
0.43592142,0.00006104
0.43624142,0.00006104
0.43656142,0.00006104
0.43688142,0.00006104
0.43720142,0.00006104
0.43752142,0.00006104
0.43784142,0.00006104
0.43816142,0.00006104
0.43848142,0.00006104
0.43880142,0.00006104
0.43912142,0.00006104
0.43944142,0.00006104
0.43976142,0.00006104
0.44008142,0.00006104
0.44040142,-0.01770074
0.44072142,0.00006104
0.44104142,0.00006104
0.44136142,0.00006104
0.44168142,0.00006104
0.44200142,0.00006104
0.44232142,0.00006104
0.44264142,0.00006104
0.44296142,0.00006104
0.44328142,0.00006104
0.44360142,0.00006104
0.44392142,0.00006104
0.44424142,0.00006104
0.44456142,0.00006104
0.44488142,0.00006104
0.44520142,0.00006104
0.44552142,0.00006104
0.44584142,0.00006104
0.44616142,0.00006104
0.44648142,0.00006104
0.44680142,0.00006104
0.44712142,0.00006104
0.44744142,0.00006104
0.44776142,0.00006104
0.44808142,0.00006104
0.44840142,0.00006104
0.44872142,0.00006104
0.44904142,0.00006104
0.44936142,0.00006104
0.44968142,0.00006104
0.45000142,0.00006104
0.45032142,0.00006104
0.45064142,0.00006104
0.45096142,0.00006104
0.45128142,0.00006104
0.45160142,-0.01770074
0.45192142,0.00006104
0.45224142,0.00006104
0.45256142,-0.01770074
0.45288142,0.00006104
0.45320142,0.00006104
0.45352142,0.00006104
0.45384142,0.00006104
0.45416142,0.00006104
0.45448142,0.00006104
0.45480142,0.00006104
0.45512142,0.00006104
0.45544142,0.00006104
0.45576142,0.00006104
0.45608142,0.00006104
0.45640142,0.00006104
0.45672142,0.00006104
0.45704142,0.00006104
0.45736142,0.00006104
0.45768142,0.00006104
0.45800142,0.00006104
0.45832142,0.00006104
0.45864142,0.00006104
0.45896142,0.00006104
0.45928142,0.00006104
0.45960142,0.00006104
0.45992142,0.00006104
0.46024142,0.00006104
0.46056142,0.00006104
0.46088142,0.00006104
0.46120142,0.00006104
0.46152142,0.00006104
0.46184142,0.00006104
0.46216142,0.00006104
0.46248142,0.00006104
0.46280142,0.00006104
0.46312142,0.00006104
0.46344142,0.00006104
0.46376142,-0.01770074
0.46408142,0.00006104
0.46440142,-0.01770074
0.46472142,0.00006104
0.46504142,0.00006104
0.46536142,0.00006104
0.46568142,0.00006104
0.46600142,0.00006104
0.46632142,0.00006104
0.46664142,0.00006104
0.46696142,0.00006104
0.46728142,0.00006104
0.46760142,0.00006104
0.46792142,0.00006104
0.46824142,0.00006104
0.46856142,0.00006104
0.46888142,0.00006104
0.46920142,0.00006104
0.46952142,0.00006104
0.46984142,0.00006104
0.47016142,0.00006104
0.47048142,0.00006104
0.47080142,0.00006104
0.47112142,0.00006104
0.47144142,0.00006104
0.47176142,0.00006104
0.47208142,0.00006104
0.47240142,0.00006104
0.47272142,0.00006104
0.47304142,-0.01770074
0.47336142,0.00006104
0.47368142,0.00006104
0.47400142,0.00006104
0.47432142,0.00006104
0.47464142,0.00006104
0.47496142,0.00006104
0.47528142,0.00006104
0.47560142,0.00006104
0.47592142,0.00006104
0.47624142,0.00006104
0.47656142,0.00006104
0.47688142,0.00006104
0.47720142,0.00006104
0.47752142,0.00006104
0.47784142,0.00006104
0.47816142,0.00006104
0.47848142,0.00006104
0.47880142,0.00006104
0.47912142,0.00006104
0.47944142,0.00006104
0.47976142,0.00006104
0.48008142,0.00006104
0.48040142,0.00006104
0.48072142,0.00006104
0.48104142,0.00006104
0.48136142,0.00006104
0.48168142,0.00006104
0.48200142,0.00006104
0.48232142,0.00006104
0.48264142,0.00006104
0.48296142,0.00006104
0.48328142,0.00006104
0.48360142,0.00006104
0.48392142,0.00006104
0.48424142,0.00006104
0.48456142,0.00006104
0.48488142,0.00006104
0.48520142,0.00006104
0.48552142,0.00006104
0.48584142,0.00006104
0.48616142,0.00006104
0.48648142,0.00006104
0.48680142,0.00006104
0.48712142,0.00006104
0.48744142,0.00006104
0.48776142,0.00006104
0.48808142,0.00006104
0.48840142,0.00006104
0.48872142,0.00006104
0.48904142,0.00006104
0.48936142,0.00006104
0.48968142,-0.01770074
0.49000142,0.00006104
0.49032142,0.00006104
0.49064142,0.00006104
0.49096142,0.00006104
0.49128142,-0.01770074
0.49160142,0.00006104
0.49192142,0.00006104
0.49224142,0.00006104
0.49256142,0.00006104
0.49288142,0.00006104
0.49320142,0.00006104
0.49352142,0.00006104
0.49384142,0.00006104
0.49416142,-0.01770074
0.49448142,0.00006104
0.49480142,0.00006104
0.49512142,0.00006104
0.49544142,0.00006104
0.49576142,0.00006104
0.49608142,0.00006104
0.49640142,0.00006104
0.49672142,0.00006104
0.49704142,0.00006104
0.49736142,0.00006104
0.49768142,0.00006104
0.49800142,0.00006104
0.49832142,0.00006104
0.49864142,0.00006104
0.49896142,0.00006104
0.49928142,-1.70879233
0.49960142,-0.87215799
0.49992142,-0.01770074
0.50024142,0.19580676
0.50056142,0.10687582
0.50088142,0.01788385
0.50120142,-0.03552354
0.50152142,-0.03552354
0.50184142,-0.01770074
0.50216142,-1.81560719
0.50248142,-1.29935610
0.50280142,0.96127200
0.50312142,0.10687582
0.50344142,-0.05334635
0.50376142,0.00006104
0.50408142,0.01788385
0.50440142,0.03570665
0.50472142,0.01788385
0.50504142,0.03570665
0.50536142,0.01788385
0.50568142,0.00006104
0.50600142,0.00006104
0.50632142,0.01788385
0.50664142,0.01788385
0.50696142,0.01788385
0.50728142,0.01788385
0.50760142,0.01788385
0.50792142,0.00006104
0.50824142,0.00006104
0.50856142,0.01788385
0.50888142,0.01788385
0.50920142,0.05346843
0.50952142,0.07129124
0.50984142,0.07129124
0.51016142,0.07129124
0.51048142,0.05346843
0.51080142,0.07129124
0.51112142,0.07129124
0.51144142,0.03570665
0.51176142,0.05346843
0.51208142,0.08911405
0.51240142,0.05346843
0.51272142,0.01788385
0.51304142,0.01788385
0.51336142,0.01788385
0.51368142,0.01788385
0.51400142,0.00006104
0.51432142,-0.01770074
0.51464142,-0.03552354
0.51496142,-0.03552354
0.51528142,0.00006104
0.51560142,0.00006104
0.51592142,-0.01770074
0.51624142,0.05346843
0.51656142,-0.01770074
0.51688142,-0.03552354
0.51720142,0.01788385
0.51752142,-0.03552354
0.51784142,0.00006104
0.51816142,0.05346843
0.51848142,0.01788385
0.51880142,0.01788385
0.51912142,0.03570665
0.51944142,0.01788385
0.51976142,0.00006104
0.52008142,0.00006104
