Time,Channel A
(ms),(V)

-1.48095738,0.01788385
-1.48063738,0.01788385
-1.48031738,0.01788385
-1.47999738,0.00006104
-1.47967738,0.01788385
-1.47935738,0.03570665
-1.47903738,0.00006104
-1.47871738,0.00006104
-1.47839738,0.01788385
-1.47807738,0.01788385
-1.47775738,0.01788385
-1.47743738,0.00006104
-1.47711738,0.00006104
-1.47679738,0.00006104
-1.47647738,0.01788385
-1.47615738,0.00006104
-1.47583738,0.00006104
-1.47551738,0.03570665
-1.47519738,0.01788385
-1.47487738,0.01788385
-1.47455738,0.01788385
-1.47423738,0.00006104
-1.47391738,0.01788385
-1.47359738,0.03570665
-1.47327738,0.00006104
-1.47295738,0.01788385
-1.47263738,0.03570665
-1.47231738,0.01788385
-1.47199738,0.00006104
-1.47167738,0.00006104
-1.47135738,0.00006104
-1.47103738,0.00006104
-1.47071738,0.00006104
-1.47039738,-0.01770074
-1.47007738,0.00006104
-1.46975738,0.00006104
-1.46943738,0.00006104
-1.46911738,0.01788385
-1.46879738,0.00006104
-1.46847738,0.01788385
-1.46815738,0.01788385
-1.46783738,0.00006104
-1.46751738,0.00006104
-1.46719738,0.01788385
-1.46687738,0.01788385
-1.46655738,0.00006104
-1.46623738,0.00006104
-1.46591738,0.01788385
-1.46559738,0.00006104
-1.46527738,0.00006104
-1.46495738,0.00006104
-1.46463738,0.00006104
-1.46431738,0.00006104
-1.46399738,0.00006104
-1.46367738,0.00006104
-1.46335738,0.00006104
-1.46303738,0.00006104
-1.46271738,0.01788385
-1.46239738,0.01788385
-1.46207738,0.00006104
-1.46175738,0.00006104
-1.46143738,0.00006104
-1.46111738,0.00006104
-1.46079738,0.00006104
-1.46047738,0.00006104
-1.46015738,0.00006104
-1.45983738,0.00006104
-1.45951738,0.00006104
-1.45919738,-0.01770074
-1.45887738,0.00006104
-1.45855738,0.00006104
-1.45823738,-0.01770074
-1.45791738,0.00006104
-1.45759738,0.00006104
-1.45727738,0.01788385
-1.45695738,0.01788385
-1.45663738,0.00006104
-1.45631738,0.01788385
-1.45599738,0.01788385
-1.45567738,0.00006104
-1.45535738,0.00006104
-1.45503738,0.00006104
-1.45471738,0.00006104
-1.45439738,0.00006104
-1.45407738,0.00006104
-1.45375738,0.00006104
-1.45343738,0.00006104
-1.45311738,0.00006104
-1.45279738,0.00006104
-1.45247738,0.00006104
-1.45215738,0.00006104
-1.45183738,-0.01770074
-1.45151738,0.00006104
-1.45119738,0.00006104
-1.45087738,0.00006104
-1.45055738,0.00006104
-1.45023738,0.00006104
-1.44991738,0.00006104
-1.44959738,0.00006104
-1.44927738,0.01788385
-1.44895738,0.00006104
-1.44863738,0.00006104
-1.44831738,0.00006104
-1.44799738,0.00006104
-1.44767738,0.00006104
-1.44735738,0.00006104
-1.44703738,0.00006104
-1.44671738,0.00006104
-1.44639738,0.00006104
-1.44607738,0.00006104
-1.44575738,0.00006104
-1.44543738,0.00006104
-1.44511738,0.00006104
-1.44479738,0.00006104
-1.44447738,0.00006104
-1.44415738,0.00006104
-1.44383738,0.00006104
-1.44351738,0.00006104
-1.44319738,0.00006104
-1.44287738,0.00006104
-1.44255738,0.00006104
-1.44223738,0.00006104
-1.44191738,0.00006104
-1.44159738,0.00006104
-1.44127738,0.00006104
-1.44095738,0.00006104
-1.44063738,0.00006104
-1.44031738,0.00006104
-1.43999738,0.00006104
-1.43967738,0.00006104
-1.43935738,0.00006104
-1.43903738,0.00006104
-1.43871738,0.00006104
-1.43839738,0.00006104
-1.43807738,0.00006104
-1.43775738,0.00006104
-1.43743738,0.00006104
-1.43711738,0.00006104
-1.43679738,0.00006104
-1.43647738,0.00006104
-1.43615738,0.00006104
-1.43583738,0.00006104
-1.43551738,0.00006104
-1.43519738,0.00006104
-1.43487738,0.00006104
-1.43455738,0.00006104
-1.43423738,0.00006104
-1.43391738,0.00006104
-1.43359738,0.00006104
-1.43327738,0.00006104
-1.43295738,0.00006104
-1.43263738,0.00006104
-1.43231738,0.00006104
-1.43199738,0.00006104
-1.43167738,0.00006104
-1.43135738,0.00006104
-1.43103738,0.00006104
-1.43071738,0.00006104
-1.43039738,0.00006104
-1.43007738,0.00006104
-1.42975738,0.00006104
-1.42943738,0.00006104
-1.42911738,0.00006104
-1.42879738,-0.01770074
-1.42847738,0.00006104
-1.42815738,0.00006104
-1.42783738,0.00006104
-1.42751738,0.00006104
-1.42719738,0.00006104
-1.42687738,0.00006104
-1.42655738,0.00006104
-1.42623738,0.00006104
-1.42591738,0.00006104
-1.42559738,0.00006104
-1.42527738,0.00006104
-1.42495738,0.00006104
-1.42463738,0.00006104
-1.42431738,0.00006104
-1.42399738,0.00006104
-1.42367738,0.00006104
-1.42335738,0.00006104
-1.42303738,0.00006104
-1.42271738,0.00006104
-1.42239738,0.00006104
-1.42207738,0.00006104
-1.42175738,0.00006104
-1.42143738,0.00006104
-1.42111738,0.00006104
-1.42079738,0.00006104
-1.42047738,0.00006104
-1.42015738,0.00006104
-1.41983738,0.00006104
-1.41951738,0.00006104
-1.41919738,0.00006104
-1.41887738,0.00006104
-1.41855738,0.00006104
-1.41823738,0.00006104
-1.41791738,0.00006104
-1.41759738,0.00006104
-1.41727738,0.00006104
-1.41695738,0.00006104
-1.41663738,0.00006104
-1.41631738,0.00006104
-1.41599738,0.00006104
-1.41567738,0.00006104
-1.41535738,0.00006104
-1.41503738,0.00006104
-1.41471738,0.00006104
-1.41439738,0.00006104
-1.41407738,0.00006104
-1.41375738,0.00006104
-1.41343738,0.00006104
-1.41311738,0.00006104
-1.41279738,0.00006104
-1.41247738,0.00006104
-1.41215738,0.00006104
-1.41183738,0.00006104
-1.41151738,0.00006104
-1.41119738,0.00006104
-1.41087738,0.00006104
-1.41055738,0.00006104
-1.41023738,0.00006104
-1.40991738,0.00006104
-1.40959738,0.00006104
-1.40927738,0.00006104
-1.40895738,0.00006104
-1.40863738,0.00006104
-1.40831738,0.00006104
-1.40799738,0.00006104
-1.40767738,0.00006104
-1.40735738,-0.01770074
-1.40703738,0.00006104
-1.40671738,0.00006104
-1.40639738,0.00006104
-1.40607738,0.00006104
-1.40575738,-0.01770074
-1.40543738,0.00006104
-1.40511738,0.00006104
-1.40479738,0.00006104
-1.40447738,0.00006104
-1.40415738,0.00006104
-1.40383738,0.00006104
-1.40351738,0.00006104
-1.40319738,0.00006104
-1.40287738,0.00006104
-1.40255738,0.00006104
-1.40223738,0.00006104
-1.40191738,0.00006104
-1.40159738,0.00006104
-1.40127738,0.00006104
-1.40095738,0.00006104
-1.40063738,0.00006104
-1.40031738,0.00006104
-1.39999738,0.00006104
-1.39967738,-0.01770074
-1.39935738,0.00006104
-1.39903738,0.00006104
-1.39871738,0.00006104
-1.39839738,0.00006104
-1.39807738,0.00006104
-1.39775738,0.00006104
-1.39743738,0.00006104
-1.39711738,0.00006104
-1.39679738,0.00006104
-1.39647738,0.00006104
-1.39615738,0.00006104
-1.39583738,0.00006104
-1.39551738,0.00006104
-1.39519738,0.00006104
-1.39487738,0.00006104
-1.39455738,0.00006104
-1.39423738,0.00006104
-1.39391738,0.00006104
-1.39359738,0.00006104
-1.39327738,0.00006104
-1.39295738,0.00006104
-1.39263738,0.00006104
-1.39231738,0.00006104
-1.39199738,0.00006104
-1.39167738,0.00006104
-1.39135738,0.00006104
-1.39103738,0.00006104
-1.39071738,0.00006104
-1.39039738,0.00006104
-1.39007738,0.00006104
-1.38975738,-0.01770074
-1.38943738,0.00006104
-1.38911738,0.00006104
-1.38879738,0.00006104
-1.38847738,0.00006104
-1.38815738,-0.01770074
-1.38783738,0.00006104
-1.38751738,0.00006104
-1.38719738,0.00006104
-1.38687738,0.00006104
-1.38655738,0.00006104
-1.38623738,0.00006104
-1.38591738,0.00006104
-1.38559738,-0.01770074
-1.38527738,0.00006104
-1.38495738,0.00006104
-1.38463738,0.00006104
-1.38431738,0.00006104
-1.38399738,0.00006104
-1.38367738,0.00006104
-1.38335738,0.00006104
-1.38303738,0.00006104
-1.38271738,0.00006104
-1.38239738,0.00006104
-1.38207738,0.00006104
-1.38175738,0.00006104
-1.38143738,0.00006104
-1.38111738,0.00006104
-1.38079738,0.00006104
-1.38047738,-0.01770074
-1.38015738,0.00006104
-1.37983738,0.00006104
-1.37951738,0.00006104
-1.37919738,0.00006104
-1.37887738,0.00006104
-1.37855738,0.00006104
-1.37823738,0.00006104
-1.37791738,-0.01770074
-1.37759738,0.00006104
-1.37727738,0.00006104
-1.37695738,0.00006104
-1.37663738,0.00006104
-1.37631738,0.00006104
-1.37599738,0.00006104
-1.37567738,0.00006104
-1.37535738,0.00006104
-1.37503738,0.00006104
-1.37471738,0.00006104
-1.37439738,0.00006104
-1.37407738,0.00006104
-1.37375738,0.00006104
-1.37343738,0.00006104
-1.37311738,0.00006104
-1.37279738,0.00006104
-1.37247738,0.00006104
-1.37215738,0.00006104
-1.37183738,0.00006104
-1.37151738,0.00006104
-1.37119738,0.00006104
-1.37087738,0.00006104
-1.37055738,0.00006104
-1.37023738,-0.01770074
-1.36991738,0.00006104
-1.36959738,0.00006104
-1.36927738,0.00006104
-1.36895738,0.00006104
-1.36863738,0.00006104
-1.36831738,0.00006104
-1.36799738,0.00006104
-1.36767738,0.00006104
-1.36735738,0.00006104
-1.36703738,0.00006104
-1.36671738,0.00006104
-1.36639738,0.00006104
-1.36607738,0.00006104
-1.36575738,-0.01770074
-1.36543738,0.00006104
-1.36511738,-0.01770074
-1.36479738,0.00006104
-1.36447738,0.00006104
-1.36415738,-0.01770074
-1.36383738,0.00006104
-1.36351738,0.00006104
-1.36319738,0.00006104
-1.36287738,0.00006104
-1.36255738,0.00006104
-1.36223738,0.00006104
-1.36191738,-0.01770074
-1.36159738,0.00006104
-1.36127738,0.00006104
-1.36095738,0.00006104
-1.36063738,0.00006104
-1.36031738,0.00006104
-1.35999738,0.00006104
-1.35967738,0.00006104
-1.35935738,0.00006104
-1.35903738,0.00006104
-1.35871738,0.00006104
-1.35839738,0.00006104
-1.35807738,0.00006104
-1.35775738,-0.01770074
-1.35743738,0.00006104
-1.35711738,0.00006104
-1.35679738,0.00006104
-1.35647738,0.00006104
-1.35615738,0.00006104
-1.35583738,0.00006104
-1.35551738,0.00006104
-1.35519738,-0.01770074
-1.35487738,0.00006104
-1.35455738,0.00006104
-1.35423738,0.00006104
-1.35391738,0.00006104
-1.35359738,0.00006104
-1.35327738,0.00006104
-1.35295738,0.00006104
-1.35263738,0.00006104
-1.35231738,0.00006104
-1.35199738,0.00006104
-1.35167738,-0.01770074
-1.35135738,0.00006104
-1.35103738,0.00006104
-1.35071738,0.00006104
-1.35039738,0.00006104
-1.35007738,0.00006104
-1.34975738,0.00006104
-1.34943738,0.00006104
-1.34911738,0.00006104
-1.34879738,0.00006104
-1.34847738,0.00006104
-1.34815738,0.00006104
-1.34783738,0.00006104
-1.34751738,0.00006104
-1.34719738,0.00006104
-1.34687738,0.00006104
-1.34655738,0.00006104
-1.34623738,-0.01770074
-1.34591738,0.00006104
-1.34559738,0.00006104
-1.34527738,0.00006104
-1.34495738,0.00006104
-1.34463738,0.00006104
-1.34431738,0.00006104
-1.34399738,0.00006104
-1.34367738,0.00006104
-1.34335738,0.00006104
-1.34303738,0.00006104
-1.34271738,0.00006104
-1.34239738,-0.01770074
-1.34207738,0.00006104
-1.34175738,0.00006104
-1.34143738,0.00006104
-1.34111738,0.00006104
-1.34079738,0.00006104
-1.34047738,0.00006104
-1.34015738,0.00006104
-1.33983738,0.00006104
-1.33951738,0.00006104
-1.33919738,0.00006104
-1.33887738,0.00006104
-1.33855738,0.00006104
-1.33823738,0.00006104
-1.33791738,0.00006104
-1.33759738,0.00006104
-1.33727738,0.00006104
-1.33695738,-0.01770074
-1.33663738,0.00006104
-1.33631738,0.00006104
-1.33599738,0.00006104
-1.33567738,0.00006104
-1.33535738,-0.01770074
-1.33503738,0.00006104
-1.33471738,0.00006104
-1.33439738,0.00006104
-1.33407738,0.00006104
-1.33375738,0.00006104
-1.33343738,0.00006104
-1.33311738,0.00006104
-1.33279738,0.00006104
-1.33247738,0.00006104
-1.33215738,0.00006104
-1.33183738,0.00006104
-1.33151738,0.00006104
-1.33119738,0.00006104
-1.33087738,0.00006104
-1.33055738,0.00006104
-1.33023738,-0.01770074
-1.32991738,0.00006104
-1.32959738,0.00006104
-1.32927738,0.00006104
-1.32895738,0.00006104
-1.32863738,0.00006104
-1.32831738,0.00006104
-1.32799738,0.00006104
-1.32767738,0.00006104
-1.32735738,0.00006104
-1.32703738,0.00006104
-1.32671738,0.00006104
-1.32639738,-0.01770074
-1.32607738,0.00006104
-1.32575738,0.00006104
-1.32543738,0.00006104
-1.32511738,0.00006104
-1.32479738,-0.01770074
-1.32447738,0.00006104
-1.32415738,0.00006104
-1.32383738,0.00006104
-1.32351738,0.00006104
-1.32319738,0.00006104
-1.32287738,0.00006104
-1.32255738,0.00006104
-1.32223738,0.00006104
-1.32191738,0.00006104
-1.32159738,0.00006104
-1.32127738,0.00006104
-1.32095738,0.00006104
-1.32063738,0.00006104
-1.32031738,0.00006104
-1.31999738,0.00006104
-1.31967738,0.00006104
-1.31935738,0.00006104
-1.31903738,0.00006104
-1.31871738,0.00006104
-1.31839738,0.00006104
-1.31807738,0.00006104
-1.31775738,0.00006104
-1.31743738,0.00006104
-1.31711738,0.00006104
-1.31679738,0.00006104
-1.31647738,0.00006104
-1.31615738,0.00006104
-1.31583738,0.00006104
-1.31551738,0.00006104
-1.31519738,0.00006104
-1.31487738,0.00006104
-1.31455738,0.00006104
-1.31423738,0.00006104
-1.31391738,0.00006104
-1.31359738,0.00006104
-1.31327738,0.00006104
-1.31295738,0.00006104
-1.31263738,0.00006104
-1.31231738,0.00006104
-1.31199738,0.00006104
-1.31167738,0.00006104
-1.31135738,0.00006104
-1.31103738,0.00006104
-1.31071738,0.00006104
-1.31039738,0.00006104
-1.31007738,0.00006104
-1.30975738,0.00006104
-1.30943738,-0.01770074
-1.30911738,0.00006104
-1.30879738,0.00006104
-1.30847738,0.00006104
-1.30815738,0.00006104
-1.30783738,0.00006104
-1.30751738,0.00006104
-1.30719738,0.00006104
-1.30687738,0.00006104
-1.30655738,0.00006104
-1.30623738,0.00006104
-1.30591738,-0.01770074
-1.30559738,0.00006104
-1.30527738,0.00006104
-1.30495738,-0.01770074
-1.30463738,0.00006104
-1.30431738,0.00006104
-1.30399738,0.00006104
-1.30367738,0.00006104
-1.30335738,0.00006104
-1.30303738,0.00006104
-1.30271738,0.00006104
-1.30239738,0.00006104
-1.30207738,0.00006104
-1.30175738,0.00006104
-1.30143738,0.00006104
-1.30111738,0.00006104
-1.30079738,0.00006104
-1.30047738,0.00006104
-1.30015738,-0.01770074
-1.29983738,0.00006104
-1.29951738,0.00006104
-1.29919738,0.00006104
-1.29887738,0.00006104
-1.29855738,0.00006104
-1.29823738,0.00006104
-1.29791738,0.00006104
-1.29759738,0.00006104
-1.29727738,0.00006104
-1.29695738,0.00006104
-1.29663738,-0.01770074
-1.29631738,0.00006104
-1.29599738,0.00006104
-1.29567738,0.00006104
-1.29535738,0.00006104
-1.29503738,0.00006104
-1.29471738,0.00006104
-1.29439738,0.00006104
-1.29407738,0.00006104
-1.29375738,0.00006104
-1.29343738,0.00006104
-1.29311738,-0.01770074
-1.29279738,0.00006104
-1.29247738,0.00006104
-1.29215738,0.00006104
-1.29183738,0.00006104
-1.29151738,0.00006104
-1.29119738,0.00006104
-1.29087738,0.00006104
-1.29055738,0.00006104
-1.29023738,0.00006104
-1.28991738,-0.01770074
-1.28959738,-0.01770074
-1.28927738,0.00006104
-1.28895738,0.00006104
-1.28863738,0.00006104
-1.28831738,-0.01770074
-1.28799738,0.00006104
-1.28767738,0.00006104
-1.28735738,0.00006104
-1.28703738,0.00006104
-1.28671738,0.00006104
-1.28639738,0.00006104
-1.28607738,0.00006104
-1.28575738,0.00006104
-1.28543738,0.00006104
-1.28511738,0.00006104
-1.28479738,0.00006104
-1.28447738,0.00006104
-1.28415738,0.00006104
-1.28383738,-0.01770074
-1.28351738,0.00006104
-1.28319738,0.00006104
-1.28287738,0.00006104
-1.28255738,0.00006104
-1.28223738,0.00006104
-1.28191738,0.00006104
-1.28159738,0.00006104
-1.28127738,0.00006104
-1.28095738,0.00006104
-1.28063738,0.00006104
-1.28031738,0.00006104
-1.27999738,0.00006104
-1.27967738,0.00006104
-1.27935738,-0.01770074
-1.27903738,0.00006104
-1.27871738,0.00006104
-1.27839738,0.00006104
-1.27807738,0.00006104
-1.27775738,0.00006104
-1.27743738,0.00006104
-1.27711738,0.00006104
-1.27679738,0.00006104
-1.27647738,0.00006104
-1.27615738,0.00006104
-1.27583738,0.00006104
-1.27551738,0.00006104
-1.27519738,0.00006104
-1.27487738,-0.01770074
-1.27455738,0.00006104
-1.27423738,0.00006104
-1.27391738,0.00006104
-1.27359738,0.00006104
-1.27327738,0.00006104
-1.27295738,-0.01770074
-1.27263738,-0.01770074
-1.27231738,0.00006104
-1.27199738,0.00006104
-1.27167738,0.00006104
-1.27135738,0.00006104
-1.27103738,0.00006104
-1.27071738,0.00006104
-1.27039738,0.00006104
-1.27007738,0.00006104
-1.26975738,0.00006104
-1.26943738,0.00006104
-1.26911738,0.00006104
-1.26879738,-0.01770074
-1.26847738,-0.01770074
-1.26815738,0.00006104
-1.26783738,0.00006104
-1.26751738,0.00006104
-1.26719738,0.00006104
-1.26687738,0.00006104
-1.26655738,0.00006104
-1.26623738,0.00006104
-1.26591738,0.00006104
-1.26559738,0.00006104
-1.26527738,0.00006104
-1.26495738,0.00006104
-1.26463738,0.00006104
-1.26431738,0.00006104
-1.26399738,0.00006104
-1.26367738,0.00006104
-1.26335738,0.00006104
-1.26303738,-0.01770074
-1.26271738,-0.01770074
-1.26239738,0.00006104
-1.26207738,0.00006104
-1.26175738,-0.01770074
-1.26143738,0.00006104
-1.26111738,0.00006104
-1.26079738,-0.01770074
-1.26047738,0.00006104
-1.26015738,0.00006104
-1.25983738,0.00006104
-1.25951738,0.00006104
-1.25919738,0.00006104
-1.25887738,0.00006104
-1.25855738,0.00006104
-1.25823738,0.00006104
-1.25791738,0.00006104
-1.25759738,0.00006104
-1.25727738,0.00006104
-1.25695738,0.00006104
-1.25663738,0.00006104
-1.25631738,0.00006104
-1.25599738,0.00006104
-1.25567738,0.00006104
-1.25535738,0.01788385
-1.25503738,0.00006104
-1.25471738,0.00006104
-1.25439738,0.00006104
-1.25407738,0.00006104
-1.25375738,0.00006104
-1.25343738,0.00006104
-1.25311738,0.00006104
-1.25279738,0.00006104
-1.25247738,0.00006104
-1.25215738,0.00006104
-1.25183738,0.00006104
-1.25151738,0.00006104
-1.25119738,-0.01770074
-1.25087738,0.00006104
-1.25055738,0.00006104
-1.25023738,0.00006104
-1.24991738,0.00006104
-1.24959738,0.00006104
-1.24927738,0.00006104
-1.24895738,0.00006104
-1.24863738,0.00006104
-1.24831738,0.00006104
-1.24799738,0.00006104
-1.24767738,0.00006104
-1.24735738,0.00006104
-1.24703738,-0.01770074
-1.24671738,0.00006104
-1.24639738,0.00006104
-1.24607738,0.00006104
-1.24575738,0.00006104
-1.24543738,0.00006104
-1.24511738,-0.01770074
-1.24479738,0.00006104
-1.24447738,0.00006104
-1.24415738,0.00006104
-1.24383738,0.00006104
-1.24351738,0.00006104
-1.24319738,0.00006104
-1.24287738,0.00006104
-1.24255738,0.00006104
-1.24223738,-0.01770074
-1.24191738,0.00006104
-1.24159738,0.00006104
-1.24127738,0.00006104
-1.24095738,0.00006104
-1.24063738,0.00006104
-1.24031738,0.00006104
-1.23999738,0.00006104
-1.23967738,0.00006104
-1.23935738,0.00006104
-1.23903738,0.00006104
-1.23871738,0.00006104
-1.23839738,0.00006104
-1.23807738,0.00006104
-1.23775738,0.00006104
-1.23743738,0.00006104
-1.23711738,0.00006104
-1.23679738,0.00006104
-1.23647738,0.00006104
-1.23615738,0.00006104
-1.23583738,0.00006104
-1.23551738,0.00006104
-1.23519738,0.00006104
-1.23487738,0.00006104
-1.23455738,-0.01770074
-1.23423738,0.00006104
-1.23391738,-0.01770074
-1.23359738,0.00006104
-1.23327738,0.00006104
-1.23295738,0.00006104
-1.23263738,0.00006104
-1.23231738,0.00006104
-1.23199738,0.00006104
-1.23167738,0.00006104
-1.23135738,0.00006104
-1.23103738,0.00006104
-1.23071738,0.00006104
-1.23039738,0.00006104
-1.23007738,0.00006104
-1.22975738,0.00006104
-1.22943738,0.00006104
-1.22911738,0.00006104
-1.22879738,0.00006104
-1.22847738,0.00006104
-1.22815738,0.00006104
-1.22783738,0.00006104
-1.22751738,0.00006104
-1.22719738,0.00006104
-1.22687738,0.00006104
-1.22655738,0.00006104
-1.22623738,0.00006104
-1.22591738,-0.01770074
-1.22559738,0.00006104
-1.22527738,0.00006104
-1.22495738,0.00006104
-1.22463738,0.00006104
-1.22431738,0.00006104
-1.22399738,0.00006104
-1.22367738,0.00006104
-1.22335738,0.00006104
-1.22303738,0.00006104
-1.22271738,0.00006104
-1.22239738,0.00006104
-1.22207738,0.00006104
-1.22175738,0.00006104
-1.22143738,0.00006104
-1.22111738,0.00006104
-1.22079738,0.00006104
-1.22047738,0.00006104
-1.22015738,0.00006104
-1.21983738,0.00006104
-1.21951738,0.00006104
-1.21919738,0.00006104
-1.21887738,0.00006104
-1.21855738,0.00006104
-1.21823738,0.00006104
-1.21791738,0.00006104
-1.21759738,0.00006104
-1.21727738,0.00006104
-1.21695738,0.00006104
-1.21663738,0.00006104
-1.21631738,0.00006104
-1.21599738,0.00006104
-1.21567738,-0.01770074
-1.21535738,0.00006104
-1.21503738,0.00006104
-1.21471738,0.00006104
-1.21439738,0.00006104
-1.21407738,0.00006104
-1.21375738,0.00006104
-1.21343738,0.00006104
-1.21311738,0.00006104
-1.21279738,0.00006104
-1.21247738,0.00006104
-1.21215738,0.00006104
-1.21183738,0.00006104
-1.21151738,0.00006104
-1.21119738,0.00006104
-1.21087738,0.00006104
-1.21055738,0.00006104
-1.21023738,0.00006104
-1.20991738,0.00006104
-1.20959738,0.00006104
-1.20927738,0.00006104
-1.20895738,0.00006104
-1.20863738,0.00006104
-1.20831738,0.00006104
-1.20799738,0.00006104
-1.20767738,0.00006104
-1.20735738,0.00006104
-1.20703738,0.00006104
-1.20671738,0.00006104
-1.20639738,0.00006104
-1.20607738,0.00006104
-1.20575738,0.00006104
-1.20543738,0.00006104
-1.20511738,0.00006104
-1.20479738,0.00006104
-1.20447738,0.00006104
-1.20415738,0.00006104
-1.20383738,0.00006104
-1.20351738,0.00006104
-1.20319738,0.00006104
-1.20287738,0.00006104
-1.20255738,0.00006104
-1.20223738,0.00006104
-1.20191738,0.00006104
-1.20159738,0.00006104
-1.20127738,0.00006104
-1.20095738,0.00006104
-1.20063738,0.00006104
-1.20031738,0.00006104
-1.19999738,0.00006104
-1.19967738,0.00006104
-1.19935738,0.00006104
-1.19903738,0.00006104
-1.19871738,0.00006104
-1.19839738,0.00006104
-1.19807738,0.00006104
-1.19775738,0.00006104
-1.19743738,0.00006104
-1.19711738,0.00006104
-1.19679738,0.00006104
-1.19647738,0.00006104
-1.19615738,0.00006104
-1.19583738,0.00006104
-1.19551738,0.00006104
-1.19519738,0.00006104
-1.19487738,-0.01770074
-1.19455738,0.00006104
-1.19423738,0.00006104
-1.19391738,0.00006104
-1.19359738,0.00006104
-1.19327738,0.00006104
-1.19295738,0.00006104
-1.19263738,0.00006104
-1.19231738,0.00006104
-1.19199738,0.00006104
-1.19167738,-0.01770074
-1.19135738,-0.01770074
-1.19103738,0.00006104
-1.19071738,0.00006104
-1.19039738,0.00006104
-1.19007738,0.00006104
-1.18975738,0.00006104
-1.18943738,0.00006104
-1.18911738,0.00006104
-1.18879738,0.00006104
-1.18847738,0.00006104
-1.18815738,0.00006104
-1.18783738,0.00006104
-1.18751738,0.00006104
-1.18719738,0.00006104
-1.18687738,0.00006104
-1.18655738,0.00006104
-1.18623738,0.00006104
-1.18591738,0.00006104
-1.18559738,0.00006104
-1.18527738,0.00006104
-1.18495738,-0.01770074
-1.18463738,0.00006104
-1.18431738,0.00006104
-1.18399738,-0.01770074
-1.18367738,0.00006104
-1.18335738,0.00006104
-1.18303738,0.00006104
-1.18271738,0.00006104
-1.18239738,0.00006104
-1.18207738,0.00006104
-1.18175738,0.00006104
-1.18143738,0.00006104
-1.18111738,0.00006104
-1.18079738,0.00006104
-1.18047738,0.00006104
-1.18015738,-0.01770074
-1.17983738,0.00006104
-1.17951738,0.00006104
-1.17919738,0.00006104
-1.17887738,0.00006104
-1.17855738,0.00006104
-1.17823738,0.00006104
-1.17791738,0.00006104
-1.17759738,0.00006104
-1.17727738,0.00006104
-1.17695738,0.00006104
-1.17663738,0.00006104
-1.17631738,-0.01770074
-1.17599738,0.00006104
-1.17567738,-0.01770074
-1.17535738,0.00006104
-1.17503738,0.00006104
-1.17471738,0.00006104
-1.17439738,0.00006104
-1.17407738,0.00006104
-1.17375738,0.00006104
-1.17343738,0.00006104
-1.17311738,0.00006104
-1.17279738,0.00006104
-1.17247738,0.00006104
-1.17215738,0.00006104
-1.17183738,0.00006104
-1.17151738,0.00006104
-1.17119738,0.00006104
-1.17087738,0.00006104
-1.17055738,0.00006104
-1.17023738,0.00006104
-1.16991738,0.00006104
-1.16959738,-0.01770074
-1.16927738,0.00006104
-1.16895738,0.00006104
-1.16863738,0.00006104
-1.16831738,0.00006104
-1.16799738,0.00006104
-1.16767738,0.00006104
-1.16735738,0.00006104
-1.16703738,0.00006104
-1.16671738,0.00006104
-1.16639738,0.00006104
-1.16607738,0.00006104
-1.16575738,0.00006104
-1.16543738,0.00006104
-1.16511738,0.00006104
-1.16479738,0.00006104
-1.16447738,0.00006104
-1.16415738,0.00006104
-1.16383738,0.00006104
-1.16351738,0.00006104
-1.16319738,0.00006104
-1.16287738,0.00006104
-1.16255738,0.00006104
-1.16223738,0.00006104
-1.16191738,0.00006104
-1.16159738,0.00006104
-1.16127738,0.00006104
-1.16095738,0.00006104
-1.16063738,0.00006104
-1.16031738,0.00006104
-1.15999738,0.00006104
-1.15967738,0.00006104
-1.15935738,0.00006104
-1.15903738,0.00006104
-1.15871738,0.00006104
-1.15839738,0.00006104
-1.15807738,0.00006104
-1.15775738,0.00006104
-1.15743738,0.00006104
-1.15711738,0.00006104
-1.15679738,0.00006104
-1.15647738,-0.01770074
-1.15615738,0.00006104
-1.15583738,0.00006104
-1.15551738,0.00006104
-1.15519738,0.00006104
-1.15487738,0.00006104
-1.15455738,0.00006104
-1.15423738,0.00006104
-1.15391738,0.00006104
-1.15359738,0.00006104
-1.15327738,0.00006104
-1.15295738,0.00006104
-1.15263738,0.00006104
-1.15231738,0.00006104
-1.15199738,0.00006104
-1.15167738,0.00006104
-1.15135738,0.00006104
-1.15103738,0.00006104
-1.15071738,0.00006104
-1.15039738,0.00006104
-1.15007738,0.00006104
-1.14975738,0.00006104
-1.14943738,0.00006104
-1.14911738,0.00006104
-1.14879738,0.00006104
-1.14847738,0.00006104
-1.14815738,0.00006104
-1.14783738,-0.01770074
-1.14751738,0.00006104
-1.14719738,0.00006104
-1.14687738,-0.01770074
-1.14655738,0.00006104
-1.14623738,0.00006104
-1.14591738,0.00006104
-1.14559738,0.00006104
-1.14527738,0.00006104
-1.14495738,0.00006104
-1.14463738,0.00006104
-1.14431738,0.00006104
-1.14399738,0.00006104
-1.14367738,0.00006104
-1.14335738,0.00006104
-1.14303738,0.00006104
-1.14271738,0.00006104
-1.14239738,0.00006104
-1.14207738,0.00006104
-1.14175738,0.00006104
-1.14143738,0.00006104
-1.14111738,0.00006104
-1.14079738,0.00006104
-1.14047738,0.00006104
-1.14015738,0.00006104
-1.13983738,0.00006104
-1.13951738,0.00006104
-1.13919738,0.00006104
-1.13887738,0.00006104
-1.13855738,-0.01770074
-1.13823738,0.00006104
-1.13791738,0.00006104
-1.13759738,0.00006104
-1.13727738,-0.01770074
-1.13695738,0.00006104
-1.13663738,0.00006104
-1.13631738,0.00006104
-1.13599738,0.00006104
-1.13567738,0.00006104
-1.13535738,0.00006104
-1.13503738,0.00006104
-1.13471738,0.00006104
-1.13439738,0.00006104
-1.13407738,0.00006104
-1.13375738,0.00006104
-1.13343738,0.00006104
-1.13311738,0.00006104
-1.13279738,0.00006104
-1.13247738,0.00006104
-1.13215738,0.00006104
-1.13183738,0.00006104
-1.13151738,0.00006104
-1.13119738,-0.01770074
-1.13087738,0.00006104
-1.13055738,0.00006104
-1.13023738,0.00006104
-1.12991738,0.00006104
-1.12959738,0.00006104
-1.12927738,0.00006104
-1.12895738,0.00006104
-1.12863738,0.00006104
-1.12831738,0.00006104
-1.12799738,0.00006104
-1.12767738,0.00006104
-1.12735738,0.00006104
-1.12703738,0.00006104
-1.12671738,0.00006104
-1.12639738,0.00006104
-1.12607738,0.00006104
-1.12575738,0.00006104
-1.12543738,-0.01770074
-1.12511738,0.00006104
-1.12479738,0.00006104
-1.12447738,0.00006104
-1.12415738,0.00006104
-1.12383738,0.00006104
-1.12351738,0.00006104
-1.12319738,0.00006104
-1.12287738,-0.01770074
-1.12255738,0.00006104
-1.12223738,0.00006104
-1.12191738,0.00006104
-1.12159738,0.00006104
-1.12127738,0.00006104
-1.12095738,0.00006104
-1.12063738,0.00006104
-1.12031738,0.00006104
-1.11999738,0.00006104
-1.11967738,0.00006104
-1.11935738,0.00006104
-1.11903738,0.00006104
-1.11871738,0.00006104
-1.11839738,0.00006104
-1.11807738,0.00006104
-1.11775738,0.00006104
-1.11743738,0.00006104
-1.11711738,0.00006104
-1.11679738,0.00006104
-1.11647738,0.00006104
-1.11615738,0.00006104
-1.11583738,0.00006104
-1.11551738,0.00006104
-1.11519738,0.00006104
-1.11487738,0.00006104
-1.11455738,0.00006104
-1.11423738,0.00006104
-1.11391738,0.00006104
-1.11359738,0.00006104
-1.11327738,0.00006104
-1.11295738,0.00006104
-1.11263738,0.00006104
-1.11231738,0.00006104
-1.11199738,0.00006104
-1.11167738,-0.01770074
-1.11135738,0.00006104
-1.11103738,0.00006104
-1.11071738,0.00006104
-1.11039738,0.00006104
-1.11007738,0.00006104
-1.10975738,0.00006104
-1.10943738,0.00006104
-1.10911738,0.00006104
-1.10879738,0.00006104
-1.10847738,0.00006104
-1.10815738,0.00006104
-1.10783738,0.00006104
-1.10751738,0.00006104
-1.10719738,0.00006104
-1.10687738,0.00006104
-1.10655738,0.00006104
-1.10623738,0.00006104
-1.10591738,0.00006104
-1.10559738,-0.01770074
-1.10527738,0.00006104
-1.10495738,0.00006104
-1.10463738,0.00006104
-1.10431738,0.00006104
-1.10399738,0.00006104
-1.10367738,-0.01770074
-1.10335738,0.00006104
-1.10303738,0.00006104
-1.10271738,0.00006104
-1.10239738,0.00006104
-1.10207738,0.00006104
-1.10175738,0.00006104
-1.10143738,0.00006104
-1.10111738,0.00006104
-1.10079738,0.00006104
-1.10047738,0.00006104
-1.10015738,0.00006104
-1.09983738,0.00006104
-1.09951738,-0.01770074
-1.09919738,0.00006104
-1.09887738,0.00006104
-1.09855738,0.00006104
-1.09823738,0.00006104
-1.09791738,0.00006104
-1.09759738,0.00006104
-1.09727738,0.00006104
-1.09695738,0.00006104
-1.09663738,0.00006104
-1.09631738,0.00006104
-1.09599738,0.00006104
-1.09567738,0.00006104
-1.09535738,0.00006104
-1.09503738,0.00006104
-1.09471738,0.00006104
-1.09439738,0.00006104
-1.09407738,0.00006104
-1.09375738,0.00006104
-1.09343738,0.00006104
-1.09311738,0.00006104
-1.09279738,0.00006104
-1.09247738,0.00006104
-1.09215738,0.00006104
-1.09183738,0.00006104
-1.09151738,-0.01770074
-1.09119738,0.00006104
-1.09087738,0.00006104
-1.09055738,0.00006104
-1.09023738,0.00006104
-1.08991738,0.00006104
-1.08959738,0.00006104
-1.08927738,0.00006104
-1.08895738,0.00006104
-1.08863738,0.00006104
-1.08831738,0.00006104
-1.08799738,0.00006104
-1.08767738,0.00006104
-1.08735738,0.00006104
-1.08703738,0.00006104
-1.08671738,0.00006104
-1.08639738,0.00006104
-1.08607738,0.00006104
-1.08575738,0.00006104
-1.08543738,0.01788385
-1.08511738,0.00006104
-1.08479738,0.00006104
-1.08447738,0.00006104
-1.08415738,-0.01770074
-1.08383738,-0.01770074
-1.08351738,0.00006104
-1.08319738,0.00006104
-1.08287738,0.00006104
-1.08255738,0.00006104
-1.08223738,0.00006104
-1.08191738,0.00006104
-1.08159738,0.00006104
-1.08127738,0.00006104
-1.08095738,0.00006104
-1.08063738,0.00006104
-1.08031738,0.00006104
-1.07999738,0.00006104
-1.07967738,0.00006104
-1.07935738,0.00006104
-1.07903738,0.00006104
-1.07871738,0.00006104
-1.07839738,0.00006104
-1.07807738,0.00006104
-1.07775738,0.00006104
-1.07743738,0.00006104
-1.07711738,0.00006104
-1.07679738,0.00006104
-1.07647738,0.00006104
-1.07615738,0.00006104
-1.07583738,0.00006104
-1.07551738,0.00006104
-1.07519738,0.00006104
-1.07487738,0.00006104
-1.07455738,-0.01770074
-1.07423738,0.00006104
-1.07391738,0.00006104
-1.07359738,0.00006104
-1.07327738,0.00006104
-1.07295738,0.00006104
-1.07263738,-0.01770074
-1.07231738,0.00006104
-1.07199738,0.00006104
-1.07167738,0.00006104
-1.07135738,0.00006104
-1.07103738,0.00006104
-1.07071738,0.00006104
-1.07039738,0.00006104
-1.07007738,0.00006104
-1.06975738,-0.01770074
-1.06943738,0.00006104
-1.06911738,0.00006104
-1.06879738,0.00006104
-1.06847738,0.00006104
-1.06815738,0.00006104
-1.06783738,0.00006104
-1.06751738,0.00006104
-1.06719738,0.00006104
-1.06687738,0.00006104
-1.06655738,0.00006104
-1.06623738,0.00006104
-1.06591738,0.00006104
-1.06559738,0.00006104
-1.06527738,0.00006104
-1.06495738,0.00006104
-1.06463738,0.00006104
-1.06431738,0.00006104
-1.06399738,0.00006104
-1.06367738,0.00006104
-1.06335738,0.00006104
-1.06303738,0.00006104
-1.06271738,0.00006104
-1.06239738,0.00006104
-1.06207738,0.00006104
-1.06175738,0.00006104
-1.06143738,-0.01770074
-1.06111738,0.00006104
-1.06079738,0.00006104
-1.06047738,0.00006104
-1.06015738,0.00006104
-1.05983738,0.00006104
-1.05951738,0.00006104
-1.05919738,0.00006104
-1.05887738,0.00006104
-1.05855738,-0.01770074
-1.05823738,0.00006104
-1.05791738,0.00006104
-1.05759738,0.00006104
-1.05727738,0.00006104
-1.05695738,0.00006104
-1.05663738,0.00006104
-1.05631738,0.00006104
-1.05599738,0.00006104
-1.05567738,-0.01770074
-1.05535738,0.00006104
-1.05503738,0.00006104
-1.05471738,0.00006104
-1.05439738,0.00006104
-1.05407738,0.00006104
-1.05375738,0.00006104
-1.05343738,0.00006104
-1.05311738,0.00006104
-1.05279738,0.00006104
-1.05247738,0.00006104
-1.05215738,0.00006104
-1.05183738,0.00006104
-1.05151738,0.00006104
-1.05119738,0.00006104
-1.05087738,0.00006104
-1.05055738,0.00006104
-1.05023738,0.00006104
-1.04991738,0.00006104
-1.04959738,0.00006104
-1.04927738,0.00006104
-1.04895738,0.00006104
-1.04863738,0.00006104
-1.04831738,0.00006104
-1.04799738,0.00006104
-1.04767738,0.00006104
-1.04735738,0.00006104
-1.04703738,0.00006104
-1.04671738,-0.01770074
-1.04639738,0.00006104
-1.04607738,0.00006104
-1.04575738,0.00006104
-1.04543738,0.00006104
-1.04511738,0.00006104
-1.04479738,0.00006104
-1.04447738,0.00006104
-1.04415738,0.00006104
-1.04383738,0.00006104
-1.04351738,0.00006104
-1.04319738,0.00006104
-1.04287738,0.00006104
-1.04255738,0.00006104
-1.04223738,-0.01770074
-1.04191738,0.00006104
-1.04159738,0.00006104
-1.04127738,0.00006104
-1.04095738,0.00006104
-1.04063738,0.00006104
-1.04031738,0.00006104
-1.03999738,0.00006104
-1.03967738,0.00006104
-1.03935738,0.00006104
-1.03903738,0.00006104
-1.03871738,0.00006104
-1.03839738,0.00006104
-1.03807738,0.00006104
-1.03775738,0.00006104
-1.03743738,0.00006104
-1.03711738,0.00006104
-1.03679738,0.00006104
-1.03647738,-0.01770074
-1.03615738,0.00006104
-1.03583738,0.00006104
-1.03551738,0.00006104
-1.03519738,0.00006104
-1.03487738,0.00006104
-1.03455738,-0.01770074
-1.03423738,0.00006104
-1.03391738,0.00006104
-1.03359738,0.00006104
-1.03327738,0.00006104
-1.03295738,0.00006104
-1.03263738,0.00006104
-1.03231738,0.00006104
-1.03199738,0.00006104
-1.03167738,0.00006104
-1.03135738,0.00006104
-1.03103738,0.00006104
-1.03071738,0.00006104
-1.03039738,0.00006104
-1.03007738,0.00006104
-1.02975738,0.00006104
-1.02943738,0.00006104
-1.02911738,0.00006104
-1.02879738,0.00006104
-1.02847738,-0.01770074
-1.02815738,0.00006104
-1.02783738,0.00006104
-1.02751738,0.00006104
-1.02719738,-0.01770074
-1.02687738,0.00006104
-1.02655738,0.00006104
-1.02623738,0.00006104
-1.02591738,0.00006104
-1.02559738,0.00006104
-1.02527738,0.00006104
-1.02495738,0.00006104
-1.02463738,0.00006104
-1.02431738,0.00006104
-1.02399738,0.00006104
-1.02367738,0.00006104
-1.02335738,0.00006104
-1.02303738,-0.01770074
-1.02271738,0.00006104
-1.02239738,0.00006104
-1.02207738,0.00006104
-1.02175738,0.00006104
-1.02143738,0.00006104
-1.02111738,0.00006104
-1.02079738,0.00006104
-1.02047738,0.00006104
-1.02015738,0.00006104
-1.01983738,0.00006104
-1.01951738,-0.01770074
-1.01919738,0.00006104
-1.01887738,-0.01770074
-1.01855738,0.00006104
-1.01823738,0.00006104
-1.01791738,0.00006104
-1.01759738,0.00006104
-1.01727738,0.00006104
-1.01695738,0.00006104
-1.01663738,0.00006104
-1.01631738,0.00006104
-1.01599738,0.00006104
-1.01567738,0.00006104
-1.01535738,0.00006104
-1.01503738,0.00006104
-1.01471738,0.00006104
-1.01439738,0.00006104
-1.01407738,0.00006104
-1.01375738,0.00006104
-1.01343738,0.00006104
-1.01311738,0.00006104
-1.01279738,0.00006104
-1.01247738,0.00006104
-1.01215738,0.00006104
-1.01183738,0.00006104
-1.01151738,0.00006104
-1.01119738,0.00006104
-1.01087738,0.00006104
-1.01055738,0.00006104
-1.01023738,0.00006104
-1.00991738,0.00006104
-1.00959738,0.00006104
-1.00927738,0.00006104
-1.00895738,0.00006104
-1.00863738,0.00006104
-1.00831738,0.00006104
-1.00799738,0.00006104
-1.00767738,0.00006104
-1.00735738,0.00006104
-1.00703738,0.00006104
-1.00671738,0.00006104
-1.00639738,0.00006104
-1.00607738,0.00006104
-1.00575738,0.00006104
-1.00543738,0.00006104
-1.00511738,0.00006104
-1.00479738,0.00006104
-1.00447738,0.00006104
-1.00415738,0.00006104
-1.00383738,0.00006104
-1.00351738,0.00006104
-1.00319738,0.00006104
-1.00287738,0.00006104
-1.00255738,0.00006104
-1.00223738,0.00006104
-1.00191738,-1.13919497
-1.00159738,-1.74437702
-1.00127738,-0.62294382
-1.00095738,0.12469863
-1.00063738,0.17804499
-1.00031738,0.07129124
-0.99999738,0.00006104
-0.99967738,-0.01770074
-0.99935738,-0.03552354
-0.99903738,-0.03552354
-0.99871738,-0.33814508
-0.99839738,-0.96114993
-0.99807738,-1.83342993
-0.99775738,-0.74758142
-0.99743738,-0.44495988
-0.99711738,-0.07110813
-0.99679738,0.08911405
-0.99647738,0.08911405
-0.99615738,0.03570665
-0.99583738,0.01788385
-0.99551738,0.01788385
-0.99519738,0.01788385
-0.99487738,0.03570665
-0.99455738,0.03570665
-0.99423738,0.03570665
-0.99391738,0.03570665
-0.99359738,0.03570665
-0.99327738,0.00006104
-0.99295738,0.00006104
-0.99263738,0.01788385
-0.99231738,0.01788385
-0.99199738,0.01788385
-0.99167738,0.05346843
-0.99135738,0.05346843
-0.99103738,0.07129124
-0.99071738,0.07129124
-0.99039738,0.05346843
-0.99007738,0.07129124
-0.98975738,0.03570665
-0.98943738,0.03570665
-0.98911738,0.07129124
-0.98879738,0.08911405
-0.98847738,0.05346843
-0.98815738,0.03570665
-0.98783738,0.03570665
-0.98751738,0.03570665
-0.98719738,0.01788385
-0.98687738,0.00006104
-0.98655738,-0.01770074
-0.98623738,-0.01770074
-0.98591738,-0.01770074
-0.98559738,0.03570665
-0.98527738,0.00006104
-0.98495738,0.01788385
-0.98463738,0.05346843
-0.98431738,-0.03552354
-0.98399738,0.00006104
-0.98367738,0.01788385
-0.98335738,-0.03552354
-0.98303738,0.01788385
-0.98271738,0.05346843
-0.98239738,0.01788385
-0.98207738,0.03570665
-0.98175738,0.03570665
-0.98143738,0.03570665
-0.98111738,0.00006104
-0.98079738,0.01788385
-0.98047738,0.01788385
-0.98015738,0.01788385
-0.97983738,0.01788385
-0.97951738,0.03570665
-0.97919738,0.00006104
-0.97887738,0.00006104
-0.97855738,0.01788385
-0.97823738,0.01788385
-0.97791738,0.00006104
-0.97759738,0.01788385
-0.97727738,-0.01770074
-0.97695738,0.00006104
-0.97663738,0.01788385
-0.97631738,0.00006104
-0.97599738,0.00006104
-0.97567738,0.03570665
-0.97535738,0.01788385
-0.97503738,0.00006104
-0.97471738,0.01788385
-0.97439738,0.01788385
-0.97407738,0.00006104
-0.97375738,0.01788385
-0.97343738,0.01788385
-0.97311738,0.01788385
-0.97279738,0.03570665
-0.97247738,0.01788385
-0.97215738,0.01788385
-0.97183738,0.00006104
-0.97151738,0.00006104
-0.97119738,0.01788385
-0.97087738,0.00006104
-0.97055738,-0.01770074
-0.97023738,0.00006104
-0.96991738,0.00006104
-0.96959738,0.00006104
-0.96927738,0.01788385
-0.96895738,0.00006104
-0.96863738,0.00006104
-0.96831738,0.01788385
-0.96799738,0.01788385
-0.96767738,0.00006104
-0.96735738,0.00006104
-0.96703738,0.01788385
-0.96671738,0.00006104
-0.96639738,0.00006104
-0.96607738,0.00006104
-0.96575738,0.01788385
-0.96543738,0.00006104
-0.96511738,0.00006104
-0.96479738,0.00006104
-0.96447738,0.00006104
-0.96415738,0.00006104
-0.96383738,0.00006104
-0.96351738,0.00006104
-0.96319738,0.00006104
-0.96287738,0.01788385
-0.96255738,0.01788385
-0.96223738,0.00006104
-0.96191738,0.00006104
-0.96159738,0.00006104
-0.96127738,0.00006104
-0.96095738,0.00006104
-0.96063738,0.00006104
-0.96031738,0.00006104
-0.95999738,0.00006104
-0.95967738,0.00006104
-0.95935738,0.00006104
-0.95903738,0.00006104
-0.95871738,0.00006104
-0.95839738,0.00006104
-0.95807738,0.00006104
-0.95775738,0.00006104
-0.95743738,0.00006104
-0.95711738,0.01788385
-0.95679738,0.01788385
-0.95647738,0.01788385
-0.95615738,0.00006104
-0.95583738,0.01788385
-0.95551738,0.00006104
-0.95519738,0.00006104
-0.95487738,0.00006104
-0.95455738,0.01788385
-0.95423738,0.00006104
-0.95391738,0.00006104
-0.95359738,0.00006104
-0.95327738,0.00006104
-0.95295738,0.00006104
-0.95263738,0.00006104
-0.95231738,0.00006104
-0.95199738,-0.01770074
-0.95167738,0.00006104
-0.95135738,0.00006104
-0.95103738,0.00006104
-0.95071738,0.00006104
-0.95039738,0.00006104
-0.95007738,0.00006104
-0.94975738,0.00006104
-0.94943738,0.00006104
-0.94911738,0.00006104
-0.94879738,0.00006104
-0.94847738,0.01788385
-0.94815738,0.00006104
-0.94783738,0.00006104
-0.94751738,0.00006104
-0.94719738,0.00006104
-0.94687738,0.00006104
-0.94655738,0.00006104
-0.94623738,0.00006104
-0.94591738,0.00006104
-0.94559738,0.00006104
-0.94527738,0.00006104
-0.94495738,0.00006104
-0.94463738,0.00006104
-0.94431738,0.00006104
-0.94399738,0.00006104
-0.94367738,0.00006104
-0.94335738,0.00006104
-0.94303738,0.00006104
-0.94271738,0.00006104
-0.94239738,0.00006104
-0.94207738,0.00006104
-0.94175738,0.00006104
-0.94143738,0.00006104
-0.94111738,0.00006104
-0.94079738,0.00006104
-0.94047738,0.00006104
-0.94015738,0.00006104
-0.93983738,0.00006104
-0.93951738,0.00006104
-0.93919738,0.00006104
-0.93887738,0.00006104
-0.93855738,0.00006104
-0.93823738,0.00006104
-0.93791738,0.00006104
-0.93759738,0.00006104
-0.93727738,0.00006104
-0.93695738,0.00006104
-0.93663738,0.00006104
-0.93631738,0.00006104
-0.93599738,0.00006104
-0.93567738,0.00006104
-0.93535738,0.00006104
-0.93503738,0.00006104
-0.93471738,0.00006104
-0.93439738,0.00006104
-0.93407738,0.00006104
-0.93375738,0.00006104
-0.93343738,0.00006104
-0.93311738,0.00006104
-0.93279738,0.00006104
-0.93247738,0.00006104
-0.93215738,0.00006104
-0.93183738,0.00006104
-0.93151738,0.00006104
-0.93119738,0.00006104
-0.93087738,0.00006104
-0.93055738,0.00006104
-0.93023738,0.00006104
-0.92991738,0.00006104
-0.92959738,0.00006104
-0.92927738,0.00006104
-0.92895738,0.00006104
-0.92863738,0.00006104
-0.92831738,0.00006104
-0.92799738,0.00006104
-0.92767738,0.00006104
-0.92735738,0.00006104
-0.92703738,0.00006104
-0.92671738,0.00006104
-0.92639738,0.00006104
-0.92607738,0.00006104
-0.92575738,0.00006104
-0.92543738,0.00006104
-0.92511738,-0.01770074
-0.92479738,0.00006104
-0.92447738,0.00006104
-0.92415738,0.00006104
-0.92383738,0.00006104
-0.92351738,0.00006104
-0.92319738,0.00006104
-0.92287738,0.00006104
-0.92255738,0.00006104
-0.92223738,0.00006104
-0.92191738,0.00006104
-0.92159738,0.00006104
-0.92127738,0.00006104
-0.92095738,0.00006104
-0.92063738,0.00006104
-0.92031738,0.00006104
-0.91999738,0.00006104
-0.91967738,0.00006104
-0.91935738,0.00006104
-0.91903738,0.00006104
-0.91871738,0.00006104
-0.91839738,0.00006104
-0.91807738,0.00006104
-0.91775738,0.00006104
-0.91743738,0.00006104
-0.91711738,0.00006104
-0.91679738,0.00006104
-0.91647738,0.00006104
-0.91615738,0.00006104
-0.91583738,0.00006104
-0.91551738,0.00006104
-0.91519738,0.00006104
-0.91487738,0.00006104
-0.91455738,0.00006104
-0.91423738,0.00006104
-0.91391738,0.00006104
-0.91359738,0.00006104
-0.91327738,0.00006104
-0.91295738,0.00006104
-0.91263738,0.00006104
-0.91231738,0.00006104
-0.91199738,0.00006104
-0.91167738,0.00006104
-0.91135738,0.00006104
-0.91103738,0.00006104
-0.91071738,0.00006104
-0.91039738,0.00006104
-0.91007738,0.00006104
-0.90975738,0.00006104
-0.90943738,-0.01770074
-0.90911738,0.00006104
-0.90879738,0.00006104
-0.90847738,0.00006104
-0.90815738,-0.01770074
-0.90783738,0.00006104
-0.90751738,0.00006104
-0.90719738,0.00006104
-0.90687738,0.00006104
-0.90655738,0.00006104
-0.90623738,0.00006104
-0.90591738,0.00006104
-0.90559738,0.00006104
-0.90527738,0.00006104
-0.90495738,0.00006104
-0.90463738,0.00006104
-0.90431738,0.00006104
-0.90399738,0.00006104
-0.90367738,0.00006104
-0.90335738,0.00006104
-0.90303738,0.00006104
-0.90271738,0.00006104
-0.90239738,0.00006104
-0.90207738,0.00006104
-0.90175738,0.00006104
-0.90143738,0.00006104
-0.90111738,0.00006104
-0.90079738,0.00006104
-0.90047738,0.00006104
-0.90015738,0.00006104
-0.89983738,0.00006104
-0.89951738,0.00006104
-0.89919738,0.00006104
-0.89887738,0.00006104
-0.89855738,0.00006104
-0.89823738,0.00006104
-0.89791738,0.00006104
-0.89759738,0.00006104
-0.89727738,0.00006104
-0.89695738,0.00006104
-0.89663738,0.00006104
-0.89631738,0.00006104
-0.89599738,0.00006104
-0.89567738,0.00006104
-0.89535738,0.00006104
-0.89503738,0.00006104
-0.89471738,0.00006104
-0.89439738,0.00006104
-0.89407738,0.00006104
-0.89375738,0.00006104
-0.89343738,0.00006104
-0.89311738,0.00006104
-0.89279738,0.00006104
-0.89247738,-0.01770074
-0.89215738,0.00006104
-0.89183738,0.00006104
-0.89151738,0.00006104
-0.89119738,0.00006104
-0.89087738,0.00006104
-0.89055738,0.00006104
-0.89023738,0.00006104
-0.88991738,0.00006104
-0.88959738,0.00006104
-0.88927738,0.00006104
-0.88895738,0.00006104
-0.88863738,0.00006104
-0.88831738,0.00006104
-0.88799738,0.00006104
-0.88767738,0.00006104
-0.88735738,0.00006104
-0.88703738,0.00006104
-0.88671738,0.00006104
-0.88639738,0.00006104
-0.88607738,0.00006104
-0.88575738,0.00006104
-0.88543738,0.00006104
-0.88511738,0.00006104
-0.88479738,0.00006104
-0.88447738,0.00006104
-0.88415738,0.00006104
-0.88383738,0.00006104
-0.88351738,0.00006104
-0.88319738,0.00006104
-0.88287738,0.00006104
-0.88255738,0.00006104
-0.88223738,0.00006104
-0.88191738,0.00006104
-0.88159738,0.00006104
-0.88127738,-0.01770074
-0.88095738,0.00006104
-0.88063738,-0.01770074
-0.88031738,0.00006104
-0.87999738,0.00006104
-0.87967738,0.00006104
-0.87935738,0.00006104
-0.87903738,0.00006104
-0.87871738,0.00006104
-0.87839738,-0.01770074
-0.87807738,0.00006104
-0.87775738,0.00006104
-0.87743738,0.00006104
-0.87711738,0.00006104
-0.87679738,0.00006104
-0.87647738,0.00006104
-0.87615738,0.00006104
-0.87583738,-0.01770074
-0.87551738,0.00006104
-0.87519738,0.00006104
-0.87487738,0.00006104
-0.87455738,-0.01770074
-0.87423738,0.00006104
-0.87391738,0.00006104
-0.87359738,0.00006104
-0.87327738,0.00006104
-0.87295738,0.00006104
-0.87263738,0.00006104
-0.87231738,0.00006104
-0.87199738,0.00006104
-0.87167738,0.00006104
-0.87135738,0.00006104
-0.87103738,0.00006104
-0.87071738,0.00006104
-0.87039738,0.00006104
-0.87007738,0.00006104
-0.86975738,0.00006104
-0.86943738,0.00006104
-0.86911738,0.00006104
-0.86879738,0.00006104
-0.86847738,0.00006104
-0.86815738,-0.01770074
-0.86783738,0.00006104
-0.86751738,-0.01770074
-0.86719738,0.00006104
-0.86687738,0.00006104
-0.86655738,0.00006104
-0.86623738,0.00006104
-0.86591738,0.00006104
-0.86559738,0.00006104
-0.86527738,0.00006104
-0.86495738,0.00006104
-0.86463738,0.00006104
-0.86431738,0.00006104
-0.86399738,0.00006104
-0.86367738,0.00006104
-0.86335738,0.00006104
-0.86303738,0.00006104
-0.86271738,0.00006104
-0.86239738,0.00006104
-0.86207738,0.00006104
-0.86175738,0.00006104
-0.86143738,0.00006104
-0.86111738,0.00006104
-0.86079738,0.00006104
-0.86047738,0.00006104
-0.86015738,0.00006104
-0.85983738,0.00006104
-0.85951738,0.00006104
-0.85919738,0.00006104
-0.85887738,0.00006104
-0.85855738,0.00006104
-0.85823738,0.00006104
-0.85791738,0.00006104
-0.85759738,-0.01770074
-0.85727738,0.00006104
-0.85695738,0.00006104
-0.85663738,0.00006104
-0.85631738,0.00006104
-0.85599738,0.00006104
-0.85567738,0.00006104
-0.85535738,0.00006104
-0.85503738,0.00006104
-0.85471738,0.00006104
-0.85439738,0.00006104
-0.85407738,0.00006104
-0.85375738,0.00006104
-0.85343738,0.00006104
-0.85311738,0.00006104
-0.85279738,0.00006104
-0.85247738,0.00006104
-0.85215738,0.00006104
-0.85183738,-0.01770074
-0.85151738,0.00006104
-0.85119738,0.00006104
-0.85087738,0.00006104
-0.85055738,0.00006104
-0.85023738,0.00006104
-0.84991738,0.00006104
-0.84959738,0.00006104
-0.84927738,0.00006104
-0.84895738,0.00006104
-0.84863738,0.00006104
-0.84831738,0.00006104
-0.84799738,0.00006104
-0.84767738,0.00006104
-0.84735738,0.00006104
-0.84703738,0.00006104
-0.84671738,0.00006104
-0.84639738,0.00006104
-0.84607738,0.00006104
-0.84575738,0.00006104
-0.84543738,0.00006104
-0.84511738,0.00006104
-0.84479738,0.00006104
-0.84447738,0.00006104
-0.84415738,0.00006104
-0.84383738,0.00006104
-0.84351738,0.00006104
-0.84319738,0.00006104
-0.84287738,0.00006104
-0.84255738,0.00006104
-0.84223738,0.00006104
-0.84191738,-0.01770074
-0.84159738,-0.01770074
-0.84127738,0.00006104
-0.84095738,0.00006104
-0.84063738,0.00006104
-0.84031738,0.00006104
-0.83999738,0.00006104
-0.83967738,0.00006104
-0.83935738,0.00006104
-0.83903738,0.00006104
-0.83871738,0.00006104
-0.83839738,0.00006104
-0.83807738,0.00006104
-0.83775738,0.00006104
-0.83743738,0.00006104
-0.83711738,0.00006104
-0.83679738,0.00006104
-0.83647738,0.00006104
-0.83615738,0.00006104
-0.83583738,0.00006104
-0.83551738,0.00006104
-0.83519738,0.00006104
-0.83487738,0.00006104
-0.83455738,0.00006104
-0.83423738,0.00006104
-0.83391738,0.00006104
-0.83359738,0.00006104
-0.83327738,0.00006104
-0.83295738,0.00006104
-0.83263738,0.00006104
-0.83231738,0.00006104
-0.83199738,0.00006104
-0.83167738,0.00006104
-0.83135738,-0.01770074
-0.83103738,0.00006104
-0.83071738,0.00006104
-0.83039738,0.00006104
-0.83007738,0.00006104
-0.82975738,0.00006104
-0.82943738,0.00006104
-0.82911738,0.00006104
-0.82879738,0.00006104
-0.82847738,-0.01770074
-0.82815738,0.00006104
-0.82783738,0.00006104
-0.82751738,0.00006104
-0.82719738,0.00006104
-0.82687738,0.00006104
-0.82655738,0.00006104
-0.82623738,0.00006104
-0.82591738,0.00006104
-0.82559738,0.00006104
-0.82527738,0.00006104
-0.82495738,0.00006104
-0.82463738,0.00006104
-0.82431738,0.00006104
-0.82399738,0.00006104
-0.82367738,0.00006104
-0.82335738,0.00006104
-0.82303738,0.00006104
-0.82271738,0.00006104
-0.82239738,0.00006104
-0.82207738,0.00006104
-0.82175738,0.00006104
-0.82143738,0.00006104
-0.82111738,0.00006104
-0.82079738,0.00006104
-0.82047738,0.00006104
-0.82015738,0.00006104
-0.81983738,0.00006104
-0.81951738,0.00006104
-0.81919738,0.00006104
-0.81887738,0.00006104
-0.81855738,0.00006104
-0.81823738,0.00006104
-0.81791738,0.00006104
-0.81759738,0.00006104
-0.81727738,0.00006104
-0.81695738,0.00006104
-0.81663738,0.00006104
-0.81631738,0.00006104
-0.81599738,0.00006104
-0.81567738,0.00006104
-0.81535738,0.00006104
-0.81503738,0.00006104
-0.81471738,0.00006104
-0.81439738,0.00006104
-0.81407738,0.00006104
-0.81375738,0.00006104
-0.81343738,0.00006104
-0.81311738,0.00006104
-0.81279738,-0.01770074
-0.81247738,0.00006104
-0.81215738,0.00006104
-0.81183738,0.00006104
-0.81151738,0.00006104
-0.81119738,0.00006104
-0.81087738,0.00006104
-0.81055738,0.00006104
-0.81023738,0.00006104
-0.80991738,0.00006104
-0.80959738,0.00006104
-0.80927738,0.00006104
-0.80895738,0.00006104
-0.80863738,0.00006104
-0.80831738,0.00006104
-0.80799738,0.00006104
-0.80767738,0.00006104
-0.80735738,0.00006104
-0.80703738,0.00006104
-0.80671738,0.00006104
-0.80639738,0.00006104
-0.80607738,0.00006104
-0.80575738,0.00006104
-0.80543738,0.00006104
-0.80511738,0.00006104
-0.80479738,0.00006104
-0.80447738,0.00006104
-0.80415738,0.00006104
-0.80383738,0.00006104
-0.80351738,0.00006104
-0.80319738,0.00006104
-0.80287738,0.00006104
-0.80255738,0.00006104
-0.80223738,0.00006104
-0.80191738,0.00006104
-0.80159738,0.00006104
-0.80127738,0.00006104
-0.80095738,0.00006104
-0.80063738,0.00006104
-0.80031738,0.00006104
-0.79999738,0.00006104
-0.79967738,0.00006104
-0.79935738,0.00006104
-0.79903738,0.00006104
-0.79871738,0.00006104
-0.79839738,0.00006104
-0.79807738,0.00006104
-0.79775738,0.00006104
-0.79743738,0.00006104
-0.79711738,0.00006104
-0.79679738,0.00006104
-0.79647738,0.00006104
-0.79615738,0.00006104
-0.79583738,0.00006104
-0.79551738,0.00006104
-0.79519738,0.00006104
-0.79487738,0.00006104
-0.79455738,0.00006104
-0.79423738,0.00006104
-0.79391738,0.00006104
-0.79359738,0.00006104
-0.79327738,0.00006104
-0.79295738,0.00006104
-0.79263738,-0.01770074
-0.79231738,0.00006104
-0.79199738,0.00006104
-0.79167738,0.00006104
-0.79135738,0.00006104
-0.79103738,0.00006104
-0.79071738,0.00006104
-0.79039738,0.00006104
-0.79007738,0.00006104
-0.78975738,-0.01770074
-0.78943738,0.00006104
-0.78911738,0.00006104
-0.78879738,0.00006104
-0.78847738,0.00006104
-0.78815738,0.00006104
-0.78783738,0.00006104
-0.78751738,0.00006104
-0.78719738,0.00006104
-0.78687738,0.00006104
-0.78655738,0.00006104
-0.78623738,0.00006104
-0.78591738,0.00006104
-0.78559738,0.00006104
-0.78527738,0.00006104
-0.78495738,0.00006104
-0.78463738,0.00006104
-0.78431738,0.00006104
-0.78399738,-0.01770074
-0.78367738,0.00006104
-0.78335738,0.00006104
-0.78303738,0.00006104
-0.78271738,0.00006104
-0.78239738,0.00006104
-0.78207738,0.00006104
-0.78175738,-0.01770074
-0.78143738,0.00006104
-0.78111738,0.00006104
-0.78079738,0.00006104
-0.78047738,0.00006104
-0.78015738,0.00006104
-0.77983738,0.00006104
-0.77951738,0.00006104
-0.77919738,0.00006104
-0.77887738,0.00006104
-0.77855738,0.00006104
-0.77823738,0.00006104
-0.77791738,0.00006104
-0.77759738,0.00006104
-0.77727738,0.00006104
-0.77695738,0.00006104
-0.77663738,0.00006104
-0.77631738,0.00006104
-0.77599738,0.00006104
-0.77567738,0.00006104
-0.77535738,0.00006104
-0.77503738,0.00006104
-0.77471738,0.00006104
-0.77439738,0.00006104
-0.77407738,0.00006104
-0.77375738,0.00006104
-0.77343738,0.00006104
-0.77311738,0.00006104
-0.77279738,0.00006104
-0.77247738,0.00006104
-0.77215738,0.00006104
-0.77183738,0.00006104
-0.77151738,0.00006104
-0.77119738,0.00006104
-0.77087738,0.00006104
-0.77055738,0.00006104
-0.77023738,0.00006104
-0.76991738,0.00006104
-0.76959738,0.00006104
-0.76927738,0.00006104
-0.76895738,0.00006104
-0.76863738,0.00006104
-0.76831738,0.00006104
-0.76799738,0.00006104
-0.76767738,0.00006104
-0.76735738,0.00006104
-0.76703738,0.00006104
-0.76671738,0.00006104
-0.76639738,-0.01770074
-0.76607738,0.00006104
-0.76575738,0.00006104
-0.76543738,0.00006104
-0.76511738,0.00006104
-0.76479738,0.00006104
-0.76447738,0.00006104
-0.76415738,0.00006104
-0.76383738,0.00006104
-0.76351738,0.00006104
-0.76319738,0.00006104
-0.76287738,-0.01770074
-0.76255738,0.00006104
-0.76223738,0.00006104
-0.76191738,-0.01770074
-0.76159738,0.00006104
-0.76127738,0.00006104
-0.76095738,0.00006104
-0.76063738,0.00006104
-0.76031738,0.00006104
-0.75999738,-0.01770074
-0.75967738,0.00006104
-0.75935738,0.00006104
-0.75903738,0.00006104
-0.75871738,0.00006104
-0.75839738,0.00006104
-0.75807738,0.00006104
-0.75775738,0.00006104
-0.75743738,0.00006104
-0.75711738,0.00006104
-0.75679738,0.00006104
-0.75647738,0.00006104
-0.75615738,0.00006104
-0.75583738,0.00006104
-0.75551738,0.00006104
-0.75519738,0.00006104
-0.75487738,-0.01770074
-0.75455738,0.00006104
-0.75423738,0.00006104
-0.75391738,-0.01770074
-0.75359738,0.00006104
-0.75327738,0.00006104
-0.75295738,0.00006104
-0.75263738,0.00006104
-0.75231738,0.00006104
-0.75199738,-0.01770074
-0.75167738,0.00006104
-0.75135738,0.00006104
-0.75103738,0.00006104
-0.75071738,0.00006104
-0.75039738,0.00006104
-0.75007738,0.00006104
-0.74975738,0.00006104
-0.74943738,0.00006104
-0.74911738,0.00006104
-0.74879738,0.00006104
-0.74847738,0.00006104
-0.74815738,0.00006104
-0.74783738,0.00006104
-0.74751738,0.00006104
-0.74719738,0.00006104
-0.74687738,0.00006104
-0.74655738,0.00006104
-0.74623738,0.00006104
-0.74591738,0.00006104
-0.74559738,-0.01770074
-0.74527738,0.00006104
-0.74495738,0.00006104
-0.74463738,0.00006104
-0.74431738,0.00006104
-0.74399738,0.00006104
-0.74367738,0.00006104
-0.74335738,0.00006104
-0.74303738,0.00006104
-0.74271738,0.00006104
-0.74239738,0.00006104
-0.74207738,0.00006104
-0.74175738,0.00006104
-0.74143738,0.00006104
-0.74111738,0.00006104
-0.74079738,0.00006104
-0.74047738,0.00006104
-0.74015738,-0.01770074
-0.73983738,0.00006104
-0.73951738,0.00006104
-0.73919738,0.00006104
-0.73887738,0.00006104
-0.73855738,0.00006104
-0.73823738,0.00006104
-0.73791738,0.00006104
-0.73759738,0.00006104
-0.73727738,0.00006104
-0.73695738,0.00006104
-0.73663738,0.00006104
-0.73631738,0.00006104
-0.73599738,0.00006104
-0.73567738,0.00006104
-0.73535738,0.00006104
-0.73503738,-0.01770074
-0.73471738,-0.01770074
-0.73439738,-0.01770074
-0.73407738,0.00006104
-0.73375738,0.00006104
-0.73343738,0.00006104
-0.73311738,0.00006104
-0.73279738,0.00006104
-0.73247738,0.00006104
-0.73215738,0.00006104
-0.73183738,0.00006104
-0.73151738,0.00006104
-0.73119738,0.00006104
-0.73087738,0.00006104
-0.73055738,0.00006104
-0.73023738,0.00006104
-0.72991738,0.00006104
-0.72959738,0.00006104
-0.72927738,0.00006104
-0.72895738,0.00006104
-0.72863738,0.00006104
-0.72831738,0.00006104
-0.72799738,0.00006104
-0.72767738,0.00006104
-0.72735738,0.00006104
-0.72703738,0.00006104
-0.72671738,0.00006104
-0.72639738,-0.01770074
-0.72607738,-0.01770074
-0.72575738,-0.01770074
-0.72543738,0.00006104
-0.72511738,-0.01770074
-0.72479738,0.00006104
-0.72447738,0.00006104
-0.72415738,0.00006104
-0.72383738,0.00006104
-0.72351738,0.00006104
-0.72319738,0.00006104
-0.72287738,0.00006104
-0.72255738,0.00006104
-0.72223738,0.00006104
-0.72191738,0.00006104
-0.72159738,0.00006104
-0.72127738,0.00006104
-0.72095738,0.00006104
-0.72063738,0.00006104
-0.72031738,0.00006104
-0.71999738,0.00006104
-0.71967738,0.00006104
-0.71935738,0.00006104
-0.71903738,0.00006104
-0.71871738,0.00006104
-0.71839738,0.00006104
-0.71807738,0.00006104
-0.71775738,0.00006104
-0.71743738,0.00006104
-0.71711738,-0.01770074
-0.71679738,0.00006104
-0.71647738,0.00006104
-0.71615738,0.00006104
-0.71583738,0.00006104
-0.71551738,0.00006104
-0.71519738,0.00006104
-0.71487738,0.00006104
-0.71455738,0.00006104
-0.71423738,0.00006104
-0.71391738,0.00006104
-0.71359738,0.00006104
-0.71327738,0.00006104
-0.71295738,0.00006104
-0.71263738,0.00006104
-0.71231738,0.00006104
-0.71199738,0.00006104
-0.71167738,-0.01770074
-0.71135738,-0.01770074
-0.71103738,0.00006104
-0.71071738,0.00006104
-0.71039738,0.00006104
-0.71007738,-0.01770074
-0.70975738,0.00006104
-0.70943738,0.00006104
-0.70911738,0.00006104
-0.70879738,0.00006104
-0.70847738,-0.01770074
-0.70815738,0.00006104
-0.70783738,0.00006104
-0.70751738,0.00006104
-0.70719738,0.00006104
-0.70687738,0.00006104
-0.70655738,0.00006104
-0.70623738,0.00006104
-0.70591738,0.00006104
-0.70559738,0.00006104
-0.70527738,0.00006104
-0.70495738,0.00006104
-0.70463738,0.00006104
-0.70431738,0.00006104
-0.70399738,0.00006104
-0.70367738,0.00006104
-0.70335738,0.00006104
-0.70303738,0.00006104
-0.70271738,-0.01770074
-0.70239738,0.00006104
-0.70207738,0.00006104
-0.70175738,0.00006104
-0.70143738,0.00006104
-0.70111738,0.00006104
-0.70079738,0.00006104
-0.70047738,0.00006104
-0.70015738,0.00006104
-0.69983738,0.00006104
-0.69951738,0.00006104
-0.69919738,0.00006104
-0.69887738,0.00006104
-0.69855738,0.00006104
-0.69823738,0.00006104
-0.69791738,0.00006104
-0.69759738,0.00006104
-0.69727738,0.00006104
-0.69695738,-0.01770074
-0.69663738,0.00006104
-0.69631738,0.00006104
-0.69599738,0.00006104
-0.69567738,0.00006104
-0.69535738,0.00006104
-0.69503738,0.00006104
-0.69471738,0.00006104
-0.69439738,0.00006104
-0.69407738,0.00006104
-0.69375738,0.00006104
-0.69343738,0.00006104
-0.69311738,0.00006104
-0.69279738,0.00006104
-0.69247738,0.00006104
-0.69215738,0.00006104
-0.69183738,0.00006104
-0.69151738,0.00006104
-0.69119738,0.00006104
-0.69087738,0.00006104
-0.69055738,0.00006104
-0.69023738,-0.01770074
-0.68991738,0.00006104
-0.68959738,0.00006104
-0.68927738,0.00006104
-0.68895738,0.00006104
-0.68863738,0.00006104
-0.68831738,0.00006104
-0.68799738,0.00006104
-0.68767738,0.00006104
-0.68735738,0.00006104
-0.68703738,0.00006104
-0.68671738,0.00006104
-0.68639738,0.00006104
-0.68607738,0.00006104
-0.68575738,0.00006104
-0.68543738,0.00006104
-0.68511738,0.00006104
-0.68479738,0.00006104
-0.68447738,0.00006104
-0.68415738,0.00006104
-0.68383738,0.00006104
-0.68351738,0.00006104
-0.68319738,0.00006104
-0.68287738,0.00006104
-0.68255738,0.00006104
-0.68223738,0.00006104
-0.68191738,0.00006104
-0.68159738,0.00006104
-0.68127738,0.00006104
-0.68095738,0.00006104
-0.68063738,0.00006104
-0.68031738,0.00006104
-0.67999738,0.00006104
-0.67967738,0.00006104
-0.67935738,0.00006104
-0.67903738,0.00006104
-0.67871738,0.00006104
-0.67839738,0.00006104
-0.67807738,0.00006104
-0.67775738,0.00006104
-0.67743738,0.00006104
-0.67711738,0.00006104
-0.67679738,-0.01770074
-0.67647738,0.00006104
-0.67615738,0.00006104
-0.67583738,0.00006104
-0.67551738,0.00006104
-0.67519738,0.00006104
-0.67487738,0.00006104
-0.67455738,0.00006104
-0.67423738,0.00006104
-0.67391738,0.00006104
-0.67359738,0.00006104
-0.67327738,0.00006104
-0.67295738,0.00006104
-0.67263738,0.00006104
-0.67231738,0.00006104
-0.67199738,0.00006104
-0.67167738,0.00006104
-0.67135738,0.00006104
-0.67103738,0.00006104
-0.67071738,-0.01770074
-0.67039738,0.00006104
-0.67007738,0.00006104
-0.66975738,0.00006104
-0.66943738,0.00006104
-0.66911738,0.00006104
-0.66879738,0.00006104
-0.66847738,0.00006104
-0.66815738,0.00006104
-0.66783738,0.00006104
-0.66751738,0.00006104
-0.66719738,0.00006104
-0.66687738,0.00006104
-0.66655738,0.00006104
-0.66623738,0.00006104
-0.66591738,0.00006104
-0.66559738,0.00006104
-0.66527738,0.00006104
-0.66495738,0.00006104
-0.66463738,0.00006104
-0.66431738,0.00006104
-0.66399738,0.00006104
-0.66367738,0.00006104
-0.66335738,-0.01770074
-0.66303738,0.00006104
-0.66271738,0.00006104
-0.66239738,0.00006104
-0.66207738,0.00006104
-0.66175738,0.00006104
-0.66143738,0.00006104
-0.66111738,0.00006104
-0.66079738,0.00006104
-0.66047738,0.00006104
-0.66015738,0.00006104
-0.65983738,0.00006104
-0.65951738,0.00006104
-0.65919738,0.00006104
-0.65887738,0.00006104
-0.65855738,0.00006104
-0.65823738,0.00006104
-0.65791738,0.00006104
-0.65759738,0.00006104
-0.65727738,0.00006104
-0.65695738,0.00006104
-0.65663738,0.00006104
-0.65631738,0.00006104
-0.65599738,0.00006104
-0.65567738,0.00006104
-0.65535738,0.00006104
-0.65503738,0.00006104
-0.65471738,0.00006104
-0.65439738,0.00006104
-0.65407738,0.00006104
-0.65375738,0.00006104
-0.65343738,0.00006104
-0.65311738,0.00006104
-0.65279738,0.00006104
-0.65247738,0.00006104
-0.65215738,0.00006104
-0.65183738,0.00006104
-0.65151738,0.00006104
-0.65119738,0.00006104
-0.65087738,0.00006104
-0.65055738,-0.01770074
-0.65023738,0.00006104
-0.64991738,-0.01770074
-0.64959738,0.00006104
-0.64927738,0.00006104
-0.64895738,0.00006104
-0.64863738,0.00006104
-0.64831738,0.00006104
-0.64799738,0.00006104
-0.64767738,0.00006104
-0.64735738,0.00006104
-0.64703738,0.00006104
-0.64671738,-0.01770074
-0.64639738,0.00006104
-0.64607738,0.00006104
-0.64575738,0.00006104
-0.64543738,0.00006104
-0.64511738,0.00006104
-0.64479738,0.00006104
-0.64447738,0.00006104
-0.64415738,0.00006104
-0.64383738,0.00006104
-0.64351738,0.00006104
-0.64319738,0.00006104
-0.64287738,0.00006104
-0.64255738,0.00006104
-0.64223738,0.00006104
-0.64191738,0.00006104
-0.64159738,0.00006104
-0.64127738,0.00006104
-0.64095738,0.00006104
-0.64063738,0.00006104
-0.64031738,0.00006104
-0.63999738,-0.01770074
-0.63967738,0.00006104
-0.63935738,0.00006104
-0.63903738,0.00006104
-0.63871738,0.00006104
-0.63839738,0.00006104
-0.63807738,0.00006104
-0.63775738,0.00006104
-0.63743738,0.00006104
-0.63711738,0.00006104
-0.63679738,0.00006104
-0.63647738,0.00006104
-0.63615738,0.00006104
-0.63583738,0.00006104
-0.63551738,0.00006104
-0.63519738,0.00006104
-0.63487738,0.00006104
-0.63455738,0.00006104
-0.63423738,0.00006104
-0.63391738,0.00006104
-0.63359738,0.00006104
-0.63327738,0.00006104
-0.63295738,0.00006104
-0.63263738,0.00006104
-0.63231738,0.00006104
-0.63199738,0.00006104
-0.63167738,0.00006104
-0.63135738,0.00006104
-0.63103738,0.00006104
-0.63071738,0.00006104
-0.63039738,0.00006104
-0.63007738,0.00006104
-0.62975738,0.00006104
-0.62943738,0.00006104
-0.62911738,0.00006104
-0.62879738,0.00006104
-0.62847738,0.00006104
-0.62815738,-0.01770074
-0.62783738,0.00006104
-0.62751738,0.00006104
-0.62719738,-0.01770074
-0.62687738,0.00006104
-0.62655738,0.00006104
-0.62623738,0.00006104
-0.62591738,0.00006104
-0.62559738,0.00006104
-0.62527738,0.00006104
-0.62495738,0.00006104
-0.62463738,0.00006104
-0.62431738,0.00006104
-0.62399738,0.00006104
-0.62367738,0.00006104
-0.62335738,0.00006104
-0.62303738,0.00006104
-0.62271738,0.00006104
-0.62239738,0.00006104
-0.62207738,0.00006104
-0.62175738,0.00006104
-0.62143738,0.00006104
-0.62111738,0.00006104
-0.62079738,0.00006104
-0.62047738,-0.01770074
-0.62015738,0.00006104
-0.61983738,0.00006104
-0.61951738,0.00006104
-0.61919738,0.00006104
-0.61887738,0.00006104
-0.61855738,0.00006104
-0.61823738,0.00006104
-0.61791738,0.00006104
-0.61759738,0.00006104
-0.61727738,0.00006104
-0.61695738,0.00006104
-0.61663738,0.00006104
-0.61631738,0.00006104
-0.61599738,0.00006104
-0.61567738,0.00006104
-0.61535738,0.00006104
-0.61503738,0.00006104
-0.61471738,0.00006104
-0.61439738,0.00006104
-0.61407738,0.00006104
-0.61375738,0.00006104
-0.61343738,0.00006104
-0.61311738,0.00006104
-0.61279738,0.00006104
-0.61247738,0.00006104
-0.61215738,0.00006104
-0.61183738,0.00006104
-0.61151738,0.00006104
-0.61119738,0.00006104
-0.61087738,0.00006104
-0.61055738,0.00006104
-0.61023738,0.00006104
-0.60991738,0.00006104
-0.60959738,0.00006104
-0.60927738,0.00006104
-0.60895738,0.00006104
-0.60863738,0.00006104
-0.60831738,0.00006104
-0.60799738,0.00006104
-0.60767738,0.00006104
-0.60735738,0.00006104
-0.60703738,0.00006104
-0.60671738,0.00006104
-0.60639738,0.00006104
-0.60607738,0.00006104
-0.60575738,0.00006104
-0.60543738,0.00006104
-0.60511738,0.00006104
-0.60479738,0.00006104
-0.60447738,0.00006104
-0.60415738,0.00006104
-0.60383738,0.00006104
-0.60351738,0.00006104
-0.60319738,0.00006104
-0.60287738,0.00006104
-0.60255738,0.00006104
-0.60223738,0.00006104
-0.60191738,0.00006104
-0.60159738,0.00006104
-0.60127738,0.00006104
-0.60095738,0.00006104
-0.60063738,0.00006104
-0.60031738,0.00006104
-0.59999738,0.00006104
-0.59967738,0.00006104
-0.59935738,0.00006104
-0.59903738,0.00006104
-0.59871738,0.00006104
-0.59839738,0.00006104
-0.59807738,0.00006104
-0.59775738,0.00006104
-0.59743738,0.00006104
-0.59711738,0.00006104
-0.59679738,0.00006104
-0.59647738,-0.01770074
-0.59615738,0.00006104
-0.59583738,0.00006104
-0.59551738,0.00006104
-0.59519738,0.00006104
-0.59487738,0.00006104
-0.59455738,0.00006104
-0.59423738,0.00006104
-0.59391738,0.00006104
-0.59359738,0.00006104
-0.59327738,0.00006104
-0.59295738,0.00006104
-0.59263738,0.00006104
-0.59231738,0.00006104
-0.59199738,0.00006104
-0.59167738,0.00006104
-0.59135738,0.00006104
-0.59103738,0.00006104
-0.59071738,0.00006104
-0.59039738,0.00006104
-0.59007738,0.00006104
-0.58975738,0.00006104
-0.58943738,0.00006104
-0.58911738,0.00006104
-0.58879738,0.00006104
-0.58847738,0.00006104
-0.58815738,0.00006104
-0.58783738,0.00006104
-0.58751738,0.00006104
-0.58719738,0.00006104
-0.58687738,0.00006104
-0.58655738,0.00006104
-0.58623738,0.00006104
-0.58591738,0.00006104
-0.58559738,0.00006104
-0.58527738,0.00006104
-0.58495738,0.00006104
-0.58463738,0.00006104
-0.58431738,0.00006104
-0.58399738,0.00006104
-0.58367738,0.00006104
-0.58335738,0.00006104
-0.58303738,0.00006104
-0.58271738,0.00006104
-0.58239738,-0.01770074
-0.58207738,0.00006104
-0.58175738,0.00006104
-0.58143738,0.00006104
-0.58111738,0.00006104
-0.58079738,0.00006104
-0.58047738,0.00006104
-0.58015738,0.00006104
-0.57983738,0.00006104
-0.57951738,0.00006104
-0.57919738,0.00006104
-0.57887738,0.00006104
-0.57855738,0.00006104
-0.57823738,0.00006104
-0.57791738,0.00006104
-0.57759738,-0.01770074
-0.57727738,0.00006104
-0.57695738,0.00006104
-0.57663738,0.00006104
-0.57631738,0.00006104
-0.57599738,0.00006104
-0.57567738,0.00006104
-0.57535738,0.00006104
-0.57503738,0.00006104
-0.57471738,0.00006104
-0.57439738,0.00006104
-0.57407738,0.00006104
-0.57375738,0.00006104
-0.57343738,0.00006104
-0.57311738,0.00006104
-0.57279738,0.00006104
-0.57247738,-0.01770074
-0.57215738,0.00006104
-0.57183738,0.00006104
-0.57151738,0.00006104
-0.57119738,0.00006104
-0.57087738,0.00006104
-0.57055738,0.00006104
-0.57023738,-0.01770074
-0.56991738,0.00006104
-0.56959738,0.00006104
-0.56927738,0.00006104
-0.56895738,0.00006104
-0.56863738,0.00006104
-0.56831738,0.00006104
-0.56799738,0.00006104
-0.56767738,0.00006104
-0.56735738,0.00006104
-0.56703738,0.00006104
-0.56671738,0.00006104
-0.56639738,0.00006104
-0.56607738,-0.01770074
-0.56575738,0.00006104
-0.56543738,0.00006104
-0.56511738,0.00006104
-0.56479738,0.00006104
-0.56447738,0.00006104
-0.56415738,0.00006104
-0.56383738,0.00006104
-0.56351738,0.00006104
-0.56319738,0.00006104
-0.56287738,0.00006104
-0.56255738,0.00006104
-0.56223738,0.00006104
-0.56191738,0.00006104
-0.56159738,0.00006104
-0.56127738,0.00006104
-0.56095738,0.00006104
-0.56063738,0.00006104
-0.56031738,0.00006104
-0.55999738,0.00006104
-0.55967738,0.00006104
-0.55935738,0.00006104
-0.55903738,0.00006104
-0.55871738,0.00006104
-0.55839738,0.00006104
-0.55807738,0.00006104
-0.55775738,0.00006104
-0.55743738,0.00006104
-0.55711738,0.00006104
-0.55679738,0.00006104
-0.55647738,0.00006104
-0.55615738,0.00006104
-0.55583738,0.00006104
-0.55551738,0.00006104
-0.55519738,0.00006104
-0.55487738,0.00006104
-0.55455738,0.00006104
-0.55423738,0.00006104
-0.55391738,0.00006104
-0.55359738,0.00006104
-0.55327738,0.00006104
-0.55295738,0.00006104
-0.55263738,0.00006104
-0.55231738,0.00006104
-0.55199738,0.00006104
-0.55167738,0.00006104
-0.55135738,0.00006104
-0.55103738,0.00006104
-0.55071738,0.00006104
-0.55039738,0.00006104
-0.55007738,0.00006104
-0.54975738,0.00006104
-0.54943738,0.00006104
-0.54911738,0.00006104
-0.54879738,0.00006104
-0.54847738,0.00006104
-0.54815738,0.00006104
-0.54783738,0.00006104
-0.54751738,0.00006104
-0.54719738,0.00006104
-0.54687738,0.00006104
-0.54655738,0.00006104
-0.54623738,0.00006104
-0.54591738,0.00006104
-0.54559738,0.00006104
-0.54527738,0.00006104
-0.54495738,0.00006104
-0.54463738,0.00006104
-0.54431738,0.00006104
-0.54399738,0.00006104
-0.54367738,0.00006104
-0.54335738,0.00006104
-0.54303738,-0.01770074
-0.54271738,0.00006104
-0.54239738,0.00006104
-0.54207738,0.00006104
-0.54175738,0.00006104
-0.54143738,0.00006104
-0.54111738,0.00006104
-0.54079738,0.00006104
-0.54047738,0.00006104
-0.54015738,0.00006104
-0.53983738,0.00006104
-0.53951738,0.00006104
-0.53919738,0.00006104
-0.53887738,0.00006104
-0.53855738,0.00006104
-0.53823738,0.00006104
-0.53791738,0.00006104
-0.53759738,0.00006104
-0.53727738,0.00006104
-0.53695738,0.00006104
-0.53663738,0.00006104
-0.53631738,0.00006104
-0.53599738,0.00006104
-0.53567738,0.00006104
-0.53535738,0.00006104
-0.53503738,0.00006104
-0.53471738,0.00006104
-0.53439738,0.00006104
-0.53407738,0.00006104
-0.53375738,0.00006104
-0.53343738,0.00006104
-0.53311738,0.00006104
-0.53279738,0.00006104
-0.53247738,0.00006104
-0.53215738,0.00006104
-0.53183738,0.00006104
-0.53151738,0.00006104
-0.53119738,0.00006104
-0.53087738,0.00006104
-0.53055738,0.00006104
-0.53023738,0.00006104
-0.52991738,0.00006104
-0.52959738,0.00006104
-0.52927738,0.00006104
-0.52895738,0.00006104
-0.52863738,0.00006104
-0.52831738,0.00006104
-0.52799738,0.00006104
-0.52767738,0.00006104
-0.52735738,0.00006104
-0.52703738,0.00006104
-0.52671738,0.00006104
-0.52639738,0.00006104
-0.52607738,0.00006104
-0.52575738,0.00006104
-0.52543738,0.00006104
-0.52511738,0.00006104
-0.52479738,0.00006104
-0.52447738,0.00006104
-0.52415738,0.00006104
-0.52383738,0.00006104
-0.52351738,0.00006104
-0.52319738,0.00006104
-0.52287738,0.00006104
-0.52255738,0.00006104
-0.52223738,0.00006104
-0.52191738,0.00006104
-0.52159738,0.00006104
-0.52127738,0.00006104
-0.52095738,0.00006104
-0.52063738,0.00006104
-0.52031738,0.00006104
-0.51999738,0.00006104
-0.51967738,0.00006104
-0.51935738,0.00006104
-0.51903738,0.00006104
-0.51871738,0.00006104
-0.51839738,0.00006104
-0.51807738,0.00006104
-0.51775738,0.00006104
-0.51743738,0.00006104
-0.51711738,0.00006104
-0.51679738,0.00006104
-0.51647738,0.00006104
-0.51615738,0.00006104
-0.51583738,0.00006104
-0.51551738,0.00006104
-0.51519738,0.00006104
-0.51487738,0.00006104
-0.51455738,0.00006104
-0.51423738,0.00006104
-0.51391738,0.00006104
-0.51359738,0.00006104
-0.51327738,0.00006104
-0.51295738,0.00006104
-0.51263738,0.00006104
-0.51231738,0.00006104
-0.51199738,0.00006104
-0.51167738,0.00006104
-0.51135738,0.00006104
-0.51103738,0.00006104
-0.51071738,0.00006104
-0.51039738,0.00006104
-0.51007738,0.00006104
-0.50975738,0.00006104
-0.50943738,0.00006104
-0.50911738,0.00006104
-0.50879738,0.00006104
-0.50847738,0.00006104
-0.50815738,0.00006104
-0.50783738,0.00006104
-0.50751738,-0.01770074
-0.50719738,0.00006104
-0.50687738,0.00006104
-0.50655738,0.00006104
-0.50623738,0.00006104
-0.50591738,0.00006104
-0.50559738,0.00006104
-0.50527738,0.00006104
-0.50495738,0.00006104
-0.50463738,0.00006104
-0.50431738,0.00006104
-0.50399738,0.00006104
-0.50367738,0.00006104
-0.50335738,0.00006104
-0.50303738,0.00006104
-0.50271738,0.00006104
-0.50239738,0.00006104
-0.50207738,-0.44495988
-0.50175738,-0.88998079
-0.50143738,-0.40931424
-0.50111738,-0.10669271
-0.50079738,0.00006104
-0.50047738,0.03570665
-0.50015738,0.03570665
-0.49983738,0.00006104
-0.49951738,-0.03552354
-0.49919738,-0.03552354
-0.49887738,-0.32032228
-0.49855738,-0.94338816
-0.49823738,-1.54857016
-0.49791738,-0.88998079
-0.49759738,-0.74758142
-0.49727738,-0.21350749
-0.49695738,0.07129124
-0.49663738,0.10687582
-0.49631738,0.05346843
-0.49599738,0.03570665
-0.49567738,0.01788385
-0.49535738,0.01788385
-0.49503738,0.03570665
-0.49471738,0.03570665
-0.49439738,0.05346843
-0.49407738,0.03570665
-0.49375738,0.03570665
-0.49343738,0.01788385
-0.49311738,0.00006104
-0.49279738,0.00006104
-0.49247738,0.01788385
-0.49215738,0.01788385
-0.49183738,0.05346843
-0.49151738,0.05346843
-0.49119738,0.07129124
-0.49087738,0.07129124
-0.49055738,0.03570665
-0.49023738,0.07129124
-0.48991738,0.05346843
-0.48959738,0.03570665
-0.48927738,0.07129124
-0.48895738,0.07129124
-0.48863738,0.07129124
-0.48831738,0.03570665
-0.48799738,0.03570665
-0.48767738,0.03570665
-0.48735738,0.03570665
-0.48703738,0.00006104
-0.48671738,-0.01770074
-0.48639738,-0.01770074
-0.48607738,-0.01770074
-0.48575738,0.03570665
-0.48543738,0.00006104
-0.48511738,0.01788385
-0.48479738,0.05346843
-0.48447738,-0.03552354
-0.48415738,0.00006104
-0.48383738,0.01788385
-0.48351738,-0.03552354
-0.48319738,0.01788385
-0.48287738,0.03570665
-0.48255738,0.00006104
-0.48223738,0.01788385
-0.48191738,0.03570665
-0.48159738,0.03570665
-0.48127738,0.01788385
-0.48095738,0.00006104
-0.48063738,0.01788385
-0.48031738,0.01788385
-0.47999738,0.01788385
-0.47967738,0.03570665
-0.47935738,0.01788385
-0.47903738,0.00006104
-0.47871738,0.03570665
-0.47839738,0.00006104
-0.47807738,0.01788385
-0.47775738,0.00006104
-0.47743738,0.00006104
-0.47711738,0.00006104
-0.47679738,0.01788385
-0.47647738,0.00006104
-0.47615738,0.00006104
-0.47583738,0.01788385
-0.47551738,0.01788385
-0.47519738,0.01788385
-0.47487738,0.01788385
-0.47455738,0.00006104
-0.47423738,0.01788385
-0.47391738,0.01788385
-0.47359738,0.00006104
-0.47327738,0.01788385
-0.47295738,0.03570665
-0.47263738,0.01788385
-0.47231738,0.01788385
-0.47199738,0.00006104
-0.47167738,0.00006104
-0.47135738,0.00006104
-0.47103738,0.00006104
-0.47071738,0.00006104
-0.47039738,0.00006104
-0.47007738,0.01788385
-0.46975738,0.00006104
-0.46943738,0.00006104
-0.46911738,0.00006104
-0.46879738,0.01788385
-0.46847738,0.01788385
-0.46815738,0.01788385
-0.46783738,0.00006104
-0.46751738,0.00006104
-0.46719738,0.00006104
-0.46687738,0.01788385
-0.46655738,0.00006104
-0.46623738,0.01788385
-0.46591738,0.00006104
-0.46559738,0.00006104
-0.46527738,0.00006104
-0.46495738,0.00006104
-0.46463738,0.00006104
-0.46431738,0.00006104
-0.46399738,0.00006104
-0.46367738,0.00006104
-0.46335738,0.00006104
-0.46303738,0.00006104
-0.46271738,0.00006104
-0.46239738,0.00006104
-0.46207738,0.00006104
-0.46175738,0.00006104
-0.46143738,0.00006104
-0.46111738,0.00006104
-0.46079738,0.00006104
-0.46047738,0.00006104
-0.46015738,0.00006104
-0.45983738,0.00006104
-0.45951738,0.00006104
-0.45919738,0.00006104
-0.45887738,0.00006104
-0.45855738,0.00006104
-0.45823738,0.00006104
-0.45791738,0.00006104
-0.45759738,0.00006104
-0.45727738,0.00006104
-0.45695738,0.00006104
-0.45663738,0.00006104
-0.45631738,0.01788385
-0.45599738,0.00006104
-0.45567738,0.00006104
-0.45535738,0.01788385
-0.45503738,0.00006104
-0.45471738,0.00006104
-0.45439738,0.00006104
-0.45407738,0.00006104
-0.45375738,0.00006104
-0.45343738,0.00006104
-0.45311738,0.00006104
-0.45279738,0.00006104
-0.45247738,0.00006104
-0.45215738,0.00006104
-0.45183738,-0.01770074
-0.45151738,0.00006104
-0.45119738,0.00006104
-0.45087738,0.00006104
-0.45055738,0.00006104
-0.45023738,0.00006104
-0.44991738,0.00006104
-0.44959738,0.00006104
-0.44927738,0.01788385
-0.44895738,0.00006104
-0.44863738,0.00006104
-0.44831738,0.00006104
-0.44799738,0.00006104
-0.44767738,0.00006104
-0.44735738,0.00006104
-0.44703738,0.00006104
-0.44671738,0.00006104
-0.44639738,0.00006104
-0.44607738,0.00006104
-0.44575738,0.00006104
-0.44543738,0.00006104
-0.44511738,0.00006104
-0.44479738,0.00006104
-0.44447738,0.00006104
-0.44415738,0.00006104
-0.44383738,0.00006104
-0.44351738,-0.01770074
-0.44319738,0.00006104
-0.44287738,0.00006104
-0.44255738,0.00006104
-0.44223738,0.00006104
-0.44191738,0.00006104
-0.44159738,0.00006104
-0.44127738,0.00006104
-0.44095738,0.00006104
-0.44063738,0.00006104
-0.44031738,0.00006104
-0.43999738,0.00006104
-0.43967738,0.00006104
-0.43935738,0.00006104
-0.43903738,0.00006104
-0.43871738,0.00006104
-0.43839738,0.01788385
-0.43807738,0.01788385
-0.43775738,0.00006104
-0.43743738,0.00006104
-0.43711738,0.00006104
-0.43679738,0.00006104
-0.43647738,0.00006104
-0.43615738,0.00006104
-0.43583738,0.00006104
-0.43551738,0.00006104
-0.43519738,0.00006104
-0.43487738,0.00006104
-0.43455738,0.00006104
-0.43423738,0.00006104
-0.43391738,0.00006104
-0.43359738,0.00006104
-0.43327738,0.00006104
-0.43295738,0.00006104
-0.43263738,0.00006104
-0.43231738,0.00006104
-0.43199738,0.00006104
-0.43167738,0.00006104
-0.43135738,0.00006104
-0.43103738,0.00006104
-0.43071738,0.00006104
-0.43039738,0.00006104
-0.43007738,0.00006104
-0.42975738,0.00006104
-0.42943738,0.00006104
-0.42911738,0.00006104
-0.42879738,0.00006104
-0.42847738,0.00006104
-0.42815738,0.00006104
-0.42783738,0.00006104
-0.42751738,0.00006104
-0.42719738,0.00006104
-0.42687738,0.00006104
-0.42655738,0.00006104
-0.42623738,0.00006104
-0.42591738,0.00006104
-0.42559738,0.00006104
-0.42527738,0.00006104
-0.42495738,0.00006104
-0.42463738,0.00006104
-0.42431738,0.00006104
-0.42399738,0.00006104
-0.42367738,0.00006104
-0.42335738,-0.01770074
-0.42303738,0.00006104
-0.42271738,0.00006104
-0.42239738,0.00006104
-0.42207738,0.00006104
-0.42175738,0.00006104
-0.42143738,0.00006104
-0.42111738,-0.01770074
-0.42079738,0.00006104
-0.42047738,0.00006104
-0.42015738,0.00006104
-0.41983738,0.00006104
-0.41951738,0.00006104
-0.41919738,0.00006104
-0.41887738,0.00006104
-0.41855738,0.00006104
-0.41823738,0.00006104
-0.41791738,0.00006104
-0.41759738,0.00006104
-0.41727738,0.00006104
-0.41695738,0.00006104
-0.41663738,0.00006104
-0.41631738,-0.01770074
-0.41599738,0.00006104
-0.41567738,0.00006104
-0.41535738,0.00006104
-0.41503738,0.00006104
-0.41471738,0.00006104
-0.41439738,0.00006104
-0.41407738,0.00006104
-0.41375738,0.00006104
-0.41343738,0.00006104
-0.41311738,0.00006104
-0.41279738,0.00006104
-0.41247738,0.00006104
-0.41215738,0.00006104
-0.41183738,0.00006104
-0.41151738,0.00006104
-0.41119738,0.00006104
-0.41087738,0.00006104
-0.41055738,0.00006104
-0.41023738,0.00006104
-0.40991738,0.00006104
-0.40959738,0.00006104
-0.40927738,0.00006104
-0.40895738,0.00006104
-0.40863738,0.00006104
-0.40831738,0.00006104
-0.40799738,0.00006104
-0.40767738,0.00006104
-0.40735738,0.00006104
-0.40703738,0.00006104
-0.40671738,0.00006104
-0.40639738,-0.01770074
-0.40607738,0.00006104
-0.40575738,0.00006104
-0.40543738,0.00006104
-0.40511738,0.00006104
-0.40479738,0.00006104
-0.40447738,0.00006104
-0.40415738,0.00006104
-0.40383738,0.00006104
-0.40351738,0.00006104
-0.40319738,0.00006104
-0.40287738,0.00006104
-0.40255738,0.00006104
-0.40223738,0.00006104
-0.40191738,0.00006104
-0.40159738,0.00006104
-0.40127738,0.00006104
-0.40095738,0.00006104
-0.40063738,0.00006104
-0.40031738,0.00006104
-0.39999738,0.00006104
-0.39967738,0.00006104
-0.39935738,0.00006104
-0.39903738,0.00006104
-0.39871738,0.00006104
-0.39839738,0.00006104
-0.39807738,0.00006104
-0.39775738,0.00006104
-0.39743738,0.00006104
-0.39711738,0.00006104
-0.39679738,0.00006104
-0.39647738,0.00006104
-0.39615738,0.00006104
-0.39583738,-0.01770074
-0.39551738,0.00006104
-0.39519738,0.00006104
-0.39487738,0.00006104
-0.39455738,0.00006104
-0.39423738,0.00006104
-0.39391738,0.00006104
-0.39359738,0.00006104
-0.39327738,0.00006104
-0.39295738,0.00006104
-0.39263738,0.00006104
-0.39231738,0.00006104
-0.39199738,0.00006104
-0.39167738,0.00006104
-0.39135738,0.00006104
-0.39103738,0.00006104
-0.39071738,0.00006104
-0.39039738,0.00006104
-0.39007738,0.00006104
-0.38975738,-0.01770074
-0.38943738,0.00006104
-0.38911738,0.00006104
-0.38879738,0.00006104
-0.38847738,0.00006104
-0.38815738,0.00006104
-0.38783738,0.00006104
-0.38751738,0.00006104
-0.38719738,0.00006104
-0.38687738,0.00006104
-0.38655738,0.00006104
-0.38623738,0.00006104
-0.38591738,0.00006104
-0.38559738,0.00006104
-0.38527738,0.00006104
-0.38495738,0.00006104
-0.38463738,0.00006104
-0.38431738,0.00006104
-0.38399738,0.00006104
-0.38367738,0.00006104
-0.38335738,0.00006104
-0.38303738,0.00006104
-0.38271738,0.00006104
-0.38239738,0.00006104
-0.38207738,0.00006104
-0.38175738,0.00006104
-0.38143738,-0.01770074
-0.38111738,-0.01770074
-0.38079738,0.00006104
-0.38047738,0.00006104
-0.38015738,0.00006104
-0.37983738,0.00006104
-0.37951738,0.00006104
-0.37919738,0.00006104
-0.37887738,0.00006104
-0.37855738,0.00006104
-0.37823738,0.00006104
-0.37791738,0.00006104
-0.37759738,0.00006104
-0.37727738,0.00006104
-0.37695738,0.00006104
-0.37663738,0.00006104
-0.37631738,0.00006104
-0.37599738,0.00006104
-0.37567738,0.00006104
-0.37535738,0.00006104
-0.37503738,0.00006104
-0.37471738,0.00006104
-0.37439738,0.00006104
-0.37407738,0.00006104
-0.37375738,0.00006104
-0.37343738,0.00006104
-0.37311738,0.00006104
-0.37279738,0.00006104
-0.37247738,0.00006104
-0.37215738,0.00006104
-0.37183738,0.00006104
-0.37151738,-0.01770074
-0.37119738,0.00006104
-0.37087738,0.00006104
-0.37055738,0.00006104
-0.37023738,0.00006104
-0.36991738,0.00006104
-0.36959738,0.00006104
-0.36927738,0.00006104
-0.36895738,0.00006104
-0.36863738,0.00006104
-0.36831738,0.00006104
-0.36799738,0.00006104
-0.36767738,0.00006104
-0.36735738,0.00006104
-0.36703738,0.00006104
-0.36671738,0.00006104
-0.36639738,0.00006104
-0.36607738,0.00006104
-0.36575738,0.00006104
-0.36543738,0.00006104
-0.36511738,0.00006104
-0.36479738,0.00006104
-0.36447738,0.00006104
-0.36415738,0.00006104
-0.36383738,0.00006104
-0.36351738,0.00006104
-0.36319738,0.00006104
-0.36287738,0.00006104
-0.36255738,0.00006104
-0.36223738,0.00006104
-0.36191738,0.00006104
-0.36159738,0.00006104
-0.36127738,0.00006104
-0.36095738,0.00006104
-0.36063738,0.00006104
-0.36031738,0.00006104
-0.35999738,0.00006104
-0.35967738,0.00006104
-0.35935738,0.00006104
-0.35903738,0.00006104
-0.35871738,-0.01770074
-0.35839738,0.00006104
-0.35807738,0.00006104
-0.35775738,0.00006104
-0.35743738,0.00006104
-0.35711738,0.00006104
-0.35679738,0.00006104
-0.35647738,0.00006104
-0.35615738,0.00006104
-0.35583738,0.00006104
-0.35551738,0.00006104
-0.35519738,-0.01770074
-0.35487738,0.00006104
-0.35455738,0.00006104
-0.35423738,0.00006104
-0.35391738,0.00006104
-0.35359738,0.00006104
-0.35327738,0.00006104
-0.35295738,0.00006104
-0.35263738,0.00006104
-0.35231738,0.00006104
-0.35199738,0.00006104
-0.35167738,0.00006104
-0.35135738,0.00006104
-0.35103738,0.00006104
-0.35071738,0.00006104
-0.35039738,0.00006104
-0.35007738,0.00006104
-0.34975738,-0.01770074
-0.34943738,0.00006104
-0.34911738,0.00006104
-0.34879738,-0.01770074
-0.34847738,0.00006104
-0.34815738,0.00006104
-0.34783738,0.00006104
-0.34751738,0.00006104
-0.34719738,-0.01770074
-0.34687738,0.00006104
-0.34655738,0.00006104
-0.34623738,0.00006104
-0.34591738,0.00006104
-0.34559738,0.00006104
-0.34527738,0.00006104
-0.34495738,0.00006104
-0.34463738,0.00006104
-0.34431738,0.00006104
-0.34399738,0.00006104
-0.34367738,0.00006104
-0.34335738,0.00006104
-0.34303738,0.00006104
-0.34271738,0.00006104
-0.34239738,0.00006104
-0.34207738,0.00006104
-0.34175738,0.00006104
-0.34143738,0.00006104
-0.34111738,0.00006104
-0.34079738,0.00006104
-0.34047738,0.00006104
-0.34015738,0.00006104
-0.33983738,0.00006104
-0.33951738,0.00006104
-0.33919738,0.00006104
-0.33887738,0.00006104
-0.33855738,0.00006104
-0.33823738,0.00006104
-0.33791738,0.00006104
-0.33759738,0.00006104
-0.33727738,0.00006104
-0.33695738,0.00006104
-0.33663738,0.00006104
-0.33631738,0.00006104
-0.33599738,0.00006104
-0.33567738,0.00006104
-0.33535738,0.00006104
-0.33503738,0.00006104
-0.33471738,0.00006104
-0.33439738,0.00006104
-0.33407738,0.00006104
-0.33375738,0.00006104
-0.33343738,0.00006104
-0.33311738,0.00006104
-0.33279738,0.00006104
-0.33247738,0.00006104
-0.33215738,0.00006104
-0.33183738,0.00006104
-0.33151738,0.00006104
-0.33119738,0.00006104
-0.33087738,0.00006104
-0.33055738,0.00006104
-0.33023738,0.00006104
-0.32991738,-0.01770074
-0.32959738,0.00006104
-0.32927738,-0.01770074
-0.32895738,0.00006104
-0.32863738,0.00006104
-0.32831738,0.00006104
-0.32799738,0.00006104
-0.32767738,0.00006104
-0.32735738,0.00006104
-0.32703738,0.00006104
-0.32671738,0.00006104
-0.32639738,0.00006104
-0.32607738,0.00006104
-0.32575738,0.00006104
-0.32543738,0.00006104
-0.32511738,0.00006104
-0.32479738,0.00006104
-0.32447738,0.00006104
-0.32415738,0.00006104
-0.32383738,0.00006104
-0.32351738,0.00006104
-0.32319738,-0.01770074
-0.32287738,0.00006104
-0.32255738,0.00006104
-0.32223738,0.00006104
-0.32191738,0.00006104
-0.32159738,0.00006104
-0.32127738,0.00006104
-0.32095738,0.00006104
-0.32063738,0.00006104
-0.32031738,0.00006104
-0.31999738,0.00006104
-0.31967738,0.00006104
-0.31935738,0.00006104
-0.31903738,0.00006104
-0.31871738,0.00006104
-0.31839738,0.00006104
-0.31807738,0.00006104
-0.31775738,0.00006104
-0.31743738,0.00006104
-0.31711738,0.00006104
-0.31679738,0.00006104
-0.31647738,0.00006104
-0.31615738,0.00006104
-0.31583738,0.00006104
-0.31551738,0.00006104
-0.31519738,0.00006104
-0.31487738,0.00006104
-0.31455738,0.00006104
-0.31423738,0.00006104
-0.31391738,0.00006104
-0.31359738,0.00006104
-0.31327738,0.00006104
-0.31295738,0.00006104
-0.31263738,0.00006104
-0.31231738,0.00006104
-0.31199738,0.00006104
-0.31167738,0.00006104
-0.31135738,0.00006104
-0.31103738,0.00006104
-0.31071738,0.00006104
-0.31039738,0.00006104
-0.31007738,0.00006104
-0.30975738,-0.01770074
-0.30943738,0.00006104
-0.30911738,0.00006104
-0.30879738,0.00006104
-0.30847738,0.00006104
-0.30815738,0.00006104
-0.30783738,0.00006104
-0.30751738,0.00006104
-0.30719738,0.00006104
-0.30687738,0.00006104
-0.30655738,0.00006104
-0.30623738,0.00006104
-0.30591738,0.00006104
-0.30559738,0.00006104
-0.30527738,0.00006104
-0.30495738,0.00006104
-0.30463738,0.00006104
-0.30431738,0.00006104
-0.30399738,0.00006104
-0.30367738,0.00006104
-0.30335738,0.00006104
-0.30303738,0.00006104
-0.30271738,0.00006104
-0.30239738,0.00006104
-0.30207738,0.00006104
-0.30175738,0.00006104
-0.30143738,0.00006104
-0.30111738,0.00006104
-0.30079738,0.00006104
-0.30047738,0.00006104
-0.30015738,0.00006104
-0.29983738,0.00006104
-0.29951738,-0.01770074
-0.29919738,0.00006104
-0.29887738,0.00006104
-0.29855738,0.00006104
-0.29823738,0.00006104
-0.29791738,0.00006104
-0.29759738,0.00006104
-0.29727738,0.00006104
-0.29695738,0.00006104
-0.29663738,0.00006104
-0.29631738,0.00006104
-0.29599738,0.00006104
-0.29567738,0.00006104
-0.29535738,0.00006104
-0.29503738,0.00006104
-0.29471738,0.00006104
-0.29439738,0.00006104
-0.29407738,0.00006104
-0.29375738,0.00006104
-0.29343738,0.00006104
-0.29311738,0.00006104
-0.29279738,0.00006104
-0.29247738,0.00006104
-0.29215738,0.00006104
-0.29183738,0.00006104
-0.29151738,0.00006104
-0.29119738,0.00006104
-0.29087738,0.00006104
-0.29055738,0.00006104
-0.29023738,0.00006104
-0.28991738,0.00006104
-0.28959738,0.00006104
-0.28927738,0.00006104
-0.28895738,0.00006104
-0.28863738,0.00006104
-0.28831738,0.00006104
-0.28799738,0.00006104
-0.28767738,0.00006104
-0.28735738,0.00006104
-0.28703738,0.00006104
-0.28671738,0.00006104
-0.28639738,0.00006104
-0.28607738,0.00006104
-0.28575738,0.00006104
-0.28543738,0.00006104
-0.28511738,0.00006104
-0.28479738,0.00006104
-0.28447738,0.00006104
-0.28415738,0.00006104
-0.28383738,0.00006104
-0.28351738,0.00006104
-0.28319738,0.00006104
-0.28287738,0.00006104
-0.28255738,0.00006104
-0.28223738,0.00006104
-0.28191738,0.00006104
-0.28159738,0.00006104
-0.28127738,0.00006104
-0.28095738,0.00006104
-0.28063738,0.00006104
-0.28031738,0.00006104
-0.27999738,0.00006104
-0.27967738,0.00006104
-0.27935738,0.00006104
-0.27903738,0.00006104
-0.27871738,0.00006104
-0.27839738,0.00006104
-0.27807738,0.00006104
-0.27775738,0.00006104
-0.27743738,0.00006104
-0.27711738,0.00006104
-0.27679738,0.00006104
-0.27647738,0.00006104
-0.27615738,0.00006104
-0.27583738,0.00006104
-0.27551738,0.00006104
-0.27519738,0.00006104
-0.27487738,0.00006104
-0.27455738,0.00006104
-0.27423738,0.00006104
-0.27391738,0.00006104
-0.27359738,0.00006104
-0.27327738,-0.01770074
-0.27295738,0.00006104
-0.27263738,0.00006104
-0.27231738,0.00006104
-0.27199738,0.00006104
-0.27167738,0.00006104
-0.27135738,0.00006104
-0.27103738,0.00006104
-0.27071738,0.00006104
-0.27039738,0.00006104
-0.27007738,0.00006104
-0.26975738,0.00006104
-0.26943738,0.00006104
-0.26911738,0.00006104
-0.26879738,0.00006104
-0.26847738,0.00006104
-0.26815738,0.00006104
-0.26783738,0.00006104
-0.26751738,-0.01770074
-0.26719738,0.00006104
-0.26687738,0.00006104
-0.26655738,0.00006104
-0.26623738,0.00006104
-0.26591738,0.00006104
-0.26559738,0.00006104
-0.26527738,0.00006104
-0.26495738,0.00006104
-0.26463738,0.00006104
-0.26431738,0.00006104
-0.26399738,0.00006104
-0.26367738,0.00006104
-0.26335738,0.00006104
-0.26303738,0.00006104
-0.26271738,0.00006104
-0.26239738,0.00006104
-0.26207738,0.00006104
-0.26175738,0.00006104
-0.26143738,0.00006104
-0.26111738,0.00006104
-0.26079738,0.00006104
-0.26047738,-0.01770074
-0.26015738,0.00006104
-0.25983738,0.00006104
-0.25951738,0.00006104
-0.25919738,0.00006104
-0.25887738,0.00006104
-0.25855738,0.00006104
-0.25823738,0.00006104
-0.25791738,0.00006104
-0.25759738,0.00006104
-0.25727738,0.00006104
-0.25695738,0.00006104
-0.25663738,0.00006104
-0.25631738,0.00006104
-0.25599738,0.00006104
-0.25567738,0.00006104
-0.25535738,0.00006104
-0.25503738,0.00006104
-0.25471738,0.00006104
-0.25439738,0.00006104
-0.25407738,-0.01770074
-0.25375738,0.00006104
-0.25343738,-0.01770074
-0.25311738,0.00006104
-0.25279738,0.00006104
-0.25247738,0.00006104
-0.25215738,0.00006104
-0.25183738,0.00006104
-0.25151738,0.00006104
-0.25119738,0.00006104
-0.25087738,0.00006104
-0.25055738,0.00006104
-0.25023738,0.00006104
-0.24991738,0.00006104
-0.24959738,0.00006104
-0.24927738,0.00006104
-0.24895738,0.00006104
-0.24863738,0.00006104
-0.24831738,0.00006104
-0.24799738,0.00006104
-0.24767738,0.00006104
-0.24735738,0.00006104
-0.24703738,0.00006104
-0.24671738,0.00006104
-0.24639738,0.00006104
-0.24607738,0.00006104
-0.24575738,0.00006104
-0.24543738,0.00006104
-0.24511738,0.00006104
-0.24479738,0.00006104
-0.24447738,0.00006104
-0.24415738,0.00006104
-0.24383738,0.00006104
-0.24351738,0.00006104
-0.24319738,0.00006104
-0.24287738,0.00006104
-0.24255738,0.00006104
-0.24223738,0.00006104
-0.24191738,0.00006104
-0.24159738,0.00006104
-0.24127738,0.00006104
-0.24095738,0.00006104
-0.24063738,0.00006104
-0.24031738,0.00006104
-0.23999738,0.00006104
-0.23967738,0.00006104
-0.23935738,0.00006104
-0.23903738,0.00006104
-0.23871738,0.00006104
-0.23839738,0.00006104
-0.23807738,0.00006104
-0.23775738,0.00006104
-0.23743738,0.00006104
-0.23711738,0.00006104
-0.23679738,0.00006104
-0.23647738,0.00006104
-0.23615738,0.00006104
-0.23583738,0.00006104
-0.23551738,-0.01770074
-0.23519738,0.00006104
-0.23487738,0.00006104
-0.23455738,0.00006104
-0.23423738,-0.01770074
-0.23391738,0.00006104
-0.23359738,-0.01770074
-0.23327738,-0.01770074
-0.23295738,0.00006104
-0.23263738,0.00006104
-0.23231738,0.00006104
-0.23199738,0.00006104
-0.23167738,0.00006104
-0.23135738,0.00006104
-0.23103738,0.00006104
-0.23071738,0.00006104
-0.23039738,0.00006104
-0.23007738,0.00006104
-0.22975738,0.00006104
-0.22943738,0.00006104
-0.22911738,0.00006104
-0.22879738,0.00006104
-0.22847738,0.00006104
-0.22815738,0.00006104
-0.22783738,0.00006104
-0.22751738,0.00006104
-0.22719738,0.00006104
-0.22687738,-0.01770074
-0.22655738,0.00006104
-0.22623738,0.00006104
-0.22591738,0.00006104
-0.22559738,0.00006104
-0.22527738,0.00006104
-0.22495738,0.00006104
-0.22463738,0.00006104
-0.22431738,0.00006104
-0.22399738,0.00006104
-0.22367738,0.00006104
-0.22335738,0.00006104
-0.22303738,0.00006104
-0.22271738,0.00006104
-0.22239738,0.00006104
-0.22207738,0.00006104
-0.22175738,0.00006104
-0.22143738,0.00006104
-0.22111738,0.00006104
-0.22079738,0.00006104
-0.22047738,0.00006104
-0.22015738,0.00006104
-0.21983738,0.00006104
-0.21951738,0.00006104
-0.21919738,0.00006104
-0.21887738,0.00006104
-0.21855738,0.00006104
-0.21823738,0.00006104
-0.21791738,-0.01770074
-0.21759738,0.00006104
-0.21727738,0.00006104
-0.21695738,0.00006104
-0.21663738,0.00006104
-0.21631738,0.00006104
-0.21599738,0.00006104
-0.21567738,0.00006104
-0.21535738,0.00006104
-0.21503738,0.00006104
-0.21471738,0.00006104
-0.21439738,0.00006104
-0.21407738,0.00006104
-0.21375738,0.00006104
-0.21343738,0.00006104
-0.21311738,0.00006104
-0.21279738,0.00006104
-0.21247738,0.00006104
-0.21215738,0.00006104
-0.21183738,0.00006104
-0.21151738,0.00006104
-0.21119738,0.00006104
-0.21087738,0.00006104
-0.21055738,0.00006104
-0.21023738,0.00006104
-0.20991738,0.00006104
-0.20959738,0.00006104
-0.20927738,0.00006104
-0.20895738,0.00006104
-0.20863738,0.00006104
-0.20831738,0.00006104
-0.20799738,0.00006104
-0.20767738,0.00006104
-0.20735738,0.00006104
-0.20703738,0.00006104
-0.20671738,0.00006104
-0.20639738,0.00006104
-0.20607738,0.00006104
-0.20575738,0.00006104
-0.20543738,0.00006104
-0.20511738,0.00006104
-0.20479738,0.00006104
-0.20447738,0.00006104
-0.20415738,0.00006104
-0.20383738,0.00006104
-0.20351738,0.00006104
-0.20319738,0.00006104
-0.20287738,0.00006104
-0.20255738,-0.01770074
-0.20223738,-0.01770074
-0.20191738,0.00006104
-0.20159738,0.00006104
-0.20127738,0.00006104
-0.20095738,0.00006104
-0.20063738,0.00006104
-0.20031738,0.00006104
-0.19999738,0.00006104
-0.19967738,0.00006104
-0.19935738,0.00006104
-0.19903738,0.00006104
-0.19871738,0.00006104
-0.19839738,0.00006104
-0.19807738,0.00006104
-0.19775738,0.00006104
-0.19743738,0.00006104
-0.19711738,0.00006104
-0.19679738,0.00006104
-0.19647738,0.00006104
-0.19615738,0.00006104
-0.19583738,0.00006104
-0.19551738,0.00006104
-0.19519738,0.00006104
-0.19487738,0.00006104
-0.19455738,0.00006104
-0.19423738,0.00006104
-0.19391738,0.00006104
-0.19359738,0.00006104
-0.19327738,0.00006104
-0.19295738,0.00006104
-0.19263738,0.00006104
-0.19231738,0.00006104
-0.19199738,0.00006104
-0.19167738,0.00006104
-0.19135738,0.00006104
-0.19103738,0.00006104
-0.19071738,0.00006104
-0.19039738,0.00006104
-0.19007738,0.00006104
-0.18975738,0.00006104
-0.18943738,0.00006104
-0.18911738,0.00006104
-0.18879738,0.00006104
-0.18847738,0.00006104
-0.18815738,0.00006104
-0.18783738,0.00006104
-0.18751738,0.00006104
-0.18719738,0.00006104
-0.18687738,0.00006104
-0.18655738,0.00006104
-0.18623738,0.00006104
-0.18591738,0.00006104
-0.18559738,0.00006104
-0.18527738,0.00006104
-0.18495738,0.00006104
-0.18463738,0.00006104
-0.18431738,0.00006104
-0.18399738,-0.01770074
-0.18367738,0.00006104
-0.18335738,0.00006104
-0.18303738,-0.01770074
-0.18271738,0.00006104
-0.18239738,0.00006104
-0.18207738,0.00006104
-0.18175738,0.00006104
-0.18143738,0.00006104
-0.18111738,0.00006104
-0.18079738,0.00006104
-0.18047738,0.00006104
-0.18015738,0.00006104
-0.17983738,-0.01770074
-0.17951738,0.00006104
-0.17919738,0.00006104
-0.17887738,0.00006104
-0.17855738,0.00006104
-0.17823738,0.00006104
-0.17791738,0.00006104
-0.17759738,0.00006104
-0.17727738,0.00006104
-0.17695738,0.00006104
-0.17663738,0.00006104
-0.17631738,0.00006104
-0.17599738,0.00006104
-0.17567738,0.00006104
-0.17535738,0.00006104
-0.17503738,0.00006104
-0.17471738,0.00006104
-0.17439738,0.00006104
-0.17407738,0.00006104
-0.17375738,0.00006104
-0.17343738,0.00006104
-0.17311738,0.00006104
-0.17279738,0.00006104
-0.17247738,0.00006104
-0.17215738,0.00006104
-0.17183738,-0.01770074
-0.17151738,-0.01770074
-0.17119738,0.00006104
-0.17087738,0.00006104
-0.17055738,0.00006104
-0.17023738,0.00006104
-0.16991738,0.00006104
-0.16959738,0.00006104
-0.16927738,0.00006104
-0.16895738,-0.01770074
-0.16863738,0.00006104
-0.16831738,0.00006104
-0.16799738,0.00006104
-0.16767738,0.00006104
-0.16735738,0.00006104
-0.16703738,0.00006104
-0.16671738,0.00006104
-0.16639738,0.00006104
-0.16607738,0.00006104
-0.16575738,0.00006104
-0.16543738,0.00006104
-0.16511738,0.00006104
-0.16479738,0.00006104
-0.16447738,0.00006104
-0.16415738,0.00006104
-0.16383738,0.00006104
-0.16351738,0.00006104
-0.16319738,0.00006104
-0.16287738,0.00006104
-0.16255738,0.00006104
-0.16223738,0.00006104
-0.16191738,0.00006104
-0.16159738,0.00006104
-0.16127738,0.00006104
-0.16095738,0.00006104
-0.16063738,0.00006104
-0.16031738,0.00006104
-0.15999738,0.00006104
-0.15967738,0.00006104
-0.15935738,0.00006104
-0.15903738,0.00006104
-0.15871738,0.00006104
-0.15839738,0.00006104
-0.15807738,0.00006104
-0.15775738,0.00006104
-0.15743738,0.00006104
-0.15711738,0.00006104
-0.15679738,0.00006104
-0.15647738,0.00006104
-0.15615738,0.00006104
-0.15583738,0.00006104
-0.15551738,0.00006104
-0.15519738,0.00006104
-0.15487738,0.00006104
-0.15455738,0.00006104
-0.15423738,0.00006104
-0.15391738,0.00006104
-0.15359738,0.00006104
-0.15327738,0.00006104
-0.15295738,0.00006104
-0.15263738,0.00006104
-0.15231738,0.00006104
-0.15199738,0.00006104
-0.15167738,0.00006104
-0.15135738,0.00006104
-0.15103738,0.00006104
-0.15071738,0.00006104
-0.15039738,0.00006104
-0.15007738,0.00006104
-0.14975738,0.00006104
-0.14943738,0.00006104
-0.14911738,0.00006104
-0.14879738,0.00006104
-0.14847738,0.00006104
-0.14815738,0.00006104
-0.14783738,0.00006104
-0.14751738,0.00006104
-0.14719738,-0.01770074
-0.14687738,0.00006104
-0.14655738,0.00006104
-0.14623738,0.00006104
-0.14591738,0.00006104
-0.14559738,0.00006104
-0.14527738,0.00006104
-0.14495738,0.00006104
-0.14463738,0.00006104
-0.14431738,0.00006104
-0.14399738,0.00006104
-0.14367738,0.00006104
-0.14335738,0.00006104
-0.14303738,0.00006104
-0.14271738,0.00006104
-0.14239738,0.00006104
-0.14207738,0.00006104
-0.14175738,0.00006104
-0.14143738,0.00006104
-0.14111738,0.00006104
-0.14079738,0.00006104
-0.14047738,0.00006104
-0.14015738,0.00006104
-0.13983738,0.00006104
-0.13951738,0.00006104
-0.13919738,0.00006104
-0.13887738,0.00006104
-0.13855738,0.00006104
-0.13823738,0.00006104
-0.13791738,0.00006104
-0.13759738,0.00006104
-0.13727738,0.00006104
-0.13695738,0.00006104
-0.13663738,-0.01770074
-0.13631738,0.00006104
-0.13599738,0.00006104
-0.13567738,0.00006104
-0.13535738,0.00006104
-0.13503738,0.00006104
-0.13471738,0.00006104
-0.13439738,0.00006104
-0.13407738,0.00006104
-0.13375738,0.00006104
-0.13343738,0.00006104
-0.13311738,0.00006104
-0.13279738,0.00006104
-0.13247738,0.00006104
-0.13215738,0.00006104
-0.13183738,0.00006104
-0.13151738,0.00006104
-0.13119738,0.00006104
-0.13087738,0.00006104
-0.13055738,0.00006104
-0.13023738,0.00006104
-0.12991738,0.00006104
-0.12959738,0.00006104
-0.12927738,-0.01770074
-0.12895738,0.00006104
-0.12863738,0.00006104
-0.12831738,0.00006104
-0.12799738,0.00006104
-0.12767738,0.00006104
-0.12735738,0.00006104
-0.12703738,0.00006104
-0.12671739,0.00006104
-0.12639739,0.00006104
-0.12607739,0.00006104
-0.12575739,0.00006104
-0.12543739,0.00006104
-0.12511739,0.00006104
-0.12479739,0.00006104
-0.12447739,0.00006104
-0.12415739,0.00006104
-0.12383739,0.00006104
-0.12351739,0.00006104
-0.12319739,0.00006104
-0.12287739,0.00006104
-0.12255739,0.00006104
-0.12223739,0.00006104
-0.12191739,0.00006104
-0.12159739,-0.01770074
-0.12127739,0.00006104
-0.12095739,0.00006104
-0.12063739,0.00006104
-0.12031739,0.00006104
-0.11999739,0.00006104
-0.11967739,0.00006104
-0.11935739,0.00006104
-0.11903739,0.00006104
-0.11871739,0.00006104
-0.11839739,0.00006104
-0.11807739,0.00006104
-0.11775739,0.00006104
-0.11743739,0.00006104
-0.11711739,0.00006104
-0.11679739,-0.01770074
-0.11647739,0.00006104
-0.11615739,0.00006104
-0.11583739,0.00006104
-0.11551739,0.00006104
-0.11519739,0.00006104
-0.11487739,0.00006104
-0.11455739,-0.01770074
-0.11423739,0.00006104
-0.11391739,0.00006104
-0.11359739,0.00006104
-0.11327739,0.00006104
-0.11295739,-0.01770074
-0.11263739,0.00006104
-0.11231739,0.00006104
-0.11199739,-0.01770074
-0.11167739,0.00006104
-0.11135739,0.00006104
-0.11103739,0.00006104
-0.11071739,0.00006104
-0.11039739,0.00006104
-0.11007739,0.00006104
-0.10975739,0.00006104
-0.10943739,0.00006104
-0.10911739,0.00006104
-0.10879739,0.00006104
-0.10847739,0.00006104
-0.10815739,0.00006104
-0.10783739,0.00006104
-0.10751739,0.00006104
-0.10719739,0.00006104
-0.10687739,0.00006104
-0.10655739,0.00006104
-0.10623739,0.00006104
-0.10591739,0.00006104
-0.10559739,0.00006104
-0.10527739,0.00006104
-0.10495739,0.00006104
-0.10463739,0.00006104
-0.10431739,0.00006104
-0.10399739,0.00006104
-0.10367739,0.00006104
-0.10335739,0.00006104
-0.10303739,0.00006104
-0.10271739,-0.01770074
-0.10239739,0.00006104
-0.10207739,0.00006104
-0.10175739,0.00006104
-0.10143739,0.00006104
-0.10111739,0.00006104
-0.10079739,0.00006104
-0.10047739,0.00006104
-0.10015739,0.00006104
-0.09983739,0.00006104
-0.09951739,0.00006104
-0.09919739,0.00006104
-0.09887739,0.00006104
-0.09855739,-0.01770074
-0.09823739,-0.01770074
-0.09791739,0.00006104
-0.09759739,0.00006104
-0.09727739,0.00006104
-0.09695739,0.00006104
-0.09663739,0.00006104
-0.09631739,0.00006104
-0.09599739,-0.01770074
-0.09567739,-0.01770074
-0.09535739,0.00006104
-0.09503739,0.00006104
-0.09471739,0.00006104
-0.09439739,0.00006104
-0.09407739,-0.01770074
-0.09375739,0.00006104
-0.09343739,0.00006104
-0.09311739,0.00006104
-0.09279739,0.00006104
-0.09247739,0.00006104
-0.09215739,0.00006104
-0.09183739,0.00006104
-0.09151739,0.00006104
-0.09119739,0.00006104
-0.09087739,0.00006104
-0.09055739,0.00006104
-0.09023739,0.00006104
-0.08991739,0.00006104
-0.08959739,0.00006104
-0.08927739,0.00006104
-0.08895739,0.00006104
-0.08863739,0.00006104
-0.08831739,0.00006104
-0.08799739,0.00006104
-0.08767739,0.00006104
-0.08735739,0.00006104
-0.08703739,0.00006104
-0.08671739,0.00006104
-0.08639739,0.00006104
-0.08607739,0.00006104
-0.08575739,0.00006104
-0.08543739,0.00006104
-0.08511739,0.00006104
-0.08479739,0.00006104
-0.08447739,0.00006104
-0.08415739,-0.01770074
-0.08383739,0.00006104
-0.08351739,0.00006104
-0.08319739,-0.01770074
-0.08287739,0.00006104
-0.08255739,-0.01770074
-0.08223739,0.00006104
-0.08191739,0.00006104
-0.08159739,0.00006104
-0.08127739,0.00006104
-0.08095739,0.00006104
-0.08063739,0.00006104
-0.08031739,0.00006104
-0.07999739,0.00006104
-0.07967739,0.00006104
-0.07935739,0.00006104
-0.07903739,0.00006104
-0.07871739,0.00006104
-0.07839739,0.00006104
-0.07807739,0.00006104
-0.07775739,0.00006104
-0.07743739,-0.01770074
-0.07711739,0.00006104
-0.07679739,0.00006104
-0.07647739,0.00006104
-0.07615739,0.00006104
-0.07583739,0.00006104
-0.07551739,-0.01770074
-0.07519739,0.00006104
-0.07487739,0.00006104
-0.07455739,0.00006104
-0.07423739,0.00006104
-0.07391739,0.00006104
-0.07359739,0.00006104
-0.07327739,0.00006104
-0.07295739,0.00006104
-0.07263739,0.00006104
-0.07231739,0.00006104
-0.07199739,0.00006104
-0.07167739,0.00006104
-0.07135739,0.00006104
-0.07103739,0.00006104
-0.07071739,0.00006104
-0.07039739,0.00006104
-0.07007739,0.00006104
-0.06975739,0.00006104
-0.06943739,0.00006104
-0.06911739,0.00006104
-0.06879739,0.00006104
-0.06847739,0.00006104
-0.06815739,0.00006104
-0.06783739,0.00006104
-0.06751739,0.00006104
-0.06719739,-0.01770074
-0.06687739,0.00006104
-0.06655739,0.00006104
-0.06623739,0.00006104
-0.06591739,0.00006104
-0.06559739,0.00006104
-0.06527739,0.00006104
-0.06495739,0.00006104
-0.06463739,0.00006104
-0.06431739,0.00006104
-0.06399739,0.00006104
-0.06367739,0.00006104
-0.06335739,0.00006104
-0.06303739,0.00006104
-0.06271739,0.00006104
-0.06239739,0.00006104
-0.06207739,0.00006104
-0.06175739,0.00006104
-0.06143739,0.00006104
-0.06111739,0.00006104
-0.06079739,0.00006104
-0.06047739,0.00006104
-0.06015739,-0.01770074
-0.05983739,0.00006104
-0.05951739,0.00006104
-0.05919739,0.00006104
-0.05887739,0.00006104
-0.05855739,0.00006104
-0.05823739,0.00006104
-0.05791739,0.00006104
-0.05759739,0.00006104
-0.05727739,0.00006104
-0.05695739,-0.01770074
-0.05663739,0.00006104
-0.05631739,0.00006104
-0.05599739,0.00006104
-0.05567739,0.00006104
-0.05535739,0.00006104
-0.05503739,0.00006104
-0.05471739,0.00006104
-0.05439739,0.00006104
-0.05407739,0.00006104
-0.05375739,0.00006104
-0.05343739,0.00006104
-0.05311739,0.00006104
-0.05279739,0.00006104
-0.05247739,0.00006104
-0.05215739,0.00006104
-0.05183739,0.00006104
-0.05151739,0.00006104
-0.05119739,0.00006104
-0.05087739,0.00006104
-0.05055739,0.00006104
-0.05023739,0.00006104
-0.04991739,0.00006104
-0.04959739,0.00006104
-0.04927739,0.00006104
-0.04895739,0.00006104
-0.04863739,0.00006104
-0.04831739,0.00006104
-0.04799739,0.00006104
-0.04767739,0.00006104
-0.04735739,0.00006104
-0.04703739,0.00006104
-0.04671739,0.00006104
-0.04639739,-0.01770074
-0.04607739,0.00006104
-0.04575739,0.00006104
-0.04543739,0.00006104
-0.04511739,0.00006104
-0.04479739,0.00006104
-0.04447739,0.00006104
-0.04415739,0.00006104
-0.04383739,0.00006104
-0.04351739,0.00006104
-0.04319739,0.00006104
-0.04287739,0.00006104
-0.04255739,0.00006104
-0.04223739,0.00006104
-0.04191739,0.00006104
-0.04159739,0.00006104
-0.04127739,0.00006104
-0.04095739,0.00006104
-0.04063739,0.00006104
-0.04031739,0.00006104
-0.03999739,0.00006104
-0.03967739,0.00006104
-0.03935739,0.00006104
-0.03903739,0.00006104
-0.03871739,0.00006104
-0.03839739,-0.01770074
-0.03807739,0.00006104
-0.03775739,0.00006104
-0.03743739,0.00006104
-0.03711739,0.00006104
-0.03679739,-0.01770074
-0.03647739,0.00006104
-0.03615739,0.00006104
-0.03583739,-0.01770074
-0.03551739,0.00006104
-0.03519739,0.00006104
-0.03487739,0.00006104
-0.03455739,0.00006104
-0.03423739,0.00006104
-0.03391739,0.00006104
-0.03359739,0.00006104
-0.03327739,0.00006104
-0.03295739,0.00006104
-0.03263739,0.00006104
-0.03231739,0.00006104
-0.03199739,0.00006104
-0.03167739,0.00006104
-0.03135739,0.00006104
-0.03103739,0.00006104
-0.03071739,0.00006104
-0.03039739,0.00006104
-0.03007739,0.00006104
-0.02975739,0.00006104
-0.02943739,0.00006104
-0.02911739,-0.01770074
-0.02879739,0.00006104
-0.02847739,0.00006104
-0.02815739,0.00006104
-0.02783739,0.00006104
-0.02751739,0.00006104
-0.02719739,0.00006104
-0.02687739,0.00006104
-0.02655739,0.00006104
-0.02623739,0.00006104
-0.02591739,0.00006104
-0.02559739,0.00006104
-0.02527739,0.00006104
-0.02495739,0.00006104
-0.02463739,0.00006104
-0.02431739,0.00006104
-0.02399739,0.00006104
-0.02367739,0.00006104
-0.02335739,0.00006104
-0.02303739,0.00006104
-0.02271739,0.00006104
-0.02239739,0.00006104
-0.02207739,0.00006104
-0.02175739,0.00006104
-0.02143739,0.00006104
-0.02111739,0.00006104
-0.02079739,0.00006104
-0.02047739,0.00006104
-0.02015739,0.00006104
-0.01983739,0.00006104
-0.01951739,-0.01770074
-0.01919739,0.00006104
-0.01887739,0.00006104
-0.01855739,0.00006104
-0.01823739,0.00006104
-0.01791739,0.00006104
-0.01759739,0.00006104
-0.01727739,-0.01770074
-0.01695739,0.00006104
-0.01663739,0.00006104
-0.01631739,0.00006104
-0.01599739,0.00006104
-0.01567739,0.00006104
-0.01535739,0.00006104
-0.01503739,0.00006104
-0.01471739,0.00006104
-0.01439739,0.00006104
-0.01407739,0.00006104
-0.01375739,0.00006104
-0.01343739,0.00006104
-0.01311739,0.00006104
-0.01279739,0.00006104
-0.01247739,0.00006104
-0.01215739,0.00006104
-0.01183739,0.00006104
-0.01151739,0.00006104
-0.01119739,0.00006104
-0.01087739,0.00006104
-0.01055739,0.00006104
-0.01023739,0.00006104
-0.00991739,0.00006104
-0.00959739,0.00006104
-0.00927739,0.00006104
-0.00895739,0.00006104
-0.00863739,0.00006104
-0.00831739,0.00006104
-0.00799739,0.00006104
-0.00767739,0.00006104
-0.00735739,0.00006104
-0.00703739,0.00006104
-0.00671739,0.00006104
-0.00639739,0.00006104
-0.00607739,0.00006104
-0.00575739,0.00006104
-0.00543739,0.00006104
-0.00511739,0.00006104
-0.00479739,0.00006104
-0.00447739,0.00006104
-0.00415739,0.00006104
-0.00383739,-0.01770074
-0.00351739,0.00006104
-0.00319739,0.00006104
-0.00287739,0.00006104
-0.00255739,0.00006104
-0.00223739,0.00006104
-0.00191739,0.00006104
-0.00159739,1.92254400
-0.00127739,1.33506274
-0.00095739,-0.49836725
-0.00063739,-0.56953645
-0.00031739,-0.21350749
0.00000261,0.00006104
0.00032261,0.01788385
0.00064261,0.00006104
0.00096261,-0.01770074
0.00128261,-0.03552354
0.00160261,-∞
0.00192261,-∞
0.00224261,-0.65852839
0.00256261,0.28485978
0.00288261,0.30262154
0.00320261,0.12469863
0.00352261,0.05346843
0.00384261,0.03570665
0.00416261,0.00006104
0.00448261,0.00006104
0.00480261,0.00006104
0.00512261,0.00006104
0.00544261,0.00006104
0.00576261,0.01788385
0.00608261,0.01788385
0.00640261,0.01788385
0.00672261,0.01788385
0.00704261,0.01788385
0.00736261,0.00006104
0.00768261,0.01788385
0.00800261,0.01788385
0.00832261,0.01788385
0.00864261,0.05346843
0.00896261,0.07129124
0.00928261,0.07129124
0.00960261,0.07129124
0.00992261,0.03570665
0.01024261,0.05346843
0.01056261,0.07129124
0.01088261,0.03570665
0.01120261,0.05346843
0.01152261,0.08911405
0.01184261,0.05346843
0.01216261,0.01788385
0.01248261,0.03570665
0.01280261,0.01788385
0.01312261,0.01788385
0.01344261,-0.01770074
0.01376261,-0.01770074
0.01408261,-0.03552354
0.01440261,-0.03552354
0.01472261,0.01788385
0.01504261,0.00006104
0.01536261,0.00006104
0.01568261,0.05346843
0.01600261,-0.03552354
0.01632261,0.00006104
0.01664261,0.01788385
0.01696261,-0.03552354
0.01728261,0.01788385
0.01760261,0.05346843
0.01792261,0.00006104
0.01824261,0.01788385
0.01856261,0.03570665
0.01888261,0.00006104
0.01920261,0.00006104
0.01952261,0.00006104
0.01984261,0.00006104
0.02016261,0.00006104
0.02048261,0.01788385
0.02080261,0.03570665
0.02112261,0.00006104
0.02144261,0.00006104
0.02176261,0.01788385
0.02208261,0.01788385
0.02240261,0.00006104
0.02272261,0.01788385
0.02304261,-0.01770074
0.02336261,0.00006104
0.02368261,0.01788385
0.02400261,0.00006104
0.02432261,0.00006104
0.02464261,0.01788385
0.02496261,0.00006104
0.02528261,0.00006104
0.02560261,0.01788385
0.02592261,0.00006104
0.02624261,0.01788385
0.02656261,0.01788385
0.02688261,0.00006104
0.02720261,0.00006104
0.02752261,0.01788385
0.02784261,0.01788385
0.02816261,0.00006104
0.02848261,0.00006104
0.02880261,-0.01770074
0.02912261,0.00006104
0.02944261,0.00006104
0.02976261,-0.01770074
0.03008261,0.00006104
0.03040261,0.00006104
0.03072261,0.00006104
0.03104261,0.00006104
0.03136261,0.00006104
0.03168261,0.00006104
0.03200261,0.01788385
0.03232261,0.00006104
0.03264261,0.00006104
0.03296261,0.01788385
0.03328261,0.00006104
0.03360261,0.00006104
0.03392261,0.00006104
0.03424261,0.00006104
0.03456261,0.00006104
0.03488261,0.00006104
0.03520261,0.00006104
0.03552261,0.00006104
0.03584261,0.00006104
0.03616261,0.00006104
0.03648261,0.00006104
0.03680261,0.00006104
0.03712261,0.00006104
0.03744261,0.00006104
0.03776261,0.01788385
0.03808261,0.00006104
0.03840261,0.00006104
0.03872261,0.00006104
0.03904261,0.00006104
0.03936261,0.00006104
0.03968261,0.00006104
0.04000261,0.00006104
0.04032261,0.00006104
0.04064261,0.00006104
0.04096261,0.00006104
0.04128261,0.00006104
0.04160261,0.00006104
0.04192261,0.00006104
0.04224261,0.00006104
0.04256261,0.00006104
0.04288261,0.00006104
0.04320261,0.01788385
0.04352261,0.00006104
0.04384261,0.00006104
0.04416261,0.00006104
0.04448261,0.00006104
0.04480261,0.00006104
0.04512261,0.01788385
0.04544261,0.00006104
0.04576261,0.00006104
0.04608261,0.00006104
0.04640261,0.00006104
0.04672261,0.00006104
0.04704261,-0.01770074
0.04736261,0.00006104
0.04768261,-0.01770074
0.04800261,-0.01770074
0.04832261,0.00006104
0.04864261,0.00006104
0.04896261,0.00006104
0.04928261,0.00006104
0.04960261,0.00006104
0.04992261,0.00006104
0.05024261,0.00006104
0.05056261,0.00006104
0.05088261,0.00006104
0.05120261,0.00006104
0.05152261,0.00006104
0.05184261,0.00006104
0.05216261,0.01788385
0.05248261,0.00006104
0.05280261,0.00006104
0.05312261,0.00006104
0.05344261,0.00006104
0.05376261,0.00006104
0.05408261,0.00006104
0.05440261,0.00006104
0.05472261,0.00006104
0.05504261,0.00006104
0.05536261,0.00006104
0.05568261,-0.01770074
0.05600261,0.00006104
0.05632261,0.00006104
0.05664261,0.00006104
0.05696261,0.00006104
0.05728261,0.00006104
0.05760261,0.00006104
0.05792261,0.00006104
0.05824261,0.00006104
0.05856261,0.00006104
0.05888261,0.00006104
0.05920261,0.00006104
0.05952261,0.00006104
0.05984261,0.00006104
0.06016261,0.00006104
0.06048261,0.00006104
0.06080261,-0.01770074
0.06112261,0.00006104
0.06144261,0.00006104
0.06176261,0.00006104
0.06208261,0.00006104
0.06240261,0.00006104
0.06272261,0.00006104
0.06304261,0.00006104
0.06336261,0.00006104
0.06368261,0.00006104
0.06400261,0.00006104
0.06432261,0.00006104
0.06464261,0.00006104
0.06496261,0.00006104
0.06528261,-0.01770074
0.06560261,0.00006104
0.06592261,-0.01770074
0.06624261,0.00006104
0.06656261,0.00006104
0.06688261,0.00006104
0.06720261,0.00006104
0.06752261,0.00006104
0.06784261,0.00006104
0.06816261,0.00006104
0.06848261,0.00006104
0.06880261,0.00006104
0.06912261,0.00006104
0.06944261,0.00006104
0.06976261,0.00006104
0.07008261,0.00006104
0.07040261,0.00006104
0.07072261,0.00006104
0.07104261,0.00006104
0.07136261,0.00006104
0.07168261,0.00006104
0.07200261,0.00006104
0.07232261,0.00006104
0.07264261,0.00006104
0.07296261,0.00006104
0.07328261,0.00006104
0.07360261,0.00006104
0.07392261,0.00006104
0.07424261,0.00006104
0.07456261,0.00006104
0.07488261,0.00006104
0.07520261,0.00006104
0.07552261,0.00006104
0.07584261,0.00006104
0.07616261,0.00006104
0.07648261,0.00006104
0.07680261,0.00006104
0.07712261,0.00006104
0.07744261,0.00006104
0.07776261,0.00006104
0.07808261,-0.01770074
0.07840261,0.00006104
0.07872261,-0.01770074
0.07904261,0.00006104
0.07936261,0.00006104
0.07968261,0.00006104
0.08000261,0.00006104
0.08032261,0.00006104
0.08064261,0.00006104
0.08096261,0.00006104
0.08128261,0.00006104
0.08160261,0.00006104
0.08192261,0.00006104
0.08224261,0.00006104
0.08256261,0.00006104
0.08288261,0.00006104
0.08320261,0.00006104
0.08352261,0.00006104
0.08384261,0.00006104
0.08416261,0.00006104
0.08448261,-0.01770074
0.08480261,0.00006104
0.08512261,0.00006104
0.08544261,0.00006104
0.08576261,0.00006104
0.08608261,0.00006104
0.08640261,0.00006104
0.08672261,0.00006104
0.08704261,0.00006104
0.08736261,0.00006104
0.08768261,0.00006104
0.08800261,0.00006104
0.08832261,0.00006104
0.08864261,0.00006104
0.08896261,0.00006104
0.08928261,0.00006104
0.08960261,0.00006104
0.08992261,0.00006104
0.09024261,0.00006104
0.09056261,0.00006104
0.09088261,0.00006104
0.09120261,0.00006104
0.09152261,0.00006104
0.09184261,0.00006104
0.09216261,0.00006104
0.09248261,0.00006104
0.09280261,0.00006104
0.09312261,0.00006104
0.09344261,0.00006104
0.09376261,0.00006104
0.09408261,0.00006104
0.09440261,0.00006104
0.09472261,-0.01770074
0.09504261,0.00006104
0.09536261,0.00006104
0.09568261,0.00006104
0.09600261,0.00006104
0.09632261,0.00006104
0.09664261,0.00006104
0.09696261,0.00006104
0.09728261,0.00006104
0.09760261,0.00006104
0.09792261,0.00006104
0.09824261,0.00006104
0.09856261,0.00006104
0.09888261,0.00006104
0.09920261,0.00006104
0.09952261,0.00006104
0.09984261,0.00006104
0.10016261,0.00006104
0.10048261,0.00006104
0.10080261,0.00006104
0.10112261,0.00006104
0.10144261,0.00006104
0.10176261,-0.01770074
0.10208261,0.00006104
0.10240261,0.00006104
0.10272261,0.00006104
0.10304261,0.00006104
0.10336261,-0.01770074
0.10368261,0.00006104
0.10400261,0.00006104
0.10432261,0.00006104
0.10464261,0.00006104
0.10496261,0.00006104
0.10528261,0.00006104
0.10560261,0.00006104
0.10592261,0.00006104
0.10624261,0.00006104
0.10656261,0.00006104
0.10688261,0.00006104
0.10720261,0.00006104
0.10752261,0.00006104
0.10784261,0.00006104
0.10816261,0.00006104
0.10848261,0.00006104
0.10880261,0.00006104
0.10912261,0.00006104
0.10944261,0.00006104
0.10976261,0.00006104
0.11008261,0.00006104
0.11040261,0.00006104
0.11072261,0.00006104
0.11104261,0.00006104
0.11136261,0.00006104
0.11168261,0.00006104
0.11200261,-0.01770074
0.11232261,0.00006104
0.11264261,-0.01770074
0.11296261,0.00006104
0.11328261,0.00006104
0.11360261,0.00006104
0.11392261,0.00006104
0.11424261,0.00006104
0.11456261,0.00006104
0.11488261,0.01788385
0.11520261,0.00006104
0.11552261,0.00006104
0.11584261,0.00006104
0.11616261,0.00006104
0.11648261,0.00006104
0.11680261,0.00006104
0.11712261,0.00006104
0.11744261,0.00006104
0.11776261,0.00006104
0.11808261,0.00006104
0.11840261,-0.01770074
0.11872261,0.00006104
0.11904261,0.00006104
0.11936261,0.00006104
0.11968261,-0.01770074
0.12000261,0.00006104
0.12032261,0.00006104
0.12064261,0.00006104
0.12096261,0.00006104
0.12128261,0.00006104
0.12160261,0.00006104
0.12192261,0.00006104
0.12224261,0.00006104
0.12256261,0.00006104
0.12288261,0.00006104
0.12320261,0.00006104
0.12352261,0.00006104
0.12384261,0.00006104
0.12416261,0.00006104
0.12448261,0.00006104
0.12480261,0.00006104
0.12512261,0.00006104
0.12544261,0.00006104
0.12576261,0.00006104
0.12608261,0.00006104
0.12640261,0.00006104
0.12672261,0.00006104
0.12704261,0.00006104
0.12736261,0.00006104
0.12768261,0.00006104
0.12800261,0.00006104
0.12832261,0.00006104
0.12864261,0.00006104
0.12896261,0.00006104
0.12928261,0.00006104
0.12960261,0.00006104
0.12992261,0.00006104
0.13024261,0.00006104
0.13056261,0.00006104
0.13088261,0.00006104
0.13120261,0.00006104
0.13152261,0.00006104
0.13184261,0.00006104
0.13216261,0.00006104
0.13248261,0.00006104
0.13280261,0.00006104
0.13312261,0.00006104
0.13344261,0.00006104
0.13376261,0.00006104
0.13408261,0.00006104
0.13440261,0.00006104
0.13472261,0.00006104
0.13504261,0.00006104
0.13536261,0.00006104
0.13568261,0.00006104
0.13600261,0.00006104
0.13632261,0.00006104
0.13664261,0.00006104
0.13696261,0.00006104
0.13728261,0.00006104
0.13760261,0.00006104
0.13792261,0.00006104
0.13824261,0.00006104
0.13856261,0.00006104
0.13888261,0.00006104
0.13920261,0.00006104
0.13952261,0.00006104
0.13984261,0.00006104
0.14016261,0.00006104
0.14048261,0.00006104
0.14080261,0.00006104
0.14112261,0.00006104
0.14144261,0.00006104
0.14176261,0.00006104
0.14208261,0.00006104
0.14240261,0.00006104
0.14272261,0.00006104
0.14304261,0.00006104
0.14336261,0.00006104
0.14368261,0.00006104
0.14400261,0.00006104
0.14432261,0.00006104
0.14464261,0.00006104
0.14496261,0.00006104
0.14528261,0.00006104
0.14560261,0.00006104
0.14592261,0.00006104
0.14624261,0.00006104
0.14656261,0.00006104
0.14688261,0.00006104
0.14720261,0.00006104
0.14752261,0.00006104
0.14784261,0.00006104
0.14816261,0.00006104
0.14848261,0.00006104
0.14880261,0.00006104
0.14912261,0.00006104
0.14944261,0.00006104
0.14976261,0.00006104
0.15008261,0.00006104
0.15040261,0.00006104
0.15072261,0.00006104
0.15104261,0.00006104
0.15136261,0.00006104
0.15168261,0.00006104
0.15200261,0.00006104
0.15232261,0.00006104
0.15264261,0.00006104
0.15296261,0.00006104
0.15328261,0.00006104
0.15360261,0.00006104
0.15392261,0.00006104
0.15424261,0.00006104
0.15456261,0.00006104
0.15488261,0.00006104
0.15520261,0.00006104
0.15552261,0.00006104
0.15584261,0.00006104
0.15616261,0.00006104
0.15648261,-0.01770074
0.15680261,0.00006104
0.15712261,0.00006104
0.15744261,0.00006104
0.15776261,0.00006104
0.15808261,0.00006104
0.15840261,0.00006104
0.15872261,0.00006104
0.15904261,0.00006104
0.15936261,0.00006104
0.15968261,0.00006104
0.16000261,0.00006104
0.16032261,0.00006104
0.16064261,0.00006104
0.16096261,0.00006104
0.16128261,0.00006104
0.16160261,0.00006104
0.16192261,0.00006104
0.16224261,0.00006104
0.16256261,0.00006104
0.16288261,0.00006104
0.16320261,0.00006104
0.16352261,0.00006104
0.16384261,-0.01770074
0.16416261,0.00006104
0.16448261,0.00006104
0.16480261,0.00006104
0.16512261,0.00006104
0.16544261,-0.01770074
0.16576261,0.00006104
0.16608261,0.00006104
0.16640261,0.00006104
0.16672261,0.00006104
0.16704261,0.00006104
0.16736261,0.00006104
0.16768261,0.00006104
0.16800261,0.00006104
0.16832261,0.00006104
0.16864261,0.00006104
0.16896261,-0.01770074
0.16928261,0.00006104
0.16960261,0.00006104
0.16992261,-0.01770074
0.17024261,0.00006104
0.17056261,0.00006104
0.17088261,0.00006104
0.17120261,0.00006104
0.17152261,0.00006104
0.17184261,0.00006104
0.17216261,0.00006104
0.17248261,-0.01770074
0.17280261,0.00006104
0.17312261,0.00006104
0.17344261,0.00006104
0.17376261,0.00006104
0.17408261,0.00006104
0.17440261,0.00006104
0.17472261,0.00006104
0.17504261,0.00006104
0.17536261,0.00006104
0.17568261,0.00006104
0.17600261,0.00006104
0.17632261,0.00006104
0.17664261,0.00006104
0.17696261,0.00006104
0.17728261,0.00006104
0.17760261,0.00006104
0.17792261,0.00006104
0.17824261,0.00006104
0.17856261,0.00006104
0.17888261,0.00006104
0.17920261,0.00006104
0.17952261,0.00006104
0.17984261,0.00006104
0.18016261,0.00006104
0.18048261,0.00006104
0.18080261,0.00006104
0.18112261,0.00006104
0.18144261,0.00006104
0.18176261,0.00006104
0.18208261,0.00006104
0.18240261,-0.01770074
0.18272261,0.00006104
0.18304261,0.00006104
0.18336261,0.00006104
0.18368261,0.00006104
0.18400261,0.00006104
0.18432261,0.00006104
0.18464261,0.00006104
0.18496261,0.00006104
0.18528261,0.00006104
0.18560261,0.00006104
0.18592261,0.00006104
0.18624261,0.00006104
0.18656261,0.00006104
0.18688261,0.00006104
0.18720261,0.00006104
0.18752261,0.00006104
0.18784261,-0.01770074
0.18816261,0.00006104
0.18848261,0.00006104
0.18880261,-0.01770074
0.18912261,0.00006104
0.18944261,0.00006104
0.18976261,0.00006104
0.19008261,0.00006104
0.19040261,0.00006104
0.19072261,0.00006104
0.19104261,0.00006104
0.19136261,0.00006104
0.19168261,0.00006104
0.19200261,0.00006104
0.19232261,0.00006104
0.19264261,0.00006104
0.19296261,0.00006104
0.19328261,0.00006104
0.19360261,0.00006104
0.19392261,0.00006104
0.19424261,0.00006104
0.19456261,0.00006104
0.19488261,-0.01770074
0.19520261,0.00006104
0.19552261,0.00006104
0.19584261,0.00006104
0.19616261,0.00006104
0.19648261,0.00006104
0.19680261,0.00006104
0.19712261,0.00006104
0.19744261,0.00006104
0.19776261,0.00006104
0.19808261,0.00006104
0.19840261,0.00006104
0.19872261,0.00006104
0.19904261,0.00006104
0.19936261,0.00006104
0.19968261,0.00006104
0.20000261,0.00006104
0.20032261,0.00006104
0.20064261,0.00006104
0.20096261,0.00006104
0.20128261,0.00006104
0.20160261,0.00006104
0.20192261,0.00006104
0.20224261,0.00006104
0.20256261,0.00006104
0.20288261,0.00006104
0.20320261,0.00006104
0.20352261,0.00006104
0.20384261,0.00006104
0.20416261,0.00006104
0.20448261,0.00006104
0.20480261,0.00006104
0.20512261,0.00006104
0.20544261,0.00006104
0.20576261,-0.01770074
0.20608261,0.00006104
0.20640261,0.00006104
0.20672261,0.00006104
0.20704261,0.00006104
0.20736261,0.00006104
0.20768261,0.00006104
0.20800261,0.00006104
0.20832261,-0.01770074
0.20864261,0.00006104
0.20896261,0.00006104
0.20928261,0.00006104
0.20960261,0.00006104
0.20992261,0.00006104
0.21024261,0.00006104
0.21056261,0.00006104
0.21088261,0.00006104
0.21120261,0.00006104
0.21152261,0.00006104
0.21184261,0.00006104
0.21216261,0.00006104
0.21248261,0.00006104
0.21280261,0.00006104
0.21312261,0.00006104
0.21344261,0.00006104
0.21376261,0.00006104
0.21408261,0.00006104
0.21440261,0.00006104
0.21472261,0.00006104
0.21504261,0.00006104
0.21536261,0.00006104
0.21568261,0.00006104
0.21600261,-0.01770074
0.21632261,0.00006104
0.21664261,0.00006104
0.21696261,0.00006104
0.21728261,0.00006104
0.21760261,0.00006104
0.21792261,0.00006104
0.21824261,0.00006104
0.21856261,0.00006104
0.21888261,0.00006104
0.21920261,0.00006104
0.21952261,0.00006104
0.21984261,0.00006104
0.22016261,0.00006104
0.22048261,0.00006104
0.22080261,0.00006104
0.22112261,0.00006104
0.22144261,0.00006104
0.22176261,0.00006104
0.22208261,0.00006104
0.22240261,0.00006104
0.22272261,0.00006104
0.22304261,-0.01770074
0.22336261,-0.01770074
0.22368261,0.00006104
0.22400261,0.00006104
0.22432261,0.00006104
0.22464261,0.00006104
0.22496261,0.00006104
0.22528261,0.00006104
0.22560261,0.00006104
0.22592261,0.00006104
0.22624261,0.00006104
0.22656261,0.00006104
0.22688261,0.00006104
0.22720261,0.00006104
0.22752261,0.00006104
0.22784261,-0.01770074
0.22816261,0.00006104
0.22848261,0.00006104
0.22880261,0.00006104
0.22912261,0.00006104
0.22944261,-0.01770074
0.22976261,0.00006104
0.23008261,0.00006104
0.23040261,0.00006104
0.23072261,0.00006104
0.23104261,0.00006104
0.23136261,0.00006104
0.23168261,0.00006104
0.23200261,0.00006104
0.23232261,0.00006104
0.23264261,0.00006104
0.23296261,0.00006104
0.23328261,0.00006104
0.23360261,0.00006104
0.23392261,0.00006104
0.23424261,0.00006104
0.23456261,0.00006104
0.23488261,0.00006104
0.23520261,0.00006104
0.23552261,0.00006104
0.23584261,0.00006104
0.23616261,0.00006104
0.23648261,0.00006104
0.23680261,0.00006104
0.23712261,0.00006104
0.23744261,0.00006104
0.23776261,0.00006104
0.23808261,0.00006104
0.23840261,0.00006104
0.23872261,0.00006104
0.23904261,0.00006104
0.23936261,0.00006104
0.23968261,0.00006104
0.24000261,0.00006104
0.24032261,0.00006104
0.24064261,0.00006104
0.24096261,0.00006104
0.24128261,0.00006104
0.24160261,0.00006104
0.24192261,0.00006104
0.24224261,0.00006104
0.24256261,0.00006104
0.24288261,0.00006104
0.24320261,0.00006104
0.24352261,0.00006104
0.24384261,0.00006104
0.24416261,0.00006104
0.24448261,0.00006104
0.24480261,0.00006104
0.24512261,0.00006104
0.24544261,0.00006104
0.24576261,0.00006104
0.24608261,-0.01770074
0.24640261,0.00006104
0.24672261,-0.01770074
0.24704261,0.00006104
0.24736261,-0.01770074
0.24768261,-0.01770074
0.24800261,0.00006104
0.24832261,0.00006104
0.24864261,0.00006104
0.24896261,-0.01770074
0.24928261,0.00006104
0.24960261,0.00006104
0.24992261,0.00006104
0.25024261,0.00006104
0.25056261,0.00006104
0.25088261,0.00006104
0.25120261,0.00006104
0.25152261,0.00006104
0.25184261,0.00006104
0.25216261,0.00006104
0.25248261,0.00006104
0.25280261,0.00006104
0.25312261,0.00006104
0.25344261,0.00006104
0.25376261,0.00006104
0.25408261,0.00006104
0.25440261,0.00006104
0.25472261,0.00006104
0.25504261,0.00006104
0.25536261,0.00006104
0.25568261,0.00006104
0.25600261,0.00006104
0.25632261,0.00006104
0.25664261,-0.01770074
0.25696261,0.00006104
0.25728261,0.00006104
0.25760261,0.00006104
0.25792261,0.00006104
0.25824261,0.00006104
0.25856261,-0.01770074
0.25888261,0.00006104
0.25920261,0.00006104
0.25952261,0.00006104
0.25984261,0.00006104
0.26016261,0.00006104
0.26048261,0.00006104
0.26080261,0.00006104
0.26112261,0.00006104
0.26144261,0.00006104
0.26176261,0.00006104
0.26208261,0.00006104
0.26240261,0.00006104
0.26272261,0.00006104
0.26304261,0.00006104
0.26336261,0.00006104
0.26368261,0.00006104
0.26400261,0.00006104
0.26432261,0.00006104
0.26464261,-0.01770074
0.26496261,0.00006104
0.26528261,0.00006104
0.26560261,0.00006104
0.26592261,-0.01770074
0.26624261,0.00006104
0.26656261,0.00006104
0.26688261,0.00006104
0.26720261,0.00006104
0.26752261,0.00006104
0.26784261,-0.01770074
0.26816261,0.00006104
0.26848261,0.00006104
0.26880261,0.00006104
0.26912261,0.00006104
0.26944261,0.00006104
0.26976261,0.00006104
0.27008261,0.00006104
0.27040261,0.00006104
0.27072261,0.00006104
0.27104261,-0.01770074
0.27136261,0.00006104
0.27168261,0.00006104
0.27200261,0.00006104
0.27232261,0.00006104
0.27264261,0.00006104
0.27296261,0.00006104
0.27328261,0.00006104
0.27360261,0.00006104
0.27392261,0.00006104
0.27424261,-0.01770074
0.27456261,-0.01770074
0.27488261,0.00006104
0.27520261,0.00006104
0.27552261,0.00006104
0.27584261,-0.01770074
0.27616261,0.00006104
0.27648261,0.00006104
0.27680261,0.00006104
0.27712261,0.00006104
0.27744261,0.00006104
0.27776261,0.00006104
0.27808261,0.00006104
0.27840261,0.00006104
0.27872261,0.00006104
0.27904261,0.00006104
0.27936261,0.00006104
0.27968261,0.00006104
0.28000261,0.00006104
0.28032261,-0.01770074
0.28064261,0.00006104
0.28096261,0.00006104
0.28128261,0.00006104
0.28160261,0.00006104
0.28192261,0.00006104
0.28224261,0.00006104
0.28256261,-0.01770074
0.28288261,-0.01770074
0.28320261,0.00006104
0.28352261,0.00006104
0.28384261,0.00006104
0.28416261,0.00006104
0.28448261,0.00006104
0.28480261,0.00006104
0.28512261,0.00006104
0.28544261,0.00006104
0.28576261,0.00006104
0.28608261,0.00006104
0.28640261,0.00006104
0.28672261,0.00006104
0.28704261,0.00006104
0.28736261,0.00006104
0.28768261,0.00006104
0.28800261,0.00006104
0.28832261,0.00006104
0.28864261,0.00006104
0.28896261,0.00006104
0.28928261,0.00006104
0.28960261,0.00006104
0.28992261,0.00006104
0.29024261,0.00006104
0.29056261,0.00006104
0.29088261,0.00006104
0.29120261,0.00006104
0.29152261,-0.01770074
0.29184261,-0.01770074
0.29216261,0.00006104
0.29248261,0.00006104
0.29280261,0.00006104
0.29312261,0.00006104
0.29344261,0.00006104
0.29376261,0.00006104
0.29408261,0.00006104
0.29440261,0.00006104
0.29472261,0.00006104
0.29504261,0.00006104
0.29536261,0.00006104
0.29568261,0.00006104
0.29600261,0.00006104
0.29632261,0.00006104
0.29664261,0.00006104
0.29696261,0.00006104
0.29728261,0.00006104
0.29760261,0.00006104
0.29792261,0.00006104
0.29824261,0.00006104
0.29856261,0.00006104
0.29888261,0.00006104
0.29920261,0.00006104
0.29952261,0.00006104
0.29984261,0.00006104
0.30016261,0.00006104
0.30048261,0.00006104
0.30080261,0.00006104
0.30112261,0.00006104
0.30144261,0.00006104
0.30176261,0.00006104
0.30208261,0.00006104
0.30240261,0.00006104
0.30272261,0.00006104
0.30304261,0.00006104
0.30336261,0.00006104
0.30368261,0.00006104
0.30400261,0.00006104
0.30432261,0.00006104
0.30464261,0.00006104
0.30496261,0.00006104
0.30528261,0.00006104
0.30560261,0.00006104
0.30592261,0.00006104
0.30624261,0.00006104
0.30656261,0.00006104
0.30688261,0.00006104
0.30720261,0.00006104
0.30752261,0.00006104
0.30784261,0.00006104
0.30816261,0.00006104
0.30848261,0.00006104
0.30880261,0.00006104
0.30912261,0.00006104
0.30944261,0.00006104
0.30976261,0.00006104
0.31008261,0.00006104
0.31040261,0.00006104
0.31072261,0.00006104
0.31104261,0.00006104
0.31136261,0.00006104
0.31168261,0.00006104
0.31200261,0.00006104
0.31232261,0.00006104
0.31264261,0.00006104
0.31296261,0.00006104
0.31328261,0.00006104
0.31360261,-0.01770074
0.31392261,0.00006104
0.31424261,0.00006104
0.31456261,0.00006104
0.31488261,0.00006104
0.31520261,0.00006104
0.31552261,0.00006104
0.31584261,0.00006104
0.31616261,0.00006104
0.31648261,0.00006104
0.31680261,-0.01770074
0.31712261,0.00006104
0.31744261,0.00006104
0.31776261,0.00006104
0.31808261,0.00006104
0.31840261,0.00006104
0.31872261,0.00006104
0.31904261,0.00006104
0.31936261,0.00006104
0.31968261,0.00006104
0.32000261,0.00006104
0.32032261,0.00006104
0.32064261,0.00006104
0.32096261,0.00006104
0.32128261,0.00006104
0.32160261,0.00006104
0.32192261,0.00006104
0.32224261,0.00006104
0.32256261,0.00006104
0.32288261,0.00006104
0.32320261,0.00006104
0.32352261,0.00006104
0.32384261,0.00006104
0.32416261,0.00006104
0.32448261,0.00006104
0.32480261,0.00006104
0.32512261,0.00006104
0.32544261,0.00006104
0.32576261,0.00006104
0.32608261,0.00006104
0.32640261,0.00006104
0.32672261,0.00006104
0.32704261,0.00006104
0.32736261,0.00006104
0.32768261,0.00006104
0.32800261,0.00006104
0.32832261,0.00006104
0.32864261,0.00006104
0.32896261,0.00006104
0.32928261,0.00006104
0.32960261,-0.01770074
0.32992261,0.00006104
0.33024261,-0.01770074
0.33056261,0.00006104
0.33088261,0.00006104
0.33120261,0.00006104
0.33152261,0.00006104
0.33184261,0.00006104
0.33216261,0.00006104
0.33248261,0.00006104
0.33280261,0.00006104
0.33312261,0.00006104
0.33344261,0.00006104
0.33376261,0.00006104
0.33408261,0.00006104
0.33440261,0.00006104
0.33472261,0.00006104
0.33504261,0.00006104
0.33536261,0.00006104
0.33568261,0.00006104
0.33600261,-0.01770074
0.33632261,-0.01770074
0.33664261,0.00006104
0.33696261,0.00006104
0.33728261,0.00006104
0.33760261,0.00006104
0.33792261,-0.01770074
0.33824261,0.00006104
0.33856261,0.00006104
0.33888261,0.00006104
0.33920261,0.00006104
0.33952261,0.00006104
0.33984261,0.00006104
0.34016261,0.00006104
0.34048261,0.00006104
0.34080261,0.00006104
0.34112261,0.00006104
0.34144261,0.00006104
0.34176261,0.00006104
0.34208261,0.00006104
0.34240261,0.00006104
0.34272261,0.00006104
0.34304261,0.00006104
0.34336261,0.00006104
0.34368261,0.00006104
0.34400261,0.00006104
0.34432261,0.00006104
0.34464261,0.00006104
0.34496261,0.00006104
0.34528261,0.00006104
0.34560261,0.00006104
0.34592261,0.00006104
0.34624261,0.00006104
0.34656261,0.00006104
0.34688261,0.00006104
0.34720261,-0.01770074
0.34752261,0.00006104
0.34784261,0.00006104
0.34816261,-0.01770074
0.34848261,0.00006104
0.34880261,0.00006104
0.34912261,0.00006104
0.34944261,0.00006104
0.34976261,0.00006104
0.35008261,0.00006104
0.35040261,0.00006104
0.35072261,0.00006104
0.35104261,0.00006104
0.35136261,0.00006104
0.35168261,0.00006104
0.35200261,0.00006104
0.35232261,0.00006104
0.35264261,0.00006104
0.35296261,0.00006104
0.35328261,0.00006104
0.35360261,0.00006104
0.35392261,0.00006104
0.35424261,0.00006104
0.35456261,0.00006104
0.35488261,0.00006104
0.35520261,0.00006104
0.35552261,0.00006104
0.35584261,0.00006104
0.35616261,0.00006104
0.35648261,0.00006104
0.35680261,0.00006104
0.35712261,0.00006104
0.35744261,0.00006104
0.35776261,0.00006104
0.35808261,0.00006104
0.35840261,0.00006104
0.35872261,0.00006104
0.35904261,0.00006104
0.35936261,0.00006104
0.35968261,0.00006104
0.36000261,0.00006104
0.36032261,0.00006104
0.36064261,0.00006104
0.36096261,0.00006104
0.36128261,0.00006104
0.36160261,0.00006104
0.36192261,0.00006104
0.36224261,0.00006104
0.36256261,0.00006104
0.36288261,0.00006104
0.36320261,0.00006104
0.36352261,0.00006104
0.36384261,0.00006104
0.36416261,0.00006104
0.36448261,0.00006104
0.36480261,0.00006104
0.36512261,0.00006104
0.36544261,0.00006104
0.36576261,0.00006104
0.36608261,0.00006104
0.36640261,0.00006104
0.36672261,0.00006104
0.36704261,0.00006104
0.36736261,0.00006104
0.36768261,0.00006104
0.36800261,0.00006104
0.36832261,0.00006104
0.36864261,0.00006104
0.36896261,0.00006104
0.36928261,0.00006104
0.36960261,0.00006104
0.36992261,0.00006104
0.37024261,0.00006104
0.37056261,0.00006104
0.37088261,0.00006104
0.37120261,0.00006104
0.37152261,0.00006104
0.37184261,0.00006104
0.37216261,0.00006104
0.37248261,0.00006104
0.37280261,0.00006104
0.37312261,0.00006104
0.37344261,0.00006104
0.37376261,0.00006104
0.37408261,0.00006104
0.37440261,0.00006104
0.37472261,0.00006104
0.37504261,0.00006104
0.37536261,0.00006104
0.37568261,0.00006104
0.37600261,0.00006104
0.37632261,0.00006104
0.37664261,0.00006104
0.37696261,0.00006104
0.37728261,0.00006104
0.37760261,0.00006104
0.37792261,0.00006104
0.37824261,0.00006104
0.37856261,0.00006104
0.37888261,0.00006104
0.37920261,0.00006104
0.37952261,0.00006104
0.37984261,0.00006104
0.38016261,0.00006104
0.38048261,0.00006104
0.38080261,0.00006104
0.38112261,0.00006104
0.38144261,0.00006104
0.38176261,0.00006104
0.38208261,0.00006104
0.38240261,0.00006104
0.38272261,0.00006104
0.38304261,0.00006104
0.38336261,0.00006104
0.38368261,0.00006104
0.38400261,0.00006104
0.38432261,0.00006104
0.38464261,0.00006104
0.38496261,0.00006104
0.38528261,0.00006104
0.38560261,0.00006104
0.38592261,0.00006104
0.38624261,0.00006104
0.38656261,0.00006104
0.38688261,0.00006104
0.38720261,0.00006104
0.38752261,0.00006104
0.38784261,-0.01770074
0.38816261,0.00006104
0.38848261,0.00006104
0.38880261,0.00006104
0.38912261,0.00006104
0.38944261,0.00006104
0.38976261,0.00006104
0.39008261,0.00006104
0.39040261,0.00006104
0.39072261,0.00006104
0.39104261,0.00006104
0.39136261,0.00006104
0.39168261,0.00006104
0.39200261,0.00006104
0.39232261,0.00006104
0.39264261,0.00006104
0.39296261,0.00006104
0.39328261,0.00006104
0.39360261,0.00006104
0.39392261,0.00006104
0.39424261,0.00006104
0.39456261,0.00006104
0.39488261,0.00006104
0.39520261,0.00006104
0.39552261,0.00006104
0.39584261,0.00006104
0.39616261,0.00006104
0.39648261,0.00006104
0.39680261,0.00006104
0.39712261,0.00006104
0.39744261,0.00006104
0.39776261,0.00006104
0.39808261,0.00006104
0.39840261,0.00006104
0.39872261,0.00006104
0.39904261,0.00006104
0.39936261,0.00006104
0.39968261,0.00006104
0.40000261,0.00006104
0.40032261,0.00006104
0.40064261,0.00006104
0.40096261,0.00006104
0.40128261,-0.01770074
0.40160261,0.00006104
0.40192261,0.00006104
0.40224261,0.00006104
0.40256261,0.00006104
0.40288261,0.00006104
0.40320261,0.00006104
0.40352261,0.00006104
0.40384261,0.00006104
0.40416261,0.00006104
0.40448261,0.00006104
0.40480261,0.00006104
0.40512261,0.00006104
0.40544261,0.00006104
0.40576261,0.00006104
0.40608261,0.00006104
0.40640261,0.00006104
0.40672261,0.00006104
0.40704261,0.00006104
0.40736261,0.00006104
0.40768261,0.00006104
0.40800261,0.00006104
0.40832261,0.00006104
0.40864261,0.00006104
0.40896261,0.00006104
0.40928261,0.00006104
0.40960261,0.00006104
0.40992261,0.00006104
0.41024261,0.00006104
0.41056261,0.00006104
0.41088261,0.00006104
0.41120261,0.00006104
0.41152261,0.00006104
0.41184261,0.00006104
0.41216261,0.00006104
0.41248261,0.00006104
0.41280261,0.00006104
0.41312261,0.00006104
0.41344261,0.00006104
0.41376261,0.00006104
0.41408261,0.00006104
0.41440261,0.00006104
0.41472261,0.00006104
0.41504261,0.00006104
0.41536261,0.00006104
0.41568261,0.00006104
0.41600261,0.00006104
0.41632261,0.00006104
0.41664261,0.00006104
0.41696261,0.00006104
0.41728261,0.00006104
0.41760261,0.00006104
0.41792261,0.00006104
0.41824261,0.00006104
0.41856261,0.00006104
0.41888261,0.00006104
0.41920261,0.00006104
0.41952261,0.00006104
0.41984261,0.00006104
0.42016261,0.00006104
0.42048261,0.00006104
0.42080261,0.00006104
0.42112261,0.00006104
0.42144261,0.00006104
0.42176261,0.00006104
0.42208261,0.00006104
0.42240261,0.00006104
0.42272261,0.00006104
0.42304261,0.00006104
0.42336261,0.00006104
0.42368261,0.00006104
0.42400261,0.00006104
0.42432261,0.00006104
0.42464261,-0.01770074
0.42496261,0.00006104
0.42528261,0.00006104
0.42560261,0.00006104
0.42592261,0.00006104
0.42624261,0.00006104
0.42656261,0.00006104
0.42688261,0.00006104
0.42720261,0.00006104
0.42752261,0.00006104
0.42784261,0.00006104
0.42816261,0.00006104
0.42848261,0.00006104
0.42880261,0.00006104
0.42912261,0.00006104
0.42944261,0.00006104
0.42976261,0.00006104
0.43008261,0.00006104
0.43040261,0.00006104
0.43072261,0.00006104
0.43104261,0.00006104
0.43136261,-0.01770074
0.43168261,0.00006104
0.43200261,0.00006104
0.43232261,0.00006104
0.43264261,0.00006104
0.43296261,0.00006104
0.43328261,0.00006104
0.43360261,0.00006104
0.43392261,0.00006104
0.43424261,0.00006104
0.43456261,0.00006104
0.43488261,0.00006104
0.43520261,0.00006104
0.43552261,-0.01770074
0.43584261,-0.01770074
0.43616261,0.00006104
0.43648261,0.00006104
0.43680261,0.00006104
0.43712261,-0.01770074
0.43744261,0.00006104
0.43776261,0.00006104
0.43808261,0.00006104
0.43840261,0.00006104
0.43872261,0.00006104
0.43904261,0.00006104
0.43936261,0.00006104
0.43968261,0.00006104
0.44000261,0.00006104
0.44032261,0.00006104
0.44064261,0.00006104
0.44096261,0.00006104
0.44128261,0.00006104
0.44160261,0.00006104
0.44192261,0.00006104
0.44224261,0.00006104
0.44256261,0.00006104
0.44288261,0.00006104
0.44320261,0.00006104
0.44352261,0.00006104
0.44384261,0.00006104
0.44416261,0.00006104
0.44448261,0.00006104
0.44480261,0.00006104
0.44512261,0.00006104
0.44544261,0.00006104
0.44576261,0.00006104
0.44608261,0.00006104
0.44640261,0.00006104
0.44672261,0.00006104
0.44704261,0.00006104
0.44736261,0.00006104
0.44768261,0.00006104
0.44800261,0.00006104
0.44832261,0.00006104
0.44864261,0.00006104
0.44896261,0.00006104
0.44928261,0.00006104
0.44960261,0.00006104
0.44992261,0.00006104
0.45024261,0.00006104
0.45056261,0.00006104
0.45088261,0.00006104
0.45120261,0.00006104
0.45152261,0.00006104
0.45184261,0.00006104
0.45216261,0.00006104
0.45248261,0.00006104
0.45280261,0.00006104
0.45312261,0.00006104
0.45344261,0.00006104
0.45376261,0.00006104
0.45408261,0.00006104
0.45440261,0.00006104
0.45472261,0.00006104
0.45504261,0.00006104
0.45536261,0.00006104
0.45568261,0.00006104
0.45600261,-0.01770074
0.45632261,0.00006104
0.45664261,0.00006104
0.45696261,-0.01770074
0.45728261,0.00006104
0.45760261,0.00006104
0.45792261,0.00006104
0.45824261,0.00006104
0.45856261,0.00006104
0.45888261,0.00006104
0.45920261,0.00006104
0.45952261,0.00006104
0.45984261,0.00006104
0.46016261,0.00006104
0.46048261,0.00006104
0.46080261,0.00006104
0.46112261,0.00006104
0.46144261,0.00006104
0.46176261,0.00006104
0.46208261,0.00006104
0.46240261,0.00006104
0.46272261,-0.01770074
0.46304261,0.00006104
0.46336261,0.00006104
0.46368261,0.00006104
0.46400261,0.00006104
0.46432261,0.00006104
0.46464261,0.00006104
0.46496261,0.00006104
0.46528261,0.00006104
0.46560261,0.00006104
0.46592261,0.00006104
0.46624261,0.00006104
0.46656261,0.00006104
0.46688261,0.00006104
0.46720261,0.00006104
0.46752261,0.00006104
0.46784261,0.00006104
0.46816261,0.00006104
0.46848261,0.00006104
0.46880261,0.00006104
0.46912261,0.00006104
0.46944261,0.00006104
0.46976261,0.00006104
0.47008261,0.00006104
0.47040261,0.00006104
0.47072261,0.00006104
0.47104261,0.00006104
0.47136261,0.00006104
0.47168261,0.00006104
0.47200261,0.00006104
0.47232261,0.00006104
0.47264261,0.00006104
0.47296261,0.00006104
0.47328261,0.00006104
0.47360261,0.00006104
0.47392261,0.00006104
0.47424261,0.00006104
0.47456261,0.00006104
0.47488261,0.00006104
0.47520261,0.00006104
0.47552261,0.00006104
0.47584261,0.00006104
0.47616261,0.00006104
0.47648261,0.00006104
0.47680261,0.00006104
0.47712261,0.00006104
0.47744261,0.00006104
0.47776261,0.00006104
0.47808261,0.00006104
0.47840261,0.00006104
0.47872261,0.00006104
0.47904261,0.00006104
0.47936261,0.00006104
0.47968261,0.00006104
0.48000261,0.00006104
0.48032261,0.00006104
0.48064261,0.00006104
0.48096261,0.00006104
0.48128261,0.00006104
0.48160261,0.00006104
0.48192261,0.00006104
0.48224261,0.00006104
0.48256261,0.00006104
0.48288261,0.00006104
0.48320261,0.00006104
0.48352261,0.00006104
0.48384261,0.00006104
0.48416261,0.00006104
0.48448261,0.00006104
0.48480261,0.00006104
0.48512261,0.00006104
0.48544261,0.00006104
0.48576261,0.00006104
0.48608261,0.00006104
0.48640261,0.00006104
0.48672261,0.00006104
0.48704261,0.00006104
0.48736261,0.00006104
0.48768261,0.00006104
0.48800261,0.00006104
0.48832261,0.00006104
0.48864261,0.00006104
0.48896261,0.00006104
0.48928261,0.00006104
0.48960261,0.00006104
0.48992261,0.00006104
0.49024261,-0.01770074
0.49056261,0.00006104
0.49088261,-0.01770074
0.49120261,0.00006104
0.49152261,0.00006104
0.49184261,0.00006104
0.49216261,0.00006104
0.49248261,0.00006104
0.49280261,0.00006104
0.49312261,0.00006104
0.49344261,0.00006104
0.49376261,0.00006104
0.49408261,0.00006104
0.49440261,0.00006104
0.49472261,-0.01770074
0.49504261,0.00006104
0.49536261,0.00006104
0.49568261,0.00006104
0.49600261,0.00006104
0.49632261,0.00006104
0.49664261,0.00006104
0.49696261,0.00006104
0.49728261,0.00006104
0.49760261,0.00006104
0.49792261,0.00006104
0.49824261,1.94030583
0.49856261,1.44187748
0.49888261,-0.46272165
0.49920261,-0.48054445
0.49952261,-0.21350749
0.49984261,-0.07110813
0.50016261,0.00006104
0.50048261,-0.01770074
0.50080261,-0.01770074
0.50112261,-0.01770074
0.50144261,-0.23133031
0.50176261,-1.01455736
0.50208261,-∞
0.50240261,0.37385175
0.50272261,0.33826715
0.50304261,0.01788385
0.50336261,-0.08893093
0.50368261,0.00006104
0.50400261,0.03570665
0.50432261,0.03570665
0.50464261,0.01788385
0.50496261,0.01788385
0.50528261,0.00006104
0.50560261,0.03570665
0.50592261,0.03570665
0.50624261,0.03570665
0.50656261,0.03570665
0.50688261,0.01788385
0.50720261,0.00006104
0.50752261,0.01788385
0.50784261,0.01788385
0.50816261,0.03570665
0.50848261,0.05346843
0.50880261,0.05346843
0.50912261,0.07129124
0.50944261,0.07129124
0.50976261,0.03570665
0.51008261,0.07129124
0.51040261,0.05346843
0.51072261,0.03570665
0.51104261,0.05346843
0.51136261,0.08911405
0.51168261,0.07129124
0.51200261,0.03570665
0.51232261,0.03570665
0.51264261,0.03570665
0.51296261,0.03570665
0.51328261,0.00006104
0.51360261,-0.01770074
0.51392261,-0.01770074
0.51424261,-0.01770074
0.51456261,0.01788385
0.51488261,0.00006104
0.51520261,0.00006104
0.51552261,0.05346843
0.51584261,-0.03552354
0.51616261,-0.01770074
0.51648261,0.03570665
0.51680261,-0.01770074
0.51712261,0.01788385
0.51744261,0.05346843
0.51776261,0.01788385
0.51808261,0.03570665
0.51840261,0.03570665
0.51872261,0.01788385
0.51904261,0.01788385
0.51936261,0.01788385
0.51968261,0.01788385
0.52000261,0.01788385
