Time,Channel A
(ms),(V)

-1.48082839,0.00006104
-1.48050839,0.01788385
-1.48018839,0.00006104
-1.47986839,0.00006104
-1.47954839,0.03570665
-1.47922839,0.03570665
-1.47890839,0.00006104
-1.47858839,0.01788385
-1.47826839,0.03570665
-1.47794839,0.00006104
-1.47762839,0.01788385
-1.47730839,0.00006104
-1.47698839,-0.01770074
-1.47666839,0.00006104
-1.47634839,0.01788385
-1.47602839,0.00006104
-1.47570839,0.01788385
-1.47538839,0.03570665
-1.47506839,0.01788385
-1.47474839,0.01788385
-1.47442839,0.00006104
-1.47410839,0.00006104
-1.47378839,0.01788385
-1.47346839,0.01788385
-1.47314839,0.00006104
-1.47282839,0.01788385
-1.47250839,0.03570665
-1.47218839,0.01788385
-1.47186839,0.01788385
-1.47154839,0.00006104
-1.47122839,0.00006104
-1.47090839,0.00006104
-1.47058839,0.00006104
-1.47026839,-0.01770074
-1.46994839,0.00006104
-1.46962839,0.00006104
-1.46930839,0.00006104
-1.46898839,0.01788385
-1.46866839,0.00006104
-1.46834839,0.01788385
-1.46802839,0.01788385
-1.46770839,0.00006104
-1.46738839,0.00006104
-1.46706839,0.01788385
-1.46674839,0.01788385
-1.46642839,0.01788385
-1.46610839,0.01788385
-1.46578839,0.00006104
-1.46546839,0.01788385
-1.46514839,0.01788385
-1.46482839,0.00006104
-1.46450839,0.00006104
-1.46418839,0.00006104
-1.46386839,0.00006104
-1.46354839,0.00006104
-1.46322839,0.00006104
-1.46290839,0.00006104
-1.46258839,0.00006104
-1.46226839,0.01788385
-1.46194839,0.00006104
-1.46162839,0.00006104
-1.46130839,0.00006104
-1.46098839,0.00006104
-1.46066839,0.00006104
-1.46034839,0.00006104
-1.46002839,0.01788385
-1.45970839,0.00006104
-1.45938839,0.00006104
-1.45906839,0.00006104
-1.45874839,0.00006104
-1.45842839,0.00006104
-1.45810839,0.00006104
-1.45778839,0.00006104
-1.45746839,0.00006104
-1.45714839,0.00006104
-1.45682839,0.01788385
-1.45650839,0.00006104
-1.45618839,0.00006104
-1.45586839,0.00006104
-1.45554839,0.00006104
-1.45522839,0.00006104
-1.45490839,0.00006104
-1.45458839,0.00006104
-1.45426839,0.01788385
-1.45394839,0.00006104
-1.45362839,0.00006104
-1.45330839,0.00006104
-1.45298839,0.00006104
-1.45266839,0.00006104
-1.45234839,-0.01770074
-1.45202839,0.00006104
-1.45170839,0.00006104
-1.45138839,0.00006104
-1.45106839,0.00006104
-1.45074839,0.00006104
-1.45042839,0.00006104
-1.45010839,0.00006104
-1.44978839,0.00006104
-1.44946839,0.00006104
-1.44914839,0.00006104
-1.44882839,0.00006104
-1.44850839,0.00006104
-1.44818839,0.00006104
-1.44786839,0.00006104
-1.44754839,0.00006104
-1.44722839,0.01788385
-1.44690839,0.00006104
-1.44658839,0.00006104
-1.44626839,0.00006104
-1.44594839,0.00006104
-1.44562839,0.00006104
-1.44530839,0.00006104
-1.44498839,0.00006104
-1.44466839,0.00006104
-1.44434839,0.00006104
-1.44402839,0.00006104
-1.44370839,0.00006104
-1.44338839,0.00006104
-1.44306839,0.00006104
-1.44274839,0.00006104
-1.44242839,0.00006104
-1.44210839,0.00006104
-1.44178839,0.00006104
-1.44146839,0.00006104
-1.44114839,0.00006104
-1.44082839,0.00006104
-1.44050839,0.00006104
-1.44018839,0.00006104
-1.43986839,0.00006104
-1.43954839,0.00006104
-1.43922839,0.00006104
-1.43890839,0.00006104
-1.43858839,0.00006104
-1.43826839,0.00006104
-1.43794839,0.00006104
-1.43762839,0.00006104
-1.43730839,-0.01770074
-1.43698839,0.00006104
-1.43666839,0.00006104
-1.43634839,0.00006104
-1.43602839,0.00006104
-1.43570839,0.00006104
-1.43538839,-0.01770074
-1.43506839,0.00006104
-1.43474839,0.00006104
-1.43442839,0.00006104
-1.43410839,0.00006104
-1.43378839,0.00006104
-1.43346839,0.00006104
-1.43314839,0.00006104
-1.43282839,0.00006104
-1.43250839,0.00006104
-1.43218839,0.00006104
-1.43186839,0.00006104
-1.43154839,0.00006104
-1.43122839,0.00006104
-1.43090839,0.00006104
-1.43058839,0.00006104
-1.43026839,0.00006104
-1.42994839,0.00006104
-1.42962839,0.00006104
-1.42930839,0.00006104
-1.42898839,0.00006104
-1.42866839,0.00006104
-1.42834839,0.00006104
-1.42802839,0.00006104
-1.42770839,0.00006104
-1.42738839,0.00006104
-1.42706839,0.00006104
-1.42674839,0.00006104
-1.42642839,0.00006104
-1.42610839,0.00006104
-1.42578839,0.00006104
-1.42546839,0.00006104
-1.42514839,0.00006104
-1.42482839,0.00006104
-1.42450839,0.00006104
-1.42418839,0.00006104
-1.42386839,0.00006104
-1.42354839,0.00006104
-1.42322839,0.00006104
-1.42290839,0.00006104
-1.42258839,0.00006104
-1.42226839,0.00006104
-1.42194839,0.00006104
-1.42162839,0.00006104
-1.42130839,0.00006104
-1.42098839,0.00006104
-1.42066839,0.00006104
-1.42034839,0.00006104
-1.42002839,0.00006104
-1.41970839,0.00006104
-1.41938839,0.00006104
-1.41906839,0.00006104
-1.41874839,0.00006104
-1.41842839,0.00006104
-1.41810839,0.00006104
-1.41778839,0.00006104
-1.41746839,0.00006104
-1.41714839,0.00006104
-1.41682839,0.00006104
-1.41650839,0.00006104
-1.41618839,0.00006104
-1.41586839,0.00006104
-1.41554839,0.00006104
-1.41522839,0.00006104
-1.41490839,0.00006104
-1.41458839,0.00006104
-1.41426839,0.00006104
-1.41394839,0.00006104
-1.41362839,0.00006104
-1.41330839,0.00006104
-1.41298839,0.00006104
-1.41266839,0.00006104
-1.41234839,0.00006104
-1.41202839,0.00006104
-1.41170839,0.00006104
-1.41138839,0.00006104
-1.41106839,0.00006104
-1.41074839,0.00006104
-1.41042839,0.00006104
-1.41010839,0.00006104
-1.40978839,0.00006104
-1.40946839,0.00006104
-1.40914839,0.00006104
-1.40882839,0.00006104
-1.40850839,0.00006104
-1.40818839,0.00006104
-1.40786839,0.00006104
-1.40754839,-0.01770074
-1.40722839,0.00006104
-1.40690839,0.00006104
-1.40658839,0.00006104
-1.40626839,0.00006104
-1.40594839,0.00006104
-1.40562839,0.00006104
-1.40530839,0.00006104
-1.40498839,0.00006104
-1.40466839,0.00006104
-1.40434839,0.00006104
-1.40402839,0.00006104
-1.40370839,0.00006104
-1.40338839,0.00006104
-1.40306839,0.00006104
-1.40274839,0.00006104
-1.40242839,0.00006104
-1.40210839,0.00006104
-1.40178839,0.00006104
-1.40146839,0.00006104
-1.40114839,0.00006104
-1.40082839,0.00006104
-1.40050839,0.00006104
-1.40018839,0.00006104
-1.39986839,0.00006104
-1.39954839,0.00006104
-1.39922839,0.00006104
-1.39890839,0.00006104
-1.39858839,0.00006104
-1.39826839,0.00006104
-1.39794839,0.00006104
-1.39762839,0.00006104
-1.39730839,0.00006104
-1.39698839,0.00006104
-1.39666839,0.00006104
-1.39634839,0.00006104
-1.39602839,0.00006104
-1.39570839,0.00006104
-1.39538839,0.00006104
-1.39506839,0.00006104
-1.39474839,0.00006104
-1.39442839,0.00006104
-1.39410839,0.00006104
-1.39378839,0.00006104
-1.39346839,0.00006104
-1.39314839,0.00006104
-1.39282839,0.00006104
-1.39250839,0.00006104
-1.39218839,0.00006104
-1.39186839,0.00006104
-1.39154839,0.00006104
-1.39122839,0.00006104
-1.39090839,0.00006104
-1.39058839,0.00006104
-1.39026839,0.00006104
-1.38994839,0.00006104
-1.38962839,0.00006104
-1.38930839,0.00006104
-1.38898839,0.00006104
-1.38866839,0.00006104
-1.38834839,0.00006104
-1.38802839,-0.01770074
-1.38770839,0.00006104
-1.38738839,0.00006104
-1.38706839,0.00006104
-1.38674839,0.00006104
-1.38642839,0.00006104
-1.38610839,0.00006104
-1.38578839,0.00006104
-1.38546839,-0.01770074
-1.38514839,0.00006104
-1.38482839,0.00006104
-1.38450839,0.00006104
-1.38418839,0.00006104
-1.38386839,0.00006104
-1.38354839,0.00006104
-1.38322839,0.00006104
-1.38290839,0.00006104
-1.38258839,0.00006104
-1.38226839,0.00006104
-1.38194839,0.00006104
-1.38162839,0.00006104
-1.38130839,0.00006104
-1.38098839,0.00006104
-1.38066839,0.00006104
-1.38034839,0.00006104
-1.38002839,0.00006104
-1.37970839,0.00006104
-1.37938839,0.00006104
-1.37906839,0.00006104
-1.37874839,0.00006104
-1.37842839,0.00006104
-1.37810839,0.00006104
-1.37778839,0.00006104
-1.37746839,0.00006104
-1.37714839,0.00006104
-1.37682839,0.00006104
-1.37650839,0.00006104
-1.37618839,0.00006104
-1.37586839,0.00006104
-1.37554839,0.00006104
-1.37522839,-0.01770074
-1.37490839,0.00006104
-1.37458839,0.00006104
-1.37426839,0.00006104
-1.37394839,0.00006104
-1.37362839,-0.01770074
-1.37330839,-0.01770074
-1.37298839,-0.01770074
-1.37266839,0.00006104
-1.37234839,0.00006104
-1.37202839,0.00006104
-1.37170839,0.00006104
-1.37138839,0.00006104
-1.37106839,-0.01770074
-1.37074839,-0.01770074
-1.37042839,0.00006104
-1.37010839,0.00006104
-1.36978839,0.00006104
-1.36946839,0.00006104
-1.36914839,0.00006104
-1.36882839,0.00006104
-1.36850839,0.00006104
-1.36818839,0.00006104
-1.36786839,0.00006104
-1.36754839,0.00006104
-1.36722839,0.00006104
-1.36690839,0.00006104
-1.36658839,0.00006104
-1.36626839,0.00006104
-1.36594839,0.00006104
-1.36562839,0.00006104
-1.36530839,0.00006104
-1.36498839,0.00006104
-1.36466839,0.00006104
-1.36434839,-0.01770074
-1.36402839,0.00006104
-1.36370839,0.00006104
-1.36338839,0.00006104
-1.36306839,0.00006104
-1.36274839,0.00006104
-1.36242839,0.00006104
-1.36210839,0.00006104
-1.36178839,0.00006104
-1.36146839,0.00006104
-1.36114839,0.00006104
-1.36082839,0.00006104
-1.36050839,0.00006104
-1.36018839,0.00006104
-1.35986839,0.00006104
-1.35954839,0.00006104
-1.35922839,0.00006104
-1.35890839,0.00006104
-1.35858839,0.00006104
-1.35826839,0.00006104
-1.35794839,0.00006104
-1.35762839,-0.01770074
-1.35730839,0.00006104
-1.35698839,0.00006104
-1.35666839,0.00006104
-1.35634839,0.00006104
-1.35602839,0.00006104
-1.35570839,0.00006104
-1.35538839,0.00006104
-1.35506839,0.00006104
-1.35474839,0.00006104
-1.35442839,0.00006104
-1.35410839,0.00006104
-1.35378839,0.00006104
-1.35346839,0.00006104
-1.35314839,0.00006104
-1.35282839,0.00006104
-1.35250839,0.00006104
-1.35218839,0.00006104
-1.35186839,0.00006104
-1.35154839,0.00006104
-1.35122839,0.00006104
-1.35090839,0.00006104
-1.35058839,0.00006104
-1.35026839,0.00006104
-1.34994839,0.00006104
-1.34962839,0.00006104
-1.34930839,0.00006104
-1.34898839,0.00006104
-1.34866839,0.00006104
-1.34834839,0.00006104
-1.34802839,0.00006104
-1.34770839,0.00006104
-1.34738839,0.00006104
-1.34706839,0.00006104
-1.34674839,0.00006104
-1.34642839,0.00006104
-1.34610839,0.00006104
-1.34578839,0.00006104
-1.34546839,0.00006104
-1.34514839,0.00006104
-1.34482839,0.00006104
-1.34450839,0.00006104
-1.34418839,-0.01770074
-1.34386839,0.00006104
-1.34354839,0.00006104
-1.34322839,0.00006104
-1.34290839,0.00006104
-1.34258839,0.00006104
-1.34226839,0.00006104
-1.34194839,0.00006104
-1.34162839,0.00006104
-1.34130839,0.00006104
-1.34098839,0.00006104
-1.34066839,0.00006104
-1.34034839,0.00006104
-1.34002839,0.00006104
-1.33970839,0.00006104
-1.33938839,0.00006104
-1.33906839,0.00006104
-1.33874839,0.00006104
-1.33842839,0.00006104
-1.33810839,0.00006104
-1.33778839,0.00006104
-1.33746839,0.00006104
-1.33714839,-0.01770074
-1.33682839,0.00006104
-1.33650839,0.00006104
-1.33618839,0.00006104
-1.33586839,0.00006104
-1.33554839,0.00006104
-1.33522839,0.00006104
-1.33490839,0.00006104
-1.33458839,0.00006104
-1.33426839,0.00006104
-1.33394839,0.00006104
-1.33362839,0.00006104
-1.33330839,0.00006104
-1.33298839,0.00006104
-1.33266839,0.00006104
-1.33234839,0.00006104
-1.33202839,0.00006104
-1.33170839,0.00006104
-1.33138839,0.00006104
-1.33106839,-0.01770074
-1.33074839,0.00006104
-1.33042839,0.00006104
-1.33010839,0.00006104
-1.32978839,0.00006104
-1.32946839,0.00006104
-1.32914839,0.00006104
-1.32882839,0.00006104
-1.32850839,0.00006104
-1.32818839,0.00006104
-1.32786839,0.00006104
-1.32754839,-0.01770074
-1.32722839,0.00006104
-1.32690839,0.00006104
-1.32658839,0.00006104
-1.32626839,0.00006104
-1.32594839,0.00006104
-1.32562839,0.00006104
-1.32530839,0.00006104
-1.32498839,0.00006104
-1.32466839,0.00006104
-1.32434839,-0.01770074
-1.32402839,0.00006104
-1.32370839,0.00006104
-1.32338839,0.00006104
-1.32306839,0.00006104
-1.32274839,0.00006104
-1.32242839,0.00006104
-1.32210839,0.00006104
-1.32178839,0.00006104
-1.32146839,0.00006104
-1.32114839,0.00006104
-1.32082839,0.00006104
-1.32050839,0.00006104
-1.32018839,0.00006104
-1.31986839,0.00006104
-1.31954839,0.00006104
-1.31922839,0.00006104
-1.31890839,0.00006104
-1.31858839,0.00006104
-1.31826839,0.00006104
-1.31794839,0.00006104
-1.31762839,0.00006104
-1.31730839,0.00006104
-1.31698839,0.00006104
-1.31666839,-0.01770074
-1.31634839,0.00006104
-1.31602839,0.00006104
-1.31570839,0.00006104
-1.31538839,0.00006104
-1.31506839,0.00006104
-1.31474839,0.00006104
-1.31442839,0.00006104
-1.31410839,0.00006104
-1.31378839,0.00006104
-1.31346839,0.00006104
-1.31314839,0.00006104
-1.31282839,0.00006104
-1.31250839,0.00006104
-1.31218839,0.00006104
-1.31186839,0.00006104
-1.31154839,0.00006104
-1.31122839,0.00006104
-1.31090839,0.00006104
-1.31058839,0.00006104
-1.31026839,0.00006104
-1.30994839,0.00006104
-1.30962839,0.00006104
-1.30930839,0.00006104
-1.30898839,0.00006104
-1.30866839,0.00006104
-1.30834839,-0.01770074
-1.30802839,0.00006104
-1.30770839,0.00006104
-1.30738839,0.00006104
-1.30706839,0.00006104
-1.30674839,0.00006104
-1.30642839,0.00006104
-1.30610839,0.00006104
-1.30578839,-0.01770074
-1.30546839,0.00006104
-1.30514839,0.00006104
-1.30482839,0.00006104
-1.30450839,0.00006104
-1.30418839,0.00006104
-1.30386839,0.00006104
-1.30354839,0.00006104
-1.30322839,0.00006104
-1.30290839,0.00006104
-1.30258839,0.00006104
-1.30226839,0.00006104
-1.30194839,0.00006104
-1.30162839,0.00006104
-1.30130839,0.00006104
-1.30098839,0.00006104
-1.30066839,0.00006104
-1.30034839,-0.01770074
-1.30002839,0.00006104
-1.29970839,0.00006104
-1.29938839,0.00006104
-1.29906839,0.00006104
-1.29874839,0.00006104
-1.29842839,0.00006104
-1.29810839,0.00006104
-1.29778839,0.00006104
-1.29746839,0.00006104
-1.29714839,0.00006104
-1.29682839,0.00006104
-1.29650839,0.00006104
-1.29618839,-0.01770074
-1.29586839,0.00006104
-1.29554839,0.00006104
-1.29522839,0.00006104
-1.29490839,0.00006104
-1.29458839,0.00006104
-1.29426839,0.00006104
-1.29394839,0.00006104
-1.29362839,0.00006104
-1.29330839,0.00006104
-1.29298839,0.00006104
-1.29266839,-0.01770074
-1.29234839,0.00006104
-1.29202839,0.00006104
-1.29170839,0.00006104
-1.29138839,0.00006104
-1.29106839,0.00006104
-1.29074839,0.00006104
-1.29042839,0.00006104
-1.29010839,0.00006104
-1.28978839,-0.01770074
-1.28946839,0.00006104
-1.28914839,0.00006104
-1.28882839,0.00006104
-1.28850839,0.00006104
-1.28818839,0.00006104
-1.28786839,0.00006104
-1.28754839,0.00006104
-1.28722839,0.00006104
-1.28690839,0.00006104
-1.28658839,0.00006104
-1.28626839,0.00006104
-1.28594839,0.00006104
-1.28562839,0.00006104
-1.28530839,0.00006104
-1.28498839,0.00006104
-1.28466839,0.00006104
-1.28434839,0.00006104
-1.28402839,0.00006104
-1.28370839,0.00006104
-1.28338839,0.00006104
-1.28306839,0.00006104
-1.28274839,0.00006104
-1.28242839,0.00006104
-1.28210839,0.00006104
-1.28178839,0.00006104
-1.28146839,0.00006104
-1.28114839,0.00006104
-1.28082839,0.00006104
-1.28050839,0.00006104
-1.28018839,0.00006104
-1.27986839,-0.01770074
-1.27954839,0.00006104
-1.27922839,0.00006104
-1.27890839,0.00006104
-1.27858839,0.00006104
-1.27826839,0.00006104
-1.27794839,0.00006104
-1.27762839,0.00006104
-1.27730839,0.00006104
-1.27698839,0.00006104
-1.27666839,0.00006104
-1.27634839,0.00006104
-1.27602839,0.00006104
-1.27570839,0.00006104
-1.27538839,0.00006104
-1.27506839,0.00006104
-1.27474839,0.00006104
-1.27442839,0.00006104
-1.27410839,0.00006104
-1.27378839,0.00006104
-1.27346839,0.00006104
-1.27314839,0.00006104
-1.27282839,0.00006104
-1.27250839,0.00006104
-1.27218839,0.00006104
-1.27186839,0.00006104
-1.27154839,0.00006104
-1.27122839,0.00006104
-1.27090839,0.00006104
-1.27058839,0.00006104
-1.27026839,0.00006104
-1.26994839,0.00006104
-1.26962839,0.00006104
-1.26930839,0.00006104
-1.26898839,0.00006104
-1.26866839,0.00006104
-1.26834839,0.00006104
-1.26802839,0.00006104
-1.26770839,0.00006104
-1.26738839,0.00006104
-1.26706839,0.00006104
-1.26674839,0.00006104
-1.26642839,0.00006104
-1.26610839,0.00006104
-1.26578839,0.00006104
-1.26546839,0.00006104
-1.26514839,0.00006104
-1.26482839,0.00006104
-1.26450839,0.00006104
-1.26418839,0.00006104
-1.26386839,0.00006104
-1.26354839,0.00006104
-1.26322839,0.00006104
-1.26290839,0.00006104
-1.26258839,0.00006104
-1.26226839,0.00006104
-1.26194839,0.00006104
-1.26162839,0.00006104
-1.26130839,0.00006104
-1.26098839,0.00006104
-1.26066839,0.00006104
-1.26034839,0.00006104
-1.26002839,0.00006104
-1.25970839,0.00006104
-1.25938839,0.00006104
-1.25906839,0.00006104
-1.25874839,0.00006104
-1.25842839,0.00006104
-1.25810839,0.00006104
-1.25778839,0.00006104
-1.25746839,0.00006104
-1.25714839,0.00006104
-1.25682839,0.00006104
-1.25650839,0.00006104
-1.25618839,0.00006104
-1.25586839,0.00006104
-1.25554839,0.00006104
-1.25522839,0.00006104
-1.25490839,0.00006104
-1.25458839,0.00006104
-1.25426839,0.00006104
-1.25394839,0.00006104
-1.25362839,0.00006104
-1.25330839,0.00006104
-1.25298839,0.00006104
-1.25266839,0.00006104
-1.25234839,0.00006104
-1.25202839,-0.01770074
-1.25170839,0.00006104
-1.25138839,0.00006104
-1.25106839,0.00006104
-1.25074839,-0.01770074
-1.25042839,0.00006104
-1.25010839,0.00006104
-1.24978839,0.00006104
-1.24946839,0.00006104
-1.24914839,0.00006104
-1.24882839,0.00006104
-1.24850839,0.00006104
-1.24818839,0.00006104
-1.24786839,0.00006104
-1.24754839,0.00006104
-1.24722839,0.00006104
-1.24690839,0.00006104
-1.24658839,0.00006104
-1.24626839,0.00006104
-1.24594839,0.00006104
-1.24562839,0.00006104
-1.24530839,0.00006104
-1.24498839,0.00006104
-1.24466839,0.00006104
-1.24434839,0.00006104
-1.24402839,0.00006104
-1.24370839,0.00006104
-1.24338839,0.00006104
-1.24306839,0.00006104
-1.24274839,-0.01770074
-1.24242839,0.00006104
-1.24210839,0.00006104
-1.24178839,0.00006104
-1.24146839,0.00006104
-1.24114839,0.00006104
-1.24082839,0.00006104
-1.24050839,0.00006104
-1.24018839,0.00006104
-1.23986839,0.00006104
-1.23954839,0.00006104
-1.23922839,0.00006104
-1.23890839,0.00006104
-1.23858839,-0.01770074
-1.23826839,0.00006104
-1.23794839,0.00006104
-1.23762839,0.00006104
-1.23730839,0.00006104
-1.23698839,0.00006104
-1.23666839,0.00006104
-1.23634839,0.00006104
-1.23602839,0.00006104
-1.23570839,0.00006104
-1.23538839,0.00006104
-1.23506839,0.00006104
-1.23474839,0.00006104
-1.23442839,-0.01770074
-1.23410839,0.00006104
-1.23378839,0.00006104
-1.23346839,0.00006104
-1.23314839,0.00006104
-1.23282839,0.00006104
-1.23250839,0.00006104
-1.23218839,0.00006104
-1.23186839,0.00006104
-1.23154839,0.00006104
-1.23122839,0.00006104
-1.23090839,0.00006104
-1.23058839,0.00006104
-1.23026839,0.00006104
-1.22994839,0.00006104
-1.22962839,0.00006104
-1.22930839,0.00006104
-1.22898839,0.00006104
-1.22866839,0.00006104
-1.22834839,0.00006104
-1.22802839,0.00006104
-1.22770839,0.00006104
-1.22738839,0.00006104
-1.22706839,0.00006104
-1.22674839,-0.01770074
-1.22642839,0.00006104
-1.22610839,0.00006104
-1.22578839,0.00006104
-1.22546839,0.00006104
-1.22514839,0.00006104
-1.22482839,0.00006104
-1.22450839,0.00006104
-1.22418839,0.00006104
-1.22386839,0.00006104
-1.22354839,0.00006104
-1.22322839,0.00006104
-1.22290839,0.00006104
-1.22258839,0.00006104
-1.22226839,0.00006104
-1.22194839,0.00006104
-1.22162839,0.00006104
-1.22130839,0.00006104
-1.22098839,0.00006104
-1.22066839,0.00006104
-1.22034839,0.00006104
-1.22002839,0.00006104
-1.21970839,0.00006104
-1.21938839,0.00006104
-1.21906839,0.00006104
-1.21874839,0.00006104
-1.21842839,0.00006104
-1.21810839,0.00006104
-1.21778839,0.00006104
-1.21746839,0.00006104
-1.21714839,0.00006104
-1.21682839,0.00006104
-1.21650839,0.00006104
-1.21618839,0.00006104
-1.21586839,0.00006104
-1.21554839,0.00006104
-1.21522839,0.00006104
-1.21490839,0.00006104
-1.21458839,0.00006104
-1.21426839,0.00006104
-1.21394839,0.00006104
-1.21362839,0.00006104
-1.21330839,0.00006104
-1.21298839,0.00006104
-1.21266839,0.00006104
-1.21234839,0.00006104
-1.21202839,0.00006104
-1.21170839,-0.01770074
-1.21138839,0.00006104
-1.21106839,0.00006104
-1.21074839,0.00006104
-1.21042839,0.00006104
-1.21010839,0.00006104
-1.20978839,0.00006104
-1.20946839,0.00006104
-1.20914839,0.00006104
-1.20882839,0.00006104
-1.20850839,0.00006104
-1.20818839,-0.01770074
-1.20786839,0.00006104
-1.20754839,0.00006104
-1.20722839,0.00006104
-1.20690839,-0.01770074
-1.20658839,0.00006104
-1.20626839,0.00006104
-1.20594839,0.00006104
-1.20562839,0.00006104
-1.20530839,0.00006104
-1.20498839,0.00006104
-1.20466839,0.00006104
-1.20434839,0.00006104
-1.20402839,0.00006104
-1.20370839,0.00006104
-1.20338839,0.00006104
-1.20306839,0.00006104
-1.20274839,0.00006104
-1.20242839,0.00006104
-1.20210839,-0.01770074
-1.20178839,0.00006104
-1.20146839,0.00006104
-1.20114839,0.00006104
-1.20082839,0.00006104
-1.20050839,0.00006104
-1.20018839,0.00006104
-1.19986839,0.00006104
-1.19954839,0.00006104
-1.19922839,0.00006104
-1.19890839,0.00006104
-1.19858839,0.00006104
-1.19826839,0.00006104
-1.19794839,0.00006104
-1.19762839,0.00006104
-1.19730839,0.00006104
-1.19698839,0.00006104
-1.19666839,0.00006104
-1.19634839,0.00006104
-1.19602839,0.00006104
-1.19570839,0.00006104
-1.19538839,0.00006104
-1.19506839,0.00006104
-1.19474839,0.00006104
-1.19442839,0.00006104
-1.19410839,0.00006104
-1.19378839,0.00006104
-1.19346839,0.00006104
-1.19314839,0.00006104
-1.19282839,0.00006104
-1.19250839,0.00006104
-1.19218839,0.00006104
-1.19186839,0.00006104
-1.19154839,0.00006104
-1.19122839,0.00006104
-1.19090839,0.00006104
-1.19058839,0.00006104
-1.19026839,0.00006104
-1.18994839,0.00006104
-1.18962839,0.00006104
-1.18930839,0.00006104
-1.18898839,0.00006104
-1.18866839,0.00006104
-1.18834839,0.00006104
-1.18802839,0.00006104
-1.18770839,0.00006104
-1.18738839,0.00006104
-1.18706839,0.00006104
-1.18674839,0.00006104
-1.18642839,0.00006104
-1.18610839,0.00006104
-1.18578839,-0.01770074
-1.18546839,0.00006104
-1.18514839,0.00006104
-1.18482839,0.00006104
-1.18450839,0.00006104
-1.18418839,-0.01770074
-1.18386839,0.00006104
-1.18354839,0.00006104
-1.18322839,0.00006104
-1.18290839,0.00006104
-1.18258839,0.00006104
-1.18226839,0.00006104
-1.18194839,0.00006104
-1.18162839,0.00006104
-1.18130839,0.00006104
-1.18098839,0.00006104
-1.18066839,-0.01770074
-1.18034839,0.00006104
-1.18002839,0.00006104
-1.17970839,0.00006104
-1.17938839,0.00006104
-1.17906839,0.00006104
-1.17874839,0.00006104
-1.17842839,0.00006104
-1.17810839,0.00006104
-1.17778839,0.00006104
-1.17746839,0.00006104
-1.17714839,-0.01770074
-1.17682839,0.00006104
-1.17650839,0.00006104
-1.17618839,0.00006104
-1.17586839,-0.01770074
-1.17554839,0.00006104
-1.17522839,0.00006104
-1.17490839,0.00006104
-1.17458839,0.00006104
-1.17426839,0.00006104
-1.17394839,0.00006104
-1.17362839,0.00006104
-1.17330839,0.00006104
-1.17298839,0.00006104
-1.17266839,0.00006104
-1.17234839,0.00006104
-1.17202839,0.00006104
-1.17170839,0.00006104
-1.17138839,0.00006104
-1.17106839,0.00006104
-1.17074839,0.00006104
-1.17042839,0.00006104
-1.17010839,0.00006104
-1.16978839,0.00006104
-1.16946839,0.00006104
-1.16914839,0.00006104
-1.16882839,0.00006104
-1.16850839,0.00006104
-1.16818839,0.00006104
-1.16786839,0.00006104
-1.16754839,0.00006104
-1.16722839,0.00006104
-1.16690839,0.00006104
-1.16658839,0.00006104
-1.16626839,0.00006104
-1.16594839,0.00006104
-1.16562839,0.00006104
-1.16530839,0.00006104
-1.16498839,0.00006104
-1.16466839,0.00006104
-1.16434839,0.00006104
-1.16402839,0.00006104
-1.16370839,0.00006104
-1.16338839,0.00006104
-1.16306839,0.00006104
-1.16274839,0.00006104
-1.16242839,0.00006104
-1.16210839,0.00006104
-1.16178839,0.00006104
-1.16146839,0.00006104
-1.16114839,0.00006104
-1.16082839,0.00006104
-1.16050839,0.00006104
-1.16018839,0.00006104
-1.15986839,0.00006104
-1.15954839,0.00006104
-1.15922839,0.00006104
-1.15890839,0.00006104
-1.15858839,0.00006104
-1.15826839,0.00006104
-1.15794839,0.00006104
-1.15762839,0.00006104
-1.15730839,0.00006104
-1.15698839,0.00006104
-1.15666839,0.00006104
-1.15634839,0.00006104
-1.15602839,0.00006104
-1.15570839,0.00006104
-1.15538839,0.00006104
-1.15506839,0.00006104
-1.15474839,0.00006104
-1.15442839,0.00006104
-1.15410839,-0.01770074
-1.15378839,0.00006104
-1.15346839,0.00006104
-1.15314839,0.00006104
-1.15282839,0.00006104
-1.15250839,0.00006104
-1.15218839,0.00006104
-1.15186839,0.00006104
-1.15154839,0.00006104
-1.15122839,0.00006104
-1.15090839,0.00006104
-1.15058839,0.00006104
-1.15026839,0.00006104
-1.14994839,0.00006104
-1.14962839,0.00006104
-1.14930839,0.00006104
-1.14898839,0.00006104
-1.14866839,0.00006104
-1.14834839,0.00006104
-1.14802839,0.00006104
-1.14770839,0.00006104
-1.14738839,0.00006104
-1.14706839,-0.01770074
-1.14674839,0.00006104
-1.14642839,0.00006104
-1.14610839,0.00006104
-1.14578839,0.00006104
-1.14546839,0.00006104
-1.14514839,0.00006104
-1.14482839,0.00006104
-1.14450839,0.00006104
-1.14418839,0.00006104
-1.14386839,0.00006104
-1.14354839,0.00006104
-1.14322839,0.00006104
-1.14290839,0.00006104
-1.14258839,0.00006104
-1.14226839,0.00006104
-1.14194839,-0.01770074
-1.14162839,0.00006104
-1.14130839,0.00006104
-1.14098839,0.00006104
-1.14066839,0.00006104
-1.14034839,-0.01770074
-1.14002839,0.00006104
-1.13970839,0.00006104
-1.13938839,0.00006104
-1.13906839,0.00006104
-1.13874839,0.00006104
-1.13842839,0.00006104
-1.13810839,0.00006104
-1.13778839,0.00006104
-1.13746839,0.00006104
-1.13714839,0.00006104
-1.13682839,0.00006104
-1.13650839,0.00006104
-1.13618839,0.00006104
-1.13586839,0.01788385
-1.13554839,0.00006104
-1.13522839,0.00006104
-1.13490839,0.00006104
-1.13458839,0.00006104
-1.13426839,0.00006104
-1.13394839,-0.01770074
-1.13362839,0.00006104
-1.13330839,0.00006104
-1.13298839,0.00006104
-1.13266839,0.00006104
-1.13234839,0.00006104
-1.13202839,0.00006104
-1.13170839,0.00006104
-1.13138839,0.00006104
-1.13106839,0.00006104
-1.13074839,0.00006104
-1.13042839,0.00006104
-1.13010839,0.00006104
-1.12978839,0.00006104
-1.12946839,0.00006104
-1.12914839,0.00006104
-1.12882839,0.00006104
-1.12850839,0.00006104
-1.12818839,0.00006104
-1.12786839,0.00006104
-1.12754839,0.00006104
-1.12722839,0.00006104
-1.12690839,0.00006104
-1.12658839,0.00006104
-1.12626839,0.00006104
-1.12594839,0.00006104
-1.12562839,0.00006104
-1.12530839,0.00006104
-1.12498839,0.00006104
-1.12466839,-0.01770074
-1.12434839,0.00006104
-1.12402839,0.00006104
-1.12370839,0.00006104
-1.12338839,0.00006104
-1.12306839,0.00006104
-1.12274839,0.00006104
-1.12242839,0.00006104
-1.12210839,0.00006104
-1.12178839,0.00006104
-1.12146839,0.00006104
-1.12114839,0.00006104
-1.12082839,0.00006104
-1.12050839,0.00006104
-1.12018839,0.00006104
-1.11986839,0.00006104
-1.11954839,0.00006104
-1.11922839,0.00006104
-1.11890839,0.00006104
-1.11858839,0.00006104
-1.11826839,0.00006104
-1.11794839,0.00006104
-1.11762839,0.00006104
-1.11730839,0.00006104
-1.11698839,0.00006104
-1.11666839,0.00006104
-1.11634839,0.00006104
-1.11602839,0.00006104
-1.11570839,0.00006104
-1.11538839,0.00006104
-1.11506839,0.00006104
-1.11474839,0.00006104
-1.11442839,0.00006104
-1.11410839,0.00006104
-1.11378839,0.00006104
-1.11346839,-0.01770074
-1.11314839,0.00006104
-1.11282839,0.00006104
-1.11250839,0.00006104
-1.11218839,0.00006104
-1.11186839,0.00006104
-1.11154839,0.00006104
-1.11122839,0.00006104
-1.11090839,0.00006104
-1.11058839,0.00006104
-1.11026839,0.00006104
-1.10994839,0.00006104
-1.10962839,0.00006104
-1.10930839,0.00006104
-1.10898839,0.00006104
-1.10866839,0.00006104
-1.10834839,0.00006104
-1.10802839,0.00006104
-1.10770839,0.00006104
-1.10738839,0.00006104
-1.10706839,0.00006104
-1.10674839,0.00006104
-1.10642839,0.00006104
-1.10610839,0.00006104
-1.10578839,0.00006104
-1.10546839,0.00006104
-1.10514839,0.00006104
-1.10482839,0.00006104
-1.10450839,0.00006104
-1.10418839,0.00006104
-1.10386839,0.00006104
-1.10354839,0.00006104
-1.10322839,0.00006104
-1.10290839,0.00006104
-1.10258839,0.00006104
-1.10226839,0.00006104
-1.10194839,0.00006104
-1.10162839,0.00006104
-1.10130839,0.00006104
-1.10098839,0.00006104
-1.10066839,0.00006104
-1.10034839,0.00006104
-1.10002839,0.00006104
-1.09970839,0.00006104
-1.09938839,0.00006104
-1.09906839,0.00006104
-1.09874839,0.00006104
-1.09842839,0.00006104
-1.09810839,0.00006104
-1.09778839,0.00006104
-1.09746839,0.00006104
-1.09714839,0.00006104
-1.09682839,0.00006104
-1.09650839,0.00006104
-1.09618839,0.00006104
-1.09586839,-0.01770074
-1.09554839,0.00006104
-1.09522839,0.00006104
-1.09490839,0.00006104
-1.09458839,0.00006104
-1.09426839,0.00006104
-1.09394839,0.00006104
-1.09362839,0.00006104
-1.09330839,0.00006104
-1.09298839,0.00006104
-1.09266839,0.00006104
-1.09234839,0.00006104
-1.09202839,0.00006104
-1.09170839,0.00006104
-1.09138839,0.00006104
-1.09106839,0.00006104
-1.09074839,0.00006104
-1.09042839,0.00006104
-1.09010839,0.00006104
-1.08978839,0.00006104
-1.08946839,0.00006104
-1.08914839,0.00006104
-1.08882839,0.00006104
-1.08850839,0.00006104
-1.08818839,0.00006104
-1.08786839,0.00006104
-1.08754839,0.00006104
-1.08722839,0.00006104
-1.08690839,0.00006104
-1.08658839,0.00006104
-1.08626839,0.00006104
-1.08594839,0.00006104
-1.08562839,0.00006104
-1.08530839,0.00006104
-1.08498839,0.00006104
-1.08466839,0.00006104
-1.08434839,0.00006104
-1.08402839,0.00006104
-1.08370839,0.00006104
-1.08338839,0.00006104
-1.08306839,0.00006104
-1.08274839,0.00006104
-1.08242839,0.00006104
-1.08210839,0.00006104
-1.08178839,0.00006104
-1.08146839,0.00006104
-1.08114839,0.00006104
-1.08082839,0.00006104
-1.08050839,0.00006104
-1.08018839,0.00006104
-1.07986839,0.00006104
-1.07954839,0.00006104
-1.07922839,0.00006104
-1.07890839,0.00006104
-1.07858839,0.00006104
-1.07826839,0.00006104
-1.07794839,0.00006104
-1.07762839,0.00006104
-1.07730839,0.00006104
-1.07698839,0.00006104
-1.07666839,0.00006104
-1.07634839,0.00006104
-1.07602839,0.00006104
-1.07570839,0.00006104
-1.07538839,0.00006104
-1.07506839,0.00006104
-1.07474839,0.00006104
-1.07442839,0.00006104
-1.07410839,0.00006104
-1.07378839,0.00006104
-1.07346839,0.00006104
-1.07314839,0.00006104
-1.07282839,0.00006104
-1.07250839,0.00006104
-1.07218839,0.00006104
-1.07186839,0.00006104
-1.07154839,0.00006104
-1.07122839,0.00006104
-1.07090839,0.00006104
-1.07058839,0.00006104
-1.07026839,0.00006104
-1.06994839,0.00006104
-1.06962839,0.00006104
-1.06930839,0.00006104
-1.06898839,0.00006104
-1.06866839,0.00006104
-1.06834839,0.00006104
-1.06802839,0.00006104
-1.06770839,-0.01770074
-1.06738839,0.00006104
-1.06706839,0.00006104
-1.06674839,0.00006104
-1.06642839,0.00006104
-1.06610839,0.00006104
-1.06578839,0.00006104
-1.06546839,0.00006104
-1.06514839,0.00006104
-1.06482839,0.00006104
-1.06450839,0.00006104
-1.06418839,0.00006104
-1.06386839,0.00006104
-1.06354839,0.00006104
-1.06322839,0.00006104
-1.06290839,0.00006104
-1.06258839,0.00006104
-1.06226839,0.00006104
-1.06194839,0.00006104
-1.06162839,-0.01770074
-1.06130839,0.00006104
-1.06098839,0.00006104
-1.06066839,0.00006104
-1.06034839,0.00006104
-1.06002839,0.00006104
-1.05970839,0.00006104
-1.05938839,0.00006104
-1.05906839,0.00006104
-1.05874839,0.00006104
-1.05842839,0.00006104
-1.05810839,0.00006104
-1.05778839,0.00006104
-1.05746839,0.00006104
-1.05714839,0.00006104
-1.05682839,-0.01770074
-1.05650839,0.00006104
-1.05618839,0.00006104
-1.05586839,0.00006104
-1.05554839,0.00006104
-1.05522839,0.00006104
-1.05490839,0.00006104
-1.05458839,0.00006104
-1.05426839,0.00006104
-1.05394839,0.00006104
-1.05362839,0.00006104
-1.05330839,0.00006104
-1.05298839,0.00006104
-1.05266839,0.00006104
-1.05234839,0.00006104
-1.05202839,0.00006104
-1.05170839,0.00006104
-1.05138839,0.00006104
-1.05106839,0.00006104
-1.05074839,0.00006104
-1.05042839,0.00006104
-1.05010839,0.00006104
-1.04978839,0.00006104
-1.04946839,0.00006104
-1.04914839,0.00006104
-1.04882839,0.00006104
-1.04850839,0.00006104
-1.04818839,0.00006104
-1.04786839,0.00006104
-1.04754839,0.00006104
-1.04722839,0.00006104
-1.04690839,0.00006104
-1.04658839,0.00006104
-1.04626839,0.00006104
-1.04594839,0.00006104
-1.04562839,0.00006104
-1.04530839,0.00006104
-1.04498839,0.00006104
-1.04466839,0.00006104
-1.04434839,0.00006104
-1.04402839,0.00006104
-1.04370839,0.00006104
-1.04338839,0.00006104
-1.04306839,0.00006104
-1.04274839,0.00006104
-1.04242839,0.00006104
-1.04210839,0.00006104
-1.04178839,0.00006104
-1.04146839,0.00006104
-1.04114839,0.00006104
-1.04082839,0.00006104
-1.04050839,0.00006104
-1.04018839,0.00006104
-1.03986839,0.00006104
-1.03954839,0.00006104
-1.03922839,0.00006104
-1.03890839,0.00006104
-1.03858839,0.00006104
-1.03826839,0.00006104
-1.03794839,0.00006104
-1.03762839,0.00006104
-1.03730839,0.00006104
-1.03698839,0.00006104
-1.03666839,0.00006104
-1.03634839,0.00006104
-1.03602839,0.00006104
-1.03570839,0.00006104
-1.03538839,0.00006104
-1.03506839,0.00006104
-1.03474839,0.00006104
-1.03442839,0.00006104
-1.03410839,0.00006104
-1.03378839,0.00006104
-1.03346839,0.00006104
-1.03314839,-0.01770074
-1.03282839,0.00006104
-1.03250839,0.00006104
-1.03218839,0.00006104
-1.03186839,0.00006104
-1.03154839,0.00006104
-1.03122839,0.00006104
-1.03090839,0.00006104
-1.03058839,0.00006104
-1.03026839,0.00006104
-1.02994839,0.00006104
-1.02962839,0.00006104
-1.02930839,0.00006104
-1.02898839,0.00006104
-1.02866839,0.00006104
-1.02834839,0.00006104
-1.02802839,-0.01770074
-1.02770839,0.00006104
-1.02738839,0.00006104
-1.02706839,0.00006104
-1.02674839,0.00006104
-1.02642839,0.00006104
-1.02610839,0.00006104
-1.02578839,0.00006104
-1.02546839,0.00006104
-1.02514839,0.00006104
-1.02482839,0.00006104
-1.02450839,0.00006104
-1.02418839,0.00006104
-1.02386839,0.00006104
-1.02354839,0.00006104
-1.02322839,0.00006104
-1.02290839,0.00006104
-1.02258839,0.00006104
-1.02226839,0.00006104
-1.02194839,0.00006104
-1.02162839,0.00006104
-1.02130839,0.00006104
-1.02098839,0.00006104
-1.02066839,0.00006104
-1.02034839,0.00006104
-1.02002839,0.00006104
-1.01970839,0.00006104
-1.01938839,0.00006104
-1.01906839,0.00006104
-1.01874839,0.00006104
-1.01842839,0.00006104
-1.01810839,0.00006104
-1.01778839,0.00006104
-1.01746839,0.00006104
-1.01714839,0.00006104
-1.01682839,0.00006104
-1.01650839,0.00006104
-1.01618839,0.00006104
-1.01586839,0.00006104
-1.01554839,0.00006104
-1.01522839,0.00006104
-1.01490839,0.00006104
-1.01458839,0.00006104
-1.01426839,0.00006104
-1.01394839,0.00006104
-1.01362839,0.00006104
-1.01330839,0.00006104
-1.01298839,0.00006104
-1.01266839,0.00006104
-1.01234839,-0.01770074
-1.01202839,0.00006104
-1.01170839,0.00006104
-1.01138839,0.00006104
-1.01106839,0.00006104
-1.01074839,0.00006104
-1.01042839,0.00006104
-1.01010839,0.00006104
-1.00978839,0.00006104
-1.00946839,0.00006104
-1.00914839,0.00006104
-1.00882839,0.00006104
-1.00850839,0.00006104
-1.00818839,0.00006104
-1.00786839,0.00006104
-1.00754839,0.00006104
-1.00722839,0.00006104
-1.00690839,0.00006104
-1.00658839,0.00006104
-1.00626839,0.00006104
-1.00594839,0.00006104
-1.00562839,0.00006104
-1.00530839,0.00006104
-1.00498839,0.00006104
-1.00466839,0.00006104
-1.00434839,0.00006104
-1.00402839,0.00006104
-1.00370839,0.00006104
-1.00338839,0.00006104
-1.00306839,0.00006104
-1.00274839,0.00006104
-1.00242839,0.00006104
-1.00210839,0.00006104
-1.00178839,0.00006104
-1.00146839,0.00006104
-1.00114839,-1.58421588
-1.00082839,-1.61980045
-1.00050839,-0.19574572
-1.00018839,0.23145238
-0.99986839,0.14246041
-0.99954839,0.03570665
-0.99922839,-0.01770074
-0.99890839,-0.03552354
-0.99858839,-0.03552354
-0.99826839,-0.03552354
-0.99794839,-∞
-0.99762839,0.76546526
-0.99730839,0.71205789
-0.99698839,-0.01770074
-0.99666839,-0.10669271
-0.99634839,0.00006104
-0.99602839,0.03570665
-0.99570839,0.03570665
-0.99538839,0.03570665
-0.99506839,0.01788385
-0.99474839,0.00006104
-0.99442839,0.00006104
-0.99410839,0.00006104
-0.99378839,0.01788385
-0.99346839,0.01788385
-0.99314839,0.01788385
-0.99282839,0.01788385
-0.99250839,0.01788385
-0.99218839,0.00006104
-0.99186839,0.01788385
-0.99154839,0.01788385
-0.99122839,0.03570665
-0.99090839,0.05346843
-0.99058839,0.05346843
-0.99026839,0.07129124
-0.98994839,0.07129124
-0.98962839,0.03570665
-0.98930839,0.07129124
-0.98898839,0.05346843
-0.98866839,0.03570665
-0.98834839,0.07129124
-0.98802839,0.07129124
-0.98770839,0.03570665
-0.98738839,0.01788385
-0.98706839,0.01788385
-0.98674839,0.03570665
-0.98642839,0.00006104
-0.98610839,-0.01770074
-0.98578839,-0.03552354
-0.98546839,-0.03552354
-0.98514839,-0.01770074
-0.98482839,0.01788385
-0.98450839,-0.01770074
-0.98418839,0.01788385
-0.98386839,0.03570665
-0.98354839,-0.05334635
-0.98322839,0.01788385
-0.98290839,0.00006104
-0.98258839,-0.01770074
-0.98226839,0.03570665
-0.98194839,0.01788385
-0.98162839,0.00006104
-0.98130839,0.03570665
-0.98098839,0.03570665
-0.98066839,0.00006104
-0.98034839,0.00006104
-0.98002839,0.00006104
-0.97970839,0.01788385
-0.97938839,0.01788385
-0.97906839,0.01788385
-0.97874839,0.01788385
-0.97842839,-0.01770074
-0.97810839,0.00006104
-0.97778839,0.01788385
-0.97746839,0.00006104
-0.97714839,0.01788385
-0.97682839,0.00006104
-0.97650839,-0.01770074
-0.97618839,0.00006104
-0.97586839,0.01788385
-0.97554839,0.00006104
-0.97522839,0.00006104
-0.97490839,0.03570665
-0.97458839,0.00006104
-0.97426839,0.00006104
-0.97394839,0.01788385
-0.97362839,0.00006104
-0.97330839,0.01788385
-0.97298839,0.01788385
-0.97266839,0.00006104
-0.97234839,0.01788385
-0.97202839,0.01788385
-0.97170839,0.00006104
-0.97138839,0.00006104
-0.97106839,0.00006104
-0.97074839,0.00006104
-0.97042839,0.00006104
-0.97010839,-0.01770074
-0.96978839,-0.01770074
-0.96946839,0.00006104
-0.96914839,0.00006104
-0.96882839,0.00006104
-0.96850839,0.00006104
-0.96818839,0.00006104
-0.96786839,0.00006104
-0.96754839,0.01788385
-0.96722839,0.01788385
-0.96690839,0.00006104
-0.96658839,0.01788385
-0.96626839,0.01788385
-0.96594839,0.01788385
-0.96562839,0.01788385
-0.96530839,0.00006104
-0.96498839,0.00006104
-0.96466839,0.00006104
-0.96434839,0.00006104
-0.96402839,0.00006104
-0.96370839,0.00006104
-0.96338839,0.00006104
-0.96306839,0.00006104
-0.96274839,0.00006104
-0.96242839,0.00006104
-0.96210839,0.00006104
-0.96178839,0.00006104
-0.96146839,0.00006104
-0.96114839,0.00006104
-0.96082839,0.00006104
-0.96050839,0.00006104
-0.96018839,0.00006104
-0.95986839,0.00006104
-0.95954839,0.00006104
-0.95922839,0.00006104
-0.95890839,-0.01770074
-0.95858839,0.00006104
-0.95826839,0.00006104
-0.95794839,0.00006104
-0.95762839,0.00006104
-0.95730839,0.00006104
-0.95698839,0.00006104
-0.95666839,0.00006104
-0.95634839,0.00006104
-0.95602839,0.00006104
-0.95570839,0.00006104
-0.95538839,0.01788385
-0.95506839,0.00006104
-0.95474839,0.00006104
-0.95442839,0.01788385
-0.95410839,0.00006104
-0.95378839,0.00006104
-0.95346839,0.00006104
-0.95314839,0.00006104
-0.95282839,0.00006104
-0.95250839,0.00006104
-0.95218839,-0.01770074
-0.95186839,0.00006104
-0.95154839,-0.01770074
-0.95122839,-0.01770074
-0.95090839,0.00006104
-0.95058839,0.00006104
-0.95026839,0.00006104
-0.94994839,0.00006104
-0.94962839,0.00006104
-0.94930839,0.00006104
-0.94898839,0.00006104
-0.94866839,0.00006104
-0.94834839,0.00006104
-0.94802839,0.00006104
-0.94770839,0.00006104
-0.94738839,0.00006104
-0.94706839,0.01788385
-0.94674839,0.00006104
-0.94642839,0.00006104
-0.94610839,0.00006104
-0.94578839,0.00006104
-0.94546839,-0.01770074
-0.94514839,0.00006104
-0.94482839,0.00006104
-0.94450839,-0.01770074
-0.94418839,0.00006104
-0.94386839,0.00006104
-0.94354839,0.00006104
-0.94322839,0.00006104
-0.94290839,-0.01770074
-0.94258839,0.00006104
-0.94226839,0.00006104
-0.94194839,0.00006104
-0.94162839,0.00006104
-0.94130839,0.00006104
-0.94098839,0.00006104
-0.94066839,0.00006104
-0.94034839,0.00006104
-0.94002839,0.00006104
-0.93970839,0.00006104
-0.93938839,0.00006104
-0.93906839,0.00006104
-0.93874839,0.00006104
-0.93842839,0.00006104
-0.93810839,0.00006104
-0.93778839,0.00006104
-0.93746839,0.00006104
-0.93714839,0.00006104
-0.93682839,0.00006104
-0.93650839,0.00006104
-0.93618839,0.00006104
-0.93586839,0.00006104
-0.93554839,0.00006104
-0.93522839,0.00006104
-0.93490839,0.00006104
-0.93458839,0.00006104
-0.93426839,0.00006104
-0.93394839,0.00006104
-0.93362839,-0.01770074
-0.93330839,0.00006104
-0.93298839,0.00006104
-0.93266839,0.00006104
-0.93234839,0.00006104
-0.93202839,0.00006104
-0.93170839,0.00006104
-0.93138839,0.01788385
-0.93106839,0.00006104
-0.93074839,0.00006104
-0.93042839,0.00006104
-0.93010839,0.00006104
-0.92978839,0.00006104
-0.92946839,0.00006104
-0.92914839,-0.01770074
-0.92882839,0.00006104
-0.92850839,0.00006104
-0.92818839,0.00006104
-0.92786839,0.00006104
-0.92754839,0.00006104
-0.92722839,0.00006104
-0.92690839,0.00006104
-0.92658839,0.00006104
-0.92626839,0.00006104
-0.92594839,0.00006104
-0.92562839,0.00006104
-0.92530839,0.00006104
-0.92498839,0.00006104
-0.92466839,0.00006104
-0.92434839,0.00006104
-0.92402839,0.00006104
-0.92370839,0.00006104
-0.92338839,0.00006104
-0.92306839,0.00006104
-0.92274839,-0.01770074
-0.92242839,0.00006104
-0.92210839,0.00006104
-0.92178839,0.00006104
-0.92146839,-0.01770074
-0.92114839,0.00006104
-0.92082839,0.00006104
-0.92050839,0.00006104
-0.92018839,0.00006104
-0.91986839,0.00006104
-0.91954839,0.00006104
-0.91922839,-0.01770074
-0.91890839,0.00006104
-0.91858839,0.00006104
-0.91826839,-0.01770074
-0.91794839,-0.01770074
-0.91762839,0.00006104
-0.91730839,0.00006104
-0.91698839,0.00006104
-0.91666839,0.00006104
-0.91634839,0.00006104
-0.91602839,0.00006104
-0.91570839,0.00006104
-0.91538839,0.00006104
-0.91506839,0.00006104
-0.91474839,0.00006104
-0.91442839,0.00006104
-0.91410839,0.00006104
-0.91378839,0.00006104
-0.91346839,0.00006104
-0.91314839,0.00006104
-0.91282839,0.00006104
-0.91250839,0.00006104
-0.91218839,0.00006104
-0.91186839,0.00006104
-0.91154839,0.00006104
-0.91122839,0.00006104
-0.91090839,0.00006104
-0.91058839,0.00006104
-0.91026839,0.00006104
-0.90994839,0.00006104
-0.90962839,0.00006104
-0.90930839,0.00006104
-0.90898839,0.00006104
-0.90866839,0.00006104
-0.90834839,0.00006104
-0.90802839,0.00006104
-0.90770839,0.00006104
-0.90738839,0.00006104
-0.90706839,0.00006104
-0.90674839,0.00006104
-0.90642839,0.00006104
-0.90610839,0.00006104
-0.90578839,0.00006104
-0.90546839,0.00006104
-0.90514839,0.00006104
-0.90482839,0.00006104
-0.90450839,0.00006104
-0.90418839,0.00006104
-0.90386839,0.00006104
-0.90354839,0.00006104
-0.90322839,0.00006104
-0.90290839,0.00006104
-0.90258839,-0.01770074
-0.90226839,0.00006104
-0.90194839,0.00006104
-0.90162839,0.00006104
-0.90130839,0.00006104
-0.90098839,0.00006104
-0.90066839,0.00006104
-0.90034839,0.00006104
-0.90002839,0.00006104
-0.89970839,0.00006104
-0.89938839,0.00006104
-0.89906839,0.00006104
-0.89874839,0.00006104
-0.89842839,0.00006104
-0.89810839,0.00006104
-0.89778839,0.00006104
-0.89746839,0.00006104
-0.89714839,0.00006104
-0.89682839,0.00006104
-0.89650839,0.00006104
-0.89618839,-0.01770074
-0.89586839,0.00006104
-0.89554839,0.00006104
-0.89522839,-0.01770074
-0.89490839,0.00006104
-0.89458839,0.00006104
-0.89426839,0.00006104
-0.89394839,0.00006104
-0.89362839,0.00006104
-0.89330839,0.00006104
-0.89298839,0.00006104
-0.89266839,0.00006104
-0.89234839,0.00006104
-0.89202839,0.00006104
-0.89170839,0.00006104
-0.89138839,0.00006104
-0.89106839,0.00006104
-0.89074839,0.00006104
-0.89042839,0.00006104
-0.89010839,0.00006104
-0.88978839,0.00006104
-0.88946839,0.00006104
-0.88914839,0.00006104
-0.88882839,-0.01770074
-0.88850839,0.00006104
-0.88818839,0.00006104
-0.88786839,0.00006104
-0.88754839,0.00006104
-0.88722839,0.00006104
-0.88690839,0.00006104
-0.88658839,-0.01770074
-0.88626839,0.00006104
-0.88594839,0.00006104
-0.88562839,0.00006104
-0.88530839,0.00006104
-0.88498839,0.00006104
-0.88466839,0.00006104
-0.88434839,0.00006104
-0.88402839,0.00006104
-0.88370839,0.00006104
-0.88338839,0.00006104
-0.88306839,0.00006104
-0.88274839,-0.01770074
-0.88242839,0.00006104
-0.88210839,0.00006104
-0.88178839,0.00006104
-0.88146839,0.00006104
-0.88114839,0.00006104
-0.88082839,0.00006104
-0.88050839,0.00006104
-0.88018839,0.00006104
-0.87986839,0.00006104
-0.87954839,0.00006104
-0.87922839,-0.01770074
-0.87890839,0.00006104
-0.87858839,0.00006104
-0.87826839,0.00006104
-0.87794839,0.00006104
-0.87762839,0.00006104
-0.87730839,0.00006104
-0.87698839,0.00006104
-0.87666839,0.00006104
-0.87634839,0.00006104
-0.87602839,0.00006104
-0.87570839,0.00006104
-0.87538839,0.00006104
-0.87506839,0.00006104
-0.87474839,0.00006104
-0.87442839,0.00006104
-0.87410839,-0.01770074
-0.87378839,0.00006104
-0.87346839,0.00006104
-0.87314839,0.00006104
-0.87282839,0.00006104
-0.87250839,0.00006104
-0.87218839,0.00006104
-0.87186839,0.00006104
-0.87154839,0.00006104
-0.87122839,0.00006104
-0.87090839,0.00006104
-0.87058839,0.00006104
-0.87026839,0.00006104
-0.86994839,0.00006104
-0.86962839,0.00006104
-0.86930839,0.00006104
-0.86898839,0.00006104
-0.86866839,0.00006104
-0.86834839,0.00006104
-0.86802839,0.00006104
-0.86770839,0.00006104
-0.86738839,0.00006104
-0.86706839,0.00006104
-0.86674839,0.00006104
-0.86642839,0.00006104
-0.86610839,0.00006104
-0.86578839,-0.01770074
-0.86546839,0.00006104
-0.86514839,0.00006104
-0.86482839,0.00006104
-0.86450839,-0.01770074
-0.86418839,0.00006104
-0.86386839,-0.01770074
-0.86354839,0.00006104
-0.86322839,0.00006104
-0.86290839,0.00006104
-0.86258839,0.00006104
-0.86226839,0.00006104
-0.86194839,0.00006104
-0.86162839,0.00006104
-0.86130839,0.00006104
-0.86098839,0.00006104
-0.86066839,0.00006104
-0.86034839,0.00006104
-0.86002839,0.00006104
-0.85970839,0.00006104
-0.85938839,-0.01770074
-0.85906839,0.00006104
-0.85874839,0.00006104
-0.85842839,0.00006104
-0.85810839,0.00006104
-0.85778839,0.00006104
-0.85746839,0.00006104
-0.85714839,0.00006104
-0.85682839,0.00006104
-0.85650839,-0.01770074
-0.85618839,0.00006104
-0.85586839,0.00006104
-0.85554839,-0.01770074
-0.85522839,0.00006104
-0.85490839,0.00006104
-0.85458839,0.00006104
-0.85426839,0.00006104
-0.85394839,0.00006104
-0.85362839,0.00006104
-0.85330839,0.00006104
-0.85298839,0.00006104
-0.85266839,0.00006104
-0.85234839,0.00006104
-0.85202839,0.00006104
-0.85170839,0.00006104
-0.85138839,0.00006104
-0.85106839,0.00006104
-0.85074839,0.00006104
-0.85042839,0.00006104
-0.85010839,0.00006104
-0.84978839,0.00006104
-0.84946839,0.00006104
-0.84914839,0.00006104
-0.84882839,0.00006104
-0.84850839,0.00006104
-0.84818839,0.00006104
-0.84786839,0.00006104
-0.84754839,0.00006104
-0.84722839,0.00006104
-0.84690839,0.00006104
-0.84658839,0.00006104
-0.84626839,0.00006104
-0.84594839,0.00006104
-0.84562839,0.00006104
-0.84530839,0.00006104
-0.84498839,0.00006104
-0.84466839,0.00006104
-0.84434839,0.00006104
-0.84402839,0.00006104
-0.84370839,0.00006104
-0.84338839,0.00006104
-0.84306839,0.00006104
-0.84274839,0.00006104
-0.84242839,0.00006104
-0.84210839,0.00006104
-0.84178839,0.00006104
-0.84146839,0.00006104
-0.84114839,0.00006104
-0.84082839,0.00006104
-0.84050839,0.00006104
-0.84018839,0.00006104
-0.83986839,0.00006104
-0.83954839,0.00006104
-0.83922839,0.00006104
-0.83890839,0.00006104
-0.83858839,0.00006104
-0.83826839,-0.01770074
-0.83794839,0.00006104
-0.83762839,0.00006104
-0.83730839,0.00006104
-0.83698839,0.00006104
-0.83666839,0.00006104
-0.83634839,0.00006104
-0.83602839,0.00006104
-0.83570839,0.00006104
-0.83538839,0.00006104
-0.83506839,0.00006104
-0.83474839,0.00006104
-0.83442839,0.00006104
-0.83410839,0.00006104
-0.83378839,0.00006104
-0.83346839,0.00006104
-0.83314839,0.00006104
-0.83282839,0.00006104
-0.83250839,0.00006104
-0.83218839,0.00006104
-0.83186839,0.00006104
-0.83154839,0.00006104
-0.83122839,0.00006104
-0.83090839,0.00006104
-0.83058839,0.00006104
-0.83026839,0.00006104
-0.82994839,0.00006104
-0.82962839,0.00006104
-0.82930839,0.00006104
-0.82898839,-0.01770074
-0.82866839,0.00006104
-0.82834839,0.00006104
-0.82802839,-0.01770074
-0.82770839,0.00006104
-0.82738839,0.00006104
-0.82706839,0.00006104
-0.82674839,0.00006104
-0.82642839,0.00006104
-0.82610839,0.00006104
-0.82578839,0.00006104
-0.82546839,0.00006104
-0.82514839,0.00006104
-0.82482839,0.00006104
-0.82450839,0.00006104
-0.82418839,0.00006104
-0.82386839,0.00006104
-0.82354839,0.00006104
-0.82322839,0.00006104
-0.82290839,0.00006104
-0.82258839,-0.01770074
-0.82226839,0.00006104
-0.82194839,0.00006104
-0.82162839,0.00006104
-0.82130839,0.00006104
-0.82098839,0.00006104
-0.82066839,0.00006104
-0.82034839,0.00006104
-0.82002839,0.00006104
-0.81970839,0.00006104
-0.81938839,0.00006104
-0.81906839,0.00006104
-0.81874839,0.00006104
-0.81842839,0.00006104
-0.81810839,0.00006104
-0.81778839,-0.01770074
-0.81746839,0.00006104
-0.81714839,-0.01770074
-0.81682839,0.00006104
-0.81650839,0.00006104
-0.81618839,0.00006104
-0.81586839,0.00006104
-0.81554839,0.00006104
-0.81522839,0.00006104
-0.81490839,0.00006104
-0.81458839,0.00006104
-0.81426839,0.01788385
-0.81394839,0.00006104
-0.81362839,0.00006104
-0.81330839,0.00006104
-0.81298839,0.00006104
-0.81266839,0.00006104
-0.81234839,0.00006104
-0.81202839,0.00006104
-0.81170839,0.00006104
-0.81138839,0.00006104
-0.81106839,0.00006104
-0.81074839,0.00006104
-0.81042839,0.00006104
-0.81010839,0.00006104
-0.80978839,0.00006104
-0.80946839,0.00006104
-0.80914839,0.00006104
-0.80882839,0.00006104
-0.80850839,0.00006104
-0.80818839,0.00006104
-0.80786839,0.00006104
-0.80754839,0.00006104
-0.80722839,-0.01770074
-0.80690839,0.00006104
-0.80658839,0.00006104
-0.80626839,0.00006104
-0.80594839,0.00006104
-0.80562839,0.00006104
-0.80530839,0.00006104
-0.80498839,0.00006104
-0.80466839,0.00006104
-0.80434839,0.00006104
-0.80402839,0.00006104
-0.80370839,0.00006104
-0.80338839,0.00006104
-0.80306839,0.00006104
-0.80274839,0.00006104
-0.80242839,0.00006104
-0.80210839,0.00006104
-0.80178839,0.00006104
-0.80146839,0.00006104
-0.80114839,-0.01770074
-0.80082839,0.00006104
-0.80050839,0.00006104
-0.80018839,0.00006104
-0.79986839,0.00006104
-0.79954839,0.00006104
-0.79922839,0.00006104
-0.79890839,0.00006104
-0.79858839,0.00006104
-0.79826839,0.00006104
-0.79794839,0.00006104
-0.79762839,0.00006104
-0.79730839,0.00006104
-0.79698839,0.00006104
-0.79666839,0.00006104
-0.79634839,0.00006104
-0.79602839,0.00006104
-0.79570839,0.00006104
-0.79538839,0.00006104
-0.79506839,0.00006104
-0.79474839,0.00006104
-0.79442839,0.00006104
-0.79410839,0.00006104
-0.79378839,0.00006104
-0.79346839,0.00006104
-0.79314839,0.00006104
-0.79282839,0.00006104
-0.79250839,0.00006104
-0.79218839,0.00006104
-0.79186839,0.00006104
-0.79154839,0.00006104
-0.79122839,0.00006104
-0.79090839,0.00006104
-0.79058839,0.00006104
-0.79026839,0.00006104
-0.78994839,0.00006104
-0.78962839,0.00006104
-0.78930839,0.00006104
-0.78898839,0.00006104
-0.78866839,0.00006104
-0.78834839,0.00006104
-0.78802839,0.00006104
-0.78770839,0.00006104
-0.78738839,-0.01770074
-0.78706839,0.00006104
-0.78674839,0.00006104
-0.78642839,0.00006104
-0.78610839,0.00006104
-0.78578839,0.00006104
-0.78546839,0.00006104
-0.78514839,0.00006104
-0.78482839,0.00006104
-0.78450839,0.00006104
-0.78418839,0.00006104
-0.78386839,-0.01770074
-0.78354839,0.00006104
-0.78322839,0.00006104
-0.78290839,0.00006104
-0.78258839,0.00006104
-0.78226839,0.00006104
-0.78194839,0.00006104
-0.78162839,0.00006104
-0.78130839,0.00006104
-0.78098839,0.00006104
-0.78066839,0.00006104
-0.78034839,0.00006104
-0.78002839,0.00006104
-0.77970839,0.00006104
-0.77938839,0.00006104
-0.77906839,0.00006104
-0.77874839,-0.01770074
-0.77842839,0.00006104
-0.77810839,0.00006104
-0.77778839,0.00006104
-0.77746839,0.00006104
-0.77714839,0.00006104
-0.77682839,0.00006104
-0.77650839,0.00006104
-0.77618839,0.00006104
-0.77586839,0.00006104
-0.77554839,0.00006104
-0.77522839,0.00006104
-0.77490839,0.00006104
-0.77458839,-0.01770074
-0.77426839,0.00006104
-0.77394839,0.00006104
-0.77362839,0.00006104
-0.77330839,0.00006104
-0.77298839,0.00006104
-0.77266839,0.00006104
-0.77234839,0.00006104
-0.77202839,0.00006104
-0.77170839,0.00006104
-0.77138839,0.00006104
-0.77106839,0.00006104
-0.77074839,0.00006104
-0.77042839,0.00006104
-0.77010839,0.00006104
-0.76978839,0.00006104
-0.76946839,0.00006104
-0.76914839,0.00006104
-0.76882839,0.00006104
-0.76850839,0.00006104
-0.76818839,0.00006104
-0.76786839,0.00006104
-0.76754839,0.00006104
-0.76722839,0.00006104
-0.76690839,0.00006104
-0.76658839,0.00006104
-0.76626839,0.00006104
-0.76594839,0.00006104
-0.76562839,0.00006104
-0.76530839,0.00006104
-0.76498839,0.00006104
-0.76466839,0.00006104
-0.76434839,0.00006104
-0.76402839,0.00006104
-0.76370839,-0.01770074
-0.76338839,0.00006104
-0.76306839,0.00006104
-0.76274839,0.00006104
-0.76242839,0.00006104
-0.76210839,0.00006104
-0.76178839,0.00006104
-0.76146839,-0.01770074
-0.76114839,0.00006104
-0.76082839,0.00006104
-0.76050839,0.00006104
-0.76018839,0.00006104
-0.75986839,0.00006104
-0.75954839,0.00006104
-0.75922839,0.00006104
-0.75890839,0.00006104
-0.75858839,0.00006104
-0.75826839,0.00006104
-0.75794839,0.00006104
-0.75762839,0.00006104
-0.75730839,0.00006104
-0.75698839,0.00006104
-0.75666839,0.00006104
-0.75634839,0.00006104
-0.75602839,0.00006104
-0.75570839,0.00006104
-0.75538839,0.00006104
-0.75506839,0.00006104
-0.75474839,0.00006104
-0.75442839,0.00006104
-0.75410839,0.00006104
-0.75378839,0.00006104
-0.75346839,0.00006104
-0.75314839,0.00006104
-0.75282839,0.00006104
-0.75250839,0.00006104
-0.75218839,0.00006104
-0.75186839,0.00006104
-0.75154839,-0.01770074
-0.75122839,0.00006104
-0.75090839,0.00006104
-0.75058839,0.00006104
-0.75026839,-0.01770074
-0.74994839,0.00006104
-0.74962839,0.00006104
-0.74930839,0.00006104
-0.74898839,0.00006104
-0.74866839,0.00006104
-0.74834839,0.00006104
-0.74802839,0.00006104
-0.74770839,0.00006104
-0.74738839,0.00006104
-0.74706839,0.00006104
-0.74674839,0.00006104
-0.74642839,0.00006104
-0.74610839,0.00006104
-0.74578839,0.00006104
-0.74546839,0.00006104
-0.74514839,0.00006104
-0.74482839,-0.01770074
-0.74450839,0.00006104
-0.74418839,0.00006104
-0.74386839,0.00006104
-0.74354839,0.00006104
-0.74322839,0.00006104
-0.74290839,0.00006104
-0.74258839,0.00006104
-0.74226839,0.00006104
-0.74194839,0.00006104
-0.74162839,0.00006104
-0.74130839,0.00006104
-0.74098839,0.00006104
-0.74066839,0.00006104
-0.74034839,0.00006104
-0.74002839,0.00006104
-0.73970839,0.00006104
-0.73938839,0.00006104
-0.73906839,-0.01770074
-0.73874839,0.00006104
-0.73842839,0.00006104
-0.73810839,0.00006104
-0.73778839,0.00006104
-0.73746839,0.00006104
-0.73714839,0.00006104
-0.73682839,0.00006104
-0.73650839,0.00006104
-0.73618839,-0.01770074
-0.73586839,0.00006104
-0.73554839,0.00006104
-0.73522839,0.00006104
-0.73490839,-0.01770074
-0.73458839,0.00006104
-0.73426839,0.00006104
-0.73394839,0.00006104
-0.73362839,0.00006104
-0.73330839,0.00006104
-0.73298839,0.00006104
-0.73266839,0.00006104
-0.73234839,0.00006104
-0.73202839,0.00006104
-0.73170839,0.00006104
-0.73138839,0.00006104
-0.73106839,0.00006104
-0.73074839,0.00006104
-0.73042839,0.00006104
-0.73010839,0.00006104
-0.72978839,0.00006104
-0.72946839,0.00006104
-0.72914839,0.00006104
-0.72882839,0.00006104
-0.72850839,0.00006104
-0.72818839,0.00006104
-0.72786839,0.00006104
-0.72754839,0.00006104
-0.72722839,0.00006104
-0.72690839,0.00006104
-0.72658839,0.00006104
-0.72626839,0.00006104
-0.72594839,-0.03552354
-0.72562839,-0.01770074
-0.72530839,0.00006104
-0.72498839,0.00006104
-0.72466839,0.00006104
-0.72434839,0.00006104
-0.72402839,0.00006104
-0.72370839,0.00006104
-0.72338839,0.00006104
-0.72306839,0.00006104
-0.72274839,0.00006104
-0.72242839,0.00006104
-0.72210839,0.00006104
-0.72178839,0.00006104
-0.72146839,0.00006104
-0.72114839,0.00006104
-0.72082839,0.00006104
-0.72050839,0.00006104
-0.72018839,-0.01770074
-0.71986839,0.00006104
-0.71954839,0.00006104
-0.71922839,0.00006104
-0.71890839,0.00006104
-0.71858839,0.00006104
-0.71826839,0.00006104
-0.71794839,0.00006104
-0.71762839,0.00006104
-0.71730839,0.00006104
-0.71698839,-0.01770074
-0.71666839,0.00006104
-0.71634839,0.00006104
-0.71602839,0.00006104
-0.71570839,0.00006104
-0.71538839,0.00006104
-0.71506839,0.00006104
-0.71474839,0.00006104
-0.71442839,0.00006104
-0.71410839,0.00006104
-0.71378839,0.00006104
-0.71346839,0.00006104
-0.71314839,0.00006104
-0.71282839,0.00006104
-0.71250839,0.00006104
-0.71218839,0.00006104
-0.71186839,0.00006104
-0.71154839,0.00006104
-0.71122839,0.00006104
-0.71090839,0.00006104
-0.71058839,0.00006104
-0.71026839,0.00006104
-0.70994839,0.00006104
-0.70962839,0.00006104
-0.70930839,0.00006104
-0.70898839,0.00006104
-0.70866839,0.00006104
-0.70834839,0.00006104
-0.70802839,0.00006104
-0.70770839,0.00006104
-0.70738839,0.00006104
-0.70706839,0.00006104
-0.70674839,0.00006104
-0.70642839,0.00006104
-0.70610839,0.00006104
-0.70578839,0.00006104
-0.70546839,0.00006104
-0.70514839,0.00006104
-0.70482839,0.00006104
-0.70450839,0.00006104
-0.70418839,0.00006104
-0.70386839,0.00006104
-0.70354839,0.00006104
-0.70322839,0.00006104
-0.70290839,0.00006104
-0.70258839,-0.01770074
-0.70226839,0.00006104
-0.70194839,0.00006104
-0.70162839,0.00006104
-0.70130839,0.00006104
-0.70098839,0.00006104
-0.70066839,-0.01770074
-0.70034839,0.00006104
-0.70002839,0.00006104
-0.69970839,0.00006104
-0.69938839,0.00006104
-0.69906839,0.00006104
-0.69874839,0.00006104
-0.69842839,0.00006104
-0.69810839,0.00006104
-0.69778839,0.00006104
-0.69746839,0.00006104
-0.69714839,0.00006104
-0.69682839,0.00006104
-0.69650839,0.00006104
-0.69618839,0.00006104
-0.69586839,0.00006104
-0.69554839,0.00006104
-0.69522839,0.00006104
-0.69490839,0.00006104
-0.69458839,-0.01770074
-0.69426839,0.00006104
-0.69394839,0.00006104
-0.69362839,0.00006104
-0.69330839,0.00006104
-0.69298839,0.00006104
-0.69266839,0.00006104
-0.69234839,0.00006104
-0.69202839,0.00006104
-0.69170839,0.00006104
-0.69138839,0.00006104
-0.69106839,0.00006104
-0.69074839,0.00006104
-0.69042839,0.00006104
-0.69010839,0.00006104
-0.68978839,0.00006104
-0.68946839,0.00006104
-0.68914839,0.00006104
-0.68882839,0.00006104
-0.68850839,0.00006104
-0.68818839,0.00006104
-0.68786839,0.00006104
-0.68754839,0.00006104
-0.68722839,0.00006104
-0.68690839,0.00006104
-0.68658839,0.00006104
-0.68626839,0.00006104
-0.68594839,0.00006104
-0.68562839,0.00006104
-0.68530839,-0.01770074
-0.68498839,0.00006104
-0.68466839,0.00006104
-0.68434839,0.00006104
-0.68402839,0.00006104
-0.68370839,0.00006104
-0.68338839,0.00006104
-0.68306839,0.00006104
-0.68274839,0.00006104
-0.68242839,0.00006104
-0.68210839,0.00006104
-0.68178839,0.00006104
-0.68146839,0.00006104
-0.68114839,0.00006104
-0.68082839,0.00006104
-0.68050839,0.00006104
-0.68018839,0.00006104
-0.67986839,0.00006104
-0.67954839,0.00006104
-0.67922839,-0.01770074
-0.67890839,0.00006104
-0.67858839,0.00006104
-0.67826839,0.00006104
-0.67794839,0.00006104
-0.67762839,0.00006104
-0.67730839,-0.01770074
-0.67698839,0.00006104
-0.67666839,0.00006104
-0.67634839,0.00006104
-0.67602839,0.00006104
-0.67570839,0.00006104
-0.67538839,0.00006104
-0.67506839,0.00006104
-0.67474839,0.00006104
-0.67442839,0.00006104
-0.67410839,0.00006104
-0.67378839,0.00006104
-0.67346839,0.00006104
-0.67314839,0.00006104
-0.67282839,0.00006104
-0.67250839,0.00006104
-0.67218839,0.00006104
-0.67186839,0.00006104
-0.67154839,0.00006104
-0.67122839,0.00006104
-0.67090839,0.00006104
-0.67058839,0.00006104
-0.67026839,0.00006104
-0.66994839,0.00006104
-0.66962839,0.00006104
-0.66930839,0.00006104
-0.66898839,-0.01770074
-0.66866839,0.00006104
-0.66834839,0.00006104
-0.66802839,-0.01770074
-0.66770839,0.00006104
-0.66738839,0.00006104
-0.66706839,0.00006104
-0.66674839,0.00006104
-0.66642839,0.00006104
-0.66610839,0.00006104
-0.66578839,0.00006104
-0.66546839,0.00006104
-0.66514839,0.00006104
-0.66482839,0.00006104
-0.66450839,-0.01770074
-0.66418839,0.00006104
-0.66386839,0.00006104
-0.66354839,0.00006104
-0.66322839,0.00006104
-0.66290839,0.00006104
-0.66258839,0.00006104
-0.66226839,0.00006104
-0.66194839,0.00006104
-0.66162839,0.00006104
-0.66130839,0.00006104
-0.66098839,0.00006104
-0.66066839,0.00006104
-0.66034839,0.00006104
-0.66002839,0.00006104
-0.65970839,0.00006104
-0.65938839,-0.01770074
-0.65906839,0.00006104
-0.65874839,0.00006104
-0.65842839,0.00006104
-0.65810839,0.00006104
-0.65778839,0.00006104
-0.65746839,0.00006104
-0.65714839,0.00006104
-0.65682839,0.00006104
-0.65650839,0.00006104
-0.65618839,0.00006104
-0.65586839,0.00006104
-0.65554839,0.00006104
-0.65522839,0.00006104
-0.65490839,0.00006104
-0.65458839,0.00006104
-0.65426839,0.00006104
-0.65394839,0.00006104
-0.65362839,0.00006104
-0.65330839,0.00006104
-0.65298839,0.00006104
-0.65266839,-0.01770074
-0.65234839,0.00006104
-0.65202839,0.00006104
-0.65170839,0.00006104
-0.65138839,0.00006104
-0.65106839,0.00006104
-0.65074839,0.00006104
-0.65042839,0.00006104
-0.65010839,0.00006104
-0.64978839,0.00006104
-0.64946839,0.00006104
-0.64914839,0.00006104
-0.64882839,0.00006104
-0.64850839,0.00006104
-0.64818839,0.00006104
-0.64786839,0.00006104
-0.64754839,0.00006104
-0.64722839,0.00006104
-0.64690839,0.00006104
-0.64658839,0.00006104
-0.64626839,0.00006104
-0.64594839,0.00006104
-0.64562839,0.00006104
-0.64530839,0.00006104
-0.64498839,0.00006104
-0.64466839,0.00006104
-0.64434839,0.00006104
-0.64402839,0.00006104
-0.64370839,0.00006104
-0.64338839,0.00006104
-0.64306839,0.00006104
-0.64274839,0.00006104
-0.64242839,0.00006104
-0.64210839,0.00006104
-0.64178839,0.00006104
-0.64146839,0.00006104
-0.64114839,0.00006104
-0.64082839,0.00006104
-0.64050839,0.00006104
-0.64018839,0.00006104
-0.63986839,0.00006104
-0.63954839,0.00006104
-0.63922839,0.00006104
-0.63890839,0.00006104
-0.63858839,0.00006104
-0.63826839,-0.01770074
-0.63794839,0.00006104
-0.63762839,0.00006104
-0.63730839,0.00006104
-0.63698839,0.00006104
-0.63666839,0.00006104
-0.63634839,0.00006104
-0.63602839,0.00006104
-0.63570839,0.00006104
-0.63538839,0.00006104
-0.63506839,0.00006104
-0.63474839,0.00006104
-0.63442839,0.00006104
-0.63410839,0.00006104
-0.63378839,0.00006104
-0.63346839,0.00006104
-0.63314839,0.00006104
-0.63282839,0.00006104
-0.63250839,-0.01770074
-0.63218839,0.00006104
-0.63186839,0.00006104
-0.63154839,0.00006104
-0.63122839,0.00006104
-0.63090839,0.00006104
-0.63058839,0.00006104
-0.63026839,0.00006104
-0.62994839,0.00006104
-0.62962839,0.00006104
-0.62930839,0.00006104
-0.62898839,0.00006104
-0.62866839,0.00006104
-0.62834839,0.00006104
-0.62802839,0.00006104
-0.62770839,0.00006104
-0.62738839,0.00006104
-0.62706839,0.00006104
-0.62674839,0.00006104
-0.62642839,0.00006104
-0.62610839,0.00006104
-0.62578839,0.00006104
-0.62546839,0.00006104
-0.62514839,0.00006104
-0.62482839,0.00006104
-0.62450839,0.00006104
-0.62418839,0.00006104
-0.62386839,0.00006104
-0.62354839,0.00006104
-0.62322839,0.00006104
-0.62290839,0.00006104
-0.62258839,-0.01770074
-0.62226839,0.00006104
-0.62194839,0.00006104
-0.62162839,0.00006104
-0.62130839,0.00006104
-0.62098839,0.00006104
-0.62066839,-0.01770074
-0.62034839,0.00006104
-0.62002839,0.00006104
-0.61970839,0.00006104
-0.61938839,0.00006104
-0.61906839,0.00006104
-0.61874839,0.00006104
-0.61842839,0.00006104
-0.61810839,0.00006104
-0.61778839,0.00006104
-0.61746839,0.00006104
-0.61714839,0.00006104
-0.61682839,0.00006104
-0.61650839,0.00006104
-0.61618839,0.00006104
-0.61586839,0.00006104
-0.61554839,0.00006104
-0.61522839,0.00006104
-0.61490839,0.00006104
-0.61458839,0.00006104
-0.61426839,0.00006104
-0.61394839,0.00006104
-0.61362839,0.00006104
-0.61330839,0.00006104
-0.61298839,0.00006104
-0.61266839,0.00006104
-0.61234839,0.00006104
-0.61202839,0.00006104
-0.61170839,0.00006104
-0.61138839,0.00006104
-0.61106839,0.00006104
-0.61074839,0.00006104
-0.61042839,0.00006104
-0.61010839,0.00006104
-0.60978839,0.00006104
-0.60946839,0.00006104
-0.60914839,0.00006104
-0.60882839,0.00006104
-0.60850839,0.00006104
-0.60818839,0.00006104
-0.60786839,0.00006104
-0.60754839,0.00006104
-0.60722839,0.00006104
-0.60690839,0.00006104
-0.60658839,0.00006104
-0.60626839,0.00006104
-0.60594839,0.00006104
-0.60562839,0.00006104
-0.60530839,0.00006104
-0.60498839,0.00006104
-0.60466839,0.00006104
-0.60434839,0.00006104
-0.60402839,0.00006104
-0.60370839,0.00006104
-0.60338839,0.00006104
-0.60306839,0.00006104
-0.60274839,0.00006104
-0.60242839,0.00006104
-0.60210839,0.00006104
-0.60178839,-0.01770074
-0.60146839,0.00006104
-0.60114839,0.00006104
-0.60082839,0.00006104
-0.60050839,0.00006104
-0.60018839,0.00006104
-0.59986839,0.00006104
-0.59954839,0.00006104
-0.59922839,0.00006104
-0.59890839,0.00006104
-0.59858839,0.00006104
-0.59826839,0.00006104
-0.59794839,0.00006104
-0.59762839,-0.01770074
-0.59730839,0.00006104
-0.59698839,0.00006104
-0.59666839,0.00006104
-0.59634839,-0.01770074
-0.59602839,0.00006104
-0.59570839,0.00006104
-0.59538839,0.00006104
-0.59506839,0.00006104
-0.59474839,0.00006104
-0.59442839,0.00006104
-0.59410839,0.00006104
-0.59378839,0.00006104
-0.59346839,0.00006104
-0.59314839,0.00006104
-0.59282839,0.00006104
-0.59250839,0.00006104
-0.59218839,0.00006104
-0.59186839,0.00006104
-0.59154839,0.00006104
-0.59122839,0.00006104
-0.59090839,0.00006104
-0.59058839,0.00006104
-0.59026839,0.00006104
-0.58994839,0.00006104
-0.58962839,0.00006104
-0.58930839,0.00006104
-0.58898839,0.00006104
-0.58866839,0.00006104
-0.58834839,0.00006104
-0.58802839,0.00006104
-0.58770839,0.00006104
-0.58738839,0.00006104
-0.58706839,0.00006104
-0.58674839,0.00006104
-0.58642839,0.00006104
-0.58610839,0.00006104
-0.58578839,0.00006104
-0.58546839,0.00006104
-0.58514839,0.00006104
-0.58482839,0.00006104
-0.58450839,0.00006104
-0.58418839,0.00006104
-0.58386839,0.00006104
-0.58354839,0.00006104
-0.58322839,0.00006104
-0.58290839,0.00006104
-0.58258839,0.00006104
-0.58226839,0.00006104
-0.58194839,0.00006104
-0.58162839,0.00006104
-0.58130839,0.00006104
-0.58098839,0.00006104
-0.58066839,0.00006104
-0.58034839,-0.01770074
-0.58002839,0.00006104
-0.57970839,0.00006104
-0.57938839,0.00006104
-0.57906839,0.00006104
-0.57874839,0.00006104
-0.57842839,0.00006104
-0.57810839,0.00006104
-0.57778839,0.00006104
-0.57746839,0.00006104
-0.57714839,0.00006104
-0.57682839,0.00006104
-0.57650839,-0.01770074
-0.57618839,0.00006104
-0.57586839,0.00006104
-0.57554839,0.00006104
-0.57522839,0.00006104
-0.57490839,0.00006104
-0.57458839,0.00006104
-0.57426839,0.00006104
-0.57394839,0.00006104
-0.57362839,0.00006104
-0.57330839,0.00006104
-0.57298839,0.00006104
-0.57266839,0.00006104
-0.57234839,0.00006104
-0.57202839,0.00006104
-0.57170839,0.00006104
-0.57138839,0.00006104
-0.57106839,0.00006104
-0.57074839,0.00006104
-0.57042839,-0.01770074
-0.57010839,0.00006104
-0.56978839,0.00006104
-0.56946839,0.00006104
-0.56914839,0.00006104
-0.56882839,0.00006104
-0.56850839,0.00006104
-0.56818839,0.00006104
-0.56786839,0.00006104
-0.56754839,-0.01770074
-0.56722839,0.00006104
-0.56690839,0.00006104
-0.56658839,0.00006104
-0.56626839,0.00006104
-0.56594839,0.00006104
-0.56562839,0.00006104
-0.56530839,0.00006104
-0.56498839,0.00006104
-0.56466839,0.00006104
-0.56434839,0.00006104
-0.56402839,0.00006104
-0.56370839,0.00006104
-0.56338839,0.00006104
-0.56306839,0.00006104
-0.56274839,0.00006104
-0.56242839,0.00006104
-0.56210839,0.00006104
-0.56178839,0.00006104
-0.56146839,0.00006104
-0.56114839,0.00006104
-0.56082839,0.00006104
-0.56050839,0.00006104
-0.56018839,0.00006104
-0.55986839,0.00006104
-0.55954839,0.00006104
-0.55922839,0.00006104
-0.55890839,0.00006104
-0.55858839,0.00006104
-0.55826839,0.00006104
-0.55794839,0.00006104
-0.55762839,0.00006104
-0.55730839,0.00006104
-0.55698839,0.00006104
-0.55666839,0.00006104
-0.55634839,0.00006104
-0.55602839,0.00006104
-0.55570839,0.00006104
-0.55538839,0.00006104
-0.55506839,0.00006104
-0.55474839,0.00006104
-0.55442839,-0.01770074
-0.55410839,0.00006104
-0.55378839,0.00006104
-0.55346839,0.00006104
-0.55314839,0.00006104
-0.55282839,0.00006104
-0.55250839,0.00006104
-0.55218839,0.00006104
-0.55186839,0.00006104
-0.55154839,0.00006104
-0.55122839,0.00006104
-0.55090839,0.00006104
-0.55058839,0.00006104
-0.55026839,0.00006104
-0.54994839,0.00006104
-0.54962839,0.00006104
-0.54930839,0.00006104
-0.54898839,0.00006104
-0.54866839,-0.01770074
-0.54834839,0.00006104
-0.54802839,0.00006104
-0.54770839,0.00006104
-0.54738839,0.00006104
-0.54706839,0.00006104
-0.54674839,0.00006104
-0.54642839,0.00006104
-0.54610839,0.00006104
-0.54578839,0.00006104
-0.54546839,0.00006104
-0.54514839,0.00006104
-0.54482839,0.00006104
-0.54450839,0.00006104
-0.54418839,0.00006104
-0.54386839,0.00006104
-0.54354839,0.00006104
-0.54322839,0.00006104
-0.54290839,0.00006104
-0.54258839,0.00006104
-0.54226839,0.00006104
-0.54194839,0.00006104
-0.54162839,-0.01770074
-0.54130839,0.00006104
-0.54098839,0.00006104
-0.54066839,0.00006104
-0.54034839,0.00006104
-0.54002839,0.00006104
-0.53970839,0.00006104
-0.53938839,0.00006104
-0.53906839,0.00006104
-0.53874839,0.00006104
-0.53842839,0.00006104
-0.53810839,-0.01770074
-0.53778839,0.00006104
-0.53746839,0.00006104
-0.53714839,0.00006104
-0.53682839,0.00006104
-0.53650839,0.00006104
-0.53618839,-0.01770074
-0.53586839,0.00006104
-0.53554839,0.00006104
-0.53522839,0.00006104
-0.53490839,0.00006104
-0.53458839,0.00006104
-0.53426839,0.00006104
-0.53394839,0.00006104
-0.53362839,0.00006104
-0.53330839,0.00006104
-0.53298839,0.00006104
-0.53266839,0.00006104
-0.53234839,0.00006104
-0.53202839,0.00006104
-0.53170839,0.00006104
-0.53138839,0.00006104
-0.53106839,0.00006104
-0.53074839,0.00006104
-0.53042839,0.00006104
-0.53010839,0.00006104
-0.52978839,0.00006104
-0.52946839,0.00006104
-0.52914839,0.00006104
-0.52882839,0.00006104
-0.52850839,0.00006104
-0.52818839,0.00006104
-0.52786839,0.00006104
-0.52754839,-0.01770074
-0.52722839,0.00006104
-0.52690839,0.00006104
-0.52658839,0.00006104
-0.52626839,0.00006104
-0.52594839,0.00006104
-0.52562839,0.00006104
-0.52530839,0.00006104
-0.52498839,0.00006104
-0.52466839,0.00006104
-0.52434839,0.00006104
-0.52402839,0.00006104
-0.52370839,0.00006104
-0.52338839,0.00006104
-0.52306839,0.00006104
-0.52274839,0.00006104
-0.52242839,0.00006104
-0.52210839,0.00006104
-0.52178839,0.00006104
-0.52146839,0.00006104
-0.52114839,0.00006104
-0.52082839,0.00006104
-0.52050839,0.00006104
-0.52018839,0.00006104
-0.51986839,0.00006104
-0.51954839,0.00006104
-0.51922839,0.00006104
-0.51890839,0.00006104
-0.51858839,0.00006104
-0.51826839,0.00006104
-0.51794839,-0.01770074
-0.51762839,0.00006104
-0.51730839,0.00006104
-0.51698839,0.00006104
-0.51666839,0.00006104
-0.51634839,0.00006104
-0.51602839,0.00006104
-0.51570839,0.00006104
-0.51538839,0.00006104
-0.51506839,0.00006104
-0.51474839,0.00006104
-0.51442839,0.00006104
-0.51410839,0.00006104
-0.51378839,0.00006104
-0.51346839,0.00006104
-0.51314839,0.00006104
-0.51282839,0.00006104
-0.51250839,0.00006104
-0.51218839,0.00006104
-0.51186839,-0.01770074
-0.51154839,-0.01770074
-0.51122839,0.00006104
-0.51090839,0.00006104
-0.51058839,0.00006104
-0.51026839,0.00006104
-0.50994839,0.00006104
-0.50962839,0.00006104
-0.50930839,0.00006104
-0.50898839,0.00006104
-0.50866839,0.00006104
-0.50834839,0.00006104
-0.50802839,0.00006104
-0.50770839,0.00006104
-0.50738839,0.00006104
-0.50706839,0.00006104
-0.50674839,0.00006104
-0.50642839,0.00006104
-0.50610839,0.00006104
-0.50578839,0.00006104
-0.50546839,0.00006104
-0.50514839,0.00006104
-0.50482839,0.00006104
-0.50450839,0.00006104
-0.50418839,-0.01770074
-0.50386839,0.00006104
-0.50354839,0.00006104
-0.50322839,0.00006104
-0.50290839,-0.01770074
-0.50258839,0.00006104
-0.50226839,0.00006104
-0.50194839,0.00006104
-0.50162839,0.00006104
-0.50130839,0.17804499
-0.50098839,-0.69417399
-0.50066839,-0.35590684
-0.50034839,-0.12451552
-0.50002839,0.01788385
-0.49970839,0.05346843
-0.49938839,0.01788385
-0.49906839,-0.01770074
-0.49874839,-0.01770074
-0.49842839,-0.01770074
-0.49810839,-0.62294382
-0.49778839,-1.05014193
-0.49746839,-1.42399371
-0.49714839,-0.96114993
-0.49682839,-0.74758142
-0.49650839,-0.12451552
-0.49618839,0.10687582
-0.49586839,0.08911405
-0.49554839,0.03570665
-0.49522839,0.01788385
-0.49490839,0.01788385
-0.49458839,0.01788385
-0.49426839,0.01788385
-0.49394839,0.03570665
-0.49362839,0.03570665
-0.49330839,0.03570665
-0.49298839,0.03570665
-0.49266839,0.00006104
-0.49234839,0.00006104
-0.49202839,0.01788385
-0.49170839,0.01788385
-0.49138839,0.03570665
-0.49106839,0.05346843
-0.49074839,0.05346843
-0.49042839,0.07129124
-0.49010839,0.05346843
-0.48978839,0.05346843
-0.48946839,0.07129124
-0.48914839,0.03570665
-0.48882839,0.03570665
-0.48850839,0.07129124
-0.48818839,0.08911405
-0.48786839,0.05346843
-0.48754839,0.03570665
-0.48722839,0.03570665
-0.48690839,0.03570665
-0.48658839,0.01788385
-0.48626839,-0.01770074
-0.48594839,-0.01770074
-0.48562839,-0.03552354
-0.48530839,-0.01770074
-0.48498839,0.01788385
-0.48466839,-0.01770074
-0.48434839,0.03570665
-0.48402839,0.03570665
-0.48370839,-0.05334635
-0.48338839,0.00006104
-0.48306839,0.00006104
-0.48274839,-0.03552354
-0.48242839,0.03570665
-0.48210839,0.03570665
-0.48178839,0.01788385
-0.48146839,0.03570665
-0.48114839,0.03570665
-0.48082839,0.03570665
-0.48050839,0.00006104
-0.48018839,0.01788385
-0.47986839,0.01788385
-0.47954839,0.00006104
-0.47922839,0.03570665
-0.47890839,0.03570665
-0.47858839,0.00006104
-0.47826839,0.00006104
-0.47794839,0.03570665
-0.47762839,0.01788385
-0.47730839,0.01788385
-0.47698839,0.00006104
-0.47666839,-0.01770074
-0.47634839,0.00006104
-0.47602839,0.01788385
-0.47570839,0.00006104
-0.47538839,0.00006104
-0.47506839,0.01788385
-0.47474839,0.00006104
-0.47442839,0.01788385
-0.47410839,0.01788385
-0.47378839,0.00006104
-0.47346839,0.01788385
-0.47314839,0.01788385
-0.47282839,0.00006104
-0.47250839,0.00006104
-0.47218839,0.03570665
-0.47186839,0.00006104
-0.47154839,0.01788385
-0.47122839,0.00006104
-0.47090839,0.00006104
-0.47058839,0.01788385
-0.47026839,0.00006104
-0.46994839,0.00006104
-0.46962839,0.00006104
-0.46930839,0.00006104
-0.46898839,0.00006104
-0.46866839,0.00006104
-0.46834839,0.00006104
-0.46802839,0.00006104
-0.46770839,0.01788385
-0.46738839,0.00006104
-0.46706839,0.01788385
-0.46674839,0.01788385
-0.46642839,0.01788385
-0.46610839,0.01788385
-0.46578839,0.00006104
-0.46546839,0.01788385
-0.46514839,0.01788385
-0.46482839,0.00006104
-0.46450839,-0.01770074
-0.46418839,0.00006104
-0.46386839,0.00006104
-0.46354839,0.00006104
-0.46322839,0.00006104
-0.46290839,0.00006104
-0.46258839,0.00006104
-0.46226839,0.01788385
-0.46194839,0.00006104
-0.46162839,0.00006104
-0.46130839,0.00006104
-0.46098839,0.00006104
-0.46066839,0.00006104
-0.46034839,0.00006104
-0.46002839,0.00006104
-0.45970839,0.00006104
-0.45938839,0.00006104
-0.45906839,0.00006104
-0.45874839,0.00006104
-0.45842839,0.00006104
-0.45810839,0.00006104
-0.45778839,0.00006104
-0.45746839,0.00006104
-0.45714839,0.00006104
-0.45682839,0.00006104
-0.45650839,0.01788385
-0.45618839,0.01788385
-0.45586839,0.00006104
-0.45554839,0.00006104
-0.45522839,0.00006104
-0.45490839,0.00006104
-0.45458839,0.00006104
-0.45426839,0.00006104
-0.45394839,0.00006104
-0.45362839,0.00006104
-0.45330839,0.00006104
-0.45298839,0.00006104
-0.45266839,0.00006104
-0.45234839,-0.01770074
-0.45202839,0.00006104
-0.45170839,0.00006104
-0.45138839,-0.01770074
-0.45106839,0.00006104
-0.45074839,0.00006104
-0.45042839,0.00006104
-0.45010839,0.00006104
-0.44978839,0.00006104
-0.44946839,0.00006104
-0.44914839,0.00006104
-0.44882839,0.00006104
-0.44850839,0.00006104
-0.44818839,0.00006104
-0.44786839,0.00006104
-0.44754839,0.00006104
-0.44722839,0.00006104
-0.44690839,0.01788385
-0.44658839,0.00006104
-0.44626839,0.01788385
-0.44594839,0.00006104
-0.44562839,0.00006104
-0.44530839,0.00006104
-0.44498839,0.00006104
-0.44466839,0.00006104
-0.44434839,-0.01770074
-0.44402839,0.00006104
-0.44370839,0.00006104
-0.44338839,0.00006104
-0.44306839,0.00006104
-0.44274839,0.00006104
-0.44242839,0.00006104
-0.44210839,0.00006104
-0.44178839,0.00006104
-0.44146839,0.00006104
-0.44114839,0.00006104
-0.44082839,0.00006104
-0.44050839,0.00006104
-0.44018839,0.00006104
-0.43986839,0.00006104
-0.43954839,0.00006104
-0.43922839,0.00006104
-0.43890839,0.00006104
-0.43858839,0.00006104
-0.43826839,0.00006104
-0.43794839,0.00006104
-0.43762839,0.00006104
-0.43730839,0.00006104
-0.43698839,0.00006104
-0.43666839,0.00006104
-0.43634839,0.00006104
-0.43602839,0.00006104
-0.43570839,0.00006104
-0.43538839,0.00006104
-0.43506839,0.00006104
-0.43474839,0.00006104
-0.43442839,0.00006104
-0.43410839,0.00006104
-0.43378839,0.00006104
-0.43346839,0.00006104
-0.43314839,0.00006104
-0.43282839,0.00006104
-0.43250839,0.00006104
-0.43218839,0.00006104
-0.43186839,0.00006104
-0.43154839,0.00006104
-0.43122839,0.00006104
-0.43090839,0.00006104
-0.43058839,0.00006104
-0.43026839,0.00006104
-0.42994839,0.00006104
-0.42962839,0.00006104
-0.42930839,0.00006104
-0.42898839,0.00006104
-0.42866839,0.00006104
-0.42834839,0.00006104
-0.42802839,0.00006104
-0.42770839,-0.01770074
-0.42738839,-0.01770074
-0.42706839,0.00006104
-0.42674840,0.00006104
-0.42642840,0.00006104
-0.42610840,0.00006104
-0.42578840,0.00006104
-0.42546840,0.00006104
-0.42514840,0.00006104
-0.42482840,0.00006104
-0.42450840,0.00006104
-0.42418840,0.00006104
-0.42386840,0.00006104
-0.42354840,0.00006104
-0.42322840,0.00006104
-0.42290840,0.00006104
-0.42258840,0.00006104
-0.42226840,0.00006104
-0.42194840,0.00006104
-0.42162840,0.00006104
-0.42130840,0.00006104
-0.42098840,0.00006104
-0.42066840,-0.01770074
-0.42034840,0.00006104
-0.42002840,0.00006104
-0.41970840,0.00006104
-0.41938840,0.00006104
-0.41906840,0.00006104
-0.41874840,0.00006104
-0.41842840,0.00006104
-0.41810840,0.00006104
-0.41778840,0.00006104
-0.41746840,0.00006104
-0.41714840,0.00006104
-0.41682840,0.00006104
-0.41650840,0.00006104
-0.41618840,0.00006104
-0.41586840,0.00006104
-0.41554840,0.00006104
-0.41522840,0.00006104
-0.41490840,0.00006104
-0.41458840,-0.01770074
-0.41426840,0.00006104
-0.41394840,0.00006104
-0.41362840,0.00006104
-0.41330840,0.00006104
-0.41298840,0.00006104
-0.41266840,-0.01770074
-0.41234840,0.00006104
-0.41202840,0.00006104
-0.41170840,0.00006104
-0.41138840,0.00006104
-0.41106840,0.00006104
-0.41074840,0.00006104
-0.41042840,0.00006104
-0.41010840,0.00006104
-0.40978840,0.00006104
-0.40946840,0.00006104
-0.40914840,0.00006104
-0.40882840,0.00006104
-0.40850840,0.00006104
-0.40818840,0.00006104
-0.40786840,0.00006104
-0.40754840,0.00006104
-0.40722840,0.00006104
-0.40690840,0.00006104
-0.40658840,0.00006104
-0.40626840,0.00006104
-0.40594840,0.00006104
-0.40562840,-0.01770074
-0.40530840,0.00006104
-0.40498840,-0.01770074
-0.40466840,0.00006104
-0.40434840,0.00006104
-0.40402840,0.00006104
-0.40370840,0.00006104
-0.40338840,0.00006104
-0.40306840,0.00006104
-0.40274840,0.00006104
-0.40242840,0.00006104
-0.40210840,0.00006104
-0.40178840,0.00006104
-0.40146840,0.00006104
-0.40114840,0.00006104
-0.40082840,0.00006104
-0.40050840,0.00006104
-0.40018840,0.00006104
-0.39986840,0.00006104
-0.39954840,0.00006104
-0.39922840,0.00006104
-0.39890840,0.00006104
-0.39858840,0.00006104
-0.39826840,0.00006104
-0.39794840,0.00006104
-0.39762840,0.00006104
-0.39730840,-0.01770074
-0.39698840,0.00006104
-0.39666840,0.00006104
-0.39634840,0.00006104
-0.39602840,0.00006104
-0.39570840,0.00006104
-0.39538840,0.00006104
-0.39506840,0.00006104
-0.39474840,0.00006104
-0.39442840,0.00006104
-0.39410840,0.00006104
-0.39378840,0.00006104
-0.39346840,0.00006104
-0.39314840,0.00006104
-0.39282840,0.00006104
-0.39250840,0.00006104
-0.39218840,0.00006104
-0.39186840,0.00006104
-0.39154840,0.00006104
-0.39122840,0.00006104
-0.39090840,-0.01770074
-0.39058840,-0.01770074
-0.39026840,0.00006104
-0.38994840,0.00006104
-0.38962840,0.00006104
-0.38930840,0.00006104
-0.38898840,0.00006104
-0.38866840,0.00006104
-0.38834840,-0.01770074
-0.38802840,0.00006104
-0.38770840,-0.01770074
-0.38738840,0.00006104
-0.38706840,-0.01770074
-0.38674840,0.00006104
-0.38642840,-0.01770074
-0.38610840,0.00006104
-0.38578840,0.00006104
-0.38546840,0.00006104
-0.38514840,0.00006104
-0.38482840,0.00006104
-0.38450840,0.00006104
-0.38418840,-0.01770074
-0.38386840,0.00006104
-0.38354840,0.00006104
-0.38322840,0.00006104
-0.38290840,0.00006104
-0.38258840,0.00006104
-0.38226840,0.00006104
-0.38194840,0.00006104
-0.38162840,0.00006104
-0.38130840,0.00006104
-0.38098840,-0.01770074
-0.38066840,0.00006104
-0.38034840,0.00006104
-0.38002840,-0.01770074
-0.37970840,0.00006104
-0.37938840,-0.01770074
-0.37906840,0.00006104
-0.37874840,0.00006104
-0.37842840,-0.01770074
-0.37810840,0.00006104
-0.37778840,0.00006104
-0.37746840,0.00006104
-0.37714840,0.00006104
-0.37682840,0.00006104
-0.37650840,0.00006104
-0.37618840,0.00006104
-0.37586840,0.00006104
-0.37554840,0.00006104
-0.37522840,0.00006104
-0.37490840,0.00006104
-0.37458840,0.00006104
-0.37426840,0.00006104
-0.37394840,0.00006104
-0.37362840,0.00006104
-0.37330840,0.00006104
-0.37298840,0.00006104
-0.37266840,-0.01770074
-0.37234840,0.00006104
-0.37202840,0.00006104
-0.37170840,0.00006104
-0.37138840,0.00006104
-0.37106840,0.00006104
-0.37074840,0.00006104
-0.37042840,0.00006104
-0.37010840,0.00006104
-0.36978840,0.00006104
-0.36946840,0.00006104
-0.36914840,-0.01770074
-0.36882840,0.00006104
-0.36850840,-0.01770074
-0.36818840,0.00006104
-0.36786840,0.00006104
-0.36754840,0.00006104
-0.36722840,0.00006104
-0.36690840,0.00006104
-0.36658840,0.00006104
-0.36626840,0.00006104
-0.36594840,0.00006104
-0.36562840,0.00006104
-0.36530840,0.00006104
-0.36498840,0.00006104
-0.36466840,0.00006104
-0.36434840,-0.01770074
-0.36402840,-0.01770074
-0.36370840,0.00006104
-0.36338840,0.00006104
-0.36306840,0.00006104
-0.36274840,0.00006104
-0.36242840,0.00006104
-0.36210840,0.00006104
-0.36178840,0.00006104
-0.36146840,0.00006104
-0.36114840,0.00006104
-0.36082840,0.00006104
-0.36050840,0.00006104
-0.36018840,0.00006104
-0.35986840,0.00006104
-0.35954840,0.00006104
-0.35922840,0.00006104
-0.35890840,-0.01770074
-0.35858840,-0.01770074
-0.35826840,0.00006104
-0.35794840,0.00006104
-0.35762840,0.00006104
-0.35730840,0.00006104
-0.35698840,0.00006104
-0.35666840,0.00006104
-0.35634840,0.00006104
-0.35602840,0.00006104
-0.35570840,0.00006104
-0.35538840,-0.01770074
-0.35506840,0.00006104
-0.35474840,0.00006104
-0.35442840,0.00006104
-0.35410840,0.00006104
-0.35378840,0.00006104
-0.35346840,0.00006104
-0.35314840,0.00006104
-0.35282840,0.00006104
-0.35250840,0.00006104
-0.35218840,0.00006104
-0.35186840,0.00006104
-0.35154840,0.00006104
-0.35122840,0.00006104
-0.35090840,0.00006104
-0.35058840,0.00006104
-0.35026840,0.00006104
-0.34994840,0.00006104
-0.34962840,0.00006104
-0.34930840,0.00006104
-0.34898840,0.00006104
-0.34866840,0.00006104
-0.34834840,0.00006104
-0.34802840,0.00006104
-0.34770840,0.00006104
-0.34738840,0.00006104
-0.34706840,0.00006104
-0.34674840,0.00006104
-0.34642840,0.00006104
-0.34610840,0.00006104
-0.34578840,0.00006104
-0.34546840,0.00006104
-0.34514840,0.00006104
-0.34482840,0.00006104
-0.34450840,0.00006104
-0.34418840,0.00006104
-0.34386840,0.00006104
-0.34354840,0.00006104
-0.34322840,0.00006104
-0.34290840,-0.01770074
-0.34258840,0.00006104
-0.34226840,0.00006104
-0.34194840,0.00006104
-0.34162840,0.00006104
-0.34130840,0.00006104
-0.34098840,0.00006104
-0.34066840,0.00006104
-0.34034840,0.00006104
-0.34002840,0.00006104
-0.33970840,0.00006104
-0.33938840,0.00006104
-0.33906840,0.00006104
-0.33874840,0.00006104
-0.33842840,0.00006104
-0.33810840,0.00006104
-0.33778840,0.00006104
-0.33746840,0.00006104
-0.33714840,0.00006104
-0.33682840,0.00006104
-0.33650840,0.00006104
-0.33618840,0.00006104
-0.33586840,0.00006104
-0.33554840,0.00006104
-0.33522840,0.00006104
-0.33490840,0.00006104
-0.33458840,0.00006104
-0.33426840,0.00006104
-0.33394840,0.00006104
-0.33362840,0.00006104
-0.33330840,-0.01770074
-0.33298840,0.00006104
-0.33266840,0.00006104
-0.33234840,0.00006104
-0.33202840,-0.01770074
-0.33170840,0.00006104
-0.33138840,0.00006104
-0.33106840,0.00006104
-0.33074840,0.00006104
-0.33042840,0.00006104
-0.33010840,0.00006104
-0.32978840,0.00006104
-0.32946840,0.00006104
-0.32914840,0.00006104
-0.32882840,-0.01770074
-0.32850840,0.00006104
-0.32818840,0.00006104
-0.32786840,0.00006104
-0.32754840,0.00006104
-0.32722840,0.00006104
-0.32690840,0.00006104
-0.32658840,0.00006104
-0.32626840,0.00006104
-0.32594840,0.00006104
-0.32562840,0.00006104
-0.32530840,0.00006104
-0.32498840,0.00006104
-0.32466840,0.00006104
-0.32434840,0.00006104
-0.32402840,0.00006104
-0.32370840,0.00006104
-0.32338840,0.00006104
-0.32306840,0.00006104
-0.32274840,0.00006104
-0.32242840,0.00006104
-0.32210840,-0.01770074
-0.32178840,0.00006104
-0.32146840,0.00006104
-0.32114840,0.00006104
-0.32082840,0.00006104
-0.32050840,0.00006104
-0.32018840,0.00006104
-0.31986840,0.00006104
-0.31954840,0.00006104
-0.31922840,0.00006104
-0.31890840,-0.01770074
-0.31858840,-0.01770074
-0.31826840,0.00006104
-0.31794840,0.00006104
-0.31762840,0.00006104
-0.31730840,0.00006104
-0.31698840,0.00006104
-0.31666840,0.00006104
-0.31634840,0.00006104
-0.31602840,0.00006104
-0.31570840,0.00006104
-0.31538840,0.00006104
-0.31506840,0.00006104
-0.31474840,0.00006104
-0.31442840,0.00006104
-0.31410840,0.00006104
-0.31378840,0.00006104
-0.31346840,0.00006104
-0.31314840,0.00006104
-0.31282840,-0.01770074
-0.31250840,-0.01770074
-0.31218840,0.00006104
-0.31186840,-0.01770074
-0.31154840,0.00006104
-0.31122840,0.00006104
-0.31090840,0.00006104
-0.31058840,0.00006104
-0.31026840,0.00006104
-0.30994840,-0.01770074
-0.30962840,0.00006104
-0.30930840,0.00006104
-0.30898840,0.00006104
-0.30866840,0.00006104
-0.30834840,0.00006104
-0.30802840,0.00006104
-0.30770840,0.00006104
-0.30738840,0.00006104
-0.30706840,0.00006104
-0.30674840,0.00006104
-0.30642840,0.00006104
-0.30610840,0.00006104
-0.30578840,0.00006104
-0.30546840,0.00006104
-0.30514840,0.00006104
-0.30482840,0.00006104
-0.30450840,0.00006104
-0.30418840,0.00006104
-0.30386840,0.00006104
-0.30354840,0.00006104
-0.30322840,0.00006104
-0.30290840,-0.01770074
-0.30258840,0.00006104
-0.30226840,0.00006104
-0.30194840,0.00006104
-0.30162840,0.00006104
-0.30130840,0.00006104
-0.30098840,0.00006104
-0.30066840,0.00006104
-0.30034840,0.00006104
-0.30002840,0.00006104
-0.29970840,0.00006104
-0.29938840,-0.01770074
-0.29906840,-0.01770074
-0.29874840,0.00006104
-0.29842840,0.00006104
-0.29810840,0.00006104
-0.29778840,0.00006104
-0.29746840,0.00006104
-0.29714840,0.00006104
-0.29682840,0.00006104
-0.29650840,0.00006104
-0.29618840,0.00006104
-0.29586840,0.00006104
-0.29554840,0.00006104
-0.29522840,0.00006104
-0.29490840,-0.01770074
-0.29458840,0.00006104
-0.29426840,0.00006104
-0.29394840,0.00006104
-0.29362840,0.00006104
-0.29330840,0.00006104
-0.29298840,0.00006104
-0.29266840,0.00006104
-0.29234840,0.00006104
-0.29202840,0.00006104
-0.29170840,0.00006104
-0.29138840,0.00006104
-0.29106840,0.00006104
-0.29074840,0.00006104
-0.29042840,0.00006104
-0.29010840,0.00006104
-0.28978840,0.00006104
-0.28946840,0.00006104
-0.28914840,0.00006104
-0.28882840,0.00006104
-0.28850840,0.00006104
-0.28818840,0.00006104
-0.28786840,0.00006104
-0.28754840,0.00006104
-0.28722840,0.00006104
-0.28690840,0.00006104
-0.28658840,0.00006104
-0.28626840,0.00006104
-0.28594840,0.00006104
-0.28562840,0.00006104
-0.28530840,0.00006104
-0.28498840,0.00006104
-0.28466840,-0.01770074
-0.28434840,0.00006104
-0.28402840,0.00006104
-0.28370840,0.00006104
-0.28338840,0.00006104
-0.28306840,0.00006104
-0.28274840,0.00006104
-0.28242840,0.00006104
-0.28210840,0.00006104
-0.28178840,0.00006104
-0.28146840,0.00006104
-0.28114840,0.00006104
-0.28082840,0.00006104
-0.28050840,0.00006104
-0.28018840,0.00006104
-0.27986840,0.00006104
-0.27954840,-0.01770074
-0.27922840,0.00006104
-0.27890840,0.00006104
-0.27858840,0.00006104
-0.27826840,0.00006104
-0.27794840,0.00006104
-0.27762840,0.00006104
-0.27730840,0.00006104
-0.27698840,0.00006104
-0.27666840,0.00006104
-0.27634840,0.00006104
-0.27602840,0.00006104
-0.27570840,0.00006104
-0.27538840,0.00006104
-0.27506840,0.00006104
-0.27474840,0.00006104
-0.27442840,0.00006104
-0.27410840,0.00006104
-0.27378840,0.00006104
-0.27346840,0.00006104
-0.27314840,0.00006104
-0.27282840,0.00006104
-0.27250840,0.00006104
-0.27218840,0.00006104
-0.27186840,0.00006104
-0.27154840,-0.01770074
-0.27122840,-0.01770074
-0.27090840,0.00006104
-0.27058840,0.00006104
-0.27026840,0.00006104
-0.26994840,0.00006104
-0.26962840,0.00006104
-0.26930840,0.00006104
-0.26898840,0.00006104
-0.26866840,0.00006104
-0.26834840,0.00006104
-0.26802840,-0.01770074
-0.26770840,0.00006104
-0.26738840,0.00006104
-0.26706840,-0.01770074
-0.26674840,0.00006104
-0.26642840,0.00006104
-0.26610840,0.00006104
-0.26578840,0.00006104
-0.26546840,0.00006104
-0.26514840,0.00006104
-0.26482840,0.00006104
-0.26450840,0.00006104
-0.26418840,0.00006104
-0.26386840,0.00006104
-0.26354840,0.00006104
-0.26322840,0.00006104
-0.26290840,0.00006104
-0.26258840,0.00006104
-0.26226840,0.00006104
-0.26194840,0.00006104
-0.26162840,0.00006104
-0.26130840,0.00006104
-0.26098840,0.00006104
-0.26066840,0.00006104
-0.26034840,0.00006104
-0.26002840,0.00006104
-0.25970840,0.00006104
-0.25938840,0.00006104
-0.25906840,0.00006104
-0.25874840,0.00006104
-0.25842840,0.00006104
-0.25810840,0.00006104
-0.25778840,0.00006104
-0.25746840,0.00006104
-0.25714840,0.00006104
-0.25682840,0.00006104
-0.25650840,0.00006104
-0.25618840,0.00006104
-0.25586840,0.00006104
-0.25554840,0.00006104
-0.25522840,0.00006104
-0.25490840,0.00006104
-0.25458840,0.00006104
-0.25426840,0.00006104
-0.25394840,0.00006104
-0.25362840,0.00006104
-0.25330840,-0.01770074
-0.25298840,0.00006104
-0.25266840,0.00006104
-0.25234840,0.00006104
-0.25202840,0.00006104
-0.25170840,0.00006104
-0.25138840,0.00006104
-0.25106840,0.00006104
-0.25074840,0.00006104
-0.25042840,0.00006104
-0.25010840,0.00006104
-0.24978840,-0.01770074
-0.24946840,0.00006104
-0.24914840,0.00006104
-0.24882840,0.00006104
-0.24850840,0.00006104
-0.24818840,0.00006104
-0.24786840,0.00006104
-0.24754840,0.00006104
-0.24722840,0.00006104
-0.24690840,0.00006104
-0.24658840,0.00006104
-0.24626840,0.00006104
-0.24594840,0.00006104
-0.24562840,0.00006104
-0.24530840,0.00006104
-0.24498840,0.00006104
-0.24466840,0.00006104
-0.24434840,0.00006104
-0.24402840,0.00006104
-0.24370840,0.00006104
-0.24338840,0.00006104
-0.24306840,0.00006104
-0.24274840,0.00006104
-0.24242840,-0.01770074
-0.24210840,0.00006104
-0.24178840,0.00006104
-0.24146840,0.00006104
-0.24114840,0.00006104
-0.24082840,0.00006104
-0.24050840,0.00006104
-0.24018840,0.00006104
-0.23986840,0.00006104
-0.23954840,0.00006104
-0.23922840,0.00006104
-0.23890840,0.00006104
-0.23858840,0.00006104
-0.23826840,0.00006104
-0.23794840,0.00006104
-0.23762840,0.00006104
-0.23730840,0.00006104
-0.23698840,0.00006104
-0.23666840,0.00006104
-0.23634840,0.00006104
-0.23602840,0.00006104
-0.23570840,0.00006104
-0.23538840,0.00006104
-0.23506840,0.00006104
-0.23474840,0.00006104
-0.23442840,0.00006104
-0.23410840,0.00006104
-0.23378840,0.00006104
-0.23346840,0.00006104
-0.23314840,0.00006104
-0.23282840,0.00006104
-0.23250840,0.00006104
-0.23218840,0.00006104
-0.23186840,0.00006104
-0.23154840,0.00006104
-0.23122840,0.00006104
-0.23090840,0.00006104
-0.23058840,0.00006104
-0.23026840,0.00006104
-0.22994840,0.00006104
-0.22962840,0.00006104
-0.22930840,0.00006104
-0.22898840,0.00006104
-0.22866840,0.00006104
-0.22834840,0.00006104
-0.22802840,0.00006104
-0.22770840,0.00006104
-0.22738840,0.00006104
-0.22706840,0.00006104
-0.22674840,0.00006104
-0.22642840,0.00006104
-0.22610840,0.00006104
-0.22578840,0.00006104
-0.22546840,0.00006104
-0.22514840,0.00006104
-0.22482840,-0.01770074
-0.22450840,0.00006104
-0.22418840,0.00006104
-0.22386840,0.00006104
-0.22354840,0.00006104
-0.22322840,0.00006104
-0.22290840,0.00006104
-0.22258840,0.00006104
-0.22226840,0.00006104
-0.22194840,0.00006104
-0.22162840,0.00006104
-0.22130840,0.00006104
-0.22098840,0.00006104
-0.22066840,0.00006104
-0.22034840,0.00006104
-0.22002840,0.00006104
-0.21970840,0.00006104
-0.21938840,0.00006104
-0.21906840,0.00006104
-0.21874840,0.00006104
-0.21842840,0.00006104
-0.21810840,0.00006104
-0.21778840,0.00006104
-0.21746840,-0.01770074
-0.21714840,0.00006104
-0.21682840,0.00006104
-0.21650840,0.00006104
-0.21618840,0.00006104
-0.21586840,0.00006104
-0.21554840,0.00006104
-0.21522840,0.00006104
-0.21490840,0.00006104
-0.21458840,0.00006104
-0.21426840,0.00006104
-0.21394840,0.00006104
-0.21362840,0.00006104
-0.21330840,0.00006104
-0.21298840,0.00006104
-0.21266840,0.00006104
-0.21234840,0.00006104
-0.21202840,0.00006104
-0.21170840,0.00006104
-0.21138840,0.00006104
-0.21106840,0.00006104
-0.21074840,0.00006104
-0.21042840,0.00006104
-0.21010840,-0.01770074
-0.20978840,0.00006104
-0.20946840,0.00006104
-0.20914840,0.00006104
-0.20882840,0.00006104
-0.20850840,0.00006104
-0.20818840,0.00006104
-0.20786840,0.00006104
-0.20754840,0.00006104
-0.20722840,0.00006104
-0.20690840,0.00006104
-0.20658840,0.00006104
-0.20626840,0.00006104
-0.20594840,0.00006104
-0.20562840,0.00006104
-0.20530840,0.00006104
-0.20498840,0.00006104
-0.20466840,0.00006104
-0.20434840,0.00006104
-0.20402840,0.00006104
-0.20370840,0.00006104
-0.20338840,0.00006104
-0.20306840,0.00006104
-0.20274840,0.00006104
-0.20242840,0.00006104
-0.20210840,0.00006104
-0.20178840,-0.01770074
-0.20146840,0.00006104
-0.20114840,0.00006104
-0.20082840,0.00006104
-0.20050840,0.00006104
-0.20018840,0.00006104
-0.19986840,0.00006104
-0.19954840,0.00006104
-0.19922840,0.00006104
-0.19890840,0.00006104
-0.19858840,0.00006104
-0.19826840,0.00006104
-0.19794840,0.00006104
-0.19762840,0.00006104
-0.19730840,0.00006104
-0.19698840,0.00006104
-0.19666840,0.00006104
-0.19634840,0.00006104
-0.19602840,0.00006104
-0.19570840,0.00006104
-0.19538840,0.00006104
-0.19506840,0.00006104
-0.19474840,0.00006104
-0.19442840,-0.01770074
-0.19410840,0.00006104
-0.19378840,0.00006104
-0.19346840,0.00006104
-0.19314840,0.00006104
-0.19282840,0.00006104
-0.19250840,0.00006104
-0.19218840,0.00006104
-0.19186840,-0.01770074
-0.19154840,-0.01770074
-0.19122840,0.00006104
-0.19090840,0.00006104
-0.19058840,0.00006104
-0.19026840,0.00006104
-0.18994840,0.00006104
-0.18962840,0.00006104
-0.18930840,0.00006104
-0.18898840,0.00006104
-0.18866840,0.00006104
-0.18834840,0.00006104
-0.18802840,0.00006104
-0.18770840,0.00006104
-0.18738840,0.00006104
-0.18706840,0.00006104
-0.18674840,0.00006104
-0.18642840,0.00006104
-0.18610840,0.00006104
-0.18578840,0.00006104
-0.18546840,0.00006104
-0.18514840,0.00006104
-0.18482840,0.00006104
-0.18450840,0.00006104
-0.18418840,0.00006104
-0.18386840,0.00006104
-0.18354840,0.00006104
-0.18322840,0.00006104
-0.18290840,0.00006104
-0.18258840,0.00006104
-0.18226840,0.00006104
-0.18194840,0.00006104
-0.18162840,0.00006104
-0.18130840,0.00006104
-0.18098840,0.00006104
-0.18066840,0.00006104
-0.18034840,0.00006104
-0.18002840,0.00006104
-0.17970840,0.00006104
-0.17938840,0.00006104
-0.17906840,0.00006104
-0.17874840,0.00006104
-0.17842840,0.00006104
-0.17810840,0.00006104
-0.17778840,0.00006104
-0.17746840,0.00006104
-0.17714840,0.00006104
-0.17682840,0.00006104
-0.17650840,0.00006104
-0.17618840,0.00006104
-0.17586840,0.00006104
-0.17554840,0.00006104
-0.17522840,0.00006104
-0.17490840,0.00006104
-0.17458840,0.00006104
-0.17426840,0.00006104
-0.17394840,0.00006104
-0.17362840,0.00006104
-0.17330840,0.00006104
-0.17298840,0.00006104
-0.17266840,0.00006104
-0.17234840,0.00006104
-0.17202840,0.00006104
-0.17170840,0.00006104
-0.17138840,0.00006104
-0.17106840,0.00006104
-0.17074840,0.00006104
-0.17042840,0.00006104
-0.17010840,0.00006104
-0.16978840,0.00006104
-0.16946840,0.00006104
-0.16914840,0.00006104
-0.16882840,0.00006104
-0.16850840,0.00006104
-0.16818840,0.00006104
-0.16786840,0.00006104
-0.16754840,0.00006104
-0.16722840,0.00006104
-0.16690840,0.00006104
-0.16658840,0.00006104
-0.16626840,0.00006104
-0.16594840,0.00006104
-0.16562840,-0.01770074
-0.16530840,0.00006104
-0.16498840,0.00006104
-0.16466840,0.00006104
-0.16434840,0.00006104
-0.16402840,0.00006104
-0.16370840,0.00006104
-0.16338840,0.00006104
-0.16306840,0.00006104
-0.16274840,0.00006104
-0.16242840,-0.01770074
-0.16210840,-0.01770074
-0.16178840,0.00006104
-0.16146840,0.00006104
-0.16114840,0.00006104
-0.16082840,0.00006104
-0.16050840,0.00006104
-0.16018840,0.00006104
-0.15986840,0.00006104
-0.15954840,0.00006104
-0.15922840,0.00006104
-0.15890840,0.00006104
-0.15858840,0.00006104
-0.15826840,0.00006104
-0.15794840,0.00006104
-0.15762840,0.00006104
-0.15730840,0.00006104
-0.15698840,0.00006104
-0.15666840,0.00006104
-0.15634840,0.00006104
-0.15602840,0.00006104
-0.15570840,0.00006104
-0.15538840,-0.01770074
-0.15506840,0.00006104
-0.15474840,-0.01770074
-0.15442840,0.00006104
-0.15410840,-0.01770074
-0.15378840,0.00006104
-0.15346840,0.00006104
-0.15314840,0.00006104
-0.15282840,0.00006104
-0.15250840,0.00006104
-0.15218840,0.00006104
-0.15186840,0.00006104
-0.15154840,0.00006104
-0.15122840,0.00006104
-0.15090840,0.00006104
-0.15058840,0.00006104
-0.15026840,0.00006104
-0.14994840,0.00006104
-0.14962840,0.00006104
-0.14930840,0.00006104
-0.14898840,0.00006104
-0.14866840,0.00006104
-0.14834840,0.00006104
-0.14802840,0.00006104
-0.14770840,0.00006104
-0.14738840,0.00006104
-0.14706840,0.00006104
-0.14674840,0.00006104
-0.14642840,-0.03552354
-0.14610840,-0.01770074
-0.14578840,0.00006104
-0.14546840,0.00006104
-0.14514840,0.00006104
-0.14482840,0.00006104
-0.14450840,-0.01770074
-0.14418840,0.00006104
-0.14386840,0.00006104
-0.14354840,0.00006104
-0.14322840,0.00006104
-0.14290840,0.00006104
-0.14258840,0.00006104
-0.14226840,0.00006104
-0.14194840,0.00006104
-0.14162840,0.00006104
-0.14130840,0.00006104
-0.14098840,0.00006104
-0.14066840,0.00006104
-0.14034840,0.00006104
-0.14002840,0.00006104
-0.13970840,0.00006104
-0.13938840,0.00006104
-0.13906840,0.00006104
-0.13874840,0.00006104
-0.13842840,0.00006104
-0.13810840,0.00006104
-0.13778840,0.00006104
-0.13746840,0.00006104
-0.13714840,0.00006104
-0.13682840,-0.01770074
-0.13650840,0.00006104
-0.13618840,0.00006104
-0.13586840,0.00006104
-0.13554840,0.00006104
-0.13522840,0.00006104
-0.13490840,0.00006104
-0.13458840,0.00006104
-0.13426840,0.00006104
-0.13394840,0.00006104
-0.13362840,0.00006104
-0.13330840,0.00006104
-0.13298840,0.00006104
-0.13266840,0.00006104
-0.13234840,0.00006104
-0.13202840,0.00006104
-0.13170840,0.00006104
-0.13138840,0.00006104
-0.13106840,0.00006104
-0.13074840,0.00006104
-0.13042840,0.00006104
-0.13010840,0.00006104
-0.12978840,0.00006104
-0.12946840,0.00006104
-0.12914840,0.00006104
-0.12882840,0.00006104
-0.12850840,0.00006104
-0.12818840,0.00006104
-0.12786840,0.00006104
-0.12754840,0.00006104
-0.12722840,-0.01770074
-0.12690840,0.00006104
-0.12658840,0.00006104
-0.12626840,0.00006104
-0.12594840,0.00006104
-0.12562840,0.00006104
-0.12530840,0.00006104
-0.12498840,0.00006104
-0.12466840,0.00006104
-0.12434840,0.00006104
-0.12402840,0.00006104
-0.12370840,0.00006104
-0.12338840,0.00006104
-0.12306840,0.00006104
-0.12274840,0.00006104
-0.12242840,0.00006104
-0.12210840,0.00006104
-0.12178840,0.00006104
-0.12146840,0.00006104
-0.12114840,0.00006104
-0.12082840,0.00006104
-0.12050840,0.00006104
-0.12018840,0.00006104
-0.11986840,0.00006104
-0.11954840,0.00006104
-0.11922840,0.00006104
-0.11890840,0.00006104
-0.11858840,0.00006104
-0.11826840,0.00006104
-0.11794840,0.00006104
-0.11762840,0.00006104
-0.11730840,0.00006104
-0.11698840,0.00006104
-0.11666840,0.00006104
-0.11634840,0.00006104
-0.11602840,0.00006104
-0.11570840,0.00006104
-0.11538840,0.00006104
-0.11506840,0.00006104
-0.11474840,0.00006104
-0.11442840,0.00006104
-0.11410840,0.00006104
-0.11378840,0.00006104
-0.11346840,-0.01770074
-0.11314840,0.00006104
-0.11282840,0.00006104
-0.11250840,0.00006104
-0.11218840,-0.01770074
-0.11186840,0.00006104
-0.11154840,0.00006104
-0.11122840,0.00006104
-0.11090840,0.00006104
-0.11058840,0.00006104
-0.11026840,0.00006104
-0.10994840,0.00006104
-0.10962840,0.00006104
-0.10930840,0.00006104
-0.10898840,0.00006104
-0.10866840,0.00006104
-0.10834840,0.00006104
-0.10802840,0.00006104
-0.10770840,0.00006104
-0.10738840,0.00006104
-0.10706840,0.00006104
-0.10674840,0.00006104
-0.10642840,0.00006104
-0.10610840,-0.01770074
-0.10578840,0.00006104
-0.10546840,0.00006104
-0.10514840,0.00006104
-0.10482840,0.00006104
-0.10450840,0.00006104
-0.10418840,0.00006104
-0.10386840,0.00006104
-0.10354840,0.00006104
-0.10322840,0.00006104
-0.10290840,0.00006104
-0.10258840,0.00006104
-0.10226840,0.00006104
-0.10194840,0.00006104
-0.10162840,0.00006104
-0.10130840,0.00006104
-0.10098840,0.00006104
-0.10066840,0.00006104
-0.10034840,0.00006104
-0.10002840,0.00006104
-0.09970840,0.00006104
-0.09938840,0.00006104
-0.09906840,0.00006104
-0.09874840,0.00006104
-0.09842840,0.00006104
-0.09810840,0.00006104
-0.09778840,-0.01770074
-0.09746840,0.00006104
-0.09714840,0.00006104
-0.09682840,0.00006104
-0.09650840,0.00006104
-0.09618840,0.00006104
-0.09586840,0.00006104
-0.09554840,0.00006104
-0.09522840,0.00006104
-0.09490840,0.00006104
-0.09458840,0.00006104
-0.09426840,0.00006104
-0.09394840,0.00006104
-0.09362840,0.00006104
-0.09330840,0.00006104
-0.09298840,0.00006104
-0.09266840,0.00006104
-0.09234840,0.00006104
-0.09202840,0.00006104
-0.09170840,0.00006104
-0.09138840,-0.01770074
-0.09106840,0.00006104
-0.09074840,0.00006104
-0.09042840,0.00006104
-0.09010840,0.00006104
-0.08978840,0.00006104
-0.08946840,0.00006104
-0.08914840,0.00006104
-0.08882840,0.00006104
-0.08850840,0.00006104
-0.08818840,0.00006104
-0.08786840,0.00006104
-0.08754840,0.00006104
-0.08722840,0.00006104
-0.08690840,0.00006104
-0.08658840,0.00006104
-0.08626840,0.00006104
-0.08594840,0.00006104
-0.08562840,0.00006104
-0.08530840,0.00006104
-0.08498840,0.00006104
-0.08466840,0.00006104
-0.08434840,0.00006104
-0.08402840,0.00006104
-0.08370840,0.00006104
-0.08338840,0.00006104
-0.08306840,0.00006104
-0.08274840,0.00006104
-0.08242840,0.00006104
-0.08210840,0.00006104
-0.08178840,0.00006104
-0.08146840,0.00006104
-0.08114840,0.00006104
-0.08082840,0.00006104
-0.08050840,0.00006104
-0.08018840,0.00006104
-0.07986840,0.00006104
-0.07954840,0.00006104
-0.07922840,-0.01770074
-0.07890840,0.00006104
-0.07858840,0.00006104
-0.07826840,0.00006104
-0.07794840,0.00006104
-0.07762840,0.00006104
-0.07730840,-0.01770074
-0.07698840,0.00006104
-0.07666840,0.00006104
-0.07634840,0.00006104
-0.07602840,0.00006104
-0.07570840,0.00006104
-0.07538840,0.00006104
-0.07506840,0.00006104
-0.07474840,0.00006104
-0.07442840,-0.01770074
-0.07410840,-0.01770074
-0.07378840,0.00006104
-0.07346840,0.00006104
-0.07314840,0.00006104
-0.07282840,0.00006104
-0.07250840,0.00006104
-0.07218840,0.00006104
-0.07186840,0.00006104
-0.07154840,0.00006104
-0.07122840,0.00006104
-0.07090840,0.00006104
-0.07058840,0.00006104
-0.07026840,0.00006104
-0.06994840,0.00006104
-0.06962840,0.00006104
-0.06930840,0.00006104
-0.06898840,0.00006104
-0.06866840,0.00006104
-0.06834840,0.00006104
-0.06802840,0.00006104
-0.06770840,0.00006104
-0.06738840,0.00006104
-0.06706840,0.00006104
-0.06674840,0.00006104
-0.06642840,0.00006104
-0.06610840,0.00006104
-0.06578840,0.00006104
-0.06546840,0.00006104
-0.06514840,0.00006104
-0.06482840,0.00006104
-0.06450840,0.00006104
-0.06418840,0.00006104
-0.06386840,0.00006104
-0.06354840,0.00006104
-0.06322840,0.00006104
-0.06290840,0.00006104
-0.06258840,0.00006104
-0.06226840,0.00006104
-0.06194840,0.00006104
-0.06162840,0.00006104
-0.06130840,0.00006104
-0.06098840,0.00006104
-0.06066840,0.00006104
-0.06034840,0.00006104
-0.06002840,0.00006104
-0.05970840,0.00006104
-0.05938840,0.00006104
-0.05906840,0.00006104
-0.05874840,0.00006104
-0.05842840,0.00006104
-0.05810840,0.00006104
-0.05778840,0.00006104
-0.05746840,0.00006104
-0.05714840,0.00006104
-0.05682840,0.00006104
-0.05650840,0.00006104
-0.05618840,0.00006104
-0.05586840,0.00006104
-0.05554840,0.00006104
-0.05522840,0.00006104
-0.05490840,0.00006104
-0.05458840,0.00006104
-0.05426840,0.00006104
-0.05394840,0.00006104
-0.05362840,0.00006104
-0.05330840,0.00006104
-0.05298840,0.00006104
-0.05266840,0.00006104
-0.05234840,0.00006104
-0.05202840,0.00006104
-0.05170840,0.00006104
-0.05138840,0.00006104
-0.05106840,0.00006104
-0.05074840,0.00006104
-0.05042840,0.00006104
-0.05010840,0.00006104
-0.04978840,0.00006104
-0.04946840,0.00006104
-0.04914840,0.00006104
-0.04882840,-0.01770074
-0.04850840,0.00006104
-0.04818840,0.00006104
-0.04786840,0.00006104
-0.04754840,0.00006104
-0.04722840,0.00006104
-0.04690840,0.00006104
-0.04658840,0.00006104
-0.04626840,0.00006104
-0.04594840,0.00006104
-0.04562840,0.00006104
-0.04530840,0.00006104
-0.04498840,0.00006104
-0.04466840,0.00006104
-0.04434840,0.00006104
-0.04402840,0.00006104
-0.04370840,0.00006104
-0.04338840,0.00006104
-0.04306840,0.00006104
-0.04274840,0.00006104
-0.04242840,0.00006104
-0.04210840,-0.01770074
-0.04178840,0.00006104
-0.04146840,0.00006104
-0.04114840,0.00006104
-0.04082840,0.00006104
-0.04050840,0.00006104
-0.04018840,0.00006104
-0.03986840,0.00006104
-0.03954840,0.00006104
-0.03922840,-0.01770074
-0.03890840,0.00006104
-0.03858840,0.00006104
-0.03826840,0.00006104
-0.03794840,0.00006104
-0.03762840,0.00006104
-0.03730840,0.00006104
-0.03698840,0.00006104
-0.03666840,0.00006104
-0.03634840,0.00006104
-0.03602840,-0.01770074
-0.03570840,0.00006104
-0.03538840,0.00006104
-0.03506840,0.00006104
-0.03474840,0.00006104
-0.03442840,0.00006104
-0.03410840,0.00006104
-0.03378840,0.00006104
-0.03346840,0.00006104
-0.03314840,0.00006104
-0.03282840,0.00006104
-0.03250840,0.00006104
-0.03218840,0.00006104
-0.03186840,0.00006104
-0.03154840,-0.01770074
-0.03122840,0.00006104
-0.03090840,-0.01770074
-0.03058840,0.00006104
-0.03026840,0.00006104
-0.02994840,0.00006104
-0.02962840,0.00006104
-0.02930840,0.00006104
-0.02898840,0.00006104
-0.02866840,0.00006104
-0.02834840,0.00006104
-0.02802840,0.00006104
-0.02770840,0.00006104
-0.02738840,0.00006104
-0.02706840,0.00006104
-0.02674840,0.00006104
-0.02642840,0.00006104
-0.02610840,0.00006104
-0.02578840,0.00006104
-0.02546840,0.00006104
-0.02514840,0.00006104
-0.02482840,0.00006104
-0.02450840,0.00006104
-0.02418840,0.00006104
-0.02386840,0.00006104
-0.02354840,0.00006104
-0.02322840,0.00006104
-0.02290840,0.00006104
-0.02258840,0.00006104
-0.02226840,0.00006104
-0.02194840,0.00006104
-0.02162840,0.00006104
-0.02130840,0.00006104
-0.02098840,0.00006104
-0.02066840,0.00006104
-0.02034840,0.00006104
-0.02002840,0.00006104
-0.01970840,0.00006104
-0.01938840,0.00006104
-0.01906840,0.00006104
-0.01874840,0.00006104
-0.01842840,0.00006104
-0.01810840,0.00006104
-0.01778840,0.00006104
-0.01746840,0.00006104
-0.01714840,0.00006104
-0.01682840,0.00006104
-0.01650840,0.00006104
-0.01618840,0.00006104
-0.01586840,0.00006104
-0.01554840,0.00006104
-0.01522840,0.00006104
-0.01490840,0.00006104
-0.01458840,0.00006104
-0.01426840,-0.01770074
-0.01394840,0.00006104
-0.01362840,0.00006104
-0.01330840,0.00006104
-0.01298840,0.00006104
-0.01266840,0.00006104
-0.01234840,0.00006104
-0.01202840,0.00006104
-0.01170840,0.00006104
-0.01138840,0.00006104
-0.01106840,0.00006104
-0.01074840,-0.01770074
-0.01042840,0.00006104
-0.01010840,0.00006104
-0.00978840,0.00006104
-0.00946840,0.00006104
-0.00914840,0.00006104
-0.00882840,0.00006104
-0.00850840,0.00006104
-0.00818840,0.00006104
-0.00786840,0.00006104
-0.00754840,0.00006104
-0.00722840,0.00006104
-0.00690840,0.00006104
-0.00658840,0.00006104
-0.00626840,0.00006104
-0.00594840,0.00006104
-0.00562840,0.00006104
-0.00530840,0.00006104
-0.00498840,0.00006104
-0.00466840,0.00006104
-0.00434840,0.00006104
-0.00402840,0.00006104
-0.00370840,0.00006104
-0.00338840,0.00006104
-0.00306840,0.00006104
-0.00274840,0.00006104
-0.00242840,0.00006104
-0.00210840,0.00006104
-0.00178840,0.00006104
-0.00146840,1.88689840
-0.00114840,0.14246041
-0.00082840,-0.62294382
-0.00050840,-0.39155248
-0.00018840,-0.08893093
0.00013160,0.03570665
0.00045160,0.01788385
0.00077160,0.00006104
0.00109160,-0.01770074
0.00141160,-0.03552354
0.00173160,-0.56953645
0.00205160,-1.08578753
0.00237160,-∞
0.00269160,-1.35276341
0.00301160,-0.56953645
0.00333160,-0.01770074
0.00365160,0.07129124
0.00397160,0.05346843
0.00429160,0.03570665
0.00461160,0.01788385
0.00493160,0.00006104
0.00525160,0.01788385
0.00557160,0.01788385
0.00589160,0.03570665
0.00621160,0.03570665
0.00653160,0.03570665
0.00685160,0.03570665
0.00717160,0.00006104
0.00749160,0.00006104
0.00781160,0.01788385
0.00813160,0.03570665
0.00845160,0.03570665
0.00877160,0.05346843
0.00909160,0.07129124
0.00941160,0.07129124
0.00973160,0.07129124
0.01005160,0.05346843
0.01037160,0.07129124
0.01069160,0.03570665
0.01101160,0.03570665
0.01133160,0.07129124
0.01165160,0.08911405
0.01197160,0.05346843
0.01229160,0.03570665
0.01261160,0.05346843
0.01293160,0.03570665
0.01325160,0.01788385
0.01357160,-0.01770074
0.01389160,-0.01770074
0.01421160,-0.03552354
0.01453160,-0.01770074
0.01485160,0.03570665
0.01517160,0.00006104
0.01549160,0.01788385
0.01581160,0.05346843
0.01613160,-0.05334635
0.01645160,0.01788385
0.01677160,0.00006104
0.01709160,-0.01770074
0.01741160,0.03570665
0.01773160,0.03570665
0.01805160,0.00006104
0.01837160,0.03570665
0.01869160,0.03570665
0.01901160,0.01788385
0.01933160,0.00006104
0.01965160,0.01788385
0.01997160,0.01788385
0.02029160,0.01788385
0.02061160,0.03570665
0.02093160,0.03570665
0.02125160,0.00006104
0.02157160,0.00006104
0.02189160,0.03570665
0.02221160,0.01788385
0.02253160,0.00006104
0.02285160,0.00006104
0.02317160,-0.01770074
0.02349160,0.00006104
0.02381160,0.01788385
0.02413160,0.00006104
0.02445160,0.00006104
0.02477160,0.03570665
0.02509160,0.01788385
0.02541160,0.01788385
0.02573160,0.01788385
0.02605160,0.00006104
0.02637160,0.01788385
0.02669160,0.01788385
0.02701160,0.00006104
0.02733160,0.01788385
0.02765160,0.01788385
0.02797160,0.00006104
0.02829160,0.01788385
0.02861160,0.00006104
0.02893160,-0.01770074
0.02925160,0.00006104
0.02957160,0.00006104
0.02989160,-0.01770074
0.03021160,0.00006104
0.03053160,0.00006104
0.03085160,0.00006104
0.03117160,0.00006104
0.03149160,0.00006104
0.03181160,0.01788385
0.03213160,0.01788385
0.03245160,0.00006104
0.03277160,0.00006104
0.03309160,0.01788385
0.03341160,0.01788385
0.03373160,0.01788385
0.03405160,0.00006104
0.03437160,0.00006104
0.03469160,0.01788385
0.03501160,0.00006104
0.03533160,0.00006104
0.03565160,0.00006104
0.03597160,0.00006104
0.03629160,0.00006104
0.03661160,0.00006104
0.03693160,0.00006104
0.03725160,0.00006104
0.03757160,0.01788385
0.03789160,0.01788385
0.03821160,0.00006104
0.03853160,0.01788385
0.03885160,0.00006104
0.03917160,0.00006104
0.03949160,0.00006104
0.03981160,0.00006104
0.04013160,0.00006104
0.04045160,0.00006104
0.04077160,0.00006104
0.04109160,-0.01770074
0.04141160,0.00006104
0.04173160,0.00006104
0.04205160,0.00006104
0.04237160,0.00006104
0.04269160,0.00006104
0.04301160,0.00006104
0.04333160,0.01788385
0.04365160,0.01788385
0.04397160,0.00006104
0.04429160,0.00006104
0.04461160,0.01788385
0.04493160,0.00006104
0.04525160,0.01788385
0.04557160,0.00006104
0.04589160,0.00006104
0.04621160,0.00006104
0.04653160,0.00006104
0.04685160,0.00006104
0.04717160,0.00006104
0.04749160,0.00006104
0.04781160,0.00006104
0.04813160,0.00006104
0.04845160,0.00006104
0.04877160,-0.01770074
0.04909160,0.00006104
0.04941160,0.00006104
0.04973160,0.00006104
0.05005160,0.00006104
0.05037160,0.00006104
0.05069160,0.00006104
0.05101160,0.00006104
0.05133160,0.00006104
0.05165160,0.00006104
0.05197160,0.00006104
0.05229160,0.00006104
0.05261160,0.00006104
0.05293160,0.00006104
0.05325160,0.00006104
0.05357160,0.00006104
0.05389160,0.00006104
0.05421160,0.00006104
0.05453160,-0.01770074
0.05485160,0.00006104
0.05517160,0.00006104
0.05549160,0.00006104
0.05581160,0.00006104
0.05613160,0.00006104
0.05645160,0.00006104
0.05677160,0.00006104
0.05709160,-0.01770074
0.05741160,0.00006104
0.05773160,0.00006104
0.05805160,0.00006104
0.05837160,0.00006104
0.05869160,0.00006104
0.05901160,0.00006104
0.05933160,0.00006104
0.05965160,0.00006104
0.05997160,0.00006104
0.06029160,0.00006104
0.06061160,0.00006104
0.06093160,0.00006104
0.06125160,0.00006104
0.06157160,0.00006104
0.06189160,0.00006104
0.06221160,0.00006104
0.06253160,0.00006104
0.06285160,0.00006104
0.06317160,0.00006104
0.06349160,0.00006104
0.06381160,0.00006104
0.06413160,0.00006104
0.06445160,0.00006104
0.06477160,0.00006104
0.06509160,0.00006104
0.06541160,0.00006104
0.06573160,0.00006104
0.06605160,0.00006104
0.06637160,0.00006104
0.06669160,0.00006104
0.06701160,0.00006104
0.06733160,0.00006104
0.06765160,0.00006104
0.06797160,0.00006104
0.06829160,0.00006104
0.06861160,0.00006104
0.06893160,0.00006104
0.06925160,0.00006104
0.06957160,0.00006104
0.06989160,0.00006104
0.07021160,0.00006104
0.07053160,0.00006104
0.07085160,0.00006104
0.07117160,0.00006104
0.07149160,0.00006104
0.07181160,0.00006104
0.07213160,0.00006104
0.07245160,0.00006104
0.07277160,0.00006104
0.07309160,-0.01770074
0.07341160,0.00006104
0.07373160,0.00006104
0.07405160,0.00006104
0.07437160,0.00006104
0.07469160,0.00006104
0.07501160,0.00006104
0.07533160,0.00006104
0.07565160,0.00006104
0.07597160,0.00006104
0.07629160,0.00006104
0.07661160,0.00006104
0.07693160,0.00006104
0.07725160,0.00006104
0.07757160,0.00006104
0.07789160,0.00006104
0.07821160,0.00006104
0.07853160,0.00006104
0.07885160,0.00006104
0.07917160,0.00006104
0.07949160,0.00006104
0.07981160,0.00006104
0.08013160,0.00006104
0.08045160,0.00006104
0.08077160,0.00006104
0.08109160,0.00006104
0.08141160,0.00006104
0.08173160,0.00006104
0.08205160,0.00006104
0.08237160,0.00006104
0.08269160,0.00006104
0.08301160,0.00006104
0.08333160,0.00006104
0.08365160,0.00006104
0.08397160,0.00006104
0.08429160,0.00006104
0.08461160,0.00006104
0.08493160,0.00006104
0.08525160,0.00006104
0.08557160,0.00006104
0.08589160,0.00006104
0.08621160,0.00006104
0.08653160,0.00006104
0.08685160,0.00006104
0.08717160,0.00006104
0.08749160,0.00006104
0.08781160,0.00006104
0.08813160,0.00006104
0.08845160,0.00006104
0.08877160,0.00006104
0.08909160,0.00006104
0.08941160,0.00006104
0.08973160,0.00006104
0.09005160,0.00006104
0.09037160,0.00006104
0.09069160,0.00006104
0.09101160,0.00006104
0.09133160,0.00006104
0.09165160,0.00006104
0.09197160,0.00006104
0.09229160,0.00006104
0.09261160,0.00006104
0.09293160,0.00006104
0.09325160,0.00006104
0.09357160,0.00006104
0.09389160,0.00006104
0.09421160,0.00006104
0.09453160,0.00006104
0.09485160,0.00006104
0.09517160,0.00006104
0.09549160,0.00006104
0.09581160,0.00006104
0.09613160,0.00006104
0.09645160,0.00006104
0.09677160,0.00006104
0.09709160,0.00006104
0.09741160,0.00006104
0.09773160,0.00006104
0.09805160,0.00006104
0.09837160,0.00006104
0.09869160,0.00006104
0.09901160,0.00006104
0.09933160,0.00006104
0.09965160,0.00006104
0.09997160,0.00006104
0.10029160,0.00006104
0.10061160,0.00006104
0.10093160,0.00006104
0.10125160,0.00006104
0.10157160,0.00006104
0.10189160,0.00006104
0.10221160,0.00006104
0.10253160,0.00006104
0.10285160,0.00006104
0.10317160,0.00006104
0.10349160,0.00006104
0.10381160,0.00006104
0.10413160,0.00006104
0.10445160,0.00006104
0.10477160,0.00006104
0.10509160,0.00006104
0.10541160,0.00006104
0.10573160,0.00006104
0.10605160,0.00006104
0.10637160,-0.01770074
0.10669160,0.00006104
0.10701160,0.00006104
0.10733160,0.00006104
0.10765160,0.00006104
0.10797160,0.00006104
0.10829160,0.00006104
0.10861160,0.00006104
0.10893160,0.00006104
0.10925160,0.00006104
0.10957160,0.00006104
0.10989160,0.00006104
0.11021160,0.00006104
0.11053160,0.00006104
0.11085160,0.00006104
0.11117160,0.00006104
0.11149160,0.00006104
0.11181160,0.00006104
0.11213160,0.00006104
0.11245160,0.00006104
0.11277160,0.00006104
0.11309160,0.00006104
0.11341160,0.00006104
0.11373160,0.00006104
0.11405160,0.00006104
0.11437160,0.00006104
0.11469160,0.00006104
0.11501160,0.00006104
0.11533160,0.00006104
0.11565160,0.00006104
0.11597160,0.00006104
0.11629160,0.00006104
0.11661160,0.00006104
0.11693160,0.00006104
0.11725160,0.00006104
0.11757160,0.00006104
0.11789160,0.00006104
0.11821160,0.00006104
0.11853160,0.00006104
0.11885160,0.00006104
0.11917160,0.00006104
0.11949160,0.00006104
0.11981160,0.00006104
0.12013160,0.00006104
0.12045160,0.00006104
0.12077160,0.00006104
0.12109160,0.00006104
0.12141160,-0.01770074
0.12173160,0.00006104
0.12205160,0.00006104
0.12237160,0.00006104
0.12269160,0.00006104
0.12301160,-0.01770074
0.12333160,0.00006104
0.12365160,0.00006104
0.12397160,0.00006104
0.12429160,0.00006104
0.12461160,0.00006104
0.12493160,0.00006104
0.12525160,-0.01770074
0.12557160,0.00006104
0.12589160,0.00006104
0.12621160,0.00006104
0.12653160,0.00006104
0.12685160,0.00006104
0.12717160,0.00006104
0.12749160,0.00006104
0.12781160,0.00006104
0.12813160,0.00006104
0.12845160,0.00006104
0.12877160,0.00006104
0.12909160,0.00006104
0.12941160,0.00006104
0.12973160,0.00006104
0.13005160,0.00006104
0.13037160,0.00006104
0.13069160,-0.01770074
0.13101160,0.00006104
0.13133160,0.00006104
0.13165160,0.00006104
0.13197160,0.00006104
0.13229160,0.00006104
0.13261160,0.00006104
0.13293160,0.00006104
0.13325160,0.00006104
0.13357160,0.00006104
0.13389160,-0.01770074
0.13421160,0.00006104
0.13453160,0.00006104
0.13485160,0.00006104
0.13517160,0.00006104
0.13549160,0.00006104
0.13581160,0.00006104
0.13613160,0.00006104
0.13645160,0.00006104
0.13677160,0.00006104
0.13709160,0.00006104
0.13741160,0.00006104
0.13773160,0.00006104
0.13805160,0.00006104
0.13837160,0.00006104
0.13869160,-0.01770074
0.13901160,0.00006104
0.13933160,0.00006104
0.13965160,0.00006104
0.13997160,0.00006104
0.14029160,0.00006104
0.14061160,0.00006104
0.14093160,0.00006104
0.14125160,0.00006104
0.14157160,0.00006104
0.14189160,0.00006104
0.14221160,0.00006104
0.14253160,0.00006104
0.14285160,0.00006104
0.14317160,0.00006104
0.14349160,0.00006104
0.14381160,0.00006104
0.14413160,0.00006104
0.14445160,0.00006104
0.14477160,0.00006104
0.14509160,0.00006104
0.14541160,0.00006104
0.14573160,0.00006104
0.14605160,-0.01770074
0.14637160,0.00006104
0.14669160,0.00006104
0.14701160,0.00006104
0.14733160,0.00006104
0.14765160,0.00006104
0.14797160,0.00006104
0.14829160,0.00006104
0.14861160,0.00006104
0.14893160,0.00006104
0.14925160,0.00006104
0.14957160,0.00006104
0.14989160,0.00006104
0.15021160,0.00006104
0.15053160,0.00006104
0.15085160,0.00006104
0.15117160,0.00006104
0.15149160,0.00006104
0.15181160,0.00006104
0.15213160,-0.01770074
0.15245160,0.00006104
0.15277160,0.00006104
0.15309160,0.00006104
0.15341160,0.00006104
0.15373160,0.00006104
0.15405160,0.00006104
0.15437160,0.00006104
0.15469160,0.00006104
0.15501160,0.00006104
0.15533160,0.00006104
0.15565160,0.00006104
0.15597160,0.00006104
0.15629160,0.00006104
0.15661160,0.00006104
0.15693160,0.00006104
0.15725160,0.00006104
0.15757160,-0.01770074
0.15789160,0.00006104
0.15821160,0.00006104
0.15853160,0.00006104
0.15885160,0.00006104
0.15917160,0.00006104
0.15949160,0.00006104
0.15981160,0.00006104
0.16013160,0.00006104
0.16045160,0.00006104
0.16077160,0.00006104
0.16109160,0.00006104
0.16141160,0.00006104
0.16173160,0.00006104
0.16205160,0.00006104
0.16237160,0.00006104
0.16269160,-0.01770074
0.16301160,0.00006104
0.16333160,0.00006104
0.16365160,0.00006104
0.16397160,0.00006104
0.16429160,0.00006104
0.16461160,0.00006104
0.16493160,0.00006104
0.16525160,0.00006104
0.16557160,0.00006104
0.16589160,0.00006104
0.16621160,0.00006104
0.16653160,0.00006104
0.16685160,0.00006104
0.16717160,0.00006104
0.16749160,0.00006104
0.16781160,0.00006104
0.16813160,0.00006104
0.16845160,-0.01770074
0.16877160,0.00006104
0.16909160,0.00006104
0.16941160,0.00006104
0.16973160,0.00006104
0.17005160,0.00006104
0.17037160,0.00006104
0.17069160,0.00006104
0.17101160,-0.01770074
0.17133160,0.00006104
0.17165160,0.00006104
0.17197160,0.00006104
0.17229160,0.00006104
0.17261160,0.00006104
0.17293160,0.00006104
0.17325160,0.00006104
0.17357160,0.00006104
0.17389160,0.00006104
0.17421160,0.00006104
0.17453160,0.00006104
0.17485160,0.00006104
0.17517160,0.00006104
0.17549160,0.00006104
0.17581160,0.00006104
0.17613160,0.00006104
0.17645160,0.00006104
0.17677160,0.00006104
0.17709160,0.00006104
0.17741160,0.00006104
0.17773160,0.00006104
0.17805160,0.00006104
0.17837160,0.00006104
0.17869160,0.00006104
0.17901160,0.00006104
0.17933160,0.00006104
0.17965160,0.00006104
0.17997160,0.00006104
0.18029160,0.00006104
0.18061160,0.00006104
0.18093160,0.00006104
0.18125160,-0.01770074
0.18157160,0.00006104
0.18189160,0.00006104
0.18221160,0.00006104
0.18253160,0.00006104
0.18285160,0.00006104
0.18317160,0.00006104
0.18349160,0.00006104
0.18381160,0.00006104
0.18413160,0.00006104
0.18445160,0.00006104
0.18477160,0.00006104
0.18509160,0.00006104
0.18541160,0.00006104
0.18573160,0.00006104
0.18605160,0.00006104
0.18637160,0.00006104
0.18669160,0.00006104
0.18701160,0.00006104
0.18733160,0.00006104
0.18765160,0.00006104
0.18797160,0.00006104
0.18829160,0.00006104
0.18861160,0.00006104
0.18893160,0.00006104
0.18925160,0.00006104
0.18957160,0.00006104
0.18989160,0.00006104
0.19021160,0.00006104
0.19053160,0.00006104
0.19085160,0.00006104
0.19117160,0.00006104
0.19149160,-0.01770074
0.19181160,0.00006104
0.19213160,0.00006104
0.19245160,0.00006104
0.19277160,0.00006104
0.19309160,0.00006104
0.19341160,0.00006104
0.19373160,0.00006104
0.19405160,0.00006104
0.19437160,0.00006104
0.19469160,0.00006104
0.19501160,0.00006104
0.19533160,0.00006104
0.19565160,0.00006104
0.19597160,0.00006104
0.19629160,0.00006104
0.19661160,0.00006104
0.19693160,0.00006104
0.19725160,0.00006104
0.19757160,0.00006104
0.19789160,0.00006104
0.19821160,0.00006104
0.19853160,0.00006104
0.19885160,0.00006104
0.19917160,0.00006104
0.19949160,0.00006104
0.19981160,0.00006104
0.20013160,0.00006104
0.20045160,0.00006104
0.20077160,0.00006104
0.20109160,0.00006104
0.20141160,0.00006104
0.20173160,0.00006104
0.20205160,0.00006104
0.20237160,0.00006104
0.20269160,0.00006104
0.20301160,0.00006104
0.20333160,-0.01770074
0.20365160,0.00006104
0.20397160,0.00006104
0.20429160,0.00006104
0.20461160,0.00006104
0.20493160,0.00006104
0.20525160,0.00006104
0.20557160,0.00006104
0.20589160,0.00006104
0.20621160,0.00006104
0.20653160,0.00006104
0.20685160,0.00006104
0.20717160,0.00006104
0.20749160,0.00006104
0.20781160,0.00006104
0.20813160,0.00006104
0.20845160,-0.01770074
0.20877160,0.00006104
0.20909160,0.00006104
0.20941160,0.00006104
0.20973160,0.00006104
0.21005160,0.00006104
0.21037160,0.00006104
0.21069160,0.00006104
0.21101160,0.00006104
0.21133160,0.00006104
0.21165160,0.00006104
0.21197160,0.00006104
0.21229160,0.00006104
0.21261160,0.00006104
0.21293160,-0.01770074
0.21325160,0.00006104
0.21357160,0.00006104
0.21389160,0.00006104
0.21421160,0.00006104
0.21453160,0.00006104
0.21485160,-0.01770074
0.21517160,0.00006104
0.21549160,0.00006104
0.21581160,0.00006104
0.21613160,0.00006104
0.21645160,0.00006104
0.21677160,0.00006104
0.21709160,0.00006104
0.21741160,0.00006104
0.21773160,0.00006104
0.21805160,0.00006104
0.21837160,0.00006104
0.21869160,0.00006104
0.21901160,0.00006104
0.21933160,0.00006104
0.21965160,0.00006104
0.21997160,0.00006104
0.22029160,0.00006104
0.22061160,-0.01770074
0.22093160,0.00006104
0.22125160,0.00006104
0.22157160,0.00006104
0.22189160,0.00006104
0.22221160,0.00006104
0.22253160,0.00006104
0.22285160,0.00006104
0.22317160,0.00006104
0.22349160,0.00006104
0.22381160,0.00006104
0.22413160,0.00006104
0.22445160,0.00006104
0.22477160,0.00006104
0.22509160,0.00006104
0.22541160,0.00006104
0.22573160,0.00006104
0.22605160,0.00006104
0.22637160,0.00006104
0.22669160,-0.01770074
0.22701160,0.00006104
0.22733160,0.00006104
0.22765160,0.00006104
0.22797160,0.00006104
0.22829160,0.00006104
0.22861160,0.00006104
0.22893160,0.00006104
0.22925160,0.00006104
0.22957160,0.00006104
0.22989160,0.00006104
0.23021160,0.00006104
0.23053160,0.00006104
0.23085160,0.00006104
0.23117160,0.00006104
0.23149160,0.00006104
0.23181160,0.00006104
0.23213160,0.00006104
0.23245160,0.00006104
0.23277160,0.00006104
0.23309160,-0.01770074
0.23341160,-0.01770074
0.23373160,0.00006104
0.23405160,0.00006104
0.23437160,0.00006104
0.23469160,0.00006104
0.23501160,0.00006104
0.23533160,0.00006104
0.23565160,0.00006104
0.23597160,0.00006104
0.23629160,0.00006104
0.23661160,0.00006104
0.23693160,0.00006104
0.23725160,0.00006104
0.23757160,0.00006104
0.23789160,0.00006104
0.23821160,0.00006104
0.23853160,0.00006104
0.23885160,0.00006104
0.23917160,0.00006104
0.23949160,0.00006104
0.23981160,0.00006104
0.24013160,0.00006104
0.24045160,0.00006104
0.24077160,0.00006104
0.24109160,0.00006104
0.24141160,0.00006104
0.24173160,0.00006104
0.24205160,0.00006104
0.24237160,0.00006104
0.24269160,0.00006104
0.24301160,0.00006104
0.24333160,0.00006104
0.24365160,0.00006104
0.24397160,0.00006104
0.24429160,0.00006104
0.24461160,0.00006104
0.24493160,0.00006104
0.24525160,0.00006104
0.24557160,0.00006104
0.24589160,0.00006104
0.24621160,0.00006104
0.24653160,0.00006104
0.24685160,0.00006104
0.24717160,0.00006104
0.24749160,0.00006104
0.24781160,0.00006104
0.24813160,-0.01770074
0.24845160,0.00006104
0.24877160,0.00006104
0.24909160,0.00006104
0.24941160,0.00006104
0.24973160,0.00006104
0.25005160,-0.01770074
0.25037160,0.00006104
0.25069160,0.00006104
0.25101160,0.00006104
0.25133160,0.00006104
0.25165160,0.00006104
0.25197160,0.00006104
0.25229160,0.00006104
0.25261160,0.00006104
0.25293160,0.00006104
0.25325160,0.00006104
0.25357160,0.00006104
0.25389160,0.00006104
0.25421160,0.00006104
0.25453160,0.00006104
0.25485160,0.00006104
0.25517160,0.00006104
0.25549160,0.00006104
0.25581160,-0.01770074
0.25613160,0.00006104
0.25645160,0.00006104
0.25677160,0.00006104
0.25709160,0.00006104
0.25741160,0.00006104
0.25773160,0.00006104
0.25805160,0.00006104
0.25837160,-0.01770074
0.25869160,-0.01770074
0.25901160,-0.01770074
0.25933160,0.00006104
0.25965160,0.00006104
0.25997160,0.00006104
0.26029160,0.00006104
0.26061160,0.00006104
0.26093160,0.00006104
0.26125160,0.00006104
0.26157160,0.00006104
0.26189160,0.00006104
0.26221160,0.00006104
0.26253160,0.00006104
0.26285160,0.00006104
0.26317160,0.00006104
0.26349160,0.00006104
0.26381160,0.00006104
0.26413160,0.00006104
0.26445160,0.00006104
0.26477160,0.00006104
0.26509160,0.00006104
0.26541160,0.00006104
0.26573160,0.00006104
0.26605160,0.00006104
0.26637160,0.00006104
0.26669160,-0.01770074
0.26701160,-0.01770074
0.26733160,0.00006104
0.26765160,0.00006104
0.26797160,-0.01770074
0.26829160,0.00006104
0.26861160,0.00006104
0.26893160,0.00006104
0.26925160,0.00006104
0.26957160,0.00006104
0.26989160,0.00006104
0.27021160,0.00006104
0.27053160,0.00006104
0.27085160,0.00006104
0.27117160,0.00006104
0.27149160,0.00006104
0.27181160,0.00006104
0.27213160,0.00006104
0.27245160,0.00006104
0.27277160,0.00006104
0.27309160,0.00006104
0.27341160,-0.01770074
0.27373160,-0.01770074
0.27405160,0.00006104
0.27437160,0.00006104
0.27469160,-0.01770074
0.27501160,0.00006104
0.27533160,0.00006104
0.27565160,0.00006104
0.27597160,0.00006104
0.27629160,0.00006104
0.27661160,0.00006104
0.27693160,0.00006104
0.27725160,0.00006104
0.27757160,0.00006104
0.27789160,0.00006104
0.27821160,0.00006104
0.27853160,0.00006104
0.27885160,0.00006104
0.27917160,0.00006104
0.27949160,0.00006104
0.27981160,0.00006104
0.28013160,0.00006104
0.28045160,0.00006104
0.28077160,0.00006104
0.28109160,0.00006104
0.28141160,0.00006104
0.28173160,0.00006104
0.28205160,0.00006104
0.28237160,0.00006104
0.28269160,-0.01770074
0.28301160,0.00006104
0.28333160,0.00006104
0.28365160,0.00006104
0.28397160,0.00006104
0.28429160,0.00006104
0.28461160,0.00006104
0.28493160,0.00006104
0.28525160,0.00006104
0.28557160,0.00006104
0.28589160,0.00006104
0.28621160,0.00006104
0.28653160,0.00006104
0.28685160,0.00006104
0.28717160,0.00006104
0.28749160,0.00006104
0.28781160,0.00006104
0.28813160,0.00006104
0.28845160,0.00006104
0.28877160,0.00006104
0.28909160,0.00006104
0.28941160,0.00006104
0.28973160,0.00006104
0.29005160,0.00006104
0.29037160,-0.01770074
0.29069160,-0.01770074
0.29101160,0.00006104
0.29133160,0.00006104
0.29165160,0.00006104
0.29197160,0.00006104
0.29229160,0.00006104
0.29261160,0.00006104
0.29293160,0.00006104
0.29325160,0.00006104
0.29357160,0.00006104
0.29389160,0.00006104
0.29421160,0.00006104
0.29453160,0.00006104
0.29485160,0.00006104
0.29517160,0.00006104
0.29549160,0.00006104
0.29581160,0.00006104
0.29613160,0.00006104
0.29645160,0.00006104
0.29677160,0.00006104
0.29709160,0.00006104
0.29741160,0.00006104
0.29773160,0.00006104
0.29805160,0.00006104
0.29837160,0.00006104
0.29869160,0.00006104
0.29901160,0.00006104
0.29933160,0.00006104
0.29965160,-0.01770074
0.29997160,0.00006104
0.30029160,0.00006104
0.30061160,0.00006104
0.30093160,0.00006104
0.30125160,0.00006104
0.30157160,0.00006104
0.30189160,0.00006104
0.30221160,0.00006104
0.30253160,0.00006104
0.30285160,0.00006104
0.30317160,0.00006104
0.30349160,0.00006104
0.30381160,0.00006104
0.30413160,0.00006104
0.30445160,0.00006104
0.30477160,0.00006104
0.30509160,0.00006104
0.30541160,0.00006104
0.30573160,0.00006104
0.30605160,0.00006104
0.30637160,0.00006104
0.30669160,0.00006104
0.30701160,0.00006104
0.30733160,0.00006104
0.30765160,0.00006104
0.30797160,0.00006104
0.30829160,0.00006104
0.30861160,0.00006104
0.30893160,0.00006104
0.30925160,0.00006104
0.30957160,-0.01770074
0.30989160,-0.01770074
0.31021160,0.00006104
0.31053160,-0.01770074
0.31085160,0.00006104
0.31117160,0.00006104
0.31149160,0.00006104
0.31181160,0.00006104
0.31213160,0.00006104
0.31245160,-0.01770074
0.31277160,0.00006104
0.31309160,0.00006104
0.31341160,0.00006104
0.31373160,0.00006104
0.31405160,0.00006104
0.31437160,0.00006104
0.31469160,0.00006104
0.31501160,0.00006104
0.31533160,0.00006104
0.31565160,0.00006104
0.31597160,0.00006104
0.31629160,0.00006104
0.31661160,0.00006104
0.31693160,0.00006104
0.31725160,0.00006104
0.31757160,0.00006104
0.31789160,0.00006104
0.31821160,0.00006104
0.31853160,0.00006104
0.31885160,0.00006104
0.31917160,0.00006104
0.31949160,0.00006104
0.31981160,0.00006104
0.32013160,0.00006104
0.32045160,0.00006104
0.32077160,0.00006104
0.32109160,0.00006104
0.32141160,-0.01770074
0.32173160,0.00006104
0.32205160,0.00006104
0.32237160,0.00006104
0.32269160,0.00006104
0.32301160,0.00006104
0.32333160,0.00006104
0.32365160,0.00006104
0.32397160,0.00006104
0.32429160,0.00006104
0.32461160,0.00006104
0.32493160,0.00006104
0.32525160,0.00006104
0.32557160,0.00006104
0.32589160,0.00006104
0.32621160,0.00006104
0.32653160,0.00006104
0.32685160,0.00006104
0.32717160,0.00006104
0.32749160,0.00006104
0.32781160,0.00006104
0.32813160,0.00006104
0.32845160,0.00006104
0.32877160,0.00006104
0.32909160,0.00006104
0.32941160,0.00006104
0.32973160,0.00006104
0.33005160,0.00006104
0.33037160,0.00006104
0.33069160,0.00006104
0.33101160,-0.01770074
0.33133160,0.00006104
0.33165160,0.00006104
0.33197160,0.00006104
0.33229160,0.00006104
0.33261160,0.00006104
0.33293160,0.00006104
0.33325160,0.00006104
0.33357160,0.00006104
0.33389160,0.00006104
0.33421160,0.00006104
0.33453160,0.00006104
0.33485160,0.00006104
0.33517160,0.00006104
0.33549160,0.00006104
0.33581160,0.00006104
0.33613160,0.00006104
0.33645160,0.00006104
0.33677160,0.00006104
0.33709160,0.00006104
0.33741160,0.00006104
0.33773160,0.00006104
0.33805160,0.00006104
0.33837160,0.00006104
0.33869160,0.00006104
0.33901160,0.00006104
0.33933160,0.00006104
0.33965160,0.00006104
0.33997160,0.00006104
0.34029160,0.00006104
0.34061160,0.00006104
0.34093160,0.00006104
0.34125160,0.00006104
0.34157160,0.00006104
0.34189160,0.00006104
0.34221160,0.00006104
0.34253160,0.00006104
0.34285160,0.00006104
0.34317160,0.00006104
0.34349160,0.00006104
0.34381160,0.00006104
0.34413160,0.00006104
0.34445160,0.00006104
0.34477160,0.00006104
0.34509160,0.00006104
0.34541160,0.00006104
0.34573160,0.00006104
0.34605160,0.00006104
0.34637160,0.00006104
0.34669160,0.00006104
0.34701160,-0.01770074
0.34733160,0.00006104
0.34765160,0.00006104
0.34797160,-0.01770074
0.34829160,0.00006104
0.34861160,0.00006104
0.34893160,0.00006104
0.34925160,0.00006104
0.34957160,0.00006104
0.34989160,0.00006104
0.35021160,0.00006104
0.35053160,0.00006104
0.35085160,0.00006104
0.35117160,0.00006104
0.35149160,0.00006104
0.35181160,0.00006104
0.35213160,0.00006104
0.35245160,0.00006104
0.35277160,0.00006104
0.35309160,0.00006104
0.35341160,0.00006104
0.35373160,0.00006104
0.35405160,0.00006104
0.35437160,0.00006104
0.35469160,0.00006104
0.35501160,0.00006104
0.35533160,0.00006104
0.35565160,0.00006104
0.35597160,0.00006104
0.35629160,0.00006104
0.35661160,0.00006104
0.35693160,0.00006104
0.35725160,0.00006104
0.35757160,0.00006104
0.35789160,0.00006104
0.35821160,0.00006104
0.35853160,0.00006104
0.35885160,0.00006104
0.35917160,0.00006104
0.35949160,-0.01770074
0.35981160,0.00006104
0.36013160,0.00006104
0.36045160,0.00006104
0.36077160,0.00006104
0.36109160,0.00006104
0.36141160,0.00006104
0.36173160,0.00006104
0.36205160,0.00006104
0.36237160,0.00006104
0.36269160,0.00006104
0.36301160,0.00006104
0.36333160,0.00006104
0.36365160,0.00006104
0.36397160,0.00006104
0.36429160,0.00006104
0.36461160,0.00006104
0.36493160,0.00006104
0.36525160,0.00006104
0.36557160,0.00006104
0.36589160,-0.01770074
0.36621160,0.00006104
0.36653160,0.00006104
0.36685160,0.00006104
0.36717160,0.00006104
0.36749160,0.00006104
0.36781160,0.00006104
0.36813160,0.00006104
0.36845160,0.00006104
0.36877160,0.00006104
0.36909160,0.00006104
0.36941160,0.00006104
0.36973160,0.00006104
0.37005160,0.00006104
0.37037160,0.00006104
0.37069160,0.00006104
0.37101160,0.00006104
0.37133160,0.00006104
0.37165160,-0.01770074
0.37197160,-0.01770074
0.37229160,-0.01770074
0.37261160,0.00006104
0.37293160,0.00006104
0.37325160,0.00006104
0.37357160,0.00006104
0.37389160,0.00006104
0.37421160,0.00006104
0.37453160,0.00006104
0.37485160,0.00006104
0.37517160,0.00006104
0.37549160,0.00006104
0.37581160,0.00006104
0.37613160,0.00006104
0.37645160,0.00006104
0.37677160,0.00006104
0.37709160,0.00006104
0.37741160,0.00006104
0.37773160,0.00006104
0.37805160,0.00006104
0.37837160,0.00006104
0.37869160,-0.01770074
0.37901160,0.00006104
0.37933160,0.00006104
0.37965160,0.00006104
0.37997160,0.00006104
0.38029160,0.00006104
0.38061160,0.00006104
0.38093160,0.00006104
0.38125160,0.00006104
0.38157160,0.00006104
0.38189160,0.00006104
0.38221160,0.00006104
0.38253160,0.00006104
0.38285160,0.00006104
0.38317160,0.00006104
0.38349160,0.00006104
0.38381160,0.00006104
0.38413160,0.00006104
0.38445160,0.00006104
0.38477160,0.00006104
0.38509160,0.00006104
0.38541160,0.00006104
0.38573160,0.00006104
0.38605160,0.00006104
0.38637160,0.00006104
0.38669160,0.00006104
0.38701160,0.00006104
0.38733160,0.00006104
0.38765160,0.00006104
0.38797160,-0.01770074
0.38829160,0.00006104
0.38861160,0.00006104
0.38893160,0.00006104
0.38925160,0.00006104
0.38957160,0.00006104
0.38989160,0.00006104
0.39021160,0.00006104
0.39053160,0.00006104
0.39085160,0.00006104
0.39117160,0.00006104
0.39149160,0.00006104
0.39181160,0.00006104
0.39213160,0.00006104
0.39245160,0.00006104
0.39277160,0.00006104
0.39309160,0.00006104
0.39341160,0.00006104
0.39373160,0.00006104
0.39405160,0.00006104
0.39437160,0.00006104
0.39469160,0.00006104
0.39501160,0.00006104
0.39533160,0.00006104
0.39565160,0.00006104
0.39597160,0.00006104
0.39629160,0.00006104
0.39661160,0.00006104
0.39693160,0.00006104
0.39725160,0.00006104
0.39757160,0.00006104
0.39789160,0.00006104
0.39821160,0.00006104
0.39853160,0.00006104
0.39885160,0.00006104
0.39917160,0.00006104
0.39949160,0.00006104
0.39981160,0.00006104
0.40013160,0.00006104
0.40045160,0.00006104
0.40077160,0.00006104
0.40109160,0.00006104
0.40141160,0.00006104
0.40173160,0.00006104
0.40205160,0.00006104
0.40237160,0.00006104
0.40269160,0.00006104
0.40301160,0.00006104
0.40333160,0.00006104
0.40365160,0.00006104
0.40397160,0.00006104
0.40429160,0.00006104
0.40461160,0.00006104
0.40493160,0.00006104
0.40525160,0.00006104
0.40557160,0.00006104
0.40589160,0.00006104
0.40621160,0.00006104
0.40653160,0.00006104
0.40685160,-0.01770074
0.40717160,0.00006104
0.40749160,0.00006104
0.40781160,0.00006104
0.40813160,0.00006104
0.40845160,0.00006104
0.40877160,0.00006104
0.40909160,0.00006104
0.40941160,0.00006104
0.40973160,0.00006104
0.41005160,0.00006104
0.41037160,0.00006104
0.41069160,-0.01770074
0.41101160,0.00006104
0.41133160,0.00006104
0.41165160,0.00006104
0.41197160,0.00006104
0.41229160,0.00006104
0.41261160,0.00006104
0.41293160,0.00006104
0.41325160,0.00006104
0.41357160,0.00006104
0.41389160,0.00006104
0.41421160,0.00006104
0.41453160,0.00006104
0.41485160,0.00006104
0.41517160,0.00006104
0.41549160,0.00006104
0.41581160,0.00006104
0.41613160,0.00006104
0.41645160,0.00006104
0.41677160,0.00006104
0.41709160,0.00006104
0.41741160,0.00006104
0.41773160,0.00006104
0.41805160,0.00006104
0.41837160,0.00006104
0.41869160,0.00006104
0.41901160,0.00006104
0.41933160,0.00006104
0.41965160,0.00006104
0.41997160,0.00006104
0.42029160,0.00006104
0.42061160,0.00006104
0.42093160,0.00006104
0.42125160,0.00006104
0.42157160,0.00006104
0.42189160,0.00006104
0.42221160,0.00006104
0.42253160,0.00006104
0.42285160,0.00006104
0.42317160,0.00006104
0.42349160,0.00006104
0.42381160,-0.01770074
0.42413160,0.00006104
0.42445160,0.00006104
0.42477160,0.00006104
0.42509160,0.00006104
0.42541160,0.00006104
0.42573160,0.00006104
0.42605160,0.00006104
0.42637160,0.00006104
0.42669160,0.00006104
0.42701160,0.00006104
0.42733160,0.00006104
0.42765160,0.00006104
0.42797160,0.00006104
0.42829160,0.00006104
0.42861160,0.00006104
0.42893160,0.00006104
0.42925160,0.00006104
0.42957160,0.00006104
0.42989160,0.00006104
0.43021160,0.00006104
0.43053160,0.00006104
0.43085160,0.00006104
0.43117160,0.00006104
0.43149160,0.00006104
0.43181160,0.00006104
0.43213160,0.00006104
0.43245160,0.00006104
0.43277160,0.00006104
0.43309160,0.00006104
0.43341160,0.00006104
0.43373160,0.00006104
0.43405160,0.00006104
0.43437160,0.00006104
0.43469160,0.00006104
0.43501160,0.00006104
0.43533160,0.00006104
0.43565160,0.00006104
0.43597160,0.00006104
0.43629160,0.00006104
0.43661160,0.00006104
0.43693160,0.00006104
0.43725160,0.00006104
0.43757160,0.00006104
0.43789160,0.00006104
0.43821160,0.00006104
0.43853160,0.00006104
0.43885160,0.00006104
0.43917160,0.00006104
0.43949160,0.00006104
0.43981160,0.00006104
0.44013160,0.00006104
0.44045160,0.00006104
0.44077160,0.00006104
0.44109160,0.00006104
0.44141160,0.00006104
0.44173160,0.00006104
0.44205160,0.00006104
0.44237160,0.00006104
0.44269160,0.00006104
0.44301160,0.00006104
0.44333160,0.00006104
0.44365160,0.00006104
0.44397160,-0.01770074
0.44429160,0.00006104
0.44461160,0.00006104
0.44493160,0.00006104
0.44525160,0.00006104
0.44557160,0.00006104
0.44589160,0.00006104
0.44621160,0.00006104
0.44653160,0.00006104
0.44685160,-0.01770074
0.44717160,-0.01770074
0.44749160,0.00006104
0.44781160,0.00006104
0.44813160,0.00006104
0.44845160,0.00006104
0.44877160,0.00006104
0.44909160,0.00006104
0.44941160,0.00006104
0.44973160,0.00006104
0.45005160,0.00006104
0.45037160,0.00006104
0.45069160,0.00006104
0.45101160,0.00006104
0.45133160,0.00006104
0.45165160,0.00006104
0.45197160,0.00006104
0.45229160,0.00006104
0.45261160,0.00006104
0.45293160,0.00006104
0.45325160,0.00006104
0.45357160,0.00006104
0.45389160,0.00006104
0.45421160,0.00006104
0.45453160,0.00006104
0.45485160,0.00006104
0.45517160,0.00006104
0.45549160,0.00006104
0.45581160,0.00006104
0.45613160,-0.01770074
0.45645160,0.00006104
0.45677160,0.00006104
0.45709160,0.00006104
0.45741160,0.00006104
0.45773160,0.00006104
0.45805160,0.00006104
0.45837160,0.00006104
0.45869160,0.00006104
0.45901160,0.00006104
0.45933160,0.00006104
0.45965160,0.00006104
0.45997160,0.00006104
0.46029160,0.00006104
0.46061160,0.00006104
0.46093160,0.00006104
0.46125160,0.00006104
0.46157160,0.00006104
0.46189160,0.00006104
0.46221160,0.00006104
0.46253160,0.00006104
0.46285160,0.00006104
0.46317160,0.00006104
0.46349160,0.00006104
0.46381160,0.00006104
0.46413160,-0.01770074
0.46445160,-0.01770074
0.46477160,0.00006104
0.46509160,0.00006104
0.46541160,0.00006104
0.46573160,0.00006104
0.46605160,0.00006104
0.46637160,0.00006104
0.46669160,0.00006104
0.46701160,0.00006104
0.46733160,0.00006104
0.46765160,0.00006104
0.46797160,0.00006104
0.46829160,0.00006104
0.46861160,0.00006104
0.46893160,0.00006104
0.46925160,0.00006104
0.46957160,0.00006104
0.46989160,0.00006104
0.47021160,-0.01770074
0.47053160,0.00006104
0.47085160,0.00006104
0.47117160,0.00006104
0.47149160,0.00006104
0.47181160,0.00006104
0.47213160,0.00006104
0.47245160,0.00006104
0.47277160,-0.01770074
0.47309160,0.00006104
0.47341160,0.00006104
0.47373160,0.00006104
0.47405160,0.00006104
0.47437160,0.00006104
0.47469160,-0.01770074
0.47501160,0.00006104
0.47533160,0.00006104
0.47565160,0.00006104
0.47597160,0.00006104
0.47629160,0.00006104
0.47661160,0.00006104
0.47693160,0.00006104
0.47725160,0.00006104
0.47757160,0.00006104
0.47789160,0.00006104
0.47821160,0.00006104
0.47853160,0.00006104
0.47885160,0.00006104
0.47917160,0.00006104
0.47949160,0.00006104
0.47981160,0.00006104
0.48013160,0.00006104
0.48045160,0.00006104
0.48077160,-0.01770074
0.48109160,0.00006104
0.48141160,0.00006104
0.48173160,0.00006104
0.48205160,0.00006104
0.48237160,0.00006104
0.48269160,0.00006104
0.48301160,0.00006104
0.48333160,0.00006104
0.48365160,-0.01770074
0.48397160,0.00006104
0.48429160,0.00006104
0.48461160,0.00006104
0.48493160,0.00006104
0.48525160,0.00006104
0.48557160,0.00006104
0.48589160,0.00006104
0.48621160,0.00006104
0.48653160,0.00006104
0.48685160,0.00006104
0.48717160,0.00006104
0.48749160,0.00006104
0.48781160,0.00006104
0.48813160,0.00006104
0.48845160,0.00006104
0.48877160,0.00006104
0.48909160,-0.01770074
0.48941160,0.00006104
0.48973160,0.00006104
0.49005160,0.00006104
0.49037160,0.00006104
0.49069160,0.00006104
0.49101160,0.00006104
0.49133160,0.00006104
0.49165160,0.00006104
0.49197160,0.00006104
0.49229160,0.00006104
0.49261160,0.00006104
0.49293160,0.00006104
0.49325160,0.00006104
0.49357160,0.00006104
0.49389160,0.00006104
0.49421160,0.00006104
0.49453160,0.00006104
0.49485160,0.00006104
0.49517160,0.00006104
0.49549160,0.00006104
0.49581160,0.00006104
0.49613160,0.00006104
0.49645160,0.00006104
0.49677160,0.00006104
0.49709160,0.00006104
0.49741160,0.00006104
0.49773160,0.00006104
0.49805160,0.00006104
0.49837160,∞
0.49869160,0.39161351
0.49901160,-0.64076662
0.49933160,-0.42713705
0.49965160,-0.12451552
0.49997160,0.00006104
0.50029160,0.01788385
0.50061160,0.00006104
0.50093160,-0.01770074
0.50125160,-0.03552354
0.50157160,-0.55171359
0.50189160,-1.12137210
0.50221160,-∞
0.50253160,-0.46272165
0.50285160,0.00006104
0.50317160,0.01788385
0.50349160,-0.01770074
0.50381160,0.01788385
0.50413160,0.03570665
0.50445160,0.01788385
0.50477160,0.00006104
0.50509160,0.01788385
0.50541160,0.01788385
0.50573160,0.03570665
0.50605160,0.03570665
0.50637160,0.03570665
0.50669160,0.01788385
0.50701160,0.00006104
0.50733160,0.00006104
0.50765160,0.01788385
0.50797160,0.01788385
0.50829160,0.01788385
0.50861160,0.05346843
0.50893160,0.05346843
0.50925160,0.07129124
0.50957160,0.07129124
0.50989160,0.03570665
0.51021160,0.07129124
0.51053160,0.03570665
0.51085160,0.03570665
0.51117160,0.07129124
0.51149160,0.08911405
0.51181160,0.05346843
0.51213160,0.03570665
0.51245160,0.03570665
0.51277160,0.03570665
0.51309160,0.01788385
0.51341160,0.00006104
0.51373160,-0.01770074
0.51405160,-0.03552354
0.51437160,-0.01770074
0.51469160,0.03570665
0.51501160,-0.01770074
0.51533160,0.03570665
0.51565160,0.03570665
0.51597160,-0.03552354
0.51629160,0.00006104
0.51661160,0.01788385
0.51693160,-0.03552354
0.51725160,0.03570665
0.51757160,0.03570665
0.51789160,0.01788385
0.51821160,0.03570665
0.51853160,0.03570665
0.51885160,0.01788385
0.51917160,0.01788385
0.51949160,0.00006104
0.51981160,0.01788385
0.52013160,0.01788385
