Time,Channel A
(ms),(V)

-1.48069125,0.01788385
-1.48037125,0.01788385
-1.48005125,0.00006104
-1.47973125,0.03570665
-1.47941125,0.03570665
-1.47909125,0.00006104
-1.47877125,0.00006104
-1.47845125,0.03570665
-1.47813125,0.01788385
-1.47781125,0.01788385
-1.47749125,0.00006104
-1.47717125,-0.01770074
-1.47685125,0.00006104
-1.47653125,0.01788385
-1.47621125,0.00006104
-1.47589125,0.00006104
-1.47557125,0.01788385
-1.47525125,0.01788385
-1.47493125,0.01788385
-1.47461125,0.01788385
-1.47429125,0.00006104
-1.47397125,0.01788385
-1.47365125,0.01788385
-1.47333125,0.00006104
-1.47301125,0.00006104
-1.47269125,0.03570665
-1.47237125,0.01788385
-1.47205125,0.00006104
-1.47173125,0.00006104
-1.47141125,0.00006104
-1.47109125,0.01788385
-1.47077125,0.00006104
-1.47045125,-0.01770074
-1.47013125,0.00006104
-1.46981125,0.00006104
-1.46949125,0.00006104
-1.46917125,0.00006104
-1.46885125,0.00006104
-1.46853125,0.01788385
-1.46821125,0.00006104
-1.46789125,0.00006104
-1.46757125,0.00006104
-1.46725125,0.00006104
-1.46693125,0.01788385
-1.46661125,0.00006104
-1.46629125,0.00006104
-1.46597125,0.00006104
-1.46565125,0.01788385
-1.46533125,0.01788385
-1.46501125,0.00006104
-1.46469125,0.00006104
-1.46437125,0.00006104
-1.46405125,0.00006104
-1.46373125,0.00006104
-1.46341125,0.01788385
-1.46309125,0.01788385
-1.46277125,0.00006104
-1.46245125,0.01788385
-1.46213125,0.00006104
-1.46181125,0.00006104
-1.46149125,0.00006104
-1.46117125,0.00006104
-1.46085125,0.00006104
-1.46053125,0.01788385
-1.46021125,0.00006104
-1.45989125,0.00006104
-1.45957125,0.00006104
-1.45925125,-0.01770074
-1.45893125,0.00006104
-1.45861125,0.00006104
-1.45829125,-0.01770074
-1.45797125,0.00006104
-1.45765125,0.00006104
-1.45733125,0.00006104
-1.45701125,0.01788385
-1.45669125,0.00006104
-1.45637125,0.00006104
-1.45605125,0.01788385
-1.45573125,0.00006104
-1.45541125,0.00006104
-1.45509125,0.00006104
-1.45477125,0.00006104
-1.45445125,0.00006104
-1.45413125,0.00006104
-1.45381125,0.00006104
-1.45349125,0.00006104
-1.45317125,0.00006104
-1.45285125,-0.01770074
-1.45253125,0.00006104
-1.45221125,0.00006104
-1.45189125,0.00006104
-1.45157125,-0.01770074
-1.45125125,0.00006104
-1.45093125,0.00006104
-1.45061125,0.00006104
-1.45029125,0.00006104
-1.44997125,0.00006104
-1.44965125,0.00006104
-1.44933125,0.00006104
-1.44901125,0.00006104
-1.44869125,0.00006104
-1.44837125,0.00006104
-1.44805125,0.00006104
-1.44773125,0.00006104
-1.44741125,0.00006104
-1.44709125,0.00006104
-1.44677125,0.00006104
-1.44645125,0.00006104
-1.44613125,0.00006104
-1.44581125,0.00006104
-1.44549125,0.00006104
-1.44517125,0.00006104
-1.44485125,0.00006104
-1.44453125,0.00006104
-1.44421125,-0.01770074
-1.44389125,0.00006104
-1.44357125,0.00006104
-1.44325125,-0.01770074
-1.44293125,0.00006104
-1.44261125,0.00006104
-1.44229125,0.00006104
-1.44197125,0.00006104
-1.44165125,0.00006104
-1.44133125,0.00006104
-1.44101125,0.00006104
-1.44069125,0.00006104
-1.44037125,0.00006104
-1.44005125,0.00006104
-1.43973125,0.00006104
-1.43941125,0.00006104
-1.43909125,-0.01770074
-1.43877125,0.00006104
-1.43845125,0.00006104
-1.43813125,0.00006104
-1.43781125,0.00006104
-1.43749125,0.00006104
-1.43717125,0.00006104
-1.43685125,0.00006104
-1.43653125,0.00006104
-1.43621125,0.00006104
-1.43589125,0.00006104
-1.43557125,0.00006104
-1.43525125,0.00006104
-1.43493125,0.00006104
-1.43461125,0.00006104
-1.43429125,-0.01770074
-1.43397125,0.00006104
-1.43365125,0.00006104
-1.43333125,0.00006104
-1.43301125,0.00006104
-1.43269125,0.00006104
-1.43237125,0.00006104
-1.43205125,0.00006104
-1.43173125,0.00006104
-1.43141125,0.00006104
-1.43109125,0.00006104
-1.43077125,0.00006104
-1.43045125,0.00006104
-1.43013125,0.00006104
-1.42981125,0.00006104
-1.42949125,0.00006104
-1.42917125,0.00006104
-1.42885125,0.00006104
-1.42853125,0.00006104
-1.42821125,0.00006104
-1.42789125,0.00006104
-1.42757125,0.00006104
-1.42725125,0.00006104
-1.42693125,0.00006104
-1.42661125,0.00006104
-1.42629125,0.00006104
-1.42597125,0.00006104
-1.42565125,0.00006104
-1.42533125,0.00006104
-1.42501125,0.00006104
-1.42469125,0.00006104
-1.42437125,0.00006104
-1.42405125,0.00006104
-1.42373125,0.00006104
-1.42341125,0.00006104
-1.42309125,-0.01770074
-1.42277125,0.00006104
-1.42245125,0.00006104
-1.42213125,0.00006104
-1.42181125,0.00006104
-1.42149125,0.00006104
-1.42117125,0.00006104
-1.42085125,0.00006104
-1.42053125,0.00006104
-1.42021125,0.00006104
-1.41989125,0.00006104
-1.41957125,0.00006104
-1.41925125,0.00006104
-1.41893125,0.00006104
-1.41861125,0.00006104
-1.41829125,0.00006104
-1.41797125,0.00006104
-1.41765125,0.00006104
-1.41733125,0.00006104
-1.41701125,0.00006104
-1.41669125,0.00006104
-1.41637125,0.00006104
-1.41605125,0.00006104
-1.41573125,0.00006104
-1.41541125,0.00006104
-1.41509125,0.00006104
-1.41477125,0.00006104
-1.41445125,0.00006104
-1.41413125,0.00006104
-1.41381125,0.00006104
-1.41349125,-0.01770074
-1.41317125,0.00006104
-1.41285125,0.00006104
-1.41253125,0.00006104
-1.41221125,0.00006104
-1.41189125,0.00006104
-1.41157125,0.00006104
-1.41125125,0.00006104
-1.41093125,0.00006104
-1.41061125,0.00006104
-1.41029125,-0.01770074
-1.40997125,0.00006104
-1.40965125,0.00006104
-1.40933125,-0.01770074
-1.40901125,-0.01770074
-1.40869125,0.00006104
-1.40837125,0.00006104
-1.40805125,0.00006104
-1.40773125,0.00006104
-1.40741125,0.00006104
-1.40709125,0.00006104
-1.40677125,0.00006104
-1.40645125,0.00006104
-1.40613125,0.00006104
-1.40581125,0.00006104
-1.40549125,0.00006104
-1.40517125,0.00006104
-1.40485125,0.00006104
-1.40453125,0.00006104
-1.40421125,0.00006104
-1.40389125,0.00006104
-1.40357125,0.00006104
-1.40325125,0.00006104
-1.40293125,0.00006104
-1.40261125,0.00006104
-1.40229125,0.00006104
-1.40197125,0.00006104
-1.40165125,0.00006104
-1.40133125,0.00006104
-1.40101125,0.00006104
-1.40069125,-0.01770074
-1.40037125,0.00006104
-1.40005125,-0.01770074
-1.39973125,0.00006104
-1.39941125,0.00006104
-1.39909125,0.00006104
-1.39877125,0.00006104
-1.39845125,0.00006104
-1.39813125,0.00006104
-1.39781125,0.00006104
-1.39749125,-0.01770074
-1.39717125,0.00006104
-1.39685125,0.00006104
-1.39653125,0.00006104
-1.39621125,0.00006104
-1.39589125,0.00006104
-1.39557125,0.00006104
-1.39525125,0.00006104
-1.39493125,-0.01770074
-1.39461125,0.00006104
-1.39429125,0.00006104
-1.39397125,0.00006104
-1.39365125,0.00006104
-1.39333125,0.00006104
-1.39301125,0.00006104
-1.39269125,0.00006104
-1.39237125,0.00006104
-1.39205125,0.00006104
-1.39173125,0.00006104
-1.39141125,0.00006104
-1.39109125,0.00006104
-1.39077125,0.00006104
-1.39045125,-0.01770074
-1.39013125,0.00006104
-1.38981125,0.00006104
-1.38949125,0.00006104
-1.38917125,0.00006104
-1.38885125,0.00006104
-1.38853125,0.00006104
-1.38821125,0.00006104
-1.38789125,0.00006104
-1.38757125,0.00006104
-1.38725125,0.00006104
-1.38693125,0.00006104
-1.38661125,0.00006104
-1.38629125,0.00006104
-1.38597125,-0.01770074
-1.38565125,0.00006104
-1.38533125,0.00006104
-1.38501125,0.00006104
-1.38469125,-0.01770074
-1.38437125,0.00006104
-1.38405125,0.00006104
-1.38373125,0.00006104
-1.38341125,0.00006104
-1.38309125,0.00006104
-1.38277125,0.00006104
-1.38245125,0.00006104
-1.38213125,0.00006104
-1.38181125,0.00006104
-1.38149125,0.00006104
-1.38117125,0.00006104
-1.38085125,-0.01770074
-1.38053125,0.00006104
-1.38021125,0.00006104
-1.37989125,0.00006104
-1.37957125,0.00006104
-1.37925125,0.00006104
-1.37893125,0.00006104
-1.37861125,0.00006104
-1.37829125,0.00006104
-1.37797125,0.00006104
-1.37765125,0.00006104
-1.37733125,-0.01770074
-1.37701125,0.00006104
-1.37669125,0.00006104
-1.37637125,0.00006104
-1.37605125,-0.01770074
-1.37573125,0.00006104
-1.37541125,0.00006104
-1.37509125,-0.01770074
-1.37477125,0.00006104
-1.37445125,0.00006104
-1.37413125,0.00006104
-1.37381125,0.00006104
-1.37349125,0.00006104
-1.37317125,-0.01770074
-1.37285125,-0.01770074
-1.37253125,0.00006104
-1.37221125,0.00006104
-1.37189125,0.00006104
-1.37157125,0.00006104
-1.37125125,0.00006104
-1.37093125,0.00006104
-1.37061125,0.00006104
-1.37029125,0.00006104
-1.36997125,0.00006104
-1.36965125,0.00006104
-1.36933125,-0.01770074
-1.36901125,0.00006104
-1.36869125,0.00006104
-1.36837125,0.00006104
-1.36805125,-0.01770074
-1.36773125,0.00006104
-1.36741125,0.00006104
-1.36709125,0.00006104
-1.36677125,0.00006104
-1.36645125,0.00006104
-1.36613125,0.00006104
-1.36581125,0.00006104
-1.36549125,0.00006104
-1.36517125,0.00006104
-1.36485125,0.00006104
-1.36453125,0.00006104
-1.36421125,0.00006104
-1.36389125,0.00006104
-1.36357125,0.00006104
-1.36325125,0.00006104
-1.36293125,0.00006104
-1.36261125,0.00006104
-1.36229125,0.00006104
-1.36197125,0.00006104
-1.36165125,0.00006104
-1.36133125,0.00006104
-1.36101125,0.00006104
-1.36069125,0.00006104
-1.36037125,0.00006104
-1.36005125,0.00006104
-1.35973125,0.00006104
-1.35941125,0.00006104
-1.35909125,0.00006104
-1.35877125,0.00006104
-1.35845125,0.00006104
-1.35813125,0.00006104
-1.35781125,0.00006104
-1.35749125,0.00006104
-1.35717125,0.00006104
-1.35685125,0.00006104
-1.35653125,0.00006104
-1.35621125,-0.01770074
-1.35589125,-0.01770074
-1.35557125,-0.01770074
-1.35525125,0.00006104
-1.35493125,0.00006104
-1.35461125,0.00006104
-1.35429125,0.00006104
-1.35397125,0.00006104
-1.35365125,0.00006104
-1.35333125,0.00006104
-1.35301125,0.00006104
-1.35269125,0.00006104
-1.35237125,0.00006104
-1.35205125,0.00006104
-1.35173125,0.00006104
-1.35141125,0.00006104
-1.35109125,0.00006104
-1.35077125,0.00006104
-1.35045125,0.00006104
-1.35013125,0.00006104
-1.34981125,0.00006104
-1.34949125,0.00006104
-1.34917125,0.00006104
-1.34885125,0.00006104
-1.34853125,0.00006104
-1.34821125,-0.01770074
-1.34789125,0.00006104
-1.34757125,-0.01770074
-1.34725125,0.00006104
-1.34693125,0.00006104
-1.34661125,0.00006104
-1.34629125,0.00006104
-1.34597125,-0.01770074
-1.34565125,0.00006104
-1.34533125,0.00006104
-1.34501125,0.00006104
-1.34469125,0.00006104
-1.34437125,0.00006104
-1.34405125,0.00006104
-1.34373125,0.00006104
-1.34341125,-0.01770074
-1.34309125,0.00006104
-1.34277125,-0.01770074
-1.34245125,-0.01770074
-1.34213125,0.00006104
-1.34181125,0.00006104
-1.34149125,0.00006104
-1.34117125,0.00006104
-1.34085125,0.00006104
-1.34053125,0.00006104
-1.34021125,0.00006104
-1.33989125,0.00006104
-1.33957125,0.00006104
-1.33925125,0.00006104
-1.33893125,0.00006104
-1.33861125,0.00006104
-1.33829125,0.00006104
-1.33797125,0.00006104
-1.33765125,0.00006104
-1.33733125,0.00006104
-1.33701125,0.00006104
-1.33669125,0.00006104
-1.33637125,-0.01770074
-1.33605125,0.00006104
-1.33573125,0.00006104
-1.33541125,0.00006104
-1.33509125,0.00006104
-1.33477125,0.00006104
-1.33445125,0.00006104
-1.33413125,-0.01770074
-1.33381125,0.00006104
-1.33349125,-0.01770074
-1.33317125,0.00006104
-1.33285125,0.00006104
-1.33253125,0.00006104
-1.33221125,0.00006104
-1.33189125,0.00006104
-1.33157125,0.00006104
-1.33125125,0.00006104
-1.33093125,0.00006104
-1.33061125,-0.01770074
-1.33029125,0.00006104
-1.32997125,0.00006104
-1.32965125,0.00006104
-1.32933125,0.00006104
-1.32901125,0.00006104
-1.32869125,0.00006104
-1.32837125,0.00006104
-1.32805125,0.00006104
-1.32773125,-0.01770074
-1.32741125,0.00006104
-1.32709125,0.00006104
-1.32677125,0.00006104
-1.32645125,0.00006104
-1.32613125,0.00006104
-1.32581125,0.00006104
-1.32549125,-0.01770074
-1.32517125,0.00006104
-1.32485125,0.00006104
-1.32453125,0.00006104
-1.32421125,0.00006104
-1.32389125,0.00006104
-1.32357125,0.00006104
-1.32325125,-0.01770074
-1.32293125,0.00006104
-1.32261125,0.00006104
-1.32229125,0.00006104
-1.32197125,0.00006104
-1.32165125,0.00006104
-1.32133125,0.00006104
-1.32101125,0.00006104
-1.32069125,0.00006104
-1.32037125,0.00006104
-1.32005125,0.00006104
-1.31973125,0.00006104
-1.31941125,0.00006104
-1.31909125,0.00006104
-1.31877125,0.00006104
-1.31845125,0.00006104
-1.31813125,0.00006104
-1.31781125,0.00006104
-1.31749125,0.00006104
-1.31717125,0.00006104
-1.31685125,0.00006104
-1.31653125,0.00006104
-1.31621125,0.00006104
-1.31589125,0.00006104
-1.31557125,0.00006104
-1.31525125,0.00006104
-1.31493125,0.00006104
-1.31461125,0.00006104
-1.31429125,0.00006104
-1.31397125,0.00006104
-1.31365125,0.00006104
-1.31333125,0.00006104
-1.31301125,0.00006104
-1.31269125,0.00006104
-1.31237125,0.00006104
-1.31205125,0.00006104
-1.31173125,0.00006104
-1.31141125,0.00006104
-1.31109125,0.00006104
-1.31077125,0.00006104
-1.31045125,0.00006104
-1.31013125,0.00006104
-1.30981125,0.00006104
-1.30949125,0.00006104
-1.30917125,0.00006104
-1.30885125,0.00006104
-1.30853125,0.00006104
-1.30821125,0.00006104
-1.30789125,0.00006104
-1.30757125,0.00006104
-1.30725125,0.00006104
-1.30693125,0.00006104
-1.30661125,-0.01770074
-1.30629125,0.00006104
-1.30597125,0.00006104
-1.30565125,0.00006104
-1.30533125,0.00006104
-1.30501125,0.00006104
-1.30469125,0.00006104
-1.30437125,0.00006104
-1.30405125,0.00006104
-1.30373125,0.00006104
-1.30341125,0.00006104
-1.30309125,0.00006104
-1.30277125,0.00006104
-1.30245125,0.00006104
-1.30213125,0.00006104
-1.30181125,0.00006104
-1.30149125,0.00006104
-1.30117125,-0.01770074
-1.30085125,0.00006104
-1.30053125,0.00006104
-1.30021125,0.00006104
-1.29989125,0.00006104
-1.29957125,0.00006104
-1.29925125,-0.01770074
-1.29893125,0.00006104
-1.29861125,0.00006104
-1.29829125,0.00006104
-1.29797125,0.00006104
-1.29765125,0.00006104
-1.29733125,0.00006104
-1.29701125,0.00006104
-1.29669125,0.00006104
-1.29637125,0.00006104
-1.29605125,0.00006104
-1.29573125,0.00006104
-1.29541125,0.00006104
-1.29509125,0.00006104
-1.29477125,0.00006104
-1.29445125,0.00006104
-1.29413125,0.00006104
-1.29381125,0.00006104
-1.29349125,0.00006104
-1.29317125,0.00006104
-1.29285125,0.00006104
-1.29253125,0.00006104
-1.29221125,0.00006104
-1.29189125,0.00006104
-1.29157125,0.00006104
-1.29125125,0.00006104
-1.29093125,0.00006104
-1.29061125,0.00006104
-1.29029125,0.00006104
-1.28997125,0.00006104
-1.28965125,-0.01770074
-1.28933125,0.00006104
-1.28901125,0.00006104
-1.28869125,0.00006104
-1.28837125,0.00006104
-1.28805125,0.00006104
-1.28773125,0.00006104
-1.28741125,0.00006104
-1.28709125,0.00006104
-1.28677125,0.00006104
-1.28645125,0.00006104
-1.28613125,0.00006104
-1.28581125,0.00006104
-1.28549125,0.00006104
-1.28517125,0.00006104
-1.28485125,0.00006104
-1.28453125,0.00006104
-1.28421125,0.00006104
-1.28389125,0.00006104
-1.28357125,0.00006104
-1.28325125,0.00006104
-1.28293125,0.00006104
-1.28261125,0.00006104
-1.28229125,0.00006104
-1.28197125,0.00006104
-1.28165125,-0.01770074
-1.28133125,0.00006104
-1.28101125,0.00006104
-1.28069125,0.00006104
-1.28037125,0.00006104
-1.28005125,0.00006104
-1.27973125,0.00006104
-1.27941125,0.00006104
-1.27909125,0.00006104
-1.27877125,0.00006104
-1.27845125,0.00006104
-1.27813125,0.00006104
-1.27781125,0.00006104
-1.27749125,0.00006104
-1.27717125,0.00006104
-1.27685125,0.00006104
-1.27653125,0.00006104
-1.27621125,0.00006104
-1.27589125,0.00006104
-1.27557125,0.00006104
-1.27525125,0.00006104
-1.27493125,0.00006104
-1.27461125,0.00006104
-1.27429125,0.00006104
-1.27397125,0.00006104
-1.27365125,0.00006104
-1.27333125,0.00006104
-1.27301125,0.00006104
-1.27269125,0.00006104
-1.27237125,0.00006104
-1.27205125,0.00006104
-1.27173125,0.00006104
-1.27141125,0.00006104
-1.27109125,0.00006104
-1.27077125,0.00006104
-1.27045125,0.00006104
-1.27013125,0.00006104
-1.26981125,0.00006104
-1.26949125,0.00006104
-1.26917125,0.00006104
-1.26885125,0.00006104
-1.26853125,0.00006104
-1.26821125,0.00006104
-1.26789125,0.00006104
-1.26757125,0.00006104
-1.26725125,0.00006104
-1.26693125,0.00006104
-1.26661125,0.00006104
-1.26629125,0.00006104
-1.26597125,0.00006104
-1.26565125,0.00006104
-1.26533125,0.00006104
-1.26501125,-0.01770074
-1.26469125,0.00006104
-1.26437125,0.00006104
-1.26405125,0.00006104
-1.26373125,0.00006104
-1.26341125,0.00006104
-1.26309125,0.00006104
-1.26277125,0.00006104
-1.26245125,0.00006104
-1.26213125,0.00006104
-1.26181125,0.00006104
-1.26149125,0.00006104
-1.26117125,0.00006104
-1.26085125,0.00006104
-1.26053125,0.00006104
-1.26021125,0.00006104
-1.25989125,0.00006104
-1.25957125,0.00006104
-1.25925125,0.00006104
-1.25893125,0.00006104
-1.25861125,0.00006104
-1.25829125,0.00006104
-1.25797125,0.00006104
-1.25765125,0.00006104
-1.25733125,0.00006104
-1.25701125,0.00006104
-1.25669125,0.00006104
-1.25637125,0.00006104
-1.25605125,0.00006104
-1.25573125,0.00006104
-1.25541125,0.00006104
-1.25509125,0.00006104
-1.25477125,0.00006104
-1.25445125,0.00006104
-1.25413125,0.00006104
-1.25381125,0.00006104
-1.25349125,0.00006104
-1.25317125,0.00006104
-1.25285125,-0.01770074
-1.25253125,0.00006104
-1.25221125,-0.01770074
-1.25189125,0.00006104
-1.25157125,0.00006104
-1.25125125,0.00006104
-1.25093125,0.00006104
-1.25061125,0.00006104
-1.25029125,0.00006104
-1.24997125,-0.01770074
-1.24965125,0.00006104
-1.24933125,0.00006104
-1.24901125,-0.01770074
-1.24869125,0.00006104
-1.24837125,0.00006104
-1.24805125,0.00006104
-1.24773125,0.00006104
-1.24741125,0.00006104
-1.24709125,-0.01770074
-1.24677125,0.00006104
-1.24645125,0.00006104
-1.24613125,0.00006104
-1.24581125,-0.01770074
-1.24549125,0.00006104
-1.24517125,0.00006104
-1.24485125,0.00006104
-1.24453125,0.00006104
-1.24421125,0.00006104
-1.24389125,0.00006104
-1.24357125,0.00006104
-1.24325125,0.00006104
-1.24293125,0.00006104
-1.24261125,0.00006104
-1.24229125,0.00006104
-1.24197125,-0.01770074
-1.24165125,0.00006104
-1.24133125,0.00006104
-1.24101125,0.00006104
-1.24069125,0.00006104
-1.24037125,0.00006104
-1.24005125,0.00006104
-1.23973125,0.00006104
-1.23941125,0.00006104
-1.23909125,0.00006104
-1.23877125,0.00006104
-1.23845125,0.00006104
-1.23813125,0.00006104
-1.23781125,0.00006104
-1.23749125,0.00006104
-1.23717125,0.00006104
-1.23685125,0.00006104
-1.23653125,-0.01770074
-1.23621125,0.00006104
-1.23589125,0.00006104
-1.23557125,-0.01770074
-1.23525125,0.00006104
-1.23493125,-0.01770074
-1.23461125,-0.01770074
-1.23429125,-0.01770074
-1.23397125,0.00006104
-1.23365125,0.00006104
-1.23333125,-0.01770074
-1.23301125,0.00006104
-1.23269125,0.00006104
-1.23237125,-0.01770074
-1.23205125,0.00006104
-1.23173125,0.00006104
-1.23141125,0.00006104
-1.23109125,0.00006104
-1.23077125,0.00006104
-1.23045125,0.00006104
-1.23013125,0.00006104
-1.22981125,0.00006104
-1.22949125,0.00006104
-1.22917125,0.00006104
-1.22885125,0.00006104
-1.22853125,0.00006104
-1.22821125,-0.01770074
-1.22789125,0.00006104
-1.22757125,0.00006104
-1.22725125,0.00006104
-1.22693125,0.00006104
-1.22661125,0.00006104
-1.22629125,0.00006104
-1.22597125,0.00006104
-1.22565125,0.00006104
-1.22533125,0.00006104
-1.22501125,0.00006104
-1.22469125,0.00006104
-1.22437125,0.00006104
-1.22405125,0.00006104
-1.22373125,0.00006104
-1.22341125,0.00006104
-1.22309125,0.00006104
-1.22277125,0.00006104
-1.22245125,0.00006104
-1.22213125,0.00006104
-1.22181125,0.00006104
-1.22149125,0.00006104
-1.22117125,0.00006104
-1.22085125,0.00006104
-1.22053125,0.00006104
-1.22021125,0.00006104
-1.21989125,0.00006104
-1.21957125,0.00006104
-1.21925125,0.00006104
-1.21893125,0.00006104
-1.21861125,0.00006104
-1.21829125,-0.01770074
-1.21797125,0.00006104
-1.21765125,-0.01770074
-1.21733125,0.00006104
-1.21701125,0.00006104
-1.21669125,0.00006104
-1.21637125,0.00006104
-1.21605125,0.00006104
-1.21573125,0.00006104
-1.21541125,0.00006104
-1.21509125,0.00006104
-1.21477125,0.00006104
-1.21445125,0.00006104
-1.21413125,0.00006104
-1.21381125,0.00006104
-1.21349125,0.00006104
-1.21317125,0.00006104
-1.21285125,0.00006104
-1.21253125,0.00006104
-1.21221125,0.00006104
-1.21189125,0.00006104
-1.21157125,0.00006104
-1.21125125,0.00006104
-1.21093125,0.00006104
-1.21061125,0.00006104
-1.21029125,0.00006104
-1.20997125,0.00006104
-1.20965125,0.00006104
-1.20933125,0.00006104
-1.20901125,0.00006104
-1.20869125,0.00006104
-1.20837125,0.00006104
-1.20805125,0.00006104
-1.20773125,0.00006104
-1.20741125,0.00006104
-1.20709125,0.00006104
-1.20677125,0.00006104
-1.20645125,0.00006104
-1.20613125,0.00006104
-1.20581125,0.00006104
-1.20549125,0.00006104
-1.20517125,0.00006104
-1.20485125,0.00006104
-1.20453125,0.00006104
-1.20421125,0.00006104
-1.20389125,0.00006104
-1.20357125,0.00006104
-1.20325125,0.00006104
-1.20293125,0.00006104
-1.20261125,0.00006104
-1.20229125,0.00006104
-1.20197125,0.00006104
-1.20165125,-0.01770074
-1.20133125,0.00006104
-1.20101125,0.00006104
-1.20069125,0.00006104
-1.20037125,0.00006104
-1.20005125,-0.01770074
-1.19973125,0.00006104
-1.19941125,0.00006104
-1.19909125,0.00006104
-1.19877125,0.00006104
-1.19845125,0.00006104
-1.19813125,0.00006104
-1.19781125,0.00006104
-1.19749125,0.00006104
-1.19717125,0.00006104
-1.19685125,0.00006104
-1.19653125,0.00006104
-1.19621125,0.00006104
-1.19589125,0.00006104
-1.19557125,0.00006104
-1.19525125,0.00006104
-1.19493125,0.00006104
-1.19461125,0.00006104
-1.19429125,0.00006104
-1.19397125,0.00006104
-1.19365125,0.00006104
-1.19333125,0.00006104
-1.19301125,0.00006104
-1.19269125,0.00006104
-1.19237125,0.00006104
-1.19205125,0.00006104
-1.19173125,0.00006104
-1.19141125,0.00006104
-1.19109125,0.00006104
-1.19077125,0.00006104
-1.19045125,0.00006104
-1.19013125,0.00006104
-1.18981125,0.00006104
-1.18949125,0.00006104
-1.18917125,0.00006104
-1.18885125,0.00006104
-1.18853125,0.00006104
-1.18821125,0.00006104
-1.18789125,0.00006104
-1.18757125,0.00006104
-1.18725125,0.00006104
-1.18693125,0.00006104
-1.18661125,0.00006104
-1.18629125,0.00006104
-1.18597125,0.00006104
-1.18565125,0.00006104
-1.18533125,0.00006104
-1.18501125,0.00006104
-1.18469125,0.00006104
-1.18437125,0.00006104
-1.18405125,0.00006104
-1.18373125,0.00006104
-1.18341125,0.00006104
-1.18309125,0.00006104
-1.18277125,0.00006104
-1.18245125,-0.01770074
-1.18213125,0.00006104
-1.18181125,0.00006104
-1.18149125,0.00006104
-1.18117125,0.00006104
-1.18085125,0.00006104
-1.18053125,0.00006104
-1.18021125,0.00006104
-1.17989125,0.00006104
-1.17957125,0.00006104
-1.17925125,0.00006104
-1.17893125,0.00006104
-1.17861125,0.00006104
-1.17829125,0.00006104
-1.17797125,-0.01770074
-1.17765125,0.00006104
-1.17733125,0.00006104
-1.17701125,0.00006104
-1.17669125,0.00006104
-1.17637125,0.00006104
-1.17605125,0.00006104
-1.17573125,0.00006104
-1.17541125,0.00006104
-1.17509125,0.00006104
-1.17477125,0.00006104
-1.17445125,0.00006104
-1.17413125,0.00006104
-1.17381125,0.00006104
-1.17349125,0.00006104
-1.17317125,0.00006104
-1.17285125,0.00006104
-1.17253125,0.00006104
-1.17221125,0.00006104
-1.17189125,0.00006104
-1.17157125,0.00006104
-1.17125125,0.00006104
-1.17093125,0.00006104
-1.17061125,0.00006104
-1.17029125,0.00006104
-1.16997125,0.00006104
-1.16965125,0.00006104
-1.16933125,0.00006104
-1.16901125,-0.01770074
-1.16869125,0.00006104
-1.16837125,0.00006104
-1.16805125,0.00006104
-1.16773125,0.00006104
-1.16741125,0.00006104
-1.16709125,0.00006104
-1.16677125,0.00006104
-1.16645125,0.00006104
-1.16613125,0.00006104
-1.16581125,0.00006104
-1.16549125,0.00006104
-1.16517125,0.00006104
-1.16485125,0.00006104
-1.16453125,0.00006104
-1.16421125,0.00006104
-1.16389125,0.00006104
-1.16357125,0.00006104
-1.16325125,0.00006104
-1.16293125,0.00006104
-1.16261125,0.00006104
-1.16229125,0.00006104
-1.16197125,0.00006104
-1.16165125,0.00006104
-1.16133125,0.00006104
-1.16101125,0.00006104
-1.16069125,0.00006104
-1.16037125,0.00006104
-1.16005125,0.00006104
-1.15973125,0.00006104
-1.15941125,0.00006104
-1.15909125,0.00006104
-1.15877125,0.00006104
-1.15845125,0.00006104
-1.15813125,0.00006104
-1.15781125,0.00006104
-1.15749125,0.00006104
-1.15717125,0.00006104
-1.15685125,0.00006104
-1.15653125,0.00006104
-1.15621125,0.00006104
-1.15589125,0.00006104
-1.15557125,0.00006104
-1.15525125,0.00006104
-1.15493125,0.00006104
-1.15461125,0.00006104
-1.15429125,0.00006104
-1.15397125,0.00006104
-1.15365125,0.00006104
-1.15333125,0.00006104
-1.15301125,0.00006104
-1.15269125,0.00006104
-1.15237125,0.00006104
-1.15205125,0.00006104
-1.15173125,0.00006104
-1.15141125,0.00006104
-1.15109125,0.00006104
-1.15077125,0.00006104
-1.15045125,0.00006104
-1.15013125,0.00006104
-1.14981125,0.00006104
-1.14949125,0.00006104
-1.14917125,0.00006104
-1.14885125,0.00006104
-1.14853125,0.00006104
-1.14821125,0.00006104
-1.14789125,0.00006104
-1.14757125,0.00006104
-1.14725125,0.00006104
-1.14693125,0.00006104
-1.14661125,0.00006104
-1.14629125,-0.01770074
-1.14597125,0.00006104
-1.14565125,0.00006104
-1.14533125,0.00006104
-1.14501125,0.00006104
-1.14469125,0.00006104
-1.14437125,0.00006104
-1.14405125,0.00006104
-1.14373125,0.00006104
-1.14341125,0.00006104
-1.14309125,0.00006104
-1.14277125,0.00006104
-1.14245125,0.00006104
-1.14213125,0.00006104
-1.14181125,0.00006104
-1.14149125,0.00006104
-1.14117125,0.00006104
-1.14085125,0.00006104
-1.14053125,0.00006104
-1.14021125,0.00006104
-1.13989125,0.00006104
-1.13957125,0.00006104
-1.13925125,0.00006104
-1.13893125,0.00006104
-1.13861125,0.00006104
-1.13829125,0.00006104
-1.13797125,0.00006104
-1.13765125,0.00006104
-1.13733125,0.00006104
-1.13701125,0.00006104
-1.13669125,0.00006104
-1.13637125,0.00006104
-1.13605125,0.00006104
-1.13573125,0.00006104
-1.13541125,0.00006104
-1.13509125,0.00006104
-1.13477125,0.00006104
-1.13445125,0.00006104
-1.13413125,0.00006104
-1.13381125,0.00006104
-1.13349125,0.00006104
-1.13317125,0.00006104
-1.13285125,0.00006104
-1.13253125,0.00006104
-1.13221125,0.00006104
-1.13189125,0.00006104
-1.13157125,0.00006104
-1.13125125,0.00006104
-1.13093125,0.00006104
-1.13061125,0.00006104
-1.13029125,0.00006104
-1.12997125,0.00006104
-1.12965125,0.00006104
-1.12933125,0.00006104
-1.12901125,0.00006104
-1.12869125,0.00006104
-1.12837125,0.00006104
-1.12805125,0.00006104
-1.12773125,0.00006104
-1.12741125,0.00006104
-1.12709125,0.00006104
-1.12677125,0.00006104
-1.12645125,0.00006104
-1.12613125,0.00006104
-1.12581125,0.00006104
-1.12549125,0.00006104
-1.12517125,0.00006104
-1.12485125,0.00006104
-1.12453125,0.00006104
-1.12421125,0.00006104
-1.12389125,0.00006104
-1.12357125,-0.01770074
-1.12325125,0.00006104
-1.12293125,0.00006104
-1.12261125,0.00006104
-1.12229125,0.00006104
-1.12197125,0.00006104
-1.12165125,-0.01770074
-1.12133125,0.00006104
-1.12101125,0.00006104
-1.12069125,0.00006104
-1.12037125,0.00006104
-1.12005125,-0.01770074
-1.11973125,0.00006104
-1.11941125,0.00006104
-1.11909125,0.00006104
-1.11877125,0.00006104
-1.11845125,0.00006104
-1.11813125,0.00006104
-1.11781125,0.00006104
-1.11749125,0.00006104
-1.11717125,0.00006104
-1.11685125,0.00006104
-1.11653125,0.00006104
-1.11621125,0.00006104
-1.11589125,0.00006104
-1.11557125,0.00006104
-1.11525125,0.00006104
-1.11493125,0.00006104
-1.11461125,0.00006104
-1.11429125,0.00006104
-1.11397125,0.00006104
-1.11365125,-0.01770074
-1.11333125,0.00006104
-1.11301125,0.00006104
-1.11269125,0.00006104
-1.11237125,0.00006104
-1.11205125,0.00006104
-1.11173125,0.00006104
-1.11141125,0.00006104
-1.11109125,0.00006104
-1.11077125,0.00006104
-1.11045125,0.00006104
-1.11013125,0.00006104
-1.10981125,0.00006104
-1.10949125,0.00006104
-1.10917125,0.00006104
-1.10885125,0.00006104
-1.10853125,0.00006104
-1.10821125,0.00006104
-1.10789125,0.00006104
-1.10757125,0.00006104
-1.10725125,0.00006104
-1.10693125,0.00006104
-1.10661125,0.00006104
-1.10629125,0.00006104
-1.10597125,0.00006104
-1.10565125,0.00006104
-1.10533125,0.00006104
-1.10501125,0.00006104
-1.10469125,0.00006104
-1.10437125,0.00006104
-1.10405125,0.00006104
-1.10373125,0.00006104
-1.10341125,0.00006104
-1.10309125,0.00006104
-1.10277125,0.00006104
-1.10245125,0.00006104
-1.10213125,0.00006104
-1.10181125,0.00006104
-1.10149125,0.00006104
-1.10117125,0.00006104
-1.10085125,0.00006104
-1.10053125,0.00006104
-1.10021125,0.00006104
-1.09989125,0.00006104
-1.09957125,0.00006104
-1.09925125,0.00006104
-1.09893125,-0.01770074
-1.09861125,0.00006104
-1.09829125,0.00006104
-1.09797125,0.00006104
-1.09765125,0.00006104
-1.09733125,0.00006104
-1.09701125,0.00006104
-1.09669125,0.00006104
-1.09637125,0.00006104
-1.09605125,0.00006104
-1.09573125,0.00006104
-1.09541125,0.00006104
-1.09509125,0.00006104
-1.09477125,0.00006104
-1.09445125,0.00006104
-1.09413125,0.00006104
-1.09381125,0.00006104
-1.09349125,0.00006104
-1.09317125,0.00006104
-1.09285125,0.00006104
-1.09253125,0.00006104
-1.09221125,0.00006104
-1.09189125,0.00006104
-1.09157125,0.00006104
-1.09125125,0.00006104
-1.09093125,0.00006104
-1.09061125,0.00006104
-1.09029125,0.00006104
-1.08997125,0.00006104
-1.08965125,0.00006104
-1.08933125,0.00006104
-1.08901125,0.00006104
-1.08869125,0.00006104
-1.08837125,0.00006104
-1.08805125,0.00006104
-1.08773125,0.00006104
-1.08741125,0.00006104
-1.08709125,0.00006104
-1.08677125,0.00006104
-1.08645125,0.00006104
-1.08613125,0.00006104
-1.08581125,0.00006104
-1.08549125,0.00006104
-1.08517125,0.00006104
-1.08485125,0.00006104
-1.08453125,0.00006104
-1.08421125,0.00006104
-1.08389125,0.00006104
-1.08357125,0.00006104
-1.08325125,0.00006104
-1.08293125,0.00006104
-1.08261125,0.00006104
-1.08229125,0.00006104
-1.08197125,0.00006104
-1.08165125,0.00006104
-1.08133125,0.00006104
-1.08101125,0.00006104
-1.08069125,0.00006104
-1.08037125,0.00006104
-1.08005125,0.00006104
-1.07973125,0.00006104
-1.07941125,0.00006104
-1.07909125,0.00006104
-1.07877125,0.00006104
-1.07845125,0.00006104
-1.07813125,0.00006104
-1.07781125,0.00006104
-1.07749125,0.00006104
-1.07717125,0.00006104
-1.07685125,0.00006104
-1.07653125,0.00006104
-1.07621125,0.00006104
-1.07589125,0.00006104
-1.07557125,0.00006104
-1.07525125,0.00006104
-1.07493125,0.00006104
-1.07461125,0.00006104
-1.07429125,-0.01770074
-1.07397125,0.00006104
-1.07365125,-0.01770074
-1.07333125,0.00006104
-1.07301125,0.00006104
-1.07269125,0.00006104
-1.07237125,0.00006104
-1.07205125,0.00006104
-1.07173125,0.00006104
-1.07141125,0.00006104
-1.07109125,0.00006104
-1.07077125,-0.01770074
-1.07045125,0.00006104
-1.07013125,0.00006104
-1.06981125,0.00006104
-1.06949125,0.00006104
-1.06917125,0.00006104
-1.06885125,0.00006104
-1.06853125,0.00006104
-1.06821125,0.00006104
-1.06789125,0.00006104
-1.06757125,0.00006104
-1.06725125,0.00006104
-1.06693125,0.00006104
-1.06661125,0.00006104
-1.06629125,0.00006104
-1.06597125,0.00006104
-1.06565125,0.00006104
-1.06533125,0.00006104
-1.06501125,0.00006104
-1.06469125,0.00006104
-1.06437125,0.00006104
-1.06405125,0.00006104
-1.06373125,0.00006104
-1.06341125,-0.01770074
-1.06309125,0.00006104
-1.06277125,-0.01770074
-1.06245125,0.00006104
-1.06213125,0.00006104
-1.06181125,0.00006104
-1.06149125,0.00006104
-1.06117125,0.00006104
-1.06085125,0.00006104
-1.06053125,-0.01770074
-1.06021125,0.00006104
-1.05989125,0.00006104
-1.05957125,0.00006104
-1.05925125,0.00006104
-1.05893125,0.00006104
-1.05861125,0.00006104
-1.05829125,0.00006104
-1.05797125,0.00006104
-1.05765125,0.00006104
-1.05733125,0.00006104
-1.05701125,0.00006104
-1.05669125,0.00006104
-1.05637125,-0.01770074
-1.05605125,0.00006104
-1.05573125,0.00006104
-1.05541125,0.00006104
-1.05509125,0.00006104
-1.05477125,0.00006104
-1.05445125,0.00006104
-1.05413125,0.00006104
-1.05381125,0.00006104
-1.05349125,-0.01770074
-1.05317125,0.00006104
-1.05285125,0.00006104
-1.05253125,0.00006104
-1.05221125,0.00006104
-1.05189125,-0.01770074
-1.05157125,0.00006104
-1.05125125,0.00006104
-1.05093125,-0.01770074
-1.05061125,0.00006104
-1.05029125,0.00006104
-1.04997125,0.00006104
-1.04965125,0.00006104
-1.04933125,0.00006104
-1.04901125,0.00006104
-1.04869125,0.00006104
-1.04837125,0.00006104
-1.04805125,0.00006104
-1.04773125,-0.01770074
-1.04741125,0.00006104
-1.04709125,0.00006104
-1.04677125,0.00006104
-1.04645125,0.00006104
-1.04613125,0.00006104
-1.04581125,0.00006104
-1.04549125,0.00006104
-1.04517125,0.00006104
-1.04485125,-0.01770074
-1.04453125,0.00006104
-1.04421125,0.00006104
-1.04389125,0.00006104
-1.04357125,0.00006104
-1.04325125,0.00006104
-1.04293125,0.00006104
-1.04261125,0.00006104
-1.04229125,0.00006104
-1.04197125,0.00006104
-1.04165125,0.00006104
-1.04133125,0.00006104
-1.04101125,0.00006104
-1.04069125,0.00006104
-1.04037125,0.00006104
-1.04005125,0.00006104
-1.03973125,0.00006104
-1.03941125,0.00006104
-1.03909125,0.00006104
-1.03877125,0.00006104
-1.03845125,0.00006104
-1.03813125,0.00006104
-1.03781125,0.00006104
-1.03749125,-0.01770074
-1.03717125,0.00006104
-1.03685125,-0.01770074
-1.03653125,-0.01770074
-1.03621125,-0.01770074
-1.03589125,0.00006104
-1.03557125,0.00006104
-1.03525125,0.00006104
-1.03493125,-0.01770074
-1.03461125,0.00006104
-1.03429125,0.00006104
-1.03397125,0.00006104
-1.03365125,0.00006104
-1.03333125,0.00006104
-1.03301125,0.00006104
-1.03269125,0.00006104
-1.03237125,0.00006104
-1.03205125,0.00006104
-1.03173125,0.00006104
-1.03141125,0.00006104
-1.03109125,0.00006104
-1.03077125,0.00006104
-1.03045125,0.00006104
-1.03013125,0.00006104
-1.02981125,0.00006104
-1.02949125,0.00006104
-1.02917125,0.00006104
-1.02885125,0.00006104
-1.02853125,0.00006104
-1.02821125,0.00006104
-1.02789125,0.00006104
-1.02757125,0.00006104
-1.02725125,0.00006104
-1.02693125,0.00006104
-1.02661125,0.00006104
-1.02629125,0.00006104
-1.02597125,-0.01770074
-1.02565125,0.00006104
-1.02533125,0.00006104
-1.02501125,0.00006104
-1.02469125,0.00006104
-1.02437125,0.00006104
-1.02405125,0.00006104
-1.02373125,0.00006104
-1.02341125,0.00006104
-1.02309125,0.00006104
-1.02277125,0.00006104
-1.02245125,0.00006104
-1.02213125,0.00006104
-1.02181125,0.00006104
-1.02149125,0.00006104
-1.02117125,0.00006104
-1.02085125,-0.01770074
-1.02053125,0.00006104
-1.02021125,0.00006104
-1.01989125,0.00006104
-1.01957125,0.00006104
-1.01925125,0.00006104
-1.01893125,0.00006104
-1.01861125,0.00006104
-1.01829125,0.00006104
-1.01797125,0.00006104
-1.01765125,0.00006104
-1.01733125,0.00006104
-1.01701125,0.00006104
-1.01669125,0.00006104
-1.01637125,0.00006104
-1.01605125,0.00006104
-1.01573125,0.00006104
-1.01541125,0.00006104
-1.01509125,0.00006104
-1.01477125,0.00006104
-1.01445125,-0.01770074
-1.01413125,0.00006104
-1.01381125,0.00006104
-1.01349125,0.00006104
-1.01317125,0.00006104
-1.01285125,-0.01770074
-1.01253125,0.00006104
-1.01221125,0.00006104
-1.01189125,0.00006104
-1.01157125,0.00006104
-1.01125125,0.00006104
-1.01093125,0.00006104
-1.01061125,0.00006104
-1.01029125,0.00006104
-1.00997125,0.00006104
-1.00965125,0.00006104
-1.00933125,0.00006104
-1.00901125,0.00006104
-1.00869125,0.00006104
-1.00837125,0.00006104
-1.00805125,0.00006104
-1.00773125,0.00006104
-1.00741125,0.00006104
-1.00709125,0.00006104
-1.00677125,0.00006104
-1.00645125,0.00006104
-1.00613125,0.00006104
-1.00581125,0.00006104
-1.00549125,0.00006104
-1.00517125,0.00006104
-1.00485125,0.00006104
-1.00453125,0.00006104
-1.00421125,0.00006104
-1.00389125,0.00006104
-1.00357125,-0.01770074
-1.00325125,0.00006104
-1.00293125,-0.01770074
-1.00261125,0.00006104
-1.00229125,0.00006104
-1.00197125,0.00006104
-1.00165125,0.00006104
-1.00133125,-0.17792290
-1.00101125,-0.71193576
-1.00069125,-0.39155248
-1.00037125,-0.16010010
-1.00005125,-0.03552354
-0.99973125,0.03570665
-0.99941125,0.01788385
-0.99909125,0.00006104
-0.99877125,-0.03552354
-0.99845125,-0.03552354
-0.99813125,-∞
-0.99781125,-0.87215799
-0.99749125,0.33826715
-0.99717125,0.01788385
-0.99685125,0.01788385
-0.99653125,0.03570665
-0.99621125,0.03570665
-0.99589125,0.01788385
-0.99557125,0.01788385
-0.99525125,0.01788385
-0.99493125,0.00006104
-0.99461125,0.00006104
-0.99429125,0.00006104
-0.99397125,0.01788385
-0.99365125,0.01788385
-0.99333125,0.01788385
-0.99301125,0.01788385
-0.99269125,0.00006104
-0.99237125,0.00006104
-0.99205125,0.01788385
-0.99173125,0.01788385
-0.99141125,0.01788385
-0.99109125,0.05346843
-0.99077125,0.07129124
-0.99045125,0.07129124
-0.99013125,0.07129124
-0.98981125,0.03570665
-0.98949125,0.07129124
-0.98917125,0.07129124
-0.98885125,0.03570665
-0.98853125,0.07129124
-0.98821125,0.08911405
-0.98789125,0.05346843
-0.98757125,0.01788385
-0.98725125,0.03570665
-0.98693125,0.03570665
-0.98661125,0.01788385
-0.98629125,-0.01770074
-0.98597125,-0.03552354
-0.98565125,-0.03552354
-0.98533125,-0.01770074
-0.98501125,0.01788385
-0.98469125,0.00006104
-0.98437125,0.00006104
-0.98405125,0.05346843
-0.98373125,-0.03552354
-0.98341125,0.00006104
-0.98309125,0.01788385
-0.98277125,-0.03552354
-0.98245125,0.01788385
-0.98213125,0.03570665
-0.98181125,0.00006104
-0.98149125,0.03570665
-0.98117125,0.03570665
-0.98085125,0.00006104
-0.98053125,0.01788385
-0.98021125,0.01788385
-0.97989125,0.01788385
-0.97957125,0.00006104
-0.97925125,0.01788385
-0.97893125,0.03570665
-0.97861125,0.00006104
-0.97829125,0.00006104
-0.97797125,0.01788385
-0.97765125,0.01788385
-0.97733125,0.00006104
-0.97701125,0.00006104
-0.97669125,-0.01770074
-0.97637125,0.00006104
-0.97605125,0.01788385
-0.97573125,0.00006104
-0.97541125,0.00006104
-0.97509125,0.01788385
-0.97477125,0.00006104
-0.97445125,0.01788385
-0.97413125,0.01788385
-0.97381125,0.00006104
-0.97349125,0.00006104
-0.97317125,0.01788385
-0.97285125,0.00006104
-0.97253125,0.00006104
-0.97221125,0.03570665
-0.97189125,0.01788385
-0.97157125,0.00006104
-0.97125125,0.00006104
-0.97093125,0.00006104
-0.97061125,0.00006104
-0.97029125,0.00006104
-0.96997125,-0.01770074
-0.96965125,0.00006104
-0.96933125,0.00006104
-0.96901125,0.00006104
-0.96869125,0.01788385
-0.96837125,0.00006104
-0.96805125,0.01788385
-0.96773125,0.01788385
-0.96741125,0.00006104
-0.96709125,0.00006104
-0.96677125,0.01788385
-0.96645125,0.01788385
-0.96613125,0.01788385
-0.96581125,0.00006104
-0.96549125,0.00006104
-0.96517125,0.01788385
-0.96485125,0.00006104
-0.96453125,0.00006104
-0.96421125,0.00006104
-0.96389125,0.00006104
-0.96357125,0.00006104
-0.96325125,0.00006104
-0.96293125,0.00006104
-0.96261125,0.00006104
-0.96229125,0.00006104
-0.96197125,0.01788385
-0.96165125,0.00006104
-0.96133125,0.00006104
-0.96101125,0.01788385
-0.96069125,0.00006104
-0.96037125,0.00006104
-0.96005125,0.00006104
-0.95973125,0.00006104
-0.95941125,0.00006104
-0.95909125,0.00006104
-0.95877125,-0.01770074
-0.95845125,0.00006104
-0.95813125,0.00006104
-0.95781125,-0.01770074
-0.95749125,0.00006104
-0.95717125,0.00006104
-0.95685125,0.00006104
-0.95653125,0.00006104
-0.95621125,0.01788385
-0.95589125,0.00006104
-0.95557125,0.01788385
-0.95525125,0.01788385
-0.95493125,0.00006104
-0.95461125,0.01788385
-0.95429125,0.00006104
-0.95397125,0.00006104
-0.95365125,0.00006104
-0.95333125,0.00006104
-0.95301125,0.00006104
-0.95269125,0.00006104
-0.95237125,-0.01770074
-0.95205125,-0.01770074
-0.95173125,0.00006104
-0.95141125,0.00006104
-0.95109125,-0.01770074
-0.95077125,0.00006104
-0.95045125,0.00006104
-0.95013125,-0.01770074
-0.94981125,0.00006104
-0.94949125,0.00006104
-0.94917125,0.00006104
-0.94885125,0.00006104
-0.94853125,0.00006104
-0.94821125,0.01788385
-0.94789125,0.01788385
-0.94757125,0.00006104
-0.94725125,0.00006104
-0.94693125,0.01788385
-0.94661125,0.00006104
-0.94629125,0.00006104
-0.94597125,0.00006104
-0.94565125,0.00006104
-0.94533125,-0.01770074
-0.94501125,0.00006104
-0.94469125,0.00006104
-0.94437125,-0.01770074
-0.94405125,0.00006104
-0.94373125,0.00006104
-0.94341125,0.00006104
-0.94309125,0.00006104
-0.94277125,0.00006104
-0.94245125,0.00006104
-0.94213125,0.00006104
-0.94181125,0.00006104
-0.94149125,0.00006104
-0.94117125,0.00006104
-0.94085125,0.00006104
-0.94053125,0.00006104
-0.94021125,0.00006104
-0.93989125,0.00006104
-0.93957125,-0.01770074
-0.93925125,0.00006104
-0.93893125,0.00006104
-0.93861125,0.00006104
-0.93829125,0.00006104
-0.93797125,0.00006104
-0.93765125,0.00006104
-0.93733125,0.00006104
-0.93701125,0.00006104
-0.93669125,0.00006104
-0.93637125,0.00006104
-0.93605125,0.00006104
-0.93573125,0.00006104
-0.93541125,0.00006104
-0.93509125,0.00006104
-0.93477125,0.00006104
-0.93445125,0.00006104
-0.93413125,0.00006104
-0.93381125,0.00006104
-0.93349125,-0.01770074
-0.93317125,0.00006104
-0.93285125,0.00006104
-0.93253125,0.00006104
-0.93221125,-0.01770074
-0.93189125,0.00006104
-0.93157125,0.00006104
-0.93125125,-0.01770074
-0.93093125,0.00006104
-0.93061125,0.00006104
-0.93029125,0.00006104
-0.92997125,0.00006104
-0.92965125,0.00006104
-0.92933125,-0.01770074
-0.92901125,0.00006104
-0.92869125,-0.01770074
-0.92837125,0.00006104
-0.92805125,0.00006104
-0.92773125,0.00006104
-0.92741125,0.00006104
-0.92709125,-0.01770074
-0.92677125,0.00006104
-0.92645125,0.00006104
-0.92613125,0.00006104
-0.92581125,0.00006104
-0.92549125,0.00006104
-0.92517125,0.00006104
-0.92485125,0.00006104
-0.92453125,0.00006104
-0.92421125,0.00006104
-0.92389125,0.00006104
-0.92357125,0.00006104
-0.92325125,0.00006104
-0.92293125,0.00006104
-0.92261125,0.00006104
-0.92229125,0.00006104
-0.92197125,0.00006104
-0.92165125,0.00006104
-0.92133125,0.00006104
-0.92101125,0.00006104
-0.92069125,0.00006104
-0.92037125,0.00006104
-0.92005125,0.00006104
-0.91973125,0.00006104
-0.91941125,0.00006104
-0.91909125,0.00006104
-0.91877125,0.00006104
-0.91845125,0.00006104
-0.91813125,0.00006104
-0.91781125,0.00006104
-0.91749125,0.00006104
-0.91717125,0.00006104
-0.91685125,0.00006104
-0.91653125,0.00006104
-0.91621125,-0.01770074
-0.91589125,0.00006104
-0.91557125,0.00006104
-0.91525125,0.00006104
-0.91493125,0.00006104
-0.91461125,0.00006104
-0.91429125,0.00006104
-0.91397125,-0.01770074
-0.91365125,0.00006104
-0.91333125,0.00006104
-0.91301125,0.00006104
-0.91269125,0.00006104
-0.91237125,0.00006104
-0.91205125,0.00006104
-0.91173125,0.00006104
-0.91141125,0.00006104
-0.91109125,0.00006104
-0.91077125,0.00006104
-0.91045125,0.00006104
-0.91013125,0.00006104
-0.90981125,0.00006104
-0.90949125,0.00006104
-0.90917125,0.00006104
-0.90885125,0.00006104
-0.90853125,0.00006104
-0.90821125,0.00006104
-0.90789125,0.00006104
-0.90757125,-0.01770074
-0.90725125,0.00006104
-0.90693125,0.00006104
-0.90661125,0.00006104
-0.90629125,-0.01770074
-0.90597125,0.00006104
-0.90565125,-0.01770074
-0.90533125,0.00006104
-0.90501125,0.00006104
-0.90469125,0.00006104
-0.90437125,0.00006104
-0.90405125,0.00006104
-0.90373125,0.00006104
-0.90341125,0.00006104
-0.90309125,0.00006104
-0.90277125,0.00006104
-0.90245125,0.00006104
-0.90213125,0.00006104
-0.90181125,0.00006104
-0.90149125,0.00006104
-0.90117125,0.00006104
-0.90085125,0.00006104
-0.90053125,0.00006104
-0.90021125,0.00006104
-0.89989125,0.00006104
-0.89957125,0.00006104
-0.89925125,0.00006104
-0.89893125,0.00006104
-0.89861125,0.00006104
-0.89829125,0.00006104
-0.89797125,0.00006104
-0.89765125,0.00006104
-0.89733125,0.00006104
-0.89701125,0.00006104
-0.89669125,-0.01770074
-0.89637125,0.00006104
-0.89605125,0.00006104
-0.89573125,0.00006104
-0.89541125,0.00006104
-0.89509125,0.00006104
-0.89477125,0.00006104
-0.89445125,0.00006104
-0.89413125,0.00006104
-0.89381125,0.00006104
-0.89349125,0.00006104
-0.89317125,0.00006104
-0.89285125,0.00006104
-0.89253125,0.00006104
-0.89221125,0.00006104
-0.89189125,0.00006104
-0.89157125,0.00006104
-0.89125125,0.00006104
-0.89093125,0.00006104
-0.89061125,0.00006104
-0.89029125,0.00006104
-0.88997125,0.00006104
-0.88965125,0.00006104
-0.88933125,0.00006104
-0.88901125,0.00006104
-0.88869125,0.00006104
-0.88837125,0.00006104
-0.88805125,0.00006104
-0.88773125,-0.01770074
-0.88741125,0.00006104
-0.88709125,0.00006104
-0.88677125,0.00006104
-0.88645125,0.00006104
-0.88613125,0.00006104
-0.88581125,0.00006104
-0.88549125,0.00006104
-0.88517125,0.00006104
-0.88485125,0.00006104
-0.88453125,0.00006104
-0.88421125,0.00006104
-0.88389125,0.00006104
-0.88357125,0.00006104
-0.88325125,0.00006104
-0.88293125,0.00006104
-0.88261125,0.00006104
-0.88229125,0.00006104
-0.88197125,0.00006104
-0.88165125,0.00006104
-0.88133125,0.00006104
-0.88101125,0.00006104
-0.88069125,-0.01770074
-0.88037125,0.00006104
-0.88005125,0.00006104
-0.87973125,0.00006104
-0.87941125,0.00006104
-0.87909126,0.00006104
-0.87877126,0.00006104
-0.87845126,0.00006104
-0.87813126,0.00006104
-0.87781126,0.00006104
-0.87749126,0.00006104
-0.87717126,0.00006104
-0.87685126,0.00006104
-0.87653126,0.00006104
-0.87621126,0.00006104
-0.87589126,0.00006104
-0.87557126,0.00006104
-0.87525126,0.00006104
-0.87493126,0.00006104
-0.87461126,0.00006104
-0.87429126,0.00006104
-0.87397126,0.00006104
-0.87365126,0.00006104
-0.87333126,-0.01770074
-0.87301126,0.00006104
-0.87269126,0.00006104
-0.87237126,-0.01770074
-0.87205126,0.00006104
-0.87173126,0.00006104
-0.87141126,0.00006104
-0.87109126,0.00006104
-0.87077126,0.00006104
-0.87045126,0.00006104
-0.87013126,0.00006104
-0.86981126,0.00006104
-0.86949126,0.00006104
-0.86917126,0.00006104
-0.86885126,0.00006104
-0.86853126,0.00006104
-0.86821126,0.00006104
-0.86789126,0.00006104
-0.86757126,0.00006104
-0.86725126,0.00006104
-0.86693126,0.00006104
-0.86661126,0.00006104
-0.86629126,0.00006104
-0.86597126,0.00006104
-0.86565126,0.00006104
-0.86533126,0.00006104
-0.86501126,0.00006104
-0.86469126,0.00006104
-0.86437126,0.00006104
-0.86405126,0.00006104
-0.86373126,0.00006104
-0.86341126,0.00006104
-0.86309126,0.00006104
-0.86277126,0.00006104
-0.86245126,0.00006104
-0.86213126,0.00006104
-0.86181126,0.00006104
-0.86149126,0.00006104
-0.86117126,0.00006104
-0.86085126,0.00006104
-0.86053126,-0.01770074
-0.86021126,0.00006104
-0.85989126,0.00006104
-0.85957126,0.00006104
-0.85925126,0.00006104
-0.85893126,0.00006104
-0.85861126,0.00006104
-0.85829126,0.00006104
-0.85797126,0.00006104
-0.85765126,0.00006104
-0.85733126,0.00006104
-0.85701126,0.00006104
-0.85669126,0.00006104
-0.85637126,0.00006104
-0.85605126,0.00006104
-0.85573126,0.00006104
-0.85541126,0.00006104
-0.85509126,0.00006104
-0.85477126,0.00006104
-0.85445126,0.00006104
-0.85413126,0.00006104
-0.85381126,0.00006104
-0.85349126,0.00006104
-0.85317126,0.00006104
-0.85285126,0.00006104
-0.85253126,0.00006104
-0.85221126,0.00006104
-0.85189126,0.00006104
-0.85157126,0.00006104
-0.85125126,0.00006104
-0.85093126,0.00006104
-0.85061126,0.00006104
-0.85029126,0.00006104
-0.84997126,0.00006104
-0.84965126,0.00006104
-0.84933126,0.00006104
-0.84901126,0.00006104
-0.84869126,0.00006104
-0.84837126,0.00006104
-0.84805126,0.00006104
-0.84773126,0.00006104
-0.84741126,0.00006104
-0.84709126,0.00006104
-0.84677126,0.00006104
-0.84645126,0.00006104
-0.84613126,0.00006104
-0.84581126,0.00006104
-0.84549126,0.00006104
-0.84517126,0.00006104
-0.84485126,-0.01770074
-0.84453126,0.00006104
-0.84421126,0.00006104
-0.84389126,0.00006104
-0.84357126,0.00006104
-0.84325126,0.00006104
-0.84293126,0.00006104
-0.84261126,0.00006104
-0.84229126,0.00006104
-0.84197126,0.00006104
-0.84165126,0.00006104
-0.84133126,0.00006104
-0.84101126,0.00006104
-0.84069126,0.00006104
-0.84037126,0.00006104
-0.84005126,0.00006104
-0.83973126,0.00006104
-0.83941126,0.00006104
-0.83909126,0.00006104
-0.83877126,0.00006104
-0.83845126,0.00006104
-0.83813126,0.00006104
-0.83781126,0.00006104
-0.83749126,0.00006104
-0.83717126,0.00006104
-0.83685126,0.00006104
-0.83653126,0.00006104
-0.83621126,0.00006104
-0.83589126,0.00006104
-0.83557126,0.00006104
-0.83525126,0.00006104
-0.83493126,0.00006104
-0.83461126,0.00006104
-0.83429126,0.00006104
-0.83397126,0.00006104
-0.83365126,0.00006104
-0.83333126,-0.01770074
-0.83301126,0.00006104
-0.83269126,0.00006104
-0.83237126,0.00006104
-0.83205126,0.00006104
-0.83173126,0.00006104
-0.83141126,0.00006104
-0.83109126,0.00006104
-0.83077126,0.00006104
-0.83045126,0.00006104
-0.83013126,0.00006104
-0.82981126,0.00006104
-0.82949126,0.00006104
-0.82917126,0.00006104
-0.82885126,0.00006104
-0.82853126,0.00006104
-0.82821126,0.00006104
-0.82789126,0.00006104
-0.82757126,-0.01770074
-0.82725126,0.00006104
-0.82693126,0.00006104
-0.82661126,0.00006104
-0.82629126,0.00006104
-0.82597126,0.00006104
-0.82565126,0.00006104
-0.82533126,0.00006104
-0.82501126,0.00006104
-0.82469126,0.00006104
-0.82437126,0.00006104
-0.82405126,0.00006104
-0.82373126,0.00006104
-0.82341126,0.00006104
-0.82309126,0.00006104
-0.82277126,0.00006104
-0.82245126,0.00006104
-0.82213126,0.00006104
-0.82181126,0.00006104
-0.82149126,0.00006104
-0.82117126,0.00006104
-0.82085126,0.00006104
-0.82053126,-0.01770074
-0.82021126,0.00006104
-0.81989126,0.00006104
-0.81957126,0.00006104
-0.81925126,0.00006104
-0.81893126,0.00006104
-0.81861126,0.00006104
-0.81829126,0.00006104
-0.81797126,0.00006104
-0.81765126,0.00006104
-0.81733126,0.00006104
-0.81701126,0.00006104
-0.81669126,0.00006104
-0.81637126,0.00006104
-0.81605126,0.00006104
-0.81573126,0.00006104
-0.81541126,0.00006104
-0.81509126,0.00006104
-0.81477126,0.00006104
-0.81445126,0.00006104
-0.81413126,0.00006104
-0.81381126,0.00006104
-0.81349126,0.00006104
-0.81317126,0.00006104
-0.81285126,0.00006104
-0.81253126,0.00006104
-0.81221126,0.00006104
-0.81189126,0.00006104
-0.81157126,0.00006104
-0.81125126,0.00006104
-0.81093126,0.00006104
-0.81061126,0.00006104
-0.81029126,0.00006104
-0.80997126,0.00006104
-0.80965126,0.00006104
-0.80933126,0.00006104
-0.80901126,0.00006104
-0.80869126,-0.01770074
-0.80837126,0.00006104
-0.80805126,0.00006104
-0.80773126,0.00006104
-0.80741126,0.00006104
-0.80709126,0.00006104
-0.80677126,0.00006104
-0.80645126,-0.01770074
-0.80613126,0.00006104
-0.80581126,0.00006104
-0.80549126,0.00006104
-0.80517126,0.00006104
-0.80485126,0.00006104
-0.80453126,0.00006104
-0.80421126,0.00006104
-0.80389126,0.00006104
-0.80357126,0.00006104
-0.80325126,0.00006104
-0.80293126,0.00006104
-0.80261126,0.00006104
-0.80229126,0.00006104
-0.80197126,0.00006104
-0.80165126,0.00006104
-0.80133126,0.00006104
-0.80101126,0.00006104
-0.80069126,0.00006104
-0.80037126,-0.01770074
-0.80005126,0.00006104
-0.79973126,0.00006104
-0.79941126,0.00006104
-0.79909126,0.00006104
-0.79877126,0.00006104
-0.79845126,0.00006104
-0.79813126,0.00006104
-0.79781126,0.00006104
-0.79749126,-0.01770074
-0.79717126,0.00006104
-0.79685126,0.00006104
-0.79653126,0.00006104
-0.79621126,0.00006104
-0.79589126,0.00006104
-0.79557126,0.00006104
-0.79525126,-0.01770074
-0.79493126,0.00006104
-0.79461126,0.00006104
-0.79429126,0.00006104
-0.79397126,0.00006104
-0.79365126,0.00006104
-0.79333126,0.00006104
-0.79301126,0.00006104
-0.79269126,0.00006104
-0.79237126,0.00006104
-0.79205126,0.00006104
-0.79173126,0.00006104
-0.79141126,0.00006104
-0.79109126,-0.01770074
-0.79077126,0.00006104
-0.79045126,0.00006104
-0.79013126,0.00006104
-0.78981126,0.00006104
-0.78949126,0.00006104
-0.78917126,0.00006104
-0.78885126,0.00006104
-0.78853126,0.00006104
-0.78821126,0.00006104
-0.78789126,0.00006104
-0.78757126,0.00006104
-0.78725126,0.00006104
-0.78693126,0.00006104
-0.78661126,0.00006104
-0.78629126,0.00006104
-0.78597126,0.00006104
-0.78565126,0.00006104
-0.78533126,0.00006104
-0.78501126,0.00006104
-0.78469126,0.00006104
-0.78437126,0.00006104
-0.78405126,0.00006104
-0.78373126,0.00006104
-0.78341126,0.00006104
-0.78309126,0.00006104
-0.78277126,0.00006104
-0.78245126,0.00006104
-0.78213126,0.00006104
-0.78181126,0.00006104
-0.78149126,0.00006104
-0.78117126,-0.01770074
-0.78085126,0.00006104
-0.78053126,0.00006104
-0.78021126,0.00006104
-0.77989126,0.00006104
-0.77957126,0.00006104
-0.77925126,0.00006104
-0.77893126,0.00006104
-0.77861126,0.00006104
-0.77829126,0.00006104
-0.77797126,0.00006104
-0.77765126,-0.01770074
-0.77733126,0.00006104
-0.77701126,0.00006104
-0.77669126,0.00006104
-0.77637126,0.00006104
-0.77605126,0.00006104
-0.77573126,0.00006104
-0.77541126,0.00006104
-0.77509126,0.00006104
-0.77477126,0.00006104
-0.77445126,0.00006104
-0.77413126,0.00006104
-0.77381126,0.00006104
-0.77349126,0.00006104
-0.77317126,0.00006104
-0.77285126,0.00006104
-0.77253126,0.00006104
-0.77221126,0.00006104
-0.77189126,0.00006104
-0.77157126,0.00006104
-0.77125126,0.00006104
-0.77093126,0.00006104
-0.77061126,0.00006104
-0.77029126,0.00006104
-0.76997126,-0.01770074
-0.76965126,0.00006104
-0.76933126,0.00006104
-0.76901126,0.00006104
-0.76869126,-0.01770074
-0.76837126,0.00006104
-0.76805126,0.00006104
-0.76773126,0.00006104
-0.76741126,0.00006104
-0.76709126,0.00006104
-0.76677126,0.00006104
-0.76645126,0.00006104
-0.76613126,0.00006104
-0.76581126,0.00006104
-0.76549126,0.00006104
-0.76517126,0.00006104
-0.76485126,0.00006104
-0.76453126,0.00006104
-0.76421126,-0.01770074
-0.76389126,0.00006104
-0.76357126,0.00006104
-0.76325126,0.00006104
-0.76293126,0.00006104
-0.76261126,0.00006104
-0.76229126,0.00006104
-0.76197126,0.00006104
-0.76165126,0.00006104
-0.76133126,0.00006104
-0.76101126,0.00006104
-0.76069126,0.00006104
-0.76037126,0.00006104
-0.76005126,0.00006104
-0.75973126,0.00006104
-0.75941126,0.00006104
-0.75909126,0.00006104
-0.75877126,0.00006104
-0.75845126,0.00006104
-0.75813126,0.00006104
-0.75781126,0.00006104
-0.75749126,0.00006104
-0.75717126,0.00006104
-0.75685126,0.00006104
-0.75653126,0.00006104
-0.75621126,0.00006104
-0.75589126,0.00006104
-0.75557126,0.00006104
-0.75525126,0.00006104
-0.75493126,0.00006104
-0.75461126,0.00006104
-0.75429126,0.00006104
-0.75397126,0.00006104
-0.75365126,0.00006104
-0.75333126,0.00006104
-0.75301126,0.00006104
-0.75269126,0.00006104
-0.75237126,0.00006104
-0.75205126,0.00006104
-0.75173126,0.00006104
-0.75141126,0.00006104
-0.75109126,-0.01770074
-0.75077126,0.00006104
-0.75045126,0.00006104
-0.75013126,0.00006104
-0.74981126,0.00006104
-0.74949126,0.00006104
-0.74917126,0.00006104
-0.74885126,0.00006104
-0.74853126,0.00006104
-0.74821126,0.00006104
-0.74789126,0.00006104
-0.74757126,0.00006104
-0.74725126,0.00006104
-0.74693126,0.00006104
-0.74661126,0.00006104
-0.74629126,0.00006104
-0.74597126,0.00006104
-0.74565126,0.00006104
-0.74533126,0.00006104
-0.74501126,0.00006104
-0.74469126,0.00006104
-0.74437126,0.00006104
-0.74405126,0.00006104
-0.74373126,0.00006104
-0.74341126,0.00006104
-0.74309126,0.00006104
-0.74277126,0.00006104
-0.74245126,0.00006104
-0.74213126,0.00006104
-0.74181126,0.00006104
-0.74149126,0.00006104
-0.74117126,0.00006104
-0.74085126,0.00006104
-0.74053126,0.00006104
-0.74021126,0.00006104
-0.73989126,0.00006104
-0.73957126,0.00006104
-0.73925126,0.00006104
-0.73893126,0.00006104
-0.73861126,0.00006104
-0.73829126,0.00006104
-0.73797126,0.00006104
-0.73765126,0.00006104
-0.73733126,0.00006104
-0.73701126,0.00006104
-0.73669126,0.00006104
-0.73637126,0.00006104
-0.73605126,0.00006104
-0.73573126,0.00006104
-0.73541126,-0.01770074
-0.73509126,0.00006104
-0.73477126,-0.01770074
-0.73445126,-0.01770074
-0.73413126,0.00006104
-0.73381126,0.00006104
-0.73349126,0.00006104
-0.73317126,0.00006104
-0.73285126,0.00006104
-0.73253126,0.00006104
-0.73221126,0.00006104
-0.73189126,0.00006104
-0.73157126,0.00006104
-0.73125126,0.00006104
-0.73093126,0.00006104
-0.73061126,0.00006104
-0.73029126,0.00006104
-0.72997126,0.00006104
-0.72965126,0.00006104
-0.72933126,0.00006104
-0.72901126,0.00006104
-0.72869126,0.00006104
-0.72837126,0.00006104
-0.72805126,0.00006104
-0.72773126,0.00006104
-0.72741126,0.00006104
-0.72709126,0.00006104
-0.72677126,0.00006104
-0.72645126,0.00006104
-0.72613126,0.00006104
-0.72581126,0.00006104
-0.72549126,0.00006104
-0.72517126,0.00006104
-0.72485126,0.00006104
-0.72453126,0.00006104
-0.72421126,0.00006104
-0.72389126,0.00006104
-0.72357126,0.00006104
-0.72325126,0.00006104
-0.72293126,0.00006104
-0.72261126,0.00006104
-0.72229126,0.00006104
-0.72197126,0.00006104
-0.72165126,0.00006104
-0.72133126,0.00006104
-0.72101126,0.00006104
-0.72069126,0.00006104
-0.72037126,0.00006104
-0.72005126,0.00006104
-0.71973126,0.00006104
-0.71941126,0.00006104
-0.71909126,0.00006104
-0.71877126,0.00006104
-0.71845126,0.00006104
-0.71813126,0.00006104
-0.71781126,0.00006104
-0.71749126,0.00006104
-0.71717126,-0.01770074
-0.71685126,0.00006104
-0.71653126,0.00006104
-0.71621126,0.00006104
-0.71589126,0.00006104
-0.71557126,0.00006104
-0.71525126,0.00006104
-0.71493126,0.00006104
-0.71461126,0.00006104
-0.71429126,0.00006104
-0.71397126,0.00006104
-0.71365126,0.00006104
-0.71333126,0.00006104
-0.71301126,0.00006104
-0.71269126,0.00006104
-0.71237126,0.00006104
-0.71205126,0.00006104
-0.71173126,0.00006104
-0.71141126,0.00006104
-0.71109126,0.00006104
-0.71077126,0.00006104
-0.71045126,0.00006104
-0.71013126,0.00006104
-0.70981126,0.00006104
-0.70949126,0.00006104
-0.70917126,0.00006104
-0.70885126,0.00006104
-0.70853126,0.00006104
-0.70821126,0.00006104
-0.70789126,0.00006104
-0.70757126,0.00006104
-0.70725126,0.00006104
-0.70693126,0.00006104
-0.70661126,0.00006104
-0.70629126,0.00006104
-0.70597126,0.00006104
-0.70565126,0.00006104
-0.70533126,0.00006104
-0.70501126,0.00006104
-0.70469126,0.00006104
-0.70437126,0.00006104
-0.70405126,0.00006104
-0.70373126,0.00006104
-0.70341126,0.00006104
-0.70309126,0.00006104
-0.70277126,0.00006104
-0.70245126,0.00006104
-0.70213126,0.00006104
-0.70181126,0.00006104
-0.70149126,-0.01770074
-0.70117126,0.00006104
-0.70085126,0.00006104
-0.70053126,0.00006104
-0.70021126,0.00006104
-0.69989126,0.00006104
-0.69957126,0.00006104
-0.69925126,0.00006104
-0.69893126,0.00006104
-0.69861126,0.00006104
-0.69829126,0.00006104
-0.69797126,0.00006104
-0.69765126,0.00006104
-0.69733126,0.00006104
-0.69701126,0.00006104
-0.69669126,0.00006104
-0.69637126,0.00006104
-0.69605126,0.00006104
-0.69573126,0.00006104
-0.69541126,0.00006104
-0.69509126,0.00006104
-0.69477126,0.00006104
-0.69445126,0.00006104
-0.69413126,0.00006104
-0.69381126,0.00006104
-0.69349126,0.00006104
-0.69317126,0.00006104
-0.69285126,0.00006104
-0.69253126,0.00006104
-0.69221126,0.00006104
-0.69189126,0.00006104
-0.69157126,0.00006104
-0.69125126,0.00006104
-0.69093126,0.00006104
-0.69061126,0.00006104
-0.69029126,0.00006104
-0.68997126,0.00006104
-0.68965126,0.00006104
-0.68933126,0.00006104
-0.68901126,0.00006104
-0.68869126,0.00006104
-0.68837126,0.00006104
-0.68805126,0.00006104
-0.68773126,0.00006104
-0.68741126,0.00006104
-0.68709126,0.00006104
-0.68677126,0.00006104
-0.68645126,0.00006104
-0.68613126,0.00006104
-0.68581126,0.00006104
-0.68549126,0.00006104
-0.68517126,0.00006104
-0.68485126,0.00006104
-0.68453126,0.00006104
-0.68421126,0.00006104
-0.68389126,0.00006104
-0.68357126,0.00006104
-0.68325126,0.00006104
-0.68293126,0.00006104
-0.68261126,0.00006104
-0.68229126,0.00006104
-0.68197126,0.00006104
-0.68165126,0.00006104
-0.68133126,0.00006104
-0.68101126,0.00006104
-0.68069126,0.00006104
-0.68037126,0.00006104
-0.68005126,0.00006104
-0.67973126,0.00006104
-0.67941126,0.00006104
-0.67909126,0.00006104
-0.67877126,0.00006104
-0.67845126,0.00006104
-0.67813126,0.00006104
-0.67781126,0.00006104
-0.67749126,0.00006104
-0.67717126,0.00006104
-0.67685126,0.00006104
-0.67653126,0.00006104
-0.67621126,0.00006104
-0.67589126,0.00006104
-0.67557126,-0.01770074
-0.67525126,0.00006104
-0.67493126,0.00006104
-0.67461126,0.00006104
-0.67429126,0.00006104
-0.67397126,0.00006104
-0.67365126,0.00006104
-0.67333126,0.00006104
-0.67301126,0.00006104
-0.67269126,0.00006104
-0.67237126,0.00006104
-0.67205126,0.00006104
-0.67173126,0.00006104
-0.67141126,-0.01770074
-0.67109126,0.00006104
-0.67077126,0.00006104
-0.67045126,0.00006104
-0.67013126,0.00006104
-0.66981126,0.00006104
-0.66949126,0.00006104
-0.66917126,0.00006104
-0.66885126,0.00006104
-0.66853126,-0.01770074
-0.66821126,-0.01770074
-0.66789126,0.00006104
-0.66757126,0.00006104
-0.66725126,0.00006104
-0.66693126,0.00006104
-0.66661126,0.00006104
-0.66629126,0.00006104
-0.66597126,0.00006104
-0.66565126,0.00006104
-0.66533126,0.00006104
-0.66501126,0.00006104
-0.66469126,0.00006104
-0.66437126,0.00006104
-0.66405126,0.00006104
-0.66373126,0.00006104
-0.66341126,0.00006104
-0.66309126,0.00006104
-0.66277126,0.00006104
-0.66245126,0.00006104
-0.66213126,0.00006104
-0.66181126,0.00006104
-0.66149126,0.00006104
-0.66117126,0.00006104
-0.66085126,0.00006104
-0.66053126,0.00006104
-0.66021126,0.00006104
-0.65989126,0.00006104
-0.65957126,0.00006104
-0.65925126,0.00006104
-0.65893126,0.00006104
-0.65861126,0.00006104
-0.65829126,0.00006104
-0.65797126,0.00006104
-0.65765126,0.00006104
-0.65733126,0.00006104
-0.65701126,0.00006104
-0.65669126,0.00006104
-0.65637126,0.00006104
-0.65605126,0.00006104
-0.65573126,-0.01770074
-0.65541126,0.00006104
-0.65509126,0.00006104
-0.65477126,0.00006104
-0.65445126,0.00006104
-0.65413126,0.00006104
-0.65381126,0.00006104
-0.65349126,0.00006104
-0.65317126,0.00006104
-0.65285126,0.00006104
-0.65253126,0.00006104
-0.65221126,0.00006104
-0.65189126,0.00006104
-0.65157126,0.00006104
-0.65125126,0.00006104
-0.65093126,0.00006104
-0.65061126,0.00006104
-0.65029126,0.00006104
-0.64997126,0.00006104
-0.64965126,0.00006104
-0.64933126,0.00006104
-0.64901126,0.00006104
-0.64869126,0.00006104
-0.64837126,0.00006104
-0.64805126,0.00006104
-0.64773126,0.00006104
-0.64741126,0.00006104
-0.64709126,0.00006104
-0.64677126,0.00006104
-0.64645126,0.00006104
-0.64613126,0.00006104
-0.64581126,0.00006104
-0.64549126,0.00006104
-0.64517126,0.00006104
-0.64485126,0.00006104
-0.64453126,0.00006104
-0.64421126,0.00006104
-0.64389126,0.00006104
-0.64357126,0.00006104
-0.64325126,0.00006104
-0.64293126,0.00006104
-0.64261126,0.00006104
-0.64229126,0.00006104
-0.64197126,0.00006104
-0.64165126,0.00006104
-0.64133126,0.00006104
-0.64101126,0.00006104
-0.64069126,0.00006104
-0.64037126,0.00006104
-0.64005126,0.00006104
-0.63973126,0.00006104
-0.63941126,-0.01770074
-0.63909126,0.00006104
-0.63877126,0.00006104
-0.63845126,0.00006104
-0.63813126,0.00006104
-0.63781126,0.00006104
-0.63749126,0.00006104
-0.63717126,0.00006104
-0.63685126,0.00006104
-0.63653126,0.00006104
-0.63621126,0.00006104
-0.63589126,0.00006104
-0.63557126,0.00006104
-0.63525126,0.00006104
-0.63493126,0.00006104
-0.63461126,0.00006104
-0.63429126,0.00006104
-0.63397126,0.00006104
-0.63365126,0.00006104
-0.63333126,0.00006104
-0.63301126,-0.01770074
-0.63269126,0.00006104
-0.63237126,0.00006104
-0.63205126,0.00006104
-0.63173126,0.00006104
-0.63141126,0.00006104
-0.63109126,0.00006104
-0.63077126,0.00006104
-0.63045126,0.00006104
-0.63013126,0.00006104
-0.62981126,0.00006104
-0.62949126,0.00006104
-0.62917126,0.00006104
-0.62885126,0.00006104
-0.62853126,0.00006104
-0.62821126,0.00006104
-0.62789126,0.00006104
-0.62757126,0.00006104
-0.62725126,0.00006104
-0.62693126,0.00006104
-0.62661126,0.00006104
-0.62629126,0.00006104
-0.62597126,0.00006104
-0.62565126,0.00006104
-0.62533126,0.00006104
-0.62501126,0.00006104
-0.62469126,0.00006104
-0.62437126,0.00006104
-0.62405126,0.00006104
-0.62373126,0.00006104
-0.62341126,0.00006104
-0.62309126,0.00006104
-0.62277126,0.00006104
-0.62245126,0.00006104
-0.62213126,0.00006104
-0.62181126,0.00006104
-0.62149126,0.00006104
-0.62117126,0.00006104
-0.62085126,0.00006104
-0.62053126,0.00006104
-0.62021126,0.00006104
-0.61989126,0.00006104
-0.61957126,0.00006104
-0.61925126,0.00006104
-0.61893126,0.00006104
-0.61861126,0.00006104
-0.61829126,0.00006104
-0.61797126,0.00006104
-0.61765126,0.00006104
-0.61733126,0.00006104
-0.61701126,0.00006104
-0.61669126,0.00006104
-0.61637126,0.00006104
-0.61605126,0.00006104
-0.61573126,0.00006104
-0.61541126,0.00006104
-0.61509126,0.00006104
-0.61477126,0.00006104
-0.61445126,0.00006104
-0.61413126,0.00006104
-0.61381126,0.00006104
-0.61349126,0.00006104
-0.61317126,0.00006104
-0.61285126,0.00006104
-0.61253126,0.00006104
-0.61221126,0.00006104
-0.61189126,0.00006104
-0.61157126,0.00006104
-0.61125126,0.00006104
-0.61093126,0.00006104
-0.61061126,0.00006104
-0.61029126,0.00006104
-0.60997126,0.00006104
-0.60965126,0.00006104
-0.60933126,0.00006104
-0.60901126,0.00006104
-0.60869126,0.00006104
-0.60837126,0.00006104
-0.60805126,0.00006104
-0.60773126,0.00006104
-0.60741126,-0.01770074
-0.60709126,0.00006104
-0.60677126,0.00006104
-0.60645126,-0.01770074
-0.60613126,0.00006104
-0.60581126,0.00006104
-0.60549126,0.00006104
-0.60517126,0.00006104
-0.60485126,0.00006104
-0.60453126,0.00006104
-0.60421126,0.00006104
-0.60389126,0.00006104
-0.60357126,0.00006104
-0.60325126,-0.01770074
-0.60293126,0.00006104
-0.60261126,0.00006104
-0.60229126,0.00006104
-0.60197126,0.00006104
-0.60165126,0.00006104
-0.60133126,0.00006104
-0.60101126,0.00006104
-0.60069126,0.00006104
-0.60037126,0.00006104
-0.60005126,0.00006104
-0.59973126,0.00006104
-0.59941126,0.00006104
-0.59909126,0.00006104
-0.59877126,0.00006104
-0.59845126,0.00006104
-0.59813126,0.00006104
-0.59781126,-0.01770074
-0.59749126,0.00006104
-0.59717126,0.00006104
-0.59685126,0.00006104
-0.59653126,0.00006104
-0.59621126,0.00006104
-0.59589126,0.00006104
-0.59557126,0.00006104
-0.59525126,0.00006104
-0.59493126,0.00006104
-0.59461126,0.00006104
-0.59429126,0.00006104
-0.59397126,0.00006104
-0.59365126,0.00006104
-0.59333126,0.00006104
-0.59301126,0.00006104
-0.59269126,0.00006104
-0.59237126,0.00006104
-0.59205126,0.00006104
-0.59173126,0.00006104
-0.59141126,0.00006104
-0.59109126,0.00006104
-0.59077126,0.00006104
-0.59045126,0.00006104
-0.59013126,0.00006104
-0.58981126,0.00006104
-0.58949126,0.00006104
-0.58917126,0.00006104
-0.58885126,0.00006104
-0.58853126,0.00006104
-0.58821126,0.00006104
-0.58789126,0.00006104
-0.58757126,0.00006104
-0.58725126,0.00006104
-0.58693126,0.00006104
-0.58661126,0.00006104
-0.58629126,0.00006104
-0.58597126,0.00006104
-0.58565126,0.00006104
-0.58533126,0.00006104
-0.58501126,0.00006104
-0.58469126,0.00006104
-0.58437126,0.00006104
-0.58405126,0.00006104
-0.58373126,0.00006104
-0.58341126,-0.01770074
-0.58309126,0.00006104
-0.58277126,0.00006104
-0.58245126,-0.01770074
-0.58213126,-0.01770074
-0.58181126,0.00006104
-0.58149126,0.00006104
-0.58117126,0.00006104
-0.58085126,0.00006104
-0.58053126,0.00006104
-0.58021126,0.00006104
-0.57989126,0.00006104
-0.57957126,0.00006104
-0.57925126,0.00006104
-0.57893126,0.00006104
-0.57861126,0.00006104
-0.57829126,0.00006104
-0.57797126,0.00006104
-0.57765126,0.00006104
-0.57733126,0.00006104
-0.57701126,0.00006104
-0.57669126,0.00006104
-0.57637126,0.00006104
-0.57605126,0.00006104
-0.57573126,0.00006104
-0.57541126,0.00006104
-0.57509126,0.00006104
-0.57477126,0.00006104
-0.57445126,0.00006104
-0.57413126,0.00006104
-0.57381126,-0.01770074
-0.57349126,0.00006104
-0.57317126,0.00006104
-0.57285126,0.00006104
-0.57253126,0.00006104
-0.57221126,0.00006104
-0.57189126,0.00006104
-0.57157126,0.00006104
-0.57125126,-0.01770074
-0.57093126,0.00006104
-0.57061126,0.00006104
-0.57029126,0.00006104
-0.56997126,0.00006104
-0.56965126,0.00006104
-0.56933126,0.00006104
-0.56901126,0.00006104
-0.56869126,0.00006104
-0.56837126,0.00006104
-0.56805126,0.00006104
-0.56773126,0.00006104
-0.56741126,0.00006104
-0.56709126,0.00006104
-0.56677126,0.00006104
-0.56645126,0.00006104
-0.56613126,0.00006104
-0.56581126,0.00006104
-0.56549126,0.00006104
-0.56517126,0.00006104
-0.56485126,0.00006104
-0.56453126,0.00006104
-0.56421126,0.00006104
-0.56389126,0.00006104
-0.56357126,0.00006104
-0.56325126,0.00006104
-0.56293126,0.00006104
-0.56261126,0.00006104
-0.56229126,0.00006104
-0.56197126,0.00006104
-0.56165126,0.00006104
-0.56133126,0.00006104
-0.56101126,0.00006104
-0.56069126,0.00006104
-0.56037126,0.00006104
-0.56005126,0.00006104
-0.55973126,0.00006104
-0.55941126,0.00006104
-0.55909126,0.00006104
-0.55877126,0.00006104
-0.55845126,0.00006104
-0.55813126,0.00006104
-0.55781126,0.00006104
-0.55749126,0.00006104
-0.55717126,0.00006104
-0.55685126,0.00006104
-0.55653126,0.00006104
-0.55621126,-0.01770074
-0.55589126,0.00006104
-0.55557126,0.00006104
-0.55525126,0.00006104
-0.55493126,-0.01770074
-0.55461126,-0.01770074
-0.55429126,0.00006104
-0.55397126,0.00006104
-0.55365126,0.00006104
-0.55333126,0.00006104
-0.55301126,0.00006104
-0.55269126,0.00006104
-0.55237126,0.00006104
-0.55205126,0.00006104
-0.55173126,0.00006104
-0.55141126,0.00006104
-0.55109126,0.00006104
-0.55077126,0.00006104
-0.55045126,0.00006104
-0.55013126,0.00006104
-0.54981126,0.00006104
-0.54949126,0.00006104
-0.54917126,0.00006104
-0.54885126,0.00006104
-0.54853126,0.00006104
-0.54821126,0.00006104
-0.54789126,0.00006104
-0.54757126,0.00006104
-0.54725126,-0.01770074
-0.54693126,0.00006104
-0.54661126,0.00006104
-0.54629126,0.00006104
-0.54597126,0.00006104
-0.54565126,0.00006104
-0.54533126,0.00006104
-0.54501126,-0.01770074
-0.54469126,0.00006104
-0.54437126,-0.01770074
-0.54405126,0.00006104
-0.54373126,0.00006104
-0.54341126,0.00006104
-0.54309126,0.00006104
-0.54277126,0.00006104
-0.54245126,-0.01770074
-0.54213126,0.00006104
-0.54181126,0.00006104
-0.54149126,0.00006104
-0.54117126,0.00006104
-0.54085126,0.00006104
-0.54053126,0.00006104
-0.54021126,0.00006104
-0.53989126,0.00006104
-0.53957126,0.00006104
-0.53925126,0.00006104
-0.53893126,0.00006104
-0.53861126,0.00006104
-0.53829126,0.00006104
-0.53797126,0.00006104
-0.53765126,0.00006104
-0.53733126,0.00006104
-0.53701126,0.00006104
-0.53669126,0.00006104
-0.53637126,-0.01770074
-0.53605126,0.00006104
-0.53573126,0.00006104
-0.53541126,0.00006104
-0.53509126,0.00006104
-0.53477126,0.00006104
-0.53445126,0.00006104
-0.53413126,0.00006104
-0.53381126,0.00006104
-0.53349126,0.00006104
-0.53317126,0.00006104
-0.53285126,0.00006104
-0.53253126,0.00006104
-0.53221126,0.00006104
-0.53189126,0.00006104
-0.53157126,0.00006104
-0.53125126,0.00006104
-0.53093126,0.00006104
-0.53061126,0.00006104
-0.53029126,0.00006104
-0.52997126,0.00006104
-0.52965126,0.00006104
-0.52933126,0.00006104
-0.52901126,0.00006104
-0.52869126,0.00006104
-0.52837126,-0.01770074
-0.52805126,0.00006104
-0.52773126,0.00006104
-0.52741126,0.00006104
-0.52709126,0.00006104
-0.52677126,0.00006104
-0.52645126,0.00006104
-0.52613126,0.00006104
-0.52581126,0.00006104
-0.52549126,0.00006104
-0.52517126,0.00006104
-0.52485126,0.00006104
-0.52453126,0.00006104
-0.52421126,0.00006104
-0.52389126,0.00006104
-0.52357126,0.00006104
-0.52325126,0.00006104
-0.52293126,0.00006104
-0.52261126,0.00006104
-0.52229126,0.00006104
-0.52197126,0.00006104
-0.52165126,0.00006104
-0.52133126,0.00006104
-0.52101126,0.00006104
-0.52069126,0.00006104
-0.52037126,0.00006104
-0.52005126,0.00006104
-0.51973126,0.00006104
-0.51941126,0.00006104
-0.51909126,0.00006104
-0.51877126,0.00006104
-0.51845126,0.00006104
-0.51813126,0.00006104
-0.51781126,0.00006104
-0.51749126,0.00006104
-0.51717126,-0.01770074
-0.51685126,0.00006104
-0.51653126,0.00006104
-0.51621126,0.00006104
-0.51589126,0.00006104
-0.51557126,0.00006104
-0.51525126,0.00006104
-0.51493126,0.00006104
-0.51461126,0.00006104
-0.51429126,0.00006104
-0.51397126,0.00006104
-0.51365126,-0.01770074
-0.51333126,0.00006104
-0.51301126,0.00006104
-0.51269126,0.00006104
-0.51237126,-0.01770074
-0.51205126,-0.01770074
-0.51173126,0.00006104
-0.51141126,0.00006104
-0.51109126,-0.01770074
-0.51077126,0.00006104
-0.51045126,0.00006104
-0.51013126,0.00006104
-0.50981126,0.00006104
-0.50949126,0.00006104
-0.50917126,0.00006104
-0.50885126,0.00006104
-0.50853126,0.00006104
-0.50821126,0.00006104
-0.50789126,0.00006104
-0.50757126,0.00006104
-0.50725126,0.00006104
-0.50693126,0.00006104
-0.50661126,0.00006104
-0.50629126,0.00006104
-0.50597126,0.00006104
-0.50565126,0.00006104
-0.50533126,0.00006104
-0.50501126,0.00006104
-0.50469126,0.00006104
-0.50437126,0.00006104
-0.50405126,0.00006104
-0.50373126,0.00006104
-0.50341126,0.00006104
-0.50309126,0.00006104
-0.50277126,0.00006104
-0.50245126,0.00006104
-0.50213126,0.00006104
-0.50181126,0.00006104
-0.50149126,1.45970035
-0.50117126,0.65865046
-0.50085126,-0.39155248
-0.50053126,-0.46272165
-0.50021126,-0.16010010
-0.49989126,0.00006104
-0.49957126,0.03570665
-0.49925126,0.00006104
-0.49893126,-0.01770074
-0.49861126,-0.03552354
-0.49829126,-0.28473771
-0.49797126,-0.96114993
-0.49765126,-1.95800650
-0.49733126,-0.99679554
-0.49701126,-0.71193576
-0.49669126,-0.17792290
-0.49637126,0.03570665
-0.49605126,0.07129124
-0.49573126,0.03570665
-0.49541126,0.01788385
-0.49509126,0.01788385
-0.49477126,0.01788385
-0.49445126,0.01788385
-0.49413126,0.03570665
-0.49381126,0.03570665
-0.49349126,0.03570665
-0.49317126,0.03570665
-0.49285126,0.00006104
-0.49253126,0.00006104
-0.49221126,0.01788385
-0.49189126,0.01788385
-0.49157126,0.01788385
-0.49125126,0.05346843
-0.49093126,0.05346843
-0.49061126,0.07129124
-0.49029126,0.07129124
-0.48997126,0.03570665
-0.48965126,0.07129124
-0.48933126,0.05346843
-0.48901126,0.03570665
-0.48869126,0.07129124
-0.48837126,0.08911405
-0.48805126,0.07129124
-0.48773126,0.03570665
-0.48741126,0.03570665
-0.48709126,0.03570665
-0.48677126,0.01788385
-0.48645126,0.00006104
-0.48613126,-0.03552354
-0.48581126,-0.01770074
-0.48549126,-0.01770074
-0.48517126,0.03570665
-0.48485126,0.00006104
-0.48453126,0.00006104
-0.48421126,0.05346843
-0.48389126,-0.03552354
-0.48357126,0.00006104
-0.48325126,0.01788385
-0.48293126,-0.03552354
-0.48261126,0.01788385
-0.48229126,0.05346843
-0.48197126,0.01788385
-0.48165126,0.01788385
-0.48133126,0.03570665
-0.48101126,0.03570665
-0.48069126,0.01788385
-0.48037126,0.01788385
-0.48005126,0.01788385
-0.47973126,0.01788385
-0.47941126,0.01788385
-0.47909126,0.03570665
-0.47877126,0.00006104
-0.47845126,0.00006104
-0.47813126,0.01788385
-0.47781126,0.01788385
-0.47749126,0.01788385
-0.47717126,0.00006104
-0.47685126,0.00006104
-0.47653126,0.00006104
-0.47621126,0.01788385
-0.47589126,0.00006104
-0.47557126,0.00006104
-0.47525126,0.01788385
-0.47493126,0.01788385
-0.47461126,0.01788385
-0.47429126,0.01788385
-0.47397126,0.00006104
-0.47365126,0.00006104
-0.47333126,0.01788385
-0.47301126,0.00006104
-0.47269126,0.00006104
-0.47237126,0.01788385
-0.47205126,0.01788385
-0.47173126,0.00006104
-0.47141126,0.00006104
-0.47109126,0.00006104
-0.47077126,0.00006104
-0.47045126,0.00006104
-0.47013126,-0.01770074
-0.46981126,0.00006104
-0.46949126,0.00006104
-0.46917126,0.00006104
-0.46885126,0.00006104
-0.46853126,0.00006104
-0.46821126,0.00006104
-0.46789126,0.00006104
-0.46757126,0.00006104
-0.46725126,0.00006104
-0.46693126,0.00006104
-0.46661126,0.01788385
-0.46629126,0.01788385
-0.46597126,0.01788385
-0.46565126,0.00006104
-0.46533126,0.01788385
-0.46501126,0.01788385
-0.46469126,0.00006104
-0.46437126,0.00006104
-0.46405126,0.00006104
-0.46373126,0.00006104
-0.46341126,0.00006104
-0.46309126,0.00006104
-0.46277126,0.00006104
-0.46245126,0.01788385
-0.46213126,0.01788385
-0.46181126,0.00006104
-0.46149126,0.00006104
-0.46117126,0.01788385
-0.46085126,0.00006104
-0.46053126,0.00006104
-0.46021126,0.00006104
-0.45989126,0.00006104
-0.45957126,0.00006104
-0.45925126,0.00006104
-0.45893126,0.00006104
-0.45861126,0.00006104
-0.45829126,0.00006104
-0.45797126,-0.01770074
-0.45765126,0.00006104
-0.45733126,0.00006104
-0.45701126,0.00006104
-0.45669126,0.01788385
-0.45637126,0.00006104
-0.45605126,0.00006104
-0.45573126,0.00006104
-0.45541126,0.00006104
-0.45509126,0.00006104
-0.45477126,0.00006104
-0.45445126,0.00006104
-0.45413126,0.01788385
-0.45381126,0.00006104
-0.45349126,0.00006104
-0.45317126,0.00006104
-0.45285126,0.00006104
-0.45253126,0.00006104
-0.45221126,0.00006104
-0.45189126,0.00006104
-0.45157126,-0.01770074
-0.45125126,0.00006104
-0.45093126,0.00006104
-0.45061126,0.00006104
-0.45029126,0.00006104
-0.44997126,0.00006104
-0.44965126,0.00006104
-0.44933126,0.00006104
-0.44901126,0.00006104
-0.44869126,0.00006104
-0.44837126,0.00006104
-0.44805126,0.01788385
-0.44773126,0.00006104
-0.44741126,0.00006104
-0.44709126,0.00006104
-0.44677126,0.00006104
-0.44645126,0.00006104
-0.44613126,0.00006104
-0.44581126,0.00006104
-0.44549126,0.00006104
-0.44517126,0.00006104
-0.44485126,0.00006104
-0.44453126,0.00006104
-0.44421126,-0.01770074
-0.44389126,0.00006104
-0.44357126,-0.01770074
-0.44325126,0.00006104
-0.44293126,-0.01770074
-0.44261126,0.00006104
-0.44229126,0.00006104
-0.44197126,0.00006104
-0.44165126,0.00006104
-0.44133126,0.00006104
-0.44101126,0.00006104
-0.44069126,0.00006104
-0.44037126,0.00006104
-0.44005126,0.00006104
-0.43973126,0.00006104
-0.43941126,0.00006104
-0.43909126,0.00006104
-0.43877126,0.00006104
-0.43845126,0.00006104
-0.43813126,0.00006104
-0.43781126,0.00006104
-0.43749126,0.00006104
-0.43717126,0.00006104
-0.43685126,0.00006104
-0.43653126,0.00006104
-0.43621126,0.00006104
-0.43589126,0.00006104
-0.43557126,0.00006104
-0.43525126,0.00006104
-0.43493126,0.00006104
-0.43461126,0.00006104
-0.43429126,0.00006104
-0.43397126,0.00006104
-0.43365126,0.00006104
-0.43333126,0.00006104
-0.43301126,0.00006104
-0.43269126,0.00006104
-0.43237126,0.00006104
-0.43205126,0.00006104
-0.43173126,0.00006104
-0.43141126,0.00006104
-0.43109126,0.00006104
-0.43077126,0.00006104
-0.43045126,0.00006104
-0.43013126,0.00006104
-0.42981126,0.00006104
-0.42949126,0.00006104
-0.42917126,0.00006104
-0.42885126,0.00006104
-0.42853126,0.00006104
-0.42821126,0.00006104
-0.42789126,0.00006104
-0.42757126,0.00006104
-0.42725126,0.00006104
-0.42693126,0.00006104
-0.42661126,0.00006104
-0.42629126,0.00006104
-0.42597126,0.00006104
-0.42565126,0.00006104
-0.42533126,0.00006104
-0.42501126,0.00006104
-0.42469126,0.00006104
-0.42437126,0.00006104
-0.42405126,0.00006104
-0.42373126,0.00006104
-0.42341126,0.00006104
-0.42309126,-0.01770074
-0.42277126,0.00006104
-0.42245126,0.00006104
-0.42213126,0.00006104
-0.42181126,0.00006104
-0.42149126,0.00006104
-0.42117126,0.00006104
-0.42085126,0.00006104
-0.42053126,0.00006104
-0.42021126,0.00006104
-0.41989126,0.00006104
-0.41957126,0.00006104
-0.41925126,0.00006104
-0.41893126,0.00006104
-0.41861126,0.00006104
-0.41829126,0.00006104
-0.41797126,0.00006104
-0.41765126,0.00006104
-0.41733126,0.00006104
-0.41701126,0.00006104
-0.41669126,0.00006104
-0.41637126,0.00006104
-0.41605126,0.00006104
-0.41573126,0.00006104
-0.41541126,0.00006104
-0.41509126,0.00006104
-0.41477126,0.00006104
-0.41445126,0.00006104
-0.41413126,0.00006104
-0.41381126,0.00006104
-0.41349126,0.00006104
-0.41317126,0.00006104
-0.41285126,-0.01770074
-0.41253126,0.00006104
-0.41221126,0.00006104
-0.41189126,0.00006104
-0.41157126,0.00006104
-0.41125126,0.00006104
-0.41093126,0.00006104
-0.41061126,0.00006104
-0.41029126,0.00006104
-0.40997126,0.00006104
-0.40965126,0.00006104
-0.40933126,0.00006104
-0.40901126,0.00006104
-0.40869126,0.00006104
-0.40837126,0.00006104
-0.40805126,0.00006104
-0.40773126,0.00006104
-0.40741126,0.00006104
-0.40709126,0.00006104
-0.40677126,0.00006104
-0.40645126,0.00006104
-0.40613126,-0.01770074
-0.40581126,0.00006104
-0.40549126,0.00006104
-0.40517126,0.00006104
-0.40485126,0.00006104
-0.40453126,0.00006104
-0.40421126,0.00006104
-0.40389126,0.00006104
-0.40357126,0.00006104
-0.40325126,0.00006104
-0.40293126,0.00006104
-0.40261126,0.00006104
-0.40229126,0.00006104
-0.40197126,0.00006104
-0.40165126,0.00006104
-0.40133126,0.00006104
-0.40101126,0.00006104
-0.40069126,0.00006104
-0.40037126,-0.01770074
-0.40005126,0.00006104
-0.39973126,0.00006104
-0.39941126,0.00006104
-0.39909126,0.00006104
-0.39877126,0.00006104
-0.39845126,0.00006104
-0.39813126,0.00006104
-0.39781126,0.00006104
-0.39749126,0.00006104
-0.39717126,0.00006104
-0.39685126,0.00006104
-0.39653126,0.00006104
-0.39621126,0.00006104
-0.39589126,0.00006104
-0.39557126,0.00006104
-0.39525126,0.00006104
-0.39493126,0.00006104
-0.39461126,-0.01770074
-0.39429126,0.00006104
-0.39397126,0.00006104
-0.39365126,0.00006104
-0.39333126,0.00006104
-0.39301126,0.00006104
-0.39269126,0.00006104
-0.39237126,0.00006104
-0.39205126,0.00006104
-0.39173126,0.00006104
-0.39141126,0.00006104
-0.39109126,0.00006104
-0.39077126,0.00006104
-0.39045126,0.00006104
-0.39013126,0.00006104
-0.38981126,0.00006104
-0.38949126,0.00006104
-0.38917126,0.00006104
-0.38885126,0.00006104
-0.38853126,0.00006104
-0.38821126,0.00006104
-0.38789126,0.00006104
-0.38757126,0.00006104
-0.38725126,0.00006104
-0.38693126,0.00006104
-0.38661126,0.00006104
-0.38629126,0.00006104
-0.38597126,0.00006104
-0.38565126,0.00006104
-0.38533126,-0.01770074
-0.38501126,0.00006104
-0.38469126,0.00006104
-0.38437126,0.00006104
-0.38405126,0.00006104
-0.38373126,0.00006104
-0.38341126,0.00006104
-0.38309126,0.00006104
-0.38277126,0.00006104
-0.38245126,0.00006104
-0.38213126,0.00006104
-0.38181126,0.00006104
-0.38149126,0.00006104
-0.38117126,0.00006104
-0.38085126,0.00006104
-0.38053126,0.00006104
-0.38021126,0.00006104
-0.37989126,0.00006104
-0.37957126,0.00006104
-0.37925126,0.00006104
-0.37893126,0.00006104
-0.37861126,0.00006104
-0.37829126,0.00006104
-0.37797126,-0.01770074
-0.37765126,0.00006104
-0.37733126,0.00006104
-0.37701126,0.00006104
-0.37669126,0.00006104
-0.37637126,0.00006104
-0.37605126,0.00006104
-0.37573126,0.00006104
-0.37541126,-0.01770074
-0.37509126,0.00006104
-0.37477126,0.00006104
-0.37445126,0.00006104
-0.37413126,0.00006104
-0.37381126,0.00006104
-0.37349126,0.00006104
-0.37317126,0.00006104
-0.37285126,0.00006104
-0.37253126,-0.01770074
-0.37221126,0.00006104
-0.37189126,0.00006104
-0.37157126,0.00006104
-0.37125126,0.00006104
-0.37093126,0.00006104
-0.37061126,0.00006104
-0.37029126,0.00006104
-0.36997126,0.00006104
-0.36965126,0.00006104
-0.36933126,0.00006104
-0.36901126,0.00006104
-0.36869126,0.00006104
-0.36837126,0.00006104
-0.36805126,0.00006104
-0.36773126,0.00006104
-0.36741126,0.00006104
-0.36709126,0.00006104
-0.36677126,0.00006104
-0.36645126,0.00006104
-0.36613126,0.00006104
-0.36581126,-0.01770074
-0.36549126,0.00006104
-0.36517126,0.00006104
-0.36485126,0.00006104
-0.36453126,0.00006104
-0.36421126,0.00006104
-0.36389126,0.00006104
-0.36357126,0.00006104
-0.36325126,0.00006104
-0.36293126,0.00006104
-0.36261126,0.00006104
-0.36229126,0.00006104
-0.36197126,0.00006104
-0.36165126,0.00006104
-0.36133126,0.00006104
-0.36101126,0.00006104
-0.36069126,0.00006104
-0.36037126,0.00006104
-0.36005126,0.00006104
-0.35973126,0.00006104
-0.35941126,0.00006104
-0.35909126,0.00006104
-0.35877126,0.00006104
-0.35845126,0.00006104
-0.35813126,0.00006104
-0.35781126,0.00006104
-0.35749126,-0.01770074
-0.35717126,0.00006104
-0.35685126,0.00006104
-0.35653126,0.00006104
-0.35621126,0.00006104
-0.35589126,0.00006104
-0.35557126,0.00006104
-0.35525126,0.00006104
-0.35493126,0.00006104
-0.35461126,0.00006104
-0.35429126,0.00006104
-0.35397126,0.00006104
-0.35365126,0.00006104
-0.35333126,0.00006104
-0.35301126,0.00006104
-0.35269126,0.00006104
-0.35237126,0.00006104
-0.35205126,0.00006104
-0.35173126,-0.01770074
-0.35141126,0.00006104
-0.35109126,0.00006104
-0.35077126,-0.01770074
-0.35045126,0.00006104
-0.35013126,0.00006104
-0.34981126,0.00006104
-0.34949126,0.00006104
-0.34917126,0.00006104
-0.34885126,0.00006104
-0.34853126,0.00006104
-0.34821126,0.00006104
-0.34789126,0.00006104
-0.34757126,0.00006104
-0.34725126,0.00006104
-0.34693126,0.00006104
-0.34661126,0.00006104
-0.34629126,0.00006104
-0.34597126,0.00006104
-0.34565126,0.00006104
-0.34533126,0.00006104
-0.34501126,0.00006104
-0.34469126,0.00006104
-0.34437126,0.00006104
-0.34405126,-0.01770074
-0.34373126,0.00006104
-0.34341126,0.00006104
-0.34309126,0.00006104
-0.34277126,0.00006104
-0.34245126,0.00006104
-0.34213126,0.00006104
-0.34181126,0.00006104
-0.34149126,0.00006104
-0.34117126,0.00006104
-0.34085126,0.00006104
-0.34053126,0.00006104
-0.34021126,0.00006104
-0.33989126,0.00006104
-0.33957126,0.00006104
-0.33925126,0.00006104
-0.33893126,0.00006104
-0.33861126,0.00006104
-0.33829126,0.00006104
-0.33797126,0.00006104
-0.33765126,0.00006104
-0.33733126,0.00006104
-0.33701126,0.00006104
-0.33669126,0.00006104
-0.33637126,-0.01770074
-0.33605126,0.00006104
-0.33573126,0.00006104
-0.33541126,0.00006104
-0.33509126,0.00006104
-0.33477126,0.00006104
-0.33445126,0.00006104
-0.33413126,0.00006104
-0.33381126,0.00006104
-0.33349126,0.00006104
-0.33317126,0.00006104
-0.33285126,0.00006104
-0.33253126,0.00006104
-0.33221126,0.00006104
-0.33189126,0.00006104
-0.33157126,0.00006104
-0.33125126,0.00006104
-0.33093126,0.00006104
-0.33061126,0.00006104
-0.33029126,0.00006104
-0.32997126,0.00006104
-0.32965126,0.00006104
-0.32933126,0.00006104
-0.32901126,0.00006104
-0.32869126,0.00006104
-0.32837126,0.00006104
-0.32805126,0.00006104
-0.32773126,-0.01770074
-0.32741126,0.00006104
-0.32709126,0.00006104
-0.32677126,-0.01770074
-0.32645126,0.00006104
-0.32613126,0.00006104
-0.32581126,0.00006104
-0.32549126,0.00006104
-0.32517126,0.00006104
-0.32485126,0.00006104
-0.32453126,0.00006104
-0.32421126,0.00006104
-0.32389126,0.00006104
-0.32357126,0.00006104
-0.32325126,0.00006104
-0.32293126,-0.01770074
-0.32261126,0.00006104
-0.32229126,0.00006104
-0.32197126,0.00006104
-0.32165126,0.00006104
-0.32133126,0.00006104
-0.32101126,0.00006104
-0.32069126,0.00006104
-0.32037126,0.00006104
-0.32005126,0.00006104
-0.31973126,0.00006104
-0.31941126,0.00006104
-0.31909126,0.00006104
-0.31877126,0.00006104
-0.31845126,0.00006104
-0.31813126,0.00006104
-0.31781126,0.00006104
-0.31749126,0.00006104
-0.31717126,0.00006104
-0.31685126,0.00006104
-0.31653126,0.00006104
-0.31621126,0.00006104
-0.31589126,0.00006104
-0.31557126,0.00006104
-0.31525126,0.00006104
-0.31493126,0.00006104
-0.31461126,0.00006104
-0.31429126,-0.01770074
-0.31397126,-0.01770074
-0.31365126,0.00006104
-0.31333126,-0.01770074
-0.31301126,0.00006104
-0.31269126,0.00006104
-0.31237126,0.00006104
-0.31205126,0.00006104
-0.31173126,-0.01770074
-0.31141126,0.00006104
-0.31109126,0.00006104
-0.31077126,0.00006104
-0.31045126,0.00006104
-0.31013126,0.00006104
-0.30981126,0.00006104
-0.30949126,-0.01770074
-0.30917126,0.00006104
-0.30885126,0.00006104
-0.30853126,0.00006104
-0.30821126,0.00006104
-0.30789126,0.00006104
-0.30757126,0.00006104
-0.30725126,0.00006104
-0.30693126,0.00006104
-0.30661126,0.00006104
-0.30629126,0.00006104
-0.30597126,0.00006104
-0.30565126,0.00006104
-0.30533126,0.00006104
-0.30501126,0.00006104
-0.30469126,0.00006104
-0.30437126,0.00006104
-0.30405126,0.00006104
-0.30373126,0.00006104
-0.30341126,0.00006104
-0.30309126,0.00006104
-0.30277126,0.00006104
-0.30245126,0.00006104
-0.30213126,0.00006104
-0.30181126,0.00006104
-0.30149126,0.00006104
-0.30117126,0.00006104
-0.30085126,-0.01770074
-0.30053126,0.00006104
-0.30021126,0.00006104
-0.29989126,0.00006104
-0.29957126,0.00006104
-0.29925126,0.00006104
-0.29893126,-0.01770074
-0.29861126,0.00006104
-0.29829126,0.00006104
-0.29797126,0.00006104
-0.29765126,0.00006104
-0.29733126,0.00006104
-0.29701126,0.00006104
-0.29669126,0.00006104
-0.29637126,0.00006104
-0.29605126,0.00006104
-0.29573126,0.00006104
-0.29541126,0.00006104
-0.29509126,0.00006104
-0.29477126,0.00006104
-0.29445126,0.00006104
-0.29413126,0.00006104
-0.29381126,0.00006104
-0.29349126,0.00006104
-0.29317126,0.00006104
-0.29285126,0.00006104
-0.29253126,0.00006104
-0.29221126,0.00006104
-0.29189126,0.00006104
-0.29157126,0.00006104
-0.29125126,0.00006104
-0.29093126,-0.01770074
-0.29061126,0.00006104
-0.29029126,0.00006104
-0.28997126,0.00006104
-0.28965126,-0.01770074
-0.28933126,-0.01770074
-0.28901126,0.00006104
-0.28869126,0.00006104
-0.28837126,0.00006104
-0.28805126,0.00006104
-0.28773126,0.00006104
-0.28741126,0.00006104
-0.28709126,0.00006104
-0.28677126,0.00006104
-0.28645126,0.00006104
-0.28613126,0.00006104
-0.28581126,0.00006104
-0.28549126,0.00006104
-0.28517126,0.00006104
-0.28485126,0.00006104
-0.28453126,0.00006104
-0.28421126,0.00006104
-0.28389126,0.00006104
-0.28357126,0.00006104
-0.28325126,0.00006104
-0.28293126,0.00006104
-0.28261126,-0.01770074
-0.28229126,0.00006104
-0.28197126,0.00006104
-0.28165126,-0.01770074
-0.28133126,0.00006104
-0.28101126,0.00006104
-0.28069126,0.00006104
-0.28037126,0.00006104
-0.28005126,0.00006104
-0.27973126,0.00006104
-0.27941126,0.00006104
-0.27909126,0.00006104
-0.27877126,0.00006104
-0.27845126,0.00006104
-0.27813126,0.00006104
-0.27781126,0.00006104
-0.27749126,0.00006104
-0.27717126,0.00006104
-0.27685126,0.00006104
-0.27653126,0.00006104
-0.27621126,0.00006104
-0.27589126,0.00006104
-0.27557126,0.00006104
-0.27525126,0.00006104
-0.27493126,0.00006104
-0.27461126,0.00006104
-0.27429126,-0.01770074
-0.27397126,0.00006104
-0.27365126,0.00006104
-0.27333126,0.00006104
-0.27301126,0.00006104
-0.27269126,0.00006104
-0.27237126,0.00006104
-0.27205126,0.00006104
-0.27173126,0.00006104
-0.27141126,0.00006104
-0.27109126,0.00006104
-0.27077126,0.00006104
-0.27045126,0.00006104
-0.27013126,0.00006104
-0.26981126,0.00006104
-0.26949126,0.00006104
-0.26917126,0.00006104
-0.26885126,0.00006104
-0.26853126,0.00006104
-0.26821126,0.00006104
-0.26789126,0.00006104
-0.26757126,0.00006104
-0.26725126,-0.01770074
-0.26693126,0.00006104
-0.26661126,0.00006104
-0.26629126,0.00006104
-0.26597126,0.00006104
-0.26565126,0.00006104
-0.26533126,0.00006104
-0.26501126,0.00006104
-0.26469126,0.00006104
-0.26437126,0.00006104
-0.26405126,0.00006104
-0.26373126,0.00006104
-0.26341126,0.00006104
-0.26309126,0.00006104
-0.26277126,0.00006104
-0.26245126,0.00006104
-0.26213126,0.00006104
-0.26181126,0.00006104
-0.26149126,0.00006104
-0.26117126,0.00006104
-0.26085126,0.00006104
-0.26053126,0.00006104
-0.26021126,-0.01770074
-0.25989126,0.00006104
-0.25957126,0.00006104
-0.25925126,0.00006104
-0.25893126,0.00006104
-0.25861126,0.00006104
-0.25829126,0.00006104
-0.25797126,0.00006104
-0.25765126,0.00006104
-0.25733126,0.00006104
-0.25701126,0.00006104
-0.25669126,0.00006104
-0.25637126,0.00006104
-0.25605126,0.00006104
-0.25573126,0.00006104
-0.25541126,0.00006104
-0.25509126,0.00006104
-0.25477126,0.00006104
-0.25445126,0.00006104
-0.25413126,0.00006104
-0.25381126,0.00006104
-0.25349126,0.00006104
-0.25317126,0.00006104
-0.25285126,0.00006104
-0.25253126,0.00006104
-0.25221126,0.00006104
-0.25189126,0.00006104
-0.25157126,0.00006104
-0.25125126,0.00006104
-0.25093126,0.00006104
-0.25061126,0.00006104
-0.25029126,0.00006104
-0.24997126,0.00006104
-0.24965126,0.00006104
-0.24933126,0.00006104
-0.24901126,0.00006104
-0.24869126,0.00006104
-0.24837126,0.00006104
-0.24805126,0.00006104
-0.24773126,0.00006104
-0.24741126,0.00006104
-0.24709126,0.00006104
-0.24677126,0.00006104
-0.24645126,0.00006104
-0.24613126,0.00006104
-0.24581126,0.00006104
-0.24549126,0.00006104
-0.24517126,0.00006104
-0.24485126,0.00006104
-0.24453126,0.00006104
-0.24421126,0.00006104
-0.24389126,0.00006104
-0.24357126,0.00006104
-0.24325126,0.00006104
-0.24293126,0.00006104
-0.24261126,0.00006104
-0.24229126,0.00006104
-0.24197126,0.00006104
-0.24165126,-0.01770074
-0.24133126,0.00006104
-0.24101126,0.00006104
-0.24069126,0.00006104
-0.24037126,0.00006104
-0.24005126,0.00006104
-0.23973126,0.00006104
-0.23941126,0.00006104
-0.23909126,0.00006104
-0.23877126,0.00006104
-0.23845126,0.00006104
-0.23813126,0.00006104
-0.23781126,0.00006104
-0.23749126,0.00006104
-0.23717126,0.00006104
-0.23685126,0.00006104
-0.23653126,0.00006104
-0.23621126,0.00006104
-0.23589126,0.00006104
-0.23557126,0.00006104
-0.23525126,0.00006104
-0.23493126,0.00006104
-0.23461126,0.00006104
-0.23429126,0.00006104
-0.23397126,-0.01770074
-0.23365126,-0.01770074
-0.23333126,0.00006104
-0.23301126,0.00006104
-0.23269126,0.00006104
-0.23237126,0.00006104
-0.23205126,0.00006104
-0.23173126,0.00006104
-0.23141126,0.00006104
-0.23109126,0.00006104
-0.23077126,0.00006104
-0.23045126,0.00006104
-0.23013126,0.00006104
-0.22981126,0.00006104
-0.22949126,0.00006104
-0.22917126,0.00006104
-0.22885126,0.00006104
-0.22853126,0.00006104
-0.22821126,0.00006104
-0.22789126,0.00006104
-0.22757126,0.00006104
-0.22725126,0.00006104
-0.22693126,0.00006104
-0.22661126,0.00006104
-0.22629126,0.00006104
-0.22597126,0.00006104
-0.22565126,0.00006104
-0.22533126,0.00006104
-0.22501126,0.00006104
-0.22469126,0.00006104
-0.22437126,0.00006104
-0.22405126,0.00006104
-0.22373126,0.00006104
-0.22341126,0.00006104
-0.22309126,0.00006104
-0.22277126,0.00006104
-0.22245126,0.00006104
-0.22213126,0.00006104
-0.22181126,0.00006104
-0.22149126,0.00006104
-0.22117126,0.00006104
-0.22085126,0.00006104
-0.22053126,0.00006104
-0.22021126,0.00006104
-0.21989126,0.00006104
-0.21957126,0.00006104
-0.21925126,0.00006104
-0.21893126,0.00006104
-0.21861126,0.00006104
-0.21829126,0.00006104
-0.21797126,0.00006104
-0.21765126,0.00006104
-0.21733126,0.00006104
-0.21701126,0.00006104
-0.21669126,0.00006104
-0.21637126,0.00006104
-0.21605126,0.00006104
-0.21573126,0.00006104
-0.21541126,0.00006104
-0.21509126,0.00006104
-0.21477126,0.00006104
-0.21445126,0.00006104
-0.21413126,0.00006104
-0.21381126,0.00006104
-0.21349126,0.00006104
-0.21317126,0.00006104
-0.21285126,0.00006104
-0.21253126,0.00006104
-0.21221126,0.00006104
-0.21189126,0.00006104
-0.21157126,0.00006104
-0.21125126,0.00006104
-0.21093126,0.00006104
-0.21061126,0.00006104
-0.21029126,0.00006104
-0.20997126,-0.01770074
-0.20965126,-0.01770074
-0.20933126,0.00006104
-0.20901126,0.00006104
-0.20869126,0.00006104
-0.20837126,0.00006104
-0.20805126,0.00006104
-0.20773126,0.00006104
-0.20741126,0.00006104
-0.20709126,0.00006104
-0.20677126,0.00006104
-0.20645126,0.00006104
-0.20613126,0.00006104
-0.20581126,0.00006104
-0.20549126,0.00006104
-0.20517126,0.00006104
-0.20485126,0.00006104
-0.20453126,0.00006104
-0.20421126,0.00006104
-0.20389126,0.00006104
-0.20357126,0.00006104
-0.20325126,0.00006104
-0.20293126,0.00006104
-0.20261126,-0.01770074
-0.20229126,0.00006104
-0.20197126,0.00006104
-0.20165126,0.00006104
-0.20133126,0.00006104
-0.20101126,-0.01770074
-0.20069126,0.00006104
-0.20037126,0.00006104
-0.20005126,0.00006104
-0.19973126,0.00006104
-0.19941126,0.00006104
-0.19909126,0.00006104
-0.19877126,0.00006104
-0.19845126,0.00006104
-0.19813126,0.00006104
-0.19781126,0.00006104
-0.19749126,0.00006104
-0.19717126,0.00006104
-0.19685126,0.00006104
-0.19653126,0.00006104
-0.19621126,0.00006104
-0.19589126,0.00006104
-0.19557126,0.00006104
-0.19525126,0.00006104
-0.19493126,0.00006104
-0.19461126,0.00006104
-0.19429126,0.00006104
-0.19397126,0.00006104
-0.19365126,0.00006104
-0.19333126,0.00006104
-0.19301126,0.00006104
-0.19269126,0.00006104
-0.19237126,0.00006104
-0.19205126,0.00006104
-0.19173126,0.00006104
-0.19141126,-0.01770074
-0.19109126,0.00006104
-0.19077126,0.00006104
-0.19045126,0.00006104
-0.19013126,0.00006104
-0.18981126,0.00006104
-0.18949126,0.00006104
-0.18917126,0.00006104
-0.18885126,0.00006104
-0.18853126,0.00006104
-0.18821126,0.00006104
-0.18789126,0.00006104
-0.18757126,0.00006104
-0.18725126,0.00006104
-0.18693126,0.00006104
-0.18661126,0.00006104
-0.18629126,0.00006104
-0.18597126,0.00006104
-0.18565126,0.00006104
-0.18533126,0.00006104
-0.18501126,0.00006104
-0.18469126,0.00006104
-0.18437126,0.00006104
-0.18405126,0.00006104
-0.18373126,0.00006104
-0.18341126,-0.01770074
-0.18309126,0.00006104
-0.18277126,-0.01770074
-0.18245126,0.00006104
-0.18213126,0.00006104
-0.18181126,0.00006104
-0.18149126,0.00006104
-0.18117126,0.00006104
-0.18085126,0.00006104
-0.18053126,0.00006104
-0.18021126,0.00006104
-0.17989126,0.00006104
-0.17957126,0.00006104
-0.17925126,0.00006104
-0.17893126,0.00006104
-0.17861126,0.00006104
-0.17829126,0.00006104
-0.17797126,0.00006104
-0.17765126,0.00006104
-0.17733126,0.00006104
-0.17701126,0.00006104
-0.17669126,0.00006104
-0.17637126,0.00006104
-0.17605126,0.00006104
-0.17573126,0.00006104
-0.17541126,0.00006104
-0.17509126,0.00006104
-0.17477126,0.00006104
-0.17445126,0.00006104
-0.17413126,0.00006104
-0.17381126,0.00006104
-0.17349126,0.00006104
-0.17317126,0.00006104
-0.17285126,0.00006104
-0.17253126,0.00006104
-0.17221126,0.00006104
-0.17189126,0.00006104
-0.17157126,0.00006104
-0.17125126,0.00006104
-0.17093126,0.00006104
-0.17061126,0.00006104
-0.17029126,0.00006104
-0.16997126,0.00006104
-0.16965126,0.00006104
-0.16933126,0.00006104
-0.16901126,0.00006104
-0.16869126,0.00006104
-0.16837126,0.00006104
-0.16805126,0.00006104
-0.16773126,0.00006104
-0.16741126,0.00006104
-0.16709126,0.00006104
-0.16677126,0.00006104
-0.16645126,0.00006104
-0.16613126,0.00006104
-0.16581126,0.00006104
-0.16549126,0.00006104
-0.16517126,0.00006104
-0.16485126,0.00006104
-0.16453126,0.00006104
-0.16421126,-0.01770074
-0.16389126,0.00006104
-0.16357126,0.00006104
-0.16325126,0.00006104
-0.16293126,0.00006104
-0.16261126,0.00006104
-0.16229126,0.00006104
-0.16197126,-0.01770074
-0.16165126,0.00006104
-0.16133126,0.00006104
-0.16101126,0.00006104
-0.16069126,0.00006104
-0.16037126,0.00006104
-0.16005126,0.00006104
-0.15973126,0.00006104
-0.15941126,0.00006104
-0.15909126,0.00006104
-0.15877126,0.00006104
-0.15845126,0.00006104
-0.15813126,0.00006104
-0.15781126,0.00006104
-0.15749126,0.00006104
-0.15717126,0.00006104
-0.15685126,0.00006104
-0.15653126,-0.01770074
-0.15621126,0.00006104
-0.15589126,0.00006104
-0.15557126,0.00006104
-0.15525126,0.00006104
-0.15493126,0.00006104
-0.15461126,0.00006104
-0.15429126,0.00006104
-0.15397126,0.00006104
-0.15365126,-0.01770074
-0.15333126,0.00006104
-0.15301126,0.00006104
-0.15269126,0.00006104
-0.15237126,0.00006104
-0.15205126,0.00006104
-0.15173126,0.00006104
-0.15141126,0.00006104
-0.15109126,0.00006104
-0.15077126,0.00006104
-0.15045126,0.00006104
-0.15013126,0.00006104
-0.14981126,0.00006104
-0.14949126,0.00006104
-0.14917126,0.00006104
-0.14885126,0.00006104
-0.14853126,0.00006104
-0.14821126,0.00006104
-0.14789126,0.00006104
-0.14757126,0.00006104
-0.14725126,0.00006104
-0.14693126,0.00006104
-0.14661126,0.00006104
-0.14629126,0.00006104
-0.14597126,0.00006104
-0.14565126,0.00006104
-0.14533126,0.00006104
-0.14501126,0.00006104
-0.14469126,0.00006104
-0.14437126,0.00006104
-0.14405126,0.00006104
-0.14373126,0.00006104
-0.14341126,0.00006104
-0.14309126,0.00006104
-0.14277126,0.00006104
-0.14245126,0.00006104
-0.14213126,0.00006104
-0.14181126,0.00006104
-0.14149126,0.00006104
-0.14117126,0.00006104
-0.14085126,0.00006104
-0.14053126,0.00006104
-0.14021126,0.00006104
-0.13989126,0.00006104
-0.13957126,0.00006104
-0.13925126,0.00006104
-0.13893126,0.00006104
-0.13861126,0.00006104
-0.13829126,0.00006104
-0.13797126,0.00006104
-0.13765126,0.00006104
-0.13733126,0.00006104
-0.13701126,0.00006104
-0.13669126,0.00006104
-0.13637126,0.00006104
-0.13605126,0.00006104
-0.13573126,0.00006104
-0.13541126,0.00006104
-0.13509126,0.00006104
-0.13477126,0.00006104
-0.13445126,0.00006104
-0.13413126,0.00006104
-0.13381126,0.00006104
-0.13349126,0.00006104
-0.13317126,0.00006104
-0.13285126,0.00006104
-0.13253126,0.00006104
-0.13221126,0.00006104
-0.13189126,0.00006104
-0.13157126,0.00006104
-0.13125126,0.00006104
-0.13093126,0.00006104
-0.13061126,0.00006104
-0.13029126,0.00006104
-0.12997126,0.00006104
-0.12965126,0.00006104
-0.12933126,0.00006104
-0.12901126,0.00006104
-0.12869126,0.00006104
-0.12837126,0.00006104
-0.12805126,0.00006104
-0.12773126,0.00006104
-0.12741126,0.00006104
-0.12709126,-0.01770074
-0.12677126,0.00006104
-0.12645126,0.00006104
-0.12613126,0.00006104
-0.12581126,0.00006104
-0.12549126,0.00006104
-0.12517126,0.00006104
-0.12485126,0.00006104
-0.12453126,0.00006104
-0.12421126,0.00006104
-0.12389126,0.00006104
-0.12357126,0.00006104
-0.12325126,0.00006104
-0.12293126,0.00006104
-0.12261126,0.00006104
-0.12229126,0.00006104
-0.12197126,0.00006104
-0.12165126,0.00006104
-0.12133126,0.00006104
-0.12101126,0.00006104
-0.12069126,0.00006104
-0.12037126,0.00006104
-0.12005126,0.00006104
-0.11973126,0.00006104
-0.11941126,0.00006104
-0.11909126,0.00006104
-0.11877126,0.00006104
-0.11845126,0.00006104
-0.11813126,0.00006104
-0.11781126,0.00006104
-0.11749126,0.00006104
-0.11717126,0.00006104
-0.11685126,0.00006104
-0.11653126,0.00006104
-0.11621126,0.00006104
-0.11589126,0.00006104
-0.11557126,0.00006104
-0.11525126,0.00006104
-0.11493126,0.00006104
-0.11461126,-0.01770074
-0.11429126,0.00006104
-0.11397126,0.00006104
-0.11365126,0.00006104
-0.11333126,0.00006104
-0.11301126,0.00006104
-0.11269126,0.00006104
-0.11237126,0.00006104
-0.11205126,0.00006104
-0.11173126,0.00006104
-0.11141126,0.00006104
-0.11109126,0.00006104
-0.11077126,0.00006104
-0.11045126,-0.01770074
-0.11013126,0.00006104
-0.10981126,0.00006104
-0.10949126,0.00006104
-0.10917126,0.00006104
-0.10885126,0.00006104
-0.10853126,0.00006104
-0.10821126,0.00006104
-0.10789126,0.00006104
-0.10757126,0.00006104
-0.10725126,0.00006104
-0.10693126,0.00006104
-0.10661126,0.00006104
-0.10629126,0.00006104
-0.10597126,0.00006104
-0.10565126,0.00006104
-0.10533126,-0.01770074
-0.10501126,0.00006104
-0.10469126,0.00006104
-0.10437126,0.00006104
-0.10405126,0.00006104
-0.10373126,0.00006104
-0.10341126,0.00006104
-0.10309126,0.00006104
-0.10277126,0.00006104
-0.10245126,0.00006104
-0.10213126,0.00006104
-0.10181126,0.00006104
-0.10149126,0.00006104
-0.10117126,0.00006104
-0.10085126,0.00006104
-0.10053126,0.00006104
-0.10021126,0.00006104
-0.09989126,0.00006104
-0.09957126,0.00006104
-0.09925126,0.00006104
-0.09893126,0.00006104
-0.09861126,0.00006104
-0.09829126,0.00006104
-0.09797126,0.00006104
-0.09765126,0.00006104
-0.09733126,0.00006104
-0.09701126,0.00006104
-0.09669126,0.00006104
-0.09637126,0.00006104
-0.09605126,0.00006104
-0.09573126,0.00006104
-0.09541126,0.00006104
-0.09509126,0.00006104
-0.09477126,0.00006104
-0.09445126,0.00006104
-0.09413126,0.00006104
-0.09381126,0.00006104
-0.09349126,0.00006104
-0.09317126,0.00006104
-0.09285126,0.00006104
-0.09253126,0.00006104
-0.09221126,0.00006104
-0.09189126,0.00006104
-0.09157126,0.00006104
-0.09125126,0.00006104
-0.09093126,0.00006104
-0.09061126,0.00006104
-0.09029126,0.00006104
-0.08997126,0.00006104
-0.08965126,0.00006104
-0.08933126,0.00006104
-0.08901126,0.00006104
-0.08869126,0.00006104
-0.08837126,0.00006104
-0.08805126,0.00006104
-0.08773126,0.00006104
-0.08741126,0.00006104
-0.08709126,0.00006104
-0.08677126,0.00006104
-0.08645126,0.00006104
-0.08613126,0.00006104
-0.08581126,0.00006104
-0.08549126,0.00006104
-0.08517126,0.00006104
-0.08485126,0.00006104
-0.08453126,0.00006104
-0.08421126,0.00006104
-0.08389126,0.00006104
-0.08357126,0.00006104
-0.08325126,0.00006104
-0.08293126,0.00006104
-0.08261126,0.00006104
-0.08229126,0.00006104
-0.08197126,0.00006104
-0.08165126,0.00006104
-0.08133126,0.00006104
-0.08101126,0.00006104
-0.08069126,0.00006104
-0.08037126,0.00006104
-0.08005126,0.00006104
-0.07973126,0.00006104
-0.07941126,0.00006104
-0.07909126,0.00006104
-0.07877126,0.00006104
-0.07845126,0.00006104
-0.07813126,0.00006104
-0.07781126,0.00006104
-0.07749126,0.00006104
-0.07717126,0.00006104
-0.07685126,0.00006104
-0.07653126,0.00006104
-0.07621126,0.00006104
-0.07589126,0.00006104
-0.07557126,0.00006104
-0.07525126,0.00006104
-0.07493126,0.00006104
-0.07461126,0.00006104
-0.07429126,-0.01770074
-0.07397126,0.00006104
-0.07365126,0.00006104
-0.07333126,0.00006104
-0.07301126,0.00006104
-0.07269126,0.00006104
-0.07237126,0.00006104
-0.07205126,0.00006104
-0.07173126,0.00006104
-0.07141126,0.00006104
-0.07109126,0.00006104
-0.07077126,0.00006104
-0.07045126,0.00006104
-0.07013126,-0.01770074
-0.06981126,0.00006104
-0.06949126,0.00006104
-0.06917126,0.00006104
-0.06885126,0.00006104
-0.06853126,0.00006104
-0.06821126,0.00006104
-0.06789126,0.00006104
-0.06757126,0.00006104
-0.06725126,0.00006104
-0.06693126,0.00006104
-0.06661126,0.00006104
-0.06629126,0.00006104
-0.06597126,0.00006104
-0.06565126,0.00006104
-0.06533126,0.00006104
-0.06501126,0.00006104
-0.06469126,0.00006104
-0.06437126,0.00006104
-0.06405126,0.00006104
-0.06373126,0.00006104
-0.06341126,0.00006104
-0.06309126,0.00006104
-0.06277126,0.00006104
-0.06245126,0.00006104
-0.06213126,0.00006104
-0.06181126,0.00006104
-0.06149126,0.00006104
-0.06117126,-0.01770074
-0.06085126,0.00006104
-0.06053126,0.00006104
-0.06021126,0.00006104
-0.05989126,0.00006104
-0.05957126,0.00006104
-0.05925126,0.00006104
-0.05893126,0.00006104
-0.05861126,0.00006104
-0.05829126,0.00006104
-0.05797126,0.00006104
-0.05765126,0.00006104
-0.05733126,0.00006104
-0.05701126,0.00006104
-0.05669126,0.00006104
-0.05637126,0.00006104
-0.05605126,-0.01770074
-0.05573126,0.00006104
-0.05541126,-0.01770074
-0.05509126,0.00006104
-0.05477126,0.00006104
-0.05445126,0.00006104
-0.05413126,0.00006104
-0.05381126,0.00006104
-0.05349126,0.00006104
-0.05317126,0.00006104
-0.05285126,0.00006104
-0.05253126,0.00006104
-0.05221126,0.00006104
-0.05189126,0.00006104
-0.05157126,0.00006104
-0.05125126,0.00006104
-0.05093126,0.00006104
-0.05061126,0.00006104
-0.05029126,0.00006104
-0.04997126,0.00006104
-0.04965126,-0.01770074
-0.04933126,0.00006104
-0.04901126,0.00006104
-0.04869126,0.00006104
-0.04837126,0.00006104
-0.04805126,0.00006104
-0.04773126,0.00006104
-0.04741126,0.00006104
-0.04709126,0.00006104
-0.04677126,0.00006104
-0.04645126,0.00006104
-0.04613126,0.00006104
-0.04581126,0.00006104
-0.04549126,0.00006104
-0.04517126,0.00006104
-0.04485126,0.00006104
-0.04453126,0.00006104
-0.04421126,0.00006104
-0.04389126,0.00006104
-0.04357126,0.00006104
-0.04325126,0.00006104
-0.04293126,0.00006104
-0.04261126,0.00006104
-0.04229126,0.00006104
-0.04197126,0.00006104
-0.04165126,0.00006104
-0.04133126,0.00006104
-0.04101126,0.00006104
-0.04069126,0.00006104
-0.04037126,0.00006104
-0.04005126,0.00006104
-0.03973126,0.00006104
-0.03941126,0.00006104
-0.03909126,0.00006104
-0.03877126,0.00006104
-0.03845126,0.00006104
-0.03813126,0.00006104
-0.03781126,0.00006104
-0.03749126,0.00006104
-0.03717126,0.00006104
-0.03685126,0.00006104
-0.03653126,0.00006104
-0.03621126,0.00006104
-0.03589126,0.00006104
-0.03557126,0.00006104
-0.03525126,0.00006104
-0.03493126,0.00006104
-0.03461126,0.00006104
-0.03429126,0.00006104
-0.03397126,0.00006104
-0.03365126,0.00006104
-0.03333126,0.00006104
-0.03301126,0.00006104
-0.03269126,0.00006104
-0.03237126,0.00006104
-0.03205126,0.00006104
-0.03173126,0.00006104
-0.03141126,0.00006104
-0.03109126,0.00006104
-0.03077126,0.00006104
-0.03045126,0.00006104
-0.03013126,0.00006104
-0.02981126,0.00006104
-0.02949126,0.00006104
-0.02917126,0.00006104
-0.02885126,0.00006104
-0.02853126,0.00006104
-0.02821126,0.00006104
-0.02789126,0.00006104
-0.02757126,-0.01770074
-0.02725126,0.00006104
-0.02693126,0.00006104
-0.02661126,0.00006104
-0.02629126,0.00006104
-0.02597126,0.00006104
-0.02565126,-0.01770074
-0.02533126,0.00006104
-0.02501126,0.00006104
-0.02469126,0.00006104
-0.02437126,0.00006104
-0.02405126,0.00006104
-0.02373126,0.00006104
-0.02341126,0.00006104
-0.02309126,0.00006104
-0.02277126,0.00006104
-0.02245126,0.00006104
-0.02213126,0.00006104
-0.02181126,0.00006104
-0.02149126,0.00006104
-0.02117126,0.00006104
-0.02085126,0.00006104
-0.02053126,0.00006104
-0.02021126,0.00006104
-0.01989126,0.00006104
-0.01957126,0.00006104
-0.01925126,0.00006104
-0.01893126,-0.01770074
-0.01861126,0.00006104
-0.01829126,0.00006104
-0.01797126,0.00006104
-0.01765126,0.00006104
-0.01733126,0.00006104
-0.01701126,-0.01770074
-0.01669126,0.00006104
-0.01637126,0.00006104
-0.01605126,0.00006104
-0.01573126,0.00006104
-0.01541126,0.00006104
-0.01509126,0.00006104
-0.01477126,0.00006104
-0.01445126,0.00006104
-0.01413126,-0.01770074
-0.01381126,0.00006104
-0.01349126,0.00006104
-0.01317126,0.00006104
-0.01285126,0.00006104
-0.01253126,0.00006104
-0.01221126,0.00006104
-0.01189126,0.00006104
-0.01157126,0.00006104
-0.01125126,0.00006104
-0.01093126,0.00006104
-0.01061126,0.00006104
-0.01029126,0.00006104
-0.00997126,0.00006104
-0.00965126,0.00006104
-0.00933126,0.00006104
-0.00901126,0.00006104
-0.00869126,0.00006104
-0.00837126,0.00006104
-0.00805126,0.00006104
-0.00773126,0.00006104
-0.00741126,0.00006104
-0.00709126,0.00006104
-0.00677126,0.00006104
-0.00645126,0.00006104
-0.00613126,0.00006104
-0.00581126,0.00006104
-0.00549126,0.00006104
-0.00517126,0.00006104
-0.00485126,0.00006104
-0.00453126,0.00006104
-0.00421126,0.00006104
-0.00389126,0.00006104
-0.00357126,0.00006104
-0.00325126,0.00006104
-0.00293126,-0.01770074
-0.00261126,0.00006104
-0.00229126,0.00006104
-0.00197126,0.00006104
-0.00165126,1.97589040
-0.00133126,1.47752309
-0.00101126,-0.53395182
-0.00069126,-0.58735925
-0.00037126,-0.21350749
-0.00005126,-0.01770074
0.00026874,0.01788385
0.00058874,0.00006104
0.00090874,-0.01770074
0.00122874,-0.03552354
0.00154874,-0.24915311
0.00186874,-0.97897273
0.00218874,-∞
0.00250874,-0.62294382
0.00282874,-0.23133031
0.00314874,-0.03552354
0.00346874,-0.01770074
0.00378874,0.03570665
0.00410874,0.03570665
0.00442874,0.01788385
0.00474874,0.01788385
0.00506874,0.01788385
0.00538874,0.01788385
0.00570874,0.03570665
0.00602874,0.03570665
0.00634874,0.03570665
0.00666874,0.03570665
0.00698874,0.01788385
0.00730874,0.00006104
0.00762874,0.01788385
0.00794874,0.01788385
0.00826874,0.01788385
0.00858874,0.05346843
0.00890874,0.05346843
0.00922874,0.07129124
0.00954874,0.07129124
0.00986874,0.05346843
0.01018874,0.05346843
0.01050874,0.05346843
0.01082874,0.03570665
0.01114874,0.07129124
0.01146874,0.08911405
0.01178874,0.07129124
0.01210874,0.03570665
0.01242874,0.03570665
0.01274874,0.03570665
0.01306874,0.03570665
0.01338874,0.00006104
0.01370874,-0.01770074
0.01402874,-0.03552354
0.01434874,-0.01770074
0.01466874,0.01788385
0.01498874,0.00006104
0.01530874,0.00006104
0.01562874,0.05346843
0.01594874,-0.01770074
0.01626874,-0.01770074
0.01658874,0.01788385
0.01690874,-0.01770074
0.01722874,0.01788385
0.01754874,0.03570665
0.01786874,0.00006104
0.01818874,0.03570665
0.01850874,0.03570665
0.01882874,0.03570665
0.01914874,0.00006104
0.01946874,0.01788385
0.01978874,0.01788385
0.02010874,0.01788385
0.02042874,0.01788385
0.02074874,0.03570665
0.02106874,0.00006104
0.02138874,0.00006104
0.02170874,0.01788385
0.02202874,0.01788385
0.02234874,0.01788385
0.02266874,0.01788385
0.02298874,-0.01770074
0.02330874,0.00006104
0.02362874,0.01788385
0.02394874,0.00006104
0.02426874,0.00006104
0.02458874,0.01788385
0.02490874,0.01788385
0.02522874,0.01788385
0.02554874,0.01788385
0.02586874,0.00006104
0.02618874,0.01788385
0.02650874,0.01788385
0.02682874,0.00006104
0.02714874,0.00006104
0.02746874,0.03570665
0.02778874,0.01788385
0.02810874,0.00006104
0.02842874,0.00006104
0.02874874,0.00006104
0.02906874,0.00006104
0.02938874,0.00006104
0.02970874,-0.01770074
0.03002874,0.00006104
0.03034874,0.00006104
0.03066874,0.00006104
0.03098874,0.00006104
0.03130874,0.00006104
0.03162874,0.00006104
0.03194874,0.01788385
0.03226874,0.01788385
0.03258874,0.00006104
0.03290874,0.01788385
0.03322874,0.01788385
0.03354874,0.00006104
0.03386874,0.01788385
0.03418874,0.00006104
0.03450874,0.00006104
0.03482874,0.00006104
0.03514874,0.00006104
0.03546874,0.00006104
0.03578874,0.00006104
0.03610874,0.00006104
0.03642874,0.00006104
0.03674874,0.00006104
0.03706874,0.00006104
0.03738874,0.00006104
0.03770874,0.00006104
0.03802874,0.00006104
0.03834874,0.00006104
0.03866874,0.00006104
0.03898874,0.00006104
0.03930874,0.00006104
0.03962874,0.00006104
0.03994874,0.00006104
0.04026874,0.00006104
0.04058874,0.00006104
0.04090874,0.00006104
0.04122874,0.00006104
0.04154874,0.00006104
0.04186874,0.00006104
0.04218874,0.00006104
0.04250874,0.00006104
0.04282874,0.00006104
0.04314874,0.00006104
0.04346874,0.00006104
0.04378874,0.00006104
0.04410874,0.01788385
0.04442874,0.01788385
0.04474874,0.00006104
0.04506874,0.00006104
0.04538874,0.00006104
0.04570874,0.00006104
0.04602874,0.00006104
0.04634874,0.00006104
0.04666874,0.00006104
0.04698874,0.00006104
0.04730874,-0.01770074
0.04762874,-0.01770074
0.04794874,0.00006104
0.04826874,0.00006104
0.04858874,0.00006104
0.04890874,0.00006104
0.04922874,0.00006104
0.04954874,0.00006104
0.04986874,0.00006104
0.05018874,0.00006104
0.05050874,0.00006104
0.05082874,0.00006104
0.05114874,0.00006104
0.05146874,0.00006104
0.05178874,0.01788385
0.05210874,0.00006104
0.05242874,0.00006104
0.05274874,0.00006104
0.05306874,0.00006104
0.05338874,0.00006104
0.05370874,0.00006104
0.05402874,0.00006104
0.05434874,0.00006104
0.05466874,0.00006104
0.05498874,0.00006104
0.05530874,0.00006104
0.05562874,0.00006104
0.05594874,0.00006104
0.05626874,0.00006104
0.05658874,0.00006104
0.05690874,0.00006104
0.05722874,0.00006104
0.05754874,0.00006104
0.05786874,0.00006104
0.05818874,0.00006104
0.05850874,0.00006104
0.05882874,0.00006104
0.05914874,0.00006104
0.05946874,0.01788385
0.05978874,0.00006104
0.06010874,0.00006104
0.06042874,0.00006104
0.06074874,0.00006104
0.06106874,0.00006104
0.06138874,0.00006104
0.06170874,0.00006104
0.06202874,0.00006104
0.06234874,0.00006104
0.06266874,0.00006104
0.06298874,0.00006104
0.06330874,0.00006104
0.06362874,0.00006104
0.06394874,0.00006104
0.06426874,0.00006104
0.06458874,0.00006104
0.06490874,0.00006104
0.06522874,0.00006104
0.06554874,0.00006104
0.06586874,0.00006104
0.06618874,0.00006104
0.06650874,0.00006104
0.06682874,0.00006104
0.06714874,0.00006104
0.06746874,0.00006104
0.06778874,0.00006104
0.06810874,0.00006104
0.06842874,0.00006104
0.06874874,0.00006104
0.06906874,0.00006104
0.06938874,0.00006104
0.06970874,0.00006104
0.07002874,0.00006104
0.07034874,0.00006104
0.07066874,0.00006104
0.07098874,0.00006104
0.07130874,0.00006104
0.07162874,0.00006104
0.07194874,-0.01770074
0.07226874,0.00006104
0.07258874,0.00006104
0.07290874,0.00006104
0.07322874,0.00006104
0.07354874,0.00006104
0.07386874,0.00006104
0.07418874,0.00006104
0.07450874,0.00006104
0.07482874,0.00006104
0.07514874,0.00006104
0.07546874,0.00006104
0.07578874,0.00006104
0.07610874,0.00006104
0.07642874,0.00006104
0.07674874,0.00006104
0.07706874,0.00006104
0.07738874,0.00006104
0.07770874,0.00006104
0.07802874,0.00006104
0.07834874,0.00006104
0.07866874,0.00006104
0.07898874,0.00006104
0.07930874,0.00006104
0.07962874,0.00006104
0.07994874,0.00006104
0.08026874,0.00006104
0.08058874,0.00006104
0.08090874,0.00006104
0.08122874,0.00006104
0.08154874,0.00006104
0.08186874,0.00006104
0.08218874,0.00006104
0.08250874,0.00006104
0.08282874,0.00006104
0.08314874,0.00006104
0.08346874,0.00006104
0.08378874,0.00006104
0.08410874,0.00006104
0.08442874,0.00006104
0.08474874,0.00006104
0.08506874,0.00006104
0.08538874,0.00006104
0.08570874,0.00006104
0.08602874,0.00006104
0.08634874,0.00006104
0.08666874,0.00006104
0.08698874,0.00006104
0.08730874,0.00006104
0.08762874,0.00006104
0.08794874,0.00006104
0.08826874,0.00006104
0.08858874,0.00006104
0.08890874,0.00006104
0.08922874,0.00006104
0.08954874,0.00006104
0.08986874,0.00006104
0.09018874,0.00006104
0.09050874,0.00006104
0.09082874,0.00006104
0.09114874,0.00006104
0.09146874,0.00006104
0.09178874,0.00006104
0.09210874,0.00006104
0.09242874,0.00006104
0.09274874,0.00006104
0.09306874,0.00006104
0.09338874,0.00006104
0.09370874,0.00006104
0.09402874,0.00006104
0.09434874,0.00006104
0.09466874,0.00006104
0.09498874,0.00006104
0.09530874,0.00006104
0.09562874,0.00006104
0.09594874,0.00006104
0.09626874,0.00006104
0.09658874,0.00006104
0.09690874,0.00006104
0.09722874,0.00006104
0.09754874,0.00006104
0.09786874,0.00006104
0.09818874,0.00006104
0.09850874,0.00006104
0.09882874,0.00006104
0.09914874,0.00006104
0.09946874,0.00006104
0.09978874,0.00006104
0.10010874,0.00006104
0.10042874,0.00006104
0.10074874,0.00006104
0.10106874,0.00006104
0.10138874,0.00006104
0.10170874,0.00006104
0.10202874,0.00006104
0.10234874,0.00006104
0.10266874,0.00006104
0.10298874,0.00006104
0.10330874,0.00006104
0.10362874,0.00006104
0.10394874,0.00006104
0.10426874,0.00006104
0.10458874,0.00006104
0.10490874,0.00006104
0.10522874,0.00006104
0.10554874,0.00006104
0.10586874,0.00006104
0.10618874,0.00006104
0.10650874,0.00006104
0.10682874,0.00006104
0.10714874,0.00006104
0.10746874,0.00006104
0.10778874,0.00006104
0.10810874,0.00006104
0.10842874,0.00006104
0.10874874,0.00006104
0.10906874,0.00006104
0.10938874,0.00006104
0.10970874,0.00006104
0.11002874,0.00006104
0.11034874,0.00006104
0.11066874,0.00006104
0.11098874,0.00006104
0.11130874,0.00006104
0.11162874,0.00006104
0.11194874,0.00006104
0.11226874,0.00006104
0.11258874,0.00006104
0.11290874,0.00006104
0.11322874,0.00006104
0.11354874,0.00006104
0.11386874,0.00006104
0.11418874,0.00006104
0.11450874,0.00006104
0.11482874,0.00006104
0.11514874,0.00006104
0.11546874,0.00006104
0.11578874,0.00006104
0.11610874,0.00006104
0.11642874,0.00006104
0.11674874,0.00006104
0.11706874,0.00006104
0.11738874,0.00006104
0.11770874,0.00006104
0.11802874,0.00006104
0.11834874,0.00006104
0.11866874,0.00006104
0.11898874,0.00006104
0.11930874,0.00006104
0.11962874,0.00006104
0.11994874,0.00006104
0.12026874,0.00006104
0.12058874,0.00006104
0.12090874,0.00006104
0.12122874,0.00006104
0.12154874,0.00006104
0.12186874,0.00006104
0.12218874,0.00006104
0.12250874,-0.01770074
0.12282874,0.00006104
0.12314874,0.00006104
0.12346874,0.00006104
0.12378874,0.00006104
0.12410874,0.00006104
0.12442874,0.00006104
0.12474874,0.00006104
0.12506874,0.00006104
0.12538874,0.00006104
0.12570874,0.00006104
0.12602874,0.00006104
0.12634874,0.00006104
0.12666874,0.00006104
0.12698874,0.00006104
0.12730874,0.00006104
0.12762874,0.00006104
0.12794874,0.00006104
0.12826874,0.00006104
0.12858874,0.00006104
0.12890874,0.00006104
0.12922874,0.00006104
0.12954874,0.00006104
0.12986874,0.00006104
0.13018874,0.00006104
0.13050874,0.00006104
0.13082874,0.00006104
0.13114874,0.00006104
0.13146874,0.00006104
0.13178874,0.00006104
0.13210874,0.00006104
0.13242874,0.00006104
0.13274874,0.00006104
0.13306874,-0.01770074
0.13338874,0.00006104
0.13370874,0.00006104
0.13402874,0.00006104
0.13434874,-0.01770074
0.13466874,0.00006104
0.13498874,0.00006104
0.13530874,0.00006104
0.13562874,0.00006104
0.13594874,0.00006104
0.13626874,0.00006104
0.13658874,0.00006104
0.13690874,0.00006104
0.13722874,0.00006104
0.13754874,0.00006104
0.13786874,0.00006104
0.13818874,0.00006104
0.13850874,0.00006104
0.13882874,0.00006104
0.13914874,0.00006104
0.13946874,0.00006104
0.13978874,0.00006104
0.14010874,0.00006104
0.14042874,0.00006104
0.14074874,0.00006104
0.14106874,0.00006104
0.14138874,-0.01770074
0.14170874,0.00006104
0.14202874,-0.01770074
0.14234874,0.00006104
0.14266874,0.00006104
0.14298874,0.00006104
0.14330874,0.00006104
0.14362874,0.00006104
0.14394874,0.00006104
0.14426874,0.00006104
0.14458874,0.00006104
0.14490874,0.00006104
0.14522874,0.00006104
0.14554874,0.00006104
0.14586874,0.00006104
0.14618874,0.00006104
0.14650874,0.00006104
0.14682874,0.00006104
0.14714874,0.00006104
0.14746874,0.00006104
0.14778874,0.00006104
0.14810874,0.00006104
0.14842874,0.00006104
0.14874874,0.00006104
0.14906874,0.00006104
0.14938874,0.00006104
0.14970874,-0.01770074
0.15002874,0.00006104
0.15034874,0.00006104
0.15066874,0.00006104
0.15098874,0.00006104
0.15130874,0.00006104
0.15162874,0.00006104
0.15194874,0.00006104
0.15226874,0.00006104
0.15258874,0.00006104
0.15290874,0.00006104
0.15322874,0.00006104
0.15354874,0.00006104
0.15386874,0.00006104
0.15418874,0.00006104
0.15450874,0.00006104
0.15482874,0.00006104
0.15514874,0.00006104
0.15546874,0.00006104
0.15578874,0.00006104
0.15610874,0.00006104
0.15642874,0.00006104
0.15674874,0.00006104
0.15706874,0.00006104
0.15738874,0.00006104
0.15770874,0.00006104
0.15802874,0.00006104
0.15834874,0.00006104
0.15866874,0.00006104
0.15898874,0.00006104
0.15930874,0.00006104
0.15962874,0.00006104
0.15994874,0.00006104
0.16026874,0.00006104
0.16058874,0.00006104
0.16090874,0.00006104
0.16122874,0.00006104
0.16154874,0.00006104
0.16186874,0.00006104
0.16218874,0.00006104
0.16250874,0.00006104
0.16282874,-0.01770074
0.16314874,0.00006104
0.16346874,-0.01770074
0.16378874,0.00006104
0.16410874,0.00006104
0.16442874,0.00006104
0.16474874,0.00006104
0.16506874,0.00006104
0.16538874,0.00006104
0.16570874,0.00006104
0.16602874,0.00006104
0.16634874,0.00006104
0.16666874,0.00006104
0.16698874,0.00006104
0.16730874,0.00006104
0.16762874,0.00006104
0.16794874,0.00006104
0.16826874,0.00006104
0.16858874,0.00006104
0.16890874,-0.01770074
0.16922874,0.00006104
0.16954874,0.00006104
0.16986874,0.00006104
0.17018874,0.00006104
0.17050874,0.00006104
0.17082874,0.00006104
0.17114874,0.00006104
0.17146874,0.00006104
0.17178874,0.00006104
0.17210874,0.00006104
0.17242874,0.00006104
0.17274874,0.00006104
0.17306874,0.00006104
0.17338874,0.00006104
0.17370874,0.00006104
0.17402874,0.00006104
0.17434874,0.00006104
0.17466874,0.00006104
0.17498874,0.00006104
0.17530874,-0.01770074
0.17562874,0.00006104
0.17594874,0.00006104
0.17626874,0.00006104
0.17658874,0.00006104
0.17690874,0.00006104
0.17722874,0.00006104
0.17754874,0.00006104
0.17786874,0.00006104
0.17818874,0.00006104
0.17850874,0.00006104
0.17882874,-0.01770074
0.17914874,0.00006104
0.17946874,0.00006104
0.17978874,0.00006104
0.18010874,0.00006104
0.18042874,0.00006104
0.18074874,0.00006104
0.18106874,0.00006104
0.18138874,0.00006104
0.18170874,0.00006104
0.18202874,0.00006104
0.18234874,0.00006104
0.18266874,0.00006104
0.18298874,0.00006104
0.18330874,0.00006104
0.18362874,0.00006104
0.18394874,0.00006104
0.18426874,0.00006104
0.18458874,0.00006104
0.18490874,0.00006104
0.18522874,0.00006104
0.18554874,0.00006104
0.18586874,0.00006104
0.18618874,0.00006104
0.18650874,0.00006104
0.18682874,0.00006104
0.18714874,0.00006104
0.18746874,0.00006104
0.18778874,0.00006104
0.18810874,0.00006104
0.18842874,0.00006104
0.18874874,0.00006104
0.18906874,0.00006104
0.18938874,0.00006104
0.18970874,0.00006104
0.19002874,0.00006104
0.19034874,0.00006104
0.19066874,-0.01770074
0.19098874,0.00006104
0.19130874,0.00006104
0.19162874,0.00006104
0.19194874,0.00006104
0.19226874,0.00006104
0.19258874,0.00006104
0.19290874,0.00006104
0.19322874,0.00006104
0.19354874,0.00006104
0.19386874,0.00006104
0.19418874,0.00006104
0.19450874,0.00006104
0.19482874,0.00006104
0.19514874,0.00006104
0.19546874,0.00006104
0.19578874,0.00006104
0.19610874,0.00006104
0.19642874,0.00006104
0.19674874,0.00006104
0.19706874,0.00006104
0.19738874,0.00006104
0.19770874,0.00006104
0.19802874,-0.01770074
0.19834874,0.00006104
0.19866874,0.00006104
0.19898874,0.00006104
0.19930874,0.00006104
0.19962874,0.00006104
0.19994874,0.00006104
0.20026874,0.00006104
0.20058874,0.00006104
0.20090874,0.00006104
0.20122874,0.00006104
0.20154874,0.00006104
0.20186874,0.00006104
0.20218874,0.00006104
0.20250874,0.00006104
0.20282874,0.00006104
0.20314874,0.00006104
0.20346874,0.00006104
0.20378874,0.00006104
0.20410874,0.00006104
0.20442874,0.00006104
0.20474874,0.00006104
0.20506874,0.00006104
0.20538874,0.00006104
0.20570874,0.00006104
0.20602874,0.00006104
0.20634874,0.00006104
0.20666874,0.00006104
0.20698874,0.00006104
0.20730874,0.00006104
0.20762874,0.00006104
0.20794874,0.00006104
0.20826874,0.00006104
0.20858874,0.00006104
0.20890874,-0.01770074
0.20922874,0.00006104
0.20954874,0.00006104
0.20986874,0.00006104
0.21018874,-0.01770074
0.21050874,0.00006104
0.21082874,0.00006104
0.21114874,0.00006104
0.21146874,0.00006104
0.21178874,0.00006104
0.21210874,0.00006104
0.21242874,0.00006104
0.21274874,0.00006104
0.21306874,0.00006104
0.21338874,0.00006104
0.21370874,0.00006104
0.21402874,0.00006104
0.21434874,0.00006104
0.21466874,0.00006104
0.21498874,-0.01770074
0.21530874,0.00006104
0.21562874,0.00006104
0.21594874,0.00006104
0.21626874,0.00006104
0.21658874,-0.01770074
0.21690874,0.00006104
0.21722874,0.00006104
0.21754874,0.00006104
0.21786874,0.00006104
0.21818874,0.00006104
0.21850874,0.00006104
0.21882874,0.00006104
0.21914874,-0.01770074
0.21946874,-0.01770074
0.21978874,0.00006104
0.22010874,0.00006104
0.22042874,0.00006104
0.22074874,0.00006104
0.22106874,0.00006104
0.22138874,0.00006104
0.22170874,0.00006104
0.22202874,0.00006104
0.22234874,0.00006104
0.22266874,0.00006104
0.22298874,0.00006104
0.22330874,0.00006104
0.22362874,0.00006104
0.22394874,0.00006104
0.22426874,0.00006104
0.22458874,0.00006104
0.22490874,0.00006104
0.22522874,0.00006104
0.22554874,0.00006104
0.22586874,0.00006104
0.22618874,0.00006104
0.22650874,0.00006104
0.22682874,0.00006104
0.22714874,-0.01770074
0.22746874,0.00006104
0.22778874,0.00006104
0.22810874,0.00006104
0.22842874,0.00006104
0.22874874,0.00006104
0.22906874,0.00006104
0.22938874,0.00006104
0.22970874,0.00006104
0.23002874,0.00006104
0.23034874,0.00006104
0.23066874,0.00006104
0.23098874,0.00006104
0.23130874,0.00006104
0.23162874,0.00006104
0.23194874,0.00006104
0.23226874,0.00006104
0.23258874,0.00006104
0.23290874,0.00006104
0.23322874,0.00006104
0.23354874,0.00006104
0.23386874,0.00006104
0.23418874,0.00006104
0.23450874,0.00006104
0.23482874,0.00006104
0.23514874,0.00006104
0.23546874,0.00006104
0.23578874,0.00006104
0.23610874,0.00006104
0.23642874,0.00006104
0.23674874,0.00006104
0.23706874,0.00006104
0.23738874,0.00006104
0.23770874,0.00006104
0.23802874,0.00006104
0.23834874,0.00006104
0.23866874,0.00006104
0.23898874,0.00006104
0.23930874,0.00006104
0.23962874,0.00006104
0.23994874,0.00006104
0.24026874,0.00006104
0.24058874,0.00006104
0.24090874,0.00006104
0.24122874,0.00006104
0.24154874,0.00006104
0.24186874,0.00006104
0.24218874,0.00006104
0.24250874,0.00006104
0.24282874,0.00006104
0.24314874,0.00006104
0.24346874,0.00006104
0.24378874,0.00006104
0.24410874,0.00006104
0.24442874,0.00006104
0.24474874,0.00006104
0.24506874,0.00006104
0.24538874,-0.01770074
0.24570874,0.00006104
0.24602874,0.00006104
0.24634874,0.00006104
0.24666874,0.00006104
0.24698874,-0.01770074
0.24730874,-0.01770074
0.24762874,0.00006104
0.24794874,0.00006104
0.24826874,0.00006104
0.24858874,-0.01770074
0.24890874,0.00006104
0.24922874,0.00006104
0.24954874,0.00006104
0.24986874,0.00006104
0.25018874,0.00006104
0.25050874,0.00006104
0.25082874,0.00006104
0.25114874,0.00006104
0.25146874,0.00006104
0.25178874,0.00006104
0.25210874,0.00006104
0.25242874,0.00006104
0.25274874,0.00006104
0.25306874,0.00006104
0.25338874,0.00006104
0.25370874,0.00006104
0.25402874,0.00006104
0.25434874,0.00006104
0.25466874,0.00006104
0.25498874,0.00006104
0.25530874,0.00006104
0.25562874,0.00006104
0.25594874,0.00006104
0.25626874,0.00006104
0.25658874,0.00006104
0.25690874,0.00006104
0.25722874,0.00006104
0.25754874,0.00006104
0.25786874,0.00006104
0.25818874,-0.01770074
0.25850874,0.00006104
0.25882874,0.00006104
0.25914874,-0.01770074
0.25946874,0.00006104
0.25978874,0.00006104
0.26010874,0.00006104
0.26042874,0.00006104
0.26074874,0.00006104
0.26106874,0.00006104
0.26138874,0.00006104
0.26170874,0.00006104
0.26202874,0.00006104
0.26234874,0.00006104
0.26266874,0.00006104
0.26298874,0.00006104
0.26330874,0.00006104
0.26362874,0.00006104
0.26394874,0.00006104
0.26426874,0.00006104
0.26458874,0.00006104
0.26490874,0.00006104
0.26522874,0.00006104
0.26554874,0.00006104
0.26586874,0.00006104
0.26618874,0.00006104
0.26650874,0.00006104
0.26682874,0.00006104
0.26714874,0.00006104
0.26746874,-0.01770074
0.26778874,0.00006104
0.26810874,0.00006104
0.26842874,0.00006104
0.26874874,0.00006104
0.26906874,0.00006104
0.26938874,0.00006104
0.26970874,0.00006104
0.27002874,0.00006104
0.27034874,0.00006104
0.27066874,0.00006104
0.27098874,0.00006104
0.27130874,-0.01770074
0.27162874,0.00006104
0.27194874,0.00006104
0.27226874,0.00006104
0.27258874,0.00006104
0.27290874,0.00006104
0.27322874,0.00006104
0.27354874,0.00006104
0.27386874,0.00006104
0.27418874,-0.01770074
0.27450874,-0.01770074
0.27482874,-0.01770074
0.27514874,-0.01770074
0.27546874,0.00006104
0.27578874,0.00006104
0.27610874,0.00006104
0.27642874,0.00006104
0.27674874,0.00006104
0.27706874,0.00006104
0.27738874,0.00006104
0.27770874,0.00006104
0.27802874,0.00006104
0.27834874,0.00006104
0.27866874,0.00006104
0.27898874,0.00006104
0.27930874,0.00006104
0.27962874,0.00006104
0.27994874,0.00006104
0.28026874,0.00006104
0.28058874,0.00006104
0.28090874,0.00006104
0.28122874,0.00006104
0.28154874,0.00006104
0.28186874,0.00006104
0.28218874,0.00006104
0.28250874,0.00006104
0.28282874,0.00006104
0.28314874,0.00006104
0.28346874,0.00006104
0.28378874,0.00006104
0.28410874,-0.01770074
0.28442874,0.00006104
0.28474874,0.00006104
0.28506874,0.00006104
0.28538874,0.00006104
0.28570874,0.00006104
0.28602874,0.00006104
0.28634874,0.00006104
0.28666874,-0.01770074
0.28698874,0.00006104
0.28730874,0.00006104
0.28762874,0.00006104
0.28794874,0.00006104
0.28826874,0.00006104
0.28858874,0.00006104
0.28890874,-0.01770074
0.28922874,0.00006104
0.28954874,0.00006104
0.28986874,0.00006104
0.29018874,0.00006104
0.29050874,0.00006104
0.29082874,0.00006104
0.29114874,0.00006104
0.29146874,0.00006104
0.29178874,0.00006104
0.29210874,0.00006104
0.29242874,-0.01770074
0.29274874,0.00006104
0.29306874,0.00006104
0.29338874,0.00006104
0.29370874,0.00006104
0.29402874,0.00006104
0.29434874,0.00006104
0.29466874,0.00006104
0.29498874,0.00006104
0.29530874,0.00006104
0.29562874,0.00006104
0.29594874,0.00006104
0.29626874,0.00006104
0.29658874,0.00006104
0.29690874,0.00006104
0.29722874,0.00006104
0.29754874,0.00006104
0.29786874,-0.01770074
0.29818874,0.00006104
0.29850874,0.00006104
0.29882874,0.00006104
0.29914874,0.00006104
0.29946874,0.00006104
0.29978874,0.00006104
0.30010874,0.00006104
0.30042874,0.00006104
0.30074874,0.00006104
0.30106874,0.00006104
0.30138874,0.00006104
0.30170874,0.00006104
0.30202874,0.00006104
0.30234874,0.00006104
0.30266874,0.00006104
0.30298874,0.00006104
0.30330874,0.00006104
0.30362874,0.00006104
0.30394874,0.00006104
0.30426874,0.00006104
0.30458874,0.00006104
0.30490874,0.00006104
0.30522874,0.00006104
0.30554874,0.00006104
0.30586874,0.00006104
0.30618874,0.00006104
0.30650874,0.00006104
0.30682874,0.00006104
0.30714874,0.00006104
0.30746874,0.00006104
0.30778874,0.00006104
0.30810874,-0.01770074
0.30842874,0.00006104
0.30874874,0.00006104
0.30906874,0.00006104
0.30938874,0.00006104
0.30970874,0.00006104
0.31002874,0.00006104
0.31034874,0.00006104
0.31066874,0.00006104
0.31098874,0.00006104
0.31130874,0.00006104
0.31162874,0.00006104
0.31194874,0.00006104
0.31226874,0.00006104
0.31258874,0.00006104
0.31290874,0.00006104
0.31322874,0.00006104
0.31354874,0.00006104
0.31386874,0.00006104
0.31418874,0.00006104
0.31450874,0.00006104
0.31482874,0.00006104
0.31514874,0.00006104
0.31546874,0.00006104
0.31578874,0.00006104
0.31610874,0.00006104
0.31642874,0.00006104
0.31674874,0.00006104
0.31706874,0.00006104
0.31738874,0.00006104
0.31770874,0.00006104
0.31802874,0.00006104
0.31834874,0.00006104
0.31866874,0.00006104
0.31898874,0.00006104
0.31930874,0.00006104
0.31962874,0.00006104
0.31994874,0.00006104
0.32026874,0.00006104
0.32058874,0.00006104
0.32090874,0.00006104
0.32122874,0.00006104
0.32154874,0.00006104
0.32186874,0.00006104
0.32218874,0.00006104
0.32250874,0.00006104
0.32282874,0.00006104
0.32314874,-0.01770074
0.32346874,0.00006104
0.32378874,0.00006104
0.32410874,0.00006104
0.32442874,0.00006104
0.32474874,0.00006104
0.32506874,0.00006104
0.32538874,0.00006104
0.32570874,0.00006104
0.32602874,0.00006104
0.32634874,0.00006104
0.32666874,0.00006104
0.32698874,0.00006104
0.32730874,0.00006104
0.32762874,0.00006104
0.32794874,0.00006104
0.32826874,0.00006104
0.32858874,0.00006104
0.32890874,0.00006104
0.32922874,0.00006104
0.32954874,0.00006104
0.32986874,0.00006104
0.33018874,0.00006104
0.33050874,0.00006104
0.33082874,0.00006104
0.33114874,0.00006104
0.33146874,0.00006104
0.33178874,0.00006104
0.33210874,0.00006104
0.33242874,0.00006104
0.33274874,0.00006104
0.33306874,0.00006104
0.33338874,0.00006104
0.33370874,0.00006104
0.33402874,0.00006104
0.33434874,0.00006104
0.33466874,0.00006104
0.33498874,0.00006104
0.33530874,-0.01770074
0.33562874,0.00006104
0.33594874,0.00006104
0.33626874,0.00006104
0.33658874,0.00006104
0.33690874,0.00006104
0.33722874,0.00006104
0.33754874,0.00006104
0.33786874,0.00006104
0.33818874,0.00006104
0.33850874,0.00006104
0.33882874,0.00006104
0.33914874,0.00006104
0.33946874,0.00006104
0.33978874,0.00006104
0.34010874,0.00006104
0.34042874,0.00006104
0.34074874,0.00006104
0.34106874,0.00006104
0.34138874,0.00006104
0.34170874,0.00006104
0.34202874,0.00006104
0.34234874,0.00006104
0.34266874,0.00006104
0.34298874,0.00006104
0.34330874,0.00006104
0.34362874,0.00006104
0.34394874,0.00006104
0.34426874,0.00006104
0.34458874,0.00006104
0.34490874,0.00006104
0.34522874,0.00006104
0.34554874,0.00006104
0.34586874,0.00006104
0.34618874,0.00006104
0.34650874,0.00006104
0.34682874,0.00006104
0.34714874,0.00006104
0.34746874,0.00006104
0.34778874,0.00006104
0.34810874,0.00006104
0.34842874,0.00006104
0.34874874,-0.01770074
0.34906874,0.00006104
0.34938874,0.00006104
0.34970874,0.00006104
0.35002874,0.00006104
0.35034874,0.00006104
0.35066874,0.00006104
0.35098874,0.00006104
0.35130874,0.01788385
0.35162874,0.00006104
0.35194874,0.00006104
0.35226874,0.00006104
0.35258874,0.00006104
0.35290874,0.00006104
0.35322874,0.00006104
0.35354874,0.00006104
0.35386874,0.00006104
0.35418874,0.00006104
0.35450874,0.00006104
0.35482874,-0.01770074
0.35514874,0.00006104
0.35546874,0.00006104
0.35578874,-0.01770074
0.35610874,0.00006104
0.35642874,-0.01770074
0.35674874,0.00006104
0.35706874,0.00006104
0.35738874,0.00006104
0.35770874,0.00006104
0.35802874,0.00006104
0.35834874,0.00006104
0.35866874,0.00006104
0.35898874,0.00006104
0.35930874,0.00006104
0.35962874,0.00006104
0.35994874,0.00006104
0.36026874,0.00006104
0.36058874,0.00006104
0.36090874,0.00006104
0.36122874,0.00006104
0.36154874,0.00006104
0.36186874,0.00006104
0.36218874,0.00006104
0.36250874,0.00006104
0.36282874,0.00006104
0.36314874,0.00006104
0.36346874,0.00006104
0.36378874,0.00006104
0.36410874,-0.01770074
0.36442874,0.00006104
0.36474874,0.00006104
0.36506874,0.00006104
0.36538874,0.00006104
0.36570874,0.00006104
0.36602874,0.00006104
0.36634874,0.00006104
0.36666874,0.00006104
0.36698874,0.00006104
0.36730874,0.00006104
0.36762874,0.00006104
0.36794874,0.00006104
0.36826874,0.00006104
0.36858874,0.00006104
0.36890874,0.00006104
0.36922874,0.00006104
0.36954874,0.00006104
0.36986874,0.00006104
0.37018874,0.00006104
0.37050874,-0.01770074
0.37082874,0.00006104
0.37114874,0.00006104
0.37146874,0.00006104
0.37178874,0.00006104
0.37210874,0.00006104
0.37242874,0.00006104
0.37274874,-0.01770074
0.37306874,0.00006104
0.37338874,0.00006104
0.37370874,0.00006104
0.37402874,-0.01770074
0.37434874,0.00006104
0.37466874,0.00006104
0.37498874,0.00006104
0.37530874,0.00006104
0.37562874,0.00006104
0.37594874,-0.01770074
0.37626874,0.00006104
0.37658874,0.00006104
0.37690874,0.00006104
0.37722874,0.00006104
0.37754874,0.00006104
0.37786874,0.00006104
0.37818874,0.00006104
0.37850874,0.00006104
0.37882874,0.00006104
0.37914874,0.00006104
0.37946874,0.00006104
0.37978874,0.00006104
0.38010874,0.00006104
0.38042874,0.00006104
0.38074874,0.00006104
0.38106874,0.00006104
0.38138874,0.00006104
0.38170874,0.00006104
0.38202874,0.00006104
0.38234874,0.00006104
0.38266874,0.00006104
0.38298874,0.00006104
0.38330874,0.00006104
0.38362874,0.00006104
0.38394874,0.00006104
0.38426874,0.00006104
0.38458874,0.00006104
0.38490874,0.00006104
0.38522874,0.00006104
0.38554874,0.00006104
0.38586874,0.00006104
0.38618874,0.00006104
0.38650874,-0.01770074
0.38682874,-0.01770074
0.38714874,0.00006104
0.38746874,0.00006104
0.38778874,0.00006104
0.38810874,-0.01770074
0.38842874,0.00006104
0.38874874,0.00006104
0.38906874,0.00006104
0.38938874,0.00006104
0.38970874,0.00006104
0.39002874,0.00006104
0.39034874,0.00006104
0.39066874,0.00006104
0.39098874,0.00006104
0.39130874,0.00006104
0.39162874,0.00006104
0.39194874,0.00006104
0.39226874,0.00006104
0.39258874,0.00006104
0.39290874,0.00006104
0.39322874,-0.01770074
0.39354874,0.00006104
0.39386874,0.00006104
0.39418874,0.00006104
0.39450874,0.00006104
0.39482874,0.00006104
0.39514874,0.00006104
0.39546874,0.00006104
0.39578874,0.00006104
0.39610874,0.00006104
0.39642874,0.00006104
0.39674874,0.00006104
0.39706874,-0.01770074
0.39738874,0.00006104
0.39770874,0.00006104
0.39802874,0.00006104
0.39834874,-0.01770074
0.39866874,0.00006104
0.39898874,0.00006104
0.39930874,0.00006104
0.39962874,0.00006104
0.39994874,-0.01770074
0.40026874,0.00006104
0.40058874,-0.01770074
0.40090874,0.00006104
0.40122874,-0.01770074
0.40154874,-0.01770074
0.40186874,0.00006104
0.40218874,0.00006104
0.40250874,0.00006104
0.40282874,0.00006104
0.40314874,0.00006104
0.40346874,-0.01770074
0.40378874,0.00006104
0.40410874,0.00006104
0.40442874,-0.01770074
0.40474874,0.00006104
0.40506874,0.00006104
0.40538874,-0.01770074
0.40570874,0.00006104
0.40602874,0.00006104
0.40634874,0.00006104
0.40666874,0.00006104
0.40698874,0.00006104
0.40730874,0.00006104
0.40762874,0.00006104
0.40794874,0.00006104
0.40826874,0.00006104
0.40858874,0.00006104
0.40890874,0.00006104
0.40922874,0.00006104
0.40954874,0.00006104
0.40986874,0.00006104
0.41018874,0.00006104
0.41050874,0.00006104
0.41082874,0.00006104
0.41114874,0.00006104
0.41146874,0.00006104
0.41178874,0.00006104
0.41210874,0.00006104
0.41242874,0.00006104
0.41274874,0.00006104
0.41306874,0.00006104
0.41338874,0.00006104
0.41370874,0.00006104
0.41402874,0.00006104
0.41434874,-0.01770074
0.41466874,0.00006104
0.41498874,0.00006104
0.41530874,0.00006104
0.41562874,0.00006104
0.41594874,0.00006104
0.41626874,0.00006104
0.41658874,0.00006104
0.41690874,0.00006104
0.41722874,0.00006104
0.41754874,0.00006104
0.41786874,0.00006104
0.41818874,0.00006104
0.41850874,0.00006104
0.41882874,0.00006104
0.41914874,0.00006104
0.41946874,0.00006104
0.41978874,0.00006104
0.42010874,0.00006104
0.42042874,0.00006104
0.42074874,0.00006104
0.42106874,0.00006104
0.42138874,0.00006104
0.42170874,0.00006104
0.42202874,0.00006104
0.42234874,0.00006104
0.42266874,0.00006104
0.42298874,0.00006104
0.42330874,0.00006104
0.42362874,0.00006104
0.42394874,0.00006104
0.42426874,0.00006104
0.42458874,0.00006104
0.42490874,0.00006104
0.42522874,-0.01770074
0.42554874,0.00006104
0.42586874,0.00006104
0.42618874,0.00006104
0.42650874,0.00006104
0.42682874,0.00006104
0.42714874,0.00006104
0.42746874,0.00006104
0.42778874,0.00006104
0.42810874,0.00006104
0.42842874,0.00006104
0.42874874,0.00006104
0.42906874,0.00006104
0.42938874,0.00006104
0.42970874,0.00006104
0.43002874,0.00006104
0.43034874,0.00006104
0.43066874,0.00006104
0.43098874,0.00006104
0.43130874,0.00006104
0.43162874,0.00006104
0.43194874,0.00006104
0.43226874,0.00006104
0.43258874,0.00006104
0.43290874,0.00006104
0.43322874,0.00006104
0.43354874,0.00006104
0.43386874,-0.01770074
0.43418874,0.00006104
0.43450874,0.00006104
0.43482874,0.00006104
0.43514874,0.00006104
0.43546874,0.00006104
0.43578874,0.00006104
0.43610874,0.00006104
0.43642874,0.00006104
0.43674874,0.00006104
0.43706874,0.00006104
0.43738874,0.00006104
0.43770874,0.00006104
0.43802874,0.00006104
0.43834874,0.00006104
0.43866874,0.00006104
0.43898874,0.00006104
0.43930874,0.00006104
0.43962874,-0.01770074
0.43994874,0.00006104
0.44026874,0.00006104
0.44058874,0.00006104
0.44090874,0.00006104
0.44122874,0.00006104
0.44154874,0.00006104
0.44186874,0.00006104
0.44218874,0.00006104
0.44250874,0.00006104
0.44282874,0.00006104
0.44314874,0.00006104
0.44346874,0.00006104
0.44378874,0.00006104
0.44410874,0.00006104
0.44442874,-0.01770074
0.44474874,0.00006104
0.44506874,0.00006104
0.44538874,0.00006104
0.44570874,-0.01770074
0.44602874,0.00006104
0.44634874,0.00006104
0.44666874,0.00006104
0.44698874,0.00006104
0.44730874,0.00006104
0.44762874,0.00006104
0.44794874,0.00006104
0.44826874,0.00006104
0.44858874,0.00006104
0.44890874,0.00006104
0.44922874,0.00006104
0.44954874,0.00006104
0.44986874,0.00006104
0.45018874,0.00006104
0.45050874,0.00006104
0.45082874,0.00006104
0.45114874,-0.01770074
0.45146874,0.00006104
0.45178874,0.00006104
0.45210874,0.00006104
0.45242874,0.00006104
0.45274874,0.00006104
0.45306874,0.00006104
0.45338874,0.00006104
0.45370874,0.00006104
0.45402874,0.00006104
0.45434874,0.00006104
0.45466874,0.00006104
0.45498874,0.00006104
0.45530874,0.00006104
0.45562874,0.00006104
0.45594874,0.00006104
0.45626874,0.00006104
0.45658874,0.00006104
0.45690874,-0.01770074
0.45722874,0.00006104
0.45754874,0.00006104
0.45786874,0.00006104
0.45818874,0.00006104
0.45850874,0.00006104
0.45882874,0.00006104
0.45914874,0.00006104
0.45946874,0.00006104
0.45978874,0.00006104
0.46010874,0.00006104
0.46042874,0.00006104
0.46074874,-0.01770074
0.46106874,0.00006104
0.46138874,0.00006104
0.46170874,0.00006104
0.46202874,0.00006104
0.46234874,0.00006104
0.46266874,0.00006104
0.46298874,0.00006104
0.46330874,0.00006104
0.46362874,0.00006104
0.46394874,0.00006104
0.46426874,0.00006104
0.46458874,0.00006104
0.46490874,0.00006104
0.46522874,0.00006104
0.46554874,0.00006104
0.46586874,-0.01770074
0.46618874,0.00006104
0.46650874,0.00006104
0.46682874,0.00006104
0.46714874,0.00006104
0.46746874,0.00006104
0.46778874,0.00006104
0.46810874,0.00006104
0.46842874,0.00006104
0.46874874,0.00006104
0.46906874,0.00006104
0.46938874,0.00006104
0.46970874,0.00006104
0.47002874,0.00006104
0.47034874,0.00006104
0.47066874,-0.01770074
0.47098874,0.00006104
0.47130874,0.00006104
0.47162874,0.00006104
0.47194874,0.00006104
0.47226874,0.00006104
0.47258874,0.00006104
0.47290874,0.00006104
0.47322874,0.00006104
0.47354874,0.00006104
0.47386874,-0.01770074
0.47418874,0.00006104
0.47450874,0.00006104
0.47482874,0.00006104
0.47514874,0.00006104
0.47546874,0.00006104
0.47578874,0.00006104
0.47610874,0.00006104
0.47642874,0.00006104
0.47674874,0.00006104
0.47706874,0.00006104
0.47738874,0.00006104
0.47770874,0.00006104
0.47802874,0.00006104
0.47834874,0.00006104
0.47866874,-0.01770074
0.47898874,0.00006104
0.47930874,0.00006104
0.47962874,0.00006104
0.47994874,0.00006104
0.48026874,0.00006104
0.48058874,0.00006104
0.48090874,0.00006104
0.48122874,0.00006104
0.48154874,0.00006104
0.48186874,0.00006104
0.48218874,0.00006104
0.48250874,0.00006104
0.48282874,0.00006104
0.48314874,0.00006104
0.48346874,0.00006104
0.48378874,0.00006104
0.48410874,0.00006104
0.48442874,0.00006104
0.48474874,0.00006104
0.48506874,0.00006104
0.48538874,0.00006104
0.48570874,0.00006104
0.48602874,0.00006104
0.48634874,0.00006104
0.48666874,0.00006104
0.48698874,0.00006104
0.48730874,-0.01770074
0.48762874,0.00006104
0.48794874,0.00006104
0.48826874,0.00006104
0.48858874,0.00006104
0.48890874,0.00006104
0.48922874,0.00006104
0.48954874,0.00006104
0.48986874,-0.01770074
0.49018874,0.00006104
0.49050874,0.00006104
0.49082874,0.00006104
0.49114874,0.00006104
0.49146874,0.00006104
0.49178874,0.00006104
0.49210874,0.00006104
0.49242874,0.00006104
0.49274874,0.00006104
0.49306874,0.00006104
0.49338874,0.00006104
0.49370874,0.00006104
0.49402874,0.00006104
0.49434874,0.00006104
0.49466874,0.00006104
0.49498874,0.00006104
0.49530874,0.00006104
0.49562874,0.00006104
0.49594874,0.00006104
0.49626874,0.00006104
0.49658874,0.00006104
0.49690874,0.00006104
0.49722874,0.00006104
0.49754874,0.00006104
0.49786874,0.00006104
0.49818874,1.85131383
0.49850874,1.13925600
0.49882874,-0.21350749
0.49914874,-0.28473771
0.49946874,-0.17792290
0.49978874,-0.08893093
0.50010874,-0.03552354
0.50042874,0.00006104
0.50074874,-0.01770074
0.50106874,-0.01770074
0.50138874,-0.19574572
0.50170874,-1.01455736
0.50202874,-∞
0.50234874,0.58748132
0.50266874,0.42725915
0.50298874,0.01788385
0.50330874,-0.08893093
0.50362874,-0.01770074
0.50394874,0.03570665
0.50426874,0.03570665
0.50458874,0.01788385
0.50490874,0.01788385
0.50522874,0.01788385
0.50554874,0.00006104
0.50586874,0.03570665
0.50618874,0.03570665
0.50650874,0.03570665
0.50682874,0.01788385
0.50714874,0.00006104
0.50746874,0.01788385
0.50778874,0.01788385
0.50810874,0.01788385
0.50842874,0.05346843
0.50874874,0.05346843
0.50906874,0.07129124
0.50938874,0.07129124
0.50970874,0.05346843
0.51002874,0.07129124
0.51034874,0.05346843
0.51066874,0.03570665
0.51098874,0.05346843
0.51130874,0.08911405
0.51162874,0.05346843
0.51194874,0.03570665
0.51226874,0.03570665
0.51258874,0.03570665
0.51290874,0.03570665
0.51322874,0.00006104
0.51354874,-0.01770074
0.51386874,-0.01770074
0.51418874,-0.03552354
0.51450874,0.01788385
0.51482874,0.00006104
0.51514874,0.00006104
0.51546874,0.05346843
0.51578874,-0.01770074
0.51610874,-0.01770074
0.51642874,0.01788385
0.51674874,-0.03552354
0.51706874,0.01788385
0.51738874,0.03570665
0.51770874,0.01788385
0.51802874,0.01788385
0.51834874,0.03570665
0.51866874,0.01788385
0.51898874,0.00006104
0.51930874,0.01788385
0.51962874,0.01788385
0.51994874,0.00006104
0.52026874,0.01788385
