Time,Channel A
(ms),(V)

-1.48080871,0.01788385
-1.48048871,0.01788385
-1.48016871,0.01788385
-1.47984871,0.01788385
-1.47952871,0.03570665
-1.47920871,0.03570665
-1.47888871,0.00006104
-1.47856871,0.01788385
-1.47824871,0.03570665
-1.47792871,0.00006104
-1.47760871,0.01788385
-1.47728871,0.00006104
-1.47696871,-0.01770074
-1.47664871,0.00006104
-1.47632871,0.01788385
-1.47600871,0.00006104
-1.47568871,0.01788385
-1.47536871,0.03570665
-1.47504871,0.01788385
-1.47472871,0.01788385
-1.47440871,0.01788385
-1.47408871,0.00006104
-1.47376871,0.01788385
-1.47344871,0.01788385
-1.47312871,0.00006104
-1.47280871,0.01788385
-1.47248871,0.01788385
-1.47216871,0.00006104
-1.47184871,0.01788385
-1.47152871,0.00006104
-1.47120871,0.00006104
-1.47088871,0.00006104
-1.47056871,0.00006104
-1.47024871,-0.01770074
-1.46992871,0.00006104
-1.46960871,0.00006104
-1.46928871,0.00006104
-1.46896871,0.01788385
-1.46864871,0.00006104
-1.46832871,0.01788385
-1.46800871,0.00006104
-1.46768871,0.00006104
-1.46736871,0.00006104
-1.46704871,0.01788385
-1.46672871,0.00006104
-1.46640871,0.01788385
-1.46608871,0.00006104
-1.46576871,0.01788385
-1.46544871,0.01788385
-1.46512871,0.01788385
-1.46480871,-0.01770074
-1.46448871,0.00006104
-1.46416871,0.01788385
-1.46384871,0.00006104
-1.46352871,0.00006104
-1.46320871,0.00006104
-1.46288871,0.00006104
-1.46256871,0.01788385
-1.46224871,0.00006104
-1.46192871,0.00006104
-1.46160871,0.00006104
-1.46128871,0.01788385
-1.46096871,0.00006104
-1.46064871,0.00006104
-1.46032871,0.01788385
-1.46000871,0.00006104
-1.45968871,0.00006104
-1.45936871,0.00006104
-1.45904871,-0.01770074
-1.45872871,0.00006104
-1.45840871,0.00006104
-1.45808871,0.00006104
-1.45776871,0.00006104
-1.45744871,0.00006104
-1.45712871,0.00006104
-1.45680871,0.01788385
-1.45648871,0.00006104
-1.45616871,0.00006104
-1.45584871,0.01788385
-1.45552871,0.00006104
-1.45520871,0.00006104
-1.45488871,0.00006104
-1.45456871,0.00006104
-1.45424871,0.00006104
-1.45392871,0.00006104
-1.45360871,0.00006104
-1.45328871,0.00006104
-1.45296871,0.00006104
-1.45264871,-0.01770074
-1.45232871,-0.01770074
-1.45200871,-0.01770074
-1.45168871,0.00006104
-1.45136871,0.00006104
-1.45104871,0.00006104
-1.45072871,0.00006104
-1.45040871,0.00006104
-1.45008871,0.00006104
-1.44976871,0.00006104
-1.44944871,0.00006104
-1.44912871,0.00006104
-1.44880871,0.00006104
-1.44848871,0.00006104
-1.44816871,0.01788385
-1.44784871,0.01788385
-1.44752871,0.00006104
-1.44720871,0.00006104
-1.44688871,0.00006104
-1.44656871,0.00006104
-1.44624871,0.00006104
-1.44592871,0.00006104
-1.44560871,0.00006104
-1.44528871,0.00006104
-1.44496871,0.00006104
-1.44464871,0.00006104
-1.44432871,0.00006104
-1.44400871,0.00006104
-1.44368871,0.00006104
-1.44336871,0.00006104
-1.44304871,0.00006104
-1.44272871,0.00006104
-1.44240871,0.00006104
-1.44208871,0.00006104
-1.44176871,0.00006104
-1.44144871,0.00006104
-1.44112871,0.00006104
-1.44080871,0.00006104
-1.44048871,0.00006104
-1.44016871,0.00006104
-1.43984871,0.00006104
-1.43952871,0.00006104
-1.43920871,0.00006104
-1.43888871,0.00006104
-1.43856871,0.00006104
-1.43824871,0.00006104
-1.43792871,0.00006104
-1.43760871,0.00006104
-1.43728871,0.00006104
-1.43696871,0.00006104
-1.43664871,0.00006104
-1.43632871,0.00006104
-1.43600871,0.00006104
-1.43568871,0.00006104
-1.43536871,0.00006104
-1.43504871,0.00006104
-1.43472871,0.00006104
-1.43440871,0.00006104
-1.43408871,0.00006104
-1.43376871,0.00006104
-1.43344871,0.00006104
-1.43312871,0.00006104
-1.43280871,0.00006104
-1.43248871,0.00006104
-1.43216871,0.00006104
-1.43184871,0.00006104
-1.43152871,0.00006104
-1.43120871,0.00006104
-1.43088871,0.00006104
-1.43056871,0.00006104
-1.43024871,0.00006104
-1.42992871,0.00006104
-1.42960871,0.00006104
-1.42928871,0.00006104
-1.42896871,0.00006104
-1.42864871,0.00006104
-1.42832871,0.00006104
-1.42800871,0.00006104
-1.42768871,0.00006104
-1.42736871,0.00006104
-1.42704871,0.00006104
-1.42672871,0.00006104
-1.42640871,0.00006104
-1.42608871,0.00006104
-1.42576871,0.00006104
-1.42544871,0.00006104
-1.42512871,0.00006104
-1.42480871,0.00006104
-1.42448871,0.00006104
-1.42416871,0.00006104
-1.42384871,0.00006104
-1.42352871,0.00006104
-1.42320871,0.00006104
-1.42288871,0.00006104
-1.42256871,0.00006104
-1.42224871,0.00006104
-1.42192871,0.00006104
-1.42160871,0.00006104
-1.42128871,0.00006104
-1.42096871,0.00006104
-1.42064871,-0.01770074
-1.42032871,0.00006104
-1.42000871,0.00006104
-1.41968871,0.00006104
-1.41936871,0.00006104
-1.41904871,0.00006104
-1.41872871,0.00006104
-1.41840871,0.00006104
-1.41808871,-0.01770074
-1.41776871,0.00006104
-1.41744871,0.00006104
-1.41712871,0.00006104
-1.41680871,0.00006104
-1.41648871,-0.01770074
-1.41616871,0.00006104
-1.41584871,0.00006104
-1.41552871,0.00006104
-1.41520871,0.00006104
-1.41488871,0.00006104
-1.41456871,0.00006104
-1.41424871,0.00006104
-1.41392871,0.00006104
-1.41360871,0.00006104
-1.41328871,0.00006104
-1.41296871,0.00006104
-1.41264871,0.00006104
-1.41232871,0.00006104
-1.41200871,0.00006104
-1.41168871,0.00006104
-1.41136871,0.00006104
-1.41104871,0.00006104
-1.41072871,-0.01770074
-1.41040871,0.00006104
-1.41008871,0.00006104
-1.40976871,0.00006104
-1.40944871,0.00006104
-1.40912871,0.00006104
-1.40880871,0.00006104
-1.40848871,0.00006104
-1.40816871,0.00006104
-1.40784871,0.00006104
-1.40752871,0.00006104
-1.40720871,0.00006104
-1.40688871,0.00006104
-1.40656871,0.00006104
-1.40624871,0.00006104
-1.40592871,0.00006104
-1.40560871,0.00006104
-1.40528871,0.00006104
-1.40496871,-0.01770074
-1.40464871,0.00006104
-1.40432871,0.00006104
-1.40400871,0.00006104
-1.40368871,0.00006104
-1.40336871,0.00006104
-1.40304871,0.00006104
-1.40272871,-0.01770074
-1.40240871,0.00006104
-1.40208871,0.00006104
-1.40176871,-0.01770074
-1.40144871,0.00006104
-1.40112871,0.00006104
-1.40080871,0.00006104
-1.40048871,0.00006104
-1.40016871,0.00006104
-1.39984871,0.00006104
-1.39952871,0.00006104
-1.39920871,0.00006104
-1.39888871,0.00006104
-1.39856871,0.00006104
-1.39824871,0.00006104
-1.39792871,0.00006104
-1.39760871,0.00006104
-1.39728871,0.00006104
-1.39696871,0.00006104
-1.39664871,0.00006104
-1.39632871,0.00006104
-1.39600871,0.00006104
-1.39568871,-0.01770074
-1.39536871,0.00006104
-1.39504871,0.00006104
-1.39472871,0.00006104
-1.39440871,0.00006104
-1.39408871,0.00006104
-1.39376871,0.00006104
-1.39344871,0.00006104
-1.39312871,0.00006104
-1.39280871,0.00006104
-1.39248871,0.00006104
-1.39216871,0.00006104
-1.39184871,0.00006104
-1.39152871,0.00006104
-1.39120871,-0.01770074
-1.39088871,0.00006104
-1.39056871,0.00006104
-1.39024871,0.00006104
-1.38992871,0.00006104
-1.38960871,0.00006104
-1.38928871,0.00006104
-1.38896871,0.00006104
-1.38864871,0.00006104
-1.38832871,0.00006104
-1.38800871,0.00006104
-1.38768871,0.00006104
-1.38736871,0.00006104
-1.38704871,0.00006104
-1.38672871,0.00006104
-1.38640871,-0.01770074
-1.38608871,0.00006104
-1.38576871,0.00006104
-1.38544871,0.00006104
-1.38512871,0.00006104
-1.38480871,0.00006104
-1.38448871,0.00006104
-1.38416871,0.00006104
-1.38384871,0.00006104
-1.38352871,0.00006104
-1.38320871,0.00006104
-1.38288871,0.00006104
-1.38256872,0.00006104
-1.38224872,0.00006104
-1.38192872,0.00006104
-1.38160872,0.00006104
-1.38128872,0.00006104
-1.38096872,0.00006104
-1.38064872,0.00006104
-1.38032872,0.00006104
-1.38000872,0.00006104
-1.37968872,-0.01770074
-1.37936872,0.00006104
-1.37904872,0.00006104
-1.37872872,0.00006104
-1.37840872,-0.01770074
-1.37808872,0.00006104
-1.37776872,0.00006104
-1.37744872,0.00006104
-1.37712872,0.00006104
-1.37680872,0.00006104
-1.37648872,0.01788385
-1.37616872,0.00006104
-1.37584872,0.00006104
-1.37552872,0.00006104
-1.37520872,0.00006104
-1.37488872,0.00006104
-1.37456872,0.00006104
-1.37424872,0.00006104
-1.37392872,0.00006104
-1.37360872,0.00006104
-1.37328872,0.00006104
-1.37296872,0.00006104
-1.37264872,-0.01770074
-1.37232872,0.00006104
-1.37200872,0.00006104
-1.37168872,0.00006104
-1.37136872,0.00006104
-1.37104872,0.00006104
-1.37072872,0.00006104
-1.37040872,0.00006104
-1.37008872,0.00006104
-1.36976872,0.00006104
-1.36944872,0.00006104
-1.36912872,0.00006104
-1.36880872,0.00006104
-1.36848872,0.00006104
-1.36816872,0.00006104
-1.36784872,0.00006104
-1.36752872,0.00006104
-1.36720872,0.00006104
-1.36688872,0.00006104
-1.36656872,0.00006104
-1.36624872,0.00006104
-1.36592872,0.00006104
-1.36560872,0.00006104
-1.36528872,0.00006104
-1.36496872,0.00006104
-1.36464872,0.00006104
-1.36432872,0.00006104
-1.36400872,0.00006104
-1.36368872,0.00006104
-1.36336872,0.00006104
-1.36304872,0.00006104
-1.36272872,0.00006104
-1.36240872,0.00006104
-1.36208872,0.00006104
-1.36176872,0.00006104
-1.36144872,0.00006104
-1.36112872,0.00006104
-1.36080872,0.00006104
-1.36048872,0.00006104
-1.36016872,0.00006104
-1.35984872,0.00006104
-1.35952872,0.00006104
-1.35920872,0.00006104
-1.35888872,0.00006104
-1.35856872,0.00006104
-1.35824872,0.00006104
-1.35792872,0.00006104
-1.35760872,0.00006104
-1.35728872,0.00006104
-1.35696872,0.00006104
-1.35664872,-0.01770074
-1.35632872,0.00006104
-1.35600872,0.00006104
-1.35568872,0.00006104
-1.35536872,0.00006104
-1.35504872,0.00006104
-1.35472872,0.00006104
-1.35440872,0.00006104
-1.35408872,0.00006104
-1.35376872,0.00006104
-1.35344872,0.00006104
-1.35312872,0.00006104
-1.35280872,0.00006104
-1.35248872,0.00006104
-1.35216872,0.00006104
-1.35184872,0.00006104
-1.35152872,0.00006104
-1.35120872,0.00006104
-1.35088872,0.00006104
-1.35056872,0.00006104
-1.35024872,0.00006104
-1.34992872,0.00006104
-1.34960872,0.00006104
-1.34928872,0.00006104
-1.34896872,0.00006104
-1.34864872,0.00006104
-1.34832872,0.00006104
-1.34800872,0.00006104
-1.34768872,0.00006104
-1.34736872,0.00006104
-1.34704872,0.00006104
-1.34672872,0.00006104
-1.34640872,0.00006104
-1.34608872,0.00006104
-1.34576872,0.00006104
-1.34544872,0.00006104
-1.34512872,0.00006104
-1.34480872,0.00006104
-1.34448872,0.00006104
-1.34416872,0.00006104
-1.34384872,0.00006104
-1.34352872,0.00006104
-1.34320872,0.00006104
-1.34288872,0.00006104
-1.34256872,0.00006104
-1.34224872,0.00006104
-1.34192872,0.00006104
-1.34160872,0.00006104
-1.34128872,0.00006104
-1.34096872,0.00006104
-1.34064872,0.00006104
-1.34032872,0.00006104
-1.34000872,0.00006104
-1.33968872,0.00006104
-1.33936872,0.00006104
-1.33904872,0.00006104
-1.33872872,0.00006104
-1.33840872,0.00006104
-1.33808872,0.00006104
-1.33776872,-0.01770074
-1.33744872,0.00006104
-1.33712872,0.00006104
-1.33680872,-0.01770074
-1.33648872,0.00006104
-1.33616872,0.00006104
-1.33584872,0.00006104
-1.33552872,0.00006104
-1.33520872,0.00006104
-1.33488872,0.00006104
-1.33456872,0.00006104
-1.33424872,0.00006104
-1.33392872,0.00006104
-1.33360872,0.00006104
-1.33328872,0.00006104
-1.33296872,0.00006104
-1.33264872,0.00006104
-1.33232872,0.00006104
-1.33200872,0.00006104
-1.33168872,0.00006104
-1.33136872,0.00006104
-1.33104872,0.00006104
-1.33072872,0.00006104
-1.33040872,0.00006104
-1.33008872,0.00006104
-1.32976872,0.00006104
-1.32944872,0.00006104
-1.32912872,0.00006104
-1.32880872,0.00006104
-1.32848872,0.00006104
-1.32816872,0.00006104
-1.32784872,0.00006104
-1.32752872,0.00006104
-1.32720872,0.00006104
-1.32688872,0.00006104
-1.32656872,0.00006104
-1.32624872,0.00006104
-1.32592872,0.00006104
-1.32560872,0.00006104
-1.32528872,0.00006104
-1.32496872,0.00006104
-1.32464872,0.00006104
-1.32432872,0.00006104
-1.32400872,0.00006104
-1.32368872,0.00006104
-1.32336872,0.00006104
-1.32304872,0.00006104
-1.32272872,-0.01770074
-1.32240872,0.00006104
-1.32208872,0.00006104
-1.32176872,0.00006104
-1.32144872,0.00006104
-1.32112872,0.00006104
-1.32080872,0.00006104
-1.32048872,0.00006104
-1.32016872,0.00006104
-1.31984872,0.00006104
-1.31952872,0.00006104
-1.31920872,0.00006104
-1.31888872,0.00006104
-1.31856872,0.00006104
-1.31824872,0.00006104
-1.31792872,0.00006104
-1.31760872,0.00006104
-1.31728872,0.00006104
-1.31696872,0.00006104
-1.31664872,0.00006104
-1.31632872,0.00006104
-1.31600872,0.00006104
-1.31568872,0.00006104
-1.31536872,0.00006104
-1.31504872,0.00006104
-1.31472872,0.00006104
-1.31440872,0.00006104
-1.31408872,0.00006104
-1.31376872,0.00006104
-1.31344872,0.00006104
-1.31312872,0.00006104
-1.31280872,-0.01770074
-1.31248872,0.00006104
-1.31216872,0.00006104
-1.31184872,-0.01770074
-1.31152872,0.00006104
-1.31120872,0.00006104
-1.31088872,0.00006104
-1.31056872,0.00006104
-1.31024872,0.00006104
-1.30992872,0.00006104
-1.30960872,0.00006104
-1.30928872,0.00006104
-1.30896872,0.00006104
-1.30864872,0.00006104
-1.30832872,0.00006104
-1.30800872,0.00006104
-1.30768872,0.00006104
-1.30736872,0.00006104
-1.30704872,0.00006104
-1.30672872,0.00006104
-1.30640872,0.00006104
-1.30608872,0.00006104
-1.30576872,0.00006104
-1.30544872,0.00006104
-1.30512872,0.00006104
-1.30480872,0.00006104
-1.30448872,0.00006104
-1.30416872,0.00006104
-1.30384872,0.00006104
-1.30352872,0.00006104
-1.30320872,0.00006104
-1.30288872,0.00006104
-1.30256872,0.00006104
-1.30224872,0.00006104
-1.30192872,0.00006104
-1.30160872,0.00006104
-1.30128872,0.00006104
-1.30096872,0.00006104
-1.30064872,0.00006104
-1.30032872,0.00006104
-1.30000872,0.00006104
-1.29968872,-0.01770074
-1.29936872,0.00006104
-1.29904872,0.00006104
-1.29872872,0.00006104
-1.29840872,0.00006104
-1.29808872,0.00006104
-1.29776872,0.00006104
-1.29744872,0.00006104
-1.29712872,0.00006104
-1.29680872,0.00006104
-1.29648872,0.00006104
-1.29616872,0.00006104
-1.29584872,0.00006104
-1.29552872,0.00006104
-1.29520872,0.00006104
-1.29488872,0.00006104
-1.29456872,0.00006104
-1.29424872,0.00006104
-1.29392872,0.00006104
-1.29360872,0.00006104
-1.29328872,0.00006104
-1.29296872,0.00006104
-1.29264872,0.00006104
-1.29232872,0.00006104
-1.29200872,0.00006104
-1.29168872,0.00006104
-1.29136872,0.00006104
-1.29104872,0.00006104
-1.29072872,0.00006104
-1.29040872,0.00006104
-1.29008872,0.00006104
-1.28976872,0.00006104
-1.28944872,0.00006104
-1.28912872,0.00006104
-1.28880872,0.00006104
-1.28848872,0.00006104
-1.28816872,0.00006104
-1.28784872,0.00006104
-1.28752872,0.00006104
-1.28720872,0.00006104
-1.28688872,0.00006104
-1.28656872,0.00006104
-1.28624872,0.00006104
-1.28592872,0.00006104
-1.28560872,0.00006104
-1.28528872,0.00006104
-1.28496872,0.00006104
-1.28464872,0.00006104
-1.28432872,0.00006104
-1.28400872,0.00006104
-1.28368872,0.00006104
-1.28336872,0.00006104
-1.28304872,0.00006104
-1.28272872,0.00006104
-1.28240872,0.00006104
-1.28208872,0.00006104
-1.28176872,0.00006104
-1.28144872,0.00006104
-1.28112872,0.00006104
-1.28080872,0.00006104
-1.28048872,-0.01770074
-1.28016872,0.00006104
-1.27984872,0.00006104
-1.27952872,0.00006104
-1.27920872,0.00006104
-1.27888872,0.00006104
-1.27856872,0.00006104
-1.27824872,0.00006104
-1.27792872,0.00006104
-1.27760872,0.00006104
-1.27728872,-0.01770074
-1.27696872,0.00006104
-1.27664872,0.00006104
-1.27632872,0.00006104
-1.27600872,0.00006104
-1.27568872,0.00006104
-1.27536872,0.00006104
-1.27504872,-0.01770074
-1.27472872,0.00006104
-1.27440872,0.00006104
-1.27408872,0.00006104
-1.27376872,0.00006104
-1.27344872,0.00006104
-1.27312872,0.00006104
-1.27280872,0.00006104
-1.27248872,0.00006104
-1.27216872,0.00006104
-1.27184872,0.00006104
-1.27152872,0.00006104
-1.27120872,0.00006104
-1.27088872,0.00006104
-1.27056872,0.00006104
-1.27024872,0.00006104
-1.26992872,0.00006104
-1.26960872,0.00006104
-1.26928872,0.00006104
-1.26896872,0.00006104
-1.26864872,0.00006104
-1.26832872,0.00006104
-1.26800872,-0.01770074
-1.26768872,0.00006104
-1.26736872,0.00006104
-1.26704872,0.00006104
-1.26672872,0.00006104
-1.26640872,0.00006104
-1.26608872,0.00006104
-1.26576872,0.00006104
-1.26544872,0.00006104
-1.26512872,0.00006104
-1.26480872,0.00006104
-1.26448872,0.00006104
-1.26416872,0.00006104
-1.26384872,0.00006104
-1.26352872,0.00006104
-1.26320872,0.00006104
-1.26288872,0.00006104
-1.26256872,0.00006104
-1.26224872,0.00006104
-1.26192872,0.00006104
-1.26160872,0.00006104
-1.26128872,0.00006104
-1.26096872,0.00006104
-1.26064872,0.00006104
-1.26032872,0.00006104
-1.26000872,0.00006104
-1.25968872,0.00006104
-1.25936872,0.00006104
-1.25904872,0.00006104
-1.25872872,0.00006104
-1.25840872,0.00006104
-1.25808872,0.00006104
-1.25776872,0.00006104
-1.25744872,0.00006104
-1.25712872,0.00006104
-1.25680872,0.00006104
-1.25648872,0.00006104
-1.25616872,0.00006104
-1.25584872,0.00006104
-1.25552872,0.00006104
-1.25520872,0.00006104
-1.25488872,0.00006104
-1.25456872,0.00006104
-1.25424872,0.00006104
-1.25392872,0.00006104
-1.25360872,0.00006104
-1.25328872,0.00006104
-1.25296872,-0.01770074
-1.25264872,0.00006104
-1.25232872,-0.01770074
-1.25200872,0.00006104
-1.25168872,0.00006104
-1.25136872,0.00006104
-1.25104872,0.00006104
-1.25072872,-0.01770074
-1.25040872,0.00006104
-1.25008872,0.00006104
-1.24976872,0.00006104
-1.24944872,0.00006104
-1.24912872,0.00006104
-1.24880872,0.00006104
-1.24848872,0.00006104
-1.24816872,0.00006104
-1.24784872,-0.01770074
-1.24752872,0.00006104
-1.24720872,0.00006104
-1.24688872,0.00006104
-1.24656872,0.00006104
-1.24624872,0.00006104
-1.24592872,0.00006104
-1.24560872,0.00006104
-1.24528872,0.00006104
-1.24496872,0.00006104
-1.24464872,0.00006104
-1.24432872,0.00006104
-1.24400872,0.00006104
-1.24368872,-0.01770074
-1.24336872,0.00006104
-1.24304872,-0.01770074
-1.24272872,0.00006104
-1.24240872,-0.01770074
-1.24208872,-0.01770074
-1.24176872,0.00006104
-1.24144872,0.00006104
-1.24112872,0.00006104
-1.24080872,0.00006104
-1.24048872,0.00006104
-1.24016872,0.00006104
-1.23984872,0.00006104
-1.23952872,0.00006104
-1.23920872,0.00006104
-1.23888872,0.00006104
-1.23856872,0.00006104
-1.23824872,0.00006104
-1.23792872,0.00006104
-1.23760872,0.00006104
-1.23728872,0.00006104
-1.23696872,0.00006104
-1.23664872,0.00006104
-1.23632872,0.00006104
-1.23600872,0.00006104
-1.23568872,0.00006104
-1.23536872,0.00006104
-1.23504872,0.00006104
-1.23472872,-0.01770074
-1.23440872,0.00006104
-1.23408872,0.00006104
-1.23376872,0.00006104
-1.23344872,0.00006104
-1.23312872,0.00006104
-1.23280872,0.00006104
-1.23248872,0.00006104
-1.23216872,0.00006104
-1.23184872,0.00006104
-1.23152872,0.00006104
-1.23120872,0.00006104
-1.23088872,0.00006104
-1.23056872,0.00006104
-1.23024872,0.00006104
-1.22992872,0.00006104
-1.22960872,0.00006104
-1.22928872,0.00006104
-1.22896872,0.00006104
-1.22864872,0.00006104
-1.22832872,0.00006104
-1.22800872,0.00006104
-1.22768872,0.00006104
-1.22736872,0.00006104
-1.22704872,0.00006104
-1.22672872,-0.01770074
-1.22640872,0.00006104
-1.22608872,0.00006104
-1.22576872,-0.01770074
-1.22544872,0.00006104
-1.22512872,0.00006104
-1.22480872,0.00006104
-1.22448872,0.00006104
-1.22416872,0.00006104
-1.22384872,0.00006104
-1.22352872,0.00006104
-1.22320872,0.00006104
-1.22288872,0.00006104
-1.22256872,0.00006104
-1.22224872,0.00006104
-1.22192872,0.00006104
-1.22160872,0.00006104
-1.22128872,0.00006104
-1.22096872,0.00006104
-1.22064872,0.00006104
-1.22032872,0.00006104
-1.22000872,-0.01770074
-1.21968872,0.00006104
-1.21936872,0.00006104
-1.21904872,0.00006104
-1.21872872,0.00006104
-1.21840872,0.00006104
-1.21808872,0.00006104
-1.21776872,0.00006104
-1.21744872,0.00006104
-1.21712872,0.00006104
-1.21680872,0.00006104
-1.21648872,0.00006104
-1.21616872,0.00006104
-1.21584872,0.00006104
-1.21552872,0.00006104
-1.21520872,0.00006104
-1.21488872,0.00006104
-1.21456872,0.00006104
-1.21424872,0.00006104
-1.21392872,0.00006104
-1.21360872,0.00006104
-1.21328872,0.00006104
-1.21296872,0.00006104
-1.21264872,0.00006104
-1.21232872,0.00006104
-1.21200872,0.00006104
-1.21168872,0.00006104
-1.21136872,0.00006104
-1.21104872,0.00006104
-1.21072872,0.00006104
-1.21040872,0.00006104
-1.21008872,0.00006104
-1.20976872,0.00006104
-1.20944872,0.00006104
-1.20912872,0.00006104
-1.20880872,0.00006104
-1.20848872,0.00006104
-1.20816872,0.00006104
-1.20784872,0.00006104
-1.20752872,0.00006104
-1.20720872,0.00006104
-1.20688872,0.00006104
-1.20656872,0.00006104
-1.20624872,0.00006104
-1.20592872,0.00006104
-1.20560872,0.00006104
-1.20528872,0.00006104
-1.20496872,0.00006104
-1.20464872,0.00006104
-1.20432872,0.00006104
-1.20400872,0.00006104
-1.20368872,0.00006104
-1.20336872,0.00006104
-1.20304872,0.00006104
-1.20272872,0.00006104
-1.20240872,0.00006104
-1.20208872,0.00006104
-1.20176872,0.00006104
-1.20144872,0.00006104
-1.20112872,0.00006104
-1.20080872,0.00006104
-1.20048872,0.00006104
-1.20016872,0.00006104
-1.19984872,0.00006104
-1.19952872,-0.01770074
-1.19920872,0.00006104
-1.19888872,0.00006104
-1.19856872,0.00006104
-1.19824872,0.00006104
-1.19792872,0.00006104
-1.19760872,0.00006104
-1.19728872,0.00006104
-1.19696872,0.00006104
-1.19664872,0.00006104
-1.19632872,0.00006104
-1.19600872,0.00006104
-1.19568872,0.00006104
-1.19536872,0.00006104
-1.19504872,0.00006104
-1.19472872,0.00006104
-1.19440872,0.00006104
-1.19408872,0.00006104
-1.19376872,0.00006104
-1.19344872,0.00006104
-1.19312872,0.00006104
-1.19280872,0.00006104
-1.19248872,0.00006104
-1.19216872,0.00006104
-1.19184872,0.00006104
-1.19152872,0.00006104
-1.19120872,0.00006104
-1.19088872,0.00006104
-1.19056872,0.00006104
-1.19024872,0.00006104
-1.18992872,0.00006104
-1.18960872,0.00006104
-1.18928872,0.00006104
-1.18896872,0.00006104
-1.18864872,-0.01770074
-1.18832872,0.00006104
-1.18800872,0.00006104
-1.18768872,0.00006104
-1.18736872,0.00006104
-1.18704872,0.00006104
-1.18672872,-0.01770074
-1.18640872,0.00006104
-1.18608872,0.00006104
-1.18576872,0.00006104
-1.18544872,0.00006104
-1.18512872,0.00006104
-1.18480872,0.00006104
-1.18448872,0.00006104
-1.18416872,-0.01770074
-1.18384872,0.00006104
-1.18352872,0.00006104
-1.18320872,0.00006104
-1.18288872,0.00006104
-1.18256872,0.00006104
-1.18224872,0.00006104
-1.18192872,0.00006104
-1.18160872,0.00006104
-1.18128872,0.00006104
-1.18096872,-0.01770074
-1.18064872,0.00006104
-1.18032872,0.00006104
-1.18000872,0.00006104
-1.17968872,0.00006104
-1.17936872,0.00006104
-1.17904872,0.00006104
-1.17872872,0.00006104
-1.17840872,0.00006104
-1.17808872,0.00006104
-1.17776872,0.00006104
-1.17744872,0.00006104
-1.17712872,0.00006104
-1.17680872,0.00006104
-1.17648872,0.00006104
-1.17616872,0.00006104
-1.17584872,0.00006104
-1.17552872,0.00006104
-1.17520872,0.00006104
-1.17488872,0.00006104
-1.17456872,0.00006104
-1.17424872,0.00006104
-1.17392872,0.00006104
-1.17360872,0.00006104
-1.17328872,0.00006104
-1.17296872,0.00006104
-1.17264872,0.00006104
-1.17232872,0.00006104
-1.17200872,0.00006104
-1.17168872,0.00006104
-1.17136872,0.00006104
-1.17104872,0.00006104
-1.17072872,0.00006104
-1.17040872,0.00006104
-1.17008872,-0.01770074
-1.16976872,0.00006104
-1.16944872,0.00006104
-1.16912872,0.00006104
-1.16880872,0.00006104
-1.16848872,0.00006104
-1.16816872,0.00006104
-1.16784872,0.00006104
-1.16752872,0.00006104
-1.16720872,0.00006104
-1.16688872,0.00006104
-1.16656872,0.00006104
-1.16624872,0.00006104
-1.16592872,0.00006104
-1.16560872,0.00006104
-1.16528872,0.00006104
-1.16496872,0.00006104
-1.16464872,0.00006104
-1.16432872,0.00006104
-1.16400872,0.00006104
-1.16368872,0.00006104
-1.16336872,-0.01770074
-1.16304872,0.00006104
-1.16272872,0.00006104
-1.16240872,0.00006104
-1.16208872,-0.01770074
-1.16176872,0.00006104
-1.16144872,0.00006104
-1.16112872,0.00006104
-1.16080872,0.00006104
-1.16048872,0.00006104
-1.16016872,0.00006104
-1.15984872,0.00006104
-1.15952872,0.00006104
-1.15920872,0.00006104
-1.15888872,0.00006104
-1.15856872,0.00006104
-1.15824872,0.00006104
-1.15792872,0.00006104
-1.15760872,0.00006104
-1.15728872,0.00006104
-1.15696872,0.00006104
-1.15664872,0.00006104
-1.15632872,0.00006104
-1.15600872,0.00006104
-1.15568872,0.00006104
-1.15536872,0.00006104
-1.15504872,0.00006104
-1.15472872,0.00006104
-1.15440872,0.00006104
-1.15408872,-0.01770074
-1.15376872,0.00006104
-1.15344872,0.00006104
-1.15312872,0.00006104
-1.15280872,0.00006104
-1.15248872,0.00006104
-1.15216872,0.00006104
-1.15184872,0.00006104
-1.15152872,0.00006104
-1.15120872,0.00006104
-1.15088872,0.00006104
-1.15056872,0.00006104
-1.15024872,0.00006104
-1.14992872,0.00006104
-1.14960872,0.00006104
-1.14928872,0.00006104
-1.14896872,0.00006104
-1.14864872,0.00006104
-1.14832872,0.00006104
-1.14800872,0.00006104
-1.14768872,0.00006104
-1.14736872,0.00006104
-1.14704872,0.00006104
-1.14672872,0.00006104
-1.14640872,0.00006104
-1.14608872,0.00006104
-1.14576872,0.00006104
-1.14544872,0.00006104
-1.14512872,0.00006104
-1.14480872,0.00006104
-1.14448872,0.00006104
-1.14416872,0.00006104
-1.14384872,-0.01770074
-1.14352872,0.00006104
-1.14320872,0.00006104
-1.14288872,0.00006104
-1.14256872,0.00006104
-1.14224872,0.00006104
-1.14192872,0.00006104
-1.14160872,0.00006104
-1.14128872,0.00006104
-1.14096872,0.00006104
-1.14064872,0.00006104
-1.14032872,0.00006104
-1.14000872,0.00006104
-1.13968872,0.00006104
-1.13936872,0.00006104
-1.13904872,0.00006104
-1.13872872,0.00006104
-1.13840872,0.00006104
-1.13808872,0.00006104
-1.13776872,0.00006104
-1.13744872,0.00006104
-1.13712872,0.00006104
-1.13680872,0.00006104
-1.13648872,0.00006104
-1.13616872,0.00006104
-1.13584872,0.00006104
-1.13552872,-0.01770074
-1.13520872,0.00006104
-1.13488872,0.00006104
-1.13456872,0.00006104
-1.13424872,0.00006104
-1.13392872,0.00006104
-1.13360872,0.00006104
-1.13328872,0.00006104
-1.13296872,0.00006104
-1.13264872,0.00006104
-1.13232872,0.00006104
-1.13200872,0.00006104
-1.13168872,0.00006104
-1.13136872,0.00006104
-1.13104872,0.00006104
-1.13072872,0.00006104
-1.13040872,0.00006104
-1.13008872,0.00006104
-1.12976872,0.00006104
-1.12944872,0.00006104
-1.12912872,0.00006104
-1.12880872,0.00006104
-1.12848872,0.00006104
-1.12816872,0.00006104
-1.12784872,0.00006104
-1.12752872,0.00006104
-1.12720872,0.00006104
-1.12688872,0.00006104
-1.12656872,0.00006104
-1.12624872,0.00006104
-1.12592872,0.00006104
-1.12560872,0.00006104
-1.12528872,0.00006104
-1.12496872,0.00006104
-1.12464872,0.00006104
-1.12432872,0.00006104
-1.12400872,0.00006104
-1.12368872,0.00006104
-1.12336872,0.00006104
-1.12304872,0.00006104
-1.12272872,0.00006104
-1.12240872,0.00006104
-1.12208872,0.00006104
-1.12176872,0.00006104
-1.12144872,0.00006104
-1.12112872,0.00006104
-1.12080872,0.00006104
-1.12048872,0.00006104
-1.12016872,0.00006104
-1.11984872,-0.01770074
-1.11952872,0.00006104
-1.11920872,0.00006104
-1.11888872,0.00006104
-1.11856872,0.00006104
-1.11824872,0.00006104
-1.11792872,0.00006104
-1.11760872,0.00006104
-1.11728872,0.00006104
-1.11696872,0.00006104
-1.11664872,0.00006104
-1.11632872,0.00006104
-1.11600872,0.00006104
-1.11568872,-0.01770074
-1.11536872,0.00006104
-1.11504872,0.00006104
-1.11472872,0.00006104
-1.11440872,0.00006104
-1.11408872,0.00006104
-1.11376872,0.00006104
-1.11344872,0.00006104
-1.11312872,0.00006104
-1.11280872,0.00006104
-1.11248872,0.00006104
-1.11216872,-0.01770074
-1.11184872,0.00006104
-1.11152872,0.00006104
-1.11120872,0.00006104
-1.11088872,0.00006104
-1.11056872,0.00006104
-1.11024872,0.00006104
-1.10992872,0.00006104
-1.10960872,0.00006104
-1.10928872,0.00006104
-1.10896872,0.00006104
-1.10864872,0.00006104
-1.10832872,0.00006104
-1.10800872,0.00006104
-1.10768872,0.00006104
-1.10736872,0.00006104
-1.10704872,0.00006104
-1.10672872,0.00006104
-1.10640872,0.00006104
-1.10608872,0.00006104
-1.10576872,0.00006104
-1.10544872,0.00006104
-1.10512872,0.00006104
-1.10480872,0.00006104
-1.10448872,-0.01770074
-1.10416872,0.00006104
-1.10384872,0.00006104
-1.10352872,0.00006104
-1.10320872,0.00006104
-1.10288872,0.00006104
-1.10256872,0.00006104
-1.10224872,0.00006104
-1.10192872,0.00006104
-1.10160872,0.00006104
-1.10128872,0.00006104
-1.10096872,0.00006104
-1.10064872,0.00006104
-1.10032872,0.00006104
-1.10000872,0.00006104
-1.09968872,0.00006104
-1.09936872,-0.01770074
-1.09904872,0.00006104
-1.09872872,0.00006104
-1.09840872,0.00006104
-1.09808872,0.00006104
-1.09776872,-0.01770074
-1.09744872,0.00006104
-1.09712872,0.00006104
-1.09680872,0.00006104
-1.09648872,0.00006104
-1.09616872,0.00006104
-1.09584872,0.00006104
-1.09552872,0.00006104
-1.09520872,0.00006104
-1.09488872,0.00006104
-1.09456872,0.00006104
-1.09424872,0.00006104
-1.09392872,0.00006104
-1.09360872,0.00006104
-1.09328872,0.00006104
-1.09296872,0.00006104
-1.09264872,0.00006104
-1.09232872,0.00006104
-1.09200872,0.00006104
-1.09168872,0.00006104
-1.09136872,0.00006104
-1.09104872,0.00006104
-1.09072872,0.00006104
-1.09040872,-0.01770074
-1.09008872,0.00006104
-1.08976872,0.00006104
-1.08944872,0.00006104
-1.08912872,0.00006104
-1.08880872,0.00006104
-1.08848872,0.00006104
-1.08816872,0.00006104
-1.08784872,0.00006104
-1.08752872,0.00006104
-1.08720872,0.00006104
-1.08688872,0.00006104
-1.08656872,0.00006104
-1.08624872,0.00006104
-1.08592872,0.00006104
-1.08560872,0.00006104
-1.08528872,0.00006104
-1.08496872,0.00006104
-1.08464872,0.00006104
-1.08432872,-0.01770074
-1.08400872,0.00006104
-1.08368872,0.00006104
-1.08336872,0.00006104
-1.08304872,0.00006104
-1.08272872,0.00006104
-1.08240872,0.00006104
-1.08208872,0.00006104
-1.08176872,0.00006104
-1.08144872,0.00006104
-1.08112872,0.00006104
-1.08080872,0.00006104
-1.08048872,0.00006104
-1.08016872,0.00006104
-1.07984872,0.00006104
-1.07952872,0.00006104
-1.07920872,0.00006104
-1.07888872,0.00006104
-1.07856872,0.00006104
-1.07824872,0.00006104
-1.07792872,0.00006104
-1.07760872,0.00006104
-1.07728872,0.00006104
-1.07696872,0.00006104
-1.07664872,0.00006104
-1.07632872,0.00006104
-1.07600872,0.00006104
-1.07568872,0.00006104
-1.07536872,0.00006104
-1.07504872,0.00006104
-1.07472872,0.00006104
-1.07440872,0.00006104
-1.07408872,0.00006104
-1.07376872,0.00006104
-1.07344872,0.00006104
-1.07312872,0.00006104
-1.07280872,0.00006104
-1.07248872,0.00006104
-1.07216872,0.00006104
-1.07184872,0.00006104
-1.07152872,0.00006104
-1.07120872,0.00006104
-1.07088872,0.00006104
-1.07056872,0.00006104
-1.07024872,-0.01770074
-1.06992872,0.00006104
-1.06960872,0.00006104
-1.06928872,0.00006104
-1.06896872,0.00006104
-1.06864872,0.00006104
-1.06832872,0.00006104
-1.06800872,0.00006104
-1.06768872,0.00006104
-1.06736872,0.00006104
-1.06704872,0.00006104
-1.06672872,0.00006104
-1.06640872,0.00006104
-1.06608872,0.00006104
-1.06576872,0.00006104
-1.06544872,0.00006104
-1.06512872,0.00006104
-1.06480872,0.00006104
-1.06448872,0.00006104
-1.06416872,0.00006104
-1.06384872,0.00006104
-1.06352872,0.00006104
-1.06320872,0.00006104
-1.06288872,0.00006104
-1.06256872,0.00006104
-1.06224872,0.00006104
-1.06192872,0.00006104
-1.06160872,0.00006104
-1.06128872,0.00006104
-1.06096872,0.00006104
-1.06064872,0.00006104
-1.06032872,0.00006104
-1.06000872,0.00006104
-1.05968872,0.00006104
-1.05936872,-0.01770074
-1.05904872,0.00006104
-1.05872872,0.00006104
-1.05840872,0.00006104
-1.05808872,0.00006104
-1.05776872,0.00006104
-1.05744872,0.00006104
-1.05712872,0.00006104
-1.05680872,0.00006104
-1.05648872,0.00006104
-1.05616872,0.00006104
-1.05584872,0.00006104
-1.05552872,0.00006104
-1.05520872,0.00006104
-1.05488872,0.00006104
-1.05456872,0.00006104
-1.05424872,0.00006104
-1.05392872,0.00006104
-1.05360872,0.00006104
-1.05328872,-0.01770074
-1.05296872,0.00006104
-1.05264872,0.00006104
-1.05232872,0.00006104
-1.05200872,0.00006104
-1.05168872,0.00006104
-1.05136872,0.00006104
-1.05104872,0.00006104
-1.05072872,0.00006104
-1.05040872,0.00006104
-1.05008872,0.00006104
-1.04976872,0.00006104
-1.04944872,0.00006104
-1.04912872,0.00006104
-1.04880872,0.00006104
-1.04848872,0.00006104
-1.04816872,0.00006104
-1.04784872,0.00006104
-1.04752872,-0.01770074
-1.04720872,0.00006104
-1.04688872,0.00006104
-1.04656872,0.00006104
-1.04624872,0.00006104
-1.04592872,0.00006104
-1.04560872,0.00006104
-1.04528872,0.00006104
-1.04496872,0.00006104
-1.04464872,0.00006104
-1.04432872,0.00006104
-1.04400872,0.00006104
-1.04368872,0.00006104
-1.04336872,0.00006104
-1.04304872,0.00006104
-1.04272872,0.00006104
-1.04240872,0.00006104
-1.04208872,0.00006104
-1.04176872,0.00006104
-1.04144872,0.00006104
-1.04112872,0.00006104
-1.04080872,0.00006104
-1.04048872,0.00006104
-1.04016872,0.00006104
-1.03984872,0.00006104
-1.03952872,0.00006104
-1.03920872,0.00006104
-1.03888872,0.00006104
-1.03856872,0.00006104
-1.03824872,0.00006104
-1.03792872,0.00006104
-1.03760872,0.00006104
-1.03728872,0.00006104
-1.03696872,-0.01770074
-1.03664872,0.00006104
-1.03632872,0.00006104
-1.03600872,0.00006104
-1.03568872,0.00006104
-1.03536872,0.00006104
-1.03504872,0.00006104
-1.03472872,0.00006104
-1.03440872,0.00006104
-1.03408872,0.00006104
-1.03376872,0.00006104
-1.03344872,0.00006104
-1.03312872,0.00006104
-1.03280872,-0.01770074
-1.03248872,0.00006104
-1.03216872,0.00006104
-1.03184872,0.01788385
-1.03152872,0.00006104
-1.03120872,0.00006104
-1.03088872,0.00006104
-1.03056872,0.00006104
-1.03024872,0.00006104
-1.02992872,0.00006104
-1.02960872,0.00006104
-1.02928872,-0.01770074
-1.02896872,0.00006104
-1.02864872,0.00006104
-1.02832872,0.00006104
-1.02800872,0.00006104
-1.02768872,0.00006104
-1.02736872,0.00006104
-1.02704872,0.00006104
-1.02672872,0.00006104
-1.02640872,-0.01770074
-1.02608872,0.00006104
-1.02576872,0.00006104
-1.02544872,0.00006104
-1.02512872,0.00006104
-1.02480872,0.00006104
-1.02448872,0.00006104
-1.02416872,0.00006104
-1.02384872,0.00006104
-1.02352872,0.00006104
-1.02320872,0.00006104
-1.02288872,0.00006104
-1.02256872,0.00006104
-1.02224872,0.00006104
-1.02192872,0.00006104
-1.02160872,0.00006104
-1.02128872,0.00006104
-1.02096872,0.00006104
-1.02064872,-0.01770074
-1.02032872,0.00006104
-1.02000872,0.00006104
-1.01968872,0.00006104
-1.01936872,0.00006104
-1.01904872,0.00006104
-1.01872872,0.00006104
-1.01840872,0.00006104
-1.01808872,0.00006104
-1.01776872,0.00006104
-1.01744872,0.00006104
-1.01712872,0.00006104
-1.01680872,0.00006104
-1.01648872,0.00006104
-1.01616872,0.00006104
-1.01584872,0.00006104
-1.01552872,0.00006104
-1.01520872,0.00006104
-1.01488872,0.00006104
-1.01456872,0.00006104
-1.01424872,0.00006104
-1.01392872,-0.01770074
-1.01360872,0.00006104
-1.01328872,0.00006104
-1.01296872,0.00006104
-1.01264872,-0.01770074
-1.01232872,0.00006104
-1.01200872,0.00006104
-1.01168872,0.00006104
-1.01136872,0.00006104
-1.01104872,0.00006104
-1.01072872,0.00006104
-1.01040872,0.00006104
-1.01008872,0.00006104
-1.00976872,0.00006104
-1.00944872,0.00006104
-1.00912872,0.00006104
-1.00880872,0.00006104
-1.00848872,0.00006104
-1.00816872,0.00006104
-1.00784872,0.00006104
-1.00752872,0.00006104
-1.00720872,0.00006104
-1.00688872,0.00006104
-1.00656872,0.00006104
-1.00624872,0.00006104
-1.00592872,0.00006104
-1.00560872,0.00006104
-1.00528872,0.00006104
-1.00496872,0.00006104
-1.00464872,0.00006104
-1.00432872,0.00006104
-1.00400872,0.00006104
-1.00368872,0.00006104
-1.00336872,0.00006104
-1.00304872,0.00006104
-1.00272872,0.00006104
-1.00240872,0.00006104
-1.00208872,0.00006104
-1.00176872,0.00006104
-1.00144872,0.00006104
-1.00112872,-1.69096959
-1.00080872,-1.65538502
-1.00048872,-0.19574572
-1.00016872,0.28485978
-0.99984872,0.17804499
-0.99952872,0.03570665
-0.99920872,-0.03552354
-0.99888872,-0.03552354
-0.99856872,-0.03552354
-0.99824872,-0.03552354
-0.99792872,-∞
-0.99760872,0.74764246
-0.99728872,0.80104983
-0.99696872,0.03570665
-0.99664872,-0.10669271
-0.99632872,-0.01770074
-0.99600872,0.03570665
-0.99568872,0.03570665
-0.99536872,0.03570665
-0.99504872,0.01788385
-0.99472872,0.01788385
-0.99440872,0.00006104
-0.99408872,0.00006104
-0.99376872,0.01788385
-0.99344872,0.01788385
-0.99312872,0.01788385
-0.99280872,0.01788385
-0.99248872,0.00006104
-0.99216872,0.00006104
-0.99184872,0.01788385
-0.99152872,0.01788385
-0.99120872,0.01788385
-0.99088872,0.05346843
-0.99056872,0.05346843
-0.99024872,0.07129124
-0.98992872,0.07129124
-0.98960872,0.05346843
-0.98928872,0.07129124
-0.98896872,0.05346843
-0.98864872,0.03570665
-0.98832872,0.07129124
-0.98800872,0.07129124
-0.98768872,0.03570665
-0.98736872,0.01788385
-0.98704872,0.01788385
-0.98672872,0.01788385
-0.98640872,0.00006104
-0.98608872,-0.01770074
-0.98576872,-0.01770074
-0.98544872,-0.03552354
-0.98512872,-0.01770074
-0.98480872,0.01788385
-0.98448872,-0.01770074
-0.98416872,0.01788385
-0.98384872,0.03570665
-0.98352872,-0.03552354
-0.98320872,0.01788385
-0.98288872,0.00006104
-0.98256872,-0.03552354
-0.98224872,0.03570665
-0.98192872,0.03570665
-0.98160872,0.00006104
-0.98128872,0.03570665
-0.98096872,0.03570665
-0.98064872,0.01788385
-0.98032872,0.01788385
-0.98000872,0.01788385
-0.97968872,0.01788385
-0.97936872,0.01788385
-0.97904872,0.03570665
-0.97872872,0.01788385
-0.97840872,0.00006104
-0.97808872,0.00006104
-0.97776872,0.01788385
-0.97744872,0.00006104
-0.97712872,0.01788385
-0.97680872,0.00006104
-0.97648872,-0.01770074
-0.97616872,0.00006104
-0.97584872,0.01788385
-0.97552872,0.00006104
-0.97520872,0.00006104
-0.97488872,0.01788385
-0.97456872,0.01788385
-0.97424872,0.01788385
-0.97392872,0.01788385
-0.97360872,0.00006104
-0.97328872,0.01788385
-0.97296872,0.01788385
-0.97264872,0.00006104
-0.97232872,0.01788385
-0.97200872,0.01788385
-0.97168872,0.00006104
-0.97136872,0.00006104
-0.97104872,0.00006104
-0.97072872,0.00006104
-0.97040872,0.00006104
-0.97008872,0.00006104
-0.96976872,-0.01770074
-0.96944872,0.00006104
-0.96912872,0.00006104
-0.96880872,0.00006104
-0.96848872,0.00006104
-0.96816872,0.01788385
-0.96784872,0.01788385
-0.96752872,0.01788385
-0.96720872,0.00006104
-0.96688872,0.00006104
-0.96656872,0.01788385
-0.96624872,0.01788385
-0.96592872,0.00006104
-0.96560872,0.00006104
-0.96528872,0.00006104
-0.96496872,0.00006104
-0.96464872,0.00006104
-0.96432872,-0.01770074
-0.96400872,0.00006104
-0.96368872,0.00006104
-0.96336872,0.00006104
-0.96304872,0.00006104
-0.96272872,0.00006104
-0.96240872,0.00006104
-0.96208872,0.00006104
-0.96176872,0.00006104
-0.96144872,0.00006104
-0.96112872,0.00006104
-0.96080872,0.00006104
-0.96048872,-0.01770074
-0.96016872,0.00006104
-0.95984872,0.00006104
-0.95952872,0.00006104
-0.95920872,0.00006104
-0.95888872,0.00006104
-0.95856872,-0.01770074
-0.95824872,-0.01770074
-0.95792872,0.00006104
-0.95760872,0.00006104
-0.95728872,0.00006104
-0.95696872,0.00006104
-0.95664872,0.00006104
-0.95632872,0.01788385
-0.95600872,0.00006104
-0.95568872,0.01788385
-0.95536872,0.00006104
-0.95504872,0.00006104
-0.95472872,0.00006104
-0.95440872,0.00006104
-0.95408872,0.00006104
-0.95376872,0.01788385
-0.95344872,0.00006104
-0.95312872,0.00006104
-0.95280872,0.00006104
-0.95248872,0.00006104
-0.95216872,-0.01770074
-0.95184872,-0.01770074
-0.95152872,0.00006104
-0.95120872,-0.01770074
-0.95088872,0.00006104
-0.95056872,0.00006104
-0.95024872,0.00006104
-0.94992872,0.00006104
-0.94960872,0.00006104
-0.94928872,0.00006104
-0.94896872,0.00006104
-0.94864872,0.00006104
-0.94832872,0.00006104
-0.94800872,0.00006104
-0.94768872,0.00006104
-0.94736872,0.00006104
-0.94704872,0.00006104
-0.94672872,0.00006104
-0.94640872,0.00006104
-0.94608872,0.00006104
-0.94576872,0.00006104
-0.94544872,0.00006104
-0.94512872,0.00006104
-0.94480872,0.00006104
-0.94448872,0.00006104
-0.94416872,0.00006104
-0.94384872,0.00006104
-0.94352872,0.00006104
-0.94320872,0.00006104
-0.94288872,0.00006104
-0.94256872,0.00006104
-0.94224872,0.00006104
-0.94192872,0.00006104
-0.94160872,0.00006104
-0.94128872,0.00006104
-0.94096872,0.00006104
-0.94064872,0.00006104
-0.94032872,0.00006104
-0.94000872,0.00006104
-0.93968872,0.00006104
-0.93936872,0.00006104
-0.93904872,0.00006104
-0.93872872,0.00006104
-0.93840872,0.00006104
-0.93808872,0.00006104
-0.93776872,0.00006104
-0.93744872,0.00006104
-0.93712872,0.00006104
-0.93680872,0.00006104
-0.93648872,0.00006104
-0.93616872,-0.01770074
-0.93584872,0.00006104
-0.93552872,0.00006104
-0.93520872,0.00006104
-0.93488872,0.00006104
-0.93456872,0.00006104
-0.93424872,0.00006104
-0.93392872,0.00006104
-0.93360872,0.00006104
-0.93328872,0.00006104
-0.93296872,0.00006104
-0.93264872,0.00006104
-0.93232872,0.00006104
-0.93200872,0.00006104
-0.93168872,0.00006104
-0.93136872,0.00006104
-0.93104872,0.00006104
-0.93072872,0.00006104
-0.93040872,0.00006104
-0.93008872,0.00006104
-0.92976872,0.00006104
-0.92944872,0.00006104
-0.92912872,0.00006104
-0.92880872,0.00006104
-0.92848872,0.00006104
-0.92816872,0.00006104
-0.92784872,0.00006104
-0.92752872,0.00006104
-0.92720872,0.00006104
-0.92688872,0.00006104
-0.92656872,-0.01770074
-0.92624872,0.00006104
-0.92592872,0.00006104
-0.92560872,0.00006104
-0.92528872,0.00006104
-0.92496872,0.00006104
-0.92464872,0.00006104
-0.92432872,0.00006104
-0.92400872,0.00006104
-0.92368872,0.00006104
-0.92336872,0.00006104
-0.92304872,0.00006104
-0.92272872,0.00006104
-0.92240872,0.00006104
-0.92208872,0.00006104
-0.92176872,0.00006104
-0.92144872,0.00006104
-0.92112872,0.00006104
-0.92080872,-0.01770074
-0.92048872,0.00006104
-0.92016872,0.00006104
-0.91984872,0.00006104
-0.91952872,0.00006104
-0.91920872,0.00006104
-0.91888872,0.00006104
-0.91856872,0.00006104
-0.91824872,0.00006104
-0.91792872,0.00006104
-0.91760872,0.00006104
-0.91728872,0.00006104
-0.91696872,0.00006104
-0.91664872,0.00006104
-0.91632872,0.00006104
-0.91600872,0.00006104
-0.91568872,0.00006104
-0.91536872,0.00006104
-0.91504872,0.00006104
-0.91472872,0.00006104
-0.91440872,0.00006104
-0.91408872,0.00006104
-0.91376872,0.00006104
-0.91344872,0.00006104
-0.91312872,0.00006104
-0.91280872,0.00006104
-0.91248872,0.00006104
-0.91216872,0.00006104
-0.91184872,0.00006104
-0.91152872,0.00006104
-0.91120872,0.00006104
-0.91088872,0.00006104
-0.91056872,0.00006104
-0.91024872,0.00006104
-0.90992872,0.00006104
-0.90960872,0.00006104
-0.90928872,0.00006104
-0.90896872,0.00006104
-0.90864872,-0.01770074
-0.90832872,0.00006104
-0.90800872,0.00006104
-0.90768872,0.00006104
-0.90736872,0.00006104
-0.90704872,0.00006104
-0.90672872,0.00006104
-0.90640872,0.00006104
-0.90608872,0.00006104
-0.90576872,0.00006104
-0.90544872,0.00006104
-0.90512872,0.00006104
-0.90480872,0.00006104
-0.90448872,0.00006104
-0.90416872,0.00006104
-0.90384872,0.00006104
-0.90352872,0.00006104
-0.90320872,0.00006104
-0.90288872,0.00006104
-0.90256872,0.00006104
-0.90224872,0.00006104
-0.90192872,0.00006104
-0.90160872,0.00006104
-0.90128872,0.00006104
-0.90096872,0.00006104
-0.90064872,0.00006104
-0.90032872,0.00006104
-0.90000872,0.00006104
-0.89968872,0.00006104
-0.89936872,0.00006104
-0.89904872,0.00006104
-0.89872872,0.00006104
-0.89840872,0.00006104
-0.89808872,0.00006104
-0.89776872,0.00006104
-0.89744872,-0.01770074
-0.89712872,0.00006104
-0.89680872,0.00006104
-0.89648872,0.00006104
-0.89616872,0.00006104
-0.89584872,0.00006104
-0.89552872,0.00006104
-0.89520872,0.00006104
-0.89488872,0.00006104
-0.89456872,0.00006104
-0.89424872,0.00006104
-0.89392872,0.00006104
-0.89360872,0.00006104
-0.89328872,0.00006104
-0.89296872,0.00006104
-0.89264872,0.00006104
-0.89232872,0.00006104
-0.89200872,0.00006104
-0.89168872,0.00006104
-0.89136872,0.00006104
-0.89104872,0.00006104
-0.89072872,0.00006104
-0.89040872,0.00006104
-0.89008872,0.00006104
-0.88976872,0.00006104
-0.88944872,0.00006104
-0.88912872,0.00006104
-0.88880872,0.00006104
-0.88848872,0.00006104
-0.88816872,0.00006104
-0.88784872,0.00006104
-0.88752872,-0.01770074
-0.88720872,0.00006104
-0.88688872,0.00006104
-0.88656872,0.00006104
-0.88624872,0.00006104
-0.88592872,0.00006104
-0.88560872,0.00006104
-0.88528872,0.00006104
-0.88496872,0.00006104
-0.88464872,0.00006104
-0.88432872,0.00006104
-0.88400872,0.00006104
-0.88368872,0.00006104
-0.88336872,0.00006104
-0.88304872,0.00006104
-0.88272872,0.00006104
-0.88240872,0.00006104
-0.88208872,0.00006104
-0.88176872,0.00006104
-0.88144872,0.00006104
-0.88112872,-0.01770074
-0.88080872,0.00006104
-0.88048872,0.00006104
-0.88016872,0.00006104
-0.87984872,0.00006104
-0.87952872,0.00006104
-0.87920872,0.00006104
-0.87888872,0.00006104
-0.87856872,0.00006104
-0.87824872,0.00006104
-0.87792872,0.00006104
-0.87760872,0.00006104
-0.87728872,0.00006104
-0.87696872,0.00006104
-0.87664872,0.00006104
-0.87632872,0.00006104
-0.87600872,0.00006104
-0.87568872,0.00006104
-0.87536872,0.00006104
-0.87504872,0.00006104
-0.87472872,0.00006104
-0.87440872,0.00006104
-0.87408872,0.00006104
-0.87376872,0.00006104
-0.87344872,0.00006104
-0.87312872,0.00006104
-0.87280872,0.00006104
-0.87248872,0.00006104
-0.87216872,0.00006104
-0.87184872,0.00006104
-0.87152872,-0.01770074
-0.87120872,0.00006104
-0.87088872,0.00006104
-0.87056872,0.00006104
-0.87024872,0.00006104
-0.86992872,0.00006104
-0.86960872,0.00006104
-0.86928872,0.00006104
-0.86896872,0.00006104
-0.86864872,0.00006104
-0.86832872,0.00006104
-0.86800872,0.00006104
-0.86768872,0.00006104
-0.86736872,0.00006104
-0.86704872,0.00006104
-0.86672872,0.00006104
-0.86640872,0.00006104
-0.86608872,0.00006104
-0.86576872,0.00006104
-0.86544872,0.00006104
-0.86512872,-0.01770074
-0.86480872,-0.01770074
-0.86448872,-0.01770074
-0.86416872,0.00006104
-0.86384872,0.00006104
-0.86352872,0.00006104
-0.86320872,0.00006104
-0.86288872,0.00006104
-0.86256872,-0.01770074
-0.86224872,0.00006104
-0.86192872,0.00006104
-0.86160872,0.00006104
-0.86128872,0.00006104
-0.86096872,0.00006104
-0.86064872,0.00006104
-0.86032872,0.00006104
-0.86000872,0.00006104
-0.85968872,0.00006104
-0.85936872,0.00006104
-0.85904872,0.00006104
-0.85872872,0.00006104
-0.85840872,0.00006104
-0.85808872,0.00006104
-0.85776872,0.00006104
-0.85744872,0.00006104
-0.85712872,0.00006104
-0.85680872,0.00006104
-0.85648872,0.00006104
-0.85616872,0.00006104
-0.85584872,0.00006104
-0.85552872,0.00006104
-0.85520872,0.00006104
-0.85488872,0.00006104
-0.85456872,0.00006104
-0.85424872,0.00006104
-0.85392872,0.00006104
-0.85360872,0.00006104
-0.85328872,0.00006104
-0.85296872,0.00006104
-0.85264872,0.00006104
-0.85232872,0.00006104
-0.85200872,0.00006104
-0.85168872,0.00006104
-0.85136872,0.00006104
-0.85104872,0.00006104
-0.85072872,0.00006104
-0.85040872,0.00006104
-0.85008872,0.00006104
-0.84976872,0.00006104
-0.84944872,0.00006104
-0.84912872,0.00006104
-0.84880872,0.00006104
-0.84848872,0.00006104
-0.84816872,0.00006104
-0.84784872,0.00006104
-0.84752872,0.00006104
-0.84720872,0.00006104
-0.84688872,0.00006104
-0.84656872,0.00006104
-0.84624872,0.00006104
-0.84592872,0.00006104
-0.84560872,0.00006104
-0.84528872,0.00006104
-0.84496872,0.00006104
-0.84464872,0.00006104
-0.84432872,0.00006104
-0.84400872,0.00006104
-0.84368872,0.00006104
-0.84336872,0.00006104
-0.84304872,0.00006104
-0.84272872,0.00006104
-0.84240872,0.00006104
-0.84208872,0.00006104
-0.84176872,0.00006104
-0.84144872,0.00006104
-0.84112872,0.00006104
-0.84080872,0.00006104
-0.84048872,0.00006104
-0.84016872,0.00006104
-0.83984872,0.00006104
-0.83952872,0.00006104
-0.83920872,0.00006104
-0.83888872,0.00006104
-0.83856872,0.00006104
-0.83824872,0.00006104
-0.83792872,0.00006104
-0.83760872,0.00006104
-0.83728872,-0.01770074
-0.83696872,0.00006104
-0.83664872,0.00006104
-0.83632872,0.00006104
-0.83600872,0.00006104
-0.83568872,0.00006104
-0.83536872,0.00006104
-0.83504872,0.00006104
-0.83472872,0.00006104
-0.83440872,0.00006104
-0.83408872,0.00006104
-0.83376872,0.00006104
-0.83344872,0.00006104
-0.83312872,0.00006104
-0.83280872,0.00006104
-0.83248872,0.00006104
-0.83216872,0.00006104
-0.83184872,0.00006104
-0.83152872,0.00006104
-0.83120872,0.00006104
-0.83088872,0.00006104
-0.83056872,0.00006104
-0.83024872,0.00006104
-0.82992872,0.00006104
-0.82960872,0.00006104
-0.82928872,0.00006104
-0.82896872,0.00006104
-0.82864872,0.00006104
-0.82832872,0.00006104
-0.82800872,0.00006104
-0.82768872,0.00006104
-0.82736872,0.00006104
-0.82704872,0.00006104
-0.82672872,-0.01770074
-0.82640872,0.00006104
-0.82608872,0.00006104
-0.82576872,0.00006104
-0.82544872,0.00006104
-0.82512872,0.00006104
-0.82480872,0.00006104
-0.82448872,0.00006104
-0.82416872,0.00006104
-0.82384872,0.00006104
-0.82352872,0.00006104
-0.82320872,0.00006104
-0.82288872,0.00006104
-0.82256872,0.00006104
-0.82224872,0.00006104
-0.82192872,0.00006104
-0.82160872,0.00006104
-0.82128872,0.00006104
-0.82096872,0.00006104
-0.82064872,0.00006104
-0.82032872,0.00006104
-0.82000872,0.00006104
-0.81968872,0.00006104
-0.81936872,-0.01770074
-0.81904872,0.00006104
-0.81872872,0.00006104
-0.81840872,0.00006104
-0.81808872,0.00006104
-0.81776872,0.00006104
-0.81744872,0.00006104
-0.81712872,0.00006104
-0.81680872,0.00006104
-0.81648872,0.00006104
-0.81616872,0.00006104
-0.81584872,0.00006104
-0.81552872,0.00006104
-0.81520872,0.00006104
-0.81488872,0.00006104
-0.81456872,0.00006104
-0.81424872,0.00006104
-0.81392872,0.00006104
-0.81360872,0.00006104
-0.81328872,0.00006104
-0.81296872,0.00006104
-0.81264872,0.00006104
-0.81232872,0.00006104
-0.81200872,0.00006104
-0.81168872,0.00006104
-0.81136872,0.00006104
-0.81104872,0.00006104
-0.81072872,0.00006104
-0.81040872,0.00006104
-0.81008872,0.00006104
-0.80976872,0.00006104
-0.80944872,0.00006104
-0.80912872,0.00006104
-0.80880872,0.00006104
-0.80848872,-0.01770074
-0.80816872,0.00006104
-0.80784872,0.00006104
-0.80752872,-0.01770074
-0.80720872,0.00006104
-0.80688872,0.00006104
-0.80656872,0.00006104
-0.80624872,0.00006104
-0.80592872,0.00006104
-0.80560872,0.00006104
-0.80528872,0.00006104
-0.80496872,0.00006104
-0.80464872,0.00006104
-0.80432872,0.00006104
-0.80400872,0.00006104
-0.80368872,0.00006104
-0.80336872,0.00006104
-0.80304872,0.00006104
-0.80272872,0.00006104
-0.80240872,0.00006104
-0.80208872,0.00006104
-0.80176872,0.00006104
-0.80144872,-0.01770074
-0.80112872,0.00006104
-0.80080872,0.00006104
-0.80048872,0.00006104
-0.80016872,0.00006104
-0.79984872,0.00006104
-0.79952872,0.00006104
-0.79920872,0.00006104
-0.79888872,0.00006104
-0.79856872,0.00006104
-0.79824872,0.00006104
-0.79792872,0.00006104
-0.79760872,0.00006104
-0.79728872,0.00006104
-0.79696872,0.00006104
-0.79664872,0.01788385
-0.79632872,0.00006104
-0.79600872,0.00006104
-0.79568872,-0.01770074
-0.79536872,0.00006104
-0.79504872,0.00006104
-0.79472872,0.00006104
-0.79440872,0.00006104
-0.79408872,0.00006104
-0.79376872,0.00006104
-0.79344872,0.00006104
-0.79312872,0.00006104
-0.79280872,-0.01770074
-0.79248872,0.00006104
-0.79216872,0.00006104
-0.79184872,-0.01770074
-0.79152872,0.00006104
-0.79120872,0.00006104
-0.79088872,0.00006104
-0.79056872,0.00006104
-0.79024872,0.00006104
-0.78992872,0.00006104
-0.78960872,0.00006104
-0.78928872,0.00006104
-0.78896872,0.00006104
-0.78864872,0.00006104
-0.78832872,-0.01770074
-0.78800872,0.00006104
-0.78768872,0.00006104
-0.78736872,0.00006104
-0.78704872,0.00006104
-0.78672872,0.00006104
-0.78640872,0.00006104
-0.78608872,0.00006104
-0.78576872,0.00006104
-0.78544872,0.00006104
-0.78512872,0.00006104
-0.78480872,0.00006104
-0.78448872,0.00006104
-0.78416872,0.00006104
-0.78384872,0.00006104
-0.78352872,0.00006104
-0.78320872,0.00006104
-0.78288872,0.00006104
-0.78256872,0.00006104
-0.78224872,0.00006104
-0.78192872,0.00006104
-0.78160872,0.00006104
-0.78128872,0.00006104
-0.78096872,0.00006104
-0.78064872,0.00006104
-0.78032872,0.00006104
-0.78000872,0.00006104
-0.77968872,0.00006104
-0.77936872,0.00006104
-0.77904872,0.00006104
-0.77872872,0.00006104
-0.77840872,0.00006104
-0.77808872,0.00006104
-0.77776872,0.00006104
-0.77744872,0.00006104
-0.77712872,0.00006104
-0.77680872,0.00006104
-0.77648872,0.00006104
-0.77616872,0.00006104
-0.77584872,0.00006104
-0.77552872,0.00006104
-0.77520872,0.00006104
-0.77488872,0.00006104
-0.77456872,0.00006104
-0.77424872,0.00006104
-0.77392872,0.00006104
-0.77360872,0.00006104
-0.77328872,0.00006104
-0.77296872,0.00006104
-0.77264872,0.00006104
-0.77232872,0.00006104
-0.77200872,0.00006104
-0.77168872,0.00006104
-0.77136872,0.00006104
-0.77104872,0.00006104
-0.77072872,0.00006104
-0.77040872,0.00006104
-0.77008872,0.00006104
-0.76976872,0.00006104
-0.76944872,0.00006104
-0.76912872,0.00006104
-0.76880872,0.00006104
-0.76848872,0.00006104
-0.76816872,0.00006104
-0.76784872,0.00006104
-0.76752872,0.00006104
-0.76720872,0.00006104
-0.76688872,0.00006104
-0.76656872,0.00006104
-0.76624872,0.00006104
-0.76592872,0.00006104
-0.76560872,0.00006104
-0.76528872,0.00006104
-0.76496872,0.00006104
-0.76464872,0.00006104
-0.76432872,0.00006104
-0.76400872,0.00006104
-0.76368872,0.00006104
-0.76336872,0.00006104
-0.76304872,0.00006104
-0.76272872,0.00006104
-0.76240872,-0.01770074
-0.76208872,0.00006104
-0.76176872,0.00006104
-0.76144872,0.00006104
-0.76112872,-0.01770074
-0.76080872,0.00006104
-0.76048872,0.00006104
-0.76016872,0.00006104
-0.75984872,0.00006104
-0.75952872,0.00006104
-0.75920872,0.00006104
-0.75888872,0.00006104
-0.75856872,0.00006104
-0.75824872,0.00006104
-0.75792872,0.00006104
-0.75760872,0.00006104
-0.75728872,-0.01770074
-0.75696872,0.00006104
-0.75664872,0.00006104
-0.75632872,0.00006104
-0.75600872,0.00006104
-0.75568872,0.00006104
-0.75536872,0.00006104
-0.75504872,0.00006104
-0.75472872,0.00006104
-0.75440872,0.00006104
-0.75408872,-0.01770074
-0.75376872,0.00006104
-0.75344872,0.00006104
-0.75312872,0.00006104
-0.75280872,0.00006104
-0.75248872,0.00006104
-0.75216872,0.00006104
-0.75184872,0.00006104
-0.75152872,0.00006104
-0.75120872,-0.01770074
-0.75088872,-0.01770074
-0.75056872,0.00006104
-0.75024872,0.00006104
-0.74992872,0.00006104
-0.74960872,0.00006104
-0.74928872,0.00006104
-0.74896872,0.00006104
-0.74864872,0.00006104
-0.74832872,0.00006104
-0.74800872,0.00006104
-0.74768872,0.00006104
-0.74736872,0.00006104
-0.74704872,0.00006104
-0.74672872,0.00006104
-0.74640872,0.00006104
-0.74608872,0.00006104
-0.74576872,0.00006104
-0.74544872,0.00006104
-0.74512872,0.00006104
-0.74480872,0.01788385
-0.74448872,0.01788385
-0.74416872,-0.01770074
-0.74384872,-0.01770074
-0.74352872,0.00006104
-0.74320872,0.00006104
-0.74288872,0.00006104
-0.74256872,0.00006104
-0.74224872,0.00006104
-0.74192872,0.00006104
-0.74160872,0.00006104
-0.74128872,0.00006104
-0.74096872,0.00006104
-0.74064872,-0.01770074
-0.74032872,0.00006104
-0.74000872,0.00006104
-0.73968872,0.00006104
-0.73936872,0.00006104
-0.73904872,0.00006104
-0.73872872,0.00006104
-0.73840872,0.00006104
-0.73808872,0.00006104
-0.73776872,0.00006104
-0.73744872,0.00006104
-0.73712872,0.00006104
-0.73680872,0.00006104
-0.73648872,0.00006104
-0.73616872,0.00006104
-0.73584872,0.00006104
-0.73552872,0.00006104
-0.73520872,0.00006104
-0.73488872,0.00006104
-0.73456872,0.00006104
-0.73424872,-0.01770074
-0.73392872,0.00006104
-0.73360872,0.00006104
-0.73328872,-0.01770074
-0.73296872,0.00006104
-0.73264872,0.00006104
-0.73232872,0.00006104
-0.73200872,0.00006104
-0.73168872,0.00006104
-0.73136872,0.00006104
-0.73104872,0.00006104
-0.73072872,0.00006104
-0.73040872,0.00006104
-0.73008872,0.00006104
-0.72976872,0.00006104
-0.72944872,0.00006104
-0.72912872,0.00006104
-0.72880872,0.00006104
-0.72848872,0.00006104
-0.72816872,-0.01770074
-0.72784872,0.00006104
-0.72752872,0.00006104
-0.72720872,0.00006104
-0.72688872,0.00006104
-0.72656872,0.00006104
-0.72624872,-0.01770074
-0.72592872,0.00006104
-0.72560872,0.00006104
-0.72528872,0.00006104
-0.72496872,0.00006104
-0.72464872,0.00006104
-0.72432872,0.00006104
-0.72400872,0.00006104
-0.72368872,0.00006104
-0.72336872,0.00006104
-0.72304872,0.00006104
-0.72272872,0.00006104
-0.72240872,0.00006104
-0.72208872,0.00006104
-0.72176872,0.00006104
-0.72144872,0.00006104
-0.72112872,0.00006104
-0.72080872,0.00006104
-0.72048872,0.00006104
-0.72016872,0.00006104
-0.71984872,0.00006104
-0.71952872,0.00006104
-0.71920872,0.00006104
-0.71888872,0.00006104
-0.71856872,0.00006104
-0.71824872,0.00006104
-0.71792872,0.00006104
-0.71760872,-0.01770074
-0.71728872,0.00006104
-0.71696872,0.00006104
-0.71664872,0.00006104
-0.71632872,0.00006104
-0.71600872,0.00006104
-0.71568872,0.00006104
-0.71536872,0.00006104
-0.71504872,0.00006104
-0.71472872,0.00006104
-0.71440872,0.00006104
-0.71408872,0.00006104
-0.71376872,0.00006104
-0.71344872,0.00006104
-0.71312872,0.00006104
-0.71280872,0.00006104
-0.71248872,0.00006104
-0.71216872,0.00006104
-0.71184872,0.00006104
-0.71152872,0.00006104
-0.71120872,0.00006104
-0.71088872,0.00006104
-0.71056872,0.00006104
-0.71024872,0.00006104
-0.70992872,0.00006104
-0.70960872,0.00006104
-0.70928872,0.00006104
-0.70896872,0.00006104
-0.70864872,0.00006104
-0.70832872,0.00006104
-0.70800872,0.00006104
-0.70768872,0.00006104
-0.70736872,0.00006104
-0.70704872,0.00006104
-0.70672872,0.00006104
-0.70640872,0.00006104
-0.70608872,0.01788385
-0.70576872,0.00006104
-0.70544872,0.00006104
-0.70512872,0.00006104
-0.70480872,0.00006104
-0.70448872,0.00006104
-0.70416872,0.00006104
-0.70384872,0.00006104
-0.70352872,0.00006104
-0.70320872,0.00006104
-0.70288872,0.00006104
-0.70256872,0.00006104
-0.70224872,-0.01770074
-0.70192872,0.00006104
-0.70160872,0.00006104
-0.70128872,-0.01770074
-0.70096872,0.00006104
-0.70064872,0.00006104
-0.70032872,0.00006104
-0.70000872,0.00006104
-0.69968872,0.00006104
-0.69936872,0.00006104
-0.69904872,0.00006104
-0.69872872,0.00006104
-0.69840872,0.00006104
-0.69808872,0.00006104
-0.69776872,0.00006104
-0.69744872,0.00006104
-0.69712872,0.00006104
-0.69680872,0.00006104
-0.69648872,0.00006104
-0.69616872,0.00006104
-0.69584872,0.00006104
-0.69552872,0.00006104
-0.69520872,0.00006104
-0.69488872,0.00006104
-0.69456872,0.00006104
-0.69424872,-0.01770074
-0.69392872,-0.01770074
-0.69360872,0.00006104
-0.69328872,0.00006104
-0.69296872,0.00006104
-0.69264872,0.00006104
-0.69232872,0.00006104
-0.69200872,0.00006104
-0.69168872,0.00006104
-0.69136872,0.00006104
-0.69104872,0.00006104
-0.69072872,0.00006104
-0.69040872,0.00006104
-0.69008872,0.00006104
-0.68976872,0.00006104
-0.68944872,0.00006104
-0.68912872,0.00006104
-0.68880872,0.00006104
-0.68848872,0.00006104
-0.68816872,0.00006104
-0.68784872,0.00006104
-0.68752872,0.00006104
-0.68720872,0.00006104
-0.68688872,0.00006104
-0.68656872,0.00006104
-0.68624872,0.00006104
-0.68592872,0.00006104
-0.68560872,0.00006104
-0.68528872,0.00006104
-0.68496872,-0.01770074
-0.68464872,0.00006104
-0.68432872,0.00006104
-0.68400872,0.00006104
-0.68368872,0.00006104
-0.68336872,-0.01770074
-0.68304872,0.00006104
-0.68272872,0.00006104
-0.68240872,0.00006104
-0.68208872,0.00006104
-0.68176872,0.00006104
-0.68144872,0.00006104
-0.68112872,0.00006104
-0.68080872,0.00006104
-0.68048872,0.00006104
-0.68016872,0.00006104
-0.67984872,0.00006104
-0.67952872,0.00006104
-0.67920872,0.00006104
-0.67888872,0.00006104
-0.67856872,0.00006104
-0.67824872,0.00006104
-0.67792872,0.00006104
-0.67760872,0.00006104
-0.67728872,0.00006104
-0.67696872,0.00006104
-0.67664872,-0.01770074
-0.67632872,0.00006104
-0.67600872,0.00006104
-0.67568872,0.00006104
-0.67536872,0.00006104
-0.67504872,0.00006104
-0.67472872,0.00006104
-0.67440872,0.00006104
-0.67408872,0.00006104
-0.67376872,0.00006104
-0.67344872,0.00006104
-0.67312872,0.00006104
-0.67280872,0.00006104
-0.67248872,0.00006104
-0.67216872,0.00006104
-0.67184872,0.00006104
-0.67152872,0.00006104
-0.67120872,0.00006104
-0.67088872,0.00006104
-0.67056872,0.00006104
-0.67024872,0.00006104
-0.66992872,0.00006104
-0.66960872,0.00006104
-0.66928872,0.00006104
-0.66896872,0.00006104
-0.66864872,-0.01770074
-0.66832872,0.00006104
-0.66800872,0.00006104
-0.66768872,0.00006104
-0.66736872,0.00006104
-0.66704872,0.00006104
-0.66672872,0.00006104
-0.66640872,0.00006104
-0.66608872,0.00006104
-0.66576872,0.00006104
-0.66544872,0.00006104
-0.66512872,0.00006104
-0.66480872,0.00006104
-0.66448872,0.00006104
-0.66416872,0.00006104
-0.66384872,0.00006104
-0.66352872,0.00006104
-0.66320872,0.00006104
-0.66288872,0.00006104
-0.66256872,-0.01770074
-0.66224872,0.00006104
-0.66192872,0.00006104
-0.66160872,0.00006104
-0.66128872,0.00006104
-0.66096872,0.00006104
-0.66064872,0.00006104
-0.66032872,0.00006104
-0.66000872,0.00006104
-0.65968872,0.00006104
-0.65936872,0.00006104
-0.65904872,-0.01770074
-0.65872872,0.00006104
-0.65840872,0.00006104
-0.65808872,0.00006104
-0.65776872,0.00006104
-0.65744872,0.00006104
-0.65712872,0.00006104
-0.65680872,0.00006104
-0.65648872,0.00006104
-0.65616872,0.00006104
-0.65584872,0.00006104
-0.65552872,0.00006104
-0.65520872,0.00006104
-0.65488872,0.00006104
-0.65456872,0.00006104
-0.65424872,0.00006104
-0.65392872,0.00006104
-0.65360872,0.00006104
-0.65328872,0.00006104
-0.65296872,0.00006104
-0.65264872,0.00006104
-0.65232872,0.00006104
-0.65200872,0.00006104
-0.65168872,0.00006104
-0.65136872,0.00006104
-0.65104872,0.00006104
-0.65072872,0.00006104
-0.65040872,0.00006104
-0.65008872,0.00006104
-0.64976872,0.00006104
-0.64944872,0.00006104
-0.64912872,0.00006104
-0.64880872,0.00006104
-0.64848872,0.00006104
-0.64816872,0.00006104
-0.64784872,0.00006104
-0.64752872,0.00006104
-0.64720872,0.00006104
-0.64688872,0.00006104
-0.64656872,0.00006104
-0.64624872,0.00006104
-0.64592872,0.00006104
-0.64560872,0.00006104
-0.64528872,0.00006104
-0.64496872,0.00006104
-0.64464872,0.00006104
-0.64432872,0.00006104
-0.64400872,0.00006104
-0.64368872,0.00006104
-0.64336872,0.00006104
-0.64304872,0.00006104
-0.64272872,0.00006104
-0.64240872,0.00006104
-0.64208872,0.00006104
-0.64176872,0.00006104
-0.64144872,0.00006104
-0.64112872,0.00006104
-0.64080872,0.00006104
-0.64048872,0.00006104
-0.64016872,0.00006104
-0.63984872,0.00006104
-0.63952872,0.00006104
-0.63920872,0.00006104
-0.63888872,0.00006104
-0.63856872,0.00006104
-0.63824872,0.00006104
-0.63792872,0.00006104
-0.63760872,0.00006104
-0.63728872,-0.01770074
-0.63696872,0.00006104
-0.63664872,0.00006104
-0.63632872,0.00006104
-0.63600872,0.00006104
-0.63568872,0.00006104
-0.63536872,0.00006104
-0.63504872,0.00006104
-0.63472872,0.00006104
-0.63440872,0.00006104
-0.63408872,-0.01770074
-0.63376872,0.00006104
-0.63344872,0.00006104
-0.63312872,0.00006104
-0.63280872,0.00006104
-0.63248872,0.00006104
-0.63216872,0.00006104
-0.63184872,0.00006104
-0.63152872,0.00006104
-0.63120872,0.00006104
-0.63088872,0.00006104
-0.63056872,0.00006104
-0.63024872,0.00006104
-0.62992872,0.00006104
-0.62960872,0.00006104
-0.62928872,0.00006104
-0.62896872,0.00006104
-0.62864872,0.00006104
-0.62832872,0.00006104
-0.62800872,0.00006104
-0.62768872,0.00006104
-0.62736872,0.00006104
-0.62704872,0.00006104
-0.62672872,0.00006104
-0.62640872,0.00006104
-0.62608872,0.00006104
-0.62576872,0.00006104
-0.62544872,0.00006104
-0.62512872,0.00006104
-0.62480872,0.00006104
-0.62448872,0.00006104
-0.62416872,0.00006104
-0.62384872,0.00006104
-0.62352872,0.00006104
-0.62320872,0.00006104
-0.62288872,0.00006104
-0.62256872,0.00006104
-0.62224872,0.00006104
-0.62192872,0.00006104
-0.62160872,0.00006104
-0.62128872,0.00006104
-0.62096872,0.00006104
-0.62064872,0.00006104
-0.62032872,-0.01770074
-0.62000872,0.00006104
-0.61968872,0.00006104
-0.61936872,-0.01770074
-0.61904872,-0.01770074
-0.61872872,0.00006104
-0.61840872,0.00006104
-0.61808872,0.00006104
-0.61776872,0.00006104
-0.61744872,0.00006104
-0.61712872,-0.01770074
-0.61680872,0.00006104
-0.61648872,0.00006104
-0.61616872,0.00006104
-0.61584872,0.00006104
-0.61552872,0.00006104
-0.61520872,0.00006104
-0.61488872,0.00006104
-0.61456872,0.00006104
-0.61424872,-0.01770074
-0.61392872,0.00006104
-0.61360872,0.00006104
-0.61328872,0.00006104
-0.61296872,0.00006104
-0.61264872,-0.01770074
-0.61232872,0.00006104
-0.61200872,0.00006104
-0.61168872,0.00006104
-0.61136872,0.00006104
-0.61104872,0.00006104
-0.61072872,0.00006104
-0.61040872,0.00006104
-0.61008872,0.00006104
-0.60976872,0.00006104
-0.60944872,0.00006104
-0.60912872,0.00006104
-0.60880872,0.00006104
-0.60848872,0.00006104
-0.60816872,0.00006104
-0.60784872,0.00006104
-0.60752872,0.00006104
-0.60720872,0.00006104
-0.60688872,0.00006104
-0.60656872,0.00006104
-0.60624872,0.00006104
-0.60592872,0.00006104
-0.60560872,0.00006104
-0.60528872,0.00006104
-0.60496872,0.00006104
-0.60464872,0.00006104
-0.60432872,0.00006104
-0.60400872,0.00006104
-0.60368872,0.00006104
-0.60336872,0.00006104
-0.60304872,0.00006104
-0.60272872,0.00006104
-0.60240872,0.00006104
-0.60208872,0.00006104
-0.60176872,0.00006104
-0.60144872,0.00006104
-0.60112872,0.00006104
-0.60080872,0.00006104
-0.60048872,0.00006104
-0.60016872,0.00006104
-0.59984872,0.00006104
-0.59952872,0.00006104
-0.59920872,0.00006104
-0.59888872,0.00006104
-0.59856872,0.00006104
-0.59824872,0.00006104
-0.59792872,0.00006104
-0.59760872,0.00006104
-0.59728872,0.00006104
-0.59696872,0.00006104
-0.59664872,0.00006104
-0.59632872,0.00006104
-0.59600872,0.00006104
-0.59568872,0.00006104
-0.59536872,0.00006104
-0.59504872,0.00006104
-0.59472872,0.00006104
-0.59440872,0.00006104
-0.59408872,0.00006104
-0.59376872,0.00006104
-0.59344872,0.00006104
-0.59312872,0.00006104
-0.59280872,0.00006104
-0.59248872,0.00006104
-0.59216872,0.00006104
-0.59184872,0.00006104
-0.59152872,0.00006104
-0.59120872,0.00006104
-0.59088872,0.00006104
-0.59056872,0.00006104
-0.59024872,0.00006104
-0.58992872,0.00006104
-0.58960872,0.00006104
-0.58928872,0.00006104
-0.58896872,0.00006104
-0.58864872,-0.01770074
-0.58832872,0.00006104
-0.58800872,0.00006104
-0.58768872,0.00006104
-0.58736872,0.00006104
-0.58704872,0.00006104
-0.58672872,-0.01770074
-0.58640872,0.00006104
-0.58608872,0.00006104
-0.58576872,0.00006104
-0.58544872,0.00006104
-0.58512872,0.00006104
-0.58480872,0.00006104
-0.58448872,-0.01770074
-0.58416872,0.00006104
-0.58384872,0.00006104
-0.58352872,0.00006104
-0.58320872,0.00006104
-0.58288872,0.00006104
-0.58256872,0.00006104
-0.58224872,0.00006104
-0.58192872,0.00006104
-0.58160872,0.00006104
-0.58128872,0.00006104
-0.58096872,0.00006104
-0.58064872,0.00006104
-0.58032872,0.00006104
-0.58000872,0.00006104
-0.57968872,0.00006104
-0.57936872,0.00006104
-0.57904872,0.00006104
-0.57872872,0.00006104
-0.57840872,0.00006104
-0.57808872,0.00006104
-0.57776872,0.00006104
-0.57744872,0.00006104
-0.57712872,0.00006104
-0.57680872,0.00006104
-0.57648872,0.00006104
-0.57616872,0.00006104
-0.57584872,-0.01770074
-0.57552872,0.00006104
-0.57520872,0.00006104
-0.57488872,0.00006104
-0.57456872,0.00006104
-0.57424872,0.00006104
-0.57392872,0.00006104
-0.57360872,0.00006104
-0.57328872,0.00006104
-0.57296872,-0.01770074
-0.57264872,-0.01770074
-0.57232872,0.00006104
-0.57200872,0.00006104
-0.57168872,0.00006104
-0.57136872,0.00006104
-0.57104872,0.00006104
-0.57072872,0.00006104
-0.57040872,0.00006104
-0.57008872,0.00006104
-0.56976872,0.00006104
-0.56944872,0.00006104
-0.56912872,0.00006104
-0.56880872,0.00006104
-0.56848872,0.00006104
-0.56816872,0.00006104
-0.56784872,0.00006104
-0.56752872,0.00006104
-0.56720872,0.00006104
-0.56688872,-0.01770074
-0.56656872,0.00006104
-0.56624872,0.00006104
-0.56592872,0.00006104
-0.56560872,0.00006104
-0.56528872,0.00006104
-0.56496872,0.00006104
-0.56464872,0.00006104
-0.56432872,0.00006104
-0.56400872,0.00006104
-0.56368872,0.00006104
-0.56336872,0.00006104
-0.56304872,0.00006104
-0.56272872,0.00006104
-0.56240872,0.00006104
-0.56208872,0.00006104
-0.56176872,0.00006104
-0.56144872,0.00006104
-0.56112872,0.00006104
-0.56080872,0.00006104
-0.56048872,0.00006104
-0.56016872,0.00006104
-0.55984872,0.00006104
-0.55952872,0.00006104
-0.55920872,0.00006104
-0.55888872,0.00006104
-0.55856872,0.00006104
-0.55824872,0.00006104
-0.55792872,0.00006104
-0.55760872,0.00006104
-0.55728872,0.00006104
-0.55696872,0.00006104
-0.55664872,0.00006104
-0.55632872,0.00006104
-0.55600872,0.00006104
-0.55568872,0.00006104
-0.55536872,0.00006104
-0.55504872,0.00006104
-0.55472872,0.00006104
-0.55440872,0.00006104
-0.55408872,0.00006104
-0.55376872,0.00006104
-0.55344872,0.00006104
-0.55312872,0.00006104
-0.55280872,0.00006104
-0.55248872,0.00006104
-0.55216872,0.00006104
-0.55184872,0.00006104
-0.55152872,0.00006104
-0.55120872,0.00006104
-0.55088872,0.00006104
-0.55056872,0.00006104
-0.55024872,0.00006104
-0.54992872,0.00006104
-0.54960872,0.00006104
-0.54928872,0.00006104
-0.54896872,0.00006104
-0.54864872,0.00006104
-0.54832872,0.00006104
-0.54800872,0.00006104
-0.54768872,0.00006104
-0.54736872,0.00006104
-0.54704872,0.00006104
-0.54672872,0.00006104
-0.54640872,0.00006104
-0.54608872,0.00006104
-0.54576872,0.00006104
-0.54544872,0.00006104
-0.54512872,0.00006104
-0.54480872,0.00006104
-0.54448872,0.00006104
-0.54416872,0.00006104
-0.54384872,0.00006104
-0.54352872,0.00006104
-0.54320872,0.00006104
-0.54288872,0.00006104
-0.54256872,0.00006104
-0.54224872,0.00006104
-0.54192872,0.00006104
-0.54160872,0.00006104
-0.54128872,0.00006104
-0.54096872,0.00006104
-0.54064872,0.00006104
-0.54032872,0.00006104
-0.54000872,0.00006104
-0.53968872,0.00006104
-0.53936872,0.00006104
-0.53904872,0.00006104
-0.53872872,0.00006104
-0.53840872,0.00006104
-0.53808872,0.00006104
-0.53776872,0.00006104
-0.53744872,0.00006104
-0.53712872,0.00006104
-0.53680872,0.00006104
-0.53648872,0.00006104
-0.53616872,0.00006104
-0.53584872,-0.01770074
-0.53552872,0.00006104
-0.53520872,0.00006104
-0.53488872,0.00006104
-0.53456872,0.00006104
-0.53424872,0.00006104
-0.53392872,0.00006104
-0.53360872,0.00006104
-0.53328872,0.00006104
-0.53296872,0.00006104
-0.53264872,-0.01770074
-0.53232872,0.00006104
-0.53200872,0.00006104
-0.53168872,0.00006104
-0.53136872,0.00006104
-0.53104872,0.00006104
-0.53072872,0.00006104
-0.53040872,0.00006104
-0.53008872,0.00006104
-0.52976872,0.00006104
-0.52944872,0.00006104
-0.52912872,0.00006104
-0.52880872,0.00006104
-0.52848872,0.00006104
-0.52816872,0.00006104
-0.52784872,0.00006104
-0.52752872,0.00006104
-0.52720872,0.00006104
-0.52688872,0.00006104
-0.52656872,0.00006104
-0.52624872,0.00006104
-0.52592872,0.00006104
-0.52560872,0.00006104
-0.52528872,0.00006104
-0.52496872,0.00006104
-0.52464872,0.00006104
-0.52432872,0.00006104
-0.52400872,0.00006104
-0.52368872,0.00006104
-0.52336872,0.00006104
-0.52304872,0.00006104
-0.52272872,0.00006104
-0.52240872,0.00006104
-0.52208872,0.00006104
-0.52176872,0.00006104
-0.52144872,0.00006104
-0.52112872,0.00006104
-0.52080872,0.00006104
-0.52048872,0.00006104
-0.52016872,0.00006104
-0.51984872,0.00006104
-0.51952872,0.00006104
-0.51920872,0.00006104
-0.51888872,0.00006104
-0.51856872,0.00006104
-0.51824872,0.00006104
-0.51792872,0.00006104
-0.51760872,0.00006104
-0.51728872,0.00006104
-0.51696872,0.00006104
-0.51664872,0.00006104
-0.51632872,0.00006104
-0.51600872,0.00006104
-0.51568872,0.00006104
-0.51536872,0.00006104
-0.51504872,0.00006104
-0.51472872,0.00006104
-0.51440872,0.00006104
-0.51408872,0.00006104
-0.51376872,0.00006104
-0.51344872,0.00006104
-0.51312872,0.00006104
-0.51280872,0.00006104
-0.51248872,0.00006104
-0.51216872,0.00006104
-0.51184872,0.00006104
-0.51152872,0.00006104
-0.51120872,0.00006104
-0.51088872,-0.01770074
-0.51056872,0.00006104
-0.51024872,0.00006104
-0.50992872,0.00006104
-0.50960872,0.00006104
-0.50928872,0.00006104
-0.50896872,0.00006104
-0.50864872,0.00006104
-0.50832872,0.00006104
-0.50800872,0.00006104
-0.50768872,0.00006104
-0.50736872,0.00006104
-0.50704872,-0.01770074
-0.50672872,0.00006104
-0.50640872,0.00006104
-0.50608872,0.00006104
-0.50576872,0.00006104
-0.50544872,0.00006104
-0.50512872,0.00006104
-0.50480872,-0.01770074
-0.50448872,0.00006104
-0.50416872,0.00006104
-0.50384872,0.00006104
-0.50352872,0.00006104
-0.50320872,0.00006104
-0.50288872,0.00006104
-0.50256872,0.00006104
-0.50224872,0.00006104
-0.50192872,0.00006104
-0.50160872,0.00006104
-0.50128872,-0.78316599
-0.50096872,-1.13919497
-0.50064872,-0.24915311
-0.50032872,0.03570665
-0.50000872,0.07129124
-0.49968872,0.05346843
-0.49936872,0.00006104
-0.49904872,-0.01770074
-0.49872872,-0.03552354
-0.49840872,-0.03552354
-0.49808872,-0.64076662
-0.49776872,-1.05014193
-0.49744872,-1.29935610
-0.49712872,-0.69417399
-0.49680872,-0.64076662
-0.49648872,-0.14233834
-0.49616872,0.10687582
-0.49584872,0.10687582
-0.49552872,0.05346843
-0.49520872,0.01788385
-0.49488872,0.01788385
-0.49456872,0.01788385
-0.49424872,0.03570665
-0.49392872,0.03570665
-0.49360872,0.03570665
-0.49328872,0.03570665
-0.49296872,0.01788385
-0.49264872,0.00006104
-0.49232872,0.00006104
-0.49200872,0.00006104
-0.49168872,0.01788385
-0.49136872,0.03570665
-0.49104872,0.05346843
-0.49072872,0.05346843
-0.49040872,0.07129124
-0.49008872,0.07129124
-0.48976872,0.03570665
-0.48944872,0.07129124
-0.48912872,0.03570665
-0.48880872,0.03570665
-0.48848872,0.07129124
-0.48816872,0.08911405
-0.48784872,0.05346843
-0.48752872,0.03570665
-0.48720872,0.03570665
-0.48688872,0.03570665
-0.48656872,0.01788385
-0.48624872,-0.01770074
-0.48592872,-0.01770074
-0.48560872,-0.01770074
-0.48528872,-0.01770074
-0.48496872,0.03570665
-0.48464872,-0.01770074
-0.48432872,0.01788385
-0.48400872,0.03570665
-0.48368872,-0.03552354
-0.48336872,0.01788385
-0.48304872,0.00006104
-0.48272872,-0.01770074
-0.48240872,0.03570665
-0.48208872,0.03570665
-0.48176872,0.01788385
-0.48144872,0.03570665
-0.48112872,0.03570665
-0.48080872,0.01788385
-0.48048872,0.00006104
-0.48016872,0.01788385
-0.47984872,0.01788385
-0.47952872,0.01788385
-0.47920872,0.03570665
-0.47888872,0.03570665
-0.47856872,0.00006104
-0.47824872,0.00006104
-0.47792872,0.03570665
-0.47760872,0.01788385
-0.47728872,0.01788385
-0.47696872,0.00006104
-0.47664872,-0.01770074
-0.47632872,0.00006104
-0.47600872,0.01788385
-0.47568872,0.00006104
-0.47536872,0.01788385
-0.47504872,0.01788385
-0.47472872,0.01788385
-0.47440872,0.01788385
-0.47408872,0.01788385
-0.47376872,0.00006104
-0.47344872,0.01788385
-0.47312872,0.03570665
-0.47280872,0.00006104
-0.47248872,0.01788385
-0.47216872,0.03570665
-0.47184872,0.00006104
-0.47152872,0.00006104
-0.47120872,0.00006104
-0.47088872,0.00006104
-0.47056872,0.01788385
-0.47024872,0.00006104
-0.46992872,-0.01770074
-0.46960872,0.00006104
-0.46928872,0.00006104
-0.46896872,0.00006104
-0.46864872,0.00006104
-0.46832872,0.01788385
-0.46800872,0.01788385
-0.46768872,0.01788385
-0.46736872,0.01788385
-0.46704872,0.00006104
-0.46672872,0.01788385
-0.46640872,0.01788385
-0.46608872,0.01788385
-0.46576872,0.01788385
-0.46544872,0.01788385
-0.46512872,0.01788385
-0.46480872,0.00006104
-0.46448872,0.00006104
-0.46416872,0.00006104
-0.46384872,0.00006104
-0.46352872,0.00006104
-0.46320872,0.00006104
-0.46288872,0.00006104
-0.46256872,0.01788385
-0.46224872,0.00006104
-0.46192872,0.00006104
-0.46160872,0.00006104
-0.46128872,0.00006104
-0.46096872,0.01788385
-0.46064872,0.00006104
-0.46032872,0.00006104
-0.46000872,0.00006104
-0.45968872,0.00006104
-0.45936872,0.00006104
-0.45904872,0.00006104
-0.45872872,-0.01770074
-0.45840872,0.00006104
-0.45808872,0.00006104
-0.45776872,0.00006104
-0.45744872,0.00006104
-0.45712872,0.00006104
-0.45680872,0.00006104
-0.45648872,0.00006104
-0.45616872,0.01788385
-0.45584872,0.00006104
-0.45552872,0.01788385
-0.45520872,0.00006104
-0.45488872,0.00006104
-0.45456872,0.01788385
-0.45424872,0.00006104
-0.45392872,0.01788385
-0.45360872,0.00006104
-0.45328872,0.00006104
-0.45296872,0.00006104
-0.45264872,0.00006104
-0.45232872,0.00006104
-0.45200872,0.00006104
-0.45168872,0.00006104
-0.45136872,0.00006104
-0.45104872,0.00006104
-0.45072872,0.00006104
-0.45040872,0.00006104
-0.45008872,0.00006104
-0.44976872,0.00006104
-0.44944872,0.00006104
-0.44912872,0.01788385
-0.44880872,0.00006104
-0.44848872,0.00006104
-0.44816872,0.00006104
-0.44784872,0.01788385
-0.44752872,0.00006104
-0.44720872,0.01788385
-0.44688872,0.00006104
-0.44656872,0.00006104
-0.44624872,0.00006104
-0.44592872,0.00006104
-0.44560872,0.00006104
-0.44528872,0.00006104
-0.44496872,0.00006104
-0.44464872,0.00006104
-0.44432872,0.00006104
-0.44400872,-0.01770074
-0.44368872,0.00006104
-0.44336872,0.00006104
-0.44304872,0.00006104
-0.44272872,0.00006104
-0.44240872,0.00006104
-0.44208872,0.00006104
-0.44176872,0.00006104
-0.44144872,0.00006104
-0.44112872,0.00006104
-0.44080872,0.00006104
-0.44048872,0.00006104
-0.44016872,0.00006104
-0.43984872,0.00006104
-0.43952872,0.00006104
-0.43920872,0.00006104
-0.43888872,-0.01770074
-0.43856872,0.00006104
-0.43824872,0.00006104
-0.43792872,0.00006104
-0.43760872,0.00006104
-0.43728872,0.00006104
-0.43696872,0.00006104
-0.43664872,0.00006104
-0.43632872,0.00006104
-0.43600872,0.00006104
-0.43568872,0.00006104
-0.43536872,0.00006104
-0.43504872,0.00006104
-0.43472872,0.00006104
-0.43440872,0.00006104
-0.43408872,0.00006104
-0.43376872,0.00006104
-0.43344872,0.00006104
-0.43312872,0.00006104
-0.43280872,-0.01770074
-0.43248872,0.00006104
-0.43216872,0.00006104
-0.43184872,0.00006104
-0.43152872,0.00006104
-0.43120872,0.00006104
-0.43088872,0.00006104
-0.43056872,0.00006104
-0.43024872,-0.01770074
-0.42992872,0.00006104
-0.42960872,0.00006104
-0.42928872,0.00006104
-0.42896872,0.00006104
-0.42864872,0.00006104
-0.42832872,0.00006104
-0.42800872,0.00006104
-0.42768872,0.00006104
-0.42736872,0.00006104
-0.42704872,0.00006104
-0.42672872,0.00006104
-0.42640872,0.00006104
-0.42608872,0.00006104
-0.42576872,0.00006104
-0.42544872,0.00006104
-0.42512872,0.00006104
-0.42480872,0.00006104
-0.42448872,0.00006104
-0.42416872,0.00006104
-0.42384872,0.00006104
-0.42352872,0.00006104
-0.42320872,0.00006104
-0.42288872,0.00006104
-0.42256872,0.00006104
-0.42224872,0.00006104
-0.42192872,0.00006104
-0.42160872,0.00006104
-0.42128872,0.00006104
-0.42096872,0.00006104
-0.42064872,0.00006104
-0.42032872,0.00006104
-0.42000872,0.00006104
-0.41968872,0.00006104
-0.41936872,0.00006104
-0.41904872,0.00006104
-0.41872872,0.00006104
-0.41840872,0.00006104
-0.41808872,0.00006104
-0.41776872,0.00006104
-0.41744872,0.00006104
-0.41712872,0.00006104
-0.41680872,0.00006104
-0.41648872,0.00006104
-0.41616872,0.00006104
-0.41584872,0.00006104
-0.41552872,0.00006104
-0.41520872,0.00006104
-0.41488872,0.00006104
-0.41456872,0.00006104
-0.41424872,0.00006104
-0.41392872,0.00006104
-0.41360872,0.00006104
-0.41328872,0.00006104
-0.41296872,0.00006104
-0.41264872,0.00006104
-0.41232872,0.00006104
-0.41200872,0.00006104
-0.41168872,0.00006104
-0.41136872,-0.01770074
-0.41104872,0.00006104
-0.41072872,0.00006104
-0.41040872,0.00006104
-0.41008872,0.00006104
-0.40976872,0.00006104
-0.40944872,0.00006104
-0.40912872,0.00006104
-0.40880872,0.00006104
-0.40848872,0.00006104
-0.40816872,0.00006104
-0.40784872,0.00006104
-0.40752872,0.00006104
-0.40720872,0.00006104
-0.40688872,0.00006104
-0.40656872,0.00006104
-0.40624872,0.00006104
-0.40592872,0.00006104
-0.40560872,0.00006104
-0.40528872,0.00006104
-0.40496872,0.00006104
-0.40464872,0.00006104
-0.40432872,-0.01770074
-0.40400872,0.00006104
-0.40368872,0.00006104
-0.40336872,0.00006104
-0.40304872,0.00006104
-0.40272872,0.00006104
-0.40240872,0.00006104
-0.40208872,0.00006104
-0.40176872,0.00006104
-0.40144872,0.00006104
-0.40112872,0.00006104
-0.40080872,0.00006104
-0.40048872,-0.01770074
-0.40016872,0.00006104
-0.39984872,0.00006104
-0.39952872,0.00006104
-0.39920872,0.00006104
-0.39888872,0.00006104
-0.39856872,0.00006104
-0.39824872,0.00006104
-0.39792872,0.00006104
-0.39760872,0.00006104
-0.39728872,0.00006104
-0.39696872,0.00006104
-0.39664872,0.00006104
-0.39632872,0.00006104
-0.39600872,0.00006104
-0.39568872,0.00006104
-0.39536872,0.00006104
-0.39504872,0.00006104
-0.39472872,0.00006104
-0.39440872,0.00006104
-0.39408872,0.00006104
-0.39376872,0.00006104
-0.39344872,0.00006104
-0.39312872,0.00006104
-0.39280872,0.00006104
-0.39248872,0.00006104
-0.39216872,0.00006104
-0.39184872,0.00006104
-0.39152872,0.00006104
-0.39120872,0.00006104
-0.39088872,0.00006104
-0.39056872,0.00006104
-0.39024872,0.00006104
-0.38992872,0.00006104
-0.38960872,0.00006104
-0.38928872,0.00006104
-0.38896872,0.00006104
-0.38864872,0.00006104
-0.38832872,0.00006104
-0.38800872,0.00006104
-0.38768872,0.00006104
-0.38736872,0.00006104
-0.38704872,0.00006104
-0.38672872,0.00006104
-0.38640872,-0.01770074
-0.38608872,0.00006104
-0.38576872,0.00006104
-0.38544872,0.00006104
-0.38512872,0.00006104
-0.38480872,0.00006104
-0.38448872,0.00006104
-0.38416872,0.00006104
-0.38384872,0.00006104
-0.38352872,0.00006104
-0.38320872,0.00006104
-0.38288872,0.00006104
-0.38256872,0.00006104
-0.38224872,0.00006104
-0.38192872,0.00006104
-0.38160872,0.00006104
-0.38128872,0.00006104
-0.38096872,-0.01770074
-0.38064872,0.00006104
-0.38032872,0.00006104
-0.38000872,0.00006104
-0.37968872,-0.01770074
-0.37936872,0.00006104
-0.37904872,-0.01770074
-0.37872872,0.00006104
-0.37840872,0.00006104
-0.37808872,0.00006104
-0.37776872,0.00006104
-0.37744872,0.00006104
-0.37712872,-0.01770074
-0.37680872,0.00006104
-0.37648872,0.00006104
-0.37616872,0.00006104
-0.37584872,0.00006104
-0.37552872,0.00006104
-0.37520872,0.00006104
-0.37488872,0.00006104
-0.37456872,0.00006104
-0.37424872,0.00006104
-0.37392872,0.00006104
-0.37360872,0.00006104
-0.37328872,0.00006104
-0.37296872,0.00006104
-0.37264872,0.00006104
-0.37232872,0.00006104
-0.37200872,0.00006104
-0.37168872,-0.01770074
-0.37136872,0.00006104
-0.37104872,0.00006104
-0.37072872,0.00006104
-0.37040872,0.00006104
-0.37008872,0.00006104
-0.36976872,0.00006104
-0.36944872,0.00006104
-0.36912872,0.00006104
-0.36880872,0.00006104
-0.36848872,0.00006104
-0.36816872,0.00006104
-0.36784872,0.00006104
-0.36752872,0.00006104
-0.36720872,0.00006104
-0.36688872,0.00006104
-0.36656872,0.00006104
-0.36624872,0.00006104
-0.36592872,0.00006104
-0.36560872,0.00006104
-0.36528872,0.00006104
-0.36496872,0.00006104
-0.36464872,0.00006104
-0.36432872,-0.01770074
-0.36400872,-0.01770074
-0.36368872,0.00006104
-0.36336872,0.00006104
-0.36304872,0.00006104
-0.36272872,0.00006104
-0.36240872,0.00006104
-0.36208872,0.00006104
-0.36176872,0.00006104
-0.36144872,0.00006104
-0.36112872,0.00006104
-0.36080872,0.00006104
-0.36048872,-0.01770074
-0.36016872,0.00006104
-0.35984872,0.00006104
-0.35952872,0.00006104
-0.35920872,0.00006104
-0.35888872,0.00006104
-0.35856872,0.00006104
-0.35824872,0.00006104
-0.35792872,0.00006104
-0.35760872,0.00006104
-0.35728872,0.00006104
-0.35696872,0.01788385
-0.35664872,0.00006104
-0.35632872,0.00006104
-0.35600872,0.00006104
-0.35568872,0.00006104
-0.35536872,0.00006104
-0.35504872,0.00006104
-0.35472872,0.00006104
-0.35440872,0.00006104
-0.35408872,0.00006104
-0.35376872,0.00006104
-0.35344872,0.00006104
-0.35312872,0.00006104
-0.35280872,0.00006104
-0.35248872,0.00006104
-0.35216872,0.00006104
-0.35184872,0.00006104
-0.35152872,0.00006104
-0.35120872,0.00006104
-0.35088872,0.00006104
-0.35056872,0.00006104
-0.35024872,0.00006104
-0.34992872,0.00006104
-0.34960872,0.00006104
-0.34928872,0.00006104
-0.34896872,0.00006104
-0.34864872,0.00006104
-0.34832872,0.00006104
-0.34800872,0.00006104
-0.34768872,0.00006104
-0.34736872,0.00006104
-0.34704872,0.00006104
-0.34672872,0.00006104
-0.34640872,0.00006104
-0.34608872,-0.01770074
-0.34576872,0.00006104
-0.34544872,0.00006104
-0.34512872,0.00006104
-0.34480872,0.00006104
-0.34448872,0.00006104
-0.34416872,0.00006104
-0.34384872,0.00006104
-0.34352872,0.00006104
-0.34320872,0.00006104
-0.34288872,0.00006104
-0.34256872,0.00006104
-0.34224872,0.00006104
-0.34192872,0.00006104
-0.34160872,0.00006104
-0.34128872,0.00006104
-0.34096872,0.00006104
-0.34064872,0.00006104
-0.34032872,0.00006104
-0.34000872,-0.01770074
-0.33968872,0.00006104
-0.33936872,0.00006104
-0.33904872,0.00006104
-0.33872872,0.00006104
-0.33840872,0.00006104
-0.33808872,0.00006104
-0.33776872,0.00006104
-0.33744872,0.00006104
-0.33712872,0.00006104
-0.33680872,0.00006104
-0.33648872,0.00006104
-0.33616872,0.00006104
-0.33584872,-0.01770074
-0.33552872,0.00006104
-0.33520872,0.00006104
-0.33488872,0.00006104
-0.33456872,0.00006104
-0.33424872,0.00006104
-0.33392872,0.00006104
-0.33360872,-0.01770074
-0.33328872,0.00006104
-0.33296872,0.00006104
-0.33264872,0.00006104
-0.33232872,0.00006104
-0.33200872,0.00006104
-0.33168872,0.00006104
-0.33136872,0.00006104
-0.33104872,0.00006104
-0.33072872,0.00006104
-0.33040872,0.00006104
-0.33008872,0.00006104
-0.32976872,-0.01770074
-0.32944872,-0.01770074
-0.32912872,0.00006104
-0.32880872,0.00006104
-0.32848872,0.00006104
-0.32816872,0.00006104
-0.32784872,-0.01770074
-0.32752872,0.00006104
-0.32720872,0.00006104
-0.32688872,0.00006104
-0.32656872,0.00006104
-0.32624872,0.00006104
-0.32592872,0.00006104
-0.32560872,0.00006104
-0.32528872,0.00006104
-0.32496872,0.00006104
-0.32464872,0.00006104
-0.32432872,0.00006104
-0.32400872,0.00006104
-0.32368872,0.00006104
-0.32336872,0.00006104
-0.32304872,0.00006104
-0.32272872,0.00006104
-0.32240872,-0.01770074
-0.32208872,0.00006104
-0.32176872,0.00006104
-0.32144872,0.00006104
-0.32112872,0.00006104
-0.32080872,0.00006104
-0.32048872,0.00006104
-0.32016872,-0.01770074
-0.31984872,0.00006104
-0.31952872,0.00006104
-0.31920872,0.00006104
-0.31888872,0.00006104
-0.31856872,0.00006104
-0.31824872,0.00006104
-0.31792872,0.00006104
-0.31760872,0.00006104
-0.31728872,-0.01770074
-0.31696872,0.00006104
-0.31664872,0.00006104
-0.31632872,-0.01770074
-0.31600872,0.00006104
-0.31568872,0.00006104
-0.31536872,0.00006104
-0.31504872,0.00006104
-0.31472872,0.00006104
-0.31440872,0.00006104
-0.31408872,0.00006104
-0.31376872,0.00006104
-0.31344872,0.00006104
-0.31312872,0.00006104
-0.31280872,0.00006104
-0.31248872,0.00006104
-0.31216872,0.00006104
-0.31184872,0.00006104
-0.31152872,0.00006104
-0.31120872,0.00006104
-0.31088872,0.00006104
-0.31056872,0.00006104
-0.31024872,0.00006104
-0.30992872,0.00006104
-0.30960872,0.00006104
-0.30928872,0.00006104
-0.30896872,0.00006104
-0.30864872,0.00006104
-0.30832872,0.00006104
-0.30800872,0.00006104
-0.30768872,0.00006104
-0.30736872,0.00006104
-0.30704872,0.00006104
-0.30672872,0.00006104
-0.30640872,0.00006104
-0.30608872,0.00006104
-0.30576872,0.00006104
-0.30544872,0.00006104
-0.30512872,-0.01770074
-0.30480872,0.00006104
-0.30448872,0.00006104
-0.30416872,0.00006104
-0.30384872,0.00006104
-0.30352872,0.00006104
-0.30320872,0.00006104
-0.30288872,-0.01770074
-0.30256872,0.00006104
-0.30224872,0.00006104
-0.30192872,0.00006104
-0.30160872,0.00006104
-0.30128872,0.00006104
-0.30096872,0.00006104
-0.30064872,0.00006104
-0.30032872,0.00006104
-0.30000872,0.00006104
-0.29968872,-0.01770074
-0.29936872,0.00006104
-0.29904872,0.00006104
-0.29872872,0.00006104
-0.29840872,0.00006104
-0.29808872,0.00006104
-0.29776872,0.00006104
-0.29744872,0.00006104
-0.29712872,0.00006104
-0.29680872,0.00006104
-0.29648872,0.00006104
-0.29616872,0.00006104
-0.29584872,0.00006104
-0.29552872,0.00006104
-0.29520872,0.00006104
-0.29488872,0.00006104
-0.29456872,0.00006104
-0.29424872,0.00006104
-0.29392872,0.00006104
-0.29360872,0.00006104
-0.29328872,0.00006104
-0.29296872,0.00006104
-0.29264872,0.00006104
-0.29232872,0.00006104
-0.29200872,0.00006104
-0.29168872,0.00006104
-0.29136872,-0.01770074
-0.29104872,0.00006104
-0.29072872,0.00006104
-0.29040872,0.00006104
-0.29008872,0.00006104
-0.28976872,0.00006104
-0.28944872,0.00006104
-0.28912872,0.00006104
-0.28880872,0.00006104
-0.28848872,0.00006104
-0.28816872,0.00006104
-0.28784872,0.00006104
-0.28752872,0.00006104
-0.28720872,0.00006104
-0.28688872,-0.01770074
-0.28656872,0.00006104
-0.28624872,0.00006104
-0.28592872,0.00006104
-0.28560872,0.00006104
-0.28528872,0.00006104
-0.28496872,0.00006104
-0.28464872,0.00006104
-0.28432872,0.00006104
-0.28400872,0.00006104
-0.28368872,0.00006104
-0.28336872,0.00006104
-0.28304872,0.00006104
-0.28272872,0.00006104
-0.28240872,0.00006104
-0.28208872,0.00006104
-0.28176872,0.00006104
-0.28144872,0.00006104
-0.28112872,0.00006104
-0.28080872,0.00006104
-0.28048872,0.00006104
-0.28016872,0.00006104
-0.27984872,0.00006104
-0.27952872,0.00006104
-0.27920872,0.00006104
-0.27888872,0.00006104
-0.27856872,0.00006104
-0.27824872,0.00006104
-0.27792872,0.00006104
-0.27760872,0.00006104
-0.27728872,0.00006104
-0.27696872,0.00006104
-0.27664872,0.00006104
-0.27632872,0.00006104
-0.27600872,0.00006104
-0.27568872,0.00006104
-0.27536872,0.00006104
-0.27504872,0.00006104
-0.27472872,0.00006104
-0.27440872,-0.01770074
-0.27408872,0.00006104
-0.27376872,0.00006104
-0.27344872,0.00006104
-0.27312872,0.00006104
-0.27280872,0.00006104
-0.27248872,0.00006104
-0.27216872,0.00006104
-0.27184872,0.00006104
-0.27152872,0.00006104
-0.27120872,0.00006104
-0.27088872,-0.01770074
-0.27056872,0.00006104
-0.27024872,0.00006104
-0.26992872,0.00006104
-0.26960872,0.00006104
-0.26928872,0.00006104
-0.26896872,-0.01770074
-0.26864872,0.00006104
-0.26832872,0.00006104
-0.26800872,0.00006104
-0.26768872,0.00006104
-0.26736872,-0.01770074
-0.26704872,0.00006104
-0.26672872,0.00006104
-0.26640872,0.00006104
-0.26608872,0.00006104
-0.26576872,0.00006104
-0.26544872,0.00006104
-0.26512872,0.00006104
-0.26480872,0.00006104
-0.26448872,0.00006104
-0.26416872,0.00006104
-0.26384872,0.00006104
-0.26352872,0.00006104
-0.26320872,0.00006104
-0.26288872,0.00006104
-0.26256872,0.00006104
-0.26224872,0.00006104
-0.26192872,0.00006104
-0.26160872,0.00006104
-0.26128872,0.00006104
-0.26096872,0.00006104
-0.26064872,-0.01770074
-0.26032872,0.00006104
-0.26000872,0.00006104
-0.25968872,0.00006104
-0.25936872,0.00006104
-0.25904872,0.00006104
-0.25872872,0.00006104
-0.25840872,0.00006104
-0.25808872,0.00006104
-0.25776872,0.00006104
-0.25744872,0.00006104
-0.25712872,0.00006104
-0.25680872,0.00006104
-0.25648872,0.00006104
-0.25616872,0.00006104
-0.25584872,0.00006104
-0.25552872,0.00006104
-0.25520872,0.00006104
-0.25488872,0.00006104
-0.25456872,0.00006104
-0.25424872,0.00006104
-0.25392872,0.00006104
-0.25360872,0.00006104
-0.25328872,0.00006104
-0.25296872,0.00006104
-0.25264872,0.00006104
-0.25232872,0.00006104
-0.25200872,0.00006104
-0.25168872,0.00006104
-0.25136872,0.00006104
-0.25104872,0.00006104
-0.25072872,0.00006104
-0.25040872,0.00006104
-0.25008872,0.00006104
-0.24976872,0.00006104
-0.24944872,0.00006104
-0.24912872,0.00006104
-0.24880872,0.00006104
-0.24848872,0.00006104
-0.24816872,0.00006104
-0.24784872,0.00006104
-0.24752872,0.00006104
-0.24720872,0.00006104
-0.24688872,0.00006104
-0.24656872,0.00006104
-0.24624872,0.00006104
-0.24592872,0.00006104
-0.24560872,0.00006104
-0.24528872,0.00006104
-0.24496872,-0.01770074
-0.24464872,0.00006104
-0.24432872,0.00006104
-0.24400872,0.00006104
-0.24368872,0.00006104
-0.24336872,0.00006104
-0.24304872,0.00006104
-0.24272872,0.00006104
-0.24240872,0.00006104
-0.24208872,0.00006104
-0.24176872,-0.01770074
-0.24144872,0.00006104
-0.24112872,0.00006104
-0.24080872,0.00006104
-0.24048872,0.00006104
-0.24016872,0.00006104
-0.23984872,0.00006104
-0.23952872,0.00006104
-0.23920872,0.00006104
-0.23888872,0.00006104
-0.23856872,0.00006104
-0.23824872,0.00006104
-0.23792872,0.00006104
-0.23760872,0.00006104
-0.23728872,0.00006104
-0.23696872,0.00006104
-0.23664872,0.00006104
-0.23632872,0.00006104
-0.23600872,0.01788385
-0.23568872,0.00006104
-0.23536872,0.00006104
-0.23504872,0.00006104
-0.23472872,0.00006104
-0.23440872,-0.01770074
-0.23408872,0.00006104
-0.23376872,0.00006104
-0.23344872,-0.01770074
-0.23312872,0.00006104
-0.23280872,0.00006104
-0.23248872,0.00006104
-0.23216872,0.00006104
-0.23184872,0.00006104
-0.23152872,0.00006104
-0.23120872,0.00006104
-0.23088872,0.00006104
-0.23056872,0.00006104
-0.23024872,0.00006104
-0.22992872,0.00006104
-0.22960872,0.00006104
-0.22928872,0.00006104
-0.22896872,0.00006104
-0.22864872,0.00006104
-0.22832872,0.00006104
-0.22800872,0.00006104
-0.22768872,0.00006104
-0.22736872,0.00006104
-0.22704872,0.00006104
-0.22672872,0.00006104
-0.22640872,0.00006104
-0.22608872,0.00006104
-0.22576872,-0.01770074
-0.22544872,0.00006104
-0.22512872,0.00006104
-0.22480872,0.00006104
-0.22448872,0.00006104
-0.22416872,0.00006104
-0.22384872,0.00006104
-0.22352872,0.00006104
-0.22320872,0.00006104
-0.22288872,0.00006104
-0.22256872,0.00006104
-0.22224872,0.00006104
-0.22192872,0.00006104
-0.22160872,0.00006104
-0.22128872,0.00006104
-0.22096872,0.00006104
-0.22064872,0.00006104
-0.22032872,0.00006104
-0.22000872,0.00006104
-0.21968872,0.00006104
-0.21936872,0.00006104
-0.21904872,0.00006104
-0.21872872,0.00006104
-0.21840872,0.00006104
-0.21808872,0.00006104
-0.21776872,-0.01770074
-0.21744872,0.00006104
-0.21712872,-0.01770074
-0.21680872,0.00006104
-0.21648872,0.00006104
-0.21616872,0.00006104
-0.21584872,0.00006104
-0.21552872,0.00006104
-0.21520872,0.00006104
-0.21488872,-0.01770074
-0.21456872,0.00006104
-0.21424872,0.00006104
-0.21392872,0.00006104
-0.21360872,0.00006104
-0.21328872,0.00006104
-0.21296872,0.00006104
-0.21264872,0.00006104
-0.21232872,0.00006104
-0.21200872,0.00006104
-0.21168872,0.00006104
-0.21136872,0.00006104
-0.21104872,0.00006104
-0.21072872,0.00006104
-0.21040872,0.00006104
-0.21008872,0.00006104
-0.20976872,0.00006104
-0.20944872,0.00006104
-0.20912872,0.00006104
-0.20880872,0.00006104
-0.20848872,-0.01770074
-0.20816872,0.00006104
-0.20784872,0.00006104
-0.20752872,0.00006104
-0.20720872,0.00006104
-0.20688872,0.00006104
-0.20656872,0.00006104
-0.20624872,0.00006104
-0.20592872,0.00006104
-0.20560872,0.00006104
-0.20528872,0.00006104
-0.20496872,0.00006104
-0.20464872,0.00006104
-0.20432872,0.00006104
-0.20400872,0.00006104
-0.20368872,0.00006104
-0.20336872,0.00006104
-0.20304872,0.00006104
-0.20272872,0.00006104
-0.20240872,0.00006104
-0.20208872,0.00006104
-0.20176872,0.00006104
-0.20144872,0.00006104
-0.20112872,0.00006104
-0.20080872,0.00006104
-0.20048872,0.00006104
-0.20016872,0.00006104
-0.19984872,0.00006104
-0.19952872,0.00006104
-0.19920872,0.00006104
-0.19888872,0.00006104
-0.19856872,0.00006104
-0.19824872,0.00006104
-0.19792872,0.00006104
-0.19760872,0.00006104
-0.19728872,0.00006104
-0.19696872,0.00006104
-0.19664872,0.00006104
-0.19632872,0.00006104
-0.19600872,-0.01770074
-0.19568872,0.00006104
-0.19536872,-0.01770074
-0.19504872,0.00006104
-0.19472872,0.00006104
-0.19440872,0.00006104
-0.19408872,0.00006104
-0.19376872,0.00006104
-0.19344872,0.00006104
-0.19312872,0.00006104
-0.19280872,0.00006104
-0.19248872,0.00006104
-0.19216872,0.00006104
-0.19184872,0.00006104
-0.19152872,0.00006104
-0.19120872,0.00006104
-0.19088872,0.00006104
-0.19056872,0.00006104
-0.19024872,0.00006104
-0.18992872,0.00006104
-0.18960872,0.00006104
-0.18928872,0.00006104
-0.18896872,0.00006104
-0.18864872,0.00006104
-0.18832872,-0.01770074
-0.18800872,0.00006104
-0.18768872,0.00006104
-0.18736872,0.00006104
-0.18704872,0.00006104
-0.18672872,0.00006104
-0.18640872,0.00006104
-0.18608872,0.00006104
-0.18576872,0.00006104
-0.18544872,0.00006104
-0.18512872,0.00006104
-0.18480872,0.00006104
-0.18448872,0.00006104
-0.18416872,0.00006104
-0.18384872,0.00006104
-0.18352872,0.00006104
-0.18320872,0.00006104
-0.18288872,-0.01770074
-0.18256872,0.00006104
-0.18224872,0.00006104
-0.18192872,0.00006104
-0.18160872,0.00006104
-0.18128872,0.00006104
-0.18096872,0.00006104
-0.18064872,0.00006104
-0.18032872,0.00006104
-0.18000872,0.00006104
-0.17968872,0.00006104
-0.17936872,0.00006104
-0.17904872,0.00006104
-0.17872872,0.00006104
-0.17840872,0.00006104
-0.17808872,0.00006104
-0.17776872,0.00006104
-0.17744872,0.00006104
-0.17712872,0.00006104
-0.17680872,0.00006104
-0.17648872,0.00006104
-0.17616872,0.00006104
-0.17584872,0.00006104
-0.17552872,0.00006104
-0.17520872,-0.01770074
-0.17488872,0.00006104
-0.17456872,-0.01770074
-0.17424872,0.00006104
-0.17392872,0.00006104
-0.17360872,0.00006104
-0.17328872,0.00006104
-0.17296872,0.00006104
-0.17264872,0.00006104
-0.17232872,0.00006104
-0.17200872,0.00006104
-0.17168872,0.00006104
-0.17136872,0.00006104
-0.17104872,0.00006104
-0.17072872,0.00006104
-0.17040872,0.00006104
-0.17008872,0.00006104
-0.16976872,0.00006104
-0.16944872,0.00006104
-0.16912872,0.00006104
-0.16880872,0.00006104
-0.16848872,0.00006104
-0.16816872,-0.01770074
-0.16784872,0.00006104
-0.16752872,0.00006104
-0.16720872,0.00006104
-0.16688872,0.00006104
-0.16656872,0.00006104
-0.16624872,0.00006104
-0.16592872,0.00006104
-0.16560872,0.00006104
-0.16528872,0.00006104
-0.16496872,0.00006104
-0.16464872,0.00006104
-0.16432872,0.00006104
-0.16400872,0.00006104
-0.16368872,0.00006104
-0.16336872,0.00006104
-0.16304872,0.00006104
-0.16272872,0.00006104
-0.16240872,0.00006104
-0.16208872,0.00006104
-0.16176872,0.00006104
-0.16144872,0.00006104
-0.16112872,0.00006104
-0.16080872,0.00006104
-0.16048872,0.00006104
-0.16016872,0.00006104
-0.15984872,0.00006104
-0.15952872,0.00006104
-0.15920872,0.00006104
-0.15888872,0.00006104
-0.15856872,0.00006104
-0.15824872,0.00006104
-0.15792872,0.00006104
-0.15760872,0.00006104
-0.15728872,0.00006104
-0.15696872,0.00006104
-0.15664872,0.00006104
-0.15632872,0.00006104
-0.15600872,0.00006104
-0.15568872,0.00006104
-0.15536872,0.00006104
-0.15504872,0.00006104
-0.15472872,0.00006104
-0.15440872,0.00006104
-0.15408872,0.00006104
-0.15376872,0.00006104
-0.15344872,0.00006104
-0.15312872,0.00006104
-0.15280872,-0.01770074
-0.15248872,0.00006104
-0.15216872,0.00006104
-0.15184872,0.00006104
-0.15152872,0.00006104
-0.15120872,0.00006104
-0.15088872,0.00006104
-0.15056872,0.00006104
-0.15024872,0.00006104
-0.14992872,0.00006104
-0.14960872,0.00006104
-0.14928872,0.00006104
-0.14896872,0.00006104
-0.14864872,0.00006104
-0.14832872,0.00006104
-0.14800872,0.00006104
-0.14768872,0.00006104
-0.14736872,0.00006104
-0.14704872,0.00006104
-0.14672872,0.00006104
-0.14640872,0.00006104
-0.14608872,0.00006104
-0.14576872,0.00006104
-0.14544872,0.00006104
-0.14512872,0.00006104
-0.14480872,0.00006104
-0.14448872,0.00006104
-0.14416872,0.00006104
-0.14384872,0.00006104
-0.14352872,0.00006104
-0.14320872,0.00006104
-0.14288872,0.00006104
-0.14256872,0.00006104
-0.14224872,-0.01770074
-0.14192872,0.00006104
-0.14160872,0.00006104
-0.14128872,0.01788385
-0.14096872,0.00006104
-0.14064872,-0.01770074
-0.14032872,0.00006104
-0.14000872,0.00006104
-0.13968872,0.00006104
-0.13936872,0.00006104
-0.13904872,0.00006104
-0.13872872,0.00006104
-0.13840872,0.00006104
-0.13808872,0.00006104
-0.13776872,0.00006104
-0.13744872,0.00006104
-0.13712872,0.00006104
-0.13680872,0.00006104
-0.13648872,0.00006104
-0.13616872,0.00006104
-0.13584872,0.00006104
-0.13552872,0.00006104
-0.13520872,0.00006104
-0.13488872,0.00006104
-0.13456872,0.00006104
-0.13424872,0.00006104
-0.13392872,0.00006104
-0.13360872,0.00006104
-0.13328872,0.00006104
-0.13296872,0.00006104
-0.13264872,0.00006104
-0.13232872,0.00006104
-0.13200872,0.00006104
-0.13168872,0.00006104
-0.13136872,0.00006104
-0.13104872,0.00006104
-0.13072872,-0.01770074
-0.13040872,0.00006104
-0.13008872,0.00006104
-0.12976872,0.00006104
-0.12944872,0.00006104
-0.12912872,0.00006104
-0.12880872,0.00006104
-0.12848872,0.00006104
-0.12816872,0.00006104
-0.12784872,0.00006104
-0.12752872,0.00006104
-0.12720872,0.00006104
-0.12688872,0.00006104
-0.12656872,0.00006104
-0.12624872,0.00006104
-0.12592872,0.00006104
-0.12560872,0.00006104
-0.12528872,0.00006104
-0.12496872,0.00006104
-0.12464872,0.00006104
-0.12432872,0.00006104
-0.12400872,0.00006104
-0.12368872,0.00006104
-0.12336872,0.00006104
-0.12304872,0.00006104
-0.12272872,0.00006104
-0.12240872,0.00006104
-0.12208872,0.00006104
-0.12176872,0.00006104
-0.12144872,0.00006104
-0.12112872,0.00006104
-0.12080872,0.00006104
-0.12048872,-0.01770074
-0.12016872,0.00006104
-0.11984872,0.00006104
-0.11952872,0.00006104
-0.11920872,0.00006104
-0.11888872,0.00006104
-0.11856872,0.00006104
-0.11824872,0.00006104
-0.11792872,0.00006104
-0.11760872,0.00006104
-0.11728872,0.00006104
-0.11696872,0.00006104
-0.11664872,0.00006104
-0.11632872,0.00006104
-0.11600872,0.00006104
-0.11568872,0.00006104
-0.11536872,0.00006104
-0.11504872,0.00006104
-0.11472872,0.00006104
-0.11440872,0.00006104
-0.11408872,0.00006104
-0.11376872,0.00006104
-0.11344872,0.00006104
-0.11312872,0.00006104
-0.11280872,0.00006104
-0.11248872,0.00006104
-0.11216872,0.00006104
-0.11184872,0.00006104
-0.11152872,0.00006104
-0.11120872,0.00006104
-0.11088872,0.00006104
-0.11056872,0.00006104
-0.11024872,0.00006104
-0.10992872,0.00006104
-0.10960872,0.00006104
-0.10928872,0.00006104
-0.10896872,0.00006104
-0.10864872,0.00006104
-0.10832872,0.00006104
-0.10800872,0.00006104
-0.10768872,0.00006104
-0.10736872,0.00006104
-0.10704872,0.00006104
-0.10672872,0.00006104
-0.10640872,0.00006104
-0.10608872,0.00006104
-0.10576872,0.00006104
-0.10544872,0.00006104
-0.10512872,0.00006104
-0.10480872,0.00006104
-0.10448872,0.00006104
-0.10416872,0.00006104
-0.10384872,0.00006104
-0.10352872,0.00006104
-0.10320872,0.00006104
-0.10288872,0.00006104
-0.10256872,0.00006104
-0.10224872,0.00006104
-0.10192872,0.00006104
-0.10160872,0.00006104
-0.10128872,0.00006104
-0.10096872,0.00006104
-0.10064872,0.00006104
-0.10032872,0.00006104
-0.10000872,-0.01770074
-0.09968872,0.00006104
-0.09936872,0.00006104
-0.09904872,0.00006104
-0.09872872,0.00006104
-0.09840872,0.00006104
-0.09808872,0.00006104
-0.09776872,-0.01770074
-0.09744872,0.00006104
-0.09712872,0.00006104
-0.09680872,0.00006104
-0.09648872,0.00006104
-0.09616872,0.01788385
-0.09584872,-0.01770074
-0.09552872,0.00006104
-0.09520872,0.00006104
-0.09488872,0.00006104
-0.09456872,0.00006104
-0.09424872,0.00006104
-0.09392872,0.00006104
-0.09360872,0.00006104
-0.09328872,0.00006104
-0.09296872,0.00006104
-0.09264872,0.00006104
-0.09232872,0.00006104
-0.09200872,0.00006104
-0.09168872,-0.01770074
-0.09136872,-0.01770074
-0.09104872,0.00006104
-0.09072872,0.00006104
-0.09040872,0.00006104
-0.09008872,-0.01770074
-0.08976872,0.00006104
-0.08944872,0.00006104
-0.08912872,0.00006104
-0.08880872,0.00006104
-0.08848872,0.00006104
-0.08816872,0.00006104
-0.08784872,0.00006104
-0.08752872,0.00006104
-0.08720872,0.00006104
-0.08688872,0.00006104
-0.08656872,0.00006104
-0.08624872,0.00006104
-0.08592872,0.00006104
-0.08560872,0.00006104
-0.08528872,0.00006104
-0.08496872,0.00006104
-0.08464872,0.00006104
-0.08432872,0.00006104
-0.08400872,0.00006104
-0.08368872,0.00006104
-0.08336872,0.00006104
-0.08304872,0.00006104
-0.08272872,0.00006104
-0.08240872,-0.01770074
-0.08208872,0.00006104
-0.08176872,0.00006104
-0.08144872,0.00006104
-0.08112872,0.00006104
-0.08080872,0.00006104
-0.08048872,0.00006104
-0.08016872,0.00006104
-0.07984872,0.00006104
-0.07952872,0.00006104
-0.07920872,0.00006104
-0.07888872,0.00006104
-0.07856872,0.00006104
-0.07824872,0.00006104
-0.07792872,0.00006104
-0.07760872,0.00006104
-0.07728872,0.00006104
-0.07696872,0.00006104
-0.07664872,0.00006104
-0.07632872,0.00006104
-0.07600872,0.00006104
-0.07568872,0.00006104
-0.07536872,0.00006104
-0.07504872,0.00006104
-0.07472872,0.00006104
-0.07440872,0.00006104
-0.07408872,0.00006104
-0.07376872,0.00006104
-0.07344872,0.00006104
-0.07312872,0.00006104
-0.07280872,0.00006104
-0.07248872,0.00006104
-0.07216872,0.00006104
-0.07184872,0.00006104
-0.07152872,-0.01770074
-0.07120872,0.00006104
-0.07088872,0.00006104
-0.07056872,0.00006104
-0.07024872,0.00006104
-0.06992872,0.00006104
-0.06960872,0.00006104
-0.06928872,0.00006104
-0.06896872,0.00006104
-0.06864872,0.00006104
-0.06832872,0.00006104
-0.06800872,0.00006104
-0.06768872,0.00006104
-0.06736872,0.00006104
-0.06704872,0.00006104
-0.06672872,0.00006104
-0.06640872,0.00006104
-0.06608872,0.00006104
-0.06576872,0.00006104
-0.06544872,0.00006104
-0.06512872,0.00006104
-0.06480872,0.00006104
-0.06448872,0.00006104
-0.06416872,0.00006104
-0.06384872,0.00006104
-0.06352872,0.00006104
-0.06320872,0.00006104
-0.06288872,0.00006104
-0.06256872,0.00006104
-0.06224872,0.00006104
-0.06192872,0.00006104
-0.06160872,0.00006104
-0.06128872,0.00006104
-0.06096872,0.00006104
-0.06064872,0.00006104
-0.06032872,0.00006104
-0.06000872,0.00006104
-0.05968872,0.00006104
-0.05936872,0.00006104
-0.05904872,0.00006104
-0.05872872,0.00006104
-0.05840872,0.00006104
-0.05808872,-0.01770074
-0.05776872,0.00006104
-0.05744872,0.00006104
-0.05712872,0.00006104
-0.05680872,0.00006104
-0.05648872,0.00006104
-0.05616872,0.00006104
-0.05584872,0.00006104
-0.05552872,0.00006104
-0.05520872,0.00006104
-0.05488872,0.00006104
-0.05456872,0.00006104
-0.05424872,0.00006104
-0.05392872,0.00006104
-0.05360872,0.00006104
-0.05328872,0.00006104
-0.05296872,0.00006104
-0.05264872,0.00006104
-0.05232872,0.00006104
-0.05200872,0.00006104
-0.05168872,0.00006104
-0.05136872,0.00006104
-0.05104872,0.00006104
-0.05072872,0.00006104
-0.05040872,0.00006104
-0.05008872,0.00006104
-0.04976872,0.00006104
-0.04944872,0.00006104
-0.04912872,0.00006104
-0.04880872,0.00006104
-0.04848872,0.00006104
-0.04816872,0.00006104
-0.04784872,0.00006104
-0.04752872,0.00006104
-0.04720872,0.00006104
-0.04688872,0.00006104
-0.04656872,0.00006104
-0.04624872,0.00006104
-0.04592872,0.00006104
-0.04560872,0.00006104
-0.04528872,0.00006104
-0.04496872,0.00006104
-0.04464872,0.00006104
-0.04432872,0.00006104
-0.04400872,0.00006104
-0.04368872,0.00006104
-0.04336872,0.00006104
-0.04304872,-0.01770074
-0.04272872,0.00006104
-0.04240872,0.00006104
-0.04208872,0.00006104
-0.04176872,-0.01770074
-0.04144872,0.00006104
-0.04112872,0.00006104
-0.04080872,0.00006104
-0.04048872,0.00006104
-0.04016872,-0.01770074
-0.03984872,0.00006104
-0.03952872,0.00006104
-0.03920872,0.00006104
-0.03888872,0.00006104
-0.03856872,0.00006104
-0.03824872,0.00006104
-0.03792872,0.00006104
-0.03760872,0.00006104
-0.03728872,0.00006104
-0.03696872,0.00006104
-0.03664872,0.00006104
-0.03632872,0.00006104
-0.03600872,0.00006104
-0.03568872,0.00006104
-0.03536872,0.00006104
-0.03504872,0.00006104
-0.03472872,0.00006104
-0.03440872,0.00006104
-0.03408872,0.00006104
-0.03376872,0.00006104
-0.03344872,0.00006104
-0.03312872,0.00006104
-0.03280872,0.00006104
-0.03248872,0.00006104
-0.03216872,0.00006104
-0.03184872,0.00006104
-0.03152872,0.00006104
-0.03120872,0.00006104
-0.03088872,0.00006104
-0.03056872,0.00006104
-0.03024872,0.00006104
-0.02992872,0.00006104
-0.02960872,0.00006104
-0.02928872,0.00006104
-0.02896872,0.00006104
-0.02864872,0.00006104
-0.02832872,0.00006104
-0.02800872,0.00006104
-0.02768872,0.00006104
-0.02736872,0.00006104
-0.02704872,0.00006104
-0.02672872,0.00006104
-0.02640872,0.00006104
-0.02608872,0.00006104
-0.02576872,0.00006104
-0.02544872,0.00006104
-0.02512872,0.00006104
-0.02480872,-0.01770074
-0.02448872,0.00006104
-0.02416872,0.00006104
-0.02384872,0.00006104
-0.02352872,0.00006104
-0.02320872,0.00006104
-0.02288872,0.00006104
-0.02256872,0.00006104
-0.02224872,0.00006104
-0.02192872,0.00006104
-0.02160872,0.00006104
-0.02128872,-0.01770074
-0.02096872,0.00006104
-0.02064872,0.00006104
-0.02032872,0.00006104
-0.02000872,0.00006104
-0.01968872,0.00006104
-0.01936872,0.00006104
-0.01904872,0.00006104
-0.01872872,0.00006104
-0.01840872,0.00006104
-0.01808872,0.00006104
-0.01776872,0.00006104
-0.01744872,0.00006104
-0.01712872,0.00006104
-0.01680872,0.00006104
-0.01648872,0.00006104
-0.01616872,0.00006104
-0.01584872,0.00006104
-0.01552872,0.00006104
-0.01520872,0.00006104
-0.01488872,0.00006104
-0.01456872,0.00006104
-0.01424872,0.00006104
-0.01392872,0.00006104
-0.01360872,0.00006104
-0.01328872,0.00006104
-0.01296872,0.00006104
-0.01264872,0.00006104
-0.01232872,0.00006104
-0.01200872,0.00006104
-0.01168872,0.00006104
-0.01136872,0.00006104
-0.01104872,0.00006104
-0.01072872,0.00006104
-0.01040872,0.00006104
-0.01008872,0.00006104
-0.00976872,0.00006104
-0.00944872,0.00006104
-0.00912872,0.00006104
-0.00880872,-0.01770074
-0.00848872,0.01788385
-0.00816872,0.00006104
-0.00784872,0.00006104
-0.00752872,0.00006104
-0.00720872,0.00006104
-0.00688872,0.00006104
-0.00656872,0.00006104
-0.00624872,0.00006104
-0.00592872,0.00006104
-0.00560872,0.00006104
-0.00528872,0.00006104
-0.00496872,0.00006104
-0.00464872,-0.01770074
-0.00432872,0.00006104
-0.00400872,0.00006104
-0.00368872,0.00006104
-0.00336872,0.00006104
-0.00304872,0.00006104
-0.00272872,0.00006104
-0.00240872,0.00006104
-0.00208872,0.00006104
-0.00176872,0.00006104
-0.00144872,1.45970035
-0.00112872,-0.12451552
-0.00080872,-0.53395182
-0.00048872,-0.30256051
-0.00016872,-0.05334635
0.00015128,0.03570665
0.00047128,0.03570665
0.00079128,-0.01770074
0.00111128,-0.01770074
0.00143128,-0.03552354
0.00175128,-0.58735925
0.00207128,-1.06796467
0.00239128,-1.95800650
0.00271128,-1.38840902
0.00303128,-0.72975862
0.00335128,-0.05334635
0.00367128,0.10687582
0.00399128,0.07129124
0.00431128,0.03570665
0.00463128,0.01788385
0.00495128,0.00006104
0.00527128,0.01788385
0.00559128,0.01788385
0.00591128,0.03570665
0.00623128,0.05346843
0.00655128,0.03570665
0.00687128,0.03570665
0.00719128,0.00006104
0.00751128,0.00006104
0.00783128,0.01788385
0.00815128,0.01788385
0.00847128,0.01788385
0.00879128,0.05346843
0.00911128,0.05346843
0.00943128,0.07129124
0.00975128,0.07129124
0.01007128,0.05346843
0.01039128,0.07129124
0.01071128,0.05346843
0.01103128,0.03570665
0.01135128,0.08911405
0.01167128,0.07129124
0.01199128,0.05346843
0.01231128,0.03570665
0.01263128,0.03570665
0.01295128,0.03570665
0.01327128,0.01788385
0.01359128,-0.01770074
0.01391128,-0.01770074
0.01423128,-0.03552354
0.01455128,-0.01770074
0.01487128,0.01788385
0.01519128,0.00006104
0.01551128,0.01788385
0.01583128,0.03570665
0.01615128,-0.05334635
0.01647128,0.01788385
0.01679128,0.00006104
0.01711128,-0.03552354
0.01743128,0.03570665
0.01775128,0.03570665
0.01807128,0.00006104
0.01839128,0.03570665
0.01871128,0.03570665
0.01903128,0.01788385
0.01935128,0.01788385
0.01967128,0.01788385
0.01999128,0.01788385
0.02031128,0.00006104
0.02063128,0.03570665
0.02095128,0.03570665
0.02127128,0.00006104
0.02159128,0.01788385
0.02191128,0.03570665
0.02223128,0.00006104
0.02255128,0.01788385
0.02287128,0.00006104
0.02319128,-0.01770074
0.02351128,0.01788385
0.02383128,0.01788385
0.02415128,0.00006104
0.02447128,0.00006104
0.02479128,0.03570665
0.02511128,0.00006104
0.02543128,0.01788385
0.02575128,0.01788385
0.02607128,0.01788385
0.02639128,0.00006104
0.02671128,0.01788385
0.02703128,0.00006104
0.02735128,0.01788385
0.02767128,0.03570665
0.02799128,0.01788385
0.02831128,0.00006104
0.02863128,0.00006104
0.02895128,0.00006104
0.02927128,0.00006104
0.02959128,0.00006104
0.02991128,-0.01770074
0.03023128,0.00006104
0.03055128,0.01788385
0.03087128,0.00006104
0.03119128,0.00006104
0.03151128,0.00006104
0.03183128,0.00006104
0.03215128,0.01788385
0.03247128,0.00006104
0.03279128,0.00006104
0.03311128,0.01788385
0.03343128,0.01788385
0.03375128,0.00006104
0.03407128,0.00006104
0.03439128,0.00006104
0.03471128,0.01788385
0.03503128,0.01788385
0.03535128,0.00006104
0.03567128,0.00006104
0.03599128,0.00006104
0.03631128,0.00006104
0.03663128,0.00006104
0.03695128,0.01788385
0.03727128,0.00006104
0.03759128,0.01788385
0.03791128,0.00006104
0.03823128,0.00006104
0.03855128,0.00006104
0.03887128,0.00006104
0.03919128,0.00006104
0.03951128,0.00006104
0.03983128,0.00006104
0.04015128,0.00006104
0.04047128,0.00006104
0.04079128,0.00006104
0.04111128,0.00006104
0.04143128,-0.01770074
0.04175128,0.00006104
0.04207128,0.00006104
0.04239128,0.00006104
0.04271128,0.00006104
0.04303128,0.00006104
0.04335128,0.01788385
0.04367128,0.00006104
0.04399128,0.01788385
0.04431128,0.00006104
0.04463128,0.00006104
0.04495128,0.00006104
0.04527128,0.01788385
0.04559128,0.00006104
0.04591128,0.01788385
0.04623128,0.00006104
0.04655128,0.00006104
0.04687128,0.00006104
0.04719128,0.00006104
0.04751128,-0.01770074
0.04783128,-0.01770074
0.04815128,0.00006104
0.04847128,-0.01770074
0.04879128,-0.01770074
0.04911128,0.00006104
0.04943128,0.00006104
0.04975128,0.00006104
0.05007128,0.00006104
0.05039128,0.00006104
0.05071128,0.00006104
0.05103128,0.00006104
0.05135128,0.00006104
0.05167128,0.00006104
0.05199128,0.00006104
0.05231128,0.00006104
0.05263128,0.00006104
0.05295128,0.00006104
0.05327128,0.00006104
0.05359128,0.00006104
0.05391128,0.00006104
0.05423128,0.00006104
0.05455128,0.00006104
0.05487128,0.00006104
0.05519128,0.00006104
0.05551128,0.00006104
0.05583128,0.00006104
0.05615128,0.00006104
0.05647128,0.00006104
0.05679128,0.00006104
0.05711128,0.00006104
0.05743128,0.00006104
0.05775128,0.00006104
0.05807128,0.00006104
0.05839128,0.00006104
0.05871128,0.00006104
0.05903128,0.00006104
0.05935128,0.00006104
0.05967128,0.00006104
0.05999128,0.00006104
0.06031128,0.00006104
0.06063128,0.00006104
0.06095128,0.00006104
0.06127128,0.00006104
0.06159128,0.00006104
0.06191128,0.00006104
0.06223128,0.00006104
0.06255128,0.00006104
0.06287128,0.00006104
0.06319128,0.00006104
0.06351128,0.00006104
0.06383128,0.00006104
0.06415128,0.00006104
0.06447128,0.00006104
0.06479128,0.00006104
0.06511128,0.00006104
0.06543128,0.00006104
0.06575128,0.00006104
0.06607128,0.00006104
0.06639128,0.00006104
0.06671128,0.00006104
0.06703128,0.00006104
0.06735128,0.00006104
0.06767128,0.00006104
0.06799128,0.00006104
0.06831128,0.00006104
0.06863128,0.00006104
0.06895128,0.00006104
0.06927128,0.00006104
0.06959128,0.00006104
0.06991128,0.00006104
0.07023128,0.00006104
0.07055128,0.00006104
0.07087128,0.00006104
0.07119128,0.00006104
0.07151128,0.00006104
0.07183128,0.00006104
0.07215128,0.00006104
0.07247128,0.00006104
0.07279128,0.00006104
0.07311128,0.00006104
0.07343128,0.00006104
0.07375128,0.00006104
0.07407128,0.00006104
0.07439128,0.00006104
0.07471128,0.00006104
0.07503128,0.00006104
0.07535128,0.00006104
0.07567128,0.00006104
0.07599128,0.00006104
0.07631128,0.00006104
0.07663128,0.00006104
0.07695128,0.00006104
0.07727128,0.00006104
0.07759128,0.00006104
0.07791128,0.00006104
0.07823128,0.00006104
0.07855128,0.00006104
0.07887128,0.00006104
0.07919128,0.00006104
0.07951128,0.00006104
0.07983128,0.00006104
0.08015128,0.00006104
0.08047128,0.00006104
0.08079128,0.00006104
0.08111128,0.00006104
0.08143128,0.00006104
0.08175128,0.00006104
0.08207128,0.00006104
0.08239128,0.00006104
0.08271128,0.00006104
0.08303128,0.00006104
0.08335128,0.00006104
0.08367128,0.00006104
0.08399128,0.00006104
0.08431128,0.00006104
0.08463128,0.00006104
0.08495128,0.00006104
0.08527128,0.00006104
0.08559128,0.00006104
0.08591128,0.00006104
0.08623128,0.00006104
0.08655128,0.00006104
0.08687128,0.00006104
0.08719128,0.00006104
0.08751128,0.00006104
0.08783128,0.00006104
0.08815128,0.00006104
0.08847128,0.00006104
0.08879128,0.00006104
0.08911128,0.00006104
0.08943128,0.00006104
0.08975128,0.00006104
0.09007128,0.00006104
0.09039128,0.00006104
0.09071128,0.00006104
0.09103128,0.00006104
0.09135128,0.00006104
0.09167128,0.00006104
0.09199128,0.00006104
0.09231128,0.00006104
0.09263128,0.00006104
0.09295128,0.00006104
0.09327128,0.00006104
0.09359128,0.00006104
0.09391128,0.00006104
0.09423128,0.00006104
0.09455128,0.00006104
0.09487128,0.00006104
0.09519128,0.00006104
0.09551128,0.00006104
0.09583128,0.00006104
0.09615128,0.00006104
0.09647128,0.00006104
0.09679128,0.00006104
0.09711128,0.00006104
0.09743128,0.00006104
0.09775128,0.00006104
0.09807128,0.00006104
0.09839128,0.00006104
0.09871128,0.00006104
0.09903128,0.00006104
0.09935128,0.00006104
0.09967128,0.00006104
0.09999128,0.00006104
0.10031128,0.00006104
0.10063128,0.00006104
0.10095128,0.00006104
0.10127128,0.00006104
0.10159128,0.00006104
0.10191128,0.00006104
0.10223128,-0.01770074
0.10255128,0.00006104
0.10287128,0.00006104
0.10319128,0.00006104
0.10351128,0.00006104
0.10383128,0.00006104
0.10415128,0.00006104
0.10447128,0.00006104
0.10479128,0.00006104
0.10511128,0.00006104
0.10543128,0.00006104
0.10575128,-0.01770074
0.10607128,0.00006104
0.10639128,0.00006104
0.10671128,0.00006104
0.10703128,0.00006104
0.10735128,0.00006104
0.10767128,0.00006104
0.10799128,0.00006104
0.10831128,0.00006104
0.10863128,0.00006104
0.10895128,0.00006104
0.10927128,0.00006104
0.10959128,-0.01770074
0.10991128,0.00006104
0.11023128,0.00006104
0.11055128,0.00006104
0.11087128,0.00006104
0.11119128,0.00006104
0.11151128,0.00006104
0.11183128,0.00006104
0.11215128,0.00006104
0.11247128,0.00006104
0.11279128,0.00006104
0.11311128,0.00006104
0.11343128,0.00006104
0.11375128,0.00006104
0.11407128,0.00006104
0.11439128,0.00006104
0.11471128,0.00006104
0.11503128,0.00006104
0.11535128,0.00006104
0.11567128,0.00006104
0.11599128,0.00006104
0.11631128,0.00006104
0.11663128,0.00006104
0.11695128,0.00006104
0.11727128,0.00006104
0.11759128,-0.01770074
0.11791128,0.00006104
0.11823128,0.00006104
0.11855128,0.00006104
0.11887128,0.00006104
0.11919128,0.00006104
0.11951128,0.00006104
0.11983128,0.00006104
0.12015128,0.00006104
0.12047128,0.00006104
0.12079128,0.00006104
0.12111128,0.00006104
0.12143128,0.00006104
0.12175128,0.00006104
0.12207128,0.00006104
0.12239128,0.00006104
0.12271128,0.00006104
0.12303128,0.00006104
0.12335128,0.00006104
0.12367128,0.00006104
0.12399128,0.00006104
0.12431128,0.00006104
0.12463128,0.00006104
0.12495128,0.00006104
0.12527128,0.00006104
0.12559128,0.00006104
0.12591128,-0.01770074
0.12623128,0.00006104
0.12655128,0.00006104
0.12687128,0.00006104
0.12719128,0.00006104
0.12751128,0.00006104
0.12783128,0.00006104
0.12815128,0.00006104
0.12847128,0.00006104
0.12879128,0.00006104
0.12911128,0.00006104
0.12943128,-0.01770074
0.12975128,0.00006104
0.13007128,0.00006104
0.13039128,0.00006104
0.13071128,0.00006104
0.13103128,0.00006104
0.13135128,0.00006104
0.13167128,0.00006104
0.13199128,0.00006104
0.13231128,0.00006104
0.13263128,0.00006104
0.13295128,0.00006104
0.13327128,0.00006104
0.13359128,0.00006104
0.13391128,0.00006104
0.13423128,0.00006104
0.13455128,0.00006104
0.13487128,0.00006104
0.13519128,0.00006104
0.13551128,0.00006104
0.13583128,0.00006104
0.13615128,-0.01770074
0.13647128,0.00006104
0.13679128,0.00006104
0.13711128,0.00006104
0.13743128,0.00006104
0.13775128,0.00006104
0.13807128,0.00006104
0.13839128,0.00006104
0.13871128,0.00006104
0.13903128,-0.01770074
0.13935128,0.00006104
0.13967128,0.00006104
0.13999128,0.00006104
0.14031128,0.00006104
0.14063128,-0.01770074
0.14095128,0.00006104
0.14127128,0.00006104
0.14159128,0.00006104
0.14191128,0.00006104
0.14223128,0.00006104
0.14255128,0.00006104
0.14287128,-0.01770074
0.14319128,0.00006104
0.14351128,0.00006104
0.14383128,0.00006104
0.14415128,0.00006104
0.14447128,0.00006104
0.14479128,0.00006104
0.14511128,0.00006104
0.14543128,0.00006104
0.14575128,0.00006104
0.14607128,0.00006104
0.14639128,0.00006104
0.14671128,0.00006104
0.14703128,0.00006104
0.14735128,0.00006104
0.14767128,0.00006104
0.14799128,0.00006104
0.14831128,0.00006104
0.14863128,0.00006104
0.14895128,0.00006104
0.14927128,0.00006104
0.14959128,0.00006104
0.14991128,0.00006104
0.15023128,0.00006104
0.15055128,0.00006104
0.15087128,0.00006104
0.15119128,0.00006104
0.15151128,0.00006104
0.15183128,0.00006104
0.15215128,0.00006104
0.15247128,0.00006104
0.15279128,0.00006104
0.15311128,0.00006104
0.15343128,0.00006104
0.15375128,0.00006104
0.15407128,0.00006104
0.15439128,0.00006104
0.15471128,0.00006104
0.15503128,0.00006104
0.15535128,0.00006104
0.15567128,0.00006104
0.15599128,0.00006104
0.15631128,0.00006104
0.15663128,0.00006104
0.15695128,0.00006104
0.15727128,0.00006104
0.15759128,0.00006104
0.15791128,0.00006104
0.15823128,0.00006104
0.15855128,0.00006104
0.15887128,0.00006104
0.15919128,0.00006104
0.15951128,0.00006104
0.15983128,0.00006104
0.16015128,0.00006104
0.16047128,0.00006104
0.16079128,0.00006104
0.16111128,0.00006104
0.16143128,0.00006104
0.16175128,0.00006104
0.16207128,0.00006104
0.16239128,0.00006104
0.16271128,0.00006104
0.16303128,0.00006104
0.16335128,0.00006104
0.16367128,0.00006104
0.16399128,0.00006104
0.16431128,0.00006104
0.16463128,0.00006104
0.16495128,0.00006104
0.16527128,0.00006104
0.16559128,0.00006104
0.16591128,0.00006104
0.16623128,0.00006104
0.16655128,0.00006104
0.16687128,0.00006104
0.16719128,0.00006104
0.16751128,0.00006104
0.16783128,0.00006104
0.16815128,0.00006104
0.16847128,0.00006104
0.16879128,0.00006104
0.16911128,0.00006104
0.16943128,0.00006104
0.16975128,0.00006104
0.17007128,-0.01770074
0.17039128,0.00006104
0.17071128,0.00006104
0.17103128,0.00006104
0.17135128,0.00006104
0.17167128,0.00006104
0.17199128,0.00006104
0.17231128,0.00006104
0.17263128,0.00006104
0.17295128,0.00006104
0.17327128,0.00006104
0.17359128,0.00006104
0.17391128,-0.01770074
0.17423128,0.00006104
0.17455128,0.00006104
0.17487128,-0.01770074
0.17519128,0.00006104
0.17551128,0.00006104
0.17583128,0.00006104
0.17615128,0.00006104
0.17647128,0.00006104
0.17679128,0.00006104
0.17711128,0.00006104
0.17743128,0.00006104
0.17775128,0.00006104
0.17807128,0.00006104
0.17839128,0.00006104
0.17871128,0.00006104
0.17903128,0.00006104
0.17935128,0.00006104
0.17967128,0.00006104
0.17999128,0.00006104
0.18031128,0.00006104
0.18063128,0.00006104
0.18095128,0.00006104
0.18127128,0.00006104
0.18159128,0.00006104
0.18191128,0.00006104
0.18223128,0.00006104
0.18255128,0.00006104
0.18287128,0.00006104
0.18319128,-0.01770074
0.18351128,0.00006104
0.18383128,0.00006104
0.18415128,0.00006104
0.18447128,0.00006104
0.18479128,0.00006104
0.18511128,0.00006104
0.18543128,0.00006104
0.18575128,0.00006104
0.18607128,0.00006104
0.18639128,0.00006104
0.18671128,0.00006104
0.18703128,0.00006104
0.18735128,0.00006104
0.18767128,0.00006104
0.18799128,0.00006104
0.18831128,-0.01770074
0.18863128,0.00006104
0.18895128,0.00006104
0.18927128,0.00006104
0.18959128,0.00006104
0.18991128,0.00006104
0.19023128,-0.01770074
0.19055128,0.00006104
0.19087128,0.00006104
0.19119128,0.00006104
0.19151128,0.00006104
0.19183128,0.00006104
0.19215128,0.00006104
0.19247128,0.00006104
0.19279128,-0.01770074
0.19311128,0.00006104
0.19343128,0.00006104
0.19375128,0.00006104
0.19407128,0.00006104
0.19439128,0.00006104
0.19471128,0.00006104
0.19503128,0.00006104
0.19535128,0.00006104
0.19567128,0.00006104
0.19599128,0.00006104
0.19631128,0.00006104
0.19663128,0.00006104
0.19695128,0.00006104
0.19727128,0.00006104
0.19759128,0.00006104
0.19791128,0.00006104
0.19823128,0.00006104
0.19855128,0.00006104
0.19887128,0.00006104
0.19919128,0.00006104
0.19951128,0.00006104
0.19983128,0.00006104
0.20015128,0.00006104
0.20047128,0.00006104
0.20079128,0.00006104
0.20111128,0.00006104
0.20143128,0.00006104
0.20175128,0.00006104
0.20207128,0.00006104
0.20239128,0.00006104
0.20271128,0.00006104
0.20303128,-0.01770074
0.20335128,0.00006104
0.20367128,0.00006104
0.20399128,0.00006104
0.20431128,-0.01770074
0.20463128,0.00006104
0.20495128,0.00006104
0.20527128,0.00006104
0.20559128,0.00006104
0.20591128,0.00006104
0.20623128,0.00006104
0.20655128,0.00006104
0.20687128,0.00006104
0.20719128,0.00006104
0.20751128,0.00006104
0.20783128,0.00006104
0.20815128,0.00006104
0.20847128,0.00006104
0.20879128,0.00006104
0.20911128,-0.01770074
0.20943128,-0.01770074
0.20975128,-0.01770074
0.21007128,0.00006104
0.21039128,0.00006104
0.21071128,0.00006104
0.21103128,0.00006104
0.21135128,-0.01770074
0.21167128,0.00006104
0.21199128,0.00006104
0.21231128,0.00006104
0.21263128,-0.01770074
0.21295128,0.00006104
0.21327128,0.00006104
0.21359128,0.00006104
0.21391128,0.00006104
0.21423128,0.00006104
0.21455128,0.00006104
0.21487128,0.00006104
0.21519128,0.00006104
0.21551128,0.00006104
0.21583128,0.00006104
0.21615128,0.00006104
0.21647128,0.00006104
0.21679128,0.00006104
0.21711128,0.00006104
0.21743128,0.00006104
0.21775128,0.00006104
0.21807128,0.00006104
0.21839128,0.00006104
0.21871128,0.00006104
0.21903128,0.00006104
0.21935128,-0.01770074
0.21967128,0.00006104
0.21999128,0.00006104
0.22031128,0.00006104
0.22063128,0.00006104
0.22095128,0.00006104
0.22127128,0.00006104
0.22159128,0.00006104
0.22191128,0.00006104
0.22223128,0.00006104
0.22255128,0.00006104
0.22287128,0.00006104
0.22319128,0.00006104
0.22351128,0.00006104
0.22383128,0.00006104
0.22415128,0.00006104
0.22447128,0.00006104
0.22479128,0.00006104
0.22511128,0.00006104
0.22543128,0.00006104
0.22575128,0.00006104
0.22607128,0.00006104
0.22639128,0.00006104
0.22671128,0.00006104
0.22703128,0.00006104
0.22735128,0.00006104
0.22767128,0.00006104
0.22799128,0.00006104
0.22831128,0.00006104
0.22863128,0.00006104
0.22895128,0.00006104
0.22927128,0.00006104
0.22959128,0.00006104
0.22991128,0.00006104
0.23023128,0.00006104
0.23055128,0.00006104
0.23087128,0.00006104
0.23119128,0.00006104
0.23151128,0.00006104
0.23183128,0.00006104
0.23215128,0.00006104
0.23247128,0.00006104
0.23279128,0.00006104
0.23311128,0.00006104
0.23343128,0.00006104
0.23375128,0.00006104
0.23407128,0.00006104
0.23439128,0.00006104
0.23471128,0.00006104
0.23503128,0.00006104
0.23535128,0.00006104
0.23567128,0.00006104
0.23599128,0.00006104
0.23631128,0.00006104
0.23663128,0.00006104
0.23695128,0.00006104
0.23727128,0.00006104
0.23759128,0.00006104
0.23791128,-0.01770074
0.23823128,0.00006104
0.23855128,0.00006104
0.23887128,0.00006104
0.23919128,0.00006104
0.23951128,0.00006104
0.23983128,0.00006104
0.24015128,0.00006104
0.24047128,0.00006104
0.24079128,0.00006104
0.24111128,0.00006104
0.24143128,-0.01770074
0.24175128,0.00006104
0.24207128,0.00006104
0.24239128,0.00006104
0.24271128,0.00006104
0.24303128,0.00006104
0.24335128,0.00006104
0.24367128,0.00006104
0.24399128,0.00006104
0.24431128,0.00006104
0.24463128,0.00006104
0.24495128,0.00006104
0.24527128,0.00006104
0.24559128,-0.01770074
0.24591128,-0.01770074
0.24623128,0.00006104
0.24655128,0.00006104
0.24687128,0.00006104
0.24719128,-0.01770074
0.24751128,-0.01770074
0.24783128,-0.01770074
0.24815128,0.00006104
0.24847128,-0.01770074
0.24879128,0.00006104
0.24911128,0.00006104
0.24943128,-0.01770074
0.24975128,0.00006104
0.25007128,0.00006104
0.25039128,0.00006104
0.25071128,0.00006104
0.25103128,0.00006104
0.25135128,0.00006104
0.25167128,0.00006104
0.25199128,0.00006104
0.25231128,0.00006104
0.25263128,0.00006104
0.25295128,0.00006104
0.25327128,0.00006104
0.25359128,0.00006104
0.25391128,0.00006104
0.25423128,0.00006104
0.25455128,0.00006104
0.25487128,0.00006104
0.25519128,0.00006104
0.25551128,0.00006104
0.25583128,0.00006104
0.25615128,0.00006104
0.25647128,0.00006104
0.25679128,0.00006104
0.25711128,0.00006104
0.25743128,0.00006104
0.25775128,0.00006104
0.25807128,0.00006104
0.25839128,0.00006104
0.25871128,-0.01770074
0.25903128,0.00006104
0.25935128,0.00006104
0.25967128,0.00006104
0.25999128,0.00006104
0.26031128,-0.01770074
0.26063128,0.00006104
0.26095128,0.00006104
0.26127128,0.00006104
0.26159128,0.00006104
0.26191128,0.00006104
0.26223128,0.00006104
0.26255128,0.00006104
0.26287127,0.00006104
0.26319127,0.00006104
0.26351127,0.00006104
0.26383127,-0.01770074
0.26415127,0.00006104
0.26447127,0.00006104
0.26479127,0.00006104
0.26511127,0.00006104
0.26543127,-0.01770074
0.26575127,0.00006104
0.26607127,-0.01770074
0.26639127,0.00006104
0.26671127,0.00006104
0.26703127,0.00006104
0.26735127,0.00006104
0.26767127,0.00006104
0.26799127,0.00006104
0.26831127,0.00006104
0.26863127,0.00006104
0.26895127,0.00006104
0.26927127,0.00006104
0.26959127,0.00006104
0.26991127,0.00006104
0.27023127,0.00006104
0.27055127,0.00006104
0.27087127,0.00006104
0.27119127,-0.01770074
0.27151127,0.00006104
0.27183127,0.00006104
0.27215127,0.00006104
0.27247127,0.00006104
0.27279127,0.00006104
0.27311127,0.00006104
0.27343127,0.00006104
0.27375127,0.00006104
0.27407127,-0.01770074
0.27439127,0.00006104
0.27471127,0.00006104
0.27503127,0.00006104
0.27535127,0.00006104
0.27567127,-0.01770074
0.27599127,0.00006104
0.27631127,0.00006104
0.27663127,0.00006104
0.27695127,0.00006104
0.27727127,0.00006104
0.27759127,0.00006104
0.27791127,0.00006104
0.27823127,0.00006104
0.27855127,0.00006104
0.27887127,0.00006104
0.27919127,0.00006104
0.27951127,0.00006104
0.27983127,0.00006104
0.28015127,0.00006104
0.28047127,0.00006104
0.28079127,0.00006104
0.28111127,0.00006104
0.28143127,0.00006104
0.28175127,0.00006104
0.28207127,-0.01770074
0.28239127,0.00006104
0.28271127,0.00006104
0.28303127,0.00006104
0.28335127,0.00006104
0.28367127,0.00006104
0.28399127,0.00006104
0.28431127,0.00006104
0.28463127,0.00006104
0.28495127,0.00006104
0.28527127,0.00006104
0.28559127,0.00006104
0.28591127,0.00006104
0.28623127,0.00006104
0.28655127,0.00006104
0.28687127,0.00006104
0.28719127,0.00006104
0.28751127,0.00006104
0.28783127,0.00006104
0.28815127,0.00006104
0.28847127,0.00006104
0.28879127,0.00006104
0.28911127,0.00006104
0.28943127,0.00006104
0.28975127,0.00006104
0.29007127,0.00006104
0.29039127,0.00006104
0.29071127,0.00006104
0.29103127,0.00006104
0.29135127,0.00006104
0.29167127,0.00006104
0.29199127,0.00006104
0.29231127,0.00006104
0.29263127,-0.01770074
0.29295127,0.00006104
0.29327127,0.00006104
0.29359127,0.00006104
0.29391127,0.00006104
0.29423127,0.00006104
0.29455127,0.00006104
0.29487127,0.00006104
0.29519127,0.00006104
0.29551127,0.00006104
0.29583127,0.00006104
0.29615127,0.00006104
0.29647127,0.00006104
0.29679127,0.00006104
0.29711127,0.00006104
0.29743127,0.00006104
0.29775127,0.00006104
0.29807127,0.00006104
0.29839127,0.00006104
0.29871127,0.00006104
0.29903127,0.00006104
0.29935127,-0.01770074
0.29967127,0.00006104
0.29999127,0.00006104
0.30031127,0.00006104
0.30063127,0.00006104
0.30095127,0.00006104
0.30127127,0.00006104
0.30159127,0.00006104
0.30191127,0.00006104
0.30223127,0.00006104
0.30255127,0.00006104
0.30287127,0.00006104
0.30319127,0.00006104
0.30351127,0.00006104
0.30383127,0.00006104
0.30415127,0.00006104
0.30447127,0.00006104
0.30479127,0.00006104
0.30511127,0.00006104
0.30543127,0.00006104
0.30575127,0.00006104
0.30607127,0.00006104
0.30639127,0.00006104
0.30671127,0.00006104
0.30703127,0.00006104
0.30735127,0.00006104
0.30767127,0.00006104
0.30799127,0.00006104
0.30831127,0.00006104
0.30863127,0.00006104
0.30895127,0.00006104
0.30927127,0.00006104
0.30959127,0.00006104
0.30991127,0.00006104
0.31023127,0.00006104
0.31055127,0.00006104
0.31087127,0.00006104
0.31119127,0.00006104
0.31151127,0.00006104
0.31183127,0.00006104
0.31215127,0.00006104
0.31247127,0.00006104
0.31279127,0.00006104
0.31311127,0.00006104
0.31343127,0.00006104
0.31375127,0.00006104
0.31407127,0.00006104
0.31439127,0.00006104
0.31471127,0.00006104
0.31503127,0.00006104
0.31535127,0.00006104
0.31567127,0.00006104
0.31599127,0.00006104
0.31631127,0.00006104
0.31663127,-0.01770074
0.31695127,0.00006104
0.31727127,0.00006104
0.31759127,0.00006104
0.31791127,0.00006104
0.31823127,0.00006104
0.31855127,0.00006104
0.31887127,0.00006104
0.31919127,0.00006104
0.31951127,0.00006104
0.31983127,0.00006104
0.32015127,0.00006104
0.32047127,0.00006104
0.32079127,0.00006104
0.32111127,0.00006104
0.32143127,0.00006104
0.32175127,-0.01770074
0.32207127,0.00006104
0.32239127,0.00006104
0.32271127,0.00006104
0.32303127,0.00006104
0.32335127,0.00006104
0.32367127,0.00006104
0.32399127,0.00006104
0.32431127,0.00006104
0.32463127,0.00006104
0.32495127,0.00006104
0.32527127,0.00006104
0.32559127,0.00006104
0.32591127,0.00006104
0.32623127,0.00006104
0.32655127,0.00006104
0.32687127,0.00006104
0.32719127,0.00006104
0.32751127,0.00006104
0.32783127,0.00006104
0.32815127,0.00006104
0.32847127,0.00006104
0.32879127,0.00006104
0.32911127,0.00006104
0.32943127,0.00006104
0.32975127,0.00006104
0.33007127,0.00006104
0.33039127,0.00006104
0.33071127,0.00006104
0.33103127,0.00006104
0.33135127,0.00006104
0.33167127,0.00006104
0.33199127,0.00006104
0.33231127,0.00006104
0.33263127,0.00006104
0.33295127,0.00006104
0.33327127,0.00006104
0.33359127,0.00006104
0.33391127,0.00006104
0.33423127,0.00006104
0.33455127,0.00006104
0.33487127,0.00006104
0.33519127,0.00006104
0.33551127,0.00006104
0.33583127,0.00006104
0.33615127,0.00006104
0.33647127,0.00006104
0.33679127,0.00006104
0.33711127,0.00006104
0.33743127,0.00006104
0.33775127,0.00006104
0.33807127,0.00006104
0.33839127,0.00006104
0.33871127,0.00006104
0.33903127,0.00006104
0.33935127,-0.01770074
0.33967127,0.00006104
0.33999127,0.00006104
0.34031127,0.00006104
0.34063127,0.00006104
0.34095127,0.00006104
0.34127127,0.00006104
0.34159127,0.00006104
0.34191127,0.00006104
0.34223127,0.00006104
0.34255127,0.00006104
0.34287127,0.00006104
0.34319127,0.00006104
0.34351127,0.00006104
0.34383127,0.00006104
0.34415127,0.00006104
0.34447127,0.00006104
0.34479127,0.00006104
0.34511127,0.00006104
0.34543127,0.00006104
0.34575127,0.00006104
0.34607127,0.00006104
0.34639127,0.00006104
0.34671127,0.00006104
0.34703127,0.00006104
0.34735127,0.00006104
0.34767127,0.00006104
0.34799127,0.00006104
0.34831127,0.00006104
0.34863127,0.00006104
0.34895127,0.00006104
0.34927127,0.00006104
0.34959127,0.00006104
0.34991127,0.00006104
0.35023127,0.00006104
0.35055127,0.00006104
0.35087127,0.00006104
0.35119127,0.00006104
0.35151127,0.00006104
0.35183127,0.00006104
0.35215127,0.00006104
0.35247127,0.00006104
0.35279127,0.00006104
0.35311127,0.00006104
0.35343127,0.00006104
0.35375127,0.00006104
0.35407127,0.00006104
0.35439127,0.00006104
0.35471127,0.00006104
0.35503127,0.00006104
0.35535127,0.00006104
0.35567127,0.00006104
0.35599127,0.00006104
0.35631127,0.00006104
0.35663127,0.00006104
0.35695127,0.00006104
0.35727127,0.00006104
0.35759127,0.00006104
0.35791127,0.00006104
0.35823127,0.00006104
0.35855127,0.00006104
0.35887127,0.00006104
0.35919127,0.00006104
0.35951127,0.00006104
0.35983127,0.00006104
0.36015127,-0.01770074
0.36047127,0.00006104
0.36079127,0.00006104
0.36111127,0.00006104
0.36143127,0.00006104
0.36175127,0.00006104
0.36207127,0.00006104
0.36239127,0.00006104
0.36271127,0.00006104
0.36303127,0.00006104
0.36335127,0.00006104
0.36367127,0.00006104
0.36399127,0.00006104
0.36431127,0.00006104
0.36463127,0.00006104
0.36495127,0.00006104
0.36527127,0.00006104
0.36559127,0.00006104
0.36591127,0.00006104
0.36623127,0.00006104
0.36655127,0.00006104
0.36687127,0.00006104
0.36719127,0.00006104
0.36751127,0.00006104
0.36783127,0.00006104
0.36815127,0.00006104
0.36847127,0.00006104
0.36879127,0.00006104
0.36911127,0.00006104
0.36943127,0.00006104
0.36975127,0.00006104
0.37007127,0.00006104
0.37039127,0.00006104
0.37071127,0.00006104
0.37103127,0.00006104
0.37135127,0.00006104
0.37167127,0.00006104
0.37199127,0.00006104
0.37231127,0.00006104
0.37263127,0.00006104
0.37295127,0.00006104
0.37327127,0.00006104
0.37359127,-0.01770074
0.37391127,0.00006104
0.37423127,0.00006104
0.37455127,0.00006104
0.37487127,0.00006104
0.37519127,0.00006104
0.37551127,0.00006104
0.37583127,0.00006104
0.37615127,0.00006104
0.37647127,0.00006104
0.37679127,0.00006104
0.37711127,0.00006104
0.37743127,0.00006104
0.37775127,0.00006104
0.37807127,0.00006104
0.37839127,0.00006104
0.37871127,0.00006104
0.37903127,0.00006104
0.37935127,0.00006104
0.37967127,0.00006104
0.37999127,-0.01770074
0.38031127,0.00006104
0.38063127,0.00006104
0.38095127,0.00006104
0.38127127,0.00006104
0.38159127,0.00006104
0.38191127,0.00006104
0.38223127,0.00006104
0.38255127,0.00006104
0.38287127,0.00006104
0.38319127,0.00006104
0.38351127,0.00006104
0.38383127,0.00006104
0.38415127,0.00006104
0.38447127,0.00006104
0.38479127,0.00006104
0.38511127,0.00006104
0.38543127,0.00006104
0.38575127,0.00006104
0.38607127,0.00006104
0.38639127,0.00006104
0.38671127,0.00006104
0.38703127,0.00006104
0.38735127,0.00006104
0.38767127,0.00006104
0.38799127,-0.01770074
0.38831127,0.00006104
0.38863127,0.00006104
0.38895127,0.00006104
0.38927127,0.00006104
0.38959127,0.00006104
0.38991127,0.00006104
0.39023127,0.00006104
0.39055127,0.00006104
0.39087127,0.00006104
0.39119127,0.00006104
0.39151127,0.00006104
0.39183127,0.00006104
0.39215127,0.00006104
0.39247127,0.00006104
0.39279127,0.00006104
0.39311127,0.00006104
0.39343127,0.00006104
0.39375127,0.00006104
0.39407127,0.00006104
0.39439127,0.00006104
0.39471127,-0.01770074
0.39503127,0.00006104
0.39535127,0.00006104
0.39567127,0.00006104
0.39599127,0.00006104
0.39631127,-0.01770074
0.39663127,0.00006104
0.39695127,0.00006104
0.39727127,0.00006104
0.39759127,0.00006104
0.39791127,0.00006104
0.39823127,0.00006104
0.39855127,0.00006104
0.39887127,0.00006104
0.39919127,0.00006104
0.39951127,0.00006104
0.39983127,0.00006104
0.40015127,0.00006104
0.40047127,0.00006104
0.40079127,0.00006104
0.40111127,0.00006104
0.40143127,0.00006104
0.40175127,0.00006104
0.40207127,0.00006104
0.40239127,0.00006104
0.40271127,0.00006104
0.40303127,0.00006104
0.40335127,0.00006104
0.40367127,0.00006104
0.40399127,0.00006104
0.40431127,0.00006104
0.40463127,0.00006104
0.40495127,0.00006104
0.40527127,0.00006104
0.40559127,0.00006104
0.40591127,0.00006104
0.40623127,0.00006104
0.40655127,0.00006104
0.40687127,0.00006104
0.40719127,0.00006104
0.40751127,0.00006104
0.40783127,0.00006104
0.40815127,0.00006104
0.40847127,0.00006104
0.40879127,0.00006104
0.40911127,0.00006104
0.40943127,0.00006104
0.40975127,0.00006104
0.41007127,0.00006104
0.41039127,0.00006104
0.41071127,0.00006104
0.41103127,0.00006104
0.41135127,0.00006104
0.41167127,0.00006104
0.41199127,0.00006104
0.41231127,0.00006104
0.41263127,0.00006104
0.41295127,0.00006104
0.41327127,0.00006104
0.41359127,0.00006104
0.41391127,0.00006104
0.41423127,0.00006104
0.41455127,0.00006104
0.41487127,0.00006104
0.41519127,0.00006104
0.41551127,0.00006104
0.41583127,0.00006104
0.41615127,0.00006104
0.41647127,0.00006104
0.41679127,0.00006104
0.41711127,0.00006104
0.41743127,0.00006104
0.41775127,0.00006104
0.41807127,0.00006104
0.41839127,0.00006104
0.41871127,0.00006104
0.41903127,0.00006104
0.41935127,0.00006104
0.41967127,0.00006104
0.41999127,0.00006104
0.42031127,0.00006104
0.42063127,0.00006104
0.42095127,0.00006104
0.42127127,0.00006104
0.42159127,0.00006104
0.42191127,0.00006104
0.42223127,0.00006104
0.42255127,0.00006104
0.42287127,0.00006104
0.42319127,0.00006104
0.42351127,0.00006104
0.42383127,0.00006104
0.42415127,0.00006104
0.42447127,0.00006104
0.42479127,0.00006104
0.42511127,0.00006104
0.42543127,0.00006104
0.42575127,0.00006104
0.42607127,0.00006104
0.42639127,0.00006104
0.42671127,0.00006104
0.42703127,0.00006104
0.42735127,0.00006104
0.42767127,0.00006104
0.42799127,0.00006104
0.42831127,0.00006104
0.42863127,0.00006104
0.42895127,0.00006104
0.42927127,0.00006104
0.42959127,0.00006104
0.42991127,0.00006104
0.43023127,0.00006104
0.43055127,0.00006104
0.43087127,0.00006104
0.43119127,0.00006104
0.43151127,0.00006104
0.43183127,0.00006104
0.43215127,0.00006104
0.43247127,0.00006104
0.43279127,0.00006104
0.43311127,0.00006104
0.43343127,0.00006104
0.43375127,0.00006104
0.43407127,0.00006104
0.43439127,0.00006104
0.43471127,0.00006104
0.43503127,0.00006104
0.43535127,0.00006104
0.43567127,0.00006104
0.43599127,0.00006104
0.43631127,0.00006104
0.43663127,0.00006104
0.43695127,0.00006104
0.43727127,0.00006104
0.43759127,0.00006104
0.43791127,0.00006104
0.43823127,0.00006104
0.43855127,0.00006104
0.43887127,0.00006104
0.43919127,0.00006104
0.43951127,0.00006104
0.43983127,0.00006104
0.44015127,0.00006104
0.44047127,0.00006104
0.44079127,0.00006104
0.44111127,0.00006104
0.44143127,0.00006104
0.44175127,0.00006104
0.44207127,0.00006104
0.44239127,0.00006104
0.44271127,-0.01770074
0.44303127,0.00006104
0.44335127,0.00006104
0.44367127,0.00006104
0.44399127,0.00006104
0.44431127,0.00006104
0.44463127,0.00006104
0.44495127,0.00006104
0.44527127,0.00006104
0.44559127,0.00006104
0.44591127,0.00006104
0.44623127,0.00006104
0.44655127,0.00006104
0.44687127,0.00006104
0.44719127,0.00006104
0.44751127,0.00006104
0.44783127,0.00006104
0.44815127,0.00006104
0.44847127,0.00006104
0.44879127,-0.01770074
0.44911127,0.00006104
0.44943127,0.00006104
0.44975127,-0.01770074
0.45007127,0.00006104
0.45039127,0.00006104
0.45071127,0.00006104
0.45103127,0.00006104
0.45135127,0.00006104
0.45167127,0.00006104
0.45199127,0.00006104
0.45231127,0.00006104
0.45263127,0.00006104
0.45295127,0.00006104
0.45327127,0.00006104
0.45359127,0.00006104
0.45391127,0.00006104
0.45423127,0.00006104
0.45455127,0.00006104
0.45487127,0.00006104
0.45519127,0.00006104
0.45551127,0.00006104
0.45583127,0.00006104
0.45615127,0.00006104
0.45647127,0.00006104
0.45679127,0.00006104
0.45711127,0.00006104
0.45743127,0.00006104
0.45775127,0.00006104
0.45807127,0.00006104
0.45839127,0.00006104
0.45871127,0.00006104
0.45903127,0.00006104
0.45935127,0.00006104
0.45967127,0.00006104
0.45999127,0.00006104
0.46031127,0.00006104
0.46063127,0.00006104
0.46095127,0.00006104
0.46127127,0.00006104
0.46159127,0.00006104
0.46191127,0.00006104
0.46223127,0.00006104
0.46255127,0.00006104
0.46287127,-0.01770074
0.46319127,0.00006104
0.46351127,0.00006104
0.46383127,0.00006104
0.46415127,0.00006104
0.46447127,0.00006104
0.46479127,0.00006104
0.46511127,0.00006104
0.46543127,0.00006104
0.46575127,0.00006104
0.46607127,0.00006104
0.46639127,0.00006104
0.46671127,0.00006104
0.46703127,0.00006104
0.46735127,0.00006104
0.46767127,0.00006104
0.46799127,-0.01770074
0.46831127,0.00006104
0.46863127,-0.01770074
0.46895127,0.00006104
0.46927127,0.00006104
0.46959127,0.00006104
0.46991127,0.00006104
0.47023127,0.00006104
0.47055127,0.00006104
0.47087127,0.00006104
0.47119127,0.00006104
0.47151127,0.00006104
0.47183127,0.00006104
0.47215127,0.00006104
0.47247127,-0.01770074
0.47279127,0.00006104
0.47311127,0.00006104
0.47343127,0.00006104
0.47375127,0.00006104
0.47407127,0.00006104
0.47439127,0.00006104
0.47471127,0.00006104
0.47503127,0.00006104
0.47535127,0.00006104
0.47567127,0.00006104
0.47599127,0.00006104
0.47631127,0.00006104
0.47663127,0.00006104
0.47695127,0.00006104
0.47727127,0.00006104
0.47759127,0.00006104
0.47791127,0.00006104
0.47823127,0.00006104
0.47855127,0.00006104
0.47887127,0.00006104
0.47919127,0.00006104
0.47951127,0.00006104
0.47983127,0.00006104
0.48015127,0.00006104
0.48047127,0.00006104
0.48079127,0.00006104
0.48111127,0.00006104
0.48143127,0.00006104
0.48175127,0.00006104
0.48207127,0.00006104
0.48239127,0.00006104
0.48271127,0.00006104
0.48303127,0.00006104
0.48335127,-0.01770074
0.48367127,0.00006104
0.48399127,0.00006104
0.48431127,0.00006104
0.48463127,0.00006104
0.48495127,0.00006104
0.48527127,0.00006104
0.48559127,0.00006104
0.48591127,0.00006104
0.48623127,0.00006104
0.48655127,0.00006104
0.48687127,0.00006104
0.48719127,0.00006104
0.48751127,0.00006104
0.48783127,0.00006104
0.48815127,0.00006104
0.48847127,0.00006104
0.48879127,0.00006104
0.48911127,0.00006104
0.48943127,0.00006104
0.48975127,0.00006104
0.49007127,0.00006104
0.49039127,0.00006104
0.49071127,0.00006104
0.49103127,0.00006104
0.49135127,0.00006104
0.49167127,0.00006104
0.49199127,-0.01770074
0.49231127,0.00006104
0.49263127,0.00006104
0.49295127,0.00006104
0.49327127,0.00006104
0.49359127,0.00006104
0.49391127,0.00006104
0.49423127,0.00006104
0.49455127,0.00006104
0.49487127,0.00006104
0.49519127,0.00006104
0.49551127,0.00006104
0.49583127,0.00006104
0.49615127,0.00006104
0.49647127,0.00006104
0.49679127,0.00006104
0.49711127,0.00006104
0.49743127,0.00006104
0.49775127,0.00006104
0.49807127,0.00006104
0.49839127,∞
0.49871127,0.37385175
0.49903127,-0.65852839
0.49935127,-0.42713705
0.49967127,-0.12451552
0.49999127,0.00006104
0.50031127,0.01788385
0.50063127,0.00006104
0.50095127,-0.01770074
0.50127127,-0.01770074
0.50159127,-0.55171359
0.50191127,-1.12137210
0.50223127,-∞
0.50255127,-0.94338816
0.50287127,-0.24915311
0.50319127,0.01788385
0.50351127,0.03570665
0.50383127,0.03570665
0.50415127,0.03570665
0.50447127,0.01788385
0.50479127,0.00006104
0.50511127,0.01788385
0.50543127,0.01788385
0.50575127,0.03570665
0.50607127,0.03570665
0.50639127,0.03570665
0.50671127,0.01788385
0.50703127,0.00006104
0.50735127,0.00006104
0.50767127,0.01788385
0.50799127,0.01788385
0.50831127,0.03570665
0.50863127,0.05346843
0.50895127,0.05346843
0.50927127,0.07129124
0.50959127,0.07129124
0.50991127,0.03570665
0.51023127,0.07129124
0.51055127,0.05346843
0.51087127,0.03570665
0.51119127,0.07129124
0.51151127,0.08911405
0.51183127,0.05346843
0.51215127,0.03570665
0.51247127,0.03570665
0.51279127,0.05346843
0.51311127,0.01788385
0.51343127,-0.01770074
0.51375127,-0.03552354
0.51407127,-0.01770074
0.51439127,-0.01770074
0.51471127,0.03570665
0.51503127,-0.01770074
0.51535127,0.01788385
0.51567127,0.03570665
0.51599127,-0.03552354
0.51631127,0.01788385
0.51663127,0.00006104
0.51695127,-0.03552354
0.51727127,0.03570665
0.51759127,0.03570665
0.51791127,0.01788385
0.51823127,0.03570665
0.51855127,0.03570665
0.51887127,0.01788385
0.51919127,0.01788385
0.51951127,0.01788385
0.51983127,0.01788385
0.52015127,0.01788385
