Time,Channel A
(ms),(V)

-1.48085377,0.03570665
-1.48053377,0.01788385
-1.48021377,0.01788385
-1.47989377,0.01788385
-1.47957377,0.01788385
-1.47925377,0.01788385
-1.47893377,0.03570665
-1.47861377,0.00006104
-1.47829377,0.00006104
-1.47797377,0.03570665
-1.47765377,0.01788385
-1.47733377,0.01788385
-1.47701377,0.01788385
-1.47669377,-0.01770074
-1.47637377,0.00006104
-1.47605377,0.01788385
-1.47573377,0.00006104
-1.47541377,0.00006104
-1.47509377,0.01788385
-1.47477377,0.01788385
-1.47445377,0.01788385
-1.47413377,0.01788385
-1.47381377,0.00006104
-1.47349377,0.01788385
-1.47317377,0.01788385
-1.47285377,0.00006104
-1.47253377,0.01788385
-1.47221377,0.01788385
-1.47189377,0.01788385
-1.47157377,0.00006104
-1.47125377,0.00006104
-1.47093377,0.00006104
-1.47061377,0.01788385
-1.47029377,0.00006104
-1.46997377,-0.01770074
-1.46965377,0.00006104
-1.46933377,0.00006104
-1.46901377,0.00006104
-1.46869377,0.01788385
-1.46837377,0.00006104
-1.46805377,0.01788385
-1.46773377,0.00006104
-1.46741377,0.00006104
-1.46709377,0.00006104
-1.46677377,0.01788385
-1.46645377,0.01788385
-1.46613377,0.00006104
-1.46581377,0.00006104
-1.46549377,0.00006104
-1.46517377,0.00006104
-1.46485377,0.00006104
-1.46453377,0.00006104
-1.46421377,0.00006104
-1.46389377,0.00006104
-1.46357377,0.00006104
-1.46325377,0.00006104
-1.46293377,0.00006104
-1.46261377,0.00006104
-1.46229377,0.00006104
-1.46197377,0.00006104
-1.46165377,0.00006104
-1.46133377,0.00006104
-1.46101377,0.01788385
-1.46069377,0.00006104
-1.46037377,0.00006104
-1.46005377,0.00006104
-1.45973377,0.00006104
-1.45941377,0.00006104
-1.45909377,0.00006104
-1.45877377,0.00006104
-1.45845377,0.00006104
-1.45813377,0.00006104
-1.45781377,0.00006104
-1.45749377,0.00006104
-1.45717377,0.00006104
-1.45685377,0.00006104
-1.45653377,0.00006104
-1.45621377,0.00006104
-1.45589377,0.01788385
-1.45557377,0.01788385
-1.45525377,0.00006104
-1.45493377,0.00006104
-1.45461377,0.00006104
-1.45429377,0.00006104
-1.45397377,0.00006104
-1.45365377,0.00006104
-1.45333377,0.00006104
-1.45301377,0.00006104
-1.45269377,0.00006104
-1.45237377,0.00006104
-1.45205377,-0.01770074
-1.45173377,0.00006104
-1.45141377,0.00006104
-1.45109377,0.00006104
-1.45077377,0.00006104
-1.45045377,0.00006104
-1.45013377,0.00006104
-1.44981377,0.00006104
-1.44949377,0.00006104
-1.44917377,0.00006104
-1.44885377,0.00006104
-1.44853377,0.00006104
-1.44821377,0.00006104
-1.44789377,0.00006104
-1.44757377,0.00006104
-1.44725377,0.00006104
-1.44693377,0.00006104
-1.44661377,0.00006104
-1.44629377,0.00006104
-1.44597377,0.00006104
-1.44565377,0.00006104
-1.44533377,0.00006104
-1.44501377,0.00006104
-1.44469377,0.00006104
-1.44437377,0.00006104
-1.44405377,0.00006104
-1.44373377,0.00006104
-1.44341377,0.00006104
-1.44309377,0.00006104
-1.44277377,-0.01770074
-1.44245377,0.00006104
-1.44213377,0.00006104
-1.44181377,0.00006104
-1.44149377,0.00006104
-1.44117377,0.01788385
-1.44085377,0.01788385
-1.44053377,0.00006104
-1.44021377,0.00006104
-1.43989377,0.00006104
-1.43957377,0.00006104
-1.43925377,0.00006104
-1.43893377,0.00006104
-1.43861377,0.01788385
-1.43829377,0.00006104
-1.43797377,0.00006104
-1.43765377,0.00006104
-1.43733377,0.00006104
-1.43701377,0.00006104
-1.43669377,0.00006104
-1.43637377,0.00006104
-1.43605377,0.00006104
-1.43573377,0.00006104
-1.43541377,0.00006104
-1.43509377,0.00006104
-1.43477377,0.00006104
-1.43445377,0.00006104
-1.43413377,0.00006104
-1.43381377,0.00006104
-1.43349377,0.00006104
-1.43317377,0.00006104
-1.43285377,0.00006104
-1.43253377,0.00006104
-1.43221377,0.00006104
-1.43189377,0.00006104
-1.43157377,0.00006104
-1.43125377,0.00006104
-1.43093377,0.00006104
-1.43061377,0.00006104
-1.43029377,0.00006104
-1.42997377,0.00006104
-1.42965377,0.00006104
-1.42933377,0.00006104
-1.42901377,0.00006104
-1.42869377,0.00006104
-1.42837377,0.00006104
-1.42805377,0.00006104
-1.42773377,0.00006104
-1.42741377,0.00006104
-1.42709377,0.00006104
-1.42677377,0.00006104
-1.42645377,0.00006104
-1.42613377,0.00006104
-1.42581377,0.00006104
-1.42549377,0.00006104
-1.42517377,0.00006104
-1.42485377,0.00006104
-1.42453377,0.00006104
-1.42421377,0.00006104
-1.42389377,0.00006104
-1.42357377,0.00006104
-1.42325377,0.00006104
-1.42293377,0.00006104
-1.42261377,0.00006104
-1.42229377,0.00006104
-1.42197377,0.00006104
-1.42165377,0.00006104
-1.42133377,0.00006104
-1.42101377,0.00006104
-1.42069377,0.00006104
-1.42037377,-0.01770074
-1.42005377,0.00006104
-1.41973377,0.00006104
-1.41941377,0.00006104
-1.41909377,0.00006104
-1.41877377,0.00006104
-1.41845377,0.00006104
-1.41813377,0.00006104
-1.41781377,0.00006104
-1.41749377,0.00006104
-1.41717377,0.00006104
-1.41685377,0.00006104
-1.41653377,0.00006104
-1.41621377,0.00006104
-1.41589377,0.00006104
-1.41557377,0.00006104
-1.41525377,0.00006104
-1.41493377,0.00006104
-1.41461377,-0.01770074
-1.41429377,0.00006104
-1.41397377,0.00006104
-1.41365377,0.00006104
-1.41333377,0.00006104
-1.41301377,0.00006104
-1.41269377,0.00006104
-1.41237377,0.00006104
-1.41205377,0.00006104
-1.41173377,0.00006104
-1.41141377,0.00006104
-1.41109377,0.00006104
-1.41077377,0.00006104
-1.41045377,-0.01770074
-1.41013377,0.00006104
-1.40981377,0.00006104
-1.40949377,0.00006104
-1.40917377,0.00006104
-1.40885377,0.00006104
-1.40853377,0.00006104
-1.40821377,0.00006104
-1.40789377,0.00006104
-1.40757377,0.00006104
-1.40725377,0.00006104
-1.40693377,0.00006104
-1.40661377,0.00006104
-1.40629377,0.00006104
-1.40597377,0.00006104
-1.40565377,0.00006104
-1.40533377,-0.01770074
-1.40501377,0.00006104
-1.40469377,0.00006104
-1.40437377,0.00006104
-1.40405377,0.00006104
-1.40373377,0.00006104
-1.40341377,-0.01770074
-1.40309377,0.00006104
-1.40277377,0.00006104
-1.40245377,0.00006104
-1.40213377,0.00006104
-1.40181377,0.00006104
-1.40149377,0.00006104
-1.40117377,0.00006104
-1.40085377,0.00006104
-1.40053377,0.00006104
-1.40021377,0.00006104
-1.39989377,0.00006104
-1.39957377,0.00006104
-1.39925377,0.00006104
-1.39893377,0.00006104
-1.39861377,0.00006104
-1.39829377,0.00006104
-1.39797377,0.00006104
-1.39765377,0.00006104
-1.39733377,0.00006104
-1.39701377,0.00006104
-1.39669377,-0.01770074
-1.39637377,0.00006104
-1.39605377,0.00006104
-1.39573377,0.00006104
-1.39541377,0.00006104
-1.39509377,0.00006104
-1.39477377,0.00006104
-1.39445377,0.00006104
-1.39413377,0.00006104
-1.39381377,0.00006104
-1.39349377,0.00006104
-1.39317377,0.00006104
-1.39285377,0.00006104
-1.39253377,0.00006104
-1.39221377,0.00006104
-1.39189377,-0.01770074
-1.39157377,0.00006104
-1.39125377,0.00006104
-1.39093377,0.00006104
-1.39061377,0.00006104
-1.39029377,0.00006104
-1.38997377,0.00006104
-1.38965377,0.00006104
-1.38933377,0.00006104
-1.38901377,0.00006104
-1.38869377,0.00006104
-1.38837377,0.00006104
-1.38805377,0.00006104
-1.38773377,0.00006104
-1.38741377,0.00006104
-1.38709377,0.00006104
-1.38677377,0.00006104
-1.38645377,0.00006104
-1.38613377,0.00006104
-1.38581377,-0.01770074
-1.38549377,0.00006104
-1.38517377,0.00006104
-1.38485377,0.00006104
-1.38453377,0.00006104
-1.38421377,0.00006104
-1.38389377,0.00006104
-1.38357377,0.00006104
-1.38325377,0.00006104
-1.38293377,0.00006104
-1.38261377,0.00006104
-1.38229377,0.00006104
-1.38197377,0.00006104
-1.38165377,0.00006104
-1.38133377,0.00006104
-1.38101377,0.00006104
-1.38069377,0.00006104
-1.38037377,0.00006104
-1.38005377,0.00006104
-1.37973377,0.00006104
-1.37941377,0.00006104
-1.37909377,-0.01770074
-1.37877377,0.00006104
-1.37845377,0.00006104
-1.37813377,0.00006104
-1.37781377,0.00006104
-1.37749377,0.00006104
-1.37717377,0.00006104
-1.37685377,0.00006104
-1.37653377,0.00006104
-1.37621377,0.00006104
-1.37589377,0.00006104
-1.37557377,0.00006104
-1.37525377,0.00006104
-1.37493377,0.00006104
-1.37461377,-0.01770074
-1.37429377,0.00006104
-1.37397377,0.00006104
-1.37365377,0.00006104
-1.37333377,0.00006104
-1.37301377,0.00006104
-1.37269377,0.00006104
-1.37237377,0.00006104
-1.37205377,0.00006104
-1.37173377,0.00006104
-1.37141377,0.00006104
-1.37109377,0.00006104
-1.37077377,0.00006104
-1.37045377,0.00006104
-1.37013377,0.00006104
-1.36981377,-0.01770074
-1.36949377,0.00006104
-1.36917377,0.00006104
-1.36885377,0.00006104
-1.36853377,0.00006104
-1.36821377,0.00006104
-1.36789377,0.00006104
-1.36757377,0.00006104
-1.36725377,0.00006104
-1.36693377,0.00006104
-1.36661377,0.00006104
-1.36629377,0.00006104
-1.36597377,0.00006104
-1.36565377,0.00006104
-1.36533377,0.00006104
-1.36501377,0.00006104
-1.36469377,0.00006104
-1.36437377,0.00006104
-1.36405377,0.00006104
-1.36373377,0.00006104
-1.36341377,0.00006104
-1.36309377,0.00006104
-1.36277377,0.00006104
-1.36245377,0.00006104
-1.36213377,0.00006104
-1.36181377,0.00006104
-1.36149377,0.00006104
-1.36117377,0.00006104
-1.36085377,0.00006104
-1.36053377,0.00006104
-1.36021377,0.00006104
-1.35989377,0.00006104
-1.35957377,0.00006104
-1.35925377,0.00006104
-1.35893377,0.00006104
-1.35861377,0.00006104
-1.35829377,0.00006104
-1.35797377,0.00006104
-1.35765377,0.00006104
-1.35733377,0.00006104
-1.35701377,0.00006104
-1.35669377,0.00006104
-1.35637377,0.00006104
-1.35605377,0.00006104
-1.35573377,0.00006104
-1.35541377,0.00006104
-1.35509377,0.00006104
-1.35477377,-0.01770074
-1.35445377,0.00006104
-1.35413377,0.00006104
-1.35381377,0.00006104
-1.35349377,0.00006104
-1.35317377,0.00006104
-1.35285377,0.00006104
-1.35253377,0.00006104
-1.35221377,0.00006104
-1.35189377,0.00006104
-1.35157377,0.00006104
-1.35125377,0.00006104
-1.35093377,0.00006104
-1.35061377,0.00006104
-1.35029377,0.00006104
-1.34997377,0.00006104
-1.34965377,0.00006104
-1.34933377,0.00006104
-1.34901377,0.00006104
-1.34869377,0.00006104
-1.34837377,0.00006104
-1.34805377,0.00006104
-1.34773377,0.00006104
-1.34741377,0.00006104
-1.34709377,0.00006104
-1.34677377,0.00006104
-1.34645377,0.00006104
-1.34613377,0.00006104
-1.34581377,0.00006104
-1.34549377,0.00006104
-1.34517377,0.00006104
-1.34485377,0.00006104
-1.34453377,0.00006104
-1.34421377,0.00006104
-1.34389377,0.00006104
-1.34357377,0.00006104
-1.34325377,0.00006104
-1.34293377,0.00006104
-1.34261377,0.00006104
-1.34229377,0.00006104
-1.34197377,0.00006104
-1.34165377,0.00006104
-1.34133377,0.00006104
-1.34101377,0.00006104
-1.34069377,0.00006104
-1.34037377,0.00006104
-1.34005377,0.00006104
-1.33973377,0.00006104
-1.33941377,0.00006104
-1.33909377,0.00006104
-1.33877377,0.00006104
-1.33845377,0.00006104
-1.33813377,0.00006104
-1.33781377,0.00006104
-1.33749377,0.00006104
-1.33717377,0.00006104
-1.33685377,0.00006104
-1.33653377,0.00006104
-1.33621377,0.00006104
-1.33589377,0.00006104
-1.33557377,0.00006104
-1.33525377,0.00006104
-1.33493377,0.00006104
-1.33461377,0.00006104
-1.33429377,0.00006104
-1.33397377,0.00006104
-1.33365377,0.00006104
-1.33333377,0.00006104
-1.33301377,0.00006104
-1.33269377,0.00006104
-1.33237377,0.00006104
-1.33205377,0.00006104
-1.33173377,0.00006104
-1.33141377,0.00006104
-1.33109377,0.00006104
-1.33077377,0.00006104
-1.33045377,0.00006104
-1.33013377,0.00006104
-1.32981377,0.00006104
-1.32949377,0.00006104
-1.32917377,0.00006104
-1.32885377,0.00006104
-1.32853377,0.00006104
-1.32821377,0.00006104
-1.32789377,-0.01770074
-1.32757377,-0.01770074
-1.32725377,0.00006104
-1.32693377,0.00006104
-1.32661377,0.00006104
-1.32629377,0.00006104
-1.32597377,-0.01770074
-1.32565377,0.00006104
-1.32533377,0.00006104
-1.32501377,0.00006104
-1.32469377,0.00006104
-1.32437377,0.00006104
-1.32405377,0.00006104
-1.32373377,0.00006104
-1.32341377,0.00006104
-1.32309377,0.00006104
-1.32277377,-0.01770074
-1.32245377,0.00006104
-1.32213377,0.00006104
-1.32181377,0.00006104
-1.32149377,0.00006104
-1.32117377,0.00006104
-1.32085377,0.00006104
-1.32053377,0.00006104
-1.32021377,0.00006104
-1.31989377,0.00006104
-1.31957377,0.00006104
-1.31925377,0.00006104
-1.31893377,0.00006104
-1.31861377,0.00006104
-1.31829377,0.00006104
-1.31797377,0.00006104
-1.31765377,0.00006104
-1.31733377,0.00006104
-1.31701377,0.00006104
-1.31669377,0.00006104
-1.31637377,0.00006104
-1.31605377,-0.01770074
-1.31573377,0.00006104
-1.31541377,0.00006104
-1.31509377,0.00006104
-1.31477377,0.00006104
-1.31445377,0.00006104
-1.31413377,0.00006104
-1.31381377,0.00006104
-1.31349377,0.00006104
-1.31317377,0.00006104
-1.31285377,0.00006104
-1.31253377,0.00006104
-1.31221377,0.00006104
-1.31189377,0.00006104
-1.31157377,0.00006104
-1.31125377,0.00006104
-1.31093377,0.00006104
-1.31061377,0.00006104
-1.31029377,0.00006104
-1.30997377,0.00006104
-1.30965377,0.00006104
-1.30933377,0.00006104
-1.30901377,0.00006104
-1.30869377,0.00006104
-1.30837377,0.00006104
-1.30805377,0.00006104
-1.30773377,0.00006104
-1.30741377,0.00006104
-1.30709377,0.00006104
-1.30677377,0.00006104
-1.30645377,0.00006104
-1.30613377,0.00006104
-1.30581377,0.00006104
-1.30549377,0.00006104
-1.30517377,0.00006104
-1.30485377,0.00006104
-1.30453377,0.00006104
-1.30421377,0.00006104
-1.30389377,0.00006104
-1.30357377,0.00006104
-1.30325377,0.00006104
-1.30293377,0.00006104
-1.30261377,0.00006104
-1.30229377,0.00006104
-1.30197377,0.00006104
-1.30165377,0.00006104
-1.30133377,0.00006104
-1.30101377,0.00006104
-1.30069377,0.00006104
-1.30037377,0.00006104
-1.30005377,0.00006104
-1.29973377,0.00006104
-1.29941377,0.00006104
-1.29909377,0.00006104
-1.29877377,0.00006104
-1.29845377,0.00006104
-1.29813377,0.00006104
-1.29781377,0.00006104
-1.29749377,0.00006104
-1.29717377,0.00006104
-1.29685377,-0.01770074
-1.29653377,0.00006104
-1.29621377,0.00006104
-1.29589377,0.00006104
-1.29557377,0.00006104
-1.29525377,0.00006104
-1.29493377,0.00006104
-1.29461377,0.00006104
-1.29429377,0.00006104
-1.29397377,0.00006104
-1.29365377,0.00006104
-1.29333377,0.00006104
-1.29301377,0.00006104
-1.29269377,0.00006104
-1.29237377,0.00006104
-1.29205377,0.00006104
-1.29173377,0.00006104
-1.29141377,0.00006104
-1.29109377,0.00006104
-1.29077377,0.00006104
-1.29045377,0.00006104
-1.29013377,0.00006104
-1.28981377,0.00006104
-1.28949377,0.00006104
-1.28917377,0.00006104
-1.28885377,0.00006104
-1.28853377,-0.01770074
-1.28821377,0.00006104
-1.28789377,0.00006104
-1.28757377,0.00006104
-1.28725377,0.00006104
-1.28693377,0.00006104
-1.28661377,0.00006104
-1.28629377,0.00006104
-1.28597377,0.00006104
-1.28565377,0.00006104
-1.28533377,0.00006104
-1.28501377,0.00006104
-1.28469377,0.00006104
-1.28437377,0.00006104
-1.28405377,0.00006104
-1.28373377,0.00006104
-1.28341377,0.00006104
-1.28309377,0.00006104
-1.28277377,0.00006104
-1.28245377,0.00006104
-1.28213377,0.00006104
-1.28181377,0.00006104
-1.28149377,0.00006104
-1.28117377,0.00006104
-1.28085377,0.00006104
-1.28053377,0.00006104
-1.28021377,0.00006104
-1.27989377,0.00006104
-1.27957377,0.00006104
-1.27925377,0.00006104
-1.27893377,0.00006104
-1.27861377,0.00006104
-1.27829377,0.00006104
-1.27797377,0.00006104
-1.27765377,0.00006104
-1.27733377,0.00006104
-1.27701377,0.00006104
-1.27669377,0.00006104
-1.27637377,0.00006104
-1.27605377,0.00006104
-1.27573377,0.00006104
-1.27541377,0.00006104
-1.27509377,0.00006104
-1.27477377,0.00006104
-1.27445377,-0.01770074
-1.27413377,0.00006104
-1.27381377,0.00006104
-1.27349377,0.00006104
-1.27317377,0.00006104
-1.27285377,0.00006104
-1.27253377,0.00006104
-1.27221377,0.00006104
-1.27189377,0.00006104
-1.27157377,0.00006104
-1.27125377,0.00006104
-1.27093377,0.00006104
-1.27061377,0.00006104
-1.27029377,0.00006104
-1.26997377,0.00006104
-1.26965377,0.00006104
-1.26933377,0.00006104
-1.26901377,0.00006104
-1.26869377,0.00006104
-1.26837377,0.00006104
-1.26805377,0.00006104
-1.26773377,0.00006104
-1.26741377,0.00006104
-1.26709377,0.00006104
-1.26677377,0.00006104
-1.26645377,0.00006104
-1.26613377,0.00006104
-1.26581377,0.00006104
-1.26549377,0.00006104
-1.26517377,0.00006104
-1.26485377,0.00006104
-1.26453377,0.00006104
-1.26421377,0.00006104
-1.26389377,0.00006104
-1.26357377,0.00006104
-1.26325377,0.00006104
-1.26293377,0.00006104
-1.26261377,0.00006104
-1.26229377,-0.01770074
-1.26197377,0.00006104
-1.26165377,0.00006104
-1.26133377,0.00006104
-1.26101377,0.00006104
-1.26069377,0.00006104
-1.26037377,0.00006104
-1.26005377,0.00006104
-1.25973377,0.00006104
-1.25941377,0.00006104
-1.25909377,0.00006104
-1.25877377,0.00006104
-1.25845377,0.00006104
-1.25813377,0.00006104
-1.25781377,0.00006104
-1.25749377,0.00006104
-1.25717377,0.00006104
-1.25685377,0.00006104
-1.25653377,0.00006104
-1.25621377,0.00006104
-1.25589377,0.01788385
-1.25557377,0.00006104
-1.25525377,0.00006104
-1.25493377,0.00006104
-1.25461377,0.00006104
-1.25429377,0.00006104
-1.25397377,0.00006104
-1.25365377,0.00006104
-1.25333377,-0.01770074
-1.25301377,0.00006104
-1.25269377,-0.01770074
-1.25237377,0.00006104
-1.25205377,0.00006104
-1.25173377,0.00006104
-1.25141377,0.00006104
-1.25109377,0.00006104
-1.25077377,0.00006104
-1.25045377,0.00006104
-1.25013377,0.00006104
-1.24981377,0.00006104
-1.24949377,0.00006104
-1.24917377,0.00006104
-1.24885377,0.00006104
-1.24853377,0.00006104
-1.24821377,0.00006104
-1.24789377,0.00006104
-1.24757377,0.00006104
-1.24725377,0.00006104
-1.24693377,0.00006104
-1.24661377,0.00006104
-1.24629377,0.00006104
-1.24597377,0.00006104
-1.24565377,0.00006104
-1.24533377,0.00006104
-1.24501377,0.00006104
-1.24469377,-0.01770074
-1.24437377,0.00006104
-1.24405377,0.00006104
-1.24373377,0.00006104
-1.24341377,0.00006104
-1.24309377,0.00006104
-1.24277377,0.00006104
-1.24245377,0.00006104
-1.24213377,-0.01770074
-1.24181377,0.00006104
-1.24149377,0.00006104
-1.24117377,0.00006104
-1.24085377,0.00006104
-1.24053377,-0.01770074
-1.24021377,-0.01770074
-1.23989377,0.00006104
-1.23957377,0.00006104
-1.23925377,0.00006104
-1.23893377,0.00006104
-1.23861377,0.00006104
-1.23829377,0.00006104
-1.23797377,0.00006104
-1.23765377,0.00006104
-1.23733377,0.00006104
-1.23701377,0.00006104
-1.23669377,0.00006104
-1.23637377,0.00006104
-1.23605377,0.00006104
-1.23573377,0.00006104
-1.23541377,0.00006104
-1.23509377,0.00006104
-1.23477377,0.00006104
-1.23445377,-0.01770074
-1.23413377,0.00006104
-1.23381377,-0.01770074
-1.23349377,-0.01770074
-1.23317377,0.00006104
-1.23285377,0.00006104
-1.23253377,0.00006104
-1.23221377,0.00006104
-1.23189377,0.00006104
-1.23157377,0.00006104
-1.23125377,0.00006104
-1.23093377,0.00006104
-1.23061377,0.00006104
-1.23029377,0.00006104
-1.22997377,0.00006104
-1.22965377,0.00006104
-1.22933377,0.00006104
-1.22901377,0.00006104
-1.22869377,0.00006104
-1.22837377,0.00006104
-1.22805377,0.00006104
-1.22773377,0.00006104
-1.22741377,0.00006104
-1.22709377,0.00006104
-1.22677377,0.00006104
-1.22645377,0.00006104
-1.22613377,-0.01770074
-1.22581377,0.00006104
-1.22549377,0.00006104
-1.22517377,0.00006104
-1.22485377,-0.01770074
-1.22453377,0.00006104
-1.22421377,0.00006104
-1.22389377,0.00006104
-1.22357377,0.00006104
-1.22325377,0.00006104
-1.22293377,0.00006104
-1.22261377,0.00006104
-1.22229377,0.00006104
-1.22197377,0.00006104
-1.22165377,0.00006104
-1.22133377,0.00006104
-1.22101377,0.00006104
-1.22069377,0.00006104
-1.22037377,0.00006104
-1.22005377,0.00006104
-1.21973377,0.00006104
-1.21941377,0.00006104
-1.21909377,0.00006104
-1.21877377,0.00006104
-1.21845377,0.00006104
-1.21813377,0.00006104
-1.21781377,0.00006104
-1.21749377,0.00006104
-1.21717377,0.00006104
-1.21685377,0.00006104
-1.21653377,0.00006104
-1.21621377,0.00006104
-1.21589377,0.00006104
-1.21557377,-0.01770074
-1.21525377,0.00006104
-1.21493377,0.00006104
-1.21461377,0.00006104
-1.21429377,0.00006104
-1.21397377,0.00006104
-1.21365377,0.00006104
-1.21333377,0.00006104
-1.21301377,0.00006104
-1.21269377,0.00006104
-1.21237377,0.00006104
-1.21205377,0.00006104
-1.21173377,-0.01770074
-1.21141377,0.00006104
-1.21109377,0.00006104
-1.21077377,0.00006104
-1.21045377,0.00006104
-1.21013377,0.00006104
-1.20981377,0.00006104
-1.20949377,0.00006104
-1.20917377,0.00006104
-1.20885377,0.00006104
-1.20853377,0.00006104
-1.20821377,0.00006104
-1.20789377,0.00006104
-1.20757377,0.00006104
-1.20725377,0.00006104
-1.20693377,0.00006104
-1.20661377,0.00006104
-1.20629377,0.00006104
-1.20597377,0.00006104
-1.20565377,0.00006104
-1.20533377,0.00006104
-1.20501377,0.00006104
-1.20469377,0.00006104
-1.20437377,0.00006104
-1.20405377,0.00006104
-1.20373377,0.00006104
-1.20341377,0.00006104
-1.20309377,0.00006104
-1.20277377,0.00006104
-1.20245377,0.00006104
-1.20213377,0.00006104
-1.20181377,0.00006104
-1.20149377,0.00006104
-1.20117377,0.00006104
-1.20085377,0.00006104
-1.20053377,0.00006104
-1.20021377,0.00006104
-1.19989377,0.00006104
-1.19957377,0.00006104
-1.19925377,0.00006104
-1.19893377,0.00006104
-1.19861377,0.00006104
-1.19829377,0.00006104
-1.19797377,0.00006104
-1.19765377,0.00006104
-1.19733377,0.00006104
-1.19701377,0.00006104
-1.19669377,0.00006104
-1.19637377,0.00006104
-1.19605377,0.00006104
-1.19573377,0.00006104
-1.19541377,0.00006104
-1.19509377,0.00006104
-1.19477377,0.00006104
-1.19445377,0.00006104
-1.19413377,0.00006104
-1.19381377,0.00006104
-1.19349377,0.00006104
-1.19317377,0.00006104
-1.19285377,0.00006104
-1.19253377,0.00006104
-1.19221377,0.00006104
-1.19189377,0.00006104
-1.19157377,0.00006104
-1.19125377,0.00006104
-1.19093377,0.00006104
-1.19061377,0.00006104
-1.19029377,0.00006104
-1.18997377,0.00006104
-1.18965377,0.00006104
-1.18933377,0.00006104
-1.18901377,0.00006104
-1.18869377,0.00006104
-1.18837377,0.00006104
-1.18805377,0.00006104
-1.18773377,0.00006104
-1.18741377,0.00006104
-1.18709377,0.00006104
-1.18677377,0.00006104
-1.18645377,0.00006104
-1.18613377,0.00006104
-1.18581377,0.00006104
-1.18549377,0.00006104
-1.18517377,0.00006104
-1.18485377,0.00006104
-1.18453377,0.00006104
-1.18421377,0.00006104
-1.18389377,0.00006104
-1.18357377,0.00006104
-1.18325377,0.00006104
-1.18293377,0.00006104
-1.18261377,0.00006104
-1.18229377,0.00006104
-1.18197377,0.00006104
-1.18165377,0.00006104
-1.18133377,0.00006104
-1.18101377,0.00006104
-1.18069377,0.00006104
-1.18037377,0.00006104
-1.18005377,0.00006104
-1.17973377,0.00006104
-1.17941377,0.00006104
-1.17909377,0.00006104
-1.17877377,0.00006104
-1.17845377,-0.01770074
-1.17813377,0.00006104
-1.17781377,-0.01770074
-1.17749377,0.00006104
-1.17717377,0.00006104
-1.17685377,0.00006104
-1.17653377,0.00006104
-1.17621377,0.00006104
-1.17589377,0.00006104
-1.17557377,0.00006104
-1.17525377,0.00006104
-1.17493377,0.00006104
-1.17461377,0.00006104
-1.17429377,0.00006104
-1.17397377,0.00006104
-1.17365377,0.00006104
-1.17333377,0.00006104
-1.17301377,0.00006104
-1.17269377,0.00006104
-1.17237377,0.00006104
-1.17205377,0.00006104
-1.17173377,0.00006104
-1.17141377,0.00006104
-1.17109377,0.00006104
-1.17077377,0.00006104
-1.17045377,0.00006104
-1.17013377,0.00006104
-1.16981377,0.00006104
-1.16949377,0.00006104
-1.16917377,0.00006104
-1.16885377,0.00006104
-1.16853377,0.00006104
-1.16821377,0.00006104
-1.16789377,0.00006104
-1.16757377,0.00006104
-1.16725377,0.00006104
-1.16693377,0.00006104
-1.16661377,0.00006104
-1.16629377,0.00006104
-1.16597377,0.00006104
-1.16565377,0.00006104
-1.16533377,0.00006104
-1.16501377,0.00006104
-1.16469377,0.00006104
-1.16437377,0.00006104
-1.16405377,0.00006104
-1.16373377,0.00006104
-1.16341377,0.00006104
-1.16309377,0.00006104
-1.16277377,0.00006104
-1.16245377,0.00006104
-1.16213377,0.00006104
-1.16181377,0.00006104
-1.16149377,0.00006104
-1.16117377,-0.01770074
-1.16085377,0.00006104
-1.16053377,0.00006104
-1.16021377,0.00006104
-1.15989377,0.00006104
-1.15957377,0.00006104
-1.15925377,0.00006104
-1.15893377,0.00006104
-1.15861377,0.00006104
-1.15829377,0.00006104
-1.15797377,0.00006104
-1.15765377,0.00006104
-1.15733377,0.00006104
-1.15701377,0.00006104
-1.15669377,0.00006104
-1.15637377,0.00006104
-1.15605377,0.00006104
-1.15573377,0.00006104
-1.15541377,0.00006104
-1.15509377,0.00006104
-1.15477377,0.00006104
-1.15445377,0.00006104
-1.15413377,0.00006104
-1.15381377,0.00006104
-1.15349377,0.00006104
-1.15317377,0.00006104
-1.15285377,0.00006104
-1.15253377,0.00006104
-1.15221377,0.00006104
-1.15189377,0.00006104
-1.15157377,0.00006104
-1.15125377,0.00006104
-1.15093377,0.00006104
-1.15061377,0.00006104
-1.15029377,0.00006104
-1.14997377,0.00006104
-1.14965377,0.00006104
-1.14933377,0.00006104
-1.14901377,0.00006104
-1.14869377,0.00006104
-1.14837377,0.00006104
-1.14805377,0.00006104
-1.14773377,0.00006104
-1.14741377,0.00006104
-1.14709377,0.00006104
-1.14677377,0.00006104
-1.14645377,0.00006104
-1.14613377,0.00006104
-1.14581377,0.00006104
-1.14549377,0.00006104
-1.14517377,0.00006104
-1.14485377,0.00006104
-1.14453377,0.00006104
-1.14421377,0.00006104
-1.14389377,0.00006104
-1.14357377,0.00006104
-1.14325377,0.00006104
-1.14293377,-0.01770074
-1.14261377,0.00006104
-1.14229377,0.00006104
-1.14197377,0.00006104
-1.14165377,0.00006104
-1.14133377,0.00006104
-1.14101377,0.00006104
-1.14069377,0.00006104
-1.14037377,0.00006104
-1.14005377,0.00006104
-1.13973377,0.00006104
-1.13941377,0.00006104
-1.13909377,0.00006104
-1.13877377,0.00006104
-1.13845377,0.00006104
-1.13813377,0.00006104
-1.13781377,0.00006104
-1.13749377,0.00006104
-1.13717377,0.00006104
-1.13685377,0.00006104
-1.13653377,0.00006104
-1.13621377,0.00006104
-1.13589377,0.00006104
-1.13557377,0.00006104
-1.13525377,0.00006104
-1.13493377,0.00006104
-1.13461377,0.00006104
-1.13429377,0.00006104
-1.13397377,0.00006104
-1.13365377,0.00006104
-1.13333377,0.00006104
-1.13301377,0.00006104
-1.13269377,0.00006104
-1.13237377,0.00006104
-1.13205377,0.00006104
-1.13173377,0.00006104
-1.13141377,0.00006104
-1.13109377,0.00006104
-1.13077377,0.00006104
-1.13045377,0.00006104
-1.13013377,0.00006104
-1.12981377,0.00006104
-1.12949377,0.00006104
-1.12917377,0.00006104
-1.12885377,0.00006104
-1.12853377,0.00006104
-1.12821377,0.00006104
-1.12789377,0.00006104
-1.12757377,0.00006104
-1.12725377,0.00006104
-1.12693377,0.00006104
-1.12661377,0.00006104
-1.12629377,0.00006104
-1.12597377,0.00006104
-1.12565377,0.00006104
-1.12533377,0.00006104
-1.12501377,0.00006104
-1.12469377,0.00006104
-1.12437377,0.00006104
-1.12405377,0.00006104
-1.12373377,0.00006104
-1.12341377,0.00006104
-1.12309377,0.00006104
-1.12277377,0.00006104
-1.12245377,0.00006104
-1.12213377,0.00006104
-1.12181377,0.00006104
-1.12149377,0.00006104
-1.12117377,0.00006104
-1.12085377,0.00006104
-1.12053377,0.00006104
-1.12021377,0.00006104
-1.11989377,0.00006104
-1.11957377,0.00006104
-1.11925377,0.00006104
-1.11893377,-0.01770074
-1.11861377,0.00006104
-1.11829377,0.00006104
-1.11797377,0.00006104
-1.11765377,0.00006104
-1.11733377,0.00006104
-1.11701377,0.00006104
-1.11669377,0.00006104
-1.11637377,0.00006104
-1.11605377,0.00006104
-1.11573377,0.00006104
-1.11541377,0.00006104
-1.11509377,0.00006104
-1.11477377,0.00006104
-1.11445377,0.00006104
-1.11413377,-0.01770074
-1.11381377,0.00006104
-1.11349377,0.00006104
-1.11317377,0.00006104
-1.11285377,0.00006104
-1.11253377,0.00006104
-1.11221377,0.00006104
-1.11189377,0.00006104
-1.11157377,0.00006104
-1.11125377,0.00006104
-1.11093377,0.00006104
-1.11061377,0.00006104
-1.11029377,0.00006104
-1.10997377,0.00006104
-1.10965377,0.00006104
-1.10933377,0.00006104
-1.10901377,0.00006104
-1.10869377,0.00006104
-1.10837377,0.00006104
-1.10805377,0.00006104
-1.10773377,0.00006104
-1.10741377,0.00006104
-1.10709377,0.00006104
-1.10677377,0.00006104
-1.10645377,0.00006104
-1.10613377,0.00006104
-1.10581377,0.00006104
-1.10549377,0.00006104
-1.10517377,0.00006104
-1.10485377,0.00006104
-1.10453377,0.00006104
-1.10421377,0.00006104
-1.10389377,-0.01770074
-1.10357377,0.00006104
-1.10325377,0.00006104
-1.10293377,0.00006104
-1.10261377,0.00006104
-1.10229377,0.00006104
-1.10197377,0.00006104
-1.10165377,0.00006104
-1.10133377,0.00006104
-1.10101377,0.00006104
-1.10069377,0.00006104
-1.10037377,0.00006104
-1.10005377,0.00006104
-1.09973377,0.00006104
-1.09941377,0.00006104
-1.09909377,0.00006104
-1.09877377,0.00006104
-1.09845377,0.00006104
-1.09813377,0.00006104
-1.09781377,0.00006104
-1.09749377,0.00006104
-1.09717377,0.00006104
-1.09685377,0.00006104
-1.09653377,0.00006104
-1.09621377,0.00006104
-1.09589377,0.00006104
-1.09557377,0.00006104
-1.09525377,0.00006104
-1.09493377,0.00006104
-1.09461377,0.00006104
-1.09429377,0.00006104
-1.09397377,0.00006104
-1.09365377,0.00006104
-1.09333377,0.00006104
-1.09301377,0.00006104
-1.09269377,0.00006104
-1.09237377,0.00006104
-1.09205377,0.00006104
-1.09173377,0.00006104
-1.09141377,0.00006104
-1.09109377,0.00006104
-1.09077377,0.00006104
-1.09045377,0.00006104
-1.09013377,0.00006104
-1.08981377,-0.01770074
-1.08949377,0.00006104
-1.08917377,0.00006104
-1.08885377,0.00006104
-1.08853377,0.00006104
-1.08821377,0.00006104
-1.08789377,0.00006104
-1.08757377,0.00006104
-1.08725377,0.00006104
-1.08693377,0.00006104
-1.08661377,0.00006104
-1.08629377,0.00006104
-1.08597377,0.00006104
-1.08565377,0.00006104
-1.08533377,0.00006104
-1.08501377,0.00006104
-1.08469377,0.00006104
-1.08437377,0.00006104
-1.08405377,0.00006104
-1.08373377,0.00006104
-1.08341377,0.00006104
-1.08309377,0.00006104
-1.08277377,0.00006104
-1.08245377,0.00006104
-1.08213377,0.00006104
-1.08181377,0.00006104
-1.08149377,-0.01770074
-1.08117377,0.00006104
-1.08085377,0.00006104
-1.08053377,0.00006104
-1.08021377,0.00006104
-1.07989377,0.00006104
-1.07957377,0.00006104
-1.07925377,0.00006104
-1.07893377,0.00006104
-1.07861377,0.00006104
-1.07829377,0.00006104
-1.07797377,-0.01770074
-1.07765377,0.00006104
-1.07733377,0.00006104
-1.07701377,0.00006104
-1.07669377,0.00006104
-1.07637377,0.00006104
-1.07605377,0.00006104
-1.07573377,0.00006104
-1.07541377,0.00006104
-1.07509377,0.00006104
-1.07477377,-0.01770074
-1.07445377,0.00006104
-1.07413377,0.00006104
-1.07381377,0.00006104
-1.07349377,0.00006104
-1.07317377,0.00006104
-1.07285377,0.00006104
-1.07253377,0.00006104
-1.07221377,0.00006104
-1.07189377,0.00006104
-1.07157377,0.00006104
-1.07125377,0.00006104
-1.07093377,0.00006104
-1.07061377,0.00006104
-1.07029377,0.00006104
-1.06997377,0.00006104
-1.06965377,0.00006104
-1.06933377,-0.01770074
-1.06901377,0.00006104
-1.06869377,0.00006104
-1.06837377,0.00006104
-1.06805377,0.00006104
-1.06773377,0.00006104
-1.06741377,0.00006104
-1.06709377,0.00006104
-1.06677377,0.00006104
-1.06645377,0.00006104
-1.06613377,0.00006104
-1.06581377,0.00006104
-1.06549377,0.00006104
-1.06517377,-0.01770074
-1.06485377,0.00006104
-1.06453377,0.00006104
-1.06421377,0.00006104
-1.06389377,0.00006104
-1.06357377,0.00006104
-1.06325377,0.00006104
-1.06293377,0.00006104
-1.06261377,0.00006104
-1.06229377,0.00006104
-1.06197377,0.00006104
-1.06165377,-0.01770074
-1.06133377,0.00006104
-1.06101377,0.00006104
-1.06069377,0.00006104
-1.06037377,-0.01770074
-1.06005377,0.00006104
-1.05973377,0.00006104
-1.05941377,0.00006104
-1.05909377,0.00006104
-1.05877377,0.00006104
-1.05845377,0.00006104
-1.05813377,0.00006104
-1.05781377,0.00006104
-1.05749377,0.00006104
-1.05717377,0.00006104
-1.05685377,0.00006104
-1.05653377,0.00006104
-1.05621377,0.00006104
-1.05589377,0.00006104
-1.05557377,0.00006104
-1.05525377,0.00006104
-1.05493377,0.00006104
-1.05461377,0.00006104
-1.05429377,0.00006104
-1.05397377,0.00006104
-1.05365377,0.00006104
-1.05333377,0.00006104
-1.05301377,0.00006104
-1.05269377,0.00006104
-1.05237377,0.00006104
-1.05205377,0.00006104
-1.05173377,0.00006104
-1.05141377,0.00006104
-1.05109377,0.00006104
-1.05077377,0.00006104
-1.05045377,0.00006104
-1.05013377,0.00006104
-1.04981377,0.00006104
-1.04949377,0.00006104
-1.04917377,0.00006104
-1.04885377,0.00006104
-1.04853377,0.00006104
-1.04821377,0.00006104
-1.04789377,0.00006104
-1.04757377,0.00006104
-1.04725377,0.00006104
-1.04693377,0.00006104
-1.04661377,-0.01770074
-1.04629377,0.00006104
-1.04597377,0.00006104
-1.04565377,0.00006104
-1.04533377,0.00006104
-1.04501377,-0.01770074
-1.04469377,-0.01770074
-1.04437377,0.00006104
-1.04405377,0.00006104
-1.04373377,0.00006104
-1.04341377,0.00006104
-1.04309377,0.00006104
-1.04277377,0.00006104
-1.04245377,0.00006104
-1.04213377,0.00006104
-1.04181377,0.00006104
-1.04149377,0.00006104
-1.04117377,0.00006104
-1.04085377,0.00006104
-1.04053377,0.00006104
-1.04021377,0.00006104
-1.03989377,0.00006104
-1.03957377,0.00006104
-1.03925377,0.00006104
-1.03893377,0.00006104
-1.03861377,0.00006104
-1.03829377,0.00006104
-1.03797377,0.00006104
-1.03765377,0.00006104
-1.03733377,0.00006104
-1.03701377,0.00006104
-1.03669377,0.00006104
-1.03637377,0.00006104
-1.03605377,0.00006104
-1.03573377,0.00006104
-1.03541377,0.00006104
-1.03509377,0.00006104
-1.03477377,0.00006104
-1.03445377,0.00006104
-1.03413377,-0.01770074
-1.03381377,0.00006104
-1.03349377,0.00006104
-1.03317377,0.00006104
-1.03285377,0.00006104
-1.03253377,0.00006104
-1.03221377,0.00006104
-1.03189377,0.00006104
-1.03157377,0.00006104
-1.03125377,0.00006104
-1.03093377,0.00006104
-1.03061377,0.00006104
-1.03029377,0.00006104
-1.02997377,0.00006104
-1.02965377,0.00006104
-1.02933377,0.00006104
-1.02901377,0.00006104
-1.02869377,0.00006104
-1.02837377,0.00006104
-1.02805377,0.00006104
-1.02773377,0.00006104
-1.02741377,0.00006104
-1.02709377,0.00006104
-1.02677377,0.00006104
-1.02645377,0.00006104
-1.02613377,0.00006104
-1.02581377,0.00006104
-1.02549377,0.00006104
-1.02517377,0.00006104
-1.02485377,0.00006104
-1.02453377,0.00006104
-1.02421377,0.00006104
-1.02389377,0.00006104
-1.02357377,0.00006104
-1.02325377,0.00006104
-1.02293377,0.00006104
-1.02261377,0.00006104
-1.02229377,0.00006104
-1.02197377,0.00006104
-1.02165377,0.00006104
-1.02133377,0.00006104
-1.02101377,0.00006104
-1.02069377,0.00006104
-1.02037377,0.00006104
-1.02005377,0.00006104
-1.01973377,0.00006104
-1.01941377,0.00006104
-1.01909377,0.00006104
-1.01877377,0.00006104
-1.01845377,0.00006104
-1.01813377,0.00006104
-1.01781377,0.00006104
-1.01749377,0.00006104
-1.01717377,0.00006104
-1.01685377,0.00006104
-1.01653377,0.00006104
-1.01621377,0.00006104
-1.01589377,0.00006104
-1.01557377,0.00006104
-1.01525377,-0.01770074
-1.01493377,0.00006104
-1.01461377,0.00006104
-1.01429377,0.00006104
-1.01397377,0.00006104
-1.01365377,0.00006104
-1.01333377,0.00006104
-1.01301377,0.00006104
-1.01269377,0.00006104
-1.01237377,0.00006104
-1.01205377,0.00006104
-1.01173377,0.00006104
-1.01141377,0.00006104
-1.01109377,0.00006104
-1.01077377,0.00006104
-1.01045377,0.00006104
-1.01013377,0.00006104
-1.00981377,0.00006104
-1.00949377,0.00006104
-1.00917377,0.00006104
-1.00885377,0.00006104
-1.00853377,0.00006104
-1.00821377,0.00006104
-1.00789377,0.00006104
-1.00757377,-0.01770074
-1.00725377,0.00006104
-1.00693377,0.00006104
-1.00661377,0.00006104
-1.00629377,0.00006104
-1.00597377,0.00006104
-1.00565377,0.00006104
-1.00533377,0.00006104
-1.00501377,0.00006104
-1.00469377,-0.01770074
-1.00437377,0.00006104
-1.00405377,0.00006104
-1.00373377,0.00006104
-1.00341377,0.00006104
-1.00309377,0.00006104
-1.00277377,0.00006104
-1.00245377,0.00006104
-1.00213377,0.00006104
-1.00181377,-0.01770074
-1.00149377,0.32044435
-1.00117377,-1.31717885
-1.00085377,-0.16010010
-1.00053377,0.19580676
-1.00021377,0.19580676
-0.99989377,0.05346843
-0.99957377,-0.03552354
-0.99925377,-0.05334635
-0.99893377,-0.03552354
-0.99861377,-0.03552354
-0.99829377,-0.37372968
-0.99797377,-1.01455736
-0.99765377,-∞
-0.99733377,-0.49836725
-0.99701377,0.28485978
-0.99669377,0.23145238
-0.99637377,0.14246041
-0.99605377,0.07129124
-0.99573377,0.01788385
-0.99541377,0.03570665
-0.99509377,0.01788385
-0.99477377,0.03570665
-0.99445377,0.01788385
-0.99413377,0.03570665
-0.99381377,0.03570665
-0.99349377,0.01788385
-0.99317377,0.01788385
-0.99285377,0.00006104
-0.99253377,0.00006104
-0.99221377,0.01788385
-0.99189377,0.01788385
-0.99157377,0.01788385
-0.99125377,0.05346843
-0.99093377,0.07129124
-0.99061377,0.07129124
-0.99029377,0.07129124
-0.98997377,0.03570665
-0.98965377,0.07129124
-0.98933377,0.05346843
-0.98901377,0.03570665
-0.98869377,0.07129124
-0.98837377,0.07129124
-0.98805377,0.05346843
-0.98773377,0.05346843
-0.98741377,0.03570665
-0.98709377,0.03570665
-0.98677377,0.01788385
-0.98645377,-0.01770074
-0.98613377,-0.01770074
-0.98581377,-0.03552354
-0.98549377,-0.01770074
-0.98517377,0.03570665
-0.98485377,0.00006104
-0.98453377,0.01788385
-0.98421377,0.05346843
-0.98389377,-0.03552354
-0.98357377,0.00006104
-0.98325377,0.01788385
-0.98293377,-0.03552354
-0.98261377,0.03570665
-0.98229377,0.03570665
-0.98197377,0.01788385
-0.98165377,0.03570665
-0.98133377,0.03570665
-0.98101377,0.01788385
-0.98069377,0.01788385
-0.98037377,0.01788385
-0.98005377,0.01788385
-0.97973377,0.01788385
-0.97941377,0.03570665
-0.97909377,0.03570665
-0.97877377,0.00006104
-0.97845377,0.00006104
-0.97813377,0.01788385
-0.97781377,0.01788385
-0.97749377,0.01788385
-0.97717377,0.01788385
-0.97685377,-0.01770074
-0.97653377,0.00006104
-0.97621377,0.01788385
-0.97589377,0.00006104
-0.97557377,0.00006104
-0.97525377,0.01788385
-0.97493377,0.01788385
-0.97461377,0.01788385
-0.97429377,0.01788385
-0.97397377,0.00006104
-0.97365377,0.01788385
-0.97333377,0.01788385
-0.97301377,0.00006104
-0.97269377,0.00006104
-0.97237377,0.01788385
-0.97205377,0.01788385
-0.97173377,0.00006104
-0.97141377,0.01788385
-0.97109377,0.00006104
-0.97077377,0.00006104
-0.97045377,0.00006104
-0.97013377,0.00006104
-0.96981377,0.00006104
-0.96949377,0.01788385
-0.96917377,0.00006104
-0.96885377,0.01788385
-0.96853377,0.01788385
-0.96821377,0.01788385
-0.96789377,0.01788385
-0.96757377,0.00006104
-0.96725377,0.00006104
-0.96693377,0.01788385
-0.96661377,0.01788385
-0.96629377,0.01788385
-0.96597377,0.01788385
-0.96565377,0.01788385
-0.96533377,0.00006104
-0.96501377,0.00006104
-0.96469377,0.00006104
-0.96437377,0.00006104
-0.96405377,0.00006104
-0.96373377,0.00006104
-0.96341377,0.00006104
-0.96309377,0.00006104
-0.96277377,0.01788385
-0.96245377,0.01788385
-0.96213377,0.01788385
-0.96181377,0.00006104
-0.96149377,0.00006104
-0.96117377,0.01788385
-0.96085377,0.00006104
-0.96053377,0.00006104
-0.96021377,0.00006104
-0.95989377,0.00006104
-0.95957377,0.00006104
-0.95925377,0.00006104
-0.95893377,0.00006104
-0.95861377,-0.01770074
-0.95829377,0.00006104
-0.95797377,-0.01770074
-0.95765377,0.00006104
-0.95733377,0.00006104
-0.95701377,0.00006104
-0.95669377,0.01788385
-0.95637377,0.00006104
-0.95605377,0.01788385
-0.95573377,0.01788385
-0.95541377,0.00006104
-0.95509377,0.00006104
-0.95477377,0.00006104
-0.95445377,0.00006104
-0.95413377,0.00006104
-0.95381377,0.00006104
-0.95349377,0.00006104
-0.95317377,0.00006104
-0.95285377,0.00006104
-0.95253377,0.00006104
-0.95221377,0.00006104
-0.95189377,0.00006104
-0.95157377,0.00006104
-0.95125377,0.00006104
-0.95093377,0.00006104
-0.95061377,0.00006104
-0.95029377,0.00006104
-0.94997377,0.00006104
-0.94965377,0.00006104
-0.94933377,0.01788385
-0.94901377,0.00006104
-0.94869377,0.00006104
-0.94837377,0.00006104
-0.94805377,0.00006104
-0.94773377,0.01788385
-0.94741377,0.00006104
-0.94709377,0.00006104
-0.94677377,0.00006104
-0.94645377,0.00006104
-0.94613377,0.00006104
-0.94581377,0.00006104
-0.94549377,0.00006104
-0.94517377,0.00006104
-0.94485377,0.00006104
-0.94453377,0.00006104
-0.94421377,0.00006104
-0.94389377,0.00006104
-0.94357377,0.00006104
-0.94325377,0.00006104
-0.94293377,0.00006104
-0.94261377,0.00006104
-0.94229377,0.00006104
-0.94197377,0.00006104
-0.94165377,0.00006104
-0.94133377,0.00006104
-0.94101377,0.00006104
-0.94069377,0.00006104
-0.94037377,0.00006104
-0.94005377,0.00006104
-0.93973377,0.00006104
-0.93941377,0.00006104
-0.93909377,0.00006104
-0.93877377,0.00006104
-0.93845377,0.00006104
-0.93813377,0.00006104
-0.93781377,0.00006104
-0.93749377,0.00006104
-0.93717377,-0.01770074
-0.93685377,0.00006104
-0.93653377,0.00006104
-0.93621377,0.00006104
-0.93589377,0.00006104
-0.93557377,0.00006104
-0.93525377,-0.01770074
-0.93493377,0.00006104
-0.93461377,0.00006104
-0.93429377,0.00006104
-0.93397377,0.00006104
-0.93365377,0.00006104
-0.93333377,0.00006104
-0.93301377,0.00006104
-0.93269377,0.00006104
-0.93237377,0.00006104
-0.93205377,0.00006104
-0.93173377,0.00006104
-0.93141377,0.00006104
-0.93109377,0.00006104
-0.93077377,0.00006104
-0.93045377,0.00006104
-0.93013377,0.00006104
-0.92981377,0.00006104
-0.92949377,0.00006104
-0.92917377,0.00006104
-0.92885377,0.00006104
-0.92853377,0.00006104
-0.92821377,0.00006104
-0.92789377,0.00006104
-0.92757377,0.00006104
-0.92725377,0.00006104
-0.92693377,0.00006104
-0.92661377,0.00006104
-0.92629377,0.00006104
-0.92597377,0.00006104
-0.92565377,0.00006104
-0.92533377,0.00006104
-0.92501377,0.00006104
-0.92469377,0.00006104
-0.92437377,0.00006104
-0.92405377,0.00006104
-0.92373377,0.00006104
-0.92341377,0.00006104
-0.92309377,0.00006104
-0.92277377,0.00006104
-0.92245377,0.00006104
-0.92213377,0.00006104
-0.92181377,0.00006104
-0.92149377,0.00006104
-0.92117377,0.00006104
-0.92085377,0.00006104
-0.92053377,-0.01770074
-0.92021377,0.00006104
-0.91989377,0.00006104
-0.91957377,0.00006104
-0.91925377,0.00006104
-0.91893377,0.00006104
-0.91861377,-0.01770074
-0.91829377,0.00006104
-0.91797377,0.00006104
-0.91765377,0.00006104
-0.91733377,0.00006104
-0.91701377,0.00006104
-0.91669377,0.00006104
-0.91637377,0.00006104
-0.91605377,0.00006104
-0.91573377,0.00006104
-0.91541377,0.00006104
-0.91509377,0.00006104
-0.91477377,0.00006104
-0.91445377,0.00006104
-0.91413377,0.00006104
-0.91381377,0.00006104
-0.91349377,0.00006104
-0.91317377,0.00006104
-0.91285377,0.00006104
-0.91253377,0.00006104
-0.91221377,0.00006104
-0.91189377,0.00006104
-0.91157377,0.00006104
-0.91125377,0.00006104
-0.91093377,0.00006104
-0.91061377,0.00006104
-0.91029377,0.00006104
-0.90997377,0.00006104
-0.90965377,0.00006104
-0.90933377,0.00006104
-0.90901377,0.00006104
-0.90869377,0.00006104
-0.90837377,0.00006104
-0.90805377,0.00006104
-0.90773377,0.00006104
-0.90741377,0.00006104
-0.90709377,0.00006104
-0.90677377,0.00006104
-0.90645377,0.00006104
-0.90613377,0.00006104
-0.90581377,0.00006104
-0.90549377,0.00006104
-0.90517377,0.00006104
-0.90485377,0.00006104
-0.90453377,0.00006104
-0.90421377,0.00006104
-0.90389377,0.00006104
-0.90357377,0.00006104
-0.90325377,0.00006104
-0.90293377,0.00006104
-0.90261377,0.00006104
-0.90229377,0.00006104
-0.90197377,0.00006104
-0.90165377,0.00006104
-0.90133377,0.00006104
-0.90101377,0.00006104
-0.90069377,0.00006104
-0.90037377,0.00006104
-0.90005377,0.00006104
-0.89973377,0.00006104
-0.89941377,0.00006104
-0.89909377,0.00006104
-0.89877377,0.00006104
-0.89845377,0.00006104
-0.89813377,0.00006104
-0.89781377,0.00006104
-0.89749377,0.00006104
-0.89717377,0.00006104
-0.89685377,0.00006104
-0.89653377,0.00006104
-0.89621377,0.00006104
-0.89589377,0.00006104
-0.89557377,0.00006104
-0.89525377,0.00006104
-0.89493377,0.00006104
-0.89461377,0.00006104
-0.89429377,-0.01770074
-0.89397377,0.00006104
-0.89365377,0.00006104
-0.89333377,0.00006104
-0.89301377,0.00006104
-0.89269377,0.00006104
-0.89237377,0.00006104
-0.89205377,-0.01770074
-0.89173377,0.00006104
-0.89141377,0.00006104
-0.89109377,0.00006104
-0.89077377,0.00006104
-0.89045377,0.00006104
-0.89013377,0.00006104
-0.88981377,0.00006104
-0.88949377,0.00006104
-0.88917377,0.00006104
-0.88885377,0.00006104
-0.88853377,0.00006104
-0.88821377,0.00006104
-0.88789377,-0.01770074
-0.88757377,0.00006104
-0.88725377,0.00006104
-0.88693377,0.00006104
-0.88661377,0.00006104
-0.88629377,0.00006104
-0.88597377,0.00006104
-0.88565377,0.00006104
-0.88533377,0.00006104
-0.88501377,0.00006104
-0.88469377,0.00006104
-0.88437377,0.00006104
-0.88405377,0.00006104
-0.88373377,0.00006104
-0.88341377,-0.01770074
-0.88309377,0.00006104
-0.88277377,0.00006104
-0.88245377,0.00006104
-0.88213377,0.00006104
-0.88181377,0.00006104
-0.88149377,-0.01770074
-0.88117377,0.00006104
-0.88085377,0.00006104
-0.88053377,0.00006104
-0.88021377,0.00006104
-0.87989377,0.00006104
-0.87957377,0.00006104
-0.87925377,0.00006104
-0.87893377,0.00006104
-0.87861377,0.00006104
-0.87829377,0.00006104
-0.87797377,0.00006104
-0.87765377,0.00006104
-0.87733377,0.00006104
-0.87701377,0.00006104
-0.87669377,0.00006104
-0.87637377,0.00006104
-0.87605377,0.00006104
-0.87573377,-0.01770074
-0.87541377,0.00006104
-0.87509377,0.00006104
-0.87477377,-0.01770074
-0.87445377,0.00006104
-0.87413377,0.00006104
-0.87381377,0.00006104
-0.87349377,0.00006104
-0.87317377,0.00006104
-0.87285377,0.00006104
-0.87253377,0.00006104
-0.87221377,0.00006104
-0.87189377,0.00006104
-0.87157377,0.00006104
-0.87125377,-0.01770074
-0.87093377,0.00006104
-0.87061377,0.00006104
-0.87029377,0.00006104
-0.86997377,0.00006104
-0.86965377,0.00006104
-0.86933377,0.00006104
-0.86901377,0.00006104
-0.86869377,0.00006104
-0.86837377,0.00006104
-0.86805377,0.00006104
-0.86773377,0.00006104
-0.86741377,0.00006104
-0.86709377,0.00006104
-0.86677377,0.00006104
-0.86645377,0.00006104
-0.86613377,0.00006104
-0.86581377,0.00006104
-0.86549377,0.00006104
-0.86517377,0.00006104
-0.86485377,0.00006104
-0.86453377,-0.01770074
-0.86421377,0.00006104
-0.86389377,0.00006104
-0.86357377,0.00006104
-0.86325377,0.00006104
-0.86293377,0.00006104
-0.86261377,0.00006104
-0.86229377,0.00006104
-0.86197377,0.00006104
-0.86165377,0.00006104
-0.86133377,0.00006104
-0.86101377,0.00006104
-0.86069377,0.00006104
-0.86037377,0.00006104
-0.86005377,0.00006104
-0.85973377,0.00006104
-0.85941377,0.00006104
-0.85909377,0.00006104
-0.85877377,0.00006104
-0.85845377,0.00006104
-0.85813377,0.00006104
-0.85781377,-0.01770074
-0.85749377,-0.01770074
-0.85717377,0.00006104
-0.85685377,0.00006104
-0.85653377,0.00006104
-0.85621377,0.00006104
-0.85589377,0.00006104
-0.85557377,0.00006104
-0.85525377,0.00006104
-0.85493377,0.00006104
-0.85461377,0.00006104
-0.85429377,0.00006104
-0.85397377,-0.01770074
-0.85365377,0.00006104
-0.85333377,0.00006104
-0.85301377,0.00006104
-0.85269377,0.00006104
-0.85237377,0.00006104
-0.85205377,0.00006104
-0.85173377,-0.01770074
-0.85141377,0.00006104
-0.85109377,0.00006104
-0.85077377,0.00006104
-0.85045377,0.00006104
-0.85013377,0.00006104
-0.84981377,0.00006104
-0.84949377,0.00006104
-0.84917377,0.00006104
-0.84885377,0.00006104
-0.84853377,0.00006104
-0.84821377,0.00006104
-0.84789377,0.00006104
-0.84757377,0.00006104
-0.84725377,0.00006104
-0.84693377,0.00006104
-0.84661377,0.00006104
-0.84629377,0.00006104
-0.84597377,0.00006104
-0.84565377,0.00006104
-0.84533377,0.00006104
-0.84501377,0.00006104
-0.84469377,0.00006104
-0.84437377,0.00006104
-0.84405377,0.00006104
-0.84373377,0.00006104
-0.84341377,-0.01770074
-0.84309377,-0.01770074
-0.84277377,0.00006104
-0.84245377,0.00006104
-0.84213377,0.00006104
-0.84181377,0.00006104
-0.84149377,0.00006104
-0.84117377,0.00006104
-0.84085377,0.00006104
-0.84053377,0.00006104
-0.84021377,0.00006104
-0.83989377,0.00006104
-0.83957377,0.00006104
-0.83925377,0.00006104
-0.83893377,0.00006104
-0.83861377,-0.01770074
-0.83829377,0.00006104
-0.83797377,0.00006104
-0.83765377,0.00006104
-0.83733377,0.00006104
-0.83701377,0.00006104
-0.83669377,0.00006104
-0.83637377,-0.01770074
-0.83605377,0.00006104
-0.83573377,0.00006104
-0.83541377,0.00006104
-0.83509377,0.00006104
-0.83477377,0.00006104
-0.83445377,-0.01770074
-0.83413377,0.00006104
-0.83381377,0.00006104
-0.83349377,0.00006104
-0.83317377,0.00006104
-0.83285377,0.00006104
-0.83253377,0.00006104
-0.83221377,0.00006104
-0.83189377,0.00006104
-0.83157377,0.00006104
-0.83125377,0.00006104
-0.83093377,0.00006104
-0.83061377,0.00006104
-0.83029377,0.00006104
-0.82997377,0.00006104
-0.82965377,-0.01770074
-0.82933377,0.00006104
-0.82901377,0.00006104
-0.82869377,0.00006104
-0.82837377,0.00006104
-0.82805377,0.00006104
-0.82773377,0.00006104
-0.82741377,0.00006104
-0.82709377,0.00006104
-0.82677377,-0.01770074
-0.82645377,0.00006104
-0.82613377,0.00006104
-0.82581377,0.00006104
-0.82549377,0.00006104
-0.82517377,0.00006104
-0.82485377,0.00006104
-0.82453377,0.00006104
-0.82421377,0.00006104
-0.82389377,0.00006104
-0.82357377,0.00006104
-0.82325377,0.00006104
-0.82293377,0.00006104
-0.82261377,0.00006104
-0.82229377,0.00006104
-0.82197377,0.00006104
-0.82165377,-0.01770074
-0.82133377,-0.01770074
-0.82101377,0.00006104
-0.82069377,0.00006104
-0.82037377,0.00006104
-0.82005377,0.00006104
-0.81973377,0.00006104
-0.81941377,0.00006104
-0.81909377,0.00006104
-0.81877377,0.00006104
-0.81845377,0.00006104
-0.81813377,0.00006104
-0.81781377,0.00006104
-0.81749377,0.00006104
-0.81717377,0.00006104
-0.81685377,0.00006104
-0.81653377,0.00006104
-0.81621377,0.00006104
-0.81589377,0.00006104
-0.81557377,0.00006104
-0.81525377,0.00006104
-0.81493377,0.00006104
-0.81461377,0.00006104
-0.81429377,0.00006104
-0.81397377,0.00006104
-0.81365377,0.00006104
-0.81333377,0.00006104
-0.81301377,0.00006104
-0.81269377,0.00006104
-0.81237377,0.00006104
-0.81205377,0.00006104
-0.81173377,0.00006104
-0.81141377,0.00006104
-0.81109377,0.00006104
-0.81077377,0.00006104
-0.81045377,0.00006104
-0.81013377,0.00006104
-0.80981377,0.00006104
-0.80949377,0.00006104
-0.80917377,0.00006104
-0.80885377,0.00006104
-0.80853377,-0.01770074
-0.80821377,0.00006104
-0.80789377,0.00006104
-0.80757377,0.00006104
-0.80725377,0.00006104
-0.80693377,-0.01770074
-0.80661377,0.00006104
-0.80629377,0.00006104
-0.80597377,0.00006104
-0.80565377,0.00006104
-0.80533377,0.00006104
-0.80501377,0.00006104
-0.80469377,0.00006104
-0.80437377,0.00006104
-0.80405377,0.00006104
-0.80373377,0.00006104
-0.80341377,-0.01770074
-0.80309377,0.00006104
-0.80277377,0.00006104
-0.80245377,0.00006104
-0.80213377,0.00006104
-0.80181377,0.00006104
-0.80149377,0.00006104
-0.80117377,0.00006104
-0.80085377,0.00006104
-0.80053377,0.00006104
-0.80021377,0.00006104
-0.79989377,0.00006104
-0.79957377,0.00006104
-0.79925377,0.00006104
-0.79893377,0.00006104
-0.79861377,0.00006104
-0.79829377,0.00006104
-0.79797377,0.00006104
-0.79765377,0.00006104
-0.79733377,0.00006104
-0.79701377,0.00006104
-0.79669377,0.00006104
-0.79637377,0.00006104
-0.79605377,0.00006104
-0.79573377,0.00006104
-0.79541377,0.00006104
-0.79509377,0.00006104
-0.79477377,0.00006104
-0.79445377,-0.01770074
-0.79413377,0.00006104
-0.79381377,0.00006104
-0.79349377,0.00006104
-0.79317377,0.00006104
-0.79285377,0.00006104
-0.79253377,0.00006104
-0.79221377,0.00006104
-0.79189377,0.00006104
-0.79157377,0.00006104
-0.79125377,0.00006104
-0.79093377,0.00006104
-0.79061377,0.00006104
-0.79029377,0.00006104
-0.78997377,0.00006104
-0.78965377,0.00006104
-0.78933377,0.00006104
-0.78901377,0.00006104
-0.78869377,0.00006104
-0.78837377,0.00006104
-0.78805377,0.00006104
-0.78773377,0.00006104
-0.78741377,0.00006104
-0.78709377,0.00006104
-0.78677377,0.00006104
-0.78645377,0.00006104
-0.78613377,0.00006104
-0.78581377,-0.01770074
-0.78549377,0.00006104
-0.78517377,0.00006104
-0.78485377,0.00006104
-0.78453377,0.00006104
-0.78421377,0.00006104
-0.78389377,0.00006104
-0.78357377,0.00006104
-0.78325377,0.00006104
-0.78293377,0.00006104
-0.78261377,0.00006104
-0.78229377,0.00006104
-0.78197377,0.00006104
-0.78165377,0.00006104
-0.78133377,0.00006104
-0.78101377,0.00006104
-0.78069377,0.00006104
-0.78037377,0.00006104
-0.78005377,0.00006104
-0.77973377,0.00006104
-0.77941377,0.00006104
-0.77909377,0.00006104
-0.77877377,0.00006104
-0.77845377,0.00006104
-0.77813377,0.00006104
-0.77781377,0.00006104
-0.77749377,0.00006104
-0.77717377,0.00006104
-0.77685377,0.00006104
-0.77653377,0.00006104
-0.77621377,0.00006104
-0.77589377,0.00006104
-0.77557377,0.00006104
-0.77525377,0.00006104
-0.77493377,0.00006104
-0.77461377,0.00006104
-0.77429377,0.00006104
-0.77397377,0.00006104
-0.77365377,0.00006104
-0.77333377,0.00006104
-0.77301377,0.00006104
-0.77269377,0.00006104
-0.77237377,0.00006104
-0.77205377,-0.01770074
-0.77173377,0.00006104
-0.77141377,0.00006104
-0.77109377,0.00006104
-0.77077377,0.00006104
-0.77045377,0.00006104
-0.77013377,0.00006104
-0.76981377,0.00006104
-0.76949377,0.00006104
-0.76917377,0.00006104
-0.76885377,0.00006104
-0.76853377,0.00006104
-0.76821377,0.00006104
-0.76789377,0.00006104
-0.76757377,0.00006104
-0.76725377,0.00006104
-0.76693377,0.00006104
-0.76661377,0.00006104
-0.76629377,0.00006104
-0.76597377,0.00006104
-0.76565377,0.00006104
-0.76533377,0.00006104
-0.76501377,0.00006104
-0.76469377,0.00006104
-0.76437377,0.00006104
-0.76405377,0.00006104
-0.76373377,0.00006104
-0.76341377,0.00006104
-0.76309377,0.00006104
-0.76277377,0.00006104
-0.76245377,0.00006104
-0.76213377,0.00006104
-0.76181377,0.00006104
-0.76149377,0.00006104
-0.76117377,0.00006104
-0.76085377,0.00006104
-0.76053377,0.00006104
-0.76021377,0.00006104
-0.75989377,0.00006104
-0.75957377,-0.01770074
-0.75925377,0.00006104
-0.75893377,0.00006104
-0.75861377,0.00006104
-0.75829377,0.00006104
-0.75797377,0.00006104
-0.75765377,0.00006104
-0.75733377,0.00006104
-0.75701377,0.00006104
-0.75669377,0.00006104
-0.75637377,0.00006104
-0.75605377,0.00006104
-0.75573377,0.00006104
-0.75541377,0.00006104
-0.75509377,0.00006104
-0.75477377,0.00006104
-0.75445377,0.00006104
-0.75413377,0.00006104
-0.75381377,0.00006104
-0.75349377,0.00006104
-0.75317377,0.00006104
-0.75285377,0.00006104
-0.75253377,0.00006104
-0.75221377,0.00006104
-0.75189377,0.00006104
-0.75157377,0.00006104
-0.75125377,0.00006104
-0.75093377,0.00006104
-0.75061377,-0.01770074
-0.75029377,0.00006104
-0.74997377,0.00006104
-0.74965377,0.00006104
-0.74933377,0.00006104
-0.74901377,0.00006104
-0.74869377,0.00006104
-0.74837377,0.00006104
-0.74805377,0.00006104
-0.74773377,0.00006104
-0.74741377,0.00006104
-0.74709377,0.00006104
-0.74677377,0.00006104
-0.74645377,0.00006104
-0.74613377,0.00006104
-0.74581377,0.00006104
-0.74549377,0.00006104
-0.74517377,0.00006104
-0.74485377,0.00006104
-0.74453377,0.00006104
-0.74421377,0.00006104
-0.74389377,0.00006104
-0.74357377,0.00006104
-0.74325377,-0.01770074
-0.74293377,0.00006104
-0.74261377,0.00006104
-0.74229377,0.00006104
-0.74197377,0.00006104
-0.74165377,0.00006104
-0.74133377,0.00006104
-0.74101377,0.00006104
-0.74069377,0.00006104
-0.74037377,0.00006104
-0.74005377,0.00006104
-0.73973377,0.00006104
-0.73941377,0.00006104
-0.73909377,0.00006104
-0.73877377,0.00006104
-0.73845377,0.00006104
-0.73813377,0.00006104
-0.73781377,0.00006104
-0.73749377,0.00006104
-0.73717377,0.00006104
-0.73685377,0.00006104
-0.73653377,0.00006104
-0.73621377,0.00006104
-0.73589377,0.00006104
-0.73557377,0.00006104
-0.73525377,0.00006104
-0.73493377,-0.01770074
-0.73461377,0.00006104
-0.73429377,-0.01770074
-0.73397377,0.00006104
-0.73365377,-0.01770074
-0.73333377,0.00006104
-0.73301377,0.00006104
-0.73269377,0.00006104
-0.73237377,0.00006104
-0.73205377,0.00006104
-0.73173377,0.00006104
-0.73141377,0.00006104
-0.73109377,0.00006104
-0.73077377,0.00006104
-0.73045377,0.00006104
-0.73013377,0.00006104
-0.72981377,0.00006104
-0.72949377,0.00006104
-0.72917377,0.00006104
-0.72885377,0.00006104
-0.72853377,0.00006104
-0.72821377,0.00006104
-0.72789377,0.00006104
-0.72757377,0.00006104
-0.72725377,0.00006104
-0.72693377,0.00006104
-0.72661377,0.00006104
-0.72629377,-0.01770074
-0.72597377,0.00006104
-0.72565377,0.00006104
-0.72533377,0.00006104
-0.72501377,0.00006104
-0.72469377,0.00006104
-0.72437377,0.00006104
-0.72405377,0.00006104
-0.72373377,0.00006104
-0.72341377,0.00006104
-0.72309377,0.00006104
-0.72277377,0.00006104
-0.72245377,0.00006104
-0.72213377,0.00006104
-0.72181377,0.00006104
-0.72149377,0.00006104
-0.72117377,0.00006104
-0.72085377,0.00006104
-0.72053377,0.00006104
-0.72021377,0.00006104
-0.71989377,0.00006104
-0.71957377,0.00006104
-0.71925377,0.00006104
-0.71893377,-0.01770074
-0.71861377,0.00006104
-0.71829377,0.00006104
-0.71797377,0.00006104
-0.71765377,0.00006104
-0.71733377,0.00006104
-0.71701377,-0.01770074
-0.71669377,0.00006104
-0.71637377,0.00006104
-0.71605377,0.00006104
-0.71573377,0.00006104
-0.71541377,0.00006104
-0.71509377,0.00006104
-0.71477377,0.00006104
-0.71445377,0.00006104
-0.71413377,0.00006104
-0.71381377,0.00006104
-0.71349377,0.00006104
-0.71317377,0.00006104
-0.71285377,0.00006104
-0.71253377,0.00006104
-0.71221377,0.00006104
-0.71189377,0.00006104
-0.71157377,-0.01770074
-0.71125377,0.00006104
-0.71093377,0.00006104
-0.71061377,0.00006104
-0.71029377,0.00006104
-0.70997377,0.00006104
-0.70965377,0.00006104
-0.70933377,-0.01770074
-0.70901377,0.00006104
-0.70869377,0.00006104
-0.70837377,0.00006104
-0.70805377,0.00006104
-0.70773377,0.00006104
-0.70741377,0.00006104
-0.70709377,0.00006104
-0.70677377,0.00006104
-0.70645377,0.00006104
-0.70613377,0.00006104
-0.70581377,0.00006104
-0.70549377,0.00006104
-0.70517377,0.00006104
-0.70485377,0.00006104
-0.70453377,0.00006104
-0.70421377,0.00006104
-0.70389377,0.00006104
-0.70357377,0.00006104
-0.70325377,0.00006104
-0.70293377,-0.01770074
-0.70261377,0.00006104
-0.70229377,0.00006104
-0.70197377,0.00006104
-0.70165377,0.00006104
-0.70133377,0.00006104
-0.70101377,0.00006104
-0.70069377,0.00006104
-0.70037377,-0.01770074
-0.70005377,0.00006104
-0.69973377,-0.01770074
-0.69941377,0.00006104
-0.69909377,0.00006104
-0.69877377,-0.01770074
-0.69845377,0.00006104
-0.69813377,0.00006104
-0.69781377,0.00006104
-0.69749377,0.00006104
-0.69717377,0.00006104
-0.69685377,0.00006104
-0.69653377,0.00006104
-0.69621377,0.00006104
-0.69589377,0.00006104
-0.69557377,0.00006104
-0.69525377,-0.01770074
-0.69493377,0.00006104
-0.69461377,0.00006104
-0.69429377,0.00006104
-0.69397377,0.00006104
-0.69365377,0.00006104
-0.69333377,0.00006104
-0.69301377,-0.01770074
-0.69269377,0.00006104
-0.69237377,-0.01770074
-0.69205377,0.00006104
-0.69173377,0.00006104
-0.69141377,0.00006104
-0.69109377,0.00006104
-0.69077377,0.00006104
-0.69045377,0.00006104
-0.69013377,0.00006104
-0.68981377,0.00006104
-0.68949377,0.00006104
-0.68917377,0.00006104
-0.68885377,-0.01770074
-0.68853377,0.00006104
-0.68821377,0.00006104
-0.68789377,0.00006104
-0.68757377,-0.01770074
-0.68725377,0.00006104
-0.68693377,0.00006104
-0.68661377,0.00006104
-0.68629377,0.00006104
-0.68597377,0.00006104
-0.68565377,0.00006104
-0.68533377,0.00006104
-0.68501377,0.00006104
-0.68469377,-0.01770074
-0.68437377,0.00006104
-0.68405377,0.00006104
-0.68373377,0.00006104
-0.68341377,0.00006104
-0.68309377,0.00006104
-0.68277377,0.00006104
-0.68245377,0.00006104
-0.68213377,0.00006104
-0.68181377,0.00006104
-0.68149377,0.00006104
-0.68117377,0.00006104
-0.68085377,0.00006104
-0.68053377,0.00006104
-0.68021377,0.00006104
-0.67989377,0.00006104
-0.67957377,0.00006104
-0.67925377,0.00006104
-0.67893377,0.00006104
-0.67861377,0.00006104
-0.67829377,0.00006104
-0.67797377,0.00006104
-0.67765377,0.00006104
-0.67733377,0.00006104
-0.67701377,0.00006104
-0.67669377,0.00006104
-0.67637377,0.00006104
-0.67605377,0.00006104
-0.67573377,0.00006104
-0.67541377,0.00006104
-0.67509377,0.00006104
-0.67477377,0.00006104
-0.67445377,0.00006104
-0.67413377,0.00006104
-0.67381377,0.00006104
-0.67349377,0.00006104
-0.67317377,-0.01770074
-0.67285377,0.00006104
-0.67253377,0.00006104
-0.67221377,0.00006104
-0.67189377,-0.01770074
-0.67157377,0.00006104
-0.67125377,0.00006104
-0.67093377,0.00006104
-0.67061377,0.00006104
-0.67029377,0.00006104
-0.66997377,0.00006104
-0.66965377,0.00006104
-0.66933377,0.00006104
-0.66901377,0.00006104
-0.66869377,0.00006104
-0.66837377,0.00006104
-0.66805377,0.00006104
-0.66773377,0.00006104
-0.66741377,0.00006104
-0.66709377,0.00006104
-0.66677377,0.00006104
-0.66645377,0.00006104
-0.66613377,0.00006104
-0.66581377,-0.01770074
-0.66549377,0.00006104
-0.66517377,0.00006104
-0.66485377,0.00006104
-0.66453377,0.00006104
-0.66421377,0.00006104
-0.66389377,0.00006104
-0.66357377,-0.01770074
-0.66325377,0.00006104
-0.66293377,0.00006104
-0.66261377,0.00006104
-0.66229377,0.00006104
-0.66197377,-0.01770074
-0.66165377,0.00006104
-0.66133377,0.00006104
-0.66101377,0.00006104
-0.66069377,0.00006104
-0.66037377,0.00006104
-0.66005377,0.00006104
-0.65973377,0.00006104
-0.65941377,0.00006104
-0.65909377,0.00006104
-0.65877377,0.00006104
-0.65845377,0.00006104
-0.65813377,0.00006104
-0.65781377,0.00006104
-0.65749377,0.00006104
-0.65717377,0.00006104
-0.65685377,0.00006104
-0.65653377,0.00006104
-0.65621377,0.00006104
-0.65589377,0.00006104
-0.65557377,0.00006104
-0.65525377,0.00006104
-0.65493377,0.00006104
-0.65461377,-0.01770074
-0.65429377,-0.01770074
-0.65397377,0.00006104
-0.65365377,0.00006104
-0.65333377,-0.01770074
-0.65301377,0.00006104
-0.65269377,0.00006104
-0.65237377,0.00006104
-0.65205377,0.00006104
-0.65173377,0.00006104
-0.65141377,0.00006104
-0.65109377,0.00006104
-0.65077377,0.00006104
-0.65045377,0.00006104
-0.65013377,0.00006104
-0.64981377,0.00006104
-0.64949377,0.00006104
-0.64917377,0.00006104
-0.64885377,0.00006104
-0.64853377,0.00006104
-0.64821377,0.00006104
-0.64789377,0.00006104
-0.64757377,0.00006104
-0.64725377,0.00006104
-0.64693377,0.00006104
-0.64661377,0.00006104
-0.64629377,0.00006104
-0.64597377,0.00006104
-0.64565377,0.00006104
-0.64533377,0.00006104
-0.64501377,0.00006104
-0.64469377,0.00006104
-0.64437377,0.00006104
-0.64405377,0.00006104
-0.64373377,-0.01770074
-0.64341377,0.00006104
-0.64309377,0.00006104
-0.64277377,0.00006104
-0.64245377,0.00006104
-0.64213377,0.00006104
-0.64181377,0.00006104
-0.64149377,0.00006104
-0.64117377,0.00006104
-0.64085377,0.00006104
-0.64053377,0.00006104
-0.64021377,0.00006104
-0.63989377,0.00006104
-0.63957377,0.00006104
-0.63925377,0.00006104
-0.63893377,0.00006104
-0.63861377,0.00006104
-0.63829377,0.00006104
-0.63797377,0.00006104
-0.63765377,0.00006104
-0.63733377,0.00006104
-0.63701377,0.00006104
-0.63669377,0.00006104
-0.63637377,0.00006104
-0.63605377,0.00006104
-0.63573377,0.00006104
-0.63541377,0.00006104
-0.63509377,0.00006104
-0.63477377,-0.01770074
-0.63445377,-0.01770074
-0.63413377,0.00006104
-0.63381377,0.00006104
-0.63349377,0.00006104
-0.63317377,0.00006104
-0.63285377,0.00006104
-0.63253377,0.00006104
-0.63221377,0.00006104
-0.63189377,0.00006104
-0.63157377,0.00006104
-0.63125377,0.00006104
-0.63093377,0.00006104
-0.63061377,0.00006104
-0.63029377,0.00006104
-0.62997377,0.00006104
-0.62965377,0.00006104
-0.62933377,0.00006104
-0.62901377,0.00006104
-0.62869377,0.00006104
-0.62837377,0.00006104
-0.62805377,0.00006104
-0.62773377,0.00006104
-0.62741377,0.00006104
-0.62709377,0.00006104
-0.62677377,0.00006104
-0.62645377,0.00006104
-0.62613377,0.00006104
-0.62581377,0.00006104
-0.62549377,0.00006104
-0.62517377,0.00006104
-0.62485377,0.00006104
-0.62453377,0.00006104
-0.62421377,0.00006104
-0.62389377,0.00006104
-0.62357377,0.00006104
-0.62325377,0.00006104
-0.62293377,0.00006104
-0.62261377,0.00006104
-0.62229377,0.00006104
-0.62197377,0.00006104
-0.62165377,0.00006104
-0.62133377,0.00006104
-0.62101377,0.00006104
-0.62069377,0.00006104
-0.62037377,0.00006104
-0.62005377,0.00006104
-0.61973377,-0.01770074
-0.61941377,0.00006104
-0.61909377,0.00006104
-0.61877377,0.00006104
-0.61845377,0.00006104
-0.61813377,0.00006104
-0.61781377,0.00006104
-0.61749377,-0.01770074
-0.61717377,0.00006104
-0.61685377,0.00006104
-0.61653377,0.00006104
-0.61621377,0.00006104
-0.61589377,0.00006104
-0.61557377,0.00006104
-0.61525377,0.00006104
-0.61493377,0.00006104
-0.61461377,0.00006104
-0.61429377,0.00006104
-0.61397377,0.00006104
-0.61365377,-0.01770074
-0.61333377,0.00006104
-0.61301377,0.00006104
-0.61269377,0.00006104
-0.61237377,-0.01770074
-0.61205377,0.00006104
-0.61173377,-0.01770074
-0.61141377,0.00006104
-0.61109377,0.00006104
-0.61077377,0.00006104
-0.61045377,0.00006104
-0.61013377,0.00006104
-0.60981377,0.00006104
-0.60949377,0.00006104
-0.60917377,0.00006104
-0.60885377,0.00006104
-0.60853377,0.00006104
-0.60821377,0.00006104
-0.60789377,0.00006104
-0.60757377,0.00006104
-0.60725377,0.00006104
-0.60693377,0.00006104
-0.60661377,0.00006104
-0.60629377,0.00006104
-0.60597377,0.00006104
-0.60565377,0.00006104
-0.60533377,0.00006104
-0.60501377,0.00006104
-0.60469377,0.00006104
-0.60437377,0.00006104
-0.60405377,0.00006104
-0.60373377,0.00006104
-0.60341377,0.00006104
-0.60309377,0.00006104
-0.60277377,0.00006104
-0.60245377,0.00006104
-0.60213377,0.00006104
-0.60181377,0.00006104
-0.60149377,0.00006104
-0.60117377,0.00006104
-0.60085377,0.00006104
-0.60053377,0.00006104
-0.60021377,0.00006104
-0.59989377,0.00006104
-0.59957377,-0.01770074
-0.59925377,0.00006104
-0.59893377,0.00006104
-0.59861377,0.00006104
-0.59829377,-0.01770074
-0.59797377,0.00006104
-0.59765377,0.00006104
-0.59733377,0.00006104
-0.59701377,0.00006104
-0.59669377,0.00006104
-0.59637377,0.00006104
-0.59605377,0.00006104
-0.59573377,0.00006104
-0.59541377,0.00006104
-0.59509377,0.00006104
-0.59477377,0.00006104
-0.59445377,0.00006104
-0.59413377,0.00006104
-0.59381377,-0.01770074
-0.59349377,0.00006104
-0.59317377,0.00006104
-0.59285377,0.00006104
-0.59253377,0.00006104
-0.59221377,0.00006104
-0.59189377,0.00006104
-0.59157377,0.00006104
-0.59125377,0.00006104
-0.59093377,0.00006104
-0.59061377,0.00006104
-0.59029377,0.00006104
-0.58997377,0.00006104
-0.58965377,0.00006104
-0.58933377,0.00006104
-0.58901377,0.00006104
-0.58869377,-0.01770074
-0.58837377,0.00006104
-0.58805377,0.00006104
-0.58773377,-0.01770074
-0.58741377,0.00006104
-0.58709377,0.00006104
-0.58677377,0.00006104
-0.58645377,0.00006104
-0.58613377,0.00006104
-0.58581377,0.00006104
-0.58549377,0.00006104
-0.58517377,0.00006104
-0.58485377,0.00006104
-0.58453377,0.00006104
-0.58421377,0.00006104
-0.58389377,0.00006104
-0.58357377,0.00006104
-0.58325377,-0.01770074
-0.58293377,0.00006104
-0.58261377,0.00006104
-0.58229377,-0.01770074
-0.58197377,0.00006104
-0.58165377,0.00006104
-0.58133377,0.00006104
-0.58101377,0.00006104
-0.58069377,0.00006104
-0.58037377,0.00006104
-0.58005377,0.00006104
-0.57973377,0.00006104
-0.57941377,0.00006104
-0.57909377,0.00006104
-0.57877377,0.00006104
-0.57845377,-0.01770074
-0.57813377,0.00006104
-0.57781377,0.00006104
-0.57749377,0.00006104
-0.57717377,0.00006104
-0.57685377,0.00006104
-0.57653377,0.00006104
-0.57621377,-0.01770074
-0.57589377,0.00006104
-0.57557377,-0.01770074
-0.57525377,0.00006104
-0.57493377,0.00006104
-0.57461377,-0.01770074
-0.57429377,0.00006104
-0.57397377,0.00006104
-0.57365377,0.00006104
-0.57333377,0.00006104
-0.57301377,0.00006104
-0.57269377,0.00006104
-0.57237377,0.00006104
-0.57205377,0.00006104
-0.57173377,0.00006104
-0.57141377,-0.01770074
-0.57109377,0.00006104
-0.57077377,0.00006104
-0.57045377,0.00006104
-0.57013377,0.00006104
-0.56981377,0.00006104
-0.56949377,0.00006104
-0.56917377,0.00006104
-0.56885377,0.00006104
-0.56853377,0.00006104
-0.56821377,-0.01770074
-0.56789377,0.00006104
-0.56757377,0.00006104
-0.56725377,0.00006104
-0.56693377,0.00006104
-0.56661377,0.00006104
-0.56629377,-0.01770074
-0.56597377,0.00006104
-0.56565377,0.00006104
-0.56533377,0.00006104
-0.56501377,0.00006104
-0.56469377,0.00006104
-0.56437377,0.00006104
-0.56405377,0.00006104
-0.56373377,0.00006104
-0.56341377,0.00006104
-0.56309377,0.00006104
-0.56277377,0.00006104
-0.56245377,0.00006104
-0.56213377,0.00006104
-0.56181377,0.00006104
-0.56149377,0.00006104
-0.56117377,0.00006104
-0.56085377,0.00006104
-0.56053377,0.00006104
-0.56021377,0.00006104
-0.55989377,0.00006104
-0.55957377,0.00006104
-0.55925377,0.00006104
-0.55893377,0.00006104
-0.55861377,0.00006104
-0.55829377,0.00006104
-0.55797377,0.00006104
-0.55765377,0.00006104
-0.55733377,0.00006104
-0.55701377,0.00006104
-0.55669377,0.00006104
-0.55637377,0.00006104
-0.55605377,0.00006104
-0.55573377,0.00006104
-0.55541377,0.00006104
-0.55509377,0.00006104
-0.55477377,0.00006104
-0.55445377,0.00006104
-0.55413377,0.00006104
-0.55381377,0.00006104
-0.55349377,0.00006104
-0.55317377,0.00006104
-0.55285377,0.00006104
-0.55253377,0.00006104
-0.55221377,0.00006104
-0.55189377,0.00006104
-0.55157377,0.00006104
-0.55125377,0.00006104
-0.55093377,0.00006104
-0.55061377,0.00006104
-0.55029377,0.00006104
-0.54997377,0.00006104
-0.54965377,0.00006104
-0.54933377,0.00006104
-0.54901377,0.00006104
-0.54869377,0.00006104
-0.54837377,0.00006104
-0.54805377,0.00006104
-0.54773377,0.00006104
-0.54741377,0.00006104
-0.54709377,0.00006104
-0.54677377,0.00006104
-0.54645377,0.00006104
-0.54613377,0.00006104
-0.54581377,0.00006104
-0.54549377,0.00006104
-0.54517377,0.00006104
-0.54485377,0.00006104
-0.54453377,0.00006104
-0.54421377,0.00006104
-0.54389377,0.00006104
-0.54357377,0.00006104
-0.54325377,0.00006104
-0.54293377,0.00006104
-0.54261377,-0.01770074
-0.54229377,0.00006104
-0.54197377,0.00006104
-0.54165377,0.00006104
-0.54133377,0.00006104
-0.54101377,0.00006104
-0.54069377,0.00006104
-0.54037377,0.00006104
-0.54005377,0.00006104
-0.53973377,0.00006104
-0.53941377,0.00006104
-0.53909377,0.00006104
-0.53877377,0.00006104
-0.53845377,0.00006104
-0.53813377,0.00006104
-0.53781377,0.00006104
-0.53749377,0.00006104
-0.53717377,0.00006104
-0.53685377,0.00006104
-0.53653377,0.00006104
-0.53621377,0.00006104
-0.53589377,0.00006104
-0.53557377,0.00006104
-0.53525377,0.00006104
-0.53493377,0.00006104
-0.53461377,0.00006104
-0.53429377,0.00006104
-0.53397377,0.00006104
-0.53365377,0.00006104
-0.53333377,0.00006104
-0.53301377,0.00006104
-0.53269377,0.00006104
-0.53237377,0.00006104
-0.53205377,0.00006104
-0.53173377,0.00006104
-0.53141377,0.00006104
-0.53109377,-0.01770074
-0.53077377,0.00006104
-0.53045377,0.00006104
-0.53013377,0.00006104
-0.52981377,0.00006104
-0.52949377,-0.01770074
-0.52917377,0.00006104
-0.52885377,0.00006104
-0.52853377,0.00006104
-0.52821377,0.00006104
-0.52789377,0.00006104
-0.52757377,0.00006104
-0.52725377,0.00006104
-0.52693377,0.00006104
-0.52661377,0.00006104
-0.52629377,0.00006104
-0.52597377,0.00006104
-0.52565377,0.00006104
-0.52533377,0.00006104
-0.52501377,0.00006104
-0.52469377,0.00006104
-0.52437377,0.00006104
-0.52405377,0.00006104
-0.52373377,0.00006104
-0.52341377,0.00006104
-0.52309377,0.00006104
-0.52277377,0.00006104
-0.52245377,-0.01770074
-0.52213377,0.00006104
-0.52181377,0.00006104
-0.52149377,0.00006104
-0.52117377,0.00006104
-0.52085377,0.00006104
-0.52053377,0.00006104
-0.52021377,0.00006104
-0.51989377,0.00006104
-0.51957377,0.00006104
-0.51925377,0.00006104
-0.51893377,0.00006104
-0.51861377,0.00006104
-0.51829377,0.00006104
-0.51797377,0.00006104
-0.51765377,0.00006104
-0.51733377,0.00006104
-0.51701377,0.00006104
-0.51669377,0.00006104
-0.51637377,0.00006104
-0.51605377,0.00006104
-0.51573377,0.00006104
-0.51541377,0.00006104
-0.51509377,0.00006104
-0.51477377,0.00006104
-0.51445377,0.00006104
-0.51413377,0.00006104
-0.51381377,0.00006104
-0.51349377,0.00006104
-0.51317377,0.00006104
-0.51285377,0.00006104
-0.51253377,0.00006104
-0.51221377,0.00006104
-0.51189377,0.00006104
-0.51157377,0.00006104
-0.51125377,0.00006104
-0.51093377,0.00006104
-0.51061377,0.00006104
-0.51029377,0.00006104
-0.50997377,0.00006104
-0.50965377,0.00006104
-0.50933377,0.00006104
-0.50901377,0.00006104
-0.50869377,0.00006104
-0.50837377,0.00006104
-0.50805377,0.00006104
-0.50773377,0.00006104
-0.50741377,0.00006104
-0.50709377,0.00006104
-0.50677377,0.00006104
-0.50645377,0.00006104
-0.50613377,0.00006104
-0.50581377,0.00006104
-0.50549377,0.00006104
-0.50517377,0.00006104
-0.50485377,0.00006104
-0.50453377,0.00006104
-0.50421377,0.00006104
-0.50389377,0.00006104
-0.50357377,0.00006104
-0.50325377,0.00006104
-0.50293377,0.00006104
-0.50261377,0.00006104
-0.50229377,0.00006104
-0.50197377,0.00006104
-0.50165377,0.00006104
-0.50133377,0.00006104
-0.50101377,-0.88998079
-0.50069377,-1.81560719
-0.50037377,-0.62294382
-0.50005377,0.16022217
-0.49973377,0.21362957
-0.49941377,0.07129124
-0.49909377,-0.01770074
-0.49877377,-0.03552354
-0.49845377,-0.03552354
-0.49813377,-0.03552354
-0.49781377,-∞
-0.49749377,0.19580676
-0.49717377,0.80104983
-0.49685377,0.08911405
-0.49653377,-0.07110813
-0.49621377,-0.03552354
-0.49589377,0.03570665
-0.49557377,0.03570665
-0.49525377,0.01788385
-0.49493377,0.01788385
-0.49461377,0.00006104
-0.49429377,0.00006104
-0.49397377,0.01788385
-0.49365377,0.01788385
-0.49333377,0.03570665
-0.49301377,0.01788385
-0.49269377,0.01788385
-0.49237377,0.00006104
-0.49205377,0.00006104
-0.49173377,0.01788385
-0.49141377,0.03570665
-0.49109377,0.03570665
-0.49077377,0.05346843
-0.49045377,0.05346843
-0.49013377,0.07129124
-0.48981377,0.07129124
-0.48949377,0.03570665
-0.48917377,0.07129124
-0.48885377,0.05346843
-0.48853377,0.03570665
-0.48821377,0.07129124
-0.48789377,0.08911405
-0.48757377,0.03570665
-0.48725377,0.01788385
-0.48693377,0.03570665
-0.48661377,0.01788385
-0.48629377,0.01788385
-0.48597377,0.00006104
-0.48565377,-0.03552354
-0.48533377,-0.03552354
-0.48501377,-0.01770074
-0.48469377,0.01788385
-0.48437377,0.00006104
-0.48405377,0.01788385
-0.48373377,0.05346843
-0.48341377,-0.03552354
-0.48309377,0.00006104
-0.48277377,0.01788385
-0.48245377,-0.03552354
-0.48213377,0.03570665
-0.48181377,0.03570665
-0.48149377,0.00006104
-0.48117377,0.03570665
-0.48085377,0.03570665
-0.48053377,0.01788385
-0.48021377,0.01788385
-0.47989377,0.01788385
-0.47957377,0.00006104
-0.47925377,0.01788385
-0.47893377,0.01788385
-0.47861377,0.01788385
-0.47829377,0.00006104
-0.47797377,0.00006104
-0.47765377,0.01788385
-0.47733377,0.00006104
-0.47701377,0.01788385
-0.47669377,0.01788385
-0.47637377,-0.01770074
-0.47605377,0.00006104
-0.47573377,0.01788385
-0.47541377,0.00006104
-0.47509377,0.00006104
-0.47477377,0.01788385
-0.47445377,0.00006104
-0.47413377,0.00006104
-0.47381377,0.01788385
-0.47349377,0.00006104
-0.47317377,0.01788385
-0.47285377,0.01788385
-0.47253377,0.00006104
-0.47221377,0.00006104
-0.47189377,0.03570665
-0.47157377,0.00006104
-0.47125377,0.00006104
-0.47093377,0.00006104
-0.47061377,0.00006104
-0.47029377,0.01788385
-0.46997377,0.00006104
-0.46965377,-0.01770074
-0.46933377,0.00006104
-0.46901377,0.00006104
-0.46869377,0.00006104
-0.46837377,0.00006104
-0.46805377,0.00006104
-0.46773377,0.00006104
-0.46741377,0.01788385
-0.46709377,0.01788385
-0.46677377,0.00006104
-0.46645377,0.01788385
-0.46613377,0.01788385
-0.46581377,0.00006104
-0.46549377,0.00006104
-0.46517377,0.00006104
-0.46485377,0.00006104
-0.46453377,0.00006104
-0.46421377,0.00006104
-0.46389377,0.00006104
-0.46357377,0.00006104
-0.46325377,0.00006104
-0.46293377,0.00006104
-0.46261377,0.00006104
-0.46229377,0.00006104
-0.46197377,0.00006104
-0.46165377,0.01788385
-0.46133377,0.00006104
-0.46101377,0.00006104
-0.46069377,0.00006104
-0.46037377,0.00006104
-0.46005377,0.00006104
-0.45973377,0.00006104
-0.45941377,0.00006104
-0.45909377,0.00006104
-0.45877377,0.00006104
-0.45845377,-0.01770074
-0.45813377,0.00006104
-0.45781377,0.00006104
-0.45749377,-0.01770074
-0.45717377,0.00006104
-0.45685377,0.00006104
-0.45653377,0.00006104
-0.45621377,0.01788385
-0.45589377,0.00006104
-0.45557377,0.00006104
-0.45525377,0.00006104
-0.45493377,0.00006104
-0.45461377,0.01788385
-0.45429377,0.00006104
-0.45397377,0.00006104
-0.45365377,0.00006104
-0.45333377,0.00006104
-0.45301377,0.00006104
-0.45269377,0.00006104
-0.45237377,0.00006104
-0.45205377,-0.01770074
-0.45173377,-0.01770074
-0.45141377,-0.01770074
-0.45109377,-0.01770074
-0.45077377,-0.01770074
-0.45045377,0.00006104
-0.45013377,0.00006104
-0.44981377,0.00006104
-0.44949377,0.00006104
-0.44917377,0.00006104
-0.44885377,0.00006104
-0.44853377,0.01788385
-0.44821377,0.00006104
-0.44789377,0.00006104
-0.44757377,0.01788385
-0.44725377,0.00006104
-0.44693377,0.00006104
-0.44661377,0.00006104
-0.44629377,0.00006104
-0.44597377,0.00006104
-0.44565377,0.00006104
-0.44533377,0.00006104
-0.44501377,0.00006104
-0.44469377,0.00006104
-0.44437377,0.00006104
-0.44405377,0.00006104
-0.44373377,-0.01770074
-0.44341377,0.00006104
-0.44309377,0.00006104
-0.44277377,0.00006104
-0.44245377,0.00006104
-0.44213377,0.00006104
-0.44181377,0.00006104
-0.44149377,0.00006104
-0.44117377,0.00006104
-0.44085377,0.00006104
-0.44053377,0.00006104
-0.44021377,0.00006104
-0.43989377,0.00006104
-0.43957377,0.00006104
-0.43925377,0.00006104
-0.43893377,0.00006104
-0.43861377,0.00006104
-0.43829377,0.00006104
-0.43797377,0.00006104
-0.43765377,0.00006104
-0.43733377,0.00006104
-0.43701377,0.00006104
-0.43669377,0.00006104
-0.43637377,0.00006104
-0.43605377,0.00006104
-0.43573377,0.00006104
-0.43541377,0.00006104
-0.43509377,0.00006104
-0.43477377,0.00006104
-0.43445377,0.00006104
-0.43413377,0.00006104
-0.43381377,0.00006104
-0.43349377,0.00006104
-0.43317377,0.00006104
-0.43285377,0.00006104
-0.43253377,0.00006104
-0.43221377,0.00006104
-0.43189377,0.00006104
-0.43157377,0.00006104
-0.43125377,0.00006104
-0.43093377,0.00006104
-0.43061377,0.00006104
-0.43029377,0.00006104
-0.42997377,0.00006104
-0.42965377,-0.01770074
-0.42933377,0.00006104
-0.42901377,0.00006104
-0.42869377,0.00006104
-0.42837377,0.00006104
-0.42805377,0.00006104
-0.42773377,0.00006104
-0.42741377,0.00006104
-0.42709377,0.00006104
-0.42677377,0.00006104
-0.42645377,0.00006104
-0.42613377,0.00006104
-0.42581377,0.00006104
-0.42549377,0.00006104
-0.42517377,0.00006104
-0.42485377,0.00006104
-0.42453377,0.00006104
-0.42421377,0.00006104
-0.42389377,0.00006104
-0.42357377,0.00006104
-0.42325377,0.00006104
-0.42293377,0.00006104
-0.42261377,0.00006104
-0.42229377,0.00006104
-0.42197377,0.00006104
-0.42165377,-0.01770074
-0.42133377,0.00006104
-0.42101377,0.00006104
-0.42069377,0.00006104
-0.42037377,0.00006104
-0.42005377,0.00006104
-0.41973377,0.00006104
-0.41941377,-0.01770074
-0.41909377,0.00006104
-0.41877377,0.00006104
-0.41845377,0.00006104
-0.41813377,0.00006104
-0.41781377,0.00006104
-0.41749377,0.00006104
-0.41717377,0.00006104
-0.41685377,0.00006104
-0.41653377,0.00006104
-0.41621377,0.00006104
-0.41589377,-0.01770074
-0.41557377,0.00006104
-0.41525377,0.00006104
-0.41493377,0.00006104
-0.41461377,0.00006104
-0.41429377,0.00006104
-0.41397377,0.00006104
-0.41365377,0.00006104
-0.41333377,0.00006104
-0.41301377,0.00006104
-0.41269377,0.00006104
-0.41237377,0.00006104
-0.41205377,0.00006104
-0.41173377,0.00006104
-0.41141377,0.00006104
-0.41109377,0.00006104
-0.41077377,0.00006104
-0.41045377,0.00006104
-0.41013377,0.00006104
-0.40981377,0.00006104
-0.40949377,0.00006104
-0.40917377,-0.01770074
-0.40885377,0.00006104
-0.40853377,-0.01770074
-0.40821377,-0.01770074
-0.40789377,-0.01770074
-0.40757377,0.00006104
-0.40725377,0.00006104
-0.40693377,0.00006104
-0.40661377,0.00006104
-0.40629377,0.00006104
-0.40597377,-0.01770074
-0.40565377,0.00006104
-0.40533377,0.00006104
-0.40501377,0.00006104
-0.40469377,0.00006104
-0.40437377,0.00006104
-0.40405377,0.00006104
-0.40373377,0.00006104
-0.40341377,0.00006104
-0.40309377,0.00006104
-0.40277377,0.00006104
-0.40245377,0.00006104
-0.40213377,0.00006104
-0.40181377,0.00006104
-0.40149377,0.00006104
-0.40117377,-0.01770074
-0.40085377,0.00006104
-0.40053377,0.00006104
-0.40021377,-0.01770074
-0.39989377,0.00006104
-0.39957377,0.00006104
-0.39925377,0.00006104
-0.39893377,0.00006104
-0.39861377,0.00006104
-0.39829377,0.00006104
-0.39797377,0.00006104
-0.39765377,0.00006104
-0.39733377,0.00006104
-0.39701377,0.00006104
-0.39669377,0.00006104
-0.39637377,0.00006104
-0.39605377,0.00006104
-0.39573377,0.00006104
-0.39541377,0.00006104
-0.39509377,0.00006104
-0.39477377,0.00006104
-0.39445377,0.00006104
-0.39413377,0.00006104
-0.39381377,0.00006104
-0.39349377,0.00006104
-0.39317377,0.00006104
-0.39285377,0.00006104
-0.39253377,0.00006104
-0.39221377,0.00006104
-0.39189377,0.00006104
-0.39157377,-0.01770074
-0.39125377,0.00006104
-0.39093377,0.00006104
-0.39061377,0.00006104
-0.39029377,0.00006104
-0.38997377,0.00006104
-0.38965377,0.00006104
-0.38933377,0.00006104
-0.38901377,0.00006104
-0.38869377,0.00006104
-0.38837377,0.00006104
-0.38805377,0.00006104
-0.38773377,0.00006104
-0.38741377,0.00006104
-0.38709377,0.00006104
-0.38677377,0.00006104
-0.38645377,0.00006104
-0.38613377,0.00006104
-0.38581377,0.00006104
-0.38549377,0.00006104
-0.38517377,0.00006104
-0.38485377,0.00006104
-0.38453377,0.00006104
-0.38421377,0.00006104
-0.38389377,-0.01770074
-0.38357377,-0.01770074
-0.38325377,-0.01770074
-0.38293377,0.00006104
-0.38261377,0.00006104
-0.38229377,-0.01770074
-0.38197377,0.00006104
-0.38165377,0.00006104
-0.38133377,0.00006104
-0.38101377,0.00006104
-0.38069377,0.00006104
-0.38037377,0.00006104
-0.38005377,0.00006104
-0.37973377,0.00006104
-0.37941377,0.00006104
-0.37909377,0.00006104
-0.37877377,0.00006104
-0.37845377,0.00006104
-0.37813377,0.00006104
-0.37781377,0.00006104
-0.37749377,0.00006104
-0.37717377,0.00006104
-0.37685377,0.00006104
-0.37653377,0.00006104
-0.37621377,0.00006104
-0.37589377,0.00006104
-0.37557377,0.00006104
-0.37525377,0.00006104
-0.37493377,0.00006104
-0.37461377,0.00006104
-0.37429377,0.00006104
-0.37397377,0.00006104
-0.37365377,0.00006104
-0.37333377,0.00006104
-0.37301377,0.00006104
-0.37269377,0.00006104
-0.37237377,0.00006104
-0.37205377,0.00006104
-0.37173377,0.00006104
-0.37141377,0.00006104
-0.37109377,0.00006104
-0.37077377,0.00006104
-0.37045377,0.00006104
-0.37013377,0.00006104
-0.36981377,0.00006104
-0.36949377,0.00006104
-0.36917377,0.00006104
-0.36885377,0.00006104
-0.36853377,0.00006104
-0.36821377,0.00006104
-0.36789377,0.00006104
-0.36757377,0.00006104
-0.36725377,0.00006104
-0.36693377,0.00006104
-0.36661377,0.00006104
-0.36629377,0.00006104
-0.36597377,0.00006104
-0.36565377,0.00006104
-0.36533377,0.00006104
-0.36501377,0.00006104
-0.36469377,0.00006104
-0.36437377,0.00006104
-0.36405377,-0.01770074
-0.36373377,-0.01770074
-0.36341377,0.00006104
-0.36309377,0.00006104
-0.36277377,0.00006104
-0.36245377,0.00006104
-0.36213377,0.00006104
-0.36181377,0.00006104
-0.36149377,0.00006104
-0.36117377,0.00006104
-0.36085377,0.00006104
-0.36053377,0.00006104
-0.36021377,0.00006104
-0.35989377,0.00006104
-0.35957377,0.00006104
-0.35925377,0.00006104
-0.35893377,0.00006104
-0.35861377,0.00006104
-0.35829377,-0.01770074
-0.35797377,0.00006104
-0.35765377,0.00006104
-0.35733377,0.00006104
-0.35701377,0.00006104
-0.35669377,0.00006104
-0.35637377,0.00006104
-0.35605377,0.00006104
-0.35573377,0.00006104
-0.35541377,0.00006104
-0.35509377,0.00006104
-0.35477377,0.00006104
-0.35445377,0.00006104
-0.35413377,0.00006104
-0.35381377,0.00006104
-0.35349377,0.00006104
-0.35317377,0.00006104
-0.35285377,0.00006104
-0.35253377,0.00006104
-0.35221377,0.00006104
-0.35189377,0.00006104
-0.35157377,0.00006104
-0.35125377,0.00006104
-0.35093377,0.00006104
-0.35061377,0.00006104
-0.35029377,0.00006104
-0.34997377,0.00006104
-0.34965377,0.00006104
-0.34933377,0.00006104
-0.34901377,0.00006104
-0.34869377,0.00006104
-0.34837377,0.00006104
-0.34805377,0.00006104
-0.34773377,0.00006104
-0.34741377,0.00006104
-0.34709377,0.00006104
-0.34677377,0.00006104
-0.34645377,0.00006104
-0.34613377,0.00006104
-0.34581377,0.00006104
-0.34549377,0.00006104
-0.34517377,0.00006104
-0.34485377,0.00006104
-0.34453377,0.00006104
-0.34421377,0.00006104
-0.34389377,0.00006104
-0.34357377,-0.01770074
-0.34325377,0.00006104
-0.34293377,-0.01770074
-0.34261377,-0.01770074
-0.34229377,0.00006104
-0.34197377,0.00006104
-0.34165377,0.00006104
-0.34133377,0.00006104
-0.34101377,0.00006104
-0.34069377,0.00006104
-0.34037377,0.00006104
-0.34005377,0.00006104
-0.33973377,0.00006104
-0.33941377,0.00006104
-0.33909377,0.00006104
-0.33877377,0.00006104
-0.33845377,0.00006104
-0.33813377,0.00006104
-0.33781377,0.00006104
-0.33749377,0.00006104
-0.33717377,0.00006104
-0.33685377,0.00006104
-0.33653377,0.00006104
-0.33621377,0.00006104
-0.33589377,0.00006104
-0.33557377,0.00006104
-0.33525377,0.00006104
-0.33493377,0.00006104
-0.33461377,0.00006104
-0.33429377,0.00006104
-0.33397377,0.00006104
-0.33365377,0.00006104
-0.33333377,0.00006104
-0.33301377,0.00006104
-0.33269377,0.00006104
-0.33237377,0.00006104
-0.33205377,0.00006104
-0.33173377,0.00006104
-0.33141377,0.00006104
-0.33109377,0.00006104
-0.33077377,0.00006104
-0.33045377,0.00006104
-0.33013377,0.00006104
-0.32981377,0.00006104
-0.32949377,0.00006104
-0.32917377,0.00006104
-0.32885377,0.00006104
-0.32853377,0.00006104
-0.32821377,0.00006104
-0.32789377,0.00006104
-0.32757377,0.00006104
-0.32725377,0.00006104
-0.32693377,0.00006104
-0.32661377,0.00006104
-0.32629377,-0.01770074
-0.32597377,0.00006104
-0.32565377,0.00006104
-0.32533377,0.00006104
-0.32501377,0.00006104
-0.32469377,0.00006104
-0.32437377,0.00006104
-0.32405377,0.00006104
-0.32373377,0.00006104
-0.32341377,0.00006104
-0.32309377,0.00006104
-0.32277377,0.00006104
-0.32245377,0.00006104
-0.32213377,0.00006104
-0.32181377,0.00006104
-0.32149377,0.00006104
-0.32117377,0.00006104
-0.32085377,0.00006104
-0.32053377,0.00006104
-0.32021377,0.00006104
-0.31989377,0.00006104
-0.31957377,-0.01770074
-0.31925377,0.00006104
-0.31893377,0.00006104
-0.31861377,0.00006104
-0.31829377,0.00006104
-0.31797377,0.00006104
-0.31765377,0.00006104
-0.31733377,0.00006104
-0.31701377,0.00006104
-0.31669377,0.00006104
-0.31637377,0.00006104
-0.31605377,0.00006104
-0.31573377,0.00006104
-0.31541377,0.00006104
-0.31509377,-0.01770074
-0.31477377,0.00006104
-0.31445377,0.00006104
-0.31413377,0.00006104
-0.31381377,0.00006104
-0.31349377,0.00006104
-0.31317377,0.00006104
-0.31285377,0.00006104
-0.31253377,0.00006104
-0.31221377,0.00006104
-0.31189377,0.00006104
-0.31157377,0.00006104
-0.31125377,-0.01770074
-0.31093377,0.00006104
-0.31061377,0.00006104
-0.31029377,0.00006104
-0.30997377,0.00006104
-0.30965377,0.00006104
-0.30933377,0.00006104
-0.30901377,0.00006104
-0.30869377,0.00006104
-0.30837377,0.00006104
-0.30805377,0.00006104
-0.30773377,0.00006104
-0.30741377,0.00006104
-0.30709377,0.00006104
-0.30677377,0.00006104
-0.30645377,0.00006104
-0.30613377,0.00006104
-0.30581377,0.00006104
-0.30549377,0.00006104
-0.30517377,0.00006104
-0.30485377,0.00006104
-0.30453377,0.00006104
-0.30421377,0.00006104
-0.30389377,0.00006104
-0.30357377,0.00006104
-0.30325377,0.00006104
-0.30293377,0.00006104
-0.30261377,0.00006104
-0.30229377,-0.01770074
-0.30197377,0.00006104
-0.30165377,0.00006104
-0.30133377,0.00006104
-0.30101377,0.00006104
-0.30069377,0.00006104
-0.30037377,-0.01770074
-0.30005377,0.00006104
-0.29973377,0.00006104
-0.29941377,0.00006104
-0.29909377,0.00006104
-0.29877377,0.00006104
-0.29845377,0.00006104
-0.29813377,0.00006104
-0.29781377,0.00006104
-0.29749377,0.00006104
-0.29717377,0.00006104
-0.29685377,0.00006104
-0.29653377,0.00006104
-0.29621377,0.00006104
-0.29589377,0.00006104
-0.29557377,0.00006104
-0.29525377,0.00006104
-0.29493377,0.00006104
-0.29461377,0.00006104
-0.29429377,0.00006104
-0.29397377,0.00006104
-0.29365377,0.00006104
-0.29333377,0.00006104
-0.29301377,0.00006104
-0.29269377,0.00006104
-0.29237377,0.00006104
-0.29205377,-0.01770074
-0.29173377,0.00006104
-0.29141377,0.00006104
-0.29109377,0.00006104
-0.29077377,0.00006104
-0.29045377,-0.01770074
-0.29013377,0.00006104
-0.28981377,0.00006104
-0.28949377,0.00006104
-0.28917377,0.00006104
-0.28885377,0.00006104
-0.28853377,-0.01770074
-0.28821377,0.00006104
-0.28789377,0.00006104
-0.28757377,0.00006104
-0.28725377,0.00006104
-0.28693377,0.00006104
-0.28661377,0.00006104
-0.28629377,0.00006104
-0.28597377,0.00006104
-0.28565377,0.00006104
-0.28533377,0.00006104
-0.28501377,0.00006104
-0.28469377,0.00006104
-0.28437377,0.00006104
-0.28405377,0.00006104
-0.28373377,0.00006104
-0.28341377,0.00006104
-0.28309377,0.00006104
-0.28277377,0.00006104
-0.28245377,0.00006104
-0.28213377,0.00006104
-0.28181377,0.00006104
-0.28149377,0.00006104
-0.28117377,0.00006104
-0.28085377,0.00006104
-0.28053377,0.00006104
-0.28021377,0.00006104
-0.27989377,0.00006104
-0.27957377,0.00006104
-0.27925377,0.00006104
-0.27893377,0.00006104
-0.27861377,0.00006104
-0.27829377,0.00006104
-0.27797377,0.00006104
-0.27765377,0.00006104
-0.27733377,0.00006104
-0.27701377,0.00006104
-0.27669377,0.00006104
-0.27637377,0.00006104
-0.27605377,0.00006104
-0.27573377,0.00006104
-0.27541377,0.00006104
-0.27509377,0.00006104
-0.27477377,0.00006104
-0.27445377,0.00006104
-0.27413377,0.00006104
-0.27381377,0.00006104
-0.27349377,0.00006104
-0.27317377,0.00006104
-0.27285377,0.00006104
-0.27253377,-0.01770074
-0.27221377,0.00006104
-0.27189377,0.00006104
-0.27157377,0.00006104
-0.27125377,0.00006104
-0.27093377,0.00006104
-0.27061377,0.00006104
-0.27029377,-0.01770074
-0.26997377,0.00006104
-0.26965377,0.00006104
-0.26933377,0.00006104
-0.26901377,0.00006104
-0.26869377,0.00006104
-0.26837377,0.00006104
-0.26805377,0.00006104
-0.26773377,0.00006104
-0.26741377,0.00006104
-0.26709377,0.00006104
-0.26677377,0.00006104
-0.26645377,0.00006104
-0.26613377,0.00006104
-0.26581377,0.00006104
-0.26549377,0.00006104
-0.26517377,0.00006104
-0.26485377,0.00006104
-0.26453377,0.00006104
-0.26421377,0.00006104
-0.26389377,0.00006104
-0.26357377,0.00006104
-0.26325377,0.00006104
-0.26293377,0.00006104
-0.26261377,0.00006104
-0.26229377,0.00006104
-0.26197377,0.00006104
-0.26165377,-0.01770074
-0.26133377,0.00006104
-0.26101377,0.00006104
-0.26069377,0.00006104
-0.26037377,0.00006104
-0.26005377,0.00006104
-0.25973377,0.00006104
-0.25941377,0.00006104
-0.25909377,0.00006104
-0.25877377,0.00006104
-0.25845377,0.00006104
-0.25813377,0.00006104
-0.25781377,0.00006104
-0.25749377,0.00006104
-0.25717377,0.00006104
-0.25685377,0.00006104
-0.25653377,0.00006104
-0.25621377,0.00006104
-0.25589377,0.00006104
-0.25557377,0.00006104
-0.25525377,0.00006104
-0.25493377,0.00006104
-0.25461377,0.00006104
-0.25429377,0.00006104
-0.25397377,0.00006104
-0.25365377,0.00006104
-0.25333377,0.00006104
-0.25301377,0.00006104
-0.25269377,0.00006104
-0.25237377,0.00006104
-0.25205377,0.00006104
-0.25173377,0.00006104
-0.25141377,0.00006104
-0.25109377,0.00006104
-0.25077377,0.00006104
-0.25045377,-0.01770074
-0.25013377,-0.01770074
-0.24981377,-0.01770074
-0.24949377,0.00006104
-0.24917377,0.00006104
-0.24885377,0.00006104
-0.24853377,0.00006104
-0.24821377,0.00006104
-0.24789377,0.00006104
-0.24757377,0.00006104
-0.24725377,0.00006104
-0.24693377,0.00006104
-0.24661377,0.00006104
-0.24629377,0.00006104
-0.24597377,0.00006104
-0.24565377,0.00006104
-0.24533377,0.00006104
-0.24501377,0.00006104
-0.24469377,0.00006104
-0.24437377,0.00006104
-0.24405377,0.00006104
-0.24373377,0.00006104
-0.24341377,0.00006104
-0.24309377,0.00006104
-0.24277377,0.00006104
-0.24245377,-0.01770074
-0.24213377,0.00006104
-0.24181377,0.00006104
-0.24149377,0.00006104
-0.24117377,0.00006104
-0.24085377,0.00006104
-0.24053377,0.00006104
-0.24021377,0.00006104
-0.23989377,-0.01770074
-0.23957377,-0.01770074
-0.23925377,0.00006104
-0.23893377,0.00006104
-0.23861377,0.00006104
-0.23829377,0.00006104
-0.23797377,0.00006104
-0.23765377,0.00006104
-0.23733377,0.00006104
-0.23701377,0.00006104
-0.23669377,0.00006104
-0.23637377,0.00006104
-0.23605377,0.00006104
-0.23573377,0.00006104
-0.23541377,0.00006104
-0.23509377,0.00006104
-0.23477377,0.00006104
-0.23445377,0.00006104
-0.23413377,0.00006104
-0.23381377,0.00006104
-0.23349377,0.00006104
-0.23317377,0.00006104
-0.23285377,0.00006104
-0.23253377,0.00006104
-0.23221377,0.00006104
-0.23189377,0.00006104
-0.23157377,0.00006104
-0.23125377,0.00006104
-0.23093377,0.00006104
-0.23061377,0.00006104
-0.23029377,0.00006104
-0.22997377,0.00006104
-0.22965377,0.00006104
-0.22933377,0.00006104
-0.22901377,0.00006104
-0.22869377,0.00006104
-0.22837377,0.00006104
-0.22805377,0.00006104
-0.22773377,0.00006104
-0.22741377,0.00006104
-0.22709377,0.00006104
-0.22677377,-0.01770074
-0.22645377,0.00006104
-0.22613377,0.00006104
-0.22581377,0.00006104
-0.22549377,0.00006104
-0.22517377,0.00006104
-0.22485377,0.00006104
-0.22453377,0.00006104
-0.22421377,0.00006104
-0.22389377,-0.01770074
-0.22357377,0.00006104
-0.22325377,0.00006104
-0.22293377,0.00006104
-0.22261377,0.00006104
-0.22229377,0.00006104
-0.22197377,0.00006104
-0.22165377,0.00006104
-0.22133377,0.00006104
-0.22101377,0.00006104
-0.22069377,0.00006104
-0.22037377,0.00006104
-0.22005377,0.00006104
-0.21973377,0.00006104
-0.21941377,0.00006104
-0.21909377,0.00006104
-0.21877377,0.00006104
-0.21845377,0.00006104
-0.21813377,-0.01770074
-0.21781377,0.00006104
-0.21749377,0.00006104
-0.21717377,0.00006104
-0.21685377,0.00006104
-0.21653377,-0.01770074
-0.21621377,0.00006104
-0.21589377,0.00006104
-0.21557377,-0.01770074
-0.21525377,0.00006104
-0.21493377,0.00006104
-0.21461377,0.00006104
-0.21429377,0.00006104
-0.21397377,0.00006104
-0.21365377,0.00006104
-0.21333377,0.00006104
-0.21301377,0.00006104
-0.21269377,0.00006104
-0.21237377,0.00006104
-0.21205377,0.00006104
-0.21173377,0.00006104
-0.21141377,0.00006104
-0.21109377,0.00006104
-0.21077377,0.00006104
-0.21045377,0.00006104
-0.21013377,0.00006104
-0.20981377,0.00006104
-0.20949377,0.00006104
-0.20917377,0.00006104
-0.20885377,0.00006104
-0.20853377,0.00006104
-0.20821377,0.00006104
-0.20789377,0.00006104
-0.20757377,0.00006104
-0.20725377,0.00006104
-0.20693377,0.00006104
-0.20661377,0.00006104
-0.20629377,0.00006104
-0.20597377,0.00006104
-0.20565377,0.00006104
-0.20533377,0.00006104
-0.20501377,0.00006104
-0.20469377,0.00006104
-0.20437377,0.00006104
-0.20405377,0.00006104
-0.20373377,0.00006104
-0.20341377,0.00006104
-0.20309377,0.00006104
-0.20277377,0.00006104
-0.20245377,0.00006104
-0.20213377,0.00006104
-0.20181377,0.00006104
-0.20149377,0.00006104
-0.20117377,0.00006104
-0.20085377,0.00006104
-0.20053377,0.00006104
-0.20021377,0.00006104
-0.19989377,0.00006104
-0.19957377,0.00006104
-0.19925377,0.00006104
-0.19893377,0.00006104
-0.19861377,0.00006104
-0.19829377,0.00006104
-0.19797377,0.00006104
-0.19765377,0.00006104
-0.19733377,0.00006104
-0.19701377,0.00006104
-0.19669377,0.00006104
-0.19637377,0.00006104
-0.19605377,0.00006104
-0.19573377,0.00006104
-0.19541377,0.00006104
-0.19509377,0.00006104
-0.19477377,0.00006104
-0.19445377,0.00006104
-0.19413377,0.00006104
-0.19381377,0.00006104
-0.19349377,0.00006104
-0.19317377,-0.01770074
-0.19285377,0.00006104
-0.19253377,0.00006104
-0.19221377,0.00006104
-0.19189377,0.00006104
-0.19157377,0.00006104
-0.19125377,0.00006104
-0.19093377,0.00006104
-0.19061377,0.00006104
-0.19029377,0.00006104
-0.18997377,0.00006104
-0.18965377,0.00006104
-0.18933377,0.00006104
-0.18901377,0.00006104
-0.18869377,0.00006104
-0.18837377,0.00006104
-0.18805377,0.00006104
-0.18773377,0.00006104
-0.18741377,0.00006104
-0.18709377,0.00006104
-0.18677377,0.00006104
-0.18645378,0.00006104
-0.18613378,0.00006104
-0.18581378,0.00006104
-0.18549378,0.00006104
-0.18517378,0.00006104
-0.18485378,0.00006104
-0.18453378,0.00006104
-0.18421378,0.00006104
-0.18389378,0.00006104
-0.18357378,0.00006104
-0.18325378,0.00006104
-0.18293378,0.00006104
-0.18261378,0.00006104
-0.18229378,0.00006104
-0.18197378,0.00006104
-0.18165378,0.00006104
-0.18133378,0.00006104
-0.18101378,0.00006104
-0.18069378,0.00006104
-0.18037378,0.00006104
-0.18005378,0.00006104
-0.17973378,0.00006104
-0.17941378,0.00006104
-0.17909378,0.00006104
-0.17877378,0.00006104
-0.17845378,0.00006104
-0.17813378,-0.01770074
-0.17781378,0.00006104
-0.17749378,0.00006104
-0.17717378,0.00006104
-0.17685378,0.00006104
-0.17653378,0.00006104
-0.17621378,0.00006104
-0.17589378,0.00006104
-0.17557378,0.00006104
-0.17525378,0.00006104
-0.17493378,0.00006104
-0.17461378,0.00006104
-0.17429378,-0.01770074
-0.17397378,0.00006104
-0.17365378,0.00006104
-0.17333378,0.00006104
-0.17301378,0.00006104
-0.17269378,0.00006104
-0.17237378,0.00006104
-0.17205378,0.00006104
-0.17173378,0.00006104
-0.17141378,0.00006104
-0.17109378,0.00006104
-0.17077378,0.00006104
-0.17045378,0.00006104
-0.17013378,-0.01770074
-0.16981378,0.00006104
-0.16949378,0.00006104
-0.16917378,0.00006104
-0.16885378,0.00006104
-0.16853378,0.00006104
-0.16821378,0.00006104
-0.16789378,0.00006104
-0.16757378,0.00006104
-0.16725378,0.00006104
-0.16693378,0.00006104
-0.16661378,0.00006104
-0.16629378,0.00006104
-0.16597378,0.00006104
-0.16565378,0.00006104
-0.16533378,0.00006104
-0.16501378,0.00006104
-0.16469378,0.00006104
-0.16437378,-0.01770074
-0.16405378,0.00006104
-0.16373378,0.00006104
-0.16341378,0.00006104
-0.16309378,0.00006104
-0.16277378,0.00006104
-0.16245378,-0.01770074
-0.16213378,0.00006104
-0.16181378,0.00006104
-0.16149378,0.00006104
-0.16117378,0.00006104
-0.16085378,0.00006104
-0.16053378,0.00006104
-0.16021378,0.00006104
-0.15989378,0.00006104
-0.15957378,0.00006104
-0.15925378,0.00006104
-0.15893378,0.00006104
-0.15861378,0.00006104
-0.15829378,0.00006104
-0.15797378,0.00006104
-0.15765378,0.00006104
-0.15733378,0.00006104
-0.15701378,0.00006104
-0.15669378,0.00006104
-0.15637378,0.00006104
-0.15605378,0.00006104
-0.15573378,0.00006104
-0.15541378,0.00006104
-0.15509378,0.00006104
-0.15477378,0.00006104
-0.15445378,0.00006104
-0.15413378,-0.01770074
-0.15381378,0.00006104
-0.15349378,0.00006104
-0.15317378,-0.01770074
-0.15285378,0.00006104
-0.15253378,0.00006104
-0.15221378,0.00006104
-0.15189378,0.00006104
-0.15157378,0.00006104
-0.15125378,0.00006104
-0.15093378,0.00006104
-0.15061378,0.00006104
-0.15029378,0.00006104
-0.14997378,0.00006104
-0.14965378,0.00006104
-0.14933378,0.00006104
-0.14901378,0.00006104
-0.14869378,0.00006104
-0.14837378,0.00006104
-0.14805378,0.00006104
-0.14773378,0.00006104
-0.14741378,0.00006104
-0.14709378,0.00006104
-0.14677378,0.00006104
-0.14645378,0.00006104
-0.14613378,0.00006104
-0.14581378,0.00006104
-0.14549378,0.00006104
-0.14517378,0.00006104
-0.14485378,0.00006104
-0.14453378,0.00006104
-0.14421378,0.00006104
-0.14389378,0.00006104
-0.14357378,0.00006104
-0.14325378,0.00006104
-0.14293378,0.00006104
-0.14261378,0.00006104
-0.14229378,0.00006104
-0.14197378,0.00006104
-0.14165378,-0.01770074
-0.14133378,0.00006104
-0.14101378,0.00006104
-0.14069378,0.00006104
-0.14037378,0.00006104
-0.14005378,0.00006104
-0.13973378,-0.01770074
-0.13941378,0.00006104
-0.13909378,0.00006104
-0.13877378,0.00006104
-0.13845378,0.00006104
-0.13813378,0.00006104
-0.13781378,0.00006104
-0.13749378,0.00006104
-0.13717378,0.00006104
-0.13685378,0.00006104
-0.13653378,0.00006104
-0.13621378,0.00006104
-0.13589378,0.00006104
-0.13557378,0.00006104
-0.13525378,0.00006104
-0.13493378,0.00006104
-0.13461378,0.00006104
-0.13429378,0.00006104
-0.13397378,0.00006104
-0.13365378,0.00006104
-0.13333378,0.00006104
-0.13301378,0.00006104
-0.13269378,0.00006104
-0.13237378,0.00006104
-0.13205378,0.00006104
-0.13173378,0.00006104
-0.13141378,0.00006104
-0.13109378,0.00006104
-0.13077378,0.00006104
-0.13045378,0.00006104
-0.13013378,0.00006104
-0.12981378,0.00006104
-0.12949378,0.00006104
-0.12917378,0.00006104
-0.12885378,0.00006104
-0.12853378,0.00006104
-0.12821378,0.00006104
-0.12789378,0.00006104
-0.12757378,0.00006104
-0.12725378,0.00006104
-0.12693378,0.00006104
-0.12661378,0.00006104
-0.12629378,0.00006104
-0.12597378,0.00006104
-0.12565378,0.00006104
-0.12533378,0.00006104
-0.12501378,0.00006104
-0.12469378,0.00006104
-0.12437378,-0.01770074
-0.12405378,0.00006104
-0.12373378,0.00006104
-0.12341378,0.00006104
-0.12309378,0.00006104
-0.12277378,0.00006104
-0.12245378,0.00006104
-0.12213378,0.00006104
-0.12181378,0.00006104
-0.12149378,0.00006104
-0.12117378,0.00006104
-0.12085378,0.00006104
-0.12053378,0.00006104
-0.12021378,-0.01770074
-0.11989378,0.00006104
-0.11957378,0.00006104
-0.11925378,0.00006104
-0.11893378,0.00006104
-0.11861378,0.00006104
-0.11829378,0.00006104
-0.11797378,0.00006104
-0.11765378,-0.01770074
-0.11733378,0.00006104
-0.11701378,0.00006104
-0.11669378,0.00006104
-0.11637378,0.00006104
-0.11605378,0.00006104
-0.11573378,0.00006104
-0.11541378,0.00006104
-0.11509378,0.00006104
-0.11477378,0.00006104
-0.11445378,0.00006104
-0.11413378,0.00006104
-0.11381378,0.00006104
-0.11349378,0.00006104
-0.11317378,0.00006104
-0.11285378,0.00006104
-0.11253378,0.00006104
-0.11221378,0.00006104
-0.11189378,0.00006104
-0.11157378,0.00006104
-0.11125378,0.00006104
-0.11093378,0.00006104
-0.11061378,0.00006104
-0.11029378,0.00006104
-0.10997378,0.00006104
-0.10965378,0.00006104
-0.10933378,0.00006104
-0.10901378,0.00006104
-0.10869378,0.00006104
-0.10837378,0.00006104
-0.10805378,0.00006104
-0.10773378,0.00006104
-0.10741378,0.00006104
-0.10709378,0.00006104
-0.10677378,0.00006104
-0.10645378,0.00006104
-0.10613378,0.00006104
-0.10581378,0.00006104
-0.10549378,0.00006104
-0.10517378,0.00006104
-0.10485378,0.00006104
-0.10453378,0.00006104
-0.10421378,0.00006104
-0.10389378,0.00006104
-0.10357378,0.00006104
-0.10325378,0.00006104
-0.10293378,0.00006104
-0.10261378,0.00006104
-0.10229378,0.00006104
-0.10197378,0.00006104
-0.10165378,0.00006104
-0.10133378,0.00006104
-0.10101378,0.00006104
-0.10069378,0.00006104
-0.10037378,0.00006104
-0.10005378,0.00006104
-0.09973378,0.00006104
-0.09941378,0.00006104
-0.09909378,0.00006104
-0.09877378,0.00006104
-0.09845378,0.00006104
-0.09813378,0.00006104
-0.09781378,0.00006104
-0.09749378,0.00006104
-0.09717378,-0.01770074
-0.09685378,0.00006104
-0.09653378,0.00006104
-0.09621378,0.00006104
-0.09589378,0.00006104
-0.09557378,0.00006104
-0.09525378,0.00006104
-0.09493378,0.00006104
-0.09461378,0.00006104
-0.09429378,0.00006104
-0.09397378,0.00006104
-0.09365378,0.00006104
-0.09333378,0.00006104
-0.09301378,0.00006104
-0.09269378,0.00006104
-0.09237378,0.00006104
-0.09205378,0.00006104
-0.09173378,0.00006104
-0.09141378,0.00006104
-0.09109378,-0.01770074
-0.09077378,-0.01770074
-0.09045378,-0.01770074
-0.09013378,0.00006104
-0.08981378,0.00006104
-0.08949378,0.00006104
-0.08917378,0.00006104
-0.08885378,0.00006104
-0.08853378,0.00006104
-0.08821378,0.00006104
-0.08789378,0.00006104
-0.08757378,0.00006104
-0.08725378,0.00006104
-0.08693378,0.00006104
-0.08661378,0.00006104
-0.08629378,0.00006104
-0.08597378,0.00006104
-0.08565378,0.00006104
-0.08533378,0.00006104
-0.08501378,0.00006104
-0.08469378,0.00006104
-0.08437378,0.00006104
-0.08405378,0.00006104
-0.08373378,0.00006104
-0.08341378,0.00006104
-0.08309378,0.00006104
-0.08277378,0.00006104
-0.08245378,-0.01770074
-0.08213378,0.00006104
-0.08181378,-0.01770074
-0.08149378,0.00006104
-0.08117378,0.00006104
-0.08085378,0.00006104
-0.08053378,0.00006104
-0.08021378,0.00006104
-0.07989378,0.00006104
-0.07957378,0.00006104
-0.07925378,0.00006104
-0.07893378,0.00006104
-0.07861378,0.00006104
-0.07829378,0.00006104
-0.07797378,0.00006104
-0.07765378,0.00006104
-0.07733378,0.00006104
-0.07701378,0.00006104
-0.07669378,0.00006104
-0.07637378,0.00006104
-0.07605378,0.00006104
-0.07573378,-0.01770074
-0.07541378,0.00006104
-0.07509378,0.00006104
-0.07477378,0.00006104
-0.07445378,0.00006104
-0.07413378,0.00006104
-0.07381378,0.00006104
-0.07349378,0.00006104
-0.07317378,0.00006104
-0.07285378,0.00006104
-0.07253378,-0.01770074
-0.07221378,0.00006104
-0.07189378,0.00006104
-0.07157378,0.00006104
-0.07125378,0.00006104
-0.07093378,0.00006104
-0.07061378,0.00006104
-0.07029378,0.00006104
-0.06997378,0.00006104
-0.06965378,0.00006104
-0.06933378,0.00006104
-0.06901378,0.00006104
-0.06869378,0.00006104
-0.06837378,0.00006104
-0.06805378,0.00006104
-0.06773378,0.00006104
-0.06741378,0.00006104
-0.06709378,0.00006104
-0.06677378,0.00006104
-0.06645378,-0.01770074
-0.06613378,0.00006104
-0.06581378,0.00006104
-0.06549378,0.00006104
-0.06517378,0.00006104
-0.06485378,0.00006104
-0.06453378,0.00006104
-0.06421378,0.01788385
-0.06389378,0.00006104
-0.06357378,0.00006104
-0.06325378,0.00006104
-0.06293378,0.00006104
-0.06261378,0.00006104
-0.06229378,0.00006104
-0.06197378,0.00006104
-0.06165378,0.00006104
-0.06133378,0.00006104
-0.06101378,0.00006104
-0.06069378,0.00006104
-0.06037378,0.00006104
-0.06005378,0.00006104
-0.05973378,0.00006104
-0.05941378,0.00006104
-0.05909378,0.00006104
-0.05877378,0.00006104
-0.05845378,0.00006104
-0.05813378,0.00006104
-0.05781378,0.00006104
-0.05749378,-0.01770074
-0.05717378,0.00006104
-0.05685378,0.00006104
-0.05653378,0.00006104
-0.05621378,-0.01770074
-0.05589378,0.00006104
-0.05557378,0.00006104
-0.05525378,0.00006104
-0.05493378,0.00006104
-0.05461378,0.00006104
-0.05429378,0.00006104
-0.05397378,0.00006104
-0.05365378,0.00006104
-0.05333378,0.00006104
-0.05301378,0.00006104
-0.05269378,0.00006104
-0.05237378,0.00006104
-0.05205378,0.00006104
-0.05173378,0.00006104
-0.05141378,0.00006104
-0.05109378,0.00006104
-0.05077378,0.00006104
-0.05045378,0.00006104
-0.05013378,0.00006104
-0.04981378,0.00006104
-0.04949378,0.00006104
-0.04917378,0.00006104
-0.04885378,0.00006104
-0.04853378,0.00006104
-0.04821378,0.00006104
-0.04789378,0.00006104
-0.04757378,0.00006104
-0.04725378,0.00006104
-0.04693378,0.00006104
-0.04661378,0.00006104
-0.04629378,0.00006104
-0.04597378,0.00006104
-0.04565378,0.00006104
-0.04533378,0.00006104
-0.04501378,0.00006104
-0.04469378,0.00006104
-0.04437378,-0.01770074
-0.04405378,0.00006104
-0.04373378,0.00006104
-0.04341378,0.00006104
-0.04309378,0.00006104
-0.04277378,0.00006104
-0.04245378,0.00006104
-0.04213378,0.00006104
-0.04181378,0.00006104
-0.04149378,0.00006104
-0.04117378,0.00006104
-0.04085378,0.00006104
-0.04053378,-0.01770074
-0.04021378,0.00006104
-0.03989378,0.00006104
-0.03957378,0.00006104
-0.03925378,0.00006104
-0.03893378,0.00006104
-0.03861378,0.00006104
-0.03829378,0.00006104
-0.03797378,0.00006104
-0.03765378,0.00006104
-0.03733378,0.00006104
-0.03701378,0.00006104
-0.03669378,0.00006104
-0.03637378,-0.01770074
-0.03605378,0.00006104
-0.03573378,0.00006104
-0.03541378,0.00006104
-0.03509378,0.00006104
-0.03477378,-0.01770074
-0.03445378,0.00006104
-0.03413378,0.00006104
-0.03381378,0.00006104
-0.03349378,0.00006104
-0.03317378,0.00006104
-0.03285378,0.00006104
-0.03253378,0.00006104
-0.03221378,0.00006104
-0.03189378,0.00006104
-0.03157378,0.00006104
-0.03125378,0.00006104
-0.03093378,0.00006104
-0.03061378,0.00006104
-0.03029378,0.00006104
-0.02997378,0.00006104
-0.02965378,0.00006104
-0.02933378,-0.01770074
-0.02901378,0.00006104
-0.02869378,0.00006104
-0.02837378,0.00006104
-0.02805378,0.00006104
-0.02773378,0.00006104
-0.02741378,0.00006104
-0.02709378,0.00006104
-0.02677378,0.00006104
-0.02645378,0.00006104
-0.02613378,0.00006104
-0.02581378,0.00006104
-0.02549378,0.00006104
-0.02517378,0.00006104
-0.02485378,0.00006104
-0.02453378,0.00006104
-0.02421378,0.00006104
-0.02389378,0.00006104
-0.02357378,0.00006104
-0.02325378,0.00006104
-0.02293378,0.00006104
-0.02261378,-0.01770074
-0.02229378,0.00006104
-0.02197378,0.00006104
-0.02165378,0.00006104
-0.02133378,0.00006104
-0.02101378,0.00006104
-0.02069378,0.00006104
-0.02037378,0.00006104
-0.02005378,0.00006104
-0.01973378,-0.01770074
-0.01941378,0.00006104
-0.01909378,0.00006104
-0.01877378,0.00006104
-0.01845378,0.00006104
-0.01813378,0.00006104
-0.01781378,0.00006104
-0.01749378,0.00006104
-0.01717378,0.00006104
-0.01685378,0.00006104
-0.01653378,0.00006104
-0.01621378,0.00006104
-0.01589378,0.00006104
-0.01557378,0.00006104
-0.01525378,-0.01770074
-0.01493378,0.00006104
-0.01461378,0.00006104
-0.01429378,0.00006104
-0.01397378,0.00006104
-0.01365378,0.00006104
-0.01333378,0.00006104
-0.01301378,0.00006104
-0.01269378,0.00006104
-0.01237378,-0.01770074
-0.01205378,0.00006104
-0.01173378,0.00006104
-0.01141378,0.00006104
-0.01109378,0.00006104
-0.01077378,0.00006104
-0.01045378,0.00006104
-0.01013378,0.00006104
-0.00981378,0.00006104
-0.00949378,0.00006104
-0.00917378,-0.01770074
-0.00885378,0.00006104
-0.00853378,0.00006104
-0.00821378,0.00006104
-0.00789378,0.00006104
-0.00757378,0.00006104
-0.00725378,-0.01770074
-0.00693378,0.00006104
-0.00661378,0.00006104
-0.00629378,0.00006104
-0.00597378,0.00006104
-0.00565378,0.00006104
-0.00533378,0.00006104
-0.00501378,0.00006104
-0.00469378,0.00006104
-0.00437378,0.00006104
-0.00405378,0.00006104
-0.00373378,0.00006104
-0.00341378,0.00006104
-0.00309378,-0.01770074
-0.00277378,0.00006104
-0.00245378,0.00006104
-0.00213378,0.00006104
-0.00181378,0.00006104
-0.00149378,0.00006104
-0.00117378,-0.60512102
-0.00085378,-1.01455736
-0.00053378,-0.44495988
-0.00021378,-0.08893093
0.00010622,0.01788385
0.00042622,0.03570665
0.00074622,0.01788385
0.00106622,-0.01770074
0.00138622,-0.03552354
0.00170622,-0.03552354
0.00202622,-0.32032228
0.00234622,-0.96114993
0.00266622,-1.49516284
0.00298622,-0.88998079
0.00330622,-0.72975862
0.00362622,-0.21350749
0.00394622,0.05346843
0.00426622,0.10687582
0.00458622,0.05346843
0.00490622,0.01788385
0.00522622,0.01788385
0.00554622,0.01788385
0.00586622,0.03570665
0.00618622,0.03570665
0.00650622,0.03570665
0.00682622,0.03570665
0.00714622,0.03570665
0.00746622,0.00006104
0.00778622,0.00006104
0.00810622,0.00006104
0.00842622,0.01788385
0.00874622,0.03570665
0.00906622,0.05346843
0.00938622,0.05346843
0.00970622,0.07129124
0.01002622,0.07129124
0.01034622,0.05346843
0.01066622,0.07129124
0.01098622,0.05346843
0.01130622,0.03570665
0.01162622,0.07129124
0.01194622,0.08911405
0.01226622,0.07129124
0.01258622,0.03570665
0.01290622,0.03570665
0.01322622,0.03570665
0.01354622,0.01788385
0.01386622,0.00006104
0.01418622,-0.03552354
0.01450622,-0.01770074
0.01482622,-0.01770074
0.01514622,0.03570665
0.01546622,0.00006104
0.01578622,0.00006104
0.01610622,0.05346843
0.01642622,-0.03552354
0.01674622,0.00006104
0.01706622,0.01788385
0.01738622,-0.03552354
0.01770622,0.01788385
0.01802622,0.03570665
0.01834622,0.01788385
0.01866622,0.03570665
0.01898622,0.03570665
0.01930622,0.03570665
0.01962622,0.01788385
0.01994622,0.01788385
0.02026622,0.01788385
0.02058622,0.00006104
0.02090622,0.01788385
0.02122622,0.03570665
0.02154622,0.00006104
0.02186622,0.00006104
0.02218622,0.03570665
0.02250622,0.00006104
0.02282622,0.01788385
0.02314622,0.00006104
0.02346622,-0.01770074
0.02378622,-0.01770074
0.02410622,0.01788385
0.02442622,0.00006104
0.02474622,0.00006104
0.02506622,0.01788385
0.02538622,0.01788385
0.02570622,0.00006104
0.02602622,0.01788385
0.02634622,0.00006104
0.02666622,0.00006104
0.02698622,0.01788385
0.02730622,0.01788385
0.02762622,0.01788385
0.02794622,0.03570665
0.02826622,0.01788385
0.02858622,0.01788385
0.02890622,0.00006104
0.02922622,0.00006104
0.02954622,0.01788385
0.02986622,0.00006104
0.03018622,-0.01770074
0.03050622,0.00006104
0.03082622,0.00006104
0.03114622,0.00006104
0.03146622,0.01788385
0.03178622,0.01788385
0.03210622,0.00006104
0.03242622,0.01788385
0.03274622,0.00006104
0.03306622,0.00006104
0.03338622,0.00006104
0.03370622,0.01788385
0.03402622,0.01788385
0.03434622,0.01788385
0.03466622,0.00006104
0.03498622,0.00006104
0.03530622,0.01788385
0.03562622,0.00006104
0.03594622,0.00006104
0.03626622,0.00006104
0.03658622,0.00006104
0.03690622,0.00006104
0.03722622,0.00006104
0.03754622,0.00006104
0.03786622,0.01788385
0.03818622,0.01788385
0.03850622,0.00006104
0.03882622,0.00006104
0.03914622,0.01788385
0.03946622,0.00006104
0.03978622,0.00006104
0.04010622,0.00006104
0.04042622,0.00006104
0.04074622,0.00006104
0.04106622,0.00006104
0.04138622,-0.01770074
0.04170622,0.00006104
0.04202622,0.00006104
0.04234622,0.00006104
0.04266622,0.00006104
0.04298622,0.00006104
0.04330622,0.00006104
0.04362622,0.00006104
0.04394622,0.01788385
0.04426622,0.00006104
0.04458622,0.01788385
0.04490622,0.01788385
0.04522622,0.00006104
0.04554622,0.00006104
0.04586622,0.00006104
0.04618622,0.00006104
0.04650622,0.01788385
0.04682622,0.00006104
0.04714622,0.00006104
0.04746622,0.00006104
0.04778622,-0.01770074
0.04810622,-0.01770074
0.04842622,0.00006104
0.04874622,-0.01770074
0.04906622,0.00006104
0.04938622,0.00006104
0.04970622,0.00006104
0.05002622,0.00006104
0.05034622,0.00006104
0.05066622,0.00006104
0.05098622,0.00006104
0.05130622,0.00006104
0.05162622,0.00006104
0.05194622,0.01788385
0.05226622,0.00006104
0.05258622,0.00006104
0.05290622,0.00006104
0.05322622,0.00006104
0.05354622,0.00006104
0.05386622,0.00006104
0.05418622,0.00006104
0.05450622,0.00006104
0.05482622,0.00006104
0.05514622,0.00006104
0.05546622,0.00006104
0.05578622,0.00006104
0.05610622,0.00006104
0.05642622,0.00006104
0.05674622,0.00006104
0.05706622,0.00006104
0.05738622,0.00006104
0.05770622,0.00006104
0.05802622,0.00006104
0.05834622,0.00006104
0.05866622,0.00006104
0.05898622,0.00006104
0.05930622,0.00006104
0.05962622,0.00006104
0.05994622,0.00006104
0.06026622,0.00006104
0.06058622,0.00006104
0.06090622,0.00006104
0.06122622,0.00006104
0.06154622,0.00006104
0.06186622,0.00006104
0.06218622,0.00006104
0.06250622,0.00006104
0.06282622,0.00006104
0.06314622,0.00006104
0.06346622,0.00006104
0.06378622,0.00006104
0.06410622,0.00006104
0.06442622,0.00006104
0.06474622,0.00006104
0.06506622,0.00006104
0.06538622,0.00006104
0.06570622,0.00006104
0.06602622,0.00006104
0.06634622,0.00006104
0.06666622,0.00006104
0.06698622,0.00006104
0.06730622,0.00006104
0.06762622,0.00006104
0.06794622,0.00006104
0.06826622,0.00006104
0.06858622,0.00006104
0.06890622,0.00006104
0.06922622,0.00006104
0.06954622,0.00006104
0.06986622,0.00006104
0.07018622,0.00006104
0.07050622,0.00006104
0.07082622,0.00006104
0.07114622,0.00006104
0.07146622,0.00006104
0.07178622,0.00006104
0.07210622,0.00006104
0.07242622,0.00006104
0.07274622,0.00006104
0.07306622,0.00006104
0.07338622,0.00006104
0.07370622,0.00006104
0.07402622,0.00006104
0.07434622,0.00006104
0.07466622,0.00006104
0.07498622,0.00006104
0.07530622,0.00006104
0.07562622,0.00006104
0.07594622,0.00006104
0.07626622,0.00006104
0.07658622,0.00006104
0.07690622,0.00006104
0.07722622,0.00006104
0.07754622,0.00006104
0.07786622,0.00006104
0.07818622,0.00006104
0.07850622,0.00006104
0.07882622,0.00006104
0.07914622,0.00006104
0.07946622,0.00006104
0.07978622,0.00006104
0.08010622,0.00006104
0.08042622,0.00006104
0.08074622,0.00006104
0.08106622,0.00006104
0.08138622,0.00006104
0.08170622,0.00006104
0.08202622,0.00006104
0.08234622,0.00006104
0.08266622,0.00006104
0.08298622,0.00006104
0.08330622,0.00006104
0.08362622,0.00006104
0.08394622,0.00006104
0.08426622,0.00006104
0.08458622,0.00006104
0.08490622,0.00006104
0.08522622,0.00006104
0.08554622,0.00006104
0.08586622,0.00006104
0.08618622,0.00006104
0.08650622,0.00006104
0.08682622,0.00006104
0.08714622,0.00006104
0.08746622,0.00006104
0.08778622,0.00006104
0.08810622,0.00006104
0.08842622,0.00006104
0.08874622,0.00006104
0.08906622,0.00006104
0.08938622,0.00006104
0.08970622,0.00006104
0.09002622,0.00006104
0.09034622,0.00006104
0.09066622,0.00006104
0.09098622,0.00006104
0.09130622,0.00006104
0.09162622,0.00006104
0.09194622,0.00006104
0.09226622,0.00006104
0.09258622,0.00006104
0.09290622,0.00006104
0.09322622,0.00006104
0.09354622,0.00006104
0.09386622,0.00006104
0.09418622,0.00006104
0.09450622,0.00006104
0.09482622,0.00006104
0.09514622,-0.01770074
0.09546622,0.00006104
0.09578622,0.00006104
0.09610622,0.00006104
0.09642622,0.00006104
0.09674622,0.00006104
0.09706622,0.00006104
0.09738622,0.00006104
0.09770622,0.00006104
0.09802622,0.00006104
0.09834622,0.00006104
0.09866622,0.00006104
0.09898622,0.00006104
0.09930622,0.00006104
0.09962622,0.00006104
0.09994622,0.00006104
0.10026622,0.00006104
0.10058622,-0.01770074
0.10090622,0.00006104
0.10122622,0.00006104
0.10154622,0.00006104
0.10186622,0.00006104
0.10218622,0.00006104
0.10250622,0.00006104
0.10282622,0.00006104
0.10314622,0.00006104
0.10346622,0.00006104
0.10378622,0.00006104
0.10410622,0.00006104
0.10442622,0.00006104
0.10474622,0.00006104
0.10506622,0.00006104
0.10538622,0.00006104
0.10570622,0.00006104
0.10602622,0.00006104
0.10634622,0.00006104
0.10666622,0.00006104
0.10698622,0.00006104
0.10730622,0.00006104
0.10762622,0.00006104
0.10794622,0.00006104
0.10826622,0.00006104
0.10858622,0.00006104
0.10890622,0.00006104
0.10922622,0.00006104
0.10954622,0.00006104
0.10986622,0.00006104
0.11018622,0.00006104
0.11050622,0.00006104
0.11082622,0.00006104
0.11114622,0.00006104
0.11146622,0.00006104
0.11178622,0.00006104
0.11210622,-0.01770074
0.11242622,0.00006104
0.11274622,0.00006104
0.11306622,0.00006104
0.11338622,0.00006104
0.11370622,0.00006104
0.11402622,-0.01770074
0.11434622,0.00006104
0.11466622,0.00006104
0.11498622,0.00006104
0.11530622,0.00006104
0.11562622,0.00006104
0.11594622,0.00006104
0.11626622,0.00006104
0.11658622,0.00006104
0.11690622,0.00006104
0.11722622,0.00006104
0.11754622,0.00006104
0.11786622,0.00006104
0.11818622,0.00006104
0.11850622,0.00006104
0.11882622,0.00006104
0.11914622,0.00006104
0.11946622,0.00006104
0.11978622,0.00006104
0.12010622,0.00006104
0.12042622,0.00006104
0.12074622,0.00006104
0.12106622,0.00006104
0.12138622,0.00006104
0.12170622,0.00006104
0.12202622,0.00006104
0.12234622,-0.01770074
0.12266622,0.00006104
0.12298622,0.00006104
0.12330622,0.00006104
0.12362622,0.00006104
0.12394622,0.00006104
0.12426622,0.00006104
0.12458622,0.00006104
0.12490622,0.00006104
0.12522622,0.00006104
0.12554622,0.00006104
0.12586622,0.00006104
0.12618622,0.00006104
0.12650622,0.00006104
0.12682622,0.00006104
0.12714622,0.00006104
0.12746622,0.00006104
0.12778622,0.00006104
0.12810622,0.00006104
0.12842622,-0.01770074
0.12874622,0.00006104
0.12906622,0.00006104
0.12938622,-0.01770074
0.12970622,0.00006104
0.13002622,0.00006104
0.13034622,0.00006104
0.13066622,0.00006104
0.13098622,0.00006104
0.13130622,0.00006104
0.13162622,0.00006104
0.13194622,0.00006104
0.13226622,0.00006104
0.13258622,0.00006104
0.13290622,0.00006104
0.13322622,0.00006104
0.13354622,0.00006104
0.13386622,0.00006104
0.13418622,0.00006104
0.13450622,0.00006104
0.13482622,0.00006104
0.13514622,-0.01770074
0.13546622,0.00006104
0.13578622,0.00006104
0.13610622,0.00006104
0.13642622,0.00006104
0.13674622,-0.01770074
0.13706622,0.00006104
0.13738622,-0.01770074
0.13770622,0.00006104
0.13802622,0.01788385
0.13834622,0.00006104
0.13866622,0.00006104
0.13898622,0.00006104
0.13930622,0.00006104
0.13962622,0.00006104
0.13994622,0.00006104
0.14026622,0.00006104
0.14058622,0.00006104
0.14090622,0.00006104
0.14122622,-0.01770074
0.14154622,0.00006104
0.14186622,0.00006104
0.14218622,0.00006104
0.14250622,0.00006104
0.14282622,0.00006104
0.14314622,0.00006104
0.14346622,0.00006104
0.14378622,-0.01770074
0.14410622,0.00006104
0.14442622,0.00006104
0.14474622,0.00006104
0.14506622,0.00006104
0.14538622,0.00006104
0.14570622,0.00006104
0.14602622,0.00006104
0.14634622,0.00006104
0.14666622,0.00006104
0.14698622,0.00006104
0.14730622,0.00006104
0.14762622,0.00006104
0.14794622,0.00006104
0.14826622,0.00006104
0.14858622,0.00006104
0.14890622,0.00006104
0.14922622,0.00006104
0.14954622,0.00006104
0.14986622,0.00006104
0.15018622,0.00006104
0.15050622,0.00006104
0.15082622,0.00006104
0.15114622,0.00006104
0.15146622,0.00006104
0.15178622,0.00006104
0.15210622,0.00006104
0.15242622,0.00006104
0.15274622,0.00006104
0.15306622,0.00006104
0.15338622,0.00006104
0.15370622,0.00006104
0.15402622,0.00006104
0.15434622,0.00006104
0.15466622,0.00006104
0.15498622,0.00006104
0.15530622,0.00006104
0.15562622,0.00006104
0.15594622,0.00006104
0.15626622,0.00006104
0.15658622,0.00006104
0.15690622,-0.01770074
0.15722622,0.00006104
0.15754622,-0.01770074
0.15786622,0.00006104
0.15818622,0.00006104
0.15850622,0.00006104
0.15882622,0.00006104
0.15914622,0.00006104
0.15946622,0.00006104
0.15978622,0.00006104
0.16010622,0.00006104
0.16042622,0.00006104
0.16074622,0.00006104
0.16106622,0.00006104
0.16138622,0.00006104
0.16170622,0.00006104
0.16202622,0.00006104
0.16234622,0.00006104
0.16266622,0.00006104
0.16298622,0.00006104
0.16330622,0.00006104
0.16362622,0.00006104
0.16394622,0.00006104
0.16426622,0.00006104
0.16458622,0.00006104
0.16490622,0.00006104
0.16522622,0.00006104
0.16554622,0.00006104
0.16586622,0.00006104
0.16618622,0.00006104
0.16650622,0.00006104
0.16682622,0.00006104
0.16714622,0.00006104
0.16746622,0.00006104
0.16778622,0.00006104
0.16810622,0.00006104
0.16842622,0.00006104
0.16874622,0.00006104
0.16906622,0.00006104
0.16938622,0.00006104
0.16970622,0.00006104
0.17002622,0.00006104
0.17034622,0.00006104
0.17066622,0.00006104
0.17098622,0.00006104
0.17130622,0.00006104
0.17162622,0.00006104
0.17194622,0.00006104
0.17226622,0.00006104
0.17258622,0.00006104
0.17290622,0.00006104
0.17322622,0.00006104
0.17354622,0.00006104
0.17386622,0.00006104
0.17418622,0.00006104
0.17450622,0.00006104
0.17482622,0.00006104
0.17514622,0.00006104
0.17546622,0.00006104
0.17578622,0.00006104
0.17610622,0.00006104
0.17642622,0.00006104
0.17674622,0.00006104
0.17706622,0.00006104
0.17738622,0.00006104
0.17770622,-0.01770074
0.17802622,0.00006104
0.17834622,0.00006104
0.17866622,0.00006104
0.17898622,0.00006104
0.17930622,0.00006104
0.17962622,0.00006104
0.17994622,-0.01770074
0.18026622,0.00006104
0.18058622,0.00006104
0.18090622,0.00006104
0.18122622,0.00006104
0.18154622,0.00006104
0.18186622,0.00006104
0.18218622,0.00006104
0.18250622,0.00006104
0.18282622,0.00006104
0.18314622,0.00006104
0.18346622,0.00006104
0.18378622,0.00006104
0.18410622,-0.01770074
0.18442622,0.00006104
0.18474622,0.00006104
0.18506622,0.00006104
0.18538622,0.00006104
0.18570622,0.00006104
0.18602622,0.00006104
0.18634622,0.00006104
0.18666622,0.00006104
0.18698622,0.00006104
0.18730622,0.00006104
0.18762622,0.00006104
0.18794622,0.00006104
0.18826622,0.00006104
0.18858622,0.00006104
0.18890622,0.00006104
0.18922622,0.00006104
0.18954622,0.00006104
0.18986622,0.00006104
0.19018622,0.00006104
0.19050622,0.00006104
0.19082622,0.00006104
0.19114622,0.00006104
0.19146622,0.00006104
0.19178622,0.00006104
0.19210622,0.00006104
0.19242622,0.00006104
0.19274622,0.00006104
0.19306622,0.00006104
0.19338622,0.00006104
0.19370622,0.00006104
0.19402622,0.00006104
0.19434622,0.00006104
0.19466622,0.00006104
0.19498622,0.00006104
0.19530622,0.00006104
0.19562622,0.00006104
0.19594622,0.00006104
0.19626622,0.00006104
0.19658622,0.00006104
0.19690622,0.00006104
0.19722622,0.00006104
0.19754622,0.00006104
0.19786622,0.00006104
0.19818622,0.00006104
0.19850622,0.00006104
0.19882622,0.00006104
0.19914622,0.00006104
0.19946622,0.00006104
0.19978622,0.00006104
0.20010622,0.00006104
0.20042622,0.00006104
0.20074622,0.00006104
0.20106622,-0.01770074
0.20138622,0.00006104
0.20170622,0.00006104
0.20202622,0.00006104
0.20234622,0.00006104
0.20266622,0.00006104
0.20298622,0.00006104
0.20330622,0.00006104
0.20362622,0.00006104
0.20394622,0.00006104
0.20426622,0.00006104
0.20458622,0.00006104
0.20490622,0.00006104
0.20522622,0.00006104
0.20554622,0.00006104
0.20586622,0.00006104
0.20618622,0.00006104
0.20650622,0.00006104
0.20682622,0.00006104
0.20714622,0.00006104
0.20746622,0.00006104
0.20778622,0.00006104
0.20810622,0.00006104
0.20842622,0.00006104
0.20874622,0.00006104
0.20906622,-0.01770074
0.20938622,0.00006104
0.20970622,0.00006104
0.21002622,0.00006104
0.21034622,0.00006104
0.21066622,0.00006104
0.21098622,0.00006104
0.21130622,0.00006104
0.21162622,0.00006104
0.21194622,0.00006104
0.21226622,0.00006104
0.21258622,0.00006104
0.21290622,0.00006104
0.21322622,0.00006104
0.21354622,0.00006104
0.21386622,0.00006104
0.21418622,0.00006104
0.21450622,0.00006104
0.21482622,0.00006104
0.21514622,0.00006104
0.21546622,0.00006104
0.21578622,0.00006104
0.21610622,0.00006104
0.21642622,0.00006104
0.21674622,0.00006104
0.21706622,0.00006104
0.21738622,0.00006104
0.21770622,0.00006104
0.21802622,0.00006104
0.21834622,0.00006104
0.21866622,0.00006104
0.21898622,0.00006104
0.21930622,0.00006104
0.21962622,0.00006104
0.21994622,0.00006104
0.22026622,0.00006104
0.22058622,0.00006104
0.22090622,0.00006104
0.22122622,0.00006104
0.22154622,0.00006104
0.22186622,0.00006104
0.22218622,0.00006104
0.22250622,0.00006104
0.22282622,0.00006104
0.22314622,0.00006104
0.22346622,0.00006104
0.22378622,0.00006104
0.22410622,0.00006104
0.22442622,0.00006104
0.22474622,0.00006104
0.22506622,0.00006104
0.22538622,0.00006104
0.22570622,0.00006104
0.22602622,0.00006104
0.22634622,0.00006104
0.22666622,0.00006104
0.22698622,0.00006104
0.22730622,0.00006104
0.22762622,0.00006104
0.22794622,0.00006104
0.22826622,0.00006104
0.22858622,0.00006104
0.22890622,0.00006104
0.22922622,0.00006104
0.22954622,0.00006104
0.22986622,0.00006104
0.23018622,0.00006104
0.23050622,0.00006104
0.23082622,0.00006104
0.23114622,0.00006104
0.23146622,-0.01770074
0.23178622,0.00006104
0.23210622,0.00006104
0.23242622,0.00006104
0.23274622,0.00006104
0.23306622,0.00006104
0.23338622,0.00006104
0.23370622,0.00006104
0.23402622,0.00006104
0.23434622,0.00006104
0.23466622,0.00006104
0.23498622,0.00006104
0.23530622,0.00006104
0.23562622,0.00006104
0.23594622,0.00006104
0.23626622,0.00006104
0.23658622,0.00006104
0.23690622,0.00006104
0.23722622,0.00006104
0.23754622,0.00006104
0.23786622,0.00006104
0.23818622,0.00006104
0.23850622,0.00006104
0.23882622,0.00006104
0.23914622,-0.01770074
0.23946622,0.00006104
0.23978622,0.00006104
0.24010622,0.00006104
0.24042622,0.00006104
0.24074622,0.00006104
0.24106622,0.00006104
0.24138622,0.00006104
0.24170622,0.00006104
0.24202622,0.00006104
0.24234622,0.00006104
0.24266622,-0.01770074
0.24298622,0.00006104
0.24330622,0.00006104
0.24362622,0.00006104
0.24394622,0.00006104
0.24426622,0.00006104
0.24458622,0.00006104
0.24490622,0.00006104
0.24522622,0.00006104
0.24554622,0.00006104
0.24586622,0.00006104
0.24618622,0.00006104
0.24650622,0.00006104
0.24682622,0.00006104
0.24714622,0.00006104
0.24746622,0.00006104
0.24778622,0.00006104
0.24810622,0.00006104
0.24842622,0.00006104
0.24874622,0.00006104
0.24906622,0.00006104
0.24938622,0.00006104
0.24970622,0.00006104
0.25002622,0.00006104
0.25034622,0.00006104
0.25066622,0.00006104
0.25098622,0.00006104
0.25130622,0.00006104
0.25162622,0.00006104
0.25194622,0.00006104
0.25226622,0.00006104
0.25258622,0.00006104
0.25290622,0.00006104
0.25322622,0.00006104
0.25354622,0.00006104
0.25386622,0.00006104
0.25418622,0.00006104
0.25450622,0.00006104
0.25482622,0.00006104
0.25514622,0.00006104
0.25546622,0.00006104
0.25578622,0.00006104
0.25610622,0.00006104
0.25642622,0.00006104
0.25674622,0.00006104
0.25706622,0.00006104
0.25738622,0.00006104
0.25770622,0.00006104
0.25802622,0.00006104
0.25834622,0.00006104
0.25866622,0.00006104
0.25898622,0.00006104
0.25930622,0.00006104
0.25962622,0.00006104
0.25994622,0.00006104
0.26026622,0.00006104
0.26058622,0.00006104
0.26090622,0.00006104
0.26122622,-0.01770074
0.26154622,0.00006104
0.26186622,0.00006104
0.26218622,0.00006104
0.26250622,0.00006104
0.26282622,0.00006104
0.26314622,0.00006104
0.26346622,0.00006104
0.26378622,0.00006104
0.26410622,0.00006104
0.26442622,0.00006104
0.26474622,0.00006104
0.26506622,0.00006104
0.26538622,-0.01770074
0.26570622,0.00006104
0.26602622,0.00006104
0.26634622,0.00006104
0.26666622,0.00006104
0.26698622,0.00006104
0.26730622,0.00006104
0.26762622,0.00006104
0.26794622,0.00006104
0.26826622,0.00006104
0.26858622,0.00006104
0.26890622,0.00006104
0.26922622,0.00006104
0.26954622,0.00006104
0.26986622,0.00006104
0.27018622,0.00006104
0.27050622,0.00006104
0.27082622,0.00006104
0.27114622,0.00006104
0.27146622,0.00006104
0.27178622,0.00006104
0.27210622,0.00006104
0.27242622,0.00006104
0.27274622,0.00006104
0.27306622,0.00006104
0.27338622,0.00006104
0.27370622,0.00006104
0.27402622,0.00006104
0.27434622,0.00006104
0.27466622,0.00006104
0.27498622,0.00006104
0.27530622,0.00006104
0.27562622,0.00006104
0.27594622,0.00006104
0.27626622,0.00006104
0.27658622,0.00006104
0.27690622,0.00006104
0.27722622,0.00006104
0.27754622,-0.01770074
0.27786622,0.00006104
0.27818622,0.00006104
0.27850622,0.00006104
0.27882622,0.00006104
0.27914622,0.00006104
0.27946622,0.00006104
0.27978622,0.00006104
0.28010622,0.00006104
0.28042622,0.00006104
0.28074622,0.00006104
0.28106622,0.00006104
0.28138622,0.00006104
0.28170622,0.00006104
0.28202622,0.00006104
0.28234622,0.00006104
0.28266622,0.00006104
0.28298622,0.00006104
0.28330622,0.00006104
0.28362622,0.00006104
0.28394622,0.00006104
0.28426622,0.00006104
0.28458622,0.00006104
0.28490622,0.00006104
0.28522622,0.00006104
0.28554622,0.00006104
0.28586622,0.00006104
0.28618622,0.00006104
0.28650622,0.00006104
0.28682622,0.00006104
0.28714622,0.00006104
0.28746622,0.00006104
0.28778622,0.00006104
0.28810622,0.00006104
0.28842622,0.00006104
0.28874622,0.00006104
0.28906622,0.00006104
0.28938622,0.00006104
0.28970622,0.00006104
0.29002622,0.00006104
0.29034622,0.00006104
0.29066622,0.00006104
0.29098622,0.00006104
0.29130622,0.00006104
0.29162622,0.00006104
0.29194622,0.00006104
0.29226622,0.00006104
0.29258622,0.00006104
0.29290622,-0.01770074
0.29322622,0.00006104
0.29354622,0.00006104
0.29386622,-0.01770074
0.29418622,-0.01770074
0.29450622,0.00006104
0.29482622,0.00006104
0.29514622,0.00006104
0.29546622,0.00006104
0.29578622,0.00006104
0.29610622,0.00006104
0.29642622,0.00006104
0.29674622,0.00006104
0.29706622,0.00006104
0.29738622,0.00006104
0.29770622,0.00006104
0.29802622,0.00006104
0.29834622,0.00006104
0.29866622,0.00006104
0.29898622,0.00006104
0.29930622,0.00006104
0.29962622,0.00006104
0.29994622,0.00006104
0.30026622,0.00006104
0.30058622,0.00006104
0.30090622,0.00006104
0.30122622,0.00006104
0.30154622,0.00006104
0.30186622,0.00006104
0.30218622,0.00006104
0.30250622,0.00006104
0.30282622,0.00006104
0.30314622,0.00006104
0.30346622,0.00006104
0.30378622,0.00006104
0.30410622,0.00006104
0.30442622,0.00006104
0.30474622,0.00006104
0.30506622,0.00006104
0.30538622,0.00006104
0.30570622,0.00006104
0.30602622,0.00006104
0.30634622,0.00006104
0.30666622,0.00006104
0.30698622,0.00006104
0.30730622,0.00006104
0.30762622,0.00006104
0.30794622,0.00006104
0.30826622,-0.01770074
0.30858622,0.00006104
0.30890622,0.00006104
0.30922622,0.00006104
0.30954622,0.00006104
0.30986622,0.00006104
0.31018622,0.00006104
0.31050622,0.00006104
0.31082622,0.00006104
0.31114622,0.00006104
0.31146622,0.00006104
0.31178622,0.00006104
0.31210622,0.00006104
0.31242622,0.00006104
0.31274622,0.00006104
0.31306622,0.00006104
0.31338622,0.00006104
0.31370622,0.00006104
0.31402622,0.00006104
0.31434622,0.00006104
0.31466622,0.00006104
0.31498622,0.00006104
0.31530622,0.00006104
0.31562622,0.00006104
0.31594622,0.00006104
0.31626622,0.00006104
0.31658622,0.00006104
0.31690622,0.00006104
0.31722622,0.00006104
0.31754622,0.00006104
0.31786622,0.00006104
0.31818622,0.00006104
0.31850622,0.00006104
0.31882622,0.00006104
0.31914622,0.00006104
0.31946622,0.00006104
0.31978622,0.00006104
0.32010622,0.00006104
0.32042622,0.00006104
0.32074622,0.00006104
0.32106622,0.00006104
0.32138622,0.00006104
0.32170622,0.00006104
0.32202622,0.00006104
0.32234622,0.00006104
0.32266622,0.00006104
0.32298622,0.00006104
0.32330622,0.00006104
0.32362622,0.00006104
0.32394622,0.00006104
0.32426622,0.00006104
0.32458622,0.00006104
0.32490622,0.00006104
0.32522622,0.00006104
0.32554622,0.00006104
0.32586622,0.00006104
0.32618622,0.00006104
0.32650622,0.00006104
0.32682622,0.00006104
0.32714622,0.00006104
0.32746622,0.00006104
0.32778622,0.00006104
0.32810622,0.00006104
0.32842622,0.00006104
0.32874622,0.00006104
0.32906622,0.00006104
0.32938622,0.00006104
0.32970622,0.00006104
0.33002622,0.00006104
0.33034622,0.00006104
0.33066622,0.00006104
0.33098622,0.00006104
0.33130622,0.00006104
0.33162622,0.00006104
0.33194622,0.00006104
0.33226622,0.00006104
0.33258622,0.00006104
0.33290622,0.00006104
0.33322622,0.00006104
0.33354622,0.00006104
0.33386622,0.00006104
0.33418622,0.00006104
0.33450622,0.00006104
0.33482622,0.00006104
0.33514622,0.00006104
0.33546622,0.00006104
0.33578622,0.00006104
0.33610622,0.00006104
0.33642622,0.00006104
0.33674622,0.00006104
0.33706622,0.00006104
0.33738622,0.00006104
0.33770622,0.00006104
0.33802622,0.00006104
0.33834622,0.00006104
0.33866622,0.00006104
0.33898622,0.00006104
0.33930622,0.00006104
0.33962622,0.00006104
0.33994622,0.00006104
0.34026622,0.00006104
0.34058622,0.00006104
0.34090622,0.00006104
0.34122622,0.00006104
0.34154622,0.00006104
0.34186622,0.00006104
0.34218622,0.00006104
0.34250622,-0.01770074
0.34282622,0.00006104
0.34314622,0.00006104
0.34346622,0.00006104
0.34378622,0.00006104
0.34410622,0.00006104
0.34442622,0.00006104
0.34474622,0.00006104
0.34506622,0.00006104
0.34538622,0.00006104
0.34570622,0.00006104
0.34602622,0.00006104
0.34634622,0.00006104
0.34666622,0.00006104
0.34698622,0.00006104
0.34730622,0.00006104
0.34762622,0.00006104
0.34794622,0.00006104
0.34826622,0.00006104
0.34858622,0.00006104
0.34890622,0.00006104
0.34922622,0.00006104
0.34954622,0.00006104
0.34986622,0.00006104
0.35018622,0.00006104
0.35050622,0.00006104
0.35082622,0.00006104
0.35114622,0.00006104
0.35146622,0.00006104
0.35178622,0.00006104
0.35210622,0.00006104
0.35242622,0.00006104
0.35274622,0.00006104
0.35306622,0.00006104
0.35338622,0.00006104
0.35370622,0.00006104
0.35402622,0.00006104
0.35434622,0.00006104
0.35466622,0.00006104
0.35498622,0.00006104
0.35530622,0.00006104
0.35562622,0.00006104
0.35594622,0.00006104
0.35626622,0.00006104
0.35658622,0.00006104
0.35690622,0.00006104
0.35722622,0.00006104
0.35754622,0.00006104
0.35786622,0.00006104
0.35818622,0.00006104
0.35850622,0.00006104
0.35882622,0.00006104
0.35914622,0.00006104
0.35946622,0.00006104
0.35978622,0.00006104
0.36010622,0.00006104
0.36042622,0.00006104
0.36074622,0.00006104
0.36106622,0.00006104
0.36138622,0.00006104
0.36170622,0.00006104
0.36202622,0.00006104
0.36234622,0.00006104
0.36266622,0.00006104
0.36298622,0.00006104
0.36330622,0.00006104
0.36362622,0.00006104
0.36394622,0.00006104
0.36426622,0.00006104
0.36458622,0.00006104
0.36490622,0.00006104
0.36522622,0.00006104
0.36554622,0.00006104
0.36586622,0.00006104
0.36618622,0.00006104
0.36650622,0.00006104
0.36682622,0.00006104
0.36714622,0.00006104
0.36746622,0.00006104
0.36778622,0.00006104
0.36810622,0.00006104
0.36842622,0.00006104
0.36874622,0.00006104
0.36906622,0.00006104
0.36938622,0.00006104
0.36970622,0.00006104
0.37002622,0.00006104
0.37034622,0.00006104
0.37066622,0.00006104
0.37098622,0.00006104
0.37130622,0.00006104
0.37162622,0.00006104
0.37194622,0.00006104
0.37226622,0.00006104
0.37258622,0.00006104
0.37290622,0.00006104
0.37322622,0.00006104
0.37354622,0.00006104
0.37386622,0.00006104
0.37418622,0.00006104
0.37450622,0.00006104
0.37482622,0.00006104
0.37514622,0.00006104
0.37546622,0.00006104
0.37578622,0.00006104
0.37610622,0.00006104
0.37642622,0.00006104
0.37674622,0.00006104
0.37706622,0.00006104
0.37738622,0.00006104
0.37770622,0.00006104
0.37802622,0.00006104
0.37834622,0.00006104
0.37866622,0.00006104
0.37898622,0.00006104
0.37930622,0.00006104
0.37962622,0.00006104
0.37994622,0.00006104
0.38026622,0.00006104
0.38058622,0.00006104
0.38090622,0.00006104
0.38122622,0.00006104
0.38154622,0.00006104
0.38186622,0.00006104
0.38218622,0.00006104
0.38250622,0.00006104
0.38282622,0.00006104
0.38314622,0.00006104
0.38346622,0.00006104
0.38378622,0.00006104
0.38410622,0.00006104
0.38442622,0.00006104
0.38474622,0.00006104
0.38506622,0.00006104
0.38538622,0.00006104
0.38570622,0.00006104
0.38602622,0.00006104
0.38634622,0.00006104
0.38666622,0.00006104
0.38698622,0.00006104
0.38730622,0.00006104
0.38762622,0.00006104
0.38794622,0.00006104
0.38826622,0.00006104
0.38858622,0.00006104
0.38890622,0.00006104
0.38922622,0.00006104
0.38954622,0.00006104
0.38986622,0.00006104
0.39018622,0.00006104
0.39050622,0.00006104
0.39082622,0.00006104
0.39114622,0.00006104
0.39146622,0.00006104
0.39178622,0.00006104
0.39210622,0.00006104
0.39242622,0.00006104
0.39274622,0.00006104
0.39306622,-0.01770074
0.39338622,0.00006104
0.39370622,0.00006104
0.39402622,0.00006104
0.39434622,0.00006104
0.39466622,0.00006104
0.39498622,0.00006104
0.39530622,0.00006104
0.39562622,0.00006104
0.39594622,0.00006104
0.39626622,0.00006104
0.39658622,0.00006104
0.39690622,0.00006104
0.39722622,0.00006104
0.39754622,0.00006104
0.39786622,0.00006104
0.39818622,0.00006104
0.39850622,-0.01770074
0.39882622,0.00006104
0.39914622,0.00006104
0.39946622,0.00006104
0.39978622,0.00006104
0.40010622,0.00006104
0.40042622,0.00006104
0.40074622,0.00006104
0.40106622,0.00006104
0.40138622,0.00006104
0.40170622,0.00006104
0.40202622,0.00006104
0.40234622,0.00006104
0.40266622,0.00006104
0.40298622,0.00006104
0.40330622,0.00006104
0.40362622,0.00006104
0.40394622,0.00006104
0.40426622,0.00006104
0.40458622,0.00006104
0.40490622,0.00006104
0.40522622,0.00006104
0.40554622,0.00006104
0.40586622,0.00006104
0.40618622,0.00006104
0.40650622,0.00006104
0.40682622,0.00006104
0.40714622,0.00006104
0.40746622,0.00006104
0.40778622,0.00006104
0.40810622,0.00006104
0.40842622,0.00006104
0.40874622,0.00006104
0.40906622,0.00006104
0.40938622,0.00006104
0.40970622,0.00006104
0.41002622,0.00006104
0.41034622,0.00006104
0.41066622,0.00006104
0.41098622,0.00006104
0.41130622,0.00006104
0.41162622,0.00006104
0.41194622,0.00006104
0.41226622,0.00006104
0.41258622,0.00006104
0.41290622,0.00006104
0.41322622,0.00006104
0.41354622,0.00006104
0.41386622,0.00006104
0.41418622,0.00006104
0.41450622,0.00006104
0.41482622,0.00006104
0.41514622,0.00006104
0.41546622,0.00006104
0.41578622,0.00006104
0.41610622,0.00006104
0.41642622,0.00006104
0.41674622,0.00006104
0.41706622,0.00006104
0.41738622,0.00006104
0.41770622,0.00006104
0.41802622,0.00006104
0.41834622,0.00006104
0.41866622,0.00006104
0.41898622,0.00006104
0.41930622,0.00006104
0.41962622,0.00006104
0.41994622,0.00006104
0.42026622,0.00006104
0.42058622,0.00006104
0.42090622,0.00006104
0.42122622,0.00006104
0.42154622,0.00006104
0.42186622,0.00006104
0.42218622,0.00006104
0.42250622,0.00006104
0.42282622,0.00006104
0.42314622,0.00006104
0.42346622,0.00006104
0.42378622,0.00006104
0.42410622,0.00006104
0.42442622,0.00006104
0.42474622,0.00006104
0.42506622,0.00006104
0.42538622,0.00006104
0.42570622,0.00006104
0.42602622,0.00006104
0.42634622,0.00006104
0.42666622,0.00006104
0.42698622,0.00006104
0.42730622,0.00006104
0.42762622,0.00006104
0.42794622,0.00006104
0.42826622,0.00006104
0.42858622,0.00006104
0.42890622,0.00006104
0.42922622,0.00006104
0.42954622,0.00006104
0.42986622,0.00006104
0.43018622,0.00006104
0.43050622,0.00006104
0.43082622,0.00006104
0.43114622,0.00006104
0.43146622,0.00006104
0.43178622,0.00006104
0.43210622,0.00006104
0.43242622,0.00006104
0.43274622,0.00006104
0.43306622,0.00006104
0.43338622,0.00006104
0.43370622,0.00006104
0.43402622,0.00006104
0.43434622,0.00006104
0.43466622,0.00006104
0.43498622,0.00006104
0.43530622,0.00006104
0.43562622,0.00006104
0.43594622,0.00006104
0.43626622,0.00006104
0.43658622,0.00006104
0.43690622,0.00006104
0.43722622,0.00006104
0.43754622,0.00006104
0.43786622,0.00006104
0.43818622,0.00006104
0.43850622,0.00006104
0.43882622,0.00006104
0.43914622,-0.01770074
0.43946622,0.00006104
0.43978622,0.00006104
0.44010622,0.00006104
0.44042622,0.00006104
0.44074622,0.00006104
0.44106622,0.00006104
0.44138622,0.00006104
0.44170622,0.00006104
0.44202622,0.00006104
0.44234622,0.00006104
0.44266622,0.00006104
0.44298622,0.00006104
0.44330622,0.00006104
0.44362622,0.00006104
0.44394622,0.00006104
0.44426622,0.00006104
0.44458622,0.00006104
0.44490622,0.00006104
0.44522622,0.00006104
0.44554622,0.00006104
0.44586622,0.00006104
0.44618622,0.00006104
0.44650622,0.00006104
0.44682622,0.00006104
0.44714622,0.00006104
0.44746622,0.00006104
0.44778622,0.00006104
0.44810622,0.00006104
0.44842622,0.00006104
0.44874622,0.00006104
0.44906622,0.00006104
0.44938622,0.00006104
0.44970622,0.00006104
0.45002622,0.00006104
0.45034622,0.00006104
0.45066622,0.00006104
0.45098622,0.00006104
0.45130622,0.00006104
0.45162622,0.00006104
0.45194622,0.00006104
0.45226622,0.00006104
0.45258622,0.00006104
0.45290622,0.00006104
0.45322622,0.00006104
0.45354622,0.00006104
0.45386622,0.00006104
0.45418622,0.00006104
0.45450622,0.00006104
0.45482622,0.00006104
0.45514622,0.00006104
0.45546622,0.00006104
0.45578622,0.00006104
0.45610622,0.00006104
0.45642622,0.00006104
0.45674622,0.00006104
0.45706622,0.00006104
0.45738622,0.00006104
0.45770622,0.00006104
0.45802622,0.00006104
0.45834622,0.00006104
0.45866622,0.00006104
0.45898622,0.00006104
0.45930622,0.00006104
0.45962622,0.00006104
0.45994622,0.00006104
0.46026622,0.00006104
0.46058622,0.00006104
0.46090622,0.00006104
0.46122622,0.00006104
0.46154622,0.00006104
0.46186622,0.00006104
0.46218622,0.00006104
0.46250622,0.00006104
0.46282622,0.00006104
0.46314622,0.00006104
0.46346622,0.00006104
0.46378622,0.00006104
0.46410622,0.00006104
0.46442622,0.00006104
0.46474622,0.00006104
0.46506622,0.00006104
0.46538622,0.00006104
0.46570622,0.00006104
0.46602622,0.00006104
0.46634622,0.00006104
0.46666622,0.00006104
0.46698622,0.00006104
0.46730622,0.00006104
0.46762622,0.00006104
0.46794622,0.00006104
0.46826622,0.00006104
0.46858622,0.00006104
0.46890622,0.00006104
0.46922622,0.00006104
0.46954622,0.00006104
0.46986622,0.00006104
0.47018622,0.00006104
0.47050622,0.00006104
0.47082622,0.00006104
0.47114622,0.00006104
0.47146622,0.00006104
0.47178622,0.00006104
0.47210622,0.00006104
0.47242622,0.00006104
0.47274622,0.00006104
0.47306622,0.00006104
0.47338622,0.00006104
0.47370622,0.00006104
0.47402622,-0.01770074
0.47434622,0.00006104
0.47466622,0.00006104
0.47498622,0.00006104
0.47530622,-0.01770074
0.47562622,0.00006104
0.47594622,0.00006104
0.47626622,0.00006104
0.47658622,0.00006104
0.47690622,0.00006104
0.47722622,0.00006104
0.47754622,0.00006104
0.47786622,0.00006104
0.47818622,0.00006104
0.47850622,0.00006104
0.47882622,0.00006104
0.47914622,0.00006104
0.47946622,0.00006104
0.47978622,0.00006104
0.48010622,0.00006104
0.48042622,0.00006104
0.48074622,0.00006104
0.48106622,0.00006104
0.48138622,0.00006104
0.48170622,0.00006104
0.48202622,0.00006104
0.48234622,0.00006104
0.48266622,0.00006104
0.48298622,0.00006104
0.48330622,-0.01770074
0.48362622,0.00006104
0.48394622,0.00006104
0.48426622,0.00006104
0.48458622,0.00006104
0.48490622,0.00006104
0.48522622,0.00006104
0.48554622,0.00006104
0.48586622,0.00006104
0.48618622,0.00006104
0.48650622,0.00006104
0.48682622,0.00006104
0.48714622,0.00006104
0.48746622,0.00006104
0.48778622,0.00006104
0.48810622,0.00006104
0.48842622,0.00006104
0.48874622,0.00006104
0.48906622,0.00006104
0.48938622,0.00006104
0.48970622,0.00006104
0.49002622,0.00006104
0.49034622,0.00006104
0.49066622,0.00006104
0.49098622,0.00006104
0.49130622,0.00006104
0.49162622,0.00006104
0.49194622,0.00006104
0.49226622,0.00006104
0.49258622,0.00006104
0.49290622,0.00006104
0.49322622,0.00006104
0.49354622,0.00006104
0.49386622,0.00006104
0.49418622,0.00006104
0.49450622,0.00006104
0.49482622,0.00006104
0.49514622,0.00006104
0.49546622,0.00006104
0.49578622,0.00006104
0.49610622,0.00006104
0.49642622,0.00006104
0.49674622,0.00006104
0.49706622,0.00006104
0.49738622,0.00006104
0.49770622,0.00006104
0.49802622,0.00006104
0.49834622,0.00006104
0.49866622,1.17490160
0.49898622,0.35602894
0.49930622,-0.35590684
0.49962622,-0.39155248
0.49994622,-0.14233834
0.50026622,0.01788385
0.50058622,0.03570665
0.50090622,0.00006104
0.50122622,-0.01770074
0.50154622,-0.03552354
0.50186622,-0.28473771
0.50218622,-0.96114993
0.50250622,-∞
0.50282622,-0.99679554
0.50314622,-0.71193576
0.50346622,-0.17792290
0.50378622,0.03570665
0.50410622,0.07129124
0.50442622,0.03570665
0.50474622,0.01788385
0.50506622,0.01788385
0.50538622,0.01788385
0.50570622,0.03570665
0.50602622,0.03570665
0.50634622,0.03570665
0.50666622,0.03570665
0.50698622,0.03570665
0.50730622,0.01788385
0.50762622,0.00006104
0.50794622,0.01788385
0.50826622,0.01788385
0.50858622,0.01788385
0.50890622,0.05346843
0.50922622,0.05346843
0.50954622,0.07129124
0.50986622,0.07129124
0.51018622,0.03570665
0.51050622,0.07129124
0.51082622,0.05346843
0.51114622,0.03570665
0.51146622,0.07129124
0.51178622,0.07129124
0.51210622,0.07129124
0.51242622,0.03570665
0.51274622,0.03570665
0.51306622,0.03570665
0.51338622,0.03570665
0.51370622,0.00006104
0.51402622,-0.03552354
0.51434622,-0.03552354
0.51466622,-0.01770074
0.51498622,0.03570665
0.51530622,0.00006104
0.51562622,0.01788385
0.51594622,0.05346843
0.51626622,-0.03552354
0.51658622,0.00006104
0.51690622,0.01788385
0.51722622,-0.03552354
0.51754622,0.01788385
0.51786622,0.03570665
0.51818622,0.01788385
0.51850622,0.03570665
0.51882622,0.03570665
0.51914622,0.03570665
0.51946622,0.01788385
0.51978622,0.00006104
0.52010622,0.01788385
