Time,Channel A
(ms),(V)

-1.48092688,0.00006104
-1.48060688,0.01788385
-1.48028688,0.01788385
-1.47996688,0.00006104
-1.47964688,0.00006104
-1.47932688,-0.01770074
-1.47900688,0.00006104
-1.47868688,0.01788385
-1.47836688,0.00006104
-1.47804688,0.00006104
-1.47772688,0.01788385
-1.47740688,0.01788385
-1.47708688,0.01788385
-1.47676688,0.01788385
-1.47644688,0.00006104
-1.47612688,0.00006104
-1.47580688,0.01788385
-1.47548688,0.00006104
-1.47516688,0.00006104
-1.47484688,0.03570665
-1.47452688,0.00006104
-1.47420688,0.00006104
-1.47388688,0.00006104
-1.47356688,0.00006104
-1.47324688,0.00006104
-1.47292688,0.00006104
-1.47260688,-0.01770074
-1.47228688,-0.01770074
-1.47196688,0.00006104
-1.47164688,0.00006104
-1.47132688,0.00006104
-1.47100688,0.00006104
-1.47068688,0.00006104
-1.47036688,0.01788385
-1.47004688,0.00006104
-1.46972688,0.00006104
-1.46940688,0.00006104
-1.46908688,0.01788385
-1.46876688,0.00006104
-1.46844688,0.00006104
-1.46812688,0.00006104
-1.46780688,0.00006104
-1.46748688,0.00006104
-1.46716688,-0.01770074
-1.46684688,0.00006104
-1.46652688,0.00006104
-1.46620688,0.00006104
-1.46588688,0.00006104
-1.46556688,0.00006104
-1.46524688,0.00006104
-1.46492688,0.00006104
-1.46460688,0.00006104
-1.46428688,0.00006104
-1.46396688,0.00006104
-1.46364688,0.01788385
-1.46332688,0.00006104
-1.46300688,0.00006104
-1.46268688,0.00006104
-1.46236688,0.00006104
-1.46204688,0.00006104
-1.46172688,0.00006104
-1.46140688,-0.01770074
-1.46108688,0.00006104
-1.46076688,0.00006104
-1.46044688,-0.01770074
-1.46012688,0.00006104
-1.45980688,0.00006104
-1.45948688,0.00006104
-1.45916688,0.00006104
-1.45884688,0.01788385
-1.45852688,0.00006104
-1.45820688,0.00006104
-1.45788688,0.00006104
-1.45756688,0.00006104
-1.45724688,0.00006104
-1.45692688,0.00006104
-1.45660688,0.00006104
-1.45628688,0.00006104
-1.45596688,0.00006104
-1.45564688,0.00006104
-1.45532688,-0.01770074
-1.45500688,-0.01770074
-1.45468688,-0.01770074
-1.45436688,0.00006104
-1.45404688,0.00006104
-1.45372688,0.00006104
-1.45340688,0.00006104
-1.45308688,0.00006104
-1.45276688,0.00006104
-1.45244688,0.00006104
-1.45212688,0.00006104
-1.45180688,0.00006104
-1.45148688,0.00006104
-1.45116688,0.00006104
-1.45084688,0.00006104
-1.45052688,0.01788385
-1.45020688,0.00006104
-1.44988688,0.00006104
-1.44956688,0.01788385
-1.44924688,0.00006104
-1.44892688,0.00006104
-1.44860688,0.00006104
-1.44828688,0.00006104
-1.44796688,-0.01770074
-1.44764688,0.00006104
-1.44732688,-0.01770074
-1.44700688,0.00006104
-1.44668688,0.00006104
-1.44636688,0.00006104
-1.44604688,0.00006104
-1.44572688,0.00006104
-1.44540688,0.00006104
-1.44508688,0.00006104
-1.44476688,0.00006104
-1.44444688,0.00006104
-1.44412688,0.01788385
-1.44380688,0.00006104
-1.44348688,0.00006104
-1.44316688,0.00006104
-1.44284688,0.00006104
-1.44252688,0.00006104
-1.44220688,0.00006104
-1.44188688,0.01788385
-1.44156688,0.00006104
-1.44124688,0.00006104
-1.44092688,0.00006104
-1.44060688,0.00006104
-1.44028688,0.00006104
-1.43996688,0.00006104
-1.43964688,0.00006104
-1.43932688,0.00006104
-1.43900688,0.00006104
-1.43868688,0.00006104
-1.43836688,-0.01770074
-1.43804688,0.00006104
-1.43772688,0.00006104
-1.43740688,0.00006104
-1.43708688,0.00006104
-1.43676688,-0.01770074
-1.43644688,0.00006104
-1.43612688,0.00006104
-1.43580688,-0.01770074
-1.43548688,0.00006104
-1.43516688,0.00006104
-1.43484688,0.00006104
-1.43452688,0.00006104
-1.43420688,0.00006104
-1.43388688,0.00006104
-1.43356688,0.00006104
-1.43324688,0.00006104
-1.43292688,0.00006104
-1.43260688,0.00006104
-1.43228688,0.00006104
-1.43196688,0.00006104
-1.43164688,0.00006104
-1.43132688,0.00006104
-1.43100688,0.00006104
-1.43068688,0.00006104
-1.43036688,0.00006104
-1.43004688,0.00006104
-1.42972688,0.00006104
-1.42940688,0.00006104
-1.42908688,0.00006104
-1.42876688,0.00006104
-1.42844688,0.00006104
-1.42812688,0.00006104
-1.42780688,0.00006104
-1.42748688,0.00006104
-1.42716688,0.00006104
-1.42684688,0.00006104
-1.42652688,0.00006104
-1.42620688,0.00006104
-1.42588688,0.00006104
-1.42556688,0.00006104
-1.42524688,0.00006104
-1.42492688,0.00006104
-1.42460688,0.00006104
-1.42428688,0.00006104
-1.42396688,-0.01770074
-1.42364688,-0.01770074
-1.42332688,0.00006104
-1.42300688,0.00006104
-1.42268688,0.00006104
-1.42236688,0.00006104
-1.42204688,0.00006104
-1.42172688,0.00006104
-1.42140688,0.00006104
-1.42108688,0.00006104
-1.42076688,-0.01770074
-1.42044688,0.00006104
-1.42012688,0.00006104
-1.41980688,0.00006104
-1.41948688,0.00006104
-1.41916688,0.00006104
-1.41884688,0.00006104
-1.41852688,0.00006104
-1.41820688,0.00006104
-1.41788688,0.00006104
-1.41756688,0.00006104
-1.41724688,0.00006104
-1.41692688,0.00006104
-1.41660688,0.00006104
-1.41628688,0.00006104
-1.41596688,0.00006104
-1.41564688,0.00006104
-1.41532688,0.00006104
-1.41500688,0.00006104
-1.41468688,0.00006104
-1.41436688,0.00006104
-1.41404688,0.00006104
-1.41372688,0.00006104
-1.41340688,0.00006104
-1.41308688,0.00006104
-1.41276688,0.00006104
-1.41244688,0.00006104
-1.41212688,0.00006104
-1.41180688,0.00006104
-1.41148688,0.00006104
-1.41116688,0.00006104
-1.41084688,0.00006104
-1.41052688,0.00006104
-1.41020688,0.00006104
-1.40988688,0.00006104
-1.40956688,0.00006104
-1.40924688,0.00006104
-1.40892688,0.00006104
-1.40860688,0.00006104
-1.40828688,-0.01770074
-1.40796688,0.00006104
-1.40764688,0.00006104
-1.40732688,0.00006104
-1.40700688,0.00006104
-1.40668688,0.00006104
-1.40636688,0.00006104
-1.40604688,0.00006104
-1.40572688,0.00006104
-1.40540688,-0.01770074
-1.40508688,0.00006104
-1.40476688,0.00006104
-1.40444688,0.00006104
-1.40412688,0.00006104
-1.40380688,0.00006104
-1.40348688,0.00006104
-1.40316688,0.00006104
-1.40284688,-0.01770074
-1.40252688,0.00006104
-1.40220688,0.00006104
-1.40188688,0.00006104
-1.40156688,0.00006104
-1.40124688,0.00006104
-1.40092688,0.00006104
-1.40060688,0.00006104
-1.40028688,0.00006104
-1.39996688,0.00006104
-1.39964688,-0.01770074
-1.39932688,0.00006104
-1.39900688,0.00006104
-1.39868688,0.00006104
-1.39836688,0.00006104
-1.39804688,0.00006104
-1.39772688,0.00006104
-1.39740688,0.00006104
-1.39708688,0.00006104
-1.39676688,0.00006104
-1.39644688,0.00006104
-1.39612688,0.00006104
-1.39580688,0.00006104
-1.39548688,0.00006104
-1.39516688,0.00006104
-1.39484688,0.00006104
-1.39452688,0.00006104
-1.39420688,-0.01770074
-1.39388688,0.00006104
-1.39356688,0.00006104
-1.39324688,0.00006104
-1.39292688,0.00006104
-1.39260688,0.00006104
-1.39228688,0.00006104
-1.39196688,0.00006104
-1.39164688,0.00006104
-1.39132688,0.00006104
-1.39100688,0.00006104
-1.39068688,0.00006104
-1.39036688,0.00006104
-1.39004688,0.00006104
-1.38972688,0.00006104
-1.38940688,0.00006104
-1.38908688,0.00006104
-1.38876688,0.00006104
-1.38844688,0.00006104
-1.38812688,0.00006104
-1.38780688,0.00006104
-1.38748688,0.00006104
-1.38716688,0.00006104
-1.38684688,0.00006104
-1.38652688,0.00006104
-1.38620688,0.00006104
-1.38588688,0.00006104
-1.38556688,0.00006104
-1.38524688,0.00006104
-1.38492688,0.00006104
-1.38460688,0.00006104
-1.38428688,0.00006104
-1.38396688,0.00006104
-1.38364688,0.00006104
-1.38332688,0.00006104
-1.38300688,0.00006104
-1.38268688,-0.01770074
-1.38236688,-0.01770074
-1.38204688,-0.01770074
-1.38172688,0.00006104
-1.38140688,0.00006104
-1.38108688,-0.01770074
-1.38076688,0.00006104
-1.38044688,0.00006104
-1.38012688,0.00006104
-1.37980688,0.00006104
-1.37948688,0.00006104
-1.37916688,0.00006104
-1.37884688,0.00006104
-1.37852688,0.00006104
-1.37820688,0.00006104
-1.37788688,0.00006104
-1.37756688,0.00006104
-1.37724688,0.00006104
-1.37692688,-0.01770074
-1.37660688,0.00006104
-1.37628688,0.00006104
-1.37596688,0.00006104
-1.37564688,0.00006104
-1.37532688,0.00006104
-1.37500688,0.00006104
-1.37468688,0.00006104
-1.37436688,0.00006104
-1.37404688,0.00006104
-1.37372688,0.00006104
-1.37340688,0.00006104
-1.37308688,0.00006104
-1.37276688,0.00006104
-1.37244688,0.00006104
-1.37212688,0.00006104
-1.37180688,0.00006104
-1.37148688,0.00006104
-1.37116688,0.00006104
-1.37084688,0.00006104
-1.37052688,0.00006104
-1.37020688,0.00006104
-1.36988688,0.00006104
-1.36956688,0.00006104
-1.36924688,0.00006104
-1.36892688,-0.01770074
-1.36860688,0.00006104
-1.36828688,0.00006104
-1.36796688,0.00006104
-1.36764688,0.00006104
-1.36732688,0.00006104
-1.36700688,0.00006104
-1.36668688,0.00006104
-1.36636688,0.00006104
-1.36604688,0.00006104
-1.36572688,0.00006104
-1.36540688,0.00006104
-1.36508688,-0.01770074
-1.36476688,0.00006104
-1.36444688,0.00006104
-1.36412688,0.00006104
-1.36380688,0.00006104
-1.36348688,0.00006104
-1.36316688,0.00006104
-1.36284688,0.00006104
-1.36252688,0.00006104
-1.36220688,0.00006104
-1.36188688,0.00006104
-1.36156688,0.00006104
-1.36124688,0.00006104
-1.36092688,-0.01770074
-1.36060688,0.00006104
-1.36028688,0.00006104
-1.35996688,0.00006104
-1.35964688,0.00006104
-1.35932688,-0.01770074
-1.35900688,0.00006104
-1.35868688,0.00006104
-1.35836688,0.00006104
-1.35804688,0.00006104
-1.35772688,0.00006104
-1.35740688,0.00006104
-1.35708688,0.00006104
-1.35676688,0.00006104
-1.35644688,0.00006104
-1.35612688,0.00006104
-1.35580688,-0.01770074
-1.35548688,-0.01770074
-1.35516688,0.00006104
-1.35484688,0.00006104
-1.35452688,0.00006104
-1.35420688,0.00006104
-1.35388688,-0.01770074
-1.35356688,0.00006104
-1.35324688,0.00006104
-1.35292688,0.00006104
-1.35260688,0.00006104
-1.35228688,0.00006104
-1.35196688,0.00006104
-1.35164688,0.00006104
-1.35132688,0.00006104
-1.35100688,0.00006104
-1.35068688,0.00006104
-1.35036688,0.00006104
-1.35004688,0.00006104
-1.34972688,0.00006104
-1.34940688,0.00006104
-1.34908688,0.00006104
-1.34876688,0.00006104
-1.34844688,0.00006104
-1.34812688,0.00006104
-1.34780688,-0.01770074
-1.34748688,0.00006104
-1.34716688,0.00006104
-1.34684688,-0.01770074
-1.34652688,0.00006104
-1.34620688,0.00006104
-1.34588688,0.00006104
-1.34556688,0.00006104
-1.34524688,0.00006104
-1.34492688,0.00006104
-1.34460688,0.00006104
-1.34428688,0.00006104
-1.34396688,0.00006104
-1.34364688,0.00006104
-1.34332688,0.00006104
-1.34300688,0.00006104
-1.34268688,0.00006104
-1.34236688,0.00006104
-1.34204688,0.00006104
-1.34172688,0.00006104
-1.34140688,0.00006104
-1.34108688,0.00006104
-1.34076688,0.00006104
-1.34044688,0.00006104
-1.34012688,0.00006104
-1.33980688,-0.01770074
-1.33948688,0.00006104
-1.33916688,0.00006104
-1.33884688,0.00006104
-1.33852688,0.00006104
-1.33820688,0.00006104
-1.33788688,0.00006104
-1.33756688,0.00006104
-1.33724688,0.00006104
-1.33692688,0.00006104
-1.33660688,0.00006104
-1.33628688,0.00006104
-1.33596688,0.00006104
-1.33564688,0.00006104
-1.33532688,0.00006104
-1.33500688,0.00006104
-1.33468688,0.00006104
-1.33436688,-0.01770074
-1.33404688,0.00006104
-1.33372688,0.00006104
-1.33340688,0.00006104
-1.33308688,0.00006104
-1.33276688,0.00006104
-1.33244688,0.00006104
-1.33212688,0.00006104
-1.33180688,0.00006104
-1.33148688,0.00006104
-1.33116688,0.00006104
-1.33084688,-0.01770074
-1.33052688,0.00006104
-1.33020688,0.00006104
-1.32988688,0.00006104
-1.32956688,0.00006104
-1.32924688,0.00006104
-1.32892688,0.00006104
-1.32860688,0.00006104
-1.32828688,0.00006104
-1.32796688,0.00006104
-1.32764688,-0.01770074
-1.32732688,0.00006104
-1.32700688,0.00006104
-1.32668688,0.00006104
-1.32636688,0.00006104
-1.32604688,0.00006104
-1.32572688,0.00006104
-1.32540688,0.00006104
-1.32508688,-0.01770074
-1.32476688,0.00006104
-1.32444688,0.00006104
-1.32412688,0.00006104
-1.32380688,0.00006104
-1.32348688,0.00006104
-1.32316688,-0.01770074
-1.32284688,0.00006104
-1.32252688,0.00006104
-1.32220688,0.00006104
-1.32188688,0.00006104
-1.32156688,0.00006104
-1.32124688,0.00006104
-1.32092688,0.00006104
-1.32060688,0.00006104
-1.32028688,0.00006104
-1.31996688,0.00006104
-1.31964688,0.00006104
-1.31932688,0.00006104
-1.31900688,0.00006104
-1.31868688,0.00006104
-1.31836688,0.00006104
-1.31804688,0.00006104
-1.31772688,0.00006104
-1.31740688,0.00006104
-1.31708688,0.00006104
-1.31676688,0.00006104
-1.31644688,0.00006104
-1.31612688,0.00006104
-1.31580688,0.00006104
-1.31548688,0.00006104
-1.31516688,0.00006104
-1.31484688,-0.01770074
-1.31452688,0.00006104
-1.31420688,0.00006104
-1.31388688,0.00006104
-1.31356688,0.00006104
-1.31324688,0.00006104
-1.31292688,0.00006104
-1.31260688,0.00006104
-1.31228688,0.00006104
-1.31196688,0.00006104
-1.31164688,0.00006104
-1.31132688,-0.01770074
-1.31100688,0.00006104
-1.31068688,-0.01770074
-1.31036688,0.00006104
-1.31004688,0.00006104
-1.30972688,0.00006104
-1.30940688,0.00006104
-1.30908688,0.00006104
-1.30876688,0.00006104
-1.30844688,0.00006104
-1.30812688,0.00006104
-1.30780688,0.00006104
-1.30748688,0.00006104
-1.30716688,0.00006104
-1.30684688,0.00006104
-1.30652688,0.00006104
-1.30620688,-0.01770074
-1.30588688,0.00006104
-1.30556688,0.00006104
-1.30524688,-0.01770074
-1.30492688,0.00006104
-1.30460688,0.00006104
-1.30428688,0.00006104
-1.30396688,0.00006104
-1.30364688,0.00006104
-1.30332688,0.00006104
-1.30300688,0.00006104
-1.30268688,0.00006104
-1.30236688,0.00006104
-1.30204688,0.00006104
-1.30172688,0.00006104
-1.30140688,0.00006104
-1.30108688,0.00006104
-1.30076688,0.00006104
-1.30044688,0.00006104
-1.30012688,0.00006104
-1.29980688,0.00006104
-1.29948688,0.00006104
-1.29916688,0.00006104
-1.29884688,0.00006104
-1.29852688,0.00006104
-1.29820688,0.00006104
-1.29788688,0.00006104
-1.29756688,0.00006104
-1.29724688,0.00006104
-1.29692688,0.00006104
-1.29660688,-0.01770074
-1.29628688,0.00006104
-1.29596688,0.00006104
-1.29564688,0.00006104
-1.29532688,-0.01770074
-1.29500688,0.00006104
-1.29468688,0.00006104
-1.29436688,0.00006104
-1.29404688,0.00006104
-1.29372688,0.00006104
-1.29340688,0.00006104
-1.29308688,0.00006104
-1.29276688,0.00006104
-1.29244688,0.00006104
-1.29212688,-0.01770074
-1.29180688,0.00006104
-1.29148688,0.00006104
-1.29116688,0.00006104
-1.29084688,0.00006104
-1.29052688,0.00006104
-1.29020688,0.00006104
-1.28988688,0.00006104
-1.28956688,-0.01770074
-1.28924688,0.00006104
-1.28892688,0.00006104
-1.28860688,0.00006104
-1.28828688,0.00006104
-1.28796688,0.00006104
-1.28764688,0.00006104
-1.28732688,0.00006104
-1.28700688,0.00006104
-1.28668688,0.00006104
-1.28636688,0.00006104
-1.28604688,0.00006104
-1.28572688,0.00006104
-1.28540688,0.00006104
-1.28508688,-0.01770074
-1.28476688,0.00006104
-1.28444688,0.00006104
-1.28412688,0.00006104
-1.28380688,0.00006104
-1.28348688,0.00006104
-1.28316688,0.00006104
-1.28284688,0.00006104
-1.28252688,0.00006104
-1.28220688,0.00006104
-1.28188688,0.00006104
-1.28156688,0.00006104
-1.28124688,0.00006104
-1.28092688,0.00006104
-1.28060688,0.00006104
-1.28028688,0.00006104
-1.27996688,-0.01770074
-1.27964688,0.00006104
-1.27932688,0.00006104
-1.27900688,0.00006104
-1.27868688,0.00006104
-1.27836688,0.00006104
-1.27804688,0.00006104
-1.27772688,0.00006104
-1.27740688,0.00006104
-1.27708688,0.00006104
-1.27676688,0.00006104
-1.27644688,0.00006104
-1.27612688,0.00006104
-1.27580688,0.00006104
-1.27548688,0.00006104
-1.27516688,0.00006104
-1.27484688,0.00006104
-1.27452688,0.00006104
-1.27420688,0.00006104
-1.27388688,0.00006104
-1.27356688,0.00006104
-1.27324688,0.00006104
-1.27292688,0.00006104
-1.27260688,0.00006104
-1.27228688,0.00006104
-1.27196688,0.00006104
-1.27164688,0.00006104
-1.27132688,0.00006104
-1.27100688,0.00006104
-1.27068688,0.00006104
-1.27036688,0.00006104
-1.27004688,0.00006104
-1.26972688,0.00006104
-1.26940688,0.00006104
-1.26908688,0.00006104
-1.26876688,0.00006104
-1.26844688,0.00006104
-1.26812688,0.00006104
-1.26780688,0.00006104
-1.26748688,0.00006104
-1.26716688,0.00006104
-1.26684688,0.00006104
-1.26652688,0.00006104
-1.26620688,0.00006104
-1.26588688,0.00006104
-1.26556688,0.00006104
-1.26524688,0.00006104
-1.26492688,0.00006104
-1.26460688,0.00006104
-1.26428688,0.00006104
-1.26396688,0.00006104
-1.26364688,-0.01770074
-1.26332688,-0.01770074
-1.26300688,0.00006104
-1.26268688,0.00006104
-1.26236688,0.00006104
-1.26204688,0.00006104
-1.26172688,0.00006104
-1.26140688,0.00006104
-1.26108688,0.00006104
-1.26076688,0.00006104
-1.26044688,0.00006104
-1.26012688,0.00006104
-1.25980688,0.00006104
-1.25948688,0.00006104
-1.25916688,0.00006104
-1.25884688,0.00006104
-1.25852688,0.00006104
-1.25820688,0.00006104
-1.25788688,0.00006104
-1.25756688,0.00006104
-1.25724688,0.00006104
-1.25692688,0.00006104
-1.25660688,0.00006104
-1.25628688,0.00006104
-1.25596688,0.00006104
-1.25564688,0.00006104
-1.25532688,0.00006104
-1.25500688,0.00006104
-1.25468688,0.00006104
-1.25436688,0.00006104
-1.25404688,0.00006104
-1.25372688,0.00006104
-1.25340688,0.00006104
-1.25308688,0.00006104
-1.25276688,0.00006104
-1.25244688,0.00006104
-1.25212688,0.00006104
-1.25180688,0.00006104
-1.25148688,0.00006104
-1.25116688,0.00006104
-1.25084688,0.00006104
-1.25052688,-0.01770074
-1.25020688,0.00006104
-1.24988688,0.00006104
-1.24956688,0.00006104
-1.24924688,0.00006104
-1.24892688,0.00006104
-1.24860688,0.00006104
-1.24828688,0.00006104
-1.24796688,0.00006104
-1.24764688,0.00006104
-1.24732688,0.00006104
-1.24700688,0.00006104
-1.24668688,0.00006104
-1.24636688,0.00006104
-1.24604688,0.00006104
-1.24572688,0.00006104
-1.24540688,0.00006104
-1.24508688,0.00006104
-1.24476688,0.00006104
-1.24444688,0.00006104
-1.24412688,0.00006104
-1.24380688,0.00006104
-1.24348688,0.00006104
-1.24316688,0.00006104
-1.24284688,0.00006104
-1.24252688,0.00006104
-1.24220688,0.00006104
-1.24188688,0.00006104
-1.24156688,0.00006104
-1.24124688,0.00006104
-1.24092688,0.00006104
-1.24060688,0.00006104
-1.24028688,0.00006104
-1.23996688,0.00006104
-1.23964688,0.00006104
-1.23932688,0.00006104
-1.23900688,0.00006104
-1.23868688,0.00006104
-1.23836688,0.00006104
-1.23804688,0.00006104
-1.23772688,0.00006104
-1.23740688,0.00006104
-1.23708688,0.00006104
-1.23676688,0.00006104
-1.23644688,0.00006104
-1.23612688,0.00006104
-1.23580688,0.00006104
-1.23548688,0.00006104
-1.23516688,0.00006104
-1.23484688,0.00006104
-1.23452688,0.00006104
-1.23420688,0.00006104
-1.23388688,0.00006104
-1.23356688,0.00006104
-1.23324688,0.00006104
-1.23292688,0.00006104
-1.23260688,0.00006104
-1.23228688,0.00006104
-1.23196688,0.00006104
-1.23164688,0.00006104
-1.23132688,0.00006104
-1.23100688,0.00006104
-1.23068688,0.00006104
-1.23036688,0.00006104
-1.23004688,0.00006104
-1.22972688,0.00006104
-1.22940688,0.00006104
-1.22908688,0.00006104
-1.22876688,0.00006104
-1.22844688,0.00006104
-1.22812688,0.00006104
-1.22780688,0.00006104
-1.22748688,0.00006104
-1.22716688,0.00006104
-1.22684688,0.00006104
-1.22652688,0.00006104
-1.22620688,0.00006104
-1.22588688,0.00006104
-1.22556688,0.00006104
-1.22524688,0.00006104
-1.22492688,0.00006104
-1.22460688,0.00006104
-1.22428688,0.00006104
-1.22396688,0.00006104
-1.22364688,0.01788385
-1.22332688,0.00006104
-1.22300688,0.00006104
-1.22268688,0.00006104
-1.22236688,0.00006104
-1.22204688,0.00006104
-1.22172688,0.00006104
-1.22140688,0.00006104
-1.22108688,0.00006104
-1.22076688,0.00006104
-1.22044688,0.00006104
-1.22012688,0.00006104
-1.21980688,0.00006104
-1.21948688,-0.01770074
-1.21916688,0.00006104
-1.21884688,0.00006104
-1.21852688,0.00006104
-1.21820688,0.00006104
-1.21788688,0.00006104
-1.21756688,0.00006104
-1.21724688,0.00006104
-1.21692688,0.00006104
-1.21660688,0.00006104
-1.21628688,0.00006104
-1.21596688,0.00006104
-1.21564688,0.00006104
-1.21532688,0.00006104
-1.21500688,0.00006104
-1.21468688,0.00006104
-1.21436688,0.00006104
-1.21404688,0.00006104
-1.21372688,0.00006104
-1.21340688,0.00006104
-1.21308688,0.00006104
-1.21276688,-0.01770074
-1.21244688,0.00006104
-1.21212688,0.00006104
-1.21180688,0.00006104
-1.21148688,0.00006104
-1.21116688,-0.01770074
-1.21084688,0.00006104
-1.21052688,0.00006104
-1.21020688,0.00006104
-1.20988688,0.00006104
-1.20956688,0.00006104
-1.20924688,-0.01770074
-1.20892688,0.00006104
-1.20860688,0.00006104
-1.20828688,0.00006104
-1.20796688,0.00006104
-1.20764688,0.00006104
-1.20732688,-0.01770074
-1.20700688,0.00006104
-1.20668688,0.00006104
-1.20636688,0.00006104
-1.20604688,0.00006104
-1.20572688,0.00006104
-1.20540688,0.00006104
-1.20508688,0.00006104
-1.20476688,-0.01770074
-1.20444688,-0.01770074
-1.20412688,0.00006104
-1.20380688,0.00006104
-1.20348688,0.00006104
-1.20316688,0.00006104
-1.20284688,0.00006104
-1.20252688,0.00006104
-1.20220688,0.00006104
-1.20188688,0.00006104
-1.20156688,-0.01770074
-1.20124688,0.00006104
-1.20092688,0.00006104
-1.20060688,0.00006104
-1.20028688,0.00006104
-1.19996688,0.00006104
-1.19964688,0.00006104
-1.19932688,0.00006104
-1.19900688,0.00006104
-1.19868688,0.00006104
-1.19836688,0.00006104
-1.19804688,0.00006104
-1.19772688,0.00006104
-1.19740688,0.00006104
-1.19708688,0.00006104
-1.19676688,0.00006104
-1.19644688,0.00006104
-1.19612688,0.00006104
-1.19580688,0.00006104
-1.19548688,0.00006104
-1.19516688,0.00006104
-1.19484688,0.00006104
-1.19452688,0.00006104
-1.19420688,0.00006104
-1.19388688,0.00006104
-1.19356688,0.00006104
-1.19324688,0.00006104
-1.19292688,0.00006104
-1.19260688,0.00006104
-1.19228688,0.00006104
-1.19196688,0.00006104
-1.19164688,0.00006104
-1.19132688,0.00006104
-1.19100688,0.00006104
-1.19068688,0.00006104
-1.19036688,0.00006104
-1.19004688,0.00006104
-1.18972688,0.00006104
-1.18940688,0.00006104
-1.18908688,0.00006104
-1.18876688,0.00006104
-1.18844688,0.00006104
-1.18812688,0.00006104
-1.18780688,0.00006104
-1.18748688,0.00006104
-1.18716688,0.00006104
-1.18684688,0.00006104
-1.18652688,-0.01770074
-1.18620688,-0.01770074
-1.18588688,0.00006104
-1.18556688,0.00006104
-1.18524688,0.00006104
-1.18492688,0.00006104
-1.18460688,0.00006104
-1.18428688,0.00006104
-1.18396688,0.00006104
-1.18364688,0.00006104
-1.18332688,0.00006104
-1.18300688,0.00006104
-1.18268688,0.00006104
-1.18236688,0.01788385
-1.18204688,0.00006104
-1.18172688,0.00006104
-1.18140688,0.00006104
-1.18108688,0.00006104
-1.18076688,0.00006104
-1.18044688,0.00006104
-1.18012688,0.00006104
-1.17980688,0.00006104
-1.17948688,0.00006104
-1.17916688,-0.01770074
-1.17884688,-0.01770074
-1.17852688,0.00006104
-1.17820688,0.00006104
-1.17788688,0.00006104
-1.17756688,-0.01770074
-1.17724688,0.00006104
-1.17692688,0.00006104
-1.17660688,0.00006104
-1.17628688,0.00006104
-1.17596688,0.00006104
-1.17564688,0.00006104
-1.17532688,0.00006104
-1.17500688,0.00006104
-1.17468688,0.00006104
-1.17436688,0.00006104
-1.17404688,0.00006104
-1.17372688,0.00006104
-1.17340688,0.00006104
-1.17308688,0.00006104
-1.17276688,0.00006104
-1.17244688,0.00006104
-1.17212688,0.00006104
-1.17180688,0.00006104
-1.17148688,0.00006104
-1.17116688,0.00006104
-1.17084688,0.00006104
-1.17052688,0.00006104
-1.17020688,0.00006104
-1.16988688,0.00006104
-1.16956688,0.00006104
-1.16924688,0.00006104
-1.16892688,0.00006104
-1.16860688,0.00006104
-1.16828688,0.00006104
-1.16796688,0.00006104
-1.16764688,0.00006104
-1.16732688,0.00006104
-1.16700688,0.00006104
-1.16668688,0.00006104
-1.16636688,0.00006104
-1.16604688,0.00006104
-1.16572688,-0.01770074
-1.16540688,0.00006104
-1.16508688,0.00006104
-1.16476688,0.00006104
-1.16444688,0.00006104
-1.16412688,0.00006104
-1.16380688,0.00006104
-1.16348688,-0.01770074
-1.16316688,0.00006104
-1.16284688,0.00006104
-1.16252688,0.00006104
-1.16220688,0.00006104
-1.16188688,0.00006104
-1.16156688,0.00006104
-1.16124688,0.00006104
-1.16092688,0.00006104
-1.16060688,0.00006104
-1.16028688,0.00006104
-1.15996688,0.00006104
-1.15964688,0.00006104
-1.15932688,-0.01770074
-1.15900688,0.00006104
-1.15868688,0.00006104
-1.15836688,0.00006104
-1.15804688,0.00006104
-1.15772688,-0.01770074
-1.15740688,-0.01770074
-1.15708688,0.00006104
-1.15676688,0.00006104
-1.15644688,0.00006104
-1.15612688,0.00006104
-1.15580688,0.00006104
-1.15548688,0.00006104
-1.15516688,-0.01770074
-1.15484688,0.00006104
-1.15452688,0.00006104
-1.15420688,0.00006104
-1.15388688,0.00006104
-1.15356688,0.00006104
-1.15324688,-0.01770074
-1.15292688,0.00006104
-1.15260688,0.00006104
-1.15228688,0.00006104
-1.15196688,0.00006104
-1.15164688,0.00006104
-1.15132688,0.00006104
-1.15100688,0.00006104
-1.15068688,0.00006104
-1.15036688,-0.01770074
-1.15004688,0.00006104
-1.14972688,0.00006104
-1.14940688,0.00006104
-1.14908688,0.00006104
-1.14876688,0.00006104
-1.14844688,0.00006104
-1.14812688,-0.01770074
-1.14780688,0.00006104
-1.14748688,0.00006104
-1.14716688,0.00006104
-1.14684688,0.00006104
-1.14652688,0.00006104
-1.14620688,0.00006104
-1.14588688,0.00006104
-1.14556688,0.00006104
-1.14524688,-0.01770074
-1.14492688,0.00006104
-1.14460688,0.00006104
-1.14428688,0.00006104
-1.14396688,0.00006104
-1.14364688,0.00006104
-1.14332688,0.00006104
-1.14300688,0.00006104
-1.14268688,0.00006104
-1.14236688,0.00006104
-1.14204688,0.00006104
-1.14172688,0.00006104
-1.14140688,0.00006104
-1.14108688,0.00006104
-1.14076688,0.00006104
-1.14044688,0.00006104
-1.14012688,0.00006104
-1.13980688,0.00006104
-1.13948688,0.00006104
-1.13916688,0.00006104
-1.13884688,0.00006104
-1.13852688,0.00006104
-1.13820688,0.00006104
-1.13788688,0.00006104
-1.13756688,0.00006104
-1.13724688,0.00006104
-1.13692688,0.00006104
-1.13660688,0.00006104
-1.13628688,0.00006104
-1.13596688,0.00006104
-1.13564688,0.00006104
-1.13532688,0.00006104
-1.13500688,0.00006104
-1.13468688,0.00006104
-1.13436688,0.00006104
-1.13404688,0.00006104
-1.13372688,0.00006104
-1.13340688,0.00006104
-1.13308688,0.00006104
-1.13276688,0.00006104
-1.13244688,-0.01770074
-1.13212688,0.00006104
-1.13180688,0.00006104
-1.13148688,0.00006104
-1.13116688,0.00006104
-1.13084688,0.00006104
-1.13052688,0.00006104
-1.13020688,0.00006104
-1.12988688,0.00006104
-1.12956688,0.00006104
-1.12924688,0.00006104
-1.12892688,0.00006104
-1.12860688,0.00006104
-1.12828688,0.00006104
-1.12796688,0.00006104
-1.12764688,0.00006104
-1.12732688,0.00006104
-1.12700688,0.00006104
-1.12668688,0.00006104
-1.12636688,0.00006104
-1.12604688,0.00006104
-1.12572688,0.00006104
-1.12540688,0.00006104
-1.12508688,0.00006104
-1.12476688,0.00006104
-1.12444688,0.00006104
-1.12412688,0.00006104
-1.12380688,0.00006104
-1.12348688,0.00006104
-1.12316688,0.00006104
-1.12284688,0.00006104
-1.12252688,0.00006104
-1.12220688,0.00006104
-1.12188688,0.00006104
-1.12156688,-0.01770074
-1.12124688,0.00006104
-1.12092688,0.00006104
-1.12060688,0.00006104
-1.12028688,0.00006104
-1.11996688,0.00006104
-1.11964688,0.00006104
-1.11932688,0.00006104
-1.11900688,0.00006104
-1.11868688,0.00006104
-1.11836688,0.00006104
-1.11804688,0.00006104
-1.11772688,0.00006104
-1.11740688,-0.01770074
-1.11708688,-0.01770074
-1.11676688,0.00006104
-1.11644688,0.00006104
-1.11612688,0.00006104
-1.11580688,0.00006104
-1.11548688,0.00006104
-1.11516688,0.00006104
-1.11484688,0.00006104
-1.11452688,0.00006104
-1.11420688,0.00006104
-1.11388688,0.00006104
-1.11356688,0.00006104
-1.11324688,0.00006104
-1.11292688,0.00006104
-1.11260688,0.00006104
-1.11228688,0.00006104
-1.11196688,0.00006104
-1.11164688,0.00006104
-1.11132688,0.00006104
-1.11100688,0.00006104
-1.11068688,0.00006104
-1.11036688,0.00006104
-1.11004688,0.00006104
-1.10972688,0.00006104
-1.10940688,0.00006104
-1.10908688,0.00006104
-1.10876688,0.00006104
-1.10844688,0.00006104
-1.10812688,0.00006104
-1.10780688,0.00006104
-1.10748688,0.00006104
-1.10716688,0.00006104
-1.10684688,-0.01770074
-1.10652688,0.00006104
-1.10620688,0.00006104
-1.10588688,0.00006104
-1.10556688,-0.01770074
-1.10524688,-0.01770074
-1.10492688,0.00006104
-1.10460688,0.00006104
-1.10428688,0.00006104
-1.10396688,0.00006104
-1.10364688,0.00006104
-1.10332688,0.00006104
-1.10300688,0.00006104
-1.10268688,0.00006104
-1.10236688,0.00006104
-1.10204688,0.00006104
-1.10172688,0.00006104
-1.10140688,0.00006104
-1.10108688,0.00006104
-1.10076688,0.00006104
-1.10044688,0.00006104
-1.10012688,0.00006104
-1.09980688,0.00006104
-1.09948688,0.00006104
-1.09916688,0.00006104
-1.09884688,0.00006104
-1.09852688,0.00006104
-1.09820688,0.00006104
-1.09788688,0.00006104
-1.09756688,0.00006104
-1.09724688,0.00006104
-1.09692688,0.00006104
-1.09660688,0.00006104
-1.09628688,0.00006104
-1.09596688,0.00006104
-1.09564688,0.00006104
-1.09532688,0.00006104
-1.09500688,0.00006104
-1.09468688,0.00006104
-1.09436688,0.00006104
-1.09404688,0.00006104
-1.09372688,0.00006104
-1.09340688,0.00006104
-1.09308688,0.00006104
-1.09276688,0.00006104
-1.09244688,0.00006104
-1.09212688,0.00006104
-1.09180688,0.00006104
-1.09148688,0.00006104
-1.09116688,0.00006104
-1.09084688,0.00006104
-1.09052688,0.00006104
-1.09020688,0.00006104
-1.08988688,0.00006104
-1.08956688,0.00006104
-1.08924688,0.00006104
-1.08892688,0.00006104
-1.08860688,0.00006104
-1.08828688,0.00006104
-1.08796688,0.00006104
-1.08764688,0.00006104
-1.08732688,0.00006104
-1.08700688,0.00006104
-1.08668688,0.00006104
-1.08636688,0.00006104
-1.08604688,0.00006104
-1.08572688,-0.01770074
-1.08540688,0.00006104
-1.08508688,0.00006104
-1.08476688,0.00006104
-1.08444688,0.00006104
-1.08412688,0.00006104
-1.08380688,0.00006104
-1.08348688,0.00006104
-1.08316688,0.00006104
-1.08284688,0.00006104
-1.08252688,0.00006104
-1.08220688,0.00006104
-1.08188688,0.00006104
-1.08156688,0.00006104
-1.08124688,0.00006104
-1.08092688,0.00006104
-1.08060688,0.00006104
-1.08028688,0.00006104
-1.07996688,0.00006104
-1.07964688,0.00006104
-1.07932688,0.00006104
-1.07900688,0.00006104
-1.07868688,0.00006104
-1.07836688,0.00006104
-1.07804688,0.00006104
-1.07772688,0.00006104
-1.07740688,0.00006104
-1.07708688,0.00006104
-1.07676688,0.00006104
-1.07644688,0.00006104
-1.07612688,0.00006104
-1.07580688,0.00006104
-1.07548688,0.00006104
-1.07516688,0.00006104
-1.07484688,0.00006104
-1.07452688,0.00006104
-1.07420688,0.00006104
-1.07388688,0.00006104
-1.07356688,0.00006104
-1.07324688,0.00006104
-1.07292688,0.00006104
-1.07260688,0.00006104
-1.07228688,0.00006104
-1.07196688,0.00006104
-1.07164688,0.00006104
-1.07132688,0.00006104
-1.07100688,0.00006104
-1.07068688,0.00006104
-1.07036688,0.00006104
-1.07004688,0.00006104
-1.06972688,0.00006104
-1.06940688,0.00006104
-1.06908688,0.00006104
-1.06876688,0.00006104
-1.06844688,0.00006104
-1.06812688,0.00006104
-1.06780688,0.00006104
-1.06748688,0.00006104
-1.06716688,0.00006104
-1.06684688,-0.01770074
-1.06652688,0.00006104
-1.06620688,0.00006104
-1.06588688,0.00006104
-1.06556688,0.00006104
-1.06524688,0.00006104
-1.06492688,-0.01770074
-1.06460688,0.00006104
-1.06428688,0.00006104
-1.06396688,0.00006104
-1.06364688,0.00006104
-1.06332688,0.00006104
-1.06300688,0.00006104
-1.06268688,0.00006104
-1.06236688,0.00006104
-1.06204688,0.00006104
-1.06172688,0.00006104
-1.06140688,0.00006104
-1.06108688,0.00006104
-1.06076688,0.00006104
-1.06044688,-0.01770074
-1.06012688,0.00006104
-1.05980688,0.00006104
-1.05948688,0.00006104
-1.05916688,0.00006104
-1.05884688,0.00006104
-1.05852688,-0.01770074
-1.05820688,0.00006104
-1.05788688,-0.01770074
-1.05756688,0.00006104
-1.05724688,0.00006104
-1.05692688,0.00006104
-1.05660688,0.00006104
-1.05628688,0.00006104
-1.05596688,0.00006104
-1.05564688,0.00006104
-1.05532688,0.00006104
-1.05500688,0.00006104
-1.05468688,0.00006104
-1.05436688,0.00006104
-1.05404688,0.00006104
-1.05372688,0.00006104
-1.05340688,0.00006104
-1.05308688,0.00006104
-1.05276688,0.00006104
-1.05244688,0.00006104
-1.05212688,-0.01770074
-1.05180688,0.00006104
-1.05148688,0.00006104
-1.05116688,0.00006104
-1.05084688,0.00006104
-1.05052688,0.00006104
-1.05020688,0.00006104
-1.04988688,0.00006104
-1.04956688,0.00006104
-1.04924688,0.00006104
-1.04892688,0.00006104
-1.04860688,0.00006104
-1.04828688,0.00006104
-1.04796688,0.00006104
-1.04764688,0.00006104
-1.04732688,0.00006104
-1.04700688,0.00006104
-1.04668688,0.00006104
-1.04636688,0.00006104
-1.04604688,-0.01770074
-1.04572688,0.00006104
-1.04540688,-0.01770074
-1.04508688,0.00006104
-1.04476688,0.00006104
-1.04444688,0.00006104
-1.04412688,0.00006104
-1.04380688,0.00006104
-1.04348688,0.00006104
-1.04316688,0.00006104
-1.04284688,0.00006104
-1.04252688,0.00006104
-1.04220688,0.00006104
-1.04188688,0.00006104
-1.04156688,0.00006104
-1.04124688,0.00006104
-1.04092688,0.00006104
-1.04060688,0.00006104
-1.04028688,0.00006104
-1.03996688,0.00006104
-1.03964688,0.00006104
-1.03932688,0.00006104
-1.03900688,0.00006104
-1.03868688,0.00006104
-1.03836688,0.00006104
-1.03804688,0.00006104
-1.03772688,0.00006104
-1.03740688,0.00006104
-1.03708688,0.00006104
-1.03676688,0.00006104
-1.03644688,0.00006104
-1.03612688,0.00006104
-1.03580688,0.00006104
-1.03548688,0.00006104
-1.03516688,-0.01770074
-1.03484688,0.00006104
-1.03452688,0.00006104
-1.03420688,0.00006104
-1.03388688,0.00006104
-1.03356688,0.00006104
-1.03324688,0.00006104
-1.03292688,0.00006104
-1.03260688,0.00006104
-1.03228688,0.00006104
-1.03196688,0.00006104
-1.03164688,-0.01770074
-1.03132688,0.00006104
-1.03100688,-0.01770074
-1.03068688,-0.01770074
-1.03036688,0.00006104
-1.03004688,-0.01770074
-1.02972688,0.00006104
-1.02940688,0.00006104
-1.02908688,0.00006104
-1.02876688,0.00006104
-1.02844688,0.00006104
-1.02812688,0.00006104
-1.02780688,0.00006104
-1.02748688,0.00006104
-1.02716688,0.00006104
-1.02684688,0.00006104
-1.02652688,0.00006104
-1.02620688,0.00006104
-1.02588688,0.00006104
-1.02556688,0.00006104
-1.02524688,-0.01770074
-1.02492688,0.00006104
-1.02460688,0.00006104
-1.02428688,0.00006104
-1.02396688,0.00006104
-1.02364688,0.00006104
-1.02332688,0.00006104
-1.02300688,0.00006104
-1.02268688,0.00006104
-1.02236688,0.00006104
-1.02204688,0.00006104
-1.02172688,0.00006104
-1.02140688,0.00006104
-1.02108688,-0.01770074
-1.02076688,0.00006104
-1.02044688,0.00006104
-1.02012688,0.00006104
-1.01980688,0.00006104
-1.01948688,0.00006104
-1.01916688,0.00006104
-1.01884688,0.00006104
-1.01852688,0.00006104
-1.01820688,0.00006104
-1.01788688,0.00006104
-1.01756688,0.00006104
-1.01724688,0.00006104
-1.01692688,0.00006104
-1.01660688,0.00006104
-1.01628688,0.00006104
-1.01596688,0.00006104
-1.01564688,-0.01770074
-1.01532688,0.00006104
-1.01500688,0.00006104
-1.01468688,0.00006104
-1.01436688,0.00006104
-1.01404688,0.00006104
-1.01372688,0.00006104
-1.01340688,0.00006104
-1.01308688,0.00006104
-1.01276688,0.00006104
-1.01244688,0.00006104
-1.01212688,0.00006104
-1.01180688,0.00006104
-1.01148688,0.00006104
-1.01116688,0.00006104
-1.01084688,0.00006104
-1.01052688,0.00006104
-1.01020688,0.00006104
-1.00988688,0.00006104
-1.00956688,0.00006104
-1.00924688,0.00006104
-1.00892688,0.00006104
-1.00860688,0.00006104
-1.00828688,0.00006104
-1.00796688,0.00006104
-1.00764688,-0.01770074
-1.00732688,0.00006104
-1.00700688,0.00006104
-1.00668688,0.00006104
-1.00636688,0.00006104
-1.00604688,0.00006104
-1.00572688,0.00006104
-1.00540688,0.00006104
-1.00508688,-0.01770074
-1.00476688,0.00006104
-1.00444688,0.00006104
-1.00412688,0.56965852
-1.00380688,1.72673726
-1.00348688,1.21048617
-1.00316688,0.30262154
-1.00284688,-0.10669271
-1.00252688,-0.14233834
-1.00220688,-0.08893093
-1.00188688,-0.03552354
-1.00156688,-0.01770074
-1.00124688,-0.01770074
-1.00092688,-0.14233834
-1.00060688,-1.05014193
-1.00028688,-∞
-0.99996688,0.81887263
-0.99964688,0.24921414
-0.99932688,-0.03552354
-0.99900688,0.01788385
-0.99868688,0.03570665
-0.99836688,0.03570665
-0.99804688,0.03570665
-0.99772688,0.01788385
-0.99740688,0.01788385
-0.99708688,0.01788385
-0.99676688,0.01788385
-0.99644688,0.03570665
-0.99612688,0.03570665
-0.99580688,0.03570665
-0.99548688,0.01788385
-0.99516688,0.00006104
-0.99484688,0.00006104
-0.99452688,0.03570665
-0.99420688,0.01788385
-0.99388688,0.05346843
-0.99356688,0.07129124
-0.99324688,0.05346843
-0.99292688,0.07129124
-0.99260688,0.05346843
-0.99228688,0.05346843
-0.99196688,0.05346843
-0.99164688,0.03570665
-0.99132688,0.05346843
-0.99100688,0.08911405
-0.99068688,0.07129124
-0.99036688,0.03570665
-0.99004688,0.03570665
-0.98972688,0.03570665
-0.98940688,0.03570665
-0.98908688,0.00006104
-0.98876688,-0.01770074
-0.98844688,-0.01770074
-0.98812688,-0.01770074
-0.98780688,0.03570665
-0.98748688,0.00006104
-0.98716688,0.00006104
-0.98684688,0.05346843
-0.98652688,-0.01770074
-0.98620688,-0.01770074
-0.98588688,0.03570665
-0.98556688,-0.03552354
-0.98524688,0.01788385
-0.98492688,0.05346843
-0.98460688,0.01788385
-0.98428688,0.03570665
-0.98396688,0.03570665
-0.98364688,0.01788385
-0.98332688,0.01788385
-0.98300688,0.01788385
-0.98268688,0.01788385
-0.98236688,0.01788385
-0.98204688,0.01788385
-0.98172688,0.03570665
-0.98140688,0.00006104
-0.98108688,0.00006104
-0.98076688,0.03570665
-0.98044688,0.01788385
-0.98012688,0.01788385
-0.97980688,0.01788385
-0.97948688,-0.01770074
-0.97916688,0.00006104
-0.97884688,0.01788385
-0.97852688,0.00006104
-0.97820688,0.00006104
-0.97788688,0.01788385
-0.97756688,0.01788385
-0.97724688,0.00006104
-0.97692688,0.01788385
-0.97660688,0.00006104
-0.97628688,0.00006104
-0.97596688,0.01788385
-0.97564688,0.01788385
-0.97532688,0.00006104
-0.97500688,0.01788385
-0.97468688,0.01788385
-0.97436688,0.00006104
-0.97404688,0.00006104
-0.97372688,0.00006104
-0.97340688,0.00006104
-0.97308688,0.00006104
-0.97276688,-0.01770074
-0.97244688,0.00006104
-0.97212688,0.00006104
-0.97180688,0.00006104
-0.97148688,0.01788385
-0.97116688,0.00006104
-0.97084688,0.01788385
-0.97052688,0.01788385
-0.97020688,0.00006104
-0.96988688,0.00006104
-0.96956688,0.00006104
-0.96924688,0.01788385
-0.96892688,0.01788385
-0.96860688,0.01788385
-0.96828688,0.01788385
-0.96796688,0.01788385
-0.96764688,0.00006104
-0.96732688,0.00006104
-0.96700688,0.00006104
-0.96668688,0.00006104
-0.96636688,0.00006104
-0.96604688,0.00006104
-0.96572688,0.00006104
-0.96540688,0.00006104
-0.96508688,0.00006104
-0.96476688,0.01788385
-0.96444688,0.00006104
-0.96412688,0.00006104
-0.96380688,0.00006104
-0.96348688,0.00006104
-0.96316688,0.00006104
-0.96284688,0.01788385
-0.96252688,0.00006104
-0.96220688,0.00006104
-0.96188688,0.00006104
-0.96156688,0.00006104
-0.96124688,0.00006104
-0.96092688,0.00006104
-0.96060688,0.00006104
-0.96028688,0.00006104
-0.95996688,0.00006104
-0.95964688,0.00006104
-0.95932688,0.01788385
-0.95900688,0.01788385
-0.95868688,0.00006104
-0.95836688,0.00006104
-0.95804688,0.00006104
-0.95772688,0.00006104
-0.95740688,0.00006104
-0.95708688,0.00006104
-0.95676688,0.00006104
-0.95644688,0.00006104
-0.95612688,0.00006104
-0.95580688,0.00006104
-0.95548688,0.00006104
-0.95516688,0.00006104
-0.95484688,0.00006104
-0.95452688,0.00006104
-0.95420688,0.00006104
-0.95388688,0.00006104
-0.95356688,0.00006104
-0.95324688,0.00006104
-0.95292688,0.00006104
-0.95260688,0.00006104
-0.95228688,0.00006104
-0.95196688,0.00006104
-0.95164688,0.00006104
-0.95132688,0.00006104
-0.95100688,0.00006104
-0.95068688,0.00006104
-0.95036688,0.00006104
-0.95004688,0.00006104
-0.94972688,0.01788385
-0.94940688,0.00006104
-0.94908688,0.00006104
-0.94876688,0.00006104
-0.94844688,0.00006104
-0.94812688,0.00006104
-0.94780688,0.00006104
-0.94748688,0.00006104
-0.94716688,0.00006104
-0.94684688,0.00006104
-0.94652688,0.00006104
-0.94620688,0.00006104
-0.94588688,0.00006104
-0.94556688,0.00006104
-0.94524688,0.00006104
-0.94492688,0.00006104
-0.94460688,0.00006104
-0.94428688,0.01788385
-0.94396688,0.00006104
-0.94364688,0.00006104
-0.94332688,0.01788385
-0.94300688,0.00006104
-0.94268688,0.00006104
-0.94236688,0.00006104
-0.94204688,0.00006104
-0.94172688,0.00006104
-0.94140688,0.00006104
-0.94108688,0.00006104
-0.94076688,0.00006104
-0.94044688,0.00006104
-0.94012688,0.00006104
-0.93980688,0.00006104
-0.93948688,0.00006104
-0.93916688,0.00006104
-0.93884688,0.00006104
-0.93852688,0.00006104
-0.93820688,0.00006104
-0.93788688,0.00006104
-0.93756688,0.00006104
-0.93724688,0.00006104
-0.93692688,0.00006104
-0.93660688,0.00006104
-0.93628688,0.00006104
-0.93596688,0.00006104
-0.93564688,0.00006104
-0.93532688,0.00006104
-0.93500688,0.00006104
-0.93468688,0.00006104
-0.93436688,0.00006104
-0.93404688,0.00006104
-0.93372688,0.00006104
-0.93340688,0.00006104
-0.93308688,0.00006104
-0.93276688,0.00006104
-0.93244688,0.00006104
-0.93212688,0.00006104
-0.93180688,0.00006104
-0.93148688,0.00006104
-0.93116688,0.00006104
-0.93084688,0.00006104
-0.93052688,0.00006104
-0.93020688,0.00006104
-0.92988688,0.00006104
-0.92956688,0.00006104
-0.92924688,0.00006104
-0.92892688,0.00006104
-0.92860688,0.00006104
-0.92828688,0.00006104
-0.92796688,0.00006104
-0.92764688,0.00006104
-0.92732688,0.00006104
-0.92700688,0.00006104
-0.92668688,0.00006104
-0.92636688,0.00006104
-0.92604688,0.00006104
-0.92572688,0.00006104
-0.92540688,0.00006104
-0.92508688,0.00006104
-0.92476688,0.00006104
-0.92444688,0.00006104
-0.92412688,0.00006104
-0.92380688,0.00006104
-0.92348688,0.00006104
-0.92316688,0.00006104
-0.92284688,0.00006104
-0.92252688,0.00006104
-0.92220688,0.00006104
-0.92188688,0.00006104
-0.92156688,0.00006104
-0.92124688,0.00006104
-0.92092688,0.00006104
-0.92060688,0.00006104
-0.92028688,0.00006104
-0.91996688,0.00006104
-0.91964688,0.00006104
-0.91932688,0.00006104
-0.91900688,0.00006104
-0.91868688,0.00006104
-0.91836688,-0.01770074
-0.91804688,0.00006104
-0.91772688,0.00006104
-0.91740688,0.00006104
-0.91708688,0.00006104
-0.91676688,0.00006104
-0.91644688,0.00006104
-0.91612688,0.00006104
-0.91580688,0.00006104
-0.91548688,0.00006104
-0.91516688,0.00006104
-0.91484688,0.00006104
-0.91452688,0.00006104
-0.91420688,0.00006104
-0.91388688,0.00006104
-0.91356688,0.00006104
-0.91324688,0.00006104
-0.91292688,0.00006104
-0.91260688,0.00006104
-0.91228688,0.00006104
-0.91196688,0.00006104
-0.91164688,0.00006104
-0.91132688,0.00006104
-0.91100688,0.00006104
-0.91068688,0.00006104
-0.91036688,-0.01770074
-0.91004688,0.00006104
-0.90972688,0.00006104
-0.90940688,0.00006104
-0.90908688,0.00006104
-0.90876688,0.00006104
-0.90844688,0.00006104
-0.90812688,0.00006104
-0.90780688,0.00006104
-0.90748688,0.00006104
-0.90716688,0.00006104
-0.90684688,0.00006104
-0.90652688,0.00006104
-0.90620688,0.00006104
-0.90588688,0.00006104
-0.90556688,0.00006104
-0.90524688,0.00006104
-0.90492688,-0.01770074
-0.90460688,0.00006104
-0.90428688,0.00006104
-0.90396688,0.00006104
-0.90364688,0.00006104
-0.90332688,0.00006104
-0.90300688,0.00006104
-0.90268688,-0.01770074
-0.90236688,0.00006104
-0.90204688,0.00006104
-0.90172688,0.00006104
-0.90140688,-0.01770074
-0.90108688,0.00006104
-0.90076688,0.00006104
-0.90044688,0.00006104
-0.90012688,0.00006104
-0.89980688,0.00006104
-0.89948688,0.00006104
-0.89916688,0.00006104
-0.89884688,0.00006104
-0.89852688,0.00006104
-0.89820688,0.00006104
-0.89788688,0.00006104
-0.89756688,0.00006104
-0.89724688,0.00006104
-0.89692688,0.00006104
-0.89660688,0.00006104
-0.89628688,0.00006104
-0.89596688,0.00006104
-0.89564688,0.00006104
-0.89532688,0.00006104
-0.89500688,0.00006104
-0.89468688,0.00006104
-0.89436688,0.00006104
-0.89404688,0.00006104
-0.89372688,0.00006104
-0.89340688,0.00006104
-0.89308688,0.00006104
-0.89276688,0.00006104
-0.89244688,0.00006104
-0.89212688,0.00006104
-0.89180688,0.00006104
-0.89148688,0.00006104
-0.89116688,0.00006104
-0.89084688,0.00006104
-0.89052688,0.00006104
-0.89020688,-0.01770074
-0.88988688,0.00006104
-0.88956688,0.00006104
-0.88924688,0.00006104
-0.88892688,0.00006104
-0.88860688,-0.01770074
-0.88828688,0.00006104
-0.88796688,0.00006104
-0.88764688,0.00006104
-0.88732688,0.00006104
-0.88700688,0.00006104
-0.88668688,0.00006104
-0.88636688,0.00006104
-0.88604688,0.00006104
-0.88572688,0.00006104
-0.88540688,0.00006104
-0.88508688,0.00006104
-0.88476688,0.00006104
-0.88444688,0.00006104
-0.88412688,-0.01770074
-0.88380688,0.00006104
-0.88348688,0.00006104
-0.88316688,-0.01770074
-0.88284688,0.00006104
-0.88252688,0.00006104
-0.88220688,0.00006104
-0.88188688,0.00006104
-0.88156688,0.00006104
-0.88124688,0.00006104
-0.88092688,-0.01770074
-0.88060688,0.00006104
-0.88028688,0.00006104
-0.87996688,0.00006104
-0.87964688,-0.01770074
-0.87932688,0.00006104
-0.87900688,0.00006104
-0.87868688,0.00006104
-0.87836688,0.00006104
-0.87804688,0.00006104
-0.87772688,0.00006104
-0.87740688,0.00006104
-0.87708688,0.00006104
-0.87676688,0.00006104
-0.87644688,0.00006104
-0.87612688,0.00006104
-0.87580688,0.00006104
-0.87548688,0.00006104
-0.87516688,0.00006104
-0.87484688,-0.01770074
-0.87452688,0.00006104
-0.87420688,0.00006104
-0.87388688,0.00006104
-0.87356688,0.00006104
-0.87324688,0.00006104
-0.87292688,0.00006104
-0.87260688,0.00006104
-0.87228688,0.00006104
-0.87196688,0.00006104
-0.87164688,0.00006104
-0.87132688,0.00006104
-0.87100688,0.00006104
-0.87068688,0.00006104
-0.87036688,0.00006104
-0.87004688,0.00006104
-0.86972688,-0.01770074
-0.86940688,0.00006104
-0.86908688,0.00006104
-0.86876688,0.00006104
-0.86844688,0.00006104
-0.86812688,0.00006104
-0.86780688,0.00006104
-0.86748688,0.00006104
-0.86716688,0.00006104
-0.86684688,0.00006104
-0.86652688,0.00006104
-0.86620688,0.00006104
-0.86588688,0.00006104
-0.86556688,0.00006104
-0.86524688,0.00006104
-0.86492688,0.00006104
-0.86460688,0.00006104
-0.86428688,0.00006104
-0.86396688,0.00006104
-0.86364688,0.00006104
-0.86332688,0.00006104
-0.86300688,0.00006104
-0.86268688,0.00006104
-0.86236688,0.00006104
-0.86204688,0.00006104
-0.86172688,0.00006104
-0.86140688,0.00006104
-0.86108688,0.00006104
-0.86076688,0.00006104
-0.86044688,0.00006104
-0.86012688,0.00006104
-0.85980688,0.00006104
-0.85948688,0.00006104
-0.85916688,0.00006104
-0.85884688,-0.01770074
-0.85852688,0.00006104
-0.85820688,0.00006104
-0.85788688,0.00006104
-0.85756688,0.00006104
-0.85724688,0.00006104
-0.85692688,0.00006104
-0.85660688,0.00006104
-0.85628688,0.00006104
-0.85596688,0.00006104
-0.85564688,0.00006104
-0.85532688,0.00006104
-0.85500688,0.00006104
-0.85468688,0.00006104
-0.85436688,0.00006104
-0.85404688,0.00006104
-0.85372688,0.00006104
-0.85340688,0.00006104
-0.85308688,0.00006104
-0.85276688,-0.01770074
-0.85244688,0.00006104
-0.85212688,0.00006104
-0.85180688,0.00006104
-0.85148688,0.00006104
-0.85116688,0.00006104
-0.85084688,0.00006104
-0.85052688,0.00006104
-0.85020688,0.00006104
-0.84988688,-0.01770074
-0.84956688,0.00006104
-0.84924688,0.00006104
-0.84892688,0.00006104
-0.84860688,0.00006104
-0.84828688,0.00006104
-0.84796688,0.00006104
-0.84764688,0.00006104
-0.84732688,0.00006104
-0.84700688,0.00006104
-0.84668688,0.00006104
-0.84636688,0.00006104
-0.84604688,0.00006104
-0.84572688,0.00006104
-0.84540688,0.00006104
-0.84508688,0.00006104
-0.84476688,0.00006104
-0.84444688,0.00006104
-0.84412688,0.00006104
-0.84380688,0.00006104
-0.84348688,0.00006104
-0.84316688,0.00006104
-0.84284688,0.00006104
-0.84252688,0.00006104
-0.84220688,0.00006104
-0.84188688,0.00006104
-0.84156688,0.00006104
-0.84124688,0.00006104
-0.84092688,0.00006104
-0.84060688,-0.01770074
-0.84028688,0.00006104
-0.83996688,0.00006104
-0.83964688,0.00006104
-0.83932688,0.00006104
-0.83900688,0.00006104
-0.83868688,0.00006104
-0.83836688,0.00006104
-0.83804688,0.00006104
-0.83772688,0.00006104
-0.83740688,0.00006104
-0.83708688,0.00006104
-0.83676688,0.00006104
-0.83644688,0.00006104
-0.83612688,0.00006104
-0.83580688,0.00006104
-0.83548688,0.00006104
-0.83516688,0.00006104
-0.83484688,0.00006104
-0.83452688,0.00006104
-0.83420688,0.00006104
-0.83388688,0.00006104
-0.83356688,0.00006104
-0.83324688,0.00006104
-0.83292688,0.00006104
-0.83260688,0.00006104
-0.83228688,0.00006104
-0.83196688,0.00006104
-0.83164688,0.00006104
-0.83132688,0.00006104
-0.83100688,0.00006104
-0.83068688,0.00006104
-0.83036688,0.00006104
-0.83004688,0.00006104
-0.82972688,0.00006104
-0.82940688,0.00006104
-0.82908688,0.00006104
-0.82876688,0.00006104
-0.82844688,0.00006104
-0.82812688,0.00006104
-0.82780688,0.00006104
-0.82748688,0.00006104
-0.82716688,0.00006104
-0.82684688,0.00006104
-0.82652688,0.00006104
-0.82620688,0.00006104
-0.82588688,0.00006104
-0.82556688,0.00006104
-0.82524688,0.00006104
-0.82492688,0.00006104
-0.82460688,0.00006104
-0.82428688,0.00006104
-0.82396688,0.00006104
-0.82364688,0.00006104
-0.82332688,0.00006104
-0.82300688,0.00006104
-0.82268688,0.00006104
-0.82236688,0.00006104
-0.82204688,0.00006104
-0.82172688,0.00006104
-0.82140688,0.00006104
-0.82108688,0.00006104
-0.82076688,0.00006104
-0.82044688,0.00006104
-0.82012688,0.00006104
-0.81980688,0.00006104
-0.81948688,0.00006104
-0.81916688,0.00006104
-0.81884688,0.00006104
-0.81852688,0.00006104
-0.81820688,0.00006104
-0.81788688,0.00006104
-0.81756688,-0.01770074
-0.81724688,0.00006104
-0.81692688,0.00006104
-0.81660688,0.00006104
-0.81628688,0.00006104
-0.81596688,0.00006104
-0.81564688,0.00006104
-0.81532688,0.00006104
-0.81500688,0.00006104
-0.81468688,0.00006104
-0.81436688,0.00006104
-0.81404688,0.00006104
-0.81372688,0.00006104
-0.81340688,0.00006104
-0.81308688,0.00006104
-0.81276688,0.00006104
-0.81244688,0.00006104
-0.81212688,0.00006104
-0.81180688,0.00006104
-0.81148688,-0.01770074
-0.81116688,0.00006104
-0.81084688,0.00006104
-0.81052688,0.00006104
-0.81020688,0.00006104
-0.80988688,0.00006104
-0.80956688,0.00006104
-0.80924688,0.00006104
-0.80892688,0.00006104
-0.80860688,0.00006104
-0.80828688,0.00006104
-0.80796688,0.00006104
-0.80764688,0.00006104
-0.80732688,0.00006104
-0.80700688,0.00006104
-0.80668688,0.00006104
-0.80636688,0.00006104
-0.80604688,0.00006104
-0.80572688,0.00006104
-0.80540688,0.00006104
-0.80508688,0.00006104
-0.80476688,0.00006104
-0.80444688,0.00006104
-0.80412688,0.00006104
-0.80380688,0.00006104
-0.80348688,0.00006104
-0.80316688,0.00006104
-0.80284688,0.00006104
-0.80252688,0.00006104
-0.80220688,0.00006104
-0.80188688,0.00006104
-0.80156688,0.00006104
-0.80124688,0.00006104
-0.80092688,0.00006104
-0.80060688,0.00006104
-0.80028688,0.00006104
-0.79996688,0.00006104
-0.79964688,0.00006104
-0.79932688,0.00006104
-0.79900688,0.00006104
-0.79868688,0.00006104
-0.79836688,0.00006104
-0.79804688,0.00006104
-0.79772688,0.00006104
-0.79740688,0.00006104
-0.79708688,0.00006104
-0.79676688,0.00006104
-0.79644688,0.00006104
-0.79612688,0.00006104
-0.79580688,0.00006104
-0.79548688,0.00006104
-0.79516688,0.00006104
-0.79484688,0.00006104
-0.79452688,0.00006104
-0.79420688,0.00006104
-0.79388688,0.00006104
-0.79356688,0.00006104
-0.79324688,0.00006104
-0.79292688,0.00006104
-0.79260688,0.00006104
-0.79228688,0.00006104
-0.79196688,0.00006104
-0.79164688,0.00006104
-0.79132688,0.00006104
-0.79100688,0.00006104
-0.79068688,0.00006104
-0.79036688,0.00006104
-0.79004688,0.00006104
-0.78972688,0.00006104
-0.78940688,0.00006104
-0.78908688,0.00006104
-0.78876688,0.00006104
-0.78844688,0.00006104
-0.78812688,0.00006104
-0.78780688,0.00006104
-0.78748688,0.00006104
-0.78716688,0.00006104
-0.78684688,0.00006104
-0.78652688,0.00006104
-0.78620688,0.00006104
-0.78588688,0.00006104
-0.78556688,0.00006104
-0.78524688,0.00006104
-0.78492688,0.00006104
-0.78460688,0.00006104
-0.78428688,0.00006104
-0.78396688,0.00006104
-0.78364688,0.00006104
-0.78332688,0.00006104
-0.78300688,0.00006104
-0.78268688,0.00006104
-0.78236688,-0.01770074
-0.78204688,0.00006104
-0.78172688,0.00006104
-0.78140688,-0.01770074
-0.78108688,0.00006104
-0.78076688,0.00006104
-0.78044688,0.00006104
-0.78012688,0.00006104
-0.77980688,0.00006104
-0.77948688,0.00006104
-0.77916688,0.00006104
-0.77884688,0.00006104
-0.77852688,0.00006104
-0.77820688,0.00006104
-0.77788688,0.00006104
-0.77756688,0.00006104
-0.77724688,0.00006104
-0.77692688,0.00006104
-0.77660688,0.00006104
-0.77628688,0.00006104
-0.77596688,0.00006104
-0.77564688,0.00006104
-0.77532688,0.00006104
-0.77500688,0.00006104
-0.77468688,0.00006104
-0.77436688,0.00006104
-0.77404688,0.00006104
-0.77372688,0.00006104
-0.77340688,0.00006104
-0.77308688,-0.01770074
-0.77276688,0.00006104
-0.77244688,0.00006104
-0.77212688,0.00006104
-0.77180688,0.00006104
-0.77148688,0.01788385
-0.77116688,0.00006104
-0.77084688,0.00006104
-0.77052688,-0.01770074
-0.77020688,0.00006104
-0.76988688,0.00006104
-0.76956688,0.00006104
-0.76924688,0.00006104
-0.76892688,0.00006104
-0.76860688,0.00006104
-0.76828688,0.00006104
-0.76796688,0.00006104
-0.76764688,0.00006104
-0.76732688,0.00006104
-0.76700688,0.00006104
-0.76668688,0.00006104
-0.76636688,0.00006104
-0.76604688,0.00006104
-0.76572688,0.00006104
-0.76540688,0.00006104
-0.76508688,0.00006104
-0.76476688,0.00006104
-0.76444688,0.00006104
-0.76412688,0.00006104
-0.76380688,-0.01770074
-0.76348688,0.00006104
-0.76316688,0.00006104
-0.76284688,-0.01770074
-0.76252688,0.00006104
-0.76220688,0.00006104
-0.76188688,0.00006104
-0.76156688,0.00006104
-0.76124688,0.00006104
-0.76092688,0.00006104
-0.76060688,0.00006104
-0.76028688,0.00006104
-0.75996688,0.00006104
-0.75964688,0.00006104
-0.75932688,0.00006104
-0.75900688,0.00006104
-0.75868688,0.00006104
-0.75836688,0.00006104
-0.75804688,0.00006104
-0.75772688,0.00006104
-0.75740688,0.00006104
-0.75708688,0.00006104
-0.75676688,0.00006104
-0.75644688,0.00006104
-0.75612688,0.00006104
-0.75580688,0.00006104
-0.75548688,0.00006104
-0.75516688,0.00006104
-0.75484688,-0.01770074
-0.75452688,0.00006104
-0.75420688,0.00006104
-0.75388688,0.00006104
-0.75356688,0.00006104
-0.75324688,-0.01770074
-0.75292688,0.00006104
-0.75260688,-0.01770074
-0.75228688,0.00006104
-0.75196688,0.00006104
-0.75164688,0.00006104
-0.75132688,0.00006104
-0.75100688,0.00006104
-0.75068688,0.00006104
-0.75036688,0.00006104
-0.75004688,0.00006104
-0.74972688,0.00006104
-0.74940688,0.00006104
-0.74908688,0.00006104
-0.74876688,0.00006104
-0.74844688,0.00006104
-0.74812688,0.00006104
-0.74780688,0.00006104
-0.74748688,0.00006104
-0.74716688,0.00006104
-0.74684688,0.00006104
-0.74652688,0.00006104
-0.74620688,0.00006104
-0.74588688,0.00006104
-0.74556688,-0.01770074
-0.74524688,-0.01770074
-0.74492688,0.00006104
-0.74460688,-0.01770074
-0.74428688,0.00006104
-0.74396688,0.00006104
-0.74364688,0.00006104
-0.74332688,0.00006104
-0.74300688,0.00006104
-0.74268688,0.00006104
-0.74236688,0.00006104
-0.74204688,0.00006104
-0.74172688,0.00006104
-0.74140688,0.00006104
-0.74108688,0.00006104
-0.74076688,0.00006104
-0.74044688,0.00006104
-0.74012688,0.00006104
-0.73980688,0.00006104
-0.73948688,0.00006104
-0.73916688,0.00006104
-0.73884688,0.00006104
-0.73852688,0.00006104
-0.73820688,0.00006104
-0.73788688,0.00006104
-0.73756688,0.00006104
-0.73724688,0.00006104
-0.73692688,0.00006104
-0.73660688,0.00006104
-0.73628688,0.00006104
-0.73596688,0.00006104
-0.73564688,-0.01770074
-0.73532688,0.00006104
-0.73500688,0.00006104
-0.73468688,-0.01770074
-0.73436688,0.00006104
-0.73404688,0.00006104
-0.73372688,0.00006104
-0.73340688,0.00006104
-0.73308688,0.00006104
-0.73276688,0.00006104
-0.73244688,0.00006104
-0.73212688,0.00006104
-0.73180688,0.00006104
-0.73148688,0.00006104
-0.73116688,0.00006104
-0.73084688,0.00006104
-0.73052688,0.00006104
-0.73020688,0.00006104
-0.72988688,0.00006104
-0.72956688,0.00006104
-0.72924688,0.00006104
-0.72892688,0.00006104
-0.72860688,0.00006104
-0.72828688,0.00006104
-0.72796688,0.00006104
-0.72764688,0.00006104
-0.72732688,-0.01770074
-0.72700688,0.00006104
-0.72668688,0.00006104
-0.72636688,0.00006104
-0.72604688,0.00006104
-0.72572688,-0.01770074
-0.72540688,0.00006104
-0.72508688,0.00006104
-0.72476688,0.00006104
-0.72444688,0.00006104
-0.72412688,0.00006104
-0.72380688,0.00006104
-0.72348688,0.00006104
-0.72316688,0.00006104
-0.72284688,0.00006104
-0.72252688,0.00006104
-0.72220688,0.00006104
-0.72188688,0.00006104
-0.72156688,0.00006104
-0.72124688,-0.01770074
-0.72092688,0.00006104
-0.72060688,0.00006104
-0.72028688,0.00006104
-0.71996688,0.00006104
-0.71964688,0.00006104
-0.71932688,0.00006104
-0.71900688,-0.01770074
-0.71868688,0.00006104
-0.71836688,0.00006104
-0.71804688,0.00006104
-0.71772688,0.00006104
-0.71740688,0.00006104
-0.71708688,0.00006104
-0.71676688,0.00006104
-0.71644688,0.00006104
-0.71612688,0.00006104
-0.71580688,0.00006104
-0.71548688,0.00006104
-0.71516688,0.00006104
-0.71484688,0.00006104
-0.71452688,0.00006104
-0.71420688,0.00006104
-0.71388688,0.00006104
-0.71356688,0.00006104
-0.71324688,0.00006104
-0.71292688,0.00006104
-0.71260688,0.00006104
-0.71228688,0.00006104
-0.71196688,-0.01770074
-0.71164688,0.00006104
-0.71132688,0.00006104
-0.71100688,0.00006104
-0.71068688,0.00006104
-0.71036688,0.00006104
-0.71004688,0.00006104
-0.70972688,0.00006104
-0.70940688,0.00006104
-0.70908688,0.00006104
-0.70876688,0.00006104
-0.70844688,0.00006104
-0.70812688,0.00006104
-0.70780688,0.00006104
-0.70748688,0.00006104
-0.70716688,0.00006104
-0.70684688,0.00006104
-0.70652688,0.00006104
-0.70620688,0.00006104
-0.70588688,0.00006104
-0.70556688,0.00006104
-0.70524688,0.00006104
-0.70492688,0.00006104
-0.70460688,0.00006104
-0.70428688,0.00006104
-0.70396688,0.00006104
-0.70364688,0.00006104
-0.70332688,0.00006104
-0.70300688,0.00006104
-0.70268688,0.00006104
-0.70236688,0.00006104
-0.70204688,0.00006104
-0.70172688,0.00006104
-0.70140688,-0.01770074
-0.70108688,0.00006104
-0.70076688,0.00006104
-0.70044688,0.00006104
-0.70012688,0.00006104
-0.69980688,0.00006104
-0.69948688,0.00006104
-0.69916688,0.00006104
-0.69884688,0.00006104
-0.69852688,0.00006104
-0.69820688,0.00006104
-0.69788688,0.00006104
-0.69756688,0.00006104
-0.69724688,0.00006104
-0.69692688,0.00006104
-0.69660688,0.00006104
-0.69628688,0.00006104
-0.69596688,0.00006104
-0.69564688,0.00006104
-0.69532688,0.00006104
-0.69500688,0.00006104
-0.69468688,0.00006104
-0.69436688,0.00006104
-0.69404688,0.00006104
-0.69372688,0.00006104
-0.69340688,-0.01770074
-0.69308688,0.00006104
-0.69276688,0.00006104
-0.69244688,0.00006104
-0.69212688,0.00006104
-0.69180688,0.00006104
-0.69148688,0.00006104
-0.69116688,0.00006104
-0.69084688,0.00006104
-0.69052688,0.00006104
-0.69020688,0.00006104
-0.68988688,0.00006104
-0.68956688,0.00006104
-0.68924688,0.00006104
-0.68892688,0.00006104
-0.68860688,0.00006104
-0.68828688,0.00006104
-0.68796688,0.00006104
-0.68764688,0.00006104
-0.68732688,0.00006104
-0.68700688,0.00006104
-0.68668688,0.00006104
-0.68636688,-0.01770074
-0.68604688,0.00006104
-0.68572688,0.00006104
-0.68540688,0.00006104
-0.68508688,0.00006104
-0.68476688,0.00006104
-0.68444688,0.00006104
-0.68412688,0.00006104
-0.68380688,0.00006104
-0.68348688,0.00006104
-0.68316688,0.00006104
-0.68284688,0.00006104
-0.68252688,0.00006104
-0.68220688,0.00006104
-0.68188688,0.00006104
-0.68156688,0.00006104
-0.68124688,0.00006104
-0.68092688,-0.01770074
-0.68060688,-0.01770074
-0.68028688,0.00006104
-0.67996688,0.00006104
-0.67964688,0.00006104
-0.67932688,0.00006104
-0.67900688,0.00006104
-0.67868688,0.00006104
-0.67836688,0.00006104
-0.67804688,0.00006104
-0.67772688,0.00006104
-0.67740688,0.00006104
-0.67708688,0.00006104
-0.67676688,0.00006104
-0.67644688,0.00006104
-0.67612688,0.00006104
-0.67580688,0.00006104
-0.67548688,0.00006104
-0.67516688,0.00006104
-0.67484688,0.00006104
-0.67452688,0.00006104
-0.67420688,0.00006104
-0.67388688,0.00006104
-0.67356688,0.00006104
-0.67324688,0.00006104
-0.67292688,0.00006104
-0.67260688,0.00006104
-0.67228688,0.00006104
-0.67196688,0.00006104
-0.67164688,0.00006104
-0.67132688,0.00006104
-0.67100688,0.00006104
-0.67068688,0.00006104
-0.67036688,0.00006104
-0.67004688,0.00006104
-0.66972688,0.00006104
-0.66940688,0.00006104
-0.66908688,0.00006104
-0.66876688,0.00006104
-0.66844688,-0.01770074
-0.66812688,0.00006104
-0.66780688,0.00006104
-0.66748688,0.00006104
-0.66716688,0.00006104
-0.66684688,0.00006104
-0.66652688,0.00006104
-0.66620688,-0.01770074
-0.66588688,0.00006104
-0.66556688,0.00006104
-0.66524688,0.00006104
-0.66492688,0.00006104
-0.66460688,0.00006104
-0.66428688,-0.01770074
-0.66396688,0.00006104
-0.66364688,-0.01770074
-0.66332688,0.00006104
-0.66300688,0.00006104
-0.66268688,0.00006104
-0.66236688,0.00006104
-0.66204688,0.00006104
-0.66172688,0.00006104
-0.66140688,0.00006104
-0.66108688,0.00006104
-0.66076688,0.00006104
-0.66044688,0.00006104
-0.66012688,0.00006104
-0.65980688,0.00006104
-0.65948688,0.00006104
-0.65916688,0.00006104
-0.65884688,0.00006104
-0.65852688,0.00006104
-0.65820688,0.00006104
-0.65788688,0.00006104
-0.65756688,0.00006104
-0.65724688,-0.01770074
-0.65692688,0.00006104
-0.65660688,0.00006104
-0.65628688,0.00006104
-0.65596688,0.00006104
-0.65564688,0.00006104
-0.65532688,0.00006104
-0.65500688,0.00006104
-0.65468688,0.00006104
-0.65436688,0.00006104
-0.65404688,0.00006104
-0.65372688,0.00006104
-0.65340688,0.00006104
-0.65308688,0.00006104
-0.65276688,0.00006104
-0.65244688,0.00006104
-0.65212688,0.00006104
-0.65180688,-0.01770074
-0.65148688,0.00006104
-0.65116688,0.00006104
-0.65084688,0.00006104
-0.65052688,0.00006104
-0.65020688,0.00006104
-0.64988688,0.00006104
-0.64956688,0.00006104
-0.64924688,0.00006104
-0.64892688,0.00006104
-0.64860688,0.00006104
-0.64828688,0.00006104
-0.64796688,0.00006104
-0.64764688,0.00006104
-0.64732688,0.00006104
-0.64700688,0.00006104
-0.64668688,0.00006104
-0.64636688,0.00006104
-0.64604688,-0.01770074
-0.64572688,0.00006104
-0.64540688,0.00006104
-0.64508688,0.00006104
-0.64476688,0.00006104
-0.64444688,0.00006104
-0.64412688,0.00006104
-0.64380688,0.00006104
-0.64348688,-0.01770074
-0.64316688,0.00006104
-0.64284688,0.00006104
-0.64252688,0.00006104
-0.64220688,-0.01770074
-0.64188688,0.00006104
-0.64156688,0.00006104
-0.64124688,0.00006104
-0.64092688,0.00006104
-0.64060688,0.00006104
-0.64028688,0.00006104
-0.63996688,0.00006104
-0.63964688,0.00006104
-0.63932688,0.00006104
-0.63900688,0.00006104
-0.63868688,0.00006104
-0.63836688,0.00006104
-0.63804688,0.00006104
-0.63772688,0.00006104
-0.63740688,0.00006104
-0.63708688,0.00006104
-0.63676688,0.00006104
-0.63644688,0.00006104
-0.63612688,0.00006104
-0.63580688,0.00006104
-0.63548688,0.00006104
-0.63516688,0.00006104
-0.63484688,0.00006104
-0.63452688,0.00006104
-0.63420688,0.00006104
-0.63388688,0.00006104
-0.63356688,0.00006104
-0.63324688,0.00006104
-0.63292688,0.00006104
-0.63260688,0.00006104
-0.63228688,0.00006104
-0.63196688,0.00006104
-0.63164688,0.00006104
-0.63132688,0.00006104
-0.63100688,0.00006104
-0.63068688,0.00006104
-0.63036688,0.00006104
-0.63004688,0.00006104
-0.62972688,0.00006104
-0.62940688,0.00006104
-0.62908688,-0.01770074
-0.62876688,0.00006104
-0.62844688,0.00006104
-0.62812688,0.00006104
-0.62780688,0.00006104
-0.62748688,0.00006104
-0.62716688,0.00006104
-0.62684688,0.00006104
-0.62652688,0.00006104
-0.62620688,0.00006104
-0.62588688,0.00006104
-0.62556688,0.00006104
-0.62524688,0.00006104
-0.62492688,0.00006104
-0.62460688,-0.01770074
-0.62428688,0.00006104
-0.62396688,0.00006104
-0.62364688,0.00006104
-0.62332688,0.00006104
-0.62300688,0.00006104
-0.62268688,0.00006104
-0.62236688,0.00006104
-0.62204688,0.00006104
-0.62172688,0.00006104
-0.62140688,0.00006104
-0.62108688,-0.01770074
-0.62076688,0.00006104
-0.62044688,0.00006104
-0.62012688,0.00006104
-0.61980688,0.00006104
-0.61948688,0.00006104
-0.61916688,0.00006104
-0.61884688,0.00006104
-0.61852688,0.00006104
-0.61820688,0.00006104
-0.61788688,0.00006104
-0.61756688,0.00006104
-0.61724688,-0.01770074
-0.61692688,0.00006104
-0.61660688,0.00006104
-0.61628688,0.00006104
-0.61596688,0.00006104
-0.61564688,0.00006104
-0.61532688,0.00006104
-0.61500688,0.00006104
-0.61468688,0.00006104
-0.61436688,0.00006104
-0.61404688,0.00006104
-0.61372688,0.00006104
-0.61340688,0.00006104
-0.61308688,0.00006104
-0.61276688,0.00006104
-0.61244688,-0.01770074
-0.61212688,0.00006104
-0.61180688,0.00006104
-0.61148688,0.00006104
-0.61116688,0.00006104
-0.61084688,0.00006104
-0.61052688,0.00006104
-0.61020688,0.00006104
-0.60988688,0.00006104
-0.60956688,-0.01770074
-0.60924688,-0.01770074
-0.60892688,0.00006104
-0.60860688,0.00006104
-0.60828688,0.00006104
-0.60796688,0.00006104
-0.60764688,0.00006104
-0.60732688,0.00006104
-0.60700688,0.00006104
-0.60668688,0.00006104
-0.60636688,0.00006104
-0.60604688,0.00006104
-0.60572688,0.00006104
-0.60540688,0.00006104
-0.60508688,0.00006104
-0.60476688,0.00006104
-0.60444688,0.00006104
-0.60412688,0.00006104
-0.60380688,0.00006104
-0.60348688,0.00006104
-0.60316688,0.00006104
-0.60284688,0.00006104
-0.60252688,0.00006104
-0.60220688,0.00006104
-0.60188688,0.00006104
-0.60156688,0.00006104
-0.60124688,0.00006104
-0.60092688,0.00006104
-0.60060688,0.00006104
-0.60028688,0.00006104
-0.59996688,-0.01770074
-0.59964688,0.00006104
-0.59932688,0.00006104
-0.59900688,-0.01770074
-0.59868688,0.00006104
-0.59836688,0.00006104
-0.59804688,0.00006104
-0.59772688,0.00006104
-0.59740688,0.00006104
-0.59708688,0.00006104
-0.59676688,0.00006104
-0.59644688,0.00006104
-0.59612688,0.00006104
-0.59580688,0.00006104
-0.59548688,0.00006104
-0.59516688,0.00006104
-0.59484688,0.00006104
-0.59452688,0.00006104
-0.59420688,0.00006104
-0.59388688,0.00006104
-0.59356688,0.00006104
-0.59324688,0.00006104
-0.59292688,0.00006104
-0.59260688,0.00006104
-0.59228688,0.00006104
-0.59196688,0.00006104
-0.59164688,0.00006104
-0.59132688,0.00006104
-0.59100688,0.00006104
-0.59068688,0.00006104
-0.59036688,0.00006104
-0.59004688,0.00006104
-0.58972688,0.00006104
-0.58940688,0.00006104
-0.58908688,0.00006104
-0.58876688,0.00006104
-0.58844688,0.00006104
-0.58812688,0.00006104
-0.58780688,0.00006104
-0.58748688,0.00006104
-0.58716688,0.00006104
-0.58684688,-0.01770074
-0.58652688,0.00006104
-0.58620688,0.00006104
-0.58588688,0.00006104
-0.58556688,-0.01770074
-0.58524688,0.00006104
-0.58492688,0.00006104
-0.58460688,0.00006104
-0.58428688,0.00006104
-0.58396688,0.00006104
-0.58364688,-0.01770074
-0.58332688,0.00006104
-0.58300688,0.00006104
-0.58268688,0.00006104
-0.58236688,0.00006104
-0.58204688,0.00006104
-0.58172688,0.00006104
-0.58140688,0.00006104
-0.58108688,0.00006104
-0.58076688,0.00006104
-0.58044688,0.00006104
-0.58012688,0.00006104
-0.57980688,0.00006104
-0.57948688,0.00006104
-0.57916688,0.00006104
-0.57884688,0.00006104
-0.57852688,-0.01770074
-0.57820688,0.00006104
-0.57788688,0.00006104
-0.57756688,0.00006104
-0.57724688,0.00006104
-0.57692688,0.00006104
-0.57660688,0.00006104
-0.57628688,0.00006104
-0.57596688,-0.01770074
-0.57564688,0.00006104
-0.57532688,0.00006104
-0.57500688,0.00006104
-0.57468688,0.00006104
-0.57436688,0.00006104
-0.57404688,0.00006104
-0.57372688,0.00006104
-0.57340688,0.00006104
-0.57308688,0.00006104
-0.57276688,0.00006104
-0.57244688,0.00006104
-0.57212688,0.00006104
-0.57180688,0.00006104
-0.57148688,0.00006104
-0.57116688,0.00006104
-0.57084688,0.00006104
-0.57052688,0.00006104
-0.57020688,0.00006104
-0.56988688,-0.01770074
-0.56956688,-0.01770074
-0.56924688,0.00006104
-0.56892688,0.00006104
-0.56860688,0.00006104
-0.56828688,-0.01770074
-0.56796688,0.00006104
-0.56764688,0.00006104
-0.56732688,0.00006104
-0.56700688,0.00006104
-0.56668688,0.00006104
-0.56636688,0.00006104
-0.56604688,0.00006104
-0.56572688,-0.01770074
-0.56540688,0.00006104
-0.56508688,0.00006104
-0.56476688,0.00006104
-0.56444688,0.00006104
-0.56412688,0.00006104
-0.56380688,0.00006104
-0.56348688,0.00006104
-0.56316688,0.00006104
-0.56284688,0.00006104
-0.56252688,0.00006104
-0.56220688,0.00006104
-0.56188688,0.00006104
-0.56156688,0.00006104
-0.56124688,0.00006104
-0.56092688,0.00006104
-0.56060688,0.00006104
-0.56028688,0.00006104
-0.55996688,0.00006104
-0.55964688,0.00006104
-0.55932688,0.00006104
-0.55900688,0.00006104
-0.55868688,0.00006104
-0.55836688,0.00006104
-0.55804688,0.00006104
-0.55772688,0.00006104
-0.55740688,0.00006104
-0.55708688,0.00006104
-0.55676688,0.00006104
-0.55644688,0.00006104
-0.55612688,0.00006104
-0.55580688,0.00006104
-0.55548688,0.00006104
-0.55516688,0.00006104
-0.55484688,0.00006104
-0.55452688,0.00006104
-0.55420688,0.00006104
-0.55388688,0.00006104
-0.55356688,0.00006104
-0.55324688,0.00006104
-0.55292688,0.00006104
-0.55260688,0.00006104
-0.55228688,0.00006104
-0.55196688,0.00006104
-0.55164688,0.00006104
-0.55132688,0.00006104
-0.55100688,0.00006104
-0.55068688,0.00006104
-0.55036688,0.00006104
-0.55004688,0.00006104
-0.54972688,0.00006104
-0.54940688,0.00006104
-0.54908688,0.00006104
-0.54876688,0.00006104
-0.54844688,0.00006104
-0.54812688,0.00006104
-0.54780688,0.00006104
-0.54748688,0.00006104
-0.54716688,0.00006104
-0.54684688,0.00006104
-0.54652688,0.00006104
-0.54620688,0.00006104
-0.54588688,0.00006104
-0.54556688,0.00006104
-0.54524688,-0.01770074
-0.54492688,0.00006104
-0.54460688,0.00006104
-0.54428688,0.00006104
-0.54396688,0.00006104
-0.54364688,0.00006104
-0.54332688,0.00006104
-0.54300688,0.00006104
-0.54268688,0.00006104
-0.54236688,0.00006104
-0.54204688,0.00006104
-0.54172688,0.00006104
-0.54140688,0.00006104
-0.54108688,0.00006104
-0.54076688,0.00006104
-0.54044688,0.00006104
-0.54012688,0.00006104
-0.53980688,0.00006104
-0.53948688,0.00006104
-0.53916688,0.00006104
-0.53884688,0.00006104
-0.53852688,0.00006104
-0.53820688,0.00006104
-0.53788688,0.00006104
-0.53756688,-0.01770074
-0.53724688,0.00006104
-0.53692688,0.00006104
-0.53660688,-0.01770074
-0.53628688,-0.01770074
-0.53596688,0.00006104
-0.53564688,0.00006104
-0.53532688,0.00006104
-0.53500688,0.00006104
-0.53468688,0.00006104
-0.53436688,0.00006104
-0.53404688,0.00006104
-0.53372688,0.00006104
-0.53340688,0.00006104
-0.53308688,0.00006104
-0.53276688,0.00006104
-0.53244688,0.00006104
-0.53212688,0.00006104
-0.53180688,0.00006104
-0.53148688,0.00006104
-0.53116688,-0.01770074
-0.53084688,0.00006104
-0.53052688,0.00006104
-0.53020688,0.00006104
-0.52988688,0.00006104
-0.52956688,0.00006104
-0.52924688,0.00006104
-0.52892688,0.00006104
-0.52860688,0.00006104
-0.52828688,0.00006104
-0.52796688,0.00006104
-0.52764688,0.00006104
-0.52732688,0.00006104
-0.52700688,0.00006104
-0.52668688,0.00006104
-0.52636688,0.00006104
-0.52604688,0.00006104
-0.52572688,0.00006104
-0.52540688,0.00006104
-0.52508688,0.00006104
-0.52476688,0.00006104
-0.52444688,0.00006104
-0.52412688,0.00006104
-0.52380688,0.00006104
-0.52348688,0.00006104
-0.52316688,0.00006104
-0.52284688,0.00006104
-0.52252688,0.00006104
-0.52220688,0.00006104
-0.52188688,0.00006104
-0.52156688,0.00006104
-0.52124688,0.00006104
-0.52092688,0.00006104
-0.52060688,0.00006104
-0.52028688,0.00006104
-0.51996688,0.00006104
-0.51964688,-0.01770074
-0.51932688,0.00006104
-0.51900688,0.00006104
-0.51868688,0.00006104
-0.51836688,0.00006104
-0.51804688,0.00006104
-0.51772688,0.00006104
-0.51740688,0.00006104
-0.51708688,0.00006104
-0.51676688,0.00006104
-0.51644688,0.00006104
-0.51612688,0.00006104
-0.51580688,0.00006104
-0.51548688,0.00006104
-0.51516688,0.00006104
-0.51484688,-0.01770074
-0.51452688,0.00006104
-0.51420688,0.00006104
-0.51388688,0.00006104
-0.51356688,0.00006104
-0.51324688,0.00006104
-0.51292688,0.00006104
-0.51260688,0.00006104
-0.51228688,0.00006104
-0.51196688,0.00006104
-0.51164688,0.00006104
-0.51132688,0.00006104
-0.51100688,0.00006104
-0.51068688,0.00006104
-0.51036688,0.00006104
-0.51004688,0.00006104
-0.50972688,0.00006104
-0.50940688,0.00006104
-0.50908688,0.00006104
-0.50876688,0.00006104
-0.50844688,0.00006104
-0.50812688,0.00006104
-0.50780688,0.00006104
-0.50748688,0.00006104
-0.50716688,-0.01770074
-0.50684688,0.00006104
-0.50652688,0.00006104
-0.50620688,0.00006104
-0.50588688,0.00006104
-0.50556688,0.00006104
-0.50524688,0.00006104
-0.50492688,0.00006104
-0.50460688,0.00006104
-0.50428688,0.07129124
-0.50396688,1.60209966
-0.50364688,1.17490160
-0.50332688,0.35602894
-0.50300688,-0.01770074
-0.50268688,-0.10669271
-0.50236688,-0.08893093
-0.50204688,-0.03552354
-0.50172688,-0.01770074
-0.50140688,-0.01770074
-0.50108688,-0.12451552
-0.50076688,-1.03238010
-0.50044688,-∞
-0.50012688,-0.96114993
-0.49980688,-0.05334635
-0.49948688,0.24921414
-0.49916688,0.17804499
-0.49884688,0.05346843
-0.49852688,0.03570665
-0.49820688,0.03570665
-0.49788688,0.03570665
-0.49756688,0.01788385
-0.49724688,0.01788385
-0.49692688,0.01788385
-0.49660688,0.03570665
-0.49628688,0.01788385
-0.49596688,0.01788385
-0.49564688,0.01788385
-0.49532688,0.00006104
-0.49500688,0.01788385
-0.49468688,0.01788385
-0.49436688,0.01788385
-0.49404688,0.05346843
-0.49372688,0.07129124
-0.49340688,0.05346843
-0.49308688,0.07129124
-0.49276688,0.05346843
-0.49244688,0.07129124
-0.49212688,0.07129124
-0.49180688,0.03570665
-0.49148688,0.05346843
-0.49116688,0.08911405
-0.49084688,0.07129124
-0.49052688,0.03570665
-0.49020688,0.03570665
-0.48988688,0.03570665
-0.48956688,0.03570665
-0.48924688,0.00006104
-0.48892688,-0.03552354
-0.48860688,-0.01770074
-0.48828688,-0.03552354
-0.48796688,0.01788385
-0.48764688,0.00006104
-0.48732688,0.00006104
-0.48700688,0.07129124
-0.48668688,-0.01770074
-0.48636688,-0.01770074
-0.48604688,0.03570665
-0.48572688,-0.03552354
-0.48540688,0.01788385
-0.48508688,0.05346843
-0.48476688,0.01788385
-0.48444688,0.01788385
-0.48412688,0.03570665
-0.48380688,0.01788385
-0.48348688,0.00006104
-0.48316688,0.01788385
-0.48284688,0.01788385
-0.48252688,0.01788385
-0.48220688,0.01788385
-0.48188688,0.03570665
-0.48156688,0.00006104
-0.48124688,0.00006104
-0.48092688,0.01788385
-0.48060688,0.01788385
-0.48028688,0.01788385
-0.47996688,0.00006104
-0.47964688,-0.01770074
-0.47932688,0.00006104
-0.47900688,0.01788385
-0.47868688,0.00006104
-0.47836688,0.01788385
-0.47804688,0.01788385
-0.47772688,0.01788385
-0.47740688,0.01788385
-0.47708688,0.01788385
-0.47676688,0.00006104
-0.47644688,0.00006104
-0.47612688,0.01788385
-0.47580688,0.01788385
-0.47548688,0.00006104
-0.47516688,0.01788385
-0.47484688,0.01788385
-0.47452688,0.00006104
-0.47420688,0.00006104
-0.47388688,0.00006104
-0.47356688,0.01788385
-0.47324688,0.00006104
-0.47292688,-0.01770074
-0.47260688,0.00006104
-0.47228688,0.00006104
-0.47196688,0.00006104
-0.47164688,0.00006104
-0.47132688,0.01788385
-0.47100688,0.01788385
-0.47068688,0.00006104
-0.47036688,0.01788385
-0.47004688,0.00006104
-0.46972688,0.01788385
-0.46940688,0.01788385
-0.46908688,0.00006104
-0.46876688,0.01788385
-0.46844688,0.00006104
-0.46812688,0.00006104
-0.46780688,0.01788385
-0.46748688,0.00006104
-0.46716688,0.00006104
-0.46684688,0.00006104
-0.46652688,0.00006104
-0.46620688,0.00006104
-0.46588688,0.00006104
-0.46556688,0.00006104
-0.46524688,0.01788385
-0.46492688,0.01788385
-0.46460688,0.00006104
-0.46428688,0.01788385
-0.46396688,0.00006104
-0.46364688,0.00006104
-0.46332688,0.00006104
-0.46300688,0.00006104
-0.46268688,0.00006104
-0.46236688,0.00006104
-0.46204688,0.00006104
-0.46172688,-0.01770074
-0.46140688,0.00006104
-0.46108688,0.00006104
-0.46076688,0.00006104
-0.46044688,0.00006104
-0.46012688,0.00006104
-0.45980688,0.00006104
-0.45948688,0.01788385
-0.45916688,0.00006104
-0.45884688,0.00006104
-0.45852688,0.00006104
-0.45820688,0.01788385
-0.45788688,0.00006104
-0.45756688,0.01788385
-0.45724688,0.00006104
-0.45692688,0.01788385
-0.45660688,0.00006104
-0.45628688,0.00006104
-0.45596688,0.00006104
-0.45564688,0.00006104
-0.45532688,0.00006104
-0.45500688,0.00006104
-0.45468688,0.00006104
-0.45436688,0.00006104
-0.45404688,0.00006104
-0.45372688,0.00006104
-0.45340688,0.00006104
-0.45308688,0.00006104
-0.45276688,0.00006104
-0.45244688,0.00006104
-0.45212688,0.00006104
-0.45180688,0.00006104
-0.45148688,0.00006104
-0.45116688,0.01788385
-0.45084688,0.00006104
-0.45052688,0.00006104
-0.45020688,0.00006104
-0.44988688,0.00006104
-0.44956688,0.00006104
-0.44924688,0.00006104
-0.44892688,0.00006104
-0.44860688,0.00006104
-0.44828688,-0.01770074
-0.44796688,0.00006104
-0.44764688,0.00006104
-0.44732688,0.00006104
-0.44700688,0.00006104
-0.44668688,0.00006104
-0.44636688,0.00006104
-0.44604688,0.00006104
-0.44572688,0.00006104
-0.44540688,0.00006104
-0.44508688,0.00006104
-0.44476688,0.00006104
-0.44444688,0.00006104
-0.44412688,0.00006104
-0.44380688,0.00006104
-0.44348688,0.00006104
-0.44316688,0.00006104
-0.44284688,0.00006104
-0.44252688,0.00006104
-0.44220688,0.00006104
-0.44188688,0.00006104
-0.44156688,0.00006104
-0.44124688,0.00006104
-0.44092688,0.00006104
-0.44060688,0.00006104
-0.44028688,0.00006104
-0.43996688,0.00006104
-0.43964688,0.00006104
-0.43932688,0.00006104
-0.43900688,-0.01770074
-0.43868688,0.00006104
-0.43836688,0.00006104
-0.43804688,-0.01770074
-0.43772688,0.00006104
-0.43740688,0.00006104
-0.43708688,0.00006104
-0.43676688,0.00006104
-0.43644688,0.00006104
-0.43612688,0.00006104
-0.43580688,0.00006104
-0.43548688,0.00006104
-0.43516688,0.00006104
-0.43484688,0.00006104
-0.43452688,0.00006104
-0.43420688,0.00006104
-0.43388688,0.00006104
-0.43356688,0.00006104
-0.43324688,0.00006104
-0.43292688,0.00006104
-0.43260688,0.00006104
-0.43228688,0.00006104
-0.43196688,0.00006104
-0.43164688,0.00006104
-0.43132688,0.00006104
-0.43100688,0.00006104
-0.43068688,0.00006104
-0.43036688,0.00006104
-0.43004688,0.00006104
-0.42972688,0.00006104
-0.42940688,0.00006104
-0.42908688,0.00006104
-0.42876688,0.00006104
-0.42844688,-0.01770074
-0.42812688,0.00006104
-0.42780688,0.00006104
-0.42748688,0.00006104
-0.42716688,0.00006104
-0.42684688,0.00006104
-0.42652688,0.00006104
-0.42620688,0.00006104
-0.42588688,0.00006104
-0.42556688,0.00006104
-0.42524688,0.00006104
-0.42492688,-0.01770074
-0.42460688,-0.01770074
-0.42428688,0.00006104
-0.42396688,0.00006104
-0.42364688,0.00006104
-0.42332688,0.00006104
-0.42300688,0.00006104
-0.42268688,0.00006104
-0.42236688,0.00006104
-0.42204688,0.00006104
-0.42172688,0.00006104
-0.42140688,0.00006104
-0.42108688,0.00006104
-0.42076688,0.00006104
-0.42044688,0.00006104
-0.42012688,0.00006104
-0.41980688,0.00006104
-0.41948688,0.00006104
-0.41916688,0.00006104
-0.41884688,-0.01770074
-0.41852688,0.00006104
-0.41820688,0.00006104
-0.41788688,0.00006104
-0.41756688,0.00006104
-0.41724688,0.00006104
-0.41692688,0.00006104
-0.41660688,0.00006104
-0.41628688,0.00006104
-0.41596688,0.00006104
-0.41564688,0.00006104
-0.41532688,0.00006104
-0.41500688,0.00006104
-0.41468688,0.00006104
-0.41436688,0.00006104
-0.41404688,-0.01770074
-0.41372688,0.00006104
-0.41340688,0.00006104
-0.41308688,0.00006104
-0.41276688,0.00006104
-0.41244688,0.00006104
-0.41212688,-0.01770074
-0.41180688,0.00006104
-0.41148688,0.00006104
-0.41116688,0.00006104
-0.41084688,0.00006104
-0.41052688,0.00006104
-0.41020688,0.00006104
-0.40988688,0.00006104
-0.40956688,0.00006104
-0.40924688,0.00006104
-0.40892688,0.00006104
-0.40860688,0.00006104
-0.40828688,0.00006104
-0.40796688,0.00006104
-0.40764688,0.00006104
-0.40732688,0.00006104
-0.40700688,0.00006104
-0.40668688,0.00006104
-0.40636688,0.00006104
-0.40604688,0.00006104
-0.40572688,0.00006104
-0.40540688,0.00006104
-0.40508688,-0.01770074
-0.40476688,0.00006104
-0.40444688,0.00006104
-0.40412688,0.00006104
-0.40380688,0.00006104
-0.40348688,0.00006104
-0.40316688,0.00006104
-0.40284688,0.00006104
-0.40252688,0.00006104
-0.40220688,0.00006104
-0.40188688,0.00006104
-0.40156688,0.00006104
-0.40124688,0.00006104
-0.40092688,0.00006104
-0.40060688,0.00006104
-0.40028688,0.00006104
-0.39996688,0.00006104
-0.39964688,0.00006104
-0.39932688,0.00006104
-0.39900688,0.00006104
-0.39868688,0.00006104
-0.39836688,0.00006104
-0.39804688,0.00006104
-0.39772688,0.00006104
-0.39740688,0.00006104
-0.39708688,0.00006104
-0.39676688,0.00006104
-0.39644688,0.00006104
-0.39612688,0.00006104
-0.39580688,0.00006104
-0.39548688,0.00006104
-0.39516688,0.00006104
-0.39484688,0.00006104
-0.39452688,0.00006104
-0.39420688,0.00006104
-0.39388688,0.00006104
-0.39356688,0.00006104
-0.39324688,0.00006104
-0.39292688,0.00006104
-0.39260688,0.00006104
-0.39228688,0.00006104
-0.39196688,0.00006104
-0.39164688,0.00006104
-0.39132688,0.00006104
-0.39100688,0.00006104
-0.39068688,0.00006104
-0.39036688,0.00006104
-0.39004688,-0.01770074
-0.38972688,0.00006104
-0.38940688,-0.01770074
-0.38908688,0.00006104
-0.38876688,0.00006104
-0.38844688,0.00006104
-0.38812688,-0.01770074
-0.38780688,0.00006104
-0.38748688,0.00006104
-0.38716688,0.00006104
-0.38684688,0.00006104
-0.38652688,0.00006104
-0.38620688,0.00006104
-0.38588688,0.00006104
-0.38556688,0.00006104
-0.38524688,0.00006104
-0.38492688,0.00006104
-0.38460688,0.00006104
-0.38428688,0.00006104
-0.38396688,0.00006104
-0.38364688,-0.01770074
-0.38332688,0.00006104
-0.38300688,0.00006104
-0.38268688,0.00006104
-0.38236688,0.00006104
-0.38204688,0.00006104
-0.38172688,0.00006104
-0.38140688,0.00006104
-0.38108688,-0.01770074
-0.38076688,0.00006104
-0.38044688,0.00006104
-0.38012688,0.00006104
-0.37980688,0.00006104
-0.37948688,0.00006104
-0.37916688,0.00006104
-0.37884688,0.00006104
-0.37852688,0.00006104
-0.37820688,0.00006104
-0.37788688,-0.01770074
-0.37756688,0.00006104
-0.37724688,0.00006104
-0.37692688,0.00006104
-0.37660688,0.00006104
-0.37628688,0.00006104
-0.37596688,0.00006104
-0.37564688,0.00006104
-0.37532688,0.00006104
-0.37500688,0.00006104
-0.37468688,0.00006104
-0.37436688,0.00006104
-0.37404688,0.00006104
-0.37372688,0.00006104
-0.37340688,0.00006104
-0.37308688,0.00006104
-0.37276688,0.00006104
-0.37244688,0.00006104
-0.37212688,0.00006104
-0.37180688,0.00006104
-0.37148688,0.00006104
-0.37116688,0.00006104
-0.37084688,0.00006104
-0.37052688,0.00006104
-0.37020688,0.00006104
-0.36988688,0.00006104
-0.36956688,0.00006104
-0.36924688,0.00006104
-0.36892688,0.00006104
-0.36860688,0.00006104
-0.36828688,0.00006104
-0.36796688,0.00006104
-0.36764688,0.00006104
-0.36732688,0.00006104
-0.36700688,0.00006104
-0.36668688,0.00006104
-0.36636688,0.00006104
-0.36604688,0.00006104
-0.36572688,0.00006104
-0.36540688,0.00006104
-0.36508688,0.00006104
-0.36476688,0.00006104
-0.36444688,0.00006104
-0.36412688,0.00006104
-0.36380688,0.00006104
-0.36348688,0.00006104
-0.36316688,0.00006104
-0.36284688,0.00006104
-0.36252688,0.00006104
-0.36220688,0.00006104
-0.36188688,0.00006104
-0.36156688,0.00006104
-0.36124688,0.00006104
-0.36092688,0.00006104
-0.36060688,-0.01770074
-0.36028688,0.00006104
-0.35996688,0.00006104
-0.35964688,0.00006104
-0.35932688,-0.01770074
-0.35900688,0.00006104
-0.35868688,0.00006104
-0.35836688,0.00006104
-0.35804688,0.00006104
-0.35772688,0.00006104
-0.35740688,0.00006104
-0.35708688,0.00006104
-0.35676688,0.00006104
-0.35644688,0.00006104
-0.35612688,0.00006104
-0.35580688,0.00006104
-0.35548688,0.00006104
-0.35516688,0.00006104
-0.35484688,0.00006104
-0.35452688,0.00006104
-0.35420688,0.00006104
-0.35388688,-0.01770074
-0.35356688,0.00006104
-0.35324688,0.00006104
-0.35292688,0.00006104
-0.35260688,0.00006104
-0.35228688,0.00006104
-0.35196688,0.00006104
-0.35164688,0.00006104
-0.35132688,0.00006104
-0.35100688,0.00006104
-0.35068688,0.00006104
-0.35036688,0.00006104
-0.35004688,0.00006104
-0.34972688,0.00006104
-0.34940688,0.00006104
-0.34908688,0.00006104
-0.34876688,0.00006104
-0.34844688,0.00006104
-0.34812688,0.00006104
-0.34780688,0.00006104
-0.34748688,0.00006104
-0.34716688,0.00006104
-0.34684688,0.00006104
-0.34652688,0.00006104
-0.34620688,0.00006104
-0.34588688,0.00006104
-0.34556688,0.00006104
-0.34524688,0.00006104
-0.34492688,-0.01770074
-0.34460688,0.00006104
-0.34428688,0.00006104
-0.34396688,0.00006104
-0.34364688,0.00006104
-0.34332688,0.00006104
-0.34300688,0.00006104
-0.34268688,0.00006104
-0.34236688,-0.01770074
-0.34204688,0.00006104
-0.34172688,0.00006104
-0.34140688,0.00006104
-0.34108688,0.00006104
-0.34076688,0.00006104
-0.34044688,0.00006104
-0.34012688,0.00006104
-0.33980688,0.00006104
-0.33948688,0.00006104
-0.33916688,0.00006104
-0.33884688,0.00006104
-0.33852688,0.00006104
-0.33820688,-0.01770074
-0.33788688,0.00006104
-0.33756688,0.00006104
-0.33724688,0.00006104
-0.33692688,0.00006104
-0.33660688,0.00006104
-0.33628688,0.00006104
-0.33596688,0.00006104
-0.33564688,0.00006104
-0.33532688,0.00006104
-0.33500688,0.00006104
-0.33468688,0.00006104
-0.33436688,0.00006104
-0.33404688,0.00006104
-0.33372688,0.00006104
-0.33340688,0.00006104
-0.33308688,0.00006104
-0.33276688,0.00006104
-0.33244688,0.00006104
-0.33212688,0.00006104
-0.33180688,-0.01770074
-0.33148688,0.00006104
-0.33116688,0.00006104
-0.33084688,0.00006104
-0.33052688,0.00006104
-0.33020688,0.00006104
-0.32988688,0.00006104
-0.32956688,0.00006104
-0.32924688,0.00006104
-0.32892688,0.00006104
-0.32860688,0.00006104
-0.32828688,0.00006104
-0.32796688,0.00006104
-0.32764688,0.00006104
-0.32732688,0.00006104
-0.32700688,0.00006104
-0.32668688,0.00006104
-0.32636688,0.00006104
-0.32604688,0.00006104
-0.32572688,0.00006104
-0.32540688,0.00006104
-0.32508688,0.00006104
-0.32476688,0.00006104
-0.32444688,0.00006104
-0.32412688,0.00006104
-0.32380688,0.00006104
-0.32348688,0.00006104
-0.32316688,0.00006104
-0.32284688,-0.01770074
-0.32252688,-0.01770074
-0.32220688,0.00006104
-0.32188688,-0.01770074
-0.32156688,0.00006104
-0.32124688,0.00006104
-0.32092688,-0.01770074
-0.32060688,0.00006104
-0.32028688,0.00006104
-0.31996688,0.00006104
-0.31964688,0.00006104
-0.31932688,0.00006104
-0.31900688,0.00006104
-0.31868688,0.00006104
-0.31836688,0.00006104
-0.31804688,0.00006104
-0.31772688,0.00006104
-0.31740688,0.00006104
-0.31708688,0.00006104
-0.31676688,0.00006104
-0.31644688,0.00006104
-0.31612688,0.00006104
-0.31580688,0.00006104
-0.31548688,0.00006104
-0.31516688,0.00006104
-0.31484688,0.00006104
-0.31452688,0.00006104
-0.31420688,0.00006104
-0.31388688,0.00006104
-0.31356688,0.00006104
-0.31324688,0.00006104
-0.31292688,0.00006104
-0.31260688,0.00006104
-0.31228688,0.00006104
-0.31196688,0.00006104
-0.31164688,-0.01770074
-0.31132688,0.00006104
-0.31100688,0.00006104
-0.31068688,0.00006104
-0.31036688,0.00006104
-0.31004688,-0.01770074
-0.30972688,0.00006104
-0.30940688,0.00006104
-0.30908688,0.00006104
-0.30876688,0.00006104
-0.30844688,0.00006104
-0.30812688,0.00006104
-0.30780688,0.00006104
-0.30748688,0.00006104
-0.30716688,0.00006104
-0.30684688,0.00006104
-0.30652688,0.00006104
-0.30620688,0.00006104
-0.30588688,0.00006104
-0.30556688,0.00006104
-0.30524688,0.00006104
-0.30492688,0.00006104
-0.30460688,0.00006104
-0.30428688,0.00006104
-0.30396688,0.00006104
-0.30364688,0.00006104
-0.30332688,-0.01770074
-0.30300688,0.00006104
-0.30268688,0.00006104
-0.30236688,-0.01770074
-0.30204688,0.00006104
-0.30172688,0.00006104
-0.30140688,-0.01770074
-0.30108688,0.00006104
-0.30076688,0.00006104
-0.30044688,0.00006104
-0.30012688,0.00006104
-0.29980688,0.00006104
-0.29948688,-0.01770074
-0.29916688,0.00006104
-0.29884688,-0.01770074
-0.29852688,0.00006104
-0.29820688,0.00006104
-0.29788688,0.00006104
-0.29756688,0.00006104
-0.29724688,0.00006104
-0.29692688,0.00006104
-0.29660688,0.00006104
-0.29628688,0.00006104
-0.29596688,0.00006104
-0.29564688,0.00006104
-0.29532688,0.00006104
-0.29500688,0.00006104
-0.29468688,0.00006104
-0.29436688,0.00006104
-0.29404688,0.00006104
-0.29372688,0.00006104
-0.29340688,0.00006104
-0.29308688,0.00006104
-0.29276688,0.00006104
-0.29244688,0.00006104
-0.29212688,0.00006104
-0.29180688,0.00006104
-0.29148688,0.00006104
-0.29116688,0.00006104
-0.29084688,0.00006104
-0.29052688,0.00006104
-0.29020688,0.00006104
-0.28988688,0.00006104
-0.28956688,0.00006104
-0.28924688,0.00006104
-0.28892688,0.00006104
-0.28860688,0.00006104
-0.28828688,0.00006104
-0.28796688,0.00006104
-0.28764688,0.00006104
-0.28732688,0.00006104
-0.28700688,0.00006104
-0.28668688,0.00006104
-0.28636688,0.00006104
-0.28604688,0.00006104
-0.28572688,0.00006104
-0.28540688,0.00006104
-0.28508688,0.00006104
-0.28476688,0.00006104
-0.28444688,-0.01770074
-0.28412688,0.00006104
-0.28380688,0.00006104
-0.28348688,0.00006104
-0.28316688,0.00006104
-0.28284688,0.00006104
-0.28252688,0.00006104
-0.28220688,0.00006104
-0.28188688,0.00006104
-0.28156688,0.00006104
-0.28124688,0.00006104
-0.28092688,0.00006104
-0.28060688,0.00006104
-0.28028688,0.00006104
-0.27996688,0.00006104
-0.27964688,0.00006104
-0.27932688,0.00006104
-0.27900688,0.00006104
-0.27868688,0.00006104
-0.27836688,0.00006104
-0.27804688,0.00006104
-0.27772688,0.00006104
-0.27740688,0.00006104
-0.27708688,0.00006104
-0.27676688,0.00006104
-0.27644688,0.00006104
-0.27612688,0.00006104
-0.27580688,0.00006104
-0.27548688,0.00006104
-0.27516688,0.00006104
-0.27484688,0.00006104
-0.27452688,0.00006104
-0.27420688,0.00006104
-0.27388688,0.00006104
-0.27356688,0.00006104
-0.27324688,0.00006104
-0.27292688,0.00006104
-0.27260688,0.00006104
-0.27228688,0.00006104
-0.27196688,0.00006104
-0.27164688,0.00006104
-0.27132688,0.00006104
-0.27100688,0.00006104
-0.27068688,0.00006104
-0.27036688,0.00006104
-0.27004688,0.00006104
-0.26972688,0.00006104
-0.26940688,0.00006104
-0.26908688,0.00006104
-0.26876688,0.00006104
-0.26844688,0.00006104
-0.26812688,-0.01770074
-0.26780688,0.00006104
-0.26748688,0.00006104
-0.26716688,0.00006104
-0.26684688,0.00006104
-0.26652688,0.00006104
-0.26620688,0.00006104
-0.26588688,0.00006104
-0.26556688,0.00006104
-0.26524688,0.00006104
-0.26492688,0.00006104
-0.26460688,0.00006104
-0.26428688,0.00006104
-0.26396688,0.00006104
-0.26364688,0.00006104
-0.26332688,0.00006104
-0.26300688,0.00006104
-0.26268688,0.00006104
-0.26236688,0.00006104
-0.26204688,0.00006104
-0.26172688,0.00006104
-0.26140688,0.00006104
-0.26108688,0.00006104
-0.26076688,0.00006104
-0.26044688,0.00006104
-0.26012688,0.00006104
-0.25980688,0.00006104
-0.25948688,0.00006104
-0.25916688,0.00006104
-0.25884688,0.00006104
-0.25852688,0.00006104
-0.25820688,0.00006104
-0.25788688,0.00006104
-0.25756688,0.00006104
-0.25724688,0.00006104
-0.25692688,0.00006104
-0.25660688,-0.01770074
-0.25628688,0.00006104
-0.25596688,0.00006104
-0.25564688,-0.01770074
-0.25532688,0.00006104
-0.25500688,0.00006104
-0.25468688,0.00006104
-0.25436688,0.00006104
-0.25404688,0.00006104
-0.25372688,0.00006104
-0.25340688,0.00006104
-0.25308688,0.00006104
-0.25276688,0.00006104
-0.25244688,0.00006104
-0.25212688,0.00006104
-0.25180688,0.00006104
-0.25148688,0.00006104
-0.25116688,0.00006104
-0.25084688,0.00006104
-0.25052688,0.00006104
-0.25020688,0.00006104
-0.24988688,0.00006104
-0.24956688,0.00006104
-0.24924688,0.00006104
-0.24892688,0.00006104
-0.24860688,0.00006104
-0.24828688,0.00006104
-0.24796688,0.00006104
-0.24764688,0.00006104
-0.24732688,-0.01770074
-0.24700688,0.00006104
-0.24668688,0.00006104
-0.24636688,0.00006104
-0.24604688,0.00006104
-0.24572688,0.00006104
-0.24540688,-0.01770074
-0.24508688,0.00006104
-0.24476688,-0.01770074
-0.24444688,0.00006104
-0.24412688,0.00006104
-0.24380688,0.00006104
-0.24348688,0.00006104
-0.24316688,0.00006104
-0.24284688,0.00006104
-0.24252688,0.00006104
-0.24220688,0.00006104
-0.24188688,-0.01770074
-0.24156688,0.00006104
-0.24124688,0.00006104
-0.24092688,0.00006104
-0.24060688,0.00006104
-0.24028688,0.00006104
-0.23996688,0.00006104
-0.23964688,0.00006104
-0.23932688,0.00006104
-0.23900688,0.00006104
-0.23868688,-0.01770074
-0.23836688,0.00006104
-0.23804688,0.00006104
-0.23772688,-0.01770074
-0.23740688,0.00006104
-0.23708688,0.00006104
-0.23676688,0.00006104
-0.23644688,0.00006104
-0.23612688,0.00006104
-0.23580688,0.00006104
-0.23548688,0.00006104
-0.23516688,0.00006104
-0.23484688,-0.01770074
-0.23452688,-0.01770074
-0.23420688,0.00006104
-0.23388688,0.00006104
-0.23356688,0.00006104
-0.23324688,0.00006104
-0.23292688,0.00006104
-0.23260688,0.00006104
-0.23228688,0.00006104
-0.23196688,0.00006104
-0.23164688,0.00006104
-0.23132688,0.00006104
-0.23100688,0.00006104
-0.23068688,0.00006104
-0.23036688,0.00006104
-0.23004688,0.00006104
-0.22972688,0.00006104
-0.22940688,0.00006104
-0.22908688,0.00006104
-0.22876688,0.00006104
-0.22844688,-0.01770074
-0.22812688,0.00006104
-0.22780688,0.00006104
-0.22748688,0.00006104
-0.22716688,0.00006104
-0.22684688,0.00006104
-0.22652688,0.00006104
-0.22620688,0.00006104
-0.22588688,0.00006104
-0.22556688,0.00006104
-0.22524688,0.00006104
-0.22492688,0.00006104
-0.22460688,0.00006104
-0.22428688,0.00006104
-0.22396688,0.00006104
-0.22364688,0.00006104
-0.22332688,0.00006104
-0.22300688,0.00006104
-0.22268688,0.00006104
-0.22236688,0.00006104
-0.22204688,0.00006104
-0.22172688,0.00006104
-0.22140688,-0.01770074
-0.22108688,0.00006104
-0.22076688,0.00006104
-0.22044688,-0.01770074
-0.22012688,0.00006104
-0.21980688,0.00006104
-0.21948688,0.00006104
-0.21916688,0.00006104
-0.21884688,-0.01770074
-0.21852688,0.00006104
-0.21820688,0.00006104
-0.21788688,0.00006104
-0.21756688,0.00006104
-0.21724688,0.00006104
-0.21692688,0.00006104
-0.21660688,0.00006104
-0.21628688,0.00006104
-0.21596688,0.00006104
-0.21564688,0.00006104
-0.21532688,0.00006104
-0.21500688,0.00006104
-0.21468688,0.00006104
-0.21436688,0.00006104
-0.21404688,0.00006104
-0.21372688,0.00006104
-0.21340688,0.00006104
-0.21308688,0.00006104
-0.21276688,0.00006104
-0.21244688,0.00006104
-0.21212688,-0.01770074
-0.21180688,0.00006104
-0.21148688,-0.01770074
-0.21116688,0.00006104
-0.21084688,0.00006104
-0.21052688,0.00006104
-0.21020688,0.00006104
-0.20988688,-0.01770074
-0.20956688,0.00006104
-0.20924688,0.00006104
-0.20892688,0.00006104
-0.20860688,0.00006104
-0.20828688,0.00006104
-0.20796688,0.00006104
-0.20764688,0.00006104
-0.20732688,0.00006104
-0.20700688,0.00006104
-0.20668688,0.00006104
-0.20636688,0.00006104
-0.20604688,-0.01770074
-0.20572688,0.00006104
-0.20540688,-0.01770074
-0.20508688,0.00006104
-0.20476688,0.00006104
-0.20444688,0.00006104
-0.20412688,0.00006104
-0.20380688,0.00006104
-0.20348688,0.00006104
-0.20316688,0.00006104
-0.20284688,0.00006104
-0.20252688,0.00006104
-0.20220688,0.00006104
-0.20188688,0.00006104
-0.20156688,0.00006104
-0.20124688,0.00006104
-0.20092688,0.00006104
-0.20060688,0.00006104
-0.20028688,0.00006104
-0.19996688,0.00006104
-0.19964688,0.00006104
-0.19932688,0.00006104
-0.19900688,0.00006104
-0.19868688,0.00006104
-0.19836688,0.00006104
-0.19804688,0.00006104
-0.19772688,0.00006104
-0.19740688,0.00006104
-0.19708688,0.00006104
-0.19676688,-0.01770074
-0.19644688,0.00006104
-0.19612688,0.00006104
-0.19580688,0.00006104
-0.19548688,0.00006104
-0.19516688,0.00006104
-0.19484688,0.00006104
-0.19452688,0.00006104
-0.19420688,0.00006104
-0.19388688,0.00006104
-0.19356688,0.00006104
-0.19324688,0.00006104
-0.19292688,0.00006104
-0.19260688,0.00006104
-0.19228688,0.00006104
-0.19196688,0.00006104
-0.19164688,-0.01770074
-0.19132688,0.00006104
-0.19100688,0.00006104
-0.19068688,0.00006104
-0.19036688,0.00006104
-0.19004688,0.00006104
-0.18972688,0.00006104
-0.18940688,0.00006104
-0.18908688,0.00006104
-0.18876688,0.00006104
-0.18844688,0.00006104
-0.18812688,0.00006104
-0.18780688,0.00006104
-0.18748688,-0.01770074
-0.18716688,0.00006104
-0.18684688,0.00006104
-0.18652688,0.00006104
-0.18620688,0.00006104
-0.18588688,0.00006104
-0.18556688,0.00006104
-0.18524688,0.00006104
-0.18492688,0.00006104
-0.18460688,0.00006104
-0.18428688,0.00006104
-0.18396688,0.00006104
-0.18364688,0.00006104
-0.18332688,0.00006104
-0.18300688,0.00006104
-0.18268688,0.00006104
-0.18236688,0.00006104
-0.18204688,0.00006104
-0.18172688,0.00006104
-0.18140688,0.00006104
-0.18108688,0.00006104
-0.18076688,0.00006104
-0.18044688,0.00006104
-0.18012688,-0.01770074
-0.17980688,0.00006104
-0.17948688,0.00006104
-0.17916688,0.00006104
-0.17884688,0.00006104
-0.17852688,0.00006104
-0.17820688,0.00006104
-0.17788688,-0.01770074
-0.17756688,0.00006104
-0.17724688,0.00006104
-0.17692688,0.00006104
-0.17660688,0.00006104
-0.17628688,0.00006104
-0.17596688,0.00006104
-0.17564688,0.00006104
-0.17532688,0.00006104
-0.17500688,0.00006104
-0.17468688,0.00006104
-0.17436688,0.00006104
-0.17404688,0.00006104
-0.17372688,0.00006104
-0.17340688,-0.01770074
-0.17308688,-0.01770074
-0.17276688,0.00006104
-0.17244688,0.00006104
-0.17212688,0.00006104
-0.17180688,0.00006104
-0.17148688,0.00006104
-0.17116688,0.00006104
-0.17084688,0.00006104
-0.17052688,0.00006104
-0.17020688,0.00006104
-0.16988688,0.00006104
-0.16956688,0.00006104
-0.16924688,0.00006104
-0.16892688,0.00006104
-0.16860688,0.00006104
-0.16828688,0.00006104
-0.16796688,0.00006104
-0.16764688,0.00006104
-0.16732688,0.00006104
-0.16700688,0.00006104
-0.16668688,0.00006104
-0.16636688,0.00006104
-0.16604688,-0.01770074
-0.16572688,0.00006104
-0.16540688,0.00006104
-0.16508688,0.00006104
-0.16476688,0.00006104
-0.16444688,0.00006104
-0.16412688,0.00006104
-0.16380688,0.00006104
-0.16348688,0.00006104
-0.16316688,0.00006104
-0.16284688,0.00006104
-0.16252688,0.00006104
-0.16220688,0.00006104
-0.16188688,0.00006104
-0.16156688,0.00006104
-0.16124688,0.00006104
-0.16092688,0.00006104
-0.16060688,0.00006104
-0.16028688,0.00006104
-0.15996688,0.00006104
-0.15964688,0.00006104
-0.15932688,0.00006104
-0.15900688,0.00006104
-0.15868688,0.00006104
-0.15836688,0.00006104
-0.15804688,0.00006104
-0.15772688,-0.01770074
-0.15740688,0.00006104
-0.15708688,0.00006104
-0.15676688,-0.01770074
-0.15644688,0.00006104
-0.15612688,0.00006104
-0.15580688,0.00006104
-0.15548688,0.00006104
-0.15516688,0.00006104
-0.15484688,0.00006104
-0.15452688,0.00006104
-0.15420688,0.00006104
-0.15388688,0.00006104
-0.15356688,-0.01770074
-0.15324688,0.00006104
-0.15292688,0.00006104
-0.15260688,0.00006104
-0.15228688,0.00006104
-0.15196688,-0.01770074
-0.15164688,-0.01770074
-0.15132688,0.00006104
-0.15100688,0.00006104
-0.15068688,0.00006104
-0.15036688,0.00006104
-0.15004688,0.00006104
-0.14972688,0.00006104
-0.14940688,0.00006104
-0.14908688,0.00006104
-0.14876688,0.00006104
-0.14844688,0.00006104
-0.14812688,0.00006104
-0.14780688,0.00006104
-0.14748688,0.00006104
-0.14716688,0.00006104
-0.14684688,0.00006104
-0.14652688,0.00006104
-0.14620688,0.00006104
-0.14588688,0.00006104
-0.14556688,0.00006104
-0.14524688,0.00006104
-0.14492688,0.00006104
-0.14460688,0.00006104
-0.14428688,0.00006104
-0.14396688,0.00006104
-0.14364688,0.00006104
-0.14332688,0.00006104
-0.14300688,0.00006104
-0.14268688,0.00006104
-0.14236688,-0.01770074
-0.14204688,0.00006104
-0.14172688,0.00006104
-0.14140688,0.00006104
-0.14108688,0.00006104
-0.14076688,0.00006104
-0.14044688,0.00006104
-0.14012688,0.00006104
-0.13980688,0.00006104
-0.13948688,0.00006104
-0.13916688,0.00006104
-0.13884688,0.00006104
-0.13852688,0.00006104
-0.13820688,0.00006104
-0.13788688,0.00006104
-0.13756688,-0.01770074
-0.13724688,0.00006104
-0.13692688,0.00006104
-0.13660688,-0.01770074
-0.13628688,0.00006104
-0.13596688,0.00006104
-0.13564688,-0.01770074
-0.13532688,0.00006104
-0.13500688,0.00006104
-0.13468688,0.00006104
-0.13436688,0.00006104
-0.13404688,0.00006104
-0.13372688,0.00006104
-0.13340688,0.00006104
-0.13308688,0.00006104
-0.13276688,0.00006104
-0.13244688,0.00006104
-0.13212688,-0.01770074
-0.13180688,0.00006104
-0.13148688,0.00006104
-0.13116688,0.00006104
-0.13084688,0.00006104
-0.13052688,0.00006104
-0.13020688,0.00006104
-0.12988688,0.00006104
-0.12956688,0.00006104
-0.12924688,0.00006104
-0.12892688,-0.01770074
-0.12860688,0.00006104
-0.12828688,0.00006104
-0.12796688,0.00006104
-0.12764688,0.00006104
-0.12732688,0.00006104
-0.12700688,0.00006104
-0.12668688,0.00006104
-0.12636688,0.00006104
-0.12604688,0.00006104
-0.12572688,0.00006104
-0.12540688,0.00006104
-0.12508688,0.00006104
-0.12476688,0.00006104
-0.12444688,0.00006104
-0.12412688,0.00006104
-0.12380688,0.00006104
-0.12348688,0.00006104
-0.12316688,0.00006104
-0.12284688,0.00006104
-0.12252688,0.00006104
-0.12220688,0.00006104
-0.12188688,0.00006104
-0.12156688,0.00006104
-0.12124688,0.00006104
-0.12092688,0.00006104
-0.12060688,0.00006104
-0.12028688,0.00006104
-0.11996688,0.00006104
-0.11964688,0.00006104
-0.11932688,0.00006104
-0.11900688,0.00006104
-0.11868688,0.00006104
-0.11836688,0.00006104
-0.11804688,0.00006104
-0.11772688,0.00006104
-0.11740688,0.00006104
-0.11708688,-0.01770074
-0.11676688,0.00006104
-0.11644688,0.00006104
-0.11612688,0.00006104
-0.11580688,0.00006104
-0.11548688,0.00006104
-0.11516688,0.00006104
-0.11484688,0.00006104
-0.11452688,0.00006104
-0.11420688,0.00006104
-0.11388688,0.00006104
-0.11356688,0.00006104
-0.11324688,0.00006104
-0.11292688,0.00006104
-0.11260688,0.00006104
-0.11228688,0.00006104
-0.11196688,0.00006104
-0.11164688,0.00006104
-0.11132688,0.00006104
-0.11100688,0.00006104
-0.11068688,0.00006104
-0.11036688,0.00006104
-0.11004688,0.00006104
-0.10972688,0.00006104
-0.10940688,0.00006104
-0.10908688,0.00006104
-0.10876688,0.00006104
-0.10844688,0.00006104
-0.10812688,0.00006104
-0.10780688,0.00006104
-0.10748688,0.00006104
-0.10716688,0.00006104
-0.10684688,0.00006104
-0.10652688,0.00006104
-0.10620688,0.00006104
-0.10588688,0.00006104
-0.10556688,0.00006104
-0.10524688,0.00006104
-0.10492688,0.00006104
-0.10460688,0.00006104
-0.10428688,0.00006104
-0.10396688,0.00006104
-0.10364688,0.00006104
-0.10332688,0.00006104
-0.10300688,0.00006104
-0.10268688,0.00006104
-0.10236688,0.00006104
-0.10204688,0.00006104
-0.10172688,0.00006104
-0.10140688,0.00006104
-0.10108688,0.00006104
-0.10076688,0.00006104
-0.10044688,0.00006104
-0.10012688,0.00006104
-0.09980688,0.00006104
-0.09948688,0.00006104
-0.09916688,0.00006104
-0.09884688,0.00006104
-0.09852688,0.00006104
-0.09820688,0.00006104
-0.09788688,0.00006104
-0.09756688,0.00006104
-0.09724688,0.00006104
-0.09692688,0.00006104
-0.09660688,0.00006104
-0.09628688,0.00006104
-0.09596688,-0.01770074
-0.09564688,0.00006104
-0.09532688,-0.01770074
-0.09500688,0.00006104
-0.09468688,0.00006104
-0.09436688,0.00006104
-0.09404688,-0.01770074
-0.09372688,0.00006104
-0.09340688,0.00006104
-0.09308688,0.00006104
-0.09276688,0.00006104
-0.09244688,0.00006104
-0.09212688,-0.01770074
-0.09180688,0.00006104
-0.09148688,0.00006104
-0.09116688,0.00006104
-0.09084688,0.00006104
-0.09052688,0.00006104
-0.09020688,0.00006104
-0.08988688,0.00006104
-0.08956688,0.00006104
-0.08924688,0.00006104
-0.08892688,0.00006104
-0.08860688,0.00006104
-0.08828688,0.00006104
-0.08796688,0.00006104
-0.08764688,0.00006104
-0.08732688,0.00006104
-0.08700688,0.00006104
-0.08668688,0.00006104
-0.08636688,0.00006104
-0.08604688,0.00006104
-0.08572688,0.00006104
-0.08540688,0.00006104
-0.08508688,0.00006104
-0.08476688,0.00006104
-0.08444688,0.00006104
-0.08412688,0.00006104
-0.08380688,0.00006104
-0.08348688,0.00006104
-0.08316688,0.00006104
-0.08284688,-0.01770074
-0.08252688,0.00006104
-0.08220688,0.00006104
-0.08188688,0.00006104
-0.08156688,0.00006104
-0.08124688,0.00006104
-0.08092688,0.00006104
-0.08060688,0.00006104
-0.08028688,0.00006104
-0.07996688,0.00006104
-0.07964688,0.00006104
-0.07932688,0.00006104
-0.07900688,0.00006104
-0.07868688,-0.01770074
-0.07836688,0.00006104
-0.07804688,0.00006104
-0.07772688,0.00006104
-0.07740688,0.00006104
-0.07708688,0.00006104
-0.07676688,0.00006104
-0.07644688,0.00006104
-0.07612688,0.00006104
-0.07580688,0.00006104
-0.07548688,0.00006104
-0.07516688,0.00006104
-0.07484688,0.00006104
-0.07452688,0.00006104
-0.07420688,0.00006104
-0.07388688,0.00006104
-0.07356688,0.00006104
-0.07324688,0.00006104
-0.07292688,-0.01770074
-0.07260688,0.00006104
-0.07228688,0.00006104
-0.07196688,0.00006104
-0.07164688,0.00006104
-0.07132688,0.00006104
-0.07100688,0.00006104
-0.07068688,0.00006104
-0.07036688,-0.01770074
-0.07004688,0.00006104
-0.06972688,0.00006104
-0.06940688,0.00006104
-0.06908688,0.00006104
-0.06876688,0.00006104
-0.06844688,0.00006104
-0.06812688,0.00006104
-0.06780688,0.00006104
-0.06748688,0.00006104
-0.06716688,0.00006104
-0.06684688,0.00006104
-0.06652688,0.00006104
-0.06620688,-0.01770074
-0.06588688,0.00006104
-0.06556688,0.00006104
-0.06524688,-0.01770074
-0.06492688,0.00006104
-0.06460688,0.00006104
-0.06428688,0.00006104
-0.06396688,0.00006104
-0.06364688,0.00006104
-0.06332688,0.00006104
-0.06300688,0.00006104
-0.06268688,0.00006104
-0.06236688,0.00006104
-0.06204688,0.00006104
-0.06172688,0.00006104
-0.06140688,0.00006104
-0.06108688,0.00006104
-0.06076688,0.00006104
-0.06044688,0.00006104
-0.06012688,0.00006104
-0.05980688,0.00006104
-0.05948688,0.00006104
-0.05916688,0.00006104
-0.05884688,0.00006104
-0.05852688,0.00006104
-0.05820688,0.00006104
-0.05788688,0.00006104
-0.05756688,0.00006104
-0.05724688,0.00006104
-0.05692688,0.00006104
-0.05660688,0.00006104
-0.05628688,0.00006104
-0.05596688,0.00006104
-0.05564688,0.00006104
-0.05532688,0.00006104
-0.05500688,0.00006104
-0.05468688,0.00006104
-0.05436688,0.00006104
-0.05404688,0.00006104
-0.05372688,0.00006104
-0.05340688,0.00006104
-0.05308688,0.00006104
-0.05276688,0.00006104
-0.05244688,0.00006104
-0.05212688,0.00006104
-0.05180688,0.00006104
-0.05148688,0.00006104
-0.05116688,0.00006104
-0.05084688,0.00006104
-0.05052688,0.00006104
-0.05020688,0.00006104
-0.04988688,0.00006104
-0.04956688,0.00006104
-0.04924688,0.00006104
-0.04892688,0.00006104
-0.04860688,-0.01770074
-0.04828688,0.00006104
-0.04796688,0.00006104
-0.04764688,0.00006104
-0.04732688,0.00006104
-0.04700688,0.00006104
-0.04668688,0.00006104
-0.04636688,0.00006104
-0.04604688,0.00006104
-0.04572688,0.00006104
-0.04540688,0.00006104
-0.04508688,0.00006104
-0.04476688,0.00006104
-0.04444688,0.00006104
-0.04412688,0.00006104
-0.04380688,0.00006104
-0.04348688,0.00006104
-0.04316688,0.00006104
-0.04284688,0.00006104
-0.04252688,0.00006104
-0.04220688,0.00006104
-0.04188688,0.00006104
-0.04156688,0.00006104
-0.04124688,0.00006104
-0.04092688,0.00006104
-0.04060688,0.00006104
-0.04028688,0.00006104
-0.03996688,0.00006104
-0.03964688,0.00006104
-0.03932688,0.00006104
-0.03900688,0.00006104
-0.03868688,0.00006104
-0.03836688,0.00006104
-0.03804688,0.00006104
-0.03772688,-0.01770074
-0.03740688,0.00006104
-0.03708688,0.00006104
-0.03676688,0.00006104
-0.03644688,0.00006104
-0.03612688,0.00006104
-0.03580688,0.00006104
-0.03548688,0.00006104
-0.03516688,0.00006104
-0.03484688,0.00006104
-0.03452688,0.00006104
-0.03420688,0.00006104
-0.03388688,0.00006104
-0.03356688,-0.01770074
-0.03324688,0.00006104
-0.03292688,0.00006104
-0.03260688,0.00006104
-0.03228688,0.00006104
-0.03196688,0.00006104
-0.03164688,0.00006104
-0.03132688,0.00006104
-0.03100688,0.00006104
-0.03068688,0.00006104
-0.03036688,0.00006104
-0.03004688,0.00006104
-0.02972688,0.00006104
-0.02940688,0.00006104
-0.02908688,0.00006104
-0.02876688,0.00006104
-0.02844688,0.00006104
-0.02812688,0.00006104
-0.02780688,0.00006104
-0.02748688,0.00006104
-0.02716688,0.00006104
-0.02684688,0.00006104
-0.02652688,0.00006104
-0.02620688,0.00006104
-0.02588688,0.00006104
-0.02556688,0.00006104
-0.02524688,0.00006104
-0.02492688,0.00006104
-0.02460688,0.00006104
-0.02428688,0.00006104
-0.02396688,0.00006104
-0.02364688,0.00006104
-0.02332688,0.00006104
-0.02300688,0.00006104
-0.02268688,0.00006104
-0.02236688,0.00006104
-0.02204688,0.00006104
-0.02172688,0.00006104
-0.02140688,0.00006104
-0.02108688,-0.01770074
-0.02076688,0.00006104
-0.02044688,0.00006104
-0.02012688,0.00006104
-0.01980688,0.00006104
-0.01948688,0.00006104
-0.01916688,0.00006104
-0.01884688,0.00006104
-0.01852688,0.00006104
-0.01820688,0.00006104
-0.01788688,0.00006104
-0.01756688,0.00006104
-0.01724688,0.00006104
-0.01692688,0.00006104
-0.01660688,0.00006104
-0.01628688,-0.01770074
-0.01596688,0.00006104
-0.01564688,0.00006104
-0.01532688,0.00006104
-0.01500688,0.00006104
-0.01468688,0.00006104
-0.01436688,0.00006104
-0.01404688,0.00006104
-0.01372688,0.00006104
-0.01340688,0.00006104
-0.01308688,0.00006104
-0.01276688,0.00006104
-0.01244688,0.00006104
-0.01212688,0.00006104
-0.01180688,0.00006104
-0.01148688,0.00006104
-0.01116688,0.00006104
-0.01084688,0.00006104
-0.01052688,0.00006104
-0.01020688,0.00006104
-0.00988688,0.00006104
-0.00956688,0.00006104
-0.00924688,0.00006104
-0.00892688,0.00006104
-0.00860688,0.00006104
-0.00828688,0.00006104
-0.00796688,0.00006104
-0.00764688,0.00006104
-0.00732688,0.00006104
-0.00700688,0.00006104
-0.00668688,0.00006104
-0.00636688,0.00006104
-0.00604688,0.00006104
-0.00572688,0.00006104
-0.00540688,0.00006104
-0.00508688,0.00006104
-0.00476688,-0.01770074
-0.00444688,0.01788385
-0.00412688,1.31730092
-0.00380688,1.03250217
-0.00348688,0.39161351
-0.00316688,0.03570665
-0.00284688,-0.07110813
-0.00252688,-0.07110813
-0.00220688,-0.05334635
-0.00188688,-0.03552354
-0.00156688,-0.01770074
-0.00124688,-0.12451552
-0.00092688,-1.03238010
-0.00060688,-∞
-0.00028688,-1.79778433
0.00003312,0.19580676
0.00035312,0.51625109
0.00067312,0.23145238
0.00099312,0.05346843
0.00131312,0.03570665
0.00163312,0.03570665
0.00195312,0.03570665
0.00227312,0.03570665
0.00259312,0.03570665
0.00291312,0.01788385
0.00323312,0.03570665
0.00355312,0.03570665
0.00387312,0.01788385
0.00419312,0.01788385
0.00451312,0.00006104
0.00483312,0.01788385
0.00515312,0.01788385
0.00547312,0.01788385
0.00579312,0.05346843
0.00611312,0.07129124
0.00643312,0.05346843
0.00675312,0.07129124
0.00707312,0.05346843
0.00739311,0.07129124
0.00771311,0.05346843
0.00803311,0.03570665
0.00835311,0.07129124
0.00867311,0.08911405
0.00899311,0.05346843
0.00931311,0.03570665
0.00963311,0.03570665
0.00995311,0.03570665
0.01027311,0.03570665
0.01059311,-0.01770074
0.01091311,-0.01770074
0.01123311,-0.03552354
0.01155311,-0.01770074
0.01187311,0.01788385
0.01219311,0.00006104
0.01251311,0.00006104
0.01283311,0.05346843
0.01315311,-0.01770074
0.01347311,-0.01770074
0.01379311,0.03570665
0.01411311,-0.03552354
0.01443311,0.00006104
0.01475311,0.03570665
0.01507311,0.01788385
0.01539311,0.01788385
0.01571311,0.03570665
0.01603311,0.01788385
0.01635311,0.00006104
0.01667311,0.01788385
0.01699311,0.01788385
0.01731311,0.01788385
0.01763311,0.01788385
0.01795311,0.03570665
0.01827311,0.00006104
0.01859311,-0.01770074
0.01891311,0.01788385
0.01923311,0.01788385
0.01955311,0.00006104
0.01987311,0.01788385
0.02019311,-0.01770074
0.02051311,0.00006104
0.02083311,0.01788385
0.02115311,0.00006104
0.02147311,0.00006104
0.02179311,0.01788385
0.02211311,0.01788385
0.02243311,0.01788385
0.02275311,0.01788385
0.02307311,0.00006104
0.02339311,0.00006104
0.02371311,0.01788385
0.02403311,0.01788385
0.02435311,0.00006104
0.02467311,0.01788385
0.02499311,0.00006104
0.02531311,0.00006104
0.02563311,0.00006104
0.02595311,0.00006104
0.02627311,0.00006104
0.02659311,0.00006104
0.02691311,-0.01770074
0.02723311,0.00006104
0.02755311,0.00006104
0.02787311,0.00006104
0.02819311,0.00006104
0.02851311,0.01788385
0.02883311,0.01788385
0.02915311,0.01788385
0.02947311,0.00006104
0.02979311,0.00006104
0.03011311,0.01788385
0.03043311,0.01788385
0.03075311,0.01788385
0.03107311,0.01788385
0.03139311,0.01788385
0.03171311,0.00006104
0.03203311,0.01788385
0.03235311,0.00006104
0.03267311,0.00006104
0.03299311,0.00006104
0.03331311,0.00006104
0.03363311,0.00006104
0.03395311,0.00006104
0.03427311,0.00006104
0.03459311,0.00006104
0.03491311,0.00006104
0.03523311,0.00006104
0.03555311,0.00006104
0.03587311,0.01788385
0.03619311,0.00006104
0.03651311,0.00006104
0.03683311,0.00006104
0.03715311,0.00006104
0.03747311,0.01788385
0.03779311,0.00006104
0.03811311,0.00006104
0.03843311,0.00006104
0.03875311,0.00006104
0.03907311,0.00006104
0.03939311,0.00006104
0.03971311,0.00006104
0.04003311,0.00006104
0.04035311,0.01788385
0.04067311,0.00006104
0.04099311,0.00006104
0.04131311,0.00006104
0.04163311,0.00006104
0.04195311,0.00006104
0.04227311,0.01788385
0.04259311,0.01788385
0.04291311,0.00006104
0.04323311,0.01788385
0.04355311,0.00006104
0.04387311,0.00006104
0.04419311,0.00006104
0.04451311,0.00006104
0.04483311,-0.01770074
0.04515311,0.00006104
0.04547311,0.00006104
0.04579311,0.00006104
0.04611311,0.00006104
0.04643311,0.00006104
0.04675311,0.00006104
0.04707311,0.00006104
0.04739311,0.00006104
0.04771311,0.00006104
0.04803311,0.00006104
0.04835311,0.00006104
0.04867311,0.00006104
0.04899311,0.00006104
0.04931311,0.00006104
0.04963311,0.00006104
0.04995311,0.01788385
0.05027311,0.00006104
0.05059311,0.00006104
0.05091311,0.00006104
0.05123311,0.00006104
0.05155311,0.00006104
0.05187311,0.00006104
0.05219311,-0.01770074
0.05251311,0.00006104
0.05283311,0.00006104
0.05315311,0.00006104
0.05347311,0.00006104
0.05379311,0.00006104
0.05411311,-0.01770074
0.05443311,0.00006104
0.05475311,0.00006104
0.05507311,0.00006104
0.05539311,0.00006104
0.05571311,0.00006104
0.05603311,0.00006104
0.05635311,0.00006104
0.05667311,0.00006104
0.05699311,0.00006104
0.05731311,0.00006104
0.05763311,0.00006104
0.05795311,0.00006104
0.05827311,0.00006104
0.05859311,0.00006104
0.05891311,0.00006104
0.05923311,0.00006104
0.05955311,0.00006104
0.05987311,-0.01770074
0.06019311,0.00006104
0.06051311,0.00006104
0.06083311,0.00006104
0.06115311,0.00006104
0.06147311,0.00006104
0.06179311,0.00006104
0.06211311,0.00006104
0.06243311,0.01788385
0.06275311,0.00006104
0.06307311,0.00006104
0.06339311,0.00006104
0.06371311,0.00006104
0.06403311,0.00006104
0.06435311,0.00006104
0.06467311,0.00006104
0.06499311,0.00006104
0.06531311,0.00006104
0.06563311,0.00006104
0.06595311,0.00006104
0.06627311,0.00006104
0.06659311,0.00006104
0.06691311,0.00006104
0.06723311,0.00006104
0.06755311,0.00006104
0.06787311,0.00006104
0.06819311,0.00006104
0.06851311,-0.01770074
0.06883311,0.00006104
0.06915311,0.00006104
0.06947311,0.00006104
0.06979311,0.00006104
0.07011311,0.00006104
0.07043311,0.00006104
0.07075311,0.00006104
0.07107311,0.00006104
0.07139311,0.00006104
0.07171311,0.00006104
0.07203311,0.00006104
0.07235311,0.00006104
0.07267311,0.00006104
0.07299311,0.00006104
0.07331311,0.00006104
0.07363311,0.00006104
0.07395311,0.00006104
0.07427311,0.00006104
0.07459311,0.00006104
0.07491311,0.00006104
0.07523311,0.00006104
0.07555311,0.00006104
0.07587311,0.00006104
0.07619311,0.00006104
0.07651311,0.00006104
0.07683311,0.00006104
0.07715311,-0.01770074
0.07747311,0.00006104
0.07779311,0.00006104
0.07811311,0.00006104
0.07843311,0.00006104
0.07875311,0.00006104
0.07907311,0.00006104
0.07939311,0.00006104
0.07971311,0.00006104
0.08003311,0.00006104
0.08035311,0.00006104
0.08067311,0.00006104
0.08099311,0.00006104
0.08131311,0.00006104
0.08163311,0.00006104
0.08195311,0.00006104
0.08227311,0.00006104
0.08259311,0.00006104
0.08291311,0.00006104
0.08323311,0.00006104
0.08355311,0.00006104
0.08387311,0.00006104
0.08419311,0.00006104
0.08451311,0.00006104
0.08483311,-0.01770074
0.08515311,0.00006104
0.08547311,0.00006104
0.08579311,0.00006104
0.08611311,0.00006104
0.08643311,0.00006104
0.08675311,0.00006104
0.08707311,0.00006104
0.08739311,0.00006104
0.08771311,0.00006104
0.08803311,0.00006104
0.08835311,0.00006104
0.08867311,0.00006104
0.08899311,0.00006104
0.08931311,0.00006104
0.08963311,0.00006104
0.08995311,0.00006104
0.09027311,0.00006104
0.09059311,-0.01770074
0.09091311,0.00006104
0.09123311,0.00006104
0.09155311,0.00006104
0.09187311,0.00006104
0.09219311,0.00006104
0.09251311,0.00006104
0.09283311,0.00006104
0.09315311,0.00006104
0.09347311,0.00006104
0.09379311,0.00006104
0.09411311,0.00006104
0.09443311,0.00006104
0.09475311,0.00006104
0.09507311,0.00006104
0.09539311,0.00006104
0.09571311,0.00006104
0.09603311,0.00006104
0.09635311,0.00006104
0.09667311,0.00006104
0.09699311,0.00006104
0.09731311,0.00006104
0.09763311,0.00006104
0.09795311,0.00006104
0.09827311,0.00006104
0.09859311,0.00006104
0.09891311,0.00006104
0.09923311,0.00006104
0.09955311,0.00006104
0.09987311,0.00006104
0.10019311,0.00006104
0.10051311,0.00006104
0.10083311,0.00006104
0.10115311,-0.01770074
0.10147311,0.00006104
0.10179311,0.00006104
0.10211311,0.00006104
0.10243311,0.00006104
0.10275311,0.00006104
0.10307311,0.00006104
0.10339311,0.00006104
0.10371311,0.00006104
0.10403311,0.00006104
0.10435311,0.00006104
0.10467311,0.00006104
0.10499311,0.00006104
0.10531311,0.00006104
0.10563311,0.00006104
0.10595311,0.00006104
0.10627311,0.00006104
0.10659311,0.00006104
0.10691311,-0.01770074
0.10723311,0.00006104
0.10755311,0.00006104
0.10787311,0.00006104
0.10819311,0.00006104
0.10851311,-0.01770074
0.10883311,-0.01770074
0.10915311,-0.01770074
0.10947311,0.00006104
0.10979311,0.00006104
0.11011311,0.00006104
0.11043311,0.00006104
0.11075311,0.00006104
0.11107311,0.00006104
0.11139311,0.00006104
0.11171311,0.00006104
0.11203311,0.00006104
0.11235311,0.00006104
0.11267311,0.00006104
0.11299311,0.00006104
0.11331311,0.00006104
0.11363311,0.00006104
0.11395311,0.00006104
0.11427311,0.00006104
0.11459311,0.00006104
0.11491311,0.00006104
0.11523311,0.00006104
0.11555311,-0.01770074
0.11587311,0.00006104
0.11619311,0.00006104
0.11651311,0.00006104
0.11683311,0.00006104
0.11715311,0.00006104
0.11747311,-0.01770074
0.11779311,0.00006104
0.11811311,0.00006104
0.11843311,0.00006104
0.11875311,0.00006104
0.11907311,0.00006104
0.11939311,0.00006104
0.11971311,0.00006104
0.12003311,0.00006104
0.12035311,0.00006104
0.12067311,0.00006104
0.12099311,0.00006104
0.12131311,-0.01770074
0.12163311,0.00006104
0.12195311,0.00006104
0.12227311,0.00006104
0.12259311,0.00006104
0.12291311,0.00006104
0.12323311,0.00006104
0.12355311,0.00006104
0.12387311,0.00006104
0.12419311,0.00006104
0.12451311,-0.01770074
0.12483311,0.00006104
0.12515311,0.00006104
0.12547311,0.00006104
0.12579311,0.00006104
0.12611311,0.00006104
0.12643311,0.00006104
0.12675311,-0.01770074
0.12707311,0.00006104
0.12739311,0.00006104
0.12771311,0.00006104
0.12803311,0.00006104
0.12835311,0.00006104
0.12867311,0.00006104
0.12899311,0.00006104
0.12931311,0.00006104
0.12963311,0.00006104
0.12995311,0.00006104
0.13027311,0.00006104
0.13059311,0.00006104
0.13091311,0.00006104
0.13123311,0.00006104
0.13155311,0.00006104
0.13187311,0.00006104
0.13219311,0.00006104
0.13251311,0.00006104
0.13283311,0.00006104
0.13315311,0.00006104
0.13347311,0.00006104
0.13379311,0.00006104
0.13411311,0.00006104
0.13443311,0.00006104
0.13475311,0.00006104
0.13507311,0.00006104
0.13539311,0.00006104
0.13571311,0.00006104
0.13603311,0.00006104
0.13635311,0.00006104
0.13667311,0.00006104
0.13699311,0.00006104
0.13731311,0.00006104
0.13763311,0.00006104
0.13795311,0.00006104
0.13827311,0.00006104
0.13859311,0.00006104
0.13891311,0.00006104
0.13923311,0.00006104
0.13955311,0.00006104
0.13987311,-0.01770074
0.14019311,0.00006104
0.14051311,0.00006104
0.14083311,0.00006104
0.14115311,0.00006104
0.14147311,0.00006104
0.14179311,0.00006104
0.14211311,0.00006104
0.14243311,0.00006104
0.14275311,0.00006104
0.14307311,0.00006104
0.14339311,0.00006104
0.14371311,-0.01770074
0.14403311,0.00006104
0.14435311,0.00006104
0.14467311,0.00006104
0.14499311,0.00006104
0.14531311,0.00006104
0.14563311,0.00006104
0.14595311,0.00006104
0.14627311,0.00006104
0.14659311,-0.01770074
0.14691311,0.00006104
0.14723311,0.00006104
0.14755311,0.00006104
0.14787311,0.00006104
0.14819311,0.00006104
0.14851311,0.00006104
0.14883311,0.00006104
0.14915311,0.00006104
0.14947311,0.00006104
0.14979311,0.00006104
0.15011311,0.00006104
0.15043311,0.00006104
0.15075311,0.00006104
0.15107311,0.00006104
0.15139311,0.00006104
0.15171311,0.00006104
0.15203311,0.00006104
0.15235311,0.00006104
0.15267311,0.00006104
0.15299311,0.00006104
0.15331311,0.00006104
0.15363311,0.00006104
0.15395311,0.00006104
0.15427311,-0.01770074
0.15459311,0.00006104
0.15491311,0.00006104
0.15523311,0.00006104
0.15555311,-0.01770074
0.15587311,0.00006104
0.15619311,0.00006104
0.15651311,0.00006104
0.15683311,0.00006104
0.15715311,0.00006104
0.15747311,-0.01770074
0.15779311,0.00006104
0.15811311,0.00006104
0.15843311,0.00006104
0.15875311,0.00006104
0.15907311,0.00006104
0.15939311,0.00006104
0.15971311,0.00006104
0.16003311,0.00006104
0.16035311,0.00006104
0.16067311,0.00006104
0.16099311,0.00006104
0.16131311,0.00006104
0.16163311,0.00006104
0.16195311,0.00006104
0.16227311,0.00006104
0.16259311,0.00006104
0.16291311,0.00006104
0.16323311,0.00006104
0.16355311,0.00006104
0.16387311,0.00006104
0.16419311,0.00006104
0.16451311,0.00006104
0.16483311,0.00006104
0.16515311,0.00006104
0.16547311,0.00006104
0.16579311,0.00006104
0.16611311,0.00006104
0.16643311,0.00006104
0.16675311,0.00006104
0.16707311,0.00006104
0.16739311,0.00006104
0.16771311,0.00006104
0.16803311,0.00006104
0.16835311,0.00006104
0.16867311,0.00006104
0.16899311,0.00006104
0.16931311,0.00006104
0.16963311,0.00006104
0.16995311,0.00006104
0.17027311,0.00006104
0.17059311,0.00006104
0.17091311,0.00006104
0.17123311,0.00006104
0.17155311,0.00006104
0.17187311,0.00006104
0.17219311,0.00006104
0.17251311,0.00006104
0.17283311,0.00006104
0.17315311,0.00006104
0.17347311,0.00006104
0.17379311,0.00006104
0.17411311,0.00006104
0.17443311,0.00006104
0.17475311,0.00006104
0.17507311,0.00006104
0.17539311,-0.01770074
0.17571311,0.00006104
0.17603311,0.00006104
0.17635311,0.00006104
0.17667311,0.00006104
0.17699311,0.00006104
0.17731311,0.00006104
0.17763311,0.00006104
0.17795311,-0.01770074
0.17827311,0.00006104
0.17859311,0.00006104
0.17891311,0.00006104
0.17923311,0.00006104
0.17955311,0.00006104
0.17987311,0.00006104
0.18019311,0.00006104
0.18051311,0.00006104
0.18083311,0.00006104
0.18115311,0.00006104
0.18147311,0.00006104
0.18179311,0.00006104
0.18211311,0.00006104
0.18243311,0.00006104
0.18275311,0.00006104
0.18307311,0.00006104
0.18339311,0.00006104
0.18371311,0.00006104
0.18403311,0.00006104
0.18435311,0.00006104
0.18467311,0.00006104
0.18499311,0.00006104
0.18531311,0.00006104
0.18563311,0.00006104
0.18595311,0.00006104
0.18627311,0.00006104
0.18659311,0.00006104
0.18691311,0.00006104
0.18723311,0.00006104
0.18755311,0.00006104
0.18787311,0.00006104
0.18819311,0.00006104
0.18851311,0.00006104
0.18883311,0.00006104
0.18915311,0.00006104
0.18947311,0.00006104
0.18979311,0.00006104
0.19011311,0.00006104
0.19043311,0.00006104
0.19075311,0.00006104
0.19107311,0.00006104
0.19139311,0.00006104
0.19171311,0.00006104
0.19203311,0.00006104
0.19235311,0.00006104
0.19267311,0.00006104
0.19299311,0.00006104
0.19331311,0.00006104
0.19363311,0.00006104
0.19395311,0.00006104
0.19427311,0.00006104
0.19459311,0.00006104
0.19491311,0.00006104
0.19523311,0.00006104
0.19555311,0.00006104
0.19587311,0.00006104
0.19619311,0.00006104
0.19651311,0.00006104
0.19683311,0.00006104
0.19715311,0.00006104
0.19747311,0.00006104
0.19779311,0.00006104
0.19811311,0.00006104
0.19843311,0.00006104
0.19875311,0.00006104
0.19907311,0.00006104
0.19939311,0.00006104
0.19971311,0.00006104
0.20003311,0.00006104
0.20035311,0.00006104
0.20067311,0.00006104
0.20099311,0.00006104
0.20131311,0.00006104
0.20163311,0.00006104
0.20195311,-0.01770074
0.20227311,0.00006104
0.20259311,0.00006104
0.20291311,0.00006104
0.20323311,0.00006104
0.20355311,0.00006104
0.20387311,0.00006104
0.20419311,0.00006104
0.20451311,0.00006104
0.20483311,0.00006104
0.20515311,0.00006104
0.20547311,0.00006104
0.20579311,0.00006104
0.20611311,-0.01770074
0.20643311,0.00006104
0.20675311,0.00006104
0.20707311,-0.01770074
0.20739311,0.00006104
0.20771311,0.00006104
0.20803311,0.00006104
0.20835311,0.00006104
0.20867311,0.00006104
0.20899311,0.00006104
0.20931311,0.00006104
0.20963311,0.00006104
0.20995311,0.00006104
0.21027311,0.00006104
0.21059311,0.00006104
0.21091311,0.00006104
0.21123311,0.00006104
0.21155311,0.00006104
0.21187311,0.00006104
0.21219311,0.00006104
0.21251311,0.00006104
0.21283311,0.00006104
0.21315311,0.00006104
0.21347311,0.00006104
0.21379311,0.00006104
0.21411311,0.00006104
0.21443311,0.00006104
0.21475311,0.00006104
0.21507311,0.00006104
0.21539311,-0.01770074
0.21571311,0.00006104
0.21603311,0.00006104
0.21635311,0.00006104
0.21667311,0.00006104
0.21699311,0.00006104
0.21731311,0.00006104
0.21763311,0.00006104
0.21795311,0.00006104
0.21827311,0.00006104
0.21859311,0.00006104
0.21891311,0.00006104
0.21923311,0.00006104
0.21955311,0.00006104
0.21987311,0.00006104
0.22019311,0.00006104
0.22051311,0.00006104
0.22083311,0.00006104
0.22115311,0.00006104
0.22147311,0.00006104
0.22179311,0.00006104
0.22211311,0.00006104
0.22243311,0.00006104
0.22275311,-0.01770074
0.22307311,0.00006104
0.22339311,0.00006104
0.22371311,0.00006104
0.22403311,0.00006104
0.22435311,0.00006104
0.22467311,0.00006104
0.22499311,0.00006104
0.22531311,0.00006104
0.22563311,0.00006104
0.22595311,0.00006104
0.22627311,0.00006104
0.22659311,0.00006104
0.22691311,0.00006104
0.22723311,0.00006104
0.22755311,0.00006104
0.22787311,0.00006104
0.22819311,0.00006104
0.22851311,0.00006104
0.22883311,0.00006104
0.22915311,0.00006104
0.22947311,0.00006104
0.22979311,0.00006104
0.23011311,0.00006104
0.23043311,0.00006104
0.23075311,0.00006104
0.23107311,0.00006104
0.23139311,0.00006104
0.23171311,0.00006104
0.23203311,0.00006104
0.23235311,0.00006104
0.23267311,0.00006104
0.23299311,0.00006104
0.23331311,0.00006104
0.23363311,0.00006104
0.23395311,0.00006104
0.23427311,0.00006104
0.23459311,0.00006104
0.23491311,0.00006104
0.23523311,0.00006104
0.23555311,0.00006104
0.23587311,0.00006104
0.23619311,0.00006104
0.23651311,-0.01770074
0.23683311,0.00006104
0.23715311,0.00006104
0.23747311,0.00006104
0.23779311,0.00006104
0.23811311,0.00006104
0.23843311,-0.01770074
0.23875311,0.00006104
0.23907311,0.00006104
0.23939311,0.00006104
0.23971311,0.00006104
0.24003311,0.00006104
0.24035311,0.00006104
0.24067311,0.00006104
0.24099311,0.00006104
0.24131311,0.00006104
0.24163311,0.00006104
0.24195311,0.00006104
0.24227311,0.00006104
0.24259311,0.00006104
0.24291311,0.00006104
0.24323311,0.00006104
0.24355311,0.00006104
0.24387311,0.00006104
0.24419311,-0.01770074
0.24451311,0.00006104
0.24483311,0.00006104
0.24515311,0.00006104
0.24547311,0.00006104
0.24579311,0.00006104
0.24611311,0.00006104
0.24643311,0.00006104
0.24675311,0.00006104
0.24707311,0.00006104
0.24739311,0.00006104
0.24771311,0.00006104
0.24803311,0.00006104
0.24835311,0.00006104
0.24867311,0.00006104
0.24899311,0.00006104
0.24931311,0.00006104
0.24963311,0.00006104
0.24995311,0.00006104
0.25027311,0.00006104
0.25059311,0.00006104
0.25091311,0.00006104
0.25123311,0.00006104
0.25155311,0.00006104
0.25187311,0.00006104
0.25219311,0.00006104
0.25251311,0.00006104
0.25283311,0.00006104
0.25315311,-0.01770074
0.25347311,0.00006104
0.25379311,-0.01770074
0.25411311,0.00006104
0.25443311,0.00006104
0.25475311,0.00006104
0.25507311,-0.01770074
0.25539311,-0.01770074
0.25571311,0.00006104
0.25603311,-0.01770074
0.25635311,0.00006104
0.25667311,0.00006104
0.25699311,0.00006104
0.25731311,0.00006104
0.25763311,0.00006104
0.25795311,0.00006104
0.25827311,0.00006104
0.25859311,0.00006104
0.25891311,0.00006104
0.25923311,0.00006104
0.25955311,0.00006104
0.25987311,0.00006104
0.26019311,0.00006104
0.26051311,0.00006104
0.26083311,0.00006104
0.26115311,0.00006104
0.26147311,0.00006104
0.26179311,0.00006104
0.26211311,0.00006104
0.26243311,0.00006104
0.26275311,0.00006104
0.26307311,-0.01770074
0.26339311,0.00006104
0.26371311,0.00006104
0.26403311,-0.01770074
0.26435311,0.00006104
0.26467311,-0.01770074
0.26499311,-0.01770074
0.26531311,0.00006104
0.26563311,0.00006104
0.26595311,-0.01770074
0.26627311,0.00006104
0.26659311,0.00006104
0.26691311,0.00006104
0.26723311,0.00006104
0.26755311,0.00006104
0.26787311,0.00006104
0.26819311,0.00006104
0.26851311,0.00006104
0.26883311,0.00006104
0.26915311,0.00006104
0.26947311,0.00006104
0.26979311,-0.01770074
0.27011311,0.00006104
0.27043311,0.00006104
0.27075311,0.00006104
0.27107311,-0.01770074
0.27139311,0.00006104
0.27171311,0.00006104
0.27203311,0.00006104
0.27235311,0.00006104
0.27267311,0.00006104
0.27299311,0.00006104
0.27331311,0.00006104
0.27363311,0.00006104
0.27395311,0.00006104
0.27427311,0.00006104
0.27459311,0.00006104
0.27491311,0.00006104
0.27523311,0.00006104
0.27555311,0.00006104
0.27587311,0.00006104
0.27619311,0.00006104
0.27651311,-0.01770074
0.27683311,0.00006104
0.27715311,0.00006104
0.27747311,0.00006104
0.27779311,0.00006104
0.27811311,0.00006104
0.27843311,0.00006104
0.27875311,0.00006104
0.27907311,0.00006104
0.27939311,0.00006104
0.27971311,-0.01770074
0.28003311,-0.01770074
0.28035311,-0.01770074
0.28067311,0.00006104
0.28099311,0.00006104
0.28131311,0.00006104
0.28163311,0.00006104
0.28195311,0.00006104
0.28227311,0.00006104
0.28259311,0.00006104
0.28291311,0.00006104
0.28323311,0.00006104
0.28355311,0.00006104
0.28387311,0.00006104
0.28419311,0.00006104
0.28451311,0.00006104
0.28483311,0.00006104
0.28515311,0.00006104
0.28547311,0.00006104
0.28579311,0.00006104
0.28611311,0.00006104
0.28643311,0.00006104
0.28675311,0.00006104
0.28707311,0.00006104
0.28739311,-0.01770074
0.28771311,0.00006104
0.28803311,-0.01770074
0.28835311,0.00006104
0.28867311,-0.01770074
0.28899311,0.00006104
0.28931311,0.00006104
0.28963311,0.00006104
0.28995311,0.00006104
0.29027311,0.00006104
0.29059311,0.00006104
0.29091311,0.00006104
0.29123311,0.00006104
0.29155311,0.00006104
0.29187311,0.00006104
0.29219311,0.00006104
0.29251311,0.00006104
0.29283311,0.00006104
0.29315311,0.00006104
0.29347311,0.00006104
0.29379311,0.00006104
0.29411311,0.00006104
0.29443311,0.00006104
0.29475311,0.00006104
0.29507311,0.00006104
0.29539311,0.00006104
0.29571311,0.00006104
0.29603311,0.00006104
0.29635311,0.00006104
0.29667311,0.00006104
0.29699311,0.00006104
0.29731311,0.00006104
0.29763311,0.00006104
0.29795311,0.00006104
0.29827311,0.00006104
0.29859311,0.00006104
0.29891311,0.00006104
0.29923311,0.00006104
0.29955311,0.00006104
0.29987311,0.00006104
0.30019311,0.00006104
0.30051311,0.00006104
0.30083311,0.00006104
0.30115311,0.00006104
0.30147311,0.00006104
0.30179311,0.00006104
0.30211311,0.00006104
0.30243311,0.00006104
0.30275311,0.00006104
0.30307311,0.00006104
0.30339311,0.00006104
0.30371311,0.00006104
0.30403311,0.00006104
0.30435311,0.00006104
0.30467311,0.00006104
0.30499311,0.00006104
0.30531311,0.00006104
0.30563311,0.00006104
0.30595311,0.00006104
0.30627311,0.00006104
0.30659311,0.00006104
0.30691311,0.00006104
0.30723311,0.00006104
0.30755311,0.00006104
0.30787311,0.00006104
0.30819311,0.00006104
0.30851311,0.00006104
0.30883311,0.00006104
0.30915311,0.00006104
0.30947311,0.00006104
0.30979311,0.00006104
0.31011311,0.00006104
0.31043311,0.00006104
0.31075311,0.00006104
0.31107311,0.00006104
0.31139311,-0.01770074
0.31171311,0.00006104
0.31203311,0.00006104
0.31235311,0.00006104
0.31267311,0.00006104
0.31299311,0.00006104
0.31331311,0.00006104
0.31363311,0.00006104
0.31395311,0.00006104
0.31427311,0.00006104
0.31459311,0.00006104
0.31491311,0.00006104
0.31523311,-0.01770074
0.31555311,0.00006104
0.31587311,0.00006104
0.31619311,0.00006104
0.31651311,0.00006104
0.31683311,-0.01770074
0.31715311,0.00006104
0.31747311,0.00006104
0.31779311,0.00006104
0.31811311,0.00006104
0.31843311,0.00006104
0.31875311,0.00006104
0.31907311,0.00006104
0.31939311,0.00006104
0.31971311,-0.01770074
0.32003311,0.00006104
0.32035311,0.00006104
0.32067311,0.00006104
0.32099311,0.00006104
0.32131311,0.00006104
0.32163311,0.00006104
0.32195311,0.00006104
0.32227311,0.00006104
0.32259311,0.00006104
0.32291311,0.00006104
0.32323311,0.00006104
0.32355311,0.00006104
0.32387311,0.00006104
0.32419311,0.00006104
0.32451311,0.00006104
0.32483311,0.00006104
0.32515311,0.00006104
0.32547311,0.00006104
0.32579311,0.00006104
0.32611311,0.00006104
0.32643311,0.00006104
0.32675311,0.00006104
0.32707311,0.00006104
0.32739311,0.00006104
0.32771311,0.00006104
0.32803311,0.00006104
0.32835311,0.00006104
0.32867311,0.00006104
0.32899311,0.00006104
0.32931311,0.00006104
0.32963311,0.00006104
0.32995311,0.00006104
0.33027311,0.00006104
0.33059311,0.00006104
0.33091311,0.00006104
0.33123311,0.00006104
0.33155311,0.00006104
0.33187311,0.00006104
0.33219311,0.00006104
0.33251311,0.00006104
0.33283311,0.00006104
0.33315311,0.00006104
0.33347311,0.00006104
0.33379311,0.00006104
0.33411311,0.00006104
0.33443311,0.00006104
0.33475311,0.00006104
0.33507311,0.00006104
0.33539311,0.00006104
0.33571311,0.00006104
0.33603311,0.00006104
0.33635311,0.00006104
0.33667311,0.00006104
0.33699311,0.00006104
0.33731311,-0.01770074
0.33763311,0.00006104
0.33795311,0.00006104
0.33827311,0.00006104
0.33859311,0.00006104
0.33891311,0.00006104
0.33923311,0.00006104
0.33955311,0.00006104
0.33987311,0.00006104
0.34019311,0.00006104
0.34051311,0.00006104
0.34083311,0.00006104
0.34115311,0.00006104
0.34147311,0.00006104
0.34179311,0.00006104
0.34211311,0.00006104
0.34243311,0.00006104
0.34275311,0.00006104
0.34307311,0.00006104
0.34339311,0.00006104
0.34371311,0.00006104
0.34403311,0.00006104
0.34435311,0.00006104
0.34467311,0.00006104
0.34499311,0.00006104
0.34531311,0.00006104
0.34563311,0.00006104
0.34595311,0.00006104
0.34627311,0.00006104
0.34659311,0.00006104
0.34691311,0.00006104
0.34723311,0.00006104
0.34755311,0.00006104
0.34787311,0.00006104
0.34819311,0.00006104
0.34851311,0.00006104
0.34883311,0.00006104
0.34915311,0.00006104
0.34947311,0.00006104
0.34979311,0.00006104
0.35011311,0.00006104
0.35043311,0.00006104
0.35075311,0.00006104
0.35107311,0.00006104
0.35139311,0.00006104
0.35171311,-0.01770074
0.35203311,0.00006104
0.35235311,0.00006104
0.35267311,0.00006104
0.35299311,0.00006104
0.35331311,0.00006104
0.35363311,0.00006104
0.35395311,0.00006104
0.35427311,0.00006104
0.35459311,0.00006104
0.35491311,0.00006104
0.35523311,0.00006104
0.35555311,0.00006104
0.35587311,0.00006104
0.35619311,0.00006104
0.35651311,0.00006104
0.35683311,0.00006104
0.35715311,0.00006104
0.35747311,0.00006104
0.35779311,0.00006104
0.35811311,0.00006104
0.35843311,0.00006104
0.35875311,0.00006104
0.35907311,0.00006104
0.35939311,0.00006104
0.35971311,0.00006104
0.36003311,0.00006104
0.36035311,0.00006104
0.36067311,0.00006104
0.36099311,0.00006104
0.36131311,0.00006104
0.36163311,-0.01770074
0.36195311,0.00006104
0.36227311,0.00006104
0.36259311,0.00006104
0.36291311,0.00006104
0.36323311,0.00006104
0.36355311,0.00006104
0.36387311,0.00006104
0.36419311,0.00006104
0.36451311,0.00006104
0.36483311,0.00006104
0.36515311,0.00006104
0.36547311,0.00006104
0.36579311,0.00006104
0.36611311,0.00006104
0.36643311,0.00006104
0.36675311,0.00006104
0.36707311,0.00006104
0.36739311,0.00006104
0.36771311,0.00006104
0.36803311,0.00006104
0.36835311,0.00006104
0.36867311,0.00006104
0.36899311,0.00006104
0.36931311,0.00006104
0.36963311,0.00006104
0.36995311,0.00006104
0.37027311,-0.01770074
0.37059311,0.00006104
0.37091311,-0.01770074
0.37123311,0.00006104
0.37155311,0.00006104
0.37187311,0.00006104
0.37219311,0.00006104
0.37251311,0.00006104
0.37283311,0.00006104
0.37315311,0.00006104
0.37347311,0.00006104
0.37379311,0.00006104
0.37411311,0.00006104
0.37443311,0.00006104
0.37475311,0.00006104
0.37507311,0.00006104
0.37539311,0.00006104
0.37571311,0.00006104
0.37603311,0.00006104
0.37635311,-0.01770074
0.37667311,-0.01770074
0.37699311,-0.01770074
0.37731311,0.00006104
0.37763311,0.00006104
0.37795311,0.00006104
0.37827311,0.00006104
0.37859311,0.00006104
0.37891311,0.00006104
0.37923311,0.00006104
0.37955311,0.00006104
0.37987311,0.00006104
0.38019311,0.00006104
0.38051311,0.00006104
0.38083311,0.00006104
0.38115311,0.00006104
0.38147311,0.00006104
0.38179311,0.00006104
0.38211311,0.00006104
0.38243311,0.00006104
0.38275311,0.00006104
0.38307311,0.00006104
0.38339311,0.00006104
0.38371311,0.00006104
0.38403311,-0.01770074
0.38435311,0.00006104
0.38467311,0.00006104
0.38499311,0.00006104
0.38531311,0.00006104
0.38563311,0.00006104
0.38595311,0.00006104
0.38627311,0.00006104
0.38659311,0.00006104
0.38691311,0.00006104
0.38723311,0.00006104
0.38755311,0.00006104
0.38787311,0.00006104
0.38819311,0.00006104
0.38851311,0.00006104
0.38883311,0.00006104
0.38915311,0.00006104
0.38947311,0.00006104
0.38979311,0.00006104
0.39011311,0.00006104
0.39043311,0.00006104
0.39075311,0.00006104
0.39107311,0.00006104
0.39139311,0.00006104
0.39171311,0.00006104
0.39203311,0.00006104
0.39235311,0.00006104
0.39267311,0.00006104
0.39299311,0.00006104
0.39331311,0.00006104
0.39363311,0.00006104
0.39395311,0.00006104
0.39427311,0.00006104
0.39459311,0.00006104
0.39491311,0.00006104
0.39523311,0.00006104
0.39555311,0.00006104
0.39587311,0.00006104
0.39619311,0.00006104
0.39651311,0.00006104
0.39683311,0.00006104
0.39715311,0.00006104
0.39747311,0.00006104
0.39779311,0.00006104
0.39811311,0.00006104
0.39843311,0.00006104
0.39875311,0.00006104
0.39907311,0.00006104
0.39939311,-0.01770074
0.39971311,0.00006104
0.40003311,0.00006104
0.40035311,-0.01770074
0.40067311,0.00006104
0.40099311,0.00006104
0.40131311,0.00006104
0.40163311,0.00006104
0.40195311,0.00006104
0.40227311,0.00006104
0.40259311,0.00006104
0.40291311,0.00006104
0.40323311,0.00006104
0.40355311,0.00006104
0.40387311,0.00006104
0.40419311,0.00006104
0.40451311,0.00006104
0.40483311,0.00006104
0.40515311,0.00006104
0.40547311,-0.01770074
0.40579311,0.00006104
0.40611311,-0.01770074
0.40643311,0.00006104
0.40675311,0.00006104
0.40707311,0.00006104
0.40739311,0.00006104
0.40771311,0.00006104
0.40803311,0.00006104
0.40835311,0.00006104
0.40867311,0.00006104
0.40899311,0.00006104
0.40931311,0.00006104
0.40963311,0.00006104
0.40995311,0.00006104
0.41027311,0.00006104
0.41059311,0.00006104
0.41091311,0.00006104
0.41123311,0.00006104
0.41155311,0.00006104
0.41187311,0.00006104
0.41219311,0.00006104
0.41251311,0.00006104
0.41283311,0.00006104
0.41315311,0.00006104
0.41347311,0.00006104
0.41379311,0.00006104
0.41411311,0.00006104
0.41443311,0.00006104
0.41475311,0.00006104
0.41507311,-0.01770074
0.41539311,0.00006104
0.41571311,0.00006104
0.41603311,0.00006104
0.41635311,0.00006104
0.41667311,0.00006104
0.41699311,0.00006104
0.41731311,0.00006104
0.41763311,0.00006104
0.41795311,0.00006104
0.41827311,0.00006104
0.41859311,-0.01770074
0.41891311,0.00006104
0.41923311,0.00006104
0.41955311,0.00006104
0.41987311,0.00006104
0.42019311,0.00006104
0.42051311,0.00006104
0.42083311,-0.01770074
0.42115311,0.00006104
0.42147311,0.00006104
0.42179311,-0.01770074
0.42211311,0.00006104
0.42243311,0.00006104
0.42275311,0.00006104
0.42307311,0.00006104
0.42339311,0.00006104
0.42371311,0.00006104
0.42403311,0.00006104
0.42435311,0.00006104
0.42467311,0.00006104
0.42499311,0.00006104
0.42531311,0.00006104
0.42563311,0.00006104
0.42595311,0.00006104
0.42627311,0.00006104
0.42659311,0.00006104
0.42691311,0.00006104
0.42723311,0.00006104
0.42755311,0.00006104
0.42787311,0.00006104
0.42819311,0.00006104
0.42851311,0.00006104
0.42883311,0.00006104
0.42915311,0.00006104
0.42947311,0.00006104
0.42979311,0.00006104
0.43011311,0.00006104
0.43043311,0.00006104
0.43075311,0.00006104
0.43107311,0.00006104
0.43139311,0.00006104
0.43171311,0.00006104
0.43203311,0.00006104
0.43235311,0.00006104
0.43267311,0.00006104
0.43299311,-0.01770074
0.43331311,0.00006104
0.43363311,0.00006104
0.43395311,0.00006104
0.43427311,0.00006104
0.43459311,0.00006104
0.43491311,0.00006104
0.43523311,0.00006104
0.43555311,0.00006104
0.43587311,0.00006104
0.43619311,0.00006104
0.43651311,0.00006104
0.43683311,0.00006104
0.43715311,0.00006104
0.43747311,0.00006104
0.43779311,0.00006104
0.43811311,0.00006104
0.43843311,0.00006104
0.43875311,0.00006104
0.43907311,0.00006104
0.43939311,0.00006104
0.43971311,0.00006104
0.44003311,0.00006104
0.44035311,0.00006104
0.44067311,0.00006104
0.44099311,0.00006104
0.44131311,0.00006104
0.44163311,0.00006104
0.44195311,0.00006104
0.44227311,0.00006104
0.44259311,-0.01770074
0.44291311,-0.01770074
0.44323311,0.00006104
0.44355311,0.00006104
0.44387311,0.00006104
0.44419311,-0.01770074
0.44451311,0.00006104
0.44483311,0.00006104
0.44515311,0.00006104
0.44547311,0.00006104
0.44579311,0.00006104
0.44611311,0.00006104
0.44643311,0.00006104
0.44675311,0.00006104
0.44707311,0.00006104
0.44739311,0.00006104
0.44771311,0.00006104
0.44803311,0.00006104
0.44835311,0.00006104
0.44867311,0.00006104
0.44899311,0.00006104
0.44931311,0.00006104
0.44963311,0.00006104
0.44995311,0.00006104
0.45027311,0.00006104
0.45059311,0.00006104
0.45091311,0.00006104
0.45123311,-0.01770074
0.45155311,0.00006104
0.45187311,0.00006104
0.45219311,0.00006104
0.45251311,0.00006104
0.45283311,0.00006104
0.45315311,0.00006104
0.45347311,0.00006104
0.45379311,0.00006104
0.45411311,0.00006104
0.45443311,0.00006104
0.45475311,0.00006104
0.45507311,0.00006104
0.45539311,0.00006104
0.45571311,0.00006104
0.45603311,0.00006104
0.45635311,0.00006104
0.45667311,0.00006104
0.45699311,0.00006104
0.45731311,-0.01770074
0.45763311,0.00006104
0.45795311,-0.01770074
0.45827311,0.00006104
0.45859311,0.00006104
0.45891311,0.00006104
0.45923311,0.00006104
0.45955311,0.00006104
0.45987311,0.00006104
0.46019311,0.00006104
0.46051311,0.00006104
0.46083311,-0.01770074
0.46115311,0.00006104
0.46147311,0.00006104
0.46179311,0.00006104
0.46211311,0.00006104
0.46243311,0.00006104
0.46275311,0.00006104
0.46307311,0.00006104
0.46339311,0.00006104
0.46371311,0.00006104
0.46403311,0.00006104
0.46435311,0.00006104
0.46467311,0.00006104
0.46499311,0.00006104
0.46531311,0.00006104
0.46563311,0.00006104
0.46595311,0.00006104
0.46627311,0.00006104
0.46659311,0.00006104
0.46691311,0.00006104
0.46723311,0.00006104
0.46755311,0.00006104
0.46787311,0.00006104
0.46819311,0.00006104
0.46851311,0.00006104
0.46883311,0.00006104
0.46915311,0.00006104
0.46947311,0.00006104
0.46979311,0.00006104
0.47011311,0.00006104
0.47043311,0.00006104
0.47075311,0.00006104
0.47107311,0.00006104
0.47139311,0.00006104
0.47171311,0.00006104
0.47203311,0.00006104
0.47235311,0.00006104
0.47267311,0.00006104
0.47299311,0.00006104
0.47331311,0.00006104
0.47363311,0.00006104
0.47395311,0.00006104
0.47427311,0.00006104
0.47459311,0.00006104
0.47491311,0.00006104
0.47523311,0.00006104
0.47555311,0.00006104
0.47587311,0.00006104
0.47619311,0.00006104
0.47651311,0.00006104
0.47683311,0.00006104
0.47715311,0.00006104
0.47747311,0.00006104
0.47779311,0.00006104
0.47811311,0.00006104
0.47843311,0.00006104
0.47875311,0.00006104
0.47907311,0.00006104
0.47939311,0.00006104
0.47971311,0.00006104
0.48003311,0.00006104
0.48035311,0.00006104
0.48067311,0.00006104
0.48099311,0.00006104
0.48131311,0.00006104
0.48163311,0.00006104
0.48195311,0.00006104
0.48227311,0.00006104
0.48259311,0.00006104
0.48291311,0.00006104
0.48323311,0.00006104
0.48355311,0.00006104
0.48387311,0.00006104
0.48419311,0.00006104
0.48451311,0.00006104
0.48483311,0.00006104
0.48515311,0.00006104
0.48547311,0.00006104
0.48579311,-0.01770074
0.48611311,-0.01770074
0.48643311,0.00006104
0.48675311,0.00006104
0.48707311,0.00006104
0.48739311,0.00006104
0.48771311,0.00006104
0.48803311,0.00006104
0.48835311,0.00006104
0.48867311,0.00006104
0.48899311,0.00006104
0.48931311,0.00006104
0.48963311,0.00006104
0.48995311,0.00006104
0.49027311,0.00006104
0.49059311,0.00006104
0.49091311,0.00006104
0.49123311,0.00006104
0.49155311,0.00006104
0.49187311,0.00006104
0.49219311,0.00006104
0.49251311,0.00006104
0.49283311,0.00006104
0.49315311,0.00006104
0.49347311,0.00006104
0.49379311,0.00006104
0.49411311,0.00006104
0.49443311,0.00006104
0.49475311,0.00006104
0.49507311,0.00006104
0.49539311,0.00006104
0.49571311,-0.62294382
0.49603311,0.01788385
0.49635311,0.28485978
0.49667311,0.21362957
0.49699311,0.05346843
0.49731311,-0.03552354
0.49763311,-0.05334635
0.49795311,-0.03552354
0.49827311,-0.03552354
0.49859311,-0.10669271
0.49891311,-1.01455736
0.49923311,-1.94018376
0.49955311,-1.33500171
0.49987311,0.49842829
0.50019311,0.42725915
0.50051311,0.16022217
0.50083311,0.05346843
0.50115311,0.03570665
0.50147311,0.03570665
0.50179311,0.03570665
0.50211311,0.01788385
0.50243311,0.03570665
0.50275311,0.01788385
0.50307311,0.03570665
0.50339311,0.03570665
0.50371311,0.03570665
0.50403311,0.01788385
0.50435311,0.00006104
0.50467311,0.00006104
0.50499311,0.01788385
0.50531311,0.03570665
0.50563311,0.05346843
0.50595311,0.05346843
0.50627311,0.07129124
0.50659311,0.07129124
0.50691311,0.05346843
0.50723311,0.05346843
0.50755311,0.05346843
0.50787311,0.03570665
0.50819311,0.05346843
0.50851311,0.08911405
0.50883311,0.07129124
0.50915311,0.03570665
0.50947311,0.03570665
0.50979311,0.03570665
0.51011311,0.01788385
0.51043311,0.00006104
0.51075311,-0.01770074
0.51107311,-0.01770074
0.51139311,-0.03552354
0.51171311,0.01788385
0.51203311,0.00006104
0.51235311,0.00006104
0.51267311,0.05346843
0.51299311,-0.01770074
0.51331311,-0.01770074
0.51363311,0.03570665
0.51395311,-0.03552354
0.51427311,0.00006104
0.51459311,0.05346843
0.51491311,0.00006104
0.51523311,0.03570665
0.51555311,0.03570665
0.51587311,0.03570665
0.51619311,0.00006104
0.51651311,0.00006104
0.51683311,0.01788385
0.51715311,0.00006104
0.51747311,0.01788385
0.51779311,0.03570665
0.51811311,0.01788385
0.51843311,0.00006104
0.51875311,0.01788385
0.51907311,0.01788385
0.51939311,0.01788385
0.51971311,0.01788385
0.52003311,0.00006104
