Time,Channel A
(ms),(V)

-1.48079265,0.00006104
-1.48047265,0.01788385
-1.48015265,0.01788385
-1.47983265,0.00006104
-1.47951265,0.00006104
-1.47919265,-0.01770074
-1.47887265,0.00006104
-1.47855265,0.01788385
-1.47823265,0.00006104
-1.47791265,0.01788385
-1.47759265,0.01788385
-1.47727265,0.01788385
-1.47695265,0.00006104
-1.47663265,0.01788385
-1.47631265,0.00006104
-1.47599265,0.01788385
-1.47567265,0.01788385
-1.47535265,0.00006104
-1.47503265,0.01788385
-1.47471265,0.01788385
-1.47439265,0.01788385
-1.47407265,0.01788385
-1.47375265,0.00006104
-1.47343265,0.00006104
-1.47311265,0.01788385
-1.47279265,0.00006104
-1.47247265,-0.01770074
-1.47215265,0.00006104
-1.47183265,0.00006104
-1.47151265,0.00006104
-1.47119265,0.00006104
-1.47087265,0.01788385
-1.47055265,0.01788385
-1.47023265,0.01788385
-1.46991265,0.00006104
-1.46959265,0.00006104
-1.46927265,0.00006104
-1.46895265,0.00006104
-1.46863265,0.00006104
-1.46831265,0.00006104
-1.46799265,0.00006104
-1.46767265,0.00006104
-1.46735265,0.00006104
-1.46703265,0.00006104
-1.46671265,-0.01770074
-1.46639265,0.01788385
-1.46607265,0.00006104
-1.46575265,0.00006104
-1.46543265,0.00006104
-1.46511265,0.00006104
-1.46479265,0.01788385
-1.46447265,0.00006104
-1.46415265,0.00006104
-1.46383265,0.00006104
-1.46351265,0.01788385
-1.46319265,0.00006104
-1.46287265,0.00006104
-1.46255265,0.01788385
-1.46223265,0.00006104
-1.46191265,0.00006104
-1.46159265,0.00006104
-1.46127265,0.00006104
-1.46095265,0.00006104
-1.46063265,0.00006104
-1.46031265,0.00006104
-1.45999265,0.00006104
-1.45967265,0.00006104
-1.45935265,0.00006104
-1.45903265,0.01788385
-1.45871265,0.01788385
-1.45839265,0.00006104
-1.45807265,0.00006104
-1.45775265,0.00006104
-1.45743265,0.01788385
-1.45711265,0.00006104
-1.45679265,0.01788385
-1.45647265,0.00006104
-1.45615265,0.00006104
-1.45583265,0.00006104
-1.45551265,0.00006104
-1.45519265,-0.01770074
-1.45487265,-0.01770074
-1.45455265,0.00006104
-1.45423265,0.00006104
-1.45391265,0.00006104
-1.45359265,-0.01770074
-1.45327265,0.00006104
-1.45295265,0.00006104
-1.45263265,0.00006104
-1.45231265,0.00006104
-1.45199265,0.00006104
-1.45167265,0.00006104
-1.45135265,0.00006104
-1.45103265,0.00006104
-1.45071265,0.00006104
-1.45039265,0.00006104
-1.45007265,0.00006104
-1.44975265,0.01788385
-1.44943265,0.00006104
-1.44911265,0.00006104
-1.44879265,0.00006104
-1.44847265,0.00006104
-1.44815265,0.00006104
-1.44783265,0.00006104
-1.44751265,0.00006104
-1.44719265,0.00006104
-1.44687265,0.00006104
-1.44655265,0.00006104
-1.44623265,0.00006104
-1.44591265,0.00006104
-1.44559265,0.00006104
-1.44527265,0.00006104
-1.44495265,0.00006104
-1.44463265,0.00006104
-1.44431265,0.00006104
-1.44399265,0.00006104
-1.44367265,0.00006104
-1.44335265,0.00006104
-1.44303265,0.00006104
-1.44271265,0.00006104
-1.44239265,0.00006104
-1.44207265,0.00006104
-1.44175265,0.00006104
-1.44143265,0.00006104
-1.44111265,0.00006104
-1.44079265,0.00006104
-1.44047265,0.00006104
-1.44015265,0.00006104
-1.43983265,0.00006104
-1.43951265,0.00006104
-1.43919265,0.00006104
-1.43887265,0.00006104
-1.43855265,0.00006104
-1.43823265,0.00006104
-1.43791265,0.00006104
-1.43759265,0.00006104
-1.43727265,0.00006104
-1.43695265,0.00006104
-1.43663265,0.00006104
-1.43631265,0.00006104
-1.43599265,0.00006104
-1.43567265,0.00006104
-1.43535265,0.00006104
-1.43503265,0.00006104
-1.43471265,0.00006104
-1.43439265,0.00006104
-1.43407265,0.00006104
-1.43375265,0.00006104
-1.43343265,0.00006104
-1.43311265,0.00006104
-1.43279265,0.00006104
-1.43247265,0.00006104
-1.43215265,0.00006104
-1.43183265,0.00006104
-1.43151265,0.00006104
-1.43119265,0.00006104
-1.43087265,0.00006104
-1.43055265,0.00006104
-1.43023265,0.00006104
-1.42991265,0.00006104
-1.42959265,0.00006104
-1.42927265,0.00006104
-1.42895265,0.00006104
-1.42863265,0.00006104
-1.42831265,0.00006104
-1.42799265,0.00006104
-1.42767265,0.00006104
-1.42735265,0.00006104
-1.42703265,0.00006104
-1.42671265,0.00006104
-1.42639265,0.00006104
-1.42607265,0.00006104
-1.42575265,0.00006104
-1.42543265,0.00006104
-1.42511265,0.00006104
-1.42479265,0.00006104
-1.42447265,0.00006104
-1.42415265,0.00006104
-1.42383265,0.00006104
-1.42351265,0.00006104
-1.42319265,0.00006104
-1.42287265,0.00006104
-1.42255265,0.00006104
-1.42223265,0.00006104
-1.42191265,0.00006104
-1.42159265,0.00006104
-1.42127265,0.00006104
-1.42095265,0.00006104
-1.42063265,0.00006104
-1.42031265,0.00006104
-1.41999265,0.00006104
-1.41967265,0.00006104
-1.41935265,0.00006104
-1.41903265,-0.01770074
-1.41871265,0.00006104
-1.41839265,0.00006104
-1.41807265,0.00006104
-1.41775265,0.00006104
-1.41743265,0.00006104
-1.41711265,0.00006104
-1.41679265,0.00006104
-1.41647265,0.00006104
-1.41615265,0.00006104
-1.41583265,0.00006104
-1.41551265,0.00006104
-1.41519265,0.00006104
-1.41487265,0.00006104
-1.41455265,0.00006104
-1.41423265,0.00006104
-1.41391265,0.00006104
-1.41359265,0.00006104
-1.41327265,0.00006104
-1.41295265,0.00006104
-1.41263265,0.00006104
-1.41231265,0.00006104
-1.41199265,-0.01770074
-1.41167265,0.00006104
-1.41135265,0.00006104
-1.41103265,0.00006104
-1.41071265,0.00006104
-1.41039265,0.00006104
-1.41007265,0.00006104
-1.40975265,0.00006104
-1.40943265,0.00006104
-1.40911265,0.00006104
-1.40879265,0.00006104
-1.40847265,0.00006104
-1.40815265,0.00006104
-1.40783265,0.00006104
-1.40751265,0.00006104
-1.40719265,0.00006104
-1.40687265,0.00006104
-1.40655265,0.00006104
-1.40623265,0.00006104
-1.40591265,0.00006104
-1.40559265,-0.01770074
-1.40527265,0.00006104
-1.40495265,0.00006104
-1.40463265,0.00006104
-1.40431265,0.00006104
-1.40399265,0.00006104
-1.40367265,0.00006104
-1.40335265,0.00006104
-1.40303265,0.00006104
-1.40271265,0.00006104
-1.40239265,0.00006104
-1.40207265,0.00006104
-1.40175265,0.00006104
-1.40143265,0.00006104
-1.40111265,0.00006104
-1.40079265,0.00006104
-1.40047265,0.00006104
-1.40015265,0.00006104
-1.39983265,0.00006104
-1.39951265,0.00006104
-1.39919265,0.00006104
-1.39887265,0.00006104
-1.39855265,0.00006104
-1.39823265,0.00006104
-1.39791265,0.00006104
-1.39759265,0.00006104
-1.39727265,0.00006104
-1.39695265,0.00006104
-1.39663265,0.00006104
-1.39631265,0.00006104
-1.39599265,0.00006104
-1.39567265,0.00006104
-1.39535265,0.00006104
-1.39503265,0.00006104
-1.39471265,0.00006104
-1.39439265,0.00006104
-1.39407265,0.00006104
-1.39375265,0.00006104
-1.39343265,0.00006104
-1.39311265,0.00006104
-1.39279265,0.00006104
-1.39247265,0.00006104
-1.39215265,0.00006104
-1.39183265,0.00006104
-1.39151265,0.00006104
-1.39119265,0.00006104
-1.39087265,0.00006104
-1.39055265,0.00006104
-1.39023265,0.00006104
-1.38991265,0.00006104
-1.38959265,0.00006104
-1.38927265,0.00006104
-1.38895265,0.00006104
-1.38863265,0.00006104
-1.38831265,0.00006104
-1.38799265,-0.01770074
-1.38767265,0.00006104
-1.38735265,0.00006104
-1.38703265,0.00006104
-1.38671265,0.00006104
-1.38639265,0.00006104
-1.38607265,-0.01770074
-1.38575265,0.00006104
-1.38543265,0.00006104
-1.38511265,-0.01770074
-1.38479265,0.00006104
-1.38447265,0.00006104
-1.38415265,0.00006104
-1.38383265,0.00006104
-1.38351265,0.00006104
-1.38319265,0.00006104
-1.38287265,0.00006104
-1.38255265,0.00006104
-1.38223265,0.00006104
-1.38191265,0.00006104
-1.38159265,0.00006104
-1.38127265,0.00006104
-1.38095265,0.00006104
-1.38063265,0.00006104
-1.38031265,0.00006104
-1.37999265,0.00006104
-1.37967265,0.00006104
-1.37935265,0.00006104
-1.37903265,0.00006104
-1.37871265,0.00006104
-1.37839265,0.00006104
-1.37807265,0.00006104
-1.37775265,0.00006104
-1.37743265,0.00006104
-1.37711265,0.00006104
-1.37679265,0.00006104
-1.37647265,0.00006104
-1.37615265,0.00006104
-1.37583265,0.00006104
-1.37551265,0.00006104
-1.37519265,0.00006104
-1.37487265,0.00006104
-1.37455265,0.00006104
-1.37423265,-0.01770074
-1.37391265,0.00006104
-1.37359265,0.00006104
-1.37327265,0.00006104
-1.37295265,0.00006104
-1.37263265,0.00006104
-1.37231265,0.00006104
-1.37199265,0.00006104
-1.37167265,0.00006104
-1.37135265,0.00006104
-1.37103265,0.00006104
-1.37071265,0.00006104
-1.37039265,0.00006104
-1.37007265,-0.01770074
-1.36975265,0.00006104
-1.36943265,0.00006104
-1.36911265,0.00006104
-1.36879265,0.00006104
-1.36847265,0.00006104
-1.36815265,0.00006104
-1.36783265,0.00006104
-1.36751265,0.00006104
-1.36719265,0.00006104
-1.36687265,0.00006104
-1.36655265,0.00006104
-1.36623265,0.00006104
-1.36591265,0.00006104
-1.36559265,0.00006104
-1.36527265,0.00006104
-1.36495265,0.00006104
-1.36463265,0.00006104
-1.36431265,0.00006104
-1.36399265,0.00006104
-1.36367265,0.00006104
-1.36335265,0.00006104
-1.36303265,0.00006104
-1.36271265,0.00006104
-1.36239265,0.00006104
-1.36207265,0.00006104
-1.36175265,0.00006104
-1.36143265,0.00006104
-1.36111265,0.00006104
-1.36079265,0.00006104
-1.36047265,0.00006104
-1.36015265,0.00006104
-1.35983265,0.00006104
-1.35951265,0.00006104
-1.35919265,0.00006104
-1.35887265,0.00006104
-1.35855265,0.00006104
-1.35823265,0.00006104
-1.35791265,0.00006104
-1.35759265,0.00006104
-1.35727265,0.00006104
-1.35695265,0.00006104
-1.35663265,0.00006104
-1.35631265,0.00006104
-1.35599265,-0.01770074
-1.35567265,0.00006104
-1.35535265,0.00006104
-1.35503265,0.00006104
-1.35471265,0.00006104
-1.35439265,0.00006104
-1.35407265,0.00006104
-1.35375265,0.00006104
-1.35343265,0.00006104
-1.35311265,0.00006104
-1.35279265,0.00006104
-1.35247265,0.00006104
-1.35215265,0.00006104
-1.35183265,-0.01770074
-1.35151265,0.00006104
-1.35119265,0.00006104
-1.35087265,0.00006104
-1.35055265,0.00006104
-1.35023265,0.00006104
-1.34991265,0.00006104
-1.34959265,0.00006104
-1.34927265,0.00006104
-1.34895265,0.00006104
-1.34863265,0.00006104
-1.34831265,0.00006104
-1.34799265,0.00006104
-1.34767265,0.00006104
-1.34735265,0.00006104
-1.34703265,0.00006104
-1.34671265,0.00006104
-1.34639265,0.00006104
-1.34607265,-0.01770074
-1.34575265,0.00006104
-1.34543265,0.00006104
-1.34511265,0.00006104
-1.34479265,0.00006104
-1.34447265,0.00006104
-1.34415265,0.00006104
-1.34383265,0.00006104
-1.34351265,0.00006104
-1.34319265,0.00006104
-1.34287265,0.00006104
-1.34255265,0.00006104
-1.34223265,0.00006104
-1.34191265,0.00006104
-1.34159265,0.00006104
-1.34127265,0.00006104
-1.34095265,0.00006104
-1.34063265,0.00006104
-1.34031265,0.00006104
-1.33999265,0.00006104
-1.33967265,0.00006104
-1.33935265,0.00006104
-1.33903265,0.00006104
-1.33871265,0.00006104
-1.33839265,0.00006104
-1.33807265,0.00006104
-1.33775265,-0.01770074
-1.33743265,0.00006104
-1.33711265,0.00006104
-1.33679265,0.00006104
-1.33647265,0.00006104
-1.33615265,0.00006104
-1.33583265,0.00006104
-1.33551265,0.00006104
-1.33519265,-0.01770074
-1.33487265,0.00006104
-1.33455265,0.00006104
-1.33423265,0.00006104
-1.33391265,0.00006104
-1.33359265,0.00006104
-1.33327265,0.00006104
-1.33295265,0.00006104
-1.33263265,0.00006104
-1.33231265,0.00006104
-1.33199265,0.00006104
-1.33167265,0.00006104
-1.33135265,0.00006104
-1.33103265,0.00006104
-1.33071265,0.00006104
-1.33039265,0.00006104
-1.33007265,0.00006104
-1.32975265,0.00006104
-1.32943265,0.00006104
-1.32911265,0.00006104
-1.32879265,0.00006104
-1.32847265,0.00006104
-1.32815265,0.00006104
-1.32783265,0.00006104
-1.32751265,0.00006104
-1.32719265,0.00006104
-1.32687265,0.00006104
-1.32655265,0.00006104
-1.32623265,0.00006104
-1.32591265,0.00006104
-1.32559265,0.00006104
-1.32527265,0.00006104
-1.32495265,0.00006104
-1.32463265,0.00006104
-1.32431265,0.00006104
-1.32399265,0.00006104
-1.32367265,0.00006104
-1.32335265,0.00006104
-1.32303265,0.00006104
-1.32271265,0.00006104
-1.32239265,0.00006104
-1.32207265,0.00006104
-1.32175265,0.00006104
-1.32143265,0.00006104
-1.32111265,0.00006104
-1.32079265,0.00006104
-1.32047265,0.00006104
-1.32015265,0.00006104
-1.31983265,0.00006104
-1.31951265,0.00006104
-1.31919265,0.00006104
-1.31887265,0.00006104
-1.31855265,0.00006104
-1.31823265,-0.01770074
-1.31791265,0.00006104
-1.31759265,0.00006104
-1.31727265,0.00006104
-1.31695265,0.00006104
-1.31663265,0.00006104
-1.31631265,0.00006104
-1.31599265,0.00006104
-1.31567265,0.00006104
-1.31535265,0.00006104
-1.31503265,0.00006104
-1.31471265,0.00006104
-1.31439265,0.00006104
-1.31407265,0.00006104
-1.31375265,0.00006104
-1.31343265,0.00006104
-1.31311265,0.00006104
-1.31279265,0.00006104
-1.31247265,0.00006104
-1.31215265,0.00006104
-1.31183265,0.00006104
-1.31151265,0.00006104
-1.31119265,0.00006104
-1.31087265,0.00006104
-1.31055265,0.00006104
-1.31023265,0.00006104
-1.30991265,0.00006104
-1.30959265,0.00006104
-1.30927265,-0.01770074
-1.30895265,0.00006104
-1.30863265,0.00006104
-1.30831265,0.00006104
-1.30799265,0.00006104
-1.30767265,0.00006104
-1.30735265,0.00006104
-1.30703265,0.00006104
-1.30671265,0.00006104
-1.30639265,0.00006104
-1.30607265,0.00006104
-1.30575265,-0.01770074
-1.30543265,0.00006104
-1.30511265,0.00006104
-1.30479265,0.00006104
-1.30447265,0.00006104
-1.30415265,0.00006104
-1.30383265,0.00006104
-1.30351265,0.00006104
-1.30319265,0.00006104
-1.30287265,0.00006104
-1.30255265,0.00006104
-1.30223265,0.00006104
-1.30191265,0.00006104
-1.30159265,0.00006104
-1.30127265,0.00006104
-1.30095265,0.00006104
-1.30063265,-0.01770074
-1.30031265,0.00006104
-1.29999265,0.00006104
-1.29967265,0.00006104
-1.29935265,0.00006104
-1.29903265,0.00006104
-1.29871265,0.00006104
-1.29839265,0.00006104
-1.29807265,0.00006104
-1.29775265,0.00006104
-1.29743265,0.00006104
-1.29711265,0.00006104
-1.29679265,0.00006104
-1.29647265,-0.01770074
-1.29615265,0.00006104
-1.29583265,0.00006104
-1.29551265,0.00006104
-1.29519265,0.00006104
-1.29487265,0.00006104
-1.29455265,0.00006104
-1.29423265,0.00006104
-1.29391265,0.00006104
-1.29359265,0.00006104
-1.29327265,0.00006104
-1.29295265,0.00006104
-1.29263265,0.00006104
-1.29231265,0.00006104
-1.29199265,0.00006104
-1.29167265,0.00006104
-1.29135265,0.00006104
-1.29103265,0.00006104
-1.29071265,0.00006104
-1.29039265,0.00006104
-1.29007265,0.00006104
-1.28975265,0.00006104
-1.28943265,0.00006104
-1.28911265,0.00006104
-1.28879265,0.00006104
-1.28847265,0.00006104
-1.28815265,0.00006104
-1.28783265,0.00006104
-1.28751265,0.00006104
-1.28719265,0.00006104
-1.28687265,0.00006104
-1.28655265,0.00006104
-1.28623265,0.00006104
-1.28591265,0.00006104
-1.28559265,0.00006104
-1.28527265,-0.01770074
-1.28495265,0.00006104
-1.28463265,0.00006104
-1.28431265,0.00006104
-1.28399265,0.00006104
-1.28367265,0.00006104
-1.28335265,0.00006104
-1.28303265,0.00006104
-1.28271265,0.00006104
-1.28239265,-0.01770074
-1.28207265,0.00006104
-1.28175265,0.00006104
-1.28143265,0.00006104
-1.28111265,0.00006104
-1.28079265,0.00006104
-1.28047265,0.00006104
-1.28015265,0.00006104
-1.27983265,0.00006104
-1.27951265,0.00006104
-1.27919265,0.00006104
-1.27887265,-0.01770074
-1.27855265,0.00006104
-1.27823265,0.00006104
-1.27791265,0.00006104
-1.27759265,0.00006104
-1.27727265,0.00006104
-1.27695265,0.00006104
-1.27663265,0.00006104
-1.27631265,0.00006104
-1.27599265,0.00006104
-1.27567265,0.00006104
-1.27535265,0.00006104
-1.27503265,0.00006104
-1.27471265,0.00006104
-1.27439265,0.00006104
-1.27407265,0.00006104
-1.27375265,0.00006104
-1.27343265,0.00006104
-1.27311265,0.00006104
-1.27279265,0.00006104
-1.27247265,0.00006104
-1.27215265,-0.01770074
-1.27183265,0.00006104
-1.27151265,-0.01770074
-1.27119265,0.00006104
-1.27087265,0.00006104
-1.27055265,0.00006104
-1.27023265,0.00006104
-1.26991265,0.00006104
-1.26959265,0.00006104
-1.26927265,0.00006104
-1.26895265,0.00006104
-1.26863265,0.00006104
-1.26831265,0.00006104
-1.26799265,0.00006104
-1.26767265,0.00006104
-1.26735265,0.00006104
-1.26703265,0.00006104
-1.26671265,0.00006104
-1.26639265,0.00006104
-1.26607265,-0.01770074
-1.26575265,0.00006104
-1.26543265,0.00006104
-1.26511265,0.00006104
-1.26479265,0.00006104
-1.26447265,0.00006104
-1.26415265,0.00006104
-1.26383265,0.00006104
-1.26351265,0.00006104
-1.26319265,-0.01770074
-1.26287265,0.00006104
-1.26255265,-0.01770074
-1.26223265,0.00006104
-1.26191265,0.00006104
-1.26159265,0.00006104
-1.26127265,0.00006104
-1.26095265,0.00006104
-1.26063265,0.00006104
-1.26031265,0.00006104
-1.25999265,0.00006104
-1.25967265,0.00006104
-1.25935265,0.00006104
-1.25903265,0.00006104
-1.25871265,0.00006104
-1.25839265,0.00006104
-1.25807265,0.00006104
-1.25775265,0.00006104
-1.25743265,0.00006104
-1.25711265,0.00006104
-1.25679265,0.00006104
-1.25647265,0.00006104
-1.25615265,0.00006104
-1.25583265,0.00006104
-1.25551265,-0.01770074
-1.25519265,0.00006104
-1.25487265,0.00006104
-1.25455265,0.00006104
-1.25423265,0.00006104
-1.25391265,0.00006104
-1.25359265,0.00006104
-1.25327265,0.00006104
-1.25295265,0.00006104
-1.25263265,0.00006104
-1.25231265,0.00006104
-1.25199265,-0.01770074
-1.25167265,0.00006104
-1.25135265,0.00006104
-1.25103265,0.00006104
-1.25071265,0.00006104
-1.25039265,0.00006104
-1.25007265,0.00006104
-1.24975265,0.00006104
-1.24943265,0.00006104
-1.24911265,0.00006104
-1.24879265,0.00006104
-1.24847265,0.00006104
-1.24815265,0.00006104
-1.24783265,0.00006104
-1.24751265,0.00006104
-1.24719265,0.00006104
-1.24687265,0.00006104
-1.24655265,0.00006104
-1.24623265,0.00006104
-1.24591265,0.00006104
-1.24559265,-0.01770074
-1.24527265,0.00006104
-1.24495265,0.00006104
-1.24463265,-0.01770074
-1.24431265,0.00006104
-1.24399265,0.00006104
-1.24367265,0.00006104
-1.24335265,0.00006104
-1.24303265,0.00006104
-1.24271265,0.00006104
-1.24239265,0.00006104
-1.24207265,0.00006104
-1.24175265,0.00006104
-1.24143265,0.00006104
-1.24111265,0.00006104
-1.24079265,0.00006104
-1.24047265,0.00006104
-1.24015265,0.00006104
-1.23983265,0.00006104
-1.23951265,0.00006104
-1.23919265,0.00006104
-1.23887265,0.00006104
-1.23855265,0.00006104
-1.23823265,0.00006104
-1.23791265,0.00006104
-1.23759265,0.00006104
-1.23727265,0.00006104
-1.23695265,-0.01770074
-1.23663265,0.00006104
-1.23631265,0.00006104
-1.23599265,-0.01770074
-1.23567265,-0.01770074
-1.23535265,0.00006104
-1.23503265,0.00006104
-1.23471265,0.00006104
-1.23439265,0.00006104
-1.23407265,0.00006104
-1.23375265,0.00006104
-1.23343265,0.00006104
-1.23311265,0.00006104
-1.23279265,0.00006104
-1.23247265,0.00006104
-1.23215265,0.00006104
-1.23183265,0.00006104
-1.23151265,0.00006104
-1.23119265,0.00006104
-1.23087265,0.00006104
-1.23055265,0.00006104
-1.23023265,0.00006104
-1.22991265,0.00006104
-1.22959265,0.00006104
-1.22927265,0.00006104
-1.22895265,0.00006104
-1.22863265,0.00006104
-1.22831265,0.00006104
-1.22799265,0.00006104
-1.22767265,-0.01770074
-1.22735265,-0.01770074
-1.22703265,0.00006104
-1.22671265,0.00006104
-1.22639265,0.00006104
-1.22607265,0.00006104
-1.22575265,0.00006104
-1.22543265,0.00006104
-1.22511265,0.00006104
-1.22479265,0.00006104
-1.22447265,0.00006104
-1.22415265,0.00006104
-1.22383265,0.00006104
-1.22351265,0.00006104
-1.22319265,0.00006104
-1.22287265,0.00006104
-1.22255265,0.00006104
-1.22223265,0.00006104
-1.22191265,-0.01770074
-1.22159265,0.00006104
-1.22127265,0.00006104
-1.22095265,0.00006104
-1.22063265,0.00006104
-1.22031265,0.00006104
-1.21999265,0.00006104
-1.21967265,-0.01770074
-1.21935265,0.00006104
-1.21903265,0.00006104
-1.21871265,0.00006104
-1.21839265,0.00006104
-1.21807265,0.00006104
-1.21775265,0.00006104
-1.21743265,0.00006104
-1.21711265,0.00006104
-1.21679265,0.00006104
-1.21647265,0.00006104
-1.21615265,0.00006104
-1.21583265,0.00006104
-1.21551265,0.00006104
-1.21519265,0.00006104
-1.21487265,0.00006104
-1.21455265,0.00006104
-1.21423265,0.00006104
-1.21391265,0.00006104
-1.21359265,0.00006104
-1.21327265,0.00006104
-1.21295265,0.00006104
-1.21263265,0.00006104
-1.21231265,-0.01770074
-1.21199265,0.00006104
-1.21167265,0.00006104
-1.21135265,0.00006104
-1.21103265,0.00006104
-1.21071265,0.00006104
-1.21039265,-0.01770074
-1.21007265,-0.01770074
-1.20975265,-0.01770074
-1.20943265,0.00006104
-1.20911265,0.00006104
-1.20879265,0.00006104
-1.20847265,0.00006104
-1.20815265,0.00006104
-1.20783265,0.00006104
-1.20751265,0.00006104
-1.20719265,0.00006104
-1.20687265,0.00006104
-1.20655265,0.00006104
-1.20623265,0.00006104
-1.20591265,0.00006104
-1.20559265,0.00006104
-1.20527265,0.00006104
-1.20495265,0.00006104
-1.20463265,0.00006104
-1.20431265,0.00006104
-1.20399265,0.00006104
-1.20367265,0.00006104
-1.20335265,0.00006104
-1.20303265,0.00006104
-1.20271265,0.00006104
-1.20239265,0.00006104
-1.20207265,0.00006104
-1.20175265,0.00006104
-1.20143265,0.00006104
-1.20111265,0.00006104
-1.20079265,0.00006104
-1.20047265,0.00006104
-1.20015265,0.00006104
-1.19983265,0.00006104
-1.19951265,0.00006104
-1.19919265,0.00006104
-1.19887265,0.00006104
-1.19855265,0.00006104
-1.19823265,0.00006104
-1.19791265,0.00006104
-1.19759265,0.00006104
-1.19727265,0.00006104
-1.19695265,0.00006104
-1.19663265,0.00006104
-1.19631265,0.00006104
-1.19599265,0.00006104
-1.19567265,0.00006104
-1.19535265,0.00006104
-1.19503265,0.00006104
-1.19471265,0.00006104
-1.19439265,0.00006104
-1.19407265,0.00006104
-1.19375265,0.00006104
-1.19343265,0.00006104
-1.19311265,0.00006104
-1.19279265,0.00006104
-1.19247265,0.00006104
-1.19215265,-0.01770074
-1.19183265,0.00006104
-1.19151265,0.00006104
-1.19119265,0.00006104
-1.19087265,0.00006104
-1.19055265,0.00006104
-1.19023265,0.00006104
-1.18991265,0.00006104
-1.18959265,0.00006104
-1.18927265,0.00006104
-1.18895265,0.00006104
-1.18863265,0.00006104
-1.18831265,0.00006104
-1.18799265,0.00006104
-1.18767265,0.00006104
-1.18735265,0.00006104
-1.18703265,0.00006104
-1.18671265,0.00006104
-1.18639265,0.00006104
-1.18607265,0.00006104
-1.18575265,0.00006104
-1.18543265,0.00006104
-1.18511265,0.00006104
-1.18479265,0.00006104
-1.18447265,0.00006104
-1.18415265,0.00006104
-1.18383265,0.00006104
-1.18351265,0.00006104
-1.18319265,0.00006104
-1.18287265,0.00006104
-1.18255265,0.00006104
-1.18223265,0.00006104
-1.18191265,0.00006104
-1.18159265,0.00006104
-1.18127265,0.00006104
-1.18095265,0.00006104
-1.18063265,0.00006104
-1.18031265,0.00006104
-1.17999265,0.00006104
-1.17967265,0.00006104
-1.17935265,0.00006104
-1.17903265,0.00006104
-1.17871265,0.00006104
-1.17839265,0.00006104
-1.17807265,0.00006104
-1.17775265,0.00006104
-1.17743265,0.00006104
-1.17711265,0.00006104
-1.17679265,0.00006104
-1.17647265,0.00006104
-1.17615265,0.00006104
-1.17583265,0.00006104
-1.17551265,0.00006104
-1.17519265,0.00006104
-1.17487265,0.00006104
-1.17455265,0.00006104
-1.17423265,0.00006104
-1.17391265,0.00006104
-1.17359265,0.00006104
-1.17327265,0.00006104
-1.17295265,0.00006104
-1.17263265,-0.01770074
-1.17231265,0.00006104
-1.17199265,0.00006104
-1.17167265,0.00006104
-1.17135265,0.00006104
-1.17103265,0.00006104
-1.17071265,0.00006104
-1.17039265,0.00006104
-1.17007265,0.00006104
-1.16975265,0.00006104
-1.16943265,0.00006104
-1.16911265,0.00006104
-1.16879265,0.00006104
-1.16847265,0.00006104
-1.16815265,0.00006104
-1.16783265,0.00006104
-1.16751265,0.00006104
-1.16719265,0.00006104
-1.16687265,0.00006104
-1.16655265,0.00006104
-1.16623265,0.00006104
-1.16591265,0.00006104
-1.16559265,0.00006104
-1.16527265,0.00006104
-1.16495265,0.00006104
-1.16463265,-0.01770074
-1.16431265,0.00006104
-1.16399265,0.00006104
-1.16367265,0.00006104
-1.16335265,0.00006104
-1.16303265,0.00006104
-1.16271265,0.00006104
-1.16239265,0.00006104
-1.16207265,0.00006104
-1.16175265,0.00006104
-1.16143265,0.00006104
-1.16111265,0.00006104
-1.16079265,0.00006104
-1.16047265,0.00006104
-1.16015265,0.00006104
-1.15983265,0.00006104
-1.15951265,0.00006104
-1.15919265,0.00006104
-1.15887265,0.00006104
-1.15855265,0.00006104
-1.15823265,0.00006104
-1.15791265,0.00006104
-1.15759265,0.00006104
-1.15727265,0.00006104
-1.15695265,0.00006104
-1.15663265,0.00006104
-1.15631265,0.00006104
-1.15599265,0.00006104
-1.15567265,0.00006104
-1.15535265,0.00006104
-1.15503265,0.00006104
-1.15471265,-0.01770074
-1.15439265,-0.01770074
-1.15407265,0.00006104
-1.15375265,0.00006104
-1.15343265,0.00006104
-1.15311265,0.00006104
-1.15279265,0.00006104
-1.15247265,0.00006104
-1.15215265,0.00006104
-1.15183265,-0.01770074
-1.15151265,0.00006104
-1.15119265,0.00006104
-1.15087265,0.00006104
-1.15055265,0.00006104
-1.15023265,0.00006104
-1.14991265,0.00006104
-1.14959265,0.00006104
-1.14927265,0.00006104
-1.14895265,-0.01770074
-1.14863265,0.00006104
-1.14831265,0.00006104
-1.14799265,0.00006104
-1.14767265,0.00006104
-1.14735265,0.00006104
-1.14703265,0.00006104
-1.14671265,0.00006104
-1.14639265,0.00006104
-1.14607265,0.00006104
-1.14575265,0.00006104
-1.14543265,0.00006104
-1.14511265,0.00006104
-1.14479265,0.00006104
-1.14447265,0.00006104
-1.14415265,0.00006104
-1.14383265,0.00006104
-1.14351265,0.00006104
-1.14319265,0.00006104
-1.14287265,0.00006104
-1.14255265,0.00006104
-1.14223265,0.00006104
-1.14191265,-0.01770074
-1.14159265,0.00006104
-1.14127265,0.00006104
-1.14095265,0.00006104
-1.14063265,0.00006104
-1.14031265,0.00006104
-1.13999265,0.00006104
-1.13967265,0.00006104
-1.13935265,0.00006104
-1.13903265,0.00006104
-1.13871265,0.00006104
-1.13839265,0.00006104
-1.13807265,0.00006104
-1.13775265,0.00006104
-1.13743265,0.00006104
-1.13711265,0.00006104
-1.13679265,0.00006104
-1.13647265,0.00006104
-1.13615265,0.00006104
-1.13583265,0.00006104
-1.13551265,0.00006104
-1.13519265,0.00006104
-1.13487265,0.00006104
-1.13455265,0.00006104
-1.13423265,0.00006104
-1.13391265,0.00006104
-1.13359265,0.00006104
-1.13327265,0.00006104
-1.13295265,0.00006104
-1.13263265,0.00006104
-1.13231265,0.00006104
-1.13199265,0.00006104
-1.13167265,0.00006104
-1.13135265,0.00006104
-1.13103265,0.00006104
-1.13071265,0.00006104
-1.13039265,0.00006104
-1.13007265,0.00006104
-1.12975265,0.00006104
-1.12943265,0.00006104
-1.12911265,0.00006104
-1.12879265,0.00006104
-1.12847265,0.00006104
-1.12815265,0.00006104
-1.12783265,0.00006104
-1.12751265,0.00006104
-1.12719265,0.00006104
-1.12687265,0.00006104
-1.12655265,0.00006104
-1.12623265,0.00006104
-1.12591265,0.00006104
-1.12559265,0.00006104
-1.12527265,0.00006104
-1.12495265,0.00006104
-1.12463265,0.00006104
-1.12431265,0.00006104
-1.12399265,0.00006104
-1.12367265,0.00006104
-1.12335265,0.00006104
-1.12303265,0.00006104
-1.12271265,0.00006104
-1.12239265,0.00006104
-1.12207265,0.00006104
-1.12175265,0.00006104
-1.12143265,0.00006104
-1.12111265,-0.01770074
-1.12079265,0.00006104
-1.12047265,0.00006104
-1.12015265,0.00006104
-1.11983265,0.00006104
-1.11951265,0.00006104
-1.11919265,0.00006104
-1.11887265,0.00006104
-1.11855265,0.00006104
-1.11823265,0.00006104
-1.11791265,0.00006104
-1.11759265,0.00006104
-1.11727265,0.00006104
-1.11695265,0.00006104
-1.11663265,0.00006104
-1.11631265,0.00006104
-1.11599265,0.00006104
-1.11567265,0.00006104
-1.11535265,0.00006104
-1.11503265,0.00006104
-1.11471265,-0.01770074
-1.11439265,0.00006104
-1.11407265,0.00006104
-1.11375265,0.00006104
-1.11343265,0.00006104
-1.11311265,0.00006104
-1.11279265,0.00006104
-1.11247265,0.00006104
-1.11215265,0.00006104
-1.11183265,0.00006104
-1.11151265,0.00006104
-1.11119265,0.00006104
-1.11087265,0.00006104
-1.11055265,0.00006104
-1.11023265,0.00006104
-1.10991265,0.00006104
-1.10959265,0.00006104
-1.10927265,0.00006104
-1.10895265,0.00006104
-1.10863265,-0.01770074
-1.10831265,0.00006104
-1.10799265,0.00006104
-1.10767265,0.00006104
-1.10735265,0.00006104
-1.10703265,0.00006104
-1.10671265,0.00006104
-1.10639265,0.00006104
-1.10607265,0.00006104
-1.10575265,0.00006104
-1.10543265,0.00006104
-1.10511265,0.00006104
-1.10479265,0.00006104
-1.10447265,0.00006104
-1.10415265,-0.01770074
-1.10383265,0.00006104
-1.10351265,0.00006104
-1.10319265,0.00006104
-1.10287265,0.00006104
-1.10255265,0.00006104
-1.10223265,0.00006104
-1.10191265,0.00006104
-1.10159265,0.00006104
-1.10127265,0.00006104
-1.10095265,0.00006104
-1.10063265,0.00006104
-1.10031265,0.00006104
-1.09999265,0.00006104
-1.09967265,-0.01770074
-1.09935265,0.00006104
-1.09903265,0.00006104
-1.09871265,0.00006104
-1.09839265,0.00006104
-1.09807265,0.00006104
-1.09775265,-0.01770074
-1.09743265,0.00006104
-1.09711265,0.00006104
-1.09679265,0.00006104
-1.09647265,-0.01770074
-1.09615265,0.00006104
-1.09583265,0.00006104
-1.09551265,0.00006104
-1.09519265,0.00006104
-1.09487265,0.00006104
-1.09455265,0.00006104
-1.09423265,0.00006104
-1.09391265,0.00006104
-1.09359265,0.00006104
-1.09327265,0.00006104
-1.09295265,0.00006104
-1.09263265,0.00006104
-1.09231265,0.00006104
-1.09199265,0.00006104
-1.09167265,0.00006104
-1.09135265,0.00006104
-1.09103265,0.00006104
-1.09071265,0.00006104
-1.09039265,0.00006104
-1.09007265,0.00006104
-1.08975265,0.00006104
-1.08943265,0.00006104
-1.08911265,0.00006104
-1.08879265,0.00006104
-1.08847265,0.00006104
-1.08815265,0.00006104
-1.08783265,0.00006104
-1.08751265,0.00006104
-1.08719265,0.00006104
-1.08687265,0.00006104
-1.08655265,0.00006104
-1.08623265,0.00006104
-1.08591265,0.00006104
-1.08559265,0.00006104
-1.08527265,-0.01770074
-1.08495265,0.00006104
-1.08463265,0.00006104
-1.08431265,0.00006104
-1.08399265,0.00006104
-1.08367265,0.00006104
-1.08335265,0.00006104
-1.08303265,0.00006104
-1.08271265,0.00006104
-1.08239265,0.00006104
-1.08207265,0.00006104
-1.08175265,0.00006104
-1.08143265,0.00006104
-1.08111265,0.00006104
-1.08079265,0.00006104
-1.08047265,0.00006104
-1.08015265,0.00006104
-1.07983265,0.00006104
-1.07951265,0.00006104
-1.07919265,0.00006104
-1.07887265,0.00006104
-1.07855265,0.00006104
-1.07823265,0.00006104
-1.07791265,0.00006104
-1.07759265,0.00006104
-1.07727265,0.00006104
-1.07695265,0.00006104
-1.07663265,0.00006104
-1.07631265,0.00006104
-1.07599265,0.00006104
-1.07567265,0.00006104
-1.07535265,0.00006104
-1.07503265,0.00006104
-1.07471265,0.00006104
-1.07439265,0.00006104
-1.07407265,0.00006104
-1.07375265,0.00006104
-1.07343265,0.00006104
-1.07311265,0.00006104
-1.07279265,-0.01770074
-1.07247265,0.00006104
-1.07215265,0.00006104
-1.07183265,0.00006104
-1.07151265,0.00006104
-1.07119265,0.00006104
-1.07087265,0.00006104
-1.07055265,0.00006104
-1.07023265,0.00006104
-1.06991265,0.00006104
-1.06959265,0.00006104
-1.06927265,0.00006104
-1.06895265,-0.01770074
-1.06863265,0.00006104
-1.06831265,0.00006104
-1.06799265,0.00006104
-1.06767265,0.00006104
-1.06735265,0.00006104
-1.06703265,0.00006104
-1.06671265,0.00006104
-1.06639265,0.00006104
-1.06607265,0.00006104
-1.06575265,0.00006104
-1.06543265,0.00006104
-1.06511265,0.00006104
-1.06479265,0.00006104
-1.06447265,0.00006104
-1.06415265,0.00006104
-1.06383265,0.00006104
-1.06351265,0.00006104
-1.06319265,0.00006104
-1.06287265,0.00006104
-1.06255265,0.00006104
-1.06223265,0.00006104
-1.06191265,0.00006104
-1.06159265,0.00006104
-1.06127265,0.00006104
-1.06095265,0.00006104
-1.06063265,0.00006104
-1.06031265,0.00006104
-1.05999265,0.00006104
-1.05967265,0.00006104
-1.05935265,0.00006104
-1.05903265,0.00006104
-1.05871265,0.00006104
-1.05839265,0.00006104
-1.05807265,0.00006104
-1.05775265,0.00006104
-1.05743265,0.00006104
-1.05711265,0.00006104
-1.05679265,0.00006104
-1.05647265,0.00006104
-1.05615265,0.00006104
-1.05583265,0.00006104
-1.05551265,0.00006104
-1.05519265,0.00006104
-1.05487265,0.00006104
-1.05455265,0.00006104
-1.05423265,0.00006104
-1.05391265,0.00006104
-1.05359265,0.00006104
-1.05327265,0.00006104
-1.05295265,0.00006104
-1.05263265,0.00006104
-1.05231265,0.00006104
-1.05199265,0.00006104
-1.05167265,0.00006104
-1.05135265,0.00006104
-1.05103265,0.00006104
-1.05071265,0.00006104
-1.05039265,0.00006104
-1.05007265,0.00006104
-1.04975265,0.00006104
-1.04943265,0.00006104
-1.04911265,0.00006104
-1.04879265,0.00006104
-1.04847265,0.00006104
-1.04815265,0.00006104
-1.04783265,0.00006104
-1.04751265,0.00006104
-1.04719265,0.00006104
-1.04687265,0.00006104
-1.04655265,0.00006104
-1.04623265,0.00006104
-1.04591265,0.00006104
-1.04559265,0.00006104
-1.04527265,0.00006104
-1.04495265,0.00006104
-1.04463265,0.00006104
-1.04431265,0.00006104
-1.04399265,0.00006104
-1.04367265,0.00006104
-1.04335265,0.00006104
-1.04303265,0.00006104
-1.04271265,0.00006104
-1.04239265,0.00006104
-1.04207265,0.00006104
-1.04175265,0.00006104
-1.04143265,0.00006104
-1.04111265,0.00006104
-1.04079265,0.00006104
-1.04047265,0.00006104
-1.04015265,0.00006104
-1.03983265,0.00006104
-1.03951265,0.00006104
-1.03919265,0.00006104
-1.03887265,0.00006104
-1.03855265,-0.01770074
-1.03823265,0.00006104
-1.03791265,0.00006104
-1.03759265,0.00006104
-1.03727265,0.00006104
-1.03695265,0.00006104
-1.03663265,0.00006104
-1.03631265,0.00006104
-1.03599265,0.00006104
-1.03567265,0.00006104
-1.03535265,0.00006104
-1.03503265,0.00006104
-1.03471265,0.00006104
-1.03439265,0.00006104
-1.03407265,0.00006104
-1.03375265,0.00006104
-1.03343265,0.00006104
-1.03311265,0.00006104
-1.03279265,0.00006104
-1.03247265,0.00006104
-1.03215265,0.00006104
-1.03183265,0.00006104
-1.03151265,0.00006104
-1.03119265,0.00006104
-1.03087265,0.00006104
-1.03055265,0.00006104
-1.03023265,0.00006104
-1.02991265,0.00006104
-1.02959265,0.00006104
-1.02927265,0.00006104
-1.02895265,0.00006104
-1.02863265,0.00006104
-1.02831265,0.00006104
-1.02799265,0.00006104
-1.02767265,0.00006104
-1.02735265,0.00006104
-1.02703265,0.00006104
-1.02671265,0.00006104
-1.02639265,0.00006104
-1.02607265,0.00006104
-1.02575265,0.00006104
-1.02543265,0.00006104
-1.02511265,0.00006104
-1.02479265,0.00006104
-1.02447265,0.00006104
-1.02415265,0.00006104
-1.02383265,0.00006104
-1.02351265,0.00006104
-1.02319265,0.00006104
-1.02287265,0.00006104
-1.02255265,0.00006104
-1.02223265,0.00006104
-1.02191265,0.00006104
-1.02159265,0.00006104
-1.02127265,0.00006104
-1.02095265,0.00006104
-1.02063265,0.00006104
-1.02031265,-0.01770074
-1.01999265,0.00006104
-1.01967265,0.00006104
-1.01935265,0.00006104
-1.01903265,0.00006104
-1.01871265,0.00006104
-1.01839265,0.00006104
-1.01807265,0.00006104
-1.01775265,0.00006104
-1.01743265,0.00006104
-1.01711265,0.00006104
-1.01679265,0.00006104
-1.01647265,0.00006104
-1.01615265,0.00006104
-1.01583265,-0.01770074
-1.01551265,0.00006104
-1.01519265,0.00006104
-1.01487265,0.00006104
-1.01455265,0.00006104
-1.01423265,0.00006104
-1.01391265,0.00006104
-1.01359265,0.00006104
-1.01327265,-0.01770074
-1.01295265,0.00006104
-1.01263265,0.00006104
-1.01231265,0.00006104
-1.01199265,0.00006104
-1.01167265,0.00006104
-1.01135265,0.00006104
-1.01103265,0.00006104
-1.01071265,0.00006104
-1.01039265,0.00006104
-1.01007265,0.00006104
-1.00975265,-0.01770074
-1.00943265,0.00006104
-1.00911265,0.00006104
-1.00879265,0.00006104
-1.00847265,0.00006104
-1.00815265,0.00006104
-1.00783265,0.00006104
-1.00751265,0.00006104
-1.00719265,0.00006104
-1.00687265,0.00006104
-1.00655265,0.00006104
-1.00623265,0.00006104
-1.00591265,0.00006104
-1.00559265,-0.01770074
-1.00527265,0.00006104
-1.00495265,0.00006104
-1.00463265,0.00006104
-1.00431265,0.00006104
-1.00399265,1.92254400
-1.00367265,0.16022217
-1.00335265,-0.64076662
-1.00303265,-0.40931424
-1.00271265,-0.08893093
-1.00239265,0.03570665
-1.00207265,0.01788385
-1.00175265,0.00006104
-1.00143265,-0.01770074
-1.00111265,-0.03552354
-1.00079265,-0.56953645
-1.00047265,-1.08578753
-1.00015265,-∞
-0.99983265,-1.38840902
-0.99951265,-0.62294382
-0.99919265,-0.01770074
-0.99887265,0.08911405
-0.99855265,0.07129124
-0.99823265,0.03570665
-0.99791265,0.01788385
-0.99759265,0.00006104
-0.99727265,0.01788385
-0.99695265,0.01788385
-0.99663265,0.03570665
-0.99631265,0.03570665
-0.99599265,0.03570665
-0.99567265,0.01788385
-0.99535265,0.00006104
-0.99503265,0.00006104
-0.99471265,0.01788385
-0.99439265,0.01788385
-0.99407265,0.03570665
-0.99375265,0.05346843
-0.99343265,0.05346843
-0.99311265,0.07129124
-0.99279265,0.07129124
-0.99247265,0.03570665
-0.99215265,0.07129124
-0.99183265,0.03570665
-0.99151265,0.03570665
-0.99119265,0.08911405
-0.99087265,0.08911405
-0.99055265,0.05346843
-0.99023265,0.03570665
-0.98991265,0.03570665
-0.98959265,0.03570665
-0.98927265,0.01788385
-0.98895265,-0.01770074
-0.98863265,-0.01770074
-0.98831265,-0.03552354
-0.98799265,-0.01770074
-0.98767265,0.03570665
-0.98735265,-0.01770074
-0.98703265,0.01788385
-0.98671265,0.03570665
-0.98639265,-0.03552354
-0.98607265,0.01788385
-0.98575265,0.00006104
-0.98543265,-0.03552354
-0.98511265,0.03570665
-0.98479265,0.03570665
-0.98447265,0.00006104
-0.98415265,0.03570665
-0.98383265,0.03570665
-0.98351265,0.01788385
-0.98319265,0.01788385
-0.98287265,0.01788385
-0.98255265,0.00006104
-0.98223265,0.00006104
-0.98191265,0.01788385
-0.98159265,0.03570665
-0.98127265,0.00006104
-0.98095265,0.00006104
-0.98063265,0.03570665
-0.98031265,0.00006104
-0.97999265,0.01788385
-0.97967265,0.01788385
-0.97935265,-0.01770074
-0.97903265,0.00006104
-0.97871265,0.01788385
-0.97839265,0.00006104
-0.97807265,0.01788385
-0.97775265,0.01788385
-0.97743265,0.01788385
-0.97711265,0.00006104
-0.97679265,0.01788385
-0.97647265,0.00006104
-0.97615265,0.01788385
-0.97583265,0.01788385
-0.97551265,0.00006104
-0.97519265,0.01788385
-0.97487265,0.01788385
-0.97455265,0.00006104
-0.97423265,0.00006104
-0.97391265,0.00006104
-0.97359265,0.00006104
-0.97327265,0.01788385
-0.97295265,0.00006104
-0.97263265,0.00006104
-0.97231265,0.00006104
-0.97199265,0.00006104
-0.97167265,0.00006104
-0.97135265,0.00006104
-0.97103265,0.01788385
-0.97071265,0.00006104
-0.97039265,0.01788385
-0.97007265,0.00006104
-0.96975265,0.00006104
-0.96943265,0.01788385
-0.96911265,0.01788385
-0.96879265,0.00006104
-0.96847265,0.01788385
-0.96815265,0.00006104
-0.96783265,0.00006104
-0.96751265,0.00006104
-0.96719265,0.00006104
-0.96687265,0.00006104
-0.96655265,0.00006104
-0.96623265,0.00006104
-0.96591265,0.00006104
-0.96559265,0.00006104
-0.96527265,0.00006104
-0.96495265,0.01788385
-0.96463265,0.00006104
-0.96431265,0.00006104
-0.96399265,0.00006104
-0.96367265,0.00006104
-0.96335265,0.00006104
-0.96303265,0.00006104
-0.96271265,0.00006104
-0.96239265,0.00006104
-0.96207265,0.00006104
-0.96175265,0.00006104
-0.96143265,0.00006104
-0.96111265,-0.01770074
-0.96079265,0.00006104
-0.96047265,0.00006104
-0.96015265,0.00006104
-0.95983265,0.00006104
-0.95951265,0.00006104
-0.95919265,0.01788385
-0.95887265,0.01788385
-0.95855265,0.00006104
-0.95823265,0.01788385
-0.95791265,0.00006104
-0.95759265,0.00006104
-0.95727265,0.01788385
-0.95695265,0.00006104
-0.95663265,0.00006104
-0.95631265,0.00006104
-0.95599265,0.00006104
-0.95567265,0.00006104
-0.95535265,0.00006104
-0.95503265,-0.01770074
-0.95471265,-0.01770074
-0.95439265,0.00006104
-0.95407265,0.00006104
-0.95375265,0.00006104
-0.95343265,0.00006104
-0.95311265,0.00006104
-0.95279265,0.00006104
-0.95247265,0.00006104
-0.95215265,0.00006104
-0.95183265,0.00006104
-0.95151265,0.00006104
-0.95119265,0.00006104
-0.95087265,0.00006104
-0.95055265,0.00006104
-0.95023265,0.00006104
-0.94991265,0.01788385
-0.94959265,0.00006104
-0.94927265,0.00006104
-0.94895265,0.00006104
-0.94863265,0.00006104
-0.94831265,0.00006104
-0.94799265,0.00006104
-0.94767265,0.00006104
-0.94735265,0.00006104
-0.94703265,0.00006104
-0.94671265,0.00006104
-0.94639265,0.00006104
-0.94607265,0.00006104
-0.94575265,0.00006104
-0.94543265,0.00006104
-0.94511265,0.00006104
-0.94479265,0.00006104
-0.94447265,0.00006104
-0.94415265,0.00006104
-0.94383265,0.00006104
-0.94351265,0.00006104
-0.94319265,0.00006104
-0.94287265,0.00006104
-0.94255265,0.00006104
-0.94223265,0.00006104
-0.94191265,0.00006104
-0.94159265,0.00006104
-0.94127265,0.00006104
-0.94095265,0.00006104
-0.94063265,0.00006104
-0.94031265,0.00006104
-0.93999265,0.00006104
-0.93967265,0.00006104
-0.93935265,0.00006104
-0.93903265,0.00006104
-0.93871265,0.00006104
-0.93839265,0.00006104
-0.93807265,0.00006104
-0.93775265,0.00006104
-0.93743265,0.00006104
-0.93711265,0.00006104
-0.93679265,0.00006104
-0.93647265,0.00006104
-0.93615265,0.00006104
-0.93583265,-0.01770074
-0.93551265,0.00006104
-0.93519265,0.00006104
-0.93487265,0.00006104
-0.93455265,0.00006104
-0.93423265,0.00006104
-0.93391265,0.00006104
-0.93359265,0.00006104
-0.93327265,0.00006104
-0.93295265,0.00006104
-0.93263265,0.00006104
-0.93231265,0.00006104
-0.93199265,0.00006104
-0.93167265,0.00006104
-0.93135265,0.00006104
-0.93103265,0.00006104
-0.93071265,0.00006104
-0.93039265,0.00006104
-0.93007265,0.00006104
-0.92975265,0.00006104
-0.92943265,0.00006104
-0.92911265,0.00006104
-0.92879265,0.00006104
-0.92847265,0.00006104
-0.92815265,0.00006104
-0.92783265,0.00006104
-0.92751265,0.00006104
-0.92719265,0.00006104
-0.92687265,0.00006104
-0.92655265,0.00006104
-0.92623265,0.00006104
-0.92591265,0.00006104
-0.92559265,0.00006104
-0.92527265,0.00006104
-0.92495265,0.00006104
-0.92463265,0.00006104
-0.92431265,0.00006104
-0.92399265,0.00006104
-0.92367265,0.00006104
-0.92335265,0.00006104
-0.92303265,0.00006104
-0.92271265,0.00006104
-0.92239265,0.00006104
-0.92207265,0.00006104
-0.92175265,0.00006104
-0.92143265,0.00006104
-0.92111265,0.00006104
-0.92079265,0.00006104
-0.92047265,0.00006104
-0.92015265,0.00006104
-0.91983265,0.00006104
-0.91951265,0.00006104
-0.91919265,0.00006104
-0.91887265,0.00006104
-0.91855265,0.00006104
-0.91823265,0.00006104
-0.91791265,-0.01770074
-0.91759265,0.00006104
-0.91727265,-0.01770074
-0.91695265,0.00006104
-0.91663265,0.00006104
-0.91631265,-0.01770074
-0.91599265,0.00006104
-0.91567265,0.00006104
-0.91535265,0.00006104
-0.91503265,0.00006104
-0.91471265,0.00006104
-0.91439265,0.00006104
-0.91407265,0.00006104
-0.91375265,0.00006104
-0.91343265,0.00006104
-0.91311265,0.00006104
-0.91279265,0.00006104
-0.91247265,0.00006104
-0.91215265,0.00006104
-0.91183265,0.00006104
-0.91151265,0.00006104
-0.91119265,0.00006104
-0.91087265,0.00006104
-0.91055265,0.00006104
-0.91023265,0.00006104
-0.90991265,0.00006104
-0.90959265,0.00006104
-0.90927265,0.00006104
-0.90895265,0.00006104
-0.90863265,0.00006104
-0.90831265,0.00006104
-0.90799265,0.00006104
-0.90767265,0.00006104
-0.90735265,0.00006104
-0.90703265,0.00006104
-0.90671265,0.00006104
-0.90639265,0.00006104
-0.90607265,-0.01770074
-0.90575265,0.00006104
-0.90543265,0.00006104
-0.90511265,0.00006104
-0.90479265,-0.01770074
-0.90447265,0.00006104
-0.90415265,0.00006104
-0.90383265,-0.01770074
-0.90351265,0.00006104
-0.90319265,0.00006104
-0.90287265,0.00006104
-0.90255265,-0.01770074
-0.90223265,-0.01770074
-0.90191265,-0.01770074
-0.90159265,0.00006104
-0.90127265,0.00006104
-0.90095265,0.00006104
-0.90063265,0.00006104
-0.90031265,0.00006104
-0.89999265,-0.01770074
-0.89967265,0.00006104
-0.89935265,0.00006104
-0.89903265,0.00006104
-0.89871265,0.00006104
-0.89839265,0.00006104
-0.89807265,0.00006104
-0.89775265,0.00006104
-0.89743265,0.00006104
-0.89711265,0.00006104
-0.89679265,0.00006104
-0.89647265,0.00006104
-0.89615265,0.00006104
-0.89583265,0.00006104
-0.89551265,0.00006104
-0.89519265,0.00006104
-0.89487265,0.00006104
-0.89455265,0.00006104
-0.89423265,0.00006104
-0.89391265,0.00006104
-0.89359265,0.00006104
-0.89327265,0.00006104
-0.89295265,0.00006104
-0.89263265,0.00006104
-0.89231265,0.00006104
-0.89199265,-0.01770074
-0.89167265,-0.01770074
-0.89135265,0.00006104
-0.89103265,0.00006104
-0.89071265,0.00006104
-0.89039265,0.00006104
-0.89007265,0.00006104
-0.88975265,0.00006104
-0.88943265,0.00006104
-0.88911265,0.00006104
-0.88879265,0.00006104
-0.88847265,0.00006104
-0.88815265,0.00006104
-0.88783265,0.00006104
-0.88751265,0.00006104
-0.88719265,0.00006104
-0.88687265,0.00006104
-0.88655265,0.00006104
-0.88623265,0.00006104
-0.88591265,0.00006104
-0.88559265,-0.01770074
-0.88527265,0.00006104
-0.88495265,0.00006104
-0.88463265,0.00006104
-0.88431265,0.00006104
-0.88399265,0.00006104
-0.88367265,0.00006104
-0.88335265,0.00006104
-0.88303265,0.00006104
-0.88271265,-0.01770074
-0.88239265,0.00006104
-0.88207265,0.00006104
-0.88175265,0.00006104
-0.88143265,0.00006104
-0.88111265,0.00006104
-0.88079265,0.00006104
-0.88047265,0.00006104
-0.88015265,0.00006104
-0.87983265,0.00006104
-0.87951265,0.00006104
-0.87919265,0.00006104
-0.87887265,0.00006104
-0.87855265,-0.01770074
-0.87823265,0.00006104
-0.87791265,0.00006104
-0.87759265,0.00006104
-0.87727265,0.00006104
-0.87695265,0.00006104
-0.87663265,-0.01770074
-0.87631265,-0.01770074
-0.87599265,0.00006104
-0.87567265,0.00006104
-0.87535265,0.00006104
-0.87503265,0.00006104
-0.87471265,0.00006104
-0.87439265,0.00006104
-0.87407265,-0.01770074
-0.87375265,0.00006104
-0.87343265,0.00006104
-0.87311265,0.00006104
-0.87279265,0.00006104
-0.87247265,0.00006104
-0.87215265,0.00006104
-0.87183265,0.00006104
-0.87151265,0.00006104
-0.87119265,0.00006104
-0.87087265,-0.01770074
-0.87055265,0.00006104
-0.87023265,0.00006104
-0.86991265,0.00006104
-0.86959265,0.00006104
-0.86927265,0.00006104
-0.86895265,0.00006104
-0.86863265,0.00006104
-0.86831265,0.00006104
-0.86799265,0.00006104
-0.86767265,0.00006104
-0.86735265,-0.01770074
-0.86703265,0.00006104
-0.86671265,0.00006104
-0.86639265,0.00006104
-0.86607265,0.00006104
-0.86575265,0.00006104
-0.86543265,0.00006104
-0.86511265,0.00006104
-0.86479265,0.00006104
-0.86447265,0.00006104
-0.86415265,0.00006104
-0.86383265,0.00006104
-0.86351265,0.00006104
-0.86319265,0.00006104
-0.86287265,0.00006104
-0.86255265,0.00006104
-0.86223265,0.00006104
-0.86191265,0.00006104
-0.86159265,0.00006104
-0.86127265,0.00006104
-0.86095265,0.00006104
-0.86063265,-0.01770074
-0.86031265,0.00006104
-0.85999265,0.00006104
-0.85967265,0.00006104
-0.85935265,0.00006104
-0.85903265,0.00006104
-0.85871265,0.00006104
-0.85839265,0.00006104
-0.85807265,0.00006104
-0.85775265,0.00006104
-0.85743265,0.00006104
-0.85711265,0.00006104
-0.85679265,0.00006104
-0.85647265,0.00006104
-0.85615265,0.00006104
-0.85583265,0.00006104
-0.85551265,0.00006104
-0.85519265,0.00006104
-0.85487265,0.00006104
-0.85455265,-0.01770074
-0.85423265,0.00006104
-0.85391265,0.00006104
-0.85359265,0.00006104
-0.85327265,0.00006104
-0.85295265,0.00006104
-0.85263265,0.00006104
-0.85231265,0.00006104
-0.85199265,0.00006104
-0.85167265,0.00006104
-0.85135265,0.00006104
-0.85103265,0.00006104
-0.85071265,0.00006104
-0.85039265,0.00006104
-0.85007265,0.00006104
-0.84975265,-0.01770074
-0.84943265,0.00006104
-0.84911265,0.00006104
-0.84879265,0.00006104
-0.84847265,0.00006104
-0.84815265,0.00006104
-0.84783265,0.00006104
-0.84751265,0.00006104
-0.84719265,-0.01770074
-0.84687265,0.00006104
-0.84655265,0.00006104
-0.84623265,0.00006104
-0.84591265,0.00006104
-0.84559265,0.00006104
-0.84527265,0.00006104
-0.84495265,0.00006104
-0.84463265,0.00006104
-0.84431265,0.00006104
-0.84399265,0.00006104
-0.84367265,0.00006104
-0.84335265,0.00006104
-0.84303265,0.00006104
-0.84271265,0.00006104
-0.84239265,0.00006104
-0.84207265,0.00006104
-0.84175265,0.00006104
-0.84143265,0.00006104
-0.84111265,0.00006104
-0.84079265,-0.01770074
-0.84047265,0.00006104
-0.84015265,0.00006104
-0.83983265,0.00006104
-0.83951265,0.00006104
-0.83919265,0.00006104
-0.83887265,-0.01770074
-0.83855265,0.00006104
-0.83823265,0.00006104
-0.83791265,0.00006104
-0.83759265,0.00006104
-0.83727265,0.00006104
-0.83695265,0.00006104
-0.83663265,0.00006104
-0.83631265,0.00006104
-0.83599265,0.00006104
-0.83567265,0.00006104
-0.83535265,0.00006104
-0.83503265,0.00006104
-0.83471265,0.00006104
-0.83439265,0.00006104
-0.83407265,0.00006104
-0.83375265,0.00006104
-0.83343265,-0.01770074
-0.83311265,0.00006104
-0.83279265,0.00006104
-0.83247265,0.00006104
-0.83215265,0.00006104
-0.83183265,0.00006104
-0.83151265,0.00006104
-0.83119265,0.00006104
-0.83087265,0.00006104
-0.83055265,0.00006104
-0.83023265,0.00006104
-0.82991265,0.00006104
-0.82959265,0.00006104
-0.82927265,0.00006104
-0.82895265,0.00006104
-0.82863265,0.00006104
-0.82831265,-0.01770074
-0.82799265,0.00006104
-0.82767265,0.00006104
-0.82735265,0.00006104
-0.82703265,0.00006104
-0.82671265,0.00006104
-0.82639265,0.00006104
-0.82607265,0.00006104
-0.82575265,0.00006104
-0.82543265,0.00006104
-0.82511265,0.00006104
-0.82479265,0.00006104
-0.82447265,0.00006104
-0.82415265,0.00006104
-0.82383265,0.00006104
-0.82351265,0.00006104
-0.82319265,0.00006104
-0.82287265,0.00006104
-0.82255265,0.00006104
-0.82223265,0.00006104
-0.82191265,0.00006104
-0.82159265,0.00006104
-0.82127265,0.00006104
-0.82095265,0.00006104
-0.82063265,0.00006104
-0.82031265,0.00006104
-0.81999265,0.00006104
-0.81967265,0.00006104
-0.81935265,0.00006104
-0.81903265,0.00006104
-0.81871265,0.00006104
-0.81839265,0.00006104
-0.81807265,0.00006104
-0.81775265,-0.01770074
-0.81743265,0.00006104
-0.81711265,0.00006104
-0.81679265,0.00006104
-0.81647265,0.00006104
-0.81615265,0.00006104
-0.81583265,0.00006104
-0.81551265,0.00006104
-0.81519265,0.00006104
-0.81487265,-0.01770074
-0.81455265,0.00006104
-0.81423265,0.00006104
-0.81391265,0.00006104
-0.81359265,0.00006104
-0.81327265,0.00006104
-0.81295265,0.00006104
-0.81263265,-0.01770074
-0.81231265,0.00006104
-0.81199265,0.00006104
-0.81167265,0.00006104
-0.81135265,0.00006104
-0.81103265,0.00006104
-0.81071265,0.00006104
-0.81039265,0.00006104
-0.81007265,0.00006104
-0.80975265,0.00006104
-0.80943265,0.00006104
-0.80911265,0.00006104
-0.80879265,0.00006104
-0.80847265,0.00006104
-0.80815265,0.00006104
-0.80783265,0.00006104
-0.80751265,0.00006104
-0.80719265,0.00006104
-0.80687265,0.00006104
-0.80655265,0.00006104
-0.80623265,0.00006104
-0.80591265,0.00006104
-0.80559265,0.00006104
-0.80527265,0.00006104
-0.80495265,0.00006104
-0.80463265,0.00006104
-0.80431265,0.00006104
-0.80399265,0.00006104
-0.80367265,0.00006104
-0.80335265,-0.01770074
-0.80303265,0.00006104
-0.80271265,0.00006104
-0.80239265,0.00006104
-0.80207265,0.00006104
-0.80175265,0.00006104
-0.80143265,0.00006104
-0.80111265,0.00006104
-0.80079265,0.00006104
-0.80047265,0.00006104
-0.80015265,0.00006104
-0.79983265,0.00006104
-0.79951265,0.00006104
-0.79919265,0.00006104
-0.79887265,0.00006104
-0.79855265,0.00006104
-0.79823265,0.00006104
-0.79791265,0.00006104
-0.79759265,0.00006104
-0.79727265,0.00006104
-0.79695265,0.00006104
-0.79663265,0.00006104
-0.79631265,0.00006104
-0.79599265,0.00006104
-0.79567265,0.00006104
-0.79535265,0.00006104
-0.79503265,0.00006104
-0.79471265,0.00006104
-0.79439265,0.00006104
-0.79407265,0.00006104
-0.79375265,0.00006104
-0.79343265,0.00006104
-0.79311265,0.00006104
-0.79279265,0.00006104
-0.79247265,0.00006104
-0.79215265,0.00006104
-0.79183265,0.00006104
-0.79151265,0.00006104
-0.79119265,0.00006104
-0.79087265,0.00006104
-0.79055265,0.00006104
-0.79023265,0.00006104
-0.78991265,0.00006104
-0.78959265,0.00006104
-0.78927265,0.00006104
-0.78895265,0.00006104
-0.78863265,0.00006104
-0.78831265,0.00006104
-0.78799265,0.00006104
-0.78767265,0.00006104
-0.78735265,0.00006104
-0.78703265,0.00006104
-0.78671265,0.00006104
-0.78639265,0.00006104
-0.78607265,0.00006104
-0.78575265,0.00006104
-0.78543265,0.00006104
-0.78511265,0.00006104
-0.78479265,0.00006104
-0.78447265,0.00006104
-0.78415265,0.00006104
-0.78383265,0.00006104
-0.78351265,0.00006104
-0.78319265,0.00006104
-0.78287265,0.00006104
-0.78255265,0.00006104
-0.78223265,0.00006104
-0.78191265,0.00006104
-0.78159265,0.00006104
-0.78127265,0.00006104
-0.78095265,0.00006104
-0.78063265,0.00006104
-0.78031265,0.00006104
-0.77999265,0.00006104
-0.77967265,0.00006104
-0.77935265,-0.01770074
-0.77903265,0.00006104
-0.77871265,0.00006104
-0.77839265,0.00006104
-0.77807265,0.00006104
-0.77775265,0.00006104
-0.77743265,0.00006104
-0.77711265,0.00006104
-0.77679265,0.00006104
-0.77647265,0.00006104
-0.77615265,-0.01770074
-0.77583265,0.00006104
-0.77551265,0.00006104
-0.77519265,0.00006104
-0.77487265,0.00006104
-0.77455265,0.00006104
-0.77423265,0.00006104
-0.77391265,0.00006104
-0.77359265,0.00006104
-0.77327265,0.00006104
-0.77295265,0.00006104
-0.77263265,0.00006104
-0.77231265,0.00006104
-0.77199265,-0.01770074
-0.77167265,0.00006104
-0.77135265,0.00006104
-0.77103265,0.00006104
-0.77071265,0.00006104
-0.77039265,-0.01770074
-0.77007265,0.00006104
-0.76975265,0.00006104
-0.76943265,0.00006104
-0.76911265,0.00006104
-0.76879265,0.00006104
-0.76847265,0.00006104
-0.76815265,0.00006104
-0.76783265,0.00006104
-0.76751265,0.00006104
-0.76719265,0.00006104
-0.76687265,0.00006104
-0.76655265,0.00006104
-0.76623265,0.00006104
-0.76591265,0.00006104
-0.76559265,0.00006104
-0.76527265,0.00006104
-0.76495265,0.00006104
-0.76463265,0.00006104
-0.76431265,0.00006104
-0.76399265,0.00006104
-0.76367265,0.00006104
-0.76335265,0.00006104
-0.76303265,0.00006104
-0.76271265,0.00006104
-0.76239265,0.00006104
-0.76207265,0.00006104
-0.76175265,0.00006104
-0.76143265,0.00006104
-0.76111265,0.00006104
-0.76079265,0.00006104
-0.76047265,0.00006104
-0.76015265,0.00006104
-0.75983265,0.00006104
-0.75951265,0.00006104
-0.75919265,0.00006104
-0.75887265,0.00006104
-0.75855265,0.00006104
-0.75823265,0.00006104
-0.75791265,0.00006104
-0.75759265,0.00006104
-0.75727265,0.00006104
-0.75695265,0.00006104
-0.75663265,0.00006104
-0.75631265,-0.01770074
-0.75599265,0.00006104
-0.75567265,0.00006104
-0.75535265,0.00006104
-0.75503265,0.00006104
-0.75471265,0.00006104
-0.75439265,0.00006104
-0.75407265,0.00006104
-0.75375265,0.00006104
-0.75343265,0.00006104
-0.75311265,0.00006104
-0.75279265,0.00006104
-0.75247265,0.00006104
-0.75215265,0.00006104
-0.75183265,0.00006104
-0.75151265,0.00006104
-0.75119265,0.00006104
-0.75087265,0.00006104
-0.75055265,0.00006104
-0.75023265,0.00006104
-0.74991265,0.00006104
-0.74959265,0.00006104
-0.74927265,0.00006104
-0.74895265,0.00006104
-0.74863265,0.00006104
-0.74831265,0.00006104
-0.74799265,0.00006104
-0.74767265,0.00006104
-0.74735265,0.00006104
-0.74703265,0.00006104
-0.74671265,0.00006104
-0.74639265,0.00006104
-0.74607265,-0.01770074
-0.74575265,-0.01770074
-0.74543265,0.00006104
-0.74511265,0.00006104
-0.74479265,0.00006104
-0.74447265,0.00006104
-0.74415265,0.00006104
-0.74383265,0.00006104
-0.74351265,-0.01770074
-0.74319265,0.00006104
-0.74287265,0.00006104
-0.74255265,0.00006104
-0.74223265,0.00006104
-0.74191265,0.00006104
-0.74159265,0.00006104
-0.74127265,0.00006104
-0.74095265,0.00006104
-0.74063265,-0.01770074
-0.74031265,0.00006104
-0.73999265,0.00006104
-0.73967265,0.00006104
-0.73935265,0.00006104
-0.73903265,-0.01770074
-0.73871265,0.00006104
-0.73839265,0.00006104
-0.73807265,0.00006104
-0.73775265,0.00006104
-0.73743265,-0.01770074
-0.73711265,-0.01770074
-0.73679265,-0.01770074
-0.73647265,0.00006104
-0.73615265,0.00006104
-0.73583265,0.00006104
-0.73551265,0.00006104
-0.73519265,0.00006104
-0.73487265,0.00006104
-0.73455265,-0.01770074
-0.73423265,0.00006104
-0.73391265,0.00006104
-0.73359265,0.00006104
-0.73327265,0.00006104
-0.73295265,0.00006104
-0.73263265,0.00006104
-0.73231265,0.00006104
-0.73199265,0.00006104
-0.73167265,0.00006104
-0.73135265,0.00006104
-0.73103265,0.00006104
-0.73071265,0.00006104
-0.73039265,0.00006104
-0.73007265,0.00006104
-0.72975265,0.00006104
-0.72943265,-0.01770074
-0.72911265,0.00006104
-0.72879265,0.00006104
-0.72847265,0.00006104
-0.72815265,0.00006104
-0.72783265,-0.01770074
-0.72751265,0.00006104
-0.72719265,-0.01770074
-0.72687265,0.00006104
-0.72655265,-0.01770074
-0.72623265,0.00006104
-0.72591265,0.00006104
-0.72559265,-0.01770074
-0.72527265,0.00006104
-0.72495265,0.00006104
-0.72463265,0.00006104
-0.72431265,0.00006104
-0.72399265,0.00006104
-0.72367265,0.00006104
-0.72335265,0.00006104
-0.72303265,0.00006104
-0.72271265,0.00006104
-0.72239265,0.00006104
-0.72207265,0.00006104
-0.72175265,0.00006104
-0.72143265,0.00006104
-0.72111265,0.00006104
-0.72079265,0.00006104
-0.72047265,0.00006104
-0.72015265,-0.01770074
-0.71983265,0.00006104
-0.71951265,0.00006104
-0.71919265,0.00006104
-0.71887265,0.00006104
-0.71855265,0.00006104
-0.71823265,0.00006104
-0.71791265,0.00006104
-0.71759265,0.00006104
-0.71727265,0.00006104
-0.71695265,0.00006104
-0.71663265,0.00006104
-0.71631265,0.00006104
-0.71599265,0.00006104
-0.71567265,0.00006104
-0.71535265,0.00006104
-0.71503265,0.00006104
-0.71471265,0.00006104
-0.71439265,0.00006104
-0.71407265,0.00006104
-0.71375265,0.00006104
-0.71343265,-0.01770074
-0.71311265,0.00006104
-0.71279265,0.00006104
-0.71247265,0.00006104
-0.71215265,0.00006104
-0.71183265,-0.01770074
-0.71151265,0.00006104
-0.71119265,0.00006104
-0.71087265,0.00006104
-0.71055265,0.00006104
-0.71023265,0.00006104
-0.70991265,0.00006104
-0.70959265,0.00006104
-0.70927265,-0.01770074
-0.70895265,0.00006104
-0.70863265,0.00006104
-0.70831265,0.00006104
-0.70799265,0.00006104
-0.70767265,0.00006104
-0.70735265,0.00006104
-0.70703265,0.00006104
-0.70671265,0.00006104
-0.70639265,0.00006104
-0.70607265,0.00006104
-0.70575265,0.00006104
-0.70543265,0.00006104
-0.70511265,0.00006104
-0.70479265,0.00006104
-0.70447265,0.00006104
-0.70415265,0.00006104
-0.70383265,0.00006104
-0.70351265,0.00006104
-0.70319265,0.00006104
-0.70287265,0.00006104
-0.70255265,0.00006104
-0.70223265,0.00006104
-0.70191265,0.00006104
-0.70159265,0.00006104
-0.70127265,0.00006104
-0.70095265,0.00006104
-0.70063265,0.00006104
-0.70031265,0.00006104
-0.69999265,0.00006104
-0.69967265,-0.01770074
-0.69935265,0.00006104
-0.69903265,0.00006104
-0.69871265,0.00006104
-0.69839265,0.00006104
-0.69807265,0.00006104
-0.69775265,0.00006104
-0.69743265,0.00006104
-0.69711265,0.00006104
-0.69679265,0.00006104
-0.69647265,0.00006104
-0.69615265,0.00006104
-0.69583265,0.00006104
-0.69551265,0.00006104
-0.69519265,0.00006104
-0.69487265,0.00006104
-0.69455265,0.00006104
-0.69423265,0.00006104
-0.69391265,0.00006104
-0.69359265,-0.01770074
-0.69327265,0.00006104
-0.69295265,0.00006104
-0.69263265,0.00006104
-0.69231265,0.00006104
-0.69199265,0.00006104
-0.69167265,0.00006104
-0.69135265,0.00006104
-0.69103265,0.00006104
-0.69071265,0.00006104
-0.69039265,0.00006104
-0.69007265,0.00006104
-0.68975265,0.00006104
-0.68943265,0.00006104
-0.68911265,0.00006104
-0.68879265,0.00006104
-0.68847265,0.00006104
-0.68815265,0.00006104
-0.68783265,0.00006104
-0.68751265,0.00006104
-0.68719265,0.00006104
-0.68687265,0.00006104
-0.68655265,0.00006104
-0.68623265,0.00006104
-0.68591265,0.00006104
-0.68559265,0.00006104
-0.68527265,0.00006104
-0.68495265,0.00006104
-0.68463265,0.00006104
-0.68431265,-0.01770074
-0.68399265,0.00006104
-0.68367265,0.00006104
-0.68335265,0.00006104
-0.68303265,0.00006104
-0.68271265,0.00006104
-0.68239265,0.00006104
-0.68207265,0.00006104
-0.68175265,0.00006104
-0.68143265,0.00006104
-0.68111265,0.00006104
-0.68079265,0.00006104
-0.68047265,0.00006104
-0.68015265,0.00006104
-0.67983265,-0.01770074
-0.67951265,0.00006104
-0.67919265,0.00006104
-0.67887265,-0.01770074
-0.67855265,0.00006104
-0.67823265,0.00006104
-0.67791265,0.00006104
-0.67759265,0.00006104
-0.67727265,0.00006104
-0.67695265,0.00006104
-0.67663265,0.00006104
-0.67631265,0.00006104
-0.67599265,0.00006104
-0.67567265,0.00006104
-0.67535265,0.00006104
-0.67503265,0.00006104
-0.67471265,0.00006104
-0.67439265,-0.01770074
-0.67407265,0.00006104
-0.67375265,0.00006104
-0.67343265,0.00006104
-0.67311265,0.00006104
-0.67279265,0.00006104
-0.67247265,0.00006104
-0.67215265,0.00006104
-0.67183265,0.00006104
-0.67151265,0.00006104
-0.67119265,0.00006104
-0.67087265,0.00006104
-0.67055265,0.00006104
-0.67023265,0.00006104
-0.66991265,0.00006104
-0.66959265,0.00006104
-0.66927265,0.00006104
-0.66895265,0.00006104
-0.66863265,0.00006104
-0.66831265,0.00006104
-0.66799265,0.00006104
-0.66767265,0.00006104
-0.66735265,0.00006104
-0.66703265,0.00006104
-0.66671265,0.00006104
-0.66639265,0.00006104
-0.66607265,0.00006104
-0.66575265,0.00006104
-0.66543265,0.00006104
-0.66511265,-0.01770074
-0.66479265,0.00006104
-0.66447265,0.00006104
-0.66415265,0.00006104
-0.66383265,0.00006104
-0.66351265,0.00006104
-0.66319265,0.00006104
-0.66287265,0.00006104
-0.66255265,0.00006104
-0.66223265,0.00006104
-0.66191265,0.00006104
-0.66159265,0.00006104
-0.66127265,0.00006104
-0.66095265,0.00006104
-0.66063265,0.00006104
-0.66031265,0.00006104
-0.65999265,0.00006104
-0.65967265,0.00006104
-0.65935265,0.00006104
-0.65903265,0.00006104
-0.65871265,0.00006104
-0.65839265,0.00006104
-0.65807265,0.00006104
-0.65775265,0.00006104
-0.65743265,0.00006104
-0.65711265,0.00006104
-0.65679265,0.00006104
-0.65647265,0.00006104
-0.65615265,0.00006104
-0.65583265,0.00006104
-0.65551265,0.00006104
-0.65519265,0.00006104
-0.65487265,0.00006104
-0.65455265,0.00006104
-0.65423265,0.00006104
-0.65391265,0.00006104
-0.65359265,0.00006104
-0.65327265,0.00006104
-0.65295265,0.00006104
-0.65263265,0.00006104
-0.65231265,0.00006104
-0.65199265,0.00006104
-0.65167265,0.00006104
-0.65135265,0.00006104
-0.65103265,0.00006104
-0.65071265,0.00006104
-0.65039265,0.00006104
-0.65007265,0.00006104
-0.64975265,0.00006104
-0.64943265,0.00006104
-0.64911265,0.00006104
-0.64879265,0.00006104
-0.64847265,-0.01770074
-0.64815265,0.00006104
-0.64783265,0.00006104
-0.64751265,0.00006104
-0.64719265,0.00006104
-0.64687265,0.00006104
-0.64655265,0.00006104
-0.64623265,0.00006104
-0.64591265,-0.01770074
-0.64559265,0.00006104
-0.64527265,0.00006104
-0.64495265,0.00006104
-0.64463265,0.00006104
-0.64431265,0.00006104
-0.64399265,0.00006104
-0.64367265,0.00006104
-0.64335265,0.00006104
-0.64303265,0.00006104
-0.64271265,0.00006104
-0.64239265,0.00006104
-0.64207265,0.00006104
-0.64175265,-0.01770074
-0.64143265,0.00006104
-0.64111265,0.00006104
-0.64079265,0.00006104
-0.64047265,0.00006104
-0.64015265,0.00006104
-0.63983265,0.00006104
-0.63951265,0.00006104
-0.63919265,0.00006104
-0.63887265,0.00006104
-0.63855265,0.00006104
-0.63823265,0.00006104
-0.63791265,0.00006104
-0.63759265,0.00006104
-0.63727265,0.00006104
-0.63695265,0.00006104
-0.63663265,0.00006104
-0.63631265,0.00006104
-0.63599265,0.00006104
-0.63567265,0.00006104
-0.63535265,0.00006104
-0.63503265,0.00006104
-0.63471265,0.00006104
-0.63439265,-0.01770074
-0.63407265,0.00006104
-0.63375265,0.00006104
-0.63343265,0.00006104
-0.63311265,0.00006104
-0.63279265,0.00006104
-0.63247265,0.00006104
-0.63215265,0.00006104
-0.63183265,0.00006104
-0.63151265,0.00006104
-0.63119265,0.00006104
-0.63087265,0.00006104
-0.63055265,0.00006104
-0.63023265,0.00006104
-0.62991265,0.00006104
-0.62959265,0.00006104
-0.62927265,0.00006104
-0.62895265,0.00006104
-0.62863265,0.00006104
-0.62831265,0.00006104
-0.62799265,0.00006104
-0.62767265,0.00006104
-0.62735265,0.00006104
-0.62703265,0.00006104
-0.62671265,0.00006104
-0.62639265,0.00006104
-0.62607265,0.00006104
-0.62575265,0.00006104
-0.62543265,0.00006104
-0.62511265,0.00006104
-0.62479265,0.00006104
-0.62447265,-0.01770074
-0.62415265,0.00006104
-0.62383265,0.00006104
-0.62351265,0.00006104
-0.62319265,0.00006104
-0.62287265,0.00006104
-0.62255265,0.00006104
-0.62223265,0.00006104
-0.62191265,0.00006104
-0.62159265,0.00006104
-0.62127265,0.00006104
-0.62095265,0.00006104
-0.62063265,0.00006104
-0.62031265,0.00006104
-0.61999265,0.00006104
-0.61967265,0.00006104
-0.61935265,0.00006104
-0.61903265,0.00006104
-0.61871265,0.00006104
-0.61839265,0.00006104
-0.61807265,0.00006104
-0.61775265,-0.01770074
-0.61743265,0.00006104
-0.61711265,0.00006104
-0.61679265,0.00006104
-0.61647265,0.00006104
-0.61615265,0.00006104
-0.61583265,0.00006104
-0.61551265,0.00006104
-0.61519265,0.00006104
-0.61487265,0.00006104
-0.61455265,0.00006104
-0.61423265,0.00006104
-0.61391265,0.00006104
-0.61359265,0.00006104
-0.61327265,0.00006104
-0.61295265,0.00006104
-0.61263265,-0.01770074
-0.61231265,0.00006104
-0.61199265,-0.01770074
-0.61167265,0.00006104
-0.61135265,0.00006104
-0.61103265,0.00006104
-0.61071265,0.00006104
-0.61039265,0.00006104
-0.61007265,0.00006104
-0.60975265,0.00006104
-0.60943265,0.00006104
-0.60911265,0.00006104
-0.60879265,0.00006104
-0.60847265,0.00006104
-0.60815265,0.00006104
-0.60783265,0.00006104
-0.60751265,0.00006104
-0.60719265,0.00006104
-0.60687265,0.00006104
-0.60655265,0.00006104
-0.60623265,0.00006104
-0.60591265,0.00006104
-0.60559265,0.00006104
-0.60527265,0.00006104
-0.60495265,0.00006104
-0.60463265,0.00006104
-0.60431265,0.00006104
-0.60399265,0.00006104
-0.60367265,0.00006104
-0.60335265,0.00006104
-0.60303265,0.00006104
-0.60271265,0.00006104
-0.60239265,0.00006104
-0.60207265,0.00006104
-0.60175265,0.00006104
-0.60143265,0.00006104
-0.60111265,0.00006104
-0.60079265,0.00006104
-0.60047265,0.00006104
-0.60015265,0.00006104
-0.59983265,-0.01770074
-0.59951265,0.00006104
-0.59919265,0.00006104
-0.59887265,0.00006104
-0.59855265,0.00006104
-0.59823265,0.00006104
-0.59791265,0.00006104
-0.59759265,0.00006104
-0.59727265,0.00006104
-0.59695265,0.00006104
-0.59663265,0.00006104
-0.59631265,0.00006104
-0.59599265,0.00006104
-0.59567265,0.00006104
-0.59535265,0.00006104
-0.59503265,0.00006104
-0.59471265,0.00006104
-0.59439265,0.00006104
-0.59407265,0.00006104
-0.59375265,0.00006104
-0.59343265,0.00006104
-0.59311265,0.00006104
-0.59279265,-0.01770074
-0.59247265,0.00006104
-0.59215265,0.00006104
-0.59183265,-0.01770074
-0.59151265,0.00006104
-0.59119265,0.00006104
-0.59087265,0.00006104
-0.59055265,0.00006104
-0.59023265,0.00006104
-0.58991265,0.00006104
-0.58959265,0.00006104
-0.58927265,0.00006104
-0.58895265,0.00006104
-0.58863265,0.00006104
-0.58831265,0.00006104
-0.58799265,0.00006104
-0.58767265,0.00006104
-0.58735265,-0.01770074
-0.58703265,0.00006104
-0.58671265,0.00006104
-0.58639265,0.00006104
-0.58607265,0.00006104
-0.58575265,0.00006104
-0.58543265,0.00006104
-0.58511265,0.00006104
-0.58479265,0.00006104
-0.58447265,0.00006104
-0.58415265,0.00006104
-0.58383265,-0.01770074
-0.58351265,0.00006104
-0.58319265,0.00006104
-0.58287265,0.00006104
-0.58255265,0.00006104
-0.58223265,0.00006104
-0.58191265,0.00006104
-0.58159265,0.00006104
-0.58127265,0.00006104
-0.58095265,0.00006104
-0.58063265,0.00006104
-0.58031265,0.00006104
-0.57999265,0.00006104
-0.57967265,0.00006104
-0.57935265,0.00006104
-0.57903265,0.00006104
-0.57871265,-0.01770074
-0.57839265,0.00006104
-0.57807265,0.00006104
-0.57775265,0.00006104
-0.57743265,0.00006104
-0.57711265,0.00006104
-0.57679265,0.00006104
-0.57647265,0.00006104
-0.57615265,0.00006104
-0.57583265,0.00006104
-0.57551265,0.00006104
-0.57519265,0.00006104
-0.57487265,0.00006104
-0.57455265,0.00006104
-0.57423265,0.00006104
-0.57391265,0.00006104
-0.57359265,0.00006104
-0.57327265,0.00006104
-0.57295265,0.00006104
-0.57263265,0.00006104
-0.57231265,0.00006104
-0.57199265,0.00006104
-0.57167265,0.00006104
-0.57135265,0.00006104
-0.57103265,0.00006104
-0.57071265,-0.01770074
-0.57039265,0.00006104
-0.57007265,0.00006104
-0.56975265,0.00006104
-0.56943265,0.00006104
-0.56911265,0.00006104
-0.56879265,0.00006104
-0.56847265,0.00006104
-0.56815265,0.00006104
-0.56783265,0.00006104
-0.56751265,0.00006104
-0.56719265,-0.01770074
-0.56687265,0.00006104
-0.56655265,0.00006104
-0.56623265,0.00006104
-0.56591265,0.00006104
-0.56559265,0.00006104
-0.56527265,0.00006104
-0.56495265,0.00006104
-0.56463265,0.00006104
-0.56431265,0.00006104
-0.56399265,-0.01770074
-0.56367265,0.00006104
-0.56335265,0.00006104
-0.56303265,0.00006104
-0.56271265,0.00006104
-0.56239265,0.00006104
-0.56207265,0.00006104
-0.56175265,0.00006104
-0.56143265,-0.01770074
-0.56111265,0.00006104
-0.56079265,0.00006104
-0.56047265,0.00006104
-0.56015265,0.00006104
-0.55983265,0.00006104
-0.55951265,0.00006104
-0.55919265,0.00006104
-0.55887265,-0.01770074
-0.55855265,0.00006104
-0.55823265,-0.01770074
-0.55791265,0.00006104
-0.55759265,0.00006104
-0.55727265,0.00006104
-0.55695265,0.00006104
-0.55663265,0.00006104
-0.55631265,0.00006104
-0.55599265,0.00006104
-0.55567265,0.00006104
-0.55535265,0.00006104
-0.55503265,0.00006104
-0.55471265,0.00006104
-0.55439265,0.00006104
-0.55407265,0.00006104
-0.55375265,0.00006104
-0.55343265,0.00006104
-0.55311265,0.00006104
-0.55279265,0.00006104
-0.55247265,0.00006104
-0.55215265,0.00006104
-0.55183265,-0.01770074
-0.55151265,-0.01770074
-0.55119265,0.00006104
-0.55087265,0.00006104
-0.55055265,0.00006104
-0.55023265,0.00006104
-0.54991265,0.00006104
-0.54959265,-0.01770074
-0.54927265,0.00006104
-0.54895265,0.00006104
-0.54863265,0.00006104
-0.54831265,0.00006104
-0.54799265,-0.01770074
-0.54767265,0.00006104
-0.54735265,0.00006104
-0.54703265,0.00006104
-0.54671265,0.00006104
-0.54639265,0.00006104
-0.54607265,0.00006104
-0.54575265,0.00006104
-0.54543265,0.00006104
-0.54511265,0.00006104
-0.54479265,0.00006104
-0.54447265,0.00006104
-0.54415265,0.00006104
-0.54383265,0.00006104
-0.54351265,0.00006104
-0.54319265,0.00006104
-0.54287265,0.00006104
-0.54255265,0.00006104
-0.54223265,0.00006104
-0.54191265,0.00006104
-0.54159265,0.00006104
-0.54127265,0.00006104
-0.54095265,0.00006104
-0.54063265,0.00006104
-0.54031265,0.00006104
-0.53999265,0.00006104
-0.53967265,0.00006104
-0.53935265,0.00006104
-0.53903265,0.00006104
-0.53871265,0.00006104
-0.53839265,0.00006104
-0.53807265,0.00006104
-0.53775265,0.00006104
-0.53743265,0.00006104
-0.53711265,-0.01770074
-0.53679265,0.00006104
-0.53647265,0.00006104
-0.53615265,0.00006104
-0.53583265,0.00006104
-0.53551265,0.00006104
-0.53519265,0.00006104
-0.53487265,0.00006104
-0.53455265,0.00006104
-0.53423265,0.00006104
-0.53391265,0.00006104
-0.53359265,0.00006104
-0.53327265,0.00006104
-0.53295265,0.00006104
-0.53263265,0.00006104
-0.53231265,0.00006104
-0.53199265,0.00006104
-0.53167265,0.00006104
-0.53135265,0.00006104
-0.53103265,0.00006104
-0.53071265,0.00006104
-0.53039265,0.00006104
-0.53007265,0.00006104
-0.52975265,0.00006104
-0.52943265,0.00006104
-0.52911265,0.00006104
-0.52879265,0.00006104
-0.52847265,0.00006104
-0.52815265,0.00006104
-0.52783265,0.00006104
-0.52751265,0.00006104
-0.52719265,0.00006104
-0.52687265,0.00006104
-0.52655265,0.00006104
-0.52623265,0.00006104
-0.52591265,0.00006104
-0.52559265,0.00006104
-0.52527265,0.00006104
-0.52495265,0.00006104
-0.52463265,0.00006104
-0.52431265,0.00006104
-0.52399265,0.00006104
-0.52367265,0.00006104
-0.52335265,0.00006104
-0.52303265,0.00006104
-0.52271265,-0.01770074
-0.52239265,0.00006104
-0.52207265,-0.01770074
-0.52175265,0.00006104
-0.52143265,-0.01770074
-0.52111265,0.00006104
-0.52079265,0.00006104
-0.52047265,0.00006104
-0.52015265,0.00006104
-0.51983265,0.00006104
-0.51951265,0.00006104
-0.51919265,0.00006104
-0.51887265,0.00006104
-0.51855265,0.00006104
-0.51823265,0.00006104
-0.51791265,0.00006104
-0.51759265,0.00006104
-0.51727265,0.00006104
-0.51695265,-0.01770074
-0.51663265,0.00006104
-0.51631265,0.00006104
-0.51599265,0.00006104
-0.51567265,0.00006104
-0.51535265,0.00006104
-0.51503265,0.00006104
-0.51471265,0.00006104
-0.51439265,0.00006104
-0.51407265,0.00006104
-0.51375265,0.00006104
-0.51343265,-0.01770074
-0.51311265,0.00006104
-0.51279265,0.00006104
-0.51247265,0.00006104
-0.51215265,0.00006104
-0.51183265,0.00006104
-0.51151265,0.00006104
-0.51119265,0.00006104
-0.51087265,0.00006104
-0.51055265,0.00006104
-0.51023265,0.00006104
-0.50991265,0.00006104
-0.50959265,0.00006104
-0.50927265,0.00006104
-0.50895265,0.00006104
-0.50863265,0.00006104
-0.50831266,0.00006104
-0.50799266,0.00006104
-0.50767266,0.00006104
-0.50735266,0.00006104
-0.50703266,0.00006104
-0.50671266,0.00006104
-0.50639266,0.00006104
-0.50607266,0.00006104
-0.50575266,0.00006104
-0.50543266,0.00006104
-0.50511266,0.00006104
-0.50479266,0.00006104
-0.50447266,-0.01770074
-0.50415266,∞
-0.50383266,0.32044435
-0.50351266,-0.67635119
-0.50319266,-0.42713705
-0.50287266,-0.12451552
-0.50255266,0.01788385
-0.50223266,0.01788385
-0.50191266,-0.01770074
-0.50159266,-0.01770074
-0.50127266,-0.03552354
-0.50095266,-0.56953645
-0.50063266,-1.10354924
-0.50031266,-∞
-0.49999266,-0.53395182
-0.49967266,-0.01770074
-0.49935266,0.00006104
-0.49903266,-0.01770074
-0.49871266,0.01788385
-0.49839266,0.03570665
-0.49807266,0.03570665
-0.49775266,0.01788385
-0.49743266,0.00006104
-0.49711266,0.01788385
-0.49679266,0.03570665
-0.49647266,0.03570665
-0.49615266,0.03570665
-0.49583266,0.03570665
-0.49551266,0.00006104
-0.49519266,0.00006104
-0.49487266,0.01788385
-0.49455266,0.01788385
-0.49423266,0.01788385
-0.49391266,0.05346843
-0.49359266,0.05346843
-0.49327266,0.07129124
-0.49295266,0.07129124
-0.49263266,0.05346843
-0.49231266,0.07129124
-0.49199266,0.03570665
-0.49167266,0.03570665
-0.49135266,0.07129124
-0.49103266,0.08911405
-0.49071266,0.05346843
-0.49039266,0.03570665
-0.49007266,0.03570665
-0.48975266,0.03570665
-0.48943266,0.01788385
-0.48911266,-0.01770074
-0.48879266,-0.01770074
-0.48847266,-0.03552354
-0.48815266,-0.01770074
-0.48783266,0.01788385
-0.48751266,0.00006104
-0.48719266,0.01788385
-0.48687266,0.03570665
-0.48655266,-0.03552354
-0.48623266,0.01788385
-0.48591266,0.00006104
-0.48559266,-0.03552354
-0.48527266,0.03570665
-0.48495266,0.03570665
-0.48463266,0.01788385
-0.48431266,0.03570665
-0.48399266,0.03570665
-0.48367266,0.01788385
-0.48335266,0.01788385
-0.48303266,0.01788385
-0.48271266,0.01788385
-0.48239266,0.01788385
-0.48207266,0.03570665
-0.48175266,0.03570665
-0.48143266,0.00006104
-0.48111266,0.00006104
-0.48079266,0.01788385
-0.48047266,0.00006104
-0.48015266,0.01788385
-0.47983266,0.00006104
-0.47951266,0.00006104
-0.47919266,0.00006104
-0.47887266,0.01788385
-0.47855266,0.00006104
-0.47823266,0.00006104
-0.47791266,0.03570665
-0.47759266,0.01788385
-0.47727266,0.01788385
-0.47695266,0.01788385
-0.47663266,0.00006104
-0.47631266,0.01788385
-0.47599266,0.01788385
-0.47567266,0.00006104
-0.47535266,0.01788385
-0.47503266,0.01788385
-0.47471266,0.00006104
-0.47439266,0.00006104
-0.47407266,0.00006104
-0.47375266,0.00006104
-0.47343266,0.00006104
-0.47311266,0.00006104
-0.47279266,-0.01770074
-0.47247266,0.00006104
-0.47215266,0.00006104
-0.47183266,0.00006104
-0.47151266,0.00006104
-0.47119266,0.01788385
-0.47087266,0.01788385
-0.47055266,0.01788385
-0.47023266,0.00006104
-0.46991266,0.00006104
-0.46959266,0.01788385
-0.46927266,0.01788385
-0.46895266,0.01788385
-0.46863266,0.00006104
-0.46831266,0.00006104
-0.46799266,0.00006104
-0.46767266,0.01788385
-0.46735266,0.00006104
-0.46703266,-0.01770074
-0.46671266,0.00006104
-0.46639266,0.00006104
-0.46607266,0.00006104
-0.46575266,0.01788385
-0.46543266,0.00006104
-0.46511266,0.01788385
-0.46479266,0.00006104
-0.46447266,0.00006104
-0.46415266,0.00006104
-0.46383266,0.00006104
-0.46351266,0.00006104
-0.46319266,0.00006104
-0.46287266,0.00006104
-0.46255266,0.00006104
-0.46223266,0.00006104
-0.46191266,-0.01770074
-0.46159266,0.00006104
-0.46127266,0.00006104
-0.46095266,0.00006104
-0.46063266,0.00006104
-0.46031266,0.00006104
-0.45999266,0.00006104
-0.45967266,0.00006104
-0.45935266,0.01788385
-0.45903266,0.00006104
-0.45871266,0.01788385
-0.45839266,0.00006104
-0.45807266,0.00006104
-0.45775266,0.00006104
-0.45743266,0.00006104
-0.45711266,0.00006104
-0.45679266,0.01788385
-0.45647266,0.00006104
-0.45615266,0.00006104
-0.45583266,0.00006104
-0.45551266,0.00006104
-0.45519266,-0.01770074
-0.45487266,-0.01770074
-0.45455266,0.00006104
-0.45423266,-0.01770074
-0.45391266,0.00006104
-0.45359266,0.00006104
-0.45327266,0.00006104
-0.45295266,0.00006104
-0.45263266,0.00006104
-0.45231266,0.00006104
-0.45199266,0.00006104
-0.45167266,0.00006104
-0.45135266,0.00006104
-0.45103266,0.00006104
-0.45071266,0.00006104
-0.45039266,0.00006104
-0.45007266,0.00006104
-0.44975266,0.00006104
-0.44943266,0.00006104
-0.44911266,0.00006104
-0.44879266,0.00006104
-0.44847266,0.00006104
-0.44815266,0.00006104
-0.44783266,0.00006104
-0.44751266,-0.01770074
-0.44719266,0.00006104
-0.44687266,0.00006104
-0.44655266,0.00006104
-0.44623266,0.00006104
-0.44591266,0.00006104
-0.44559266,0.00006104
-0.44527266,0.00006104
-0.44495266,0.00006104
-0.44463266,0.00006104
-0.44431266,0.00006104
-0.44399266,0.00006104
-0.44367266,0.00006104
-0.44335266,0.00006104
-0.44303266,0.00006104
-0.44271266,0.00006104
-0.44239266,0.00006104
-0.44207266,0.00006104
-0.44175266,0.00006104
-0.44143266,0.00006104
-0.44111266,0.00006104
-0.44079266,0.00006104
-0.44047266,0.00006104
-0.44015266,0.00006104
-0.43983266,0.00006104
-0.43951266,0.00006104
-0.43919266,0.00006104
-0.43887266,0.00006104
-0.43855266,0.00006104
-0.43823266,0.00006104
-0.43791266,0.00006104
-0.43759266,0.00006104
-0.43727266,0.00006104
-0.43695266,0.00006104
-0.43663266,0.00006104
-0.43631266,0.00006104
-0.43599266,0.00006104
-0.43567266,0.00006104
-0.43535266,0.00006104
-0.43503266,-0.01770074
-0.43471266,0.00006104
-0.43439266,0.00006104
-0.43407266,0.00006104
-0.43375266,0.00006104
-0.43343266,0.00006104
-0.43311266,-0.01770074
-0.43279266,0.00006104
-0.43247266,-0.01770074
-0.43215266,0.00006104
-0.43183266,0.00006104
-0.43151266,0.00006104
-0.43119266,0.00006104
-0.43087266,0.00006104
-0.43055266,0.00006104
-0.43023266,0.00006104
-0.42991266,0.00006104
-0.42959266,0.00006104
-0.42927266,0.00006104
-0.42895266,0.00006104
-0.42863266,0.00006104
-0.42831266,0.00006104
-0.42799266,0.00006104
-0.42767266,0.00006104
-0.42735266,0.00006104
-0.42703266,0.00006104
-0.42671266,0.00006104
-0.42639266,0.00006104
-0.42607266,0.00006104
-0.42575266,0.00006104
-0.42543266,0.00006104
-0.42511266,0.00006104
-0.42479266,0.00006104
-0.42447266,0.00006104
-0.42415266,0.00006104
-0.42383266,0.00006104
-0.42351266,0.00006104
-0.42319266,0.00006104
-0.42287266,0.00006104
-0.42255266,-0.01770074
-0.42223266,0.00006104
-0.42191266,0.00006104
-0.42159266,0.00006104
-0.42127266,0.00006104
-0.42095266,0.00006104
-0.42063266,0.00006104
-0.42031266,-0.01770074
-0.41999266,0.00006104
-0.41967266,0.00006104
-0.41935266,0.00006104
-0.41903266,0.00006104
-0.41871266,0.00006104
-0.41839266,0.00006104
-0.41807266,-0.01770074
-0.41775266,-0.01770074
-0.41743266,0.00006104
-0.41711266,0.00006104
-0.41679266,0.00006104
-0.41647266,0.00006104
-0.41615266,0.00006104
-0.41583266,0.00006104
-0.41551266,0.00006104
-0.41519266,0.00006104
-0.41487266,0.00006104
-0.41455266,0.00006104
-0.41423266,0.00006104
-0.41391266,0.00006104
-0.41359266,0.00006104
-0.41327266,0.00006104
-0.41295266,0.00006104
-0.41263266,0.00006104
-0.41231266,0.00006104
-0.41199266,0.00006104
-0.41167266,0.00006104
-0.41135266,0.00006104
-0.41103266,0.00006104
-0.41071266,0.00006104
-0.41039266,0.00006104
-0.41007266,0.00006104
-0.40975266,0.00006104
-0.40943266,0.00006104
-0.40911266,0.00006104
-0.40879266,0.00006104
-0.40847266,0.00006104
-0.40815266,0.00006104
-0.40783266,0.00006104
-0.40751266,0.00006104
-0.40719266,0.00006104
-0.40687266,0.00006104
-0.40655266,0.00006104
-0.40623266,-0.01770074
-0.40591266,0.00006104
-0.40559266,0.00006104
-0.40527266,0.00006104
-0.40495266,-0.01770074
-0.40463266,0.00006104
-0.40431266,0.00006104
-0.40399266,0.00006104
-0.40367266,0.00006104
-0.40335266,0.00006104
-0.40303266,0.00006104
-0.40271266,0.00006104
-0.40239266,0.00006104
-0.40207266,0.00006104
-0.40175266,0.00006104
-0.40143266,0.00006104
-0.40111266,0.00006104
-0.40079266,0.00006104
-0.40047266,0.00006104
-0.40015266,0.00006104
-0.39983266,0.00006104
-0.39951266,0.00006104
-0.39919266,0.00006104
-0.39887266,0.00006104
-0.39855266,0.00006104
-0.39823266,0.00006104
-0.39791266,0.00006104
-0.39759266,-0.01770074
-0.39727266,0.00006104
-0.39695266,-0.01770074
-0.39663266,0.00006104
-0.39631266,0.00006104
-0.39599266,0.00006104
-0.39567266,0.00006104
-0.39535266,0.00006104
-0.39503266,0.00006104
-0.39471266,0.00006104
-0.39439266,0.00006104
-0.39407266,0.00006104
-0.39375266,-0.01770074
-0.39343266,-0.01770074
-0.39311266,-0.01770074
-0.39279266,0.00006104
-0.39247266,0.00006104
-0.39215266,0.00006104
-0.39183266,-0.01770074
-0.39151266,0.00006104
-0.39119266,0.00006104
-0.39087266,0.00006104
-0.39055266,0.00006104
-0.39023266,0.00006104
-0.38991266,0.00006104
-0.38959266,0.00006104
-0.38927266,0.00006104
-0.38895266,0.00006104
-0.38863266,0.00006104
-0.38831266,0.00006104
-0.38799266,0.00006104
-0.38767266,0.00006104
-0.38735266,0.00006104
-0.38703266,0.00006104
-0.38671266,0.00006104
-0.38639266,0.00006104
-0.38607266,0.00006104
-0.38575266,0.00006104
-0.38543266,0.00006104
-0.38511266,-0.01770074
-0.38479266,0.00006104
-0.38447266,0.00006104
-0.38415266,0.00006104
-0.38383266,0.00006104
-0.38351266,0.00006104
-0.38319266,0.00006104
-0.38287266,0.00006104
-0.38255266,0.00006104
-0.38223266,0.00006104
-0.38191266,0.00006104
-0.38159266,0.00006104
-0.38127266,0.00006104
-0.38095266,0.00006104
-0.38063266,-0.01770074
-0.38031266,0.00006104
-0.37999266,0.00006104
-0.37967266,0.00006104
-0.37935266,0.00006104
-0.37903266,0.00006104
-0.37871266,0.00006104
-0.37839266,0.00006104
-0.37807266,0.00006104
-0.37775266,0.00006104
-0.37743266,-0.01770074
-0.37711266,0.00006104
-0.37679266,0.00006104
-0.37647266,0.00006104
-0.37615266,0.00006104
-0.37583266,-0.01770074
-0.37551266,-0.01770074
-0.37519266,0.00006104
-0.37487266,0.00006104
-0.37455266,0.00006104
-0.37423266,0.00006104
-0.37391266,0.00006104
-0.37359266,0.00006104
-0.37327266,0.00006104
-0.37295266,0.00006104
-0.37263266,0.00006104
-0.37231266,0.00006104
-0.37199266,0.00006104
-0.37167266,0.00006104
-0.37135266,0.00006104
-0.37103266,0.00006104
-0.37071266,0.00006104
-0.37039266,0.00006104
-0.37007266,0.00006104
-0.36975266,0.00006104
-0.36943266,0.00006104
-0.36911266,0.00006104
-0.36879266,0.00006104
-0.36847266,0.00006104
-0.36815266,0.00006104
-0.36783266,0.00006104
-0.36751266,0.00006104
-0.36719266,-0.01770074
-0.36687266,0.00006104
-0.36655266,0.00006104
-0.36623266,0.00006104
-0.36591266,0.00006104
-0.36559266,0.00006104
-0.36527266,0.00006104
-0.36495266,0.00006104
-0.36463266,0.00006104
-0.36431266,0.00006104
-0.36399266,0.00006104
-0.36367266,0.00006104
-0.36335266,0.00006104
-0.36303266,0.00006104
-0.36271266,-0.01770074
-0.36239266,0.00006104
-0.36207266,0.00006104
-0.36175266,0.00006104
-0.36143266,0.00006104
-0.36111266,0.00006104
-0.36079266,0.00006104
-0.36047266,0.00006104
-0.36015266,0.00006104
-0.35983266,0.00006104
-0.35951266,0.00006104
-0.35919266,0.00006104
-0.35887266,0.00006104
-0.35855266,0.00006104
-0.35823266,-0.01770074
-0.35791266,0.00006104
-0.35759266,0.00006104
-0.35727266,0.00006104
-0.35695266,0.00006104
-0.35663266,0.00006104
-0.35631266,0.00006104
-0.35599266,0.00006104
-0.35567266,-0.01770074
-0.35535266,0.00006104
-0.35503266,0.00006104
-0.35471266,0.00006104
-0.35439266,0.00006104
-0.35407266,0.00006104
-0.35375266,0.00006104
-0.35343266,0.00006104
-0.35311266,0.00006104
-0.35279266,0.00006104
-0.35247266,0.00006104
-0.35215266,0.00006104
-0.35183266,0.00006104
-0.35151266,0.00006104
-0.35119266,0.00006104
-0.35087266,0.00006104
-0.35055266,0.00006104
-0.35023266,0.00006104
-0.34991266,0.00006104
-0.34959266,0.00006104
-0.34927266,0.00006104
-0.34895266,0.00006104
-0.34863266,0.00006104
-0.34831266,-0.01770074
-0.34799266,0.00006104
-0.34767266,0.00006104
-0.34735266,0.00006104
-0.34703266,0.00006104
-0.34671266,0.00006104
-0.34639266,0.00006104
-0.34607266,-0.01770074
-0.34575266,-0.01770074
-0.34543266,-0.01770074
-0.34511266,0.00006104
-0.34479266,0.00006104
-0.34447266,-0.01770074
-0.34415266,0.00006104
-0.34383266,0.00006104
-0.34351266,0.00006104
-0.34319266,0.00006104
-0.34287266,0.00006104
-0.34255266,0.00006104
-0.34223266,0.00006104
-0.34191266,0.00006104
-0.34159266,0.00006104
-0.34127266,0.00006104
-0.34095266,0.00006104
-0.34063266,0.00006104
-0.34031266,0.00006104
-0.33999266,0.00006104
-0.33967266,0.00006104
-0.33935266,0.00006104
-0.33903266,0.00006104
-0.33871266,0.00006104
-0.33839266,0.00006104
-0.33807266,-0.01770074
-0.33775266,0.00006104
-0.33743266,0.00006104
-0.33711266,0.00006104
-0.33679266,0.00006104
-0.33647266,0.00006104
-0.33615266,0.00006104
-0.33583266,0.00006104
-0.33551266,0.00006104
-0.33519266,0.00006104
-0.33487266,0.00006104
-0.33455266,0.00006104
-0.33423266,0.00006104
-0.33391266,0.00006104
-0.33359266,0.00006104
-0.33327266,0.00006104
-0.33295266,0.00006104
-0.33263266,0.00006104
-0.33231266,0.00006104
-0.33199266,0.00006104
-0.33167266,0.00006104
-0.33135266,0.00006104
-0.33103266,0.00006104
-0.33071266,0.00006104
-0.33039266,0.00006104
-0.33007266,0.00006104
-0.32975266,0.00006104
-0.32943266,0.00006104
-0.32911266,0.00006104
-0.32879266,0.00006104
-0.32847266,0.00006104
-0.32815266,0.00006104
-0.32783266,0.00006104
-0.32751266,0.00006104
-0.32719266,0.00006104
-0.32687266,0.00006104
-0.32655266,0.00006104
-0.32623266,0.00006104
-0.32591266,0.00006104
-0.32559266,0.00006104
-0.32527266,0.00006104
-0.32495266,0.00006104
-0.32463266,0.00006104
-0.32431266,-0.01770074
-0.32399266,0.00006104
-0.32367266,0.00006104
-0.32335266,0.00006104
-0.32303266,0.00006104
-0.32271266,0.00006104
-0.32239266,0.00006104
-0.32207266,0.00006104
-0.32175266,0.00006104
-0.32143266,0.00006104
-0.32111266,0.00006104
-0.32079266,-0.01770074
-0.32047266,0.00006104
-0.32015266,-0.01770074
-0.31983266,0.00006104
-0.31951266,0.00006104
-0.31919266,0.00006104
-0.31887266,0.00006104
-0.31855266,0.00006104
-0.31823266,0.00006104
-0.31791266,0.00006104
-0.31759266,0.00006104
-0.31727266,0.00006104
-0.31695266,0.00006104
-0.31663266,0.00006104
-0.31631266,0.00006104
-0.31599266,0.00006104
-0.31567266,0.00006104
-0.31535266,0.00006104
-0.31503266,0.00006104
-0.31471266,0.00006104
-0.31439266,0.00006104
-0.31407266,0.00006104
-0.31375266,-0.01770074
-0.31343266,0.00006104
-0.31311266,0.00006104
-0.31279266,0.00006104
-0.31247266,0.00006104
-0.31215266,0.00006104
-0.31183266,0.00006104
-0.31151266,0.00006104
-0.31119266,0.00006104
-0.31087266,-0.01770074
-0.31055266,0.00006104
-0.31023266,0.00006104
-0.30991266,0.00006104
-0.30959266,0.00006104
-0.30927266,0.00006104
-0.30895266,0.00006104
-0.30863266,0.00006104
-0.30831266,0.00006104
-0.30799266,0.00006104
-0.30767266,0.00006104
-0.30735266,0.00006104
-0.30703266,0.00006104
-0.30671266,0.00006104
-0.30639266,0.00006104
-0.30607266,0.00006104
-0.30575266,0.00006104
-0.30543266,0.00006104
-0.30511266,0.00006104
-0.30479266,0.00006104
-0.30447266,0.00006104
-0.30415266,0.00006104
-0.30383266,0.00006104
-0.30351266,0.00006104
-0.30319266,0.00006104
-0.30287266,0.00006104
-0.30255266,0.00006104
-0.30223266,0.00006104
-0.30191266,0.00006104
-0.30159266,0.00006104
-0.30127266,0.00006104
-0.30095266,0.00006104
-0.30063266,-0.01770074
-0.30031266,0.00006104
-0.29999266,0.00006104
-0.29967266,0.00006104
-0.29935266,0.00006104
-0.29903266,0.00006104
-0.29871266,0.00006104
-0.29839266,0.00006104
-0.29807266,0.00006104
-0.29775266,0.00006104
-0.29743266,0.00006104
-0.29711266,0.00006104
-0.29679266,0.00006104
-0.29647266,0.00006104
-0.29615266,0.00006104
-0.29583266,0.00006104
-0.29551266,0.00006104
-0.29519266,0.00006104
-0.29487266,0.00006104
-0.29455266,0.00006104
-0.29423266,0.00006104
-0.29391266,0.00006104
-0.29359266,0.00006104
-0.29327266,0.00006104
-0.29295266,0.00006104
-0.29263266,0.00006104
-0.29231266,0.00006104
-0.29199266,0.00006104
-0.29167266,0.00006104
-0.29135266,0.00006104
-0.29103266,0.00006104
-0.29071266,0.00006104
-0.29039266,0.00006104
-0.29007266,0.00006104
-0.28975266,0.00006104
-0.28943266,0.00006104
-0.28911266,0.00006104
-0.28879266,0.00006104
-0.28847266,0.00006104
-0.28815266,0.00006104
-0.28783266,0.00006104
-0.28751266,0.00006104
-0.28719266,0.00006104
-0.28687266,0.00006104
-0.28655266,0.00006104
-0.28623266,0.00006104
-0.28591266,0.00006104
-0.28559266,0.00006104
-0.28527266,0.00006104
-0.28495266,0.00006104
-0.28463266,0.00006104
-0.28431266,0.00006104
-0.28399266,0.00006104
-0.28367266,0.00006104
-0.28335266,0.00006104
-0.28303266,0.00006104
-0.28271266,0.00006104
-0.28239266,0.00006104
-0.28207266,0.00006104
-0.28175266,0.00006104
-0.28143266,0.00006104
-0.28111266,0.00006104
-0.28079266,0.00006104
-0.28047266,0.00006104
-0.28015266,0.00006104
-0.27983266,0.00006104
-0.27951266,0.00006104
-0.27919266,0.00006104
-0.27887266,0.00006104
-0.27855266,0.00006104
-0.27823266,0.00006104
-0.27791266,0.00006104
-0.27759266,0.00006104
-0.27727266,0.00006104
-0.27695266,0.00006104
-0.27663266,0.00006104
-0.27631266,0.00006104
-0.27599266,0.00006104
-0.27567266,0.00006104
-0.27535266,0.00006104
-0.27503266,0.00006104
-0.27471266,0.00006104
-0.27439266,0.00006104
-0.27407266,0.00006104
-0.27375266,0.00006104
-0.27343266,0.00006104
-0.27311266,0.00006104
-0.27279266,0.00006104
-0.27247266,0.00006104
-0.27215266,0.00006104
-0.27183266,0.00006104
-0.27151266,0.00006104
-0.27119266,0.00006104
-0.27087266,0.00006104
-0.27055266,-0.01770074
-0.27023266,0.00006104
-0.26991266,0.00006104
-0.26959266,0.00006104
-0.26927266,0.00006104
-0.26895266,0.00006104
-0.26863266,-0.01770074
-0.26831266,0.00006104
-0.26799266,0.00006104
-0.26767266,0.00006104
-0.26735266,0.00006104
-0.26703266,0.00006104
-0.26671266,0.00006104
-0.26639266,0.00006104
-0.26607266,0.00006104
-0.26575266,0.00006104
-0.26543266,0.00006104
-0.26511266,0.00006104
-0.26479266,0.00006104
-0.26447266,0.00006104
-0.26415266,0.00006104
-0.26383266,0.00006104
-0.26351266,0.00006104
-0.26319266,0.00006104
-0.26287266,-0.01770074
-0.26255266,-0.01770074
-0.26223266,0.00006104
-0.26191266,0.00006104
-0.26159266,0.00006104
-0.26127266,0.00006104
-0.26095266,0.00006104
-0.26063266,0.00006104
-0.26031266,0.00006104
-0.25999266,0.00006104
-0.25967266,0.00006104
-0.25935266,0.00006104
-0.25903266,0.00006104
-0.25871266,0.00006104
-0.25839266,0.00006104
-0.25807266,0.00006104
-0.25775266,0.00006104
-0.25743266,0.00006104
-0.25711266,-0.01770074
-0.25679266,0.00006104
-0.25647266,0.00006104
-0.25615266,-0.01770074
-0.25583266,0.00006104
-0.25551266,0.00006104
-0.25519266,0.00006104
-0.25487266,-0.01770074
-0.25455266,-0.01770074
-0.25423266,0.00006104
-0.25391266,0.00006104
-0.25359266,0.00006104
-0.25327266,0.00006104
-0.25295266,0.00006104
-0.25263266,0.00006104
-0.25231266,0.00006104
-0.25199266,0.00006104
-0.25167266,0.00006104
-0.25135266,0.00006104
-0.25103266,0.00006104
-0.25071266,0.00006104
-0.25039266,0.00006104
-0.25007266,0.00006104
-0.24975266,0.00006104
-0.24943266,0.00006104
-0.24911266,0.00006104
-0.24879266,0.00006104
-0.24847266,0.00006104
-0.24815266,-0.01770074
-0.24783266,0.00006104
-0.24751266,0.00006104
-0.24719266,0.00006104
-0.24687266,0.00006104
-0.24655266,0.00006104
-0.24623266,0.00006104
-0.24591266,0.00006104
-0.24559266,0.00006104
-0.24527266,0.00006104
-0.24495266,0.00006104
-0.24463266,0.00006104
-0.24431266,-0.01770074
-0.24399266,-0.01770074
-0.24367266,-0.01770074
-0.24335266,-0.01770074
-0.24303266,0.00006104
-0.24271266,0.00006104
-0.24239266,0.00006104
-0.24207266,0.00006104
-0.24175266,0.00006104
-0.24143266,0.00006104
-0.24111266,0.00006104
-0.24079266,0.00006104
-0.24047266,0.00006104
-0.24015266,0.00006104
-0.23983266,0.00006104
-0.23951266,0.00006104
-0.23919266,0.00006104
-0.23887266,0.00006104
-0.23855266,0.00006104
-0.23823266,0.00006104
-0.23791266,0.00006104
-0.23759266,-0.01770074
-0.23727266,0.00006104
-0.23695266,0.00006104
-0.23663266,0.00006104
-0.23631266,0.00006104
-0.23599266,0.00006104
-0.23567266,0.00006104
-0.23535266,0.00006104
-0.23503266,0.00006104
-0.23471266,0.00006104
-0.23439266,0.00006104
-0.23407266,-0.01770074
-0.23375266,0.00006104
-0.23343266,0.00006104
-0.23311266,0.00006104
-0.23279266,0.00006104
-0.23247266,0.00006104
-0.23215266,0.00006104
-0.23183266,0.00006104
-0.23151266,0.00006104
-0.23119266,0.00006104
-0.23087266,0.00006104
-0.23055266,0.00006104
-0.23023266,0.00006104
-0.22991266,0.00006104
-0.22959266,0.00006104
-0.22927266,0.00006104
-0.22895266,0.00006104
-0.22863266,0.00006104
-0.22831266,0.00006104
-0.22799266,0.00006104
-0.22767266,0.00006104
-0.22735266,0.00006104
-0.22703266,0.00006104
-0.22671266,0.00006104
-0.22639266,0.00006104
-0.22607266,0.00006104
-0.22575266,0.00006104
-0.22543266,0.00006104
-0.22511266,0.00006104
-0.22479266,0.00006104
-0.22447266,0.00006104
-0.22415266,0.00006104
-0.22383266,0.00006104
-0.22351266,0.00006104
-0.22319266,0.00006104
-0.22287266,0.00006104
-0.22255266,0.00006104
-0.22223266,0.00006104
-0.22191266,0.00006104
-0.22159266,0.00006104
-0.22127266,-0.01770074
-0.22095266,0.00006104
-0.22063266,-0.01770074
-0.22031266,-0.01770074
-0.21999266,-0.01770074
-0.21967266,-0.01770074
-0.21935266,0.00006104
-0.21903266,0.00006104
-0.21871266,0.00006104
-0.21839266,0.00006104
-0.21807266,0.00006104
-0.21775266,0.00006104
-0.21743266,0.00006104
-0.21711266,0.00006104
-0.21679266,0.00006104
-0.21647266,0.00006104
-0.21615266,0.00006104
-0.21583266,0.00006104
-0.21551266,0.00006104
-0.21519266,0.00006104
-0.21487266,0.00006104
-0.21455266,0.00006104
-0.21423266,0.00006104
-0.21391266,0.00006104
-0.21359266,0.00006104
-0.21327266,0.00006104
-0.21295266,0.00006104
-0.21263266,0.00006104
-0.21231266,0.00006104
-0.21199266,0.00006104
-0.21167266,0.00006104
-0.21135266,0.00006104
-0.21103266,0.00006104
-0.21071266,0.00006104
-0.21039266,0.00006104
-0.21007266,-0.01770074
-0.20975266,0.00006104
-0.20943266,0.00006104
-0.20911266,0.00006104
-0.20879266,0.00006104
-0.20847266,0.00006104
-0.20815266,0.00006104
-0.20783266,0.00006104
-0.20751266,0.00006104
-0.20719266,0.00006104
-0.20687266,0.00006104
-0.20655266,0.00006104
-0.20623266,0.00006104
-0.20591266,0.00006104
-0.20559266,0.00006104
-0.20527266,0.00006104
-0.20495266,-0.01770074
-0.20463266,-0.01770074
-0.20431266,0.00006104
-0.20399266,0.00006104
-0.20367266,0.00006104
-0.20335266,0.00006104
-0.20303266,0.00006104
-0.20271266,0.00006104
-0.20239266,0.00006104
-0.20207266,0.00006104
-0.20175266,0.00006104
-0.20143266,0.00006104
-0.20111266,0.00006104
-0.20079266,0.00006104
-0.20047266,0.00006104
-0.20015266,0.00006104
-0.19983266,0.00006104
-0.19951266,0.00006104
-0.19919266,0.00006104
-0.19887266,0.00006104
-0.19855266,0.00006104
-0.19823266,0.00006104
-0.19791266,0.00006104
-0.19759266,0.00006104
-0.19727266,0.00006104
-0.19695266,0.00006104
-0.19663266,0.00006104
-0.19631266,0.00006104
-0.19599266,0.00006104
-0.19567266,0.00006104
-0.19535266,0.00006104
-0.19503266,0.00006104
-0.19471266,0.00006104
-0.19439266,0.00006104
-0.19407266,0.00006104
-0.19375266,0.00006104
-0.19343266,0.00006104
-0.19311266,0.00006104
-0.19279266,0.00006104
-0.19247266,0.00006104
-0.19215266,0.00006104
-0.19183266,0.00006104
-0.19151266,0.00006104
-0.19119266,0.00006104
-0.19087266,0.00006104
-0.19055266,0.00006104
-0.19023266,0.00006104
-0.18991266,0.00006104
-0.18959266,0.00006104
-0.18927266,0.00006104
-0.18895266,0.00006104
-0.18863266,0.00006104
-0.18831266,0.00006104
-0.18799266,0.00006104
-0.18767266,0.00006104
-0.18735266,0.00006104
-0.18703266,0.00006104
-0.18671266,0.00006104
-0.18639266,0.00006104
-0.18607266,-0.01770074
-0.18575266,0.00006104
-0.18543266,0.00006104
-0.18511266,-0.01770074
-0.18479266,0.00006104
-0.18447266,0.00006104
-0.18415266,0.00006104
-0.18383266,0.00006104
-0.18351266,0.00006104
-0.18319266,0.00006104
-0.18287266,0.00006104
-0.18255266,0.00006104
-0.18223266,0.00006104
-0.18191266,0.00006104
-0.18159266,0.00006104
-0.18127266,0.00006104
-0.18095266,0.00006104
-0.18063266,0.00006104
-0.18031266,0.00006104
-0.17999266,0.00006104
-0.17967266,0.00006104
-0.17935266,0.00006104
-0.17903266,0.00006104
-0.17871266,0.00006104
-0.17839266,0.00006104
-0.17807266,0.00006104
-0.17775266,0.00006104
-0.17743266,0.00006104
-0.17711266,-0.01770074
-0.17679266,0.00006104
-0.17647266,0.00006104
-0.17615266,0.00006104
-0.17583266,0.00006104
-0.17551266,0.00006104
-0.17519266,0.00006104
-0.17487266,0.00006104
-0.17455266,0.00006104
-0.17423266,-0.01770074
-0.17391266,0.00006104
-0.17359266,0.00006104
-0.17327266,0.00006104
-0.17295266,0.00006104
-0.17263266,0.00006104
-0.17231266,-0.01770074
-0.17199266,0.00006104
-0.17167266,0.00006104
-0.17135266,0.00006104
-0.17103266,0.00006104
-0.17071266,0.00006104
-0.17039266,0.00006104
-0.17007266,0.00006104
-0.16975266,0.00006104
-0.16943266,0.00006104
-0.16911266,0.00006104
-0.16879266,-0.01770074
-0.16847266,0.00006104
-0.16815266,0.00006104
-0.16783266,0.00006104
-0.16751266,0.00006104
-0.16719266,0.00006104
-0.16687266,0.00006104
-0.16655266,0.00006104
-0.16623266,0.00006104
-0.16591266,0.00006104
-0.16559266,0.00006104
-0.16527266,0.00006104
-0.16495266,0.00006104
-0.16463266,0.00006104
-0.16431266,0.00006104
-0.16399266,0.00006104
-0.16367266,-0.01770074
-0.16335266,0.00006104
-0.16303266,0.00006104
-0.16271266,0.00006104
-0.16239266,0.00006104
-0.16207266,0.00006104
-0.16175266,0.00006104
-0.16143266,0.00006104
-0.16111266,0.00006104
-0.16079266,-0.01770074
-0.16047266,0.00006104
-0.16015266,0.00006104
-0.15983266,0.00006104
-0.15951266,-0.01770074
-0.15919266,0.00006104
-0.15887266,0.00006104
-0.15855266,0.00006104
-0.15823266,0.00006104
-0.15791266,0.00006104
-0.15759266,0.00006104
-0.15727266,-0.01770074
-0.15695266,-0.01770074
-0.15663266,0.00006104
-0.15631266,0.00006104
-0.15599266,0.00006104
-0.15567266,0.00006104
-0.15535266,0.00006104
-0.15503266,0.00006104
-0.15471266,0.00006104
-0.15439266,0.00006104
-0.15407266,0.00006104
-0.15375266,0.00006104
-0.15343266,0.00006104
-0.15311266,0.00006104
-0.15279266,0.00006104
-0.15247266,0.00006104
-0.15215266,0.00006104
-0.15183266,0.00006104
-0.15151266,0.00006104
-0.15119266,0.00006104
-0.15087266,0.00006104
-0.15055266,0.00006104
-0.15023266,0.00006104
-0.14991266,0.00006104
-0.14959266,0.00006104
-0.14927266,0.00006104
-0.14895266,0.00006104
-0.14863266,0.00006104
-0.14831266,0.00006104
-0.14799266,0.00006104
-0.14767266,0.00006104
-0.14735266,0.00006104
-0.14703266,0.00006104
-0.14671266,0.00006104
-0.14639266,0.00006104
-0.14607266,-0.01770074
-0.14575266,0.00006104
-0.14543266,0.00006104
-0.14511266,0.00006104
-0.14479266,0.00006104
-0.14447266,0.00006104
-0.14415266,0.00006104
-0.14383266,0.00006104
-0.14351266,0.00006104
-0.14319266,0.00006104
-0.14287266,0.00006104
-0.14255266,0.00006104
-0.14223266,0.00006104
-0.14191266,0.00006104
-0.14159266,-0.01770074
-0.14127266,0.00006104
-0.14095266,0.00006104
-0.14063266,0.00006104
-0.14031266,0.00006104
-0.13999266,0.00006104
-0.13967266,0.00006104
-0.13935266,0.00006104
-0.13903266,0.00006104
-0.13871266,0.00006104
-0.13839266,0.00006104
-0.13807266,0.00006104
-0.13775266,0.00006104
-0.13743266,0.00006104
-0.13711266,0.00006104
-0.13679266,0.00006104
-0.13647266,0.00006104
-0.13615266,0.00006104
-0.13583266,0.00006104
-0.13551266,0.00006104
-0.13519266,0.00006104
-0.13487266,0.00006104
-0.13455266,0.00006104
-0.13423266,0.00006104
-0.13391266,0.00006104
-0.13359266,0.00006104
-0.13327266,0.00006104
-0.13295266,0.00006104
-0.13263266,0.00006104
-0.13231266,-0.01770074
-0.13199266,0.00006104
-0.13167266,0.00006104
-0.13135266,0.00006104
-0.13103266,0.00006104
-0.13071266,0.00006104
-0.13039266,0.00006104
-0.13007266,0.00006104
-0.12975266,0.00006104
-0.12943266,0.00006104
-0.12911266,0.00006104
-0.12879266,0.00006104
-0.12847266,0.00006104
-0.12815266,0.00006104
-0.12783266,0.00006104
-0.12751266,0.00006104
-0.12719266,0.00006104
-0.12687266,0.00006104
-0.12655266,0.00006104
-0.12623266,0.00006104
-0.12591266,0.00006104
-0.12559266,0.00006104
-0.12527266,0.00006104
-0.12495266,0.00006104
-0.12463266,0.00006104
-0.12431266,0.00006104
-0.12399266,0.00006104
-0.12367266,0.00006104
-0.12335266,0.00006104
-0.12303266,0.00006104
-0.12271266,0.00006104
-0.12239266,0.00006104
-0.12207266,0.00006104
-0.12175266,0.00006104
-0.12143266,0.00006104
-0.12111266,0.00006104
-0.12079266,0.00006104
-0.12047266,0.00006104
-0.12015266,0.00006104
-0.11983266,0.00006104
-0.11951266,0.00006104
-0.11919266,0.00006104
-0.11887266,-0.01770074
-0.11855266,0.00006104
-0.11823266,0.00006104
-0.11791266,0.00006104
-0.11759266,0.00006104
-0.11727266,0.00006104
-0.11695266,0.00006104
-0.11663266,0.00006104
-0.11631266,0.00006104
-0.11599266,0.00006104
-0.11567266,0.00006104
-0.11535266,0.00006104
-0.11503266,0.00006104
-0.11471266,0.00006104
-0.11439266,0.00006104
-0.11407266,0.00006104
-0.11375266,0.00006104
-0.11343266,0.00006104
-0.11311266,0.00006104
-0.11279266,0.00006104
-0.11247266,0.00006104
-0.11215266,0.00006104
-0.11183266,0.00006104
-0.11151266,0.00006104
-0.11119266,0.00006104
-0.11087266,0.00006104
-0.11055266,0.00006104
-0.11023266,0.00006104
-0.10991266,0.00006104
-0.10959266,0.00006104
-0.10927266,0.00006104
-0.10895266,0.00006104
-0.10863266,0.00006104
-0.10831266,0.00006104
-0.10799266,0.00006104
-0.10767266,0.00006104
-0.10735266,0.00006104
-0.10703266,0.00006104
-0.10671266,0.00006104
-0.10639266,0.00006104
-0.10607266,0.00006104
-0.10575266,0.00006104
-0.10543266,0.00006104
-0.10511266,0.00006104
-0.10479266,0.00006104
-0.10447266,0.00006104
-0.10415266,0.00006104
-0.10383266,0.00006104
-0.10351266,0.00006104
-0.10319266,0.00006104
-0.10287266,0.00006104
-0.10255266,0.00006104
-0.10223266,0.00006104
-0.10191266,0.00006104
-0.10159266,0.00006104
-0.10127266,0.00006104
-0.10095266,0.00006104
-0.10063266,0.00006104
-0.10031266,0.00006104
-0.09999266,0.00006104
-0.09967266,0.00006104
-0.09935266,0.00006104
-0.09903266,0.00006104
-0.09871266,0.00006104
-0.09839266,0.00006104
-0.09807266,0.00006104
-0.09775266,0.00006104
-0.09743266,0.00006104
-0.09711266,0.00006104
-0.09679266,0.00006104
-0.09647266,0.00006104
-0.09615266,0.00006104
-0.09583266,0.00006104
-0.09551266,0.00006104
-0.09519266,0.00006104
-0.09487266,0.00006104
-0.09455266,0.00006104
-0.09423266,-0.01770074
-0.09391266,0.00006104
-0.09359266,0.00006104
-0.09327266,0.00006104
-0.09295266,0.00006104
-0.09263266,0.00006104
-0.09231266,0.00006104
-0.09199266,0.00006104
-0.09167266,0.00006104
-0.09135266,0.00006104
-0.09103266,0.00006104
-0.09071266,0.00006104
-0.09039266,0.00006104
-0.09007266,0.00006104
-0.08975266,0.00006104
-0.08943266,0.00006104
-0.08911266,0.00006104
-0.08879266,0.00006104
-0.08847266,0.00006104
-0.08815266,0.00006104
-0.08783266,0.00006104
-0.08751266,0.00006104
-0.08719266,0.00006104
-0.08687266,-0.01770074
-0.08655266,0.00006104
-0.08623266,0.00006104
-0.08591266,0.00006104
-0.08559266,0.00006104
-0.08527266,0.00006104
-0.08495266,0.00006104
-0.08463266,0.00006104
-0.08431266,0.00006104
-0.08399266,-0.01770074
-0.08367266,0.00006104
-0.08335266,0.00006104
-0.08303266,0.00006104
-0.08271266,0.00006104
-0.08239266,0.00006104
-0.08207266,0.00006104
-0.08175266,0.00006104
-0.08143266,0.00006104
-0.08111266,0.00006104
-0.08079266,0.00006104
-0.08047266,0.00006104
-0.08015266,0.00006104
-0.07983266,0.00006104
-0.07951266,0.00006104
-0.07919266,0.00006104
-0.07887266,-0.01770074
-0.07855266,0.00006104
-0.07823266,0.00006104
-0.07791266,0.00006104
-0.07759266,0.00006104
-0.07727266,0.00006104
-0.07695266,0.00006104
-0.07663266,-0.01770074
-0.07631266,0.00006104
-0.07599266,-0.01770074
-0.07567266,0.00006104
-0.07535266,0.00006104
-0.07503266,0.00006104
-0.07471266,0.00006104
-0.07439266,0.00006104
-0.07407266,0.00006104
-0.07375266,0.00006104
-0.07343266,0.00006104
-0.07311266,0.00006104
-0.07279266,0.00006104
-0.07247266,0.00006104
-0.07215266,0.00006104
-0.07183266,0.00006104
-0.07151266,0.00006104
-0.07119266,0.00006104
-0.07087266,0.00006104
-0.07055266,0.00006104
-0.07023266,0.00006104
-0.06991266,0.00006104
-0.06959266,0.00006104
-0.06927266,0.00006104
-0.06895266,0.00006104
-0.06863266,0.00006104
-0.06831266,0.00006104
-0.06799266,0.00006104
-0.06767266,0.00006104
-0.06735266,0.00006104
-0.06703266,0.00006104
-0.06671266,0.00006104
-0.06639266,0.00006104
-0.06607266,0.00006104
-0.06575266,0.00006104
-0.06543266,0.00006104
-0.06511266,0.00006104
-0.06479266,-0.01770074
-0.06447266,0.00006104
-0.06415266,0.00006104
-0.06383266,0.00006104
-0.06351266,0.00006104
-0.06319266,0.00006104
-0.06287266,0.00006104
-0.06255266,0.00006104
-0.06223266,0.00006104
-0.06191266,0.00006104
-0.06159266,0.00006104
-0.06127266,0.00006104
-0.06095266,0.00006104
-0.06063266,0.00006104
-0.06031266,0.00006104
-0.05999266,0.00006104
-0.05967266,0.00006104
-0.05935266,0.00006104
-0.05903266,0.00006104
-0.05871266,0.00006104
-0.05839266,0.00006104
-0.05807266,0.00006104
-0.05775266,0.00006104
-0.05743266,0.00006104
-0.05711266,0.00006104
-0.05679266,0.00006104
-0.05647266,0.00006104
-0.05615266,0.00006104
-0.05583266,0.00006104
-0.05551266,0.00006104
-0.05519266,0.00006104
-0.05487266,0.00006104
-0.05455266,0.00006104
-0.05423266,0.00006104
-0.05391266,0.00006104
-0.05359266,0.00006104
-0.05327266,0.00006104
-0.05295266,0.00006104
-0.05263266,0.00006104
-0.05231266,0.00006104
-0.05199266,0.00006104
-0.05167266,0.00006104
-0.05135266,0.00006104
-0.05103266,0.00006104
-0.05071266,0.00006104
-0.05039266,0.00006104
-0.05007266,0.00006104
-0.04975266,0.00006104
-0.04943266,0.00006104
-0.04911266,0.00006104
-0.04879266,0.00006104
-0.04847266,0.00006104
-0.04815266,0.00006104
-0.04783266,0.00006104
-0.04751266,0.00006104
-0.04719266,0.00006104
-0.04687266,0.00006104
-0.04655266,0.00006104
-0.04623266,0.00006104
-0.04591266,0.00006104
-0.04559266,0.00006104
-0.04527266,0.00006104
-0.04495266,0.00006104
-0.04463266,0.00006104
-0.04431266,0.00006104
-0.04399266,0.00006104
-0.04367266,0.00006104
-0.04335266,0.00006104
-0.04303266,0.00006104
-0.04271266,0.00006104
-0.04239266,0.00006104
-0.04207266,0.00006104
-0.04175266,0.00006104
-0.04143266,0.00006104
-0.04111266,0.00006104
-0.04079266,0.00006104
-0.04047266,0.00006104
-0.04015266,0.00006104
-0.03983266,0.00006104
-0.03951266,0.00006104
-0.03919266,0.00006104
-0.03887266,0.00006104
-0.03855266,0.00006104
-0.03823266,0.00006104
-0.03791266,0.00006104
-0.03759266,0.00006104
-0.03727266,-0.01770074
-0.03695266,0.00006104
-0.03663266,0.00006104
-0.03631266,0.00006104
-0.03599266,0.00006104
-0.03567266,0.00006104
-0.03535266,0.00006104
-0.03503266,0.00006104
-0.03471266,0.00006104
-0.03439266,0.00006104
-0.03407266,0.00006104
-0.03375266,0.00006104
-0.03343266,0.00006104
-0.03311266,0.00006104
-0.03279266,0.00006104
-0.03247266,0.00006104
-0.03215266,0.00006104
-0.03183266,0.00006104
-0.03151266,0.00006104
-0.03119266,-0.01770074
-0.03087266,0.00006104
-0.03055266,0.00006104
-0.03023266,0.00006104
-0.02991266,0.00006104
-0.02959266,0.00006104
-0.02927266,0.00006104
-0.02895266,0.00006104
-0.02863266,0.00006104
-0.02831266,0.00006104
-0.02799266,0.00006104
-0.02767266,0.00006104
-0.02735266,0.00006104
-0.02703266,0.00006104
-0.02671266,0.00006104
-0.02639266,0.00006104
-0.02607266,0.00006104
-0.02575266,0.00006104
-0.02543266,0.00006104
-0.02511266,0.00006104
-0.02479266,0.00006104
-0.02447266,0.00006104
-0.02415266,0.00006104
-0.02383266,0.00006104
-0.02351266,0.00006104
-0.02319266,0.00006104
-0.02287266,0.00006104
-0.02255266,-0.01770074
-0.02223266,0.00006104
-0.02191266,-0.01770074
-0.02159266,0.00006104
-0.02127266,0.00006104
-0.02095266,0.00006104
-0.02063266,0.00006104
-0.02031266,0.00006104
-0.01999266,0.00006104
-0.01967266,0.00006104
-0.01935266,0.00006104
-0.01903266,0.00006104
-0.01871266,0.00006104
-0.01839266,0.00006104
-0.01807266,0.00006104
-0.01775266,0.00006104
-0.01743266,0.00006104
-0.01711266,0.00006104
-0.01679266,-0.01770074
-0.01647266,0.00006104
-0.01615266,0.00006104
-0.01583266,0.00006104
-0.01551266,0.00006104
-0.01519266,0.00006104
-0.01487266,-0.01770074
-0.01455266,0.00006104
-0.01423266,0.00006104
-0.01391266,0.00006104
-0.01359266,-0.01770074
-0.01327266,0.00006104
-0.01295266,0.00006104
-0.01263266,0.00006104
-0.01231266,0.00006104
-0.01199266,0.00006104
-0.01167266,-0.01770074
-0.01135266,0.00006104
-0.01103266,-0.01770074
-0.01071266,0.00006104
-0.01039266,0.00006104
-0.01007266,0.00006104
-0.00975266,0.00006104
-0.00943266,0.00006104
-0.00911266,0.00006104
-0.00879266,0.00006104
-0.00847266,-0.01770074
-0.00815266,0.00006104
-0.00783266,0.00006104
-0.00751266,0.00006104
-0.00719266,0.00006104
-0.00687266,0.00006104
-0.00655266,0.00006104
-0.00623266,0.00006104
-0.00591266,-0.01770074
-0.00559266,0.00006104
-0.00527266,0.00006104
-0.00495266,0.00006104
-0.00463266,0.00006104
-0.00431266,-0.01770074
-0.00399266,0.00006104
-0.00367266,1.79790640
-0.00335266,1.26389360
-0.00303266,0.33826715
-0.00271266,-0.08893093
-0.00239266,-0.17792290
-0.00207266,-0.12451552
-0.00175266,-0.03552354
-0.00143266,-0.01770074
-0.00111266,-0.01770074
-0.00079266,-0.01770074
-0.00047266,-∞
-0.00015266,-0.28473771
0.00016734,0.30262154
0.00048734,0.07129124
0.00080734,0.07129124
0.00112734,0.10687582
0.00144734,0.10687582
0.00176734,0.03570665
0.00208734,0.00006104
0.00240734,0.00006104
0.00272734,0.00006104
0.00304734,0.00006104
0.00336734,0.01788385
0.00368734,0.01788385
0.00400734,0.03570665
0.00432734,0.01788385
0.00464734,0.01788385
0.00496734,0.01788385
0.00528734,0.00006104
0.00560734,0.01788385
0.00592734,0.01788385
0.00624734,0.01788385
0.00656734,0.05346843
0.00688734,0.05346843
0.00720734,0.07129124
0.00752734,0.07129124
0.00784734,0.03570665
0.00816734,0.07129124
0.00848734,0.05346843
0.00880734,0.03570665
0.00912734,0.07129124
0.00944734,0.07129124
0.00976734,0.03570665
0.01008734,0.01788385
0.01040734,0.01788385
0.01072734,0.01788385
0.01104734,0.01788385
0.01136734,-0.01770074
0.01168734,-0.03552354
0.01200734,-0.03552354
0.01232734,-0.01770074
0.01264734,0.01788385
0.01296734,-0.01770074
0.01328734,0.01788385
0.01360734,0.03570665
0.01392734,-0.05334635
0.01424734,0.00006104
0.01456734,0.00006104
0.01488734,-0.03552354
0.01520734,0.03570665
0.01552734,0.03570665
0.01584734,0.00006104
0.01616734,0.03570665
0.01648734,0.03570665
0.01680734,0.01788385
0.01712734,0.01788385
0.01744734,0.01788385
0.01776734,0.01788385
0.01808734,0.01788385
0.01840734,0.01788385
0.01872734,0.01788385
0.01904734,0.00006104
0.01936734,0.00006104
0.01968734,0.01788385
0.02000734,0.01788385
0.02032734,0.01788385
0.02064734,0.00006104
0.02096734,-0.01770074
0.02128734,0.00006104
0.02160734,0.00006104
0.02192734,0.00006104
0.02224734,0.00006104
0.02256734,0.01788385
0.02288734,0.00006104
0.02320734,0.00006104
0.02352734,0.00006104
0.02384734,0.00006104
0.02416734,0.01788385
0.02448734,0.01788385
0.02480734,0.00006104
0.02512734,0.01788385
0.02544734,0.01788385
0.02576734,0.01788385
0.02608734,0.00006104
0.02640734,0.00006104
0.02672734,0.00006104
0.02704734,0.00006104
0.02736734,0.00006104
0.02768734,-0.01770074
0.02800734,0.00006104
0.02832734,0.00006104
0.02864734,0.00006104
0.02896734,0.00006104
0.02928734,0.00006104
0.02960734,0.00006104
0.02992734,0.00006104
0.03024734,0.00006104
0.03056734,0.00006104
0.03088734,0.01788385
0.03120734,0.01788385
0.03152734,0.00006104
0.03184734,0.00006104
0.03216734,0.00006104
0.03248734,0.00006104
0.03280734,0.00006104
0.03312734,-0.01770074
0.03344734,0.00006104
0.03376734,0.00006104
0.03408734,-0.01770074
0.03440734,0.00006104
0.03472734,0.00006104
0.03504734,0.00006104
0.03536734,0.01788385
0.03568734,0.00006104
0.03600734,0.00006104
0.03632734,0.00006104
0.03664734,0.00006104
0.03696734,0.00006104
0.03728734,0.00006104
0.03760734,0.00006104
0.03792734,0.00006104
0.03824734,0.00006104
0.03856734,0.00006104
0.03888734,0.00006104
0.03920734,0.00006104
0.03952734,0.00006104
0.03984734,0.00006104
0.04016734,0.00006104
0.04048734,0.00006104
0.04080734,0.00006104
0.04112734,0.01788385
0.04144734,0.01788385
0.04176734,0.00006104
0.04208734,0.00006104
0.04240734,0.00006104
0.04272734,0.00006104
0.04304734,0.01788385
0.04336734,0.00006104
0.04368734,0.00006104
0.04400734,0.00006104
0.04432734,0.00006104
0.04464734,0.00006104
0.04496734,0.00006104
0.04528734,-0.01770074
0.04560734,0.00006104
0.04592734,-0.01770074
0.04624734,-0.01770074
0.04656734,-0.01770074
0.04688734,0.00006104
0.04720734,0.00006104
0.04752734,0.00006104
0.04784734,0.00006104
0.04816734,0.00006104
0.04848734,0.00006104
0.04880734,0.00006104
0.04912734,0.00006104
0.04944734,0.00006104
0.04976734,0.00006104
0.05008734,0.00006104
0.05040734,0.00006104
0.05072734,0.01788385
0.05104734,0.00006104
0.05136734,0.00006104
0.05168734,0.00006104
0.05200734,0.00006104
0.05232734,0.00006104
0.05264734,0.00006104
0.05296734,0.00006104
0.05328734,0.00006104
0.05360734,0.00006104
0.05392734,0.00006104
0.05424734,0.00006104
0.05456734,0.00006104
0.05488734,0.00006104
0.05520734,-0.01770074
0.05552734,0.00006104
0.05584734,-0.01770074
0.05616734,0.00006104
0.05648734,0.00006104
0.05680734,0.00006104
0.05712734,0.00006104
0.05744734,0.00006104
0.05776734,0.00006104
0.05808734,0.00006104
0.05840734,0.00006104
0.05872734,0.00006104
0.05904734,0.00006104
0.05936734,0.00006104
0.05968734,0.00006104
0.06000734,0.00006104
0.06032734,0.00006104
0.06064734,0.00006104
0.06096734,0.00006104
0.06128734,0.00006104
0.06160734,-0.01770074
0.06192734,0.00006104
0.06224734,0.00006104
0.06256734,0.00006104
0.06288734,0.00006104
0.06320734,0.00006104
0.06352734,0.00006104
0.06384734,0.00006104
0.06416734,0.00006104
0.06448734,0.00006104
0.06480734,0.00006104
0.06512734,0.00006104
0.06544734,0.00006104
0.06576734,0.00006104
0.06608734,0.00006104
0.06640734,0.00006104
0.06672734,0.00006104
0.06704734,-0.01770074
0.06736734,0.00006104
0.06768734,0.00006104
0.06800734,0.00006104
0.06832734,0.00006104
0.06864734,0.00006104
0.06896734,0.00006104
0.06928734,0.00006104
0.06960734,0.00006104
0.06992734,0.00006104
0.07024734,0.00006104
0.07056734,0.00006104
0.07088734,0.00006104
0.07120734,0.00006104
0.07152734,0.00006104
0.07184734,0.00006104
0.07216734,0.00006104
0.07248734,0.00006104
0.07280734,0.00006104
0.07312734,0.00006104
0.07344734,0.00006104
0.07376734,0.00006104
0.07408734,0.00006104
0.07440734,0.00006104
0.07472734,0.00006104
0.07504734,0.00006104
0.07536734,0.00006104
0.07568734,0.00006104
0.07600734,0.00006104
0.07632734,-0.01770074
0.07664734,-0.01770074
0.07696734,0.00006104
0.07728734,0.00006104
0.07760734,0.00006104
0.07792734,0.00006104
0.07824734,0.00006104
0.07856734,0.00006104
0.07888734,0.00006104
0.07920734,0.00006104
0.07952734,0.00006104
0.07984734,0.00006104
0.08016734,0.00006104
0.08048734,0.00006104
0.08080734,0.00006104
0.08112734,0.00006104
0.08144734,0.00006104
0.08176734,0.00006104
0.08208734,0.00006104
0.08240734,0.00006104
0.08272734,0.00006104
0.08304734,0.00006104
0.08336734,-0.01770074
0.08368734,0.00006104
0.08400734,-0.01770074
0.08432734,0.00006104
0.08464734,0.00006104
0.08496734,0.00006104
0.08528734,0.00006104
0.08560734,0.00006104
0.08592734,0.00006104
0.08624734,0.00006104
0.08656734,0.00006104
0.08688734,0.00006104
0.08720734,0.00006104
0.08752734,0.00006104
0.08784734,0.00006104
0.08816734,0.00006104
0.08848734,0.00006104
0.08880734,0.00006104
0.08912734,0.00006104
0.08944734,0.00006104
0.08976734,0.00006104
0.09008734,-0.01770074
0.09040734,0.00006104
0.09072734,0.00006104
0.09104734,0.00006104
0.09136734,0.00006104
0.09168734,0.00006104
0.09200734,0.00006104
0.09232734,0.00006104
0.09264734,0.00006104
0.09296734,-0.01770074
0.09328734,0.00006104
0.09360734,0.00006104
0.09392734,-0.01770074
0.09424734,0.00006104
0.09456734,0.00006104
0.09488734,0.00006104
0.09520734,0.00006104
0.09552734,0.00006104
0.09584734,-0.01770074
0.09616734,0.00006104
0.09648734,0.00006104
0.09680734,0.00006104
0.09712734,0.00006104
0.09744734,-0.01770074
0.09776734,0.00006104
0.09808734,0.00006104
0.09840734,0.00006104
0.09872734,0.00006104
0.09904734,0.00006104
0.09936734,0.00006104
0.09968734,0.00006104
0.10000734,0.00006104
0.10032734,0.00006104
0.10064734,0.00006104
0.10096734,0.00006104
0.10128734,0.00006104
0.10160734,0.00006104
0.10192734,0.00006104
0.10224734,0.00006104
0.10256734,0.00006104
0.10288734,0.00006104
0.10320734,0.00006104
0.10352734,0.00006104
0.10384734,0.00006104
0.10416734,0.00006104
0.10448734,0.00006104
0.10480734,0.00006104
0.10512734,0.00006104
0.10544734,0.00006104
0.10576734,0.00006104
0.10608734,0.00006104
0.10640734,0.00006104
0.10672734,0.00006104
0.10704734,0.00006104
0.10736734,0.00006104
0.10768734,0.00006104
0.10800734,0.00006104
0.10832734,-0.01770074
0.10864734,0.00006104
0.10896734,0.00006104
0.10928734,-0.01770074
0.10960734,0.00006104
0.10992734,0.00006104
0.11024734,0.00006104
0.11056734,0.00006104
0.11088734,0.00006104
0.11120734,0.00006104
0.11152734,0.00006104
0.11184734,0.00006104
0.11216734,0.00006104
0.11248734,0.00006104
0.11280734,0.00006104
0.11312734,0.00006104
0.11344734,0.00006104
0.11376734,0.00006104
0.11408734,0.00006104
0.11440734,0.00006104
0.11472734,0.00006104
0.11504734,0.00006104
0.11536734,0.00006104
0.11568734,0.00006104
0.11600734,0.00006104
0.11632734,0.00006104
0.11664734,0.00006104
0.11696734,0.00006104
0.11728734,0.00006104
0.11760734,-0.01770074
0.11792734,0.00006104
0.11824734,0.00006104
0.11856734,0.00006104
0.11888734,0.00006104
0.11920734,0.00006104
0.11952734,0.00006104
0.11984734,0.00006104
0.12016734,0.00006104
0.12048734,-0.01770074
0.12080734,0.00006104
0.12112734,0.00006104
0.12144734,0.00006104
0.12176734,0.00006104
0.12208734,-0.01770074
0.12240734,0.00006104
0.12272734,0.00006104
0.12304734,0.00006104
0.12336734,0.00006104
0.12368734,0.00006104
0.12400734,0.00006104
0.12432734,0.00006104
0.12464734,0.00006104
0.12496734,0.00006104
0.12528734,0.00006104
0.12560734,0.00006104
0.12592734,0.00006104
0.12624734,0.00006104
0.12656734,0.00006104
0.12688734,0.00006104
0.12720734,0.00006104
0.12752734,0.00006104
0.12784734,0.00006104
0.12816734,0.00006104
0.12848734,0.00006104
0.12880734,0.00006104
0.12912734,0.00006104
0.12944734,0.00006104
0.12976734,0.00006104
0.13008734,0.00006104
0.13040734,0.00006104
0.13072734,0.00006104
0.13104734,0.00006104
0.13136734,0.00006104
0.13168734,0.00006104
0.13200734,0.00006104
0.13232734,0.00006104
0.13264734,0.00006104
0.13296734,0.00006104
0.13328734,0.00006104
0.13360734,0.00006104
0.13392734,0.00006104
0.13424734,0.00006104
0.13456734,0.00006104
0.13488734,0.00006104
0.13520734,0.00006104
0.13552734,-0.01770074
0.13584734,0.00006104
0.13616734,0.00006104
0.13648734,0.00006104
0.13680734,0.00006104
0.13712734,0.00006104
0.13744734,0.00006104
0.13776734,0.00006104
0.13808734,0.00006104
0.13840734,0.00006104
0.13872734,0.00006104
0.13904734,-0.01770074
0.13936734,0.00006104
0.13968734,0.00006104
0.14000734,-0.01770074
0.14032734,0.00006104
0.14064734,0.00006104
0.14096734,0.00006104
0.14128734,0.00006104
0.14160734,0.00006104
0.14192734,0.00006104
0.14224734,0.00006104
0.14256734,0.00006104
0.14288734,0.00006104
0.14320734,0.00006104
0.14352734,0.00006104
0.14384734,0.00006104
0.14416734,0.00006104
0.14448734,0.00006104
0.14480734,-0.01770074
0.14512734,0.00006104
0.14544734,0.00006104
0.14576734,0.00006104
0.14608734,0.00006104
0.14640734,-0.01770074
0.14672734,0.00006104
0.14704734,0.00006104
0.14736734,0.00006104
0.14768734,0.00006104
0.14800734,0.00006104
0.14832734,0.00006104
0.14864734,0.00006104
0.14896734,0.00006104
0.14928734,0.00006104
0.14960734,0.00006104
0.14992734,0.00006104
0.15024734,0.00006104
0.15056734,0.00006104
0.15088734,0.00006104
0.15120734,0.00006104
0.15152734,0.00006104
0.15184734,0.00006104
0.15216734,-0.01770074
0.15248734,0.00006104
0.15280734,0.00006104
0.15312734,0.00006104
0.15344734,0.00006104
0.15376734,0.00006104
0.15408734,0.00006104
0.15440734,0.00006104
0.15472734,0.00006104
0.15504734,0.00006104
0.15536734,0.00006104
0.15568734,0.00006104
0.15600734,0.00006104
0.15632734,0.00006104
0.15664734,-0.01770074
0.15696734,0.00006104
0.15728734,0.00006104
0.15760734,0.00006104
0.15792734,0.00006104
0.15824734,0.00006104
0.15856734,0.00006104
0.15888734,0.00006104
0.15920734,0.00006104
0.15952734,0.00006104
0.15984734,0.00006104
0.16016734,0.00006104
0.16048734,0.00006104
0.16080734,0.00006104
0.16112734,0.00006104
0.16144734,0.00006104
0.16176734,0.00006104
0.16208734,0.00006104
0.16240734,0.00006104
0.16272734,0.00006104
0.16304734,0.00006104
0.16336734,0.00006104
0.16368734,0.00006104
0.16400734,0.00006104
0.16432734,0.00006104
0.16464734,-0.01770074
0.16496734,0.00006104
0.16528734,0.00006104
0.16560734,0.00006104
0.16592734,0.00006104
0.16624734,0.00006104
0.16656734,-0.01770074
0.16688734,0.00006104
0.16720734,0.00006104
0.16752734,0.00006104
0.16784734,0.00006104
0.16816734,0.00006104
0.16848734,0.00006104
0.16880734,0.00006104
0.16912734,0.00006104
0.16944734,0.00006104
0.16976734,0.00006104
0.17008734,0.00006104
0.17040734,0.00006104
0.17072734,0.00006104
0.17104734,0.00006104
0.17136734,0.00006104
0.17168734,0.00006104
0.17200734,0.00006104
0.17232734,0.00006104
0.17264734,0.00006104
0.17296734,0.00006104
0.17328734,0.00006104
0.17360734,0.00006104
0.17392734,0.00006104
0.17424734,0.00006104
0.17456734,0.00006104
0.17488734,0.00006104
0.17520734,0.00006104
0.17552734,0.00006104
0.17584734,0.00006104
0.17616734,0.00006104
0.17648734,0.00006104
0.17680734,0.00006104
0.17712734,0.00006104
0.17744734,0.00006104
0.17776734,0.00006104
0.17808734,0.00006104
0.17840734,0.00006104
0.17872734,0.00006104
0.17904734,0.00006104
0.17936734,0.00006104
0.17968734,0.00006104
0.18000734,0.00006104
0.18032734,0.00006104
0.18064734,0.00006104
0.18096734,0.00006104
0.18128734,0.00006104
0.18160734,0.00006104
0.18192734,0.00006104
0.18224734,0.00006104
0.18256734,0.00006104
0.18288734,0.00006104
0.18320734,0.00006104
0.18352734,0.00006104
0.18384734,0.00006104
0.18416734,0.00006104
0.18448734,0.00006104
0.18480734,0.00006104
0.18512734,0.00006104
0.18544734,0.00006104
0.18576734,0.00006104
0.18608734,0.00006104
0.18640734,0.00006104
0.18672734,0.00006104
0.18704734,0.00006104
0.18736734,0.00006104
0.18768734,-0.01770074
0.18800734,0.00006104
0.18832734,0.00006104
0.18864734,0.00006104
0.18896734,0.00006104
0.18928734,0.00006104
0.18960734,0.00006104
0.18992734,0.00006104
0.19024734,0.00006104
0.19056734,0.00006104
0.19088734,0.00006104
0.19120734,0.00006104
0.19152734,0.00006104
0.19184734,0.00006104
0.19216734,0.00006104
0.19248734,0.00006104
0.19280734,0.00006104
0.19312734,0.00006104
0.19344734,0.00006104
0.19376734,0.00006104
0.19408734,0.00006104
0.19440734,0.00006104
0.19472734,0.00006104
0.19504734,0.00006104
0.19536734,0.00006104
0.19568734,0.00006104
0.19600734,0.00006104
0.19632734,0.00006104
0.19664734,0.00006104
0.19696734,0.00006104
0.19728734,0.00006104
0.19760734,0.00006104
0.19792734,-0.01770074
0.19824734,0.00006104
0.19856734,0.00006104
0.19888734,0.00006104
0.19920734,0.00006104
0.19952734,0.00006104
0.19984734,-0.01770074
0.20016734,0.00006104
0.20048734,0.00006104
0.20080734,0.00006104
0.20112734,0.00006104
0.20144734,0.00006104
0.20176734,0.00006104
0.20208734,0.00006104
0.20240734,0.00006104
0.20272734,-0.01770074
0.20304734,0.00006104
0.20336734,0.00006104
0.20368734,0.00006104
0.20400734,0.00006104
0.20432734,0.00006104
0.20464734,0.00006104
0.20496734,0.00006104
0.20528734,0.00006104
0.20560734,0.00006104
0.20592734,0.00006104
0.20624734,0.00006104
0.20656734,0.00006104
0.20688734,-0.01770074
0.20720734,0.00006104
0.20752734,-0.01770074
0.20784734,0.00006104
0.20816734,-0.01770074
0.20848734,0.00006104
0.20880734,0.00006104
0.20912734,0.00006104
0.20944734,0.00006104
0.20976734,0.00006104
0.21008734,0.00006104
0.21040734,0.00006104
0.21072734,-0.01770074
0.21104734,0.00006104
0.21136734,0.00006104
0.21168734,0.00006104
0.21200734,0.00006104
0.21232734,0.00006104
0.21264734,0.00006104
0.21296734,0.00006104
0.21328734,0.00006104
0.21360734,0.00006104
0.21392734,0.00006104
0.21424734,0.00006104
0.21456734,0.00006104
0.21488734,0.00006104
0.21520734,0.00006104
0.21552734,0.00006104
0.21584734,0.00006104
0.21616734,0.00006104
0.21648734,0.00006104
0.21680734,0.00006104
0.21712734,0.00006104
0.21744734,0.00006104
0.21776734,0.00006104
0.21808734,0.00006104
0.21840734,0.00006104
0.21872734,0.00006104
0.21904734,0.00006104
0.21936734,0.00006104
0.21968734,0.00006104
0.22000734,0.00006104
0.22032734,0.00006104
0.22064734,0.00006104
0.22096734,-0.01770074
0.22128734,0.00006104
0.22160734,0.00006104
0.22192734,0.00006104
0.22224734,0.00006104
0.22256734,0.00006104
0.22288734,0.00006104
0.22320734,0.00006104
0.22352734,0.00006104
0.22384734,0.00006104
0.22416734,0.00006104
0.22448734,0.00006104
0.22480734,0.00006104
0.22512734,0.00006104
0.22544734,0.00006104
0.22576734,-0.01770074
0.22608734,0.00006104
0.22640734,0.00006104
0.22672734,0.00006104
0.22704734,0.00006104
0.22736734,0.00006104
0.22768734,0.00006104
0.22800734,0.00006104
0.22832734,0.00006104
0.22864734,0.00006104
0.22896734,0.00006104
0.22928734,0.00006104
0.22960734,0.00006104
0.22992734,-0.01770074
0.23024734,0.00006104
0.23056734,0.00006104
0.23088734,0.00006104
0.23120734,0.00006104
0.23152734,0.00006104
0.23184734,0.00006104
0.23216734,0.00006104
0.23248734,0.00006104
0.23280734,-0.01770074
0.23312734,0.00006104
0.23344734,0.00006104
0.23376734,0.00006104
0.23408734,0.00006104
0.23440734,0.00006104
0.23472734,-0.01770074
0.23504734,0.00006104
0.23536734,0.00006104
0.23568734,-0.01770074
0.23600734,0.00006104
0.23632734,0.00006104
0.23664734,0.00006104
0.23696734,-0.01770074
0.23728734,0.00006104
0.23760734,0.00006104
0.23792734,0.00006104
0.23824734,0.00006104
0.23856734,0.00006104
0.23888734,0.00006104
0.23920734,0.00006104
0.23952734,0.00006104
0.23984734,0.00006104
0.24016734,0.00006104
0.24048734,0.00006104
0.24080734,0.00006104
0.24112734,0.00006104
0.24144734,0.00006104
0.24176734,0.00006104
0.24208734,0.00006104
0.24240734,0.00006104
0.24272734,0.00006104
0.24304734,0.00006104
0.24336734,0.00006104
0.24368734,0.00006104
0.24400734,0.00006104
0.24432734,0.00006104
0.24464734,0.00006104
0.24496734,0.00006104
0.24528734,0.00006104
0.24560734,0.00006104
0.24592734,0.00006104
0.24624734,0.00006104
0.24656734,0.00006104
0.24688734,0.00006104
0.24720734,0.00006104
0.24752734,0.00006104
0.24784734,0.00006104
0.24816734,0.00006104
0.24848734,0.00006104
0.24880734,0.00006104
0.24912734,0.00006104
0.24944734,-0.01770074
0.24976734,0.00006104
0.25008734,0.00006104
0.25040734,0.00006104
0.25072734,-0.01770074
0.25104734,0.00006104
0.25136734,0.00006104
0.25168734,0.00006104
0.25200734,0.00006104
0.25232734,0.00006104
0.25264734,0.00006104
0.25296734,-0.01770074
0.25328734,0.00006104
0.25360734,0.00006104
0.25392734,0.00006104
0.25424734,0.00006104
0.25456734,0.00006104
0.25488734,-0.01770074
0.25520734,0.00006104
0.25552734,-0.01770074
0.25584734,0.00006104
0.25616734,0.00006104
0.25648734,-0.01770074
0.25680734,-0.01770074
0.25712734,-0.01770074
0.25744734,-0.01770074
0.25776734,-0.01770074
0.25808734,0.00006104
0.25840734,0.00006104
0.25872734,0.00006104
0.25904734,0.00006104
0.25936734,0.00006104
0.25968734,0.00006104
0.26000734,0.00006104
0.26032734,0.00006104
0.26064734,0.00006104
0.26096734,0.00006104
0.26128734,0.00006104
0.26160734,0.00006104
0.26192734,-0.01770074
0.26224734,0.00006104
0.26256734,0.00006104
0.26288734,0.00006104
0.26320734,0.00006104
0.26352734,0.00006104
0.26384734,-0.01770074
0.26416734,0.00006104
0.26448734,0.00006104
0.26480734,-0.01770074
0.26512734,0.00006104
0.26544734,-0.01770074
0.26576734,0.00006104
0.26608734,0.00006104
0.26640734,0.00006104
0.26672734,0.00006104
0.26704734,0.00006104
0.26736734,0.00006104
0.26768734,0.00006104
0.26800734,0.00006104
0.26832734,0.00006104
0.26864734,0.00006104
0.26896734,0.00006104
0.26928734,0.00006104
0.26960734,0.00006104
0.26992734,0.00006104
0.27024734,0.00006104
0.27056734,0.00006104
0.27088734,0.00006104
0.27120734,0.00006104
0.27152734,0.00006104
0.27184734,0.00006104
0.27216734,-0.01770074
0.27248734,0.00006104
0.27280734,0.00006104
0.27312734,0.00006104
0.27344734,0.00006104
0.27376734,0.00006104
0.27408734,0.00006104
0.27440734,0.00006104
0.27472734,0.00006104
0.27504734,0.00006104
0.27536734,0.00006104
0.27568734,0.00006104
0.27600734,0.00006104
0.27632734,0.00006104
0.27664734,0.00006104
0.27696734,0.00006104
0.27728734,0.00006104
0.27760734,0.00006104
0.27792734,0.00006104
0.27824734,0.00006104
0.27856734,0.00006104
0.27888734,0.00006104
0.27920734,0.00006104
0.27952734,-0.01770074
0.27984734,0.00006104
0.28016734,0.00006104
0.28048734,0.00006104
0.28080734,0.00006104
0.28112734,-0.01770074
0.28144734,0.00006104
0.28176734,0.00006104
0.28208734,0.00006104
0.28240734,0.00006104
0.28272734,0.00006104
0.28304734,0.00006104
0.28336734,0.00006104
0.28368734,0.00006104
0.28400734,0.00006104
0.28432734,0.00006104
0.28464734,0.00006104
0.28496734,0.00006104
0.28528734,0.00006104
0.28560734,0.00006104
0.28592734,0.00006104
0.28624734,0.00006104
0.28656734,0.00006104
0.28688734,-0.01770074
0.28720734,0.00006104
0.28752734,0.00006104
0.28784734,0.00006104
0.28816734,0.00006104
0.28848734,-0.01770074
0.28880734,-0.01770074
0.28912734,0.00006104
0.28944734,0.00006104
0.28976734,0.00006104
0.29008734,0.00006104
0.29040734,0.00006104
0.29072734,0.00006104
0.29104734,0.00006104
0.29136734,0.00006104
0.29168734,0.00006104
0.29200734,0.00006104
0.29232734,0.00006104
0.29264734,0.00006104
0.29296734,0.00006104
0.29328734,-0.01770074
0.29360734,0.00006104
0.29392734,0.00006104
0.29424734,0.00006104
0.29456734,0.00006104
0.29488734,0.00006104
0.29520734,0.00006104
0.29552734,0.00006104
0.29584734,0.00006104
0.29616734,0.00006104
0.29648734,0.00006104
0.29680734,-0.01770074
0.29712734,0.00006104
0.29744734,0.00006104
0.29776734,0.00006104
0.29808734,0.00006104
0.29840734,0.00006104
0.29872734,0.00006104
0.29904734,0.00006104
0.29936734,0.00006104
0.29968734,0.00006104
0.30000734,0.00006104
0.30032734,0.00006104
0.30064734,0.00006104
0.30096734,0.00006104
0.30128734,0.00006104
0.30160734,0.00006104
0.30192734,0.00006104
0.30224734,0.00006104
0.30256734,0.00006104
0.30288734,0.00006104
0.30320734,0.00006104
0.30352734,0.00006104
0.30384734,0.00006104
0.30416734,0.00006104
0.30448734,0.00006104
0.30480734,0.00006104
0.30512734,-0.01770074
0.30544734,0.00006104
0.30576734,0.00006104
0.30608734,0.00006104
0.30640734,0.00006104
0.30672734,0.00006104
0.30704734,0.00006104
0.30736734,0.00006104
0.30768734,0.00006104
0.30800734,-0.01770074
0.30832734,0.00006104
0.30864734,0.00006104
0.30896734,0.00006104
0.30928734,0.00006104
0.30960734,0.00006104
0.30992734,0.00006104
0.31024734,0.00006104
0.31056734,0.00006104
0.31088734,0.00006104
0.31120734,0.00006104
0.31152734,-0.01770074
0.31184734,0.00006104
0.31216734,0.00006104
0.31248734,0.00006104
0.31280734,0.00006104
0.31312734,0.00006104
0.31344734,-0.01770074
0.31376734,0.00006104
0.31408734,0.00006104
0.31440734,0.00006104
0.31472734,0.00006104
0.31504734,0.00006104
0.31536734,0.00006104
0.31568734,0.00006104
0.31600734,0.00006104
0.31632734,0.00006104
0.31664734,0.00006104
0.31696734,0.00006104
0.31728734,0.00006104
0.31760734,0.00006104
0.31792734,0.00006104
0.31824734,0.00006104
0.31856734,0.00006104
0.31888734,-0.01770074
0.31920734,0.00006104
0.31952734,0.00006104
0.31984734,0.00006104
0.32016734,0.00006104
0.32048734,0.00006104
0.32080734,0.00006104
0.32112734,0.00006104
0.32144734,0.00006104
0.32176734,0.00006104
0.32208734,0.00006104
0.32240734,0.00006104
0.32272734,0.00006104
0.32304734,0.00006104
0.32336734,0.00006104
0.32368734,0.00006104
0.32400734,0.00006104
0.32432734,0.00006104
0.32464734,0.00006104
0.32496734,0.00006104
0.32528734,0.00006104
0.32560734,0.00006104
0.32592734,0.00006104
0.32624734,0.00006104
0.32656734,0.00006104
0.32688734,0.00006104
0.32720734,0.00006104
0.32752734,0.00006104
0.32784734,0.00006104
0.32816734,0.00006104
0.32848734,0.00006104
0.32880734,0.00006104
0.32912734,0.00006104
0.32944734,0.00006104
0.32976734,0.00006104
0.33008734,0.00006104
0.33040734,0.00006104
0.33072734,0.00006104
0.33104734,0.00006104
0.33136734,0.00006104
0.33168734,0.00006104
0.33200734,0.00006104
0.33232734,0.00006104
0.33264734,0.00006104
0.33296734,0.00006104
0.33328734,0.00006104
0.33360734,0.00006104
0.33392734,0.00006104
0.33424734,0.00006104
0.33456734,0.00006104
0.33488734,0.00006104
0.33520734,0.00006104
0.33552734,0.00006104
0.33584734,0.00006104
0.33616734,-0.01770074
0.33648734,-0.01770074
0.33680734,0.00006104
0.33712734,-0.01770074
0.33744734,0.00006104
0.33776734,0.00006104
0.33808734,0.00006104
0.33840734,0.00006104
0.33872734,0.00006104
0.33904734,0.00006104
0.33936734,0.00006104
0.33968734,0.00006104
0.34000734,0.00006104
0.34032734,0.00006104
0.34064734,0.00006104
0.34096734,0.00006104
0.34128734,0.00006104
0.34160734,0.00006104
0.34192734,0.00006104
0.34224734,0.00006104
0.34256734,0.00006104
0.34288734,0.00006104
0.34320734,0.00006104
0.34352734,0.00006104
0.34384734,-0.01770074
0.34416734,0.00006104
0.34448734,0.00006104
0.34480734,0.00006104
0.34512734,0.00006104
0.34544734,0.00006104
0.34576734,0.00006104
0.34608734,0.00006104
0.34640734,0.00006104
0.34672734,0.00006104
0.34704734,0.00006104
0.34736734,0.00006104
0.34768734,0.00006104
0.34800734,0.00006104
0.34832734,0.00006104
0.34864734,0.00006104
0.34896734,0.00006104
0.34928734,0.00006104
0.34960734,0.00006104
0.34992734,0.00006104
0.35024734,0.00006104
0.35056734,0.00006104
0.35088734,0.00006104
0.35120734,0.00006104
0.35152734,0.00006104
0.35184734,0.00006104
0.35216734,0.00006104
0.35248734,0.00006104
0.35280734,0.00006104
0.35312734,0.00006104
0.35344734,0.00006104
0.35376734,0.00006104
0.35408734,-0.01770074
0.35440734,0.00006104
0.35472734,0.00006104
0.35504734,0.00006104
0.35536734,0.00006104
0.35568734,0.00006104
0.35600734,0.00006104
0.35632734,0.00006104
0.35664734,0.00006104
0.35696734,0.00006104
0.35728734,0.00006104
0.35760734,0.00006104
0.35792734,0.00006104
0.35824734,0.00006104
0.35856734,0.00006104
0.35888734,0.00006104
0.35920734,0.00006104
0.35952734,0.00006104
0.35984734,0.00006104
0.36016734,0.00006104
0.36048734,0.00006104
0.36080734,0.00006104
0.36112734,0.00006104
0.36144734,0.00006104
0.36176734,0.00006104
0.36208734,0.00006104
0.36240734,0.00006104
0.36272734,-0.01770074
0.36304734,0.00006104
0.36336734,-0.01770074
0.36368734,0.00006104
0.36400734,0.00006104
0.36432734,0.00006104
0.36464734,0.00006104
0.36496734,0.00006104
0.36528734,0.00006104
0.36560734,0.00006104
0.36592734,0.00006104
0.36624734,0.00006104
0.36656734,0.00006104
0.36688734,0.00006104
0.36720734,0.00006104
0.36752734,0.00006104
0.36784734,0.00006104
0.36816734,0.00006104
0.36848734,0.00006104
0.36880734,0.00006104
0.36912734,0.00006104
0.36944734,0.00006104
0.36976734,0.00006104
0.37008734,0.00006104
0.37040734,0.00006104
0.37072734,0.00006104
0.37104734,0.00006104
0.37136734,0.00006104
0.37168734,0.00006104
0.37200734,0.00006104
0.37232734,0.00006104
0.37264734,0.00006104
0.37296734,0.00006104
0.37328734,0.00006104
0.37360734,0.00006104
0.37392734,0.00006104
0.37424734,-0.01770074
0.37456734,0.00006104
0.37488734,0.00006104
0.37520734,0.00006104
0.37552734,0.00006104
0.37584734,0.00006104
0.37616734,-0.01770074
0.37648734,0.00006104
0.37680734,0.00006104
0.37712734,0.00006104
0.37744734,0.00006104
0.37776734,0.00006104
0.37808734,0.00006104
0.37840734,0.00006104
0.37872734,0.00006104
0.37904734,-0.01770074
0.37936734,0.00006104
0.37968734,0.00006104
0.38000734,0.00006104
0.38032734,0.00006104
0.38064734,0.00006104
0.38096734,0.00006104
0.38128734,0.00006104
0.38160734,0.00006104
0.38192734,0.00006104
0.38224734,0.00006104
0.38256734,0.00006104
0.38288734,0.00006104
0.38320734,0.00006104
0.38352734,0.00006104
0.38384734,0.00006104
0.38416734,0.00006104
0.38448734,0.00006104
0.38480734,0.00006104
0.38512734,0.00006104
0.38544734,-0.01770074
0.38576734,0.00006104
0.38608734,0.00006104
0.38640734,0.00006104
0.38672734,0.00006104
0.38704734,0.00006104
0.38736734,0.00006104
0.38768734,0.00006104
0.38800734,0.00006104
0.38832734,0.00006104
0.38864734,0.00006104
0.38896734,0.00006104
0.38928734,0.00006104
0.38960734,0.00006104
0.38992734,0.00006104
0.39024734,0.00006104
0.39056734,0.00006104
0.39088734,0.00006104
0.39120734,0.00006104
0.39152734,0.00006104
0.39184734,0.00006104
0.39216734,0.00006104
0.39248734,0.00006104
0.39280734,0.00006104
0.39312734,0.00006104
0.39344734,0.00006104
0.39376734,0.00006104
0.39408734,0.00006104
0.39440734,0.00006104
0.39472734,0.00006104
0.39504734,0.00006104
0.39536734,0.00006104
0.39568734,0.00006104
0.39600734,0.00006104
0.39632734,0.00006104
0.39664734,0.00006104
0.39696734,0.00006104
0.39728734,0.00006104
0.39760734,0.00006104
0.39792734,0.00006104
0.39824734,0.00006104
0.39856734,0.00006104
0.39888734,0.00006104
0.39920734,0.00006104
0.39952734,0.00006104
0.39984734,0.00006104
0.40016734,0.00006104
0.40048734,-0.01770074
0.40080734,0.00006104
0.40112734,0.00006104
0.40144734,0.00006104
0.40176734,0.00006104
0.40208734,0.00006104
0.40240734,0.00006104
0.40272734,0.00006104
0.40304734,0.00006104
0.40336734,0.00006104
0.40368734,0.00006104
0.40400734,0.00006104
0.40432734,0.00006104
0.40464734,0.00006104
0.40496734,0.00006104
0.40528734,0.00006104
0.40560734,0.00006104
0.40592734,0.00006104
0.40624734,0.00006104
0.40656734,0.00006104
0.40688734,0.00006104
0.40720734,0.00006104
0.40752734,0.00006104
0.40784734,0.00006104
0.40816734,0.00006104
0.40848734,0.00006104
0.40880734,0.00006104
0.40912734,0.00006104
0.40944734,0.00006104
0.40976734,0.00006104
0.41008734,0.00006104
0.41040734,0.00006104
0.41072734,0.00006104
0.41104734,0.00006104
0.41136734,0.00006104
0.41168734,0.00006104
0.41200734,-0.01770074
0.41232734,0.00006104
0.41264734,0.00006104
0.41296734,0.00006104
0.41328734,0.00006104
0.41360734,0.00006104
0.41392734,0.00006104
0.41424734,0.00006104
0.41456734,0.00006104
0.41488734,0.00006104
0.41520734,-0.01770074
0.41552734,0.00006104
0.41584734,0.00006104
0.41616734,0.00006104
0.41648734,0.00006104
0.41680734,0.00006104
0.41712734,0.00006104
0.41744734,0.00006104
0.41776734,0.00006104
0.41808734,0.00006104
0.41840734,0.00006104
0.41872734,0.00006104
0.41904734,0.00006104
0.41936734,-0.01770074
0.41968734,0.00006104
0.42000734,0.00006104
0.42032734,0.00006104
0.42064734,0.00006104
0.42096734,-0.01770074
0.42128734,0.00006104
0.42160734,0.00006104
0.42192734,-0.01770074
0.42224734,0.00006104
0.42256734,0.00006104
0.42288734,0.00006104
0.42320734,0.00006104
0.42352734,0.00006104
0.42384734,0.00006104
0.42416734,0.00006104
0.42448734,0.00006104
0.42480734,0.00006104
0.42512734,0.00006104
0.42544734,0.00006104
0.42576734,0.00006104
0.42608734,0.00006104
0.42640734,0.00006104
0.42672734,0.00006104
0.42704734,0.00006104
0.42736734,0.00006104
0.42768734,0.00006104
0.42800734,0.00006104
0.42832734,0.00006104
0.42864734,0.00006104
0.42896734,0.00006104
0.42928734,0.00006104
0.42960734,0.00006104
0.42992734,0.00006104
0.43024734,0.00006104
0.43056734,0.00006104
0.43088734,0.00006104
0.43120734,0.00006104
0.43152734,0.00006104
0.43184734,0.00006104
0.43216734,-0.01770074
0.43248734,0.00006104
0.43280734,0.00006104
0.43312734,0.00006104
0.43344734,0.00006104
0.43376734,0.00006104
0.43408734,0.00006104
0.43440734,0.00006104
0.43472734,0.00006104
0.43504734,0.00006104
0.43536734,0.00006104
0.43568734,0.00006104
0.43600734,0.00006104
0.43632734,0.00006104
0.43664734,0.00006104
0.43696734,0.00006104
0.43728734,0.00006104
0.43760734,0.00006104
0.43792734,0.00006104
0.43824734,0.00006104
0.43856734,0.00006104
0.43888734,0.00006104
0.43920734,0.00006104
0.43952734,-0.01770074
0.43984734,0.00006104
0.44016734,0.00006104
0.44048734,0.00006104
0.44080734,0.00006104
0.44112734,0.00006104
0.44144734,-0.01770074
0.44176734,0.00006104
0.44208734,0.00006104
0.44240734,0.00006104
0.44272734,0.00006104
0.44304734,0.00006104
0.44336734,0.00006104
0.44368734,0.00006104
0.44400734,0.00006104
0.44432734,0.00006104
0.44464734,0.00006104
0.44496734,0.00006104
0.44528734,0.00006104
0.44560734,0.00006104
0.44592734,0.00006104
0.44624734,0.00006104
0.44656734,0.00006104
0.44688734,0.00006104
0.44720734,0.00006104
0.44752734,-0.01770074
0.44784734,0.00006104
0.44816734,0.00006104
0.44848734,-0.01770074
0.44880734,0.00006104
0.44912734,0.00006104
0.44944734,0.00006104
0.44976734,0.00006104
0.45008734,0.00006104
0.45040734,-0.01770074
0.45072734,0.00006104
0.45104734,0.00006104
0.45136734,0.00006104
0.45168734,0.00006104
0.45200734,0.00006104
0.45232734,-0.01770074
0.45264734,0.00006104
0.45296734,0.00006104
0.45328734,0.00006104
0.45360734,0.00006104
0.45392734,0.00006104
0.45424734,0.00006104
0.45456734,0.00006104
0.45488734,0.00006104
0.45520734,0.00006104
0.45552734,0.00006104
0.45584734,0.00006104
0.45616734,0.00006104
0.45648734,0.00006104
0.45680734,0.00006104
0.45712734,0.00006104
0.45744734,0.00006104
0.45776734,0.00006104
0.45808734,0.00006104
0.45840734,0.00006104
0.45872734,0.00006104
0.45904734,0.00006104
0.45936734,0.00006104
0.45968734,0.00006104
0.46000734,0.00006104
0.46032734,0.00006104
0.46064734,0.00006104
0.46096734,0.00006104
0.46128734,0.00006104
0.46160734,0.00006104
0.46192734,0.00006104
0.46224734,0.00006104
0.46256734,0.00006104
0.46288734,0.00006104
0.46320734,0.00006104
0.46352734,0.00006104
0.46384734,0.00006104
0.46416734,-0.01770074
0.46448734,0.00006104
0.46480734,0.01788385
0.46512734,0.00006104
0.46544734,0.00006104
0.46576734,0.00006104
0.46608734,0.00006104
0.46640734,0.00006104
0.46672734,0.00006104
0.46704734,0.00006104
0.46736734,0.00006104
0.46768734,0.00006104
0.46800734,0.00006104
0.46832734,0.00006104
0.46864734,0.00006104
0.46896734,0.00006104
0.46928734,0.00006104
0.46960734,0.00006104
0.46992734,0.00006104
0.47024734,0.00006104
0.47056734,0.00006104
0.47088734,0.00006104
0.47120734,0.00006104
0.47152734,0.00006104
0.47184734,0.00006104
0.47216734,0.00006104
0.47248734,0.00006104
0.47280734,0.00006104
0.47312734,0.00006104
0.47344734,0.00006104
0.47376734,0.00006104
0.47408734,0.00006104
0.47440734,0.00006104
0.47472734,0.00006104
0.47504734,0.00006104
0.47536734,0.00006104
0.47568734,0.00006104
0.47600734,0.00006104
0.47632734,0.00006104
0.47664734,0.00006104
0.47696734,0.00006104
0.47728734,0.00006104
0.47760734,0.00006104
0.47792734,0.00006104
0.47824734,0.00006104
0.47856734,0.00006104
0.47888734,0.00006104
0.47920734,0.00006104
0.47952734,0.00006104
0.47984734,-0.01770074
0.48016734,0.00006104
0.48048734,0.00006104
0.48080734,0.00006104
0.48112734,0.00006104
0.48144734,0.00006104
0.48176734,0.00006104
0.48208734,0.00006104
0.48240734,0.00006104
0.48272734,0.00006104
0.48304734,0.00006104
0.48336734,0.00006104
0.48368734,0.00006104
0.48400734,0.00006104
0.48432734,0.00006104
0.48464734,0.00006104
0.48496734,0.00006104
0.48528734,0.00006104
0.48560734,0.00006104
0.48592734,0.00006104
0.48624734,0.00006104
0.48656734,0.00006104
0.48688734,-0.01770074
0.48720734,0.00006104
0.48752734,-0.01770074
0.48784734,0.00006104
0.48816734,0.00006104
0.48848734,-0.01770074
0.48880734,0.00006104
0.48912734,0.00006104
0.48944734,0.00006104
0.48976734,0.00006104
0.49008734,0.00006104
0.49040734,0.00006104
0.49072734,0.00006104
0.49104734,0.00006104
0.49136734,0.00006104
0.49168734,0.00006104
0.49200734,0.00006104
0.49232734,0.00006104
0.49264734,0.00006104
0.49296734,0.00006104
0.49328734,0.00006104
0.49360734,0.00006104
0.49392734,0.00006104
0.49424734,0.00006104
0.49456734,0.00006104
0.49488734,0.00006104
0.49520734,0.00006104
0.49552734,0.00006104
0.49584734,0.00006104
0.49616734,1.72673726
0.49648734,1.38847005
0.49680734,0.48066652
0.49712734,-0.03552354
0.49744734,-0.17792290
0.49776734,-0.12451552
0.49808734,-0.05334635
0.49840734,-0.01770074
0.49872734,-0.01770074
0.49904734,-0.01770074
0.49936734,-0.48054445
0.49968734,-1.17477953
0.50000734,-∞
0.50032734,0.94344920
0.50064734,0.07129124
0.50096734,-0.01770074
0.50128734,0.03570665
0.50160734,0.03570665
0.50192734,0.03570665
0.50224734,0.03570665
0.50256734,0.01788385
0.50288734,0.01788385
0.50320734,0.01788385
0.50352734,0.01788385
0.50384734,0.03570665
0.50416734,0.03570665
0.50448734,0.03570665
0.50480734,0.01788385
0.50512734,0.00006104
0.50544734,0.01788385
0.50576734,0.01788385
0.50608734,0.03570665
0.50640734,0.05346843
0.50672734,0.05346843
0.50704734,0.07129124
0.50736734,0.07129124
0.50768734,0.03570665
0.50800734,0.07129124
0.50832734,0.03570665
0.50864734,0.03570665
0.50896734,0.07129124
0.50928734,0.08911405
0.50960734,0.05346843
0.50992734,0.03570665
0.51024734,0.03570665
0.51056734,0.03570665
0.51088734,0.01788385
0.51120734,-0.01770074
0.51152734,-0.03552354
0.51184734,-0.01770074
0.51216734,-0.01770074
0.51248734,0.03570665
0.51280734,0.00006104
0.51312734,0.01788385
0.51344734,0.03570665
0.51376734,-0.03552354
0.51408734,0.00006104
0.51440734,0.00006104
0.51472734,-0.03552354
0.51504734,0.01788385
0.51536734,0.03570665
0.51568734,0.01788385
0.51600734,0.03570665
0.51632734,0.03570665
0.51664734,0.01788385
0.51696734,0.01788385
0.51728734,0.01788385
0.51760734,0.01788385
0.51792734,0.00006104
0.51824734,0.01788385
0.51856734,0.03570665
0.51888734,0.00006104
0.51920734,0.01788385
0.51952734,0.03570665
0.51984734,0.01788385
0.52016734,0.01788385
