Time,Channel A
(ms),(V)

-1.48084189,0.00006104
-1.48052189,0.01788385
-1.48020189,0.01788385
-1.47988189,0.01788385
-1.47956189,0.00006104
-1.47924189,-0.01770074
-1.47892189,0.00006104
-1.47860189,0.01788385
-1.47828189,0.00006104
-1.47796189,0.01788385
-1.47764189,0.01788385
-1.47732189,0.01788385
-1.47700189,0.00006104
-1.47668189,0.01788385
-1.47636189,0.00006104
-1.47604189,0.01788385
-1.47572189,0.01788385
-1.47540189,0.00006104
-1.47508189,0.01788385
-1.47476189,0.01788385
-1.47444189,0.01788385
-1.47412189,0.00006104
-1.47380189,0.00006104
-1.47348189,0.00006104
-1.47316189,0.00006104
-1.47284189,0.00006104
-1.47252189,-0.01770074
-1.47220189,0.00006104
-1.47188189,0.00006104
-1.47156189,0.00006104
-1.47124189,0.01788385
-1.47092189,0.01788385
-1.47060189,0.01788385
-1.47028189,0.01788385
-1.46996189,0.00006104
-1.46964189,0.00006104
-1.46932189,0.01788385
-1.46900189,0.00006104
-1.46868189,0.00006104
-1.46836189,0.00006104
-1.46804189,0.00006104
-1.46772189,0.00006104
-1.46740189,0.01788385
-1.46708189,0.00006104
-1.46676189,0.00006104
-1.46644189,0.01788385
-1.46612189,0.00006104
-1.46580189,0.00006104
-1.46548189,0.00006104
-1.46516189,0.00006104
-1.46484189,0.01788385
-1.46452189,0.00006104
-1.46420189,0.00006104
-1.46388189,0.00006104
-1.46356189,0.00006104
-1.46324189,0.00006104
-1.46292189,0.00006104
-1.46260189,0.01788385
-1.46228189,0.00006104
-1.46196189,0.00006104
-1.46164189,0.00006104
-1.46132189,0.00006104
-1.46100189,0.00006104
-1.46068189,0.00006104
-1.46036189,0.00006104
-1.46004189,0.00006104
-1.45972189,0.00006104
-1.45940189,0.00006104
-1.45908189,0.01788385
-1.45876189,0.00006104
-1.45844189,0.00006104
-1.45812189,0.00006104
-1.45780189,0.00006104
-1.45748189,0.00006104
-1.45716189,0.01788385
-1.45684189,0.00006104
-1.45652189,0.00006104
-1.45620189,0.00006104
-1.45588189,0.00006104
-1.45556189,0.00006104
-1.45524189,0.00006104
-1.45492189,-0.01770074
-1.45460189,0.00006104
-1.45428189,0.00006104
-1.45396189,-0.01770074
-1.45364189,-0.01770074
-1.45332189,0.00006104
-1.45300189,0.00006104
-1.45268189,0.00006104
-1.45236189,0.00006104
-1.45204189,0.00006104
-1.45172189,0.00006104
-1.45140189,0.00006104
-1.45108189,0.00006104
-1.45076189,0.00006104
-1.45044189,0.00006104
-1.45012189,0.00006104
-1.44980189,0.00006104
-1.44948189,0.00006104
-1.44916189,0.00006104
-1.44884189,0.00006104
-1.44852189,0.00006104
-1.44820189,0.00006104
-1.44788189,0.00006104
-1.44756189,0.00006104
-1.44724189,0.00006104
-1.44692189,0.00006104
-1.44660189,0.00006104
-1.44628189,0.00006104
-1.44596189,0.00006104
-1.44564189,0.00006104
-1.44532189,0.00006104
-1.44500189,0.00006104
-1.44468189,0.00006104
-1.44436189,0.00006104
-1.44404189,0.00006104
-1.44372189,0.00006104
-1.44340189,0.00006104
-1.44308189,0.00006104
-1.44276189,0.00006104
-1.44244189,0.00006104
-1.44212189,0.00006104
-1.44180189,0.00006104
-1.44148189,0.00006104
-1.44116189,0.00006104
-1.44084189,0.00006104
-1.44052189,0.00006104
-1.44020189,0.00006104
-1.43988189,0.00006104
-1.43956189,0.00006104
-1.43924189,0.00006104
-1.43892189,0.00006104
-1.43860189,0.00006104
-1.43828189,0.00006104
-1.43796189,0.00006104
-1.43764189,0.00006104
-1.43732189,0.00006104
-1.43700189,0.00006104
-1.43668189,0.00006104
-1.43636189,0.00006104
-1.43604189,0.00006104
-1.43572189,0.00006104
-1.43540189,0.00006104
-1.43508189,0.00006104
-1.43476189,0.00006104
-1.43444189,0.00006104
-1.43412189,0.00006104
-1.43380189,0.00006104
-1.43348189,0.00006104
-1.43316189,0.00006104
-1.43284189,0.00006104
-1.43252189,0.00006104
-1.43220189,0.00006104
-1.43188189,0.00006104
-1.43156189,0.00006104
-1.43124189,0.00006104
-1.43092189,0.00006104
-1.43060189,0.00006104
-1.43028189,0.00006104
-1.42996189,0.00006104
-1.42964189,0.00006104
-1.42932189,0.00006104
-1.42900189,0.00006104
-1.42868189,0.00006104
-1.42836189,0.00006104
-1.42804189,0.00006104
-1.42772189,0.00006104
-1.42740189,0.00006104
-1.42708189,0.00006104
-1.42676189,0.00006104
-1.42644189,-0.01770074
-1.42612189,0.00006104
-1.42580189,0.00006104
-1.42548189,0.00006104
-1.42516189,0.00006104
-1.42484189,0.00006104
-1.42452189,-0.01770074
-1.42420189,0.00006104
-1.42388189,0.00006104
-1.42356189,0.00006104
-1.42324189,-0.01770074
-1.42292189,0.00006104
-1.42260189,0.00006104
-1.42228189,0.00006104
-1.42196189,0.00006104
-1.42164189,0.00006104
-1.42132189,0.00006104
-1.42100189,0.00006104
-1.42068189,0.00006104
-1.42036189,0.00006104
-1.42004189,0.00006104
-1.41972189,0.00006104
-1.41940189,0.00006104
-1.41908189,0.00006104
-1.41876189,0.00006104
-1.41844189,0.00006104
-1.41812189,0.00006104
-1.41780189,0.00006104
-1.41748189,0.00006104
-1.41716189,0.00006104
-1.41684189,0.00006104
-1.41652189,0.00006104
-1.41620189,0.00006104
-1.41588189,0.00006104
-1.41556189,0.00006104
-1.41524189,0.00006104
-1.41492189,-0.01770074
-1.41460189,0.00006104
-1.41428189,0.00006104
-1.41396189,0.00006104
-1.41364189,0.00006104
-1.41332189,0.00006104
-1.41300189,0.00006104
-1.41268189,0.00006104
-1.41236189,0.00006104
-1.41204189,0.00006104
-1.41172189,0.00006104
-1.41140189,0.00006104
-1.41108189,0.00006104
-1.41076189,0.00006104
-1.41044189,0.00006104
-1.41012189,0.00006104
-1.40980189,0.00006104
-1.40948189,0.00006104
-1.40916189,-0.01770074
-1.40884189,0.00006104
-1.40852189,0.00006104
-1.40820189,0.00006104
-1.40788189,0.00006104
-1.40756189,0.00006104
-1.40724189,-0.01770074
-1.40692189,0.00006104
-1.40660189,0.00006104
-1.40628189,0.00006104
-1.40596189,0.00006104
-1.40564189,0.00006104
-1.40532189,0.00006104
-1.40500189,0.00006104
-1.40468189,0.00006104
-1.40436189,0.00006104
-1.40404189,0.00006104
-1.40372189,0.00006104
-1.40340189,0.00006104
-1.40308189,0.00006104
-1.40276189,0.00006104
-1.40244189,0.00006104
-1.40212189,0.00006104
-1.40180189,-0.01770074
-1.40148189,0.00006104
-1.40116189,0.00006104
-1.40084189,0.00006104
-1.40052189,0.00006104
-1.40020189,0.00006104
-1.39988189,0.00006104
-1.39956189,0.00006104
-1.39924189,0.00006104
-1.39892189,0.00006104
-1.39860189,0.00006104
-1.39828189,0.00006104
-1.39796189,-0.01770074
-1.39764189,0.00006104
-1.39732189,0.00006104
-1.39700189,0.00006104
-1.39668189,0.00006104
-1.39636189,0.00006104
-1.39604189,0.00006104
-1.39572189,0.00006104
-1.39540189,0.00006104
-1.39508189,0.00006104
-1.39476189,0.00006104
-1.39444189,0.00006104
-1.39412189,0.00006104
-1.39380189,0.00006104
-1.39348189,0.00006104
-1.39316189,0.00006104
-1.39284189,0.00006104
-1.39252189,0.00006104
-1.39220189,0.00006104
-1.39188189,0.00006104
-1.39156189,0.00006104
-1.39124189,0.00006104
-1.39092189,0.00006104
-1.39060189,0.00006104
-1.39028189,0.00006104
-1.38996189,0.00006104
-1.38964189,0.00006104
-1.38932189,0.00006104
-1.38900189,0.00006104
-1.38868189,0.00006104
-1.38836189,0.00006104
-1.38804189,0.00006104
-1.38772189,0.00006104
-1.38740189,0.00006104
-1.38708189,0.00006104
-1.38676189,0.00006104
-1.38644189,0.00006104
-1.38612189,0.00006104
-1.38580189,0.00006104
-1.38548189,0.00006104
-1.38516189,0.00006104
-1.38484189,0.00006104
-1.38452189,0.00006104
-1.38420189,0.00006104
-1.38388189,0.00006104
-1.38356189,0.00006104
-1.38324189,0.00006104
-1.38292189,0.00006104
-1.38260189,0.00006104
-1.38228189,0.00006104
-1.38196189,0.00006104
-1.38164189,0.00006104
-1.38132189,0.00006104
-1.38100189,0.00006104
-1.38068189,0.00006104
-1.38036189,0.00006104
-1.38004189,0.00006104
-1.37972189,0.00006104
-1.37940189,0.00006104
-1.37908189,0.00006104
-1.37876189,0.00006104
-1.37844189,0.00006104
-1.37812189,0.00006104
-1.37780189,0.00006104
-1.37748189,0.00006104
-1.37716189,0.00006104
-1.37684189,-0.01770074
-1.37652189,0.00006104
-1.37620189,0.00006104
-1.37588189,-0.01770074
-1.37556189,0.00006104
-1.37524189,-0.01770074
-1.37492189,0.00006104
-1.37460189,0.00006104
-1.37428189,0.00006104
-1.37396189,0.00006104
-1.37364189,0.00006104
-1.37332189,0.00006104
-1.37300189,0.00006104
-1.37268189,0.00006104
-1.37236189,0.00006104
-1.37204189,0.00006104
-1.37172189,0.00006104
-1.37140189,0.00006104
-1.37108189,0.00006104
-1.37076189,0.00006104
-1.37044189,0.00006104
-1.37012189,0.00006104
-1.36980189,0.00006104
-1.36948189,0.00006104
-1.36916189,0.00006104
-1.36884189,0.00006104
-1.36852189,0.00006104
-1.36820189,0.00006104
-1.36788189,0.00006104
-1.36756189,0.00006104
-1.36724189,0.00006104
-1.36692189,0.00006104
-1.36660189,0.00006104
-1.36628189,0.00006104
-1.36596189,0.00006104
-1.36564189,0.00006104
-1.36532189,0.00006104
-1.36500189,0.00006104
-1.36468189,0.00006104
-1.36436189,0.00006104
-1.36404189,0.00006104
-1.36372189,0.00006104
-1.36340189,0.00006104
-1.36308189,0.00006104
-1.36276189,0.00006104
-1.36244189,0.00006104
-1.36212189,0.00006104
-1.36180189,0.00006104
-1.36148189,0.00006104
-1.36116189,0.00006104
-1.36084189,0.00006104
-1.36052189,0.00006104
-1.36020189,-0.01770074
-1.35988189,0.00006104
-1.35956189,0.00006104
-1.35924189,0.00006104
-1.35892189,0.00006104
-1.35860189,0.00006104
-1.35828189,0.00006104
-1.35796189,0.00006104
-1.35764189,0.00006104
-1.35732189,0.00006104
-1.35700189,0.00006104
-1.35668189,0.00006104
-1.35636189,0.00006104
-1.35604189,0.00006104
-1.35572189,0.00006104
-1.35540189,0.00006104
-1.35508189,0.00006104
-1.35476189,0.00006104
-1.35444189,0.00006104
-1.35412189,0.00006104
-1.35380189,0.00006104
-1.35348189,0.00006104
-1.35316189,0.00006104
-1.35284189,0.00006104
-1.35252189,0.00006104
-1.35220189,0.00006104
-1.35188189,0.00006104
-1.35156189,0.00006104
-1.35124189,0.00006104
-1.35092189,0.00006104
-1.35060189,0.00006104
-1.35028189,0.00006104
-1.34996189,0.00006104
-1.34964189,0.00006104
-1.34932189,0.00006104
-1.34900189,0.00006104
-1.34868189,0.00006104
-1.34836189,0.00006104
-1.34804189,0.00006104
-1.34772189,0.00006104
-1.34740189,0.00006104
-1.34708189,0.00006104
-1.34676189,0.00006104
-1.34644189,0.00006104
-1.34612189,0.00006104
-1.34580189,0.00006104
-1.34548189,0.00006104
-1.34516189,0.00006104
-1.34484189,0.00006104
-1.34452189,0.00006104
-1.34420189,-0.01770074
-1.34388189,0.00006104
-1.34356189,0.00006104
-1.34324189,0.00006104
-1.34292189,0.00006104
-1.34260189,0.00006104
-1.34228189,0.00006104
-1.34196189,0.00006104
-1.34164189,0.00006104
-1.34132189,0.00006104
-1.34100189,0.00006104
-1.34068189,0.00006104
-1.34036189,0.00006104
-1.34004189,0.00006104
-1.33972189,0.00006104
-1.33940189,0.00006104
-1.33908189,0.00006104
-1.33876189,0.00006104
-1.33844189,0.00006104
-1.33812189,0.00006104
-1.33780189,0.00006104
-1.33748189,0.00006104
-1.33716189,0.00006104
-1.33684189,0.00006104
-1.33652189,0.00006104
-1.33620189,0.00006104
-1.33588189,0.00006104
-1.33556189,0.00006104
-1.33524189,0.00006104
-1.33492189,0.00006104
-1.33460189,0.00006104
-1.33428189,0.00006104
-1.33396189,0.00006104
-1.33364189,0.00006104
-1.33332189,-0.01770074
-1.33300189,0.00006104
-1.33268189,0.00006104
-1.33236189,0.00006104
-1.33204189,0.00006104
-1.33172189,0.00006104
-1.33140189,0.00006104
-1.33108189,0.00006104
-1.33076189,0.00006104
-1.33044189,-0.01770074
-1.33012189,-0.01770074
-1.32980189,0.00006104
-1.32948189,0.00006104
-1.32916189,0.00006104
-1.32884189,0.00006104
-1.32852189,0.00006104
-1.32820189,0.00006104
-1.32788189,0.00006104
-1.32756189,0.00006104
-1.32724189,0.00006104
-1.32692189,0.00006104
-1.32660189,0.00006104
-1.32628189,0.00006104
-1.32596189,0.00006104
-1.32564189,0.00006104
-1.32532189,0.00006104
-1.32500189,0.00006104
-1.32468189,0.00006104
-1.32436189,0.00006104
-1.32404189,0.00006104
-1.32372189,0.00006104
-1.32340189,0.00006104
-1.32308189,0.00006104
-1.32276189,0.00006104
-1.32244189,0.00006104
-1.32212189,0.00006104
-1.32180189,0.00006104
-1.32148189,0.00006104
-1.32116189,0.00006104
-1.32084189,0.00006104
-1.32052189,0.00006104
-1.32020189,0.00006104
-1.31988189,0.00006104
-1.31956189,0.00006104
-1.31924189,0.00006104
-1.31892189,0.00006104
-1.31860189,0.00006104
-1.31828189,0.00006104
-1.31796189,0.00006104
-1.31764189,0.00006104
-1.31732189,0.00006104
-1.31700189,0.00006104
-1.31668189,0.00006104
-1.31636189,0.00006104
-1.31604189,0.00006104
-1.31572189,0.00006104
-1.31540189,0.00006104
-1.31508189,0.00006104
-1.31476189,0.00006104
-1.31444189,-0.01770074
-1.31412189,0.00006104
-1.31380189,0.00006104
-1.31348189,0.00006104
-1.31316189,0.00006104
-1.31284189,0.00006104
-1.31252189,0.00006104
-1.31220189,-0.01770074
-1.31188189,0.00006104
-1.31156189,0.00006104
-1.31124189,0.00006104
-1.31092189,0.00006104
-1.31060189,0.00006104
-1.31028189,0.00006104
-1.30996189,0.00006104
-1.30964189,0.00006104
-1.30932189,0.00006104
-1.30900189,0.00006104
-1.30868189,0.00006104
-1.30836189,0.00006104
-1.30804189,0.00006104
-1.30772189,0.00006104
-1.30740189,0.00006104
-1.30708189,0.00006104
-1.30676189,0.00006104
-1.30644189,0.00006104
-1.30612189,0.00006104
-1.30580189,0.00006104
-1.30548189,0.00006104
-1.30516189,0.00006104
-1.30484189,0.00006104
-1.30452189,0.00006104
-1.30420189,0.00006104
-1.30388189,0.00006104
-1.30356189,0.00006104
-1.30324189,0.00006104
-1.30292189,0.00006104
-1.30260189,0.00006104
-1.30228189,0.00006104
-1.30196189,0.00006104
-1.30164189,0.00006104
-1.30132189,0.00006104
-1.30100189,0.00006104
-1.30068189,0.00006104
-1.30036189,0.00006104
-1.30004189,0.00006104
-1.29972189,0.00006104
-1.29940189,0.00006104
-1.29908189,0.00006104
-1.29876189,0.00006104
-1.29844189,0.00006104
-1.29812189,0.00006104
-1.29780189,0.00006104
-1.29748189,0.00006104
-1.29716189,0.00006104
-1.29684189,0.00006104
-1.29652189,0.00006104
-1.29620189,0.00006104
-1.29588189,0.00006104
-1.29556189,0.00006104
-1.29524189,0.00006104
-1.29492189,0.00006104
-1.29460189,0.00006104
-1.29428189,0.00006104
-1.29396189,0.00006104
-1.29364189,0.00006104
-1.29332189,0.00006104
-1.29300189,0.00006104
-1.29268189,0.00006104
-1.29236189,0.00006104
-1.29204189,0.00006104
-1.29172189,0.00006104
-1.29140189,0.00006104
-1.29108189,-0.01770074
-1.29076189,-0.01770074
-1.29044189,0.00006104
-1.29012189,0.00006104
-1.28980189,0.00006104
-1.28948189,0.00006104
-1.28916189,0.00006104
-1.28884189,0.00006104
-1.28852189,0.00006104
-1.28820189,0.00006104
-1.28788189,0.00006104
-1.28756189,0.00006104
-1.28724189,0.00006104
-1.28692189,0.00006104
-1.28660189,0.00006104
-1.28628189,0.00006104
-1.28596189,0.00006104
-1.28564189,0.00006104
-1.28532189,0.00006104
-1.28500189,0.00006104
-1.28468189,0.00006104
-1.28436189,0.00006104
-1.28404189,0.00006104
-1.28372189,0.00006104
-1.28340189,0.00006104
-1.28308189,-0.01770074
-1.28276189,0.00006104
-1.28244189,0.00006104
-1.28212189,0.00006104
-1.28180189,0.00006104
-1.28148189,0.00006104
-1.28116189,0.00006104
-1.28084189,0.00006104
-1.28052189,0.00006104
-1.28020189,-0.01770074
-1.27988189,0.00006104
-1.27956189,0.00006104
-1.27924189,0.00006104
-1.27892189,0.00006104
-1.27860189,0.00006104
-1.27828189,0.00006104
-1.27796189,0.00006104
-1.27764189,0.00006104
-1.27732189,0.00006104
-1.27700189,0.00006104
-1.27668189,0.00006104
-1.27636189,0.00006104
-1.27604189,0.00006104
-1.27572189,0.00006104
-1.27540189,0.00006104
-1.27508189,0.00006104
-1.27476189,0.00006104
-1.27444189,0.00006104
-1.27412189,0.00006104
-1.27380189,0.00006104
-1.27348189,0.00006104
-1.27316189,0.00006104
-1.27284189,0.00006104
-1.27252189,0.00006104
-1.27220189,0.00006104
-1.27188189,0.00006104
-1.27156189,0.00006104
-1.27124189,0.00006104
-1.27092189,0.00006104
-1.27060189,0.00006104
-1.27028189,0.00006104
-1.26996189,0.00006104
-1.26964189,0.00006104
-1.26932189,0.00006104
-1.26900189,0.00006104
-1.26868189,0.00006104
-1.26836189,0.00006104
-1.26804189,0.00006104
-1.26772189,0.00006104
-1.26740189,0.00006104
-1.26708189,0.00006104
-1.26676189,0.00006104
-1.26644189,0.00006104
-1.26612189,0.00006104
-1.26580189,0.00006104
-1.26548189,0.00006104
-1.26516189,0.00006104
-1.26484189,0.00006104
-1.26452189,0.00006104
-1.26420189,0.00006104
-1.26388189,0.00006104
-1.26356189,-0.01770074
-1.26324189,0.00006104
-1.26292189,0.00006104
-1.26260189,0.00006104
-1.26228189,0.00006104
-1.26196189,0.00006104
-1.26164189,0.00006104
-1.26132189,0.00006104
-1.26100189,0.00006104
-1.26068189,0.00006104
-1.26036189,0.00006104
-1.26004189,0.00006104
-1.25972189,0.00006104
-1.25940189,0.00006104
-1.25908189,0.00006104
-1.25876189,0.00006104
-1.25844189,0.00006104
-1.25812189,0.00006104
-1.25780189,0.00006104
-1.25748189,0.00006104
-1.25716189,0.00006104
-1.25684189,0.00006104
-1.25652189,0.00006104
-1.25620189,0.00006104
-1.25588189,0.00006104
-1.25556189,0.00006104
-1.25524189,0.00006104
-1.25492189,0.00006104
-1.25460189,0.00006104
-1.25428189,0.00006104
-1.25396189,0.00006104
-1.25364189,0.00006104
-1.25332189,-0.01770074
-1.25300189,-0.01770074
-1.25268189,0.00006104
-1.25236189,0.00006104
-1.25204189,0.00006104
-1.25172189,0.00006104
-1.25140189,0.00006104
-1.25108189,0.00006104
-1.25076189,0.00006104
-1.25044189,0.00006104
-1.25012189,0.00006104
-1.24980189,0.00006104
-1.24948189,0.00006104
-1.24916189,0.00006104
-1.24884189,0.00006104
-1.24852189,0.00006104
-1.24820189,0.00006104
-1.24788189,0.00006104
-1.24756189,0.00006104
-1.24724189,0.00006104
-1.24692189,0.00006104
-1.24660189,0.00006104
-1.24628189,0.00006104
-1.24596189,0.00006104
-1.24564189,0.00006104
-1.24532189,0.00006104
-1.24500189,0.00006104
-1.24468189,0.00006104
-1.24436189,-0.01770074
-1.24404189,0.00006104
-1.24372189,0.00006104
-1.24340189,-0.01770074
-1.24308189,0.00006104
-1.24276189,0.00006104
-1.24244189,0.00006104
-1.24212189,0.00006104
-1.24180189,0.00006104
-1.24148189,0.00006104
-1.24116189,0.00006104
-1.24084189,0.00006104
-1.24052189,0.00006104
-1.24020189,0.00006104
-1.23988189,0.00006104
-1.23956189,0.00006104
-1.23924189,0.00006104
-1.23892189,0.00006104
-1.23860189,0.00006104
-1.23828189,0.00006104
-1.23796189,0.00006104
-1.23764189,-0.01770074
-1.23732189,0.00006104
-1.23700189,-0.01770074
-1.23668189,0.00006104
-1.23636189,0.00006104
-1.23604189,0.00006104
-1.23572189,0.00006104
-1.23540189,0.00006104
-1.23508189,0.00006104
-1.23476189,0.00006104
-1.23444189,0.00006104
-1.23412189,0.00006104
-1.23380189,0.00006104
-1.23348189,0.00006104
-1.23316189,0.00006104
-1.23284189,0.00006104
-1.23252189,0.00006104
-1.23220189,0.00006104
-1.23188189,0.00006104
-1.23156189,0.00006104
-1.23124189,0.00006104
-1.23092189,0.00006104
-1.23060189,0.00006104
-1.23028189,0.00006104
-1.22996189,0.00006104
-1.22964189,0.00006104
-1.22932189,0.00006104
-1.22900189,0.00006104
-1.22868189,0.00006104
-1.22836189,0.00006104
-1.22804189,0.00006104
-1.22772189,0.00006104
-1.22740189,0.00006104
-1.22708189,0.00006104
-1.22676189,0.00006104
-1.22644189,0.00006104
-1.22612189,0.00006104
-1.22580189,0.00006104
-1.22548189,0.00006104
-1.22516189,0.00006104
-1.22484189,0.00006104
-1.22452189,0.00006104
-1.22420189,0.00006104
-1.22388189,0.00006104
-1.22356189,0.00006104
-1.22324189,0.00006104
-1.22292189,0.00006104
-1.22260189,0.00006104
-1.22228189,0.00006104
-1.22196189,0.00006104
-1.22164189,0.00006104
-1.22132189,0.00006104
-1.22100189,0.00006104
-1.22068189,0.00006104
-1.22036189,0.00006104
-1.22004189,0.00006104
-1.21972189,0.00006104
-1.21940189,0.00006104
-1.21908189,-0.01770074
-1.21876189,-0.01770074
-1.21844189,0.00006104
-1.21812189,0.00006104
-1.21780189,0.00006104
-1.21748189,0.00006104
-1.21716189,0.00006104
-1.21684189,0.00006104
-1.21652189,0.00006104
-1.21620189,0.00006104
-1.21588189,0.00006104
-1.21556189,0.00006104
-1.21524189,0.00006104
-1.21492189,0.00006104
-1.21460189,0.00006104
-1.21428189,0.00006104
-1.21396189,0.00006104
-1.21364189,0.00006104
-1.21332189,0.00006104
-1.21300189,0.00006104
-1.21268189,0.00006104
-1.21236189,0.00006104
-1.21204189,-0.01770074
-1.21172189,0.00006104
-1.21140189,-0.01770074
-1.21108189,0.00006104
-1.21076189,0.00006104
-1.21044189,-0.01770074
-1.21012189,0.00006104
-1.20980189,0.00006104
-1.20948189,0.00006104
-1.20916189,0.00006104
-1.20884189,0.00006104
-1.20852189,0.00006104
-1.20820189,0.00006104
-1.20788189,0.00006104
-1.20756189,0.00006104
-1.20724189,0.00006104
-1.20692189,0.00006104
-1.20660189,-0.01770074
-1.20628189,0.00006104
-1.20596189,0.00006104
-1.20564189,0.00006104
-1.20532189,0.00006104
-1.20500189,0.00006104
-1.20468189,0.00006104
-1.20436189,0.00006104
-1.20404189,0.00006104
-1.20372189,0.00006104
-1.20340189,0.00006104
-1.20308189,-0.01770074
-1.20276189,0.00006104
-1.20244189,0.00006104
-1.20212189,0.00006104
-1.20180189,-0.01770074
-1.20148189,0.00006104
-1.20116189,0.00006104
-1.20084189,0.00006104
-1.20052189,0.00006104
-1.20020189,0.00006104
-1.19988189,0.00006104
-1.19956189,0.00006104
-1.19924189,0.00006104
-1.19892189,0.00006104
-1.19860189,0.00006104
-1.19828189,0.00006104
-1.19796189,0.00006104
-1.19764189,0.00006104
-1.19732189,0.00006104
-1.19700189,0.00006104
-1.19668189,0.00006104
-1.19636189,0.00006104
-1.19604189,0.00006104
-1.19572189,0.00006104
-1.19540189,-0.01770074
-1.19508189,0.00006104
-1.19476189,0.00006104
-1.19444189,-0.01770074
-1.19412189,0.00006104
-1.19380189,0.00006104
-1.19348189,0.00006104
-1.19316189,0.00006104
-1.19284189,0.00006104
-1.19252189,0.00006104
-1.19220189,0.00006104
-1.19188189,0.00006104
-1.19156189,0.00006104
-1.19124189,0.00006104
-1.19092189,0.00006104
-1.19060189,0.00006104
-1.19028189,0.00006104
-1.18996189,0.00006104
-1.18964189,0.00006104
-1.18932189,0.00006104
-1.18900189,0.00006104
-1.18868189,0.00006104
-1.18836189,0.00006104
-1.18804189,0.00006104
-1.18772189,-0.01770074
-1.18740189,0.00006104
-1.18708189,0.00006104
-1.18676189,0.00006104
-1.18644189,0.00006104
-1.18612189,0.00006104
-1.18580189,0.00006104
-1.18548189,0.00006104
-1.18516189,0.00006104
-1.18484189,0.00006104
-1.18452189,0.00006104
-1.18420189,0.00006104
-1.18388189,0.00006104
-1.18356189,0.00006104
-1.18324189,0.00006104
-1.18292189,0.00006104
-1.18260189,0.00006104
-1.18228189,0.00006104
-1.18196189,0.00006104
-1.18164189,-0.01770074
-1.18132189,0.00006104
-1.18100189,0.00006104
-1.18068189,0.00006104
-1.18036189,0.00006104
-1.18004189,0.00006104
-1.17972189,0.00006104
-1.17940189,0.00006104
-1.17908189,0.00006104
-1.17876189,0.00006104
-1.17844189,0.00006104
-1.17812189,0.00006104
-1.17780189,0.00006104
-1.17748189,0.00006104
-1.17716189,0.00006104
-1.17684189,0.00006104
-1.17652189,-0.01770074
-1.17620189,0.00006104
-1.17588189,0.00006104
-1.17556189,0.00006104
-1.17524189,0.00006104
-1.17492189,0.00006104
-1.17460189,0.00006104
-1.17428189,0.00006104
-1.17396189,0.00006104
-1.17364189,0.00006104
-1.17332189,0.00006104
-1.17300189,0.00006104
-1.17268189,0.00006104
-1.17236189,0.00006104
-1.17204189,0.00006104
-1.17172189,0.00006104
-1.17140189,0.00006104
-1.17108189,0.00006104
-1.17076189,0.00006104
-1.17044189,0.00006104
-1.17012189,0.00006104
-1.16980189,0.00006104
-1.16948189,0.00006104
-1.16916189,0.00006104
-1.16884189,0.00006104
-1.16852189,-0.01770074
-1.16820189,0.00006104
-1.16788189,0.00006104
-1.16756189,0.00006104
-1.16724189,0.00006104
-1.16692189,0.00006104
-1.16660189,-0.01770074
-1.16628189,0.00006104
-1.16596189,0.00006104
-1.16564189,0.00006104
-1.16532189,0.00006104
-1.16500189,0.00006104
-1.16468189,0.00006104
-1.16436189,0.00006104
-1.16404189,0.00006104
-1.16372189,-0.01770074
-1.16340189,0.00006104
-1.16308189,0.00006104
-1.16276189,0.00006104
-1.16244189,0.00006104
-1.16212189,0.00006104
-1.16180189,0.00006104
-1.16148189,0.00006104
-1.16116189,0.00006104
-1.16084189,0.00006104
-1.16052189,0.00006104
-1.16020189,0.00006104
-1.15988189,0.00006104
-1.15956189,0.00006104
-1.15924189,0.00006104
-1.15892189,0.00006104
-1.15860189,0.00006104
-1.15828189,0.00006104
-1.15796189,0.00006104
-1.15764189,0.00006104
-1.15732189,0.00006104
-1.15700189,0.00006104
-1.15668189,-0.01770074
-1.15636189,0.00006104
-1.15604189,0.00006104
-1.15572189,0.00006104
-1.15540189,0.00006104
-1.15508189,0.00006104
-1.15476189,0.00006104
-1.15444189,-0.01770074
-1.15412189,0.00006104
-1.15380189,0.00006104
-1.15348189,0.00006104
-1.15316189,0.00006104
-1.15284189,0.00006104
-1.15252189,0.00006104
-1.15220189,0.00006104
-1.15188189,0.00006104
-1.15156189,0.00006104
-1.15124189,0.00006104
-1.15092189,0.00006104
-1.15060189,0.00006104
-1.15028189,0.00006104
-1.14996189,0.00006104
-1.14964189,0.00006104
-1.14932189,0.00006104
-1.14900189,0.00006104
-1.14868189,0.00006104
-1.14836189,0.00006104
-1.14804189,0.00006104
-1.14772189,0.00006104
-1.14740189,0.00006104
-1.14708189,0.00006104
-1.14676189,0.00006104
-1.14644189,0.00006104
-1.14612189,0.00006104
-1.14580189,0.00006104
-1.14548189,0.00006104
-1.14516189,0.00006104
-1.14484189,-0.01770074
-1.14452189,0.00006104
-1.14420189,0.00006104
-1.14388189,0.00006104
-1.14356189,0.00006104
-1.14324189,0.00006104
-1.14292189,0.00006104
-1.14260189,0.00006104
-1.14228189,0.00006104
-1.14196189,0.00006104
-1.14164189,0.00006104
-1.14132189,0.00006104
-1.14100189,0.00006104
-1.14068189,0.00006104
-1.14036189,0.00006104
-1.14004189,0.00006104
-1.13972189,0.00006104
-1.13940189,0.00006104
-1.13908189,0.00006104
-1.13876189,0.00006104
-1.13844189,-0.01770074
-1.13812189,0.00006104
-1.13780189,0.00006104
-1.13748189,0.00006104
-1.13716189,0.00006104
-1.13684189,0.00006104
-1.13652189,0.00006104
-1.13620189,0.00006104
-1.13588189,0.00006104
-1.13556189,0.00006104
-1.13524189,0.00006104
-1.13492189,0.00006104
-1.13460189,0.00006104
-1.13428189,0.00006104
-1.13396189,0.00006104
-1.13364189,0.00006104
-1.13332189,0.00006104
-1.13300189,0.00006104
-1.13268189,0.00006104
-1.13236189,0.00006104
-1.13204189,0.00006104
-1.13172189,0.00006104
-1.13140189,0.00006104
-1.13108189,0.00006104
-1.13076189,0.00006104
-1.13044189,0.00006104
-1.13012189,0.00006104
-1.12980189,0.00006104
-1.12948189,0.00006104
-1.12916189,0.00006104
-1.12884189,0.00006104
-1.12852189,0.00006104
-1.12820189,0.00006104
-1.12788189,0.00006104
-1.12756189,0.00006104
-1.12724189,0.00006104
-1.12692189,0.00006104
-1.12660189,0.00006104
-1.12628189,0.00006104
-1.12596189,0.00006104
-1.12564189,0.00006104
-1.12532189,0.00006104
-1.12500189,0.00006104
-1.12468189,0.00006104
-1.12436189,0.00006104
-1.12404189,0.00006104
-1.12372189,0.00006104
-1.12340189,0.00006104
-1.12308189,0.00006104
-1.12276189,0.00006104
-1.12244189,0.00006104
-1.12212189,-0.01770074
-1.12180189,0.00006104
-1.12148189,0.00006104
-1.12116189,0.00006104
-1.12084189,0.00006104
-1.12052189,0.00006104
-1.12020189,0.00006104
-1.11988189,0.00006104
-1.11956189,0.00006104
-1.11924189,0.00006104
-1.11892189,0.00006104
-1.11860189,0.00006104
-1.11828189,0.00006104
-1.11796189,0.00006104
-1.11764189,0.00006104
-1.11732189,0.00006104
-1.11700189,0.00006104
-1.11668189,0.00006104
-1.11636189,-0.01770074
-1.11604189,0.00006104
-1.11572189,0.00006104
-1.11540189,0.00006104
-1.11508189,0.00006104
-1.11476189,0.00006104
-1.11444189,0.00006104
-1.11412190,0.00006104
-1.11380190,0.00006104
-1.11348190,0.00006104
-1.11316190,0.00006104
-1.11284190,0.00006104
-1.11252190,0.00006104
-1.11220190,0.00006104
-1.11188190,0.00006104
-1.11156190,0.00006104
-1.11124190,0.00006104
-1.11092190,-0.01770074
-1.11060190,0.00006104
-1.11028190,0.00006104
-1.10996190,0.00006104
-1.10964190,0.00006104
-1.10932190,0.00006104
-1.10900190,0.00006104
-1.10868190,-0.01770074
-1.10836190,0.00006104
-1.10804190,0.00006104
-1.10772190,0.00006104
-1.10740190,0.00006104
-1.10708190,0.00006104
-1.10676190,0.00006104
-1.10644190,0.00006104
-1.10612190,0.00006104
-1.10580190,0.00006104
-1.10548190,0.00006104
-1.10516190,0.00006104
-1.10484190,0.00006104
-1.10452190,0.00006104
-1.10420190,0.00006104
-1.10388190,0.00006104
-1.10356190,-0.01770074
-1.10324190,0.00006104
-1.10292190,0.00006104
-1.10260190,0.00006104
-1.10228190,0.01788385
-1.10196190,0.00006104
-1.10164190,0.00006104
-1.10132190,0.00006104
-1.10100190,0.00006104
-1.10068190,0.00006104
-1.10036190,0.00006104
-1.10004190,0.00006104
-1.09972190,0.00006104
-1.09940190,0.00006104
-1.09908190,0.00006104
-1.09876190,0.00006104
-1.09844190,0.00006104
-1.09812190,0.00006104
-1.09780190,0.00006104
-1.09748190,0.00006104
-1.09716190,0.00006104
-1.09684190,0.00006104
-1.09652190,0.00006104
-1.09620190,0.00006104
-1.09588190,0.00006104
-1.09556190,0.00006104
-1.09524190,0.00006104
-1.09492190,0.00006104
-1.09460190,0.00006104
-1.09428190,0.00006104
-1.09396190,0.00006104
-1.09364190,0.00006104
-1.09332190,0.00006104
-1.09300190,0.00006104
-1.09268190,0.00006104
-1.09236190,0.00006104
-1.09204190,0.00006104
-1.09172190,0.00006104
-1.09140190,0.00006104
-1.09108190,-0.01770074
-1.09076190,0.00006104
-1.09044190,0.00006104
-1.09012190,0.00006104
-1.08980190,0.00006104
-1.08948190,0.00006104
-1.08916190,0.00006104
-1.08884190,0.00006104
-1.08852190,0.00006104
-1.08820190,0.00006104
-1.08788190,0.00006104
-1.08756190,0.00006104
-1.08724190,0.00006104
-1.08692190,0.00006104
-1.08660190,-0.01770074
-1.08628190,0.00006104
-1.08596190,0.00006104
-1.08564190,0.00006104
-1.08532190,0.00006104
-1.08500190,0.00006104
-1.08468190,0.00006104
-1.08436190,0.00006104
-1.08404190,-0.01770074
-1.08372190,0.00006104
-1.08340190,0.00006104
-1.08308190,0.00006104
-1.08276190,0.00006104
-1.08244190,0.00006104
-1.08212190,0.00006104
-1.08180190,0.00006104
-1.08148190,0.00006104
-1.08116190,0.00006104
-1.08084190,0.00006104
-1.08052190,0.00006104
-1.08020190,0.00006104
-1.07988190,0.00006104
-1.07956190,0.00006104
-1.07924190,0.00006104
-1.07892190,0.00006104
-1.07860190,0.00006104
-1.07828190,0.00006104
-1.07796190,0.00006104
-1.07764190,0.00006104
-1.07732190,0.00006104
-1.07700190,0.00006104
-1.07668190,0.00006104
-1.07636190,0.00006104
-1.07604190,0.00006104
-1.07572190,0.00006104
-1.07540190,0.00006104
-1.07508190,0.00006104
-1.07476190,0.00006104
-1.07444190,0.00006104
-1.07412190,0.00006104
-1.07380190,0.00006104
-1.07348190,0.00006104
-1.07316190,0.00006104
-1.07284190,0.00006104
-1.07252190,0.00006104
-1.07220190,0.00006104
-1.07188190,0.00006104
-1.07156190,0.00006104
-1.07124190,0.00006104
-1.07092190,0.00006104
-1.07060190,0.00006104
-1.07028190,0.00006104
-1.06996190,0.00006104
-1.06964190,0.00006104
-1.06932190,0.00006104
-1.06900190,0.00006104
-1.06868190,0.00006104
-1.06836190,0.00006104
-1.06804190,0.00006104
-1.06772190,0.00006104
-1.06740190,0.00006104
-1.06708190,0.00006104
-1.06676190,0.00006104
-1.06644190,-0.01770074
-1.06612190,0.00006104
-1.06580190,-0.01770074
-1.06548190,0.00006104
-1.06516190,0.00006104
-1.06484190,0.00006104
-1.06452190,0.00006104
-1.06420190,0.00006104
-1.06388190,0.00006104
-1.06356190,0.00006104
-1.06324190,0.00006104
-1.06292190,0.00006104
-1.06260190,0.00006104
-1.06228190,0.00006104
-1.06196190,0.00006104
-1.06164190,0.00006104
-1.06132190,0.00006104
-1.06100190,0.00006104
-1.06068190,0.00006104
-1.06036190,0.00006104
-1.06004190,0.00006104
-1.05972190,0.00006104
-1.05940190,0.00006104
-1.05908190,0.00006104
-1.05876190,-0.01770074
-1.05844190,0.00006104
-1.05812190,0.00006104
-1.05780190,0.00006104
-1.05748190,0.00006104
-1.05716190,0.00006104
-1.05684190,0.00006104
-1.05652190,0.00006104
-1.05620190,0.00006104
-1.05588190,0.00006104
-1.05556190,0.00006104
-1.05524190,0.00006104
-1.05492190,0.00006104
-1.05460190,0.00006104
-1.05428190,0.00006104
-1.05396190,0.00006104
-1.05364190,0.00006104
-1.05332190,0.00006104
-1.05300190,0.00006104
-1.05268190,0.00006104
-1.05236190,0.00006104
-1.05204190,0.00006104
-1.05172190,0.00006104
-1.05140190,0.00006104
-1.05108190,0.00006104
-1.05076190,0.00006104
-1.05044190,0.00006104
-1.05012190,0.00006104
-1.04980190,0.00006104
-1.04948190,0.00006104
-1.04916190,0.00006104
-1.04884190,-0.01770074
-1.04852190,0.00006104
-1.04820190,0.00006104
-1.04788190,0.00006104
-1.04756190,0.00006104
-1.04724190,0.00006104
-1.04692190,0.00006104
-1.04660190,0.00006104
-1.04628190,0.00006104
-1.04596190,0.00006104
-1.04564190,0.00006104
-1.04532190,0.00006104
-1.04500190,0.00006104
-1.04468190,0.00006104
-1.04436190,0.00006104
-1.04404190,0.00006104
-1.04372190,0.00006104
-1.04340190,0.00006104
-1.04308190,0.00006104
-1.04276190,0.00006104
-1.04244190,0.00006104
-1.04212190,0.00006104
-1.04180190,0.00006104
-1.04148190,0.00006104
-1.04116190,0.00006104
-1.04084190,0.00006104
-1.04052190,0.00006104
-1.04020190,0.00006104
-1.03988190,0.00006104
-1.03956190,0.00006104
-1.03924190,0.00006104
-1.03892190,0.00006104
-1.03860190,0.00006104
-1.03828190,0.00006104
-1.03796190,0.00006104
-1.03764190,0.00006104
-1.03732190,0.00006104
-1.03700190,0.00006104
-1.03668190,0.00006104
-1.03636190,0.00006104
-1.03604190,0.00006104
-1.03572190,0.00006104
-1.03540190,0.00006104
-1.03508190,0.00006104
-1.03476190,0.00006104
-1.03444190,0.00006104
-1.03412190,0.00006104
-1.03380190,0.00006104
-1.03348190,0.00006104
-1.03316190,0.00006104
-1.03284190,0.00006104
-1.03252190,0.00006104
-1.03220190,0.00006104
-1.03188190,0.00006104
-1.03156190,0.00006104
-1.03124190,0.00006104
-1.03092190,0.00006104
-1.03060190,-0.01770074
-1.03028190,0.00006104
-1.02996190,0.00006104
-1.02964190,0.00006104
-1.02932190,0.00006104
-1.02900190,0.00006104
-1.02868190,0.00006104
-1.02836190,0.00006104
-1.02804190,0.00006104
-1.02772190,0.00006104
-1.02740190,0.00006104
-1.02708190,0.00006104
-1.02676190,0.00006104
-1.02644190,0.00006104
-1.02612190,0.00006104
-1.02580190,0.00006104
-1.02548190,0.00006104
-1.02516190,0.00006104
-1.02484190,0.00006104
-1.02452190,0.00006104
-1.02420190,-0.01770074
-1.02388190,0.00006104
-1.02356190,0.00006104
-1.02324190,0.00006104
-1.02292190,0.00006104
-1.02260190,0.00006104
-1.02228190,0.00006104
-1.02196190,0.00006104
-1.02164190,0.00006104
-1.02132190,0.00006104
-1.02100190,0.00006104
-1.02068190,-0.01770074
-1.02036190,0.00006104
-1.02004190,0.00006104
-1.01972190,0.00006104
-1.01940190,0.00006104
-1.01908190,0.00006104
-1.01876190,0.00006104
-1.01844190,0.00006104
-1.01812190,0.00006104
-1.01780190,0.00006104
-1.01748190,0.00006104
-1.01716190,0.00006104
-1.01684190,0.00006104
-1.01652190,0.00006104
-1.01620190,0.00006104
-1.01588190,0.00006104
-1.01556190,0.00006104
-1.01524190,0.00006104
-1.01492190,0.00006104
-1.01460190,0.00006104
-1.01428190,0.00006104
-1.01396190,-0.01770074
-1.01364190,0.00006104
-1.01332190,0.00006104
-1.01300190,0.00006104
-1.01268190,0.00006104
-1.01236190,0.00006104
-1.01204190,0.00006104
-1.01172190,0.00006104
-1.01140190,0.00006104
-1.01108190,0.00006104
-1.01076190,0.00006104
-1.01044190,0.00006104
-1.01012190,0.00006104
-1.00980190,0.00006104
-1.00948190,0.00006104
-1.00916190,0.00006104
-1.00884190,-0.01770074
-1.00852190,0.00006104
-1.00820190,0.00006104
-1.00788190,0.00006104
-1.00756190,0.00006104
-1.00724190,0.00006104
-1.00692190,0.00006104
-1.00660190,0.00006104
-1.00628190,-0.01770074
-1.00596190,0.00006104
-1.00564190,0.00006104
-1.00532190,0.00006104
-1.00500190,0.00006104
-1.00468190,0.00006104
-1.00436190,0.00006104
-1.00404190,1.74449909
-1.00372190,1.31730092
-1.00340190,0.40943632
-1.00308190,-0.05334635
-1.00276190,-0.16010010
-1.00244190,-0.12451552
-1.00212190,-0.05334635
-1.00180190,0.00006104
-1.00148190,-0.01770074
-1.00116190,-0.01770074
-1.00084190,-0.46272165
-1.00052190,-1.17477953
-1.00020190,-∞
-0.99988190,1.45970035
-0.99956190,0.16022217
-0.99924190,-0.12451552
-0.99892190,-0.01770074
-0.99860190,0.01788385
-0.99828190,0.03570665
-0.99796190,0.03570665
-0.99764190,0.00006104
-0.99732190,0.00006104
-0.99700190,0.01788385
-0.99668190,0.01788385
-0.99636190,0.03570665
-0.99604190,0.03570665
-0.99572190,0.01788385
-0.99540190,0.01788385
-0.99508190,0.00006104
-0.99476190,0.01788385
-0.99444190,0.01788385
-0.99412190,0.03570665
-0.99380190,0.05346843
-0.99348190,0.05346843
-0.99316190,0.07129124
-0.99284190,0.07129124
-0.99252190,0.03570665
-0.99220190,0.07129124
-0.99188190,0.03570665
-0.99156190,0.03570665
-0.99124190,0.07129124
-0.99092190,0.08911405
-0.99060190,0.05346843
-0.99028190,0.03570665
-0.98996190,0.03570665
-0.98964190,0.03570665
-0.98932190,0.01788385
-0.98900190,-0.01770074
-0.98868190,-0.01770074
-0.98836190,-0.01770074
-0.98804190,-0.01770074
-0.98772190,0.03570665
-0.98740190,0.00006104
-0.98708190,0.01788385
-0.98676190,0.05346843
-0.98644190,-0.03552354
-0.98612190,0.00006104
-0.98580190,0.01788385
-0.98548190,-0.03552354
-0.98516190,0.03570665
-0.98484190,0.03570665
-0.98452190,0.01788385
-0.98420190,0.03570665
-0.98388190,0.03570665
-0.98356190,0.01788385
-0.98324190,0.01788385
-0.98292190,0.01788385
-0.98260190,0.01788385
-0.98228190,0.01788385
-0.98196190,0.03570665
-0.98164190,0.03570665
-0.98132190,0.00006104
-0.98100190,0.00006104
-0.98068190,0.01788385
-0.98036190,0.00006104
-0.98004190,0.01788385
-0.97972190,0.01788385
-0.97940190,-0.01770074
-0.97908190,0.00006104
-0.97876190,0.01788385
-0.97844190,0.00006104
-0.97812190,0.00006104
-0.97780190,0.03570665
-0.97748190,0.01788385
-0.97716190,0.01788385
-0.97684190,0.01788385
-0.97652190,0.01788385
-0.97620190,0.01788385
-0.97588190,0.01788385
-0.97556190,0.00006104
-0.97524190,0.01788385
-0.97492190,0.01788385
-0.97460190,0.01788385
-0.97428190,0.00006104
-0.97396190,0.00006104
-0.97364190,0.00006104
-0.97332190,0.00006104
-0.97300190,0.00006104
-0.97268190,-0.01770074
-0.97236190,0.00006104
-0.97204190,0.00006104
-0.97172190,0.00006104
-0.97140190,0.00006104
-0.97108190,0.01788385
-0.97076190,0.01788385
-0.97044190,0.01788385
-0.97012190,0.01788385
-0.96980190,0.00006104
-0.96948190,0.01788385
-0.96916190,0.01788385
-0.96884190,0.01788385
-0.96852190,0.01788385
-0.96820190,0.01788385
-0.96788190,0.00006104
-0.96756190,0.00006104
-0.96724190,0.00006104
-0.96692190,0.00006104
-0.96660190,0.00006104
-0.96628190,0.00006104
-0.96596190,0.00006104
-0.96564190,0.00006104
-0.96532190,0.00006104
-0.96500190,0.00006104
-0.96468190,0.01788385
-0.96436190,0.00006104
-0.96404190,0.00006104
-0.96372190,0.01788385
-0.96340190,0.00006104
-0.96308190,0.00006104
-0.96276190,0.00006104
-0.96244190,0.00006104
-0.96212190,0.00006104
-0.96180190,0.00006104
-0.96148190,-0.01770074
-0.96116190,0.00006104
-0.96084190,0.00006104
-0.96052190,0.00006104
-0.96020190,0.00006104
-0.95988190,0.00006104
-0.95956190,0.00006104
-0.95924190,0.01788385
-0.95892190,0.00006104
-0.95860190,0.00006104
-0.95828190,0.01788385
-0.95796190,0.00006104
-0.95764190,0.00006104
-0.95732190,0.00006104
-0.95700190,0.00006104
-0.95668190,0.00006104
-0.95636190,0.00006104
-0.95604190,0.00006104
-0.95572190,0.00006104
-0.95540190,0.00006104
-0.95508190,0.00006104
-0.95476190,0.00006104
-0.95444190,0.00006104
-0.95412190,0.00006104
-0.95380190,0.00006104
-0.95348190,0.00006104
-0.95316190,0.00006104
-0.95284190,0.00006104
-0.95252190,0.00006104
-0.95220190,0.00006104
-0.95188190,0.00006104
-0.95156190,0.00006104
-0.95124190,0.00006104
-0.95092190,0.00006104
-0.95060190,0.00006104
-0.95028190,0.00006104
-0.94996190,0.00006104
-0.94964190,0.01788385
-0.94932190,0.00006104
-0.94900190,0.00006104
-0.94868190,0.00006104
-0.94836190,0.00006104
-0.94804190,0.00006104
-0.94772190,0.00006104
-0.94740190,0.00006104
-0.94708190,0.00006104
-0.94676190,0.00006104
-0.94644190,0.00006104
-0.94612190,0.00006104
-0.94580190,0.00006104
-0.94548190,-0.01770074
-0.94516190,0.00006104
-0.94484190,0.00006104
-0.94452190,0.00006104
-0.94420190,0.00006104
-0.94388190,0.00006104
-0.94356190,0.00006104
-0.94324190,0.00006104
-0.94292190,0.00006104
-0.94260190,0.00006104
-0.94228190,0.00006104
-0.94196190,0.00006104
-0.94164190,0.00006104
-0.94132190,0.00006104
-0.94100190,0.00006104
-0.94068190,0.00006104
-0.94036190,0.00006104
-0.94004190,0.00006104
-0.93972190,0.00006104
-0.93940190,0.00006104
-0.93908190,0.00006104
-0.93876190,0.00006104
-0.93844190,0.00006104
-0.93812190,0.00006104
-0.93780190,0.00006104
-0.93748190,0.00006104
-0.93716190,0.00006104
-0.93684190,0.00006104
-0.93652190,0.00006104
-0.93620190,0.00006104
-0.93588190,0.00006104
-0.93556190,0.00006104
-0.93524190,0.00006104
-0.93492190,0.00006104
-0.93460190,0.00006104
-0.93428190,0.00006104
-0.93396190,0.00006104
-0.93364190,0.00006104
-0.93332190,0.00006104
-0.93300190,0.00006104
-0.93268190,0.00006104
-0.93236190,0.00006104
-0.93204190,0.00006104
-0.93172190,0.00006104
-0.93140190,0.00006104
-0.93108190,0.00006104
-0.93076190,0.00006104
-0.93044190,-0.01770074
-0.93012190,0.00006104
-0.92980190,0.00006104
-0.92948190,0.00006104
-0.92916190,0.00006104
-0.92884190,0.00006104
-0.92852190,0.00006104
-0.92820190,0.00006104
-0.92788190,0.00006104
-0.92756190,0.00006104
-0.92724190,0.00006104
-0.92692190,0.00006104
-0.92660190,0.00006104
-0.92628190,0.00006104
-0.92596190,0.00006104
-0.92564190,0.00006104
-0.92532190,0.00006104
-0.92500190,0.00006104
-0.92468190,0.00006104
-0.92436190,0.00006104
-0.92404190,0.00006104
-0.92372190,0.00006104
-0.92340190,0.00006104
-0.92308190,0.00006104
-0.92276190,0.00006104
-0.92244190,0.00006104
-0.92212190,0.00006104
-0.92180190,0.00006104
-0.92148190,0.00006104
-0.92116190,0.00006104
-0.92084190,0.00006104
-0.92052190,0.00006104
-0.92020190,0.00006104
-0.91988190,0.00006104
-0.91956190,0.00006104
-0.91924190,0.00006104
-0.91892190,0.00006104
-0.91860190,0.00006104
-0.91828190,0.00006104
-0.91796190,0.00006104
-0.91764190,0.00006104
-0.91732190,0.00006104
-0.91700190,0.00006104
-0.91668190,0.00006104
-0.91636190,0.00006104
-0.91604190,0.00006104
-0.91572190,0.00006104
-0.91540190,0.00006104
-0.91508190,0.00006104
-0.91476190,0.00006104
-0.91444190,0.00006104
-0.91412190,0.00006104
-0.91380190,0.00006104
-0.91348190,0.00006104
-0.91316190,0.00006104
-0.91284190,0.00006104
-0.91252190,0.00006104
-0.91220190,0.00006104
-0.91188190,0.00006104
-0.91156190,0.00006104
-0.91124190,-0.01770074
-0.91092190,0.00006104
-0.91060190,0.00006104
-0.91028190,0.00006104
-0.90996190,0.00006104
-0.90964190,0.00006104
-0.90932190,0.00006104
-0.90900190,0.00006104
-0.90868190,0.00006104
-0.90836190,0.00006104
-0.90804190,0.00006104
-0.90772190,0.00006104
-0.90740190,0.00006104
-0.90708190,0.00006104
-0.90676190,0.00006104
-0.90644190,0.00006104
-0.90612190,0.00006104
-0.90580190,0.00006104
-0.90548190,0.00006104
-0.90516190,0.00006104
-0.90484190,0.00006104
-0.90452190,0.00006104
-0.90420190,0.00006104
-0.90388190,0.00006104
-0.90356190,0.00006104
-0.90324190,0.00006104
-0.90292190,0.00006104
-0.90260190,0.00006104
-0.90228190,0.00006104
-0.90196190,0.00006104
-0.90164190,0.00006104
-0.90132190,0.00006104
-0.90100190,0.00006104
-0.90068190,0.00006104
-0.90036190,0.00006104
-0.90004190,0.00006104
-0.89972190,0.00006104
-0.89940190,-0.01770074
-0.89908190,0.00006104
-0.89876190,0.00006104
-0.89844190,0.00006104
-0.89812190,0.00006104
-0.89780190,0.00006104
-0.89748190,0.00006104
-0.89716190,0.00006104
-0.89684190,0.00006104
-0.89652190,0.00006104
-0.89620190,0.00006104
-0.89588190,0.00006104
-0.89556190,0.00006104
-0.89524190,0.00006104
-0.89492190,0.00006104
-0.89460190,0.00006104
-0.89428190,0.00006104
-0.89396190,0.00006104
-0.89364190,0.00006104
-0.89332190,0.00006104
-0.89300190,0.00006104
-0.89268190,-0.01770074
-0.89236190,0.00006104
-0.89204190,0.00006104
-0.89172190,0.00006104
-0.89140190,0.00006104
-0.89108190,0.00006104
-0.89076190,0.00006104
-0.89044190,0.00006104
-0.89012190,0.00006104
-0.88980190,0.00006104
-0.88948190,0.00006104
-0.88916190,0.00006104
-0.88884190,0.00006104
-0.88852190,0.00006104
-0.88820190,0.00006104
-0.88788190,0.00006104
-0.88756190,0.00006104
-0.88724190,0.00006104
-0.88692190,0.00006104
-0.88660190,0.00006104
-0.88628190,0.00006104
-0.88596190,0.00006104
-0.88564190,0.00006104
-0.88532190,0.00006104
-0.88500190,0.00006104
-0.88468190,0.00006104
-0.88436190,0.00006104
-0.88404190,0.00006104
-0.88372190,0.00006104
-0.88340190,0.00006104
-0.88308190,-0.01770074
-0.88276190,0.00006104
-0.88244190,0.00006104
-0.88212190,0.00006104
-0.88180190,0.00006104
-0.88148190,0.00006104
-0.88116190,0.00006104
-0.88084190,0.00006104
-0.88052190,0.00006104
-0.88020190,0.00006104
-0.87988190,0.00006104
-0.87956190,0.00006104
-0.87924190,0.00006104
-0.87892190,0.00006104
-0.87860190,0.00006104
-0.87828190,0.00006104
-0.87796190,0.00006104
-0.87764190,0.00006104
-0.87732190,0.00006104
-0.87700190,0.00006104
-0.87668190,0.00006104
-0.87636190,0.00006104
-0.87604190,0.00006104
-0.87572190,0.00006104
-0.87540190,0.00006104
-0.87508190,0.00006104
-0.87476190,0.00006104
-0.87444190,0.00006104
-0.87412190,0.00006104
-0.87380190,-0.01770074
-0.87348190,0.00006104
-0.87316190,0.00006104
-0.87284190,0.00006104
-0.87252190,-0.01770074
-0.87220190,0.00006104
-0.87188190,0.00006104
-0.87156190,0.00006104
-0.87124190,0.00006104
-0.87092190,0.00006104
-0.87060190,0.00006104
-0.87028190,0.00006104
-0.86996190,0.00006104
-0.86964190,0.00006104
-0.86932190,0.00006104
-0.86900190,0.00006104
-0.86868190,0.00006104
-0.86836190,0.00006104
-0.86804190,0.00006104
-0.86772190,0.00006104
-0.86740190,0.00006104
-0.86708190,-0.01770074
-0.86676190,-0.01770074
-0.86644190,0.00006104
-0.86612190,0.00006104
-0.86580190,0.00006104
-0.86548190,0.00006104
-0.86516190,0.00006104
-0.86484190,0.00006104
-0.86452190,0.00006104
-0.86420190,0.00006104
-0.86388190,0.00006104
-0.86356190,0.00006104
-0.86324190,0.00006104
-0.86292190,0.00006104
-0.86260190,0.00006104
-0.86228190,0.00006104
-0.86196190,0.00006104
-0.86164190,0.00006104
-0.86132190,0.00006104
-0.86100190,0.00006104
-0.86068190,0.00006104
-0.86036190,0.00006104
-0.86004190,0.00006104
-0.85972190,0.00006104
-0.85940190,0.00006104
-0.85908190,0.00006104
-0.85876190,0.00006104
-0.85844190,0.00006104
-0.85812190,0.00006104
-0.85780190,0.00006104
-0.85748190,0.00006104
-0.85716190,0.00006104
-0.85684190,0.00006104
-0.85652190,0.00006104
-0.85620190,0.00006104
-0.85588190,0.00006104
-0.85556190,0.00006104
-0.85524190,0.00006104
-0.85492190,0.00006104
-0.85460190,0.00006104
-0.85428190,0.00006104
-0.85396190,0.00006104
-0.85364190,0.00006104
-0.85332190,0.00006104
-0.85300190,0.00006104
-0.85268190,0.00006104
-0.85236190,0.00006104
-0.85204190,0.00006104
-0.85172190,0.00006104
-0.85140190,0.00006104
-0.85108190,0.00006104
-0.85076190,0.00006104
-0.85044190,0.00006104
-0.85012190,0.00006104
-0.84980190,0.00006104
-0.84948190,-0.01770074
-0.84916190,0.00006104
-0.84884190,0.00006104
-0.84852190,0.00006104
-0.84820190,0.00006104
-0.84788190,0.00006104
-0.84756190,0.00006104
-0.84724190,0.00006104
-0.84692190,0.00006104
-0.84660190,0.00006104
-0.84628190,0.00006104
-0.84596190,0.00006104
-0.84564190,0.00006104
-0.84532190,0.00006104
-0.84500190,0.00006104
-0.84468190,0.00006104
-0.84436190,0.00006104
-0.84404190,-0.01770074
-0.84372190,0.00006104
-0.84340190,0.00006104
-0.84308190,0.00006104
-0.84276190,0.00006104
-0.84244190,0.00006104
-0.84212190,0.00006104
-0.84180190,0.00006104
-0.84148190,0.00006104
-0.84116190,0.00006104
-0.84084190,0.00006104
-0.84052190,0.00006104
-0.84020190,0.00006104
-0.83988190,0.00006104
-0.83956190,0.00006104
-0.83924190,0.00006104
-0.83892190,0.00006104
-0.83860190,0.00006104
-0.83828190,0.00006104
-0.83796190,0.00006104
-0.83764190,0.00006104
-0.83732190,0.00006104
-0.83700190,0.00006104
-0.83668190,0.00006104
-0.83636190,0.00006104
-0.83604190,0.00006104
-0.83572190,0.00006104
-0.83540190,0.00006104
-0.83508190,0.00006104
-0.83476190,0.00006104
-0.83444190,0.00006104
-0.83412190,0.00006104
-0.83380190,0.00006104
-0.83348190,0.00006104
-0.83316190,0.00006104
-0.83284190,0.00006104
-0.83252190,0.00006104
-0.83220190,0.00006104
-0.83188190,0.00006104
-0.83156190,0.00006104
-0.83124190,0.00006104
-0.83092190,-0.01770074
-0.83060190,0.00006104
-0.83028190,0.00006104
-0.82996190,0.00006104
-0.82964190,0.00006104
-0.82932190,0.00006104
-0.82900190,0.00006104
-0.82868190,0.00006104
-0.82836190,0.00006104
-0.82804190,0.00006104
-0.82772190,0.00006104
-0.82740190,0.00006104
-0.82708190,0.00006104
-0.82676190,0.00006104
-0.82644190,0.00006104
-0.82612190,0.00006104
-0.82580190,0.00006104
-0.82548190,-0.01770074
-0.82516190,0.00006104
-0.82484190,0.00006104
-0.82452190,0.00006104
-0.82420190,0.00006104
-0.82388190,0.00006104
-0.82356190,0.00006104
-0.82324190,0.00006104
-0.82292190,0.00006104
-0.82260190,0.00006104
-0.82228190,0.00006104
-0.82196190,0.00006104
-0.82164190,0.00006104
-0.82132190,0.00006104
-0.82100190,0.00006104
-0.82068190,0.00006104
-0.82036190,0.00006104
-0.82004190,0.00006104
-0.81972190,0.00006104
-0.81940190,0.00006104
-0.81908190,0.00006104
-0.81876190,0.00006104
-0.81844190,0.00006104
-0.81812190,0.00006104
-0.81780190,0.00006104
-0.81748190,0.00006104
-0.81716190,0.00006104
-0.81684190,0.00006104
-0.81652190,0.00006104
-0.81620190,0.00006104
-0.81588190,0.00006104
-0.81556190,-0.01770074
-0.81524190,0.00006104
-0.81492190,0.00006104
-0.81460190,0.00006104
-0.81428190,0.00006104
-0.81396190,0.00006104
-0.81364190,0.00006104
-0.81332190,0.00006104
-0.81300190,0.00006104
-0.81268190,0.00006104
-0.81236190,0.00006104
-0.81204190,0.00006104
-0.81172190,0.00006104
-0.81140190,0.00006104
-0.81108190,0.00006104
-0.81076190,0.00006104
-0.81044190,0.00006104
-0.81012190,-0.01770074
-0.80980190,0.00006104
-0.80948190,0.00006104
-0.80916190,0.00006104
-0.80884190,0.00006104
-0.80852190,0.00006104
-0.80820190,0.00006104
-0.80788190,0.00006104
-0.80756190,0.00006104
-0.80724190,0.00006104
-0.80692190,0.00006104
-0.80660190,0.00006104
-0.80628190,0.00006104
-0.80596190,0.00006104
-0.80564190,0.00006104
-0.80532190,0.00006104
-0.80500190,0.00006104
-0.80468190,0.00006104
-0.80436190,0.00006104
-0.80404190,0.00006104
-0.80372190,0.00006104
-0.80340190,0.00006104
-0.80308190,0.00006104
-0.80276190,0.00006104
-0.80244190,0.00006104
-0.80212190,0.00006104
-0.80180190,0.00006104
-0.80148190,0.00006104
-0.80116190,0.00006104
-0.80084190,0.00006104
-0.80052190,0.00006104
-0.80020190,-0.01770074
-0.79988190,0.00006104
-0.79956190,0.00006104
-0.79924190,0.00006104
-0.79892190,-0.01770074
-0.79860190,0.00006104
-0.79828190,0.00006104
-0.79796190,0.00006104
-0.79764190,0.00006104
-0.79732190,0.00006104
-0.79700190,0.00006104
-0.79668190,0.00006104
-0.79636190,0.00006104
-0.79604190,-0.01770074
-0.79572190,0.00006104
-0.79540190,0.00006104
-0.79508190,0.00006104
-0.79476190,0.00006104
-0.79444190,0.00006104
-0.79412190,0.00006104
-0.79380190,0.00006104
-0.79348190,0.00006104
-0.79316190,0.00006104
-0.79284190,0.00006104
-0.79252190,0.00006104
-0.79220190,0.00006104
-0.79188190,0.00006104
-0.79156190,0.00006104
-0.79124190,0.00006104
-0.79092190,0.00006104
-0.79060190,0.00006104
-0.79028190,0.00006104
-0.78996190,0.00006104
-0.78964190,0.00006104
-0.78932190,0.00006104
-0.78900190,0.00006104
-0.78868190,0.00006104
-0.78836190,0.00006104
-0.78804190,0.00006104
-0.78772190,0.00006104
-0.78740190,0.00006104
-0.78708190,0.00006104
-0.78676190,0.00006104
-0.78644190,0.00006104
-0.78612190,-0.01770074
-0.78580190,0.00006104
-0.78548190,0.00006104
-0.78516190,0.00006104
-0.78484190,0.00006104
-0.78452190,0.00006104
-0.78420190,0.00006104
-0.78388190,0.00006104
-0.78356190,0.00006104
-0.78324190,0.00006104
-0.78292190,0.00006104
-0.78260190,0.00006104
-0.78228190,0.00006104
-0.78196190,0.00006104
-0.78164190,0.00006104
-0.78132190,0.00006104
-0.78100190,0.00006104
-0.78068190,0.00006104
-0.78036190,0.00006104
-0.78004190,0.00006104
-0.77972190,0.00006104
-0.77940190,0.00006104
-0.77908190,0.00006104
-0.77876190,0.00006104
-0.77844190,0.00006104
-0.77812190,0.00006104
-0.77780190,0.00006104
-0.77748190,0.00006104
-0.77716190,0.00006104
-0.77684190,0.00006104
-0.77652190,0.00006104
-0.77620190,0.00006104
-0.77588190,0.00006104
-0.77556190,0.00006104
-0.77524190,0.00006104
-0.77492190,0.00006104
-0.77460190,0.00006104
-0.77428190,0.00006104
-0.77396190,0.00006104
-0.77364190,0.00006104
-0.77332190,0.00006104
-0.77300190,-0.01770074
-0.77268190,0.00006104
-0.77236190,0.00006104
-0.77204190,0.00006104
-0.77172190,0.00006104
-0.77140190,0.00006104
-0.77108190,0.00006104
-0.77076190,0.00006104
-0.77044190,0.00006104
-0.77012190,0.00006104
-0.76980190,0.00006104
-0.76948190,0.00006104
-0.76916190,0.00006104
-0.76884190,0.00006104
-0.76852190,0.00006104
-0.76820190,0.00006104
-0.76788190,0.00006104
-0.76756190,0.00006104
-0.76724190,0.00006104
-0.76692190,0.00006104
-0.76660190,0.00006104
-0.76628190,0.00006104
-0.76596190,0.00006104
-0.76564190,0.00006104
-0.76532190,0.00006104
-0.76500190,-0.01770074
-0.76468190,0.00006104
-0.76436190,0.00006104
-0.76404190,0.00006104
-0.76372190,0.00006104
-0.76340190,-0.01770074
-0.76308190,0.00006104
-0.76276190,0.00006104
-0.76244190,0.00006104
-0.76212190,0.00006104
-0.76180190,0.00006104
-0.76148190,0.00006104
-0.76116190,0.00006104
-0.76084190,0.00006104
-0.76052190,0.00006104
-0.76020190,0.00006104
-0.75988190,0.00006104
-0.75956190,0.00006104
-0.75924190,0.00006104
-0.75892190,0.00006104
-0.75860190,0.00006104
-0.75828190,0.00006104
-0.75796190,0.00006104
-0.75764190,0.00006104
-0.75732190,0.00006104
-0.75700190,0.00006104
-0.75668190,0.00006104
-0.75636190,0.00006104
-0.75604190,0.00006104
-0.75572190,0.00006104
-0.75540190,0.00006104
-0.75508190,0.00006104
-0.75476190,0.00006104
-0.75444190,0.00006104
-0.75412190,0.00006104
-0.75380190,0.00006104
-0.75348190,0.00006104
-0.75316190,0.00006104
-0.75284190,0.00006104
-0.75252190,0.00006104
-0.75220190,0.00006104
-0.75188190,0.00006104
-0.75156190,0.00006104
-0.75124190,0.00006104
-0.75092190,0.00006104
-0.75060190,0.00006104
-0.75028190,0.00006104
-0.74996190,0.00006104
-0.74964190,0.00006104
-0.74932190,0.00006104
-0.74900190,0.00006104
-0.74868190,0.00006104
-0.74836190,0.00006104
-0.74804190,0.00006104
-0.74772190,0.00006104
-0.74740190,0.00006104
-0.74708190,0.00006104
-0.74676190,-0.01770074
-0.74644190,0.00006104
-0.74612190,0.00006104
-0.74580190,0.00006104
-0.74548190,0.00006104
-0.74516190,-0.01770074
-0.74484190,0.00006104
-0.74452190,0.00006104
-0.74420190,0.00006104
-0.74388190,0.00006104
-0.74356190,0.00006104
-0.74324190,0.00006104
-0.74292190,0.00006104
-0.74260190,0.00006104
-0.74228190,0.00006104
-0.74196190,0.00006104
-0.74164190,0.00006104
-0.74132190,0.00006104
-0.74100190,0.00006104
-0.74068190,0.00006104
-0.74036190,0.00006104
-0.74004190,0.00006104
-0.73972190,0.00006104
-0.73940190,0.00006104
-0.73908190,0.00006104
-0.73876190,0.00006104
-0.73844190,0.00006104
-0.73812190,0.00006104
-0.73780190,0.00006104
-0.73748190,0.00006104
-0.73716190,0.00006104
-0.73684190,0.00006104
-0.73652190,0.00006104
-0.73620190,0.00006104
-0.73588190,0.00006104
-0.73556190,-0.01770074
-0.73524190,0.00006104
-0.73492190,-0.01770074
-0.73460190,0.00006104
-0.73428190,0.00006104
-0.73396190,0.00006104
-0.73364190,0.00006104
-0.73332190,0.00006104
-0.73300190,0.00006104
-0.73268190,0.00006104
-0.73236190,0.00006104
-0.73204190,0.00006104
-0.73172190,0.00006104
-0.73140190,0.00006104
-0.73108190,0.00006104
-0.73076190,0.00006104
-0.73044190,0.00006104
-0.73012190,0.00006104
-0.72980190,0.00006104
-0.72948190,0.00006104
-0.72916190,0.00006104
-0.72884190,-0.01770074
-0.72852190,0.00006104
-0.72820190,-0.01770074
-0.72788190,0.00006104
-0.72756190,0.00006104
-0.72724190,0.00006104
-0.72692190,0.00006104
-0.72660190,0.00006104
-0.72628190,0.00006104
-0.72596190,0.00006104
-0.72564190,0.00006104
-0.72532190,0.00006104
-0.72500190,0.00006104
-0.72468190,0.00006104
-0.72436190,0.00006104
-0.72404190,0.00006104
-0.72372190,0.00006104
-0.72340190,0.00006104
-0.72308190,0.00006104
-0.72276190,0.00006104
-0.72244190,0.00006104
-0.72212190,0.00006104
-0.72180190,0.00006104
-0.72148190,0.00006104
-0.72116190,0.00006104
-0.72084190,0.00006104
-0.72052190,0.00006104
-0.72020190,0.00006104
-0.71988190,0.00006104
-0.71956190,0.00006104
-0.71924190,-0.01770074
-0.71892190,0.00006104
-0.71860190,0.00006104
-0.71828190,0.00006104
-0.71796190,0.00006104
-0.71764190,0.00006104
-0.71732190,0.00006104
-0.71700190,0.00006104
-0.71668190,0.00006104
-0.71636190,0.00006104
-0.71604190,0.00006104
-0.71572190,0.00006104
-0.71540190,0.00006104
-0.71508190,0.00006104
-0.71476190,0.00006104
-0.71444190,0.00006104
-0.71412190,0.00006104
-0.71380190,0.00006104
-0.71348190,0.00006104
-0.71316190,0.00006104
-0.71284190,0.00006104
-0.71252190,0.00006104
-0.71220190,0.00006104
-0.71188190,-0.01770074
-0.71156190,0.00006104
-0.71124190,0.00006104
-0.71092190,0.00006104
-0.71060190,0.00006104
-0.71028190,0.00006104
-0.70996190,0.00006104
-0.70964190,0.00006104
-0.70932190,0.00006104
-0.70900190,0.00006104
-0.70868190,0.00006104
-0.70836190,0.00006104
-0.70804190,0.00006104
-0.70772190,0.00006104
-0.70740190,0.00006104
-0.70708190,0.00006104
-0.70676190,0.00006104
-0.70644190,0.00006104
-0.70612190,0.00006104
-0.70580190,0.00006104
-0.70548190,0.00006104
-0.70516190,0.00006104
-0.70484190,0.00006104
-0.70452190,0.00006104
-0.70420190,0.00006104
-0.70388190,0.00006104
-0.70356190,0.00006104
-0.70324190,-0.01770074
-0.70292190,0.00006104
-0.70260190,0.00006104
-0.70228190,0.00006104
-0.70196190,0.00006104
-0.70164190,0.00006104
-0.70132190,0.00006104
-0.70100190,0.00006104
-0.70068190,0.00006104
-0.70036190,0.00006104
-0.70004190,0.00006104
-0.69972190,0.00006104
-0.69940190,0.00006104
-0.69908190,0.00006104
-0.69876190,0.00006104
-0.69844190,0.00006104
-0.69812190,0.00006104
-0.69780190,0.00006104
-0.69748190,0.00006104
-0.69716190,0.00006104
-0.69684190,0.00006104
-0.69652190,0.00006104
-0.69620190,0.00006104
-0.69588190,0.00006104
-0.69556190,0.00006104
-0.69524190,0.00006104
-0.69492190,0.00006104
-0.69460190,-0.01770074
-0.69428190,0.00006104
-0.69396190,0.00006104
-0.69364190,0.00006104
-0.69332190,0.00006104
-0.69300190,-0.01770074
-0.69268190,0.00006104
-0.69236190,0.00006104
-0.69204190,0.00006104
-0.69172190,0.00006104
-0.69140190,0.00006104
-0.69108190,0.00006104
-0.69076190,0.00006104
-0.69044190,0.00006104
-0.69012190,0.00006104
-0.68980190,0.00006104
-0.68948190,0.00006104
-0.68916190,0.00006104
-0.68884190,0.00006104
-0.68852190,0.00006104
-0.68820190,0.00006104
-0.68788190,0.00006104
-0.68756190,0.00006104
-0.68724190,0.00006104
-0.68692190,0.00006104
-0.68660190,0.00006104
-0.68628190,0.00006104
-0.68596190,0.00006104
-0.68564190,0.00006104
-0.68532190,0.00006104
-0.68500190,0.00006104
-0.68468190,0.00006104
-0.68436190,0.00006104
-0.68404190,0.00006104
-0.68372190,0.00006104
-0.68340190,0.00006104
-0.68308190,0.00006104
-0.68276190,0.00006104
-0.68244190,0.00006104
-0.68212190,0.00006104
-0.68180190,0.00006104
-0.68148190,0.00006104
-0.68116190,0.00006104
-0.68084190,0.00006104
-0.68052190,0.00006104
-0.68020190,0.00006104
-0.67988190,0.00006104
-0.67956190,0.00006104
-0.67924190,0.00006104
-0.67892190,0.00006104
-0.67860190,0.00006104
-0.67828190,0.00006104
-0.67796190,0.00006104
-0.67764190,0.00006104
-0.67732190,0.00006104
-0.67700190,0.00006104
-0.67668190,0.00006104
-0.67636190,0.00006104
-0.67604190,0.00006104
-0.67572190,0.00006104
-0.67540190,0.00006104
-0.67508190,0.00006104
-0.67476190,0.00006104
-0.67444190,0.00006104
-0.67412190,0.00006104
-0.67380190,0.00006104
-0.67348190,0.00006104
-0.67316190,0.00006104
-0.67284190,0.00006104
-0.67252190,0.00006104
-0.67220190,0.00006104
-0.67188190,0.00006104
-0.67156190,0.00006104
-0.67124190,0.00006104
-0.67092190,0.00006104
-0.67060190,0.00006104
-0.67028190,0.00006104
-0.66996190,0.00006104
-0.66964190,0.00006104
-0.66932190,0.00006104
-0.66900190,0.00006104
-0.66868190,0.00006104
-0.66836190,0.00006104
-0.66804190,0.00006104
-0.66772190,-0.01770074
-0.66740190,0.00006104
-0.66708190,-0.01770074
-0.66676190,0.00006104
-0.66644190,0.00006104
-0.66612190,0.00006104
-0.66580190,0.00006104
-0.66548190,0.00006104
-0.66516190,0.00006104
-0.66484190,0.00006104
-0.66452190,0.00006104
-0.66420190,0.00006104
-0.66388190,0.00006104
-0.66356190,0.00006104
-0.66324190,0.00006104
-0.66292190,0.00006104
-0.66260190,0.00006104
-0.66228190,0.00006104
-0.66196190,0.00006104
-0.66164190,0.00006104
-0.66132190,0.00006104
-0.66100190,0.00006104
-0.66068190,0.00006104
-0.66036190,0.00006104
-0.66004190,0.00006104
-0.65972190,0.00006104
-0.65940190,0.00006104
-0.65908190,0.00006104
-0.65876190,0.00006104
-0.65844190,0.00006104
-0.65812190,0.00006104
-0.65780190,0.00006104
-0.65748190,0.00006104
-0.65716190,0.00006104
-0.65684190,0.00006104
-0.65652190,0.00006104
-0.65620190,0.00006104
-0.65588190,0.00006104
-0.65556190,0.00006104
-0.65524190,0.00006104
-0.65492190,0.00006104
-0.65460190,0.00006104
-0.65428190,0.00006104
-0.65396190,0.00006104
-0.65364190,0.00006104
-0.65332190,0.00006104
-0.65300190,0.00006104
-0.65268190,0.00006104
-0.65236190,0.00006104
-0.65204190,0.00006104
-0.65172190,0.00006104
-0.65140190,0.00006104
-0.65108190,0.00006104
-0.65076190,0.00006104
-0.65044190,0.00006104
-0.65012190,0.00006104
-0.64980190,0.00006104
-0.64948190,0.00006104
-0.64916190,0.00006104
-0.64884190,0.00006104
-0.64852190,0.00006104
-0.64820190,0.00006104
-0.64788190,0.00006104
-0.64756190,0.00006104
-0.64724190,0.00006104
-0.64692190,0.00006104
-0.64660190,0.00006104
-0.64628190,0.00006104
-0.64596190,0.00006104
-0.64564190,0.00006104
-0.64532190,0.00006104
-0.64500190,0.00006104
-0.64468190,0.00006104
-0.64436190,0.00006104
-0.64404190,0.00006104
-0.64372190,0.00006104
-0.64340190,0.00006104
-0.64308190,0.00006104
-0.64276190,0.00006104
-0.64244190,0.00006104
-0.64212190,0.00006104
-0.64180190,0.00006104
-0.64148190,0.00006104
-0.64116190,0.00006104
-0.64084190,0.00006104
-0.64052190,0.00006104
-0.64020190,0.00006104
-0.63988190,0.00006104
-0.63956190,0.00006104
-0.63924190,0.00006104
-0.63892190,0.00006104
-0.63860190,0.00006104
-0.63828190,0.00006104
-0.63796190,0.00006104
-0.63764190,0.00006104
-0.63732190,0.00006104
-0.63700190,0.00006104
-0.63668190,0.00006104
-0.63636190,0.00006104
-0.63604190,0.00006104
-0.63572190,-0.01770074
-0.63540190,0.00006104
-0.63508190,0.00006104
-0.63476190,0.00006104
-0.63444190,0.00006104
-0.63412190,0.00006104
-0.63380190,0.00006104
-0.63348190,0.00006104
-0.63316190,0.00006104
-0.63284190,0.00006104
-0.63252190,0.00006104
-0.63220190,0.00006104
-0.63188190,0.00006104
-0.63156190,0.00006104
-0.63124190,0.00006104
-0.63092190,0.00006104
-0.63060190,0.00006104
-0.63028190,0.00006104
-0.62996190,-0.01770074
-0.62964190,0.00006104
-0.62932190,0.00006104
-0.62900190,0.00006104
-0.62868190,0.00006104
-0.62836190,0.00006104
-0.62804190,0.00006104
-0.62772190,0.00006104
-0.62740190,0.00006104
-0.62708190,0.00006104
-0.62676190,0.00006104
-0.62644190,0.00006104
-0.62612190,0.00006104
-0.62580190,0.00006104
-0.62548190,0.00006104
-0.62516190,0.00006104
-0.62484190,0.00006104
-0.62452190,0.00006104
-0.62420190,0.00006104
-0.62388190,0.00006104
-0.62356190,0.00006104
-0.62324190,0.00006104
-0.62292190,0.00006104
-0.62260190,0.00006104
-0.62228190,0.00006104
-0.62196190,0.00006104
-0.62164190,0.00006104
-0.62132190,0.00006104
-0.62100190,0.00006104
-0.62068190,0.00006104
-0.62036190,0.00006104
-0.62004190,0.00006104
-0.61972190,0.00006104
-0.61940190,0.00006104
-0.61908190,0.00006104
-0.61876190,0.00006104
-0.61844190,0.00006104
-0.61812190,0.00006104
-0.61780190,0.00006104
-0.61748190,0.00006104
-0.61716190,0.00006104
-0.61684190,0.00006104
-0.61652190,0.00006104
-0.61620190,-0.01770074
-0.61588190,0.00006104
-0.61556190,0.00006104
-0.61524190,0.00006104
-0.61492190,0.00006104
-0.61460190,0.00006104
-0.61428190,0.00006104
-0.61396190,0.00006104
-0.61364190,0.00006104
-0.61332190,0.00006104
-0.61300190,0.00006104
-0.61268190,0.00006104
-0.61236190,0.00006104
-0.61204190,-0.01770074
-0.61172190,0.00006104
-0.61140190,0.00006104
-0.61108190,0.00006104
-0.61076190,0.00006104
-0.61044190,0.00006104
-0.61012190,0.00006104
-0.60980190,-0.01770074
-0.60948190,0.00006104
-0.60916190,0.00006104
-0.60884190,0.00006104
-0.60852190,0.00006104
-0.60820190,0.00006104
-0.60788190,0.00006104
-0.60756190,0.00006104
-0.60724190,0.00006104
-0.60692190,0.00006104
-0.60660190,0.00006104
-0.60628190,0.00006104
-0.60596190,0.00006104
-0.60564190,0.00006104
-0.60532190,0.00006104
-0.60500190,0.00006104
-0.60468190,0.00006104
-0.60436190,0.00006104
-0.60404190,0.00006104
-0.60372190,0.00006104
-0.60340190,0.00006104
-0.60308190,0.00006104
-0.60276190,0.00006104
-0.60244190,0.00006104
-0.60212190,0.00006104
-0.60180190,0.00006104
-0.60148190,0.00006104
-0.60116190,0.00006104
-0.60084190,0.00006104
-0.60052190,0.00006104
-0.60020190,0.00006104
-0.59988190,0.00006104
-0.59956190,0.00006104
-0.59924190,0.00006104
-0.59892190,-0.01770074
-0.59860190,0.00006104
-0.59828190,0.00006104
-0.59796190,0.00006104
-0.59764190,0.00006104
-0.59732190,0.00006104
-0.59700190,0.00006104
-0.59668190,0.00006104
-0.59636190,0.00006104
-0.59604190,0.00006104
-0.59572190,0.00006104
-0.59540190,0.00006104
-0.59508190,0.00006104
-0.59476190,0.00006104
-0.59444190,0.00006104
-0.59412190,0.00006104
-0.59380190,0.00006104
-0.59348190,0.00006104
-0.59316190,0.00006104
-0.59284190,0.00006104
-0.59252190,0.00006104
-0.59220190,0.00006104
-0.59188190,0.00006104
-0.59156190,0.00006104
-0.59124190,0.00006104
-0.59092190,0.00006104
-0.59060190,0.00006104
-0.59028190,0.00006104
-0.58996190,-0.01770074
-0.58964190,0.00006104
-0.58932190,0.00006104
-0.58900190,0.00006104
-0.58868190,0.00006104
-0.58836190,0.00006104
-0.58804190,0.00006104
-0.58772190,0.00006104
-0.58740190,0.00006104
-0.58708190,0.00006104
-0.58676190,0.00006104
-0.58644190,0.00006104
-0.58612190,0.00006104
-0.58580190,0.00006104
-0.58548190,0.00006104
-0.58516190,0.00006104
-0.58484190,0.00006104
-0.58452190,0.00006104
-0.58420190,0.00006104
-0.58388190,0.00006104
-0.58356190,0.00006104
-0.58324190,0.00006104
-0.58292190,0.00006104
-0.58260190,0.00006104
-0.58228190,0.00006104
-0.58196190,0.00006104
-0.58164190,0.00006104
-0.58132190,0.00006104
-0.58100190,0.00006104
-0.58068190,0.00006104
-0.58036190,0.00006104
-0.58004190,0.00006104
-0.57972190,0.00006104
-0.57940190,0.00006104
-0.57908190,0.00006104
-0.57876190,0.00006104
-0.57844190,0.00006104
-0.57812190,0.00006104
-0.57780190,0.00006104
-0.57748190,0.00006104
-0.57716190,0.00006104
-0.57684190,0.00006104
-0.57652190,0.00006104
-0.57620190,0.00006104
-0.57588190,0.00006104
-0.57556190,0.00006104
-0.57524190,0.00006104
-0.57492190,0.00006104
-0.57460190,0.00006104
-0.57428190,0.00006104
-0.57396190,0.00006104
-0.57364190,0.00006104
-0.57332190,0.00006104
-0.57300190,0.00006104
-0.57268190,0.00006104
-0.57236190,0.00006104
-0.57204190,0.00006104
-0.57172190,0.00006104
-0.57140190,0.00006104
-0.57108190,0.00006104
-0.57076190,0.00006104
-0.57044190,0.00006104
-0.57012190,0.00006104
-0.56980190,0.00006104
-0.56948190,0.00006104
-0.56916190,0.00006104
-0.56884190,0.00006104
-0.56852190,0.00006104
-0.56820190,0.00006104
-0.56788190,0.00006104
-0.56756190,-0.01770074
-0.56724190,0.00006104
-0.56692190,0.00006104
-0.56660190,0.00006104
-0.56628190,0.00006104
-0.56596190,0.00006104
-0.56564190,0.00006104
-0.56532190,0.00006104
-0.56500190,0.00006104
-0.56468190,-0.01770074
-0.56436190,0.00006104
-0.56404190,0.00006104
-0.56372190,0.00006104
-0.56340190,0.00006104
-0.56308190,0.00006104
-0.56276190,0.00006104
-0.56244190,0.00006104
-0.56212190,0.00006104
-0.56180190,0.00006104
-0.56148190,0.00006104
-0.56116190,0.00006104
-0.56084190,0.00006104
-0.56052190,0.00006104
-0.56020190,0.00006104
-0.55988190,0.00006104
-0.55956190,0.00006104
-0.55924190,0.00006104
-0.55892190,0.00006104
-0.55860190,0.00006104
-0.55828190,0.00006104
-0.55796190,0.00006104
-0.55764190,0.00006104
-0.55732190,0.00006104
-0.55700190,0.00006104
-0.55668190,0.00006104
-0.55636190,0.00006104
-0.55604190,0.00006104
-0.55572190,0.00006104
-0.55540190,0.00006104
-0.55508190,0.00006104
-0.55476190,0.00006104
-0.55444190,0.00006104
-0.55412190,0.00006104
-0.55380190,0.00006104
-0.55348190,0.00006104
-0.55316190,0.00006104
-0.55284190,0.00006104
-0.55252190,0.00006104
-0.55220190,0.00006104
-0.55188190,0.00006104
-0.55156190,0.00006104
-0.55124190,0.00006104
-0.55092190,0.00006104
-0.55060190,0.00006104
-0.55028190,0.00006104
-0.54996190,0.00006104
-0.54964190,0.00006104
-0.54932190,0.00006104
-0.54900190,0.00006104
-0.54868190,0.00006104
-0.54836190,0.00006104
-0.54804190,0.00006104
-0.54772190,0.00006104
-0.54740190,0.00006104
-0.54708190,0.00006104
-0.54676190,0.00006104
-0.54644190,0.00006104
-0.54612190,0.00006104
-0.54580190,0.00006104
-0.54548190,0.00006104
-0.54516190,0.00006104
-0.54484190,0.00006104
-0.54452190,0.00006104
-0.54420190,0.00006104
-0.54388190,0.00006104
-0.54356190,0.00006104
-0.54324190,0.00006104
-0.54292190,0.00006104
-0.54260190,0.00006104
-0.54228190,0.00006104
-0.54196190,0.00006104
-0.54164190,-0.01770074
-0.54132190,0.00006104
-0.54100190,0.00006104
-0.54068190,0.00006104
-0.54036190,0.00006104
-0.54004190,0.00006104
-0.53972190,0.00006104
-0.53940190,0.00006104
-0.53908190,0.00006104
-0.53876190,0.00006104
-0.53844190,0.00006104
-0.53812190,0.00006104
-0.53780190,0.00006104
-0.53748190,0.00006104
-0.53716190,0.00006104
-0.53684190,0.00006104
-0.53652190,0.00006104
-0.53620190,0.00006104
-0.53588190,0.00006104
-0.53556190,0.00006104
-0.53524190,0.00006104
-0.53492190,0.00006104
-0.53460190,0.00006104
-0.53428190,0.00006104
-0.53396190,-0.01770074
-0.53364190,0.00006104
-0.53332190,0.00006104
-0.53300190,0.00006104
-0.53268190,0.00006104
-0.53236190,0.00006104
-0.53204190,0.00006104
-0.53172190,0.00006104
-0.53140190,0.00006104
-0.53108190,0.00006104
-0.53076190,0.00006104
-0.53044190,0.00006104
-0.53012190,0.00006104
-0.52980190,0.00006104
-0.52948190,0.00006104
-0.52916190,0.00006104
-0.52884190,0.00006104
-0.52852190,0.00006104
-0.52820190,0.00006104
-0.52788190,0.00006104
-0.52756190,0.00006104
-0.52724190,0.00006104
-0.52692190,0.00006104
-0.52660190,0.00006104
-0.52628190,0.00006104
-0.52596190,0.00006104
-0.52564190,0.00006104
-0.52532190,0.00006104
-0.52500190,0.00006104
-0.52468190,0.00006104
-0.52436190,0.00006104
-0.52404190,0.00006104
-0.52372190,0.00006104
-0.52340190,0.00006104
-0.52308190,0.00006104
-0.52276190,0.00006104
-0.52244190,0.00006104
-0.52212190,0.00006104
-0.52180190,0.00006104
-0.52148190,0.00006104
-0.52116190,0.00006104
-0.52084190,0.00006104
-0.52052190,0.00006104
-0.52020190,-0.01770074
-0.51988190,0.00006104
-0.51956190,0.00006104
-0.51924190,0.00006104
-0.51892190,0.00006104
-0.51860190,0.00006104
-0.51828190,0.00006104
-0.51796190,0.00006104
-0.51764190,0.00006104
-0.51732190,0.00006104
-0.51700190,0.00006104
-0.51668190,0.00006104
-0.51636190,0.00006104
-0.51604190,0.00006104
-0.51572190,0.00006104
-0.51540190,-0.01770074
-0.51508190,0.00006104
-0.51476190,-0.01770074
-0.51444190,0.00006104
-0.51412190,0.00006104
-0.51380190,0.00006104
-0.51348190,-0.01770074
-0.51316190,0.00006104
-0.51284190,0.00006104
-0.51252190,0.00006104
-0.51220190,-0.01770074
-0.51188190,0.00006104
-0.51156190,0.00006104
-0.51124190,0.00006104
-0.51092190,0.00006104
-0.51060190,0.00006104
-0.51028190,0.00006104
-0.50996190,0.00006104
-0.50964190,0.00006104
-0.50932190,0.00006104
-0.50900190,0.00006104
-0.50868190,0.00006104
-0.50836190,0.00006104
-0.50804190,0.00006104
-0.50772190,0.00006104
-0.50740190,0.00006104
-0.50708190,0.00006104
-0.50676190,0.00006104
-0.50644190,0.00006104
-0.50612190,0.00006104
-0.50580190,0.00006104
-0.50548190,0.00006104
-0.50516190,0.00006104
-0.50484190,0.00006104
-0.50452190,0.00006104
-0.50420190,1.06808674
-0.50388190,1.37070835
-0.50356190,0.80104983
-0.50324190,0.17804499
-0.50292190,-0.10669271
-0.50260190,-0.12451552
-0.50228190,-0.07110813
-0.50196190,-0.03552354
-0.50164190,-0.01770074
-0.50132190,-0.01770074
-0.50100190,-0.42713705
-0.50068190,-1.15695667
-0.50036190,-∞
-0.50004190,0.32044435
-0.49972190,0.07129124
-0.49940190,0.12469863
-0.49908190,0.08911405
-0.49876190,0.03570665
-0.49844190,0.03570665
-0.49812190,0.03570665
-0.49780190,0.01788385
-0.49748190,0.03570665
-0.49716190,0.01788385
-0.49684190,0.03570665
-0.49652190,0.03570665
-0.49620190,0.03570665
-0.49588190,0.01788385
-0.49556190,0.00006104
-0.49524190,0.00006104
-0.49492190,0.01788385
-0.49460190,0.01788385
-0.49428190,0.03570665
-0.49396190,0.05346843
-0.49364190,0.05346843
-0.49332190,0.07129124
-0.49300190,0.07129124
-0.49268190,0.05346843
-0.49236190,0.07129124
-0.49204190,0.05346843
-0.49172190,0.03570665
-0.49140190,0.07129124
-0.49108190,0.08911405
-0.49076190,0.07129124
-0.49044190,0.03570665
-0.49012190,0.03570665
-0.48980190,0.03570665
-0.48948190,0.01788385
-0.48916190,-0.01770074
-0.48884190,-0.03552354
-0.48852190,-0.03552354
-0.48820190,-0.01770074
-0.48788190,0.03570665
-0.48756190,-0.01770074
-0.48724190,0.01788385
-0.48692190,0.05346843
-0.48660190,-0.03552354
-0.48628190,0.01788385
-0.48596190,0.01788385
-0.48564190,-0.03552354
-0.48532190,0.03570665
-0.48500190,0.03570665
-0.48468190,0.00006104
-0.48436190,0.03570665
-0.48404190,0.03570665
-0.48372190,0.03570665
-0.48340190,0.01788385
-0.48308190,0.01788385
-0.48276190,0.01788385
-0.48244190,0.01788385
-0.48212190,0.01788385
-0.48180190,0.03570665
-0.48148190,0.00006104
-0.48116190,0.00006104
-0.48084190,0.03570665
-0.48052190,0.00006104
-0.48020190,0.01788385
-0.47988190,0.00006104
-0.47956190,-0.01770074
-0.47924190,0.00006104
-0.47892190,0.03570665
-0.47860190,0.00006104
-0.47828190,0.00006104
-0.47796190,0.03570665
-0.47764190,0.01788385
-0.47732190,0.00006104
-0.47700190,0.01788385
-0.47668190,0.00006104
-0.47636190,0.00006104
-0.47604190,0.01788385
-0.47572190,0.00006104
-0.47540190,0.01788385
-0.47508190,0.01788385
-0.47476190,0.00006104
-0.47444190,0.00006104
-0.47412190,0.00006104
-0.47380190,0.00006104
-0.47348190,0.00006104
-0.47316190,0.00006104
-0.47284190,-0.01770074
-0.47252190,0.00006104
-0.47220190,0.00006104
-0.47188190,0.00006104
-0.47156190,0.00006104
-0.47124190,0.00006104
-0.47092190,0.01788385
-0.47060190,0.01788385
-0.47028190,0.00006104
-0.46996190,0.00006104
-0.46964190,0.01788385
-0.46932190,0.01788385
-0.46900190,0.00006104
-0.46868190,0.01788385
-0.46836190,0.00006104
-0.46804190,0.00006104
-0.46772190,0.00006104
-0.46740190,0.00006104
-0.46708190,0.00006104
-0.46676190,0.00006104
-0.46644190,0.00006104
-0.46612190,0.00006104
-0.46580190,0.00006104
-0.46548190,0.01788385
-0.46516190,0.00006104
-0.46484190,0.00006104
-0.46452190,0.00006104
-0.46420190,0.00006104
-0.46388190,0.01788385
-0.46356190,0.00006104
-0.46324190,0.00006104
-0.46292190,0.00006104
-0.46260190,0.00006104
-0.46228190,0.01788385
-0.46196190,0.00006104
-0.46164190,0.00006104
-0.46132190,0.00006104
-0.46100190,0.00006104
-0.46068190,0.00006104
-0.46036190,0.00006104
-0.46004190,0.00006104
-0.45972190,0.00006104
-0.45940190,0.01788385
-0.45908190,0.00006104
-0.45876190,0.00006104
-0.45844190,0.00006104
-0.45812190,0.00006104
-0.45780190,0.01788385
-0.45748190,0.01788385
-0.45716190,0.00006104
-0.45684190,0.01788385
-0.45652190,0.00006104
-0.45620190,0.00006104
-0.45588190,0.00006104
-0.45556190,0.00006104
-0.45524190,0.00006104
-0.45492190,0.00006104
-0.45460190,0.00006104
-0.45428190,-0.01770074
-0.45396190,-0.01770074
-0.45364190,0.00006104
-0.45332190,0.00006104
-0.45300190,0.00006104
-0.45268190,0.00006104
-0.45236190,0.00006104
-0.45204190,0.00006104
-0.45172190,0.00006104
-0.45140190,0.00006104
-0.45108190,0.01788385
-0.45076190,0.00006104
-0.45044190,0.00006104
-0.45012190,0.00006104
-0.44980190,0.00006104
-0.44948190,0.00006104
-0.44916190,0.00006104
-0.44884190,0.00006104
-0.44852190,0.00006104
-0.44820190,0.00006104
-0.44788190,0.00006104
-0.44756190,0.00006104
-0.44724190,0.00006104
-0.44692190,0.00006104
-0.44660190,0.00006104
-0.44628190,0.00006104
-0.44596190,0.00006104
-0.44564190,0.00006104
-0.44532190,-0.01770074
-0.44500190,0.00006104
-0.44468190,0.00006104
-0.44436190,0.01788385
-0.44404190,0.00006104
-0.44372190,0.00006104
-0.44340190,0.00006104
-0.44308190,0.00006104
-0.44276190,0.00006104
-0.44244190,0.00006104
-0.44212190,0.00006104
-0.44180190,0.00006104
-0.44148190,0.00006104
-0.44116190,0.00006104
-0.44084190,0.00006104
-0.44052190,0.00006104
-0.44020190,0.00006104
-0.43988190,0.00006104
-0.43956190,0.00006104
-0.43924190,0.00006104
-0.43892190,0.00006104
-0.43860190,0.00006104
-0.43828190,0.00006104
-0.43796190,0.00006104
-0.43764190,0.00006104
-0.43732190,0.00006104
-0.43700190,0.00006104
-0.43668190,0.00006104
-0.43636190,0.00006104
-0.43604190,-0.01770074
-0.43572190,0.00006104
-0.43540190,0.00006104
-0.43508190,0.00006104
-0.43476190,0.00006104
-0.43444190,0.00006104
-0.43412190,0.00006104
-0.43380190,0.00006104
-0.43348190,0.00006104
-0.43316190,0.00006104
-0.43284190,0.00006104
-0.43252190,0.00006104
-0.43220190,0.00006104
-0.43188190,0.00006104
-0.43156190,0.00006104
-0.43124190,0.00006104
-0.43092190,0.00006104
-0.43060190,0.00006104
-0.43028190,-0.01770074
-0.42996190,0.00006104
-0.42964190,0.00006104
-0.42932190,0.00006104
-0.42900190,0.00006104
-0.42868190,0.00006104
-0.42836190,0.00006104
-0.42804190,0.00006104
-0.42772190,0.00006104
-0.42740190,0.00006104
-0.42708190,0.00006104
-0.42676190,0.00006104
-0.42644190,0.00006104
-0.42612190,0.00006104
-0.42580190,0.00006104
-0.42548190,0.00006104
-0.42516190,0.00006104
-0.42484190,0.00006104
-0.42452190,0.00006104
-0.42420190,0.00006104
-0.42388190,0.00006104
-0.42356190,0.00006104
-0.42324190,0.00006104
-0.42292190,0.00006104
-0.42260190,0.00006104
-0.42228190,0.00006104
-0.42196190,0.00006104
-0.42164190,0.00006104
-0.42132190,0.00006104
-0.42100190,0.00006104
-0.42068190,0.00006104
-0.42036190,0.00006104
-0.42004190,-0.01770074
-0.41972190,0.00006104
-0.41940190,0.00006104
-0.41908190,0.00006104
-0.41876190,0.00006104
-0.41844190,0.00006104
-0.41812190,0.00006104
-0.41780190,0.00006104
-0.41748190,0.00006104
-0.41716190,0.00006104
-0.41684190,0.00006104
-0.41652190,0.00006104
-0.41620190,-0.01770074
-0.41588190,0.00006104
-0.41556190,0.00006104
-0.41524190,0.00006104
-0.41492190,0.00006104
-0.41460190,0.00006104
-0.41428190,0.00006104
-0.41396190,0.00006104
-0.41364190,0.00006104
-0.41332190,0.00006104
-0.41300190,0.00006104
-0.41268190,0.00006104
-0.41236190,0.00006104
-0.41204190,0.00006104
-0.41172190,0.00006104
-0.41140190,0.00006104
-0.41108190,0.00006104
-0.41076190,0.00006104
-0.41044190,-0.01770074
-0.41012190,0.00006104
-0.40980190,0.00006104
-0.40948190,0.00006104
-0.40916190,0.00006104
-0.40884190,-0.01770074
-0.40852190,-0.01770074
-0.40820190,0.00006104
-0.40788190,0.00006104
-0.40756190,0.00006104
-0.40724190,0.00006104
-0.40692190,0.00006104
-0.40660190,0.00006104
-0.40628190,0.00006104
-0.40596190,0.00006104
-0.40564190,0.00006104
-0.40532190,0.00006104
-0.40500190,0.00006104
-0.40468190,0.00006104
-0.40436190,0.00006104
-0.40404190,0.00006104
-0.40372190,0.00006104
-0.40340190,0.00006104
-0.40308190,0.00006104
-0.40276190,0.00006104
-0.40244190,-0.01770074
-0.40212190,0.00006104
-0.40180190,-0.01770074
-0.40148190,0.00006104
-0.40116190,0.00006104
-0.40084190,0.00006104
-0.40052190,0.00006104
-0.40020190,0.00006104
-0.39988190,0.00006104
-0.39956190,0.00006104
-0.39924190,0.00006104
-0.39892190,0.00006104
-0.39860190,0.00006104
-0.39828190,0.00006104
-0.39796190,0.00006104
-0.39764190,0.00006104
-0.39732190,0.00006104
-0.39700190,0.00006104
-0.39668190,0.00006104
-0.39636190,0.00006104
-0.39604190,0.00006104
-0.39572190,-0.01770074
-0.39540190,0.00006104
-0.39508190,0.00006104
-0.39476190,0.00006104
-0.39444190,-0.01770074
-0.39412190,-0.01770074
-0.39380190,0.00006104
-0.39348190,0.00006104
-0.39316190,0.00006104
-0.39284190,0.00006104
-0.39252190,0.00006104
-0.39220190,0.00006104
-0.39188190,0.00006104
-0.39156190,0.00006104
-0.39124190,0.00006104
-0.39092190,0.00006104
-0.39060190,0.00006104
-0.39028190,-0.01770074
-0.38996190,0.00006104
-0.38964190,0.00006104
-0.38932190,0.00006104
-0.38900190,0.00006104
-0.38868190,0.00006104
-0.38836190,0.00006104
-0.38804190,0.00006104
-0.38772190,-0.01770074
-0.38740190,0.00006104
-0.38708190,0.00006104
-0.38676190,0.00006104
-0.38644190,0.00006104
-0.38612190,0.00006104
-0.38580190,0.00006104
-0.38548190,0.00006104
-0.38516190,0.00006104
-0.38484190,0.00006104
-0.38452190,0.00006104
-0.38420190,0.00006104
-0.38388190,0.00006104
-0.38356190,0.00006104
-0.38324190,0.00006104
-0.38292190,-0.01770074
-0.38260190,0.00006104
-0.38228190,0.00006104
-0.38196190,0.00006104
-0.38164190,0.00006104
-0.38132190,0.00006104
-0.38100190,0.00006104
-0.38068190,0.00006104
-0.38036190,0.00006104
-0.38004190,0.00006104
-0.37972190,0.00006104
-0.37940190,0.00006104
-0.37908190,0.00006104
-0.37876190,0.00006104
-0.37844190,0.00006104
-0.37812190,0.00006104
-0.37780190,0.00006104
-0.37748190,0.00006104
-0.37716190,0.00006104
-0.37684190,0.00006104
-0.37652190,0.00006104
-0.37620190,0.00006104
-0.37588190,0.00006104
-0.37556190,0.00006104
-0.37524190,0.00006104
-0.37492190,0.00006104
-0.37460190,0.00006104
-0.37428190,0.00006104
-0.37396190,0.00006104
-0.37364190,0.00006104
-0.37332190,0.00006104
-0.37300190,0.00006104
-0.37268190,0.00006104
-0.37236190,0.00006104
-0.37204190,-0.01770074
-0.37172190,0.00006104
-0.37140190,0.00006104
-0.37108190,0.00006104
-0.37076190,0.00006104
-0.37044190,0.00006104
-0.37012190,0.00006104
-0.36980190,0.00006104
-0.36948190,0.00006104
-0.36916190,0.00006104
-0.36884190,0.00006104
-0.36852190,0.00006104
-0.36820190,0.00006104
-0.36788190,-0.01770074
-0.36756190,0.00006104
-0.36724190,0.00006104
-0.36692190,0.00006104
-0.36660190,0.00006104
-0.36628190,0.00006104
-0.36596190,0.00006104
-0.36564190,0.00006104
-0.36532190,0.00006104
-0.36500190,0.00006104
-0.36468190,0.00006104
-0.36436190,0.00006104
-0.36404190,0.00006104
-0.36372190,0.00006104
-0.36340190,0.00006104
-0.36308190,0.00006104
-0.36276190,0.00006104
-0.36244190,0.00006104
-0.36212190,0.00006104
-0.36180190,0.00006104
-0.36148190,0.00006104
-0.36116190,0.00006104
-0.36084190,0.00006104
-0.36052190,-0.01770074
-0.36020190,0.00006104
-0.35988190,0.00006104
-0.35956190,-0.01770074
-0.35924190,0.00006104
-0.35892190,0.00006104
-0.35860190,0.00006104
-0.35828190,0.00006104
-0.35796190,0.00006104
-0.35764190,0.00006104
-0.35732190,0.00006104
-0.35700190,0.00006104
-0.35668190,0.00006104
-0.35636190,0.00006104
-0.35604190,0.00006104
-0.35572190,0.00006104
-0.35540190,0.00006104
-0.35508190,0.00006104
-0.35476190,0.00006104
-0.35444190,0.00006104
-0.35412190,-0.01770074
-0.35380190,0.00006104
-0.35348190,-0.01770074
-0.35316190,0.00006104
-0.35284190,0.00006104
-0.35252190,0.00006104
-0.35220190,0.00006104
-0.35188190,0.00006104
-0.35156190,0.00006104
-0.35124190,0.00006104
-0.35092190,0.00006104
-0.35060190,0.00006104
-0.35028190,0.00006104
-0.34996190,0.00006104
-0.34964190,0.00006104
-0.34932190,0.00006104
-0.34900190,0.00006104
-0.34868190,0.00006104
-0.34836190,0.00006104
-0.34804190,0.00006104
-0.34772190,0.00006104
-0.34740190,0.01788385
-0.34708190,0.00006104
-0.34676190,0.00006104
-0.34644190,0.00006104
-0.34612190,0.00006104
-0.34580190,0.00006104
-0.34548190,0.00006104
-0.34516190,0.00006104
-0.34484190,0.00006104
-0.34452190,0.00006104
-0.34420190,0.00006104
-0.34388190,0.00006104
-0.34356190,0.00006104
-0.34324190,0.00006104
-0.34292190,0.00006104
-0.34260190,0.00006104
-0.34228190,0.00006104
-0.34196190,0.00006104
-0.34164190,0.00006104
-0.34132190,0.00006104
-0.34100190,0.00006104
-0.34068190,0.00006104
-0.34036190,0.00006104
-0.34004190,0.00006104
-0.33972190,0.00006104
-0.33940190,0.00006104
-0.33908190,0.00006104
-0.33876190,0.00006104
-0.33844190,0.00006104
-0.33812190,0.00006104
-0.33780190,0.00006104
-0.33748190,0.00006104
-0.33716190,0.00006104
-0.33684190,0.00006104
-0.33652190,0.00006104
-0.33620190,0.00006104
-0.33588190,0.00006104
-0.33556190,0.00006104
-0.33524190,0.00006104
-0.33492190,0.00006104
-0.33460190,0.00006104
-0.33428190,0.00006104
-0.33396190,0.00006104
-0.33364190,0.00006104
-0.33332190,0.00006104
-0.33300190,0.00006104
-0.33268190,-0.01770074
-0.33236190,0.00006104
-0.33204190,0.00006104
-0.33172190,-0.01770074
-0.33140190,0.00006104
-0.33108190,0.00006104
-0.33076190,0.00006104
-0.33044190,0.00006104
-0.33012190,0.00006104
-0.32980190,0.00006104
-0.32948190,0.00006104
-0.32916190,0.00006104
-0.32884190,0.00006104
-0.32852190,0.00006104
-0.32820190,0.00006104
-0.32788190,0.00006104
-0.32756190,0.00006104
-0.32724190,0.00006104
-0.32692190,0.00006104
-0.32660190,0.00006104
-0.32628190,0.00006104
-0.32596190,0.00006104
-0.32564190,0.00006104
-0.32532190,0.00006104
-0.32500190,0.00006104
-0.32468190,0.00006104
-0.32436190,0.00006104
-0.32404190,-0.01770074
-0.32372190,0.00006104
-0.32340190,0.00006104
-0.32308190,0.00006104
-0.32276190,0.00006104
-0.32244190,0.00006104
-0.32212190,0.00006104
-0.32180190,0.00006104
-0.32148190,0.00006104
-0.32116190,0.00006104
-0.32084190,0.00006104
-0.32052190,0.00006104
-0.32020190,-0.01770074
-0.31988190,0.00006104
-0.31956190,0.00006104
-0.31924190,0.00006104
-0.31892190,0.00006104
-0.31860190,0.00006104
-0.31828190,0.00006104
-0.31796190,0.00006104
-0.31764190,0.00006104
-0.31732190,0.00006104
-0.31700190,0.00006104
-0.31668190,0.00006104
-0.31636190,0.00006104
-0.31604190,0.00006104
-0.31572190,0.00006104
-0.31540190,0.00006104
-0.31508190,0.00006104
-0.31476190,0.00006104
-0.31444190,-0.01770074
-0.31412190,0.00006104
-0.31380190,0.00006104
-0.31348190,0.00006104
-0.31316190,0.00006104
-0.31284190,0.00006104
-0.31252190,0.00006104
-0.31220190,0.00006104
-0.31188190,0.00006104
-0.31156190,0.00006104
-0.31124190,0.00006104
-0.31092190,0.00006104
-0.31060190,0.00006104
-0.31028190,0.00006104
-0.30996190,0.00006104
-0.30964190,0.00006104
-0.30932190,0.00006104
-0.30900190,0.00006104
-0.30868190,0.00006104
-0.30836190,0.00006104
-0.30804190,0.00006104
-0.30772190,0.00006104
-0.30740190,0.00006104
-0.30708190,0.00006104
-0.30676190,0.00006104
-0.30644190,0.00006104
-0.30612190,0.00006104
-0.30580190,0.00006104
-0.30548190,0.00006104
-0.30516190,0.00006104
-0.30484190,-0.01770074
-0.30452190,0.00006104
-0.30420190,-0.01770074
-0.30388190,0.00006104
-0.30356190,0.00006104
-0.30324190,0.00006104
-0.30292190,0.00006104
-0.30260190,0.00006104
-0.30228190,0.00006104
-0.30196190,-0.01770074
-0.30164190,0.00006104
-0.30132190,0.00006104
-0.30100190,0.00006104
-0.30068190,0.00006104
-0.30036190,0.00006104
-0.30004190,0.00006104
-0.29972190,0.00006104
-0.29940190,0.00006104
-0.29908190,0.00006104
-0.29876190,0.00006104
-0.29844190,0.00006104
-0.29812190,0.00006104
-0.29780190,0.00006104
-0.29748190,0.00006104
-0.29716190,0.00006104
-0.29684190,0.00006104
-0.29652190,0.00006104
-0.29620190,0.00006104
-0.29588190,0.00006104
-0.29556190,0.00006104
-0.29524190,0.00006104
-0.29492190,0.00006104
-0.29460190,0.00006104
-0.29428190,0.00006104
-0.29396190,0.00006104
-0.29364190,0.00006104
-0.29332190,0.00006104
-0.29300190,0.00006104
-0.29268190,0.00006104
-0.29236190,0.00006104
-0.29204190,0.00006104
-0.29172190,0.00006104
-0.29140190,0.00006104
-0.29108190,0.00006104
-0.29076190,0.00006104
-0.29044190,0.00006104
-0.29012190,0.00006104
-0.28980190,0.00006104
-0.28948190,0.00006104
-0.28916190,0.00006104
-0.28884190,0.00006104
-0.28852190,0.00006104
-0.28820190,0.00006104
-0.28788190,0.00006104
-0.28756190,0.00006104
-0.28724190,0.00006104
-0.28692190,-0.01770074
-0.28660190,0.00006104
-0.28628190,0.00006104
-0.28596190,0.00006104
-0.28564190,0.00006104
-0.28532190,0.00006104
-0.28500190,0.00006104
-0.28468190,0.00006104
-0.28436190,0.00006104
-0.28404190,0.00006104
-0.28372190,0.00006104
-0.28340190,0.00006104
-0.28308190,0.00006104
-0.28276190,0.00006104
-0.28244190,0.00006104
-0.28212190,0.00006104
-0.28180190,0.00006104
-0.28148190,0.00006104
-0.28116190,0.00006104
-0.28084190,0.00006104
-0.28052190,0.00006104
-0.28020190,0.00006104
-0.27988190,0.00006104
-0.27956190,0.00006104
-0.27924190,0.00006104
-0.27892190,0.00006104
-0.27860190,0.00006104
-0.27828190,0.00006104
-0.27796190,0.00006104
-0.27764190,0.00006104
-0.27732190,0.00006104
-0.27700190,0.00006104
-0.27668190,0.00006104
-0.27636190,0.00006104
-0.27604190,0.00006104
-0.27572190,0.00006104
-0.27540190,0.00006104
-0.27508190,0.00006104
-0.27476190,0.00006104
-0.27444190,0.00006104
-0.27412190,0.00006104
-0.27380190,0.00006104
-0.27348190,0.00006104
-0.27316190,0.00006104
-0.27284190,0.00006104
-0.27252190,0.00006104
-0.27220190,0.00006104
-0.27188190,0.00006104
-0.27156190,0.00006104
-0.27124190,0.00006104
-0.27092190,0.00006104
-0.27060190,0.00006104
-0.27028190,-0.01770074
-0.26996190,0.00006104
-0.26964190,0.00006104
-0.26932190,0.00006104
-0.26900190,0.00006104
-0.26868190,0.00006104
-0.26836190,0.00006104
-0.26804190,0.00006104
-0.26772190,0.00006104
-0.26740190,0.00006104
-0.26708190,0.00006104
-0.26676190,0.00006104
-0.26644190,0.00006104
-0.26612190,0.00006104
-0.26580190,0.00006104
-0.26548190,0.00006104
-0.26516190,0.00006104
-0.26484190,0.00006104
-0.26452190,0.00006104
-0.26420190,0.00006104
-0.26388190,0.00006104
-0.26356190,0.00006104
-0.26324190,0.00006104
-0.26292190,0.00006104
-0.26260190,0.00006104
-0.26228190,0.00006104
-0.26196190,-0.01770074
-0.26164190,0.00006104
-0.26132190,-0.01770074
-0.26100190,0.00006104
-0.26068190,0.00006104
-0.26036190,0.00006104
-0.26004190,0.00006104
-0.25972190,0.00006104
-0.25940190,0.01788385
-0.25908190,0.00006104
-0.25876190,0.00006104
-0.25844190,0.00006104
-0.25812190,0.00006104
-0.25780190,0.00006104
-0.25748190,0.00006104
-0.25716190,0.00006104
-0.25684190,0.00006104
-0.25652190,0.00006104
-0.25620190,-0.01770074
-0.25588190,0.00006104
-0.25556190,0.00006104
-0.25524190,0.00006104
-0.25492190,-0.01770074
-0.25460190,0.00006104
-0.25428190,0.00006104
-0.25396190,0.00006104
-0.25364190,0.00006104
-0.25332190,0.00006104
-0.25300190,0.00006104
-0.25268190,-0.01770074
-0.25236190,0.00006104
-0.25204190,0.00006104
-0.25172190,0.00006104
-0.25140190,0.00006104
-0.25108190,0.00006104
-0.25076190,0.00006104
-0.25044190,0.00006104
-0.25012190,-0.01770074
-0.24980190,0.00006104
-0.24948190,0.00006104
-0.24916190,0.00006104
-0.24884190,0.00006104
-0.24852190,0.00006104
-0.24820190,0.00006104
-0.24788190,0.00006104
-0.24756190,0.00006104
-0.24724190,0.00006104
-0.24692190,0.00006104
-0.24660190,0.00006104
-0.24628190,0.00006104
-0.24596190,0.00006104
-0.24564190,0.00006104
-0.24532190,0.00006104
-0.24500190,0.00006104
-0.24468190,0.00006104
-0.24436190,0.00006104
-0.24404190,0.00006104
-0.24372190,0.00006104
-0.24340190,0.00006104
-0.24308190,0.00006104
-0.24276190,0.00006104
-0.24244190,0.00006104
-0.24212190,-0.01770074
-0.24180190,0.00006104
-0.24148190,0.00006104
-0.24116190,0.00006104
-0.24084190,0.00006104
-0.24052190,0.00006104
-0.24020190,0.00006104
-0.23988190,0.00006104
-0.23956190,0.00006104
-0.23924190,0.00006104
-0.23892190,0.00006104
-0.23860190,0.00006104
-0.23828190,0.00006104
-0.23796190,-0.01770074
-0.23764190,-0.01770074
-0.23732190,-0.01770074
-0.23700190,0.00006104
-0.23668190,-0.01770074
-0.23636190,0.00006104
-0.23604190,0.00006104
-0.23572190,0.00006104
-0.23540190,-0.01770074
-0.23508190,0.00006104
-0.23476190,0.00006104
-0.23444190,0.00006104
-0.23412190,0.00006104
-0.23380190,0.00006104
-0.23348190,0.00006104
-0.23316190,0.00006104
-0.23284190,0.00006104
-0.23252190,0.00006104
-0.23220190,0.00006104
-0.23188190,0.00006104
-0.23156190,0.00006104
-0.23124190,0.00006104
-0.23092190,0.00006104
-0.23060190,0.00006104
-0.23028190,0.00006104
-0.22996190,0.00006104
-0.22964190,0.00006104
-0.22932190,0.00006104
-0.22900190,0.00006104
-0.22868190,0.00006104
-0.22836190,0.00006104
-0.22804190,0.00006104
-0.22772190,-0.01770074
-0.22740190,0.00006104
-0.22708190,0.00006104
-0.22676190,0.00006104
-0.22644190,0.00006104
-0.22612190,0.00006104
-0.22580190,0.00006104
-0.22548190,0.00006104
-0.22516190,0.00006104
-0.22484190,0.00006104
-0.22452190,0.00006104
-0.22420190,0.00006104
-0.22388190,0.00006104
-0.22356190,0.00006104
-0.22324190,0.00006104
-0.22292190,0.00006104
-0.22260190,0.00006104
-0.22228190,0.00006104
-0.22196190,0.00006104
-0.22164190,0.00006104
-0.22132190,0.00006104
-0.22100190,0.00006104
-0.22068190,-0.01770074
-0.22036190,-0.01770074
-0.22004190,0.00006104
-0.21972190,0.00006104
-0.21940190,0.00006104
-0.21908190,0.00006104
-0.21876190,0.00006104
-0.21844190,0.00006104
-0.21812190,0.00006104
-0.21780190,0.00006104
-0.21748190,0.00006104
-0.21716190,0.00006104
-0.21684190,0.00006104
-0.21652190,0.00006104
-0.21620190,-0.01770074
-0.21588190,0.00006104
-0.21556190,0.00006104
-0.21524190,0.00006104
-0.21492190,0.00006104
-0.21460190,0.00006104
-0.21428190,0.00006104
-0.21396190,0.00006104
-0.21364190,0.00006104
-0.21332190,-0.01770074
-0.21300190,-0.01770074
-0.21268190,0.00006104
-0.21236190,0.00006104
-0.21204190,0.00006104
-0.21172190,0.00006104
-0.21140190,0.00006104
-0.21108190,0.00006104
-0.21076190,0.00006104
-0.21044190,0.00006104
-0.21012190,0.00006104
-0.20980190,0.00006104
-0.20948190,0.00006104
-0.20916190,0.00006104
-0.20884190,0.00006104
-0.20852190,0.00006104
-0.20820190,0.00006104
-0.20788190,0.00006104
-0.20756190,0.00006104
-0.20724190,0.00006104
-0.20692190,0.00006104
-0.20660190,0.00006104
-0.20628190,0.00006104
-0.20596190,0.00006104
-0.20564190,0.00006104
-0.20532190,0.00006104
-0.20500190,-0.01770074
-0.20468190,0.00006104
-0.20436190,0.00006104
-0.20404190,0.00006104
-0.20372190,0.00006104
-0.20340190,0.00006104
-0.20308190,0.00006104
-0.20276190,0.00006104
-0.20244190,0.00006104
-0.20212190,0.00006104
-0.20180190,0.00006104
-0.20148190,0.00006104
-0.20116190,0.00006104
-0.20084190,0.00006104
-0.20052190,0.00006104
-0.20020190,0.00006104
-0.19988190,0.00006104
-0.19956190,0.00006104
-0.19924190,0.00006104
-0.19892190,0.00006104
-0.19860190,0.00006104
-0.19828190,0.00006104
-0.19796190,0.00006104
-0.19764190,0.00006104
-0.19732190,0.00006104
-0.19700190,0.00006104
-0.19668190,0.00006104
-0.19636190,-0.01770074
-0.19604190,0.00006104
-0.19572190,0.00006104
-0.19540190,-0.01770074
-0.19508190,0.00006104
-0.19476190,0.00006104
-0.19444190,0.00006104
-0.19412190,0.00006104
-0.19380190,0.00006104
-0.19348190,0.00006104
-0.19316190,0.00006104
-0.19284190,0.00006104
-0.19252190,0.00006104
-0.19220190,0.00006104
-0.19188190,0.00006104
-0.19156190,0.00006104
-0.19124190,0.00006104
-0.19092190,0.00006104
-0.19060190,0.00006104
-0.19028190,0.00006104
-0.18996190,-0.01770074
-0.18964190,0.00006104
-0.18932190,0.00006104
-0.18900190,0.00006104
-0.18868190,0.00006104
-0.18836190,0.00006104
-0.18804190,0.00006104
-0.18772190,0.00006104
-0.18740190,0.00006104
-0.18708190,0.00006104
-0.18676190,0.00006104
-0.18644190,0.00006104
-0.18612190,0.00006104
-0.18580190,0.00006104
-0.18548190,-0.01770074
-0.18516190,-0.01770074
-0.18484190,0.00006104
-0.18452190,0.00006104
-0.18420190,0.00006104
-0.18388190,0.00006104
-0.18356190,0.00006104
-0.18324190,-0.01770074
-0.18292190,0.00006104
-0.18260190,0.00006104
-0.18228190,0.00006104
-0.18196190,0.00006104
-0.18164190,0.00006104
-0.18132190,0.00006104
-0.18100190,0.00006104
-0.18068190,0.00006104
-0.18036190,0.00006104
-0.18004190,0.00006104
-0.17972190,0.00006104
-0.17940190,0.00006104
-0.17908190,0.00006104
-0.17876190,0.00006104
-0.17844190,0.00006104
-0.17812190,0.00006104
-0.17780190,0.00006104
-0.17748190,0.00006104
-0.17716190,0.00006104
-0.17684190,0.00006104
-0.17652190,0.00006104
-0.17620190,0.00006104
-0.17588190,0.00006104
-0.17556190,0.00006104
-0.17524190,0.00006104
-0.17492190,0.00006104
-0.17460190,0.00006104
-0.17428190,0.00006104
-0.17396190,0.00006104
-0.17364190,0.00006104
-0.17332190,0.00006104
-0.17300190,0.00006104
-0.17268190,0.00006104
-0.17236190,0.00006104
-0.17204190,0.00006104
-0.17172190,0.00006104
-0.17140190,0.00006104
-0.17108190,0.00006104
-0.17076190,0.00006104
-0.17044190,0.00006104
-0.17012190,0.00006104
-0.16980190,0.00006104
-0.16948190,-0.01770074
-0.16916190,0.00006104
-0.16884190,0.00006104
-0.16852190,0.00006104
-0.16820190,0.00006104
-0.16788190,0.00006104
-0.16756190,0.00006104
-0.16724190,0.00006104
-0.16692190,0.00006104
-0.16660190,0.00006104
-0.16628190,0.00006104
-0.16596190,0.00006104
-0.16564190,0.00006104
-0.16532190,0.00006104
-0.16500190,0.00006104
-0.16468190,0.00006104
-0.16436190,0.00006104
-0.16404190,0.00006104
-0.16372190,0.00006104
-0.16340190,0.00006104
-0.16308190,0.00006104
-0.16276190,0.00006104
-0.16244190,0.00006104
-0.16212190,0.00006104
-0.16180190,0.00006104
-0.16148190,0.00006104
-0.16116190,0.00006104
-0.16084190,0.00006104
-0.16052190,0.00006104
-0.16020190,0.00006104
-0.15988190,0.00006104
-0.15956190,0.00006104
-0.15924190,0.00006104
-0.15892190,0.00006104
-0.15860190,0.00006104
-0.15828190,0.00006104
-0.15796190,0.00006104
-0.15764190,0.00006104
-0.15732190,0.00006104
-0.15700190,0.00006104
-0.15668190,0.00006104
-0.15636190,0.00006104
-0.15604190,0.00006104
-0.15572190,0.00006104
-0.15540190,0.00006104
-0.15508190,0.00006104
-0.15476190,0.00006104
-0.15444190,0.00006104
-0.15412190,0.00006104
-0.15380190,0.00006104
-0.15348190,0.00006104
-0.15316190,0.00006104
-0.15284190,0.00006104
-0.15252190,0.00006104
-0.15220190,0.00006104
-0.15188190,0.00006104
-0.15156190,0.00006104
-0.15124190,0.00006104
-0.15092190,0.00006104
-0.15060190,0.00006104
-0.15028190,0.00006104
-0.14996190,0.00006104
-0.14964190,-0.01770074
-0.14932190,0.00006104
-0.14900190,0.00006104
-0.14868190,0.00006104
-0.14836190,0.00006104
-0.14804190,0.00006104
-0.14772190,0.00006104
-0.14740190,0.00006104
-0.14708190,0.00006104
-0.14676190,0.00006104
-0.14644190,0.00006104
-0.14612190,0.00006104
-0.14580190,0.00006104
-0.14548190,0.00006104
-0.14516190,0.00006104
-0.14484190,0.00006104
-0.14452190,0.00006104
-0.14420190,0.00006104
-0.14388190,0.00006104
-0.14356190,0.00006104
-0.14324190,0.00006104
-0.14292190,0.00006104
-0.14260190,0.00006104
-0.14228190,0.00006104
-0.14196190,0.00006104
-0.14164190,0.00006104
-0.14132190,0.00006104
-0.14100190,0.00006104
-0.14068190,0.00006104
-0.14036190,0.00006104
-0.14004190,0.00006104
-0.13972190,0.00006104
-0.13940190,0.00006104
-0.13908190,0.00006104
-0.13876190,0.00006104
-0.13844190,0.00006104
-0.13812190,0.00006104
-0.13780190,0.00006104
-0.13748190,0.00006104
-0.13716190,0.00006104
-0.13684190,0.00006104
-0.13652190,-0.01770074
-0.13620190,0.00006104
-0.13588190,0.00006104
-0.13556190,0.00006104
-0.13524190,0.00006104
-0.13492190,0.00006104
-0.13460190,0.00006104
-0.13428190,0.00006104
-0.13396190,0.00006104
-0.13364190,0.00006104
-0.13332190,0.00006104
-0.13300190,0.00006104
-0.13268190,0.00006104
-0.13236190,0.00006104
-0.13204190,0.00006104
-0.13172190,0.00006104
-0.13140190,0.00006104
-0.13108190,0.00006104
-0.13076190,0.00006104
-0.13044190,0.00006104
-0.13012190,0.00006104
-0.12980190,0.00006104
-0.12948190,0.00006104
-0.12916190,0.00006104
-0.12884190,0.00006104
-0.12852190,0.00006104
-0.12820190,0.00006104
-0.12788190,0.00006104
-0.12756190,0.00006104
-0.12724190,0.00006104
-0.12692190,0.00006104
-0.12660190,0.00006104
-0.12628190,0.00006104
-0.12596190,0.00006104
-0.12564190,0.00006104
-0.12532190,-0.01770074
-0.12500190,0.00006104
-0.12468190,0.00006104
-0.12436190,0.00006104
-0.12404190,0.00006104
-0.12372190,0.00006104
-0.12340190,0.00006104
-0.12308190,0.00006104
-0.12276190,0.00006104
-0.12244190,0.00006104
-0.12212190,0.00006104
-0.12180190,0.00006104
-0.12148190,0.00006104
-0.12116190,0.00006104
-0.12084190,0.00006104
-0.12052190,0.00006104
-0.12020190,0.00006104
-0.11988190,0.00006104
-0.11956190,0.00006104
-0.11924190,0.00006104
-0.11892190,0.00006104
-0.11860190,0.00006104
-0.11828190,0.00006104
-0.11796190,0.00006104
-0.11764190,0.00006104
-0.11732190,0.00006104
-0.11700190,0.00006104
-0.11668190,0.00006104
-0.11636190,0.00006104
-0.11604190,0.00006104
-0.11572190,0.00006104
-0.11540190,0.00006104
-0.11508190,0.00006104
-0.11476190,0.00006104
-0.11444190,0.00006104
-0.11412190,0.00006104
-0.11380190,0.00006104
-0.11348190,0.00006104
-0.11316190,0.00006104
-0.11284190,0.00006104
-0.11252190,0.00006104
-0.11220190,0.00006104
-0.11188190,0.00006104
-0.11156190,0.00006104
-0.11124190,0.00006104
-0.11092190,0.00006104
-0.11060190,0.00006104
-0.11028190,0.00006104
-0.10996190,0.00006104
-0.10964190,0.00006104
-0.10932190,0.00006104
-0.10900190,0.00006104
-0.10868190,0.00006104
-0.10836190,0.00006104
-0.10804190,0.00006104
-0.10772190,0.00006104
-0.10740190,0.00006104
-0.10708190,0.00006104
-0.10676190,0.00006104
-0.10644190,0.00006104
-0.10612190,0.00006104
-0.10580190,0.00006104
-0.10548190,0.00006104
-0.10516190,0.00006104
-0.10484190,0.00006104
-0.10452190,0.00006104
-0.10420190,0.00006104
-0.10388190,0.00006104
-0.10356190,0.00006104
-0.10324190,0.00006104
-0.10292190,0.00006104
-0.10260190,0.00006104
-0.10228190,0.00006104
-0.10196190,0.00006104
-0.10164190,0.00006104
-0.10132190,0.00006104
-0.10100190,0.00006104
-0.10068190,0.00006104
-0.10036190,0.00006104
-0.10004190,0.00006104
-0.09972190,0.00006104
-0.09940190,0.00006104
-0.09908190,0.00006104
-0.09876190,0.00006104
-0.09844190,0.00006104
-0.09812190,0.00006104
-0.09780190,0.00006104
-0.09748190,0.00006104
-0.09716190,0.00006104
-0.09684190,0.00006104
-0.09652190,0.00006104
-0.09620190,0.00006104
-0.09588190,0.00006104
-0.09556190,0.00006104
-0.09524190,0.00006104
-0.09492190,0.00006104
-0.09460190,0.00006104
-0.09428190,0.00006104
-0.09396190,0.00006104
-0.09364190,0.00006104
-0.09332190,0.00006104
-0.09300190,0.00006104
-0.09268190,0.00006104
-0.09236190,0.00006104
-0.09204190,0.00006104
-0.09172190,0.00006104
-0.09140190,0.00006104
-0.09108190,0.00006104
-0.09076190,0.00006104
-0.09044190,0.00006104
-0.09012190,0.00006104
-0.08980190,0.00006104
-0.08948190,0.00006104
-0.08916190,-0.01770074
-0.08884190,0.00006104
-0.08852190,0.00006104
-0.08820190,0.00006104
-0.08788190,0.00006104
-0.08756190,0.00006104
-0.08724190,0.00006104
-0.08692190,0.00006104
-0.08660190,0.00006104
-0.08628190,0.00006104
-0.08596190,0.00006104
-0.08564190,0.00006104
-0.08532190,0.00006104
-0.08500190,-0.01770074
-0.08468190,0.00006104
-0.08436190,0.00006104
-0.08404190,0.00006104
-0.08372190,0.00006104
-0.08340190,0.00006104
-0.08308190,0.00006104
-0.08276190,0.00006104
-0.08244190,0.00006104
-0.08212190,0.00006104
-0.08180190,0.00006104
-0.08148190,0.00006104
-0.08116190,0.00006104
-0.08084190,0.00006104
-0.08052190,0.00006104
-0.08020190,0.00006104
-0.07988190,0.00006104
-0.07956190,0.00006104
-0.07924190,0.00006104
-0.07892190,0.00006104
-0.07860190,0.00006104
-0.07828190,0.00006104
-0.07796190,0.00006104
-0.07764190,0.00006104
-0.07732190,0.00006104
-0.07700190,0.00006104
-0.07668190,0.00006104
-0.07636190,0.00006104
-0.07604190,0.00006104
-0.07572190,0.00006104
-0.07540190,0.00006104
-0.07508190,0.00006104
-0.07476190,0.00006104
-0.07444190,0.00006104
-0.07412190,0.00006104
-0.07380190,0.00006104
-0.07348190,0.00006104
-0.07316190,0.00006104
-0.07284190,0.00006104
-0.07252190,0.00006104
-0.07220190,0.00006104
-0.07188190,0.00006104
-0.07156190,0.00006104
-0.07124190,0.00006104
-0.07092190,0.00006104
-0.07060190,0.00006104
-0.07028190,0.00006104
-0.06996190,0.00006104
-0.06964190,0.00006104
-0.06932190,0.00006104
-0.06900190,0.00006104
-0.06868190,0.00006104
-0.06836190,0.00006104
-0.06804190,0.00006104
-0.06772190,0.00006104
-0.06740190,0.00006104
-0.06708190,0.00006104
-0.06676190,0.00006104
-0.06644190,0.00006104
-0.06612190,0.00006104
-0.06580190,-0.01770074
-0.06548190,0.00006104
-0.06516190,0.00006104
-0.06484190,0.00006104
-0.06452190,0.00006104
-0.06420190,0.00006104
-0.06388190,0.00006104
-0.06356190,0.00006104
-0.06324190,0.00006104
-0.06292190,0.00006104
-0.06260190,0.00006104
-0.06228190,0.00006104
-0.06196190,0.00006104
-0.06164190,0.00006104
-0.06132190,0.00006104
-0.06100190,0.00006104
-0.06068190,0.00006104
-0.06036190,0.00006104
-0.06004190,0.00006104
-0.05972190,0.00006104
-0.05940190,0.00006104
-0.05908190,0.00006104
-0.05876190,0.00006104
-0.05844190,0.00006104
-0.05812190,0.00006104
-0.05780190,0.00006104
-0.05748190,0.00006104
-0.05716190,0.00006104
-0.05684190,0.00006104
-0.05652190,-0.01770074
-0.05620190,0.00006104
-0.05588190,0.00006104
-0.05556190,0.00006104
-0.05524190,0.00006104
-0.05492190,0.00006104
-0.05460190,0.00006104
-0.05428190,0.00006104
-0.05396190,0.00006104
-0.05364190,0.00006104
-0.05332190,0.00006104
-0.05300190,-0.01770074
-0.05268190,0.00006104
-0.05236190,0.00006104
-0.05204190,-0.01770074
-0.05172190,0.00006104
-0.05140190,0.00006104
-0.05108190,0.00006104
-0.05076190,0.00006104
-0.05044190,0.00006104
-0.05012190,0.00006104
-0.04980190,0.00006104
-0.04948190,0.00006104
-0.04916190,-0.01770074
-0.04884190,0.00006104
-0.04852190,0.00006104
-0.04820190,0.00006104
-0.04788190,0.00006104
-0.04756190,0.00006104
-0.04724190,0.00006104
-0.04692190,0.00006104
-0.04660190,0.00006104
-0.04628190,-0.01770074
-0.04596190,0.00006104
-0.04564190,0.00006104
-0.04532190,0.00006104
-0.04500190,0.00006104
-0.04468190,0.00006104
-0.04436190,0.00006104
-0.04404190,0.00006104
-0.04372190,-0.01770074
-0.04340190,0.01788385
-0.04308190,0.00006104
-0.04276190,0.00006104
-0.04244190,0.00006104
-0.04212190,0.00006104
-0.04180190,0.00006104
-0.04148190,0.00006104
-0.04116190,0.00006104
-0.04084190,0.00006104
-0.04052190,0.00006104
-0.04020190,0.00006104
-0.03988190,0.00006104
-0.03956190,0.00006104
-0.03924190,0.00006104
-0.03892190,0.00006104
-0.03860190,-0.01770074
-0.03828190,0.00006104
-0.03796190,0.00006104
-0.03764190,0.00006104
-0.03732190,0.00006104
-0.03700190,0.00006104
-0.03668190,0.00006104
-0.03636190,0.00006104
-0.03604190,0.00006104
-0.03572190,0.00006104
-0.03540190,0.00006104
-0.03508190,0.00006104
-0.03476190,0.00006104
-0.03444190,0.00006104
-0.03412190,0.00006104
-0.03380190,0.00006104
-0.03348190,0.00006104
-0.03316190,0.00006104
-0.03284190,0.00006104
-0.03252190,0.00006104
-0.03220190,0.00006104
-0.03188190,0.00006104
-0.03156190,0.00006104
-0.03124190,0.00006104
-0.03092190,0.00006104
-0.03060190,0.00006104
-0.03028190,0.00006104
-0.02996190,0.00006104
-0.02964190,0.00006104
-0.02932190,0.00006104
-0.02900190,0.00006104
-0.02868190,0.00006104
-0.02836190,0.00006104
-0.02804190,0.00006104
-0.02772190,0.00006104
-0.02740190,0.00006104
-0.02708190,0.00006104
-0.02676190,0.00006104
-0.02644190,0.00006104
-0.02612190,0.00006104
-0.02580190,0.00006104
-0.02548190,0.00006104
-0.02516190,0.00006104
-0.02484190,0.00006104
-0.02452190,-0.01770074
-0.02420190,0.00006104
-0.02388190,0.00006104
-0.02356190,0.00006104
-0.02324190,0.00006104
-0.02292190,0.00006104
-0.02260190,0.00006104
-0.02228190,0.00006104
-0.02196190,0.00006104
-0.02164190,0.00006104
-0.02132190,0.00006104
-0.02100190,0.00006104
-0.02068190,0.00006104
-0.02036190,-0.01770074
-0.02004190,0.00006104
-0.01972190,-0.01770074
-0.01940190,0.00006104
-0.01908190,0.00006104
-0.01876190,0.00006104
-0.01844190,0.00006104
-0.01812190,0.00006104
-0.01780190,0.00006104
-0.01748190,0.00006104
-0.01716190,0.00006104
-0.01684190,0.00006104
-0.01652190,0.00006104
-0.01620190,0.00006104
-0.01588190,0.00006104
-0.01556190,0.00006104
-0.01524190,0.00006104
-0.01492190,0.00006104
-0.01460190,0.00006104
-0.01428190,0.00006104
-0.01396190,-0.01770074
-0.01364190,0.00006104
-0.01332190,0.00006104
-0.01300190,0.00006104
-0.01268190,0.00006104
-0.01236190,0.00006104
-0.01204190,0.00006104
-0.01172190,0.00006104
-0.01140190,-0.01770074
-0.01108190,0.00006104
-0.01076190,0.00006104
-0.01044190,0.00006104
-0.01012190,0.00006104
-0.00980190,0.00006104
-0.00948190,0.00006104
-0.00916190,0.00006104
-0.00884190,0.00006104
-0.00852190,0.00006104
-0.00820190,0.00006104
-0.00788190,0.00006104
-0.00756190,0.00006104
-0.00724190,0.00006104
-0.00692190,0.00006104
-0.00660190,0.00006104
-0.00628190,0.00006104
-0.00596190,0.00006104
-0.00564190,0.00006104
-0.00532190,0.00006104
-0.00500190,0.00006104
-0.00468190,0.00006104
-0.00436190,-0.10669271
-0.00404190,1.15707874
-0.00372190,0.97909480
-0.00340190,0.32044435
-0.00308190,-0.03552354
-0.00276190,-0.10669271
-0.00244190,-0.07110813
-0.00212190,-0.03552354
-0.00180190,-0.01770074
-0.00148190,-0.01770074
-0.00116190,-0.42713705
-0.00084190,-1.12137210
-0.00052190,-∞
-0.00020190,-0.51612902
0.00011810,0.28485978
0.00043810,0.32044435
0.00075810,0.14246041
0.00107810,0.01788385
0.00139810,0.01788385
0.00171810,0.03570665
0.00203810,0.01788385
0.00235810,0.01788385
0.00267810,0.01788385
0.00299810,0.03570665
0.00331810,0.01788385
0.00363810,0.03570665
0.00395810,0.03570665
0.00427810,0.00006104
0.00459810,0.00006104
0.00491810,0.01788385
0.00523810,0.03570665
0.00555810,0.03570665
0.00587810,0.05346843
0.00619810,0.05346843
0.00651810,0.07129124
0.00683810,0.07129124
0.00715810,0.03570665
0.00747810,0.07129124
0.00779810,0.03570665
0.00811810,0.03570665
0.00843810,0.07129124
0.00875810,0.08911405
0.00907810,0.05346843
0.00939810,0.03570665
0.00971810,0.03570665
0.01003810,0.03570665
0.01035810,0.01788385
0.01067810,-0.01770074
0.01099810,-0.03552354
0.01131810,-0.03552354
0.01163810,-0.01770074
0.01195810,0.01788385
0.01227810,0.00006104
0.01259810,0.01788385
0.01291810,0.05346843
0.01323810,-0.03552354
0.01355810,0.00006104
0.01387810,0.01788385
0.01419810,-0.03552354
0.01451810,0.03570665
0.01483810,0.03570665
0.01515810,0.00006104
0.01547810,0.03570665
0.01579810,0.03570665
0.01611810,0.03570665
0.01643810,0.01788385
0.01675810,0.01788385
0.01707810,0.01788385
0.01739810,0.00006104
0.01771810,0.03570665
0.01803810,0.03570665
0.01835810,0.00006104
0.01867810,0.00006104
0.01899810,0.01788385
0.01931810,0.01788385
0.01963810,0.01788385
0.01995810,0.00006104
0.02027810,-0.01770074
0.02059810,0.00006104
0.02091810,0.01788385
0.02123810,0.00006104
0.02155810,0.00006104
0.02187810,0.03570665
0.02219810,0.01788385
0.02251810,0.01788385
0.02283810,0.00006104
0.02315810,0.00006104
0.02347810,0.01788385
0.02379810,0.03570665
0.02411810,0.00006104
0.02443810,0.00006104
0.02475810,0.03570665
0.02507810,0.01788385
0.02539810,0.01788385
0.02571810,0.00006104
0.02603810,0.00006104
0.02635810,0.00006104
0.02667810,0.00006104
0.02699810,-0.01770074
0.02731810,0.00006104
0.02763810,0.00006104
0.02795810,0.00006104
0.02827810,0.01788385
0.02859810,0.00006104
0.02891810,0.00006104
0.02923810,0.00006104
0.02955810,0.01788385
0.02987810,0.01788385
0.03019810,0.01788385
0.03051810,0.01788385
0.03083810,0.00006104
0.03115810,0.01788385
0.03147810,0.01788385
0.03179810,0.00006104
0.03211810,0.01788385
0.03243810,0.00006104
0.03275810,0.00006104
0.03307810,0.00006104
0.03339810,0.00006104
0.03371810,0.00006104
0.03403810,0.00006104
0.03435810,0.01788385
0.03467810,0.01788385
0.03499810,0.00006104
0.03531810,0.00006104
0.03563810,0.00006104
0.03595810,0.00006104
0.03627810,0.00006104
0.03659810,0.00006104
0.03691810,0.00006104
0.03723810,0.00006104
0.03755810,0.00006104
0.03787810,0.00006104
0.03819810,0.00006104
0.03851810,-0.01770074
0.03883810,0.00006104
0.03915810,0.00006104
0.03947810,0.00006104
0.03979810,0.00006104
0.04011810,0.00006104
0.04043810,0.01788385
0.04075810,0.00006104
0.04107810,0.00006104
0.04139810,0.01788385
0.04171810,0.01788385
0.04203810,0.00006104
0.04235810,0.01788385
0.04267810,0.00006104
0.04299810,0.00006104
0.04331810,0.00006104
0.04363810,0.00006104
0.04395810,0.00006104
0.04427810,0.00006104
0.04459810,0.00006104
0.04491810,0.00006104
0.04523810,0.00006104
0.04555810,0.00006104
0.04587810,0.00006104
0.04619810,0.00006104
0.04651810,0.00006104
0.04683810,0.00006104
0.04715810,0.00006104
0.04747810,0.00006104
0.04779810,0.00006104
0.04811810,0.00006104
0.04843810,0.00006104
0.04875810,0.00006104
0.04907810,0.00006104
0.04939810,0.00006104
0.04971810,0.00006104
0.05003810,0.00006104
0.05035810,0.00006104
0.05067810,0.00006104
0.05099810,0.00006104
0.05131810,0.00006104
0.05163810,0.00006104
0.05195810,0.00006104
0.05227810,0.00006104
0.05259810,0.00006104
0.05291810,0.00006104
0.05323810,0.00006104
0.05355810,0.00006104
0.05387810,0.00006104
0.05419810,0.00006104
0.05451810,0.00006104
0.05483810,0.00006104
0.05515810,0.00006104
0.05547810,0.00006104
0.05579810,0.00006104
0.05611810,0.00006104
0.05643810,0.01788385
0.05675810,0.00006104
0.05707810,0.00006104
0.05739810,0.00006104
0.05771810,0.00006104
0.05803810,0.00006104
0.05835810,0.00006104
0.05867810,0.00006104
0.05899810,0.00006104
0.05931810,0.00006104
0.05963810,0.00006104
0.05995810,0.00006104
0.06027810,0.00006104
0.06059810,0.00006104
0.06091810,0.00006104
0.06123810,0.00006104
0.06155810,0.00006104
0.06187810,0.00006104
0.06219810,0.00006104
0.06251810,0.00006104
0.06283810,0.00006104
0.06315810,0.00006104
0.06347810,0.00006104
0.06379810,0.00006104
0.06411810,0.00006104
0.06443810,0.00006104
0.06475810,0.00006104
0.06507810,0.00006104
0.06539810,0.00006104
0.06571810,0.00006104
0.06603810,0.00006104
0.06635810,0.00006104
0.06667810,0.00006104
0.06699810,0.00006104
0.06731810,0.00006104
0.06763810,0.00006104
0.06795810,0.00006104
0.06827810,0.00006104
0.06859810,0.00006104
0.06891810,0.00006104
0.06923810,0.00006104
0.06955810,0.00006104
0.06987810,0.00006104
0.07019810,0.00006104
0.07051810,0.00006104
0.07083810,0.00006104
0.07115810,0.00006104
0.07147810,0.00006104
0.07179810,0.00006104
0.07211810,0.00006104
0.07243810,0.00006104
0.07275810,0.00006104
0.07307810,0.00006104
0.07339810,0.00006104
0.07371810,0.00006104
0.07403810,0.00006104
0.07435810,0.00006104
0.07467810,0.00006104
0.07499810,0.00006104
0.07531810,0.00006104
0.07563810,0.00006104
0.07595810,0.00006104
0.07627810,0.00006104
0.07659810,0.00006104
0.07691810,0.00006104
0.07723810,0.00006104
0.07755810,0.00006104
0.07787810,0.00006104
0.07819810,0.00006104
0.07851810,0.00006104
0.07883810,0.00006104
0.07915810,0.00006104
0.07947810,0.00006104
0.07979810,0.00006104
0.08011810,0.00006104
0.08043810,0.00006104
0.08075810,0.00006104
0.08107810,0.00006104
0.08139810,0.00006104
0.08171810,0.00006104
0.08203810,0.00006104
0.08235810,0.00006104
0.08267810,0.00006104
0.08299810,0.00006104
0.08331810,0.00006104
0.08363810,0.00006104
0.08395810,0.00006104
0.08427810,0.00006104
0.08459810,0.00006104
0.08491810,0.00006104
0.08523810,0.00006104
0.08555810,0.00006104
0.08587810,0.00006104
0.08619810,0.00006104
0.08651810,0.00006104
0.08683810,0.00006104
0.08715810,0.00006104
0.08747810,0.00006104
0.08779810,0.00006104
0.08811810,-0.01770074
0.08843810,0.00006104
0.08875810,0.00006104
0.08907810,0.00006104
0.08939810,0.00006104
0.08971810,0.00006104
0.09003810,0.00006104
0.09035810,0.00006104
0.09067810,0.00006104
0.09099810,0.00006104
0.09131810,0.00006104
0.09163810,0.00006104
0.09195810,0.00006104
0.09227810,0.00006104
0.09259810,-0.01770074
0.09291810,0.00006104
0.09323810,0.00006104
0.09355810,0.00006104
0.09387810,0.00006104
0.09419810,0.00006104
0.09451810,0.00006104
0.09483810,0.00006104
0.09515810,0.00006104
0.09547810,0.00006104
0.09579810,0.00006104
0.09611810,0.00006104
0.09643810,0.00006104
0.09675810,0.00006104
0.09707810,0.00006104
0.09739810,0.00006104
0.09771810,0.00006104
0.09803810,0.00006104
0.09835810,0.00006104
0.09867810,0.00006104
0.09899810,0.00006104
0.09931810,0.00006104
0.09963810,0.00006104
0.09995810,0.00006104
0.10027810,0.00006104
0.10059810,0.00006104
0.10091810,-0.01770074
0.10123810,0.00006104
0.10155810,0.00006104
0.10187810,0.00006104
0.10219810,0.00006104
0.10251810,0.00006104
0.10283810,0.00006104
0.10315810,0.00006104
0.10347810,0.00006104
0.10379810,0.00006104
0.10411810,0.00006104
0.10443810,0.00006104
0.10475810,0.00006104
0.10507810,0.00006104
0.10539810,0.00006104
0.10571810,0.00006104
0.10603810,0.00006104
0.10635810,0.00006104
0.10667810,0.00006104
0.10699810,0.00006104
0.10731810,0.00006104
0.10763810,0.00006104
0.10795810,0.00006104
0.10827810,0.00006104
0.10859810,0.00006104
0.10891810,0.00006104
0.10923810,0.00006104
0.10955810,0.00006104
0.10987810,0.00006104
0.11019810,0.00006104
0.11051810,0.00006104
0.11083810,0.00006104
0.11115810,0.00006104
0.11147810,0.00006104
0.11179810,-0.01770074
0.11211810,0.00006104
0.11243810,0.00006104
0.11275810,0.00006104
0.11307810,0.00006104
0.11339810,0.00006104
0.11371810,0.00006104
0.11403810,0.00006104
0.11435810,0.00006104
0.11467810,0.00006104
0.11499810,0.00006104
0.11531810,0.00006104
0.11563810,0.00006104
0.11595810,0.00006104
0.11627810,0.00006104
0.11659810,-0.01770074
0.11691810,0.00006104
0.11723810,0.00006104
0.11755810,0.00006104
0.11787810,0.00006104
0.11819810,0.00006104
0.11851810,0.00006104
0.11883810,0.00006104
0.11915810,0.00006104
0.11947810,0.00006104
0.11979810,-0.01770074
0.12011810,0.00006104
0.12043810,0.00006104
0.12075810,0.00006104
0.12107810,0.00006104
0.12139810,0.00006104
0.12171810,-0.01770074
0.12203810,0.00006104
0.12235810,0.00006104
0.12267810,0.00006104
0.12299810,0.00006104
0.12331810,0.00006104
0.12363810,0.00006104
0.12395810,0.00006104
0.12427810,0.00006104
0.12459810,-0.01770074
0.12491810,0.00006104
0.12523810,0.00006104
0.12555810,0.00006104
0.12587810,0.00006104
0.12619810,0.00006104
0.12651810,0.00006104
0.12683810,0.00006104
0.12715810,0.00006104
0.12747810,0.00006104
0.12779810,0.00006104
0.12811810,0.00006104
0.12843810,0.00006104
0.12875810,-0.01770074
0.12907810,0.00006104
0.12939810,0.00006104
0.12971810,0.00006104
0.13003810,0.00006104
0.13035810,-0.01770074
0.13067810,0.00006104
0.13099810,0.00006104
0.13131810,0.00006104
0.13163810,0.00006104
0.13195810,0.00006104
0.13227810,-0.01770074
0.13259810,0.00006104
0.13291810,0.00006104
0.13323810,0.00006104
0.13355810,0.00006104
0.13387810,0.00006104
0.13419810,0.00006104
0.13451810,0.00006104
0.13483810,0.00006104
0.13515810,0.00006104
0.13547810,0.00006104
0.13579810,0.00006104
0.13611810,0.00006104
0.13643810,0.00006104
0.13675810,0.00006104
0.13707810,0.00006104
0.13739810,0.00006104
0.13771810,0.00006104
0.13803810,0.00006104
0.13835810,0.00006104
0.13867810,-0.01770074
0.13899810,0.00006104
0.13931810,0.00006104
0.13963810,0.00006104
0.13995810,0.00006104
0.14027810,0.00006104
0.14059810,0.00006104
0.14091810,0.00006104
0.14123810,0.00006104
0.14155810,0.00006104
0.14187810,0.00006104
0.14219810,0.00006104
0.14251810,0.00006104
0.14283810,0.00006104
0.14315810,0.00006104
0.14347810,0.00006104
0.14379810,0.00006104
0.14411810,0.00006104
0.14443810,0.00006104
0.14475810,0.00006104
0.14507810,0.00006104
0.14539810,0.00006104
0.14571810,0.00006104
0.14603810,0.00006104
0.14635810,0.00006104
0.14667810,0.00006104
0.14699810,0.00006104
0.14731810,0.00006104
0.14763810,0.00006104
0.14795810,0.00006104
0.14827810,0.00006104
0.14859810,0.00006104
0.14891810,0.00006104
0.14923810,0.00006104
0.14955810,0.00006104
0.14987810,0.00006104
0.15019810,0.00006104
0.15051810,0.00006104
0.15083810,0.00006104
0.15115810,0.00006104
0.15147810,0.00006104
0.15179810,0.00006104
0.15211810,0.00006104
0.15243810,0.00006104
0.15275810,0.00006104
0.15307810,0.00006104
0.15339810,0.00006104
0.15371810,0.00006104
0.15403810,0.00006104
0.15435810,0.00006104
0.15467810,0.00006104
0.15499810,0.00006104
0.15531810,0.00006104
0.15563810,0.00006104
0.15595810,0.00006104
0.15627810,0.00006104
0.15659810,0.00006104
0.15691810,0.00006104
0.15723810,0.00006104
0.15755810,0.00006104
0.15787810,0.00006104
0.15819810,0.00006104
0.15851810,0.00006104
0.15883810,0.00006104
0.15915810,0.00006104
0.15947810,0.00006104
0.15979810,0.00006104
0.16011810,0.00006104
0.16043810,-0.01770074
0.16075810,0.00006104
0.16107810,0.00006104
0.16139810,0.00006104
0.16171810,0.00006104
0.16203810,0.00006104
0.16235810,0.00006104
0.16267810,0.00006104
0.16299810,0.00006104
0.16331810,0.00006104
0.16363810,0.00006104
0.16395810,0.00006104
0.16427810,0.00006104
0.16459810,0.00006104
0.16491810,0.00006104
0.16523810,0.00006104
0.16555810,0.00006104
0.16587810,0.00006104
0.16619810,0.00006104
0.16651810,0.00006104
0.16683810,-0.01770074
0.16715810,0.00006104
0.16747810,0.00006104
0.16779810,0.00006104
0.16811810,0.00006104
0.16843810,0.00006104
0.16875810,0.00006104
0.16907810,0.00006104
0.16939810,0.00006104
0.16971810,0.00006104
0.17003810,0.00006104
0.17035810,0.00006104
0.17067810,0.00006104
0.17099810,0.00006104
0.17131810,0.00006104
0.17163810,0.00006104
0.17195810,0.00006104
0.17227810,0.00006104
0.17259810,0.00006104
0.17291810,0.00006104
0.17323810,0.00006104
0.17355810,0.00006104
0.17387810,0.00006104
0.17419810,0.00006104
0.17451810,0.00006104
0.17483810,0.00006104
0.17515810,0.00006104
0.17547810,0.00006104
0.17579810,0.00006104
0.17611810,0.00006104
0.17643810,0.00006104
0.17675810,0.00006104
0.17707810,0.00006104
0.17739810,0.00006104
0.17771810,0.00006104
0.17803810,-0.01770074
0.17835810,0.00006104
0.17867810,0.00006104
0.17899810,0.00006104
0.17931810,0.00006104
0.17963810,0.00006104
0.17995810,0.00006104
0.18027810,0.00006104
0.18059810,-0.01770074
0.18091810,0.00006104
0.18123810,0.00006104
0.18155810,0.00006104
0.18187810,0.00006104
0.18219810,0.00006104
0.18251810,0.00006104
0.18283810,0.00006104
0.18315810,0.00006104
0.18347810,0.00006104
0.18379810,0.00006104
0.18411810,0.00006104
0.18443810,0.00006104
0.18475810,0.00006104
0.18507810,0.00006104
0.18539810,0.00006104
0.18571810,0.00006104
0.18603810,0.00006104
0.18635810,0.00006104
0.18667810,0.00006104
0.18699810,0.00006104
0.18731810,0.00006104
0.18763810,0.00006104
0.18795810,0.00006104
0.18827810,0.00006104
0.18859810,0.00006104
0.18891810,0.00006104
0.18923810,0.00006104
0.18955810,0.00006104
0.18987810,0.00006104
0.19019810,0.00006104
0.19051810,0.00006104
0.19083810,0.00006104
0.19115810,0.00006104
0.19147810,0.00006104
0.19179810,0.00006104
0.19211810,0.00006104
0.19243810,0.00006104
0.19275810,0.00006104
0.19307810,0.00006104
0.19339810,0.00006104
0.19371810,0.00006104
0.19403810,0.00006104
0.19435810,0.00006104
0.19467810,0.00006104
0.19499810,0.00006104
0.19531810,0.00006104
0.19563810,0.00006104
0.19595810,-0.01770074
0.19627810,0.00006104
0.19659810,0.00006104
0.19691810,0.00006104
0.19723810,0.00006104
0.19755810,0.00006104
0.19787810,0.00006104
0.19819810,0.00006104
0.19851810,0.00006104
0.19883810,0.00006104
0.19915810,0.00006104
0.19947810,0.00006104
0.19979810,0.00006104
0.20011810,0.00006104
0.20043810,0.00006104
0.20075810,0.00006104
0.20107810,0.00006104
0.20139810,0.00006104
0.20171810,0.00006104
0.20203810,-0.01770074
0.20235810,0.00006104
0.20267810,0.00006104
0.20299810,0.00006104
0.20331810,-0.01770074
0.20363810,0.00006104
0.20395810,0.00006104
0.20427810,0.00006104
0.20459810,0.00006104
0.20491810,0.00006104
0.20523810,0.00006104
0.20555810,0.00006104
0.20587810,0.00006104
0.20619810,0.00006104
0.20651810,0.00006104
0.20683810,0.00006104
0.20715810,0.00006104
0.20747810,0.00006104
0.20779810,0.00006104
0.20811810,0.00006104
0.20843810,0.00006104
0.20875810,0.00006104
0.20907810,0.00006104
0.20939810,0.00006104
0.20971810,0.00006104
0.21003810,0.00006104
0.21035810,0.00006104
0.21067810,0.00006104
0.21099810,0.00006104
0.21131810,0.00006104
0.21163810,0.00006104
0.21195810,0.00006104
0.21227810,0.00006104
0.21259810,0.00006104
0.21291810,0.00006104
0.21323810,-0.01770074
0.21355810,0.00006104
0.21387810,0.00006104
0.21419810,0.00006104
0.21451810,0.00006104
0.21483810,-0.01770074
0.21515810,0.00006104
0.21547810,0.00006104
0.21579810,0.00006104
0.21611810,0.00006104
0.21643810,0.00006104
0.21675810,0.00006104
0.21707810,0.00006104
0.21739810,0.00006104
0.21771810,0.00006104
0.21803810,0.00006104
0.21835810,0.00006104
0.21867810,0.00006104
0.21899810,0.00006104
0.21931810,0.00006104
0.21963810,0.00006104
0.21995810,0.00006104
0.22027810,0.00006104
0.22059810,0.00006104
0.22091810,0.00006104
0.22123810,0.00006104
0.22155810,0.00006104
0.22187810,0.00006104
0.22219810,0.00006104
0.22251810,0.00006104
0.22283810,0.00006104
0.22315810,0.00006104
0.22347810,0.00006104
0.22379810,0.00006104
0.22411810,0.00006104
0.22443810,0.00006104
0.22475810,0.00006104
0.22507810,0.00006104
0.22539810,-0.01770074
0.22571810,0.00006104
0.22603810,0.00006104
0.22635810,0.00006104
0.22667810,0.00006104
0.22699810,-0.01770074
0.22731810,0.00006104
0.22763810,0.00006104
0.22795810,0.00006104
0.22827810,0.00006104
0.22859810,0.00006104
0.22891810,0.00006104
0.22923810,0.00006104
0.22955810,0.00006104
0.22987810,0.00006104
0.23019810,0.00006104
0.23051810,0.00006104
0.23083810,0.00006104
0.23115810,0.00006104
0.23147810,0.00006104
0.23179810,0.00006104
0.23211810,0.00006104
0.23243810,0.00006104
0.23275810,0.00006104
0.23307810,-0.01770074
0.23339810,0.00006104
0.23371810,0.00006104
0.23403810,0.00006104
0.23435810,0.00006104
0.23467810,0.00006104
0.23499810,0.00006104
0.23531810,0.00006104
0.23563810,0.00006104
0.23595810,0.00006104
0.23627810,0.00006104
0.23659810,0.00006104
0.23691810,0.00006104
0.23723810,0.00006104
0.23755810,0.00006104
0.23787810,0.00006104
0.23819810,0.00006104
0.23851810,0.00006104
0.23883810,0.00006104
0.23915810,0.00006104
0.23947810,0.00006104
0.23979810,0.00006104
0.24011810,0.00006104
0.24043810,0.00006104
0.24075810,0.00006104
0.24107810,0.00006104
0.24139810,0.00006104
0.24171810,0.00006104
0.24203810,0.00006104
0.24235810,0.00006104
0.24267810,0.00006104
0.24299810,0.00006104
0.24331810,0.00006104
0.24363810,0.00006104
0.24395810,0.00006104
0.24427810,0.00006104
0.24459810,0.00006104
0.24491810,0.00006104
0.24523810,-0.01770074
0.24555810,-0.01770074
0.24587810,0.00006104
0.24619810,-0.01770074
0.24651810,0.00006104
0.24683810,0.00006104
0.24715810,0.00006104
0.24747810,0.00006104
0.24779810,0.00006104
0.24811810,0.00006104
0.24843810,0.00006104
0.24875810,0.00006104
0.24907810,0.00006104
0.24939810,0.00006104
0.24971810,0.00006104
0.25003810,0.00006104
0.25035810,0.00006104
0.25067810,0.00006104
0.25099810,0.00006104
0.25131810,0.00006104
0.25163810,0.00006104
0.25195810,0.00006104
0.25227810,0.00006104
0.25259810,0.00006104
0.25291810,0.00006104
0.25323810,0.00006104
0.25355810,0.00006104
0.25387810,0.00006104
0.25419810,0.00006104
0.25451810,0.00006104
0.25483810,-0.01770074
0.25515810,0.00006104
0.25547810,0.00006104
0.25579810,0.00006104
0.25611810,0.00006104
0.25643810,0.00006104
0.25675810,0.00006104
0.25707810,0.00006104
0.25739810,0.00006104
0.25771810,0.00006104
0.25803810,0.00006104
0.25835810,0.00006104
0.25867810,0.00006104
0.25899810,0.00006104
0.25931810,0.00006104
0.25963810,0.01788385
0.25995810,0.00006104
0.26027810,0.00006104
0.26059810,0.00006104
0.26091810,0.00006104
0.26123810,0.00006104
0.26155810,0.00006104
0.26187810,-0.01770074
0.26219810,-0.01770074
0.26251810,-0.01770074
0.26283810,0.00006104
0.26315810,0.00006104
0.26347810,-0.01770074
0.26379810,-0.01770074
0.26411810,0.00006104
0.26443810,0.00006104
0.26475810,0.00006104
0.26507810,0.00006104
0.26539810,0.00006104
0.26571810,0.00006104
0.26603810,0.00006104
0.26635810,0.00006104
0.26667810,0.00006104
0.26699810,0.00006104
0.26731810,0.00006104
0.26763810,0.00006104
0.26795810,0.00006104
0.26827810,0.00006104
0.26859810,0.00006104
0.26891810,0.00006104
0.26923810,0.00006104
0.26955810,0.00006104
0.26987810,0.00006104
0.27019810,0.00006104
0.27051810,0.00006104
0.27083810,0.00006104
0.27115810,-0.01770074
0.27147810,0.00006104
0.27179810,-0.01770074
0.27211810,0.00006104
0.27243810,0.00006104
0.27275810,0.00006104
0.27307810,0.00006104
0.27339810,0.00006104
0.27371810,0.00006104
0.27403810,0.00006104
0.27435810,0.00006104
0.27467810,0.00006104
0.27499810,0.00006104
0.27531810,0.00006104
0.27563810,0.00006104
0.27595810,0.00006104
0.27627810,0.00006104
0.27659810,0.00006104
0.27691810,0.00006104
0.27723810,0.00006104
0.27755810,0.00006104
0.27787810,0.00006104
0.27819810,0.00006104
0.27851810,0.00006104
0.27883810,0.00006104
0.27915810,0.00006104
0.27947810,0.00006104
0.27979810,0.00006104
0.28011810,0.00006104
0.28043810,0.00006104
0.28075810,0.00006104
0.28107810,0.00006104
0.28139810,0.00006104
0.28171810,0.00006104
0.28203810,0.00006104
0.28235810,0.00006104
0.28267810,0.00006104
0.28299810,0.00006104
0.28331810,0.00006104
0.28363810,0.00006104
0.28395810,0.00006104
0.28427810,0.00006104
0.28459810,0.00006104
0.28491810,0.00006104
0.28523810,0.00006104
0.28555810,0.00006104
0.28587810,0.00006104
0.28619810,0.00006104
0.28651810,0.00006104
0.28683810,0.00006104
0.28715810,0.00006104
0.28747810,0.00006104
0.28779810,0.00006104
0.28811810,0.00006104
0.28843810,0.00006104
0.28875810,0.00006104
0.28907810,0.00006104
0.28939810,0.00006104
0.28971810,0.00006104
0.29003810,0.00006104
0.29035810,0.00006104
0.29067810,0.00006104
0.29099810,0.00006104
0.29131810,0.00006104
0.29163810,0.00006104
0.29195810,0.00006104
0.29227810,0.00006104
0.29259810,0.00006104
0.29291810,0.00006104
0.29323810,0.00006104
0.29355810,0.00006104
0.29387810,0.00006104
0.29419810,0.00006104
0.29451810,0.00006104
0.29483810,0.00006104
0.29515810,0.00006104
0.29547810,-0.01770074
0.29579810,0.00006104
0.29611810,0.00006104
0.29643810,0.00006104
0.29675810,0.00006104
0.29707810,0.00006104
0.29739810,0.00006104
0.29771810,0.00006104
0.29803810,0.00006104
0.29835810,0.00006104
0.29867810,0.00006104
0.29899810,0.00006104
0.29931810,0.00006104
0.29963810,0.00006104
0.29995810,0.00006104
0.30027810,0.00006104
0.30059810,0.00006104
0.30091810,0.00006104
0.30123810,0.00006104
0.30155810,0.00006104
0.30187810,0.00006104
0.30219810,0.00006104
0.30251810,0.00006104
0.30283810,0.00006104
0.30315810,0.00006104
0.30347810,0.00006104
0.30379810,0.00006104
0.30411810,0.00006104
0.30443810,0.00006104
0.30475810,0.00006104
0.30507810,0.00006104
0.30539810,0.00006104
0.30571810,0.00006104
0.30603810,0.00006104
0.30635810,-0.01770074
0.30667810,0.00006104
0.30699810,0.00006104
0.30731810,0.00006104
0.30763810,0.00006104
0.30795810,0.00006104
0.30827810,0.00006104
0.30859810,0.00006104
0.30891810,0.00006104
0.30923810,0.00006104
0.30955810,0.00006104
0.30987810,0.00006104
0.31019810,0.00006104
0.31051810,0.00006104
0.31083810,0.00006104
0.31115810,0.00006104
0.31147810,0.00006104
0.31179810,0.00006104
0.31211810,0.00006104
0.31243810,0.00006104
0.31275810,0.00006104
0.31307810,0.00006104
0.31339810,0.00006104
0.31371810,0.00006104
0.31403810,0.00006104
0.31435810,-0.01770074
0.31467810,0.00006104
0.31499810,0.00006104
0.31531810,0.00006104
0.31563810,0.00006104
0.31595810,0.00006104
0.31627810,0.00006104
0.31659810,0.00006104
0.31691810,0.00006104
0.31723810,0.00006104
0.31755810,0.00006104
0.31787810,0.00006104
0.31819810,0.00006104
0.31851810,0.00006104
0.31883810,0.00006104
0.31915810,0.00006104
0.31947810,0.00006104
0.31979810,0.00006104
0.32011810,0.00006104
0.32043810,0.00006104
0.32075810,0.00006104
0.32107810,0.00006104
0.32139810,0.00006104
0.32171810,0.00006104
0.32203810,-0.01770074
0.32235810,0.00006104
0.32267810,0.00006104
0.32299810,0.00006104
0.32331810,0.00006104
0.32363810,0.00006104
0.32395810,0.00006104
0.32427810,0.00006104
0.32459810,0.00006104
0.32491810,0.00006104
0.32523810,0.00006104
0.32555810,0.00006104
0.32587810,0.00006104
0.32619810,0.00006104
0.32651810,0.00006104
0.32683810,0.00006104
0.32715810,0.00006104
0.32747810,0.00006104
0.32779810,0.00006104
0.32811810,0.00006104
0.32843810,0.00006104
0.32875810,0.00006104
0.32907810,0.00006104
0.32939810,0.00006104
0.32971810,0.00006104
0.33003810,0.00006104
0.33035810,0.00006104
0.33067810,0.00006104
0.33099810,0.00006104
0.33131810,0.00006104
0.33163810,0.00006104
0.33195810,0.00006104
0.33227810,0.00006104
0.33259810,0.00006104
0.33291810,0.00006104
0.33323810,0.00006104
0.33355810,0.00006104
0.33387810,0.00006104
0.33419810,0.00006104
0.33451810,0.00006104
0.33483810,0.00006104
0.33515810,0.00006104
0.33547810,0.00006104
0.33579810,0.00006104
0.33611810,0.00006104
0.33643810,0.00006104
0.33675810,0.00006104
0.33707810,0.00006104
0.33739810,0.00006104
0.33771810,0.00006104
0.33803810,0.00006104
0.33835810,0.00006104
0.33867810,0.00006104
0.33899810,0.00006104
0.33931810,0.00006104
0.33963810,0.00006104
0.33995810,0.00006104
0.34027810,0.00006104
0.34059810,0.00006104
0.34091810,0.00006104
0.34123810,0.00006104
0.34155810,0.00006104
0.34187810,0.00006104
0.34219810,0.00006104
0.34251810,0.00006104
0.34283810,0.00006104
0.34315810,-0.01770074
0.34347810,0.00006104
0.34379810,0.00006104
0.34411810,0.00006104
0.34443810,0.00006104
0.34475810,-0.01770074
0.34507810,0.00006104
0.34539810,0.00006104
0.34571810,0.00006104
0.34603810,0.00006104
0.34635810,0.00006104
0.34667810,0.00006104
0.34699810,0.00006104
0.34731810,0.00006104
0.34763810,0.00006104
0.34795810,0.00006104
0.34827810,0.00006104
0.34859810,0.00006104
0.34891810,0.00006104
0.34923810,0.00006104
0.34955810,0.00006104
0.34987810,0.00006104
0.35019810,0.00006104
0.35051810,0.00006104
0.35083810,0.00006104
0.35115810,0.00006104
0.35147810,0.00006104
0.35179810,0.00006104
0.35211810,0.00006104
0.35243810,0.00006104
0.35275810,0.00006104
0.35307810,0.00006104
0.35339810,0.00006104
0.35371810,-0.01770074
0.35403810,0.00006104
0.35435810,0.00006104
0.35467810,0.00006104
0.35499810,0.00006104
0.35531810,0.00006104
0.35563810,0.00006104
0.35595810,0.00006104
0.35627810,0.00006104
0.35659810,0.00006104
0.35691810,0.00006104
0.35723810,0.00006104
0.35755810,0.00006104
0.35787810,0.00006104
0.35819810,0.00006104
0.35851810,0.00006104
0.35883810,0.00006104
0.35915810,0.00006104
0.35947810,0.00006104
0.35979810,0.00006104
0.36011810,0.00006104
0.36043810,0.00006104
0.36075810,0.00006104
0.36107810,0.00006104
0.36139810,0.00006104
0.36171810,0.00006104
0.36203810,0.00006104
0.36235810,0.00006104
0.36267810,0.00006104
0.36299810,0.00006104
0.36331810,0.00006104
0.36363810,0.00006104
0.36395810,0.00006104
0.36427810,0.00006104
0.36459810,0.00006104
0.36491810,0.00006104
0.36523810,-0.01770074
0.36555810,0.00006104
0.36587810,0.00006104
0.36619810,0.00006104
0.36651810,0.00006104
0.36683810,0.00006104
0.36715810,0.00006104
0.36747810,0.00006104
0.36779810,0.00006104
0.36811810,0.00006104
0.36843810,0.00006104
0.36875810,-0.01770074
0.36907810,0.00006104
0.36939810,0.00006104
0.36971810,0.00006104
0.37003810,0.00006104
0.37035810,0.00006104
0.37067810,0.00006104
0.37099810,0.00006104
0.37131810,0.00006104
0.37163810,0.00006104
0.37195810,0.00006104
0.37227810,0.00006104
0.37259810,0.00006104
0.37291810,0.00006104
0.37323810,0.00006104
0.37355810,0.00006104
0.37387810,0.00006104
0.37419810,0.00006104
0.37451810,0.00006104
0.37483810,0.00006104
0.37515810,0.00006104
0.37547810,0.00006104
0.37579810,0.00006104
0.37611810,0.00006104
0.37643810,0.00006104
0.37675810,0.00006104
0.37707810,0.00006104
0.37739810,0.00006104
0.37771810,0.00006104
0.37803810,0.00006104
0.37835810,0.00006104
0.37867810,0.00006104
0.37899810,0.00006104
0.37931810,0.00006104
0.37963810,0.00006104
0.37995810,0.00006104
0.38027810,0.00006104
0.38059810,0.00006104
0.38091810,0.00006104
0.38123810,0.00006104
0.38155810,0.00006104
0.38187810,0.00006104
0.38219810,0.00006104
0.38251810,0.00006104
0.38283810,0.00006104
0.38315810,0.00006104
0.38347810,0.00006104
0.38379810,0.00006104
0.38411810,0.00006104
0.38443810,0.00006104
0.38475810,0.00006104
0.38507810,0.00006104
0.38539810,0.00006104
0.38571810,0.00006104
0.38603810,0.00006104
0.38635810,0.00006104
0.38667810,0.00006104
0.38699810,0.00006104
0.38731810,0.00006104
0.38763810,0.00006104
0.38795810,0.00006104
0.38827810,0.00006104
0.38859810,0.00006104
0.38891810,0.00006104
0.38923810,0.00006104
0.38955810,0.00006104
0.38987810,0.00006104
0.39019810,0.00006104
0.39051810,0.00006104
0.39083810,-0.01770074
0.39115810,0.00006104
0.39147810,-0.01770074
0.39179810,0.00006104
0.39211810,0.00006104
0.39243810,0.00006104
0.39275810,0.00006104
0.39307810,0.00006104
0.39339810,0.00006104
0.39371810,0.00006104
0.39403810,0.00006104
0.39435810,0.00006104
0.39467810,0.00006104
0.39499810,0.00006104
0.39531810,0.00006104
0.39563810,0.00006104
0.39595810,0.00006104
0.39627810,0.00006104
0.39659810,0.00006104
0.39691810,0.00006104
0.39723810,0.00006104
0.39755810,0.00006104
0.39787810,0.00006104
0.39819810,0.00006104
0.39851810,0.00006104
0.39883810,-0.01770074
0.39915810,0.00006104
0.39947810,0.00006104
0.39979810,0.00006104
0.40011810,0.00006104
0.40043810,0.00006104
0.40075810,0.00006104
0.40107810,0.00006104
0.40139810,0.00006104
0.40171810,0.00006104
0.40203810,0.00006104
0.40235810,0.00006104
0.40267810,0.00006104
0.40299810,0.00006104
0.40331810,-0.01770074
0.40363810,0.00006104
0.40395810,0.00006104
0.40427810,0.00006104
0.40459810,0.00006104
0.40491810,0.00006104
0.40523810,0.00006104
0.40555810,0.00006104
0.40587810,-0.01770074
0.40619810,0.00006104
0.40651810,0.00006104
0.40683810,0.00006104
0.40715810,0.00006104
0.40747810,0.00006104
0.40779810,0.00006104
0.40811810,0.00006104
0.40843810,0.00006104
0.40875810,0.00006104
0.40907810,0.00006104
0.40939810,0.00006104
0.40971810,0.00006104
0.41003810,0.00006104
0.41035810,0.00006104
0.41067810,0.00006104
0.41099810,0.00006104
0.41131810,0.00006104
0.41163810,0.00006104
0.41195810,0.00006104
0.41227810,0.00006104
0.41259810,0.00006104
0.41291810,0.00006104
0.41323810,0.00006104
0.41355810,0.00006104
0.41387810,0.00006104
0.41419810,0.00006104
0.41451810,0.00006104
0.41483810,0.00006104
0.41515810,0.00006104
0.41547810,0.00006104
0.41579810,0.00006104
0.41611810,0.00006104
0.41643810,0.00006104
0.41675810,0.00006104
0.41707810,0.00006104
0.41739810,0.00006104
0.41771810,0.00006104
0.41803810,0.00006104
0.41835810,0.00006104
0.41867810,0.00006104
0.41899810,0.00006104
0.41931810,0.00006104
0.41963810,0.00006104
0.41995810,0.00006104
0.42027810,-0.01770074
0.42059810,0.00006104
0.42091810,0.00006104
0.42123810,0.00006104
0.42155810,0.00006104
0.42187810,-0.01770074
0.42219810,0.00006104
0.42251810,0.00006104
0.42283810,0.00006104
0.42315810,0.00006104
0.42347810,0.00006104
0.42379810,0.00006104
0.42411810,0.00006104
0.42443810,0.00006104
0.42475810,0.00006104
0.42507810,0.00006104
0.42539810,0.00006104
0.42571810,0.00006104
0.42603810,-0.01770074
0.42635810,0.00006104
0.42667810,0.00006104
0.42699810,0.00006104
0.42731810,0.00006104
0.42763810,0.00006104
0.42795810,0.00006104
0.42827810,-0.01770074
0.42859810,0.00006104
0.42891810,-0.01770074
0.42923810,0.00006104
0.42955810,-0.01770074
0.42987810,0.00006104
0.43019810,0.00006104
0.43051810,0.00006104
0.43083810,0.00006104
0.43115810,0.00006104
0.43147810,0.00006104
0.43179810,0.00006104
0.43211810,-0.01770074
0.43243810,0.00006104
0.43275810,0.00006104
0.43307810,0.00006104
0.43339810,0.00006104
0.43371810,0.00006104
0.43403810,0.00006104
0.43435810,0.00006104
0.43467810,0.00006104
0.43499810,0.00006104
0.43531810,0.00006104
0.43563810,0.00006104
0.43595810,0.00006104
0.43627810,0.00006104
0.43659810,0.00006104
0.43691810,0.00006104
0.43723810,0.00006104
0.43755810,0.00006104
0.43787810,0.00006104
0.43819810,0.00006104
0.43851810,0.00006104
0.43883810,0.00006104
0.43915810,0.00006104
0.43947810,0.01788385
0.43979810,0.00006104
0.44011810,0.00006104
0.44043810,0.00006104
0.44075810,0.00006104
0.44107810,0.00006104
0.44139810,0.00006104
0.44171810,0.00006104
0.44203810,0.00006104
0.44235810,0.00006104
0.44267810,0.00006104
0.44299810,0.00006104
0.44331810,0.00006104
0.44363810,0.00006104
0.44395810,0.00006104
0.44427810,0.00006104
0.44459810,0.00006104
0.44491810,0.00006104
0.44523810,0.00006104
0.44555810,0.00006104
0.44587810,0.00006104
0.44619810,0.00006104
0.44651810,0.00006104
0.44683810,0.00006104
0.44715810,-0.01770074
0.44747810,0.00006104
0.44779810,0.00006104
0.44811810,0.00006104
0.44843810,0.00006104
0.44875810,0.00006104
0.44907810,0.00006104
0.44939810,0.00006104
0.44971810,0.00006104
0.45003810,0.00006104
0.45035810,-0.01770074
0.45067810,0.00006104
0.45099810,0.00006104
0.45131810,0.00006104
0.45163810,0.00006104
0.45195810,0.00006104
0.45227810,-0.01770074
0.45259810,0.00006104
0.45291810,0.00006104
0.45323810,0.00006104
0.45355810,0.00006104
0.45387810,0.00006104
0.45419810,-0.01770074
0.45451810,0.00006104
0.45483810,0.00006104
0.45515810,0.00006104
0.45547810,0.00006104
0.45579810,0.00006104
0.45611810,0.00006104
0.45643810,0.00006104
0.45675810,0.00006104
0.45707810,0.00006104
0.45739810,0.00006104
0.45771810,0.00006104
0.45803810,0.00006104
0.45835810,0.00006104
0.45867810,0.00006104
0.45899810,0.00006104
0.45931810,0.00006104
0.45963810,0.00006104
0.45995810,0.00006104
0.46027810,0.00006104
0.46059810,0.00006104
0.46091810,0.00006104
0.46123810,0.00006104
0.46155810,0.00006104
0.46187810,0.00006104
0.46219810,0.00006104
0.46251810,0.00006104
0.46283810,0.00006104
0.46315810,0.00006104
0.46347810,0.00006104
0.46379810,0.00006104
0.46411810,0.00006104
0.46443810,0.00006104
0.46475810,0.00006104
0.46507810,0.00006104
0.46539810,0.00006104
0.46571810,0.00006104
0.46603810,0.00006104
0.46635810,0.00006104
0.46667810,0.00006104
0.46699810,0.00006104
0.46731810,0.00006104
0.46763810,0.00006104
0.46795810,0.00006104
0.46827810,0.00006104
0.46859810,0.00006104
0.46891810,0.00006104
0.46923810,0.00006104
0.46955810,0.00006104
0.46987810,0.00006104
0.47019810,0.00006104
0.47051810,0.00006104
0.47083810,0.00006104
0.47115810,0.00006104
0.47147810,0.00006104
0.47179810,0.00006104
0.47211810,0.00006104
0.47243810,0.00006104
0.47275810,0.00006104
0.47307810,0.00006104
0.47339810,0.00006104
0.47371810,0.00006104
0.47403810,0.00006104
0.47435810,0.00006104
0.47467810,0.00006104
0.47499810,0.00006104
0.47531810,0.00006104
0.47563810,0.00006104
0.47595810,0.00006104
0.47627810,0.00006104
0.47659810,0.00006104
0.47691810,0.00006104
0.47723810,0.00006104
0.47755810,0.00006104
0.47787810,0.00006104
0.47819810,0.00006104
0.47851810,0.00006104
0.47883810,0.00006104
0.47915810,0.00006104
0.47947810,0.00006104
0.47979810,0.00006104
0.48011810,0.00006104
0.48043810,0.00006104
0.48075810,0.00006104
0.48107810,0.00006104
0.48139810,0.00006104
0.48171810,0.00006104
0.48203810,0.00006104
0.48235810,0.00006104
0.48267810,0.00006104
0.48299810,0.00006104
0.48331810,0.00006104
0.48363810,0.00006104
0.48395810,0.00006104
0.48427810,0.00006104
0.48459810,0.00006104
0.48491810,0.00006104
0.48523810,0.00006104
0.48555810,0.00006104
0.48587810,0.00006104
0.48619810,0.00006104
0.48651810,0.00006104
0.48683810,0.00006104
0.48715810,0.00006104
0.48747810,0.00006104
0.48779810,-0.01770074
0.48811810,-0.01770074
0.48843810,0.00006104
0.48875810,0.00006104
0.48907810,0.00006104
0.48939810,0.00006104
0.48971810,0.00006104
0.49003810,0.00006104
0.49035810,0.00006104
0.49067810,0.00006104
0.49099810,0.00006104
0.49131810,0.00006104
0.49163810,0.00006104
0.49195810,0.00006104
0.49227810,0.00006104
0.49259810,0.00006104
0.49291810,0.00006104
0.49323810,0.00006104
0.49355810,0.00006104
0.49387810,0.00006104
0.49419810,0.00006104
0.49451810,0.00006104
0.49483810,0.00006104
0.49515810,0.00006104
0.49547810,0.00006104
0.49579810,0.00006104
0.49611810,0.30262154
0.49643810,-1.37058628
0.49675810,-0.19574572
0.49707810,0.21362957
0.49739810,0.19580676
0.49771810,0.05346843
0.49803810,-0.01770074
0.49835810,-0.05334635
0.49867810,-0.03552354
0.49899810,-0.01770074
0.49931810,-∞
0.49963810,-0.78316599
0.49995810,0.08911405
0.50027810,0.07129124
0.50059810,-0.03552354
0.50091810,-0.01770074
0.50123810,0.05346843
0.50155810,0.05346843
0.50187810,0.03570665
0.50219810,0.01788385
0.50251810,0.00006104
0.50283810,0.00006104
0.50315810,0.00006104
0.50347810,0.01788385
0.50379810,0.01788385
0.50411810,0.01788385
0.50443810,0.01788385
0.50475810,0.00006104
0.50507810,0.00006104
0.50539810,0.01788385
0.50571810,0.01788385
0.50603810,0.01788385
0.50635810,0.05346843
0.50667810,0.07129124
0.50699810,0.07129124
0.50731810,0.07129124
0.50763810,0.03570665
0.50795810,0.07129124
0.50827810,0.07129124
0.50859810,0.03570665
0.50891810,0.07129124
0.50923810,0.07129124
0.50955810,0.03570665
0.50987810,0.01788385
0.51019810,0.01788385
0.51051810,0.01788385
0.51083810,0.01788385
0.51115810,-0.01770074
0.51147810,-0.03552354
0.51179810,-0.01770074
0.51211810,-0.03552354
0.51243810,0.01788385
0.51275810,0.00006104
0.51307810,0.01788385
0.51339810,0.05346843
0.51371810,-0.03552354
0.51403810,0.00006104
0.51435810,0.01788385
0.51467810,-0.03552354
0.51499810,0.01788385
0.51531810,0.03570665
0.51563810,0.00006104
0.51595810,0.03570665
0.51627810,0.03570665
0.51659810,0.01788385
0.51691810,0.00006104
0.51723810,0.01788385
0.51755810,0.01788385
0.51787810,0.00006104
0.51819810,0.01788385
0.51851810,0.03570665
0.51883810,0.00006104
0.51915810,0.00006104
0.51947810,0.01788385
0.51979810,0.00006104
0.52011810,0.01788385
