Time,Channel A
(ms),(V)

-1.48092140,0.00006104
-1.48060140,0.01788385
-1.48028140,0.01788385
-1.47996140,0.01788385
-1.47964140,0.01788385
-1.47932140,0.00006104
-1.47900140,-0.01770074
-1.47868140,0.01788385
-1.47836140,0.00006104
-1.47804140,0.00006104
-1.47772140,0.01788385
-1.47740140,0.01788385
-1.47708140,0.01788385
-1.47676140,0.01788385
-1.47644140,0.00006104
-1.47612140,0.00006104
-1.47580140,0.03570665
-1.47548140,0.00006104
-1.47516140,0.01788385
-1.47484140,0.03570665
-1.47452140,0.01788385
-1.47420140,0.00006104
-1.47388140,0.00006104
-1.47356140,0.00006104
-1.47324140,0.00006104
-1.47292140,0.00006104
-1.47260140,-0.01770074
-1.47228140,0.00006104
-1.47196140,0.00006104
-1.47164140,0.00006104
-1.47132140,0.00006104
-1.47100140,0.00006104
-1.47068140,0.01788385
-1.47036140,0.01788385
-1.47004140,0.01788385
-1.46972140,0.00006104
-1.46940140,0.00006104
-1.46908140,0.01788385
-1.46876140,0.00006104
-1.46844140,0.01788385
-1.46812140,0.00006104
-1.46780140,0.01788385
-1.46748140,0.01788385
-1.46716140,0.00006104
-1.46684140,0.00006104
-1.46652140,0.00006104
-1.46620140,0.00006104
-1.46588140,0.00006104
-1.46556140,0.00006104
-1.46524140,0.00006104
-1.46492140,0.00006104
-1.46460140,0.01788385
-1.46428140,0.00006104
-1.46396140,0.00006104
-1.46364140,0.01788385
-1.46332140,0.00006104
-1.46300140,0.00006104
-1.46268140,0.01788385
-1.46236140,0.00006104
-1.46204140,0.00006104
-1.46172140,0.00006104
-1.46140140,0.00006104
-1.46108140,0.00006104
-1.46076140,0.00006104
-1.46044140,-0.01770074
-1.46012140,0.00006104
-1.45980140,0.00006104
-1.45948140,0.00006104
-1.45916140,0.01788385
-1.45884140,0.01788385
-1.45852140,0.00006104
-1.45820140,0.01788385
-1.45788140,0.00006104
-1.45756140,0.00006104
-1.45724140,0.01788385
-1.45692140,0.00006104
-1.45660140,0.00006104
-1.45628140,0.00006104
-1.45596140,0.00006104
-1.45564140,0.00006104
-1.45532140,0.00006104
-1.45500140,0.00006104
-1.45468140,-0.01770074
-1.45436140,0.00006104
-1.45404140,0.00006104
-1.45372140,-0.01770074
-1.45340140,0.00006104
-1.45308140,0.00006104
-1.45276140,0.00006104
-1.45244140,0.00006104
-1.45212140,0.00006104
-1.45180140,-0.01770074
-1.45148140,0.00006104
-1.45116140,0.00006104
-1.45084140,0.00006104
-1.45052140,0.01788385
-1.45020140,0.00006104
-1.44988140,0.00006104
-1.44956140,0.00006104
-1.44924140,0.00006104
-1.44892140,0.00006104
-1.44860140,0.00006104
-1.44828140,0.00006104
-1.44796140,0.00006104
-1.44764140,0.00006104
-1.44732140,-0.01770074
-1.44700140,0.00006104
-1.44668140,0.00006104
-1.44636140,0.00006104
-1.44604140,0.00006104
-1.44572140,0.00006104
-1.44540140,0.00006104
-1.44508140,0.00006104
-1.44476140,0.00006104
-1.44444140,0.00006104
-1.44412140,0.00006104
-1.44380140,0.00006104
-1.44348140,0.00006104
-1.44316140,0.00006104
-1.44284140,0.00006104
-1.44252140,0.00006104
-1.44220140,0.00006104
-1.44188140,0.00006104
-1.44156140,0.00006104
-1.44124140,0.00006104
-1.44092140,0.00006104
-1.44060140,0.00006104
-1.44028140,0.00006104
-1.43996140,0.00006104
-1.43964140,0.00006104
-1.43932140,0.00006104
-1.43900140,0.00006104
-1.43868140,0.00006104
-1.43836140,0.00006104
-1.43804140,0.00006104
-1.43772140,0.00006104
-1.43740140,0.00006104
-1.43708140,0.00006104
-1.43676140,0.00006104
-1.43644140,0.00006104
-1.43612140,0.00006104
-1.43580140,0.00006104
-1.43548140,0.00006104
-1.43516140,0.00006104
-1.43484140,0.00006104
-1.43452140,0.00006104
-1.43420140,0.00006104
-1.43388140,0.00006104
-1.43356140,0.00006104
-1.43324140,0.00006104
-1.43292140,0.00006104
-1.43260140,0.00006104
-1.43228140,0.00006104
-1.43196140,0.00006104
-1.43164140,0.00006104
-1.43132140,0.00006104
-1.43100140,0.00006104
-1.43068140,0.00006104
-1.43036140,0.00006104
-1.43004140,0.00006104
-1.42972140,0.00006104
-1.42940140,0.00006104
-1.42908140,0.00006104
-1.42876140,-0.01770074
-1.42844140,0.00006104
-1.42812140,0.00006104
-1.42780140,0.00006104
-1.42748140,0.00006104
-1.42716140,0.00006104
-1.42684140,0.00006104
-1.42652140,0.00006104
-1.42620140,0.00006104
-1.42588140,0.00006104
-1.42556140,0.00006104
-1.42524140,0.00006104
-1.42492140,0.00006104
-1.42460140,0.00006104
-1.42428140,0.00006104
-1.42396140,0.00006104
-1.42364140,0.00006104
-1.42332140,-0.01770074
-1.42300140,0.00006104
-1.42268140,0.00006104
-1.42236140,0.00006104
-1.42204140,0.00006104
-1.42172140,0.00006104
-1.42140140,0.00006104
-1.42108140,0.00006104
-1.42076140,0.00006104
-1.42044140,0.00006104
-1.42012140,0.00006104
-1.41980140,0.00006104
-1.41948140,0.00006104
-1.41916140,0.00006104
-1.41884140,-0.01770074
-1.41852140,0.00006104
-1.41820140,0.00006104
-1.41788140,0.00006104
-1.41756140,0.00006104
-1.41724140,0.00006104
-1.41692140,0.00006104
-1.41660140,0.00006104
-1.41628140,0.00006104
-1.41596140,0.00006104
-1.41564140,0.00006104
-1.41532140,0.00006104
-1.41500140,0.00006104
-1.41468140,-0.01770074
-1.41436140,0.00006104
-1.41404140,0.00006104
-1.41372140,0.00006104
-1.41340140,0.00006104
-1.41308140,0.00006104
-1.41276140,0.00006104
-1.41244140,0.00006104
-1.41212140,0.00006104
-1.41180140,0.00006104
-1.41148140,0.00006104
-1.41116140,0.00006104
-1.41084140,0.00006104
-1.41052140,0.00006104
-1.41020140,0.00006104
-1.40988140,0.00006104
-1.40956140,-0.01770074
-1.40924140,0.00006104
-1.40892140,0.00006104
-1.40860140,0.00006104
-1.40828140,0.00006104
-1.40796140,0.00006104
-1.40764140,0.00006104
-1.40732140,0.00006104
-1.40700140,0.00006104
-1.40668140,0.00006104
-1.40636140,-0.01770074
-1.40604140,0.00006104
-1.40572140,0.00006104
-1.40540140,0.00006104
-1.40508140,0.00006104
-1.40476140,0.00006104
-1.40444140,0.00006104
-1.40412140,0.00006104
-1.40380140,0.00006104
-1.40348140,0.00006104
-1.40316140,0.00006104
-1.40284140,0.00006104
-1.40252140,0.00006104
-1.40220140,0.00006104
-1.40188140,0.00006104
-1.40156140,0.00006104
-1.40124140,0.00006104
-1.40092140,0.00006104
-1.40060140,0.00006104
-1.40028140,0.00006104
-1.39996140,0.00006104
-1.39964140,0.00006104
-1.39932140,0.00006104
-1.39900140,0.00006104
-1.39868140,0.00006104
-1.39836140,0.00006104
-1.39804140,0.00006104
-1.39772140,0.00006104
-1.39740140,0.00006104
-1.39708140,-0.01770074
-1.39676140,0.00006104
-1.39644140,0.00006104
-1.39612140,0.00006104
-1.39580140,0.00006104
-1.39548140,0.00006104
-1.39516140,0.00006104
-1.39484140,0.00006104
-1.39452140,0.00006104
-1.39420140,0.00006104
-1.39388140,0.00006104
-1.39356140,0.00006104
-1.39324140,0.00006104
-1.39292140,0.00006104
-1.39260140,0.00006104
-1.39228140,0.00006104
-1.39196140,0.00006104
-1.39164140,0.00006104
-1.39132140,0.00006104
-1.39100140,0.00006104
-1.39068140,0.00006104
-1.39036140,0.00006104
-1.39004140,0.00006104
-1.38972140,0.00006104
-1.38940140,0.00006104
-1.38908140,0.00006104
-1.38876140,0.00006104
-1.38844140,0.00006104
-1.38812141,0.00006104
-1.38780141,0.00006104
-1.38748141,0.00006104
-1.38716141,0.00006104
-1.38684141,0.00006104
-1.38652141,0.00006104
-1.38620141,0.00006104
-1.38588141,0.00006104
-1.38556141,0.00006104
-1.38524141,0.00006104
-1.38492141,0.00006104
-1.38460141,0.00006104
-1.38428141,0.00006104
-1.38396141,0.00006104
-1.38364141,0.00006104
-1.38332141,0.00006104
-1.38300141,-0.01770074
-1.38268141,-0.01770074
-1.38236141,0.00006104
-1.38204141,0.00006104
-1.38172141,0.00006104
-1.38140141,0.00006104
-1.38108141,-0.01770074
-1.38076141,-0.01770074
-1.38044141,0.00006104
-1.38012141,0.00006104
-1.37980141,0.00006104
-1.37948141,0.00006104
-1.37916141,0.00006104
-1.37884141,0.00006104
-1.37852141,0.00006104
-1.37820141,0.00006104
-1.37788141,0.00006104
-1.37756141,0.00006104
-1.37724141,0.00006104
-1.37692141,0.00006104
-1.37660141,0.00006104
-1.37628141,-0.01770074
-1.37596141,0.00006104
-1.37564141,0.00006104
-1.37532141,0.00006104
-1.37500141,0.00006104
-1.37468141,0.00006104
-1.37436141,0.00006104
-1.37404141,0.00006104
-1.37372141,0.00006104
-1.37340141,0.00006104
-1.37308141,0.00006104
-1.37276141,0.00006104
-1.37244141,0.00006104
-1.37212141,0.00006104
-1.37180141,0.00006104
-1.37148141,0.00006104
-1.37116141,0.00006104
-1.37084141,0.00006104
-1.37052141,0.00006104
-1.37020141,0.00006104
-1.36988141,0.00006104
-1.36956141,0.00006104
-1.36924141,0.00006104
-1.36892141,0.00006104
-1.36860141,0.00006104
-1.36828141,0.00006104
-1.36796141,0.00006104
-1.36764141,0.00006104
-1.36732141,0.00006104
-1.36700141,0.00006104
-1.36668141,0.00006104
-1.36636141,0.00006104
-1.36604141,0.00006104
-1.36572141,0.00006104
-1.36540141,0.00006104
-1.36508141,0.00006104
-1.36476141,0.00006104
-1.36444141,0.00006104
-1.36412141,0.00006104
-1.36380141,0.00006104
-1.36348141,0.00006104
-1.36316141,0.00006104
-1.36284141,0.00006104
-1.36252141,0.00006104
-1.36220141,0.00006104
-1.36188141,0.00006104
-1.36156141,0.00006104
-1.36124141,0.00006104
-1.36092141,0.00006104
-1.36060141,0.00006104
-1.36028141,-0.01770074
-1.35996141,0.00006104
-1.35964141,0.00006104
-1.35932141,0.00006104
-1.35900141,0.00006104
-1.35868141,0.00006104
-1.35836141,0.00006104
-1.35804141,0.00006104
-1.35772141,0.00006104
-1.35740141,0.00006104
-1.35708141,0.00006104
-1.35676141,0.00006104
-1.35644141,0.00006104
-1.35612141,0.00006104
-1.35580141,0.00006104
-1.35548141,0.00006104
-1.35516141,0.00006104
-1.35484141,0.00006104
-1.35452141,0.00006104
-1.35420141,-0.01770074
-1.35388141,0.00006104
-1.35356141,0.00006104
-1.35324141,0.00006104
-1.35292141,0.00006104
-1.35260141,-0.01770074
-1.35228141,-0.01770074
-1.35196141,0.00006104
-1.35164141,0.00006104
-1.35132141,0.00006104
-1.35100141,0.00006104
-1.35068141,0.00006104
-1.35036141,0.00006104
-1.35004141,0.00006104
-1.34972141,0.00006104
-1.34940141,0.00006104
-1.34908141,0.00006104
-1.34876141,0.00006104
-1.34844141,0.00006104
-1.34812141,0.00006104
-1.34780141,0.00006104
-1.34748141,0.00006104
-1.34716141,0.00006104
-1.34684141,0.00006104
-1.34652141,0.00006104
-1.34620141,0.00006104
-1.34588141,0.00006104
-1.34556141,0.00006104
-1.34524141,0.00006104
-1.34492141,0.00006104
-1.34460141,-0.01770074
-1.34428141,0.00006104
-1.34396141,0.00006104
-1.34364141,-0.01770074
-1.34332141,-0.01770074
-1.34300141,0.00006104
-1.34268141,0.00006104
-1.34236141,0.00006104
-1.34204141,0.00006104
-1.34172141,0.00006104
-1.34140141,0.00006104
-1.34108141,0.00006104
-1.34076141,0.00006104
-1.34044141,0.00006104
-1.34012141,0.00006104
-1.33980141,0.00006104
-1.33948141,0.00006104
-1.33916141,-0.01770074
-1.33884141,0.00006104
-1.33852141,0.00006104
-1.33820141,0.00006104
-1.33788141,0.00006104
-1.33756141,0.00006104
-1.33724141,0.00006104
-1.33692141,0.00006104
-1.33660141,0.00006104
-1.33628141,0.00006104
-1.33596141,-0.01770074
-1.33564141,0.00006104
-1.33532141,0.00006104
-1.33500141,0.00006104
-1.33468141,0.00006104
-1.33436141,0.00006104
-1.33404141,0.00006104
-1.33372141,-0.01770074
-1.33340141,0.00006104
-1.33308141,-0.01770074
-1.33276141,0.00006104
-1.33244141,0.00006104
-1.33212141,0.00006104
-1.33180141,0.00006104
-1.33148141,0.00006104
-1.33116141,0.00006104
-1.33084141,0.00006104
-1.33052141,0.00006104
-1.33020141,0.00006104
-1.32988141,0.00006104
-1.32956141,0.00006104
-1.32924141,0.00006104
-1.32892141,0.00006104
-1.32860141,0.00006104
-1.32828141,0.00006104
-1.32796141,0.00006104
-1.32764141,0.00006104
-1.32732141,0.00006104
-1.32700141,0.00006104
-1.32668141,0.00006104
-1.32636141,0.00006104
-1.32604141,0.00006104
-1.32572141,0.00006104
-1.32540141,0.00006104
-1.32508141,0.00006104
-1.32476141,0.00006104
-1.32444141,0.00006104
-1.32412141,0.00006104
-1.32380141,0.00006104
-1.32348141,0.00006104
-1.32316141,0.00006104
-1.32284141,0.00006104
-1.32252141,0.00006104
-1.32220141,0.00006104
-1.32188141,0.00006104
-1.32156141,0.00006104
-1.32124141,0.00006104
-1.32092141,0.00006104
-1.32060141,-0.01770074
-1.32028141,0.00006104
-1.31996141,0.00006104
-1.31964141,0.00006104
-1.31932141,0.00006104
-1.31900141,0.00006104
-1.31868141,0.00006104
-1.31836141,0.00006104
-1.31804141,-0.01770074
-1.31772141,0.00006104
-1.31740141,-0.01770074
-1.31708141,0.00006104
-1.31676141,0.00006104
-1.31644141,0.00006104
-1.31612141,0.00006104
-1.31580141,0.00006104
-1.31548141,0.00006104
-1.31516141,0.00006104
-1.31484141,0.00006104
-1.31452141,0.00006104
-1.31420141,0.00006104
-1.31388141,0.00006104
-1.31356141,0.00006104
-1.31324141,0.00006104
-1.31292141,0.00006104
-1.31260141,0.00006104
-1.31228141,-0.01770074
-1.31196141,0.00006104
-1.31164141,0.00006104
-1.31132141,0.00006104
-1.31100141,0.00006104
-1.31068141,0.00006104
-1.31036141,0.00006104
-1.31004141,0.00006104
-1.30972141,0.00006104
-1.30940141,0.00006104
-1.30908141,0.00006104
-1.30876141,0.00006104
-1.30844141,0.00006104
-1.30812141,0.00006104
-1.30780141,0.00006104
-1.30748141,0.00006104
-1.30716141,0.00006104
-1.30684141,0.00006104
-1.30652141,0.00006104
-1.30620141,0.00006104
-1.30588141,0.00006104
-1.30556141,0.00006104
-1.30524141,0.00006104
-1.30492141,0.00006104
-1.30460141,0.00006104
-1.30428141,-0.01770074
-1.30396141,0.00006104
-1.30364141,0.00006104
-1.30332141,0.00006104
-1.30300141,0.00006104
-1.30268141,0.00006104
-1.30236141,0.00006104
-1.30204141,0.00006104
-1.30172141,-0.01770074
-1.30140141,0.00006104
-1.30108141,0.00006104
-1.30076141,0.00006104
-1.30044141,0.00006104
-1.30012141,0.00006104
-1.29980141,0.00006104
-1.29948141,0.00006104
-1.29916141,0.00006104
-1.29884141,0.00006104
-1.29852141,0.00006104
-1.29820141,0.00006104
-1.29788141,0.00006104
-1.29756141,0.00006104
-1.29724141,0.00006104
-1.29692141,0.00006104
-1.29660141,0.00006104
-1.29628141,0.00006104
-1.29596141,0.00006104
-1.29564141,0.00006104
-1.29532141,0.00006104
-1.29500141,0.00006104
-1.29468141,0.00006104
-1.29436141,-0.01770074
-1.29404141,0.00006104
-1.29372141,0.00006104
-1.29340141,0.00006104
-1.29308141,0.00006104
-1.29276141,0.00006104
-1.29244141,0.00006104
-1.29212141,-0.01770074
-1.29180141,0.00006104
-1.29148141,-0.01770074
-1.29116141,0.00006104
-1.29084141,0.00006104
-1.29052141,0.00006104
-1.29020141,0.00006104
-1.28988141,0.00006104
-1.28956141,0.00006104
-1.28924141,0.00006104
-1.28892141,0.00006104
-1.28860141,-0.01770074
-1.28828141,0.00006104
-1.28796141,0.00006104
-1.28764141,0.00006104
-1.28732141,0.00006104
-1.28700141,0.00006104
-1.28668141,0.00006104
-1.28636141,0.00006104
-1.28604141,0.00006104
-1.28572141,0.00006104
-1.28540141,0.00006104
-1.28508141,0.00006104
-1.28476141,0.00006104
-1.28444141,0.00006104
-1.28412141,0.00006104
-1.28380141,0.00006104
-1.28348141,0.00006104
-1.28316141,0.00006104
-1.28284141,0.00006104
-1.28252141,0.00006104
-1.28220141,0.00006104
-1.28188141,0.00006104
-1.28156141,0.00006104
-1.28124141,0.00006104
-1.28092141,0.00006104
-1.28060141,0.00006104
-1.28028141,0.00006104
-1.27996141,0.00006104
-1.27964141,0.00006104
-1.27932141,0.00006104
-1.27900141,0.00006104
-1.27868141,0.00006104
-1.27836141,0.00006104
-1.27804141,0.00006104
-1.27772141,0.00006104
-1.27740141,0.00006104
-1.27708141,0.00006104
-1.27676141,0.00006104
-1.27644141,0.00006104
-1.27612141,0.00006104
-1.27580141,0.00006104
-1.27548141,0.00006104
-1.27516141,0.00006104
-1.27484141,0.00006104
-1.27452141,0.00006104
-1.27420141,-0.01770074
-1.27388141,0.00006104
-1.27356141,0.00006104
-1.27324141,0.00006104
-1.27292141,0.00006104
-1.27260141,-0.01770074
-1.27228141,0.00006104
-1.27196141,0.00006104
-1.27164141,0.00006104
-1.27132141,0.00006104
-1.27100141,0.00006104
-1.27068141,0.00006104
-1.27036141,0.00006104
-1.27004141,0.00006104
-1.26972141,0.00006104
-1.26940141,0.00006104
-1.26908141,0.00006104
-1.26876141,0.00006104
-1.26844141,0.00006104
-1.26812141,0.00006104
-1.26780141,0.00006104
-1.26748141,0.00006104
-1.26716141,0.00006104
-1.26684141,0.00006104
-1.26652141,0.00006104
-1.26620141,0.00006104
-1.26588141,0.00006104
-1.26556141,-0.01770074
-1.26524141,0.00006104
-1.26492141,0.00006104
-1.26460141,0.00006104
-1.26428141,-0.01770074
-1.26396141,0.00006104
-1.26364141,0.00006104
-1.26332141,-0.01770074
-1.26300141,0.00006104
-1.26268141,0.00006104
-1.26236141,-0.01770074
-1.26204141,0.00006104
-1.26172141,0.00006104
-1.26140141,0.00006104
-1.26108141,0.00006104
-1.26076141,0.00006104
-1.26044141,0.00006104
-1.26012141,0.00006104
-1.25980141,0.00006104
-1.25948141,0.00006104
-1.25916141,0.00006104
-1.25884141,0.00006104
-1.25852141,0.00006104
-1.25820141,0.00006104
-1.25788141,0.00006104
-1.25756141,0.00006104
-1.25724141,0.00006104
-1.25692141,0.00006104
-1.25660141,0.00006104
-1.25628141,0.00006104
-1.25596141,0.00006104
-1.25564141,0.00006104
-1.25532141,0.00006104
-1.25500141,0.00006104
-1.25468141,0.00006104
-1.25436141,0.00006104
-1.25404141,0.00006104
-1.25372141,0.00006104
-1.25340141,0.00006104
-1.25308141,0.00006104
-1.25276141,0.00006104
-1.25244141,0.00006104
-1.25212141,0.00006104
-1.25180141,0.00006104
-1.25148141,0.00006104
-1.25116141,0.00006104
-1.25084141,0.00006104
-1.25052141,0.00006104
-1.25020141,0.00006104
-1.24988141,0.00006104
-1.24956141,0.00006104
-1.24924141,0.00006104
-1.24892141,0.00006104
-1.24860141,0.00006104
-1.24828141,0.00006104
-1.24796141,0.00006104
-1.24764141,0.00006104
-1.24732141,0.00006104
-1.24700141,0.00006104
-1.24668141,0.00006104
-1.24636141,0.00006104
-1.24604141,0.00006104
-1.24572141,0.00006104
-1.24540141,0.00006104
-1.24508141,0.00006104
-1.24476141,0.00006104
-1.24444141,0.00006104
-1.24412141,0.00006104
-1.24380141,0.00006104
-1.24348141,0.00006104
-1.24316141,0.00006104
-1.24284141,0.00006104
-1.24252141,0.00006104
-1.24220141,0.00006104
-1.24188141,0.00006104
-1.24156141,0.00006104
-1.24124141,0.00006104
-1.24092141,0.00006104
-1.24060141,0.00006104
-1.24028141,0.00006104
-1.23996141,0.00006104
-1.23964141,0.00006104
-1.23932141,0.00006104
-1.23900141,0.00006104
-1.23868141,0.00006104
-1.23836141,0.00006104
-1.23804141,0.00006104
-1.23772141,0.00006104
-1.23740141,0.00006104
-1.23708141,-0.01770074
-1.23676141,0.00006104
-1.23644141,0.00006104
-1.23612141,0.00006104
-1.23580141,0.00006104
-1.23548141,0.00006104
-1.23516141,0.00006104
-1.23484141,0.00006104
-1.23452141,0.00006104
-1.23420141,0.00006104
-1.23388141,0.00006104
-1.23356141,0.00006104
-1.23324141,0.00006104
-1.23292141,0.00006104
-1.23260141,0.00006104
-1.23228141,0.00006104
-1.23196141,0.00006104
-1.23164141,0.00006104
-1.23132141,0.00006104
-1.23100141,0.00006104
-1.23068141,0.00006104
-1.23036141,0.00006104
-1.23004141,0.00006104
-1.22972141,0.00006104
-1.22940141,0.00006104
-1.22908141,0.00006104
-1.22876141,-0.01770074
-1.22844141,0.00006104
-1.22812141,-0.01770074
-1.22780141,0.00006104
-1.22748141,0.00006104
-1.22716141,0.00006104
-1.22684141,0.00006104
-1.22652141,0.00006104
-1.22620141,0.00006104
-1.22588141,0.00006104
-1.22556141,0.00006104
-1.22524141,0.00006104
-1.22492141,0.00006104
-1.22460141,0.00006104
-1.22428141,0.00006104
-1.22396141,0.00006104
-1.22364141,0.00006104
-1.22332141,0.00006104
-1.22300141,0.00006104
-1.22268141,0.00006104
-1.22236141,0.00006104
-1.22204141,0.00006104
-1.22172141,0.00006104
-1.22140141,0.00006104
-1.22108141,0.00006104
-1.22076141,0.00006104
-1.22044141,0.00006104
-1.22012141,0.00006104
-1.21980141,0.00006104
-1.21948141,0.00006104
-1.21916141,-0.01770074
-1.21884141,-0.01770074
-1.21852141,0.00006104
-1.21820141,0.00006104
-1.21788141,0.00006104
-1.21756141,0.00006104
-1.21724141,0.00006104
-1.21692141,-0.01770074
-1.21660141,0.00006104
-1.21628141,0.00006104
-1.21596141,0.00006104
-1.21564141,0.00006104
-1.21532141,0.00006104
-1.21500141,0.00006104
-1.21468141,0.00006104
-1.21436141,0.00006104
-1.21404141,0.00006104
-1.21372141,0.00006104
-1.21340141,-0.01770074
-1.21308141,0.00006104
-1.21276141,0.00006104
-1.21244141,-0.01770074
-1.21212141,0.00006104
-1.21180141,0.00006104
-1.21148141,-0.01770074
-1.21116141,0.00006104
-1.21084141,0.00006104
-1.21052141,-0.01770074
-1.21020141,0.00006104
-1.20988141,0.00006104
-1.20956141,0.00006104
-1.20924141,0.00006104
-1.20892141,0.00006104
-1.20860141,0.00006104
-1.20828141,0.00006104
-1.20796141,0.00006104
-1.20764141,0.00006104
-1.20732141,0.00006104
-1.20700141,0.00006104
-1.20668141,0.00006104
-1.20636141,0.00006104
-1.20604141,0.00006104
-1.20572141,0.00006104
-1.20540141,0.00006104
-1.20508141,0.00006104
-1.20476141,0.00006104
-1.20444141,0.00006104
-1.20412141,0.00006104
-1.20380141,0.00006104
-1.20348141,0.00006104
-1.20316141,0.00006104
-1.20284141,0.00006104
-1.20252141,0.00006104
-1.20220141,0.00006104
-1.20188141,0.00006104
-1.20156141,0.00006104
-1.20124141,0.00006104
-1.20092141,0.00006104
-1.20060141,0.00006104
-1.20028141,0.00006104
-1.19996141,0.00006104
-1.19964141,0.00006104
-1.19932141,0.00006104
-1.19900141,0.00006104
-1.19868141,0.00006104
-1.19836141,0.00006104
-1.19804141,0.00006104
-1.19772141,0.00006104
-1.19740141,0.00006104
-1.19708141,0.00006104
-1.19676141,0.00006104
-1.19644141,0.00006104
-1.19612141,0.00006104
-1.19580141,0.00006104
-1.19548141,0.00006104
-1.19516141,0.00006104
-1.19484141,0.00006104
-1.19452141,0.00006104
-1.19420141,-0.01770074
-1.19388141,0.00006104
-1.19356141,0.00006104
-1.19324141,0.00006104
-1.19292141,0.00006104
-1.19260141,0.00006104
-1.19228141,0.00006104
-1.19196141,0.00006104
-1.19164141,0.00006104
-1.19132141,0.00006104
-1.19100141,0.00006104
-1.19068141,0.00006104
-1.19036141,0.00006104
-1.19004141,0.00006104
-1.18972141,0.00006104
-1.18940141,0.00006104
-1.18908141,0.00006104
-1.18876141,0.00006104
-1.18844141,0.00006104
-1.18812141,0.00006104
-1.18780141,0.00006104
-1.18748141,0.00006104
-1.18716141,0.00006104
-1.18684141,0.00006104
-1.18652141,0.00006104
-1.18620141,0.00006104
-1.18588141,0.00006104
-1.18556141,0.00006104
-1.18524141,0.00006104
-1.18492141,0.00006104
-1.18460141,0.00006104
-1.18428141,0.00006104
-1.18396141,0.00006104
-1.18364141,0.00006104
-1.18332141,0.00006104
-1.18300141,0.00006104
-1.18268141,0.00006104
-1.18236141,0.00006104
-1.18204141,0.00006104
-1.18172141,0.00006104
-1.18140141,0.00006104
-1.18108141,0.00006104
-1.18076141,-0.01770074
-1.18044141,0.00006104
-1.18012141,0.00006104
-1.17980141,0.00006104
-1.17948141,0.00006104
-1.17916141,0.00006104
-1.17884141,0.00006104
-1.17852141,0.00006104
-1.17820141,0.00006104
-1.17788141,0.00006104
-1.17756141,0.00006104
-1.17724141,0.00006104
-1.17692141,0.00006104
-1.17660141,0.00006104
-1.17628141,0.01788385
-1.17596141,0.00006104
-1.17564141,0.00006104
-1.17532141,0.00006104
-1.17500141,0.00006104
-1.17468141,0.00006104
-1.17436141,0.00006104
-1.17404141,0.00006104
-1.17372141,0.00006104
-1.17340141,0.00006104
-1.17308141,0.00006104
-1.17276141,0.00006104
-1.17244141,0.00006104
-1.17212141,0.00006104
-1.17180141,0.00006104
-1.17148141,0.00006104
-1.17116141,0.00006104
-1.17084141,-0.01770074
-1.17052141,0.00006104
-1.17020141,0.00006104
-1.16988141,0.00006104
-1.16956141,0.00006104
-1.16924141,0.00006104
-1.16892141,0.00006104
-1.16860141,0.00006104
-1.16828141,0.00006104
-1.16796141,0.00006104
-1.16764141,0.00006104
-1.16732141,0.00006104
-1.16700141,0.00006104
-1.16668141,0.00006104
-1.16636141,0.00006104
-1.16604141,0.00006104
-1.16572141,0.00006104
-1.16540141,0.00006104
-1.16508141,0.00006104
-1.16476141,0.00006104
-1.16444141,0.00006104
-1.16412141,0.00006104
-1.16380141,-0.01770074
-1.16348141,0.00006104
-1.16316141,0.00006104
-1.16284141,0.00006104
-1.16252141,0.00006104
-1.16220141,0.00006104
-1.16188141,0.00006104
-1.16156141,0.00006104
-1.16124141,0.00006104
-1.16092141,0.00006104
-1.16060141,0.00006104
-1.16028141,0.00006104
-1.15996141,0.00006104
-1.15964141,0.00006104
-1.15932141,0.00006104
-1.15900141,0.00006104
-1.15868141,0.00006104
-1.15836141,0.00006104
-1.15804141,0.00006104
-1.15772141,0.00006104
-1.15740141,0.00006104
-1.15708141,0.00006104
-1.15676141,0.00006104
-1.15644141,0.00006104
-1.15612141,0.00006104
-1.15580141,0.00006104
-1.15548141,0.00006104
-1.15516141,0.00006104
-1.15484141,0.00006104
-1.15452141,0.00006104
-1.15420141,0.00006104
-1.15388141,0.00006104
-1.15356141,0.00006104
-1.15324141,-0.01770074
-1.15292141,0.00006104
-1.15260141,0.00006104
-1.15228141,0.00006104
-1.15196141,0.00006104
-1.15164141,0.00006104
-1.15132141,0.00006104
-1.15100141,0.00006104
-1.15068141,0.00006104
-1.15036141,0.00006104
-1.15004141,0.00006104
-1.14972141,0.00006104
-1.14940141,0.00006104
-1.14908141,0.00006104
-1.14876141,0.00006104
-1.14844141,0.00006104
-1.14812141,0.00006104
-1.14780141,0.00006104
-1.14748141,0.00006104
-1.14716141,-0.01770074
-1.14684141,0.00006104
-1.14652141,0.00006104
-1.14620141,0.00006104
-1.14588141,0.00006104
-1.14556141,0.00006104
-1.14524141,0.00006104
-1.14492141,0.00006104
-1.14460141,0.00006104
-1.14428141,0.00006104
-1.14396141,0.00006104
-1.14364141,0.00006104
-1.14332141,0.00006104
-1.14300141,0.00006104
-1.14268141,0.00006104
-1.14236141,0.00006104
-1.14204141,0.00006104
-1.14172141,0.00006104
-1.14140141,0.00006104
-1.14108141,0.00006104
-1.14076141,0.00006104
-1.14044141,0.00006104
-1.14012141,0.00006104
-1.13980141,0.00006104
-1.13948141,0.00006104
-1.13916141,0.00006104
-1.13884141,0.00006104
-1.13852141,0.00006104
-1.13820141,0.00006104
-1.13788141,0.00006104
-1.13756141,0.00006104
-1.13724141,0.00006104
-1.13692141,0.00006104
-1.13660141,0.00006104
-1.13628141,0.00006104
-1.13596141,0.00006104
-1.13564141,0.00006104
-1.13532141,0.00006104
-1.13500141,0.00006104
-1.13468141,0.00006104
-1.13436141,0.00006104
-1.13404141,0.00006104
-1.13372141,0.00006104
-1.13340141,0.00006104
-1.13308141,0.00006104
-1.13276141,0.00006104
-1.13244141,0.00006104
-1.13212141,0.00006104
-1.13180141,0.00006104
-1.13148141,0.00006104
-1.13116141,0.00006104
-1.13084141,0.00006104
-1.13052141,0.00006104
-1.13020141,-0.01770074
-1.12988141,0.00006104
-1.12956141,0.00006104
-1.12924141,0.00006104
-1.12892141,0.00006104
-1.12860141,0.00006104
-1.12828141,0.00006104
-1.12796141,0.00006104
-1.12764141,0.00006104
-1.12732141,0.00006104
-1.12700141,0.00006104
-1.12668141,0.00006104
-1.12636141,0.00006104
-1.12604141,0.00006104
-1.12572141,0.00006104
-1.12540141,0.00006104
-1.12508141,0.00006104
-1.12476141,0.00006104
-1.12444141,0.00006104
-1.12412141,0.00006104
-1.12380141,0.00006104
-1.12348141,0.00006104
-1.12316141,0.00006104
-1.12284141,0.00006104
-1.12252141,-0.01770074
-1.12220141,0.00006104
-1.12188141,0.00006104
-1.12156141,0.00006104
-1.12124141,0.00006104
-1.12092141,0.00006104
-1.12060141,0.00006104
-1.12028141,0.00006104
-1.11996141,0.00006104
-1.11964141,0.00006104
-1.11932141,0.00006104
-1.11900141,0.00006104
-1.11868141,0.00006104
-1.11836141,0.00006104
-1.11804141,0.00006104
-1.11772141,0.00006104
-1.11740141,0.00006104
-1.11708141,0.00006104
-1.11676141,0.00006104
-1.11644141,-0.01770074
-1.11612141,0.00006104
-1.11580141,0.00006104
-1.11548141,0.00006104
-1.11516141,0.00006104
-1.11484141,0.00006104
-1.11452141,0.00006104
-1.11420141,0.00006104
-1.11388141,0.00006104
-1.11356141,0.00006104
-1.11324141,0.00006104
-1.11292141,0.00006104
-1.11260141,0.00006104
-1.11228141,0.00006104
-1.11196141,0.00006104
-1.11164141,0.00006104
-1.11132141,0.00006104
-1.11100141,0.00006104
-1.11068141,0.00006104
-1.11036141,0.00006104
-1.11004141,0.00006104
-1.10972141,0.00006104
-1.10940141,0.00006104
-1.10908141,0.00006104
-1.10876141,0.00006104
-1.10844141,0.00006104
-1.10812141,0.00006104
-1.10780141,0.00006104
-1.10748141,0.00006104
-1.10716141,0.00006104
-1.10684141,0.00006104
-1.10652141,0.00006104
-1.10620141,0.00006104
-1.10588141,0.00006104
-1.10556141,0.00006104
-1.10524141,0.00006104
-1.10492141,0.00006104
-1.10460141,0.00006104
-1.10428141,0.00006104
-1.10396141,0.00006104
-1.10364141,0.00006104
-1.10332141,0.00006104
-1.10300141,0.00006104
-1.10268141,0.00006104
-1.10236141,0.00006104
-1.10204141,0.00006104
-1.10172141,0.00006104
-1.10140141,0.00006104
-1.10108141,0.00006104
-1.10076141,0.00006104
-1.10044141,0.00006104
-1.10012141,0.00006104
-1.09980141,-0.01770074
-1.09948141,0.00006104
-1.09916141,0.00006104
-1.09884141,0.00006104
-1.09852141,0.00006104
-1.09820141,0.00006104
-1.09788141,0.00006104
-1.09756141,0.00006104
-1.09724141,0.00006104
-1.09692141,0.00006104
-1.09660141,0.00006104
-1.09628141,0.00006104
-1.09596141,0.00006104
-1.09564141,0.00006104
-1.09532141,0.00006104
-1.09500141,0.00006104
-1.09468141,0.00006104
-1.09436141,0.00006104
-1.09404141,0.00006104
-1.09372141,0.00006104
-1.09340141,0.00006104
-1.09308141,0.00006104
-1.09276141,0.00006104
-1.09244141,0.01788385
-1.09212141,0.00006104
-1.09180141,0.00006104
-1.09148141,0.00006104
-1.09116141,0.00006104
-1.09084141,0.00006104
-1.09052141,0.00006104
-1.09020141,0.00006104
-1.08988141,0.00006104
-1.08956141,0.00006104
-1.08924141,0.00006104
-1.08892141,-0.01770074
-1.08860141,0.00006104
-1.08828141,0.00006104
-1.08796141,0.00006104
-1.08764141,0.00006104
-1.08732141,0.00006104
-1.08700141,0.00006104
-1.08668141,0.00006104
-1.08636141,0.00006104
-1.08604141,0.00006104
-1.08572141,0.00006104
-1.08540141,0.00006104
-1.08508141,-0.01770074
-1.08476141,0.00006104
-1.08444141,0.00006104
-1.08412141,0.00006104
-1.08380141,0.00006104
-1.08348141,0.00006104
-1.08316141,0.00006104
-1.08284141,0.00006104
-1.08252141,0.00006104
-1.08220141,0.00006104
-1.08188141,0.00006104
-1.08156141,0.00006104
-1.08124141,0.00006104
-1.08092141,0.00006104
-1.08060141,0.00006104
-1.08028141,0.00006104
-1.07996141,0.00006104
-1.07964141,0.00006104
-1.07932141,0.00006104
-1.07900141,0.00006104
-1.07868141,0.00006104
-1.07836141,0.00006104
-1.07804141,-0.01770074
-1.07772141,0.00006104
-1.07740141,0.00006104
-1.07708141,0.00006104
-1.07676141,0.00006104
-1.07644141,0.00006104
-1.07612141,0.00006104
-1.07580141,0.00006104
-1.07548141,0.00006104
-1.07516141,0.00006104
-1.07484141,0.00006104
-1.07452141,0.00006104
-1.07420141,0.00006104
-1.07388141,0.00006104
-1.07356141,0.00006104
-1.07324141,0.00006104
-1.07292141,0.00006104
-1.07260141,0.00006104
-1.07228141,0.00006104
-1.07196141,0.00006104
-1.07164141,0.00006104
-1.07132141,0.00006104
-1.07100141,0.00006104
-1.07068141,0.00006104
-1.07036141,0.00006104
-1.07004141,0.00006104
-1.06972141,0.00006104
-1.06940141,0.00006104
-1.06908141,0.00006104
-1.06876141,0.00006104
-1.06844141,-0.01770074
-1.06812141,0.00006104
-1.06780141,0.00006104
-1.06748141,-0.01770074
-1.06716141,0.00006104
-1.06684141,0.00006104
-1.06652141,0.00006104
-1.06620141,0.00006104
-1.06588141,0.00006104
-1.06556141,0.00006104
-1.06524141,0.00006104
-1.06492141,0.00006104
-1.06460141,0.00006104
-1.06428141,0.00006104
-1.06396141,0.00006104
-1.06364141,0.00006104
-1.06332141,0.00006104
-1.06300141,0.00006104
-1.06268141,0.00006104
-1.06236141,0.00006104
-1.06204141,0.00006104
-1.06172141,0.00006104
-1.06140141,0.00006104
-1.06108141,0.00006104
-1.06076141,0.00006104
-1.06044141,0.00006104
-1.06012141,0.00006104
-1.05980141,0.00006104
-1.05948141,0.00006104
-1.05916141,-0.01770074
-1.05884141,0.00006104
-1.05852141,0.00006104
-1.05820141,0.00006104
-1.05788141,0.00006104
-1.05756141,0.00006104
-1.05724141,0.00006104
-1.05692141,0.00006104
-1.05660141,-0.01770074
-1.05628141,0.00006104
-1.05596141,0.00006104
-1.05564141,0.00006104
-1.05532141,0.00006104
-1.05500141,0.00006104
-1.05468141,0.00006104
-1.05436141,0.00006104
-1.05404141,0.00006104
-1.05372141,0.00006104
-1.05340141,0.00006104
-1.05308141,0.00006104
-1.05276141,0.00006104
-1.05244141,0.00006104
-1.05212141,0.00006104
-1.05180141,0.00006104
-1.05148141,0.00006104
-1.05116141,0.00006104
-1.05084141,0.00006104
-1.05052141,-0.01770074
-1.05020141,0.00006104
-1.04988141,0.00006104
-1.04956141,0.00006104
-1.04924141,0.00006104
-1.04892141,0.00006104
-1.04860141,0.00006104
-1.04828141,0.00006104
-1.04796141,0.00006104
-1.04764141,0.00006104
-1.04732141,0.00006104
-1.04700141,0.00006104
-1.04668141,0.00006104
-1.04636141,0.00006104
-1.04604141,0.00006104
-1.04572141,0.00006104
-1.04540141,0.00006104
-1.04508141,0.00006104
-1.04476141,0.00006104
-1.04444141,0.00006104
-1.04412141,-0.01770074
-1.04380141,0.00006104
-1.04348141,0.00006104
-1.04316141,0.00006104
-1.04284141,0.00006104
-1.04252141,0.00006104
-1.04220141,0.00006104
-1.04188141,0.00006104
-1.04156141,0.00006104
-1.04124141,0.00006104
-1.04092141,0.00006104
-1.04060141,0.00006104
-1.04028141,0.00006104
-1.03996141,0.00006104
-1.03964141,0.00006104
-1.03932141,0.00006104
-1.03900141,-0.01770074
-1.03868141,0.00006104
-1.03836141,0.00006104
-1.03804141,0.00006104
-1.03772141,0.00006104
-1.03740141,0.00006104
-1.03708141,-0.01770074
-1.03676141,0.00006104
-1.03644141,0.00006104
-1.03612141,0.00006104
-1.03580141,0.00006104
-1.03548141,0.00006104
-1.03516141,0.00006104
-1.03484141,0.00006104
-1.03452141,0.00006104
-1.03420141,0.00006104
-1.03388141,0.00006104
-1.03356141,0.00006104
-1.03324141,0.00006104
-1.03292141,0.00006104
-1.03260141,0.00006104
-1.03228141,0.00006104
-1.03196141,0.00006104
-1.03164141,0.00006104
-1.03132141,0.00006104
-1.03100141,0.00006104
-1.03068141,0.00006104
-1.03036141,-0.01770074
-1.03004141,0.00006104
-1.02972141,0.00006104
-1.02940141,0.00006104
-1.02908141,0.00006104
-1.02876141,0.00006104
-1.02844141,0.00006104
-1.02812141,0.00006104
-1.02780141,0.00006104
-1.02748141,0.00006104
-1.02716141,0.00006104
-1.02684141,-0.01770074
-1.02652141,0.00006104
-1.02620141,0.00006104
-1.02588141,0.00006104
-1.02556141,0.00006104
-1.02524141,0.00006104
-1.02492141,0.00006104
-1.02460141,0.00006104
-1.02428141,0.00006104
-1.02396141,0.00006104
-1.02364141,0.00006104
-1.02332141,0.00006104
-1.02300141,0.00006104
-1.02268141,0.00006104
-1.02236141,-0.01770074
-1.02204141,0.00006104
-1.02172141,0.00006104
-1.02140141,0.00006104
-1.02108141,0.00006104
-1.02076141,0.00006104
-1.02044141,0.00006104
-1.02012141,0.00006104
-1.01980141,0.00006104
-1.01948141,0.00006104
-1.01916141,0.00006104
-1.01884141,0.00006104
-1.01852141,0.00006104
-1.01820141,0.00006104
-1.01788141,0.00006104
-1.01756141,0.00006104
-1.01724141,0.00006104
-1.01692141,0.00006104
-1.01660141,0.00006104
-1.01628141,0.00006104
-1.01596141,0.00006104
-1.01564141,0.00006104
-1.01532141,-0.01770074
-1.01500141,0.00006104
-1.01468141,0.00006104
-1.01436141,0.00006104
-1.01404141,0.00006104
-1.01372141,0.00006104
-1.01340141,0.00006104
-1.01308141,0.00006104
-1.01276141,0.00006104
-1.01244141,0.00006104
-1.01212141,0.00006104
-1.01180141,0.00006104
-1.01148141,0.00006104
-1.01116141,0.00006104
-1.01084141,0.00006104
-1.01052141,0.00006104
-1.01020141,0.00006104
-1.00988141,0.00006104
-1.00956141,0.00006104
-1.00924141,0.00006104
-1.00892141,0.00006104
-1.00860141,0.00006104
-1.00828141,0.00006104
-1.00796141,0.00006104
-1.00764141,0.00006104
-1.00732141,0.00006104
-1.00700141,0.00006104
-1.00668141,0.00006104
-1.00636141,0.00006104
-1.00604141,0.00006104
-1.00572141,0.00006104
-1.00540141,0.00006104
-1.00508141,0.00006104
-1.00476141,0.00006104
-1.00444141,0.00006104
-1.00412141,1.08584857
-1.00380141,1.42411578
-1.00348141,0.92568743
-1.00316141,0.19580676
-1.00284141,-0.14233834
-1.00252141,-0.16010010
-1.00220141,-0.07110813
-1.00188141,-0.01770074
-1.00156141,0.00006104
-1.00124141,-0.01770074
-1.00092141,-0.16010010
-1.00060141,-1.03238010
-1.00028141,-∞
-0.99996141,0.78328806
-0.99964141,0.24921414
-0.99932141,-0.01770074
-0.99900141,0.01788385
-0.99868141,0.03570665
-0.99836141,0.03570665
-0.99804141,0.03570665
-0.99772141,0.01788385
-0.99740141,0.01788385
-0.99708141,0.01788385
-0.99676141,0.01788385
-0.99644141,0.03570665
-0.99612141,0.01788385
-0.99580141,0.03570665
-0.99548141,0.01788385
-0.99516141,0.00006104
-0.99484141,0.01788385
-0.99452141,0.03570665
-0.99420141,0.01788385
-0.99388141,0.05346843
-0.99356141,0.05346843
-0.99324141,0.07129124
-0.99292141,0.07129124
-0.99260141,0.03570665
-0.99228141,0.07129124
-0.99196141,0.05346843
-0.99164141,0.03570665
-0.99132141,0.05346843
-0.99100141,0.08911405
-0.99068141,0.05346843
-0.99036141,0.03570665
-0.99004141,0.03570665
-0.98972141,0.03570665
-0.98940141,0.01788385
-0.98908141,0.00006104
-0.98876141,-0.01770074
-0.98844141,-0.01770074
-0.98812141,-0.03552354
-0.98780141,0.03570665
-0.98748141,0.00006104
-0.98716141,0.00006104
-0.98684141,0.05346843
-0.98652141,-0.01770074
-0.98620141,-0.01770074
-0.98588141,0.03570665
-0.98556141,-0.01770074
-0.98524141,0.01788385
-0.98492141,0.05346843
-0.98460141,0.01788385
-0.98428141,0.03570665
-0.98396141,0.03570665
-0.98364141,0.01788385
-0.98332141,0.01788385
-0.98300141,0.01788385
-0.98268141,0.01788385
-0.98236141,0.00006104
-0.98204141,0.01788385
-0.98172141,0.03570665
-0.98140141,0.00006104
-0.98108141,0.00006104
-0.98076141,0.03570665
-0.98044141,0.01788385
-0.98012141,0.00006104
-0.97980141,0.01788385
-0.97948141,0.00006104
-0.97916141,0.00006104
-0.97884141,0.01788385
-0.97852141,0.00006104
-0.97820141,0.00006104
-0.97788141,0.01788385
-0.97756141,0.01788385
-0.97724141,0.01788385
-0.97692141,0.01788385
-0.97660141,0.00006104
-0.97628141,0.00006104
-0.97596141,0.01788385
-0.97564141,0.00006104
-0.97532141,0.00006104
-0.97500141,0.01788385
-0.97468141,0.01788385
-0.97436141,0.00006104
-0.97404141,0.01788385
-0.97372141,0.00006104
-0.97340141,0.00006104
-0.97308141,0.00006104
-0.97276141,-0.01770074
-0.97244141,0.00006104
-0.97212141,0.00006104
-0.97180141,0.00006104
-0.97148141,0.00006104
-0.97116141,0.01788385
-0.97084141,0.01788385
-0.97052141,0.01788385
-0.97020141,0.01788385
-0.96988141,0.00006104
-0.96956141,0.01788385
-0.96924141,0.01788385
-0.96892141,0.00006104
-0.96860141,0.01788385
-0.96828141,0.00006104
-0.96796141,0.01788385
-0.96764141,0.00006104
-0.96732141,0.00006104
-0.96700141,0.00006104
-0.96668141,0.00006104
-0.96636141,0.01788385
-0.96604141,0.00006104
-0.96572141,0.00006104
-0.96540141,0.00006104
-0.96508141,0.01788385
-0.96476141,0.00006104
-0.96444141,0.00006104
-0.96412141,0.00006104
-0.96380141,0.00006104
-0.96348141,0.00006104
-0.96316141,0.00006104
-0.96284141,0.00006104
-0.96252141,0.00006104
-0.96220141,0.00006104
-0.96188141,0.00006104
-0.96156141,0.00006104
-0.96124141,0.00006104
-0.96092141,0.00006104
-0.96060141,0.00006104
-0.96028141,0.00006104
-0.95996141,0.00006104
-0.95964141,0.00006104
-0.95932141,0.01788385
-0.95900141,0.00006104
-0.95868141,0.01788385
-0.95836141,0.01788385
-0.95804141,0.00006104
-0.95772141,0.00006104
-0.95740141,0.01788385
-0.95708141,0.00006104
-0.95676141,0.00006104
-0.95644141,0.00006104
-0.95612141,0.00006104
-0.95580141,0.00006104
-0.95548141,0.00006104
-0.95516141,0.00006104
-0.95484141,-0.01770074
-0.95452141,0.00006104
-0.95420141,0.00006104
-0.95388141,0.00006104
-0.95356141,0.00006104
-0.95324141,0.00006104
-0.95292141,0.00006104
-0.95260141,0.00006104
-0.95228141,0.00006104
-0.95196141,0.00006104
-0.95164141,0.00006104
-0.95132141,0.00006104
-0.95100141,0.01788385
-0.95068141,0.01788385
-0.95036141,0.01788385
-0.95004141,0.00006104
-0.94972141,0.00006104
-0.94940141,0.00006104
-0.94908141,0.00006104
-0.94876141,0.00006104
-0.94844141,0.00006104
-0.94812141,0.00006104
-0.94780141,0.00006104
-0.94748141,0.00006104
-0.94716141,0.00006104
-0.94684141,0.00006104
-0.94652141,0.00006104
-0.94620141,0.00006104
-0.94588141,0.00006104
-0.94556141,0.00006104
-0.94524141,0.00006104
-0.94492141,0.00006104
-0.94460141,0.00006104
-0.94428141,0.00006104
-0.94396141,0.00006104
-0.94364141,0.00006104
-0.94332141,0.00006104
-0.94300141,0.00006104
-0.94268141,0.00006104
-0.94236141,0.00006104
-0.94204141,0.00006104
-0.94172141,0.00006104
-0.94140141,0.00006104
-0.94108141,0.00006104
-0.94076141,0.00006104
-0.94044141,0.00006104
-0.94012141,0.00006104
-0.93980141,0.00006104
-0.93948141,0.00006104
-0.93916141,0.00006104
-0.93884141,0.00006104
-0.93852141,0.00006104
-0.93820141,0.00006104
-0.93788141,0.00006104
-0.93756141,0.00006104
-0.93724141,0.00006104
-0.93692141,0.00006104
-0.93660141,0.00006104
-0.93628141,0.00006104
-0.93596141,0.00006104
-0.93564141,0.00006104
-0.93532141,0.00006104
-0.93500141,0.00006104
-0.93468141,0.00006104
-0.93436141,0.00006104
-0.93404141,0.00006104
-0.93372141,0.00006104
-0.93340141,0.00006104
-0.93308141,0.00006104
-0.93276141,0.00006104
-0.93244141,0.00006104
-0.93212141,0.00006104
-0.93180141,0.00006104
-0.93148141,0.00006104
-0.93116141,0.00006104
-0.93084141,0.00006104
-0.93052141,0.00006104
-0.93020141,0.00006104
-0.92988141,0.00006104
-0.92956141,0.00006104
-0.92924141,0.00006104
-0.92892141,0.00006104
-0.92860141,0.00006104
-0.92828141,0.00006104
-0.92796141,0.00006104
-0.92764141,0.00006104
-0.92732141,0.00006104
-0.92700141,0.00006104
-0.92668141,0.00006104
-0.92636141,0.00006104
-0.92604141,0.00006104
-0.92572141,0.00006104
-0.92540141,0.00006104
-0.92508141,0.00006104
-0.92476141,0.00006104
-0.92444141,0.00006104
-0.92412141,0.00006104
-0.92380141,0.00006104
-0.92348141,0.00006104
-0.92316141,0.00006104
-0.92284141,0.00006104
-0.92252141,0.00006104
-0.92220141,0.00006104
-0.92188141,0.00006104
-0.92156141,0.00006104
-0.92124141,0.00006104
-0.92092141,0.00006104
-0.92060141,-0.01770074
-0.92028141,0.00006104
-0.91996141,0.00006104
-0.91964141,0.00006104
-0.91932141,0.00006104
-0.91900141,0.00006104
-0.91868141,0.00006104
-0.91836141,0.00006104
-0.91804141,0.00006104
-0.91772141,0.00006104
-0.91740141,0.00006104
-0.91708141,0.00006104
-0.91676141,0.00006104
-0.91644141,0.00006104
-0.91612141,0.00006104
-0.91580141,0.00006104
-0.91548141,0.00006104
-0.91516141,0.00006104
-0.91484141,0.00006104
-0.91452141,0.00006104
-0.91420141,0.00006104
-0.91388141,0.00006104
-0.91356141,0.00006104
-0.91324141,0.00006104
-0.91292141,-0.01770074
-0.91260141,0.00006104
-0.91228141,-0.01770074
-0.91196141,0.00006104
-0.91164141,0.00006104
-0.91132141,0.00006104
-0.91100141,0.00006104
-0.91068141,0.00006104
-0.91036141,0.00006104
-0.91004141,0.00006104
-0.90972141,0.00006104
-0.90940141,0.00006104
-0.90908141,0.00006104
-0.90876141,-0.01770074
-0.90844141,0.00006104
-0.90812141,0.00006104
-0.90780141,0.00006104
-0.90748141,0.00006104
-0.90716141,0.00006104
-0.90684141,0.00006104
-0.90652141,0.00006104
-0.90620141,0.00006104
-0.90588141,0.00006104
-0.90556141,0.00006104
-0.90524141,0.00006104
-0.90492141,0.00006104
-0.90460141,0.00006104
-0.90428141,0.00006104
-0.90396141,0.00006104
-0.90364141,0.00006104
-0.90332141,0.00006104
-0.90300141,0.00006104
-0.90268141,0.00006104
-0.90236141,0.00006104
-0.90204141,0.00006104
-0.90172141,-0.01770074
-0.90140141,0.00006104
-0.90108141,0.00006104
-0.90076141,-0.01770074
-0.90044141,0.00006104
-0.90012141,0.00006104
-0.89980141,0.00006104
-0.89948141,0.00006104
-0.89916141,0.00006104
-0.89884141,0.00006104
-0.89852141,0.00006104
-0.89820141,0.00006104
-0.89788141,0.00006104
-0.89756141,0.00006104
-0.89724141,0.00006104
-0.89692141,0.00006104
-0.89660141,0.00006104
-0.89628141,0.00006104
-0.89596141,0.00006104
-0.89564141,0.00006104
-0.89532141,0.00006104
-0.89500141,0.00006104
-0.89468141,0.00006104
-0.89436141,0.00006104
-0.89404141,0.00006104
-0.89372141,0.00006104
-0.89340141,0.00006104
-0.89308141,0.00006104
-0.89276141,-0.01770074
-0.89244141,0.00006104
-0.89212141,0.00006104
-0.89180141,0.00006104
-0.89148141,0.00006104
-0.89116141,0.00006104
-0.89084141,0.00006104
-0.89052141,0.00006104
-0.89020141,0.00006104
-0.88988141,0.00006104
-0.88956141,0.00006104
-0.88924141,0.00006104
-0.88892141,-0.01770074
-0.88860141,0.00006104
-0.88828141,0.00006104
-0.88796141,0.00006104
-0.88764141,0.00006104
-0.88732141,0.00006104
-0.88700141,0.00006104
-0.88668141,0.00006104
-0.88636141,0.00006104
-0.88604141,0.00006104
-0.88572141,0.00006104
-0.88540141,0.00006104
-0.88508141,0.00006104
-0.88476141,0.00006104
-0.88444141,0.00006104
-0.88412141,0.00006104
-0.88380141,0.00006104
-0.88348141,0.00006104
-0.88316141,0.00006104
-0.88284141,0.00006104
-0.88252141,0.00006104
-0.88220141,0.00006104
-0.88188141,0.00006104
-0.88156141,0.00006104
-0.88124141,0.00006104
-0.88092141,-0.01770074
-0.88060141,0.00006104
-0.88028141,0.00006104
-0.87996141,0.00006104
-0.87964141,0.00006104
-0.87932141,0.00006104
-0.87900141,0.00006104
-0.87868141,0.00006104
-0.87836141,0.00006104
-0.87804141,0.00006104
-0.87772141,0.00006104
-0.87740141,0.00006104
-0.87708141,0.00006104
-0.87676141,0.00006104
-0.87644141,-0.01770074
-0.87612141,0.00006104
-0.87580141,0.00006104
-0.87548141,0.00006104
-0.87516141,0.00006104
-0.87484141,0.00006104
-0.87452141,0.00006104
-0.87420141,0.00006104
-0.87388141,0.00006104
-0.87356141,0.00006104
-0.87324141,-0.01770074
-0.87292141,0.00006104
-0.87260141,0.00006104
-0.87228141,0.00006104
-0.87196141,0.00006104
-0.87164141,0.00006104
-0.87132141,0.00006104
-0.87100141,0.00006104
-0.87068141,0.00006104
-0.87036141,0.00006104
-0.87004141,0.00006104
-0.86972141,0.00006104
-0.86940141,0.00006104
-0.86908141,0.00006104
-0.86876141,0.00006104
-0.86844141,-0.01770074
-0.86812141,0.00006104
-0.86780141,0.00006104
-0.86748141,0.00006104
-0.86716141,0.00006104
-0.86684141,0.00006104
-0.86652141,0.00006104
-0.86620141,0.00006104
-0.86588141,0.00006104
-0.86556141,0.00006104
-0.86524141,0.00006104
-0.86492141,0.00006104
-0.86460141,0.00006104
-0.86428141,0.00006104
-0.86396141,0.00006104
-0.86364141,0.00006104
-0.86332141,0.00006104
-0.86300141,0.00006104
-0.86268141,0.00006104
-0.86236141,0.00006104
-0.86204141,0.00006104
-0.86172141,0.00006104
-0.86140141,0.00006104
-0.86108141,0.00006104
-0.86076141,0.00006104
-0.86044141,0.00006104
-0.86012141,0.00006104
-0.85980141,0.00006104
-0.85948141,0.00006104
-0.85916141,0.00006104
-0.85884141,0.00006104
-0.85852141,0.00006104
-0.85820141,0.00006104
-0.85788141,0.00006104
-0.85756141,0.00006104
-0.85724141,0.00006104
-0.85692141,0.00006104
-0.85660141,0.00006104
-0.85628141,0.00006104
-0.85596141,0.00006104
-0.85564141,0.00006104
-0.85532141,0.00006104
-0.85500141,0.00006104
-0.85468141,0.00006104
-0.85436141,0.00006104
-0.85404141,0.00006104
-0.85372141,0.00006104
-0.85340141,0.00006104
-0.85308141,0.00006104
-0.85276141,0.00006104
-0.85244141,0.00006104
-0.85212141,0.00006104
-0.85180141,0.00006104
-0.85148141,0.00006104
-0.85116141,0.00006104
-0.85084141,0.00006104
-0.85052141,0.00006104
-0.85020141,0.00006104
-0.84988141,0.00006104
-0.84956141,0.00006104
-0.84924141,0.00006104
-0.84892141,0.00006104
-0.84860141,0.00006104
-0.84828141,0.00006104
-0.84796141,0.00006104
-0.84764141,0.00006104
-0.84732141,0.00006104
-0.84700141,0.00006104
-0.84668141,0.00006104
-0.84636141,0.00006104
-0.84604141,0.00006104
-0.84572141,0.00006104
-0.84540141,0.00006104
-0.84508141,0.00006104
-0.84476141,0.00006104
-0.84444141,-0.01770074
-0.84412141,0.00006104
-0.84380141,0.00006104
-0.84348141,0.00006104
-0.84316141,0.00006104
-0.84284141,0.00006104
-0.84252141,0.00006104
-0.84220141,0.00006104
-0.84188141,0.00006104
-0.84156141,0.00006104
-0.84124141,0.00006104
-0.84092141,0.00006104
-0.84060141,0.00006104
-0.84028141,0.00006104
-0.83996141,0.00006104
-0.83964141,0.00006104
-0.83932141,0.00006104
-0.83900141,0.00006104
-0.83868141,0.00006104
-0.83836141,0.00006104
-0.83804141,0.00006104
-0.83772141,0.00006104
-0.83740141,0.00006104
-0.83708141,0.00006104
-0.83676141,0.00006104
-0.83644141,0.00006104
-0.83612141,0.00006104
-0.83580141,0.00006104
-0.83548141,0.00006104
-0.83516141,0.00006104
-0.83484141,0.00006104
-0.83452141,0.00006104
-0.83420141,0.00006104
-0.83388141,0.00006104
-0.83356141,0.00006104
-0.83324141,0.00006104
-0.83292141,-0.01770074
-0.83260141,0.00006104
-0.83228141,-0.01770074
-0.83196141,0.00006104
-0.83164141,0.00006104
-0.83132141,0.00006104
-0.83100141,0.00006104
-0.83068141,0.00006104
-0.83036141,0.00006104
-0.83004141,0.00006104
-0.82972141,0.00006104
-0.82940141,0.00006104
-0.82908141,0.00006104
-0.82876141,0.00006104
-0.82844141,0.00006104
-0.82812141,0.00006104
-0.82780141,0.00006104
-0.82748141,0.00006104
-0.82716141,0.00006104
-0.82684141,0.00006104
-0.82652141,0.00006104
-0.82620141,0.00006104
-0.82588141,0.00006104
-0.82556141,0.00006104
-0.82524141,0.00006104
-0.82492141,0.00006104
-0.82460141,0.00006104
-0.82428141,0.00006104
-0.82396141,0.00006104
-0.82364141,0.00006104
-0.82332141,-0.01770074
-0.82300141,0.00006104
-0.82268141,0.00006104
-0.82236141,0.00006104
-0.82204141,0.00006104
-0.82172141,0.00006104
-0.82140141,0.00006104
-0.82108141,0.00006104
-0.82076141,0.00006104
-0.82044141,0.00006104
-0.82012141,0.00006104
-0.81980141,0.00006104
-0.81948141,0.00006104
-0.81916141,0.00006104
-0.81884141,0.00006104
-0.81852141,0.00006104
-0.81820141,0.00006104
-0.81788141,0.00006104
-0.81756141,0.00006104
-0.81724141,0.00006104
-0.81692141,0.00006104
-0.81660141,0.00006104
-0.81628141,0.00006104
-0.81596141,0.00006104
-0.81564141,0.00006104
-0.81532141,0.00006104
-0.81500141,0.00006104
-0.81468141,0.00006104
-0.81436141,0.00006104
-0.81404141,0.00006104
-0.81372141,0.00006104
-0.81340141,0.00006104
-0.81308141,0.00006104
-0.81276141,0.00006104
-0.81244141,0.00006104
-0.81212141,0.00006104
-0.81180141,0.00006104
-0.81148141,0.00006104
-0.81116141,0.00006104
-0.81084141,0.00006104
-0.81052141,0.00006104
-0.81020141,0.00006104
-0.80988141,0.00006104
-0.80956141,0.00006104
-0.80924141,0.00006104
-0.80892141,0.00006104
-0.80860141,0.00006104
-0.80828141,0.00006104
-0.80796141,0.00006104
-0.80764141,0.00006104
-0.80732141,0.00006104
-0.80700141,0.00006104
-0.80668141,0.00006104
-0.80636141,0.00006104
-0.80604141,0.00006104
-0.80572141,0.00006104
-0.80540141,0.00006104
-0.80508141,0.00006104
-0.80476141,0.00006104
-0.80444141,0.00006104
-0.80412141,0.00006104
-0.80380141,0.00006104
-0.80348141,0.00006104
-0.80316141,0.00006104
-0.80284141,0.00006104
-0.80252141,0.00006104
-0.80220141,0.00006104
-0.80188141,0.00006104
-0.80156141,0.00006104
-0.80124141,0.00006104
-0.80092141,0.00006104
-0.80060141,0.00006104
-0.80028141,0.00006104
-0.79996141,0.00006104
-0.79964141,0.00006104
-0.79932141,0.00006104
-0.79900141,0.00006104
-0.79868141,-0.01770074
-0.79836141,0.00006104
-0.79804141,0.00006104
-0.79772141,0.00006104
-0.79740141,0.00006104
-0.79708141,0.00006104
-0.79676141,0.00006104
-0.79644141,0.00006104
-0.79612141,0.00006104
-0.79580141,0.00006104
-0.79548141,0.00006104
-0.79516141,0.00006104
-0.79484141,0.01788385
-0.79452141,0.00006104
-0.79420141,0.00006104
-0.79388141,0.00006104
-0.79356141,0.00006104
-0.79324141,0.00006104
-0.79292141,0.00006104
-0.79260141,0.00006104
-0.79228141,0.00006104
-0.79196141,0.00006104
-0.79164141,0.00006104
-0.79132141,0.00006104
-0.79100141,0.00006104
-0.79068141,0.01788385
-0.79036141,0.00006104
-0.79004141,0.00006104
-0.78972141,0.00006104
-0.78940141,0.00006104
-0.78908141,0.00006104
-0.78876141,0.00006104
-0.78844141,0.00006104
-0.78812141,0.00006104
-0.78780141,0.00006104
-0.78748141,0.00006104
-0.78716141,0.00006104
-0.78684141,0.00006104
-0.78652141,0.00006104
-0.78620141,0.00006104
-0.78588141,-0.01770074
-0.78556141,0.00006104
-0.78524141,0.00006104
-0.78492141,0.00006104
-0.78460141,0.00006104
-0.78428141,0.00006104
-0.78396141,0.00006104
-0.78364141,-0.01770074
-0.78332141,0.00006104
-0.78300141,0.00006104
-0.78268141,0.00006104
-0.78236141,-0.01770074
-0.78204141,0.00006104
-0.78172141,0.00006104
-0.78140141,0.00006104
-0.78108141,0.00006104
-0.78076141,0.00006104
-0.78044141,0.00006104
-0.78012141,0.00006104
-0.77980141,0.00006104
-0.77948141,0.00006104
-0.77916141,0.00006104
-0.77884141,0.00006104
-0.77852141,0.00006104
-0.77820141,0.00006104
-0.77788141,0.00006104
-0.77756141,0.00006104
-0.77724141,0.00006104
-0.77692141,0.00006104
-0.77660141,0.00006104
-0.77628141,0.00006104
-0.77596141,0.00006104
-0.77564141,0.00006104
-0.77532141,0.00006104
-0.77500141,0.00006104
-0.77468141,0.00006104
-0.77436141,0.00006104
-0.77404141,0.00006104
-0.77372141,0.00006104
-0.77340141,-0.01770074
-0.77308141,-0.01770074
-0.77276141,0.00006104
-0.77244141,0.00006104
-0.77212141,0.00006104
-0.77180141,0.00006104
-0.77148141,-0.01770074
-0.77116141,0.00006104
-0.77084141,0.00006104
-0.77052141,0.00006104
-0.77020141,0.00006104
-0.76988141,0.00006104
-0.76956141,0.00006104
-0.76924141,0.00006104
-0.76892141,0.00006104
-0.76860141,0.00006104
-0.76828141,0.00006104
-0.76796141,0.00006104
-0.76764141,0.00006104
-0.76732141,0.00006104
-0.76700141,0.00006104
-0.76668141,0.00006104
-0.76636141,0.00006104
-0.76604141,0.00006104
-0.76572141,0.00006104
-0.76540141,0.00006104
-0.76508141,0.00006104
-0.76476141,0.00006104
-0.76444141,0.00006104
-0.76412141,0.00006104
-0.76380141,0.00006104
-0.76348141,0.00006104
-0.76316141,0.00006104
-0.76284141,0.00006104
-0.76252141,0.00006104
-0.76220141,0.00006104
-0.76188141,0.00006104
-0.76156141,0.00006104
-0.76124141,0.00006104
-0.76092141,0.00006104
-0.76060141,0.00006104
-0.76028141,0.00006104
-0.75996141,0.00006104
-0.75964141,0.00006104
-0.75932141,0.00006104
-0.75900141,0.00006104
-0.75868141,0.00006104
-0.75836141,0.00006104
-0.75804141,0.00006104
-0.75772141,0.00006104
-0.75740141,0.00006104
-0.75708141,0.00006104
-0.75676141,0.00006104
-0.75644141,0.00006104
-0.75612141,-0.01770074
-0.75580141,0.00006104
-0.75548141,0.00006104
-0.75516141,0.00006104
-0.75484141,0.00006104
-0.75452141,-0.01770074
-0.75420141,0.00006104
-0.75388141,0.00006104
-0.75356141,0.00006104
-0.75324141,0.00006104
-0.75292141,0.00006104
-0.75260141,0.00006104
-0.75228141,0.00006104
-0.75196141,0.00006104
-0.75164141,0.00006104
-0.75132141,0.00006104
-0.75100141,0.00006104
-0.75068141,0.00006104
-0.75036141,0.00006104
-0.75004141,0.00006104
-0.74972141,0.00006104
-0.74940141,0.00006104
-0.74908141,0.00006104
-0.74876141,0.00006104
-0.74844141,0.00006104
-0.74812141,0.00006104
-0.74780141,0.00006104
-0.74748141,0.00006104
-0.74716141,-0.01770074
-0.74684141,0.00006104
-0.74652141,-0.01770074
-0.74620141,0.00006104
-0.74588141,0.00006104
-0.74556141,0.00006104
-0.74524141,0.00006104
-0.74492141,0.00006104
-0.74460141,0.00006104
-0.74428141,-0.01770074
-0.74396141,0.00006104
-0.74364141,0.00006104
-0.74332141,0.00006104
-0.74300141,0.00006104
-0.74268141,0.00006104
-0.74236141,0.00006104
-0.74204141,0.00006104
-0.74172141,0.00006104
-0.74140141,0.00006104
-0.74108141,0.00006104
-0.74076141,0.00006104
-0.74044141,0.00006104
-0.74012141,0.00006104
-0.73980141,0.00006104
-0.73948141,0.00006104
-0.73916141,0.00006104
-0.73884141,0.00006104
-0.73852141,0.00006104
-0.73820141,0.00006104
-0.73788141,0.00006104
-0.73756141,-0.01770074
-0.73724141,0.00006104
-0.73692141,0.00006104
-0.73660141,0.00006104
-0.73628141,0.00006104
-0.73596141,0.00006104
-0.73564141,0.00006104
-0.73532141,0.00006104
-0.73500141,0.00006104
-0.73468141,0.00006104
-0.73436141,0.00006104
-0.73404141,0.00006104
-0.73372141,0.00006104
-0.73340141,0.00006104
-0.73308141,0.00006104
-0.73276141,0.00006104
-0.73244141,0.00006104
-0.73212141,0.00006104
-0.73180141,0.00006104
-0.73148141,0.00006104
-0.73116141,0.00006104
-0.73084141,0.00006104
-0.73052141,0.00006104
-0.73020141,0.00006104
-0.72988141,0.00006104
-0.72956141,0.00006104
-0.72924141,0.00006104
-0.72892141,-0.01770074
-0.72860141,-0.01770074
-0.72828141,0.00006104
-0.72796141,-0.01770074
-0.72764141,0.00006104
-0.72732141,0.00006104
-0.72700141,0.00006104
-0.72668141,0.00006104
-0.72636141,0.00006104
-0.72604141,0.00006104
-0.72572141,0.00006104
-0.72540141,0.00006104
-0.72508141,0.00006104
-0.72476141,0.00006104
-0.72444141,0.00006104
-0.72412141,0.00006104
-0.72380141,0.00006104
-0.72348141,0.00006104
-0.72316141,0.00006104
-0.72284141,0.00006104
-0.72252141,0.00006104
-0.72220141,0.00006104
-0.72188141,0.00006104
-0.72156141,0.00006104
-0.72124141,0.00006104
-0.72092141,-0.01770074
-0.72060141,0.00006104
-0.72028141,0.00006104
-0.71996141,-0.01770074
-0.71964141,0.00006104
-0.71932141,0.00006104
-0.71900141,-0.01770074
-0.71868141,0.00006104
-0.71836141,0.00006104
-0.71804141,0.00006104
-0.71772141,0.00006104
-0.71740141,0.00006104
-0.71708141,0.00006104
-0.71676141,0.00006104
-0.71644141,0.00006104
-0.71612141,0.00006104
-0.71580141,0.00006104
-0.71548141,0.00006104
-0.71516141,0.00006104
-0.71484141,0.00006104
-0.71452141,0.00006104
-0.71420141,0.00006104
-0.71388141,0.00006104
-0.71356141,0.00006104
-0.71324141,0.00006104
-0.71292141,0.00006104
-0.71260141,0.00006104
-0.71228141,0.00006104
-0.71196141,0.00006104
-0.71164141,0.00006104
-0.71132141,0.00006104
-0.71100141,0.00006104
-0.71068141,0.00006104
-0.71036141,0.00006104
-0.71004141,0.00006104
-0.70972141,0.00006104
-0.70940141,0.00006104
-0.70908141,0.00006104
-0.70876141,0.00006104
-0.70844141,0.00006104
-0.70812141,0.00006104
-0.70780141,0.00006104
-0.70748141,0.00006104
-0.70716141,0.00006104
-0.70684141,0.00006104
-0.70652141,0.00006104
-0.70620141,0.00006104
-0.70588141,0.00006104
-0.70556141,0.00006104
-0.70524141,0.00006104
-0.70492141,0.00006104
-0.70460141,0.00006104
-0.70428141,0.00006104
-0.70396141,0.00006104
-0.70364141,0.00006104
-0.70332141,-0.01770074
-0.70300141,0.00006104
-0.70268141,0.00006104
-0.70236141,0.00006104
-0.70204141,0.00006104
-0.70172141,0.00006104
-0.70140141,0.00006104
-0.70108141,0.00006104
-0.70076141,0.00006104
-0.70044141,0.00006104
-0.70012141,0.00006104
-0.69980141,0.00006104
-0.69948141,0.00006104
-0.69916141,0.00006104
-0.69884141,0.00006104
-0.69852141,0.00006104
-0.69820141,0.00006104
-0.69788141,0.00006104
-0.69756141,0.00006104
-0.69724141,0.00006104
-0.69692141,0.00006104
-0.69660141,0.00006104
-0.69628141,0.00006104
-0.69596141,0.00006104
-0.69564141,-0.01770074
-0.69532141,0.00006104
-0.69500141,0.00006104
-0.69468141,0.00006104
-0.69436141,0.00006104
-0.69404141,-0.01770074
-0.69372141,0.00006104
-0.69340141,0.00006104
-0.69308141,0.00006104
-0.69276141,0.00006104
-0.69244141,0.00006104
-0.69212141,0.00006104
-0.69180141,0.00006104
-0.69148141,-0.01770074
-0.69116141,0.00006104
-0.69084141,0.00006104
-0.69052141,0.00006104
-0.69020141,0.00006104
-0.68988141,0.00006104
-0.68956141,0.00006104
-0.68924141,0.00006104
-0.68892141,0.00006104
-0.68860141,0.00006104
-0.68828141,0.00006104
-0.68796141,0.00006104
-0.68764141,0.00006104
-0.68732141,0.00006104
-0.68700141,0.00006104
-0.68668141,0.00006104
-0.68636141,0.00006104
-0.68604141,0.00006104
-0.68572141,0.00006104
-0.68540141,0.00006104
-0.68508141,0.00006104
-0.68476141,0.00006104
-0.68444141,0.00006104
-0.68412141,0.00006104
-0.68380141,0.00006104
-0.68348141,0.00006104
-0.68316141,0.00006104
-0.68284141,0.00006104
-0.68252141,0.00006104
-0.68220141,-0.01770074
-0.68188141,0.00006104
-0.68156141,0.00006104
-0.68124141,0.00006104
-0.68092141,0.00006104
-0.68060141,-0.01770074
-0.68028141,0.00006104
-0.67996141,0.00006104
-0.67964141,0.00006104
-0.67932141,0.00006104
-0.67900141,0.00006104
-0.67868141,0.00006104
-0.67836141,0.00006104
-0.67804141,0.00006104
-0.67772141,0.00006104
-0.67740141,0.00006104
-0.67708141,0.00006104
-0.67676141,0.00006104
-0.67644141,0.00006104
-0.67612141,0.00006104
-0.67580141,0.00006104
-0.67548141,0.00006104
-0.67516141,0.00006104
-0.67484141,0.00006104
-0.67452141,0.00006104
-0.67420141,0.00006104
-0.67388141,-0.01770074
-0.67356141,0.00006104
-0.67324141,0.00006104
-0.67292141,-0.01770074
-0.67260141,0.00006104
-0.67228141,0.00006104
-0.67196141,-0.01770074
-0.67164141,0.00006104
-0.67132141,0.00006104
-0.67100141,0.00006104
-0.67068141,0.00006104
-0.67036141,0.00006104
-0.67004141,0.00006104
-0.66972141,0.00006104
-0.66940141,0.00006104
-0.66908141,0.00006104
-0.66876141,0.00006104
-0.66844141,0.00006104
-0.66812141,0.00006104
-0.66780141,0.00006104
-0.66748141,0.00006104
-0.66716141,0.00006104
-0.66684141,0.00006104
-0.66652141,0.00006104
-0.66620141,0.00006104
-0.66588141,0.00006104
-0.66556141,0.00006104
-0.66524141,0.00006104
-0.66492141,0.00006104
-0.66460141,0.00006104
-0.66428141,0.00006104
-0.66396141,0.00006104
-0.66364141,0.00006104
-0.66332141,0.00006104
-0.66300141,0.00006104
-0.66268141,0.00006104
-0.66236141,0.00006104
-0.66204141,0.00006104
-0.66172141,0.00006104
-0.66140141,0.00006104
-0.66108141,0.00006104
-0.66076141,0.00006104
-0.66044141,0.00006104
-0.66012141,0.00006104
-0.65980141,0.00006104
-0.65948141,0.00006104
-0.65916141,0.00006104
-0.65884141,0.00006104
-0.65852141,0.00006104
-0.65820141,0.00006104
-0.65788141,0.00006104
-0.65756141,0.00006104
-0.65724141,0.00006104
-0.65692141,0.00006104
-0.65660141,0.00006104
-0.65628141,-0.01770074
-0.65596141,0.00006104
-0.65564141,0.00006104
-0.65532141,0.00006104
-0.65500141,0.00006104
-0.65468141,0.00006104
-0.65436141,0.00006104
-0.65404141,0.00006104
-0.65372141,0.00006104
-0.65340141,0.00006104
-0.65308141,0.00006104
-0.65276141,0.00006104
-0.65244141,0.00006104
-0.65212141,0.00006104
-0.65180141,0.00006104
-0.65148141,0.00006104
-0.65116141,0.00006104
-0.65084141,0.00006104
-0.65052141,0.00006104
-0.65020141,0.00006104
-0.64988141,-0.01770074
-0.64956141,0.00006104
-0.64924141,-0.01770074
-0.64892141,0.00006104
-0.64860141,0.00006104
-0.64828141,-0.01770074
-0.64796141,0.00006104
-0.64764141,0.00006104
-0.64732141,0.00006104
-0.64700141,0.00006104
-0.64668141,0.00006104
-0.64636141,0.00006104
-0.64604141,0.00006104
-0.64572141,0.00006104
-0.64540141,0.00006104
-0.64508141,0.00006104
-0.64476141,0.00006104
-0.64444141,0.00006104
-0.64412141,0.00006104
-0.64380141,0.00006104
-0.64348141,0.00006104
-0.64316141,0.00006104
-0.64284141,0.00006104
-0.64252141,0.00006104
-0.64220141,0.00006104
-0.64188141,0.00006104
-0.64156141,-0.01770074
-0.64124141,0.00006104
-0.64092141,0.00006104
-0.64060141,0.00006104
-0.64028141,0.00006104
-0.63996141,0.00006104
-0.63964141,0.00006104
-0.63932141,0.00006104
-0.63900141,0.00006104
-0.63868141,0.00006104
-0.63836141,0.00006104
-0.63804141,0.00006104
-0.63772141,0.00006104
-0.63740141,0.00006104
-0.63708141,0.00006104
-0.63676141,0.00006104
-0.63644141,0.00006104
-0.63612141,0.00006104
-0.63580141,0.00006104
-0.63548141,0.00006104
-0.63516141,0.00006104
-0.63484141,0.00006104
-0.63452141,0.00006104
-0.63420141,0.00006104
-0.63388141,0.00006104
-0.63356141,0.00006104
-0.63324141,0.00006104
-0.63292141,0.00006104
-0.63260141,0.00006104
-0.63228141,0.00006104
-0.63196141,0.00006104
-0.63164141,0.00006104
-0.63132141,0.00006104
-0.63100141,0.00006104
-0.63068141,0.00006104
-0.63036141,-0.01770074
-0.63004141,0.00006104
-0.62972141,-0.01770074
-0.62940141,0.00006104
-0.62908141,0.00006104
-0.62876141,0.00006104
-0.62844141,0.00006104
-0.62812141,0.00006104
-0.62780141,0.00006104
-0.62748141,0.00006104
-0.62716141,0.00006104
-0.62684141,0.00006104
-0.62652141,0.00006104
-0.62620141,0.00006104
-0.62588141,0.00006104
-0.62556141,0.00006104
-0.62524141,0.00006104
-0.62492141,0.00006104
-0.62460141,0.00006104
-0.62428141,0.00006104
-0.62396141,-0.01770074
-0.62364141,-0.01770074
-0.62332141,0.00006104
-0.62300141,0.00006104
-0.62268141,0.00006104
-0.62236141,0.00006104
-0.62204141,-0.01770074
-0.62172141,0.00006104
-0.62140141,0.00006104
-0.62108141,0.00006104
-0.62076141,0.00006104
-0.62044141,0.00006104
-0.62012141,0.00006104
-0.61980141,0.00006104
-0.61948141,0.00006104
-0.61916141,0.00006104
-0.61884141,0.00006104
-0.61852141,0.00006104
-0.61820141,0.00006104
-0.61788141,0.00006104
-0.61756141,0.00006104
-0.61724141,0.00006104
-0.61692141,0.00006104
-0.61660141,-0.01770074
-0.61628141,0.00006104
-0.61596141,0.00006104
-0.61564141,0.00006104
-0.61532141,0.00006104
-0.61500141,0.00006104
-0.61468141,0.00006104
-0.61436141,0.00006104
-0.61404141,0.00006104
-0.61372141,0.00006104
-0.61340141,0.00006104
-0.61308141,0.00006104
-0.61276141,0.00006104
-0.61244141,0.00006104
-0.61212141,0.00006104
-0.61180141,0.00006104
-0.61148141,0.00006104
-0.61116141,0.00006104
-0.61084141,0.00006104
-0.61052141,0.00006104
-0.61020141,0.00006104
-0.60988141,0.00006104
-0.60956141,0.00006104
-0.60924141,0.00006104
-0.60892141,0.00006104
-0.60860141,0.00006104
-0.60828141,0.00006104
-0.60796141,0.00006104
-0.60764141,0.00006104
-0.60732141,0.00006104
-0.60700141,0.00006104
-0.60668141,0.00006104
-0.60636141,0.00006104
-0.60604141,0.00006104
-0.60572141,0.00006104
-0.60540141,0.00006104
-0.60508141,-0.01770074
-0.60476141,0.00006104
-0.60444141,0.00006104
-0.60412141,0.00006104
-0.60380141,0.00006104
-0.60348141,0.00006104
-0.60316141,0.00006104
-0.60284141,0.00006104
-0.60252141,0.00006104
-0.60220141,0.00006104
-0.60188141,0.00006104
-0.60156141,0.00006104
-0.60124141,0.00006104
-0.60092141,0.00006104
-0.60060141,0.00006104
-0.60028141,-0.01770074
-0.59996141,0.00006104
-0.59964141,0.00006104
-0.59932141,0.00006104
-0.59900141,0.00006104
-0.59868141,0.00006104
-0.59836141,0.00006104
-0.59804141,0.00006104
-0.59772141,0.00006104
-0.59740141,0.00006104
-0.59708141,0.00006104
-0.59676141,0.00006104
-0.59644141,0.00006104
-0.59612141,0.00006104
-0.59580141,0.00006104
-0.59548141,0.00006104
-0.59516141,-0.01770074
-0.59484141,0.00006104
-0.59452141,0.00006104
-0.59420141,0.00006104
-0.59388141,0.00006104
-0.59356141,0.00006104
-0.59324141,-0.01770074
-0.59292141,0.00006104
-0.59260141,0.00006104
-0.59228141,0.00006104
-0.59196141,-0.01770074
-0.59164141,0.00006104
-0.59132141,0.00006104
-0.59100141,0.00006104
-0.59068141,0.00006104
-0.59036141,0.00006104
-0.59004141,0.00006104
-0.58972141,0.00006104
-0.58940141,0.00006104
-0.58908141,0.00006104
-0.58876141,0.00006104
-0.58844141,0.00006104
-0.58812141,0.00006104
-0.58780141,0.00006104
-0.58748141,0.00006104
-0.58716141,0.00006104
-0.58684141,0.00006104
-0.58652141,0.00006104
-0.58620141,0.00006104
-0.58588141,0.00006104
-0.58556141,0.00006104
-0.58524141,0.00006104
-0.58492141,0.00006104
-0.58460141,0.00006104
-0.58428141,0.00006104
-0.58396141,0.00006104
-0.58364141,0.00006104
-0.58332141,0.00006104
-0.58300141,0.00006104
-0.58268141,0.00006104
-0.58236141,0.00006104
-0.58204141,0.00006104
-0.58172141,0.00006104
-0.58140141,0.00006104
-0.58108141,0.00006104
-0.58076141,0.00006104
-0.58044141,0.00006104
-0.58012141,0.00006104
-0.57980141,0.00006104
-0.57948141,0.00006104
-0.57916141,0.00006104
-0.57884141,0.00006104
-0.57852141,0.00006104
-0.57820141,0.00006104
-0.57788141,0.00006104
-0.57756141,0.00006104
-0.57724141,0.00006104
-0.57692141,0.00006104
-0.57660141,0.00006104
-0.57628141,0.00006104
-0.57596141,0.00006104
-0.57564141,0.00006104
-0.57532141,0.00006104
-0.57500141,0.00006104
-0.57468141,0.00006104
-0.57436141,0.00006104
-0.57404141,-0.01770074
-0.57372141,0.00006104
-0.57340141,0.00006104
-0.57308141,0.00006104
-0.57276141,0.00006104
-0.57244141,0.00006104
-0.57212141,0.00006104
-0.57180141,0.00006104
-0.57148141,0.00006104
-0.57116141,0.00006104
-0.57084141,0.00006104
-0.57052141,0.00006104
-0.57020141,0.00006104
-0.56988141,0.00006104
-0.56956141,0.00006104
-0.56924141,0.00006104
-0.56892141,0.00006104
-0.56860141,0.00006104
-0.56828141,0.00006104
-0.56796141,0.00006104
-0.56764141,0.00006104
-0.56732141,0.00006104
-0.56700141,0.00006104
-0.56668141,0.00006104
-0.56636141,0.00006104
-0.56604141,0.00006104
-0.56572141,0.00006104
-0.56540141,0.00006104
-0.56508141,0.00006104
-0.56476141,0.00006104
-0.56444141,0.00006104
-0.56412141,0.00006104
-0.56380141,-0.01770074
-0.56348141,0.00006104
-0.56316141,0.00006104
-0.56284141,0.00006104
-0.56252141,0.00006104
-0.56220141,0.00006104
-0.56188141,0.00006104
-0.56156141,0.00006104
-0.56124141,0.00006104
-0.56092141,0.00006104
-0.56060141,0.00006104
-0.56028141,0.00006104
-0.55996141,0.00006104
-0.55964141,0.00006104
-0.55932141,0.00006104
-0.55900141,0.00006104
-0.55868141,0.00006104
-0.55836141,0.00006104
-0.55804141,0.00006104
-0.55772141,-0.01770074
-0.55740141,0.00006104
-0.55708141,0.00006104
-0.55676141,0.00006104
-0.55644141,0.00006104
-0.55612141,0.00006104
-0.55580141,0.00006104
-0.55548141,-0.01770074
-0.55516141,0.00006104
-0.55484141,0.00006104
-0.55452141,0.00006104
-0.55420141,-0.01770074
-0.55388141,0.00006104
-0.55356141,0.00006104
-0.55324141,0.00006104
-0.55292141,0.00006104
-0.55260141,0.00006104
-0.55228141,0.00006104
-0.55196141,0.00006104
-0.55164141,0.00006104
-0.55132141,0.00006104
-0.55100141,-0.01770074
-0.55068141,0.00006104
-0.55036141,0.00006104
-0.55004141,0.00006104
-0.54972141,0.00006104
-0.54940141,0.00006104
-0.54908141,0.00006104
-0.54876141,0.00006104
-0.54844141,-0.01770074
-0.54812141,0.00006104
-0.54780141,0.00006104
-0.54748141,0.00006104
-0.54716141,0.00006104
-0.54684141,-0.01770074
-0.54652141,0.00006104
-0.54620141,0.00006104
-0.54588141,0.00006104
-0.54556141,0.00006104
-0.54524141,0.00006104
-0.54492141,0.00006104
-0.54460141,0.00006104
-0.54428141,0.00006104
-0.54396141,0.00006104
-0.54364141,0.00006104
-0.54332141,0.00006104
-0.54300141,0.00006104
-0.54268141,0.00006104
-0.54236141,0.00006104
-0.54204141,0.00006104
-0.54172141,0.00006104
-0.54140141,0.00006104
-0.54108141,0.00006104
-0.54076141,0.00006104
-0.54044141,0.00006104
-0.54012141,0.00006104
-0.53980141,0.00006104
-0.53948141,0.00006104
-0.53916141,0.00006104
-0.53884141,0.00006104
-0.53852141,0.00006104
-0.53820141,0.00006104
-0.53788141,0.00006104
-0.53756141,0.00006104
-0.53724141,0.00006104
-0.53692141,0.00006104
-0.53660141,0.00006104
-0.53628141,0.00006104
-0.53596141,0.00006104
-0.53564141,0.00006104
-0.53532141,0.00006104
-0.53500141,0.00006104
-0.53468141,0.00006104
-0.53436141,0.00006104
-0.53404141,0.00006104
-0.53372141,0.00006104
-0.53340141,0.00006104
-0.53308141,0.00006104
-0.53276141,0.00006104
-0.53244141,0.00006104
-0.53212141,0.00006104
-0.53180141,0.00006104
-0.53148141,-0.01770074
-0.53116141,0.00006104
-0.53084141,0.00006104
-0.53052141,0.00006104
-0.53020141,-0.01770074
-0.52988141,0.00006104
-0.52956141,0.00006104
-0.52924141,0.00006104
-0.52892141,0.00006104
-0.52860141,0.00006104
-0.52828141,0.00006104
-0.52796141,-0.01770074
-0.52764141,0.00006104
-0.52732141,0.00006104
-0.52700141,0.00006104
-0.52668141,0.00006104
-0.52636141,0.00006104
-0.52604141,0.00006104
-0.52572141,0.00006104
-0.52540141,0.00006104
-0.52508141,0.00006104
-0.52476141,0.00006104
-0.52444141,0.00006104
-0.52412141,0.00006104
-0.52380141,0.00006104
-0.52348141,0.00006104
-0.52316141,0.00006104
-0.52284141,-0.01770074
-0.52252141,0.00006104
-0.52220141,0.00006104
-0.52188141,0.00006104
-0.52156141,0.00006104
-0.52124141,-0.01770074
-0.52092141,0.00006104
-0.52060141,0.00006104
-0.52028141,0.00006104
-0.51996141,0.00006104
-0.51964141,0.00006104
-0.51932141,0.00006104
-0.51900141,0.00006104
-0.51868141,0.00006104
-0.51836141,0.00006104
-0.51804141,-0.01770074
-0.51772141,0.00006104
-0.51740141,0.00006104
-0.51708141,0.00006104
-0.51676141,0.00006104
-0.51644141,0.00006104
-0.51612141,0.00006104
-0.51580141,0.00006104
-0.51548141,0.00006104
-0.51516141,0.00006104
-0.51484141,0.00006104
-0.51452141,0.00006104
-0.51420141,0.00006104
-0.51388141,0.00006104
-0.51356141,0.00006104
-0.51324141,0.00006104
-0.51292141,0.00006104
-0.51260141,-0.01770074
-0.51228141,0.00006104
-0.51196141,0.00006104
-0.51164141,0.00006104
-0.51132141,0.00006104
-0.51100141,0.00006104
-0.51068141,-0.01770074
-0.51036141,0.00006104
-0.51004141,0.00006104
-0.50972141,0.00006104
-0.50940141,0.00006104
-0.50908141,0.00006104
-0.50876141,0.00006104
-0.50844141,0.00006104
-0.50812141,0.00006104
-0.50780141,0.00006104
-0.50748141,0.00006104
-0.50716141,0.00006104
-0.50684141,0.00006104
-0.50652141,0.00006104
-0.50620141,0.00006104
-0.50588141,0.00006104
-0.50556141,0.00006104
-0.50524141,0.00006104
-0.50492141,0.00006104
-0.50460141,0.00006104
-0.50428141,0.01788385
-0.50396141,1.42411578
-0.50364141,1.08584857
-0.50332141,0.37385175
-0.50300141,0.01788385
-0.50268141,-0.08893093
-0.50236141,-0.07110813
-0.50204141,-0.05334635
-0.50172141,-0.03552354
-0.50140141,-0.01770074
-0.50108141,-0.12451552
-0.50076141,-1.03238010
-0.50044141,-∞
-0.50012141,-1.03238010
-0.49980141,-0.05334635
-0.49948141,0.26703694
-0.49916141,0.17804499
-0.49884141,0.05346843
-0.49852141,0.01788385
-0.49820141,0.03570665
-0.49788141,0.01788385
-0.49756141,0.03570665
-0.49724141,0.01788385
-0.49692141,0.01788385
-0.49660141,0.03570665
-0.49628141,0.03570665
-0.49596141,0.01788385
-0.49564141,0.01788385
-0.49532141,0.00006104
-0.49500141,0.00006104
-0.49468141,0.01788385
-0.49436141,0.01788385
-0.49404141,0.05346843
-0.49372141,0.05346843
-0.49340141,0.07129124
-0.49308141,0.07129124
-0.49276141,0.03570665
-0.49244141,0.07129124
-0.49212141,0.05346843
-0.49180141,0.03570665
-0.49148141,0.07129124
-0.49116141,0.08911405
-0.49084141,0.07129124
-0.49052141,0.03570665
-0.49020141,0.03570665
-0.48988141,0.03570665
-0.48956141,0.03570665
-0.48924141,0.00006104
-0.48892141,-0.03552354
-0.48860141,-0.03552354
-0.48828141,-0.03552354
-0.48796141,0.01788385
-0.48764141,0.00006104
-0.48732141,0.00006104
-0.48700141,0.05346843
-0.48668141,-0.01770074
-0.48636141,-0.03552354
-0.48604141,0.01788385
-0.48572141,-0.03552354
-0.48540141,0.01788385
-0.48508141,0.05346843
-0.48476141,0.01788385
-0.48444141,0.01788385
-0.48412141,0.03570665
-0.48380141,0.01788385
-0.48348141,0.01788385
-0.48316141,0.01788385
-0.48284141,0.01788385
-0.48252141,0.00006104
-0.48220141,0.01788385
-0.48188141,0.03570665
-0.48156141,0.00006104
-0.48124141,0.00006104
-0.48092141,0.01788385
-0.48060141,0.01788385
-0.48028141,0.00006104
-0.47996141,0.01788385
-0.47964141,0.00006104
-0.47932141,0.00006104
-0.47900141,0.00006104
-0.47868141,0.00006104
-0.47836141,0.00006104
-0.47804141,0.03570665
-0.47772141,0.01788385
-0.47740141,0.00006104
-0.47708141,0.01788385
-0.47676141,0.00006104
-0.47644141,0.00006104
-0.47612141,0.01788385
-0.47580141,0.00006104
-0.47548141,0.00006104
-0.47516141,0.01788385
-0.47484141,0.01788385
-0.47452141,0.01788385
-0.47420141,0.00006104
-0.47388141,0.00006104
-0.47356141,0.00006104
-0.47324141,0.00006104
-0.47292141,-0.01770074
-0.47260141,0.00006104
-0.47228141,0.00006104
-0.47196141,0.00006104
-0.47164141,0.00006104
-0.47132141,0.00006104
-0.47100141,0.01788385
-0.47068141,0.01788385
-0.47036141,0.00006104
-0.47004141,0.00006104
-0.46972141,0.00006104
-0.46940141,0.00006104
-0.46908141,0.01788385
-0.46876141,0.01788385
-0.46844141,0.00006104
-0.46812141,0.00006104
-0.46780141,0.00006104
-0.46748141,0.00006104
-0.46716141,0.00006104
-0.46684141,0.00006104
-0.46652141,0.00006104
-0.46620141,0.00006104
-0.46588141,0.00006104
-0.46556141,0.00006104
-0.46524141,0.00006104
-0.46492141,0.00006104
-0.46460141,0.00006104
-0.46428141,0.00006104
-0.46396141,0.00006104
-0.46364141,0.00006104
-0.46332141,0.00006104
-0.46300141,0.00006104
-0.46268141,0.00006104
-0.46236141,0.00006104
-0.46204141,0.00006104
-0.46172141,-0.01770074
-0.46140141,0.00006104
-0.46108141,0.00006104
-0.46076141,0.00006104
-0.46044141,0.00006104
-0.46012141,0.00006104
-0.45980141,0.00006104
-0.45948141,0.01788385
-0.45916141,0.00006104
-0.45884141,0.00006104
-0.45852141,0.01788385
-0.45820141,0.01788385
-0.45788141,0.00006104
-0.45756141,0.00006104
-0.45724141,0.00006104
-0.45692141,0.00006104
-0.45660141,0.00006104
-0.45628141,0.00006104
-0.45596141,0.00006104
-0.45564141,0.00006104
-0.45532141,0.00006104
-0.45500141,-0.01770074
-0.45468141,0.00006104
-0.45436141,0.00006104
-0.45404141,-0.01770074
-0.45372141,0.00006104
-0.45340141,0.00006104
-0.45308141,0.00006104
-0.45276141,0.00006104
-0.45244141,0.00006104
-0.45212141,0.00006104
-0.45180141,0.00006104
-0.45148141,0.00006104
-0.45116141,0.00006104
-0.45084141,0.00006104
-0.45052141,0.00006104
-0.45020141,0.01788385
-0.44988141,0.00006104
-0.44956141,0.00006104
-0.44924141,0.00006104
-0.44892141,0.00006104
-0.44860141,0.00006104
-0.44828141,0.00006104
-0.44796141,0.00006104
-0.44764141,0.00006104
-0.44732141,-0.01770074
-0.44700141,0.00006104
-0.44668141,0.00006104
-0.44636141,0.00006104
-0.44604141,0.00006104
-0.44572141,0.00006104
-0.44540141,0.00006104
-0.44508141,0.00006104
-0.44476141,0.00006104
-0.44444141,0.00006104
-0.44412141,0.00006104
-0.44380141,0.00006104
-0.44348141,0.00006104
-0.44316141,0.01788385
-0.44284141,0.00006104
-0.44252141,0.00006104
-0.44220141,0.00006104
-0.44188141,0.00006104
-0.44156141,0.00006104
-0.44124141,0.00006104
-0.44092141,0.00006104
-0.44060141,0.00006104
-0.44028141,0.00006104
-0.43996141,0.00006104
-0.43964141,0.00006104
-0.43932141,0.00006104
-0.43900141,0.00006104
-0.43868141,0.00006104
-0.43836141,0.00006104
-0.43804141,0.00006104
-0.43772141,0.00006104
-0.43740141,0.00006104
-0.43708141,0.00006104
-0.43676141,0.00006104
-0.43644141,0.00006104
-0.43612141,0.00006104
-0.43580141,0.00006104
-0.43548141,0.00006104
-0.43516141,0.00006104
-0.43484141,0.00006104
-0.43452141,0.00006104
-0.43420141,0.00006104
-0.43388141,0.00006104
-0.43356141,0.00006104
-0.43324141,0.00006104
-0.43292141,0.00006104
-0.43260141,0.00006104
-0.43228141,0.00006104
-0.43196141,0.00006104
-0.43164141,0.00006104
-0.43132141,0.00006104
-0.43100141,0.00006104
-0.43068141,0.00006104
-0.43036141,0.00006104
-0.43004141,0.00006104
-0.42972141,0.00006104
-0.42940141,0.00006104
-0.42908141,0.00006104
-0.42876141,0.00006104
-0.42844141,0.00006104
-0.42812141,0.00006104
-0.42780141,0.00006104
-0.42748141,0.00006104
-0.42716141,0.00006104
-0.42684141,0.00006104
-0.42652141,0.00006104
-0.42620141,0.00006104
-0.42588141,0.00006104
-0.42556141,0.00006104
-0.42524141,0.00006104
-0.42492141,0.00006104
-0.42460141,0.00006104
-0.42428141,0.00006104
-0.42396141,0.00006104
-0.42364141,0.00006104
-0.42332141,0.00006104
-0.42300141,0.00006104
-0.42268141,0.00006104
-0.42236141,0.00006104
-0.42204141,0.00006104
-0.42172141,0.00006104
-0.42140141,0.00006104
-0.42108141,0.00006104
-0.42076141,0.00006104
-0.42044141,0.00006104
-0.42012141,0.00006104
-0.41980141,0.00006104
-0.41948141,0.00006104
-0.41916141,0.00006104
-0.41884141,0.00006104
-0.41852141,0.00006104
-0.41820141,0.00006104
-0.41788141,-0.01770074
-0.41756141,0.00006104
-0.41724141,0.00006104
-0.41692141,0.00006104
-0.41660141,0.00006104
-0.41628141,0.00006104
-0.41596141,0.00006104
-0.41564141,0.00006104
-0.41532141,0.00006104
-0.41500141,0.00006104
-0.41468141,0.00006104
-0.41436141,0.00006104
-0.41404141,0.00006104
-0.41372141,0.00006104
-0.41340141,0.00006104
-0.41308141,0.00006104
-0.41276141,0.00006104
-0.41244141,-0.01770074
-0.41212141,0.00006104
-0.41180141,-0.01770074
-0.41148141,0.00006104
-0.41116141,0.00006104
-0.41084141,0.00006104
-0.41052141,0.00006104
-0.41020141,0.00006104
-0.40988141,0.00006104
-0.40956141,0.00006104
-0.40924141,0.00006104
-0.40892141,0.00006104
-0.40860141,0.00006104
-0.40828141,-0.01770074
-0.40796141,0.00006104
-0.40764141,0.00006104
-0.40732141,0.00006104
-0.40700141,0.00006104
-0.40668141,0.00006104
-0.40636141,0.00006104
-0.40604141,0.00006104
-0.40572141,0.00006104
-0.40540141,0.00006104
-0.40508141,0.00006104
-0.40476141,0.00006104
-0.40444141,0.00006104
-0.40412141,0.00006104
-0.40380141,0.00006104
-0.40348141,0.00006104
-0.40316141,0.00006104
-0.40284141,0.00006104
-0.40252141,0.00006104
-0.40220141,-0.01770074
-0.40188141,0.00006104
-0.40156141,0.00006104
-0.40124141,0.00006104
-0.40092141,0.00006104
-0.40060141,0.00006104
-0.40028141,0.00006104
-0.39996141,0.00006104
-0.39964141,0.00006104
-0.39932141,0.00006104
-0.39900141,0.00006104
-0.39868141,0.00006104
-0.39836141,0.00006104
-0.39804141,0.00006104
-0.39772141,0.00006104
-0.39740141,0.00006104
-0.39708141,0.00006104
-0.39676141,0.00006104
-0.39644141,0.00006104
-0.39612141,0.00006104
-0.39580141,0.00006104
-0.39548141,0.00006104
-0.39516141,0.00006104
-0.39484141,0.00006104
-0.39452141,-0.01770074
-0.39420141,0.00006104
-0.39388141,0.00006104
-0.39356141,0.00006104
-0.39324141,0.00006104
-0.39292141,-0.01770074
-0.39260141,0.00006104
-0.39228141,0.00006104
-0.39196141,0.00006104
-0.39164141,0.00006104
-0.39132141,-0.01770074
-0.39100141,0.00006104
-0.39068141,0.00006104
-0.39036141,0.00006104
-0.39004141,0.00006104
-0.38972141,0.00006104
-0.38940141,0.00006104
-0.38908141,0.00006104
-0.38876141,0.00006104
-0.38844141,-0.01770074
-0.38812141,0.00006104
-0.38780141,0.00006104
-0.38748141,0.00006104
-0.38716141,0.00006104
-0.38684141,0.00006104
-0.38652141,0.00006104
-0.38620141,0.00006104
-0.38588141,0.00006104
-0.38556141,0.00006104
-0.38524141,0.00006104
-0.38492141,0.00006104
-0.38460141,0.00006104
-0.38428141,0.00006104
-0.38396141,0.00006104
-0.38364141,0.00006104
-0.38332141,0.00006104
-0.38300141,0.00006104
-0.38268141,0.00006104
-0.38236141,0.00006104
-0.38204141,0.00006104
-0.38172141,0.00006104
-0.38140141,-0.01770074
-0.38108141,0.00006104
-0.38076141,0.00006104
-0.38044141,0.00006104
-0.38012141,0.00006104
-0.37980141,0.00006104
-0.37948141,0.00006104
-0.37916141,0.00006104
-0.37884141,0.00006104
-0.37852141,0.00006104
-0.37820141,0.00006104
-0.37788141,0.00006104
-0.37756141,0.00006104
-0.37724141,0.00006104
-0.37692141,0.00006104
-0.37660141,0.00006104
-0.37628141,0.00006104
-0.37596141,0.00006104
-0.37564141,-0.01770074
-0.37532141,0.00006104
-0.37500141,0.00006104
-0.37468141,0.00006104
-0.37436141,0.00006104
-0.37404141,0.00006104
-0.37372141,0.00006104
-0.37340141,0.00006104
-0.37308141,0.00006104
-0.37276141,0.00006104
-0.37244141,0.00006104
-0.37212141,0.00006104
-0.37180141,0.00006104
-0.37148141,0.00006104
-0.37116141,0.00006104
-0.37084141,-0.01770074
-0.37052141,0.00006104
-0.37020141,0.00006104
-0.36988141,0.00006104
-0.36956141,0.00006104
-0.36924141,0.00006104
-0.36892141,0.00006104
-0.36860141,0.00006104
-0.36828141,0.00006104
-0.36796141,0.00006104
-0.36764141,0.00006104
-0.36732141,0.00006104
-0.36700141,0.00006104
-0.36668141,0.00006104
-0.36636141,-0.01770074
-0.36604141,0.00006104
-0.36572141,0.00006104
-0.36540141,0.00006104
-0.36508141,0.00006104
-0.36476141,0.00006104
-0.36444141,0.00006104
-0.36412141,0.00006104
-0.36380141,0.00006104
-0.36348141,0.00006104
-0.36316141,0.00006104
-0.36284141,0.00006104
-0.36252141,0.00006104
-0.36220141,0.00006104
-0.36188141,-0.01770074
-0.36156141,0.00006104
-0.36124141,0.00006104
-0.36092141,0.00006104
-0.36060141,-0.01770074
-0.36028141,0.00006104
-0.35996141,0.00006104
-0.35964141,0.00006104
-0.35932141,0.00006104
-0.35900141,0.00006104
-0.35868141,0.00006104
-0.35836141,0.00006104
-0.35804141,0.00006104
-0.35772141,0.00006104
-0.35740141,0.00006104
-0.35708141,0.00006104
-0.35676141,0.00006104
-0.35644141,0.00006104
-0.35612141,0.00006104
-0.35580141,0.00006104
-0.35548141,-0.01770074
-0.35516141,0.00006104
-0.35484141,0.00006104
-0.35452141,0.00006104
-0.35420141,0.00006104
-0.35388141,0.00006104
-0.35356141,0.00006104
-0.35324141,0.00006104
-0.35292141,0.00006104
-0.35260141,0.00006104
-0.35228141,0.00006104
-0.35196141,0.00006104
-0.35164141,0.00006104
-0.35132141,0.00006104
-0.35100141,0.00006104
-0.35068141,0.00006104
-0.35036141,0.00006104
-0.35004141,-0.01770074
-0.34972141,-0.01770074
-0.34940141,0.00006104
-0.34908141,0.00006104
-0.34876141,0.00006104
-0.34844141,0.00006104
-0.34812141,-0.01770074
-0.34780141,0.00006104
-0.34748141,0.00006104
-0.34716141,0.00006104
-0.34684141,0.00006104
-0.34652141,0.00006104
-0.34620141,0.00006104
-0.34588141,0.00006104
-0.34556141,0.00006104
-0.34524141,0.00006104
-0.34492141,0.00006104
-0.34460141,0.00006104
-0.34428141,0.00006104
-0.34396141,0.00006104
-0.34364141,0.00006104
-0.34332141,0.00006104
-0.34300141,0.00006104
-0.34268141,0.00006104
-0.34236141,0.00006104
-0.34204141,0.00006104
-0.34172141,0.00006104
-0.34140141,0.00006104
-0.34108141,0.00006104
-0.34076141,0.00006104
-0.34044141,0.00006104
-0.34012141,0.00006104
-0.33980141,0.00006104
-0.33948141,-0.01770074
-0.33916141,0.00006104
-0.33884141,0.00006104
-0.33852141,0.00006104
-0.33820141,0.00006104
-0.33788141,0.00006104
-0.33756141,0.00006104
-0.33724141,0.00006104
-0.33692141,0.00006104
-0.33660141,0.00006104
-0.33628141,0.00006104
-0.33596141,0.00006104
-0.33564141,0.00006104
-0.33532141,0.00006104
-0.33500141,0.00006104
-0.33468141,0.00006104
-0.33436141,0.00006104
-0.33404141,0.00006104
-0.33372141,-0.01770074
-0.33340141,0.00006104
-0.33308141,0.00006104
-0.33276141,0.00006104
-0.33244141,0.00006104
-0.33212141,0.00006104
-0.33180141,0.00006104
-0.33148141,0.00006104
-0.33116141,0.00006104
-0.33084141,0.00006104
-0.33052141,0.00006104
-0.33020141,-0.01770074
-0.32988141,0.00006104
-0.32956141,0.00006104
-0.32924141,0.00006104
-0.32892141,0.00006104
-0.32860141,0.00006104
-0.32828141,0.00006104
-0.32796141,0.00006104
-0.32764141,0.00006104
-0.32732141,0.00006104
-0.32700141,0.00006104
-0.32668141,0.00006104
-0.32636141,0.00006104
-0.32604141,0.00006104
-0.32572141,0.00006104
-0.32540141,0.00006104
-0.32508141,0.00006104
-0.32476141,0.00006104
-0.32444141,0.00006104
-0.32412141,-0.01770074
-0.32380141,0.00006104
-0.32348141,0.00006104
-0.32316141,0.00006104
-0.32284141,0.00006104
-0.32252141,0.00006104
-0.32220141,0.00006104
-0.32188141,0.00006104
-0.32156141,0.00006104
-0.32124141,0.00006104
-0.32092141,0.00006104
-0.32060141,0.00006104
-0.32028141,0.00006104
-0.31996141,0.00006104
-0.31964141,0.00006104
-0.31932141,0.00006104
-0.31900141,0.00006104
-0.31868141,0.00006104
-0.31836141,0.00006104
-0.31804141,0.00006104
-0.31772141,0.00006104
-0.31740141,0.00006104
-0.31708141,0.00006104
-0.31676141,0.00006104
-0.31644141,0.00006104
-0.31612141,-0.01770074
-0.31580141,0.00006104
-0.31548141,0.00006104
-0.31516141,0.00006104
-0.31484141,0.00006104
-0.31452141,0.00006104
-0.31420141,0.00006104
-0.31388141,0.00006104
-0.31356141,0.00006104
-0.31324141,0.00006104
-0.31292141,0.00006104
-0.31260141,0.00006104
-0.31228141,0.00006104
-0.31196141,0.00006104
-0.31164141,0.00006104
-0.31132141,-0.01770074
-0.31100141,0.00006104
-0.31068141,0.00006104
-0.31036141,0.00006104
-0.31004141,0.00006104
-0.30972141,0.00006104
-0.30940141,0.00006104
-0.30908141,0.00006104
-0.30876141,-0.01770074
-0.30844141,0.00006104
-0.30812141,0.00006104
-0.30780141,0.00006104
-0.30748141,-0.01770074
-0.30716141,0.00006104
-0.30684141,0.00006104
-0.30652141,0.00006104
-0.30620141,0.00006104
-0.30588141,0.00006104
-0.30556141,0.00006104
-0.30524141,-0.01770074
-0.30492141,0.00006104
-0.30460141,0.00006104
-0.30428141,0.00006104
-0.30396141,0.00006104
-0.30364141,0.00006104
-0.30332141,0.00006104
-0.30300141,0.00006104
-0.30268141,0.00006104
-0.30236141,0.00006104
-0.30204141,-0.01770074
-0.30172141,0.00006104
-0.30140141,0.00006104
-0.30108141,-0.01770074
-0.30076141,0.00006104
-0.30044141,-0.01770074
-0.30012141,0.00006104
-0.29980141,0.00006104
-0.29948141,0.00006104
-0.29916141,0.00006104
-0.29884141,0.00006104
-0.29852141,0.00006104
-0.29820141,0.00006104
-0.29788141,-0.01770074
-0.29756141,0.00006104
-0.29724141,0.00006104
-0.29692141,0.00006104
-0.29660141,0.00006104
-0.29628141,0.00006104
-0.29596141,0.00006104
-0.29564141,-0.01770074
-0.29532141,0.00006104
-0.29500141,0.00006104
-0.29468141,0.00006104
-0.29436141,0.00006104
-0.29404141,0.00006104
-0.29372141,0.00006104
-0.29340141,0.00006104
-0.29308141,0.00006104
-0.29276141,0.00006104
-0.29244141,0.00006104
-0.29212141,-0.01770074
-0.29180141,0.00006104
-0.29148141,0.00006104
-0.29116141,0.00006104
-0.29084141,0.00006104
-0.29052141,0.00006104
-0.29020141,0.00006104
-0.28988141,0.00006104
-0.28956141,0.00006104
-0.28924141,0.00006104
-0.28892141,0.00006104
-0.28860141,0.00006104
-0.28828141,0.00006104
-0.28796141,0.00006104
-0.28764141,0.00006104
-0.28732141,0.00006104
-0.28700141,0.00006104
-0.28668141,0.00006104
-0.28636141,0.00006104
-0.28604141,0.00006104
-0.28572141,0.00006104
-0.28540141,0.00006104
-0.28508141,0.00006104
-0.28476141,0.00006104
-0.28444141,0.00006104
-0.28412141,0.00006104
-0.28380141,0.00006104
-0.28348141,0.00006104
-0.28316141,0.00006104
-0.28284141,-0.01770074
-0.28252141,-0.01770074
-0.28220141,-0.01770074
-0.28188141,-0.01770074
-0.28156141,0.00006104
-0.28124141,0.00006104
-0.28092141,0.00006104
-0.28060141,0.00006104
-0.28028141,0.00006104
-0.27996141,0.00006104
-0.27964141,0.00006104
-0.27932141,0.00006104
-0.27900141,0.00006104
-0.27868141,0.00006104
-0.27836141,0.00006104
-0.27804141,0.00006104
-0.27772141,0.00006104
-0.27740141,0.00006104
-0.27708141,0.00006104
-0.27676141,0.00006104
-0.27644141,0.00006104
-0.27612141,0.00006104
-0.27580141,0.00006104
-0.27548141,0.00006104
-0.27516141,0.00006104
-0.27484141,0.00006104
-0.27452141,0.00006104
-0.27420141,0.00006104
-0.27388141,0.00006104
-0.27356141,0.00006104
-0.27324141,0.00006104
-0.27292141,0.00006104
-0.27260141,0.00006104
-0.27228141,0.00006104
-0.27196141,0.00006104
-0.27164141,0.00006104
-0.27132141,0.00006104
-0.27100141,0.00006104
-0.27068141,0.00006104
-0.27036141,0.00006104
-0.27004141,0.00006104
-0.26972141,0.00006104
-0.26940141,0.00006104
-0.26908141,0.00006104
-0.26876141,0.00006104
-0.26844141,0.00006104
-0.26812141,0.00006104
-0.26780141,0.00006104
-0.26748141,0.00006104
-0.26716141,0.00006104
-0.26684141,0.00006104
-0.26652141,0.00006104
-0.26620141,0.00006104
-0.26588141,0.00006104
-0.26556141,0.00006104
-0.26524141,0.00006104
-0.26492141,-0.01770074
-0.26460141,0.00006104
-0.26428141,0.00006104
-0.26396141,0.00006104
-0.26364141,0.00006104
-0.26332141,-0.01770074
-0.26300141,0.00006104
-0.26268141,0.00006104
-0.26236141,-0.01770074
-0.26204141,0.00006104
-0.26172141,0.00006104
-0.26140141,0.00006104
-0.26108141,0.00006104
-0.26076141,0.00006104
-0.26044141,0.00006104
-0.26012141,0.00006104
-0.25980141,-0.01770074
-0.25948141,0.00006104
-0.25916141,0.00006104
-0.25884141,0.00006104
-0.25852141,0.00006104
-0.25820141,0.00006104
-0.25788141,0.00006104
-0.25756141,0.00006104
-0.25724141,0.00006104
-0.25692141,0.00006104
-0.25660141,0.00006104
-0.25628141,0.00006104
-0.25596141,0.00006104
-0.25564141,0.00006104
-0.25532141,0.00006104
-0.25500141,-0.01770074
-0.25468141,0.00006104
-0.25436141,-0.01770074
-0.25404141,-0.01770074
-0.25372141,0.00006104
-0.25340141,0.00006104
-0.25308141,0.00006104
-0.25276141,-0.01770074
-0.25244141,0.00006104
-0.25212141,0.00006104
-0.25180141,0.00006104
-0.25148141,0.00006104
-0.25116141,0.00006104
-0.25084141,0.00006104
-0.25052141,0.00006104
-0.25020141,0.00006104
-0.24988141,0.00006104
-0.24956141,0.00006104
-0.24924141,0.00006104
-0.24892141,0.00006104
-0.24860141,0.00006104
-0.24828141,0.00006104
-0.24796141,0.00006104
-0.24764141,0.00006104
-0.24732141,0.00006104
-0.24700141,0.00006104
-0.24668141,0.00006104
-0.24636141,0.00006104
-0.24604141,0.00006104
-0.24572141,0.00006104
-0.24540141,0.00006104
-0.24508141,0.00006104
-0.24476141,-0.01770074
-0.24444141,0.00006104
-0.24412141,-0.01770074
-0.24380141,0.00006104
-0.24348141,0.00006104
-0.24316141,0.00006104
-0.24284141,0.00006104
-0.24252141,0.00006104
-0.24220141,0.00006104
-0.24188141,0.00006104
-0.24156141,0.00006104
-0.24124141,0.00006104
-0.24092141,0.00006104
-0.24060141,0.00006104
-0.24028141,0.00006104
-0.23996141,0.00006104
-0.23964141,0.00006104
-0.23932141,0.00006104
-0.23900141,0.00006104
-0.23868141,0.00006104
-0.23836141,0.00006104
-0.23804141,0.00006104
-0.23772141,0.00006104
-0.23740141,-0.01770074
-0.23708141,0.00006104
-0.23676141,-0.01770074
-0.23644141,0.00006104
-0.23612141,0.00006104
-0.23580141,-0.01770074
-0.23548141,0.00006104
-0.23516141,0.00006104
-0.23484141,0.00006104
-0.23452141,0.00006104
-0.23420141,0.00006104
-0.23388141,0.00006104
-0.23356141,0.00006104
-0.23324141,0.00006104
-0.23292141,0.00006104
-0.23260141,0.00006104
-0.23228141,0.00006104
-0.23196141,0.00006104
-0.23164141,0.00006104
-0.23132141,0.00006104
-0.23100141,0.00006104
-0.23068141,0.00006104
-0.23036141,0.00006104
-0.23004141,0.00006104
-0.22972141,0.00006104
-0.22940141,0.00006104
-0.22908141,0.00006104
-0.22876141,0.00006104
-0.22844141,0.00006104
-0.22812141,0.00006104
-0.22780141,0.00006104
-0.22748141,0.00006104
-0.22716141,0.00006104
-0.22684141,0.00006104
-0.22652141,0.00006104
-0.22620141,0.00006104
-0.22588141,0.00006104
-0.22556141,0.00006104
-0.22524141,0.00006104
-0.22492141,0.00006104
-0.22460141,0.00006104
-0.22428141,0.00006104
-0.22396141,0.00006104
-0.22364141,0.00006104
-0.22332141,0.00006104
-0.22300141,0.00006104
-0.22268141,0.00006104
-0.22236141,0.00006104
-0.22204141,0.00006104
-0.22172141,0.00006104
-0.22140141,0.00006104
-0.22108141,-0.01770074
-0.22076141,0.00006104
-0.22044141,0.00006104
-0.22012141,0.00006104
-0.21980141,0.00006104
-0.21948141,0.00006104
-0.21916141,0.00006104
-0.21884141,0.00006104
-0.21852141,0.00006104
-0.21820141,0.00006104
-0.21788141,0.00006104
-0.21756141,0.00006104
-0.21724141,0.00006104
-0.21692141,0.00006104
-0.21660141,0.00006104
-0.21628141,0.00006104
-0.21596141,0.00006104
-0.21564141,0.00006104
-0.21532141,0.00006104
-0.21500141,0.00006104
-0.21468141,-0.01770074
-0.21436141,0.00006104
-0.21404141,0.00006104
-0.21372141,0.00006104
-0.21340141,0.00006104
-0.21308141,0.00006104
-0.21276141,0.00006104
-0.21244141,0.00006104
-0.21212141,0.00006104
-0.21180141,0.00006104
-0.21148141,0.00006104
-0.21116141,0.00006104
-0.21084141,0.00006104
-0.21052141,0.00006104
-0.21020141,-0.01770074
-0.20988141,0.00006104
-0.20956141,0.00006104
-0.20924141,0.00006104
-0.20892141,0.00006104
-0.20860141,0.00006104
-0.20828141,0.00006104
-0.20796141,0.00006104
-0.20764141,0.00006104
-0.20732141,0.00006104
-0.20700141,0.00006104
-0.20668141,0.00006104
-0.20636141,0.00006104
-0.20604141,0.00006104
-0.20572141,0.00006104
-0.20540141,0.00006104
-0.20508141,0.00006104
-0.20476141,0.00006104
-0.20444141,0.00006104
-0.20412141,0.00006104
-0.20380141,-0.01770074
-0.20348141,0.00006104
-0.20316141,0.00006104
-0.20284141,-0.01770074
-0.20252141,0.00006104
-0.20220141,0.00006104
-0.20188141,0.00006104
-0.20156141,0.00006104
-0.20124141,0.00006104
-0.20092141,0.00006104
-0.20060141,0.00006104
-0.20028141,0.00006104
-0.19996141,0.00006104
-0.19964141,0.00006104
-0.19932141,0.00006104
-0.19900141,0.00006104
-0.19868141,0.00006104
-0.19836141,0.00006104
-0.19804141,0.00006104
-0.19772141,0.00006104
-0.19740141,-0.01770074
-0.19708141,0.00006104
-0.19676141,0.00006104
-0.19644141,0.00006104
-0.19612141,0.00006104
-0.19580141,0.00006104
-0.19548141,0.00006104
-0.19516141,0.00006104
-0.19484141,0.00006104
-0.19452141,0.00006104
-0.19420141,0.00006104
-0.19388141,-0.01770074
-0.19356141,0.00006104
-0.19324141,0.00006104
-0.19292141,0.00006104
-0.19260141,0.00006104
-0.19228141,0.00006104
-0.19196141,0.00006104
-0.19164141,0.00006104
-0.19132141,0.00006104
-0.19100141,0.00006104
-0.19068141,0.00006104
-0.19036141,0.00006104
-0.19004141,0.00006104
-0.18972141,0.00006104
-0.18940141,0.00006104
-0.18908141,0.00006104
-0.18876141,0.00006104
-0.18844141,0.00006104
-0.18812141,0.00006104
-0.18780141,0.00006104
-0.18748141,0.00006104
-0.18716141,0.00006104
-0.18684141,0.00006104
-0.18652141,0.00006104
-0.18620141,0.00006104
-0.18588141,0.00006104
-0.18556141,0.00006104
-0.18524141,0.00006104
-0.18492141,0.00006104
-0.18460141,0.00006104
-0.18428141,0.00006104
-0.18396141,0.00006104
-0.18364141,0.00006104
-0.18332141,0.00006104
-0.18300141,0.00006104
-0.18268141,0.00006104
-0.18236141,0.00006104
-0.18204141,0.00006104
-0.18172141,0.00006104
-0.18140141,0.00006104
-0.18108141,0.00006104
-0.18076141,0.00006104
-0.18044141,0.00006104
-0.18012141,-0.01770074
-0.17980141,0.00006104
-0.17948141,0.00006104
-0.17916141,0.00006104
-0.17884141,0.00006104
-0.17852141,0.00006104
-0.17820141,0.00006104
-0.17788141,0.00006104
-0.17756141,0.00006104
-0.17724141,0.00006104
-0.17692141,0.00006104
-0.17660141,0.00006104
-0.17628141,0.00006104
-0.17596141,0.00006104
-0.17564141,0.00006104
-0.17532141,0.00006104
-0.17500141,0.00006104
-0.17468141,0.00006104
-0.17436141,0.00006104
-0.17404141,0.00006104
-0.17372141,0.00006104
-0.17340141,-0.01770074
-0.17308141,0.00006104
-0.17276141,0.00006104
-0.17244141,0.00006104
-0.17212141,0.00006104
-0.17180141,0.00006104
-0.17148141,0.00006104
-0.17116141,0.00006104
-0.17084141,0.00006104
-0.17052141,0.00006104
-0.17020141,0.00006104
-0.16988141,0.00006104
-0.16956141,0.00006104
-0.16924141,0.00006104
-0.16892141,0.00006104
-0.16860141,0.00006104
-0.16828141,0.00006104
-0.16796141,0.00006104
-0.16764141,-0.01770074
-0.16732141,0.00006104
-0.16700141,0.00006104
-0.16668141,0.00006104
-0.16636141,-0.01770074
-0.16604141,0.00006104
-0.16572141,0.00006104
-0.16540141,-0.01770074
-0.16508141,-0.01770074
-0.16476141,0.00006104
-0.16444141,0.00006104
-0.16412141,0.00006104
-0.16380141,0.00006104
-0.16348141,0.00006104
-0.16316141,0.00006104
-0.16284141,0.00006104
-0.16252141,0.00006104
-0.16220141,0.00006104
-0.16188141,0.00006104
-0.16156141,0.00006104
-0.16124141,0.00006104
-0.16092141,0.00006104
-0.16060141,0.00006104
-0.16028141,0.00006104
-0.15996141,0.00006104
-0.15964141,0.00006104
-0.15932141,0.00006104
-0.15900141,0.00006104
-0.15868141,0.00006104
-0.15836141,0.00006104
-0.15804141,0.00006104
-0.15772141,0.00006104
-0.15740141,0.00006104
-0.15708141,-0.01770074
-0.15676141,0.00006104
-0.15644141,0.00006104
-0.15612141,0.00006104
-0.15580141,0.00006104
-0.15548141,0.00006104
-0.15516141,0.00006104
-0.15484141,0.00006104
-0.15452141,0.00006104
-0.15420141,0.00006104
-0.15388141,0.00006104
-0.15356141,0.00006104
-0.15324141,0.00006104
-0.15292141,0.00006104
-0.15260141,0.00006104
-0.15228141,0.00006104
-0.15196141,0.00006104
-0.15164141,0.00006104
-0.15132141,0.00006104
-0.15100141,0.00006104
-0.15068141,0.00006104
-0.15036141,0.00006104
-0.15004141,0.00006104
-0.14972141,0.00006104
-0.14940141,0.00006104
-0.14908141,0.00006104
-0.14876141,0.00006104
-0.14844141,0.00006104
-0.14812141,0.00006104
-0.14780141,0.00006104
-0.14748141,0.00006104
-0.14716141,0.00006104
-0.14684141,0.00006104
-0.14652141,0.00006104
-0.14620141,0.00006104
-0.14588141,0.00006104
-0.14556141,0.00006104
-0.14524141,0.00006104
-0.14492141,0.00006104
-0.14460141,0.00006104
-0.14428141,0.00006104
-0.14396141,0.00006104
-0.14364141,0.00006104
-0.14332141,0.00006104
-0.14300141,0.00006104
-0.14268141,0.00006104
-0.14236141,0.00006104
-0.14204141,0.00006104
-0.14172141,0.00006104
-0.14140141,0.00006104
-0.14108141,0.00006104
-0.14076141,0.00006104
-0.14044141,0.00006104
-0.14012141,0.00006104
-0.13980141,0.00006104
-0.13948141,0.00006104
-0.13916141,0.00006104
-0.13884141,0.00006104
-0.13852141,-0.01770074
-0.13820141,0.00006104
-0.13788141,0.00006104
-0.13756141,0.00006104
-0.13724141,0.00006104
-0.13692141,0.00006104
-0.13660141,0.00006104
-0.13628141,0.00006104
-0.13596141,0.00006104
-0.13564141,0.00006104
-0.13532141,0.00006104
-0.13500141,0.00006104
-0.13468141,0.00006104
-0.13436141,0.00006104
-0.13404141,0.00006104
-0.13372141,0.00006104
-0.13340141,0.00006104
-0.13308141,0.00006104
-0.13276141,0.00006104
-0.13244141,0.00006104
-0.13212141,0.00006104
-0.13180141,0.00006104
-0.13148141,0.00006104
-0.13116141,0.00006104
-0.13084141,0.00006104
-0.13052141,0.00006104
-0.13020141,0.00006104
-0.12988141,0.00006104
-0.12956141,0.00006104
-0.12924141,0.00006104
-0.12892141,0.00006104
-0.12860141,0.00006104
-0.12828141,0.00006104
-0.12796141,0.00006104
-0.12764141,0.00006104
-0.12732141,0.00006104
-0.12700141,0.00006104
-0.12668141,0.00006104
-0.12636141,0.00006104
-0.12604141,0.00006104
-0.12572141,0.00006104
-0.12540141,0.00006104
-0.12508141,0.00006104
-0.12476141,0.00006104
-0.12444141,0.00006104
-0.12412141,0.00006104
-0.12380141,0.00006104
-0.12348141,0.00006104
-0.12316141,0.00006104
-0.12284141,-0.01770074
-0.12252141,0.00006104
-0.12220141,0.00006104
-0.12188141,0.00006104
-0.12156141,0.00006104
-0.12124141,0.00006104
-0.12092141,0.00006104
-0.12060141,0.00006104
-0.12028141,0.00006104
-0.11996141,0.00006104
-0.11964141,0.00006104
-0.11932141,0.00006104
-0.11900141,0.00006104
-0.11868141,0.00006104
-0.11836141,0.00006104
-0.11804141,0.00006104
-0.11772141,0.00006104
-0.11740141,0.00006104
-0.11708141,-0.01770074
-0.11676141,0.00006104
-0.11644141,0.00006104
-0.11612141,0.00006104
-0.11580141,-0.01770074
-0.11548141,0.00006104
-0.11516141,0.00006104
-0.11484141,0.00006104
-0.11452141,0.00006104
-0.11420141,0.00006104
-0.11388141,0.00006104
-0.11356141,0.00006104
-0.11324141,0.00006104
-0.11292141,0.00006104
-0.11260141,0.00006104
-0.11228141,0.00006104
-0.11196141,0.00006104
-0.11164141,0.00006104
-0.11132141,0.00006104
-0.11100141,0.00006104
-0.11068141,0.00006104
-0.11036141,0.00006104
-0.11004141,0.00006104
-0.10972141,0.00006104
-0.10940141,0.00006104
-0.10908141,0.00006104
-0.10876141,0.01788385
-0.10844141,0.00006104
-0.10812141,0.00006104
-0.10780141,0.00006104
-0.10748141,0.00006104
-0.10716141,0.00006104
-0.10684141,0.00006104
-0.10652141,0.00006104
-0.10620141,0.00006104
-0.10588141,0.00006104
-0.10556141,0.00006104
-0.10524141,0.00006104
-0.10492141,0.00006104
-0.10460141,0.00006104
-0.10428141,0.00006104
-0.10396141,0.00006104
-0.10364141,0.00006104
-0.10332141,0.00006104
-0.10300141,0.00006104
-0.10268141,0.00006104
-0.10236141,0.00006104
-0.10204141,0.00006104
-0.10172141,0.00006104
-0.10140141,0.00006104
-0.10108141,0.00006104
-0.10076141,0.00006104
-0.10044141,0.00006104
-0.10012141,0.00006104
-0.09980141,0.00006104
-0.09948141,0.00006104
-0.09916141,0.00006104
-0.09884141,0.00006104
-0.09852141,0.00006104
-0.09820141,0.00006104
-0.09788141,0.00006104
-0.09756141,0.00006104
-0.09724141,0.00006104
-0.09692141,0.00006104
-0.09660141,0.00006104
-0.09628141,0.00006104
-0.09596141,0.00006104
-0.09564141,0.00006104
-0.09532141,-0.01770074
-0.09500141,0.00006104
-0.09468141,0.00006104
-0.09436141,0.00006104
-0.09404141,0.00006104
-0.09372141,0.00006104
-0.09340141,0.00006104
-0.09308141,0.00006104
-0.09276141,0.00006104
-0.09244141,0.00006104
-0.09212141,0.00006104
-0.09180141,0.00006104
-0.09148141,0.00006104
-0.09116141,0.00006104
-0.09084141,0.00006104
-0.09052141,0.00006104
-0.09020141,0.00006104
-0.08988141,0.00006104
-0.08956141,0.00006104
-0.08924141,0.00006104
-0.08892141,0.00006104
-0.08860141,0.00006104
-0.08828141,0.00006104
-0.08796141,0.00006104
-0.08764141,0.00006104
-0.08732141,0.00006104
-0.08700141,0.00006104
-0.08668141,0.00006104
-0.08636141,0.00006104
-0.08604141,0.00006104
-0.08572141,0.00006104
-0.08540141,0.00006104
-0.08508141,0.00006104
-0.08476141,0.00006104
-0.08444141,0.00006104
-0.08412141,0.00006104
-0.08380141,0.00006104
-0.08348141,0.00006104
-0.08316141,0.00006104
-0.08284141,0.00006104
-0.08252141,0.00006104
-0.08220141,0.00006104
-0.08188141,0.00006104
-0.08156141,0.00006104
-0.08124141,0.00006104
-0.08092141,0.00006104
-0.08060141,0.00006104
-0.08028141,0.00006104
-0.07996141,-0.01770074
-0.07964141,0.00006104
-0.07932141,0.00006104
-0.07900141,0.00006104
-0.07868141,0.00006104
-0.07836141,0.00006104
-0.07804141,0.00006104
-0.07772141,0.00006104
-0.07740141,0.00006104
-0.07708141,0.00006104
-0.07676141,0.00006104
-0.07644141,0.00006104
-0.07612141,0.00006104
-0.07580141,0.00006104
-0.07548141,0.00006104
-0.07516141,0.00006104
-0.07484141,0.00006104
-0.07452141,0.00006104
-0.07420141,0.00006104
-0.07388141,0.00006104
-0.07356141,0.00006104
-0.07324141,0.00006104
-0.07292141,0.00006104
-0.07260141,0.00006104
-0.07228141,0.00006104
-0.07196141,0.00006104
-0.07164141,0.00006104
-0.07132141,0.00006104
-0.07100141,0.00006104
-0.07068141,0.00006104
-0.07036141,-0.01770074
-0.07004141,0.00006104
-0.06972141,0.00006104
-0.06940141,0.00006104
-0.06908141,0.00006104
-0.06876141,0.00006104
-0.06844141,0.00006104
-0.06812141,0.00006104
-0.06780141,0.00006104
-0.06748141,0.00006104
-0.06716141,0.00006104
-0.06684141,0.00006104
-0.06652141,0.00006104
-0.06620141,-0.01770074
-0.06588141,0.00006104
-0.06556141,0.00006104
-0.06524141,0.00006104
-0.06492141,0.00006104
-0.06460141,0.00006104
-0.06428141,0.00006104
-0.06396141,0.00006104
-0.06364141,0.00006104
-0.06332141,0.01788385
-0.06300141,0.00006104
-0.06268141,0.00006104
-0.06236141,0.00006104
-0.06204141,0.00006104
-0.06172141,0.00006104
-0.06140141,0.00006104
-0.06108141,0.00006104
-0.06076141,0.00006104
-0.06044141,0.00006104
-0.06012141,0.00006104
-0.05980141,0.00006104
-0.05948141,0.00006104
-0.05916141,-0.01770074
-0.05884141,0.00006104
-0.05852141,0.00006104
-0.05820141,0.00006104
-0.05788141,0.00006104
-0.05756141,0.00006104
-0.05724141,0.00006104
-0.05692141,0.00006104
-0.05660141,0.00006104
-0.05628141,0.00006104
-0.05596141,0.00006104
-0.05564141,0.00006104
-0.05532141,0.00006104
-0.05500141,0.00006104
-0.05468141,0.00006104
-0.05436141,0.00006104
-0.05404141,0.00006104
-0.05372141,0.00006104
-0.05340141,0.00006104
-0.05308141,0.00006104
-0.05276141,0.00006104
-0.05244141,0.00006104
-0.05212141,0.00006104
-0.05180141,0.00006104
-0.05148141,0.00006104
-0.05116141,0.00006104
-0.05084141,0.00006104
-0.05052141,0.00006104
-0.05020141,-0.01770074
-0.04988141,0.00006104
-0.04956141,0.00006104
-0.04924141,0.00006104
-0.04892141,0.00006104
-0.04860141,0.00006104
-0.04828141,0.00006104
-0.04796141,0.00006104
-0.04764141,0.00006104
-0.04732141,0.00006104
-0.04700141,0.00006104
-0.04668141,0.00006104
-0.04636141,0.00006104
-0.04604141,0.00006104
-0.04572141,0.00006104
-0.04540141,0.00006104
-0.04508141,0.00006104
-0.04476141,0.00006104
-0.04444141,0.00006104
-0.04412141,0.00006104
-0.04380141,0.00006104
-0.04348141,0.00006104
-0.04316141,0.00006104
-0.04284141,0.00006104
-0.04252141,0.00006104
-0.04220141,0.00006104
-0.04188141,0.00006104
-0.04156141,0.00006104
-0.04124141,0.00006104
-0.04092141,0.00006104
-0.04060141,0.00006104
-0.04028141,0.00006104
-0.03996141,0.00006104
-0.03964141,0.00006104
-0.03932141,0.00006104
-0.03900141,0.00006104
-0.03868141,0.00006104
-0.03836141,0.00006104
-0.03804141,0.00006104
-0.03772141,0.00006104
-0.03740141,0.00006104
-0.03708141,0.00006104
-0.03676141,0.00006104
-0.03644141,0.00006104
-0.03612141,0.00006104
-0.03580141,0.00006104
-0.03548141,0.00006104
-0.03516141,0.00006104
-0.03484141,0.00006104
-0.03452141,0.00006104
-0.03420141,0.00006104
-0.03388141,0.00006104
-0.03356141,0.00006104
-0.03324141,0.00006104
-0.03292141,0.00006104
-0.03260141,0.00006104
-0.03228141,0.00006104
-0.03196141,0.00006104
-0.03164141,0.00006104
-0.03132141,0.00006104
-0.03100141,0.00006104
-0.03068141,0.00006104
-0.03036141,0.00006104
-0.03004141,0.00006104
-0.02972141,0.00006104
-0.02940141,0.00006104
-0.02908141,0.00006104
-0.02876141,0.00006104
-0.02844141,0.00006104
-0.02812141,0.00006104
-0.02780141,0.00006104
-0.02748141,0.00006104
-0.02716141,0.00006104
-0.02684141,0.00006104
-0.02652141,0.00006104
-0.02620141,0.00006104
-0.02588141,0.00006104
-0.02556141,0.00006104
-0.02524141,0.00006104
-0.02492141,0.00006104
-0.02460141,0.00006104
-0.02428141,0.00006104
-0.02396141,0.00006104
-0.02364141,0.00006104
-0.02332141,0.00006104
-0.02300141,0.00006104
-0.02268141,0.00006104
-0.02236141,0.00006104
-0.02204141,0.00006104
-0.02172141,0.00006104
-0.02140141,0.00006104
-0.02108141,0.00006104
-0.02076141,0.00006104
-0.02044141,0.00006104
-0.02012141,0.00006104
-0.01980141,0.00006104
-0.01948141,0.00006104
-0.01916141,0.00006104
-0.01884141,0.00006104
-0.01852141,0.00006104
-0.01820141,0.00006104
-0.01788141,0.00006104
-0.01756141,0.00006104
-0.01724141,0.00006104
-0.01692141,0.00006104
-0.01660141,0.00006104
-0.01628141,0.00006104
-0.01596141,0.00006104
-0.01564141,0.00006104
-0.01532141,0.00006104
-0.01500141,0.00006104
-0.01468141,0.00006104
-0.01436141,0.00006104
-0.01404141,0.00006104
-0.01372141,0.00006104
-0.01340141,0.00006104
-0.01308141,0.00006104
-0.01276141,0.00006104
-0.01244141,0.00006104
-0.01212141,0.00006104
-0.01180141,0.00006104
-0.01148141,0.00006104
-0.01116141,0.00006104
-0.01084141,0.00006104
-0.01052141,0.00006104
-0.01020141,-0.01770074
-0.00988141,0.00006104
-0.00956141,0.00006104
-0.00924141,0.00006104
-0.00892141,0.00006104
-0.00860141,0.00006104
-0.00828141,0.00006104
-0.00796141,0.00006104
-0.00764141,-0.01770074
-0.00732141,0.00006104
-0.00700141,0.00006104
-0.00668141,0.00006104
-0.00636141,0.00006104
-0.00604141,0.00006104
-0.00572141,0.00006104
-0.00540141,0.00006104
-0.00508141,0.00006104
-0.00476141,0.00006104
-0.00444141,0.00006104
-0.00412141,0.92568743
-0.00380141,0.81887263
-0.00348141,0.39161351
-0.00316141,0.08911405
-0.00284141,-0.03552354
-0.00252141,-0.07110813
-0.00220141,-0.05334635
-0.00188141,-0.03552354
-0.00156141,-0.01770074
-0.00124141,-0.10669271
-0.00092141,-1.03238010
-0.00060141,-1.99359107
-0.00028141,-1.78002262
0.00003859,0.23145238
0.00035859,0.53407389
0.00067859,0.23145238
0.00099859,0.05346843
0.00131859,0.01788385
0.00163859,0.03570665
0.00195859,0.03570665
0.00227859,0.01788385
0.00259859,0.01788385
0.00291859,0.01788385
0.00323859,0.03570665
0.00355859,0.03570665
0.00387859,0.01788385
0.00419859,0.00006104
0.00451859,0.00006104
0.00483859,0.00006104
0.00515859,0.03570665
0.00547859,0.01788385
0.00579859,0.05346843
0.00611859,0.07129124
0.00643859,0.07129124
0.00675859,0.07129124
0.00707859,0.05346843
0.00739859,0.05346843
0.00771859,0.05346843
0.00803859,0.03570665
0.00835859,0.05346843
0.00867859,0.08911405
0.00899859,0.07129124
0.00931859,0.03570665
0.00963859,0.03570665
0.00995859,0.03570665
0.01027859,0.01788385
0.01059859,0.00006104
0.01091859,-0.01770074
0.01123859,-0.01770074
0.01155859,-0.03552354
0.01187859,0.01788385
0.01219859,0.00006104
0.01251859,0.00006104
0.01283859,0.05346843
0.01315859,-0.01770074
0.01347859,-0.01770074
0.01379859,0.03570665
0.01411859,-0.03552354
0.01443859,0.00006104
0.01475859,0.05346843
0.01507859,0.01788385
0.01539859,0.01788385
0.01571859,0.03570665
0.01603859,0.01788385
0.01635859,0.01788385
0.01667859,0.01788385
0.01699859,0.00006104
0.01731859,0.01788385
0.01763859,0.01788385
0.01795859,0.03570665
0.01827859,0.00006104
0.01859859,0.00006104
0.01891859,0.01788385
0.01923859,0.03570665
0.01955859,0.01788385
0.01987859,0.00006104
0.02019859,0.00006104
0.02051859,0.00006104
0.02083859,0.01788385
0.02115859,0.00006104
0.02147859,0.00006104
0.02179859,0.03570665
0.02211859,0.01788385
0.02243859,0.00006104
0.02275859,0.01788385
0.02307859,0.00006104
0.02339859,0.00006104
0.02371859,0.01788385
0.02403859,0.00006104
0.02435859,0.00006104
0.02467859,0.03570665
0.02499859,0.01788385
0.02531859,0.00006104
0.02563859,0.00006104
0.02595859,0.00006104
0.02627859,0.00006104
0.02659859,0.00006104
0.02691859,0.00006104
0.02723859,0.00006104
0.02755859,0.00006104
0.02787859,0.00006104
0.02819859,0.00006104
0.02851859,0.00006104
0.02883859,0.00006104
0.02915859,0.01788385
0.02947859,0.01788385
0.02979859,0.00006104
0.03011859,0.00006104
0.03043859,0.01788385
0.03075859,0.00006104
0.03107859,0.00006104
0.03139859,0.00006104
0.03171859,0.00006104
0.03203859,0.01788385
0.03235859,0.00006104
0.03267859,0.00006104
0.03299859,0.00006104
0.03331859,0.00006104
0.03363859,0.00006104
0.03395859,0.00006104
0.03427859,0.00006104
0.03459859,0.01788385
0.03491859,0.01788385
0.03523859,0.00006104
0.03555859,0.00006104
0.03587859,0.00006104
0.03619859,0.00006104
0.03651859,0.00006104
0.03683859,0.00006104
0.03715859,0.00006104
0.03747859,0.00006104
0.03779859,0.00006104
0.03811859,0.00006104
0.03843859,0.00006104
0.03875859,0.00006104
0.03907859,-0.01770074
0.03939859,-0.01770074
0.03971859,0.00006104
0.04003859,0.00006104
0.04035859,0.00006104
0.04067859,0.01788385
0.04099859,0.00006104
0.04131859,0.01788385
0.04163859,0.00006104
0.04195859,0.01788385
0.04227859,0.00006104
0.04259859,0.00006104
0.04291859,0.00006104
0.04323859,0.01788385
0.04355859,0.00006104
0.04387859,0.00006104
0.04419859,0.00006104
0.04451859,0.00006104
0.04483859,0.00006104
0.04515859,0.00006104
0.04547859,0.00006104
0.04579859,-0.01770074
0.04611859,0.00006104
0.04643859,0.00006104
0.04675859,0.00006104
0.04707859,0.00006104
0.04739859,0.00006104
0.04771859,0.00006104
0.04803859,0.00006104
0.04835859,0.01788385
0.04867859,0.00006104
0.04899859,0.00006104
0.04931859,0.00006104
0.04963859,0.00006104
0.04995859,0.01788385
0.05027859,0.00006104
0.05059859,0.00006104
0.05091859,0.00006104
0.05123859,0.00006104
0.05155859,0.00006104
0.05187859,0.00006104
0.05219859,0.00006104
0.05251859,0.00006104
0.05283859,0.00006104
0.05315859,0.00006104
0.05347859,-0.01770074
0.05379859,0.00006104
0.05411859,0.00006104
0.05443859,0.00006104
0.05475859,0.00006104
0.05507859,0.00006104
0.05539859,0.00006104
0.05571859,0.00006104
0.05603859,0.00006104
0.05635859,0.00006104
0.05667859,0.00006104
0.05699859,0.00006104
0.05731859,0.00006104
0.05763859,0.00006104
0.05795859,0.00006104
0.05827859,0.00006104
0.05859859,0.00006104
0.05891859,0.00006104
0.05923859,0.00006104
0.05955859,0.00006104
0.05987859,0.00006104
0.06019859,0.00006104
0.06051859,0.00006104
0.06083859,0.00006104
0.06115859,0.00006104
0.06147859,0.00006104
0.06179859,0.01788385
0.06211859,0.00006104
0.06243859,0.00006104
0.06275859,0.00006104
0.06307859,0.00006104
0.06339859,0.00006104
0.06371859,0.00006104
0.06403859,0.00006104
0.06435859,0.00006104
0.06467859,0.00006104
0.06499859,0.00006104
0.06531859,0.00006104
0.06563859,0.00006104
0.06595859,0.01788385
0.06627859,0.00006104
0.06659859,0.00006104
0.06691859,0.00006104
0.06723859,0.00006104
0.06755859,0.00006104
0.06787859,0.00006104
0.06819859,0.00006104
0.06851859,0.00006104
0.06883859,0.00006104
0.06915859,0.00006104
0.06947859,-0.01770074
0.06979859,0.00006104
0.07011859,0.00006104
0.07043859,0.00006104
0.07075859,0.00006104
0.07107859,0.00006104
0.07139859,0.00006104
0.07171859,0.00006104
0.07203859,0.00006104
0.07235859,0.00006104
0.07267859,0.00006104
0.07299859,0.00006104
0.07331859,0.00006104
0.07363859,0.00006104
0.07395859,0.00006104
0.07427859,0.00006104
0.07459859,0.00006104
0.07491859,0.00006104
0.07523859,0.00006104
0.07555859,0.00006104
0.07587859,0.00006104
0.07619859,0.00006104
0.07651859,0.00006104
0.07683859,0.00006104
0.07715859,0.00006104
0.07747859,0.00006104
0.07779859,-0.01770074
0.07811859,0.00006104
0.07843859,0.00006104
0.07875859,0.00006104
0.07907859,0.00006104
0.07939859,0.00006104
0.07971859,0.00006104
0.08003859,0.00006104
0.08035859,0.00006104
0.08067859,0.00006104
0.08099859,0.00006104
0.08131859,0.00006104
0.08163859,0.00006104
0.08195859,0.00006104
0.08227859,0.00006104
0.08259859,0.00006104
0.08291859,0.00006104
0.08323859,0.00006104
0.08355859,0.00006104
0.08387859,0.00006104
0.08419859,0.00006104
0.08451859,-0.01770074
0.08483859,0.00006104
0.08515859,-0.01770074
0.08547859,0.00006104
0.08579859,0.00006104
0.08611859,0.00006104
0.08643859,0.00006104
0.08675859,0.00006104
0.08707859,0.00006104
0.08739859,0.00006104
0.08771859,0.00006104
0.08803859,0.00006104
0.08835859,0.00006104
0.08867859,0.00006104
0.08899859,0.00006104
0.08931859,0.00006104
0.08963859,0.00006104
0.08995859,0.00006104
0.09027859,0.00006104
0.09059859,0.00006104
0.09091859,-0.01770074
0.09123859,0.00006104
0.09155859,-0.01770074
0.09187859,0.00006104
0.09219859,0.00006104
0.09251859,0.00006104
0.09283859,0.00006104
0.09315859,0.00006104
0.09347859,0.00006104
0.09379859,0.00006104
0.09411859,0.00006104
0.09443859,0.00006104
0.09475859,0.00006104
0.09507859,0.00006104
0.09539859,0.00006104
0.09571859,0.00006104
0.09603859,0.00006104
0.09635859,0.00006104
0.09667859,0.00006104
0.09699859,0.00006104
0.09731859,0.00006104
0.09763859,0.00006104
0.09795859,0.00006104
0.09827859,0.00006104
0.09859859,0.00006104
0.09891859,0.00006104
0.09923859,0.00006104
0.09955859,0.00006104
0.09987859,0.00006104
0.10019859,0.00006104
0.10051859,0.00006104
0.10083859,0.00006104
0.10115859,0.00006104
0.10147859,0.00006104
0.10179859,0.00006104
0.10211859,0.00006104
0.10243859,0.00006104
0.10275859,0.00006104
0.10307859,0.00006104
0.10339859,0.00006104
0.10371859,0.00006104
0.10403859,0.00006104
0.10435859,0.00006104
0.10467859,0.00006104
0.10499859,0.00006104
0.10531859,0.00006104
0.10563859,0.00006104
0.10595859,0.00006104
0.10627859,0.00006104
0.10659859,0.00006104
0.10691859,0.00006104
0.10723859,0.00006104
0.10755859,0.00006104
0.10787859,0.00006104
0.10819859,0.00006104
0.10851859,0.00006104
0.10883859,0.00006104
0.10915859,0.00006104
0.10947859,0.00006104
0.10979859,0.00006104
0.11011859,0.00006104
0.11043859,0.00006104
0.11075859,0.00006104
0.11107859,0.00006104
0.11139859,0.00006104
0.11171859,0.00006104
0.11203859,0.00006104
0.11235859,0.00006104
0.11267859,0.00006104
0.11299859,0.00006104
0.11331859,0.00006104
0.11363859,-0.01770074
0.11395859,0.00006104
0.11427859,0.00006104
0.11459859,0.00006104
0.11491859,0.00006104
0.11523859,0.00006104
0.11555859,0.00006104
0.11587859,0.00006104
0.11619859,0.00006104
0.11651859,0.00006104
0.11683859,0.00006104
0.11715859,0.00006104
0.11747859,0.00006104
0.11779859,0.00006104
0.11811859,0.00006104
0.11843859,0.00006104
0.11875859,-0.01770074
0.11907859,-0.01770074
0.11939859,0.00006104
0.11971859,0.00006104
0.12003859,0.00006104
0.12035859,0.00006104
0.12067859,0.00006104
0.12099859,0.00006104
0.12131859,0.00006104
0.12163859,0.00006104
0.12195859,0.00006104
0.12227859,-0.01770074
0.12259859,0.00006104
0.12291859,-0.01770074
0.12323859,0.00006104
0.12355859,0.00006104
0.12387859,0.00006104
0.12419859,0.00006104
0.12451859,0.00006104
0.12483859,0.00006104
0.12515859,-0.01770074
0.12547859,-0.01770074
0.12579859,0.00006104
0.12611859,0.00006104
0.12643859,0.00006104
0.12675859,0.00006104
0.12707859,0.00006104
0.12739859,0.00006104
0.12771859,0.00006104
0.12803859,0.00006104
0.12835859,0.00006104
0.12867859,0.00006104
0.12899859,0.00006104
0.12931859,0.00006104
0.12963859,-0.01770074
0.12995859,0.00006104
0.13027859,0.00006104
0.13059859,0.00006104
0.13091859,0.00006104
0.13123859,-0.01770074
0.13155859,0.00006104
0.13187859,0.00006104
0.13219859,0.00006104
0.13251859,0.00006104
0.13283859,0.00006104
0.13315859,0.00006104
0.13347859,0.00006104
0.13379859,0.00006104
0.13411859,0.00006104
0.13443859,0.00006104
0.13475859,0.00006104
0.13507859,0.00006104
0.13539859,0.00006104
0.13571859,0.00006104
0.13603859,0.00006104
0.13635859,0.00006104
0.13667859,0.00006104
0.13699859,0.00006104
0.13731859,0.00006104
0.13763859,0.00006104
0.13795859,0.00006104
0.13827859,0.00006104
0.13859859,0.00006104
0.13891859,0.00006104
0.13923859,0.00006104
0.13955859,0.00006104
0.13987859,0.00006104
0.14019859,0.00006104
0.14051859,0.00006104
0.14083859,0.00006104
0.14115859,0.00006104
0.14147859,0.00006104
0.14179859,0.00006104
0.14211859,0.00006104
0.14243859,0.00006104
0.14275859,0.00006104
0.14307859,0.00006104
0.14339859,0.00006104
0.14371859,0.00006104
0.14403859,0.00006104
0.14435859,0.00006104
0.14467859,0.00006104
0.14499859,0.00006104
0.14531859,0.00006104
0.14563859,0.00006104
0.14595859,0.00006104
0.14627859,-0.01770074
0.14659859,0.00006104
0.14691859,0.00006104
0.14723859,0.00006104
0.14755859,0.00006104
0.14787859,0.00006104
0.14819859,0.00006104
0.14851859,0.00006104
0.14883859,0.00006104
0.14915859,0.00006104
0.14947859,0.00006104
0.14979859,0.00006104
0.15011859,0.00006104
0.15043859,0.00006104
0.15075859,0.00006104
0.15107859,0.00006104
0.15139859,0.00006104
0.15171859,0.00006104
0.15203859,0.00006104
0.15235859,-0.01770074
0.15267859,0.00006104
0.15299859,0.00006104
0.15331859,0.00006104
0.15363859,0.00006104
0.15395859,0.00006104
0.15427859,0.00006104
0.15459859,0.00006104
0.15491859,0.00006104
0.15523859,0.00006104
0.15555859,0.00006104
0.15587859,0.00006104
0.15619859,0.00006104
0.15651859,0.00006104
0.15683859,0.00006104
0.15715859,0.00006104
0.15747859,0.00006104
0.15779859,0.00006104
0.15811859,0.00006104
0.15843859,0.00006104
0.15875859,-0.01770074
0.15907859,0.00006104
0.15939859,0.00006104
0.15971859,0.00006104
0.16003859,0.00006104
0.16035859,0.00006104
0.16067859,0.00006104
0.16099859,-0.01770074
0.16131859,0.00006104
0.16163859,0.00006104
0.16195859,0.00006104
0.16227859,0.00006104
0.16259859,0.00006104
0.16291859,0.00006104
0.16323859,0.00006104
0.16355859,0.00006104
0.16387859,0.00006104
0.16419859,0.00006104
0.16451859,0.00006104
0.16483859,0.00006104
0.16515859,0.00006104
0.16547859,0.00006104
0.16579859,0.00006104
0.16611859,0.00006104
0.16643859,0.00006104
0.16675859,0.00006104
0.16707859,0.00006104
0.16739859,0.00006104
0.16771859,-0.01770074
0.16803859,0.00006104
0.16835859,0.00006104
0.16867859,0.00006104
0.16899859,0.00006104
0.16931859,0.00006104
0.16963859,0.00006104
0.16995859,0.00006104
0.17027859,0.00006104
0.17059859,0.00006104
0.17091859,0.00006104
0.17123859,0.00006104
0.17155859,0.00006104
0.17187859,0.00006104
0.17219859,0.00006104
0.17251859,0.00006104
0.17283859,0.00006104
0.17315859,0.00006104
0.17347859,0.00006104
0.17379859,0.00006104
0.17411859,0.00006104
0.17443859,0.00006104
0.17475859,0.00006104
0.17507859,0.00006104
0.17539859,0.00006104
0.17571859,0.00006104
0.17603859,0.00006104
0.17635859,0.00006104
0.17667859,0.00006104
0.17699859,0.00006104
0.17731859,0.00006104
0.17763859,0.00006104
0.17795859,0.00006104
0.17827859,0.00006104
0.17859859,0.00006104
0.17891859,0.00006104
0.17923859,-0.01770074
0.17955859,0.00006104
0.17987859,0.00006104
0.18019859,0.00006104
0.18051859,0.00006104
0.18083859,0.00006104
0.18115859,0.00006104
0.18147859,0.00006104
0.18179859,0.00006104
0.18211859,0.00006104
0.18243859,0.00006104
0.18275859,0.00006104
0.18307859,-0.01770074
0.18339859,0.00006104
0.18371859,0.00006104
0.18403859,0.00006104
0.18435859,0.00006104
0.18467859,0.00006104
0.18499859,0.00006104
0.18531859,0.00006104
0.18563859,0.00006104
0.18595859,0.00006104
0.18627859,0.00006104
0.18659859,0.00006104
0.18691859,-0.01770074
0.18723859,0.00006104
0.18755859,0.00006104
0.18787859,0.00006104
0.18819859,0.00006104
0.18851859,0.00006104
0.18883859,0.00006104
0.18915859,0.00006104
0.18947859,0.00006104
0.18979859,0.00006104
0.19011859,0.00006104
0.19043859,0.00006104
0.19075859,0.00006104
0.19107859,0.00006104
0.19139859,0.00006104
0.19171859,-0.01770074
0.19203859,0.00006104
0.19235859,0.00006104
0.19267859,0.00006104
0.19299859,0.00006104
0.19331859,0.00006104
0.19363859,0.00006104
0.19395859,0.00006104
0.19427859,0.00006104
0.19459859,0.00006104
0.19491859,0.00006104
0.19523859,0.00006104
0.19555859,0.00006104
0.19587859,0.00006104
0.19619859,0.00006104
0.19651859,0.00006104
0.19683859,0.00006104
0.19715859,0.00006104
0.19747859,0.00006104
0.19779859,0.00006104
0.19811859,0.00006104
0.19843859,-0.01770074
0.19875859,0.00006104
0.19907859,-0.01770074
0.19939859,0.00006104
0.19971859,0.00006104
0.20003859,0.00006104
0.20035859,0.00006104
0.20067859,0.00006104
0.20099859,-0.01770074
0.20131859,0.00006104
0.20163859,0.00006104
0.20195859,0.00006104
0.20227859,0.00006104
0.20259859,0.00006104
0.20291859,0.00006104
0.20323859,0.00006104
0.20355859,0.00006104
0.20387859,0.00006104
0.20419859,-0.01770074
0.20451859,-0.01770074
0.20483859,0.00006104
0.20515859,0.00006104
0.20547859,0.00006104
0.20579859,0.00006104
0.20611859,0.00006104
0.20643859,0.00006104
0.20675859,0.00006104
0.20707859,0.00006104
0.20739859,-0.01770074
0.20771859,0.00006104
0.20803859,-0.01770074
0.20835859,0.00006104
0.20867859,0.00006104
0.20899859,0.00006104
0.20931859,0.00006104
0.20963859,0.00006104
0.20995859,0.00006104
0.21027859,0.00006104
0.21059859,0.00006104
0.21091859,0.00006104
0.21123859,0.00006104
0.21155859,0.00006104
0.21187859,0.00006104
0.21219859,0.00006104
0.21251859,0.00006104
0.21283859,0.00006104
0.21315859,0.00006104
0.21347859,0.00006104
0.21379859,0.00006104
0.21411859,-0.01770074
0.21443859,-0.01770074
0.21475859,0.00006104
0.21507859,0.00006104
0.21539859,0.00006104
0.21571859,0.00006104
0.21603859,0.00006104
0.21635859,0.00006104
0.21667859,0.00006104
0.21699859,0.00006104
0.21731859,0.00006104
0.21763859,0.00006104
0.21795859,0.00006104
0.21827859,0.00006104
0.21859859,0.00006104
0.21891859,0.00006104
0.21923859,0.00006104
0.21955859,-0.01770074
0.21987859,0.00006104
0.22019859,0.00006104
0.22051859,0.00006104
0.22083859,0.00006104
0.22115859,0.00006104
0.22147859,0.00006104
0.22179859,0.00006104
0.22211859,0.00006104
0.22243859,0.00006104
0.22275859,0.00006104
0.22307859,0.00006104
0.22339859,0.00006104
0.22371859,0.00006104
0.22403859,-0.01770074
0.22435859,0.00006104
0.22467859,0.00006104
0.22499859,0.00006104
0.22531859,0.00006104
0.22563859,0.00006104
0.22595859,0.00006104
0.22627859,0.00006104
0.22659859,0.00006104
0.22691859,0.00006104
0.22723859,0.00006104
0.22755859,0.00006104
0.22787859,0.00006104
0.22819859,0.00006104
0.22851859,0.00006104
0.22883859,0.00006104
0.22915859,0.00006104
0.22947859,0.00006104
0.22979859,0.00006104
0.23011859,0.00006104
0.23043859,0.00006104
0.23075859,0.00006104
0.23107859,0.00006104
0.23139859,0.00006104
0.23171859,0.00006104
0.23203859,0.00006104
0.23235859,0.00006104
0.23267859,0.00006104
0.23299859,0.00006104
0.23331859,0.00006104
0.23363859,0.00006104
0.23395859,0.00006104
0.23427859,0.00006104
0.23459859,0.00006104
0.23491859,0.00006104
0.23523859,0.00006104
0.23555859,0.00006104
0.23587859,0.00006104
0.23619859,0.00006104
0.23651859,0.00006104
0.23683859,0.00006104
0.23715859,0.00006104
0.23747859,0.00006104
0.23779859,0.00006104
0.23811859,-0.01770074
0.23843859,0.00006104
0.23875859,0.00006104
0.23907859,0.00006104
0.23939859,-0.01770074
0.23971859,0.00006104
0.24003859,0.00006104
0.24035859,0.00006104
0.24067859,0.00006104
0.24099859,0.00006104
0.24131859,0.00006104
0.24163859,0.00006104
0.24195859,0.00006104
0.24227859,0.00006104
0.24259859,0.00006104
0.24291859,0.00006104
0.24323859,0.00006104
0.24355859,0.00006104
0.24387859,0.00006104
0.24419859,0.00006104
0.24451859,0.00006104
0.24483859,-0.01770074
0.24515859,0.00006104
0.24547859,0.00006104
0.24579859,0.00006104
0.24611859,0.00006104
0.24643859,0.00006104
0.24675859,0.00006104
0.24707859,0.00006104
0.24739859,0.00006104
0.24771859,-0.01770074
0.24803859,0.00006104
0.24835859,0.00006104
0.24867859,0.00006104
0.24899859,0.00006104
0.24931859,0.00006104
0.24963859,0.00006104
0.24995859,0.00006104
0.25027859,0.00006104
0.25059859,0.00006104
0.25091859,0.00006104
0.25123859,0.00006104
0.25155859,0.00006104
0.25187859,0.00006104
0.25219859,0.00006104
0.25251859,0.00006104
0.25283859,0.00006104
0.25315859,0.00006104
0.25347859,0.00006104
0.25379859,0.00006104
0.25411859,0.00006104
0.25443859,0.00006104
0.25475859,0.00006104
0.25507859,0.00006104
0.25539859,0.00006104
0.25571859,-0.01770074
0.25603859,0.00006104
0.25635859,0.00006104
0.25667859,0.00006104
0.25699859,0.00006104
0.25731858,0.00006104
0.25763858,0.00006104
0.25795858,0.00006104
0.25827858,0.00006104
0.25859858,0.00006104
0.25891858,0.00006104
0.25923858,0.00006104
0.25955858,0.00006104
0.25987858,0.00006104
0.26019858,0.00006104
0.26051858,0.00006104
0.26083858,0.00006104
0.26115858,0.00006104
0.26147858,0.00006104
0.26179858,0.00006104
0.26211858,0.00006104
0.26243858,0.00006104
0.26275858,0.00006104
0.26307858,-0.01770074
0.26339858,0.00006104
0.26371858,0.00006104
0.26403858,0.00006104
0.26435858,0.00006104
0.26467858,0.00006104
0.26499858,0.00006104
0.26531858,0.00006104
0.26563858,0.00006104
0.26595858,0.00006104
0.26627858,0.00006104
0.26659858,0.00006104
0.26691858,0.00006104
0.26723858,0.00006104
0.26755858,0.00006104
0.26787858,0.00006104
0.26819858,0.00006104
0.26851858,0.00006104
0.26883858,0.00006104
0.26915858,0.00006104
0.26947858,0.00006104
0.26979858,0.00006104
0.27011858,0.00006104
0.27043858,0.00006104
0.27075858,-0.01770074
0.27107858,0.00006104
0.27139858,0.00006104
0.27171858,0.00006104
0.27203858,0.00006104
0.27235858,0.00006104
0.27267858,0.00006104
0.27299858,0.00006104
0.27331858,0.00006104
0.27363858,0.00006104
0.27395858,0.00006104
0.27427858,0.00006104
0.27459858,0.00006104
0.27491858,0.00006104
0.27523858,0.00006104
0.27555858,0.00006104
0.27587858,0.00006104
0.27619858,0.00006104
0.27651858,0.00006104
0.27683858,0.00006104
0.27715858,0.00006104
0.27747858,0.00006104
0.27779858,0.00006104
0.27811858,0.00006104
0.27843858,0.00006104
0.27875858,0.00006104
0.27907858,0.00006104
0.27939858,0.00006104
0.27971858,0.00006104
0.28003858,0.00006104
0.28035858,0.00006104
0.28067858,0.00006104
0.28099858,-0.01770074
0.28131858,0.00006104
0.28163858,0.00006104
0.28195858,0.00006104
0.28227858,0.00006104
0.28259858,0.00006104
0.28291858,0.00006104
0.28323858,0.00006104
0.28355858,0.00006104
0.28387858,0.00006104
0.28419858,0.00006104
0.28451858,0.00006104
0.28483858,0.00006104
0.28515858,0.00006104
0.28547858,0.00006104
0.28579858,0.00006104
0.28611858,-0.01770074
0.28643858,0.00006104
0.28675858,0.00006104
0.28707858,0.00006104
0.28739858,0.00006104
0.28771858,0.00006104
0.28803858,-0.01770074
0.28835858,0.00006104
0.28867858,-0.01770074
0.28899858,0.00006104
0.28931858,0.00006104
0.28963858,0.00006104
0.28995858,0.00006104
0.29027858,0.00006104
0.29059858,0.00006104
0.29091858,0.00006104
0.29123858,0.00006104
0.29155858,0.00006104
0.29187858,0.00006104
0.29219858,0.00006104
0.29251858,0.00006104
0.29283858,0.00006104
0.29315858,0.00006104
0.29347858,0.00006104
0.29379858,0.00006104
0.29411858,0.00006104
0.29443858,0.00006104
0.29475858,-0.01770074
0.29507858,0.00006104
0.29539858,0.00006104
0.29571858,0.00006104
0.29603858,0.00006104
0.29635858,0.00006104
0.29667858,0.00006104
0.29699858,0.00006104
0.29731858,0.00006104
0.29763858,-0.01770074
0.29795858,0.00006104
0.29827858,0.00006104
0.29859858,0.00006104
0.29891858,0.00006104
0.29923858,0.00006104
0.29955858,0.00006104
0.29987858,0.00006104
0.30019858,0.00006104
0.30051858,0.00006104
0.30083858,0.00006104
0.30115858,0.00006104
0.30147858,0.00006104
0.30179858,0.00006104
0.30211858,0.00006104
0.30243858,0.00006104
0.30275858,0.00006104
0.30307858,0.00006104
0.30339858,0.00006104
0.30371858,0.01788385
0.30403858,0.00006104
0.30435858,0.00006104
0.30467858,0.00006104
0.30499858,0.00006104
0.30531858,0.00006104
0.30563858,0.00006104
0.30595858,0.00006104
0.30627858,0.00006104
0.30659858,0.00006104
0.30691858,0.00006104
0.30723858,0.00006104
0.30755858,0.00006104
0.30787858,0.00006104
0.30819858,0.00006104
0.30851858,0.00006104
0.30883858,0.00006104
0.30915858,0.00006104
0.30947858,0.00006104
0.30979858,0.00006104
0.31011858,0.00006104
0.31043858,0.00006104
0.31075858,0.00006104
0.31107858,0.00006104
0.31139858,0.00006104
0.31171858,0.00006104
0.31203858,0.00006104
0.31235858,0.00006104
0.31267858,0.00006104
0.31299858,0.00006104
0.31331858,0.00006104
0.31363858,0.00006104
0.31395858,-0.01770074
0.31427858,0.00006104
0.31459858,0.00006104
0.31491858,0.00006104
0.31523858,0.00006104
0.31555858,0.00006104
0.31587858,0.00006104
0.31619858,0.00006104
0.31651858,0.00006104
0.31683858,0.00006104
0.31715858,0.00006104
0.31747858,0.00006104
0.31779858,0.00006104
0.31811858,0.00006104
0.31843858,0.00006104
0.31875858,0.00006104
0.31907858,0.00006104
0.31939858,0.00006104
0.31971858,0.00006104
0.32003858,0.00006104
0.32035858,0.00006104
0.32067858,0.00006104
0.32099858,0.00006104
0.32131858,0.00006104
0.32163858,0.00006104
0.32195858,0.00006104
0.32227858,0.00006104
0.32259858,0.00006104
0.32291858,0.00006104
0.32323858,0.00006104
0.32355858,-0.01770074
0.32387858,0.00006104
0.32419858,-0.01770074
0.32451858,0.00006104
0.32483858,0.00006104
0.32515858,0.00006104
0.32547858,0.00006104
0.32579858,-0.01770074
0.32611858,0.00006104
0.32643858,0.00006104
0.32675858,0.00006104
0.32707858,0.00006104
0.32739858,0.00006104
0.32771858,0.00006104
0.32803858,0.00006104
0.32835858,0.00006104
0.32867858,0.00006104
0.32899858,0.00006104
0.32931858,0.00006104
0.32963858,0.00006104
0.32995858,0.00006104
0.33027858,0.00006104
0.33059858,0.00006104
0.33091858,0.00006104
0.33123858,0.00006104
0.33155858,0.00006104
0.33187858,0.00006104
0.33219858,0.00006104
0.33251858,0.00006104
0.33283858,0.00006104
0.33315858,0.00006104
0.33347858,0.00006104
0.33379858,0.00006104
0.33411858,0.00006104
0.33443858,0.00006104
0.33475858,0.00006104
0.33507858,0.00006104
0.33539858,0.00006104
0.33571858,0.00006104
0.33603858,0.00006104
0.33635858,-0.01770074
0.33667858,0.00006104
0.33699858,0.00006104
0.33731858,0.00006104
0.33763858,0.00006104
0.33795858,0.00006104
0.33827858,0.00006104
0.33859858,0.00006104
0.33891858,0.00006104
0.33923858,0.00006104
0.33955858,0.00006104
0.33987858,0.00006104
0.34019858,0.00006104
0.34051858,0.00006104
0.34083858,0.00006104
0.34115858,0.00006104
0.34147858,0.00006104
0.34179858,0.00006104
0.34211858,0.00006104
0.34243858,0.00006104
0.34275858,0.00006104
0.34307858,0.00006104
0.34339858,0.00006104
0.34371858,0.00006104
0.34403858,0.00006104
0.34435858,0.00006104
0.34467858,0.00006104
0.34499858,0.00006104
0.34531858,0.00006104
0.34563858,0.00006104
0.34595858,0.00006104
0.34627858,0.00006104
0.34659858,0.00006104
0.34691858,0.00006104
0.34723858,0.00006104
0.34755858,0.00006104
0.34787858,0.00006104
0.34819858,0.00006104
0.34851858,0.00006104
0.34883858,0.00006104
0.34915858,0.00006104
0.34947858,0.00006104
0.34979858,0.00006104
0.35011858,0.00006104
0.35043858,0.00006104
0.35075858,0.00006104
0.35107858,0.00006104
0.35139858,0.00006104
0.35171858,0.00006104
0.35203858,0.00006104
0.35235858,0.00006104
0.35267858,0.00006104
0.35299858,-0.01770074
0.35331858,-0.01770074
0.35363858,0.00006104
0.35395858,0.00006104
0.35427858,0.00006104
0.35459858,0.00006104
0.35491858,0.00006104
0.35523858,0.00006104
0.35555858,0.00006104
0.35587858,0.00006104
0.35619858,0.00006104
0.35651858,0.00006104
0.35683858,0.00006104
0.35715858,0.00006104
0.35747858,0.00006104
0.35779858,0.00006104
0.35811858,0.00006104
0.35843858,0.00006104
0.35875858,0.00006104
0.35907858,0.00006104
0.35939858,0.00006104
0.35971858,0.00006104
0.36003858,0.00006104
0.36035858,0.00006104
0.36067858,0.00006104
0.36099858,0.00006104
0.36131858,0.00006104
0.36163858,0.00006104
0.36195858,-0.01770074
0.36227858,0.00006104
0.36259858,0.00006104
0.36291858,0.00006104
0.36323858,0.00006104
0.36355858,0.00006104
0.36387858,0.00006104
0.36419858,0.00006104
0.36451858,0.00006104
0.36483858,0.00006104
0.36515858,0.00006104
0.36547858,0.00006104
0.36579858,0.00006104
0.36611858,0.00006104
0.36643858,0.00006104
0.36675858,0.00006104
0.36707858,0.00006104
0.36739858,0.00006104
0.36771858,0.00006104
0.36803858,0.00006104
0.36835858,0.00006104
0.36867858,0.00006104
0.36899858,0.00006104
0.36931858,0.00006104
0.36963858,0.00006104
0.36995858,0.00006104
0.37027858,0.00006104
0.37059858,0.00006104
0.37091858,0.00006104
0.37123858,0.00006104
0.37155858,0.00006104
0.37187858,0.00006104
0.37219858,0.00006104
0.37251858,0.00006104
0.37283858,-0.01770074
0.37315858,0.00006104
0.37347858,0.00006104
0.37379858,0.00006104
0.37411858,0.00006104
0.37443858,0.00006104
0.37475858,0.00006104
0.37507858,0.00006104
0.37539858,0.00006104
0.37571858,0.00006104
0.37603858,0.00006104
0.37635858,0.00006104
0.37667858,0.00006104
0.37699858,0.00006104
0.37731858,0.00006104
0.37763858,0.00006104
0.37795858,0.00006104
0.37827858,0.00006104
0.37859858,0.00006104
0.37891858,0.00006104
0.37923858,0.00006104
0.37955858,0.00006104
0.37987858,0.00006104
0.38019858,0.00006104
0.38051858,0.00006104
0.38083858,0.00006104
0.38115858,0.00006104
0.38147858,0.00006104
0.38179858,0.00006104
0.38211858,0.00006104
0.38243858,0.00006104
0.38275858,0.00006104
0.38307858,0.00006104
0.38339858,0.00006104
0.38371858,0.00006104
0.38403858,-0.01770074
0.38435858,0.00006104
0.38467858,0.00006104
0.38499858,0.00006104
0.38531858,0.00006104
0.38563858,0.00006104
0.38595858,0.00006104
0.38627858,0.00006104
0.38659858,0.00006104
0.38691858,0.00006104
0.38723858,0.00006104
0.38755858,0.00006104
0.38787858,0.00006104
0.38819858,0.00006104
0.38851858,0.00006104
0.38883858,0.00006104
0.38915858,0.00006104
0.38947858,0.00006104
0.38979858,0.00006104
0.39011858,0.00006104
0.39043858,0.00006104
0.39075858,0.00006104
0.39107858,0.00006104
0.39139858,0.00006104
0.39171858,0.00006104
0.39203858,0.00006104
0.39235858,0.00006104
0.39267858,0.00006104
0.39299858,0.00006104
0.39331858,0.00006104
0.39363858,0.00006104
0.39395858,0.00006104
0.39427858,0.00006104
0.39459858,0.00006104
0.39491858,0.00006104
0.39523858,0.00006104
0.39555858,0.00006104
0.39587858,0.00006104
0.39619858,0.00006104
0.39651858,0.00006104
0.39683858,0.00006104
0.39715858,0.00006104
0.39747858,0.00006104
0.39779858,0.00006104
0.39811858,0.00006104
0.39843858,-0.01770074
0.39875858,0.00006104
0.39907858,0.00006104
0.39939858,0.00006104
0.39971858,0.00006104
0.40003858,0.00006104
0.40035858,0.00006104
0.40067858,0.00006104
0.40099858,0.00006104
0.40131858,0.00006104
0.40163858,0.00006104
0.40195858,0.00006104
0.40227858,0.00006104
0.40259858,0.00006104
0.40291858,0.00006104
0.40323858,0.00006104
0.40355858,0.00006104
0.40387858,0.00006104
0.40419858,0.00006104
0.40451858,0.00006104
0.40483858,0.00006104
0.40515858,0.00006104
0.40547858,0.00006104
0.40579858,0.00006104
0.40611858,0.00006104
0.40643858,-0.01770074
0.40675858,0.00006104
0.40707858,0.00006104
0.40739858,0.00006104
0.40771858,0.00006104
0.40803858,0.00006104
0.40835858,0.00006104
0.40867858,0.00006104
0.40899858,0.00006104
0.40931858,0.00006104
0.40963858,0.00006104
0.40995858,0.00006104
0.41027858,0.00006104
0.41059858,0.00006104
0.41091858,0.00006104
0.41123858,0.00006104
0.41155858,0.00006104
0.41187858,0.00006104
0.41219858,0.00006104
0.41251858,0.00006104
0.41283858,0.00006104
0.41315858,0.00006104
0.41347858,0.00006104
0.41379858,0.00006104
0.41411858,0.00006104
0.41443858,0.00006104
0.41475858,0.00006104
0.41507858,0.00006104
0.41539858,0.00006104
0.41571858,0.00006104
0.41603858,0.00006104
0.41635858,0.00006104
0.41667858,0.00006104
0.41699858,0.00006104
0.41731858,0.00006104
0.41763858,0.00006104
0.41795858,0.00006104
0.41827858,0.00006104
0.41859858,0.00006104
0.41891858,0.00006104
0.41923858,0.00006104
0.41955858,0.00006104
0.41987858,0.00006104
0.42019858,0.00006104
0.42051858,0.00006104
0.42083858,0.00006104
0.42115858,0.00006104
0.42147858,0.00006104
0.42179858,0.00006104
0.42211858,0.00006104
0.42243858,0.00006104
0.42275858,0.00006104
0.42307858,0.00006104
0.42339858,0.00006104
0.42371858,0.00006104
0.42403858,-0.01770074
0.42435858,0.00006104
0.42467858,0.00006104
0.42499858,0.00006104
0.42531858,0.00006104
0.42563858,0.00006104
0.42595858,0.00006104
0.42627858,0.00006104
0.42659858,0.00006104
0.42691858,0.00006104
0.42723858,-0.01770074
0.42755858,0.00006104
0.42787858,0.00006104
0.42819858,0.00006104
0.42851858,0.00006104
0.42883858,0.00006104
0.42915858,0.00006104
0.42947858,0.00006104
0.42979858,0.00006104
0.43011858,0.00006104
0.43043858,0.00006104
0.43075858,0.00006104
0.43107858,0.00006104
0.43139858,0.00006104
0.43171858,0.00006104
0.43203858,0.00006104
0.43235858,0.00006104
0.43267858,-0.01770074
0.43299858,0.00006104
0.43331858,-0.01770074
0.43363858,0.00006104
0.43395858,0.00006104
0.43427858,0.00006104
0.43459858,0.00006104
0.43491858,0.00006104
0.43523858,0.00006104
0.43555858,0.00006104
0.43587858,0.00006104
0.43619858,0.00006104
0.43651858,0.00006104
0.43683858,0.00006104
0.43715858,0.00006104
0.43747858,0.00006104
0.43779858,0.00006104
0.43811858,0.00006104
0.43843858,0.00006104
0.43875858,0.00006104
0.43907858,0.00006104
0.43939858,0.00006104
0.43971858,0.00006104
0.44003858,0.00006104
0.44035858,0.00006104
0.44067858,0.00006104
0.44099858,0.00006104
0.44131858,0.00006104
0.44163858,0.00006104
0.44195858,0.00006104
0.44227858,0.00006104
0.44259858,0.00006104
0.44291858,0.00006104
0.44323858,-0.01770074
0.44355858,0.00006104
0.44387858,-0.01770074
0.44419858,0.00006104
0.44451858,0.00006104
0.44483858,0.00006104
0.44515858,0.00006104
0.44547858,0.00006104
0.44579858,0.00006104
0.44611858,0.00006104
0.44643858,0.00006104
0.44675858,0.01788385
0.44707858,0.00006104
0.44739858,0.00006104
0.44771858,0.00006104
0.44803858,0.00006104
0.44835858,0.00006104
0.44867858,0.00006104
0.44899858,0.00006104
0.44931858,0.00006104
0.44963858,0.00006104
0.44995858,0.00006104
0.45027858,0.00006104
0.45059858,0.00006104
0.45091858,0.00006104
0.45123858,0.00006104
0.45155858,0.00006104
0.45187858,0.00006104
0.45219858,0.00006104
0.45251858,0.00006104
0.45283858,0.00006104
0.45315858,0.00006104
0.45347858,0.00006104
0.45379858,0.00006104
0.45411858,0.00006104
0.45443858,0.00006104
0.45475858,0.00006104
0.45507858,0.00006104
0.45539858,0.00006104
0.45571858,0.00006104
0.45603858,0.00006104
0.45635858,0.00006104
0.45667858,0.00006104
0.45699858,0.00006104
0.45731858,0.00006104
0.45763858,0.00006104
0.45795858,0.00006104
0.45827858,0.00006104
0.45859858,0.00006104
0.45891858,0.00006104
0.45923858,0.00006104
0.45955858,0.00006104
0.45987858,0.00006104
0.46019858,0.00006104
0.46051858,0.00006104
0.46083858,0.00006104
0.46115858,0.00006104
0.46147858,0.00006104
0.46179858,0.00006104
0.46211858,0.00006104
0.46243858,0.00006104
0.46275858,0.00006104
0.46307858,0.00006104
0.46339858,0.00006104
0.46371858,0.00006104
0.46403858,0.00006104
0.46435858,0.00006104
0.46467858,0.00006104
0.46499858,0.00006104
0.46531858,0.00006104
0.46563858,0.00006104
0.46595858,0.00006104
0.46627858,0.00006104
0.46659858,0.00006104
0.46691858,0.00006104
0.46723858,0.00006104
0.46755858,0.00006104
0.46787858,0.00006104
0.46819858,-0.01770074
0.46851858,0.00006104
0.46883858,0.00006104
0.46915858,0.00006104
0.46947858,-0.01770074
0.46979858,0.00006104
0.47011858,0.00006104
0.47043858,-0.01770074
0.47075858,0.00006104
0.47107858,0.00006104
0.47139858,0.00006104
0.47171858,0.00006104
0.47203858,0.00006104
0.47235858,0.00006104
0.47267858,0.00006104
0.47299858,-0.01770074
0.47331858,0.00006104
0.47363858,0.00006104
0.47395858,0.00006104
0.47427858,0.00006104
0.47459858,0.00006104
0.47491858,0.00006104
0.47523858,0.00006104
0.47555858,0.00006104
0.47587858,0.00006104
0.47619858,0.00006104
0.47651858,0.00006104
0.47683858,0.00006104
0.47715858,0.00006104
0.47747858,0.00006104
0.47779858,0.00006104
0.47811858,0.00006104
0.47843858,0.00006104
0.47875858,0.00006104
0.47907858,0.00006104
0.47939858,0.00006104
0.47971858,0.00006104
0.48003858,0.00006104
0.48035858,0.00006104
0.48067858,0.00006104
0.48099858,0.00006104
0.48131858,0.00006104
0.48163858,0.00006104
0.48195858,0.00006104
0.48227858,0.00006104
0.48259858,0.00006104
0.48291858,0.00006104
0.48323858,0.00006104
0.48355858,-0.01770074
0.48387858,0.00006104
0.48419858,0.00006104
0.48451858,0.00006104
0.48483858,0.00006104
0.48515858,0.00006104
0.48547858,0.00006104
0.48579858,0.00006104
0.48611858,0.00006104
0.48643858,0.00006104
0.48675858,0.00006104
0.48707858,0.00006104
0.48739858,0.00006104
0.48771858,0.00006104
0.48803858,0.00006104
0.48835858,0.00006104
0.48867858,0.00006104
0.48899858,0.00006104
0.48931858,0.00006104
0.48963858,-0.01770074
0.48995858,0.00006104
0.49027858,0.00006104
0.49059858,0.00006104
0.49091858,0.00006104
0.49123858,0.00006104
0.49155858,0.00006104
0.49187858,0.00006104
0.49219858,0.00006104
0.49251858,0.00006104
0.49283858,0.00006104
0.49315858,0.00006104
0.49347858,0.00006104
0.49379858,0.00006104
0.49411858,0.00006104
0.49443858,0.00006104
0.49475858,0.00006104
0.49507858,0.00006104
0.49539858,0.00006104
0.49571858,0.00006104
0.49603858,0.00006104
0.49635858,-1.19260228
0.49667858,-0.33814508
0.49699858,0.17804499
0.49731858,0.21362957
0.49763858,0.07129124
0.49795858,-0.01770074
0.49827858,-0.03552354
0.49859858,-0.03552354
0.49891858,-0.03552354
0.49923858,-∞
0.49955858,-1.24594867
0.49987858,0.94344920
0.50019858,0.28485978
0.50051858,-0.08893093
0.50083858,-0.07110813
0.50115858,0.01788385
0.50147858,0.05346843
0.50179858,0.03570665
0.50211858,0.03570665
0.50243858,0.01788385
0.50275858,0.00006104
0.50307858,0.00006104
0.50339858,0.01788385
0.50371858,0.03570665
0.50403858,0.01788385
0.50435858,0.01788385
0.50467858,0.00006104
0.50499858,0.00006104
0.50531858,0.00006104
0.50563858,0.03570665
0.50595858,0.00006104
0.50627858,0.03570665
0.50659858,0.07129124
0.50691858,0.07129124
0.50723858,0.07129124
0.50755858,0.05346843
0.50787858,0.07129124
0.50819858,0.07129124
0.50851858,0.05346843
0.50883858,0.07129124
0.50915858,0.08911405
0.50947858,0.07129124
0.50979858,0.01788385
0.51011858,0.01788385
0.51043858,0.03570665
0.51075858,0.01788385
0.51107858,0.00006104
0.51139858,-0.03552354
0.51171858,-0.03552354
0.51203858,-0.03552354
0.51235858,0.00006104
0.51267858,0.00006104
0.51299858,0.00006104
0.51331858,0.05346843
0.51363858,-0.01770074
0.51395858,-0.01770074
0.51427858,0.03570665
0.51459858,-0.01770074
0.51491858,0.00006104
0.51523858,0.05346843
0.51555858,0.01788385
0.51587858,0.01788385
0.51619858,0.03570665
0.51651858,0.01788385
0.51683858,0.00006104
0.51715858,0.01788385
0.51747858,0.01788385
0.51779858,0.01788385
0.51811858,0.01788385
0.51843858,0.03570665
0.51875858,0.00006104
0.51907858,0.00006104
0.51939858,0.01788385
0.51971858,0.01788385
0.52003858,0.00006104
