Time,Channel A
(ms),(V)

-1.48093421,-0.01770074
-1.48061421,0.03570665
-1.48029421,0.01788385
-1.47997421,0.01788385
-1.47965421,0.00006104
-1.47933421,-0.01770074
-1.47901421,-0.01770074
-1.47869421,0.01788385
-1.47837421,0.00006104
-1.47805421,0.00006104
-1.47773421,0.01788385
-1.47741421,0.01788385
-1.47709421,0.00006104
-1.47677421,0.01788385
-1.47645421,0.00006104
-1.47613421,0.00006104
-1.47581421,0.01788385
-1.47549421,0.00006104
-1.47517421,0.00006104
-1.47485421,0.01788385
-1.47453421,0.01788385
-1.47421421,0.00006104
-1.47389421,0.00006104
-1.47357421,0.00006104
-1.47325421,0.00006104
-1.47293421,0.00006104
-1.47261421,-0.01770074
-1.47229421,-0.01770074
-1.47197421,0.00006104
-1.47165421,0.00006104
-1.47133421,0.01788385
-1.47101421,0.00006104
-1.47069421,0.01788385
-1.47037421,0.01788385
-1.47005421,0.01788385
-1.46973421,0.00006104
-1.46941421,0.01788385
-1.46909421,0.01788385
-1.46877421,0.01788385
-1.46845421,0.00006104
-1.46813421,0.00006104
-1.46781421,0.00006104
-1.46749421,0.01788385
-1.46717421,0.00006104
-1.46685421,0.00006104
-1.46653421,0.00006104
-1.46621421,0.00006104
-1.46589421,0.00006104
-1.46557421,0.00006104
-1.46525421,0.00006104
-1.46493421,0.01788385
-1.46461421,0.00006104
-1.46429421,0.00006104
-1.46397421,0.00006104
-1.46365421,0.00006104
-1.46333421,0.00006104
-1.46301421,0.00006104
-1.46269421,0.00006104
-1.46237421,0.00006104
-1.46205421,0.00006104
-1.46173421,0.00006104
-1.46141421,-0.01770074
-1.46109421,-0.01770074
-1.46077421,0.00006104
-1.46045421,0.00006104
-1.46013421,0.00006104
-1.45981421,0.00006104
-1.45949421,0.00006104
-1.45917421,0.01788385
-1.45885421,0.00006104
-1.45853421,0.00006104
-1.45821421,0.01788385
-1.45789421,0.00006104
-1.45757421,0.01788385
-1.45725421,0.00006104
-1.45693421,0.00006104
-1.45661421,0.00006104
-1.45629421,0.00006104
-1.45597421,0.01788385
-1.45565421,0.00006104
-1.45533421,0.00006104
-1.45501421,-0.01770074
-1.45469421,0.00006104
-1.45437421,0.00006104
-1.45405421,-0.01770074
-1.45373421,0.00006104
-1.45341421,0.00006104
-1.45309421,0.00006104
-1.45277421,0.00006104
-1.45245421,0.00006104
-1.45213421,0.00006104
-1.45181421,0.00006104
-1.45149421,0.00006104
-1.45117421,0.00006104
-1.45085421,0.00006104
-1.45053421,0.00006104
-1.45021421,0.00006104
-1.44989421,0.00006104
-1.44957421,0.01788385
-1.44925421,0.00006104
-1.44893421,0.00006104
-1.44861421,0.00006104
-1.44829421,0.00006104
-1.44797421,0.00006104
-1.44765421,0.00006104
-1.44733421,0.00006104
-1.44701421,0.00006104
-1.44669421,0.00006104
-1.44637421,0.00006104
-1.44605421,0.00006104
-1.44573421,0.00006104
-1.44541421,-0.01770074
-1.44509421,0.00006104
-1.44477421,0.00006104
-1.44445421,0.00006104
-1.44413421,0.00006104
-1.44381421,0.00006104
-1.44349421,0.00006104
-1.44317421,0.00006104
-1.44285421,0.00006104
-1.44253421,0.00006104
-1.44221421,0.00006104
-1.44189421,0.00006104
-1.44157421,0.00006104
-1.44125421,0.00006104
-1.44093421,0.00006104
-1.44061421,0.00006104
-1.44029421,0.00006104
-1.43997421,0.00006104
-1.43965421,0.00006104
-1.43933421,0.00006104
-1.43901421,0.00006104
-1.43869421,0.00006104
-1.43837421,0.00006104
-1.43805421,0.00006104
-1.43773421,0.00006104
-1.43741421,0.00006104
-1.43709421,0.00006104
-1.43677421,0.00006104
-1.43645421,0.00006104
-1.43613421,0.00006104
-1.43581421,0.00006104
-1.43549421,0.00006104
-1.43517421,0.00006104
-1.43485421,0.00006104
-1.43453421,0.00006104
-1.43421421,0.00006104
-1.43389421,0.00006104
-1.43357421,0.00006104
-1.43325421,0.00006104
-1.43293421,0.00006104
-1.43261421,0.00006104
-1.43229421,0.00006104
-1.43197421,0.00006104
-1.43165421,0.00006104
-1.43133421,0.00006104
-1.43101421,0.00006104
-1.43069421,-0.01770074
-1.43037421,0.00006104
-1.43005421,0.00006104
-1.42973421,0.00006104
-1.42941421,0.00006104
-1.42909421,-0.01770074
-1.42877421,0.00006104
-1.42845421,0.00006104
-1.42813421,0.00006104
-1.42781421,0.00006104
-1.42749421,0.00006104
-1.42717421,0.00006104
-1.42685421,0.00006104
-1.42653421,0.00006104
-1.42621421,0.00006104
-1.42589421,0.00006104
-1.42557421,0.00006104
-1.42525421,0.00006104
-1.42493421,0.00006104
-1.42461421,0.00006104
-1.42429421,0.00006104
-1.42397421,0.00006104
-1.42365421,0.00006104
-1.42333421,-0.01770074
-1.42301421,0.00006104
-1.42269421,0.00006104
-1.42237421,0.00006104
-1.42205421,0.00006104
-1.42173421,0.00006104
-1.42141421,0.00006104
-1.42109421,0.00006104
-1.42077421,0.00006104
-1.42045421,0.00006104
-1.42013421,0.00006104
-1.41981421,0.00006104
-1.41949421,0.00006104
-1.41917421,0.00006104
-1.41885421,0.00006104
-1.41853421,-0.01770074
-1.41821421,0.00006104
-1.41789421,0.00006104
-1.41757421,0.00006104
-1.41725421,0.00006104
-1.41693421,0.00006104
-1.41661421,0.00006104
-1.41629421,0.00006104
-1.41597421,-0.01770074
-1.41565421,0.00006104
-1.41533421,0.00006104
-1.41501421,0.00006104
-1.41469421,0.00006104
-1.41437421,0.00006104
-1.41405421,0.00006104
-1.41373421,0.00006104
-1.41341421,0.00006104
-1.41309421,0.00006104
-1.41277421,-0.01770074
-1.41245421,0.00006104
-1.41213421,-0.01770074
-1.41181421,-0.01770074
-1.41149421,0.00006104
-1.41117421,0.00006104
-1.41085421,0.00006104
-1.41053421,0.00006104
-1.41021421,0.00006104
-1.40989421,0.00006104
-1.40957421,-0.01770074
-1.40925421,0.00006104
-1.40893421,0.00006104
-1.40861421,-0.01770074
-1.40829421,0.00006104
-1.40797421,0.00006104
-1.40765421,0.00006104
-1.40733421,0.00006104
-1.40701421,0.00006104
-1.40669421,0.00006104
-1.40637421,0.00006104
-1.40605421,0.00006104
-1.40573421,0.00006104
-1.40541421,0.00006104
-1.40509421,0.00006104
-1.40477421,0.00006104
-1.40445421,0.00006104
-1.40413421,0.00006104
-1.40381421,0.00006104
-1.40349421,0.00006104
-1.40317421,0.00006104
-1.40285421,0.00006104
-1.40253421,0.00006104
-1.40221421,0.00006104
-1.40189421,0.00006104
-1.40157421,0.00006104
-1.40125421,0.00006104
-1.40093421,0.00006104
-1.40061421,0.00006104
-1.40029421,0.00006104
-1.39997421,0.00006104
-1.39965421,0.00006104
-1.39933421,0.00006104
-1.39901421,0.00006104
-1.39869421,0.00006104
-1.39837421,0.00006104
-1.39805421,0.00006104
-1.39773421,0.00006104
-1.39741421,0.00006104
-1.39709421,0.00006104
-1.39677421,-0.01770074
-1.39645421,0.00006104
-1.39613421,0.00006104
-1.39581421,0.00006104
-1.39549421,0.00006104
-1.39517421,0.00006104
-1.39485421,0.00006104
-1.39453421,0.00006104
-1.39421421,0.00006104
-1.39389421,0.00006104
-1.39357421,0.00006104
-1.39325421,0.00006104
-1.39293421,0.00006104
-1.39261421,0.00006104
-1.39229421,0.00006104
-1.39197421,0.00006104
-1.39165421,0.00006104
-1.39133421,-0.01770074
-1.39101421,0.00006104
-1.39069421,0.00006104
-1.39037421,0.00006104
-1.39005421,0.00006104
-1.38973421,0.00006104
-1.38941421,0.00006104
-1.38909421,0.00006104
-1.38877421,0.00006104
-1.38845421,0.00006104
-1.38813421,0.00006104
-1.38781421,0.00006104
-1.38749421,0.00006104
-1.38717421,0.00006104
-1.38685421,0.00006104
-1.38653421,0.00006104
-1.38621421,0.00006104
-1.38589421,0.00006104
-1.38557421,0.00006104
-1.38525421,0.00006104
-1.38493421,0.00006104
-1.38461421,0.00006104
-1.38429421,0.00006104
-1.38397421,0.00006104
-1.38365421,0.00006104
-1.38333421,-0.01770074
-1.38301421,0.00006104
-1.38269421,0.00006104
-1.38237421,0.00006104
-1.38205421,0.00006104
-1.38173421,0.00006104
-1.38141421,0.00006104
-1.38109421,0.00006104
-1.38077421,0.00006104
-1.38045421,0.00006104
-1.38013421,0.00006104
-1.37981421,0.00006104
-1.37949421,0.00006104
-1.37917421,0.00006104
-1.37885421,0.00006104
-1.37853421,0.00006104
-1.37821421,0.00006104
-1.37789421,0.00006104
-1.37757421,0.00006104
-1.37725421,0.00006104
-1.37693421,0.00006104
-1.37661421,0.00006104
-1.37629421,0.00006104
-1.37597421,0.00006104
-1.37565421,0.00006104
-1.37533421,0.00006104
-1.37501421,0.00006104
-1.37469421,0.00006104
-1.37437421,0.00006104
-1.37405421,0.00006104
-1.37373421,0.00006104
-1.37341421,0.00006104
-1.37309421,0.00006104
-1.37277421,0.00006104
-1.37245421,0.00006104
-1.37213421,0.00006104
-1.37181421,0.00006104
-1.37149421,0.00006104
-1.37117421,0.00006104
-1.37085421,0.00006104
-1.37053421,0.00006104
-1.37021421,0.00006104
-1.36989421,0.00006104
-1.36957421,0.00006104
-1.36925421,0.00006104
-1.36893421,0.00006104
-1.36861421,0.00006104
-1.36829421,0.00006104
-1.36797421,0.00006104
-1.36765421,0.00006104
-1.36733421,0.00006104
-1.36701421,0.00006104
-1.36669421,0.00006104
-1.36637421,0.00006104
-1.36605421,0.00006104
-1.36573421,-0.01770074
-1.36541421,0.00006104
-1.36509421,0.00006104
-1.36477421,0.00006104
-1.36445421,0.00006104
-1.36413421,0.00006104
-1.36381421,0.00006104
-1.36349421,0.00006104
-1.36317421,0.00006104
-1.36285421,0.00006104
-1.36253421,0.00006104
-1.36221421,0.00006104
-1.36189421,0.00006104
-1.36157421,0.00006104
-1.36125421,0.00006104
-1.36093421,0.00006104
-1.36061421,0.00006104
-1.36029421,0.00006104
-1.35997421,0.00006104
-1.35965421,-0.01770074
-1.35933421,0.00006104
-1.35901421,0.00006104
-1.35869421,-0.01770074
-1.35837421,0.00006104
-1.35805421,0.00006104
-1.35773421,0.00006104
-1.35741421,0.00006104
-1.35709421,0.00006104
-1.35677421,0.00006104
-1.35645421,0.00006104
-1.35613421,0.00006104
-1.35581421,0.00006104
-1.35549421,0.00006104
-1.35517421,0.00006104
-1.35485421,0.00006104
-1.35453421,0.00006104
-1.35421421,0.00006104
-1.35389421,0.00006104
-1.35357421,0.00006104
-1.35325421,-0.01770074
-1.35293421,0.00006104
-1.35261421,0.00006104
-1.35229421,0.00006104
-1.35197421,0.00006104
-1.35165421,0.00006104
-1.35133421,0.00006104
-1.35101421,0.00006104
-1.35069421,0.00006104
-1.35037421,0.00006104
-1.35005421,0.00006104
-1.34973421,0.00006104
-1.34941421,0.00006104
-1.34909421,0.00006104
-1.34877421,0.00006104
-1.34845421,0.00006104
-1.34813421,0.00006104
-1.34781421,0.00006104
-1.34749421,0.00006104
-1.34717421,0.00006104
-1.34685421,0.00006104
-1.34653421,0.00006104
-1.34621421,0.00006104
-1.34589421,0.00006104
-1.34557421,0.00006104
-1.34525421,0.00006104
-1.34493421,-0.01770074
-1.34461421,0.00006104
-1.34429421,0.00006104
-1.34397421,0.00006104
-1.34365421,0.00006104
-1.34333421,0.00006104
-1.34301421,0.00006104
-1.34269421,0.00006104
-1.34237421,0.00006104
-1.34205421,0.00006104
-1.34173421,0.00006104
-1.34141421,0.00006104
-1.34109421,0.00006104
-1.34077421,-0.01770074
-1.34045421,0.00006104
-1.34013421,0.00006104
-1.33981421,0.00006104
-1.33949421,-0.01770074
-1.33917421,0.00006104
-1.33885421,0.00006104
-1.33853421,0.00006104
-1.33821421,0.00006104
-1.33789421,0.00006104
-1.33757421,0.00006104
-1.33725421,0.00006104
-1.33693421,0.00006104
-1.33661421,0.00006104
-1.33629421,0.00006104
-1.33597421,0.00006104
-1.33565421,0.00006104
-1.33533421,0.01788385
-1.33501421,0.00006104
-1.33469421,0.00006104
-1.33437421,0.00006104
-1.33405421,0.00006104
-1.33373421,0.00006104
-1.33341421,0.00006104
-1.33309421,0.00006104
-1.33277421,0.00006104
-1.33245421,0.00006104
-1.33213421,0.00006104
-1.33181421,0.00006104
-1.33149421,0.00006104
-1.33117421,0.00006104
-1.33085421,0.00006104
-1.33053421,0.00006104
-1.33021421,0.00006104
-1.32989421,0.00006104
-1.32957421,0.00006104
-1.32925421,0.00006104
-1.32893421,0.00006104
-1.32861421,0.00006104
-1.32829421,0.00006104
-1.32797421,0.00006104
-1.32765421,0.00006104
-1.32733421,0.00006104
-1.32701421,0.00006104
-1.32669421,0.00006104
-1.32637421,0.00006104
-1.32605421,0.00006104
-1.32573421,0.00006104
-1.32541421,0.00006104
-1.32509421,0.00006104
-1.32477421,0.00006104
-1.32445421,0.00006104
-1.32413421,0.00006104
-1.32381421,0.00006104
-1.32349421,0.00006104
-1.32317421,0.00006104
-1.32285421,0.00006104
-1.32253421,0.00006104
-1.32221421,0.00006104
-1.32189421,0.00006104
-1.32157421,0.00006104
-1.32125421,0.00006104
-1.32093421,0.00006104
-1.32061421,0.00006104
-1.32029421,0.00006104
-1.31997421,0.00006104
-1.31965421,0.00006104
-1.31933421,0.00006104
-1.31901421,0.00006104
-1.31869421,0.00006104
-1.31837421,0.00006104
-1.31805421,-0.01770074
-1.31773421,0.00006104
-1.31741421,0.00006104
-1.31709421,0.00006104
-1.31677421,0.00006104
-1.31645421,0.00006104
-1.31613421,0.00006104
-1.31581421,0.00006104
-1.31549421,0.00006104
-1.31517421,0.00006104
-1.31485421,0.00006104
-1.31453421,0.00006104
-1.31421421,0.00006104
-1.31389421,0.00006104
-1.31357421,0.00006104
-1.31325421,-0.01770074
-1.31293421,-0.01770074
-1.31261421,0.00006104
-1.31229421,0.00006104
-1.31197421,0.00006104
-1.31165421,0.00006104
-1.31133421,-0.01770074
-1.31101421,0.00006104
-1.31069421,0.00006104
-1.31037421,0.00006104
-1.31005421,-0.01770074
-1.30973421,0.00006104
-1.30941421,0.00006104
-1.30909421,0.00006104
-1.30877421,0.00006104
-1.30845421,0.00006104
-1.30813421,0.00006104
-1.30781421,-0.01770074
-1.30749421,0.00006104
-1.30717421,0.00006104
-1.30685421,0.00006104
-1.30653421,0.00006104
-1.30621421,0.00006104
-1.30589421,0.00006104
-1.30557421,0.00006104
-1.30525421,0.00006104
-1.30493421,0.00006104
-1.30461421,0.00006104
-1.30429421,0.00006104
-1.30397421,0.00006104
-1.30365421,0.00006104
-1.30333421,0.00006104
-1.30301421,0.00006104
-1.30269421,0.00006104
-1.30237421,0.00006104
-1.30205421,0.00006104
-1.30173421,0.00006104
-1.30141421,0.00006104
-1.30109421,-0.01770074
-1.30077421,0.00006104
-1.30045421,0.00006104
-1.30013421,0.00006104
-1.29981421,0.00006104
-1.29949421,0.00006104
-1.29917421,0.00006104
-1.29885421,0.00006104
-1.29853421,0.00006104
-1.29821421,0.00006104
-1.29789421,0.00006104
-1.29757421,0.00006104
-1.29725421,0.00006104
-1.29693421,0.00006104
-1.29661421,0.00006104
-1.29629421,0.00006104
-1.29597421,0.00006104
-1.29565421,0.00006104
-1.29533421,0.00006104
-1.29501421,0.00006104
-1.29469421,0.00006104
-1.29437421,-0.01770074
-1.29405421,0.00006104
-1.29373421,0.00006104
-1.29341421,0.00006104
-1.29309421,0.00006104
-1.29277421,0.00006104
-1.29245421,0.00006104
-1.29213421,0.00006104
-1.29181421,0.00006104
-1.29149421,0.00006104
-1.29117421,0.00006104
-1.29085421,0.00006104
-1.29053421,0.00006104
-1.29021421,0.00006104
-1.28989421,0.00006104
-1.28957421,0.00006104
-1.28925421,0.00006104
-1.28893421,0.00006104
-1.28861421,0.00006104
-1.28829421,0.00006104
-1.28797421,0.00006104
-1.28765421,0.00006104
-1.28733421,0.00006104
-1.28701421,0.00006104
-1.28669421,0.00006104
-1.28637421,0.00006104
-1.28605421,0.00006104
-1.28573421,0.00006104
-1.28541421,-0.01770074
-1.28509421,0.00006104
-1.28477421,0.00006104
-1.28445421,0.00006104
-1.28413421,0.00006104
-1.28381421,0.00006104
-1.28349421,0.00006104
-1.28317421,0.00006104
-1.28285421,0.00006104
-1.28253421,0.00006104
-1.28221421,0.00006104
-1.28189421,0.00006104
-1.28157421,0.00006104
-1.28125421,-0.01770074
-1.28093421,0.00006104
-1.28061421,0.00006104
-1.28029421,0.00006104
-1.27997421,0.00006104
-1.27965421,0.00006104
-1.27933421,0.00006104
-1.27901421,0.00006104
-1.27869421,0.00006104
-1.27837421,0.00006104
-1.27805421,0.00006104
-1.27773421,0.00006104
-1.27741421,0.00006104
-1.27709421,0.00006104
-1.27677421,0.00006104
-1.27645421,0.00006104
-1.27613421,0.00006104
-1.27581421,0.00006104
-1.27549421,0.00006104
-1.27517421,-0.01770074
-1.27485421,0.00006104
-1.27453421,0.00006104
-1.27421421,0.00006104
-1.27389421,0.00006104
-1.27357421,0.00006104
-1.27325421,-0.01770074
-1.27293421,0.00006104
-1.27261421,0.00006104
-1.27229421,0.00006104
-1.27197421,0.00006104
-1.27165421,0.00006104
-1.27133421,0.00006104
-1.27101421,0.00006104
-1.27069421,0.00006104
-1.27037421,0.00006104
-1.27005421,0.00006104
-1.26973421,0.00006104
-1.26941421,0.00006104
-1.26909421,0.00006104
-1.26877421,0.00006104
-1.26845421,0.00006104
-1.26813421,0.00006104
-1.26781421,0.00006104
-1.26749421,0.00006104
-1.26717421,0.00006104
-1.26685421,0.00006104
-1.26653421,0.00006104
-1.26621421,0.00006104
-1.26589421,0.00006104
-1.26557421,0.00006104
-1.26525421,0.00006104
-1.26493421,0.00006104
-1.26461421,0.00006104
-1.26429421,0.00006104
-1.26397421,0.00006104
-1.26365421,0.00006104
-1.26333421,0.00006104
-1.26301421,0.00006104
-1.26269421,-0.01770074
-1.26237421,-0.01770074
-1.26205421,0.00006104
-1.26173421,0.00006104
-1.26141421,0.00006104
-1.26109421,0.00006104
-1.26077421,0.00006104
-1.26045421,0.00006104
-1.26013421,0.00006104
-1.25981421,0.00006104
-1.25949421,0.00006104
-1.25917421,0.00006104
-1.25885421,0.00006104
-1.25853421,0.00006104
-1.25821421,0.00006104
-1.25789421,0.00006104
-1.25757421,0.00006104
-1.25725421,0.00006104
-1.25693421,0.00006104
-1.25661421,0.00006104
-1.25629421,0.00006104
-1.25597421,0.00006104
-1.25565421,0.00006104
-1.25533421,0.00006104
-1.25501421,0.00006104
-1.25469421,0.00006104
-1.25437421,0.00006104
-1.25405421,0.00006104
-1.25373421,0.00006104
-1.25341421,0.00006104
-1.25309421,0.00006104
-1.25277421,0.00006104
-1.25245421,0.00006104
-1.25213421,0.00006104
-1.25181421,0.00006104
-1.25149421,0.00006104
-1.25117421,0.00006104
-1.25085421,0.00006104
-1.25053421,-0.01770074
-1.25021421,0.00006104
-1.24989421,0.00006104
-1.24957421,0.00006104
-1.24925421,0.00006104
-1.24893421,0.00006104
-1.24861421,0.00006104
-1.24829421,0.00006104
-1.24797421,0.00006104
-1.24765421,0.00006104
-1.24733421,0.00006104
-1.24701421,0.00006104
-1.24669421,0.00006104
-1.24637421,0.00006104
-1.24605421,0.00006104
-1.24573421,0.00006104
-1.24541421,0.00006104
-1.24509421,0.00006104
-1.24477421,0.00006104
-1.24445421,-0.01770074
-1.24413421,0.00006104
-1.24381421,0.00006104
-1.24349421,0.00006104
-1.24317421,0.00006104
-1.24285421,0.00006104
-1.24253421,0.00006104
-1.24221421,0.00006104
-1.24189421,0.00006104
-1.24157421,0.00006104
-1.24125421,0.00006104
-1.24093421,0.00006104
-1.24061421,0.00006104
-1.24029421,0.00006104
-1.23997421,0.00006104
-1.23965421,0.00006104
-1.23933421,0.00006104
-1.23901421,0.00006104
-1.23869421,0.00006104
-1.23837421,0.00006104
-1.23805421,0.00006104
-1.23773421,0.00006104
-1.23741421,0.00006104
-1.23709421,0.00006104
-1.23677421,0.00006104
-1.23645421,0.00006104
-1.23613421,-0.01770074
-1.23581421,0.00006104
-1.23549421,0.00006104
-1.23517421,0.00006104
-1.23485421,0.00006104
-1.23453421,0.00006104
-1.23421421,0.00006104
-1.23389421,0.00006104
-1.23357421,0.00006104
-1.23325421,0.00006104
-1.23293421,0.00006104
-1.23261421,0.00006104
-1.23229421,0.00006104
-1.23197421,0.00006104
-1.23165421,0.00006104
-1.23133421,0.00006104
-1.23101421,0.00006104
-1.23069421,0.00006104
-1.23037421,0.00006104
-1.23005421,0.00006104
-1.22973421,0.00006104
-1.22941421,0.00006104
-1.22909421,0.00006104
-1.22877421,0.00006104
-1.22845421,0.00006104
-1.22813421,-0.01770074
-1.22781421,0.00006104
-1.22749421,0.00006104
-1.22717421,-0.01770074
-1.22685421,0.00006104
-1.22653421,0.00006104
-1.22621421,0.00006104
-1.22589421,0.00006104
-1.22557421,0.00006104
-1.22525421,0.00006104
-1.22493421,0.00006104
-1.22461421,0.00006104
-1.22429421,0.00006104
-1.22397421,0.00006104
-1.22365421,0.00006104
-1.22333421,0.00006104
-1.22301421,0.00006104
-1.22269421,0.00006104
-1.22237421,0.00006104
-1.22205421,0.00006104
-1.22173421,0.00006104
-1.22141421,0.00006104
-1.22109421,0.00006104
-1.22077421,0.00006104
-1.22045421,0.00006104
-1.22013421,-0.01770074
-1.21981421,-0.01770074
-1.21949421,0.00006104
-1.21917421,0.00006104
-1.21885421,0.00006104
-1.21853421,0.00006104
-1.21821421,0.00006104
-1.21789421,0.00006104
-1.21757421,0.00006104
-1.21725421,0.00006104
-1.21693421,0.00006104
-1.21661421,0.00006104
-1.21629421,0.00006104
-1.21597421,0.00006104
-1.21565421,0.00006104
-1.21533421,0.00006104
-1.21501421,0.00006104
-1.21469421,0.00006104
-1.21437421,0.00006104
-1.21405421,0.00006104
-1.21373421,0.00006104
-1.21341421,0.00006104
-1.21309421,-0.01770074
-1.21277421,0.00006104
-1.21245421,0.00006104
-1.21213421,0.00006104
-1.21181421,0.00006104
-1.21149421,0.00006104
-1.21117421,0.00006104
-1.21085421,0.00006104
-1.21053421,0.00006104
-1.21021421,0.00006104
-1.20989421,0.00006104
-1.20957421,0.00006104
-1.20925421,0.00006104
-1.20893421,0.00006104
-1.20861421,0.00006104
-1.20829421,0.00006104
-1.20797421,0.00006104
-1.20765421,0.00006104
-1.20733421,0.00006104
-1.20701421,0.00006104
-1.20669421,0.00006104
-1.20637421,0.00006104
-1.20605421,0.00006104
-1.20573421,0.00006104
-1.20541421,0.00006104
-1.20509421,0.00006104
-1.20477421,0.00006104
-1.20445421,0.00006104
-1.20413421,0.00006104
-1.20381421,0.00006104
-1.20349421,0.00006104
-1.20317421,0.00006104
-1.20285421,0.00006104
-1.20253421,0.00006104
-1.20221421,0.00006104
-1.20189421,-0.01770074
-1.20157421,0.00006104
-1.20125421,0.00006104
-1.20093421,0.00006104
-1.20061421,0.00006104
-1.20029421,0.00006104
-1.19997421,0.00006104
-1.19965421,0.00006104
-1.19933421,0.00006104
-1.19901421,0.00006104
-1.19869421,0.00006104
-1.19837421,0.00006104
-1.19805421,0.00006104
-1.19773421,0.00006104
-1.19741421,0.00006104
-1.19709421,0.00006104
-1.19677421,0.00006104
-1.19645421,0.00006104
-1.19613421,0.00006104
-1.19581421,0.00006104
-1.19549421,0.00006104
-1.19517421,0.00006104
-1.19485421,0.00006104
-1.19453421,0.00006104
-1.19421421,0.00006104
-1.19389421,-0.01770074
-1.19357421,0.00006104
-1.19325421,-0.01770074
-1.19293421,0.00006104
-1.19261421,0.00006104
-1.19229421,0.00006104
-1.19197421,0.00006104
-1.19165421,0.00006104
-1.19133421,0.00006104
-1.19101421,0.00006104
-1.19069421,0.00006104
-1.19037421,0.00006104
-1.19005421,0.00006104
-1.18973421,0.00006104
-1.18941421,0.00006104
-1.18909421,0.00006104
-1.18877421,0.00006104
-1.18845421,0.00006104
-1.18813421,0.00006104
-1.18781421,0.00006104
-1.18749421,0.00006104
-1.18717421,0.00006104
-1.18685421,0.00006104
-1.18653421,0.00006104
-1.18621421,0.00006104
-1.18589421,0.00006104
-1.18557421,0.00006104
-1.18525421,0.00006104
-1.18493421,0.00006104
-1.18461421,0.00006104
-1.18429421,0.00006104
-1.18397421,0.00006104
-1.18365421,0.00006104
-1.18333421,0.00006104
-1.18301421,0.00006104
-1.18269421,0.00006104
-1.18237421,0.00006104
-1.18205421,0.00006104
-1.18173421,0.00006104
-1.18141421,0.00006104
-1.18109421,0.00006104
-1.18077421,0.00006104
-1.18045421,0.00006104
-1.18013421,0.00006104
-1.17981421,0.00006104
-1.17949421,0.00006104
-1.17917421,0.00006104
-1.17885421,0.00006104
-1.17853421,0.00006104
-1.17821421,0.00006104
-1.17789421,0.00006104
-1.17757421,0.00006104
-1.17725421,0.00006104
-1.17693421,0.00006104
-1.17661421,0.00006104
-1.17629421,0.00006104
-1.17597421,0.00006104
-1.17565421,0.00006104
-1.17533421,0.00006104
-1.17501421,0.00006104
-1.17469421,0.00006104
-1.17437421,0.00006104
-1.17405421,0.00006104
-1.17373421,-0.01770074
-1.17341421,0.00006104
-1.17309421,0.00006104
-1.17277421,0.00006104
-1.17245421,0.00006104
-1.17213421,0.00006104
-1.17181421,0.00006104
-1.17149421,0.00006104
-1.17117421,0.00006104
-1.17085421,0.00006104
-1.17053421,0.00006104
-1.17021421,0.00006104
-1.16989421,0.00006104
-1.16957421,0.00006104
-1.16925421,0.00006104
-1.16893421,0.00006104
-1.16861421,0.00006104
-1.16829421,0.00006104
-1.16797421,0.00006104
-1.16765421,0.00006104
-1.16733421,0.00006104
-1.16701421,0.00006104
-1.16669421,0.00006104
-1.16637421,-0.01770074
-1.16605421,0.00006104
-1.16573421,-0.01770074
-1.16541421,0.00006104
-1.16509421,0.00006104
-1.16477421,0.00006104
-1.16445421,-0.01770074
-1.16413421,0.00006104
-1.16381421,0.00006104
-1.16349421,0.00006104
-1.16317421,0.00006104
-1.16285421,0.00006104
-1.16253421,0.00006104
-1.16221421,0.00006104
-1.16189421,0.00006104
-1.16157421,0.00006104
-1.16125421,0.00006104
-1.16093421,0.00006104
-1.16061421,0.00006104
-1.16029421,0.00006104
-1.15997421,0.00006104
-1.15965421,0.00006104
-1.15933421,0.00006104
-1.15901421,-0.01770074
-1.15869421,0.00006104
-1.15837421,0.00006104
-1.15805421,0.00006104
-1.15773421,0.00006104
-1.15741421,0.00006104
-1.15709421,0.00006104
-1.15677421,0.00006104
-1.15645421,0.00006104
-1.15613421,-0.01770074
-1.15581421,0.00006104
-1.15549421,0.00006104
-1.15517421,0.00006104
-1.15485421,0.00006104
-1.15453421,0.00006104
-1.15421421,0.00006104
-1.15389421,0.00006104
-1.15357421,0.00006104
-1.15325421,0.00006104
-1.15293421,0.00006104
-1.15261421,0.00006104
-1.15229421,0.00006104
-1.15197421,0.00006104
-1.15165421,0.00006104
-1.15133421,0.00006104
-1.15101421,0.00006104
-1.15069421,0.00006104
-1.15037421,0.00006104
-1.15005421,0.00006104
-1.14973421,0.00006104
-1.14941421,0.00006104
-1.14909421,0.00006104
-1.14877421,0.00006104
-1.14845421,0.00006104
-1.14813421,0.00006104
-1.14781421,0.00006104
-1.14749421,0.00006104
-1.14717421,0.00006104
-1.14685421,0.00006104
-1.14653421,0.00006104
-1.14621421,0.00006104
-1.14589421,0.00006104
-1.14557421,0.00006104
-1.14525421,0.00006104
-1.14493421,0.00006104
-1.14461421,-0.01770074
-1.14429421,0.00006104
-1.14397421,0.00006104
-1.14365421,0.00006104
-1.14333421,0.00006104
-1.14301421,0.00006104
-1.14269421,0.00006104
-1.14237421,0.00006104
-1.14205421,0.00006104
-1.14173421,0.00006104
-1.14141421,0.00006104
-1.14109421,0.00006104
-1.14077421,0.00006104
-1.14045421,-0.01770074
-1.14013421,0.00006104
-1.13981421,0.00006104
-1.13949421,0.00006104
-1.13917421,0.00006104
-1.13885421,0.00006104
-1.13853421,0.00006104
-1.13821421,0.00006104
-1.13789421,0.00006104
-1.13757421,0.00006104
-1.13725421,0.00006104
-1.13693421,0.00006104
-1.13661421,0.00006104
-1.13629421,0.00006104
-1.13597421,0.00006104
-1.13565421,0.00006104
-1.13533421,0.00006104
-1.13501421,0.00006104
-1.13469421,0.00006104
-1.13437421,0.00006104
-1.13405421,0.00006104
-1.13373421,0.00006104
-1.13341421,0.00006104
-1.13309421,-0.01770074
-1.13277421,0.00006104
-1.13245421,0.00006104
-1.13213421,0.00006104
-1.13181421,0.00006104
-1.13149421,0.00006104
-1.13117421,0.00006104
-1.13085421,0.00006104
-1.13053421,0.00006104
-1.13021421,0.00006104
-1.12989421,0.00006104
-1.12957421,0.00006104
-1.12925421,0.00006104
-1.12893421,0.00006104
-1.12861421,0.00006104
-1.12829421,0.00006104
-1.12797421,0.00006104
-1.12765421,0.00006104
-1.12733421,0.00006104
-1.12701421,0.00006104
-1.12669421,0.00006104
-1.12637421,0.00006104
-1.12605421,0.00006104
-1.12573421,0.00006104
-1.12541421,0.00006104
-1.12509421,0.00006104
-1.12477421,0.00006104
-1.12445421,0.00006104
-1.12413421,0.00006104
-1.12381421,0.00006104
-1.12349421,0.00006104
-1.12317421,0.00006104
-1.12285421,0.00006104
-1.12253421,0.00006104
-1.12221421,0.00006104
-1.12189421,0.00006104
-1.12157421,0.00006104
-1.12125421,0.00006104
-1.12093421,0.00006104
-1.12061421,0.00006104
-1.12029421,0.00006104
-1.11997421,0.00006104
-1.11965421,0.00006104
-1.11933421,0.00006104
-1.11901421,-0.01770074
-1.11869421,-0.01770074
-1.11837421,0.00006104
-1.11805421,0.00006104
-1.11773421,0.00006104
-1.11741421,0.00006104
-1.11709421,0.00006104
-1.11677421,0.00006104
-1.11645421,0.00006104
-1.11613421,0.00006104
-1.11581421,0.00006104
-1.11549421,0.00006104
-1.11517421,0.00006104
-1.11485421,0.00006104
-1.11453421,0.00006104
-1.11421421,0.00006104
-1.11389421,0.00006104
-1.11357421,0.00006104
-1.11325421,0.00006104
-1.11293421,0.00006104
-1.11261421,0.00006104
-1.11229421,0.00006104
-1.11197421,0.00006104
-1.11165421,0.00006104
-1.11133421,0.00006104
-1.11101421,0.00006104
-1.11069421,0.00006104
-1.11037421,0.00006104
-1.11005421,0.00006104
-1.10973421,0.00006104
-1.10941421,0.00006104
-1.10909421,0.00006104
-1.10877421,0.00006104
-1.10845421,0.00006104
-1.10813421,0.00006104
-1.10781421,0.00006104
-1.10749421,0.00006104
-1.10717421,0.00006104
-1.10685421,0.00006104
-1.10653421,0.00006104
-1.10621421,0.00006104
-1.10589421,0.00006104
-1.10557421,0.00006104
-1.10525421,0.00006104
-1.10493421,0.00006104
-1.10461421,0.00006104
-1.10429421,-0.01770074
-1.10397421,0.00006104
-1.10365421,0.00006104
-1.10333421,0.00006104
-1.10301421,0.00006104
-1.10269421,0.00006104
-1.10237421,0.00006104
-1.10205421,0.00006104
-1.10173421,0.00006104
-1.10141421,0.00006104
-1.10109421,0.00006104
-1.10077421,0.00006104
-1.10045421,0.00006104
-1.10013421,0.00006104
-1.09981421,0.00006104
-1.09949421,0.00006104
-1.09917421,0.00006104
-1.09885421,0.00006104
-1.09853421,0.00006104
-1.09821421,0.00006104
-1.09789421,0.00006104
-1.09757421,0.00006104
-1.09725421,0.00006104
-1.09693421,0.00006104
-1.09661421,0.00006104
-1.09629421,0.00006104
-1.09597421,0.00006104
-1.09565421,0.00006104
-1.09533421,-0.01770074
-1.09501421,0.00006104
-1.09469421,0.00006104
-1.09437421,0.00006104
-1.09405421,0.00006104
-1.09373421,0.00006104
-1.09341421,0.00006104
-1.09309421,0.00006104
-1.09277421,0.00006104
-1.09245421,0.00006104
-1.09213421,0.00006104
-1.09181421,0.00006104
-1.09149421,0.00006104
-1.09117421,0.00006104
-1.09085421,0.00006104
-1.09053421,0.00006104
-1.09021421,0.00006104
-1.08989421,0.00006104
-1.08957421,0.00006104
-1.08925421,0.00006104
-1.08893421,0.00006104
-1.08861421,0.00006104
-1.08829421,0.00006104
-1.08797421,0.00006104
-1.08765421,0.00006104
-1.08733421,0.00006104
-1.08701421,0.00006104
-1.08669421,0.00006104
-1.08637421,0.00006104
-1.08605421,-0.01770074
-1.08573421,0.00006104
-1.08541421,0.00006104
-1.08509421,0.00006104
-1.08477421,0.00006104
-1.08445421,0.00006104
-1.08413421,0.00006104
-1.08381421,0.00006104
-1.08349421,0.00006104
-1.08317421,0.00006104
-1.08285421,0.00006104
-1.08253421,0.00006104
-1.08221421,0.00006104
-1.08189421,0.00006104
-1.08157421,0.00006104
-1.08125421,0.00006104
-1.08093421,0.00006104
-1.08061421,0.00006104
-1.08029421,0.00006104
-1.07997421,0.00006104
-1.07965421,0.00006104
-1.07933421,0.00006104
-1.07901421,0.00006104
-1.07869421,0.00006104
-1.07837421,0.00006104
-1.07805421,-0.01770074
-1.07773421,0.00006104
-1.07741421,0.00006104
-1.07709421,0.00006104
-1.07677421,0.00006104
-1.07645421,0.00006104
-1.07613421,0.00006104
-1.07581421,0.00006104
-1.07549421,0.00006104
-1.07517421,0.00006104
-1.07485421,0.00006104
-1.07453421,0.00006104
-1.07421421,0.00006104
-1.07389421,0.00006104
-1.07357421,0.00006104
-1.07325421,0.00006104
-1.07293421,0.00006104
-1.07261421,0.00006104
-1.07229421,0.00006104
-1.07197421,0.00006104
-1.07165421,0.00006104
-1.07133421,0.00006104
-1.07101421,-0.01770074
-1.07069421,0.00006104
-1.07037421,0.00006104
-1.07005421,0.00006104
-1.06973421,0.00006104
-1.06941421,0.00006104
-1.06909421,0.00006104
-1.06877421,0.00006104
-1.06845421,0.00006104
-1.06813421,0.00006104
-1.06781421,0.00006104
-1.06749421,0.00006104
-1.06717421,0.00006104
-1.06685421,0.00006104
-1.06653421,0.00006104
-1.06621421,0.00006104
-1.06589421,0.00006104
-1.06557421,0.00006104
-1.06525421,0.00006104
-1.06493421,0.00006104
-1.06461421,0.00006104
-1.06429421,0.00006104
-1.06397421,0.00006104
-1.06365421,0.00006104
-1.06333421,0.00006104
-1.06301421,0.00006104
-1.06269421,0.00006104
-1.06237421,0.00006104
-1.06205421,0.00006104
-1.06173421,0.00006104
-1.06141421,0.00006104
-1.06109421,0.00006104
-1.06077421,0.00006104
-1.06045421,0.00006104
-1.06013421,0.00006104
-1.05981421,0.00006104
-1.05949421,0.00006104
-1.05917421,0.00006104
-1.05885421,0.00006104
-1.05853421,0.00006104
-1.05821421,0.00006104
-1.05789421,0.00006104
-1.05757421,0.00006104
-1.05725421,0.00006104
-1.05693421,0.00006104
-1.05661421,-0.01770074
-1.05629421,-0.01770074
-1.05597421,0.00006104
-1.05565421,0.00006104
-1.05533421,0.00006104
-1.05501421,0.00006104
-1.05469421,0.00006104
-1.05437421,0.00006104
-1.05405421,0.00006104
-1.05373421,0.00006104
-1.05341421,0.00006104
-1.05309421,0.00006104
-1.05277421,-0.01770074
-1.05245421,0.00006104
-1.05213421,0.00006104
-1.05181421,0.00006104
-1.05149421,0.00006104
-1.05117421,0.00006104
-1.05085421,0.00006104
-1.05053421,0.00006104
-1.05021421,0.00006104
-1.04989421,0.00006104
-1.04957421,0.00006104
-1.04925421,0.00006104
-1.04893421,0.00006104
-1.04861421,0.00006104
-1.04829421,0.00006104
-1.04797421,0.00006104
-1.04765421,0.00006104
-1.04733421,0.00006104
-1.04701421,0.00006104
-1.04669421,0.00006104
-1.04637421,0.00006104
-1.04605421,0.00006104
-1.04573421,0.00006104
-1.04541421,0.00006104
-1.04509421,0.00006104
-1.04477421,0.00006104
-1.04445421,0.00006104
-1.04413421,0.00006104
-1.04381421,0.00006104
-1.04349421,0.00006104
-1.04317421,0.00006104
-1.04285421,0.00006104
-1.04253421,0.00006104
-1.04221421,0.00006104
-1.04189421,0.00006104
-1.04157421,0.00006104
-1.04125421,0.00006104
-1.04093421,0.00006104
-1.04061421,0.00006104
-1.04029421,0.00006104
-1.03997421,0.00006104
-1.03965421,0.00006104
-1.03933421,0.00006104
-1.03901421,0.00006104
-1.03869421,0.00006104
-1.03837421,0.00006104
-1.03805421,0.00006104
-1.03773421,0.00006104
-1.03741421,0.00006104
-1.03709421,0.00006104
-1.03677421,0.00006104
-1.03645421,0.00006104
-1.03613421,0.00006104
-1.03581421,0.00006104
-1.03549421,0.00006104
-1.03517421,0.00006104
-1.03485421,0.00006104
-1.03453421,0.00006104
-1.03421421,0.00006104
-1.03389421,0.00006104
-1.03357421,0.00006104
-1.03325421,0.00006104
-1.03293421,0.00006104
-1.03261421,0.00006104
-1.03229421,0.00006104
-1.03197421,0.00006104
-1.03165421,0.00006104
-1.03133421,0.00006104
-1.03101421,0.00006104
-1.03069421,0.00006104
-1.03037421,0.00006104
-1.03005421,0.00006104
-1.02973421,0.00006104
-1.02941421,0.00006104
-1.02909421,0.00006104
-1.02877421,0.00006104
-1.02845421,0.00006104
-1.02813421,0.00006104
-1.02781421,0.00006104
-1.02749421,0.00006104
-1.02717421,0.00006104
-1.02685421,0.00006104
-1.02653421,0.00006104
-1.02621421,0.00006104
-1.02589421,0.00006104
-1.02557421,0.00006104
-1.02525421,0.00006104
-1.02493421,0.00006104
-1.02461421,0.00006104
-1.02429421,0.00006104
-1.02397421,0.00006104
-1.02365421,0.00006104
-1.02333421,0.00006104
-1.02301421,0.00006104
-1.02269421,0.00006104
-1.02237421,0.00006104
-1.02205421,0.00006104
-1.02173421,0.00006104
-1.02141421,0.00006104
-1.02109421,0.00006104
-1.02077421,0.00006104
-1.02045421,0.00006104
-1.02013421,0.00006104
-1.01981421,0.00006104
-1.01949421,0.00006104
-1.01917421,0.00006104
-1.01885421,0.00006104
-1.01853421,0.00006104
-1.01821421,0.00006104
-1.01789421,0.00006104
-1.01757421,0.00006104
-1.01725421,0.00006104
-1.01693421,0.00006104
-1.01661421,0.00006104
-1.01629421,0.00006104
-1.01597421,0.00006104
-1.01565421,0.00006104
-1.01533421,0.00006104
-1.01501421,0.00006104
-1.01469421,0.00006104
-1.01437421,0.00006104
-1.01405421,0.00006104
-1.01373421,0.00006104
-1.01341421,0.00006104
-1.01309421,0.00006104
-1.01277421,0.00006104
-1.01245421,0.00006104
-1.01213421,0.00006104
-1.01181421,0.00006104
-1.01149421,0.00006104
-1.01117421,0.00006104
-1.01085421,0.00006104
-1.01053421,0.00006104
-1.01021421,0.00006104
-1.00989421,0.00006104
-1.00957421,0.00006104
-1.00925421,0.00006104
-1.00893421,0.00006104
-1.00861421,0.00006104
-1.00829421,0.00006104
-1.00797421,0.00006104
-1.00765421,0.00006104
-1.00733421,0.00006104
-1.00701421,0.00006104
-1.00669421,0.00006104
-1.00637421,0.00006104
-1.00605421,-0.01770074
-1.00573421,0.00006104
-1.00541421,-0.01770074
-1.00509421,0.00006104
-1.00477421,0.00006104
-1.00445421,0.00006104
-1.00413421,0.00006104
-1.00381421,1.76232183
-1.00349421,-0.12451552
-1.00317421,-0.55171359
-1.00285421,-0.28473771
-1.00253421,-0.05334635
-1.00221421,0.01788385
-1.00189421,0.01788385
-1.00157421,-0.01770074
-1.00125421,-0.01770074
-1.00093421,-0.05334635
-1.00061421,-0.96114993
-1.00029421,-0.74758142
-0.99997421,-0.51612902
-0.99965421,-0.17792290
-0.99933421,-0.12451552
-0.99901421,-0.05334635
-0.99869421,0.01788385
-0.99837421,0.03570665
-0.99805421,0.01788385
-0.99773421,0.01788385
-0.99741421,0.01788385
-0.99709421,0.01788385
-0.99677421,0.03570665
-0.99645421,0.03570665
-0.99613421,0.03570665
-0.99581421,0.03570665
-0.99549421,0.01788385
-0.99517421,0.00006104
-0.99485421,0.00006104
-0.99453421,0.01788385
-0.99421421,0.01788385
-0.99389421,0.03570665
-0.99357421,0.07129124
-0.99325421,0.05346843
-0.99293421,0.07129124
-0.99261421,0.05346843
-0.99229421,0.05346843
-0.99197421,0.05346843
-0.99165421,0.03570665
-0.99133421,0.05346843
-0.99101421,0.08911405
-0.99069421,0.07129124
-0.99037421,0.03570665
-0.99005421,0.03570665
-0.98973421,0.03570665
-0.98941421,0.01788385
-0.98909421,0.00006104
-0.98877421,-0.01770074
-0.98845421,-0.03552354
-0.98813421,-0.03552354
-0.98781421,0.01788385
-0.98749421,0.00006104
-0.98717421,-0.01770074
-0.98685421,0.05346843
-0.98653421,0.00006104
-0.98621421,-0.03552354
-0.98589421,0.01788385
-0.98557421,-0.01770074
-0.98525421,0.00006104
-0.98493421,0.05346843
-0.98461421,0.01788385
-0.98429421,0.01788385
-0.98397421,0.03570665
-0.98365421,0.03570665
-0.98333421,0.01788385
-0.98301421,0.01788385
-0.98269421,0.01788385
-0.98237421,0.01788385
-0.98205421,0.01788385
-0.98173421,0.03570665
-0.98141421,0.01788385
-0.98109421,-0.01770074
-0.98077421,0.01788385
-0.98045421,0.01788385
-0.98013421,0.01788385
-0.97981421,0.01788385
-0.97949421,0.00006104
-0.97917421,0.00006104
-0.97885421,0.01788385
-0.97853421,0.01788385
-0.97821421,0.00006104
-0.97789421,0.01788385
-0.97757421,0.01788385
-0.97725421,0.00006104
-0.97693421,0.01788385
-0.97661421,0.00006104
-0.97629421,0.01788385
-0.97597421,0.01788385
-0.97565421,0.00006104
-0.97533421,0.00006104
-0.97501421,0.01788385
-0.97469421,0.01788385
-0.97437421,0.01788385
-0.97405421,0.01788385
-0.97373421,0.00006104
-0.97341421,0.00006104
-0.97309421,0.00006104
-0.97277421,-0.01770074
-0.97245421,0.00006104
-0.97213421,0.00006104
-0.97181421,0.00006104
-0.97149421,0.00006104
-0.97117421,0.01788385
-0.97085421,0.00006104
-0.97053421,0.01788385
-0.97021421,0.01788385
-0.96989421,0.00006104
-0.96957421,0.00006104
-0.96925421,0.01788385
-0.96893421,0.01788385
-0.96861421,0.00006104
-0.96829421,0.01788385
-0.96797421,0.00006104
-0.96765421,0.00006104
-0.96733421,0.00006104
-0.96701421,-0.01770074
-0.96669421,0.00006104
-0.96637421,0.00006104
-0.96605421,0.00006104
-0.96573421,0.00006104
-0.96541421,0.00006104
-0.96509421,0.00006104
-0.96477421,0.01788385
-0.96445421,0.00006104
-0.96413421,0.00006104
-0.96381421,0.01788385
-0.96349421,0.00006104
-0.96317421,0.00006104
-0.96285421,0.00006104
-0.96253421,0.00006104
-0.96221421,0.00006104
-0.96189421,0.00006104
-0.96157421,0.00006104
-0.96125421,-0.01770074
-0.96093421,0.00006104
-0.96061421,0.00006104
-0.96029421,0.00006104
-0.95997421,0.00006104
-0.95965421,0.00006104
-0.95933421,0.00006104
-0.95901421,0.00006104
-0.95869421,0.00006104
-0.95837421,0.00006104
-0.95805421,0.01788385
-0.95773421,0.00006104
-0.95741421,0.00006104
-0.95709421,0.00006104
-0.95677421,0.00006104
-0.95645421,0.00006104
-0.95613421,0.00006104
-0.95581421,0.00006104
-0.95549421,0.00006104
-0.95517421,0.00006104
-0.95485421,-0.01770074
-0.95453421,-0.01770074
-0.95421421,0.00006104
-0.95389421,-0.01770074
-0.95357421,0.00006104
-0.95325421,0.00006104
-0.95293421,0.00006104
-0.95261421,0.00006104
-0.95229421,0.00006104
-0.95197421,0.00006104
-0.95165421,0.00006104
-0.95133421,0.00006104
-0.95101421,0.00006104
-0.95069421,0.01788385
-0.95037421,0.01788385
-0.95005421,0.00006104
-0.94973421,0.00006104
-0.94941421,0.00006104
-0.94909421,0.00006104
-0.94877421,0.00006104
-0.94845421,0.00006104
-0.94813421,0.00006104
-0.94781421,0.00006104
-0.94749421,0.00006104
-0.94717421,0.00006104
-0.94685421,0.00006104
-0.94653421,0.00006104
-0.94621421,0.00006104
-0.94589421,0.00006104
-0.94557421,0.00006104
-0.94525421,0.00006104
-0.94493421,0.00006104
-0.94461421,0.00006104
-0.94429421,0.00006104
-0.94397421,0.00006104
-0.94365421,0.00006104
-0.94333421,0.00006104
-0.94301421,0.00006104
-0.94269421,0.00006104
-0.94237421,0.00006104
-0.94205421,0.00006104
-0.94173421,0.00006104
-0.94141421,0.00006104
-0.94109421,0.00006104
-0.94077421,0.00006104
-0.94045421,0.00006104
-0.94013421,0.00006104
-0.93981421,0.00006104
-0.93949421,-0.01770074
-0.93917421,0.00006104
-0.93885421,0.00006104
-0.93853421,0.00006104
-0.93821421,0.00006104
-0.93789421,0.00006104
-0.93757421,0.00006104
-0.93725421,0.00006104
-0.93693421,0.00006104
-0.93661421,0.00006104
-0.93629421,0.00006104
-0.93597421,-0.01770074
-0.93565421,0.00006104
-0.93533421,0.00006104
-0.93501421,0.00006104
-0.93469421,0.00006104
-0.93437421,0.00006104
-0.93405421,0.00006104
-0.93373421,0.00006104
-0.93341421,0.00006104
-0.93309421,0.00006104
-0.93277421,0.00006104
-0.93245421,0.00006104
-0.93213421,0.00006104
-0.93181421,0.00006104
-0.93149421,0.00006104
-0.93117421,0.00006104
-0.93085421,0.00006104
-0.93053421,0.00006104
-0.93021421,0.00006104
-0.92989421,0.00006104
-0.92957421,0.00006104
-0.92925421,0.00006104
-0.92893421,0.00006104
-0.92861421,0.00006104
-0.92829421,0.00006104
-0.92797421,0.00006104
-0.92765421,0.00006104
-0.92733421,0.00006104
-0.92701421,0.00006104
-0.92669421,0.00006104
-0.92637421,0.00006104
-0.92605421,0.00006104
-0.92573421,0.00006104
-0.92541421,0.00006104
-0.92509421,0.00006104
-0.92477421,0.00006104
-0.92445421,0.00006104
-0.92413421,0.00006104
-0.92381421,0.00006104
-0.92349421,0.00006104
-0.92317421,0.00006104
-0.92285421,0.00006104
-0.92253421,-0.01770074
-0.92221421,0.00006104
-0.92189421,0.00006104
-0.92157421,0.00006104
-0.92125421,0.00006104
-0.92093421,0.00006104
-0.92061421,0.00006104
-0.92029421,0.00006104
-0.91997421,-0.01770074
-0.91965421,0.00006104
-0.91933421,0.00006104
-0.91901421,0.00006104
-0.91869421,0.00006104
-0.91837421,0.00006104
-0.91805421,0.00006104
-0.91773421,0.00006104
-0.91741421,0.00006104
-0.91709421,0.00006104
-0.91677421,0.00006104
-0.91645421,0.00006104
-0.91613421,0.00006104
-0.91581421,0.00006104
-0.91549421,0.00006104
-0.91517421,0.00006104
-0.91485421,0.00006104
-0.91453421,0.00006104
-0.91421421,0.00006104
-0.91389421,0.00006104
-0.91357421,0.00006104
-0.91325421,0.00006104
-0.91293421,0.00006104
-0.91261421,-0.01770074
-0.91229421,0.00006104
-0.91197421,0.00006104
-0.91165421,0.00006104
-0.91133421,0.00006104
-0.91101421,0.00006104
-0.91069421,0.00006104
-0.91037421,0.00006104
-0.91005421,0.00006104
-0.90973421,-0.01770074
-0.90941421,0.00006104
-0.90909421,0.00006104
-0.90877421,0.00006104
-0.90845421,0.00006104
-0.90813421,0.00006104
-0.90781421,0.00006104
-0.90749421,0.00006104
-0.90717421,0.00006104
-0.90685421,0.00006104
-0.90653421,0.00006104
-0.90621421,0.00006104
-0.90589421,0.00006104
-0.90557421,0.00006104
-0.90525421,0.00006104
-0.90493421,0.00006104
-0.90461421,0.00006104
-0.90429421,0.00006104
-0.90397421,-0.01770074
-0.90365421,0.00006104
-0.90333421,0.00006104
-0.90301421,0.00006104
-0.90269421,0.00006104
-0.90237421,0.00006104
-0.90205421,0.00006104
-0.90173421,0.00006104
-0.90141421,-0.01770074
-0.90109421,0.00006104
-0.90077421,0.00006104
-0.90045421,0.00006104
-0.90013421,0.00006104
-0.89981421,0.00006104
-0.89949421,0.00006104
-0.89917421,0.00006104
-0.89885421,0.00006104
-0.89853421,0.00006104
-0.89821421,0.00006104
-0.89789421,0.00006104
-0.89757421,0.00006104
-0.89725421,0.00006104
-0.89693421,0.00006104
-0.89661421,0.00006104
-0.89629421,0.00006104
-0.89597421,0.00006104
-0.89565421,0.00006104
-0.89533421,-0.01770074
-0.89501421,0.00006104
-0.89469421,0.00006104
-0.89437421,-0.01770074
-0.89405421,0.00006104
-0.89373421,0.00006104
-0.89341421,0.00006104
-0.89309421,0.00006104
-0.89277421,0.00006104
-0.89245421,0.00006104
-0.89213421,-0.01770074
-0.89181421,0.00006104
-0.89149421,-0.01770074
-0.89117421,0.00006104
-0.89085421,0.00006104
-0.89053421,-0.01770074
-0.89021421,0.00006104
-0.88989421,0.00006104
-0.88957421,0.00006104
-0.88925421,0.00006104
-0.88893421,0.00006104
-0.88861421,0.00006104
-0.88829421,0.00006104
-0.88797421,0.00006104
-0.88765421,0.00006104
-0.88733421,0.00006104
-0.88701421,0.00006104
-0.88669421,0.00006104
-0.88637421,0.00006104
-0.88605421,-0.01770074
-0.88573421,0.00006104
-0.88541421,0.00006104
-0.88509421,0.00006104
-0.88477421,0.00006104
-0.88445421,0.00006104
-0.88413421,0.00006104
-0.88381421,0.00006104
-0.88349421,0.00006104
-0.88317421,0.00006104
-0.88285421,0.00006104
-0.88253421,0.00006104
-0.88221421,0.00006104
-0.88189421,0.00006104
-0.88157421,0.00006104
-0.88125421,0.00006104
-0.88093421,0.00006104
-0.88061421,0.00006104
-0.88029421,0.00006104
-0.87997421,0.00006104
-0.87965421,0.00006104
-0.87933421,0.00006104
-0.87901421,0.00006104
-0.87869421,0.00006104
-0.87837421,0.00006104
-0.87805421,0.00006104
-0.87773421,0.00006104
-0.87741421,0.00006104
-0.87709421,0.00006104
-0.87677421,0.00006104
-0.87645421,0.00006104
-0.87613421,0.00006104
-0.87581421,0.00006104
-0.87549421,0.00006104
-0.87517421,0.00006104
-0.87485421,0.00006104
-0.87453421,0.00006104
-0.87421421,0.00006104
-0.87389421,0.00006104
-0.87357421,0.00006104
-0.87325421,0.00006104
-0.87293421,0.00006104
-0.87261421,0.00006104
-0.87229421,0.00006104
-0.87197421,0.00006104
-0.87165421,0.00006104
-0.87133421,0.00006104
-0.87101421,0.00006104
-0.87069421,0.00006104
-0.87037421,0.00006104
-0.87005421,0.00006104
-0.86973421,0.00006104
-0.86941421,0.00006104
-0.86909421,0.00006104
-0.86877421,0.00006104
-0.86845421,0.00006104
-0.86813421,0.00006104
-0.86781421,0.00006104
-0.86749421,0.00006104
-0.86717421,0.00006104
-0.86685421,0.00006104
-0.86653421,0.00006104
-0.86621421,0.00006104
-0.86589421,0.00006104
-0.86557421,0.00006104
-0.86525421,0.00006104
-0.86493421,0.00006104
-0.86461421,0.00006104
-0.86429421,0.00006104
-0.86397421,0.00006104
-0.86365421,0.00006104
-0.86333421,0.00006104
-0.86301421,0.00006104
-0.86269421,0.00006104
-0.86237421,0.00006104
-0.86205421,0.00006104
-0.86173421,0.00006104
-0.86141421,0.00006104
-0.86109421,0.00006104
-0.86077421,0.00006104
-0.86045421,-0.01770074
-0.86013421,0.00006104
-0.85981421,-0.01770074
-0.85949421,0.00006104
-0.85917421,0.00006104
-0.85885421,0.00006104
-0.85853421,0.00006104
-0.85821421,0.00006104
-0.85789421,0.00006104
-0.85757421,0.00006104
-0.85725421,0.00006104
-0.85693421,0.00006104
-0.85661421,0.00006104
-0.85629421,0.00006104
-0.85597421,0.00006104
-0.85565421,0.00006104
-0.85533421,0.00006104
-0.85501421,0.00006104
-0.85469421,0.00006104
-0.85437421,0.00006104
-0.85405421,0.00006104
-0.85373421,0.00006104
-0.85341421,0.00006104
-0.85309421,0.00006104
-0.85277421,0.00006104
-0.85245421,0.00006104
-0.85213421,0.00006104
-0.85181421,0.00006104
-0.85149421,-0.01770074
-0.85117421,-0.01770074
-0.85085421,0.00006104
-0.85053421,0.00006104
-0.85021421,0.00006104
-0.84989421,0.00006104
-0.84957421,-0.01770074
-0.84925421,0.00006104
-0.84893421,-0.01770074
-0.84861421,0.00006104
-0.84829421,0.00006104
-0.84797421,0.00006104
-0.84765421,0.00006104
-0.84733421,0.00006104
-0.84701421,0.00006104
-0.84669421,0.00006104
-0.84637421,0.00006104
-0.84605421,0.00006104
-0.84573421,0.00006104
-0.84541421,0.00006104
-0.84509421,0.00006104
-0.84477421,-0.01770074
-0.84445421,0.00006104
-0.84413421,0.00006104
-0.84381421,0.00006104
-0.84349421,0.00006104
-0.84317421,0.00006104
-0.84285421,0.00006104
-0.84253421,0.00006104
-0.84221421,0.00006104
-0.84189421,0.00006104
-0.84157421,0.00006104
-0.84125421,0.00006104
-0.84093421,0.00006104
-0.84061421,0.00006104
-0.84029421,0.00006104
-0.83997421,0.00006104
-0.83965421,0.00006104
-0.83933421,0.00006104
-0.83901421,0.00006104
-0.83869421,0.00006104
-0.83837421,0.00006104
-0.83805421,0.00006104
-0.83773421,0.00006104
-0.83741421,0.00006104
-0.83709421,0.00006104
-0.83677421,0.00006104
-0.83645421,0.00006104
-0.83613421,0.00006104
-0.83581421,0.00006104
-0.83549421,0.00006104
-0.83517421,0.00006104
-0.83485421,0.00006104
-0.83453421,0.00006104
-0.83421421,0.00006104
-0.83389421,0.00006104
-0.83357421,0.00006104
-0.83325421,0.00006104
-0.83293421,0.00006104
-0.83261421,0.00006104
-0.83229421,0.00006104
-0.83197421,0.00006104
-0.83165421,0.00006104
-0.83133421,0.00006104
-0.83101421,-0.01770074
-0.83069421,-0.01770074
-0.83037421,-0.01770074
-0.83005421,0.00006104
-0.82973421,-0.01770074
-0.82941421,0.00006104
-0.82909421,0.00006104
-0.82877421,0.00006104
-0.82845421,0.00006104
-0.82813421,0.00006104
-0.82781421,0.00006104
-0.82749421,0.00006104
-0.82717421,0.00006104
-0.82685421,0.00006104
-0.82653421,0.00006104
-0.82621421,0.00006104
-0.82589421,0.00006104
-0.82557421,0.00006104
-0.82525421,0.00006104
-0.82493421,0.00006104
-0.82461421,0.00006104
-0.82429421,0.00006104
-0.82397421,0.00006104
-0.82365421,0.00006104
-0.82333421,0.00006104
-0.82301421,0.00006104
-0.82269421,0.00006104
-0.82237421,0.00006104
-0.82205421,0.00006104
-0.82173421,0.00006104
-0.82141421,0.00006104
-0.82109421,0.00006104
-0.82077421,0.00006104
-0.82045421,-0.01770074
-0.82013421,0.00006104
-0.81981421,-0.01770074
-0.81949421,0.00006104
-0.81917421,-0.01770074
-0.81885421,0.00006104
-0.81853421,0.00006104
-0.81821421,0.00006104
-0.81789421,0.00006104
-0.81757421,0.00006104
-0.81725421,0.00006104
-0.81693421,0.00006104
-0.81661421,0.00006104
-0.81629421,0.00006104
-0.81597421,0.00006104
-0.81565421,0.00006104
-0.81533421,0.00006104
-0.81501421,0.00006104
-0.81469421,0.00006104
-0.81437421,0.00006104
-0.81405421,0.00006104
-0.81373421,-0.01770074
-0.81341421,0.00006104
-0.81309421,0.00006104
-0.81277421,0.00006104
-0.81245421,0.00006104
-0.81213421,0.00006104
-0.81181421,0.00006104
-0.81149421,0.00006104
-0.81117421,0.00006104
-0.81085421,0.00006104
-0.81053421,0.00006104
-0.81021421,0.00006104
-0.80989421,0.00006104
-0.80957421,0.00006104
-0.80925421,0.00006104
-0.80893421,0.00006104
-0.80861421,0.00006104
-0.80829421,0.00006104
-0.80797421,0.00006104
-0.80765421,0.00006104
-0.80733421,0.00006104
-0.80701421,0.00006104
-0.80669421,0.00006104
-0.80637421,0.00006104
-0.80605421,0.00006104
-0.80573421,0.00006104
-0.80541421,0.00006104
-0.80509421,0.00006104
-0.80477421,0.00006104
-0.80445421,0.00006104
-0.80413421,0.00006104
-0.80381421,0.00006104
-0.80349421,-0.01770074
-0.80317421,0.00006104
-0.80285421,0.00006104
-0.80253421,0.00006104
-0.80221421,-0.01770074
-0.80189421,0.00006104
-0.80157421,0.00006104
-0.80125421,-0.01770074
-0.80093421,0.00006104
-0.80061421,0.00006104
-0.80029421,0.00006104
-0.79997421,0.00006104
-0.79965421,0.00006104
-0.79933421,0.00006104
-0.79901421,0.00006104
-0.79869421,0.00006104
-0.79837421,-0.01770074
-0.79805421,0.00006104
-0.79773421,0.00006104
-0.79741421,0.00006104
-0.79709421,0.00006104
-0.79677421,0.00006104
-0.79645421,0.00006104
-0.79613421,0.00006104
-0.79581421,0.00006104
-0.79549421,0.00006104
-0.79517421,0.00006104
-0.79485421,0.00006104
-0.79453421,0.00006104
-0.79421421,0.00006104
-0.79389421,0.00006104
-0.79357421,0.00006104
-0.79325421,0.00006104
-0.79293421,0.00006104
-0.79261421,0.00006104
-0.79229421,0.00006104
-0.79197421,0.00006104
-0.79165421,0.00006104
-0.79133421,0.00006104
-0.79101421,0.00006104
-0.79069421,0.00006104
-0.79037421,0.00006104
-0.79005421,0.00006104
-0.78973421,0.00006104
-0.78941421,0.00006104
-0.78909421,0.00006104
-0.78877421,0.00006104
-0.78845421,-0.01770074
-0.78813421,-0.01770074
-0.78781421,0.00006104
-0.78749421,0.00006104
-0.78717421,-0.01770074
-0.78685421,0.00006104
-0.78653421,0.00006104
-0.78621421,0.00006104
-0.78589421,0.00006104
-0.78557421,-0.01770074
-0.78525421,0.00006104
-0.78493421,0.00006104
-0.78461421,0.00006104
-0.78429421,0.00006104
-0.78397421,0.00006104
-0.78365421,0.00006104
-0.78333421,-0.01770074
-0.78301421,0.00006104
-0.78269421,0.00006104
-0.78237421,0.00006104
-0.78205421,0.00006104
-0.78173421,0.00006104
-0.78141421,0.00006104
-0.78109421,0.00006104
-0.78077421,0.00006104
-0.78045421,0.00006104
-0.78013421,0.00006104
-0.77981421,0.00006104
-0.77949421,0.00006104
-0.77917421,0.00006104
-0.77885421,0.00006104
-0.77853421,0.00006104
-0.77821421,0.00006104
-0.77789421,0.00006104
-0.77757421,0.00006104
-0.77725421,0.00006104
-0.77693421,0.00006104
-0.77661421,0.00006104
-0.77629421,0.00006104
-0.77597421,-0.01770074
-0.77565421,0.00006104
-0.77533421,0.00006104
-0.77501421,-0.01770074
-0.77469421,0.00006104
-0.77437421,0.00006104
-0.77405421,-0.01770074
-0.77373421,0.00006104
-0.77341421,0.00006104
-0.77309421,0.00006104
-0.77277421,0.00006104
-0.77245421,0.00006104
-0.77213421,0.00006104
-0.77181421,-0.01770074
-0.77149421,0.00006104
-0.77117421,0.00006104
-0.77085421,0.00006104
-0.77053421,-0.01770074
-0.77021421,0.00006104
-0.76989421,0.00006104
-0.76957421,0.00006104
-0.76925421,0.00006104
-0.76893421,0.00006104
-0.76861421,0.00006104
-0.76829421,0.00006104
-0.76797421,0.00006104
-0.76765421,-0.01770074
-0.76733421,0.00006104
-0.76701421,0.00006104
-0.76669421,0.00006104
-0.76637421,-0.01770074
-0.76605421,0.00006104
-0.76573421,-0.01770074
-0.76541421,0.00006104
-0.76509421,0.00006104
-0.76477421,0.00006104
-0.76445421,0.00006104
-0.76413421,0.00006104
-0.76381421,0.00006104
-0.76349421,0.00006104
-0.76317421,0.00006104
-0.76285421,0.00006104
-0.76253421,0.00006104
-0.76221421,0.00006104
-0.76189421,0.00006104
-0.76157421,0.00006104
-0.76125421,0.00006104
-0.76093421,0.00006104
-0.76061421,0.00006104
-0.76029421,0.00006104
-0.75997421,0.00006104
-0.75965421,0.00006104
-0.75933421,0.00006104
-0.75901421,0.00006104
-0.75869421,0.00006104
-0.75837421,0.00006104
-0.75805421,0.00006104
-0.75773421,0.00006104
-0.75741421,0.00006104
-0.75709421,0.00006104
-0.75677421,0.00006104
-0.75645421,0.00006104
-0.75613421,0.00006104
-0.75581421,0.00006104
-0.75549421,0.00006104
-0.75517421,0.00006104
-0.75485421,0.00006104
-0.75453421,0.00006104
-0.75421421,0.00006104
-0.75389421,0.00006104
-0.75357421,0.00006104
-0.75325421,0.00006104
-0.75293421,0.00006104
-0.75261421,0.00006104
-0.75229421,0.00006104
-0.75197421,0.00006104
-0.75165421,0.00006104
-0.75133421,0.00006104
-0.75101421,0.00006104
-0.75069421,0.00006104
-0.75037421,0.00006104
-0.75005421,0.00006104
-0.74973421,0.00006104
-0.74941421,0.00006104
-0.74909421,0.00006104
-0.74877421,0.00006104
-0.74845421,0.00006104
-0.74813421,0.00006104
-0.74781421,0.00006104
-0.74749421,0.00006104
-0.74717421,0.00006104
-0.74685421,0.00006104
-0.74653421,0.00006104
-0.74621421,-0.01770074
-0.74589421,0.00006104
-0.74557421,0.00006104
-0.74525421,0.00006104
-0.74493421,-0.01770074
-0.74461421,0.00006104
-0.74429421,0.00006104
-0.74397421,0.00006104
-0.74365421,0.00006104
-0.74333421,0.00006104
-0.74301421,0.00006104
-0.74269421,-0.01770074
-0.74237421,0.00006104
-0.74205421,0.00006104
-0.74173421,0.00006104
-0.74141421,0.00006104
-0.74109421,0.00006104
-0.74077421,0.00006104
-0.74045421,0.00006104
-0.74013421,0.00006104
-0.73981421,0.00006104
-0.73949421,0.00006104
-0.73917421,0.00006104
-0.73885421,0.00006104
-0.73853421,0.00006104
-0.73821421,0.00006104
-0.73789421,0.00006104
-0.73757421,0.00006104
-0.73725421,0.00006104
-0.73693421,0.00006104
-0.73661421,-0.01770074
-0.73629421,0.00006104
-0.73597421,-0.01770074
-0.73565421,-0.01770074
-0.73533421,0.00006104
-0.73501421,-0.01770074
-0.73469421,0.00006104
-0.73437421,0.00006104
-0.73405421,0.00006104
-0.73373421,0.00006104
-0.73341421,0.00006104
-0.73309421,0.00006104
-0.73277421,0.00006104
-0.73245421,0.00006104
-0.73213421,0.00006104
-0.73181421,0.00006104
-0.73149421,0.00006104
-0.73117421,0.00006104
-0.73085421,0.00006104
-0.73053421,0.00006104
-0.73021421,0.00006104
-0.72989421,0.00006104
-0.72957421,0.00006104
-0.72925421,0.00006104
-0.72893421,0.00006104
-0.72861421,0.00006104
-0.72829421,-0.01770074
-0.72797421,-0.01770074
-0.72765421,-0.01770074
-0.72733421,0.00006104
-0.72701421,0.00006104
-0.72669421,0.00006104
-0.72637421,0.00006104
-0.72605421,0.00006104
-0.72573421,0.00006104
-0.72541421,0.00006104
-0.72509421,0.00006104
-0.72477421,0.00006104
-0.72445421,0.00006104
-0.72413421,0.00006104
-0.72381421,0.00006104
-0.72349421,0.00006104
-0.72317421,0.00006104
-0.72285421,0.00006104
-0.72253421,0.00006104
-0.72221421,0.00006104
-0.72189421,-0.01770074
-0.72157421,0.00006104
-0.72125421,0.00006104
-0.72093421,-0.01770074
-0.72061421,0.00006104
-0.72029421,0.00006104
-0.71997421,0.00006104
-0.71965421,-0.01770074
-0.71933421,0.00006104
-0.71901421,0.00006104
-0.71869421,-0.01770074
-0.71837421,0.00006104
-0.71805421,-0.01770074
-0.71773421,0.00006104
-0.71741421,0.00006104
-0.71709421,0.00006104
-0.71677421,0.00006104
-0.71645421,0.00006104
-0.71613421,0.00006104
-0.71581421,0.00006104
-0.71549421,0.00006104
-0.71517421,0.00006104
-0.71485421,0.00006104
-0.71453421,-0.01770074
-0.71421421,0.00006104
-0.71389421,0.00006104
-0.71357421,0.00006104
-0.71325421,-0.01770074
-0.71293421,0.00006104
-0.71261421,0.00006104
-0.71229421,0.00006104
-0.71197421,0.00006104
-0.71165421,0.00006104
-0.71133421,0.00006104
-0.71101421,0.00006104
-0.71069421,0.00006104
-0.71037421,0.00006104
-0.71005421,0.00006104
-0.70973421,0.00006104
-0.70941421,0.00006104
-0.70909421,0.00006104
-0.70877421,0.00006104
-0.70845421,0.00006104
-0.70813421,0.00006104
-0.70781421,0.00006104
-0.70749421,0.00006104
-0.70717421,0.00006104
-0.70685421,0.00006104
-0.70653421,0.00006104
-0.70621421,0.00006104
-0.70589421,0.00006104
-0.70557421,0.00006104
-0.70525421,0.00006104
-0.70493421,0.00006104
-0.70461421,0.00006104
-0.70429421,0.00006104
-0.70397421,0.00006104
-0.70365421,0.00006104
-0.70333421,0.00006104
-0.70301421,-0.01770074
-0.70269421,0.00006104
-0.70237421,0.00006104
-0.70205421,0.00006104
-0.70173421,0.00006104
-0.70141421,0.00006104
-0.70109421,0.00006104
-0.70077421,0.00006104
-0.70045421,0.00006104
-0.70013421,0.00006104
-0.69981421,0.00006104
-0.69949421,0.00006104
-0.69917421,0.00006104
-0.69885421,0.00006104
-0.69853421,0.00006104
-0.69821421,0.00006104
-0.69789421,0.00006104
-0.69757421,0.00006104
-0.69725421,0.00006104
-0.69693421,0.00006104
-0.69661421,0.00006104
-0.69629421,0.00006104
-0.69597421,0.00006104
-0.69565421,0.00006104
-0.69533421,0.00006104
-0.69501421,0.00006104
-0.69469421,-0.01770074
-0.69437421,0.00006104
-0.69405421,0.00006104
-0.69373421,0.00006104
-0.69341421,-0.01770074
-0.69309421,0.00006104
-0.69277421,0.00006104
-0.69245421,0.00006104
-0.69213421,0.00006104
-0.69181421,0.00006104
-0.69149421,0.00006104
-0.69117421,0.00006104
-0.69085421,0.00006104
-0.69053421,0.00006104
-0.69021421,0.00006104
-0.68989421,0.00006104
-0.68957421,0.00006104
-0.68925421,0.00006104
-0.68893421,0.00006104
-0.68861421,0.00006104
-0.68829421,0.00006104
-0.68797421,0.00006104
-0.68765421,-0.01770074
-0.68733421,0.00006104
-0.68701421,0.00006104
-0.68669421,0.00006104
-0.68637421,0.00006104
-0.68605421,0.00006104
-0.68573421,0.00006104
-0.68541421,0.00006104
-0.68509421,0.00006104
-0.68477421,0.00006104
-0.68445421,0.00006104
-0.68413421,0.00006104
-0.68381421,0.00006104
-0.68349421,0.00006104
-0.68317421,0.00006104
-0.68285421,0.00006104
-0.68253421,0.00006104
-0.68221421,0.00006104
-0.68189421,0.00006104
-0.68157421,0.00006104
-0.68125421,0.00006104
-0.68093421,0.00006104
-0.68061421,0.00006104
-0.68029421,0.00006104
-0.67997421,0.00006104
-0.67965421,0.00006104
-0.67933421,0.00006104
-0.67901421,-0.01770074
-0.67869421,0.00006104
-0.67837421,0.00006104
-0.67805422,0.00006104
-0.67773422,0.00006104
-0.67741422,0.00006104
-0.67709422,0.00006104
-0.67677422,-0.01770074
-0.67645422,0.00006104
-0.67613422,0.00006104
-0.67581422,0.00006104
-0.67549422,0.00006104
-0.67517422,0.00006104
-0.67485422,0.00006104
-0.67453422,0.00006104
-0.67421422,0.00006104
-0.67389422,0.00006104
-0.67357422,0.00006104
-0.67325422,0.00006104
-0.67293422,0.00006104
-0.67261422,0.00006104
-0.67229422,0.00006104
-0.67197422,0.00006104
-0.67165422,0.00006104
-0.67133422,0.00006104
-0.67101422,0.00006104
-0.67069422,0.00006104
-0.67037422,0.00006104
-0.67005422,0.00006104
-0.66973422,0.00006104
-0.66941422,0.00006104
-0.66909422,0.00006104
-0.66877422,0.00006104
-0.66845422,0.00006104
-0.66813422,0.00006104
-0.66781422,0.00006104
-0.66749422,0.00006104
-0.66717422,0.00006104
-0.66685422,0.00006104
-0.66653422,0.00006104
-0.66621422,0.00006104
-0.66589422,0.00006104
-0.66557422,0.00006104
-0.66525422,0.00006104
-0.66493422,0.00006104
-0.66461422,0.00006104
-0.66429422,0.00006104
-0.66397422,0.00006104
-0.66365422,0.00006104
-0.66333422,0.00006104
-0.66301422,0.00006104
-0.66269422,0.00006104
-0.66237422,0.00006104
-0.66205422,0.00006104
-0.66173422,0.00006104
-0.66141422,0.00006104
-0.66109422,0.00006104
-0.66077422,0.00006104
-0.66045422,0.00006104
-0.66013422,0.00006104
-0.65981422,0.00006104
-0.65949422,0.00006104
-0.65917422,0.00006104
-0.65885422,0.00006104
-0.65853422,0.00006104
-0.65821422,0.00006104
-0.65789422,0.00006104
-0.65757422,0.00006104
-0.65725422,-0.01770074
-0.65693422,0.00006104
-0.65661422,0.00006104
-0.65629422,0.00006104
-0.65597422,-0.01770074
-0.65565422,0.00006104
-0.65533422,0.00006104
-0.65501422,0.00006104
-0.65469422,0.00006104
-0.65437422,0.00006104
-0.65405422,0.00006104
-0.65373422,0.00006104
-0.65341422,0.00006104
-0.65309422,0.00006104
-0.65277422,0.00006104
-0.65245422,0.00006104
-0.65213422,0.00006104
-0.65181422,0.00006104
-0.65149422,0.00006104
-0.65117422,0.00006104
-0.65085422,0.00006104
-0.65053422,0.00006104
-0.65021422,0.00006104
-0.64989422,0.00006104
-0.64957422,0.00006104
-0.64925422,0.00006104
-0.64893422,-0.01770074
-0.64861422,0.00006104
-0.64829422,0.00006104
-0.64797422,0.00006104
-0.64765422,0.00006104
-0.64733422,0.00006104
-0.64701422,0.00006104
-0.64669422,0.00006104
-0.64637422,0.00006104
-0.64605422,0.00006104
-0.64573422,0.00006104
-0.64541422,0.00006104
-0.64509422,0.00006104
-0.64477422,0.00006104
-0.64445422,0.00006104
-0.64413422,0.00006104
-0.64381422,0.00006104
-0.64349422,0.00006104
-0.64317422,0.00006104
-0.64285422,0.00006104
-0.64253422,0.00006104
-0.64221422,0.00006104
-0.64189422,0.00006104
-0.64157422,0.00006104
-0.64125422,0.00006104
-0.64093422,0.00006104
-0.64061422,0.00006104
-0.64029422,0.00006104
-0.63997422,0.00006104
-0.63965422,0.00006104
-0.63933422,0.00006104
-0.63901422,0.00006104
-0.63869422,0.00006104
-0.63837422,0.00006104
-0.63805422,-0.01770074
-0.63773422,0.00006104
-0.63741422,0.00006104
-0.63709422,0.00006104
-0.63677422,0.00006104
-0.63645422,0.00006104
-0.63613422,0.00006104
-0.63581422,0.00006104
-0.63549422,0.00006104
-0.63517422,0.00006104
-0.63485422,0.00006104
-0.63453422,0.00006104
-0.63421422,0.00006104
-0.63389422,0.00006104
-0.63357422,0.00006104
-0.63325422,0.00006104
-0.63293422,0.00006104
-0.63261422,0.00006104
-0.63229422,0.00006104
-0.63197422,0.00006104
-0.63165422,0.00006104
-0.63133422,0.00006104
-0.63101422,0.00006104
-0.63069422,0.00006104
-0.63037422,-0.01770074
-0.63005422,0.00006104
-0.62973422,0.00006104
-0.62941422,0.00006104
-0.62909422,0.00006104
-0.62877422,0.00006104
-0.62845422,0.00006104
-0.62813422,0.00006104
-0.62781422,0.00006104
-0.62749422,0.00006104
-0.62717422,0.00006104
-0.62685422,0.00006104
-0.62653422,-0.01770074
-0.62621422,0.00006104
-0.62589422,0.00006104
-0.62557422,0.00006104
-0.62525422,0.00006104
-0.62493422,0.00006104
-0.62461422,0.00006104
-0.62429422,0.00006104
-0.62397422,0.00006104
-0.62365422,0.00006104
-0.62333422,0.00006104
-0.62301422,0.00006104
-0.62269422,0.00006104
-0.62237422,0.00006104
-0.62205422,0.00006104
-0.62173422,0.00006104
-0.62141422,0.00006104
-0.62109422,0.00006104
-0.62077422,-0.01770074
-0.62045422,0.00006104
-0.62013422,0.00006104
-0.61981422,0.00006104
-0.61949422,0.00006104
-0.61917422,0.00006104
-0.61885422,0.00006104
-0.61853422,0.00006104
-0.61821422,0.00006104
-0.61789422,0.00006104
-0.61757422,0.00006104
-0.61725422,0.00006104
-0.61693422,0.00006104
-0.61661422,0.00006104
-0.61629422,0.00006104
-0.61597422,0.00006104
-0.61565422,0.00006104
-0.61533422,0.00006104
-0.61501422,0.00006104
-0.61469422,0.00006104
-0.61437422,-0.01770074
-0.61405422,0.00006104
-0.61373422,0.00006104
-0.61341422,0.00006104
-0.61309422,0.00006104
-0.61277422,0.00006104
-0.61245422,0.00006104
-0.61213422,0.00006104
-0.61181422,0.00006104
-0.61149422,0.00006104
-0.61117422,-0.01770074
-0.61085422,0.00006104
-0.61053422,0.00006104
-0.61021422,-0.01770074
-0.60989422,0.00006104
-0.60957422,0.00006104
-0.60925422,0.00006104
-0.60893422,0.00006104
-0.60861422,0.00006104
-0.60829422,0.00006104
-0.60797422,0.00006104
-0.60765422,0.00006104
-0.60733422,0.00006104
-0.60701422,0.00006104
-0.60669422,0.00006104
-0.60637422,0.00006104
-0.60605422,0.00006104
-0.60573422,0.00006104
-0.60541422,0.00006104
-0.60509422,0.00006104
-0.60477422,0.00006104
-0.60445422,-0.01770074
-0.60413422,0.00006104
-0.60381422,0.00006104
-0.60349422,0.00006104
-0.60317422,0.00006104
-0.60285422,0.00006104
-0.60253422,0.00006104
-0.60221422,0.00006104
-0.60189422,0.00006104
-0.60157422,0.00006104
-0.60125422,0.00006104
-0.60093422,0.00006104
-0.60061422,0.00006104
-0.60029422,0.00006104
-0.59997422,-0.01770074
-0.59965422,0.00006104
-0.59933422,0.00006104
-0.59901422,0.00006104
-0.59869422,0.00006104
-0.59837422,0.00006104
-0.59805422,0.00006104
-0.59773422,0.00006104
-0.59741422,0.00006104
-0.59709422,0.00006104
-0.59677422,0.00006104
-0.59645422,0.00006104
-0.59613422,0.00006104
-0.59581422,0.00006104
-0.59549422,0.00006104
-0.59517422,0.00006104
-0.59485422,0.00006104
-0.59453422,0.00006104
-0.59421422,0.00006104
-0.59389422,0.00006104
-0.59357422,0.00006104
-0.59325422,0.00006104
-0.59293422,0.00006104
-0.59261422,0.00006104
-0.59229422,0.00006104
-0.59197422,-0.01770074
-0.59165422,-0.01770074
-0.59133422,0.00006104
-0.59101422,0.00006104
-0.59069422,0.00006104
-0.59037422,-0.01770074
-0.59005422,0.00006104
-0.58973422,0.00006104
-0.58941422,0.00006104
-0.58909422,0.00006104
-0.58877422,0.00006104
-0.58845422,0.00006104
-0.58813422,0.00006104
-0.58781422,0.00006104
-0.58749422,0.00006104
-0.58717422,0.00006104
-0.58685422,0.00006104
-0.58653422,0.00006104
-0.58621422,0.00006104
-0.58589422,0.00006104
-0.58557422,0.00006104
-0.58525422,0.00006104
-0.58493422,0.00006104
-0.58461422,0.00006104
-0.58429422,0.00006104
-0.58397422,0.00006104
-0.58365422,0.00006104
-0.58333422,0.00006104
-0.58301422,0.00006104
-0.58269422,0.00006104
-0.58237422,0.00006104
-0.58205422,0.00006104
-0.58173422,0.00006104
-0.58141422,0.00006104
-0.58109422,0.00006104
-0.58077422,0.00006104
-0.58045422,0.00006104
-0.58013422,0.00006104
-0.57981422,0.00006104
-0.57949422,0.00006104
-0.57917422,-0.01770074
-0.57885422,0.00006104
-0.57853422,0.00006104
-0.57821422,0.00006104
-0.57789422,0.00006104
-0.57757422,0.00006104
-0.57725422,0.00006104
-0.57693422,0.00006104
-0.57661422,-0.01770074
-0.57629422,0.00006104
-0.57597422,0.00006104
-0.57565422,0.00006104
-0.57533422,0.00006104
-0.57501422,0.00006104
-0.57469422,0.00006104
-0.57437422,0.00006104
-0.57405422,0.00006104
-0.57373422,0.00006104
-0.57341422,0.00006104
-0.57309422,0.00006104
-0.57277422,0.00006104
-0.57245422,0.00006104
-0.57213422,0.00006104
-0.57181422,0.00006104
-0.57149422,0.00006104
-0.57117422,0.00006104
-0.57085422,0.00006104
-0.57053422,0.00006104
-0.57021422,0.00006104
-0.56989422,0.00006104
-0.56957422,0.00006104
-0.56925422,0.00006104
-0.56893422,0.00006104
-0.56861422,0.00006104
-0.56829422,0.00006104
-0.56797422,0.00006104
-0.56765422,0.00006104
-0.56733422,0.00006104
-0.56701422,0.00006104
-0.56669422,0.00006104
-0.56637422,0.00006104
-0.56605422,-0.01770074
-0.56573422,0.00006104
-0.56541422,0.00006104
-0.56509422,0.00006104
-0.56477422,-0.01770074
-0.56445422,0.00006104
-0.56413422,0.00006104
-0.56381422,0.00006104
-0.56349422,0.00006104
-0.56317422,0.00006104
-0.56285422,0.00006104
-0.56253422,0.00006104
-0.56221422,0.00006104
-0.56189422,0.00006104
-0.56157422,0.00006104
-0.56125422,0.00006104
-0.56093422,0.00006104
-0.56061422,0.00006104
-0.56029422,0.00006104
-0.55997422,0.00006104
-0.55965422,0.00006104
-0.55933422,0.00006104
-0.55901422,0.00006104
-0.55869422,0.00006104
-0.55837422,0.00006104
-0.55805422,0.00006104
-0.55773422,0.00006104
-0.55741422,0.00006104
-0.55709422,0.00006104
-0.55677422,0.00006104
-0.55645422,0.00006104
-0.55613422,0.00006104
-0.55581422,0.00006104
-0.55549422,0.00006104
-0.55517422,0.00006104
-0.55485422,0.00006104
-0.55453422,0.00006104
-0.55421422,0.00006104
-0.55389422,-0.01770074
-0.55357422,0.00006104
-0.55325422,-0.01770074
-0.55293422,0.00006104
-0.55261422,0.00006104
-0.55229422,-0.01770074
-0.55197422,0.00006104
-0.55165422,0.00006104
-0.55133422,0.00006104
-0.55101422,0.00006104
-0.55069422,-0.01770074
-0.55037422,0.00006104
-0.55005422,0.00006104
-0.54973422,0.00006104
-0.54941422,0.00006104
-0.54909422,0.00006104
-0.54877422,-0.01770074
-0.54845422,0.00006104
-0.54813422,-0.01770074
-0.54781422,-0.01770074
-0.54749422,0.00006104
-0.54717422,0.00006104
-0.54685422,0.00006104
-0.54653422,0.00006104
-0.54621422,0.00006104
-0.54589422,0.00006104
-0.54557422,0.00006104
-0.54525422,0.00006104
-0.54493422,0.00006104
-0.54461422,0.00006104
-0.54429422,0.00006104
-0.54397422,0.00006104
-0.54365422,0.00006104
-0.54333422,0.00006104
-0.54301422,0.00006104
-0.54269422,0.00006104
-0.54237422,-0.01770074
-0.54205422,0.00006104
-0.54173422,-0.01770074
-0.54141422,0.00006104
-0.54109422,0.00006104
-0.54077422,0.00006104
-0.54045422,0.00006104
-0.54013422,0.00006104
-0.53981422,0.00006104
-0.53949422,0.00006104
-0.53917422,0.00006104
-0.53885422,0.00006104
-0.53853422,0.00006104
-0.53821422,0.00006104
-0.53789422,0.00006104
-0.53757422,0.00006104
-0.53725422,0.00006104
-0.53693422,0.00006104
-0.53661422,0.00006104
-0.53629422,0.00006104
-0.53597422,0.00006104
-0.53565422,0.00006104
-0.53533422,0.00006104
-0.53501422,0.00006104
-0.53469422,0.00006104
-0.53437422,0.00006104
-0.53405422,0.00006104
-0.53373422,0.00006104
-0.53341422,0.00006104
-0.53309422,0.00006104
-0.53277422,0.00006104
-0.53245422,0.00006104
-0.53213422,0.00006104
-0.53181422,-0.01770074
-0.53149422,-0.01770074
-0.53117422,0.00006104
-0.53085422,0.00006104
-0.53053422,0.00006104
-0.53021422,0.00006104
-0.52989422,0.00006104
-0.52957422,0.00006104
-0.52925422,0.00006104
-0.52893422,0.00006104
-0.52861422,0.00006104
-0.52829422,0.00006104
-0.52797422,0.00006104
-0.52765422,0.00006104
-0.52733422,0.00006104
-0.52701422,0.00006104
-0.52669422,0.00006104
-0.52637422,0.00006104
-0.52605422,0.00006104
-0.52573422,0.00006104
-0.52541422,0.00006104
-0.52509422,0.00006104
-0.52477422,-0.01770074
-0.52445422,0.00006104
-0.52413422,0.00006104
-0.52381422,0.00006104
-0.52349422,0.00006104
-0.52317422,0.00006104
-0.52285422,0.00006104
-0.52253422,0.00006104
-0.52221422,0.00006104
-0.52189422,0.00006104
-0.52157422,0.00006104
-0.52125422,0.00006104
-0.52093422,0.00006104
-0.52061422,0.00006104
-0.52029422,0.00006104
-0.51997422,0.00006104
-0.51965422,0.00006104
-0.51933422,0.00006104
-0.51901422,0.00006104
-0.51869422,0.00006104
-0.51837422,0.00006104
-0.51805422,0.00006104
-0.51773422,0.00006104
-0.51741422,0.00006104
-0.51709422,0.00006104
-0.51677422,0.00006104
-0.51645422,0.00006104
-0.51613422,0.00006104
-0.51581422,0.00006104
-0.51549422,0.00006104
-0.51517422,0.00006104
-0.51485422,0.00006104
-0.51453422,0.00006104
-0.51421422,0.00006104
-0.51389422,0.00006104
-0.51357422,0.00006104
-0.51325422,-0.01770074
-0.51293422,0.00006104
-0.51261422,0.00006104
-0.51229422,0.00006104
-0.51197422,0.00006104
-0.51165422,0.00006104
-0.51133422,0.00006104
-0.51101422,0.00006104
-0.51069422,0.00006104
-0.51037422,0.00006104
-0.51005422,0.00006104
-0.50973422,0.00006104
-0.50941422,0.00006104
-0.50909422,0.00006104
-0.50877422,0.00006104
-0.50845422,0.00006104
-0.50813422,0.00006104
-0.50781422,0.00006104
-0.50749422,0.00006104
-0.50717422,0.00006104
-0.50685422,0.00006104
-0.50653422,0.00006104
-0.50621422,0.00006104
-0.50589422,0.00006104
-0.50557422,0.00006104
-0.50525422,0.00006104
-0.50493422,0.00006104
-0.50461422,0.00006104
-0.50429422,0.00006104
-0.50397422,1.86913657
-0.50365422,-0.08893093
-0.50333422,-0.51612902
-0.50301422,-0.28473771
-0.50269422,-0.08893093
-0.50237422,-0.01770074
-0.50205422,0.00006104
-0.50173422,0.00006104
-0.50141422,-0.01770074
-0.50109422,-0.05334635
-0.50077422,-0.92556536
-0.50045422,-1.06796467
-0.50013422,0.21362957
-0.49981422,0.32044435
-0.49949422,-0.01770074
-0.49917422,-0.08893093
-0.49885422,0.00006104
-0.49853422,0.03570665
-0.49821422,0.03570665
-0.49789422,0.01788385
-0.49757422,0.00006104
-0.49725422,0.00006104
-0.49693422,0.01788385
-0.49661422,0.03570665
-0.49629422,0.03570665
-0.49597422,0.03570665
-0.49565422,0.01788385
-0.49533422,0.00006104
-0.49501422,0.00006104
-0.49469422,0.01788385
-0.49437422,0.01788385
-0.49405422,0.03570665
-0.49373422,0.05346843
-0.49341422,0.05346843
-0.49309422,0.07129124
-0.49277422,0.05346843
-0.49245422,0.05346843
-0.49213422,0.07129124
-0.49181422,0.03570665
-0.49149422,0.05346843
-0.49117422,0.08911405
-0.49085422,0.07129124
-0.49053422,0.03570665
-0.49021422,0.03570665
-0.48989422,0.03570665
-0.48957422,0.03570665
-0.48925422,0.00006104
-0.48893422,-0.01770074
-0.48861422,-0.01770074
-0.48829422,-0.03552354
-0.48797422,0.01788385
-0.48765422,0.01788385
-0.48733422,0.00006104
-0.48701422,0.05346843
-0.48669422,0.00006104
-0.48637422,-0.03552354
-0.48605422,0.03570665
-0.48573422,-0.01770074
-0.48541422,0.00006104
-0.48509422,0.05346843
-0.48477422,0.01788385
-0.48445422,0.01788385
-0.48413422,0.03570665
-0.48381422,0.03570665
-0.48349422,0.01788385
-0.48317422,0.01788385
-0.48285422,0.01788385
-0.48253422,0.00006104
-0.48221422,0.01788385
-0.48189422,0.03570665
-0.48157422,0.01788385
-0.48125422,0.00006104
-0.48093422,0.01788385
-0.48061422,0.01788385
-0.48029422,0.01788385
-0.47997422,0.01788385
-0.47965422,0.00006104
-0.47933422,0.00006104
-0.47901422,0.01788385
-0.47869422,0.01788385
-0.47837422,0.00006104
-0.47805422,0.01788385
-0.47773422,0.01788385
-0.47741422,0.01788385
-0.47709422,0.01788385
-0.47677422,0.00006104
-0.47645422,0.00006104
-0.47613422,0.01788385
-0.47581422,0.00006104
-0.47549422,0.00006104
-0.47517422,0.03570665
-0.47485422,0.01788385
-0.47453422,0.01788385
-0.47421422,0.01788385
-0.47389422,0.00006104
-0.47357422,0.00006104
-0.47325422,0.00006104
-0.47293422,-0.01770074
-0.47261422,0.00006104
-0.47229422,0.00006104
-0.47197422,0.00006104
-0.47165422,0.01788385
-0.47133422,0.01788385
-0.47101422,0.01788385
-0.47069422,0.01788385
-0.47037422,0.01788385
-0.47005422,0.00006104
-0.46973422,0.01788385
-0.46941422,0.01788385
-0.46909422,0.01788385
-0.46877422,0.01788385
-0.46845422,0.00006104
-0.46813422,0.00006104
-0.46781422,0.01788385
-0.46749422,0.00006104
-0.46717422,0.00006104
-0.46685422,0.00006104
-0.46653422,0.00006104
-0.46621422,0.00006104
-0.46589422,0.00006104
-0.46557422,0.00006104
-0.46525422,0.01788385
-0.46493422,0.01788385
-0.46461422,0.00006104
-0.46429422,0.00006104
-0.46397422,0.01788385
-0.46365422,0.00006104
-0.46333422,0.00006104
-0.46301422,0.00006104
-0.46269422,0.00006104
-0.46237422,0.00006104
-0.46205422,0.00006104
-0.46173422,0.00006104
-0.46141422,0.00006104
-0.46109422,0.00006104
-0.46077422,0.00006104
-0.46045422,0.00006104
-0.46013422,0.00006104
-0.45981422,0.00006104
-0.45949422,0.00006104
-0.45917422,0.01788385
-0.45885422,0.00006104
-0.45853422,0.01788385
-0.45821422,0.00006104
-0.45789422,0.00006104
-0.45757422,0.00006104
-0.45725422,0.00006104
-0.45693422,0.00006104
-0.45661422,0.01788385
-0.45629422,0.00006104
-0.45597422,0.00006104
-0.45565422,0.00006104
-0.45533422,-0.01770074
-0.45501422,0.00006104
-0.45469422,0.00006104
-0.45437422,0.00006104
-0.45405422,0.00006104
-0.45373422,0.00006104
-0.45341422,0.00006104
-0.45309422,0.00006104
-0.45277422,0.00006104
-0.45245422,0.00006104
-0.45213422,0.00006104
-0.45181422,0.00006104
-0.45149422,0.01788385
-0.45117422,0.00006104
-0.45085422,0.00006104
-0.45053422,0.00006104
-0.45021422,0.00006104
-0.44989422,0.00006104
-0.44957422,0.00006104
-0.44925422,0.00006104
-0.44893422,0.00006104
-0.44861422,0.00006104
-0.44829422,0.00006104
-0.44797422,0.00006104
-0.44765422,0.00006104
-0.44733422,0.00006104
-0.44701422,0.00006104
-0.44669422,0.00006104
-0.44637422,-0.01770074
-0.44605422,0.00006104
-0.44573422,0.00006104
-0.44541422,-0.01770074
-0.44509422,0.00006104
-0.44477422,0.00006104
-0.44445422,0.00006104
-0.44413422,0.00006104
-0.44381422,0.00006104
-0.44349422,0.00006104
-0.44317422,0.00006104
-0.44285422,0.00006104
-0.44253422,0.00006104
-0.44221422,0.00006104
-0.44189422,0.00006104
-0.44157422,0.00006104
-0.44125422,0.00006104
-0.44093422,0.00006104
-0.44061422,0.00006104
-0.44029422,0.00006104
-0.43997422,0.00006104
-0.43965422,0.00006104
-0.43933422,0.00006104
-0.43901422,0.00006104
-0.43869422,0.00006104
-0.43837422,0.00006104
-0.43805422,0.00006104
-0.43773422,0.00006104
-0.43741422,0.00006104
-0.43709422,0.00006104
-0.43677422,0.00006104
-0.43645422,0.00006104
-0.43613422,0.00006104
-0.43581422,0.00006104
-0.43549422,0.00006104
-0.43517422,0.00006104
-0.43485422,0.00006104
-0.43453422,0.00006104
-0.43421422,0.00006104
-0.43389422,0.00006104
-0.43357422,0.00006104
-0.43325422,0.00006104
-0.43293422,0.00006104
-0.43261422,0.00006104
-0.43229422,0.00006104
-0.43197422,0.00006104
-0.43165422,0.00006104
-0.43133422,0.00006104
-0.43101422,0.00006104
-0.43069422,0.00006104
-0.43037422,0.00006104
-0.43005422,0.00006104
-0.42973422,0.00006104
-0.42941422,0.00006104
-0.42909422,0.00006104
-0.42877422,0.00006104
-0.42845422,0.00006104
-0.42813422,0.00006104
-0.42781422,0.00006104
-0.42749422,0.00006104
-0.42717422,0.00006104
-0.42685422,0.00006104
-0.42653422,0.00006104
-0.42621422,0.00006104
-0.42589422,0.00006104
-0.42557422,0.00006104
-0.42525422,0.00006104
-0.42493422,0.00006104
-0.42461422,0.00006104
-0.42429422,0.00006104
-0.42397422,0.00006104
-0.42365422,0.00006104
-0.42333422,0.00006104
-0.42301422,0.00006104
-0.42269422,0.00006104
-0.42237422,0.00006104
-0.42205422,0.00006104
-0.42173422,0.00006104
-0.42141422,0.00006104
-0.42109422,0.00006104
-0.42077422,0.00006104
-0.42045422,-0.01770074
-0.42013422,0.00006104
-0.41981422,0.00006104
-0.41949422,0.00006104
-0.41917422,0.00006104
-0.41885422,0.00006104
-0.41853422,0.00006104
-0.41821422,0.00006104
-0.41789422,0.00006104
-0.41757422,0.00006104
-0.41725422,0.00006104
-0.41693422,0.00006104
-0.41661422,0.00006104
-0.41629422,0.00006104
-0.41597422,0.00006104
-0.41565422,0.00006104
-0.41533422,0.00006104
-0.41501422,-0.01770074
-0.41469422,0.00006104
-0.41437422,0.00006104
-0.41405422,0.00006104
-0.41373422,0.00006104
-0.41341422,0.00006104
-0.41309422,0.00006104
-0.41277422,0.00006104
-0.41245422,0.00006104
-0.41213422,0.00006104
-0.41181422,0.00006104
-0.41149422,0.00006104
-0.41117422,-0.01770074
-0.41085422,0.00006104
-0.41053422,0.00006104
-0.41021422,0.00006104
-0.40989422,0.00006104
-0.40957422,-0.01770074
-0.40925422,0.00006104
-0.40893422,0.00006104
-0.40861422,0.00006104
-0.40829422,0.00006104
-0.40797422,0.00006104
-0.40765422,0.00006104
-0.40733422,0.00006104
-0.40701422,0.00006104
-0.40669422,0.00006104
-0.40637422,0.00006104
-0.40605422,0.00006104
-0.40573422,0.00006104
-0.40541422,0.00006104
-0.40509422,0.00006104
-0.40477422,0.00006104
-0.40445422,-0.01770074
-0.40413422,0.00006104
-0.40381422,0.00006104
-0.40349422,0.00006104
-0.40317422,0.00006104
-0.40285422,-0.01770074
-0.40253422,0.00006104
-0.40221422,0.00006104
-0.40189422,0.00006104
-0.40157422,0.00006104
-0.40125422,0.00006104
-0.40093422,0.00006104
-0.40061422,0.00006104
-0.40029422,0.00006104
-0.39997422,0.00006104
-0.39965422,0.00006104
-0.39933422,0.00006104
-0.39901422,0.00006104
-0.39869422,-0.01770074
-0.39837422,0.00006104
-0.39805422,0.00006104
-0.39773422,0.00006104
-0.39741422,0.00006104
-0.39709422,0.00006104
-0.39677422,0.00006104
-0.39645422,0.00006104
-0.39613422,0.00006104
-0.39581422,0.00006104
-0.39549422,0.00006104
-0.39517422,-0.01770074
-0.39485422,0.00006104
-0.39453422,0.00006104
-0.39421422,0.00006104
-0.39389422,-0.01770074
-0.39357422,0.00006104
-0.39325422,0.00006104
-0.39293422,-0.01770074
-0.39261422,0.00006104
-0.39229422,0.00006104
-0.39197422,0.00006104
-0.39165422,0.00006104
-0.39133422,0.00006104
-0.39101422,0.00006104
-0.39069422,0.00006104
-0.39037422,0.00006104
-0.39005422,0.00006104
-0.38973422,0.00006104
-0.38941422,0.00006104
-0.38909422,0.00006104
-0.38877422,0.00006104
-0.38845422,0.00006104
-0.38813422,0.00006104
-0.38781422,0.00006104
-0.38749422,0.00006104
-0.38717422,0.00006104
-0.38685422,0.00006104
-0.38653422,0.00006104
-0.38621422,0.00006104
-0.38589422,-0.01770074
-0.38557422,0.00006104
-0.38525422,0.00006104
-0.38493422,0.00006104
-0.38461422,0.00006104
-0.38429422,0.00006104
-0.38397422,0.00006104
-0.38365422,0.00006104
-0.38333422,0.00006104
-0.38301422,0.00006104
-0.38269422,0.00006104
-0.38237422,0.00006104
-0.38205422,0.00006104
-0.38173422,0.00006104
-0.38141422,0.00006104
-0.38109422,0.00006104
-0.38077422,0.00006104
-0.38045422,0.00006104
-0.38013422,0.00006104
-0.37981422,-0.01770074
-0.37949422,0.00006104
-0.37917422,-0.01770074
-0.37885422,0.00006104
-0.37853422,0.00006104
-0.37821422,0.00006104
-0.37789422,-0.01770074
-0.37757422,-0.01770074
-0.37725422,0.00006104
-0.37693422,0.00006104
-0.37661422,0.00006104
-0.37629422,0.00006104
-0.37597422,0.00006104
-0.37565422,0.00006104
-0.37533422,0.00006104
-0.37501422,0.00006104
-0.37469422,0.00006104
-0.37437422,-0.01770074
-0.37405422,0.00006104
-0.37373422,0.00006104
-0.37341422,0.00006104
-0.37309422,0.00006104
-0.37277422,0.00006104
-0.37245422,0.00006104
-0.37213422,0.00006104
-0.37181422,0.00006104
-0.37149422,0.00006104
-0.37117422,0.00006104
-0.37085422,0.00006104
-0.37053422,0.00006104
-0.37021422,0.00006104
-0.36989422,0.00006104
-0.36957422,-0.01770074
-0.36925422,0.00006104
-0.36893422,0.00006104
-0.36861422,0.00006104
-0.36829422,0.00006104
-0.36797422,0.00006104
-0.36765422,0.00006104
-0.36733422,0.00006104
-0.36701422,0.00006104
-0.36669422,0.00006104
-0.36637422,0.00006104
-0.36605422,0.00006104
-0.36573422,0.00006104
-0.36541422,0.00006104
-0.36509422,0.00006104
-0.36477422,0.00006104
-0.36445422,0.00006104
-0.36413422,0.00006104
-0.36381422,0.00006104
-0.36349422,0.00006104
-0.36317422,0.00006104
-0.36285422,0.00006104
-0.36253422,0.00006104
-0.36221422,0.00006104
-0.36189422,0.00006104
-0.36157422,0.00006104
-0.36125422,0.00006104
-0.36093422,0.00006104
-0.36061422,-0.01770074
-0.36029422,0.00006104
-0.35997422,0.00006104
-0.35965422,0.00006104
-0.35933422,0.00006104
-0.35901422,0.00006104
-0.35869422,0.00006104
-0.35837422,0.00006104
-0.35805422,0.00006104
-0.35773422,0.00006104
-0.35741422,0.00006104
-0.35709422,0.00006104
-0.35677422,0.00006104
-0.35645422,0.00006104
-0.35613422,0.00006104
-0.35581422,0.00006104
-0.35549422,0.00006104
-0.35517422,-0.01770074
-0.35485422,0.00006104
-0.35453422,0.00006104
-0.35421422,0.00006104
-0.35389422,0.00006104
-0.35357422,0.00006104
-0.35325422,0.00006104
-0.35293422,0.00006104
-0.35261422,0.00006104
-0.35229422,0.00006104
-0.35197422,0.00006104
-0.35165422,0.00006104
-0.35133422,0.00006104
-0.35101422,0.00006104
-0.35069422,0.00006104
-0.35037422,0.00006104
-0.35005422,0.00006104
-0.34973422,0.00006104
-0.34941422,0.00006104
-0.34909422,0.00006104
-0.34877422,0.00006104
-0.34845422,0.00006104
-0.34813422,0.00006104
-0.34781422,0.00006104
-0.34749422,0.00006104
-0.34717422,0.00006104
-0.34685422,0.00006104
-0.34653422,0.00006104
-0.34621422,0.00006104
-0.34589422,0.00006104
-0.34557422,-0.01770074
-0.34525422,0.00006104
-0.34493422,0.00006104
-0.34461422,0.00006104
-0.34429422,0.00006104
-0.34397422,0.00006104
-0.34365422,0.00006104
-0.34333422,0.00006104
-0.34301422,0.00006104
-0.34269422,0.00006104
-0.34237422,0.00006104
-0.34205422,0.00006104
-0.34173422,0.00006104
-0.34141422,0.00006104
-0.34109422,0.00006104
-0.34077422,0.00006104
-0.34045422,0.00006104
-0.34013422,0.00006104
-0.33981422,-0.01770074
-0.33949422,0.00006104
-0.33917422,0.00006104
-0.33885422,0.00006104
-0.33853422,0.00006104
-0.33821422,-0.01770074
-0.33789422,0.00006104
-0.33757422,0.00006104
-0.33725422,-0.01770074
-0.33693422,0.00006104
-0.33661422,0.00006104
-0.33629422,0.00006104
-0.33597422,0.00006104
-0.33565422,0.00006104
-0.33533422,0.00006104
-0.33501422,0.00006104
-0.33469422,0.00006104
-0.33437422,0.00006104
-0.33405422,0.00006104
-0.33373422,0.00006104
-0.33341422,0.00006104
-0.33309422,0.00006104
-0.33277422,0.00006104
-0.33245422,0.00006104
-0.33213422,-0.01770074
-0.33181422,-0.01770074
-0.33149422,0.00006104
-0.33117422,0.00006104
-0.33085422,0.00006104
-0.33053422,-0.01770074
-0.33021422,0.00006104
-0.32989422,0.00006104
-0.32957422,0.00006104
-0.32925422,0.00006104
-0.32893422,-0.01770074
-0.32861422,0.00006104
-0.32829422,-0.01770074
-0.32797422,0.00006104
-0.32765422,0.00006104
-0.32733422,0.00006104
-0.32701422,0.00006104
-0.32669422,0.00006104
-0.32637422,0.00006104
-0.32605422,0.00006104
-0.32573422,0.00006104
-0.32541422,0.00006104
-0.32509422,0.00006104
-0.32477422,0.00006104
-0.32445422,0.00006104
-0.32413422,0.00006104
-0.32381422,0.00006104
-0.32349422,0.00006104
-0.32317422,-0.01770074
-0.32285422,0.00006104
-0.32253422,0.00006104
-0.32221422,0.00006104
-0.32189422,0.00006104
-0.32157422,-0.01770074
-0.32125422,0.00006104
-0.32093422,0.00006104
-0.32061422,0.00006104
-0.32029422,0.00006104
-0.31997422,0.00006104
-0.31965422,0.00006104
-0.31933422,0.00006104
-0.31901422,0.00006104
-0.31869422,0.00006104
-0.31837422,0.00006104
-0.31805422,0.00006104
-0.31773422,0.00006104
-0.31741422,0.00006104
-0.31709422,0.00006104
-0.31677422,0.00006104
-0.31645422,0.00006104
-0.31613422,0.00006104
-0.31581422,0.00006104
-0.31549422,0.00006104
-0.31517422,0.00006104
-0.31485422,0.00006104
-0.31453422,0.00006104
-0.31421422,0.00006104
-0.31389422,0.00006104
-0.31357422,0.00006104
-0.31325422,0.00006104
-0.31293422,0.00006104
-0.31261422,0.00006104
-0.31229422,0.00006104
-0.31197422,0.00006104
-0.31165422,0.00006104
-0.31133422,0.00006104
-0.31101422,-0.01770074
-0.31069422,0.00006104
-0.31037422,0.00006104
-0.31005422,0.00006104
-0.30973422,0.00006104
-0.30941422,0.00006104
-0.30909422,0.00006104
-0.30877422,0.00006104
-0.30845422,0.00006104
-0.30813422,0.00006104
-0.30781422,0.00006104
-0.30749422,-0.01770074
-0.30717422,0.00006104
-0.30685422,0.00006104
-0.30653422,-0.01770074
-0.30621422,0.00006104
-0.30589422,0.00006104
-0.30557422,0.00006104
-0.30525422,0.00006104
-0.30493422,0.00006104
-0.30461422,0.00006104
-0.30429422,0.00006104
-0.30397422,0.00006104
-0.30365422,0.00006104
-0.30333422,0.00006104
-0.30301422,0.00006104
-0.30269422,0.00006104
-0.30237422,0.00006104
-0.30205422,0.00006104
-0.30173422,0.00006104
-0.30141422,0.00006104
-0.30109422,0.00006104
-0.30077422,0.00006104
-0.30045422,0.00006104
-0.30013422,0.00006104
-0.29981422,0.00006104
-0.29949422,0.00006104
-0.29917422,0.00006104
-0.29885422,0.00006104
-0.29853422,0.00006104
-0.29821422,0.00006104
-0.29789422,0.00006104
-0.29757422,0.00006104
-0.29725422,0.00006104
-0.29693422,0.00006104
-0.29661422,-0.01770074
-0.29629422,0.00006104
-0.29597422,0.00006104
-0.29565422,0.00006104
-0.29533422,0.00006104
-0.29501422,0.00006104
-0.29469422,0.00006104
-0.29437422,0.00006104
-0.29405422,0.00006104
-0.29373422,0.00006104
-0.29341422,0.00006104
-0.29309422,0.00006104
-0.29277422,0.00006104
-0.29245422,0.00006104
-0.29213422,0.00006104
-0.29181422,0.00006104
-0.29149422,0.00006104
-0.29117422,0.00006104
-0.29085422,0.00006104
-0.29053422,0.00006104
-0.29021422,0.00006104
-0.28989422,0.00006104
-0.28957422,0.00006104
-0.28925422,0.00006104
-0.28893422,0.00006104
-0.28861422,0.00006104
-0.28829422,0.00006104
-0.28797422,0.00006104
-0.28765422,0.00006104
-0.28733422,0.00006104
-0.28701422,0.00006104
-0.28669422,0.00006104
-0.28637422,0.00006104
-0.28605422,0.00006104
-0.28573422,0.00006104
-0.28541422,0.00006104
-0.28509422,0.00006104
-0.28477422,0.00006104
-0.28445422,0.00006104
-0.28413422,0.00006104
-0.28381422,0.00006104
-0.28349422,0.00006104
-0.28317422,0.00006104
-0.28285422,0.00006104
-0.28253422,0.00006104
-0.28221422,0.00006104
-0.28189422,0.00006104
-0.28157422,0.00006104
-0.28125422,0.00006104
-0.28093422,0.00006104
-0.28061422,0.00006104
-0.28029422,0.00006104
-0.27997422,-0.01770074
-0.27965422,0.00006104
-0.27933422,0.00006104
-0.27901422,0.00006104
-0.27869422,0.00006104
-0.27837422,0.00006104
-0.27805422,0.00006104
-0.27773422,0.00006104
-0.27741422,0.00006104
-0.27709422,0.00006104
-0.27677422,0.00006104
-0.27645422,0.00006104
-0.27613422,0.00006104
-0.27581422,0.00006104
-0.27549422,0.00006104
-0.27517422,0.00006104
-0.27485422,0.00006104
-0.27453422,0.00006104
-0.27421422,0.00006104
-0.27389422,0.00006104
-0.27357422,0.00006104
-0.27325422,0.00006104
-0.27293422,0.00006104
-0.27261422,0.00006104
-0.27229422,0.00006104
-0.27197422,0.00006104
-0.27165422,0.00006104
-0.27133422,0.00006104
-0.27101422,0.00006104
-0.27069422,-0.01770074
-0.27037422,0.00006104
-0.27005422,-0.01770074
-0.26973422,0.00006104
-0.26941422,0.00006104
-0.26909422,0.00006104
-0.26877422,0.00006104
-0.26845422,0.00006104
-0.26813422,0.00006104
-0.26781422,0.00006104
-0.26749422,0.00006104
-0.26717422,0.00006104
-0.26685422,0.00006104
-0.26653422,0.00006104
-0.26621422,0.00006104
-0.26589422,0.00006104
-0.26557422,0.00006104
-0.26525422,0.00006104
-0.26493422,0.00006104
-0.26461422,0.00006104
-0.26429422,0.00006104
-0.26397422,0.00006104
-0.26365422,0.00006104
-0.26333422,0.00006104
-0.26301422,0.00006104
-0.26269422,0.00006104
-0.26237422,0.00006104
-0.26205422,0.00006104
-0.26173422,0.00006104
-0.26141422,0.00006104
-0.26109422,0.00006104
-0.26077422,0.00006104
-0.26045422,0.00006104
-0.26013422,0.00006104
-0.25981422,0.00006104
-0.25949422,0.00006104
-0.25917422,0.00006104
-0.25885422,0.00006104
-0.25853422,0.00006104
-0.25821422,0.00006104
-0.25789422,0.00006104
-0.25757422,0.00006104
-0.25725422,0.00006104
-0.25693422,0.00006104
-0.25661422,0.00006104
-0.25629422,-0.01770074
-0.25597422,0.00006104
-0.25565422,-0.01770074
-0.25533422,0.00006104
-0.25501422,0.00006104
-0.25469422,0.00006104
-0.25437422,0.00006104
-0.25405422,0.00006104
-0.25373422,0.00006104
-0.25341422,0.00006104
-0.25309422,0.00006104
-0.25277422,0.00006104
-0.25245422,0.00006104
-0.25213422,0.00006104
-0.25181422,0.00006104
-0.25149422,0.00006104
-0.25117422,0.00006104
-0.25085422,0.00006104
-0.25053422,0.00006104
-0.25021422,0.00006104
-0.24989422,0.00006104
-0.24957422,0.00006104
-0.24925422,0.00006104
-0.24893422,0.00006104
-0.24861422,0.00006104
-0.24829422,0.00006104
-0.24797422,0.00006104
-0.24765422,0.00006104
-0.24733422,0.00006104
-0.24701422,0.00006104
-0.24669422,0.00006104
-0.24637422,0.00006104
-0.24605422,0.00006104
-0.24573422,0.00006104
-0.24541422,0.00006104
-0.24509422,0.00006104
-0.24477422,0.00006104
-0.24445422,0.00006104
-0.24413422,0.00006104
-0.24381422,0.00006104
-0.24349422,0.00006104
-0.24317422,0.00006104
-0.24285422,0.00006104
-0.24253422,0.00006104
-0.24221422,0.00006104
-0.24189422,0.00006104
-0.24157422,0.00006104
-0.24125422,0.00006104
-0.24093422,0.00006104
-0.24061422,0.00006104
-0.24029422,0.00006104
-0.23997422,0.00006104
-0.23965422,0.00006104
-0.23933422,0.00006104
-0.23901422,0.00006104
-0.23869422,0.00006104
-0.23837422,0.00006104
-0.23805422,0.00006104
-0.23773422,0.00006104
-0.23741422,-0.01770074
-0.23709422,-0.01770074
-0.23677422,0.00006104
-0.23645422,-0.01770074
-0.23613422,-0.01770074
-0.23581422,0.00006104
-0.23549422,0.00006104
-0.23517422,0.00006104
-0.23485422,-0.01770074
-0.23453422,0.00006104
-0.23421422,0.00006104
-0.23389422,0.00006104
-0.23357422,0.00006104
-0.23325422,0.00006104
-0.23293422,0.00006104
-0.23261422,0.00006104
-0.23229422,0.00006104
-0.23197422,0.00006104
-0.23165422,0.00006104
-0.23133422,0.00006104
-0.23101422,0.00006104
-0.23069422,0.00006104
-0.23037422,0.00006104
-0.23005422,0.00006104
-0.22973422,0.00006104
-0.22941422,0.00006104
-0.22909422,0.00006104
-0.22877422,0.00006104
-0.22845422,0.00006104
-0.22813422,0.00006104
-0.22781422,-0.01770074
-0.22749422,0.00006104
-0.22717422,0.00006104
-0.22685422,0.00006104
-0.22653422,0.00006104
-0.22621422,0.00006104
-0.22589422,-0.01770074
-0.22557422,0.00006104
-0.22525422,0.00006104
-0.22493422,0.00006104
-0.22461422,0.00006104
-0.22429422,0.00006104
-0.22397422,0.00006104
-0.22365422,0.00006104
-0.22333422,-0.01770074
-0.22301422,0.00006104
-0.22269422,0.00006104
-0.22237422,0.00006104
-0.22205422,0.00006104
-0.22173422,0.00006104
-0.22141422,0.00006104
-0.22109422,0.00006104
-0.22077422,0.00006104
-0.22045422,0.00006104
-0.22013422,-0.01770074
-0.21981422,0.00006104
-0.21949422,0.00006104
-0.21917422,-0.01770074
-0.21885422,0.00006104
-0.21853422,0.00006104
-0.21821422,0.00006104
-0.21789422,0.00006104
-0.21757422,0.00006104
-0.21725422,-0.01770074
-0.21693422,0.00006104
-0.21661422,0.00006104
-0.21629422,0.00006104
-0.21597422,0.00006104
-0.21565422,0.00006104
-0.21533422,0.00006104
-0.21501422,0.00006104
-0.21469422,0.00006104
-0.21437422,0.00006104
-0.21405422,0.00006104
-0.21373422,0.00006104
-0.21341422,0.00006104
-0.21309422,0.00006104
-0.21277422,0.00006104
-0.21245422,-0.01770074
-0.21213422,0.00006104
-0.21181422,0.00006104
-0.21149422,0.00006104
-0.21117422,0.00006104
-0.21085422,0.00006104
-0.21053422,0.00006104
-0.21021422,0.00006104
-0.20989422,0.00006104
-0.20957422,0.00006104
-0.20925422,0.00006104
-0.20893422,0.00006104
-0.20861422,0.00006104
-0.20829422,0.00006104
-0.20797422,0.00006104
-0.20765422,0.00006104
-0.20733422,0.00006104
-0.20701422,0.00006104
-0.20669422,0.00006104
-0.20637422,0.00006104
-0.20605422,0.00006104
-0.20573422,0.00006104
-0.20541422,0.00006104
-0.20509422,0.00006104
-0.20477422,0.00006104
-0.20445422,0.00006104
-0.20413422,0.00006104
-0.20381422,-0.01770074
-0.20349422,0.00006104
-0.20317422,0.00006104
-0.20285422,0.00006104
-0.20253422,0.00006104
-0.20221422,0.00006104
-0.20189422,0.00006104
-0.20157422,0.00006104
-0.20125422,0.00006104
-0.20093422,0.00006104
-0.20061422,0.00006104
-0.20029422,0.00006104
-0.19997422,0.00006104
-0.19965422,0.00006104
-0.19933422,0.00006104
-0.19901422,0.00006104
-0.19869422,0.00006104
-0.19837422,0.00006104
-0.19805422,0.00006104
-0.19773422,0.00006104
-0.19741422,0.00006104
-0.19709422,0.00006104
-0.19677422,0.00006104
-0.19645422,0.00006104
-0.19613422,0.00006104
-0.19581422,0.00006104
-0.19549422,0.00006104
-0.19517422,0.00006104
-0.19485422,0.00006104
-0.19453422,0.00006104
-0.19421422,0.00006104
-0.19389422,0.00006104
-0.19357422,0.00006104
-0.19325422,0.00006104
-0.19293422,0.00006104
-0.19261422,0.00006104
-0.19229422,0.00006104
-0.19197422,0.00006104
-0.19165422,0.00006104
-0.19133422,0.00006104
-0.19101422,0.00006104
-0.19069422,0.00006104
-0.19037422,0.00006104
-0.19005422,0.00006104
-0.18973422,0.00006104
-0.18941422,-0.01770074
-0.18909422,0.00006104
-0.18877422,0.00006104
-0.18845422,0.00006104
-0.18813422,0.00006104
-0.18781422,0.00006104
-0.18749422,0.00006104
-0.18717422,0.00006104
-0.18685422,0.00006104
-0.18653422,0.00006104
-0.18621422,-0.01770074
-0.18589422,0.00006104
-0.18557422,0.00006104
-0.18525422,0.00006104
-0.18493422,0.00006104
-0.18461422,0.00006104
-0.18429422,0.00006104
-0.18397422,0.00006104
-0.18365422,0.00006104
-0.18333422,0.00006104
-0.18301422,0.00006104
-0.18269422,0.00006104
-0.18237422,0.00006104
-0.18205422,0.00006104
-0.18173422,0.00006104
-0.18141422,0.00006104
-0.18109422,0.00006104
-0.18077422,0.00006104
-0.18045422,0.00006104
-0.18013422,0.00006104
-0.17981422,0.00006104
-0.17949422,0.00006104
-0.17917422,0.00006104
-0.17885422,0.00006104
-0.17853422,0.00006104
-0.17821422,0.00006104
-0.17789422,0.00006104
-0.17757422,0.00006104
-0.17725422,0.00006104
-0.17693422,0.00006104
-0.17661422,0.00006104
-0.17629422,0.00006104
-0.17597422,0.00006104
-0.17565422,0.00006104
-0.17533422,0.00006104
-0.17501422,0.00006104
-0.17469422,0.00006104
-0.17437422,-0.01770074
-0.17405422,0.00006104
-0.17373422,0.00006104
-0.17341422,0.00006104
-0.17309422,0.00006104
-0.17277422,0.00006104
-0.17245422,0.00006104
-0.17213422,0.00006104
-0.17181422,0.00006104
-0.17149422,0.00006104
-0.17117422,0.00006104
-0.17085422,0.00006104
-0.17053422,0.00006104
-0.17021422,0.00006104
-0.16989422,0.00006104
-0.16957422,0.00006104
-0.16925422,0.00006104
-0.16893422,0.00006104
-0.16861422,0.00006104
-0.16829422,0.00006104
-0.16797422,0.00006104
-0.16765422,0.00006104
-0.16733422,0.00006104
-0.16701422,0.00006104
-0.16669422,0.00006104
-0.16637422,0.00006104
-0.16605422,0.00006104
-0.16573422,0.00006104
-0.16541422,0.00006104
-0.16509422,0.00006104
-0.16477422,-0.01770074
-0.16445422,0.00006104
-0.16413422,0.00006104
-0.16381422,0.00006104
-0.16349422,0.00006104
-0.16317422,0.00006104
-0.16285422,0.00006104
-0.16253422,0.00006104
-0.16221422,0.00006104
-0.16189422,0.00006104
-0.16157422,0.00006104
-0.16125422,0.00006104
-0.16093422,0.00006104
-0.16061422,0.00006104
-0.16029422,0.00006104
-0.15997422,0.00006104
-0.15965422,0.00006104
-0.15933422,0.00006104
-0.15901422,0.00006104
-0.15869422,0.00006104
-0.15837422,0.00006104
-0.15805422,0.00006104
-0.15773422,0.00006104
-0.15741422,0.00006104
-0.15709422,0.00006104
-0.15677422,0.00006104
-0.15645422,0.00006104
-0.15613422,0.00006104
-0.15581422,0.00006104
-0.15549422,0.00006104
-0.15517422,0.00006104
-0.15485422,0.00006104
-0.15453422,0.00006104
-0.15421422,0.00006104
-0.15389422,0.00006104
-0.15357422,0.00006104
-0.15325422,0.00006104
-0.15293422,0.00006104
-0.15261422,0.00006104
-0.15229422,0.00006104
-0.15197422,0.00006104
-0.15165422,0.00006104
-0.15133422,0.00006104
-0.15101422,0.00006104
-0.15069422,0.00006104
-0.15037422,0.00006104
-0.15005422,0.00006104
-0.14973422,0.00006104
-0.14941422,0.00006104
-0.14909422,0.00006104
-0.14877422,0.00006104
-0.14845422,0.00006104
-0.14813422,0.00006104
-0.14781422,0.00006104
-0.14749422,0.00006104
-0.14717422,0.00006104
-0.14685422,0.00006104
-0.14653422,0.00006104
-0.14621422,0.00006104
-0.14589422,0.00006104
-0.14557422,0.00006104
-0.14525422,0.00006104
-0.14493422,0.00006104
-0.14461422,0.00006104
-0.14429422,0.00006104
-0.14397422,0.00006104
-0.14365422,0.00006104
-0.14333422,0.00006104
-0.14301422,0.00006104
-0.14269422,0.00006104
-0.14237422,0.00006104
-0.14205422,0.00006104
-0.14173422,0.00006104
-0.14141422,0.00006104
-0.14109422,0.00006104
-0.14077422,0.00006104
-0.14045422,0.00006104
-0.14013422,0.00006104
-0.13981422,0.00006104
-0.13949422,0.00006104
-0.13917422,-0.01770074
-0.13885422,0.00006104
-0.13853422,0.00006104
-0.13821422,0.00006104
-0.13789422,0.00006104
-0.13757422,0.00006104
-0.13725422,0.00006104
-0.13693422,0.00006104
-0.13661422,0.00006104
-0.13629422,0.00006104
-0.13597422,0.00006104
-0.13565422,0.00006104
-0.13533422,0.00006104
-0.13501422,0.00006104
-0.13469422,0.00006104
-0.13437422,0.00006104
-0.13405422,0.00006104
-0.13373422,0.00006104
-0.13341422,0.00006104
-0.13309422,0.00006104
-0.13277422,0.00006104
-0.13245422,0.00006104
-0.13213422,-0.01770074
-0.13181422,-0.01770074
-0.13149422,-0.01770074
-0.13117422,0.00006104
-0.13085422,0.00006104
-0.13053422,-0.01770074
-0.13021422,0.00006104
-0.12989422,-0.01770074
-0.12957422,0.00006104
-0.12925422,0.00006104
-0.12893422,0.00006104
-0.12861422,0.00006104
-0.12829422,0.00006104
-0.12797422,0.00006104
-0.12765422,0.00006104
-0.12733422,0.00006104
-0.12701422,0.00006104
-0.12669422,0.00006104
-0.12637422,0.00006104
-0.12605422,0.00006104
-0.12573422,0.00006104
-0.12541422,0.00006104
-0.12509422,0.00006104
-0.12477422,0.00006104
-0.12445422,0.00006104
-0.12413422,0.00006104
-0.12381422,0.00006104
-0.12349422,0.00006104
-0.12317422,0.00006104
-0.12285422,0.00006104
-0.12253422,0.00006104
-0.12221422,0.00006104
-0.12189422,0.00006104
-0.12157422,0.00006104
-0.12125422,0.00006104
-0.12093422,-0.01770074
-0.12061422,0.00006104
-0.12029422,0.00006104
-0.11997422,0.00006104
-0.11965422,0.00006104
-0.11933422,0.00006104
-0.11901422,0.00006104
-0.11869422,0.00006104
-0.11837422,0.00006104
-0.11805422,0.00006104
-0.11773422,0.00006104
-0.11741422,0.00006104
-0.11709422,0.00006104
-0.11677422,0.00006104
-0.11645422,0.00006104
-0.11613422,0.00006104
-0.11581422,0.00006104
-0.11549422,0.00006104
-0.11517422,0.00006104
-0.11485422,0.00006104
-0.11453422,-0.01770074
-0.11421422,-0.01770074
-0.11389422,0.00006104
-0.11357422,-0.01770074
-0.11325422,0.00006104
-0.11293422,0.00006104
-0.11261422,0.00006104
-0.11229422,0.00006104
-0.11197422,0.00006104
-0.11165422,0.00006104
-0.11133422,0.00006104
-0.11101422,0.00006104
-0.11069422,0.00006104
-0.11037422,0.00006104
-0.11005422,0.00006104
-0.10973422,0.00006104
-0.10941422,0.00006104
-0.10909422,-0.01770074
-0.10877422,0.00006104
-0.10845422,0.00006104
-0.10813422,0.00006104
-0.10781422,0.00006104
-0.10749422,0.00006104
-0.10717422,0.00006104
-0.10685422,0.00006104
-0.10653422,0.00006104
-0.10621422,0.00006104
-0.10589422,0.00006104
-0.10557422,0.00006104
-0.10525422,0.00006104
-0.10493422,0.00006104
-0.10461422,0.00006104
-0.10429422,0.01788385
-0.10397422,0.00006104
-0.10365422,0.00006104
-0.10333422,0.00006104
-0.10301422,0.00006104
-0.10269422,0.00006104
-0.10237422,0.00006104
-0.10205422,0.00006104
-0.10173422,0.00006104
-0.10141422,0.00006104
-0.10109422,0.00006104
-0.10077422,0.00006104
-0.10045422,0.00006104
-0.10013422,0.00006104
-0.09981422,0.00006104
-0.09949422,0.00006104
-0.09917422,-0.01770074
-0.09885422,0.00006104
-0.09853422,0.00006104
-0.09821422,0.00006104
-0.09789422,0.00006104
-0.09757422,0.00006104
-0.09725422,0.00006104
-0.09693422,0.00006104
-0.09661422,0.00006104
-0.09629422,0.00006104
-0.09597422,0.00006104
-0.09565422,0.00006104
-0.09533422,0.00006104
-0.09501422,0.00006104
-0.09469422,0.00006104
-0.09437422,0.00006104
-0.09405422,0.00006104
-0.09373422,0.00006104
-0.09341422,0.00006104
-0.09309422,0.00006104
-0.09277422,0.00006104
-0.09245422,0.00006104
-0.09213422,0.00006104
-0.09181422,0.00006104
-0.09149422,0.00006104
-0.09117422,0.00006104
-0.09085422,0.00006104
-0.09053422,0.00006104
-0.09021422,0.00006104
-0.08989422,0.00006104
-0.08957422,0.00006104
-0.08925422,0.00006104
-0.08893422,0.00006104
-0.08861422,0.00006104
-0.08829422,0.00006104
-0.08797422,0.00006104
-0.08765422,0.00006104
-0.08733422,-0.01770074
-0.08701422,-0.01770074
-0.08669422,0.00006104
-0.08637422,0.00006104
-0.08605422,0.00006104
-0.08573422,0.00006104
-0.08541422,0.00006104
-0.08509422,0.00006104
-0.08477422,0.00006104
-0.08445422,-0.01770074
-0.08413422,0.00006104
-0.08381422,0.00006104
-0.08349422,0.00006104
-0.08317422,0.00006104
-0.08285422,0.00006104
-0.08253422,0.00006104
-0.08221422,0.00006104
-0.08189422,0.00006104
-0.08157422,0.00006104
-0.08125422,0.00006104
-0.08093422,0.00006104
-0.08061422,0.00006104
-0.08029422,0.00006104
-0.07997422,-0.01770074
-0.07965422,0.00006104
-0.07933422,0.00006104
-0.07901422,0.00006104
-0.07869422,0.00006104
-0.07837422,0.00006104
-0.07805422,-0.01770074
-0.07773422,0.00006104
-0.07741422,0.00006104
-0.07709422,0.00006104
-0.07677422,0.00006104
-0.07645422,0.00006104
-0.07613422,0.00006104
-0.07581422,0.00006104
-0.07549422,0.00006104
-0.07517422,0.00006104
-0.07485422,-0.01770074
-0.07453422,0.00006104
-0.07421422,0.00006104
-0.07389422,0.00006104
-0.07357422,0.00006104
-0.07325422,0.00006104
-0.07293422,0.00006104
-0.07261422,0.00006104
-0.07229422,0.00006104
-0.07197422,0.00006104
-0.07165422,0.00006104
-0.07133422,0.00006104
-0.07101422,-0.01770074
-0.07069422,0.00006104
-0.07037422,0.00006104
-0.07005422,0.00006104
-0.06973422,0.00006104
-0.06941422,0.00006104
-0.06909422,0.00006104
-0.06877422,0.00006104
-0.06845422,0.00006104
-0.06813422,0.00006104
-0.06781422,0.00006104
-0.06749422,0.00006104
-0.06717422,0.00006104
-0.06685422,0.00006104
-0.06653422,-0.01770074
-0.06621422,0.00006104
-0.06589422,0.00006104
-0.06557422,0.00006104
-0.06525422,0.00006104
-0.06493422,0.00006104
-0.06461422,0.00006104
-0.06429422,0.00006104
-0.06397422,0.00006104
-0.06365422,0.00006104
-0.06333422,0.00006104
-0.06301422,0.00006104
-0.06269422,0.00006104
-0.06237422,0.00006104
-0.06205422,0.00006104
-0.06173422,0.00006104
-0.06141422,0.00006104
-0.06109422,0.00006104
-0.06077422,0.00006104
-0.06045422,0.00006104
-0.06013422,0.00006104
-0.05981422,-0.01770074
-0.05949422,0.00006104
-0.05917422,0.00006104
-0.05885422,0.00006104
-0.05853422,0.00006104
-0.05821422,0.00006104
-0.05789422,0.00006104
-0.05757422,0.00006104
-0.05725422,0.00006104
-0.05693422,0.00006104
-0.05661422,0.00006104
-0.05629422,0.00006104
-0.05597422,0.00006104
-0.05565422,0.00006104
-0.05533422,0.00006104
-0.05501422,0.00006104
-0.05469422,0.00006104
-0.05437422,0.00006104
-0.05405422,0.00006104
-0.05373422,0.00006104
-0.05341422,0.00006104
-0.05309422,0.00006104
-0.05277422,0.00006104
-0.05245422,0.00006104
-0.05213422,0.00006104
-0.05181422,0.00006104
-0.05149422,0.00006104
-0.05117422,0.00006104
-0.05085422,0.00006104
-0.05053422,0.00006104
-0.05021422,-0.01770074
-0.04989422,0.00006104
-0.04957422,0.00006104
-0.04925422,0.00006104
-0.04893422,0.00006104
-0.04861422,0.00006104
-0.04829422,0.00006104
-0.04797422,0.00006104
-0.04765422,0.00006104
-0.04733422,0.00006104
-0.04701422,0.00006104
-0.04669422,0.00006104
-0.04637422,0.00006104
-0.04605422,0.00006104
-0.04573422,0.00006104
-0.04541422,0.00006104
-0.04509422,0.00006104
-0.04477422,0.00006104
-0.04445422,0.00006104
-0.04413422,0.00006104
-0.04381422,0.00006104
-0.04349422,0.00006104
-0.04317422,0.00006104
-0.04285422,0.00006104
-0.04253422,0.00006104
-0.04221422,0.00006104
-0.04189422,0.00006104
-0.04157422,0.00006104
-0.04125422,0.00006104
-0.04093422,0.00006104
-0.04061422,0.00006104
-0.04029422,0.00006104
-0.03997422,0.00006104
-0.03965422,0.00006104
-0.03933422,0.00006104
-0.03901422,0.00006104
-0.03869422,0.00006104
-0.03837422,0.00006104
-0.03805422,0.00006104
-0.03773422,0.00006104
-0.03741422,0.00006104
-0.03709422,0.00006104
-0.03677422,0.00006104
-0.03645422,0.00006104
-0.03613422,0.00006104
-0.03581422,0.00006104
-0.03549422,0.00006104
-0.03517422,0.00006104
-0.03485422,0.00006104
-0.03453422,0.00006104
-0.03421422,0.00006104
-0.03389422,0.00006104
-0.03357422,0.00006104
-0.03325422,0.00006104
-0.03293422,0.00006104
-0.03261422,0.00006104
-0.03229422,0.00006104
-0.03197422,0.00006104
-0.03165422,0.00006104
-0.03133422,-0.01770074
-0.03101422,0.00006104
-0.03069422,0.00006104
-0.03037422,0.00006104
-0.03005422,0.00006104
-0.02973422,0.00006104
-0.02941422,0.00006104
-0.02909422,0.00006104
-0.02877422,0.00006104
-0.02845422,0.00006104
-0.02813422,0.00006104
-0.02781422,0.00006104
-0.02749422,0.00006104
-0.02717422,0.00006104
-0.02685422,0.00006104
-0.02653422,0.00006104
-0.02621422,0.00006104
-0.02589422,0.00006104
-0.02557422,0.00006104
-0.02525422,0.00006104
-0.02493422,0.00006104
-0.02461422,0.00006104
-0.02429422,0.00006104
-0.02397422,-0.01770074
-0.02365422,0.00006104
-0.02333422,0.00006104
-0.02301422,0.00006104
-0.02269422,0.00006104
-0.02237422,0.00006104
-0.02205422,0.00006104
-0.02173422,0.00006104
-0.02141422,0.00006104
-0.02109422,0.00006104
-0.02077422,-0.01770074
-0.02045422,0.00006104
-0.02013422,0.00006104
-0.01981422,0.00006104
-0.01949422,0.00006104
-0.01917422,0.00006104
-0.01885422,0.00006104
-0.01853422,0.00006104
-0.01821422,0.00006104
-0.01789422,0.00006104
-0.01757422,0.00006104
-0.01725422,0.00006104
-0.01693422,0.00006104
-0.01661422,0.00006104
-0.01629422,0.00006104
-0.01597422,0.00006104
-0.01565422,0.00006104
-0.01533422,0.00006104
-0.01501422,0.00006104
-0.01469422,0.00006104
-0.01437422,0.00006104
-0.01405422,0.00006104
-0.01373422,0.00006104
-0.01341422,0.00006104
-0.01309422,0.00006104
-0.01277422,0.00006104
-0.01245422,0.00006104
-0.01213422,0.00006104
-0.01181422,0.00006104
-0.01149422,0.00006104
-0.01117422,0.00006104
-0.01085422,0.00006104
-0.01053422,0.00006104
-0.01021422,0.00006104
-0.00989422,0.00006104
-0.00957422,0.00006104
-0.00925422,0.00006104
-0.00893422,0.00006104
-0.00861422,0.00006104
-0.00829422,0.00006104
-0.00797422,0.00006104
-0.00765422,0.00006104
-0.00733422,0.00006104
-0.00701422,0.00006104
-0.00669422,0.00006104
-0.00637422,0.00006104
-0.00605422,-0.01770074
-0.00573422,0.00006104
-0.00541422,0.00006104
-0.00509422,0.00006104
-0.00477422,0.00006104
-0.00445422,0.00006104
-0.00413422,0.00006104
-0.00381422,0.00006104
-0.00349422,0.94344920
-0.00317422,0.67647326
-0.00285422,0.26703694
-0.00253422,-0.07110813
-0.00221422,-0.16010010
-0.00189422,-0.10669271
-0.00157422,-0.03552354
-0.00125422,-0.01770074
-0.00093422,-0.01770074
-0.00061422,-0.03552354
-0.00029422,-1.53080845
0.00002578,0.12469863
0.00034578,-0.21350749
0.00066578,-0.10669271
0.00098578,0.07129124
0.00130578,0.12469863
0.00162578,0.08911405
0.00194578,0.03570665
0.00226578,0.01788385
0.00258578,0.00006104
0.00290578,-0.01770074
0.00322578,0.00006104
0.00354578,0.00006104
0.00386578,0.01788385
0.00418578,0.01788385
0.00450578,0.01788385
0.00482578,0.00006104
0.00514578,0.00006104
0.00546578,0.01788385
0.00578578,0.01788385
0.00610578,0.01788385
0.00642578,0.03570665
0.00674578,0.05346843
0.00706578,0.05346843
0.00738578,0.07129124
0.00770578,0.03570665
0.00802578,0.05346843
0.00834578,0.07129124
0.00866578,0.03570665
0.00898578,0.05346843
0.00930578,0.08911405
0.00962578,0.07129124
0.00994578,0.01788385
0.01026578,0.01788385
0.01058578,0.01788385
0.01090578,0.01788385
0.01122578,0.00006104
0.01154578,-0.03552354
0.01186578,-0.03552354
0.01218578,-0.03552354
0.01250578,0.00006104
0.01282578,0.00006104
0.01314578,-0.01770074
0.01346578,0.03570665
0.01378578,0.00006104
0.01410578,-0.03552354
0.01442578,0.01788385
0.01474578,-0.01770074
0.01506578,0.00006104
0.01538578,0.05346843
0.01570578,0.01788385
0.01602578,0.01788385
0.01634578,0.03570665
0.01666578,0.01788385
0.01698578,0.01788385
0.01730578,0.00006104
0.01762578,0.01788385
0.01794578,0.00006104
0.01826578,0.01788385
0.01858578,0.03570665
0.01890578,0.01788385
0.01922578,-0.01770074
0.01954578,0.01788385
0.01986578,0.00006104
0.02018578,0.00006104
0.02050578,0.01788385
0.02082578,-0.01770074
0.02114578,-0.01770074
0.02146578,0.01788385
0.02178578,0.00006104
0.02210578,0.00006104
0.02242578,0.01788385
0.02274578,0.01788385
0.02306578,0.00006104
0.02338578,0.01788385
0.02370578,0.00006104
0.02402578,0.00006104
0.02434578,0.01788385
0.02466578,0.00006104
0.02498578,0.00006104
0.02530578,0.01788385
0.02562578,0.01788385
0.02594578,0.00006104
0.02626578,0.00006104
0.02658578,-0.01770074
0.02690578,0.00006104
0.02722578,0.00006104
0.02754578,0.00006104
0.02786578,-0.01770074
0.02818578,0.00006104
0.02850578,0.00006104
0.02882578,0.00006104
0.02914578,0.00006104
0.02946578,0.01788385
0.02978578,0.00006104
0.03010578,0.01788385
0.03042578,0.00006104
0.03074578,0.00006104
0.03106578,0.01788385
0.03138578,0.00006104
0.03170578,0.00006104
0.03202578,0.00006104
0.03234578,0.00006104
0.03266578,0.00006104
0.03298578,0.00006104
0.03330578,-0.01770074
0.03362578,0.00006104
0.03394578,0.00006104
0.03426578,0.00006104
0.03458578,0.00006104
0.03490578,0.00006104
0.03522578,0.00006104
0.03554578,0.01788385
0.03586578,0.00006104
0.03618578,-0.01770074
0.03650578,0.00006104
0.03682578,0.00006104
0.03714578,0.00006104
0.03746578,0.00006104
0.03778578,0.00006104
0.03810578,0.00006104
0.03842578,0.00006104
0.03874578,-0.01770074
0.03906578,-0.01770074
0.03938578,0.00006104
0.03970578,0.00006104
0.04002578,0.00006104
0.04034578,0.00006104
0.04066578,0.00006104
0.04098578,0.01788385
0.04130578,0.01788385
0.04162578,0.00006104
0.04194578,0.00006104
0.04226578,0.00006104
0.04258578,0.00006104
0.04290578,0.01788385
0.04322578,0.00006104
0.04354578,0.00006104
0.04386578,0.00006104
0.04418578,0.00006104
0.04450578,0.00006104
0.04482578,-0.01770074
0.04514578,0.00006104
0.04546578,0.00006104
0.04578578,-0.01770074
0.04610578,0.00006104
0.04642578,-0.01770074
0.04674578,0.00006104
0.04706578,0.00006104
0.04738578,0.00006104
0.04770578,0.00006104
0.04802578,0.00006104
0.04834578,0.00006104
0.04866578,0.00006104
0.04898578,0.00006104
0.04930578,0.00006104
0.04962578,0.00006104
0.04994578,0.00006104
0.05026578,0.00006104
0.05058578,0.00006104
0.05090578,0.00006104
0.05122578,0.00006104
0.05154578,0.00006104
0.05186578,0.00006104
0.05218578,0.00006104
0.05250578,0.00006104
0.05282578,0.00006104
0.05314578,0.00006104
0.05346578,0.00006104
0.05378578,0.00006104
0.05410578,-0.01770074
0.05442578,0.00006104
0.05474578,0.00006104
0.05506578,-0.01770074
0.05538578,0.00006104
0.05570578,0.00006104
0.05602578,0.00006104
0.05634578,0.00006104
0.05666578,0.00006104
0.05698578,0.00006104
0.05730578,0.00006104
0.05762578,0.00006104
0.05794578,0.00006104
0.05826578,0.00006104
0.05858578,0.00006104
0.05890578,0.00006104
0.05922578,0.00006104
0.05954578,0.00006104
0.05986578,0.00006104
0.06018578,0.00006104
0.06050578,0.00006104
0.06082578,0.00006104
0.06114578,0.00006104
0.06146578,0.00006104
0.06178578,0.00006104
0.06210578,0.00006104
0.06242578,0.00006104
0.06274578,0.00006104
0.06306578,0.00006104
0.06338578,-0.01770074
0.06370578,0.00006104
0.06402578,0.00006104
0.06434578,0.00006104
0.06466578,0.00006104
0.06498578,0.00006104
0.06530578,0.00006104
0.06562578,0.00006104
0.06594578,0.00006104
0.06626578,0.00006104
0.06658578,0.00006104
0.06690578,0.00006104
0.06722578,0.00006104
0.06754578,0.00006104
0.06786578,0.00006104
0.06818578,0.00006104
0.06850578,0.00006104
0.06882578,0.00006104
0.06914578,-0.01770074
0.06946578,0.00006104
0.06978578,0.00006104
0.07010578,0.00006104
0.07042578,0.00006104
0.07074578,0.00006104
0.07106578,-0.01770074
0.07138578,0.00006104
0.07170578,0.00006104
0.07202578,0.00006104
0.07234578,0.00006104
0.07266578,0.00006104
0.07298578,0.00006104
0.07330578,0.00006104
0.07362578,0.00006104
0.07394578,0.00006104
0.07426578,0.00006104
0.07458578,0.00006104
0.07490578,0.00006104
0.07522578,0.00006104
0.07554578,0.00006104
0.07586578,0.00006104
0.07618578,-0.01770074
0.07650578,0.00006104
0.07682578,0.00006104
0.07714578,0.00006104
0.07746578,0.00006104
0.07778578,0.00006104
0.07810578,0.00006104
0.07842578,0.00006104
0.07874578,0.00006104
0.07906578,0.00006104
0.07938578,0.00006104
0.07970578,0.00006104
0.08002578,0.00006104
0.08034578,0.00006104
0.08066578,0.00006104
0.08098578,0.00006104
0.08130578,0.00006104
0.08162578,0.00006104
0.08194578,-0.01770074
0.08226578,-0.01770074
0.08258578,0.00006104
0.08290578,0.00006104
0.08322578,0.00006104
0.08354578,0.00006104
0.08386578,0.00006104
0.08418578,0.00006104
0.08450578,0.00006104
0.08482578,0.00006104
0.08514578,0.00006104
0.08546578,0.00006104
0.08578578,0.00006104
0.08610578,0.00006104
0.08642578,0.00006104
0.08674578,0.00006104
0.08706578,0.00006104
0.08738578,0.00006104
0.08770578,-0.01770074
0.08802578,0.00006104
0.08834578,0.00006104
0.08866578,0.00006104
0.08898578,0.00006104
0.08930578,0.00006104
0.08962578,0.00006104
0.08994578,0.00006104
0.09026578,-0.01770074
0.09058578,0.00006104
0.09090578,0.00006104
0.09122578,0.00006104
0.09154578,0.00006104
0.09186578,-0.01770074
0.09218578,0.00006104
0.09250578,0.00006104
0.09282578,0.00006104
0.09314578,0.00006104
0.09346578,0.00006104
0.09378578,0.00006104
0.09410578,0.00006104
0.09442578,0.00006104
0.09474578,0.00006104
0.09506578,0.00006104
0.09538578,0.00006104
0.09570578,0.00006104
0.09602578,0.00006104
0.09634578,0.00006104
0.09666578,0.00006104
0.09698578,0.00006104
0.09730578,0.00006104
0.09762578,0.00006104
0.09794578,-0.01770074
0.09826578,0.00006104
0.09858578,0.00006104
0.09890578,0.00006104
0.09922578,0.00006104
0.09954578,0.00006104
0.09986578,0.00006104
0.10018578,0.00006104
0.10050578,0.00006104
0.10082578,0.00006104
0.10114578,0.00006104
0.10146578,0.00006104
0.10178578,0.00006104
0.10210578,0.00006104
0.10242578,0.00006104
0.10274578,0.00006104
0.10306578,-0.01770074
0.10338578,0.00006104
0.10370578,0.00006104
0.10402578,0.00006104
0.10434578,-0.01770074
0.10466578,-0.01770074
0.10498578,0.00006104
0.10530578,0.00006104
0.10562578,0.00006104
0.10594578,0.00006104
0.10626578,0.00006104
0.10658578,0.00006104
0.10690578,0.00006104
0.10722578,-0.01770074
0.10754578,0.00006104
0.10786578,0.00006104
0.10818578,-0.01770074
0.10850578,0.00006104
0.10882578,0.00006104
0.10914578,0.00006104
0.10946578,0.00006104
0.10978578,-0.01770074
0.11010578,0.00006104
0.11042578,0.00006104
0.11074578,0.00006104
0.11106578,0.00006104
0.11138578,0.00006104
0.11170578,0.00006104
0.11202578,0.00006104
0.11234578,0.00006104
0.11266578,0.00006104
0.11298578,0.00006104
0.11330578,0.00006104
0.11362578,0.00006104
0.11394578,-0.01770074
0.11426578,0.00006104
0.11458578,0.00006104
0.11490578,0.00006104
0.11522578,0.00006104
0.11554578,0.00006104
0.11586578,0.00006104
0.11618578,0.00006104
0.11650578,0.00006104
0.11682578,0.00006104
0.11714578,0.00006104
0.11746578,0.00006104
0.11778578,0.00006104
0.11810578,0.00006104
0.11842578,0.00006104
0.11874578,0.00006104
0.11906578,0.00006104
0.11938578,0.00006104
0.11970578,0.00006104
0.12002578,-0.01770074
0.12034578,0.00006104
0.12066578,0.00006104
0.12098578,0.00006104
0.12130578,0.00006104
0.12162578,0.00006104
0.12194578,0.00006104
0.12226578,0.00006104
0.12258578,0.00006104
0.12290578,0.00006104
0.12322578,0.00006104
0.12354578,0.00006104
0.12386578,0.00006104
0.12418578,-0.01770074
0.12450578,0.00006104
0.12482578,0.00006104
0.12514578,0.00006104
0.12546578,0.00006104
0.12578578,0.00006104
0.12610578,0.00006104
0.12642578,0.00006104
0.12674578,0.00006104
0.12706578,0.00006104
0.12738578,0.00006104
0.12770578,0.00006104
0.12802578,0.00006104
0.12834578,0.00006104
0.12866578,0.00006104
0.12898578,0.00006104
0.12930578,0.00006104
0.12962578,0.00006104
0.12994578,0.00006104
0.13026578,0.00006104
0.13058578,0.00006104
0.13090578,0.00006104
0.13122578,0.00006104
0.13154578,0.00006104
0.13186578,-0.01770074
0.13218578,0.00006104
0.13250578,0.00006104
0.13282578,0.00006104
0.13314578,0.00006104
0.13346578,0.00006104
0.13378578,0.00006104
0.13410578,0.00006104
0.13442578,0.00006104
0.13474578,0.00006104
0.13506578,0.00006104
0.13538578,0.00006104
0.13570578,0.00006104
0.13602578,0.00006104
0.13634578,0.00006104
0.13666578,0.00006104
0.13698578,0.00006104
0.13730578,0.00006104
0.13762578,0.00006104
0.13794578,0.00006104
0.13826578,-0.01770074
0.13858578,0.00006104
0.13890578,-0.01770074
0.13922578,0.00006104
0.13954578,0.00006104
0.13986578,0.00006104
0.14018578,0.00006104
0.14050578,-0.01770074
0.14082578,0.00006104
0.14114578,0.00006104
0.14146578,0.00006104
0.14178578,0.00006104
0.14210578,0.00006104
0.14242578,0.00006104
0.14274578,0.00006104
0.14306578,0.00006104
0.14338578,0.00006104
0.14370578,0.00006104
0.14402578,0.00006104
0.14434578,0.00006104
0.14466578,0.00006104
0.14498578,0.00006104
0.14530578,0.00006104
0.14562578,0.00006104
0.14594578,0.00006104
0.14626578,0.00006104
0.14658578,0.00006104
0.14690578,0.00006104
0.14722578,0.00006104
0.14754578,0.00006104
0.14786578,0.00006104
0.14818578,0.00006104
0.14850578,0.00006104
0.14882578,0.00006104
0.14914578,0.00006104
0.14946578,0.00006104
0.14978578,0.00006104
0.15010578,0.00006104
0.15042578,0.00006104
0.15074578,0.00006104
0.15106578,0.00006104
0.15138578,0.00006104
0.15170578,0.00006104
0.15202578,0.00006104
0.15234578,0.00006104
0.15266578,0.00006104
0.15298578,0.00006104
0.15330578,-0.01770074
0.15362578,-0.01770074
0.15394578,0.00006104
0.15426578,0.00006104
0.15458578,0.00006104
0.15490578,0.00006104
0.15522578,-0.01770074
0.15554578,0.00006104
0.15586578,0.00006104
0.15618578,0.00006104
0.15650578,-0.01770074
0.15682578,0.00006104
0.15714578,0.00006104
0.15746578,0.00006104
0.15778578,0.00006104
0.15810578,0.00006104
0.15842578,0.00006104
0.15874578,-0.01770074
0.15906578,0.00006104
0.15938578,0.00006104
0.15970578,0.00006104
0.16002578,0.00006104
0.16034578,0.00006104
0.16066578,0.00006104
0.16098578,0.00006104
0.16130578,0.00006104
0.16162578,0.00006104
0.16194578,0.00006104
0.16226578,-0.01770074
0.16258578,0.00006104
0.16290578,0.00006104
0.16322578,0.00006104
0.16354578,0.00006104
0.16386578,0.00006104
0.16418578,0.00006104
0.16450578,0.00006104
0.16482578,0.00006104
0.16514578,0.00006104
0.16546578,0.00006104
0.16578578,0.00006104
0.16610578,0.00006104
0.16642578,0.00006104
0.16674578,0.00006104
0.16706578,0.00006104
0.16738578,0.00006104
0.16770578,-0.01770074
0.16802578,0.00006104
0.16834578,0.00006104
0.16866578,0.00006104
0.16898578,0.00006104
0.16930578,0.00006104
0.16962578,0.00006104
0.16994578,0.00006104
0.17026578,0.00006104
0.17058578,0.00006104
0.17090578,0.00006104
0.17122578,0.00006104
0.17154578,0.00006104
0.17186578,0.00006104
0.17218578,0.00006104
0.17250578,0.00006104
0.17282578,0.00006104
0.17314578,0.00006104
0.17346578,0.00006104
0.17378578,0.00006104
0.17410578,0.00006104
0.17442578,0.00006104
0.17474578,0.00006104
0.17506578,0.00006104
0.17538578,0.00006104
0.17570578,0.00006104
0.17602578,0.00006104
0.17634578,0.00006104
0.17666578,0.00006104
0.17698578,0.00006104
0.17730578,-0.01770074
0.17762578,0.00006104
0.17794578,0.00006104
0.17826578,0.00006104
0.17858578,0.00006104
0.17890578,0.00006104
0.17922578,0.00006104
0.17954578,0.00006104
0.17986578,0.00006104
0.18018578,0.00006104
0.18050578,-0.01770074
0.18082578,0.00006104
0.18114578,-0.01770074
0.18146578,0.00006104
0.18178578,0.00006104
0.18210578,0.00006104
0.18242578,0.00006104
0.18274578,0.00006104
0.18306578,0.00006104
0.18338578,0.00006104
0.18370578,0.00006104
0.18402578,0.00006104
0.18434578,0.00006104
0.18466578,0.00006104
0.18498578,0.00006104
0.18530578,0.00006104
0.18562578,0.00006104
0.18594578,0.00006104
0.18626578,0.00006104
0.18658578,0.00006104
0.18690578,0.00006104
0.18722578,0.00006104
0.18754578,0.00006104
0.18786578,0.00006104
0.18818578,0.00006104
0.18850578,0.00006104
0.18882578,0.00006104
0.18914578,0.00006104
0.18946578,0.00006104
0.18978578,0.00006104
0.19010578,0.00006104
0.19042578,0.00006104
0.19074578,0.00006104
0.19106578,0.00006104
0.19138578,-0.01770074
0.19170578,0.00006104
0.19202578,0.00006104
0.19234578,0.00006104
0.19266578,0.00006104
0.19298578,0.00006104
0.19330578,0.00006104
0.19362578,0.00006104
0.19394578,0.00006104
0.19426578,0.00006104
0.19458578,0.00006104
0.19490578,0.00006104
0.19522578,0.00006104
0.19554578,0.00006104
0.19586578,0.00006104
0.19618578,0.00006104
0.19650578,0.00006104
0.19682578,0.00006104
0.19714578,0.00006104
0.19746578,0.00006104
0.19778578,0.00006104
0.19810578,-0.01770074
0.19842578,0.00006104
0.19874578,0.00006104
0.19906578,-0.01770074
0.19938578,0.00006104
0.19970578,0.00006104
0.20002578,0.00006104
0.20034578,0.00006104
0.20066578,0.00006104
0.20098578,0.00006104
0.20130578,0.00006104
0.20162578,0.00006104
0.20194578,0.00006104
0.20226578,0.00006104
0.20258578,0.00006104
0.20290578,0.00006104
0.20322578,0.00006104
0.20354578,0.00006104
0.20386578,0.00006104
0.20418578,-0.01770074
0.20450578,0.00006104
0.20482578,0.00006104
0.20514578,0.00006104
0.20546578,0.00006104
0.20578578,0.00006104
0.20610578,0.00006104
0.20642578,-0.01770074
0.20674578,0.00006104
0.20706578,0.00006104
0.20738578,0.00006104
0.20770578,0.00006104
0.20802578,0.00006104
0.20834578,0.00006104
0.20866578,0.00006104
0.20898578,0.00006104
0.20930578,0.00006104
0.20962578,0.00006104
0.20994578,0.00006104
0.21026578,0.00006104
0.21058578,0.00006104
0.21090578,0.00006104
0.21122578,0.00006104
0.21154578,0.00006104
0.21186578,0.00006104
0.21218578,0.00006104
0.21250578,0.00006104
0.21282578,0.00006104
0.21314578,0.00006104
0.21346578,0.00006104
0.21378578,0.00006104
0.21410578,0.00006104
0.21442578,0.00006104
0.21474578,0.00006104
0.21506578,0.00006104
0.21538578,0.00006104
0.21570578,0.00006104
0.21602578,0.00006104
0.21634578,0.00006104
0.21666578,0.00006104
0.21698578,0.00006104
0.21730578,0.00006104
0.21762578,0.00006104
0.21794578,0.00006104
0.21826578,0.00006104
0.21858578,0.00006104
0.21890578,0.00006104
0.21922578,0.00006104
0.21954578,-0.01770074
0.21986578,0.00006104
0.22018578,0.00006104
0.22050578,0.00006104
0.22082578,0.00006104
0.22114578,-0.01770074
0.22146578,0.00006104
0.22178578,0.00006104
0.22210578,0.00006104
0.22242578,0.00006104
0.22274578,0.00006104
0.22306578,0.00006104
0.22338578,0.00006104
0.22370578,0.00006104
0.22402578,0.00006104
0.22434578,0.00006104
0.22466578,0.00006104
0.22498578,0.00006104
0.22530578,0.00006104
0.22562578,0.00006104
0.22594578,0.00006104
0.22626578,0.00006104
0.22658578,0.00006104
0.22690578,0.00006104
0.22722578,0.00006104
0.22754578,-0.01770074
0.22786578,0.00006104
0.22818578,0.00006104
0.22850578,0.00006104
0.22882578,0.00006104
0.22914578,0.00006104
0.22946578,0.00006104
0.22978578,0.00006104
0.23010578,0.00006104
0.23042578,0.00006104
0.23074578,0.00006104
0.23106578,0.00006104
0.23138578,0.00006104
0.23170578,0.00006104
0.23202578,0.00006104
0.23234578,0.00006104
0.23266578,0.00006104
0.23298578,0.00006104
0.23330578,0.00006104
0.23362578,0.00006104
0.23394578,0.00006104
0.23426578,0.00006104
0.23458578,0.00006104
0.23490578,0.00006104
0.23522578,0.00006104
0.23554578,0.00006104
0.23586578,0.00006104
0.23618578,0.00006104
0.23650578,-0.01770074
0.23682578,0.00006104
0.23714578,0.00006104
0.23746578,-0.01770074
0.23778578,0.00006104
0.23810578,0.00006104
0.23842578,0.00006104
0.23874578,0.00006104
0.23906578,-0.01770074
0.23938578,0.00006104
0.23970578,0.00006104
0.24002578,0.00006104
0.24034578,0.00006104
0.24066578,0.00006104
0.24098578,0.00006104
0.24130578,0.00006104
0.24162578,0.00006104
0.24194578,0.00006104
0.24226578,0.00006104
0.24258578,0.00006104
0.24290578,0.00006104
0.24322578,0.00006104
0.24354578,-0.01770074
0.24386578,0.00006104
0.24418578,0.00006104
0.24450578,-0.01770074
0.24482578,0.00006104
0.24514578,0.00006104
0.24546578,-0.01770074
0.24578578,0.00006104
0.24610578,0.00006104
0.24642578,0.00006104
0.24674578,0.00006104
0.24706578,-0.01770074
0.24738578,0.00006104
0.24770578,0.00006104
0.24802578,0.00006104
0.24834578,0.00006104
0.24866578,0.00006104
0.24898578,0.00006104
0.24930578,0.00006104
0.24962578,0.00006104
0.24994578,0.00006104
0.25026578,0.00006104
0.25058578,0.00006104
0.25090578,0.00006104
0.25122578,0.00006104
0.25154578,0.00006104
0.25186578,0.00006104
0.25218578,0.00006104
0.25250578,0.00006104
0.25282578,-0.01770074
0.25314578,0.00006104
0.25346578,0.00006104
0.25378578,0.00006104
0.25410578,0.00006104
0.25442578,0.00006104
0.25474578,0.00006104
0.25506578,0.00006104
0.25538578,0.00006104
0.25570578,0.00006104
0.25602578,0.00006104
0.25634578,-0.01770074
0.25666578,-0.01770074
0.25698578,0.00006104
0.25730578,0.00006104
0.25762578,0.00006104
0.25794578,0.00006104
0.25826578,0.00006104
0.25858578,0.00006104
0.25890578,0.00006104
0.25922578,0.00006104
0.25954578,0.00006104
0.25986578,0.00006104
0.26018578,0.00006104
0.26050578,0.00006104
0.26082578,0.00006104
0.26114578,0.00006104
0.26146578,0.00006104
0.26178578,0.00006104
0.26210578,-0.01770074
0.26242578,-0.01770074
0.26274578,0.00006104
0.26306578,0.00006104
0.26338578,0.00006104
0.26370578,0.00006104
0.26402578,-0.01770074
0.26434578,-0.01770074
0.26466578,0.00006104
0.26498578,0.00006104
0.26530578,0.00006104
0.26562578,0.00006104
0.26594578,0.00006104
0.26626578,0.00006104
0.26658578,0.00006104
0.26690578,0.00006104
0.26722578,0.00006104
0.26754578,0.00006104
0.26786578,0.00006104
0.26818578,0.00006104
0.26850578,0.00006104
0.26882578,0.00006104
0.26914578,0.00006104
0.26946578,0.00006104
0.26978578,0.00006104
0.27010578,0.00006104
0.27042578,0.00006104
0.27074578,0.00006104
0.27106578,-0.01770074
0.27138578,0.00006104
0.27170578,0.00006104
0.27202578,0.00006104
0.27234578,-0.01770074
0.27266578,0.00006104
0.27298578,0.00006104
0.27330578,0.00006104
0.27362578,-0.01770074
0.27394578,0.00006104
0.27426578,0.00006104
0.27458578,0.00006104
0.27490578,0.00006104
0.27522578,0.00006104
0.27554578,0.00006104
0.27586578,0.00006104
0.27618578,0.00006104
0.27650578,0.00006104
0.27682578,0.00006104
0.27714578,0.00006104
0.27746578,0.00006104
0.27778578,-0.01770074
0.27810578,0.00006104
0.27842578,0.00006104
0.27874578,0.00006104
0.27906578,0.00006104
0.27938578,0.00006104
0.27970578,0.00006104
0.28002578,0.00006104
0.28034578,0.00006104
0.28066578,0.00006104
0.28098578,0.00006104
0.28130578,0.00006104
0.28162578,0.00006104
0.28194578,0.00006104
0.28226578,0.00006104
0.28258578,0.00006104
0.28290578,0.00006104
0.28322578,0.00006104
0.28354578,0.00006104
0.28386578,0.00006104
0.28418578,0.00006104
0.28450578,0.00006104
0.28482578,0.00006104
0.28514578,0.00006104
0.28546578,0.00006104
0.28578578,0.00006104
0.28610578,0.00006104
0.28642578,0.00006104
0.28674578,0.00006104
0.28706578,0.00006104
0.28738578,-0.01770074
0.28770578,-0.01770074
0.28802578,0.00006104
0.28834578,0.00006104
0.28866578,-0.01770074
0.28898578,0.00006104
0.28930578,0.00006104
0.28962578,0.00006104
0.28994578,0.00006104
0.29026578,0.00006104
0.29058578,0.00006104
0.29090578,-0.01770074
0.29122578,0.00006104
0.29154578,0.00006104
0.29186578,0.00006104
0.29218578,0.00006104
0.29250578,0.00006104
0.29282578,0.00006104
0.29314578,0.00006104
0.29346578,0.00006104
0.29378578,0.00006104
0.29410578,0.00006104
0.29442578,-0.01770074
0.29474578,0.00006104
0.29506578,0.00006104
0.29538578,0.00006104
0.29570578,0.00006104
0.29602578,0.00006104
0.29634578,-0.01770074
0.29666578,0.00006104
0.29698578,0.00006104
0.29730578,0.00006104
0.29762578,-0.01770074
0.29794578,0.00006104
0.29826578,0.00006104
0.29858578,0.00006104
0.29890578,0.00006104
0.29922578,0.00006104
0.29954578,0.00006104
0.29986578,0.00006104
0.30018578,-0.01770074
0.30050578,0.00006104
0.30082578,0.00006104
0.30114578,0.00006104
0.30146578,0.00006104
0.30178578,0.00006104
0.30210578,0.00006104
0.30242578,0.00006104
0.30274578,0.00006104
0.30306578,0.00006104
0.30338578,0.00006104
0.30370578,0.00006104
0.30402578,0.00006104
0.30434578,0.00006104
0.30466578,0.00006104
0.30498578,-0.01770074
0.30530578,0.00006104
0.30562578,0.00006104
0.30594578,0.00006104
0.30626578,0.00006104
0.30658578,0.00006104
0.30690578,0.00006104
0.30722578,0.00006104
0.30754578,0.00006104
0.30786578,0.00006104
0.30818578,0.00006104
0.30850578,0.00006104
0.30882578,0.00006104
0.30914578,0.00006104
0.30946578,0.00006104
0.30978578,0.00006104
0.31010578,0.00006104
0.31042578,0.00006104
0.31074578,0.00006104
0.31106578,0.00006104
0.31138578,0.00006104
0.31170578,0.00006104
0.31202578,-0.01770074
0.31234578,0.00006104
0.31266578,0.00006104
0.31298578,0.00006104
0.31330578,0.00006104
0.31362578,0.00006104
0.31394578,0.00006104
0.31426578,0.00006104
0.31458578,-0.01770074
0.31490578,0.00006104
0.31522578,0.00006104
0.31554578,0.00006104
0.31586578,0.00006104
0.31618578,0.00006104
0.31650578,0.00006104
0.31682578,0.00006104
0.31714578,0.00006104
0.31746578,0.00006104
0.31778578,0.00006104
0.31810578,0.00006104
0.31842578,-0.01770074
0.31874578,0.00006104
0.31906578,0.00006104
0.31938578,0.00006104
0.31970578,0.00006104
0.32002578,0.00006104
0.32034578,0.00006104
0.32066578,0.00006104
0.32098578,-0.01770074
0.32130578,0.00006104
0.32162578,0.00006104
0.32194578,0.00006104
0.32226578,-0.01770074
0.32258578,0.00006104
0.32290578,0.00006104
0.32322578,0.00006104
0.32354578,0.00006104
0.32386578,0.00006104
0.32418578,0.00006104
0.32450578,0.00006104
0.32482578,0.00006104
0.32514578,0.00006104
0.32546578,0.00006104
0.32578578,0.00006104
0.32610578,0.00006104
0.32642578,0.00006104
0.32674578,0.00006104
0.32706578,0.00006104
0.32738578,0.00006104
0.32770578,0.00006104
0.32802578,0.00006104
0.32834578,0.00006104
0.32866578,0.00006104
0.32898578,0.00006104
0.32930578,0.00006104
0.32962578,0.00006104
0.32994578,0.00006104
0.33026578,0.00006104
0.33058578,0.00006104
0.33090578,0.00006104
0.33122578,0.00006104
0.33154578,0.00006104
0.33186578,0.00006104
0.33218578,0.00006104
0.33250578,0.00006104
0.33282578,0.00006104
0.33314578,0.00006104
0.33346578,0.00006104
0.33378578,0.00006104
0.33410578,0.00006104
0.33442578,-0.01770074
0.33474578,-0.01770074
0.33506578,0.00006104
0.33538578,0.00006104
0.33570578,0.00006104
0.33602578,0.00006104
0.33634578,0.00006104
0.33666578,0.00006104
0.33698578,0.00006104
0.33730578,0.00006104
0.33762578,0.00006104
0.33794578,0.00006104
0.33826578,0.00006104
0.33858578,0.00006104
0.33890578,0.00006104
0.33922578,0.00006104
0.33954578,0.00006104
0.33986578,0.00006104
0.34018578,0.00006104
0.34050578,0.00006104
0.34082578,0.00006104
0.34114578,0.00006104
0.34146578,0.00006104
0.34178578,0.00006104
0.34210578,0.00006104
0.34242578,0.00006104
0.34274578,0.00006104
0.34306578,0.00006104
0.34338578,0.00006104
0.34370578,-0.01770074
0.34402578,0.00006104
0.34434578,0.00006104
0.34466578,0.00006104
0.34498578,0.00006104
0.34530578,0.00006104
0.34562578,0.00006104
0.34594578,0.00006104
0.34626578,0.00006104
0.34658578,0.00006104
0.34690578,0.00006104
0.34722578,0.00006104
0.34754578,0.00006104
0.34786578,0.00006104
0.34818578,0.00006104
0.34850578,0.00006104
0.34882578,0.00006104
0.34914578,0.00006104
0.34946578,0.00006104
0.34978578,0.00006104
0.35010578,0.00006104
0.35042578,0.00006104
0.35074578,0.00006104
0.35106578,0.00006104
0.35138578,0.00006104
0.35170578,0.00006104
0.35202578,0.00006104
0.35234578,0.00006104
0.35266578,0.00006104
0.35298578,0.00006104
0.35330578,0.00006104
0.35362578,0.00006104
0.35394578,0.00006104
0.35426578,0.00006104
0.35458578,0.00006104
0.35490578,0.00006104
0.35522578,0.00006104
0.35554578,0.00006104
0.35586578,0.00006104
0.35618578,0.00006104
0.35650578,-0.03552354
0.35682578,0.00006104
0.35714578,0.00006104
0.35746578,0.00006104
0.35778578,0.00006104
0.35810578,0.00006104
0.35842578,0.00006104
0.35874578,0.00006104
0.35906578,0.00006104
0.35938578,0.00006104
0.35970578,0.00006104
0.36002578,0.00006104
0.36034578,-0.01770074
0.36066578,0.00006104
0.36098578,0.00006104
0.36130578,0.00006104
0.36162578,0.00006104
0.36194578,0.00006104
0.36226578,0.00006104
0.36258578,0.00006104
0.36290578,0.00006104
0.36322578,0.00006104
0.36354578,0.00006104
0.36386578,0.00006104
0.36418578,0.00006104
0.36450578,-0.01770074
0.36482578,0.00006104
0.36514578,0.00006104
0.36546578,0.00006104
0.36578578,-0.01770074
0.36610578,0.00006104
0.36642578,0.00006104
0.36674578,0.00006104
0.36706578,0.00006104
0.36738578,0.00006104
0.36770578,0.00006104
0.36802578,-0.01770074
0.36834578,0.00006104
0.36866578,0.00006104
0.36898578,0.00006104
0.36930578,0.00006104
0.36962578,0.00006104
0.36994578,0.00006104
0.37026578,0.00006104
0.37058578,0.00006104
0.37090578,0.00006104
0.37122578,0.00006104
0.37154578,0.00006104
0.37186578,0.00006104
0.37218578,0.00006104
0.37250578,0.00006104
0.37282578,0.00006104
0.37314578,0.00006104
0.37346578,0.00006104
0.37378578,0.00006104
0.37410578,0.00006104
0.37442578,0.00006104
0.37474578,0.00006104
0.37506578,0.00006104
0.37538578,0.00006104
0.37570578,0.00006104
0.37602578,0.00006104
0.37634578,0.00006104
0.37666578,-0.01770074
0.37698578,0.00006104
0.37730578,0.00006104
0.37762578,0.00006104
0.37794578,0.00006104
0.37826578,0.00006104
0.37858578,0.00006104
0.37890578,-0.01770074
0.37922578,0.00006104
0.37954578,0.00006104
0.37986578,0.00006104
0.38018578,0.00006104
0.38050578,0.00006104
0.38082578,0.00006104
0.38114578,0.00006104
0.38146578,0.00006104
0.38178578,0.00006104
0.38210578,0.00006104
0.38242578,0.00006104
0.38274578,0.00006104
0.38306578,0.00006104
0.38338578,0.00006104
0.38370578,0.00006104
0.38402578,0.00006104
0.38434578,0.00006104
0.38466578,0.00006104
0.38498578,0.00006104
0.38530578,0.00006104
0.38562578,0.00006104
0.38594578,0.00006104
0.38626578,-0.01770074
0.38658578,0.00006104
0.38690578,-0.01770074
0.38722578,0.00006104
0.38754578,0.00006104
0.38786578,0.00006104
0.38818578,-0.01770074
0.38850578,0.00006104
0.38882578,0.00006104
0.38914578,0.00006104
0.38946578,0.00006104
0.38978578,0.00006104
0.39010578,0.00006104
0.39042578,0.00006104
0.39074578,0.00006104
0.39106578,0.00006104
0.39138578,-0.01770074
0.39170578,0.00006104
0.39202578,-0.01770074
0.39234578,0.00006104
0.39266578,0.00006104
0.39298578,0.00006104
0.39330578,0.00006104
0.39362578,0.00006104
0.39394578,0.00006104
0.39426578,0.00006104
0.39458578,0.00006104
0.39490578,0.00006104
0.39522578,0.00006104
0.39554578,0.00006104
0.39586578,0.00006104
0.39618578,0.00006104
0.39650578,0.00006104
0.39682578,-0.01770074
0.39714578,0.00006104
0.39746578,0.00006104
0.39778578,0.00006104
0.39810578,0.00006104
0.39842578,0.00006104
0.39874578,-0.01770074
0.39906578,0.00006104
0.39938578,0.00006104
0.39970578,0.00006104
0.40002578,0.00006104
0.40034578,0.00006104
0.40066578,0.00006104
0.40098578,0.00006104
0.40130578,0.00006104
0.40162578,0.00006104
0.40194578,0.00006104
0.40226578,0.00006104
0.40258578,0.00006104
0.40290578,0.00006104
0.40322578,0.00006104
0.40354578,0.00006104
0.40386578,0.00006104
0.40418578,0.00006104
0.40450578,0.00006104
0.40482578,-0.01770074
0.40514578,0.00006104
0.40546578,0.00006104
0.40578578,0.00006104
0.40610578,0.00006104
0.40642578,0.00006104
0.40674578,0.00006104
0.40706578,0.00006104
0.40738578,0.00006104
0.40770578,0.00006104
0.40802578,-0.01770074
0.40834578,0.00006104
0.40866578,-0.01770074
0.40898578,0.00006104
0.40930578,0.00006104
0.40962578,0.00006104
0.40994578,0.00006104
0.41026578,0.00006104
0.41058578,0.00006104
0.41090578,0.00006104
0.41122578,0.00006104
0.41154578,0.00006104
0.41186578,0.00006104
0.41218578,0.00006104
0.41250578,0.00006104
0.41282578,0.00006104
0.41314578,0.00006104
0.41346578,0.00006104
0.41378578,0.00006104
0.41410578,0.00006104
0.41442578,0.00006104
0.41474578,0.00006104
0.41506578,0.00006104
0.41538578,0.00006104
0.41570578,0.00006104
0.41602578,0.00006104
0.41634578,0.00006104
0.41666578,0.00006104
0.41698578,0.00006104
0.41730578,0.00006104
0.41762578,0.00006104
0.41794578,0.00006104
0.41826578,0.00006104
0.41858578,0.00006104
0.41890578,0.00006104
0.41922578,0.00006104
0.41954578,0.00006104
0.41986578,0.00006104
0.42018578,0.00006104
0.42050578,0.00006104
0.42082578,-0.01770074
0.42114578,0.00006104
0.42146578,0.00006104
0.42178578,0.00006104
0.42210578,0.00006104
0.42242578,0.00006104
0.42274578,0.00006104
0.42306578,0.00006104
0.42338578,0.00006104
0.42370578,0.00006104
0.42402578,0.00006104
0.42434578,0.00006104
0.42466578,-0.01770074
0.42498578,0.00006104
0.42530578,0.00006104
0.42562578,0.00006104
0.42594578,0.00006104
0.42626578,0.00006104
0.42658578,-0.01770074
0.42690578,0.00006104
0.42722578,0.00006104
0.42754578,0.00006104
0.42786578,0.00006104
0.42818578,0.00006104
0.42850578,0.00006104
0.42882578,0.00006104
0.42914578,0.00006104
0.42946578,0.00006104
0.42978578,0.00006104
0.43010578,0.00006104
0.43042578,0.00006104
0.43074578,0.00006104
0.43106578,0.00006104
0.43138578,0.00006104
0.43170578,0.00006104
0.43202578,0.00006104
0.43234578,0.00006104
0.43266578,0.00006104
0.43298578,0.00006104
0.43330578,0.00006104
0.43362578,0.00006104
0.43394578,0.00006104
0.43426578,0.00006104
0.43458578,0.00006104
0.43490578,0.00006104
0.43522578,0.00006104
0.43554578,0.00006104
0.43586578,0.00006104
0.43618578,0.00006104
0.43650578,0.00006104
0.43682578,0.00006104
0.43714578,0.00006104
0.43746578,0.00006104
0.43778578,0.00006104
0.43810578,0.00006104
0.43842578,0.00006104
0.43874578,0.00006104
0.43906578,0.00006104
0.43938578,0.00006104
0.43970578,0.00006104
0.44002578,0.00006104
0.44034578,0.00006104
0.44066578,0.00006104
0.44098578,0.00006104
0.44130578,0.00006104
0.44162578,0.00006104
0.44194578,0.00006104
0.44226578,0.00006104
0.44258578,0.00006104
0.44290578,0.00006104
0.44322578,0.00006104
0.44354578,0.00006104
0.44386578,0.00006104
0.44418578,0.00006104
0.44450578,0.00006104
0.44482578,0.00006104
0.44514578,0.00006104
0.44546578,0.00006104
0.44578578,0.00006104
0.44610578,-0.01770074
0.44642578,0.00006104
0.44674578,0.00006104
0.44706578,0.00006104
0.44738578,0.00006104
0.44770578,0.00006104
0.44802578,0.00006104
0.44834578,0.00006104
0.44866578,0.00006104
0.44898578,0.00006104
0.44930578,-0.01770074
0.44962578,0.00006104
0.44994578,0.00006104
0.45026578,0.00006104
0.45058578,0.00006104
0.45090578,0.00006104
0.45122578,0.00006104
0.45154578,-0.01770074
0.45186578,-0.01770074
0.45218578,0.00006104
0.45250578,0.00006104
0.45282578,0.00006104
0.45314578,0.00006104
0.45346578,0.00006104
0.45378578,0.00006104
0.45410578,0.00006104
0.45442578,0.00006104
0.45474578,0.00006104
0.45506578,0.00006104
0.45538578,-0.01770074
0.45570578,0.00006104
0.45602578,0.00006104
0.45634578,0.00006104
0.45666578,0.00006104
0.45698578,0.00006104
0.45730578,0.00006104
0.45762578,0.00006104
0.45794578,0.00006104
0.45826578,0.00006104
0.45858578,0.00006104
0.45890578,0.00006104
0.45922578,0.00006104
0.45954578,0.00006104
0.45986578,0.00006104
0.46018578,0.00006104
0.46050578,-0.01770074
0.46082578,0.00006104
0.46114578,0.00006104
0.46146578,0.00006104
0.46178578,0.00006104
0.46210578,0.00006104
0.46242578,0.00006104
0.46274578,0.00006104
0.46306578,0.00006104
0.46338578,0.00006104
0.46370578,0.00006104
0.46402578,0.00006104
0.46434578,0.00006104
0.46466578,0.00006104
0.46498578,0.00006104
0.46530578,0.00006104
0.46562578,0.00006104
0.46594578,0.00006104
0.46626578,0.00006104
0.46658578,0.00006104
0.46690578,0.00006104
0.46722578,0.00006104
0.46754578,0.00006104
0.46786578,0.00006104
0.46818578,0.00006104
0.46850578,0.00006104
0.46882578,0.00006104
0.46914578,0.00006104
0.46946578,0.00006104
0.46978578,0.00006104
0.47010578,0.00006104
0.47042578,0.00006104
0.47074578,0.00006104
0.47106578,0.00006104
0.47138578,0.00006104
0.47170578,0.00006104
0.47202578,0.00006104
0.47234578,0.00006104
0.47266578,0.00006104
0.47298578,0.00006104
0.47330578,0.00006104
0.47362578,0.00006104
0.47394578,0.00006104
0.47426578,0.00006104
0.47458578,0.00006104
0.47490578,0.00006104
0.47522578,0.00006104
0.47554578,0.00006104
0.47586578,0.00006104
0.47618578,0.00006104
0.47650578,0.00006104
0.47682578,0.00006104
0.47714578,0.00006104
0.47746578,0.00006104
0.47778578,0.00006104
0.47810578,0.00006104
0.47842578,0.00006104
0.47874578,0.00006104
0.47906578,0.00006104
0.47938578,0.00006104
0.47970578,0.00006104
0.48002578,0.00006104
0.48034578,0.00006104
0.48066578,0.00006104
0.48098578,0.00006104
0.48130578,0.00006104
0.48162578,0.00006104
0.48194578,0.00006104
0.48226578,0.00006104
0.48258578,0.00006104
0.48290578,0.00006104
0.48322578,0.00006104
0.48354578,0.00006104
0.48386578,0.00006104
0.48418578,0.00006104
0.48450578,0.00006104
0.48482578,0.00006104
0.48514578,0.00006104
0.48546578,0.00006104
0.48578578,0.00006104
0.48610578,0.00006104
0.48642578,0.00006104
0.48674578,0.00006104
0.48706578,0.00006104
0.48738578,0.00006104
0.48770578,0.00006104
0.48802578,0.00006104
0.48834578,0.00006104
0.48866578,0.00006104
0.48898578,-0.01770074
0.48930578,0.00006104
0.48962578,0.00006104
0.48994578,0.00006104
0.49026578,0.00006104
0.49058578,0.00006104
0.49090578,0.00006104
0.49122578,0.01788385
0.49154578,0.00006104
0.49186578,0.00006104
0.49218578,0.00006104
0.49250578,0.00006104
0.49282578,-0.01770074
0.49314578,-0.01770074
0.49346578,0.00006104
0.49378578,0.00006104
0.49410578,0.00006104
0.49442578,0.00006104
0.49474578,0.00006104
0.49506578,0.00006104
0.49538578,0.00006104
0.49570578,0.00006104
0.49602578,-0.01770074
0.49634578,0.81887263
0.49666578,1.61992252
0.49698578,0.64082766
0.49730578,-0.01770074
0.49762578,-0.16010010
0.49794578,-0.10669271
0.49826578,-0.05334635
0.49858578,-0.01770074
0.49890578,-0.01770074
0.49922578,-0.03552354
0.49954578,-0.90774256
0.49986578,-1.13919497
0.50018578,-1.37058628
0.50050578,0.24921414
0.50082578,0.14246041
0.50114578,0.10687582
0.50146578,0.07129124
0.50178578,0.03570665
0.50210578,0.03570665
0.50242578,0.03570665
0.50274578,0.01788385
0.50306578,0.01788385
0.50338578,0.01788385
0.50370578,0.03570665
0.50402578,0.03570665
0.50434578,0.01788385
0.50466578,0.01788385
0.50498578,0.00006104
0.50530578,0.00006104
0.50562578,0.01788385
0.50594578,0.01788385
0.50626578,0.05346843
0.50658578,0.07129124
0.50690578,0.05346843
0.50722578,0.07129124
0.50754578,0.05346843
0.50786578,0.05346843
0.50818578,0.07129124
0.50850578,0.03570665
0.50882578,0.05346843
0.50914578,0.08911405
0.50946578,0.07129124
0.50978578,0.03570665
0.51010578,0.03570665
0.51042578,0.03570665
0.51074578,0.03570665
0.51106578,0.00006104
0.51138578,-0.01770074
0.51170578,-0.01770074
0.51202578,-0.01770074
0.51234578,0.01788385
0.51266578,0.01788385
0.51298578,-0.01770074
0.51330578,0.05346843
0.51362578,0.00006104
0.51394578,-0.03552354
0.51426578,0.03570665
0.51458578,-0.01770074
0.51490578,0.00006104
0.51522578,0.03570665
0.51554578,0.01788385
0.51586578,0.01788385
0.51618578,0.03570665
0.51650578,0.03570665
0.51682578,0.01788385
0.51714578,0.01788385
0.51746578,0.01788385
0.51778578,0.00006104
0.51810578,0.01788385
0.51842578,0.03570665
0.51874578,0.01788385
0.51906578,0.00006104
0.51938578,0.01788385
0.51970578,0.01788385
0.52002578,0.01788385
