Time,Channel A
(ms),(V)

-1.48075738,0.00006104
-1.48043738,0.01788385
-1.48011738,0.00006104
-1.47979738,-0.01770074
-1.47947738,0.01788385
-1.47915738,0.01788385
-1.47883738,0.00006104
-1.47851738,0.01788385
-1.47819738,0.01788385
-1.47787738,0.00006104
-1.47755738,0.01788385
-1.47723738,0.00006104
-1.47691738,0.00006104
-1.47659738,0.01788385
-1.47627738,0.01788385
-1.47595738,0.00006104
-1.47563738,0.01788385
-1.47531738,0.01788385
-1.47499738,0.01788385
-1.47467738,0.00006104
-1.47435738,0.00006104
-1.47403738,0.00006104
-1.47371738,0.00006104
-1.47339738,-0.01770074
-1.47307738,-0.01770074
-1.47275738,0.01788385
-1.47243738,0.00006104
-1.47211738,0.00006104
-1.47179738,0.00006104
-1.47147738,0.01788385
-1.47115738,0.01788385
-1.47083738,0.01788385
-1.47051738,0.00006104
-1.47019738,0.00006104
-1.46987738,0.01788385
-1.46955738,0.01788385
-1.46923738,0.00006104
-1.46891738,0.00006104
-1.46859738,0.00006104
-1.46827738,0.01788385
-1.46795738,0.00006104
-1.46763738,0.00006104
-1.46731738,0.00006104
-1.46699738,0.00006104
-1.46667738,0.00006104
-1.46635738,0.00006104
-1.46603738,0.00006104
-1.46571738,0.01788385
-1.46539738,0.01788385
-1.46507738,0.00006104
-1.46475738,0.00006104
-1.46443738,0.00006104
-1.46411738,0.00006104
-1.46379738,0.00006104
-1.46347738,0.00006104
-1.46315738,0.01788385
-1.46283738,0.00006104
-1.46251738,0.00006104
-1.46219738,0.00006104
-1.46187738,0.00006104
-1.46155738,0.00006104
-1.46123738,0.00006104
-1.46091738,0.00006104
-1.46059738,0.00006104
-1.46027738,0.00006104
-1.45995738,0.00006104
-1.45963738,0.00006104
-1.45931738,0.00006104
-1.45899738,0.01788385
-1.45867738,0.01788385
-1.45835738,0.00006104
-1.45803738,0.00006104
-1.45771738,0.00006104
-1.45739738,0.00006104
-1.45707738,0.00006104
-1.45675738,0.00006104
-1.45643738,0.00006104
-1.45611738,0.00006104
-1.45579738,0.00006104
-1.45547738,0.00006104
-1.45515738,0.00006104
-1.45483738,0.00006104
-1.45451738,0.00006104
-1.45419738,0.00006104
-1.45387738,0.00006104
-1.45355738,0.00006104
-1.45323738,0.00006104
-1.45291738,0.00006104
-1.45259738,0.00006104
-1.45227738,0.00006104
-1.45195738,0.00006104
-1.45163738,0.00006104
-1.45131738,0.00006104
-1.45099738,0.00006104
-1.45067738,0.00006104
-1.45035738,0.00006104
-1.45003738,0.00006104
-1.44971738,0.00006104
-1.44939738,0.00006104
-1.44907738,0.00006104
-1.44875738,0.00006104
-1.44843738,0.00006104
-1.44811738,0.00006104
-1.44779738,-0.01770074
-1.44747738,0.00006104
-1.44715738,0.00006104
-1.44683738,0.00006104
-1.44651738,0.00006104
-1.44619738,0.00006104
-1.44587738,0.00006104
-1.44555738,0.00006104
-1.44523738,0.00006104
-1.44491738,0.00006104
-1.44459738,0.00006104
-1.44427738,0.00006104
-1.44395738,0.00006104
-1.44363738,0.00006104
-1.44331738,0.00006104
-1.44299738,0.00006104
-1.44267738,0.00006104
-1.44235738,0.00006104
-1.44203738,0.00006104
-1.44171738,0.00006104
-1.44139738,0.00006104
-1.44107738,0.00006104
-1.44075738,0.00006104
-1.44043738,0.00006104
-1.44011738,0.00006104
-1.43979738,0.00006104
-1.43947738,0.00006104
-1.43915738,0.00006104
-1.43883738,0.00006104
-1.43851738,0.00006104
-1.43819738,0.01788385
-1.43787738,0.00006104
-1.43755738,0.00006104
-1.43723738,0.00006104
-1.43691738,0.00006104
-1.43659738,-0.01770074
-1.43627738,0.00006104
-1.43595738,0.00006104
-1.43563738,0.00006104
-1.43531738,0.00006104
-1.43499738,0.00006104
-1.43467738,0.00006104
-1.43435738,0.00006104
-1.43403738,0.00006104
-1.43371738,0.00006104
-1.43339738,0.00006104
-1.43307738,0.00006104
-1.43275738,0.00006104
-1.43243738,0.00006104
-1.43211738,0.00006104
-1.43179738,0.00006104
-1.43147738,0.00006104
-1.43115738,0.00006104
-1.43083738,0.00006104
-1.43051738,0.00006104
-1.43019738,0.00006104
-1.42987738,0.00006104
-1.42955738,0.00006104
-1.42923738,0.00006104
-1.42891738,0.00006104
-1.42859738,0.00006104
-1.42827738,0.00006104
-1.42795738,0.00006104
-1.42763738,0.00006104
-1.42731738,0.00006104
-1.42699738,0.00006104
-1.42667738,0.00006104
-1.42635738,0.00006104
-1.42603738,0.00006104
-1.42571738,0.00006104
-1.42539738,0.00006104
-1.42507738,0.00006104
-1.42475738,0.00006104
-1.42443738,0.00006104
-1.42411738,0.00006104
-1.42379738,0.00006104
-1.42347738,0.00006104
-1.42315738,0.00006104
-1.42283738,0.00006104
-1.42251738,0.00006104
-1.42219738,0.00006104
-1.42187738,0.00006104
-1.42155738,0.00006104
-1.42123738,0.00006104
-1.42091738,0.00006104
-1.42059738,0.00006104
-1.42027738,0.00006104
-1.41995738,0.00006104
-1.41963738,0.00006104
-1.41931738,0.00006104
-1.41899738,0.00006104
-1.41867738,0.00006104
-1.41835738,0.00006104
-1.41803738,0.00006104
-1.41771738,0.00006104
-1.41739738,0.00006104
-1.41707738,0.00006104
-1.41675738,0.00006104
-1.41643738,0.00006104
-1.41611738,0.00006104
-1.41579738,0.00006104
-1.41547738,0.00006104
-1.41515738,0.00006104
-1.41483738,0.00006104
-1.41451738,0.00006104
-1.41419738,0.00006104
-1.41387738,0.00006104
-1.41355738,0.00006104
-1.41323738,0.00006104
-1.41291738,0.00006104
-1.41259738,0.00006104
-1.41227738,0.00006104
-1.41195738,0.00006104
-1.41163738,0.00006104
-1.41131738,0.00006104
-1.41099738,0.00006104
-1.41067738,0.00006104
-1.41035738,0.00006104
-1.41003738,0.00006104
-1.40971738,0.00006104
-1.40939738,0.00006104
-1.40907738,0.00006104
-1.40875738,0.00006104
-1.40843738,0.00006104
-1.40811738,0.00006104
-1.40779738,0.00006104
-1.40747738,0.00006104
-1.40715738,0.00006104
-1.40683738,0.00006104
-1.40651738,0.00006104
-1.40619738,0.00006104
-1.40587738,0.00006104
-1.40555738,0.00006104
-1.40523738,0.00006104
-1.40491738,0.00006104
-1.40459738,0.00006104
-1.40427738,0.00006104
-1.40395738,0.00006104
-1.40363738,0.00006104
-1.40331738,0.00006104
-1.40299738,0.00006104
-1.40267738,0.00006104
-1.40235738,0.00006104
-1.40203738,0.00006104
-1.40171738,0.00006104
-1.40139738,0.00006104
-1.40107738,0.00006104
-1.40075738,0.00006104
-1.40043738,0.00006104
-1.40011738,0.00006104
-1.39979738,0.00006104
-1.39947738,0.00006104
-1.39915738,0.00006104
-1.39883738,0.00006104
-1.39851738,0.00006104
-1.39819738,0.00006104
-1.39787738,0.00006104
-1.39755738,0.00006104
-1.39723738,0.00006104
-1.39691738,0.00006104
-1.39659738,0.00006104
-1.39627738,0.00006104
-1.39595738,-0.01770074
-1.39563738,0.00006104
-1.39531738,0.00006104
-1.39499738,0.00006104
-1.39467738,0.00006104
-1.39435738,0.00006104
-1.39403738,0.00006104
-1.39371738,0.00006104
-1.39339738,0.00006104
-1.39307738,0.00006104
-1.39275738,0.00006104
-1.39243738,0.00006104
-1.39211738,0.00006104
-1.39179738,0.00006104
-1.39147738,0.00006104
-1.39115738,0.00006104
-1.39083738,0.00006104
-1.39051738,0.00006104
-1.39019738,0.00006104
-1.38987738,0.00006104
-1.38955738,0.00006104
-1.38923738,0.00006104
-1.38891738,0.00006104
-1.38859738,-0.01770074
-1.38827738,0.00006104
-1.38795738,0.00006104
-1.38763738,0.00006104
-1.38731738,0.00006104
-1.38699738,0.00006104
-1.38667738,0.00006104
-1.38635738,0.00006104
-1.38603738,0.00006104
-1.38571738,0.00006104
-1.38539738,0.00006104
-1.38507738,0.00006104
-1.38475738,0.00006104
-1.38443738,0.00006104
-1.38411738,0.00006104
-1.38379738,0.00006104
-1.38347738,-0.01770074
-1.38315738,0.00006104
-1.38283738,0.00006104
-1.38251738,0.00006104
-1.38219738,0.00006104
-1.38187738,0.00006104
-1.38155738,0.00006104
-1.38123738,0.00006104
-1.38091738,0.00006104
-1.38059738,0.00006104
-1.38027738,0.00006104
-1.37995738,0.00006104
-1.37963738,0.00006104
-1.37931738,0.00006104
-1.37899738,0.00006104
-1.37867738,0.00006104
-1.37835738,0.00006104
-1.37803738,0.00006104
-1.37771738,0.00006104
-1.37739738,0.00006104
-1.37707738,0.00006104
-1.37675738,0.00006104
-1.37643738,-0.01770074
-1.37611738,0.00006104
-1.37579738,0.00006104
-1.37547738,0.00006104
-1.37515738,0.00006104
-1.37483738,0.00006104
-1.37451738,0.00006104
-1.37419738,0.00006104
-1.37387738,0.00006104
-1.37355738,0.00006104
-1.37323738,0.00006104
-1.37291738,0.00006104
-1.37259738,0.00006104
-1.37227738,0.00006104
-1.37195738,0.00006104
-1.37163738,0.00006104
-1.37131738,0.00006104
-1.37099738,0.00006104
-1.37067738,0.00006104
-1.37035738,0.00006104
-1.37003738,0.00006104
-1.36971738,0.00006104
-1.36939738,0.00006104
-1.36907738,-0.01770074
-1.36875738,0.00006104
-1.36843738,-0.01770074
-1.36811738,0.00006104
-1.36779738,0.00006104
-1.36747738,0.00006104
-1.36715738,0.00006104
-1.36683738,0.00006104
-1.36651738,0.00006104
-1.36619738,0.00006104
-1.36587738,0.00006104
-1.36555738,0.00006104
-1.36523738,0.00006104
-1.36491738,0.00006104
-1.36459738,0.00006104
-1.36427738,0.00006104
-1.36395738,0.00006104
-1.36363738,0.00006104
-1.36331738,0.00006104
-1.36299738,0.00006104
-1.36267738,0.00006104
-1.36235738,0.00006104
-1.36203738,0.00006104
-1.36171738,0.00006104
-1.36139738,0.00006104
-1.36107738,0.00006104
-1.36075738,-0.01770074
-1.36043738,0.00006104
-1.36011738,0.00006104
-1.35979738,0.00006104
-1.35947738,0.00006104
-1.35915738,0.00006104
-1.35883738,0.00006104
-1.35851738,0.00006104
-1.35819738,0.00006104
-1.35787738,-0.01770074
-1.35755738,0.00006104
-1.35723738,0.00006104
-1.35691738,0.00006104
-1.35659738,-0.01770074
-1.35627738,0.00006104
-1.35595738,0.00006104
-1.35563738,0.00006104
-1.35531738,0.00006104
-1.35499738,-0.01770074
-1.35467738,0.00006104
-1.35435738,0.00006104
-1.35403738,0.00006104
-1.35371738,0.00006104
-1.35339738,0.00006104
-1.35307738,-0.03552354
-1.35275738,0.00006104
-1.35243738,0.00006104
-1.35211738,0.00006104
-1.35179738,0.00006104
-1.35147738,0.00006104
-1.35115738,0.00006104
-1.35083738,0.00006104
-1.35051738,0.00006104
-1.35019738,0.00006104
-1.34987738,0.00006104
-1.34955738,0.00006104
-1.34923738,0.00006104
-1.34891738,0.00006104
-1.34859738,0.00006104
-1.34827738,0.00006104
-1.34795738,-0.01770074
-1.34763738,-0.01770074
-1.34731738,0.00006104
-1.34699738,0.00006104
-1.34667738,0.00006104
-1.34635738,0.00006104
-1.34603738,0.00006104
-1.34571738,0.00006104
-1.34539738,0.00006104
-1.34507738,0.00006104
-1.34475738,0.00006104
-1.34443738,0.00006104
-1.34411738,0.00006104
-1.34379738,0.00006104
-1.34347738,0.00006104
-1.34315738,0.00006104
-1.34283738,0.00006104
-1.34251738,0.00006104
-1.34219738,0.00006104
-1.34187738,0.00006104
-1.34155738,0.00006104
-1.34123738,0.00006104
-1.34091738,0.00006104
-1.34059738,0.00006104
-1.34027738,0.00006104
-1.33995738,0.00006104
-1.33963738,-0.01770074
-1.33931738,0.00006104
-1.33899738,0.00006104
-1.33867738,0.00006104
-1.33835738,0.00006104
-1.33803738,0.00006104
-1.33771738,0.00006104
-1.33739738,0.00006104
-1.33707738,0.00006104
-1.33675738,0.00006104
-1.33643738,0.00006104
-1.33611738,0.00006104
-1.33579738,0.00006104
-1.33547738,0.00006104
-1.33515738,0.00006104
-1.33483738,0.00006104
-1.33451738,0.00006104
-1.33419738,0.00006104
-1.33387738,0.00006104
-1.33355738,0.00006104
-1.33323738,0.00006104
-1.33291738,-0.01770074
-1.33259738,0.00006104
-1.33227738,0.00006104
-1.33195738,0.00006104
-1.33163738,0.00006104
-1.33131738,0.00006104
-1.33099738,0.00006104
-1.33067738,0.00006104
-1.33035738,-0.01770074
-1.33003738,0.00006104
-1.32971738,0.00006104
-1.32939738,0.00006104
-1.32907738,0.00006104
-1.32875738,0.00006104
-1.32843738,0.00006104
-1.32811738,0.00006104
-1.32779738,0.00006104
-1.32747738,0.00006104
-1.32715738,0.00006104
-1.32683738,0.00006104
-1.32651738,0.00006104
-1.32619738,0.00006104
-1.32587738,0.00006104
-1.32555738,0.00006104
-1.32523738,0.00006104
-1.32491738,0.00006104
-1.32459738,-0.01770074
-1.32427738,0.00006104
-1.32395738,0.00006104
-1.32363738,0.00006104
-1.32331738,0.00006104
-1.32299738,0.00006104
-1.32267738,0.00006104
-1.32235738,0.00006104
-1.32203738,0.00006104
-1.32171738,0.00006104
-1.32139738,0.00006104
-1.32107738,0.00006104
-1.32075738,0.00006104
-1.32043738,0.00006104
-1.32011738,0.00006104
-1.31979738,0.00006104
-1.31947738,0.00006104
-1.31915738,0.00006104
-1.31883738,0.00006104
-1.31851738,0.00006104
-1.31819738,0.00006104
-1.31787738,0.00006104
-1.31755738,0.00006104
-1.31723738,-0.01770074
-1.31691738,0.00006104
-1.31659738,0.00006104
-1.31627738,0.00006104
-1.31595738,0.00006104
-1.31563738,0.00006104
-1.31531738,0.00006104
-1.31499738,0.00006104
-1.31467738,-0.01770074
-1.31435738,0.00006104
-1.31403738,0.00006104
-1.31371738,0.00006104
-1.31339738,0.00006104
-1.31307738,0.00006104
-1.31275738,0.00006104
-1.31243738,0.00006104
-1.31211738,0.00006104
-1.31179738,0.00006104
-1.31147738,0.00006104
-1.31115738,0.00006104
-1.31083738,0.00006104
-1.31051738,0.00006104
-1.31019738,0.00006104
-1.30987738,0.00006104
-1.30955738,0.00006104
-1.30923738,0.00006104
-1.30891738,0.00006104
-1.30859738,0.00006104
-1.30827738,0.00006104
-1.30795738,0.00006104
-1.30763738,0.00006104
-1.30731738,0.00006104
-1.30699738,0.00006104
-1.30667738,0.00006104
-1.30635738,0.00006104
-1.30603738,0.00006104
-1.30571738,0.00006104
-1.30539738,0.00006104
-1.30507738,0.00006104
-1.30475738,0.00006104
-1.30443738,0.00006104
-1.30411738,0.00006104
-1.30379738,0.00006104
-1.30347738,0.00006104
-1.30315738,0.00006104
-1.30283738,0.00006104
-1.30251738,0.00006104
-1.30219738,0.00006104
-1.30187738,0.00006104
-1.30155738,0.00006104
-1.30123738,0.00006104
-1.30091738,0.00006104
-1.30059738,0.00006104
-1.30027738,0.00006104
-1.29995738,-0.01770074
-1.29963738,0.00006104
-1.29931738,0.00006104
-1.29899738,0.00006104
-1.29867738,0.00006104
-1.29835738,0.00006104
-1.29803738,0.00006104
-1.29771738,0.00006104
-1.29739738,0.00006104
-1.29707738,0.00006104
-1.29675738,0.00006104
-1.29643738,0.00006104
-1.29611738,0.00006104
-1.29579738,0.00006104
-1.29547738,0.00006104
-1.29515738,0.00006104
-1.29483738,0.00006104
-1.29451738,0.00006104
-1.29419738,0.00006104
-1.29387738,0.00006104
-1.29355738,0.00006104
-1.29323738,-0.01770074
-1.29291738,0.00006104
-1.29259738,0.00006104
-1.29227738,0.00006104
-1.29195738,-0.01770074
-1.29163738,0.00006104
-1.29131738,0.00006104
-1.29099738,0.00006104
-1.29067738,0.00006104
-1.29035738,0.00006104
-1.29003738,0.00006104
-1.28971738,0.00006104
-1.28939738,0.00006104
-1.28907738,0.00006104
-1.28875738,0.00006104
-1.28843738,0.00006104
-1.28811738,0.00006104
-1.28779738,0.00006104
-1.28747738,0.00006104
-1.28715738,0.00006104
-1.28683738,0.00006104
-1.28651738,0.00006104
-1.28619738,0.00006104
-1.28587738,0.00006104
-1.28555738,0.00006104
-1.28523738,0.00006104
-1.28491738,0.00006104
-1.28459738,0.00006104
-1.28427738,0.00006104
-1.28395738,0.00006104
-1.28363738,0.00006104
-1.28331738,0.00006104
-1.28299738,0.00006104
-1.28267738,0.00006104
-1.28235738,0.00006104
-1.28203738,0.00006104
-1.28171738,0.00006104
-1.28139738,0.00006104
-1.28107738,0.00006104
-1.28075738,0.00006104
-1.28043738,0.00006104
-1.28011738,0.00006104
-1.27979738,0.00006104
-1.27947738,0.00006104
-1.27915738,0.00006104
-1.27883738,0.00006104
-1.27851738,0.00006104
-1.27819738,0.00006104
-1.27787738,0.00006104
-1.27755738,0.00006104
-1.27723738,0.00006104
-1.27691738,0.00006104
-1.27659738,0.00006104
-1.27627738,0.00006104
-1.27595738,0.00006104
-1.27563738,0.00006104
-1.27531738,0.00006104
-1.27499738,0.00006104
-1.27467738,-0.01770074
-1.27435738,0.00006104
-1.27403738,0.00006104
-1.27371738,0.00006104
-1.27339738,0.00006104
-1.27307738,0.00006104
-1.27275738,-0.01770074
-1.27243738,0.00006104
-1.27211738,0.00006104
-1.27179738,0.00006104
-1.27147738,0.00006104
-1.27115738,0.00006104
-1.27083738,0.00006104
-1.27051738,0.00006104
-1.27019738,0.00006104
-1.26987738,0.00006104
-1.26955738,0.00006104
-1.26923738,0.00006104
-1.26891738,0.00006104
-1.26859738,0.00006104
-1.26827738,0.00006104
-1.26795738,-0.01770074
-1.26763738,0.00006104
-1.26731738,0.00006104
-1.26699738,0.00006104
-1.26667738,0.00006104
-1.26635738,0.00006104
-1.26603738,0.00006104
-1.26571738,0.00006104
-1.26539738,0.00006104
-1.26507738,0.00006104
-1.26475738,0.00006104
-1.26443738,0.00006104
-1.26411738,-0.01770074
-1.26379738,0.00006104
-1.26347738,0.00006104
-1.26315738,0.00006104
-1.26283738,0.00006104
-1.26251738,-0.01770074
-1.26219738,0.00006104
-1.26187738,0.00006104
-1.26155738,0.00006104
-1.26123738,0.00006104
-1.26091738,0.00006104
-1.26059738,0.00006104
-1.26027738,0.00006104
-1.25995738,0.00006104
-1.25963738,0.00006104
-1.25931738,0.00006104
-1.25899738,0.00006104
-1.25867738,0.00006104
-1.25835738,0.00006104
-1.25803738,0.00006104
-1.25771738,0.00006104
-1.25739738,0.00006104
-1.25707738,0.00006104
-1.25675738,0.00006104
-1.25643738,0.00006104
-1.25611738,0.00006104
-1.25579738,0.00006104
-1.25547738,-0.01770074
-1.25515738,0.00006104
-1.25483738,0.00006104
-1.25451738,0.00006104
-1.25419738,0.00006104
-1.25387738,0.00006104
-1.25355738,0.00006104
-1.25323738,0.00006104
-1.25291738,0.00006104
-1.25259738,0.00006104
-1.25227738,0.00006104
-1.25195738,0.00006104
-1.25163738,0.00006104
-1.25131738,0.00006104
-1.25099738,0.00006104
-1.25067738,0.00006104
-1.25035738,0.00006104
-1.25003738,0.00006104
-1.24971738,0.00006104
-1.24939738,0.00006104
-1.24907738,0.00006104
-1.24875738,0.00006104
-1.24843738,0.00006104
-1.24811738,0.00006104
-1.24779738,0.00006104
-1.24747738,0.00006104
-1.24715738,0.00006104
-1.24683738,0.00006104
-1.24651738,0.00006104
-1.24619738,0.00006104
-1.24587738,0.00006104
-1.24555738,-0.01770074
-1.24523738,0.00006104
-1.24491738,0.00006104
-1.24459738,0.00006104
-1.24427738,0.00006104
-1.24395738,0.00006104
-1.24363738,0.00006104
-1.24331738,0.00006104
-1.24299738,0.00006104
-1.24267738,0.00006104
-1.24235738,0.00006104
-1.24203738,0.00006104
-1.24171738,0.00006104
-1.24139738,0.00006104
-1.24107738,0.00006104
-1.24075738,0.00006104
-1.24043738,0.00006104
-1.24011738,0.00006104
-1.23979738,0.00006104
-1.23947738,0.00006104
-1.23915738,0.00006104
-1.23883738,0.00006104
-1.23851738,0.00006104
-1.23819738,0.00006104
-1.23787738,0.00006104
-1.23755738,0.00006104
-1.23723738,-0.01770074
-1.23691738,-0.01770074
-1.23659738,0.00006104
-1.23627738,-0.01770074
-1.23595738,0.00006104
-1.23563738,-0.01770074
-1.23531738,0.00006104
-1.23499738,0.00006104
-1.23467738,-0.01770074
-1.23435738,0.00006104
-1.23403738,0.00006104
-1.23371738,0.00006104
-1.23339738,0.00006104
-1.23307738,0.00006104
-1.23275738,0.00006104
-1.23243738,0.00006104
-1.23211738,0.00006104
-1.23179738,0.00006104
-1.23147738,0.00006104
-1.23115738,0.00006104
-1.23083738,-0.01770074
-1.23051738,-0.01770074
-1.23019738,0.00006104
-1.22987738,0.00006104
-1.22955738,0.00006104
-1.22923738,-0.01770074
-1.22891738,0.00006104
-1.22859738,-0.01770074
-1.22827738,0.00006104
-1.22795738,0.00006104
-1.22763738,0.00006104
-1.22731738,0.00006104
-1.22699738,0.00006104
-1.22667738,0.00006104
-1.22635738,0.00006104
-1.22603738,0.00006104
-1.22571738,0.00006104
-1.22539738,0.00006104
-1.22507738,0.00006104
-1.22475738,0.00006104
-1.22443738,0.00006104
-1.22411738,0.00006104
-1.22379738,0.00006104
-1.22347738,0.00006104
-1.22315738,0.00006104
-1.22283738,0.00006104
-1.22251738,0.00006104
-1.22219738,0.00006104
-1.22187738,0.00006104
-1.22155738,0.00006104
-1.22123738,0.00006104
-1.22091738,0.00006104
-1.22059738,-0.01770074
-1.22027738,0.00006104
-1.21995738,0.00006104
-1.21963738,-0.01770074
-1.21931738,0.00006104
-1.21899738,0.00006104
-1.21867738,0.00006104
-1.21835738,0.00006104
-1.21803738,0.00006104
-1.21771738,0.00006104
-1.21739738,0.00006104
-1.21707738,0.00006104
-1.21675738,0.00006104
-1.21643738,0.00006104
-1.21611738,0.00006104
-1.21579738,0.00006104
-1.21547738,0.00006104
-1.21515738,0.00006104
-1.21483738,0.00006104
-1.21451738,0.00006104
-1.21419738,0.00006104
-1.21387738,0.00006104
-1.21355738,0.00006104
-1.21323738,0.00006104
-1.21291738,-0.01770074
-1.21259738,0.00006104
-1.21227738,-0.01770074
-1.21195738,0.00006104
-1.21163738,0.00006104
-1.21131738,0.00006104
-1.21099738,0.00006104
-1.21067738,0.00006104
-1.21035738,0.00006104
-1.21003738,0.00006104
-1.20971738,0.00006104
-1.20939738,0.00006104
-1.20907738,0.00006104
-1.20875738,0.00006104
-1.20843738,0.00006104
-1.20811738,0.00006104
-1.20779738,0.00006104
-1.20747738,0.00006104
-1.20715738,0.00006104
-1.20683738,0.00006104
-1.20651738,0.00006104
-1.20619738,0.00006104
-1.20587738,0.00006104
-1.20555738,0.00006104
-1.20523738,0.00006104
-1.20491738,0.00006104
-1.20459738,0.00006104
-1.20427738,-0.01770074
-1.20395738,0.00006104
-1.20363738,0.00006104
-1.20331738,-0.01770074
-1.20299738,0.00006104
-1.20267738,0.00006104
-1.20235738,0.00006104
-1.20203738,0.00006104
-1.20171738,0.00006104
-1.20139738,0.00006104
-1.20107738,0.00006104
-1.20075738,0.00006104
-1.20043738,0.00006104
-1.20011738,0.00006104
-1.19979738,0.00006104
-1.19947738,0.00006104
-1.19915738,0.00006104
-1.19883738,0.00006104
-1.19851738,0.00006104
-1.19819738,0.00006104
-1.19787738,0.00006104
-1.19755738,-0.01770074
-1.19723738,0.00006104
-1.19691738,0.00006104
-1.19659738,0.00006104
-1.19627738,0.00006104
-1.19595738,0.00006104
-1.19563738,0.00006104
-1.19531738,0.00006104
-1.19499738,0.00006104
-1.19467738,0.00006104
-1.19435738,0.00006104
-1.19403738,0.00006104
-1.19371738,0.00006104
-1.19339738,0.00006104
-1.19307738,0.00006104
-1.19275738,0.00006104
-1.19243738,0.00006104
-1.19211738,0.00006104
-1.19179738,0.00006104
-1.19147738,0.00006104
-1.19115738,0.00006104
-1.19083738,0.00006104
-1.19051738,0.00006104
-1.19019738,0.00006104
-1.18987738,0.00006104
-1.18955738,0.00006104
-1.18923738,0.00006104
-1.18891738,0.00006104
-1.18859738,0.00006104
-1.18827738,0.00006104
-1.18795738,0.00006104
-1.18763738,0.00006104
-1.18731738,0.00006104
-1.18699738,0.00006104
-1.18667738,0.00006104
-1.18635738,0.00006104
-1.18603738,0.00006104
-1.18571738,0.00006104
-1.18539738,0.00006104
-1.18507738,0.00006104
-1.18475738,-0.01770074
-1.18443738,0.00006104
-1.18411738,0.00006104
-1.18379738,0.00006104
-1.18347738,0.00006104
-1.18315738,0.00006104
-1.18283738,0.00006104
-1.18251738,0.00006104
-1.18219738,0.00006104
-1.18187738,0.00006104
-1.18155738,0.00006104
-1.18123738,0.00006104
-1.18091738,0.00006104
-1.18059738,0.00006104
-1.18027738,0.00006104
-1.17995738,0.00006104
-1.17963738,0.00006104
-1.17931738,0.00006104
-1.17899738,-0.01770074
-1.17867738,0.00006104
-1.17835738,0.00006104
-1.17803738,0.00006104
-1.17771738,-0.01770074
-1.17739738,0.00006104
-1.17707738,0.00006104
-1.17675738,0.00006104
-1.17643738,0.00006104
-1.17611738,0.00006104
-1.17579738,0.00006104
-1.17547738,0.00006104
-1.17515738,0.00006104
-1.17483738,0.00006104
-1.17451738,0.00006104
-1.17419738,0.00006104
-1.17387738,0.00006104
-1.17355738,0.00006104
-1.17323738,-0.01770074
-1.17291738,-0.01770074
-1.17259738,0.00006104
-1.17227738,0.00006104
-1.17195738,0.00006104
-1.17163738,0.00006104
-1.17131738,0.00006104
-1.17099738,0.00006104
-1.17067738,0.00006104
-1.17035738,-0.01770074
-1.17003738,0.00006104
-1.16971738,0.00006104
-1.16939738,0.00006104
-1.16907738,0.00006104
-1.16875738,0.00006104
-1.16843738,0.00006104
-1.16811738,0.00006104
-1.16779738,0.00006104
-1.16747738,0.00006104
-1.16715738,-0.01770074
-1.16683738,-0.01770074
-1.16651738,0.00006104
-1.16619738,0.00006104
-1.16587738,0.00006104
-1.16555738,0.00006104
-1.16523738,0.00006104
-1.16491738,0.00006104
-1.16459738,-0.01770074
-1.16427738,0.00006104
-1.16395738,0.00006104
-1.16363738,0.00006104
-1.16331738,0.00006104
-1.16299738,0.00006104
-1.16267738,0.00006104
-1.16235738,0.00006104
-1.16203738,0.00006104
-1.16171738,0.00006104
-1.16139738,0.00006104
-1.16107738,0.00006104
-1.16075738,0.00006104
-1.16043738,0.00006104
-1.16011738,0.00006104
-1.15979738,0.00006104
-1.15947738,0.00006104
-1.15915738,0.00006104
-1.15883738,0.00006104
-1.15851738,0.00006104
-1.15819738,0.00006104
-1.15787738,0.00006104
-1.15755738,0.00006104
-1.15723738,0.00006104
-1.15691738,0.00006104
-1.15659738,-0.01770074
-1.15627738,0.00006104
-1.15595738,0.00006104
-1.15563738,-0.01770074
-1.15531738,0.00006104
-1.15499738,0.00006104
-1.15467738,0.00006104
-1.15435738,0.00006104
-1.15403738,0.00006104
-1.15371738,0.00006104
-1.15339738,0.00006104
-1.15307738,0.00006104
-1.15275738,0.00006104
-1.15243738,0.00006104
-1.15211738,0.00006104
-1.15179738,0.00006104
-1.15147738,0.00006104
-1.15115738,0.00006104
-1.15083738,0.00006104
-1.15051738,0.00006104
-1.15019738,0.00006104
-1.14987738,0.00006104
-1.14955738,0.00006104
-1.14923738,0.00006104
-1.14891738,0.00006104
-1.14859738,0.00006104
-1.14827738,0.00006104
-1.14795738,0.00006104
-1.14763738,0.00006104
-1.14731738,0.00006104
-1.14699738,0.00006104
-1.14667738,0.00006104
-1.14635738,0.00006104
-1.14603738,0.00006104
-1.14571738,0.00006104
-1.14539738,0.00006104
-1.14507738,0.00006104
-1.14475738,0.00006104
-1.14443738,0.00006104
-1.14411738,0.00006104
-1.14379738,0.00006104
-1.14347738,0.00006104
-1.14315738,0.00006104
-1.14283738,0.00006104
-1.14251738,0.00006104
-1.14219738,0.00006104
-1.14187738,0.00006104
-1.14155738,0.00006104
-1.14123738,0.00006104
-1.14091738,0.00006104
-1.14059738,0.00006104
-1.14027738,0.00006104
-1.13995738,0.00006104
-1.13963738,0.00006104
-1.13931738,0.00006104
-1.13899738,0.00006104
-1.13867738,-0.01770074
-1.13835738,0.00006104
-1.13803738,-0.01770074
-1.13771738,0.00006104
-1.13739738,0.00006104
-1.13707738,0.00006104
-1.13675738,0.00006104
-1.13643738,0.00006104
-1.13611738,0.00006104
-1.13579738,0.00006104
-1.13547738,0.00006104
-1.13515738,0.00006104
-1.13483738,0.00006104
-1.13451738,0.00006104
-1.13419738,0.00006104
-1.13387738,0.00006104
-1.13355738,0.00006104
-1.13323738,0.00006104
-1.13291738,0.00006104
-1.13259738,0.00006104
-1.13227738,0.00006104
-1.13195738,0.00006104
-1.13163738,0.00006104
-1.13131738,0.00006104
-1.13099738,0.00006104
-1.13067738,0.00006104
-1.13035738,0.00006104
-1.13003738,0.00006104
-1.12971738,0.00006104
-1.12939738,0.00006104
-1.12907738,0.00006104
-1.12875738,0.00006104
-1.12843738,0.00006104
-1.12811738,-0.01770074
-1.12779738,0.00006104
-1.12747738,0.00006104
-1.12715738,0.00006104
-1.12683738,0.00006104
-1.12651738,0.00006104
-1.12619738,0.00006104
-1.12587738,0.00006104
-1.12555738,0.00006104
-1.12523738,0.00006104
-1.12491738,0.00006104
-1.12459738,0.00006104
-1.12427738,0.00006104
-1.12395738,0.00006104
-1.12363738,0.00006104
-1.12331738,0.00006104
-1.12299738,0.00006104
-1.12267738,0.00006104
-1.12235738,0.00006104
-1.12203738,0.00006104
-1.12171738,0.00006104
-1.12139738,0.00006104
-1.12107738,0.00006104
-1.12075738,0.00006104
-1.12043738,0.00006104
-1.12011738,0.00006104
-1.11979738,0.00006104
-1.11947738,-0.01770074
-1.11915738,0.00006104
-1.11883738,0.00006104
-1.11851738,0.00006104
-1.11819738,0.00006104
-1.11787738,0.00006104
-1.11755738,-0.01770074
-1.11723738,0.00006104
-1.11691738,0.00006104
-1.11659738,-0.01770074
-1.11627738,-0.01770074
-1.11595738,0.00006104
-1.11563738,0.00006104
-1.11531738,-0.01770074
-1.11499738,0.00006104
-1.11467738,0.00006104
-1.11435738,0.00006104
-1.11403738,0.00006104
-1.11371738,0.00006104
-1.11339738,0.00006104
-1.11307738,0.00006104
-1.11275738,0.00006104
-1.11243738,0.00006104
-1.11211738,0.00006104
-1.11179738,0.00006104
-1.11147738,0.00006104
-1.11115738,0.00006104
-1.11083738,0.00006104
-1.11051738,0.00006104
-1.11019738,0.00006104
-1.10987738,0.00006104
-1.10955738,0.00006104
-1.10923738,0.00006104
-1.10891738,0.00006104
-1.10859738,0.00006104
-1.10827738,0.00006104
-1.10795738,0.00006104
-1.10763738,0.00006104
-1.10731738,0.00006104
-1.10699738,0.00006104
-1.10667738,0.00006104
-1.10635738,0.00006104
-1.10603738,0.00006104
-1.10571738,0.00006104
-1.10539738,0.00006104
-1.10507738,0.00006104
-1.10475738,0.00006104
-1.10443738,0.00006104
-1.10411738,0.00006104
-1.10379738,0.00006104
-1.10347738,0.00006104
-1.10315738,0.00006104
-1.10283738,0.00006104
-1.10251738,0.00006104
-1.10219738,0.00006104
-1.10187738,0.00006104
-1.10155738,0.00006104
-1.10123738,0.00006104
-1.10091738,0.00006104
-1.10059738,0.00006104
-1.10027738,0.00006104
-1.09995738,0.00006104
-1.09963738,0.00006104
-1.09931738,0.00006104
-1.09899738,0.00006104
-1.09867738,0.00006104
-1.09835738,0.00006104
-1.09803738,0.00006104
-1.09771738,0.00006104
-1.09739738,0.00006104
-1.09707738,0.00006104
-1.09675738,0.00006104
-1.09643738,0.00006104
-1.09611738,0.00006104
-1.09579738,0.00006104
-1.09547738,0.00006104
-1.09515738,0.00006104
-1.09483738,-0.01770074
-1.09451738,0.00006104
-1.09419738,0.00006104
-1.09387738,0.00006104
-1.09355738,0.00006104
-1.09323738,0.00006104
-1.09291738,0.00006104
-1.09259738,0.00006104
-1.09227738,0.00006104
-1.09195738,0.00006104
-1.09163738,0.00006104
-1.09131738,0.00006104
-1.09099738,0.00006104
-1.09067738,0.00006104
-1.09035738,0.00006104
-1.09003738,0.00006104
-1.08971738,0.00006104
-1.08939738,0.00006104
-1.08907738,0.00006104
-1.08875738,0.00006104
-1.08843738,0.00006104
-1.08811738,0.00006104
-1.08779738,-0.01770074
-1.08747738,0.00006104
-1.08715738,0.00006104
-1.08683738,0.00006104
-1.08651738,0.00006104
-1.08619738,0.00006104
-1.08587738,0.00006104
-1.08555738,0.00006104
-1.08523738,0.00006104
-1.08491738,0.00006104
-1.08459738,0.00006104
-1.08427738,0.00006104
-1.08395738,0.00006104
-1.08363738,0.00006104
-1.08331738,0.00006104
-1.08299738,0.00006104
-1.08267738,0.00006104
-1.08235738,0.00006104
-1.08203738,0.00006104
-1.08171738,0.00006104
-1.08139738,0.00006104
-1.08107738,0.00006104
-1.08075738,0.00006104
-1.08043738,0.00006104
-1.08011738,0.00006104
-1.07979738,0.00006104
-1.07947738,0.00006104
-1.07915738,-0.01770074
-1.07883738,0.00006104
-1.07851738,0.00006104
-1.07819738,0.00006104
-1.07787738,0.00006104
-1.07755738,0.00006104
-1.07723738,0.00006104
-1.07691738,0.00006104
-1.07659738,0.00006104
-1.07627738,0.00006104
-1.07595738,-0.01770074
-1.07563738,0.00006104
-1.07531738,0.00006104
-1.07499738,0.00006104
-1.07467738,0.00006104
-1.07435738,0.00006104
-1.07403738,0.00006104
-1.07371738,0.00006104
-1.07339738,0.00006104
-1.07307738,0.00006104
-1.07275738,0.00006104
-1.07243738,0.00006104
-1.07211738,0.00006104
-1.07179738,0.00006104
-1.07147738,0.00006104
-1.07115738,-0.01770074
-1.07083738,0.00006104
-1.07051738,0.00006104
-1.07019738,0.00006104
-1.06987738,0.00006104
-1.06955738,0.00006104
-1.06923738,0.00006104
-1.06891738,0.00006104
-1.06859738,0.00006104
-1.06827738,0.00006104
-1.06795738,0.00006104
-1.06763738,0.00006104
-1.06731738,0.00006104
-1.06699738,0.00006104
-1.06667738,0.00006104
-1.06635738,0.00006104
-1.06603738,0.00006104
-1.06571738,0.00006104
-1.06539738,0.00006104
-1.06507738,0.00006104
-1.06475738,0.00006104
-1.06443738,0.00006104
-1.06411738,0.00006104
-1.06379738,0.00006104
-1.06347738,0.00006104
-1.06315738,0.00006104
-1.06283738,0.00006104
-1.06251738,0.00006104
-1.06219738,0.00006104
-1.06187738,0.00006104
-1.06155738,0.00006104
-1.06123738,0.00006104
-1.06091738,0.00006104
-1.06059738,0.00006104
-1.06027738,0.00006104
-1.05995738,0.00006104
-1.05963738,0.00006104
-1.05931738,0.00006104
-1.05899738,0.00006104
-1.05867738,0.00006104
-1.05835738,0.00006104
-1.05803738,0.00006104
-1.05771738,0.00006104
-1.05739738,0.00006104
-1.05707738,0.00006104
-1.05675738,0.00006104
-1.05643738,0.00006104
-1.05611738,0.00006104
-1.05579738,0.00006104
-1.05547738,0.00006104
-1.05515738,0.00006104
-1.05483738,0.00006104
-1.05451738,0.00006104
-1.05419738,0.00006104
-1.05387738,0.00006104
-1.05355738,0.00006104
-1.05323738,0.00006104
-1.05291738,0.00006104
-1.05259738,0.00006104
-1.05227738,0.00006104
-1.05195738,0.00006104
-1.05163738,0.00006104
-1.05131738,0.00006104
-1.05099738,0.00006104
-1.05067738,0.00006104
-1.05035738,0.00006104
-1.05003738,0.00006104
-1.04971738,0.00006104
-1.04939738,0.00006104
-1.04907738,0.00006104
-1.04875738,0.00006104
-1.04843738,0.00006104
-1.04811738,0.00006104
-1.04779738,0.00006104
-1.04747738,0.00006104
-1.04715738,0.00006104
-1.04683738,0.00006104
-1.04651738,0.00006104
-1.04619738,0.00006104
-1.04587738,0.00006104
-1.04555738,0.00006104
-1.04523738,0.00006104
-1.04491738,0.00006104
-1.04459738,0.00006104
-1.04427738,0.00006104
-1.04395738,0.00006104
-1.04363738,0.00006104
-1.04331738,0.00006104
-1.04299738,0.00006104
-1.04267738,0.00006104
-1.04235738,0.00006104
-1.04203738,0.00006104
-1.04171738,0.00006104
-1.04139738,0.00006104
-1.04107738,0.00006104
-1.04075738,0.00006104
-1.04043738,0.00006104
-1.04011738,0.00006104
-1.03979738,0.00006104
-1.03947738,0.00006104
-1.03915738,0.00006104
-1.03883738,0.00006104
-1.03851738,0.00006104
-1.03819738,0.00006104
-1.03787738,0.00006104
-1.03755738,0.00006104
-1.03723738,-0.01770074
-1.03691738,0.00006104
-1.03659738,0.00006104
-1.03627738,0.00006104
-1.03595738,0.00006104
-1.03563738,0.00006104
-1.03531738,0.00006104
-1.03499738,0.00006104
-1.03467738,0.00006104
-1.03435738,0.00006104
-1.03403738,0.00006104
-1.03371738,0.00006104
-1.03339738,0.00006104
-1.03307738,0.00006104
-1.03275738,0.00006104
-1.03243738,0.00006104
-1.03211738,-0.01770074
-1.03179738,0.00006104
-1.03147738,0.00006104
-1.03115738,0.00006104
-1.03083738,0.00006104
-1.03051738,0.00006104
-1.03019738,0.00006104
-1.02987738,0.00006104
-1.02955738,0.00006104
-1.02923738,0.00006104
-1.02891738,0.00006104
-1.02859738,-0.01770074
-1.02827738,0.00006104
-1.02795738,0.00006104
-1.02763738,0.00006104
-1.02731738,0.00006104
-1.02699738,0.00006104
-1.02667738,0.00006104
-1.02635738,0.00006104
-1.02603738,0.00006104
-1.02571738,0.00006104
-1.02539738,0.00006104
-1.02507738,0.00006104
-1.02475738,0.00006104
-1.02443738,0.00006104
-1.02411738,0.00006104
-1.02379738,0.00006104
-1.02347738,0.00006104
-1.02315738,0.00006104
-1.02283738,0.00006104
-1.02251738,0.00006104
-1.02219738,0.00006104
-1.02187738,0.00006104
-1.02155738,0.00006104
-1.02123738,0.00006104
-1.02091738,0.00006104
-1.02059738,0.00006104
-1.02027738,0.00006104
-1.01995738,0.00006104
-1.01963738,0.00006104
-1.01931738,0.00006104
-1.01899738,0.00006104
-1.01867738,0.00006104
-1.01835738,0.00006104
-1.01803738,0.00006104
-1.01771738,0.00006104
-1.01739738,0.00006104
-1.01707738,0.00006104
-1.01675738,0.00006104
-1.01643738,0.00006104
-1.01611738,0.00006104
-1.01579738,0.00006104
-1.01547738,0.00006104
-1.01515738,0.00006104
-1.01483738,0.00006104
-1.01451738,0.00006104
-1.01419738,0.00006104
-1.01387738,0.00006104
-1.01355738,0.00006104
-1.01323738,0.00006104
-1.01291738,0.00006104
-1.01259738,0.00006104
-1.01227738,0.00006104
-1.01195738,0.00006104
-1.01163738,0.00006104
-1.01131738,0.00006104
-1.01099738,0.00006104
-1.01067738,0.00006104
-1.01035738,0.00006104
-1.01003738,0.00006104
-1.00971738,0.00006104
-1.00939738,0.00006104
-1.00907738,0.00006104
-1.00875738,0.00006104
-1.00843738,0.00006104
-1.00811738,0.00006104
-1.00779738,0.00006104
-1.00747738,0.00006104
-1.00715738,0.00006104
-1.00683738,0.00006104
-1.00651738,0.00006104
-1.00619738,0.00006104
-1.00587738,-0.01770074
-1.00555738,0.00006104
-1.00523738,0.00006104
-1.00491738,0.00006104
-1.00459738,0.00006104
-1.00427738,0.00006104
-1.00395738,0.74764246
-1.00363738,1.01467943
-1.00331738,0.42725915
-1.00299738,-0.05334635
-1.00267738,-0.16010010
-1.00235738,-0.10669271
-1.00203738,-0.03552354
-1.00171738,-0.01770074
-1.00139738,-0.01770074
-1.00107738,-0.03552354
-1.00075738,-1.42399371
-1.00043738,0.08911405
-1.00011738,-0.30256051
-0.99979738,-0.12451552
-0.99947738,0.07129124
-0.99915738,0.12469863
-0.99883738,0.08911405
-0.99851738,0.03570665
-0.99819738,0.01788385
-0.99787738,0.01788385
-0.99755738,0.00006104
-0.99723738,0.00006104
-0.99691738,0.00006104
-0.99659738,0.01788385
-0.99627738,0.01788385
-0.99595738,0.01788385
-0.99563738,0.01788385
-0.99531738,0.00006104
-0.99499738,0.00006104
-0.99467738,0.01788385
-0.99435738,0.01788385
-0.99403738,0.03570665
-0.99371738,0.07129124
-0.99339738,0.07129124
-0.99307738,0.07129124
-0.99275738,0.05346843
-0.99243738,0.05346843
-0.99211738,0.07129124
-0.99179738,0.03570665
-0.99147738,0.05346843
-0.99115738,0.08911405
-0.99083738,0.07129124
-0.99051738,0.01788385
-0.99019738,0.01788385
-0.98987738,0.01788385
-0.98955738,0.01788385
-0.98923738,0.00006104
-0.98891738,-0.01770074
-0.98859738,-0.03552354
-0.98827738,-0.03552354
-0.98795738,0.00006104
-0.98763738,0.01788385
-0.98731738,0.00006104
-0.98699738,0.03570665
-0.98667738,0.00006104
-0.98635738,-0.03552354
-0.98603738,0.01788385
-0.98571738,-0.01770074
-0.98539738,0.00006104
-0.98507738,0.05346843
-0.98475738,0.01788385
-0.98443738,0.01788385
-0.98411738,0.03570665
-0.98379738,0.01788385
-0.98347738,0.01788385
-0.98315738,0.01788385
-0.98283738,0.01788385
-0.98251738,0.01788385
-0.98219738,0.01788385
-0.98187738,0.03570665
-0.98155738,0.01788385
-0.98123738,0.00006104
-0.98091738,0.01788385
-0.98059738,0.01788385
-0.98027738,0.00006104
-0.97995738,0.01788385
-0.97963738,-0.01770074
-0.97931738,-0.01770074
-0.97899738,0.00006104
-0.97867738,0.00006104
-0.97835738,-0.01770074
-0.97803738,0.01788385
-0.97771738,0.01788385
-0.97739738,0.00006104
-0.97707738,0.01788385
-0.97675738,0.00006104
-0.97643738,0.00006104
-0.97611738,0.01788385
-0.97579738,0.01788385
-0.97547738,0.00006104
-0.97515738,0.03570665
-0.97483738,0.01788385
-0.97451738,0.00006104
-0.97419738,0.00006104
-0.97387738,0.00006104
-0.97355738,0.00006104
-0.97323738,0.00006104
-0.97291738,-0.01770074
-0.97259738,-0.01770074
-0.97227738,0.00006104
-0.97195738,0.00006104
-0.97163738,0.00006104
-0.97131738,0.00006104
-0.97099738,0.00006104
-0.97067738,0.00006104
-0.97035738,0.01788385
-0.97003738,0.00006104
-0.96971738,0.01788385
-0.96939738,0.01788385
-0.96907738,0.01788385
-0.96875738,0.00006104
-0.96843738,0.00006104
-0.96811738,0.00006104
-0.96779738,0.00006104
-0.96747738,0.00006104
-0.96715738,0.00006104
-0.96683738,0.00006104
-0.96651738,0.00006104
-0.96619738,0.00006104
-0.96587738,0.00006104
-0.96555738,0.00006104
-0.96523738,0.00006104
-0.96491738,0.01788385
-0.96459738,0.00006104
-0.96427738,0.00006104
-0.96395738,0.00006104
-0.96363738,0.00006104
-0.96331738,-0.01770074
-0.96299738,0.01788385
-0.96267738,0.00006104
-0.96235738,0.00006104
-0.96203738,0.00006104
-0.96171738,0.00006104
-0.96139738,0.00006104
-0.96107738,0.00006104
-0.96075738,0.00006104
-0.96043738,-0.01770074
-0.96011738,0.00006104
-0.95979738,0.00006104
-0.95947738,0.00006104
-0.95915738,0.00006104
-0.95883738,0.00006104
-0.95851738,0.00006104
-0.95819738,0.01788385
-0.95787738,0.00006104
-0.95755738,0.01788385
-0.95723738,0.00006104
-0.95691738,0.00006104
-0.95659738,0.00006104
-0.95627738,0.00006104
-0.95595738,0.00006104
-0.95563738,0.00006104
-0.95531738,0.00006104
-0.95499738,-0.01770074
-0.95467738,-0.01770074
-0.95435738,-0.01770074
-0.95403738,-0.01770074
-0.95371738,0.00006104
-0.95339738,0.00006104
-0.95307738,0.00006104
-0.95275738,0.00006104
-0.95243738,0.00006104
-0.95211738,0.00006104
-0.95179738,0.00006104
-0.95147738,0.00006104
-0.95115738,0.00006104
-0.95083738,0.00006104
-0.95051738,0.01788385
-0.95019738,0.00006104
-0.94987738,0.00006104
-0.94955738,0.00006104
-0.94923738,0.00006104
-0.94891738,0.00006104
-0.94859738,0.00006104
-0.94827738,0.00006104
-0.94795738,0.00006104
-0.94763738,-0.01770074
-0.94731738,-0.01770074
-0.94699738,0.00006104
-0.94667738,0.00006104
-0.94635738,0.00006104
-0.94603738,-0.01770074
-0.94571738,0.00006104
-0.94539738,0.00006104
-0.94507738,0.00006104
-0.94475738,0.01788385
-0.94443738,0.00006104
-0.94411738,0.00006104
-0.94379738,0.00006104
-0.94347738,0.00006104
-0.94315738,0.00006104
-0.94283738,0.00006104
-0.94251738,0.00006104
-0.94219738,0.00006104
-0.94187738,0.00006104
-0.94155738,0.00006104
-0.94123738,0.00006104
-0.94091738,0.00006104
-0.94059738,0.00006104
-0.94027738,0.00006104
-0.93995738,0.00006104
-0.93963738,0.00006104
-0.93931738,0.00006104
-0.93899738,0.00006104
-0.93867738,0.00006104
-0.93835738,0.00006104
-0.93803738,0.00006104
-0.93771738,0.00006104
-0.93739738,0.00006104
-0.93707738,-0.01770074
-0.93675738,0.00006104
-0.93643738,0.00006104
-0.93611738,0.00006104
-0.93579738,0.00006104
-0.93547738,0.00006104
-0.93515738,0.00006104
-0.93483738,0.00006104
-0.93451738,0.00006104
-0.93419738,0.00006104
-0.93387738,0.00006104
-0.93355738,0.00006104
-0.93323738,0.00006104
-0.93291738,0.00006104
-0.93259738,0.00006104
-0.93227738,0.00006104
-0.93195738,0.00006104
-0.93163738,0.00006104
-0.93131738,0.00006104
-0.93099738,-0.01770074
-0.93067738,0.00006104
-0.93035738,0.00006104
-0.93003738,0.00006104
-0.92971738,0.00006104
-0.92939738,0.00006104
-0.92907738,0.00006104
-0.92875738,0.00006104
-0.92843738,0.00006104
-0.92811738,0.00006104
-0.92779738,0.00006104
-0.92747738,0.00006104
-0.92715738,0.00006104
-0.92683738,0.00006104
-0.92651738,0.00006104
-0.92619738,0.00006104
-0.92587738,0.00006104
-0.92555738,0.00006104
-0.92523738,0.00006104
-0.92491738,0.00006104
-0.92459738,0.00006104
-0.92427738,0.00006104
-0.92395738,0.00006104
-0.92363738,0.00006104
-0.92331738,0.00006104
-0.92299738,0.00006104
-0.92267738,0.00006104
-0.92235738,0.00006104
-0.92203738,0.00006104
-0.92171738,0.00006104
-0.92139738,0.00006104
-0.92107738,0.00006104
-0.92075738,0.00006104
-0.92043738,0.00006104
-0.92011738,0.00006104
-0.91979738,0.00006104
-0.91947738,0.00006104
-0.91915738,0.00006104
-0.91883738,0.00006104
-0.91851738,0.00006104
-0.91819738,0.00006104
-0.91787738,0.00006104
-0.91755738,0.00006104
-0.91723738,0.00006104
-0.91691738,0.00006104
-0.91659738,0.00006104
-0.91627738,0.00006104
-0.91595738,0.00006104
-0.91563738,0.00006104
-0.91531738,0.00006104
-0.91499738,0.00006104
-0.91467738,0.00006104
-0.91435738,0.00006104
-0.91403738,0.00006104
-0.91371738,0.00006104
-0.91339738,0.00006104
-0.91307738,0.00006104
-0.91275738,0.00006104
-0.91243738,0.00006104
-0.91211738,0.00006104
-0.91179738,0.00006104
-0.91147738,0.00006104
-0.91115738,0.00006104
-0.91083738,0.00006104
-0.91051738,0.00006104
-0.91019738,0.00006104
-0.90987738,-0.01770074
-0.90955738,0.00006104
-0.90923738,0.00006104
-0.90891738,0.00006104
-0.90859738,-0.01770074
-0.90827738,0.00006104
-0.90795738,0.00006104
-0.90763738,0.00006104
-0.90731738,0.00006104
-0.90699738,0.00006104
-0.90667738,0.00006104
-0.90635738,0.00006104
-0.90603738,0.00006104
-0.90571738,0.00006104
-0.90539738,0.00006104
-0.90507738,-0.01770074
-0.90475738,0.00006104
-0.90443738,0.00006104
-0.90411738,0.00006104
-0.90379738,0.00006104
-0.90347738,0.00006104
-0.90315738,0.00006104
-0.90283738,-0.01770074
-0.90251738,0.00006104
-0.90219738,0.00006104
-0.90187738,-0.01770074
-0.90155738,0.00006104
-0.90123738,0.00006104
-0.90091738,0.00006104
-0.90059738,0.00006104
-0.90027738,0.00006104
-0.89995738,0.00006104
-0.89963738,0.00006104
-0.89931738,0.00006104
-0.89899738,0.00006104
-0.89867738,-0.01770074
-0.89835738,0.00006104
-0.89803738,0.00006104
-0.89771738,0.00006104
-0.89739738,0.00006104
-0.89707738,0.00006104
-0.89675738,0.00006104
-0.89643738,0.00006104
-0.89611738,0.00006104
-0.89579738,0.00006104
-0.89547738,0.00006104
-0.89515738,0.00006104
-0.89483738,0.00006104
-0.89451738,0.00006104
-0.89419738,0.00006104
-0.89387738,0.00006104
-0.89355738,0.00006104
-0.89323738,0.00006104
-0.89291738,0.00006104
-0.89259738,0.00006104
-0.89227738,0.00006104
-0.89195738,0.00006104
-0.89163738,0.00006104
-0.89131738,0.00006104
-0.89099738,0.00006104
-0.89067738,0.00006104
-0.89035738,0.00006104
-0.89003738,0.00006104
-0.88971738,0.00006104
-0.88939738,0.00006104
-0.88907738,0.00006104
-0.88875738,0.00006104
-0.88843738,0.00006104
-0.88811738,0.00006104
-0.88779738,0.00006104
-0.88747738,0.00006104
-0.88715738,0.00006104
-0.88683738,0.00006104
-0.88651738,0.00006104
-0.88619738,0.00006104
-0.88587738,0.00006104
-0.88555738,0.00006104
-0.88523738,0.00006104
-0.88491738,0.00006104
-0.88459738,0.00006104
-0.88427738,0.00006104
-0.88395738,0.00006104
-0.88363738,0.00006104
-0.88331738,0.00006104
-0.88299738,0.00006104
-0.88267738,0.00006104
-0.88235738,0.00006104
-0.88203738,0.00006104
-0.88171738,0.00006104
-0.88139738,0.00006104
-0.88107738,-0.01770074
-0.88075738,0.00006104
-0.88043738,0.00006104
-0.88011738,-0.01770074
-0.87979738,-0.01770074
-0.87947738,0.00006104
-0.87915738,0.00006104
-0.87883738,0.00006104
-0.87851738,0.00006104
-0.87819738,0.00006104
-0.87787738,0.00006104
-0.87755738,0.00006104
-0.87723738,0.00006104
-0.87691738,0.00006104
-0.87659738,0.00006104
-0.87627738,0.00006104
-0.87595738,0.00006104
-0.87563738,-0.01770074
-0.87531738,-0.01770074
-0.87499738,0.00006104
-0.87467738,0.00006104
-0.87435738,0.00006104
-0.87403738,0.00006104
-0.87371738,0.00006104
-0.87339738,0.00006104
-0.87307738,0.00006104
-0.87275738,0.00006104
-0.87243738,0.00006104
-0.87211738,0.00006104
-0.87179738,0.00006104
-0.87147738,-0.01770074
-0.87115738,0.00006104
-0.87083738,0.00006104
-0.87051738,0.00006104
-0.87019738,0.00006104
-0.86987738,0.00006104
-0.86955738,0.00006104
-0.86923738,0.00006104
-0.86891738,0.00006104
-0.86859738,0.00006104
-0.86827738,0.00006104
-0.86795738,-0.01770074
-0.86763738,0.00006104
-0.86731738,0.00006104
-0.86699738,0.00006104
-0.86667738,0.00006104
-0.86635738,0.00006104
-0.86603738,0.00006104
-0.86571738,0.00006104
-0.86539738,0.00006104
-0.86507738,0.00006104
-0.86475738,0.00006104
-0.86443738,0.00006104
-0.86411738,0.00006104
-0.86379738,0.00006104
-0.86347738,0.00006104
-0.86315738,0.00006104
-0.86283738,0.00006104
-0.86251738,0.00006104
-0.86219738,0.00006104
-0.86187738,0.00006104
-0.86155738,0.00006104
-0.86123738,0.00006104
-0.86091738,0.00006104
-0.86059738,0.00006104
-0.86027738,0.00006104
-0.85995738,0.00006104
-0.85963738,0.00006104
-0.85931738,0.00006104
-0.85899738,-0.01770074
-0.85867738,0.00006104
-0.85835738,0.00006104
-0.85803738,0.00006104
-0.85771738,0.00006104
-0.85739738,0.00006104
-0.85707738,0.00006104
-0.85675738,0.00006104
-0.85643738,0.00006104
-0.85611738,0.00006104
-0.85579738,0.00006104
-0.85547738,0.00006104
-0.85515738,0.00006104
-0.85483738,0.00006104
-0.85451738,0.00006104
-0.85419738,0.00006104
-0.85387738,0.00006104
-0.85355738,0.00006104
-0.85323738,0.00006104
-0.85291738,0.00006104
-0.85259738,0.00006104
-0.85227738,0.00006104
-0.85195738,0.00006104
-0.85163738,0.00006104
-0.85131738,0.00006104
-0.85099738,0.00006104
-0.85067738,0.00006104
-0.85035738,0.00006104
-0.85003738,0.00006104
-0.84971738,0.00006104
-0.84939738,0.00006104
-0.84907738,0.00006104
-0.84875738,0.00006104
-0.84843738,0.00006104
-0.84811738,0.00006104
-0.84779738,0.00006104
-0.84747738,0.00006104
-0.84715738,0.00006104
-0.84683738,0.00006104
-0.84651738,0.00006104
-0.84619738,0.00006104
-0.84587738,0.00006104
-0.84555738,0.00006104
-0.84523738,0.00006104
-0.84491738,0.00006104
-0.84459738,0.00006104
-0.84427738,-0.01770074
-0.84395738,-0.01770074
-0.84363738,0.00006104
-0.84331738,0.00006104
-0.84299738,0.00006104
-0.84267738,0.00006104
-0.84235738,0.00006104
-0.84203738,0.00006104
-0.84171738,-0.01770074
-0.84139738,0.00006104
-0.84107738,0.00006104
-0.84075738,0.00006104
-0.84043738,0.00006104
-0.84011738,0.00006104
-0.83979738,0.00006104
-0.83947738,0.00006104
-0.83915738,0.00006104
-0.83883738,0.00006104
-0.83851738,0.00006104
-0.83819738,0.00006104
-0.83787738,0.00006104
-0.83755738,0.00006104
-0.83723738,0.00006104
-0.83691738,0.00006104
-0.83659738,0.00006104
-0.83627738,0.00006104
-0.83595738,0.00006104
-0.83563738,0.00006104
-0.83531738,0.00006104
-0.83499738,0.00006104
-0.83467738,0.00006104
-0.83435738,0.00006104
-0.83403738,0.00006104
-0.83371738,0.00006104
-0.83339738,0.00006104
-0.83307738,0.00006104
-0.83275738,0.00006104
-0.83243738,0.00006104
-0.83211738,-0.01770074
-0.83179738,0.00006104
-0.83147738,0.00006104
-0.83115738,0.00006104
-0.83083738,0.00006104
-0.83051738,0.00006104
-0.83019738,0.00006104
-0.82987738,0.00006104
-0.82955738,0.00006104
-0.82923738,0.00006104
-0.82891738,0.00006104
-0.82859738,0.00006104
-0.82827738,0.00006104
-0.82795738,0.00006104
-0.82763738,0.00006104
-0.82731738,0.00006104
-0.82699738,0.00006104
-0.82667738,0.00006104
-0.82635738,0.00006104
-0.82603738,0.00006104
-0.82571738,0.00006104
-0.82539738,0.00006104
-0.82507738,0.00006104
-0.82475738,0.00006104
-0.82443738,0.00006104
-0.82411738,-0.01770074
-0.82379738,0.00006104
-0.82347738,0.00006104
-0.82315738,-0.01770074
-0.82283738,0.00006104
-0.82251738,0.00006104
-0.82219738,0.00006104
-0.82187738,0.00006104
-0.82155738,0.00006104
-0.82123738,0.00006104
-0.82091738,0.00006104
-0.82059738,0.00006104
-0.82027738,0.00006104
-0.81995738,0.00006104
-0.81963738,0.00006104
-0.81931738,0.00006104
-0.81899738,-0.01770074
-0.81867738,0.00006104
-0.81835738,0.00006104
-0.81803738,0.00006104
-0.81771738,0.00006104
-0.81739738,0.00006104
-0.81707738,0.00006104
-0.81675738,-0.01770074
-0.81643738,0.00006104
-0.81611738,0.00006104
-0.81579738,0.01788385
-0.81547738,0.01788385
-0.81515738,0.00006104
-0.81483738,0.00006104
-0.81451738,0.00006104
-0.81419738,0.00006104
-0.81387738,0.00006104
-0.81355738,0.00006104
-0.81323738,0.00006104
-0.81291738,0.00006104
-0.81259738,0.00006104
-0.81227738,0.00006104
-0.81195738,0.00006104
-0.81163738,0.00006104
-0.81131738,0.00006104
-0.81099738,0.00006104
-0.81067738,0.00006104
-0.81035738,-0.01770074
-0.81003738,0.00006104
-0.80971738,0.00006104
-0.80939738,0.00006104
-0.80907738,0.00006104
-0.80875738,0.00006104
-0.80843738,0.00006104
-0.80811738,0.00006104
-0.80779738,0.00006104
-0.80747738,0.00006104
-0.80715738,0.00006104
-0.80683738,0.00006104
-0.80651738,0.00006104
-0.80619738,0.00006104
-0.80587738,0.00006104
-0.80555738,0.00006104
-0.80523738,0.00006104
-0.80491738,-0.01770074
-0.80459738,0.00006104
-0.80427738,0.00006104
-0.80395738,0.00006104
-0.80363738,0.00006104
-0.80331738,0.00006104
-0.80299738,0.00006104
-0.80267738,0.00006104
-0.80235738,0.00006104
-0.80203738,0.00006104
-0.80171738,0.00006104
-0.80139738,0.00006104
-0.80107738,0.00006104
-0.80075738,0.00006104
-0.80043738,0.00006104
-0.80011738,0.00006104
-0.79979738,0.00006104
-0.79947738,0.00006104
-0.79915738,0.00006104
-0.79883738,0.00006104
-0.79851738,0.00006104
-0.79819738,0.00006104
-0.79787738,0.00006104
-0.79755738,0.00006104
-0.79723738,0.00006104
-0.79691738,0.00006104
-0.79659738,0.00006104
-0.79627738,0.00006104
-0.79595738,0.00006104
-0.79563738,0.00006104
-0.79531738,-0.01770074
-0.79499738,0.00006104
-0.79467738,0.00006104
-0.79435738,0.00006104
-0.79403738,0.00006104
-0.79371738,0.00006104
-0.79339738,0.00006104
-0.79307738,-0.01770074
-0.79275738,0.00006104
-0.79243738,-0.01770074
-0.79211738,-0.01770074
-0.79179738,0.00006104
-0.79147738,0.00006104
-0.79115738,0.00006104
-0.79083738,0.00006104
-0.79051738,0.00006104
-0.79019738,0.00006104
-0.78987738,0.00006104
-0.78955738,0.00006104
-0.78923738,0.00006104
-0.78891738,0.00006104
-0.78859738,0.00006104
-0.78827738,0.00006104
-0.78795738,0.00006104
-0.78763738,0.00006104
-0.78731738,0.00006104
-0.78699738,0.00006104
-0.78667738,0.00006104
-0.78635738,-0.01770074
-0.78603738,0.00006104
-0.78571738,0.00006104
-0.78539738,0.00006104
-0.78507738,0.00006104
-0.78475738,0.00006104
-0.78443738,0.00006104
-0.78411738,0.00006104
-0.78379738,-0.01770074
-0.78347738,0.00006104
-0.78315738,0.00006104
-0.78283738,0.00006104
-0.78251738,0.00006104
-0.78219738,0.00006104
-0.78187738,0.00006104
-0.78155738,0.00006104
-0.78123738,0.00006104
-0.78091738,0.00006104
-0.78059738,0.00006104
-0.78027738,0.00006104
-0.77995738,0.00006104
-0.77963738,0.00006104
-0.77931738,0.00006104
-0.77899738,0.00006104
-0.77867738,0.00006104
-0.77835738,0.00006104
-0.77803738,0.00006104
-0.77771738,-0.01770074
-0.77739738,0.00006104
-0.77707738,0.00006104
-0.77675738,0.00006104
-0.77643738,0.00006104
-0.77611738,0.00006104
-0.77579738,0.00006104
-0.77547738,-0.01770074
-0.77515738,0.00006104
-0.77483738,0.00006104
-0.77451738,0.00006104
-0.77419738,0.00006104
-0.77387738,0.00006104
-0.77355738,-0.01770074
-0.77323738,0.00006104
-0.77291738,0.00006104
-0.77259738,0.00006104
-0.77227738,0.00006104
-0.77195738,0.00006104
-0.77163738,0.00006104
-0.77131738,0.00006104
-0.77099738,0.00006104
-0.77067738,0.00006104
-0.77035738,0.00006104
-0.77003738,0.00006104
-0.76971738,0.00006104
-0.76939738,0.00006104
-0.76907738,0.00006104
-0.76875738,0.00006104
-0.76843738,0.00006104
-0.76811738,0.00006104
-0.76779738,0.00006104
-0.76747738,0.00006104
-0.76715738,0.00006104
-0.76683738,0.00006104
-0.76651738,0.00006104
-0.76619738,-0.01770074
-0.76587738,0.00006104
-0.76555738,0.00006104
-0.76523738,0.00006104
-0.76491738,0.00006104
-0.76459738,0.00006104
-0.76427738,0.00006104
-0.76395738,0.00006104
-0.76363738,0.00006104
-0.76331738,0.00006104
-0.76299738,0.00006104
-0.76267738,0.00006104
-0.76235738,0.00006104
-0.76203738,0.00006104
-0.76171738,0.00006104
-0.76139738,0.00006104
-0.76107738,0.00006104
-0.76075738,0.00006104
-0.76043738,0.00006104
-0.76011738,0.00006104
-0.75979738,0.00006104
-0.75947738,0.00006104
-0.75915738,0.00006104
-0.75883738,-0.01770074
-0.75851738,0.00006104
-0.75819738,0.00006104
-0.75787738,0.00006104
-0.75755738,0.00006104
-0.75723738,0.00006104
-0.75691738,0.00006104
-0.75659738,0.00006104
-0.75627738,-0.01770074
-0.75595738,0.00006104
-0.75563738,0.00006104
-0.75531738,0.00006104
-0.75499738,0.00006104
-0.75467738,0.00006104
-0.75435738,0.00006104
-0.75403738,0.00006104
-0.75371738,0.00006104
-0.75339738,0.00006104
-0.75307738,0.00006104
-0.75275738,-0.01770074
-0.75243738,0.00006104
-0.75211738,0.00006104
-0.75179738,0.00006104
-0.75147738,0.00006104
-0.75115738,0.00006104
-0.75083738,0.00006104
-0.75051738,0.00006104
-0.75019738,0.00006104
-0.74987738,0.00006104
-0.74955738,0.00006104
-0.74923738,0.00006104
-0.74891738,0.00006104
-0.74859738,0.00006104
-0.74827738,-0.01770074
-0.74795738,0.00006104
-0.74763738,0.00006104
-0.74731738,0.00006104
-0.74699738,0.00006104
-0.74667738,0.00006104
-0.74635738,0.00006104
-0.74603738,0.00006104
-0.74571738,0.00006104
-0.74539738,0.00006104
-0.74507738,0.00006104
-0.74475738,-0.01770074
-0.74443738,-0.01770074
-0.74411738,0.00006104
-0.74379738,0.00006104
-0.74347738,0.00006104
-0.74315738,0.00006104
-0.74283738,0.00006104
-0.74251738,0.00006104
-0.74219738,0.00006104
-0.74187738,0.00006104
-0.74155738,0.00006104
-0.74123738,0.00006104
-0.74091738,0.00006104
-0.74059738,0.00006104
-0.74027738,0.00006104
-0.73995738,0.00006104
-0.73963738,0.00006104
-0.73931738,0.00006104
-0.73899738,0.00006104
-0.73867738,0.00006104
-0.73835738,0.00006104
-0.73803738,0.00006104
-0.73771738,0.00006104
-0.73739738,0.00006104
-0.73707738,-0.01770074
-0.73675738,0.00006104
-0.73643738,-0.01770074
-0.73611738,0.00006104
-0.73579738,0.00006104
-0.73547738,0.00006104
-0.73515738,-0.01770074
-0.73483738,0.00006104
-0.73451738,0.00006104
-0.73419738,0.00006104
-0.73387738,0.00006104
-0.73355738,0.00006104
-0.73323738,0.00006104
-0.73291738,0.00006104
-0.73259738,0.00006104
-0.73227738,0.00006104
-0.73195738,0.00006104
-0.73163738,0.00006104
-0.73131738,0.00006104
-0.73099738,0.00006104
-0.73067738,0.00006104
-0.73035738,0.00006104
-0.73003738,0.00006104
-0.72971738,0.00006104
-0.72939738,0.00006104
-0.72907738,0.00006104
-0.72875738,0.00006104
-0.72843738,0.00006104
-0.72811738,0.00006104
-0.72779738,0.00006104
-0.72747738,0.00006104
-0.72715738,0.00006104
-0.72683738,0.00006104
-0.72651738,0.00006104
-0.72619738,0.00006104
-0.72587738,0.00006104
-0.72555738,0.00006104
-0.72523738,0.00006104
-0.72491738,0.00006104
-0.72459738,0.00006104
-0.72427738,0.00006104
-0.72395738,0.00006104
-0.72363738,0.00006104
-0.72331738,0.00006104
-0.72299738,0.00006104
-0.72267738,-0.01770074
-0.72235738,0.00006104
-0.72203738,0.00006104
-0.72171738,0.00006104
-0.72139738,0.00006104
-0.72107738,0.00006104
-0.72075738,0.00006104
-0.72043738,0.00006104
-0.72011738,0.00006104
-0.71979738,0.00006104
-0.71947738,0.00006104
-0.71915738,0.00006104
-0.71883738,0.00006104
-0.71851738,0.00006104
-0.71819738,0.00006104
-0.71787738,0.00006104
-0.71755738,0.00006104
-0.71723738,0.00006104
-0.71691738,0.00006104
-0.71659738,0.00006104
-0.71627738,0.00006104
-0.71595738,0.00006104
-0.71563738,0.00006104
-0.71531738,0.00006104
-0.71499738,0.00006104
-0.71467738,0.00006104
-0.71435738,0.00006104
-0.71403738,0.00006104
-0.71371738,0.00006104
-0.71339738,0.00006104
-0.71307738,0.00006104
-0.71275738,0.00006104
-0.71243738,0.00006104
-0.71211738,0.00006104
-0.71179738,0.00006104
-0.71147738,0.00006104
-0.71115738,0.00006104
-0.71083738,0.00006104
-0.71051738,0.00006104
-0.71019738,0.00006104
-0.70987738,0.00006104
-0.70955738,0.00006104
-0.70923738,0.00006104
-0.70891738,0.00006104
-0.70859738,0.00006104
-0.70827738,0.00006104
-0.70795738,0.00006104
-0.70763738,0.00006104
-0.70731738,0.00006104
-0.70699738,0.00006104
-0.70667738,0.00006104
-0.70635738,0.00006104
-0.70603738,0.00006104
-0.70571738,0.00006104
-0.70539738,0.00006104
-0.70507738,0.00006104
-0.70475738,0.00006104
-0.70443738,0.00006104
-0.70411738,0.00006104
-0.70379738,0.00006104
-0.70347738,0.00006104
-0.70315738,0.00006104
-0.70283738,0.00006104
-0.70251738,0.00006104
-0.70219738,0.00006104
-0.70187738,0.00006104
-0.70155738,0.00006104
-0.70123738,0.00006104
-0.70091738,0.00006104
-0.70059738,0.00006104
-0.70027738,0.00006104
-0.69995738,0.00006104
-0.69963738,0.00006104
-0.69931738,0.00006104
-0.69899738,0.00006104
-0.69867738,0.00006104
-0.69835738,0.00006104
-0.69803738,0.00006104
-0.69771738,0.00006104
-0.69739738,0.00006104
-0.69707738,0.00006104
-0.69675738,0.00006104
-0.69643738,-0.01770074
-0.69611738,0.00006104
-0.69579738,0.00006104
-0.69547738,0.00006104
-0.69515738,0.00006104
-0.69483738,0.00006104
-0.69451738,0.00006104
-0.69419738,0.00006104
-0.69387738,0.00006104
-0.69355738,0.00006104
-0.69323738,0.00006104
-0.69291738,0.00006104
-0.69259738,0.00006104
-0.69227738,0.00006104
-0.69195738,0.00006104
-0.69163738,0.00006104
-0.69131738,0.00006104
-0.69099738,0.00006104
-0.69067738,0.00006104
-0.69035738,0.00006104
-0.69003738,0.00006104
-0.68971738,0.00006104
-0.68939738,0.00006104
-0.68907738,0.00006104
-0.68875738,0.00006104
-0.68843738,0.00006104
-0.68811738,0.00006104
-0.68779738,0.00006104
-0.68747738,0.00006104
-0.68715738,0.00006104
-0.68683738,0.00006104
-0.68651738,0.00006104
-0.68619738,0.00006104
-0.68587738,0.00006104
-0.68555738,0.00006104
-0.68523738,0.00006104
-0.68491738,0.00006104
-0.68459738,-0.01770074
-0.68427738,0.00006104
-0.68395738,0.00006104
-0.68363738,0.00006104
-0.68331738,0.00006104
-0.68299738,0.00006104
-0.68267738,0.00006104
-0.68235738,0.00006104
-0.68203738,0.00006104
-0.68171738,0.00006104
-0.68139738,0.00006104
-0.68107738,0.00006104
-0.68075738,0.00006104
-0.68043738,0.00006104
-0.68011738,0.00006104
-0.67979738,0.00006104
-0.67947738,0.00006104
-0.67915738,0.00006104
-0.67883738,0.00006104
-0.67851738,0.00006104
-0.67819738,0.00006104
-0.67787738,0.00006104
-0.67755738,0.00006104
-0.67723738,0.00006104
-0.67691738,0.00006104
-0.67659738,0.00006104
-0.67627738,0.00006104
-0.67595738,0.00006104
-0.67563738,0.00006104
-0.67531738,0.00006104
-0.67499738,0.00006104
-0.67467738,0.00006104
-0.67435738,0.00006104
-0.67403738,0.00006104
-0.67371738,-0.01770074
-0.67339738,0.00006104
-0.67307738,0.00006104
-0.67275738,0.00006104
-0.67243738,0.00006104
-0.67211738,0.00006104
-0.67179738,0.00006104
-0.67147738,0.00006104
-0.67115738,0.00006104
-0.67083738,0.00006104
-0.67051738,0.00006104
-0.67019738,-0.01770074
-0.66987738,0.00006104
-0.66955738,0.00006104
-0.66923738,0.00006104
-0.66891738,0.00006104
-0.66859738,0.00006104
-0.66827738,0.00006104
-0.66795738,0.00006104
-0.66763738,0.00006104
-0.66731738,0.00006104
-0.66699738,0.00006104
-0.66667738,0.00006104
-0.66635738,0.00006104
-0.66603738,0.00006104
-0.66571738,0.00006104
-0.66539738,0.00006104
-0.66507738,-0.01770074
-0.66475738,0.00006104
-0.66443738,0.00006104
-0.66411738,0.00006104
-0.66379738,0.00006104
-0.66347738,0.00006104
-0.66315738,0.00006104
-0.66283738,0.00006104
-0.66251738,0.00006104
-0.66219738,0.00006104
-0.66187738,0.00006104
-0.66155738,0.00006104
-0.66123738,0.00006104
-0.66091738,0.00006104
-0.66059738,0.00006104
-0.66027738,0.00006104
-0.65995738,0.00006104
-0.65963738,0.00006104
-0.65931738,0.00006104
-0.65899738,0.00006104
-0.65867738,0.00006104
-0.65835738,0.00006104
-0.65803738,0.00006104
-0.65771738,-0.01770074
-0.65739738,0.00006104
-0.65707738,0.00006104
-0.65675738,0.00006104
-0.65643738,0.00006104
-0.65611738,0.00006104
-0.65579738,0.00006104
-0.65547738,-0.01770074
-0.65515738,0.00006104
-0.65483738,-0.01770074
-0.65451738,0.00006104
-0.65419738,0.00006104
-0.65387738,0.00006104
-0.65355738,0.00006104
-0.65323738,0.00006104
-0.65291738,0.00006104
-0.65259738,0.00006104
-0.65227738,0.00006104
-0.65195738,0.00006104
-0.65163738,0.00006104
-0.65131738,0.00006104
-0.65099738,0.00006104
-0.65067738,0.00006104
-0.65035738,0.00006104
-0.65003738,0.00006104
-0.64971738,0.00006104
-0.64939738,0.00006104
-0.64907738,-0.01770074
-0.64875738,0.00006104
-0.64843738,0.00006104
-0.64811738,0.00006104
-0.64779738,0.00006104
-0.64747738,0.00006104
-0.64715738,0.00006104
-0.64683738,0.00006104
-0.64651738,0.00006104
-0.64619738,0.00006104
-0.64587738,0.00006104
-0.64555738,0.00006104
-0.64523738,0.00006104
-0.64491738,0.00006104
-0.64459738,0.00006104
-0.64427738,0.00006104
-0.64395738,0.00006104
-0.64363738,0.00006104
-0.64331738,0.00006104
-0.64299738,0.00006104
-0.64267738,0.00006104
-0.64235738,0.00006104
-0.64203738,0.00006104
-0.64171738,0.00006104
-0.64139738,0.00006104
-0.64107738,0.00006104
-0.64075738,0.00006104
-0.64043738,0.00006104
-0.64011738,0.00006104
-0.63979738,0.00006104
-0.63947738,0.00006104
-0.63915738,0.00006104
-0.63883738,0.00006104
-0.63851738,0.00006104
-0.63819738,0.00006104
-0.63787738,0.00006104
-0.63755738,0.00006104
-0.63723738,0.00006104
-0.63691738,0.00006104
-0.63659738,-0.01770074
-0.63627738,0.00006104
-0.63595738,0.00006104
-0.63563738,0.00006104
-0.63531738,0.00006104
-0.63499738,0.00006104
-0.63467738,-0.01770074
-0.63435738,0.00006104
-0.63403738,0.00006104
-0.63371738,0.00006104
-0.63339738,0.00006104
-0.63307738,0.00006104
-0.63275738,-0.01770074
-0.63243738,0.00006104
-0.63211738,0.00006104
-0.63179738,0.00006104
-0.63147738,0.00006104
-0.63115738,0.00006104
-0.63083738,0.00006104
-0.63051738,0.00006104
-0.63019738,0.00006104
-0.62987738,0.00006104
-0.62955738,0.00006104
-0.62923738,0.00006104
-0.62891738,0.00006104
-0.62859738,0.00006104
-0.62827738,0.00006104
-0.62795738,0.00006104
-0.62763738,0.00006104
-0.62731738,0.00006104
-0.62699738,0.00006104
-0.62667738,0.00006104
-0.62635738,0.00006104
-0.62603738,0.00006104
-0.62571738,0.00006104
-0.62539738,0.00006104
-0.62507738,0.00006104
-0.62475738,-0.01770074
-0.62443738,0.00006104
-0.62411738,0.00006104
-0.62379738,0.00006104
-0.62347738,0.00006104
-0.62315738,0.00006104
-0.62283738,0.00006104
-0.62251738,0.00006104
-0.62219738,0.00006104
-0.62187738,0.00006104
-0.62155738,0.00006104
-0.62123738,0.00006104
-0.62091738,0.00006104
-0.62059738,0.00006104
-0.62027738,0.00006104
-0.61995738,0.00006104
-0.61963738,0.00006104
-0.61931738,0.00006104
-0.61899738,0.00006104
-0.61867738,0.00006104
-0.61835738,0.00006104
-0.61803738,0.00006104
-0.61771738,0.00006104
-0.61739738,0.00006104
-0.61707738,0.00006104
-0.61675738,-0.01770074
-0.61643738,0.00006104
-0.61611738,0.00006104
-0.61579738,0.00006104
-0.61547738,0.00006104
-0.61515738,0.00006104
-0.61483738,0.00006104
-0.61451738,0.00006104
-0.61419738,0.00006104
-0.61387738,0.00006104
-0.61355738,0.00006104
-0.61323738,0.00006104
-0.61291738,0.00006104
-0.61259738,0.00006104
-0.61227738,0.00006104
-0.61195738,0.00006104
-0.61163738,-0.01770074
-0.61131738,0.00006104
-0.61099738,0.00006104
-0.61067738,0.00006104
-0.61035738,0.00006104
-0.61003738,0.00006104
-0.60971738,0.00006104
-0.60939738,0.00006104
-0.60907738,0.00006104
-0.60875738,0.00006104
-0.60843738,-0.01770074
-0.60811738,0.00006104
-0.60779738,0.00006104
-0.60747738,0.00006104
-0.60715738,0.00006104
-0.60683738,0.00006104
-0.60651738,0.00006104
-0.60619738,0.00006104
-0.60587738,-0.01770074
-0.60555738,0.00006104
-0.60523738,0.00006104
-0.60491738,0.00006104
-0.60459738,0.00006104
-0.60427738,0.00006104
-0.60395738,0.00006104
-0.60363738,0.00006104
-0.60331738,0.00006104
-0.60299738,0.00006104
-0.60267738,0.00006104
-0.60235738,0.00006104
-0.60203738,0.00006104
-0.60171738,0.00006104
-0.60139738,0.00006104
-0.60107738,0.00006104
-0.60075738,0.00006104
-0.60043738,0.00006104
-0.60011738,0.00006104
-0.59979738,0.00006104
-0.59947738,0.00006104
-0.59915738,0.00006104
-0.59883738,0.00006104
-0.59851738,0.00006104
-0.59819738,0.00006104
-0.59787738,0.00006104
-0.59755738,0.00006104
-0.59723738,0.00006104
-0.59691738,0.00006104
-0.59659738,0.00006104
-0.59627738,0.00006104
-0.59595738,0.00006104
-0.59563738,0.00006104
-0.59531738,0.00006104
-0.59499738,0.00006104
-0.59467738,0.00006104
-0.59435738,0.00006104
-0.59403738,0.00006104
-0.59371738,0.00006104
-0.59339738,0.00006104
-0.59307738,0.00006104
-0.59275738,0.00006104
-0.59243738,0.00006104
-0.59211738,0.00006104
-0.59179738,0.00006104
-0.59147738,0.00006104
-0.59115738,0.00006104
-0.59083738,0.00006104
-0.59051738,0.00006104
-0.59019738,0.00006104
-0.58987738,0.00006104
-0.58955738,0.00006104
-0.58923738,0.00006104
-0.58891738,0.00006104
-0.58859738,0.00006104
-0.58827738,0.00006104
-0.58795738,0.00006104
-0.58763738,0.00006104
-0.58731738,0.00006104
-0.58699738,0.00006104
-0.58667738,0.00006104
-0.58635738,0.00006104
-0.58603738,0.00006104
-0.58571738,0.00006104
-0.58539738,0.00006104
-0.58507738,0.00006104
-0.58475738,0.00006104
-0.58443738,0.00006104
-0.58411738,0.00006104
-0.58379738,0.00006104
-0.58347738,0.00006104
-0.58315738,0.00006104
-0.58283738,0.00006104
-0.58251738,0.00006104
-0.58219738,0.00006104
-0.58187738,0.00006104
-0.58155738,0.00006104
-0.58123738,0.00006104
-0.58091738,0.00006104
-0.58059738,0.00006104
-0.58027738,0.00006104
-0.57995738,-0.01770074
-0.57963738,0.00006104
-0.57931738,0.00006104
-0.57899738,0.00006104
-0.57867738,0.00006104
-0.57835738,0.00006104
-0.57803738,0.00006104
-0.57771738,0.00006104
-0.57739738,0.00006104
-0.57707738,0.00006104
-0.57675738,0.00006104
-0.57643738,0.00006104
-0.57611738,0.00006104
-0.57579738,0.00006104
-0.57547738,0.00006104
-0.57515738,0.00006104
-0.57483738,0.00006104
-0.57451738,0.00006104
-0.57419738,0.00006104
-0.57387738,0.00006104
-0.57355738,0.00006104
-0.57323738,0.00006104
-0.57291738,0.00006104
-0.57259738,0.00006104
-0.57227738,0.00006104
-0.57195738,0.00006104
-0.57163738,0.00006104
-0.57131738,0.00006104
-0.57099738,0.00006104
-0.57067738,0.00006104
-0.57035738,0.00006104
-0.57003738,0.00006104
-0.56971738,0.00006104
-0.56939738,0.00006104
-0.56907738,0.00006104
-0.56875738,0.00006104
-0.56843738,0.00006104
-0.56811738,0.00006104
-0.56779738,0.00006104
-0.56747738,0.00006104
-0.56715738,0.00006104
-0.56683738,0.00006104
-0.56651738,0.00006104
-0.56619738,0.00006104
-0.56587738,0.00006104
-0.56555738,0.00006104
-0.56523738,0.00006104
-0.56491738,0.00006104
-0.56459738,0.00006104
-0.56427738,0.00006104
-0.56395738,0.00006104
-0.56363738,0.00006104
-0.56331738,0.00006104
-0.56299738,0.00006104
-0.56267738,-0.01770074
-0.56235738,0.00006104
-0.56203738,0.00006104
-0.56171738,0.00006104
-0.56139738,0.00006104
-0.56107738,0.00006104
-0.56075738,0.00006104
-0.56043738,0.00006104
-0.56011738,0.00006104
-0.55979738,0.00006104
-0.55947738,0.00006104
-0.55915738,0.00006104
-0.55883738,0.00006104
-0.55851738,0.00006104
-0.55819738,0.00006104
-0.55787738,0.00006104
-0.55755738,0.00006104
-0.55723738,0.00006104
-0.55691738,0.00006104
-0.55659738,0.00006104
-0.55627738,0.00006104
-0.55595738,0.00006104
-0.55563738,0.00006104
-0.55531738,0.00006104
-0.55499738,0.00006104
-0.55467738,0.00006104
-0.55435738,-0.01770074
-0.55403738,0.00006104
-0.55371738,0.00006104
-0.55339738,0.00006104
-0.55307738,0.00006104
-0.55275738,0.00006104
-0.55243738,0.00006104
-0.55211738,0.00006104
-0.55179738,0.00006104
-0.55147738,0.00006104
-0.55115738,0.00006104
-0.55083738,0.00006104
-0.55051738,0.00006104
-0.55019738,0.00006104
-0.54987738,0.00006104
-0.54955738,0.00006104
-0.54923738,0.00006104
-0.54891738,0.00006104
-0.54859738,0.00006104
-0.54827738,0.00006104
-0.54795738,0.00006104
-0.54763738,0.00006104
-0.54731738,0.00006104
-0.54699738,0.00006104
-0.54667738,0.00006104
-0.54635738,0.00006104
-0.54603738,0.00006104
-0.54571738,0.00006104
-0.54539738,0.00006104
-0.54507738,0.00006104
-0.54475738,0.00006104
-0.54443738,0.00006104
-0.54411738,0.00006104
-0.54379738,0.00006104
-0.54347738,0.00006104
-0.54315738,0.00006104
-0.54283738,0.00006104
-0.54251738,0.00006104
-0.54219738,0.00006104
-0.54187738,0.00006104
-0.54155738,0.00006104
-0.54123738,0.00006104
-0.54091738,0.00006104
-0.54059738,0.00006104
-0.54027738,0.00006104
-0.53995738,0.00006104
-0.53963738,0.00006104
-0.53931738,0.00006104
-0.53899738,0.00006104
-0.53867738,0.00006104
-0.53835738,0.00006104
-0.53803738,0.00006104
-0.53771738,0.00006104
-0.53739738,0.00006104
-0.53707738,0.00006104
-0.53675738,0.00006104
-0.53643738,0.00006104
-0.53611738,0.00006104
-0.53579738,-0.01770074
-0.53547738,0.00006104
-0.53515738,0.00006104
-0.53483738,0.00006104
-0.53451738,0.00006104
-0.53419738,0.00006104
-0.53387738,0.00006104
-0.53355738,0.00006104
-0.53323738,0.00006104
-0.53291738,0.00006104
-0.53259738,0.00006104
-0.53227738,0.00006104
-0.53195738,0.00006104
-0.53163738,0.00006104
-0.53131738,0.00006104
-0.53099738,0.00006104
-0.53067738,0.00006104
-0.53035738,0.00006104
-0.53003738,0.00006104
-0.52971738,-0.01770074
-0.52939738,0.00006104
-0.52907738,0.00006104
-0.52875738,0.00006104
-0.52843738,0.00006104
-0.52811738,0.00006104
-0.52779738,0.00006104
-0.52747738,0.00006104
-0.52715738,0.00006104
-0.52683738,0.00006104
-0.52651738,0.00006104
-0.52619738,0.00006104
-0.52587738,0.00006104
-0.52555738,0.00006104
-0.52523738,0.00006104
-0.52491738,0.00006104
-0.52459738,0.00006104
-0.52427738,0.00006104
-0.52395738,0.00006104
-0.52363738,0.00006104
-0.52331738,0.00006104
-0.52299738,0.00006104
-0.52267738,0.00006104
-0.52235738,0.00006104
-0.52203738,0.00006104
-0.52171738,0.00006104
-0.52139738,0.00006104
-0.52107738,0.00006104
-0.52075738,0.00006104
-0.52043738,0.00006104
-0.52011738,0.00006104
-0.51979738,0.00006104
-0.51947738,0.00006104
-0.51915738,0.00006104
-0.51883738,0.00006104
-0.51851738,0.00006104
-0.51819738,0.00006104
-0.51787738,-0.01770074
-0.51755738,0.00006104
-0.51723738,0.00006104
-0.51691738,0.00006104
-0.51659738,0.00006104
-0.51627738,0.00006104
-0.51595738,0.00006104
-0.51563738,0.00006104
-0.51531738,0.00006104
-0.51499738,0.00006104
-0.51467738,0.00006104
-0.51435738,0.00006104
-0.51403738,0.00006104
-0.51371738,0.00006104
-0.51339738,-0.01770074
-0.51307738,-0.01770074
-0.51275738,0.00006104
-0.51243738,0.00006104
-0.51211738,0.00006104
-0.51179738,0.00006104
-0.51147738,0.00006104
-0.51115738,0.00006104
-0.51083738,0.00006104
-0.51051738,0.00006104
-0.51019738,0.00006104
-0.50987738,0.00006104
-0.50955738,0.00006104
-0.50923738,0.00006104
-0.50891738,0.00006104
-0.50859738,0.00006104
-0.50827738,0.00006104
-0.50795738,0.00006104
-0.50763738,0.00006104
-0.50731738,0.00006104
-0.50699738,0.00006104
-0.50667738,0.00006104
-0.50635738,0.00006104
-0.50603738,0.00006104
-0.50571738,0.00006104
-0.50539738,0.00006104
-0.50507738,0.00006104
-0.50475738,0.00006104
-0.50443738,0.00006104
-0.50411738,0.85445720
-0.50379738,1.65550709
-0.50347738,0.65865046
-0.50315738,0.00006104
-0.50283738,-0.14233834
-0.50251738,-0.10669271
-0.50219738,-0.05334635
-0.50187738,-0.01770074
-0.50155738,-0.01770074
-0.50123738,-0.01770074
-0.50091738,-1.65538502
-0.50059738,-0.58735925
-0.50027738,-0.69417399
-0.49995738,-0.17792290
-0.49963738,0.08911405
-0.49931738,0.12469863
-0.49899738,0.08911405
-0.49867738,0.03570665
-0.49835738,0.01788385
-0.49803738,0.01788385
-0.49771738,0.00006104
-0.49739738,0.00006104
-0.49707738,0.00006104
-0.49675738,0.01788385
-0.49643738,0.03570665
-0.49611738,0.01788385
-0.49579738,0.01788385
-0.49547738,0.00006104
-0.49515738,0.00006104
-0.49483738,0.01788385
-0.49451738,0.01788385
-0.49419738,0.03570665
-0.49387738,0.07129124
-0.49355738,0.05346843
-0.49323738,0.07129124
-0.49291738,0.05346843
-0.49259738,0.05346843
-0.49227738,0.07129124
-0.49195738,0.05346843
-0.49163738,0.03570665
-0.49131738,0.08911405
-0.49099738,0.07129124
-0.49067738,0.03570665
-0.49035738,0.01788385
-0.49003738,0.01788385
-0.48971738,0.01788385
-0.48939738,0.00006104
-0.48907738,-0.01770074
-0.48875738,-0.03552354
-0.48843738,-0.03552354
-0.48811738,0.00006104
-0.48779738,0.01788385
-0.48747738,-0.01770074
-0.48715738,0.05346843
-0.48683738,0.00006104
-0.48651738,-0.03552354
-0.48619738,0.03570665
-0.48587738,-0.01770074
-0.48555738,0.00006104
-0.48523738,0.05346843
-0.48491738,0.01788385
-0.48459738,0.01788385
-0.48427738,0.03570665
-0.48395738,0.03570665
-0.48363738,0.01788385
-0.48331738,0.01788385
-0.48299738,0.01788385
-0.48267738,0.00006104
-0.48235738,0.01788385
-0.48203738,0.01788385
-0.48171738,0.01788385
-0.48139738,0.00006104
-0.48107738,0.01788385
-0.48075738,0.01788385
-0.48043738,0.00006104
-0.48011738,0.01788385
-0.47979738,-0.01770074
-0.47947738,-0.01770074
-0.47915738,0.00006104
-0.47883738,0.00006104
-0.47851738,-0.01770074
-0.47819738,0.01788385
-0.47787738,0.01788385
-0.47755738,0.00006104
-0.47723738,0.01788385
-0.47691738,0.01788385
-0.47659738,0.01788385
-0.47627738,0.01788385
-0.47595738,0.01788385
-0.47563738,0.00006104
-0.47531738,0.01788385
-0.47499738,0.01788385
-0.47467738,0.00006104
-0.47435738,0.00006104
-0.47403738,0.00006104
-0.47371738,0.00006104
-0.47339738,0.00006104
-0.47307738,-0.01770074
-0.47275738,-0.01770074
-0.47243738,0.00006104
-0.47211738,0.00006104
-0.47179738,0.00006104
-0.47147738,0.01788385
-0.47115738,0.00006104
-0.47083738,0.01788385
-0.47051738,0.01788385
-0.47019738,0.00006104
-0.46987738,0.00006104
-0.46955738,0.01788385
-0.46923738,0.01788385
-0.46891738,0.00006104
-0.46859738,0.01788385
-0.46827738,0.00006104
-0.46795738,0.00006104
-0.46763738,0.00006104
-0.46731738,-0.01770074
-0.46699738,0.00006104
-0.46667738,0.00006104
-0.46635738,0.00006104
-0.46603738,0.00006104
-0.46571738,0.00006104
-0.46539738,0.01788385
-0.46507738,0.01788385
-0.46475738,0.00006104
-0.46443738,0.00006104
-0.46411738,0.01788385
-0.46379738,0.00006104
-0.46347738,0.00006104
-0.46315738,0.00006104
-0.46283738,0.00006104
-0.46251738,0.01788385
-0.46219738,0.00006104
-0.46187738,0.00006104
-0.46155738,-0.01770074
-0.46123738,0.00006104
-0.46091738,0.00006104
-0.46059738,-0.01770074
-0.46027738,0.00006104
-0.45995738,0.00006104
-0.45963738,0.00006104
-0.45931738,0.00006104
-0.45899738,0.00006104
-0.45867738,0.00006104
-0.45835738,0.01788385
-0.45803738,0.00006104
-0.45771738,0.01788385
-0.45739738,0.00006104
-0.45707738,0.00006104
-0.45675738,0.00006104
-0.45643738,0.00006104
-0.45611738,0.00006104
-0.45579738,0.00006104
-0.45547738,0.00006104
-0.45515738,-0.01770074
-0.45483738,0.00006104
-0.45451738,-0.01770074
-0.45419738,0.00006104
-0.45387738,0.00006104
-0.45355738,0.00006104
-0.45323738,0.00006104
-0.45291738,0.00006104
-0.45259738,0.00006104
-0.45227738,0.00006104
-0.45195738,0.00006104
-0.45163738,0.00006104
-0.45131738,0.00006104
-0.45099738,0.00006104
-0.45067738,0.00006104
-0.45035738,0.00006104
-0.45003738,0.00006104
-0.44971738,0.00006104
-0.44939738,0.00006104
-0.44907738,0.00006104
-0.44875738,0.00006104
-0.44843738,-0.01770074
-0.44811738,0.00006104
-0.44779738,0.00006104
-0.44747738,0.00006104
-0.44715738,0.00006104
-0.44683738,0.00006104
-0.44651738,0.00006104
-0.44619738,-0.01770074
-0.44587738,0.00006104
-0.44555738,-0.01770074
-0.44523738,0.00006104
-0.44491738,0.00006104
-0.44459738,0.00006104
-0.44427738,0.00006104
-0.44395738,0.00006104
-0.44363738,0.00006104
-0.44331738,0.00006104
-0.44299738,0.00006104
-0.44267738,0.00006104
-0.44235738,0.00006104
-0.44203738,0.00006104
-0.44171738,0.00006104
-0.44139738,0.00006104
-0.44107738,0.00006104
-0.44075738,0.00006104
-0.44043738,0.00006104
-0.44011738,0.00006104
-0.43979738,0.00006104
-0.43947738,0.00006104
-0.43915738,0.00006104
-0.43883738,0.00006104
-0.43851738,0.00006104
-0.43819738,0.00006104
-0.43787738,0.00006104
-0.43755738,0.00006104
-0.43723738,0.00006104
-0.43691738,0.00006104
-0.43659738,0.00006104
-0.43627738,0.00006104
-0.43595738,0.00006104
-0.43563738,0.00006104
-0.43531738,0.00006104
-0.43499738,0.00006104
-0.43467738,0.00006104
-0.43435738,0.00006104
-0.43403738,0.00006104
-0.43371738,0.00006104
-0.43339738,0.00006104
-0.43307738,0.00006104
-0.43275738,0.00006104
-0.43243738,0.00006104
-0.43211738,0.00006104
-0.43179738,0.00006104
-0.43147738,0.00006104
-0.43115738,0.00006104
-0.43083738,0.00006104
-0.43051738,0.00006104
-0.43019738,0.00006104
-0.42987738,0.00006104
-0.42955738,0.00006104
-0.42923738,0.00006104
-0.42891738,0.00006104
-0.42859738,0.00006104
-0.42827738,0.00006104
-0.42795738,0.00006104
-0.42763738,0.00006104
-0.42731738,0.00006104
-0.42699738,0.00006104
-0.42667738,0.00006104
-0.42635738,0.00006104
-0.42603738,0.00006104
-0.42571738,0.00006104
-0.42539738,0.00006104
-0.42507738,0.00006104
-0.42475738,0.00006104
-0.42443738,0.00006104
-0.42411738,0.00006104
-0.42379738,0.00006104
-0.42347738,-0.01770074
-0.42315738,0.00006104
-0.42283738,0.00006104
-0.42251738,0.00006104
-0.42219738,0.00006104
-0.42187738,0.00006104
-0.42155738,0.00006104
-0.42123738,0.00006104
-0.42091738,0.00006104
-0.42059738,0.00006104
-0.42027738,0.00006104
-0.41995738,0.00006104
-0.41963738,0.00006104
-0.41931738,0.00006104
-0.41899738,0.00006104
-0.41867738,0.00006104
-0.41835738,0.00006104
-0.41803738,0.00006104
-0.41771738,0.00006104
-0.41739738,0.00006104
-0.41707738,0.00006104
-0.41675738,0.00006104
-0.41643738,0.00006104
-0.41611738,0.00006104
-0.41579738,0.00006104
-0.41547738,0.00006104
-0.41515738,0.00006104
-0.41483738,0.00006104
-0.41451738,0.00006104
-0.41419738,0.00006104
-0.41387738,0.00006104
-0.41355738,0.00006104
-0.41323738,0.00006104
-0.41291738,0.00006104
-0.41259738,0.00006104
-0.41227738,0.00006104
-0.41195738,0.00006104
-0.41163738,0.00006104
-0.41131738,0.00006104
-0.41099738,0.00006104
-0.41067738,0.00006104
-0.41035738,-0.01770074
-0.41003738,0.00006104
-0.40971738,0.00006104
-0.40939738,0.00006104
-0.40907738,-0.01770074
-0.40875738,0.00006104
-0.40843738,0.00006104
-0.40811738,0.00006104
-0.40779738,0.00006104
-0.40747738,0.00006104
-0.40715738,0.00006104
-0.40683738,0.00006104
-0.40651738,0.00006104
-0.40619738,0.00006104
-0.40587738,0.00006104
-0.40555738,0.00006104
-0.40523738,0.00006104
-0.40491738,0.00006104
-0.40459738,0.00006104
-0.40427738,0.00006104
-0.40395738,0.00006104
-0.40363738,-0.01770074
-0.40331738,0.00006104
-0.40299738,0.00006104
-0.40267738,0.00006104
-0.40235738,0.00006104
-0.40203738,0.00006104
-0.40171738,0.00006104
-0.40139738,0.00006104
-0.40107738,0.00006104
-0.40075738,0.00006104
-0.40043738,0.00006104
-0.40011738,0.00006104
-0.39979738,0.00006104
-0.39947738,0.00006104
-0.39915738,0.00006104
-0.39883738,0.00006104
-0.39851738,0.00006104
-0.39819738,0.00006104
-0.39787738,0.00006104
-0.39755738,0.00006104
-0.39723738,0.00006104
-0.39691738,0.00006104
-0.39659738,0.00006104
-0.39627738,0.00006104
-0.39595738,0.00006104
-0.39563738,0.00006104
-0.39531738,0.00006104
-0.39499738,0.00006104
-0.39467738,0.00006104
-0.39435738,0.00006104
-0.39403738,0.00006104
-0.39371738,0.00006104
-0.39339738,0.00006104
-0.39307738,0.00006104
-0.39275738,0.00006104
-0.39243738,0.00006104
-0.39211738,0.00006104
-0.39179738,0.00006104
-0.39147738,0.00006104
-0.39115738,0.00006104
-0.39083738,0.00006104
-0.39051738,0.00006104
-0.39019738,0.00006104
-0.38987738,0.00006104
-0.38955738,0.00006104
-0.38923738,-0.01770074
-0.38891738,-0.01770074
-0.38859738,0.00006104
-0.38827738,0.00006104
-0.38795738,0.00006104
-0.38763738,0.00006104
-0.38731738,0.00006104
-0.38699738,-0.01770074
-0.38667738,0.00006104
-0.38635738,0.00006104
-0.38603738,0.00006104
-0.38571738,0.00006104
-0.38539738,0.00006104
-0.38507738,0.00006104
-0.38475738,0.00006104
-0.38443738,0.00006104
-0.38411738,0.00006104
-0.38379738,-0.01770074
-0.38347738,0.00006104
-0.38315738,0.00006104
-0.38283738,0.00006104
-0.38251738,0.00006104
-0.38219738,0.00006104
-0.38187738,0.00006104
-0.38155738,0.00006104
-0.38123738,0.00006104
-0.38091738,0.00006104
-0.38059738,0.00006104
-0.38027738,0.00006104
-0.37995738,0.00006104
-0.37963738,0.00006104
-0.37931738,0.00006104
-0.37899738,0.00006104
-0.37867738,0.00006104
-0.37835738,0.00006104
-0.37803738,0.00006104
-0.37771738,-0.01770074
-0.37739738,0.00006104
-0.37707738,0.00006104
-0.37675738,0.00006104
-0.37643738,0.00006104
-0.37611738,0.00006104
-0.37579738,0.00006104
-0.37547738,0.00006104
-0.37515738,0.00006104
-0.37483738,0.00006104
-0.37451738,0.00006104
-0.37419738,0.00006104
-0.37387738,0.00006104
-0.37355738,0.00006104
-0.37323738,0.00006104
-0.37291738,0.00006104
-0.37259738,0.00006104
-0.37227738,0.00006104
-0.37195738,0.00006104
-0.37163738,0.00006104
-0.37131738,0.00006104
-0.37099738,0.00006104
-0.37067738,0.00006104
-0.37035738,0.00006104
-0.37003738,0.00006104
-0.36971738,0.00006104
-0.36939738,-0.01770074
-0.36907738,0.00006104
-0.36875738,0.00006104
-0.36843738,0.00006104
-0.36811738,0.00006104
-0.36779738,0.00006104
-0.36747738,0.00006104
-0.36715738,0.00006104
-0.36683738,0.00006104
-0.36651738,0.00006104
-0.36619738,0.00006104
-0.36587738,0.00006104
-0.36555738,0.00006104
-0.36523738,0.00006104
-0.36491738,0.00006104
-0.36459738,0.00006104
-0.36427738,0.00006104
-0.36395738,0.00006104
-0.36363738,0.00006104
-0.36331738,0.00006104
-0.36299738,0.00006104
-0.36267738,0.00006104
-0.36235738,0.00006104
-0.36203738,0.00006104
-0.36171738,0.00006104
-0.36139738,0.00006104
-0.36107738,0.00006104
-0.36075738,0.00006104
-0.36043738,0.00006104
-0.36011738,-0.01770074
-0.35979738,0.00006104
-0.35947738,0.00006104
-0.35915738,0.00006104
-0.35883738,0.00006104
-0.35851738,0.00006104
-0.35819738,0.00006104
-0.35787738,0.00006104
-0.35755738,0.00006104
-0.35723738,0.00006104
-0.35691738,0.00006104
-0.35659738,0.00006104
-0.35627738,0.00006104
-0.35595738,0.00006104
-0.35563738,0.00006104
-0.35531738,0.00006104
-0.35499738,0.00006104
-0.35467738,0.00006104
-0.35435738,0.00006104
-0.35403738,0.00006104
-0.35371738,0.00006104
-0.35339738,0.00006104
-0.35307738,0.00006104
-0.35275738,0.00006104
-0.35243738,0.00006104
-0.35211738,0.00006104
-0.35179738,0.00006104
-0.35147738,0.00006104
-0.35115738,0.00006104
-0.35083738,0.00006104
-0.35051738,0.00006104
-0.35019738,0.00006104
-0.34987738,0.00006104
-0.34955738,0.00006104
-0.34923738,0.00006104
-0.34891738,-0.01770074
-0.34859738,0.00006104
-0.34827738,0.00006104
-0.34795738,0.00006104
-0.34763738,0.00006104
-0.34731738,0.00006104
-0.34699738,0.00006104
-0.34667738,0.00006104
-0.34635738,0.00006104
-0.34603738,0.00006104
-0.34571738,0.00006104
-0.34539738,0.00006104
-0.34507738,0.00006104
-0.34475738,0.00006104
-0.34443738,0.00006104
-0.34411738,0.00006104
-0.34379738,0.00006104
-0.34347738,0.00006104
-0.34315738,0.00006104
-0.34283738,0.00006104
-0.34251738,0.00006104
-0.34219738,0.00006104
-0.34187738,0.00006104
-0.34155738,0.00006104
-0.34123738,0.00006104
-0.34091738,0.00006104
-0.34059738,0.00006104
-0.34027738,0.00006104
-0.33995738,0.00006104
-0.33963738,0.00006104
-0.33931738,0.00006104
-0.33899738,0.00006104
-0.33867738,0.00006104
-0.33835738,0.00006104
-0.33803738,0.00006104
-0.33771738,0.00006104
-0.33739738,0.00006104
-0.33707738,0.00006104
-0.33675738,0.00006104
-0.33643738,0.00006104
-0.33611738,0.00006104
-0.33579738,0.00006104
-0.33547738,0.00006104
-0.33515738,0.00006104
-0.33483738,0.00006104
-0.33451738,0.00006104
-0.33419738,0.00006104
-0.33387738,0.00006104
-0.33355738,0.00006104
-0.33323738,0.00006104
-0.33291738,0.00006104
-0.33259738,0.00006104
-0.33227738,0.00006104
-0.33195738,0.00006104
-0.33163738,0.00006104
-0.33131738,0.00006104
-0.33099738,0.00006104
-0.33067738,0.00006104
-0.33035738,0.00006104
-0.33003738,0.00006104
-0.32971738,0.00006104
-0.32939738,0.00006104
-0.32907738,0.00006104
-0.32875738,0.00006104
-0.32843738,0.00006104
-0.32811738,0.00006104
-0.32779738,0.00006104
-0.32747738,0.00006104
-0.32715738,0.00006104
-0.32683738,0.00006104
-0.32651738,0.00006104
-0.32619738,0.00006104
-0.32587738,0.00006104
-0.32555738,0.00006104
-0.32523738,0.00006104
-0.32491738,0.00006104
-0.32459738,0.00006104
-0.32427738,0.00006104
-0.32395738,0.00006104
-0.32363738,0.00006104
-0.32331738,0.00006104
-0.32299738,0.00006104
-0.32267738,0.00006104
-0.32235738,0.00006104
-0.32203738,0.00006104
-0.32171738,0.00006104
-0.32139738,0.00006104
-0.32107738,0.00006104
-0.32075738,0.00006104
-0.32043738,0.00006104
-0.32011738,0.00006104
-0.31979738,0.00006104
-0.31947738,0.00006104
-0.31915738,0.00006104
-0.31883738,0.00006104
-0.31851738,0.00006104
-0.31819738,0.00006104
-0.31787738,0.00006104
-0.31755738,0.00006104
-0.31723738,0.00006104
-0.31691738,0.00006104
-0.31659738,0.00006104
-0.31627738,0.00006104
-0.31595738,0.00006104
-0.31563738,0.00006104
-0.31531738,0.00006104
-0.31499738,0.00006104
-0.31467738,0.00006104
-0.31435738,0.00006104
-0.31403738,0.00006104
-0.31371738,0.00006104
-0.31339738,0.00006104
-0.31307738,0.00006104
-0.31275738,0.00006104
-0.31243738,0.00006104
-0.31211738,0.00006104
-0.31179738,0.00006104
-0.31147738,0.00006104
-0.31115738,0.00006104
-0.31083738,0.00006104
-0.31051738,0.00006104
-0.31019738,0.00006104
-0.30987738,0.00006104
-0.30955738,-0.01770074
-0.30923738,0.00006104
-0.30891738,0.00006104
-0.30859738,0.00006104
-0.30827738,0.00006104
-0.30795738,0.00006104
-0.30763738,0.00006104
-0.30731738,0.00006104
-0.30699738,0.00006104
-0.30667738,0.00006104
-0.30635738,0.00006104
-0.30603738,0.00006104
-0.30571738,0.00006104
-0.30539738,0.00006104
-0.30507738,0.00006104
-0.30475738,0.00006104
-0.30443738,0.00006104
-0.30411738,0.00006104
-0.30379738,0.00006104
-0.30347738,0.00006104
-0.30315738,0.00006104
-0.30283738,0.00006104
-0.30251738,0.00006104
-0.30219738,0.00006104
-0.30187738,0.00006104
-0.30155738,0.00006104
-0.30123738,0.00006104
-0.30091738,0.00006104
-0.30059738,0.00006104
-0.30027738,0.00006104
-0.29995738,-0.01770074
-0.29963738,0.00006104
-0.29931738,0.00006104
-0.29899738,0.00006104
-0.29867738,0.00006104
-0.29835738,0.00006104
-0.29803738,0.00006104
-0.29771738,0.00006104
-0.29739738,0.00006104
-0.29707738,0.00006104
-0.29675738,0.00006104
-0.29643738,0.00006104
-0.29611738,0.00006104
-0.29579738,0.00006104
-0.29547738,0.00006104
-0.29515738,0.00006104
-0.29483738,0.00006104
-0.29451738,0.00006104
-0.29419738,0.00006104
-0.29387738,0.00006104
-0.29355738,0.00006104
-0.29323738,0.00006104
-0.29291738,0.00006104
-0.29259738,0.00006104
-0.29227738,0.00006104
-0.29195738,0.00006104
-0.29163738,0.00006104
-0.29131738,-0.01770074
-0.29099738,0.00006104
-0.29067738,0.00006104
-0.29035738,0.00006104
-0.29003738,0.00006104
-0.28971738,0.00006104
-0.28939738,0.00006104
-0.28907738,0.00006104
-0.28875738,0.00006104
-0.28843738,0.00006104
-0.28811738,0.00006104
-0.28779738,0.00006104
-0.28747738,0.00006104
-0.28715738,0.00006104
-0.28683738,0.00006104
-0.28651738,0.00006104
-0.28619738,0.00006104
-0.28587738,0.00006104
-0.28555738,0.00006104
-0.28523738,-0.01770074
-0.28491738,0.00006104
-0.28459738,0.00006104
-0.28427738,0.00006104
-0.28395738,0.00006104
-0.28363738,0.00006104
-0.28331738,0.00006104
-0.28299738,0.00006104
-0.28267738,0.00006104
-0.28235738,-0.01770074
-0.28203738,0.00006104
-0.28171738,0.00006104
-0.28139738,0.00006104
-0.28107738,0.00006104
-0.28075738,0.00006104
-0.28043738,0.00006104
-0.28011738,0.00006104
-0.27979738,0.00006104
-0.27947738,0.00006104
-0.27915738,0.00006104
-0.27883738,0.00006104
-0.27851738,0.00006104
-0.27819738,0.00006104
-0.27787738,0.00006104
-0.27755738,0.00006104
-0.27723738,0.00006104
-0.27691738,0.00006104
-0.27659738,0.00006104
-0.27627738,0.00006104
-0.27595738,0.00006104
-0.27563738,0.00006104
-0.27531738,0.00006104
-0.27499738,0.00006104
-0.27467738,0.00006104
-0.27435738,0.00006104
-0.27403738,0.00006104
-0.27371738,0.00006104
-0.27339738,0.00006104
-0.27307738,0.00006104
-0.27275738,0.00006104
-0.27243738,0.00006104
-0.27211738,0.00006104
-0.27179738,0.00006104
-0.27147738,0.00006104
-0.27115738,0.00006104
-0.27083738,0.00006104
-0.27051738,0.00006104
-0.27019738,0.00006104
-0.26987738,0.00006104
-0.26955738,0.00006104
-0.26923738,0.00006104
-0.26891738,0.00006104
-0.26859738,0.00006104
-0.26827738,0.00006104
-0.26795738,0.00006104
-0.26763738,0.00006104
-0.26731738,0.00006104
-0.26699738,0.00006104
-0.26667738,0.00006104
-0.26635738,0.00006104
-0.26603738,0.00006104
-0.26571738,0.00006104
-0.26539738,0.00006104
-0.26507738,0.00006104
-0.26475738,0.00006104
-0.26443738,-0.01770074
-0.26411738,0.00006104
-0.26379738,0.00006104
-0.26347738,0.00006104
-0.26315738,0.00006104
-0.26283738,0.00006104
-0.26251738,0.00006104
-0.26219738,0.00006104
-0.26187738,-0.01770074
-0.26155738,0.00006104
-0.26123738,0.00006104
-0.26091738,0.00006104
-0.26059738,0.00006104
-0.26027738,0.00006104
-0.25995738,0.00006104
-0.25963738,0.00006104
-0.25931738,0.00006104
-0.25899738,0.00006104
-0.25867738,0.00006104
-0.25835738,0.00006104
-0.25803738,0.00006104
-0.25771738,0.00006104
-0.25739738,0.00006104
-0.25707738,-0.01770074
-0.25675738,0.00006104
-0.25643738,0.00006104
-0.25611738,0.00006104
-0.25579738,0.00006104
-0.25547738,0.00006104
-0.25515738,0.00006104
-0.25483738,0.00006104
-0.25451738,0.00006104
-0.25419738,0.00006104
-0.25387738,0.00006104
-0.25355738,0.00006104
-0.25323738,0.00006104
-0.25291738,0.00006104
-0.25259738,0.00006104
-0.25227738,0.00006104
-0.25195738,0.00006104
-0.25163738,0.00006104
-0.25131738,0.00006104
-0.25099738,0.00006104
-0.25067738,0.00006104
-0.25035738,0.00006104
-0.25003738,0.00006104
-0.24971738,0.00006104
-0.24939738,0.00006104
-0.24907738,0.00006104
-0.24875738,0.00006104
-0.24843738,0.00006104
-0.24811738,0.00006104
-0.24779738,0.00006104
-0.24747738,-0.01770074
-0.24715738,-0.01770074
-0.24683738,0.00006104
-0.24651738,0.00006104
-0.24619738,0.00006104
-0.24587738,0.00006104
-0.24555738,0.00006104
-0.24523738,0.00006104
-0.24491738,0.00006104
-0.24459738,0.00006104
-0.24427738,0.00006104
-0.24395738,0.00006104
-0.24363738,0.00006104
-0.24331738,0.00006104
-0.24299738,0.00006104
-0.24267738,0.00006104
-0.24235738,0.00006104
-0.24203738,0.00006104
-0.24171738,0.00006104
-0.24139738,-0.01770074
-0.24107738,0.00006104
-0.24075738,0.00006104
-0.24043738,0.00006104
-0.24011738,0.00006104
-0.23979738,0.00006104
-0.23947738,0.00006104
-0.23915738,0.00006104
-0.23883738,0.00006104
-0.23851738,0.00006104
-0.23819738,0.00006104
-0.23787738,0.00006104
-0.23755738,-0.01770074
-0.23723738,0.00006104
-0.23691738,-0.01770074
-0.23659738,0.00006104
-0.23627738,0.00006104
-0.23595738,0.00006104
-0.23563738,-0.01770074
-0.23531738,0.00006104
-0.23499738,0.00006104
-0.23467738,0.00006104
-0.23435738,0.00006104
-0.23403738,0.00006104
-0.23371738,0.00006104
-0.23339738,0.00006104
-0.23307738,0.00006104
-0.23275738,0.00006104
-0.23243738,0.00006104
-0.23211738,0.00006104
-0.23179738,0.00006104
-0.23147738,0.00006104
-0.23115738,0.00006104
-0.23083738,0.00006104
-0.23051738,0.00006104
-0.23019738,0.00006104
-0.22987738,-0.01770074
-0.22955738,0.00006104
-0.22923738,0.00006104
-0.22891738,0.00006104
-0.22859738,0.00006104
-0.22827738,0.00006104
-0.22795738,-0.01770074
-0.22763738,0.00006104
-0.22731738,0.00006104
-0.22699738,0.00006104
-0.22667738,0.00006104
-0.22635738,0.00006104
-0.22603738,0.00006104
-0.22571738,0.00006104
-0.22539738,0.00006104
-0.22507738,0.00006104
-0.22475738,0.00006104
-0.22443738,0.00006104
-0.22411738,0.00006104
-0.22379738,0.00006104
-0.22347738,0.00006104
-0.22315738,0.00006104
-0.22283738,0.00006104
-0.22251738,0.00006104
-0.22219738,0.00006104
-0.22187738,-0.01770074
-0.22155738,0.00006104
-0.22123738,0.00006104
-0.22091738,0.00006104
-0.22059738,0.00006104
-0.22027738,0.00006104
-0.21995738,0.00006104
-0.21963738,0.00006104
-0.21931738,0.00006104
-0.21899738,-0.01770074
-0.21867738,0.00006104
-0.21835738,0.00006104
-0.21803738,0.00006104
-0.21771738,0.00006104
-0.21739738,0.00006104
-0.21707738,0.00006104
-0.21675738,0.00006104
-0.21643738,0.00006104
-0.21611738,0.00006104
-0.21579738,0.00006104
-0.21547738,0.00006104
-0.21515738,0.00006104
-0.21483738,0.00006104
-0.21451738,0.00006104
-0.21419738,0.00006104
-0.21387738,0.00006104
-0.21355738,0.00006104
-0.21323738,0.00006104
-0.21291738,0.00006104
-0.21259738,0.00006104
-0.21227738,0.00006104
-0.21195738,0.00006104
-0.21163738,0.00006104
-0.21131738,0.00006104
-0.21099738,0.00006104
-0.21067738,0.00006104
-0.21035738,0.00006104
-0.21003738,0.00006104
-0.20971738,0.00006104
-0.20939738,0.00006104
-0.20907738,0.00006104
-0.20875738,0.00006104
-0.20843738,0.00006104
-0.20811738,0.00006104
-0.20779738,0.00006104
-0.20747738,0.00006104
-0.20715738,0.00006104
-0.20683738,0.00006104
-0.20651738,0.00006104
-0.20619738,0.00006104
-0.20587738,0.00006104
-0.20555738,0.00006104
-0.20523738,0.00006104
-0.20491738,0.00006104
-0.20459738,0.00006104
-0.20427738,0.00006104
-0.20395738,0.00006104
-0.20363738,0.00006104
-0.20331738,0.00006104
-0.20299738,-0.01770074
-0.20267738,0.00006104
-0.20235738,0.00006104
-0.20203738,0.00006104
-0.20171738,0.00006104
-0.20139738,0.00006104
-0.20107738,0.01788385
-0.20075738,0.00006104
-0.20043738,0.00006104
-0.20011738,0.00006104
-0.19979738,0.00006104
-0.19947738,0.00006104
-0.19915738,0.00006104
-0.19883738,0.00006104
-0.19851738,0.00006104
-0.19819738,0.00006104
-0.19787738,0.00006104
-0.19755738,0.00006104
-0.19723738,-0.01770074
-0.19691738,0.00006104
-0.19659738,0.00006104
-0.19627738,0.00006104
-0.19595738,0.00006104
-0.19563738,0.00006104
-0.19531738,0.00006104
-0.19499738,0.00006104
-0.19467738,0.00006104
-0.19435738,0.00006104
-0.19403738,0.00006104
-0.19371738,-0.01770074
-0.19339738,0.00006104
-0.19307738,0.00006104
-0.19275738,0.00006104
-0.19243738,0.00006104
-0.19211738,0.00006104
-0.19179738,0.00006104
-0.19147738,0.00006104
-0.19115738,0.00006104
-0.19083738,0.00006104
-0.19051738,0.00006104
-0.19019738,0.00006104
-0.18987738,0.00006104
-0.18955738,0.00006104
-0.18923738,0.00006104
-0.18891738,0.00006104
-0.18859738,0.00006104
-0.18827738,0.00006104
-0.18795738,0.00006104
-0.18763738,0.00006104
-0.18731738,0.00006104
-0.18699738,0.00006104
-0.18667738,0.00006104
-0.18635738,0.00006104
-0.18603738,0.00006104
-0.18571738,0.00006104
-0.18539738,0.00006104
-0.18507738,0.00006104
-0.18475738,0.00006104
-0.18443738,0.00006104
-0.18411738,0.00006104
-0.18379738,0.00006104
-0.18347738,0.00006104
-0.18315738,0.00006104
-0.18283738,0.00006104
-0.18251738,0.00006104
-0.18219738,0.00006104
-0.18187738,0.00006104
-0.18155738,0.00006104
-0.18123738,0.00006104
-0.18091738,0.00006104
-0.18059738,0.00006104
-0.18027738,0.00006104
-0.17995738,0.00006104
-0.17963738,0.00006104
-0.17931738,0.00006104
-0.17899738,0.00006104
-0.17867738,0.00006104
-0.17835738,0.00006104
-0.17803738,0.00006104
-0.17771738,0.00006104
-0.17739738,0.00006104
-0.17707738,0.00006104
-0.17675738,0.00006104
-0.17643738,0.00006104
-0.17611738,0.00006104
-0.17579738,0.00006104
-0.17547738,0.00006104
-0.17515738,0.00006104
-0.17483738,0.00006104
-0.17451738,0.00006104
-0.17419738,0.00006104
-0.17387738,0.00006104
-0.17355738,0.00006104
-0.17323738,-0.01770074
-0.17291738,0.00006104
-0.17259738,0.00006104
-0.17227738,0.00006104
-0.17195738,0.00006104
-0.17163738,0.00006104
-0.17131738,0.00006104
-0.17099738,0.00006104
-0.17067738,0.00006104
-0.17035738,0.00006104
-0.17003738,0.00006104
-0.16971738,0.00006104
-0.16939738,0.00006104
-0.16907738,0.00006104
-0.16875738,0.00006104
-0.16843738,0.00006104
-0.16811738,0.00006104
-0.16779738,0.00006104
-0.16747738,0.00006104
-0.16715738,-0.01770074
-0.16683738,0.00006104
-0.16651738,0.00006104
-0.16619738,0.00006104
-0.16587738,0.00006104
-0.16555738,0.00006104
-0.16523738,-0.01770074
-0.16491738,0.00006104
-0.16459738,-0.01770074
-0.16427738,0.00006104
-0.16395738,0.00006104
-0.16363738,0.00006104
-0.16331738,0.00006104
-0.16299738,0.00006104
-0.16267738,0.00006104
-0.16235738,0.00006104
-0.16203738,0.00006104
-0.16171738,0.00006104
-0.16139738,0.00006104
-0.16107738,0.00006104
-0.16075738,0.00006104
-0.16043738,0.00006104
-0.16011738,0.00006104
-0.15979738,0.00006104
-0.15947738,0.00006104
-0.15915738,0.00006104
-0.15883738,0.00006104
-0.15851738,0.00006104
-0.15819738,0.00006104
-0.15787738,0.00006104
-0.15755738,0.00006104
-0.15723738,0.00006104
-0.15691738,0.00006104
-0.15659738,0.00006104
-0.15627738,0.00006104
-0.15595738,0.00006104
-0.15563738,0.00006104
-0.15531738,0.00006104
-0.15499738,0.00006104
-0.15467738,0.00006104
-0.15435738,0.00006104
-0.15403738,0.00006104
-0.15371738,0.00006104
-0.15339738,0.00006104
-0.15307738,0.00006104
-0.15275738,0.00006104
-0.15243738,0.00006104
-0.15211738,0.00006104
-0.15179738,0.00006104
-0.15147738,0.00006104
-0.15115738,0.00006104
-0.15083738,0.00006104
-0.15051738,0.00006104
-0.15019738,0.00006104
-0.14987738,0.00006104
-0.14955738,0.00006104
-0.14923738,0.00006104
-0.14891738,0.00006104
-0.14859738,0.00006104
-0.14827738,0.00006104
-0.14795738,0.00006104
-0.14763738,0.00006104
-0.14731738,0.00006104
-0.14699738,0.00006104
-0.14667738,0.00006104
-0.14635738,0.00006104
-0.14603738,0.00006104
-0.14571738,0.00006104
-0.14539738,0.00006104
-0.14507738,0.00006104
-0.14475738,0.00006104
-0.14443738,0.00006104
-0.14411738,0.00006104
-0.14379738,0.00006104
-0.14347738,0.00006104
-0.14315738,0.00006104
-0.14283738,0.00006104
-0.14251738,0.00006104
-0.14219738,0.00006104
-0.14187738,0.00006104
-0.14155738,0.00006104
-0.14123738,0.00006104
-0.14091738,0.00006104
-0.14059738,0.00006104
-0.14027738,0.00006104
-0.13995738,0.00006104
-0.13963738,0.00006104
-0.13931738,0.00006104
-0.13899738,0.00006104
-0.13867738,0.00006104
-0.13835738,0.00006104
-0.13803738,0.00006104
-0.13771738,0.00006104
-0.13739738,0.00006104
-0.13707738,0.00006104
-0.13675738,0.00006104
-0.13643738,0.00006104
-0.13611738,0.00006104
-0.13579738,0.00006104
-0.13547738,0.00006104
-0.13515738,0.00006104
-0.13483738,0.00006104
-0.13451738,0.00006104
-0.13419738,0.00006104
-0.13387738,0.00006104
-0.13355738,0.00006104
-0.13323738,0.00006104
-0.13291738,0.00006104
-0.13259738,0.00006104
-0.13227738,0.00006104
-0.13195738,0.00006104
-0.13163738,0.00006104
-0.13131738,0.00006104
-0.13099738,0.00006104
-0.13067738,0.00006104
-0.13035738,0.00006104
-0.13003738,0.00006104
-0.12971738,0.00006104
-0.12939738,0.00006104
-0.12907738,0.00006104
-0.12875738,0.00006104
-0.12843738,0.00006104
-0.12811738,0.00006104
-0.12779738,0.00006104
-0.12747738,0.00006104
-0.12715738,0.00006104
-0.12683738,0.00006104
-0.12651738,0.00006104
-0.12619738,0.00006104
-0.12587738,0.00006104
-0.12555738,0.00006104
-0.12523738,0.00006104
-0.12491738,0.00006104
-0.12459738,0.00006104
-0.12427738,0.00006104
-0.12395738,0.00006104
-0.12363738,0.00006104
-0.12331738,0.00006104
-0.12299738,0.00006104
-0.12267738,0.00006104
-0.12235738,0.00006104
-0.12203738,0.00006104
-0.12171738,0.00006104
-0.12139738,0.00006104
-0.12107738,0.00006104
-0.12075738,0.00006104
-0.12043738,0.00006104
-0.12011738,0.00006104
-0.11979738,0.00006104
-0.11947738,0.00006104
-0.11915738,0.00006104
-0.11883738,0.00006104
-0.11851738,0.00006104
-0.11819738,0.00006104
-0.11787738,0.00006104
-0.11755738,0.00006104
-0.11723738,0.00006104
-0.11691738,0.00006104
-0.11659738,0.00006104
-0.11627738,0.00006104
-0.11595738,0.00006104
-0.11563738,0.00006104
-0.11531738,0.00006104
-0.11499738,0.00006104
-0.11467738,0.00006104
-0.11435738,0.00006104
-0.11403738,0.00006104
-0.11371738,0.00006104
-0.11339738,0.00006104
-0.11307738,0.00006104
-0.11275738,0.00006104
-0.11243738,0.00006104
-0.11211738,0.00006104
-0.11179738,0.00006104
-0.11147738,0.00006104
-0.11115738,0.00006104
-0.11083738,0.00006104
-0.11051738,0.00006104
-0.11019738,0.00006104
-0.10987738,0.00006104
-0.10955738,0.00006104
-0.10923738,0.00006104
-0.10891738,0.00006104
-0.10859738,0.00006104
-0.10827738,0.00006104
-0.10795738,0.00006104
-0.10763738,-0.01770074
-0.10731738,0.00006104
-0.10699738,0.00006104
-0.10667738,-0.01770074
-0.10635738,0.00006104
-0.10603738,0.00006104
-0.10571738,0.00006104
-0.10539738,0.00006104
-0.10507738,0.00006104
-0.10475738,0.00006104
-0.10443738,0.00006104
-0.10411738,0.00006104
-0.10379738,0.00006104
-0.10347738,0.00006104
-0.10315738,0.00006104
-0.10283738,0.00006104
-0.10251738,-0.01770074
-0.10219738,0.00006104
-0.10187738,0.00006104
-0.10155738,0.00006104
-0.10123738,-0.01770074
-0.10091738,0.00006104
-0.10059738,0.00006104
-0.10027738,0.00006104
-0.09995738,0.00006104
-0.09963738,0.00006104
-0.09931738,0.00006104
-0.09899738,0.00006104
-0.09867738,0.00006104
-0.09835738,0.00006104
-0.09803738,0.00006104
-0.09771738,0.00006104
-0.09739738,0.00006104
-0.09707738,0.00006104
-0.09675738,0.00006104
-0.09643738,0.00006104
-0.09611738,0.00006104
-0.09579738,-0.01770074
-0.09547738,0.00006104
-0.09515738,0.00006104
-0.09483738,0.00006104
-0.09451738,0.00006104
-0.09419738,0.00006104
-0.09387738,-0.01770074
-0.09355738,0.00006104
-0.09323738,0.00006104
-0.09291738,0.00006104
-0.09259738,0.00006104
-0.09227738,-0.01770074
-0.09195738,0.00006104
-0.09163738,0.00006104
-0.09131738,0.00006104
-0.09099738,0.00006104
-0.09067738,0.00006104
-0.09035738,0.00006104
-0.09003738,0.00006104
-0.08971738,0.00006104
-0.08939738,0.00006104
-0.08907738,0.00006104
-0.08875738,0.00006104
-0.08843738,0.00006104
-0.08811738,-0.01770074
-0.08779738,0.00006104
-0.08747738,0.00006104
-0.08715738,0.00006104
-0.08683738,0.00006104
-0.08651738,0.00006104
-0.08619738,0.00006104
-0.08587738,0.00006104
-0.08555738,0.00006104
-0.08523738,-0.01770074
-0.08491738,0.00006104
-0.08459738,-0.01770074
-0.08427738,0.00006104
-0.08395738,0.00006104
-0.08363738,0.00006104
-0.08331738,0.00006104
-0.08299738,0.00006104
-0.08267738,0.00006104
-0.08235738,0.00006104
-0.08203738,0.00006104
-0.08171738,0.00006104
-0.08139738,0.00006104
-0.08107738,0.00006104
-0.08075738,0.00006104
-0.08043738,0.00006104
-0.08011738,0.00006104
-0.07979738,0.00006104
-0.07947738,0.00006104
-0.07915738,-0.01770074
-0.07883738,0.00006104
-0.07851738,0.00006104
-0.07819738,0.00006104
-0.07787738,0.00006104
-0.07755738,0.00006104
-0.07723738,0.00006104
-0.07691738,0.00006104
-0.07659738,0.00006104
-0.07627738,0.00006104
-0.07595738,0.00006104
-0.07563738,0.00006104
-0.07531738,0.00006104
-0.07499738,0.00006104
-0.07467738,0.00006104
-0.07435738,0.00006104
-0.07403738,0.00006104
-0.07371738,-0.01770074
-0.07339738,0.00006104
-0.07307738,0.00006104
-0.07275738,0.00006104
-0.07243738,0.00006104
-0.07211738,0.00006104
-0.07179738,0.00006104
-0.07147738,0.00006104
-0.07115738,0.00006104
-0.07083738,0.00006104
-0.07051738,0.00006104
-0.07019738,0.00006104
-0.06987738,0.00006104
-0.06955738,0.00006104
-0.06923738,0.00006104
-0.06891738,0.00006104
-0.06859738,0.00006104
-0.06827738,0.00006104
-0.06795738,0.00006104
-0.06763738,0.00006104
-0.06731738,0.00006104
-0.06699738,0.00006104
-0.06667738,0.00006104
-0.06635738,0.00006104
-0.06603738,-0.01770074
-0.06571738,0.00006104
-0.06539738,0.00006104
-0.06507738,0.00006104
-0.06475738,0.00006104
-0.06443738,0.00006104
-0.06411738,0.00006104
-0.06379738,0.00006104
-0.06347738,0.00006104
-0.06315738,0.00006104
-0.06283738,0.00006104
-0.06251738,0.00006104
-0.06219738,0.00006104
-0.06187738,0.00006104
-0.06155738,0.00006104
-0.06123738,0.00006104
-0.06091738,-0.01770074
-0.06059738,0.00006104
-0.06027738,0.00006104
-0.05995738,0.00006104
-0.05963738,0.00006104
-0.05931738,0.00006104
-0.05899738,0.00006104
-0.05867738,0.00006104
-0.05835738,0.00006104
-0.05803738,0.00006104
-0.05771738,0.00006104
-0.05739738,0.00006104
-0.05707738,0.00006104
-0.05675738,-0.01770074
-0.05643738,0.00006104
-0.05611738,0.00006104
-0.05579738,0.00006104
-0.05547738,0.00006104
-0.05515738,0.00006104
-0.05483738,0.00006104
-0.05451738,0.00006104
-0.05419738,0.00006104
-0.05387738,0.00006104
-0.05355738,0.00006104
-0.05323738,0.00006104
-0.05291738,0.00006104
-0.05259738,0.00006104
-0.05227738,0.00006104
-0.05195738,0.00006104
-0.05163738,0.00006104
-0.05131738,0.00006104
-0.05099738,0.00006104
-0.05067738,0.00006104
-0.05035738,0.00006104
-0.05003738,0.00006104
-0.04971738,0.00006104
-0.04939738,0.00006104
-0.04907738,0.00006104
-0.04875738,0.00006104
-0.04843738,0.00006104
-0.04811738,0.00006104
-0.04779738,0.00006104
-0.04747738,0.00006104
-0.04715738,0.00006104
-0.04683738,0.00006104
-0.04651738,0.00006104
-0.04619738,0.00006104
-0.04587738,0.00006104
-0.04555738,0.00006104
-0.04523738,0.00006104
-0.04491738,0.00006104
-0.04459738,0.00006104
-0.04427738,0.00006104
-0.04395738,0.00006104
-0.04363738,0.00006104
-0.04331738,0.00006104
-0.04299738,0.00006104
-0.04267738,0.00006104
-0.04235738,0.00006104
-0.04203738,0.00006104
-0.04171738,0.00006104
-0.04139738,0.00006104
-0.04107738,0.00006104
-0.04075738,0.00006104
-0.04043738,0.00006104
-0.04011738,0.00006104
-0.03979738,-0.01770074
-0.03947738,0.00006104
-0.03915738,0.00006104
-0.03883738,0.00006104
-0.03851738,-0.01770074
-0.03819738,0.00006104
-0.03787738,0.00006104
-0.03755738,0.00006104
-0.03723738,0.00006104
-0.03691738,0.00006104
-0.03659738,0.00006104
-0.03627738,0.00006104
-0.03595738,0.00006104
-0.03563738,0.00006104
-0.03531738,0.00006104
-0.03499738,0.00006104
-0.03467738,0.00006104
-0.03435738,0.00006104
-0.03403738,0.00006104
-0.03371738,0.00006104
-0.03339738,0.00006104
-0.03307738,0.00006104
-0.03275738,0.00006104
-0.03243738,0.00006104
-0.03211738,0.00006104
-0.03179738,0.00006104
-0.03147738,0.00006104
-0.03115738,0.00006104
-0.03083738,0.00006104
-0.03051738,-0.01770074
-0.03019738,0.00006104
-0.02987738,0.00006104
-0.02955738,0.00006104
-0.02923738,0.00006104
-0.02891738,-0.01770074
-0.02859738,0.00006104
-0.02827738,0.00006104
-0.02795738,0.00006104
-0.02763738,0.00006104
-0.02731738,0.00006104
-0.02699738,0.00006104
-0.02667738,0.00006104
-0.02635738,0.00006104
-0.02603738,0.00006104
-0.02571738,0.00006104
-0.02539738,0.00006104
-0.02507738,0.00006104
-0.02475738,0.00006104
-0.02443738,0.00006104
-0.02411738,0.00006104
-0.02379738,0.00006104
-0.02347738,0.00006104
-0.02315738,0.00006104
-0.02283738,0.00006104
-0.02251738,0.00006104
-0.02219738,0.00006104
-0.02187738,0.00006104
-0.02155738,0.00006104
-0.02123738,0.00006104
-0.02091738,0.00006104
-0.02059738,0.00006104
-0.02027738,0.00006104
-0.01995738,0.00006104
-0.01963738,0.00006104
-0.01931738,0.00006104
-0.01899738,0.00006104
-0.01867738,0.00006104
-0.01835738,0.00006104
-0.01803738,0.00006104
-0.01771738,0.00006104
-0.01739738,0.00006104
-0.01707738,0.00006104
-0.01675738,0.00006104
-0.01643738,0.00006104
-0.01611738,0.00006104
-0.01579738,-0.01770074
-0.01547738,0.00006104
-0.01515738,0.00006104
-0.01483738,0.00006104
-0.01451738,-0.01770074
-0.01419738,0.00006104
-0.01387738,-0.01770074
-0.01355738,0.00006104
-0.01323738,0.00006104
-0.01291738,0.00006104
-0.01259738,0.00006104
-0.01227738,0.00006104
-0.01195738,-0.01770074
-0.01163738,0.00006104
-0.01131738,0.00006104
-0.01099738,0.00006104
-0.01067738,0.00006104
-0.01035738,0.00006104
-0.01003738,0.00006104
-0.00971738,0.00006104
-0.00939738,0.00006104
-0.00907738,0.00006104
-0.00875738,0.00006104
-0.00843738,0.00006104
-0.00811738,-0.01770074
-0.00779738,0.00006104
-0.00747738,0.00006104
-0.00715738,0.00006104
-0.00683738,0.00006104
-0.00651738,0.00006104
-0.00619738,0.00006104
-0.00587738,0.00006104
-0.00555738,0.00006104
-0.00523738,-0.01770074
-0.00491738,0.00006104
-0.00459738,-0.01770074
-0.00427738,0.58748132
-0.00395738,1.37070835
-0.00363738,0.51625109
-0.00331738,0.07129124
-0.00299738,-0.05334635
-0.00267738,-0.07110813
-0.00235738,-0.05334635
-0.00203738,-0.03552354
-0.00171738,-0.03552354
-0.00139738,-0.01770074
-0.00107738,-0.88998079
-0.00075738,-1.10354924
-0.00043738,-∞
-0.00011738,-0.24915311
0.00020262,0.40943632
0.00052262,0.30262154
0.00084262,0.08911405
0.00116262,0.01788385
0.00148262,0.01788385
0.00180262,0.03570665
0.00212262,0.03570665
0.00244262,0.03570665
0.00276262,0.01788385
0.00308262,0.03570665
0.00340262,0.03570665
0.00372262,0.01788385
0.00404262,0.01788385
0.00436262,0.00006104
0.00468262,0.00006104
0.00500262,0.01788385
0.00532262,0.01788385
0.00564262,0.03570665
0.00596262,0.05346843
0.00628262,0.05346843
0.00660262,0.07129124
0.00692262,0.05346843
0.00724262,0.05346843
0.00756262,0.07129124
0.00788262,0.03570665
0.00820262,0.05346843
0.00852262,0.08911405
0.00884262,0.07129124
0.00916262,0.03570665
0.00948262,0.03570665
0.00980262,0.03570665
0.01012262,0.03570665
0.01044262,0.00006104
0.01076262,-0.03552354
0.01108262,-0.01770074
0.01140262,-0.03552354
0.01172262,0.00006104
0.01204262,0.01788385
0.01236262,-0.01770074
0.01268262,0.05346843
0.01300262,0.01788385
0.01332262,-0.03552354
0.01364262,0.03570665
0.01396262,-0.01770074
0.01428262,-0.01770074
0.01460262,0.05346843
0.01492262,0.01788385
0.01524262,0.01788385
0.01556262,0.03570665
0.01588262,0.03570665
0.01620262,0.01788385
0.01652262,0.00006104
0.01684262,0.01788385
0.01716262,0.01788385
0.01748262,0.01788385
0.01780262,0.03570665
0.01812262,0.01788385
0.01844262,0.00006104
0.01876262,0.01788385
0.01908262,0.01788385
0.01940262,0.00006104
0.01972262,0.01788385
0.02004262,0.00006104
0.02036262,0.00006104
0.02068262,0.01788385
0.02100262,0.01788385
0.02132262,0.00006104
0.02164262,0.01788385
0.02196262,0.01788385
0.02228262,0.01788385
0.02260262,0.01788385
0.02292262,0.00006104
0.02324262,0.00006104
0.02356262,0.01788385
0.02388262,0.01788385
0.02420262,0.00006104
0.02452262,0.01788385
0.02484262,0.01788385
0.02516262,0.01788385
0.02548262,0.01788385
0.02580262,0.00006104
0.02612262,0.00006104
0.02644262,0.00006104
0.02676262,0.00006104
0.02708262,-0.01770074
0.02740262,0.00006104
0.02772262,0.00006104
0.02804262,0.00006104
0.02836262,0.01788385
0.02868262,0.01788385
0.02900262,0.01788385
0.02932262,0.00006104
0.02964262,0.00006104
0.02996262,0.00006104
0.03028262,0.01788385
0.03060262,0.01788385
0.03092262,0.01788385
0.03124262,0.01788385
0.03156262,0.00006104
0.03188262,0.01788385
0.03220262,0.00006104
0.03252262,0.00006104
0.03284262,0.00006104
0.03316262,0.00006104
0.03348262,0.00006104
0.03380262,0.00006104
0.03412262,0.01788385
0.03444262,0.00006104
0.03476262,0.01788385
0.03508262,0.00006104
0.03540262,0.00006104
0.03572262,0.00006104
0.03604262,0.00006104
0.03636262,0.00006104
0.03668262,0.00006104
0.03700262,0.00006104
0.03732262,0.00006104
0.03764262,0.01788385
0.03796262,0.00006104
0.03828262,-0.01770074
0.03860262,0.00006104
0.03892262,0.00006104
0.03924262,0.00006104
0.03956262,0.00006104
0.03988262,0.00006104
0.04020262,0.01788385
0.04052262,0.01788385
0.04084262,0.00006104
0.04116262,0.00006104
0.04148262,0.00006104
0.04180262,0.00006104
0.04212262,0.00006104
0.04244262,0.00006104
0.04276262,0.00006104
0.04308262,0.00006104
0.04340262,0.00006104
0.04372262,0.00006104
0.04404262,0.00006104
0.04436262,0.00006104
0.04468262,0.00006104
0.04500262,0.00006104
0.04532262,0.00006104
0.04564262,-0.01770074
0.04596262,0.00006104
0.04628262,0.00006104
0.04660262,0.00006104
0.04692262,0.00006104
0.04724262,0.00006104
0.04756262,0.00006104
0.04788262,0.00006104
0.04820262,0.01788385
0.04852262,0.00006104
0.04884262,0.01788385
0.04916262,0.01788385
0.04948262,0.01788385
0.04980262,0.00006104
0.05012262,0.00006104
0.05044262,0.00006104
0.05076262,0.00006104
0.05108262,0.00006104
0.05140262,0.00006104
0.05172262,0.00006104
0.05204262,0.00006104
0.05236262,0.00006104
0.05268262,0.00006104
0.05300262,0.00006104
0.05332262,0.00006104
0.05364262,0.00006104
0.05396262,0.00006104
0.05428262,0.00006104
0.05460262,0.00006104
0.05492262,0.00006104
0.05524262,0.00006104
0.05556262,0.00006104
0.05588262,0.00006104
0.05620262,0.00006104
0.05652262,0.00006104
0.05684262,0.00006104
0.05716262,0.00006104
0.05748262,0.00006104
0.05780262,0.00006104
0.05812262,0.00006104
0.05844262,0.00006104
0.05876262,0.00006104
0.05908262,0.00006104
0.05940262,0.00006104
0.05972262,0.00006104
0.06004262,0.00006104
0.06036262,0.00006104
0.06068262,0.00006104
0.06100262,0.00006104
0.06132262,0.00006104
0.06164262,0.00006104
0.06196262,0.00006104
0.06228262,0.00006104
0.06260262,0.00006104
0.06292262,0.00006104
0.06324262,0.00006104
0.06356262,0.00006104
0.06388262,0.00006104
0.06420262,0.00006104
0.06452262,0.00006104
0.06484262,0.00006104
0.06516262,0.00006104
0.06548262,0.00006104
0.06580262,0.00006104
0.06612262,0.00006104
0.06644262,0.00006104
0.06676262,0.00006104
0.06708262,0.00006104
0.06740262,0.00006104
0.06772262,0.00006104
0.06804262,0.00006104
0.06836262,0.00006104
0.06868262,0.00006104
0.06900262,-0.01770074
0.06932262,0.00006104
0.06964262,0.00006104
0.06996262,0.00006104
0.07028262,0.00006104
0.07060262,0.00006104
0.07092262,0.00006104
0.07124262,0.00006104
0.07156262,0.00006104
0.07188262,0.00006104
0.07220262,0.00006104
0.07252262,0.00006104
0.07284262,0.00006104
0.07316262,0.00006104
0.07348262,0.00006104
0.07380262,0.00006104
0.07412262,0.00006104
0.07444262,0.00006104
0.07476262,0.00006104
0.07508262,0.00006104
0.07540262,0.00006104
0.07572262,0.00006104
0.07604262,0.00006104
0.07636262,0.00006104
0.07668262,0.00006104
0.07700262,0.00006104
0.07732262,0.00006104
0.07764262,0.00006104
0.07796262,0.00006104
0.07828262,0.00006104
0.07860262,0.00006104
0.07892262,0.00006104
0.07924262,0.00006104
0.07956262,0.00006104
0.07988262,0.00006104
0.08020262,0.00006104
0.08052262,0.00006104
0.08084262,0.00006104
0.08116262,0.00006104
0.08148262,0.00006104
0.08180262,0.00006104
0.08212262,0.00006104
0.08244262,0.00006104
0.08276262,0.00006104
0.08308262,0.00006104
0.08340262,0.00006104
0.08372262,0.00006104
0.08404262,0.00006104
0.08436262,0.00006104
0.08468262,0.00006104
0.08500262,0.00006104
0.08532262,0.00006104
0.08564262,0.00006104
0.08596262,0.00006104
0.08628262,0.00006104
0.08660262,0.00006104
0.08692262,0.00006104
0.08724262,0.00006104
0.08756262,0.00006104
0.08788262,0.00006104
0.08820262,0.00006104
0.08852262,0.00006104
0.08884262,0.00006104
0.08916262,0.00006104
0.08948262,0.00006104
0.08980262,0.00006104
0.09012262,0.00006104
0.09044262,0.00006104
0.09076262,0.00006104
0.09108262,0.00006104
0.09140262,0.00006104
0.09172262,0.00006104
0.09204262,0.00006104
0.09236262,0.00006104
0.09268262,0.00006104
0.09300262,0.00006104
0.09332262,0.00006104
0.09364262,0.00006104
0.09396262,0.00006104
0.09428262,0.00006104
0.09460262,0.00006104
0.09492262,0.00006104
0.09524262,0.00006104
0.09556262,0.00006104
0.09588262,0.00006104
0.09620262,0.00006104
0.09652262,0.00006104
0.09684262,0.00006104
0.09716262,0.00006104
0.09748262,0.00006104
0.09780262,0.00006104
0.09812262,0.00006104
0.09844262,0.00006104
0.09876262,0.00006104
0.09908262,0.00006104
0.09940262,0.00006104
0.09972262,0.00006104
0.10004262,0.00006104
0.10036262,0.00006104
0.10068262,0.00006104
0.10100262,0.00006104
0.10132262,0.00006104
0.10164262,0.00006104
0.10196262,0.00006104
0.10228262,0.00006104
0.10260262,0.00006104
0.10292262,0.00006104
0.10324262,0.00006104
0.10356262,0.00006104
0.10388262,0.00006104
0.10420262,-0.01770074
0.10452262,0.00006104
0.10484262,0.00006104
0.10516262,0.00006104
0.10548262,0.00006104
0.10580262,0.00006104
0.10612262,0.00006104
0.10644262,0.00006104
0.10676262,0.00006104
0.10708262,0.00006104
0.10740262,0.00006104
0.10772262,0.00006104
0.10804262,0.00006104
0.10836262,-0.01770074
0.10868262,0.00006104
0.10900262,0.00006104
0.10932262,0.00006104
0.10964262,0.00006104
0.10996262,0.00006104
0.11028262,0.00006104
0.11060262,0.00006104
0.11092262,0.00006104
0.11124262,0.00006104
0.11156262,0.00006104
0.11188262,0.00006104
0.11220262,0.00006104
0.11252262,0.00006104
0.11284262,0.00006104
0.11316262,0.00006104
0.11348262,0.00006104
0.11380262,0.00006104
0.11412262,0.00006104
0.11444262,0.00006104
0.11476262,0.00006104
0.11508262,0.00006104
0.11540262,0.00006104
0.11572262,0.00006104
0.11604262,0.00006104
0.11636262,-0.01770074
0.11668262,0.00006104
0.11700262,0.00006104
0.11732262,0.00006104
0.11764262,0.00006104
0.11796262,0.00006104
0.11828262,0.00006104
0.11860262,0.00006104
0.11892262,0.00006104
0.11924262,0.00006104
0.11956262,0.00006104
0.11988262,-0.01770074
0.12020262,0.00006104
0.12052262,0.00006104
0.12084262,0.00006104
0.12116262,0.00006104
0.12148262,0.00006104
0.12180262,0.00006104
0.12212262,0.00006104
0.12244262,0.00006104
0.12276262,0.00006104
0.12308262,0.00006104
0.12340262,0.00006104
0.12372262,0.00006104
0.12404261,0.00006104
0.12436261,-0.01770074
0.12468261,0.00006104
0.12500261,0.00006104
0.12532261,0.00006104
0.12564261,0.00006104
0.12596261,0.00006104
0.12628261,0.00006104
0.12660261,0.00006104
0.12692261,0.00006104
0.12724261,0.00006104
0.12756261,0.00006104
0.12788261,0.00006104
0.12820261,0.00006104
0.12852261,0.00006104
0.12884261,0.00006104
0.12916261,0.00006104
0.12948261,0.00006104
0.12980261,0.00006104
0.13012261,0.00006104
0.13044261,0.00006104
0.13076261,-0.01770074
0.13108261,0.00006104
0.13140261,0.00006104
0.13172261,0.00006104
0.13204261,0.00006104
0.13236261,0.00006104
0.13268261,0.00006104
0.13300261,0.00006104
0.13332261,0.00006104
0.13364261,0.00006104
0.13396261,0.00006104
0.13428261,0.00006104
0.13460261,0.00006104
0.13492261,-0.01770074
0.13524261,0.00006104
0.13556261,0.00006104
0.13588261,0.00006104
0.13620261,0.00006104
0.13652261,0.00006104
0.13684261,0.00006104
0.13716261,0.00006104
0.13748261,-0.01770074
0.13780261,0.00006104
0.13812261,0.00006104
0.13844261,0.00006104
0.13876261,0.00006104
0.13908261,0.00006104
0.13940261,0.00006104
0.13972261,-0.01770074
0.14004261,0.00006104
0.14036261,-0.01770074
0.14068261,0.00006104
0.14100261,0.00006104
0.14132261,0.00006104
0.14164261,0.00006104
0.14196261,0.00006104
0.14228261,0.00006104
0.14260261,0.00006104
0.14292261,-0.01770074
0.14324261,0.00006104
0.14356261,0.00006104
0.14388261,0.00006104
0.14420261,0.00006104
0.14452261,0.00006104
0.14484261,0.00006104
0.14516261,0.00006104
0.14548261,0.00006104
0.14580261,-0.01770074
0.14612261,0.00006104
0.14644261,0.00006104
0.14676261,0.00006104
0.14708261,0.00006104
0.14740261,0.00006104
0.14772261,0.00006104
0.14804261,0.00006104
0.14836261,0.00006104
0.14868261,0.00006104
0.14900261,0.00006104
0.14932261,0.00006104
0.14964261,0.00006104
0.14996261,0.00006104
0.15028261,0.00006104
0.15060261,0.00006104
0.15092261,0.00006104
0.15124261,0.00006104
0.15156261,0.00006104
0.15188261,0.00006104
0.15220261,0.00006104
0.15252261,0.00006104
0.15284261,0.00006104
0.15316261,0.00006104
0.15348261,0.00006104
0.15380261,0.00006104
0.15412261,0.00006104
0.15444261,0.00006104
0.15476261,0.00006104
0.15508261,0.00006104
0.15540261,0.00006104
0.15572261,0.00006104
0.15604261,0.00006104
0.15636261,-0.01770074
0.15668261,0.00006104
0.15700261,0.00006104
0.15732261,0.00006104
0.15764261,0.00006104
0.15796261,0.00006104
0.15828261,0.00006104
0.15860261,0.00006104
0.15892261,0.00006104
0.15924261,0.00006104
0.15956261,0.00006104
0.15988261,0.00006104
0.16020261,0.00006104
0.16052261,0.00006104
0.16084261,0.00006104
0.16116261,0.00006104
0.16148261,0.00006104
0.16180261,0.00006104
0.16212261,0.00006104
0.16244261,0.01788385
0.16276261,0.00006104
0.16308261,0.00006104
0.16340261,0.00006104
0.16372261,0.00006104
0.16404261,0.00006104
0.16436261,0.00006104
0.16468261,0.00006104
0.16500261,0.00006104
0.16532261,0.00006104
0.16564261,0.00006104
0.16596261,0.00006104
0.16628261,0.00006104
0.16660261,0.00006104
0.16692261,0.00006104
0.16724261,0.00006104
0.16756261,0.00006104
0.16788261,0.00006104
0.16820261,0.00006104
0.16852261,0.00006104
0.16884261,-0.01770074
0.16916261,0.00006104
0.16948261,0.00006104
0.16980261,0.00006104
0.17012261,0.00006104
0.17044261,0.00006104
0.17076261,0.00006104
0.17108261,0.00006104
0.17140261,0.00006104
0.17172261,0.00006104
0.17204261,0.00006104
0.17236261,0.00006104
0.17268261,0.00006104
0.17300261,0.00006104
0.17332261,0.00006104
0.17364261,0.00006104
0.17396261,0.00006104
0.17428261,0.00006104
0.17460261,0.00006104
0.17492261,0.00006104
0.17524261,0.00006104
0.17556261,0.00006104
0.17588261,0.00006104
0.17620261,0.00006104
0.17652261,0.00006104
0.17684261,0.00006104
0.17716261,0.00006104
0.17748261,0.00006104
0.17780261,0.00006104
0.17812261,0.00006104
0.17844261,0.00006104
0.17876261,0.00006104
0.17908261,0.00006104
0.17940261,0.00006104
0.17972261,0.00006104
0.18004261,0.00006104
0.18036261,0.00006104
0.18068261,0.00006104
0.18100261,0.00006104
0.18132261,0.00006104
0.18164261,0.00006104
0.18196261,0.00006104
0.18228261,0.00006104
0.18260261,0.00006104
0.18292261,0.00006104
0.18324261,0.00006104
0.18356261,0.00006104
0.18388261,0.00006104
0.18420261,-0.01770074
0.18452261,0.00006104
0.18484261,0.00006104
0.18516261,0.00006104
0.18548261,0.00006104
0.18580261,0.00006104
0.18612261,0.00006104
0.18644261,0.00006104
0.18676261,0.00006104
0.18708261,0.00006104
0.18740261,0.00006104
0.18772261,0.00006104
0.18804261,0.00006104
0.18836261,0.00006104
0.18868261,-0.01770074
0.18900261,0.00006104
0.18932261,0.00006104
0.18964261,0.00006104
0.18996261,0.00006104
0.19028261,0.00006104
0.19060261,0.00006104
0.19092261,0.00006104
0.19124261,0.00006104
0.19156261,0.00006104
0.19188261,0.00006104
0.19220261,0.00006104
0.19252261,0.00006104
0.19284261,0.00006104
0.19316261,0.00006104
0.19348261,0.00006104
0.19380261,0.00006104
0.19412261,0.00006104
0.19444261,0.00006104
0.19476261,0.00006104
0.19508261,0.00006104
0.19540261,0.00006104
0.19572261,0.00006104
0.19604261,0.00006104
0.19636261,0.00006104
0.19668261,0.00006104
0.19700261,0.00006104
0.19732261,0.00006104
0.19764261,0.00006104
0.19796261,0.00006104
0.19828261,0.00006104
0.19860261,0.00006104
0.19892261,0.00006104
0.19924261,0.00006104
0.19956261,0.00006104
0.19988261,0.00006104
0.20020261,0.00006104
0.20052261,0.00006104
0.20084261,0.00006104
0.20116261,0.00006104
0.20148261,0.00006104
0.20180261,0.00006104
0.20212261,0.00006104
0.20244261,0.00006104
0.20276261,0.00006104
0.20308261,0.00006104
0.20340261,0.00006104
0.20372261,0.00006104
0.20404261,-0.01770074
0.20436261,0.00006104
0.20468261,0.00006104
0.20500261,0.00006104
0.20532261,0.00006104
0.20564261,0.00006104
0.20596261,0.00006104
0.20628261,0.00006104
0.20660261,0.00006104
0.20692261,0.00006104
0.20724261,-0.01770074
0.20756261,0.00006104
0.20788261,0.00006104
0.20820261,0.00006104
0.20852261,0.00006104
0.20884261,0.00006104
0.20916261,0.00006104
0.20948261,0.00006104
0.20980261,0.00006104
0.21012261,0.00006104
0.21044261,0.00006104
0.21076261,-0.01770074
0.21108261,0.00006104
0.21140261,0.00006104
0.21172261,0.00006104
0.21204261,0.00006104
0.21236261,0.00006104
0.21268261,0.00006104
0.21300261,0.00006104
0.21332261,0.00006104
0.21364261,0.00006104
0.21396261,0.00006104
0.21428261,0.00006104
0.21460261,0.00006104
0.21492261,0.00006104
0.21524261,-0.01770074
0.21556261,0.00006104
0.21588261,0.00006104
0.21620261,0.00006104
0.21652261,0.00006104
0.21684261,0.00006104
0.21716261,0.00006104
0.21748261,0.00006104
0.21780261,0.00006104
0.21812261,0.00006104
0.21844261,0.00006104
0.21876261,0.00006104
0.21908261,0.00006104
0.21940261,0.00006104
0.21972261,0.00006104
0.22004261,0.00006104
0.22036261,0.00006104
0.22068261,0.00006104
0.22100261,0.00006104
0.22132261,0.00006104
0.22164261,0.00006104
0.22196261,0.00006104
0.22228261,0.00006104
0.22260261,0.00006104
0.22292261,0.00006104
0.22324261,0.00006104
0.22356261,0.00006104
0.22388261,0.00006104
0.22420261,0.00006104
0.22452261,0.00006104
0.22484261,0.00006104
0.22516261,0.00006104
0.22548261,0.00006104
0.22580261,0.00006104
0.22612261,0.00006104
0.22644261,0.00006104
0.22676261,0.00006104
0.22708261,0.00006104
0.22740261,0.00006104
0.22772261,0.00006104
0.22804261,0.00006104
0.22836261,0.00006104
0.22868261,0.00006104
0.22900261,0.00006104
0.22932261,0.00006104
0.22964261,0.00006104
0.22996261,0.00006104
0.23028261,0.00006104
0.23060261,0.00006104
0.23092261,0.00006104
0.23124261,0.00006104
0.23156261,0.00006104
0.23188261,0.00006104
0.23220261,0.00006104
0.23252261,0.00006104
0.23284261,0.00006104
0.23316261,0.00006104
0.23348261,0.00006104
0.23380261,0.00006104
0.23412261,0.00006104
0.23444261,0.00006104
0.23476261,0.00006104
0.23508261,0.00006104
0.23540261,0.00006104
0.23572261,0.00006104
0.23604261,0.00006104
0.23636261,0.00006104
0.23668261,0.00006104
0.23700261,0.00006104
0.23732261,0.00006104
0.23764261,0.00006104
0.23796261,0.00006104
0.23828261,0.00006104
0.23860261,0.00006104
0.23892261,-0.01770074
0.23924261,0.00006104
0.23956261,0.00006104
0.23988261,0.00006104
0.24020261,0.00006104
0.24052261,0.00006104
0.24084261,-0.01770074
0.24116261,-0.01770074
0.24148261,0.00006104
0.24180261,0.00006104
0.24212261,0.00006104
0.24244261,0.00006104
0.24276261,0.00006104
0.24308261,0.00006104
0.24340261,0.00006104
0.24372261,0.00006104
0.24404261,0.00006104
0.24436261,0.00006104
0.24468261,0.00006104
0.24500261,-0.01770074
0.24532261,0.00006104
0.24564261,0.00006104
0.24596261,-0.01770074
0.24628261,0.00006104
0.24660261,0.00006104
0.24692261,0.00006104
0.24724261,0.00006104
0.24756261,0.00006104
0.24788261,0.00006104
0.24820261,0.00006104
0.24852261,0.00006104
0.24884261,0.00006104
0.24916261,0.00006104
0.24948261,0.00006104
0.24980261,0.00006104
0.25012261,0.00006104
0.25044261,0.00006104
0.25076261,0.00006104
0.25108261,0.00006104
0.25140261,0.00006104
0.25172261,0.00006104
0.25204261,0.00006104
0.25236261,-0.01770074
0.25268261,0.00006104
0.25300261,0.00006104
0.25332261,0.00006104
0.25364261,-0.01770074
0.25396261,0.00006104
0.25428261,0.00006104
0.25460261,0.00006104
0.25492261,0.00006104
0.25524261,0.00006104
0.25556261,0.00006104
0.25588261,0.00006104
0.25620261,0.00006104
0.25652261,0.00006104
0.25684261,0.00006104
0.25716261,0.00006104
0.25748261,0.00006104
0.25780261,0.00006104
0.25812261,0.00006104
0.25844261,0.00006104
0.25876261,0.00006104
0.25908261,0.00006104
0.25940261,0.00006104
0.25972261,0.00006104
0.26004261,0.00006104
0.26036261,0.00006104
0.26068261,0.00006104
0.26100261,0.00006104
0.26132261,0.00006104
0.26164261,0.00006104
0.26196261,0.00006104
0.26228261,-0.01770074
0.26260261,0.00006104
0.26292261,0.00006104
0.26324261,0.00006104
0.26356261,0.00006104
0.26388261,0.00006104
0.26420261,0.00006104
0.26452261,0.00006104
0.26484261,0.00006104
0.26516261,0.00006104
0.26548261,0.00006104
0.26580261,0.00006104
0.26612261,0.00006104
0.26644261,0.00006104
0.26676261,0.00006104
0.26708261,0.00006104
0.26740261,0.00006104
0.26772261,0.00006104
0.26804261,0.00006104
0.26836261,0.00006104
0.26868261,0.00006104
0.26900261,0.00006104
0.26932261,-0.01770074
0.26964261,0.00006104
0.26996261,0.00006104
0.27028261,0.00006104
0.27060261,0.00006104
0.27092261,0.00006104
0.27124261,0.00006104
0.27156261,0.00006104
0.27188261,0.00006104
0.27220261,0.00006104
0.27252261,-0.01770074
0.27284261,0.00006104
0.27316261,0.00006104
0.27348261,0.00006104
0.27380261,0.00006104
0.27412261,0.00006104
0.27444261,0.00006104
0.27476261,0.00006104
0.27508261,0.00006104
0.27540261,0.00006104
0.27572261,0.00006104
0.27604261,0.00006104
0.27636261,0.00006104
0.27668261,0.00006104
0.27700261,0.00006104
0.27732261,0.00006104
0.27764261,0.00006104
0.27796261,0.00006104
0.27828261,0.00006104
0.27860261,0.00006104
0.27892261,0.00006104
0.27924261,0.00006104
0.27956261,0.00006104
0.27988261,0.00006104
0.28020261,0.00006104
0.28052261,0.00006104
0.28084261,0.00006104
0.28116261,0.00006104
0.28148261,0.00006104
0.28180261,0.00006104
0.28212261,0.00006104
0.28244261,0.00006104
0.28276261,0.00006104
0.28308261,0.00006104
0.28340261,0.00006104
0.28372261,0.00006104
0.28404261,0.00006104
0.28436261,0.00006104
0.28468261,0.00006104
0.28500261,0.00006104
0.28532261,0.00006104
0.28564261,0.00006104
0.28596261,0.00006104
0.28628261,0.00006104
0.28660261,-0.01770074
0.28692261,0.00006104
0.28724261,0.00006104
0.28756261,0.00006104
0.28788261,-0.01770074
0.28820261,0.00006104
0.28852261,0.00006104
0.28884261,0.00006104
0.28916261,0.00006104
0.28948261,0.00006104
0.28980261,0.00006104
0.29012261,0.00006104
0.29044261,0.00006104
0.29076261,0.00006104
0.29108261,0.00006104
0.29140261,0.00006104
0.29172261,0.00006104
0.29204261,0.00006104
0.29236261,0.00006104
0.29268261,0.00006104
0.29300261,0.00006104
0.29332261,0.00006104
0.29364261,0.00006104
0.29396261,-0.01770074
0.29428261,0.00006104
0.29460261,0.00006104
0.29492261,0.00006104
0.29524261,0.00006104
0.29556261,0.00006104
0.29588261,0.00006104
0.29620261,0.00006104
0.29652261,0.00006104
0.29684261,0.00006104
0.29716261,0.00006104
0.29748261,0.00006104
0.29780261,0.00006104
0.29812261,0.00006104
0.29844261,0.00006104
0.29876261,0.00006104
0.29908261,0.00006104
0.29940261,0.00006104
0.29972261,0.00006104
0.30004261,0.00006104
0.30036261,0.00006104
0.30068261,0.00006104
0.30100261,0.00006104
0.30132261,0.00006104
0.30164261,0.00006104
0.30196261,0.00006104
0.30228261,0.00006104
0.30260261,0.00006104
0.30292261,0.00006104
0.30324261,0.00006104
0.30356261,0.00006104
0.30388261,0.00006104
0.30420261,0.00006104
0.30452261,0.00006104
0.30484261,0.00006104
0.30516261,0.00006104
0.30548261,0.00006104
0.30580261,0.00006104
0.30612261,0.00006104
0.30644261,0.00006104
0.30676261,0.00006104
0.30708261,0.00006104
0.30740261,0.00006104
0.30772261,0.00006104
0.30804261,0.00006104
0.30836261,0.00006104
0.30868261,0.00006104
0.30900261,0.00006104
0.30932261,0.00006104
0.30964261,0.00006104
0.30996261,0.00006104
0.31028261,0.00006104
0.31060261,0.00006104
0.31092261,-0.01770074
0.31124261,0.00006104
0.31156261,0.00006104
0.31188261,0.00006104
0.31220261,0.00006104
0.31252261,0.00006104
0.31284261,0.00006104
0.31316261,0.00006104
0.31348261,-0.01770074
0.31380261,0.00006104
0.31412261,0.00006104
0.31444261,0.00006104
0.31476261,0.00006104
0.31508261,-0.01770074
0.31540261,0.00006104
0.31572261,0.00006104
0.31604261,0.00006104
0.31636261,0.00006104
0.31668261,0.00006104
0.31700261,0.00006104
0.31732261,0.00006104
0.31764261,0.00006104
0.31796261,0.00006104
0.31828261,0.00006104
0.31860261,0.00006104
0.31892261,0.00006104
0.31924261,0.00006104
0.31956261,0.00006104
0.31988261,0.00006104
0.32020261,0.00006104
0.32052261,0.00006104
0.32084261,0.00006104
0.32116261,0.00006104
0.32148261,0.00006104
0.32180261,0.00006104
0.32212261,-0.01770074
0.32244261,0.00006104
0.32276261,0.00006104
0.32308261,0.00006104
0.32340261,0.00006104
0.32372261,0.00006104
0.32404261,0.00006104
0.32436261,0.00006104
0.32468261,0.00006104
0.32500261,0.00006104
0.32532261,0.00006104
0.32564261,0.00006104
0.32596261,0.00006104
0.32628261,0.00006104
0.32660261,-0.01770074
0.32692261,0.00006104
0.32724261,0.00006104
0.32756261,0.00006104
0.32788261,0.00006104
0.32820261,0.00006104
0.32852261,0.00006104
0.32884261,0.00006104
0.32916261,0.00006104
0.32948261,0.00006104
0.32980261,0.00006104
0.33012261,0.00006104
0.33044261,0.00006104
0.33076261,0.00006104
0.33108261,0.00006104
0.33140261,0.00006104
0.33172261,0.00006104
0.33204261,0.00006104
0.33236261,0.00006104
0.33268261,0.00006104
0.33300261,0.00006104
0.33332261,0.00006104
0.33364261,-0.01770074
0.33396261,0.00006104
0.33428261,0.00006104
0.33460261,0.00006104
0.33492261,0.00006104
0.33524261,0.00006104
0.33556261,0.00006104
0.33588261,-0.01770074
0.33620261,0.00006104
0.33652261,0.00006104
0.33684261,0.00006104
0.33716261,0.00006104
0.33748261,0.00006104
0.33780261,0.00006104
0.33812261,0.00006104
0.33844261,0.00006104
0.33876261,0.00006104
0.33908261,0.00006104
0.33940261,0.00006104
0.33972261,0.00006104
0.34004261,0.00006104
0.34036261,0.00006104
0.34068261,0.00006104
0.34100261,0.00006104
0.34132261,0.00006104
0.34164261,0.00006104
0.34196261,0.00006104
0.34228261,0.00006104
0.34260261,0.00006104
0.34292261,0.00006104
0.34324261,0.00006104
0.34356261,0.00006104
0.34388261,0.00006104
0.34420261,0.00006104
0.34452261,0.00006104
0.34484261,0.00006104
0.34516261,0.00006104
0.34548261,0.00006104
0.34580261,0.00006104
0.34612261,0.00006104
0.34644261,0.00006104
0.34676261,0.00006104
0.34708261,0.00006104
0.34740261,0.00006104
0.34772261,0.00006104
0.34804261,0.00006104
0.34836261,0.00006104
0.34868261,0.00006104
0.34900261,0.00006104
0.34932261,0.00006104
0.34964261,0.00006104
0.34996261,0.00006104
0.35028261,0.00006104
0.35060261,0.00006104
0.35092261,0.00006104
0.35124261,0.00006104
0.35156261,0.00006104
0.35188261,0.00006104
0.35220261,0.00006104
0.35252261,0.00006104
0.35284261,0.00006104
0.35316261,0.00006104
0.35348261,0.00006104
0.35380261,-0.01770074
0.35412261,0.00006104
0.35444261,0.00006104
0.35476261,0.00006104
0.35508261,0.00006104
0.35540261,0.00006104
0.35572261,0.00006104
0.35604261,0.00006104
0.35636261,0.00006104
0.35668261,0.00006104
0.35700261,0.00006104
0.35732261,0.00006104
0.35764261,0.00006104
0.35796261,0.00006104
0.35828261,0.00006104
0.35860261,0.00006104
0.35892261,0.00006104
0.35924261,0.00006104
0.35956261,0.00006104
0.35988261,0.00006104
0.36020261,0.00006104
0.36052261,0.00006104
0.36084261,0.00006104
0.36116261,0.00006104
0.36148261,0.00006104
0.36180261,0.00006104
0.36212261,0.00006104
0.36244261,0.00006104
0.36276261,0.00006104
0.36308261,0.00006104
0.36340261,0.00006104
0.36372261,0.00006104
0.36404261,0.00006104
0.36436261,0.00006104
0.36468261,0.00006104
0.36500261,0.00006104
0.36532261,0.00006104
0.36564261,0.00006104
0.36596261,0.00006104
0.36628261,0.00006104
0.36660261,0.00006104
0.36692261,0.00006104
0.36724261,0.00006104
0.36756261,0.00006104
0.36788261,0.00006104
0.36820261,-0.01770074
0.36852261,0.00006104
0.36884261,0.00006104
0.36916261,0.00006104
0.36948261,0.00006104
0.36980261,0.00006104
0.37012261,0.00006104
0.37044261,0.00006104
0.37076261,0.00006104
0.37108261,0.00006104
0.37140261,0.00006104
0.37172261,0.00006104
0.37204261,0.00006104
0.37236261,0.00006104
0.37268261,0.00006104
0.37300261,0.00006104
0.37332261,-0.01770074
0.37364261,0.00006104
0.37396261,0.00006104
0.37428261,0.00006104
0.37460261,0.00006104
0.37492261,0.00006104
0.37524261,0.00006104
0.37556261,0.00006104
0.37588261,0.00006104
0.37620261,0.00006104
0.37652261,0.00006104
0.37684261,0.00006104
0.37716261,-0.01770074
0.37748261,-0.01770074
0.37780261,0.00006104
0.37812261,0.00006104
0.37844261,0.00006104
0.37876261,0.00006104
0.37908261,0.00006104
0.37940261,0.00006104
0.37972261,0.00006104
0.38004261,0.00006104
0.38036261,0.00006104
0.38068261,0.00006104
0.38100261,0.00006104
0.38132261,0.00006104
0.38164261,0.00006104
0.38196261,-0.01770074
0.38228261,0.00006104
0.38260261,0.00006104
0.38292261,0.00006104
0.38324261,0.00006104
0.38356261,0.00006104
0.38388261,0.00006104
0.38420261,0.00006104
0.38452261,0.00006104
0.38484261,0.00006104
0.38516261,0.00006104
0.38548261,0.00006104
0.38580261,0.00006104
0.38612261,0.00006104
0.38644261,0.00006104
0.38676261,0.00006104
0.38708261,0.00006104
0.38740261,0.00006104
0.38772261,0.00006104
0.38804261,0.00006104
0.38836261,0.00006104
0.38868261,0.00006104
0.38900261,0.00006104
0.38932261,0.00006104
0.38964261,0.00006104
0.38996261,0.00006104
0.39028261,0.00006104
0.39060261,0.00006104
0.39092261,0.00006104
0.39124261,0.00006104
0.39156261,0.00006104
0.39188261,0.00006104
0.39220261,0.00006104
0.39252261,0.00006104
0.39284261,0.00006104
0.39316261,0.00006104
0.39348261,0.00006104
0.39380261,0.00006104
0.39412261,0.00006104
0.39444261,0.00006104
0.39476261,0.00006104
0.39508261,0.00006104
0.39540261,0.00006104
0.39572261,0.00006104
0.39604261,0.00006104
0.39636261,0.00006104
0.39668261,0.00006104
0.39700261,0.00006104
0.39732261,0.00006104
0.39764261,-0.01770074
0.39796261,0.00006104
0.39828261,-0.01770074
0.39860261,0.00006104
0.39892261,0.00006104
0.39924261,0.00006104
0.39956261,0.00006104
0.39988261,0.00006104
0.40020261,0.00006104
0.40052261,0.00006104
0.40084261,0.00006104
0.40116261,0.00006104
0.40148261,0.00006104
0.40180261,0.00006104
0.40212261,0.00006104
0.40244261,0.00006104
0.40276261,0.00006104
0.40308261,0.00006104
0.40340261,0.00006104
0.40372261,0.00006104
0.40404261,0.00006104
0.40436261,0.00006104
0.40468261,0.00006104
0.40500261,-0.01770074
0.40532261,0.00006104
0.40564261,0.00006104
0.40596261,0.00006104
0.40628261,0.00006104
0.40660261,0.00006104
0.40692261,0.00006104
0.40724261,0.00006104
0.40756261,0.00006104
0.40788261,0.00006104
0.40820261,0.00006104
0.40852261,0.00006104
0.40884261,0.00006104
0.40916261,0.00006104
0.40948261,0.00006104
0.40980261,0.00006104
0.41012261,0.00006104
0.41044261,0.00006104
0.41076261,0.00006104
0.41108261,0.00006104
0.41140261,0.00006104
0.41172261,0.00006104
0.41204261,0.00006104
0.41236261,0.00006104
0.41268261,0.00006104
0.41300261,0.00006104
0.41332261,0.00006104
0.41364261,0.00006104
0.41396261,0.00006104
0.41428261,0.00006104
0.41460261,0.00006104
0.41492261,0.00006104
0.41524261,0.00006104
0.41556261,-0.01770074
0.41588261,0.00006104
0.41620261,0.00006104
0.41652261,0.00006104
0.41684261,0.00006104
0.41716261,-0.01770074
0.41748261,0.00006104
0.41780261,0.00006104
0.41812261,0.00006104
0.41844261,0.00006104
0.41876261,0.00006104
0.41908261,0.00006104
0.41940261,0.00006104
0.41972261,0.00006104
0.42004261,0.00006104
0.42036261,0.00006104
0.42068261,0.00006104
0.42100261,-0.01770074
0.42132261,0.00006104
0.42164261,0.00006104
0.42196261,-0.01770074
0.42228261,0.00006104
0.42260261,0.00006104
0.42292261,-0.01770074
0.42324261,0.00006104
0.42356261,0.00006104
0.42388261,-0.01770074
0.42420261,0.00006104
0.42452261,0.00006104
0.42484261,0.00006104
0.42516261,0.00006104
0.42548261,0.00006104
0.42580261,0.00006104
0.42612261,0.00006104
0.42644261,0.00006104
0.42676261,0.00006104
0.42708261,0.00006104
0.42740261,0.00006104
0.42772261,0.00006104
0.42804261,-0.01770074
0.42836261,0.00006104
0.42868261,0.00006104
0.42900261,0.00006104
0.42932261,0.00006104
0.42964261,0.00006104
0.42996261,0.00006104
0.43028261,0.00006104
0.43060261,0.00006104
0.43092261,0.00006104
0.43124261,0.00006104
0.43156261,0.00006104
0.43188261,0.00006104
0.43220261,0.00006104
0.43252261,0.00006104
0.43284261,0.00006104
0.43316261,0.00006104
0.43348261,0.00006104
0.43380261,0.00006104
0.43412261,0.00006104
0.43444261,0.00006104
0.43476261,0.00006104
0.43508261,0.00006104
0.43540261,0.00006104
0.43572261,0.00006104
0.43604261,0.00006104
0.43636261,0.00006104
0.43668261,0.00006104
0.43700261,0.00006104
0.43732261,0.00006104
0.43764261,0.00006104
0.43796261,0.00006104
0.43828261,0.00006104
0.43860261,0.00006104
0.43892261,0.00006104
0.43924261,0.00006104
0.43956261,0.00006104
0.43988261,0.00006104
0.44020261,0.00006104
0.44052261,-0.01770074
0.44084261,0.00006104
0.44116261,0.00006104
0.44148261,0.00006104
0.44180261,0.00006104
0.44212261,0.00006104
0.44244261,0.00006104
0.44276261,0.00006104
0.44308261,0.00006104
0.44340261,0.00006104
0.44372261,0.00006104
0.44404261,0.00006104
0.44436261,0.00006104
0.44468261,0.00006104
0.44500261,-0.01770074
0.44532261,0.00006104
0.44564261,0.00006104
0.44596261,0.00006104
0.44628261,0.00006104
0.44660261,0.00006104
0.44692261,0.00006104
0.44724261,0.00006104
0.44756261,0.00006104
0.44788261,-0.01770074
0.44820261,0.00006104
0.44852261,0.00006104
0.44884261,0.00006104
0.44916261,0.00006104
0.44948261,0.00006104
0.44980261,0.00006104
0.45012261,0.00006104
0.45044261,0.00006104
0.45076261,0.00006104
0.45108261,0.00006104
0.45140261,0.00006104
0.45172261,0.00006104
0.45204261,0.00006104
0.45236261,0.00006104
0.45268261,0.00006104
0.45300261,0.00006104
0.45332261,0.00006104
0.45364261,0.00006104
0.45396261,-0.01770074
0.45428261,0.00006104
0.45460261,0.00006104
0.45492261,0.00006104
0.45524261,0.00006104
0.45556261,0.00006104
0.45588261,0.00006104
0.45620261,0.00006104
0.45652261,0.00006104
0.45684261,0.00006104
0.45716261,0.00006104
0.45748261,0.00006104
0.45780261,0.00006104
0.45812261,0.00006104
0.45844261,0.00006104
0.45876261,-0.01770074
0.45908261,0.00006104
0.45940261,0.00006104
0.45972261,0.00006104
0.46004261,0.00006104
0.46036261,0.00006104
0.46068261,0.00006104
0.46100261,0.00006104
0.46132261,0.00006104
0.46164261,0.00006104
0.46196261,0.00006104
0.46228261,0.00006104
0.46260261,0.00006104
0.46292261,0.00006104
0.46324261,0.00006104
0.46356261,0.00006104
0.46388261,0.00006104
0.46420261,0.00006104
0.46452261,0.00006104
0.46484261,0.00006104
0.46516261,0.00006104
0.46548261,0.00006104
0.46580261,0.00006104
0.46612261,0.00006104
0.46644261,0.00006104
0.46676261,0.00006104
0.46708261,0.00006104
0.46740261,0.00006104
0.46772261,0.00006104
0.46804261,0.00006104
0.46836261,0.00006104
0.46868261,0.00006104
0.46900261,0.00006104
0.46932261,0.00006104
0.46964261,0.00006104
0.46996261,0.00006104
0.47028261,-0.01770074
0.47060261,0.00006104
0.47092261,0.00006104
0.47124261,0.00006104
0.47156261,0.00006104
0.47188261,0.00006104
0.47220261,0.00006104
0.47252261,0.00006104
0.47284261,0.00006104
0.47316261,0.00006104
0.47348261,0.00006104
0.47380261,0.00006104
0.47412261,0.00006104
0.47444261,0.00006104
0.47476261,0.00006104
0.47508261,0.00006104
0.47540261,0.00006104
0.47572261,0.00006104
0.47604261,0.00006104
0.47636261,0.00006104
0.47668261,0.00006104
0.47700261,0.00006104
0.47732261,0.00006104
0.47764261,0.00006104
0.47796261,0.00006104
0.47828261,0.00006104
0.47860261,0.00006104
0.47892261,0.00006104
0.47924261,0.00006104
0.47956261,0.00006104
0.47988261,0.00006104
0.48020261,0.00006104
0.48052261,0.00006104
0.48084261,0.00006104
0.48116261,0.00006104
0.48148261,0.00006104
0.48180261,0.00006104
0.48212261,0.00006104
0.48244261,0.00006104
0.48276261,0.00006104
0.48308261,0.00006104
0.48340261,0.00006104
0.48372261,0.00006104
0.48404261,0.00006104
0.48436261,-0.01770074
0.48468261,0.00006104
0.48500261,0.00006104
0.48532261,-0.01770074
0.48564261,0.00006104
0.48596261,0.00006104
0.48628261,0.00006104
0.48660261,0.00006104
0.48692261,0.00006104
0.48724261,0.00006104
0.48756261,0.00006104
0.48788261,0.00006104
0.48820261,0.00006104
0.48852261,0.00006104
0.48884261,0.00006104
0.48916261,0.00006104
0.48948261,0.00006104
0.48980261,0.00006104
0.49012261,0.00006104
0.49044261,0.00006104
0.49076261,0.00006104
0.49108261,0.00006104
0.49140261,0.00006104
0.49172261,0.00006104
0.49204261,0.00006104
0.49236261,0.00006104
0.49268261,0.00006104
0.49300261,0.00006104
0.49332261,0.00006104
0.49364261,0.00006104
0.49396261,-0.01770074
0.49428261,0.00006104
0.49460261,0.00006104
0.49492261,0.00006104
0.49524261,0.00006104
0.49556261,-0.28473771
0.49588261,0.60524309
0.49620261,0.33826715
0.49652261,0.16022217
0.49684261,0.03570665
0.49716261,-0.05334635
0.49748261,-0.05334635
0.49780261,-0.03552354
0.49812261,-0.03552354
0.49844261,-0.01770074
0.49876261,-0.88998079
0.49908261,-1.08578753
0.49940261,-1.86901450
0.49972261,-0.01770074
0.50004261,0.55183572
0.50036261,0.28485978
0.50068261,0.07129124
0.50100261,0.03570665
0.50132261,0.03570665
0.50164261,0.03570665
0.50196261,0.03570665
0.50228261,0.03570665
0.50260261,0.03570665
0.50292261,0.03570665
0.50324261,0.03570665
0.50356261,0.03570665
0.50388261,0.01788385
0.50420261,0.00006104
0.50452261,0.00006104
0.50484261,0.01788385
0.50516261,0.01788385
0.50548261,0.03570665
0.50580261,0.05346843
0.50612261,0.05346843
0.50644261,0.07129124
0.50676261,0.07129124
0.50708261,0.05346843
0.50740261,0.07129124
0.50772261,0.03570665
0.50804261,0.05346843
0.50836261,0.08911405
0.50868261,0.07129124
0.50900261,0.03570665
0.50932261,0.03570665
0.50964261,0.03570665
0.50996261,0.03570665
0.51028261,0.00006104
0.51060261,-0.01770074
0.51092261,-0.01770074
0.51124261,-0.03552354
0.51156261,0.00006104
0.51188261,0.01788385
0.51220261,-0.01770074
0.51252261,0.03570665
0.51284261,0.00006104
0.51316261,-0.03552354
0.51348261,0.03570665
0.51380261,-0.01770074
0.51412261,0.00006104
0.51444261,0.03570665
0.51476261,0.01788385
0.51508261,0.01788385
0.51540261,0.03570665
0.51572261,0.03570665
0.51604261,0.01788385
0.51636261,0.00006104
0.51668261,0.01788385
0.51700261,0.00006104
0.51732261,0.01788385
0.51764261,0.03570665
0.51796261,0.01788385
0.51828261,0.00006104
0.51860261,0.01788385
0.51892261,0.03570665
0.51924261,0.01788385
0.51956261,0.01788385
0.51988261,-0.01770074
0.52020261,-0.01770074
