Time	Channel A
(us)	(V)

-25.02815732	0.00067141
-25.01815732	0.00067141
-25.00815732	0.00067141
-24.99815732	0.00067141
-24.98815732	0.00067141
-24.97815732	0.00067141
-24.96815732	0.00067141
-24.95815732	0.00949126
-24.94815732	0.00067141
-24.93815732	0.00067141
-24.92815733	0.00067141
-24.91815733	0.00067141
-24.90815733	0.00067141
-24.89815733	0.00067141
-24.88815733	0.00067141
-24.87815733	0.00067141
-24.86815733	0.00067141
-24.85815733	0.00067141
-24.84815733	0.00067141
-24.83815733	0.00067141
-24.82815733	0.00067141
-24.81815733	0.00067141
-24.80815733	0.00067141
-24.79815733	0.00067141
-24.78815733	0.00067141
-24.77815733	0.00067141
-24.76815733	0.00067141
-24.75815733	0.00067141
-24.74815733	0.00067141
-24.73815733	0.00067141
-24.72815733	0.00067141
-24.71815733	0.00067141
-24.70815733	0.00067141
-24.69815733	0.00067141
-24.68815733	0.00067141
-24.67815733	0.00067141
-24.66815733	0.00067141
-24.65815733	0.00067141
-24.64815733	0.00067141
-24.63815733	0.00067141
-24.62815733	0.00067141
-24.61815733	0.00067141
-24.60815733	0.00067141
-24.59815733	0.00067141
-24.58815733	0.00067141
-24.57815733	0.00067141
-24.56815733	0.00067141
-24.55815733	0.00067141
-24.54815733	0.00067141
-24.53815733	0.00067141
-24.52815733	0.00067141
-24.51815733	0.00067141
-24.50815733	0.00067141
-24.49815733	0.00067141
-24.48815733	0.00067141
-24.47815733	0.00067141
-24.46815733	0.00067141
-24.45815733	0.00067141
-24.44815733	0.00067141
-24.43815733	0.00067141
-24.42815733	0.00067141
-24.41815733	0.00067141
-24.40815733	0.00067141
-24.39815733	0.00067141
-24.38815733	0.00067141
-24.37815733	0.00067141
-24.36815733	0.00067141
-24.35815733	0.00067141
-24.34815733	0.00067141
-24.33815733	0.00067141
-24.32815733	0.00067141
-24.31815733	0.00067141
-24.30815733	0.00067141
-24.29815733	0.00067141
-24.28815733	0.00067141
-24.27815733	0.00067141
-24.26815733	0.00067141
-24.25815733	0.00067141
-24.24815733	0.00067141
-24.23815733	0.00067141
-24.22815733	0.00067141
-24.21815733	0.00067141
-24.20815733	0.00067141
-24.19815733	0.00067141
-24.18815733	0.00067141
-24.17815733	0.00067141
-24.16815733	0.00067141
-24.15815733	0.00067141
-24.14815733	0.00067141
-24.13815733	0.00067141
-24.12815733	0.00067141
-24.11815733	0.00067141
-24.10815733	0.00067141
-24.09815733	0.00067141
-24.08815733	0.00067141
-24.07815733	0.00067141
-24.06815733	0.00067141
-24.05815733	0.00067141
-24.04815733	0.00067141
-24.03815733	0.00067141
-24.02815733	0.00067141
-24.01815733	0.00067141
-24.00815733	0.00067141
-23.99815733	0.00067141
-23.98815733	0.00067141
-23.97815733	0.00067141
-23.96815733	0.00067141
-23.95815733	0.00067141
-23.94815733	0.00067141
-23.93815733	0.00067141
-23.92815733	0.00067141
-23.91815733	0.00067141
-23.90815733	0.00067141
-23.89815733	0.00067141
-23.88815733	0.00067141
-23.87815733	0.00067141
-23.86815733	0.00067141
-23.85815733	0.00067141
-23.84815733	0.00067141
-23.83815733	0.00067141
-23.82815733	0.00067141
-23.81815733	0.00067141
-23.80815733	0.00067141
-23.79815733	0.00067141
-23.78815733	0.00067141
-23.77815733	0.00067141
-23.76815733	0.00067141
-23.75815733	0.00067141
-23.74815733	0.00067141
-23.73815733	0.00067141
-23.72815733	0.00067141
-23.71815733	0.00067141
-23.70815733	0.00067141
-23.69815733	0.00067141
-23.68815733	0.00067141
-23.67815733	0.00067141
-23.66815733	0.00067141
-23.65815733	0.00067141
-23.64815733	0.00067141
-23.63815733	0.00067141
-23.62815733	0.00067141
-23.61815733	0.00067141
-23.60815733	0.00067141
-23.59815733	0.00067141
-23.58815733	0.00067141
-23.57815733	0.00067141
-23.56815733	0.00067141
-23.55815733	0.00067141
-23.54815733	0.00067141
-23.53815733	0.00067141
-23.52815733	0.00067141
-23.51815733	0.00067141
-23.50815733	0.00067141
-23.49815733	0.00067141
-23.48815733	0.00067141
-23.47815733	0.00067141
-23.46815733	0.00067141
-23.45815733	0.00067141
-23.44815733	0.00067141
-23.43815733	0.00067141
-23.42815733	0.00067141
-23.41815733	0.00067141
-23.40815733	0.00067141
-23.39815733	0.00067141
-23.38815733	0.00067141
-23.37815733	0.00067141
-23.36815733	0.00067141
-23.35815733	0.00067141
-23.34815733	0.00067141
-23.33815733	0.00067141
-23.32815733	0.00067141
-23.31815733	0.00067141
-23.30815733	0.00067141
-23.29815733	0.00067141
-23.28815733	0.00067141
-23.27815734	0.00067141
-23.26815734	0.00067141
-23.25815734	0.00067141
-23.24815734	0.00067141
-23.23815734	0.00067141
-23.22815734	0.00067141
-23.21815734	0.00067141
-23.20815734	0.00067141
-23.19815734	0.00067141
-23.18815734	0.00067141
-23.17815734	0.00067141
-23.16815734	0.00067141
-23.15815734	0.00067141
-23.14815734	0.00067141
-23.13815734	0.00067141
-23.12815734	0.00067141
-23.11815734	0.00067141
-23.10815734	0.00067141
-23.09815734	0.00067141
-23.08815734	0.00067141
-23.07815734	0.00067141
-23.06815734	0.00067141
-23.05815734	0.00067141
-23.04815734	0.00067141
-23.03815734	0.00067141
-23.02815734	0.00067141
-23.01815734	0.00067141
-23.00815734	0.00067141
-22.99815734	0.00067141
-22.98815734	0.00067141
-22.97815734	0.00067141
-22.96815734	0.00067141
-22.95815734	0.00067141
-22.94815734	0.00067141
-22.93815734	0.00067141
-22.92815734	0.00067141
-22.91815734	0.00067141
-22.90815734	0.00067141
-22.89815734	0.00067141
-22.88815734	0.00067141
-22.87815734	0.00067141
-22.86815734	0.00067141
-22.85815734	0.00067141
-22.84815734	0.00067141
-22.83815734	0.00067141
-22.82815734	0.00067141
-22.81815734	0.00067141
-22.80815734	0.00067141
-22.79815734	0.00067141
-22.78815734	0.00067141
-22.77815734	0.00067141
-22.76815734	0.00067141
-22.75815734	0.00067141
-22.74815734	0.00067141
-22.73815734	0.00067141
-22.72815734	0.00067141
-22.71815734	0.00067141
-22.70815734	0.00067141
-22.69815734	0.00067141
-22.68815734	0.00067141
-22.67815734	0.00067141
-22.66815734	0.00067141
-22.65815734	0.00067141
-22.64815734	0.00067141
-22.63815734	0.00067141
-22.62815734	0.00067141
-22.61815734	0.00067141
-22.60815734	0.00067141
-22.59815734	0.00067141
-22.58815734	0.00067141
-22.57815734	0.00067141
-22.56815734	0.00067141
-22.55815734	0.00067141
-22.54815734	0.00067141
-22.53815734	0.00067141
-22.52815734	0.00067141
-22.51815734	0.00067141
-22.50815734	0.00067141
-22.49815734	0.00067141
-22.48815734	0.00067141
-22.47815734	0.00067141
-22.46815734	0.00067141
-22.45815734	0.00949126
-22.44815734	0.00067141
-22.43815734	0.00067141
-22.42815734	0.00067141
-22.41815734	0.00067141
-22.40815734	0.00067141
-22.39815734	0.00067141
-22.38815734	0.00067141
-22.37815734	0.00067141
-22.36815734	0.00949126
-22.35815734	0.00067141
-22.34815734	0.00067141
-22.33815734	0.00067141
-22.32815734	0.00067141
-22.31815734	0.00067141
-22.30815734	0.00067141
-22.29815734	0.00067141
-22.28815734	0.00067141
-22.27815734	0.00067141
-22.26815734	0.00067141
-22.25815734	0.00067141
-22.24815734	0.00067141
-22.23815734	0.00067141
-22.22815734	0.00067141
-22.21815734	0.00067141
-22.20815734	0.00067141
-22.19815734	0.00067141
-22.18815734	0.00067141
-22.17815734	0.00067141
-22.16815734	0.00067141
-22.15815734	0.00067141
-22.14815734	0.00067141
-22.13815734	0.00067141
-22.12815734	0.00067141
-22.11815734	0.00067141
-22.10815734	0.00067141
-22.09815734	0.00067141
-22.08815734	0.00067141
-22.07815734	0.00067141
-22.06815734	0.00067141
-22.05815734	0.00067141
-22.04815734	0.00067141
-22.03815734	0.00067141
-22.02815734	0.00067141
-22.01815734	0.00067141
-22.00815734	0.00067141
-21.99815734	0.00067141
-21.98815734	0.00067141
-21.97815734	0.00067141
-21.96815734	0.00067141
-21.95815734	0.00067141
-21.94815734	0.00067141
-21.93815734	0.00067141
-21.92815734	0.00067141
-21.91815734	0.00067141
-21.90815734	0.00067141
-21.89815734	0.00067141
-21.88815734	0.00067141
-21.87815734	0.00067141
-21.86815734	0.00067141
-21.85815734	0.00067141
-21.84815734	0.00067141
-21.83815734	0.00067141
-21.82815734	0.00067141
-21.81815734	0.00067141
-21.80815734	0.00067141
-21.79815734	0.00067141
-21.78815734	0.00067141
-21.77815734	0.00067141
-21.76815734	0.00067141
-21.75815734	0.00067141
-21.74815734	0.00067141
-21.73815734	0.00067141
-21.72815734	0.00067141
-21.71815734	0.00067141
-21.70815734	0.00067141
-21.69815734	0.00067141
-21.68815734	0.00067141
-21.67815734	0.00067141
-21.66815734	0.00067141
-21.65815734	0.00067141
-21.64815734	0.00067141
-21.63815735	0.00067141
-21.62815735	0.00067141
-21.61815735	0.00067141
-21.60815735	0.00067141
-21.59815735	0.00067141
-21.58815735	0.00067141
-21.57815735	0.00067141
-21.56815735	0.00067141
-21.55815735	0.00067141
-21.54815735	0.00067141
-21.53815735	0.00067141
-21.52815735	0.00067141
-21.51815735	0.00067141
-21.50815735	0.00067141
-21.49815735	0.00067141
-21.48815735	0.00067141
-21.47815735	0.00067141
-21.46815735	0.00067141
-21.45815735	0.00067141
-21.44815735	0.00067141
-21.43815735	0.00067141
-21.42815735	0.00067141
-21.41815735	0.00067141
-21.40815735	0.00067141
-21.39815735	0.00067141
-21.38815735	0.00067141
-21.37815735	0.00067141
-21.36815735	0.00067141
-21.35815735	0.00067141
-21.34815735	0.00067141
-21.33815735	0.00067141
-21.32815735	0.00067141
-21.31815735	0.00067141
-21.30815735	0.00067141
-21.29815735	0.00067141
-21.28815735	0.00067141
-21.27815735	0.00067141
-21.26815735	0.00067141
-21.25815735	0.00067141
-21.24815735	0.00067141
-21.23815735	0.00067141
-21.22815735	0.00067141
-21.21815735	0.00067141
-21.20815735	0.00067141
-21.19815735	0.00067141
-21.18815735	0.00067141
-21.17815735	0.00067141
-21.16815735	0.00067141
-21.15815735	0.00067141
-21.14815735	0.00067141
-21.13815735	0.00067141
-21.12815735	0.00067141
-21.11815735	0.00067141
-21.10815735	0.00067141
-21.09815735	0.00067141
-21.08815735	0.00067141
-21.07815735	0.00067141
-21.06815735	0.00067141
-21.05815735	0.00067141
-21.04815735	0.00067141
-21.03815735	0.00067141
-21.02815735	0.00067141
-21.01815735	0.00067141
-21.00815735	0.00067141
-20.99815735	0.00067141
-20.98815735	0.00067141
-20.97815735	0.00067141
-20.96815735	0.00067141
-20.95815735	0.00067141
-20.94815735	0.00067141
-20.93815735	0.00067141
-20.92815735	0.00067141
-20.91815735	0.00067141
-20.90815735	0.00067141
-20.89815735	0.00067141
-20.88815735	0.00067141
-20.87815735	0.00067141
-20.86815735	0.00067141
-20.85815735	0.00067141
-20.84815735	0.00067141
-20.83815735	0.00067141
-20.82815735	0.00067141
-20.81815735	0.00067141
-20.80815735	0.00067141
-20.79815735	0.00067141
-20.78815735	0.00067141
-20.77815735	0.00067141
-20.76815735	0.00067141
-20.75815735	0.00067141
-20.74815735	0.00067141
-20.73815735	0.00067141
-20.72815735	0.00067141
-20.71815735	0.00067141
-20.70815735	0.00067141
-20.69815735	0.00067141
-20.68815735	0.00067141
-20.67815735	0.00067141
-20.66815735	0.00067141
-20.65815735	0.00067141
-20.64815735	0.00067141
-20.63815735	0.00067141
-20.62815735	0.00067141
-20.61815735	0.00067141
-20.60815735	0.00067141
-20.59815735	0.00067141
-20.58815735	0.00067141
-20.57815735	0.00067141
-20.56815735	0.00067141
-20.55815735	0.00067141
-20.54815735	0.00067141
-20.53815735	0.00067141
-20.52815735	0.00067141
-20.51815735	0.00067141
-20.50815735	0.00067141
-20.49815735	0.00067141
-20.48815735	0.00067141
-20.47815735	0.00067141
-20.46815735	0.00067141
-20.45815735	0.00067141
-20.44815735	0.00067141
-20.43815735	0.00067141
-20.42815735	0.00067141
-20.41815735	0.00067141
-20.40815735	0.00067141
-20.39815735	0.00067141
-20.38815735	0.00067141
-20.37815735	0.00067141
-20.36815735	0.00067141
-20.35815735	0.00067141
-20.34815735	0.00067141
-20.33815735	0.00067141
-20.32815735	0.00067141
-20.31815735	0.00067141
-20.30815735	0.00067141
-20.29815735	0.00067141
-20.28815735	0.00067141
-20.27815735	0.00067141
-20.26815735	0.00067141
-20.25815735	0.00067141
-20.24815735	0.00067141
-20.23815735	0.00067141
-20.22815735	0.00067141
-20.21815735	0.00067141
-20.20815735	0.00067141
-20.19815735	0.00067141
-20.18815735	0.00067141
-20.17815735	0.00067141
-20.16815735	0.00067141
-20.15815735	0.00067141
-20.14815735	0.00067141
-20.13815735	0.00067141
-20.12815735	0.00067141
-20.11815735	0.00067141
-20.10815735	0.00067141
-20.09815735	0.00067141
-20.08815735	0.00949126
-20.07815735	0.00067141
-20.06815735	0.00067141
-20.05815735	0.00067141
-20.04815735	0.00067141
-20.03815735	0.00067141
-20.02815735	0.00067141
-20.01815735	0.00067141
-20.00815735	0.00067141
-19.99815735	0.00067141
-19.98815736	0.00067141
-19.97815736	0.00067141
-19.96815736	0.00067141
-19.95815736	0.00067141
-19.94815736	0.00067141
-19.93815736	0.00067141
-19.92815736	0.00067141
-19.91815736	0.00067141
-19.90815736	0.00067141
-19.89815736	0.00067141
-19.88815736	0.00067141
-19.87815736	0.00067141
-19.86815736	0.00067141
-19.85815736	0.00067141
-19.84815736	0.00067141
-19.83815736	0.00067141
-19.82815736	0.00067141
-19.81815736	0.00067141
-19.80815736	0.00067141
-19.79815736	0.00067141
-19.78815736	0.00067141
-19.77815736	0.00067141
-19.76815736	0.00067141
-19.75815736	0.00067141
-19.74815736	0.00067141
-19.73815736	0.00067141
-19.72815736	0.00067141
-19.71815736	0.00067141
-19.70815736	0.00067141
-19.69815736	0.00067141
-19.68815736	0.00067141
-19.67815736	0.00067141
-19.66815736	0.00067141
-19.65815736	0.00067141
-19.64815736	0.00067141
-19.63815736	0.00067141
-19.62815736	0.00067141
-19.61815736	0.00067141
-19.60815736	0.00067141
-19.59815736	0.00067141
-19.58815736	0.00067141
-19.57815736	0.00067141
-19.56815736	0.00067141
-19.55815736	0.00067141
-19.54815736	0.00067141
-19.53815736	0.00067141
-19.52815736	0.00067141
-19.51815736	0.00067141
-19.50815736	0.00067141
-19.49815736	0.00067141
-19.48815736	0.00067141
-19.47815736	0.00067141
-19.46815736	0.00067141
-19.45815736	0.00067141
-19.44815736	0.00067141
-19.43815736	0.00067141
-19.42815736	0.00067141
-19.41815736	0.00067141
-19.40815736	0.00067141
-19.39815736	0.00067141
-19.38815736	0.00067141
-19.37815736	0.00067141
-19.36815736	0.00067141
-19.35815736	0.00067141
-19.34815736	0.00067141
-19.33815736	0.00067141
-19.32815736	0.00067141
-19.31815736	0.00067141
-19.30815736	0.00067141
-19.29815736	0.00067141
-19.28815736	0.00067141
-19.27815736	0.00067141
-19.26815736	0.00067141
-19.25815736	0.00067141
-19.24815736	0.00067141
-19.23815736	0.00067141
-19.22815736	0.00067141
-19.21815736	0.00067141
-19.20815736	0.00067141
-19.19815736	0.00067141
-19.18815736	0.00067141
-19.17815736	0.00067141
-19.16815736	0.00067141
-19.15815736	0.00067141
-19.14815736	0.00067141
-19.13815736	0.00067141
-19.12815736	0.00067141
-19.11815736	0.00067141
-19.10815736	0.00067141
-19.09815736	0.00067141
-19.08815736	0.00067141
-19.07815736	0.00067141
-19.06815736	0.00067141
-19.05815736	0.00067141
-19.04815736	0.00067141
-19.03815736	0.00067141
-19.02815736	0.00067141
-19.01815736	0.00067141
-19.00815736	0.00067141
-18.99815736	0.00067141
-18.98815736	0.00067141
-18.97815736	0.00067141
-18.96815736	0.00067141
-18.95815736	0.00067141
-18.94815736	0.00067141
-18.93815736	0.00067141
-18.92815736	0.00067141
-18.91815736	0.00067141
-18.90815736	0.00067141
-18.89815736	0.00067141
-18.88815736	0.00067141
-18.87815736	0.00067141
-18.86815736	0.00067141
-18.85815736	0.00067141
-18.84815736	0.00067141
-18.83815736	0.00067141
-18.82815736	0.00067141
-18.81815736	0.00067141
-18.80815736	0.00067141
-18.79815736	0.00067141
-18.78815736	0.00067141
-18.77815736	0.00067141
-18.76815736	0.00067141
-18.75815736	0.00067141
-18.74815736	0.00067141
-18.73815736	0.00067141
-18.72815736	0.00067141
-18.71815736	0.00067141
-18.70815736	0.00067141
-18.69815736	0.00067141
-18.68815736	0.00067141
-18.67815736	0.00067141
-18.66815736	0.00067141
-18.65815736	0.00067141
-18.64815736	0.00067141
-18.63815736	0.00067141
-18.62815736	0.00067141
-18.61815736	0.00067141
-18.60815736	0.00067141
-18.59815736	0.00067141
-18.58815736	0.00067141
-18.57815736	0.00067141
-18.56815736	0.00067141
-18.55815736	0.00067141
-18.54815736	0.00067141
-18.53815736	0.00067141
-18.52815736	0.00067141
-18.51815736	0.00067141
-18.50815736	0.00067141
-18.49815736	0.00949126
-18.48815736	0.00067141
-18.47815736	0.00067141
-18.46815736	0.00067141
-18.45815736	0.00067141
-18.44815736	0.00067141
-18.43815736	0.00067141
-18.42815736	0.00067141
-18.41815736	0.00067141
-18.40815736	0.00067141
-18.39815736	0.00067141
-18.38815736	0.00067141
-18.37815736	0.00067141
-18.36815736	0.00067141
-18.35815736	0.00067141
-18.34815737	0.00067141
-18.33815737	0.00067141
-18.32815737	0.00067141
-18.31815737	0.00067141
-18.30815737	0.00067141
-18.29815737	0.00067141
-18.28815737	0.00067141
-18.27815737	0.00067141
-18.26815737	0.00067141
-18.25815737	0.00067141
-18.24815737	0.00067141
-18.23815737	0.00067141
-18.22815737	0.00067141
-18.21815737	0.00067141
-18.20815737	0.00067141
-18.19815737	0.00067141
-18.18815737	0.00067141
-18.17815737	0.00067141
-18.16815737	0.00067141
-18.15815737	0.00067141
-18.14815737	0.00067141
-18.13815737	0.00067141
-18.12815737	0.00067141
-18.11815737	0.00067141
-18.10815737	0.00067141
-18.09815737	0.00067141
-18.08815737	0.00067141
-18.07815737	0.00067141
-18.06815737	0.00067141
-18.05815737	0.00067141
-18.04815737	0.00067141
-18.03815737	0.00067141
-18.02815737	0.00067141
-18.01815737	0.00067141
-18.00815737	0.00067141
-17.99815737	0.00067141
-17.98815737	0.00067141
-17.97815737	0.00067141
-17.96815737	0.00067141
-17.95815737	0.00067141
-17.94815737	0.00067141
-17.93815737	0.00067141
-17.92815737	0.00067141
-17.91815737	0.00067141
-17.90815737	0.00067141
-17.89815737	0.00067141
-17.88815737	0.00067141
-17.87815737	0.00067141
-17.86815737	0.00067141
-17.85815737	0.00067141
-17.84815737	0.00067141
-17.83815737	0.00067141
-17.82815737	0.00949126
-17.81815737	0.00067141
-17.80815737	0.00067141
-17.79815737	0.00067141
-17.78815737	0.00067141
-17.77815737	0.00067141
-17.76815737	0.00067141
-17.75815737	0.00067141
-17.74815737	0.00067141
-17.73815737	0.00067141
-17.72815737	0.00067141
-17.71815737	0.00067141
-17.70815737	0.00067141
-17.69815737	0.00067141
-17.68815737	0.00067141
-17.67815737	0.00067141
-17.66815737	0.00067141
-17.65815737	0.00067141
-17.64815737	0.00067141
-17.63815737	0.00067141
-17.62815737	0.00067141
-17.61815737	0.00067141
-17.60815737	0.00067141
-17.59815737	0.00067141
-17.58815737	0.00067141
-17.57815737	0.00067141
-17.56815737	0.00067141
-17.55815737	0.00067141
-17.54815737	0.00067141
-17.53815737	0.00067141
-17.52815737	0.00067141
-17.51815737	0.00067141
-17.50815737	0.00067141
-17.49815737	0.00067141
-17.48815737	0.00067141
-17.47815737	0.00067141
-17.46815737	0.00067141
-17.45815737	0.00067141
-17.44815737	0.00067141
-17.43815737	0.00067141
-17.42815737	0.00067141
-17.41815737	0.00067141
-17.40815737	0.00067141
-17.39815737	0.00067141
-17.38815737	0.00067141
-17.37815737	0.00067141
-17.36815737	0.00067141
-17.35815737	0.00949126
-17.34815737	0.00067141
-17.33815737	0.00067141
-17.32815737	0.00067141
-17.31815737	0.00067141
-17.30815737	0.00067141
-17.29815737	0.00067141
-17.28815737	0.00067141
-17.27815737	0.00067141
-17.26815737	0.00067141
-17.25815737	0.00067141
-17.24815737	0.00067141
-17.23815737	0.00067141
-17.22815737	0.00067141
-17.21815737	0.00067141
-17.20815737	0.00067141
-17.19815737	0.00067141
-17.18815737	0.00067141
-17.17815737	0.00067141
-17.16815737	0.00067141
-17.15815737	0.00067141
-17.14815737	0.00067141
-17.13815737	0.00067141
-17.12815737	0.00067141
-17.11815737	0.00067141
-17.10815737	0.00067141
-17.09815737	0.00067141
-17.08815737	0.00067141
-17.07815737	0.00067141
-17.06815737	0.00067141
-17.05815737	0.00067141
-17.04815737	0.00067141
-17.03815737	0.00067141
-17.02815737	0.00067141
-17.01815737	0.00067141
-17.00815737	0.00067141
-16.99815737	0.00067141
-16.98815737	0.00067141
-16.97815737	0.00067141
-16.96815737	0.00067141
-16.95815737	0.00067141
-16.94815737	0.00067141
-16.93815737	0.00067141
-16.92815737	0.00067141
-16.91815737	0.00067141
-16.90815737	0.00067141
-16.89815737	0.00067141
-16.88815737	0.00067141
-16.87815737	0.00067141
-16.86815737	0.00067141
-16.85815737	0.00067141
-16.84815737	0.00067141
-16.83815737	0.00067141
-16.82815737	0.00067141
-16.81815737	0.00067141
-16.80815737	0.00067141
-16.79815737	0.00067141
-16.78815737	0.00067141
-16.77815737	0.00067141
-16.76815737	0.00067141
-16.75815737	0.00067141
-16.74815737	0.00067141
-16.73815737	0.00067141
-16.72815737	0.00067141
-16.71815737	0.00067141
-16.70815737	0.00067141
-16.69815738	0.00067141
-16.68815738	0.00067141
-16.67815738	0.00067141
-16.66815738	0.00067141
-16.65815738	0.00067141
-16.64815738	0.00067141
-16.63815738	0.00067141
-16.62815738	0.00067141
-16.61815738	0.00067141
-16.60815738	0.00067141
-16.59815738	0.00067141
-16.58815738	0.00067141
-16.57815738	0.00067141
-16.56815738	0.00067141
-16.55815738	0.00067141
-16.54815738	0.00067141
-16.53815738	0.00067141
-16.52815738	0.00067141
-16.51815738	0.00067141
-16.50815738	0.00067141
-16.49815738	0.00067141
-16.48815738	0.00067141
-16.47815738	0.00067141
-16.46815738	0.00067141
-16.45815738	0.00067141
-16.44815738	0.00067141
-16.43815738	0.00067141
-16.42815738	0.00067141
-16.41815738	0.00067141
-16.40815738	0.00067141
-16.39815738	0.00067141
-16.38815738	0.00067141
-16.37815738	0.00067141
-16.36815738	0.00067141
-16.35815738	0.00067141
-16.34815738	0.00067141
-16.33815738	0.00067141
-16.32815738	0.00067141
-16.31815738	0.00067141
-16.30815738	0.00067141
-16.29815738	0.00067141
-16.28815738	0.00067141
-16.27815738	0.00067141
-16.26815738	0.00067141
-16.25815738	0.00067141
-16.24815738	0.00067141
-16.23815738	0.00067141
-16.22815738	0.00067141
-16.21815738	0.00067141
-16.20815738	0.00067141
-16.19815738	0.00067141
-16.18815738	0.00067141
-16.17815738	0.00067141
-16.16815738	0.00067141
-16.15815738	0.00067141
-16.14815738	0.00067141
-16.13815738	0.00067141
-16.12815738	0.00067141
-16.11815738	0.00067141
-16.10815738	0.00067141
-16.09815738	0.00067141
-16.08815738	0.00067141
-16.07815738	0.00067141
-16.06815738	0.00067141
-16.05815738	0.00067141
-16.04815738	0.00067141
-16.03815738	0.00067141
-16.02815738	0.00067141
-16.01815738	0.00067141
-16.00815738	0.00067141
-15.99815738	0.00067141
-15.98815738	0.00067141
-15.97815738	0.00067141
-15.96815738	0.00067141
-15.95815738	0.00067141
-15.94815738	0.00067141
-15.93815738	0.00067141
-15.92815738	0.00067141
-15.91815738	0.00067141
-15.90815738	0.00067141
-15.89815738	0.00067141
-15.88815738	0.00067141
-15.87815738	0.00067141
-15.86815738	0.00067141
-15.85815738	0.00067141
-15.84815738	0.00067141
-15.83815738	0.00067141
-15.82815738	0.00067141
-15.81815738	0.00067141
-15.80815738	0.00067141
-15.79815738	0.00067141
-15.78815738	0.00067141
-15.77815738	0.00067141
-15.76815738	0.00067141
-15.75815738	0.00067141
-15.74815738	0.00067141
-15.73815738	0.00067141
-15.72815738	0.00067141
-15.71815738	0.00067141
-15.70815738	0.00067141
-15.69815738	0.00067141
-15.68815738	0.00067141
-15.67815738	0.00067141
-15.66815738	0.00067141
-15.65815738	0.00067141
-15.64815738	0.00067141
-15.63815738	0.00067141
-15.62815738	0.00067141
-15.61815738	0.00067141
-15.60815738	0.00067141
-15.59815738	0.00067141
-15.58815738	0.00067141
-15.57815738	0.00067141
-15.56815738	0.00067141
-15.55815738	0.00067141
-15.54815738	0.00067141
-15.53815738	0.00067141
-15.52815738	0.00067141
-15.51815738	0.00067141
-15.50815738	0.00067141
-15.49815738	0.00067141
-15.48815738	0.00067141
-15.47815738	0.00067141
-15.46815738	0.00067141
-15.45815738	0.00067141
-15.44815738	0.00067141
-15.43815738	0.00067141
-15.42815738	0.00067141
-15.41815738	0.00067141
-15.40815738	0.00067141
-15.39815738	0.00067141
-15.38815738	0.00067141
-15.37815738	0.00067141
-15.36815738	0.00067141
-15.35815738	0.00067141
-15.34815738	0.00067141
-15.33815738	0.00067141
-15.32815738	0.00067141
-15.31815738	0.00067141
-15.30815738	0.00067141
-15.29815738	0.00067141
-15.28815738	0.00067141
-15.27815738	0.00067141
-15.26815738	0.00067141
-15.25815738	0.00067141
-15.24815738	0.00067141
-15.23815738	0.00067141
-15.22815738	0.00067141
-15.21815738	0.00067141
-15.20815738	0.00067141
-15.19815738	0.00067141
-15.18815738	0.00067141
-15.17815738	0.00067141
-15.16815738	0.00067141
-15.15815738	0.00067141
-15.14815738	0.00067141
-15.13815738	0.00067141
-15.12815738	0.00067141
-15.11815738	0.00067141
-15.10815738	0.00067141
-15.09815738	0.00067141
-15.08815738	0.00067141
-15.07815738	0.00067141
-15.06815738	0.00067141
-15.05815739	0.00067141
-15.04815739	0.00067141
-15.03815739	0.00067141
-15.02815739	0.00067141
-15.01815739	0.00067141
-15.00815739	0.00067141
-14.99815739	0.00067141
-14.98815739	0.00067141
-14.97815739	0.00067141
-14.96815739	0.00067141
-14.95815739	0.00067141
-14.94815739	0.00067141
-14.93815739	0.00067141
-14.92815739	0.00067141
-14.91815739	0.00067141
-14.90815739	0.00067141
-14.89815739	0.00067141
-14.88815739	0.00067141
-14.87815739	0.00067141
-14.86815739	0.00067141
-14.85815739	0.00067141
-14.84815739	0.00067141
-14.83815739	0.00067141
-14.82815739	0.00067141
-14.81815739	0.00067141
-14.80815739	0.00067141
-14.79815739	0.00067141
-14.78815739	0.00067141
-14.77815739	0.00067141
-14.76815739	0.00067141
-14.75815739	0.00067141
-14.74815739	0.00067141
-14.73815739	0.00067141
-14.72815739	0.00067141
-14.71815739	0.00067141
-14.70815739	0.00067141
-14.69815739	0.00067141
-14.68815739	0.00067141
-14.67815739	0.00067141
-14.66815739	0.00067141
-14.65815739	0.00067141
-14.64815739	0.00067141
-14.63815739	0.00067141
-14.62815739	0.00067141
-14.61815739	0.00067141
-14.60815739	0.00067141
-14.59815739	0.00067141
-14.58815739	0.00067141
-14.57815739	0.00067141
-14.56815739	0.00067141
-14.55815739	0.00067141
-14.54815739	0.00067141
-14.53815739	0.00067141
-14.52815739	0.00067141
-14.51815739	0.00067141
-14.50815739	0.00067141
-14.49815739	0.00067141
-14.48815739	0.00067141
-14.47815739	0.00067141
-14.46815739	0.00067141
-14.45815739	0.00067141
-14.44815739	0.00067141
-14.43815739	0.00067141
-14.42815739	0.00067141
-14.41815739	0.00067141
-14.40815739	0.00067141
-14.39815739	0.00067141
-14.38815739	0.00067141
-14.37815739	0.00067141
-14.36815739	0.00067141
-14.35815739	0.00067141
-14.34815739	0.00067141
-14.33815739	0.00067141
-14.32815739	0.00067141
-14.31815739	0.00067141
-14.30815739	0.00067141
-14.29815739	0.00067141
-14.28815739	0.00067141
-14.27815739	0.00067141
-14.26815739	0.00067141
-14.25815739	0.00067141
-14.24815739	0.00067141
-14.23815739	0.00067141
-14.22815739	0.00067141
-14.21815739	0.00067141
-14.20815739	0.00067141
-14.19815739	0.00067141
-14.18815739	0.00067141
-14.17815739	0.00067141
-14.16815739	0.00067141
-14.15815739	0.00067141
-14.14815739	0.00067141
-14.13815739	0.00067141
-14.12815739	0.00067141
-14.11815739	0.00067141
-14.10815739	0.00067141
-14.09815739	0.00067141
-14.08815739	0.00067141
-14.07815739	0.00067141
-14.06815739	0.00067141
-14.05815739	0.00067141
-14.04815739	0.00067141
-14.03815739	0.00067141
-14.02815739	0.00067141
-14.01815739	0.00067141
-14.00815739	0.00067141
-13.99815739	0.00067141
-13.98815739	0.00067141
-13.97815739	0.00067141
-13.96815739	0.00067141
-13.95815739	0.00067141
-13.94815739	0.00067141
-13.93815739	0.00067141
-13.92815739	0.00067141
-13.91815739	0.00067141
-13.90815739	0.00067141
-13.89815739	0.00067141
-13.88815739	0.00067141
-13.87815739	0.00067141
-13.86815739	0.00067141
-13.85815739	0.00067141
-13.84815739	0.00067141
-13.83815739	0.00067141
-13.82815739	0.00067141
-13.81815739	0.00067141
-13.80815739	0.00067141
-13.79815739	0.00067141
-13.78815739	0.00067141
-13.77815739	0.00067141
-13.76815739	0.00067141
-13.75815739	0.00067141
-13.74815739	0.00067141
-13.73815739	0.00067141
-13.72815739	0.00067141
-13.71815739	0.00067141
-13.70815739	0.00067141
-13.69815739	0.00067141
-13.68815739	0.00067141
-13.67815739	0.00067141
-13.66815739	0.00067141
-13.65815739	0.00067141
-13.64815739	0.00067141
-13.63815739	0.00067141
-13.62815739	0.00067141
-13.61815739	0.00067141
-13.60815739	0.00067141
-13.59815739	0.00067141
-13.58815739	0.00067141
-13.57815739	0.00067141
-13.56815739	0.00067141
-13.55815739	0.00067141
-13.54815739	0.00067141
-13.53815739	0.00067141
-13.52815739	0.00067141
-13.51815739	0.00067141
-13.50815739	0.00067141
-13.49815739	0.00067141
-13.48815739	0.00067141
-13.47815739	0.00067141
-13.46815739	0.00067141
-13.45815739	0.00067141
-13.44815739	0.00067141
-13.43815739	0.00067141
-13.42815739	0.00067141
-13.41815739	0.00067141
-13.40815740	0.00067141
-13.39815740	0.00067141
-13.38815740	0.00067141
-13.37815740	0.00067141
-13.36815740	0.00067141
-13.35815740	0.00067141
-13.34815740	0.00067141
-13.33815740	0.00067141
-13.32815740	0.00067141
-13.31815740	0.00067141
-13.30815740	0.00067141
-13.29815740	0.00067141
-13.28815740	0.00067141
-13.27815740	0.00067141
-13.26815740	0.00067141
-13.25815740	0.00067141
-13.24815740	0.00067141
-13.23815740	0.00067141
-13.22815740	0.00067141
-13.21815740	0.00067141
-13.20815740	0.00067141
-13.19815740	0.00067141
-13.18815740	0.00067141
-13.17815740	0.00067141
-13.16815740	0.00067141
-13.15815740	0.00067141
-13.14815740	0.00067141
-13.13815740	0.00067141
-13.12815740	0.00067141
-13.11815740	0.00067141
-13.10815740	0.00067141
-13.09815740	0.00067141
-13.08815740	0.00067141
-13.07815740	0.00067141
-13.06815740	0.00067141
-13.05815740	0.00067141
-13.04815740	0.00067141
-13.03815740	0.00067141
-13.02815740	0.00067141
-13.01815740	0.00067141
-13.00815740	0.00067141
-12.99815740	0.00067141
-12.98815740	0.00067141
-12.97815740	0.00067141
-12.96815740	0.00067141
-12.95815740	0.00067141
-12.94815740	0.00067141
-12.93815740	0.00067141
-12.92815740	0.00067141
-12.91815740	0.00067141
-12.90815740	0.00067141
-12.89815740	0.00067141
-12.88815740	0.00067141
-12.87815740	0.00067141
-12.86815740	0.00067141
-12.85815740	0.00067141
-12.84815740	0.00067141
-12.83815740	0.00067141
-12.82815740	0.00067141
-12.81815740	0.00067141
-12.80815740	0.00067141
-12.79815740	0.00067141
-12.78815740	0.00067141
-12.77815740	0.00067141
-12.76815740	0.00067141
-12.75815740	0.00067141
-12.74815740	0.00067141
-12.73815740	0.00067141
-12.72815740	0.00067141
-12.71815740	0.00067141
-12.70815740	0.00067141
-12.69815740	0.00067141
-12.68815740	0.00067141
-12.67815740	0.00067141
-12.66815740	0.00067141
-12.65815740	0.00067141
-12.64815740	0.00067141
-12.63815740	0.00067141
-12.62815740	0.00067141
-12.61815740	0.00067141
-12.60815740	0.00067141
-12.59815740	0.00067141
-12.58815740	0.00067141
-12.57815740	0.00067141
-12.56815740	0.00067141
-12.55815740	0.00067141
-12.54815740	0.00067141
-12.53815740	0.00067141
-12.52815740	0.00067141
-12.51815740	0.00067141
-12.50815740	0.00067141
-12.49815740	0.00067141
-12.48815740	0.00067141
-12.47815740	0.00067141
-12.46815740	0.00067141
-12.45815740	0.00067141
-12.44815740	0.00067141
-12.43815740	0.00067141
-12.42815740	0.00067141
-12.41815740	0.00067141
-12.40815740	0.00067141
-12.39815740	0.00067141
-12.38815740	0.00067141
-12.37815740	0.00067141
-12.36815740	0.00067141
-12.35815740	0.00067141
-12.34815740	0.00067141
-12.33815740	0.00067141
-12.32815740	0.00067141
-12.31815740	0.00067141
-12.30815740	0.00067141
-12.29815740	0.00067141
-12.28815740	0.00067141
-12.27815740	0.00067141
-12.26815740	0.00067141
-12.25815740	0.00067141
-12.24815740	0.00067141
-12.23815740	0.00067141
-12.22815740	0.00067141
-12.21815740	0.00067141
-12.20815740	0.00067141
-12.19815740	0.00067141
-12.18815740	0.00067141
-12.17815740	0.00067141
-12.16815740	0.00067141
-12.15815740	0.00067141
-12.14815740	0.00067141
-12.13815740	0.00067141
-12.12815740	0.00067141
-12.11815740	0.00067141
-12.10815740	0.00067141
-12.09815740	0.00067141
-12.08815740	0.00067141
-12.07815740	0.00067141
-12.06815740	0.00067141
-12.05815740	0.00067141
-12.04815740	0.00067141
-12.03815740	0.00067141
-12.02815740	0.00067141
-12.01815740	0.00067141
-12.00815740	0.00067141
-11.99815740	0.00067141
-11.98815740	0.00067141
-11.97815740	0.00067141
-11.96815740	0.00067141
-11.95815740	0.00067141
-11.94815740	0.00067141
-11.93815740	0.00067141
-11.92815740	0.00067141
-11.91815740	0.00067141
-11.90815740	0.00067141
-11.89815740	0.00067141
-11.88815740	0.00067141
-11.87815740	0.00067141
-11.86815740	0.00067141
-11.85815740	0.00067141
-11.84815740	0.00067141
-11.83815740	0.00067141
-11.82815740	0.00067141
-11.81815740	0.00067141
-11.80815740	0.00067141
-11.79815740	0.00067141
-11.78815740	0.00067141
-11.77815740	0.00067141
-11.76815741	0.00067141
-11.75815741	0.00067141
-11.74815741	0.00067141
-11.73815741	0.00067141
-11.72815741	0.00067141
-11.71815741	0.00067141
-11.70815741	0.00067141
-11.69815741	0.00067141
-11.68815741	0.00067141
-11.67815741	0.00067141
-11.66815741	0.00067141
-11.65815741	0.00067141
-11.64815741	0.00067141
-11.63815741	0.00067141
-11.62815741	0.00067141
-11.61815741	0.00067141
-11.60815741	0.00067141
-11.59815741	0.00067141
-11.58815741	0.00067141
-11.57815741	0.00067141
-11.56815741	0.00067141
-11.55815741	0.00067141
-11.54815741	0.00067141
-11.53815741	0.00067141
-11.52815741	0.00067141
-11.51815741	0.00067141
-11.50815741	0.00067141
-11.49815741	0.00067141
-11.48815741	0.00067141
-11.47815741	0.00067141
-11.46815741	0.00067141
-11.45815741	0.00067141
-11.44815741	0.00067141
-11.43815741	0.00067141
-11.42815741	0.00067141
-11.41815741	0.00067141
-11.40815741	0.00067141
-11.39815741	0.00067141
-11.38815741	0.00067141
-11.37815741	0.00067141
-11.36815741	0.00067141
-11.35815741	0.00067141
-11.34815741	0.00067141
-11.33815741	0.00067141
-11.32815741	0.00067141
-11.31815741	0.00067141
-11.30815741	0.00067141
-11.29815741	0.00067141
-11.28815741	0.00067141
-11.27815741	0.00067141
-11.26815741	0.00067141
-11.25815741	0.00067141
-11.24815741	0.00067141
-11.23815741	0.00067141
-11.22815741	0.00067141
-11.21815741	0.00067141
-11.20815741	0.00067141
-11.19815741	0.00067141
-11.18815741	0.00067141
-11.17815741	0.00067141
-11.16815741	0.00067141
-11.15815741	0.00067141
-11.14815741	0.00067141
-11.13815741	0.00067141
-11.12815741	0.00067141
-11.11815741	0.00067141
-11.10815741	0.00067141
-11.09815741	0.00067141
-11.08815741	0.00067141
-11.07815741	0.00067141
-11.06815741	0.00067141
-11.05815741	0.00067141
-11.04815741	0.00067141
-11.03815741	0.00067141
-11.02815741	0.00067141
-11.01815741	0.00067141
-11.00815741	0.00067141
-10.99815741	0.00067141
-10.98815741	0.00067141
-10.97815741	0.00067141
-10.96815741	0.00067141
-10.95815741	0.00067141
-10.94815741	0.00067141
-10.93815741	0.00067141
-10.92815741	0.00067141
-10.91815741	0.00067141
-10.90815741	0.00067141
-10.89815741	0.00067141
-10.88815741	0.00067141
-10.87815741	0.00067141
-10.86815741	0.00067141
-10.85815741	0.00067141
-10.84815741	0.00067141
-10.83815741	0.00067141
-10.82815741	0.00067141
-10.81815741	0.00067141
-10.80815741	0.00067141
-10.79815741	0.00067141
-10.78815741	0.00067141
-10.77815741	0.00067141
-10.76815741	0.00067141
-10.75815741	0.00067141
-10.74815741	0.00067141
-10.73815741	0.00067141
-10.72815741	0.00067141
-10.71815741	0.00067141
-10.70815741	0.00067141
-10.69815741	0.00067141
-10.68815741	0.00067141
-10.67815741	0.00067141
-10.66815741	0.00067141
-10.65815741	0.00067141
-10.64815741	0.00067141
-10.63815741	0.00067141
-10.62815741	0.00067141
-10.61815741	0.00067141
-10.60815741	0.00067141
-10.59815741	0.00067141
-10.58815741	0.00067141
-10.57815741	0.00067141
-10.56815741	0.00067141
-10.55815741	0.00067141
-10.54815741	0.00067141
-10.53815741	0.00067141
-10.52815741	0.00067141
-10.51815741	0.00067141
-10.50815741	0.00067141
-10.49815741	0.00067141
-10.48815741	0.00067141
-10.47815741	0.00067141
-10.46815741	0.00067141
-10.45815741	0.00067141
-10.44815741	0.00067141
-10.43815741	0.00067141
-10.42815741	0.00067141
-10.41815741	0.00067141
-10.40815741	0.00067141
-10.39815741	0.00067141
-10.38815741	0.00067141
-10.37815741	0.00067141
-10.36815741	0.00067141
-10.35815741	0.00067141
-10.34815741	0.00067141
-10.33815741	0.00067141
-10.32815741	0.00067141
-10.31815741	0.00067141
-10.30815741	0.00067141
-10.29815741	0.00067141
-10.28815741	0.00067141
-10.27815741	0.00067141
-10.26815741	0.00067141
-10.25815741	0.00067141
-10.24815741	0.00067141
-10.23815741	0.00067141
-10.22815741	0.00067141
-10.21815741	0.00067141
-10.20815741	0.00067141
-10.19815741	0.00067141
-10.18815741	0.00067141
-10.17815741	0.00067141
-10.16815741	0.00067141
-10.15815741	0.00067141
-10.14815741	0.00067141
-10.13815741	0.00067141
-10.12815741	0.00067141
-10.11815742	0.00067141
-10.10815742	0.00067141
-10.09815742	0.00067141
-10.08815742	0.00067141
-10.07815742	0.00067141
-10.06815742	0.00067141
-10.05815742	0.00067141
-10.04815742	0.00067141
-10.03815742	0.00067141
-10.02815742	0.00067141
-10.01815742	0.00067141
-10.00815742	0.00067141
-9.99815742	0.00067141
-9.98815742	0.00067141
-9.97815742	0.00067141
-9.96815742	0.00067141
-9.95815742	0.00067141
-9.94815742	0.00067141
-9.93815742	0.00067141
-9.92815742	0.00067141
-9.91815742	0.00067141
-9.90815742	0.00067141
-9.89815742	0.00067141
-9.88815742	0.00067141
-9.87815742	0.00067141
-9.86815742	0.00067141
-9.85815742	0.00067141
-9.84815742	0.00067141
-9.83815742	0.00067141
-9.82815742	0.00067141
-9.81815742	0.00067141
-9.80815742	0.00067141
-9.79815742	0.00067141
-9.78815742	0.00067141
-9.77815742	0.00067141
-9.76815742	0.00067141
-9.75815742	0.00067141
-9.74815742	0.00067141
-9.73815742	0.00067141
-9.72815742	0.00067141
-9.71815742	0.00067141
-9.70815742	0.00067141
-9.69815742	0.00067141
-9.68815742	0.00067141
-9.67815742	0.00067141
-9.66815742	0.00067141
-9.65815742	0.00067141
-9.64815742	0.00067141
-9.63815742	0.00067141
-9.62815742	0.00067141
-9.61815742	0.00067141
-9.60815742	0.00067141
-9.59815742	0.00067141
-9.58815742	0.00067141
-9.57815742	0.00067141
-9.56815742	0.00067141
-9.55815742	0.00067141
-9.54815742	0.00067141
-9.53815742	0.00067141
-9.52815742	0.00067141
-9.51815742	0.00067141
-9.50815742	0.00067141
-9.49815742	0.00067141
-9.48815742	0.00067141
-9.47815742	0.00067141
-9.46815742	0.00067141
-9.45815742	0.00067141
-9.44815742	0.00067141
-9.43815742	0.00067141
-9.42815742	0.00067141
-9.41815742	0.00067141
-9.40815742	0.00067141
-9.39815742	0.00067141
-9.38815742	0.00067141
-9.37815742	0.00067141
-9.36815742	0.00067141
-9.35815742	0.00067141
-9.34815742	0.00067141
-9.33815742	0.00067141
-9.32815742	0.00067141
-9.31815742	0.00067141
-9.30815742	0.00067141
-9.29815742	0.00067141
-9.28815742	0.00067141
-9.27815742	0.00067141
-9.26815742	0.00067141
-9.25815742	0.00067141
-9.24815742	0.00067141
-9.23815742	0.00067141
-9.22815742	0.00067141
-9.21815742	0.00067141
-9.20815742	0.00067141
-9.19815742	0.00067141
-9.18815742	0.00067141
-9.17815742	0.00067141
-9.16815742	0.00067141
-9.15815742	0.00067141
-9.14815742	0.00067141
-9.13815742	0.00067141
-9.12815742	0.00067141
-9.11815742	0.00067141
-9.10815742	0.00067141
-9.09815742	0.00067141
-9.08815742	0.00067141
-9.07815742	0.00067141
-9.06815742	0.00067141
-9.05815742	0.00067141
-9.04815742	0.00067141
-9.03815742	0.00067141
-9.02815742	0.00067141
-9.01815742	0.00067141
-9.00815742	0.00067141
-8.99815742	0.00067141
-8.98815742	0.00067141
-8.97815742	0.00067141
-8.96815742	0.00067141
-8.95815742	0.00067141
-8.94815742	0.00067141
-8.93815742	0.00067141
-8.92815742	0.00067141
-8.91815742	0.00067141
-8.90815742	0.00067141
-8.89815742	0.00067141
-8.88815742	0.00067141
-8.87815742	0.00067141
-8.86815742	0.00067141
-8.85815742	0.00067141
-8.84815742	0.00067141
-8.83815742	0.00067141
-8.82815742	0.00067141
-8.81815742	0.00067141
-8.80815742	0.00067141
-8.79815742	0.00067141
-8.78815742	0.00067141
-8.77815742	0.00067141
-8.76815742	0.00067141
-8.75815742	0.00067141
-8.74815742	0.00067141
-8.73815742	0.00067141
-8.72815742	0.00067141
-8.71815742	0.00067141
-8.70815742	0.00067141
-8.69815742	0.00067141
-8.68815742	0.00067141
-8.67815742	0.00067141
-8.66815742	0.00067141
-8.65815742	0.00067141
-8.64815742	0.00067141
-8.63815742	0.00067141
-8.62815742	0.00067141
-8.61815742	0.00067141
-8.60815742	0.00067141
-8.59815742	0.00067141
-8.58815742	0.00067141
-8.57815742	0.00067141
-8.56815742	0.00067141
-8.55815742	0.00067141
-8.54815742	0.00067141
-8.53815742	0.00067141
-8.52815742	0.00067141
-8.51815742	0.00067141
-8.50815742	0.00067141
-8.49815742	0.00067141
-8.48815742	0.00067141
-8.47815742	0.00067141
-8.46815743	0.00067141
-8.45815743	0.00067141
-8.44815743	0.00067141
-8.43815743	0.00067141
-8.42815743	0.00067141
-8.41815743	0.00067141
-8.40815743	0.00067141
-8.39815743	0.00067141
-8.38815743	0.00067141
-8.37815743	0.00067141
-8.36815743	0.00067141
-8.35815743	0.00067141
-8.34815743	0.00067141
-8.33815743	0.00067141
-8.32815743	0.00067141
-8.31815743	0.00067141
-8.30815743	0.00067141
-8.29815743	0.00067141
-8.28815743	0.00067141
-8.27815743	0.00067141
-8.26815743	0.00067141
-8.25815743	0.00067141
-8.24815743	0.00067141
-8.23815743	0.00067141
-8.22815743	0.00067141
-8.21815743	0.00067141
-8.20815743	0.00067141
-8.19815743	0.00067141
-8.18815743	0.00067141
-8.17815743	0.00067141
-8.16815743	0.00067141
-8.15815743	0.00067141
-8.14815743	0.00067141
-8.13815743	0.00067141
-8.12815743	0.00067141
-8.11815743	0.00067141
-8.10815743	0.00949126
-8.09815743	0.00067141
-8.08815743	0.00067141
-8.07815743	0.00067141
-8.06815743	0.00067141
-8.05815743	0.00067141
-8.04815743	0.00067141
-8.03815743	0.00067141
-8.02815743	0.00067141
-8.01815743	0.00067141
-8.00815743	0.00067141
-7.99815743	0.00067141
-7.98815743	0.00067141
-7.97815743	0.00067141
-7.96815743	0.00067141
-7.95815743	0.00067141
-7.94815743	0.00067141
-7.93815743	0.00067141
-7.92815743	0.00067141
-7.91815743	0.00067141
-7.90815743	0.00067141
-7.89815743	0.00067141
-7.88815743	0.00067141
-7.87815743	0.00067141
-7.86815743	0.00067141
-7.85815743	0.00067141
-7.84815743	0.00067141
-7.83815743	0.00067141
-7.82815743	0.00067141
-7.81815743	0.00067141
-7.80815743	0.00067141
-7.79815743	0.00067141
-7.78815743	0.00067141
-7.77815743	0.00067141
-7.76815743	0.00067141
-7.75815743	0.00067141
-7.74815743	0.00067141
-7.73815743	0.00067141
-7.72815743	0.00067141
-7.71815743	0.00067141
-7.70815743	0.00067141
-7.69815743	0.00067141
-7.68815743	0.00067141
-7.67815743	0.00067141
-7.66815743	0.00067141
-7.65815743	0.00067141
-7.64815743	0.00067141
-7.63815743	0.00067141
-7.62815743	0.00067141
-7.61815743	0.00067141
-7.60815743	0.00067141
-7.59815743	0.00067141
-7.58815743	0.00067141
-7.57815743	0.00067141
-7.56815743	0.00067141
-7.55815743	0.00067141
-7.54815743	0.00067141
-7.53815743	0.00067141
-7.52815743	0.00067141
-7.51815743	0.00067141
-7.50815743	0.00067141
-7.49815743	0.00067141
-7.48815743	0.00067141
-7.47815743	0.00067141
-7.46815743	0.00067141
-7.45815743	0.00067141
-7.44815743	0.00067141
-7.43815743	0.00067141
-7.42815743	0.00067141
-7.41815743	0.00067141
-7.40815743	0.00067141
-7.39815743	0.00067141
-7.38815743	0.00067141
-7.37815743	0.00067141
-7.36815743	0.00067141
-7.35815743	0.00067141
-7.34815743	0.00067141
-7.33815743	0.00067141
-7.32815743	0.00067141
-7.31815743	0.00067141
-7.30815743	0.00067141
-7.29815743	0.00067141
-7.28815743	0.00067141
-7.27815743	0.00067141
-7.26815743	0.00067141
-7.25815743	0.00067141
-7.24815743	0.00949126
-7.23815743	0.00067141
-7.22815743	0.00067141
-7.21815743	0.00067141
-7.20815743	0.00067141
-7.19815743	0.00067141
-7.18815743	0.00067141
-7.17815743	0.00067141
-7.16815743	0.00067141
-7.15815743	0.00067141
-7.14815743	0.00067141
-7.13815743	0.00067141
-7.12815743	0.00067141
-7.11815743	0.00067141
-7.10815743	0.00067141
-7.09815743	0.00067141
-7.08815743	0.00067141
-7.07815743	0.00067141
-7.06815743	0.00067141
-7.05815743	0.00067141
-7.04815743	0.00067141
-7.03815743	0.00067141
-7.02815743	0.00067141
-7.01815743	0.00067141
-7.00815743	0.00067141
-6.99815743	0.00067141
-6.98815743	0.00067141
-6.97815743	0.00067141
-6.96815743	0.00067141
-6.95815743	0.00067141
-6.94815743	0.00067141
-6.93815743	0.00067141
-6.92815743	0.00067141
-6.91815743	0.00067141
-6.90815743	0.00067141
-6.89815743	0.00067141
-6.88815743	0.00067141
-6.87815743	0.00067141
-6.86815743	0.00067141
-6.85815743	0.00067141
-6.84815743	0.00067141
-6.83815743	0.00067141
-6.82815744	0.00067141
-6.81815744	0.00067141
-6.80815744	0.00067141
-6.79815744	0.00067141
-6.78815744	0.00067141
-6.77815744	0.00067141
-6.76815744	0.00067141
-6.75815744	0.00949126
-6.74815744	0.00067141
-6.73815744	0.00067141
-6.72815744	0.00067141
-6.71815744	0.00067141
-6.70815744	0.00067141
-6.69815744	0.00067141
-6.68815744	0.00067141
-6.67815744	0.00067141
-6.66815744	0.00067141
-6.65815744	0.00067141
-6.64815744	0.00067141
-6.63815744	0.00067141
-6.62815744	0.00067141
-6.61815744	0.00067141
-6.60815744	0.00067141
-6.59815744	0.00067141
-6.58815744	0.00067141
-6.57815744	0.00067141
-6.56815744	0.00067141
-6.55815744	0.00067141
-6.54815744	0.00067141
-6.53815744	0.00067141
-6.52815744	0.00067141
-6.51815744	0.00067141
-6.50815744	0.00067141
-6.49815744	0.00067141
-6.48815744	0.00067141
-6.47815744	0.00067141
-6.46815744	0.00067141
-6.45815744	0.00067141
-6.44815744	0.00067141
-6.43815744	0.00067141
-6.42815744	0.00067141
-6.41815744	0.00067141
-6.40815744	0.00067141
-6.39815744	0.00067141
-6.38815744	0.00067141
-6.37815744	0.00067141
-6.36815744	0.00067141
-6.35815744	0.00067141
-6.34815744	0.00067141
-6.33815744	0.00067141
-6.32815744	0.00067141
-6.31815744	0.00067141
-6.30815744	0.00067141
-6.29815744	0.00067141
-6.28815744	0.00067141
-6.27815744	0.00067141
-6.26815744	0.00067141
-6.25815744	0.00067141
-6.24815744	0.00067141
-6.23815744	0.00067141
-6.22815744	0.00067141
-6.21815744	0.00067141
-6.20815744	0.00067141
-6.19815744	0.00067141
-6.18815744	0.00067141
-6.17815744	0.00067141
-6.16815744	0.00067141
-6.15815744	0.00067141
-6.14815744	0.00067141
-6.13815744	0.00067141
-6.12815744	0.00067141
-6.11815744	0.00067141
-6.10815744	0.00067141
-6.09815744	0.00067141
-6.08815744	0.00067141
-6.07815744	0.00067141
-6.06815744	0.00067141
-6.05815744	0.00067141
-6.04815744	0.00067141
-6.03815744	0.00067141
-6.02815744	0.00067141
-6.01815744	0.00067141
-6.00815744	0.00067141
-5.99815744	0.00067141
-5.98815744	0.00067141
-5.97815744	0.00067141
-5.96815744	0.00067141
-5.95815744	0.00067141
-5.94815744	0.00067141
-5.93815744	0.00067141
-5.92815744	0.00067141
-5.91815744	0.00067141
-5.90815744	0.00067141
-5.89815744	0.00067141
-5.88815744	0.00067141
-5.87815744	0.00067141
-5.86815744	0.00067141
-5.85815744	0.00067141
-5.84815744	0.00067141
-5.83815744	0.00067141
-5.82815744	0.00067141
-5.81815744	0.00067141
-5.80815744	0.00067141
-5.79815744	0.00067141
-5.78815744	0.00067141
-5.77815744	0.00067141
-5.76815744	0.00067141
-5.75815744	0.00067141
-5.74815744	0.00067141
-5.73815744	0.00067141
-5.72815744	0.00067141
-5.71815744	0.00067141
-5.70815744	0.00067141
-5.69815744	0.00067141
-5.68815744	0.00067141
-5.67815744	0.00067141
-5.66815744	0.00067141
-5.65815744	0.00067141
-5.64815744	0.00067141
-5.63815744	0.00067141
-5.62815744	0.00067141
-5.61815744	0.00067141
-5.60815744	0.00067141
-5.59815744	0.00067141
-5.58815744	0.00067141
-5.57815744	0.00067141
-5.56815744	0.00067141
-5.55815744	0.00067141
-5.54815744	0.00067141
-5.53815744	0.00067141
-5.52815744	0.00067141
-5.51815744	0.00067141
-5.50815744	0.00067141
-5.49815744	0.00067141
-5.48815744	0.00067141
-5.47815744	0.00067141
-5.46815744	0.00067141
-5.45815744	0.00067141
-5.44815744	0.00067141
-5.43815744	0.00067141
-5.42815744	0.00067141
-5.41815744	0.00067141
-5.40815744	0.00067141
-5.39815744	0.00067141
-5.38815744	0.00067141
-5.37815744	0.00067141
-5.36815744	0.00067141
-5.35815744	0.00067141
-5.34815744	0.00067141
-5.33815744	0.00067141
-5.32815744	0.00067141
-5.31815744	0.00067141
-5.30815744	0.00067141
-5.29815744	0.00067141
-5.28815744	0.00067141
-5.27815744	0.00067141
-5.26815744	0.00067141
-5.25815744	0.00067141
-5.24815744	0.00067141
-5.23815744	0.00067141
-5.22815744	0.00067141
-5.21815744	0.00067141
-5.20815744	0.00067141
-5.19815744	0.00067141
-5.18815744	0.00067141
-5.17815745	0.00067141
-5.16815745	0.00067141
-5.15815745	0.00067141
-5.14815745	0.00067141
-5.13815745	0.00067141
-5.12815745	0.00067141
-5.11815745	0.00067141
-5.10815745	0.00067141
-5.09815745	0.00067141
-5.08815745	0.00067141
-5.07815745	0.00067141
-5.06815745	0.00067141
-5.05815745	0.00067141
-5.04815745	0.00067141
-5.03815745	0.00067141
-5.02815745	0.00067141
-5.01815745	0.00067141
-5.00815745	0.00067141
-4.99815745	0.00067141
-4.98815745	0.00067141
-4.97815745	0.00067141
-4.96815745	0.00067141
-4.95815745	0.00067141
-4.94815745	0.00067141
-4.93815745	0.00067141
-4.92815745	0.00067141
-4.91815745	0.00067141
-4.90815745	0.00067141
-4.89815745	0.00067141
-4.88815745	0.00067141
-4.87815745	0.00067141
-4.86815745	0.00067141
-4.85815745	0.00067141
-4.84815745	0.00067141
-4.83815745	0.00067141
-4.82815745	0.00067141
-4.81815745	0.00067141
-4.80815745	0.00067141
-4.79815745	0.00949126
-4.78815745	0.00067141
-4.77815745	0.00067141
-4.76815745	0.00067141
-4.75815745	0.00067141
-4.74815745	0.00067141
-4.73815745	0.00067141
-4.72815745	0.00067141
-4.71815745	0.00067141
-4.70815745	0.00067141
-4.69815745	0.00067141
-4.68815745	0.00067141
-4.67815745	0.00067141
-4.66815745	0.00067141
-4.65815745	0.00067141
-4.64815745	0.00067141
-4.63815745	0.00067141
-4.62815745	0.00067141
-4.61815745	0.00067141
-4.60815745	0.00067141
-4.59815745	0.00067141
-4.58815745	0.00067141
-4.57815745	0.00067141
-4.56815745	0.00067141
-4.55815745	0.00067141
-4.54815745	0.00067141
-4.53815745	0.00067141
-4.52815745	0.00067141
-4.51815745	0.00067141
-4.50815745	0.00067141
-4.49815745	0.00067141
-4.48815745	0.00067141
-4.47815745	0.00067141
-4.46815745	0.00067141
-4.45815745	0.00067141
-4.44815745	0.00067141
-4.43815745	0.00067141
-4.42815745	0.00067141
-4.41815745	0.00067141
-4.40815745	0.00067141
-4.39815745	0.00067141
-4.38815745	0.00067141
-4.37815745	0.00067141
-4.36815745	0.00067141
-4.35815745	0.00067141
-4.34815745	0.00067141
-4.33815745	0.00067141
-4.32815745	0.00067141
-4.31815745	0.00067141
-4.30815745	0.00067141
-4.29815745	0.00067141
-4.28815745	0.00067141
-4.27815745	0.00067141
-4.26815745	0.00067141
-4.25815745	0.00067141
-4.24815745	0.00067141
-4.23815745	0.00067141
-4.22815745	0.00067141
-4.21815745	0.00067141
-4.20815745	0.00067141
-4.19815745	0.00067141
-4.18815745	0.00067141
-4.17815745	0.00067141
-4.16815745	0.00067141
-4.15815745	0.00067141
-4.14815745	0.00067141
-4.13815745	0.00067141
-4.12815745	0.00067141
-4.11815745	0.00067141
-4.10815745	0.00067141
-4.09815745	0.00067141
-4.08815745	0.00067141
-4.07815745	0.00067141
-4.06815745	0.00067141
-4.05815745	0.00067141
-4.04815745	0.00067141
-4.03815745	0.00067141
-4.02815745	0.00067141
-4.01815745	0.00067141
-4.00815745	0.00067141
-3.99815745	0.00067141
-3.98815745	0.00067141
-3.97815745	0.00067141
-3.96815745	0.00067141
-3.95815745	0.00067141
-3.94815745	0.00067141
-3.93815745	0.00067141
-3.92815745	0.00067141
-3.91815745	0.00067141
-3.90815745	0.00067141
-3.89815745	0.00067141
-3.88815745	0.00067141
-3.87815745	0.00067141
-3.86815745	0.00067141
-3.85815745	0.00067141
-3.84815745	0.00067141
-3.83815745	0.00067141
-3.82815745	0.00067141
-3.81815745	0.00067141
-3.80815745	0.00067141
-3.79815745	0.00067141
-3.78815745	0.00067141
-3.77815745	0.00067141
-3.76815745	0.00067141
-3.75815745	0.00067141
-3.74815745	0.00067141
-3.73815745	0.00067141
-3.72815745	0.00067141
-3.71815745	0.00067141
-3.70815745	0.00067141
-3.69815745	0.00067141
-3.68815745	0.00067141
-3.67815745	0.00067141
-3.66815745	0.00067141
-3.65815745	0.00067141
-3.64815745	0.00067141
-3.63815745	0.00067141
-3.62815745	0.00067141
-3.61815745	0.00067141
-3.60815745	0.00067141
-3.59815745	0.00067141
-3.58815745	0.00067141
-3.57815745	0.00067141
-3.56815745	0.00067141
-3.55815745	0.00067141
-3.54815745	0.00067141
-3.53815746	0.00067141
-3.52815746	0.00067141
-3.51815746	0.00067141
-3.50815746	0.00067141
-3.49815746	0.00067141
-3.48815746	0.00067141
-3.47815746	0.00067141
-3.46815746	0.00067141
-3.45815746	0.00067141
-3.44815746	0.00067141
-3.43815746	0.00067141
-3.42815746	0.00067141
-3.41815746	0.00067141
-3.40815746	0.00067141
-3.39815746	0.00067141
-3.38815746	0.00067141
-3.37815746	0.00067141
-3.36815746	0.00067141
-3.35815746	0.00067141
-3.34815746	0.00067141
-3.33815746	0.00067141
-3.32815746	0.00067141
-3.31815746	0.00067141
-3.30815746	0.00067141
-3.29815746	0.00067141
-3.28815746	0.00067141
-3.27815746	0.00067141
-3.26815746	0.00067141
-3.25815746	0.00067141
-3.24815746	0.00067141
-3.23815746	0.00067141
-3.22815746	0.00067141
-3.21815746	0.00067141
-3.20815746	0.00067141
-3.19815746	0.00067141
-3.18815746	0.00067141
-3.17815746	0.00067141
-3.16815746	0.00067141
-3.15815746	0.00067141
-3.14815746	0.00067141
-3.13815746	0.00067141
-3.12815746	0.00067141
-3.11815746	0.00067141
-3.10815746	0.00067141
-3.09815746	0.00067141
-3.08815746	0.00067141
-3.07815746	0.00067141
-3.06815746	0.00067141
-3.05815746	0.00067141
-3.04815746	0.00067141
-3.03815746	0.00067141
-3.02815746	0.00067141
-3.01815746	0.00067141
-3.00815746	0.00067141
-2.99815746	0.00067141
-2.98815746	0.00067141
-2.97815746	0.00067141
-2.96815746	0.00067141
-2.95815746	0.00067141
-2.94815746	0.00067141
-2.93815746	0.00067141
-2.92815746	0.00067141
-2.91815746	0.00067141
-2.90815746	0.00067141
-2.89815746	0.00067141
-2.88815746	0.00067141
-2.87815746	0.00067141
-2.86815746	0.00067141
-2.85815746	0.00067141
-2.84815746	0.00067141
-2.83815746	0.00067141
-2.82815746	0.00067141
-2.81815746	0.00067141
-2.80815746	0.00067141
-2.79815746	0.00067141
-2.78815746	0.00067141
-2.77815746	0.00067141
-2.76815746	0.00067141
-2.75815746	0.00067141
-2.74815746	0.00067141
-2.73815746	0.00067141
-2.72815746	0.00067141
-2.71815746	0.00067141
-2.70815746	0.00067141
-2.69815746	0.00067141
-2.68815746	0.00067141
-2.67815746	0.00067141
-2.66815746	0.00067141
-2.65815746	0.00067141
-2.64815746	0.00067141
-2.63815746	0.00067141
-2.62815746	0.00067141
-2.61815746	0.00067141
-2.60815746	0.00067141
-2.59815746	0.00067141
-2.58815746	0.00067141
-2.57815746	0.00067141
-2.56815746	0.00067141
-2.55815746	0.00067141
-2.54815746	0.00067141
-2.53815746	0.00067141
-2.52815746	0.00067141
-2.51815746	0.00067141
-2.50815746	0.00067141
-2.49815746	0.00067141
-2.48815746	0.00067141
-2.47815746	0.00067141
-2.46815746	0.00067141
-2.45815746	0.00067141
-2.44815746	0.00067141
-2.43815746	0.00067141
-2.42815746	0.00067141
-2.41815746	0.00067141
-2.40815746	0.00067141
-2.39815746	0.00067141
-2.38815746	0.00067141
-2.37815746	0.00067141
-2.36815746	0.00067141
-2.35815746	0.00067141
-2.34815746	0.00067141
-2.33815746	0.00067141
-2.32815746	0.00067141
-2.31815746	0.00067141
-2.30815746	0.00067141
-2.29815746	0.00067141
-2.28815746	0.00067141
-2.27815746	0.00067141
-2.26815746	0.00067141
-2.25815746	0.00067141
-2.24815746	0.00067141
-2.23815746	0.00067141
-2.22815746	0.00067141
-2.21815746	0.00067141
-2.20815746	0.00067141
-2.19815746	0.00067141
-2.18815746	0.00067141
-2.17815746	0.00067141
-2.16815746	0.00067141
-2.15815746	0.00067141
-2.14815746	0.00067141
-2.13815746	0.00067141
-2.12815746	0.00067141
-2.11815746	0.00067141
-2.10815746	0.00067141
-2.09815746	0.00067141
-2.08815746	0.00067141
-2.07815746	0.00067141
-2.06815746	0.00067141
-2.05815746	0.00067141
-2.04815746	0.00067141
-2.03815746	0.00067141
-2.02815746	0.00067141
-2.01815746	0.00067141
-2.00815746	0.00067141
-1.99815746	0.00067141
-1.98815746	0.00067141
-1.97815746	0.00067141
-1.96815746	0.00067141
-1.95815746	0.00067141
-1.94815746	0.00067141
-1.93815746	0.00067141
-1.92815746	0.00067141
-1.91815746	0.00067141
-1.90815746	0.00067141
-1.89815746	0.00067141
-1.88815747	0.00067141
-1.87815747	0.00067141
-1.86815747	0.00067141
-1.85815747	0.00067141
-1.84815747	0.00067141
-1.83815747	0.00067141
-1.82815747	0.00067141
-1.81815747	0.00067141
-1.80815747	0.00067141
-1.79815747	0.00067141
-1.78815747	0.00067141
-1.77815747	0.00067141
-1.76815747	0.00067141
-1.75815747	0.00067141
-1.74815747	0.00067141
-1.73815747	0.00067141
-1.72815747	0.00067141
-1.71815747	0.00067141
-1.70815747	0.00067141
-1.69815747	0.00067141
-1.68815747	0.00067141
-1.67815747	0.00067141
-1.66815747	0.00067141
-1.65815747	0.00067141
-1.64815747	0.00067141
-1.63815747	0.00067141
-1.62815747	0.00067141
-1.61815747	0.00067141
-1.60815747	0.00067141
-1.59815747	0.00067141
-1.58815747	0.00067141
-1.57815747	0.00067141
-1.56815747	0.00067141
-1.55815747	0.00067141
-1.54815747	0.00067141
-1.53815747	0.00067141
-1.52815747	0.00067141
-1.51815747	0.00067141
-1.50815747	0.00067141
-1.49815747	0.00067141
-1.48815747	0.00067141
-1.47815747	0.00067141
-1.46815747	0.00067141
-1.45815747	0.00067141
-1.44815747	0.00067141
-1.43815747	0.00067141
-1.42815747	0.00067141
-1.41815747	0.00067141
-1.40815747	0.00067141
-1.39815747	0.00067141
-1.38815747	0.00067141
-1.37815747	0.00067141
-1.36815747	0.00067141
-1.35815747	0.00067141
-1.34815747	0.00067141
-1.33815747	0.00067141
-1.32815747	0.00067141
-1.31815747	0.00067141
-1.30815747	0.00067141
-1.29815747	0.00067141
-1.28815747	0.00067141
-1.27815747	0.00067141
-1.26815747	0.00067141
-1.25815747	0.00067141
-1.24815747	0.00067141
-1.23815747	0.00067141
-1.22815747	0.00067141
-1.21815747	0.00067141
-1.20815747	0.00067141
-1.19815747	0.00067141
-1.18815747	0.00067141
-1.17815747	0.00067141
-1.16815747	0.00067141
-1.15815747	0.00067141
-1.14815747	0.00067141
-1.13815747	0.00067141
-1.12815747	0.00067141
-1.11815747	0.00067141
-1.10815747	0.00067141
-1.09815747	0.00067141
-1.08815747	0.00067141
-1.07815747	0.00067141
-1.06815747	0.00067141
-1.05815747	0.00067141
-1.04815747	0.00067141
-1.03815747	0.00067141
-1.02815747	0.00067141
-1.01815747	0.00067141
-1.00815747	0.00067141
-0.99815747	0.00067141
-0.98815747	0.00067141
-0.97815747	0.00067141
-0.96815747	0.00067141
-0.95815747	0.00067141
-0.94815747	0.00067141
-0.93815747	0.00067141
-0.92815747	0.00067141
-0.91815747	0.00067141
-0.90815747	0.00067141
-0.89815747	0.00067141
-0.88815747	0.00067141
-0.87815747	0.00067141
-0.86815747	0.00067141
-0.85815747	0.00067141
-0.84815747	0.00067141
-0.83815747	0.00067141
-0.82815747	0.00067141
-0.81815747	0.00949126
-0.80815747	0.00067141
-0.79815747	0.00067141
-0.78815747	0.00067141
-0.77815747	0.00067141
-0.76815747	0.00067141
-0.75815747	0.00067141
-0.74815747	0.00067141
-0.73815747	0.00067141
-0.72815747	0.00067141
-0.71815747	0.00067141
-0.70815747	0.00067141
-0.69815747	0.00067141
-0.68815747	0.00067141
-0.67815747	0.00067141
-0.66815747	0.00067141
-0.65815747	0.00067141
-0.64815747	0.00067141
-0.63815747	0.00067141
-0.62815747	0.00067141
-0.61815747	0.00067141
-0.60815747	0.00067141
-0.59815747	0.00067141
-0.58815747	0.00067141
-0.57815747	0.00067141
-0.56815747	0.00067141
-0.55815747	0.00067141
-0.54815747	0.00067141
-0.53815747	0.00067141
-0.52815747	0.00067141
-0.51815747	0.00067141
-0.50815747	0.00949126
-0.49815747	0.00067141
-0.48815747	0.00067141
-0.47815747	0.00067141
-0.46815747	0.00067141
-0.45815747	0.00067141
-0.44815747	0.00067141
-0.43815747	0.00067141
-0.42815747	0.00067141
-0.41815747	0.00067141
-0.40815747	0.00067141
-0.39815747	0.00067141
-0.38815747	0.00067141
-0.37815747	0.00067141
-0.36815747	0.00067141
-0.35815747	0.00067141
-0.34815747	0.00067141
-0.33815747	0.00067141
-0.32815747	0.00067141
-0.31815747	0.00067141
-0.30815747	0.00067141
-0.29815747	0.00067141
-0.28815747	0.00067141
-0.27815747	0.00067141
-0.26815747	0.00067141
-0.25815747	0.00067141
-0.24815748	0.00067141
-0.23815748	0.00067141
-0.22815748	0.00067141
-0.21815748	0.00067141
-0.20815748	0.00067141
-0.19815748	0.00067141
-0.18815748	0.00067141
-0.17815748	0.00067141
-0.16815748	0.00067141
-0.15815748	0.00067141
-0.14815748	0.00067141
-0.13815748	0.00067141
-0.12815748	0.00067141
-0.11815748	0.00067141
-0.10815748	0.00067141
-0.09815748	0.00067141
-0.08815748	0.00067141
-0.07815748	0.00067141
-0.06815748	0.00067141
-0.05815748	0.00067141
-0.04815748	0.00067141
-0.03815748	0.00067141
-0.02815748	0.00067141
-0.01815748	0.00067141
-0.00815748	0.00949126
0.00184252	0.47596666
0.01184252	0.35273293
0.02184252	0.28232673
0.03184252	0.25589770
0.04184252	0.27350688
0.05184252	0.29111606
0.06184252	0.29990539
0.07184252	0.29111606
0.08184252	0.28232673
0.09184252	0.28232673
0.10184252	0.28232673
0.11184252	0.28232673
0.12184252	0.28232673
0.13184252	0.28232673
0.14184252	0.28232673
0.15184252	0.28232673
0.16184252	0.28232673
0.17184252	0.28232673
0.18184252	0.28232673
0.19184252	0.29111606
0.20184252	0.28232673
0.21184252	0.28232673
0.22184252	0.28232673
0.23184252	0.28232673
0.24184252	0.28232673
0.25184252	0.28232673
0.26184252	0.28232673
0.27184252	0.28232673
0.28184252	0.28232673
0.29184252	0.28232673
0.30184252	0.28232673
0.31184252	0.28232673
0.32184252	0.28232673
0.33184252	0.28232673
0.34184252	0.28232673
0.35184252	0.28232673
0.36184252	0.28232673
0.37184252	0.28232673
0.38184252	0.28232673
0.39184252	0.28232673
0.40184252	0.28232673
0.41184252	0.28232673
0.42184252	0.28232673
0.43184252	0.28232673
0.44184252	0.28232673
0.45184252	0.28232673
0.46184252	0.28232673
0.47184252	0.28232673
0.48184252	0.28232673
0.49184252	0.28232673
0.50184252	0.28232673
0.51184252	0.28232673
0.52184252	0.28232673
0.53184252	0.28232673
0.54184252	0.28232673
0.55184252	0.28232673
0.56184252	0.27350688
0.57184252	0.28232673
0.58184252	0.28232673
0.59184252	0.28232673
0.60184252	0.28232673
0.61184252	0.28232673
0.62184252	0.28232673
0.63184252	0.27350688
0.64184252	0.27350688
0.65184252	0.27350688
0.66184252	0.27350688
0.67184252	0.28232673
0.68184252	0.28232673
0.69184252	0.27350688
0.70184252	0.28232673
0.71184252	0.27350688
0.72184252	0.27350688
0.73184252	0.28232673
0.74184252	0.27350688
0.75184252	0.28232673
0.76184252	0.27350688
0.77184252	0.28232673
0.78184252	0.28232673
0.79184252	0.27350688
0.80184252	0.27350688
0.81184252	0.27350688
0.82184252	0.27350688
0.83184252	0.27350688
0.84184252	0.27350688
0.85184252	0.27350688
0.86184252	0.27350688
0.87184252	0.27350688
0.88184252	0.27350688
0.89184252	0.27350688
0.90184252	0.27350688
0.91184252	0.27350688
0.92184252	0.27350688
0.93184252	0.27350688
0.94184252	0.27350688
0.95184252	0.27350688
0.96184252	0.27350688
0.97184252	0.27350688
0.98184252	0.27350688
0.99184252	0.27350688
1.00184252	0.27350688
1.01184252	0.27350688
1.02184252	0.27350688
1.03184252	0.26471755
1.04184252	0.27350688
1.05184252	0.27350688
1.06184252	0.26471755
1.07184252	0.27350688
1.08184252	0.27350688
1.09184252	0.27350688
1.10184252	0.27350688
1.11184252	0.27350688
1.12184252	0.27350688
1.13184252	0.26471755
1.14184252	0.26471755
1.15184252	0.27350688
1.16184252	0.26471755
1.17184252	0.27350688
1.18184252	0.27350688
1.19184252	0.26471755
1.20184252	0.26471755
1.21184252	0.27350688
1.22184252	0.26471755
1.23184252	0.27350688
1.24184252	0.27350688
1.25184252	0.26471755
1.26184252	0.26471755
1.27184252	0.26471755
1.28184252	0.26471755
1.29184252	0.26471755
1.30184252	0.26471755
1.31184252	0.27350688
1.32184252	0.26471755
1.33184252	0.26471755
1.34184252	0.27350688
1.35184252	0.26471755
1.36184252	0.26471755
1.37184252	0.26471755
1.38184252	0.27350688
1.39184252	0.26471755
1.40184251	0.26471755
1.41184251	0.26471755
1.42184251	0.26471755
1.43184251	0.26471755
1.44184251	0.26471755
1.45184251	0.26471755
1.46184251	0.26471755
1.47184251	0.26471755
1.48184251	0.27350688
1.49184251	0.26471755
1.50184251	0.26471755
1.51184251	0.26471755
1.52184251	0.26471755
1.53184251	0.26471755
1.54184251	0.26471755
1.55184251	0.26471755
1.56184251	0.26471755
1.57184251	0.27350688
1.58184251	0.26471755
1.59184251	0.26471755
1.60184251	0.26471755
1.61184251	0.26471755
1.62184251	0.26471755
1.63184251	0.26471755
1.64184251	0.26471755
1.65184251	0.26471755
1.66184251	0.26471755
1.67184251	0.26471755
1.68184251	0.26471755
1.69184251	0.26471755
1.70184251	0.26471755
1.71184251	0.25589770
1.72184251	0.26471755
1.73184251	0.26471755
1.74184251	0.26471755
1.75184251	0.26471755
1.76184251	0.26471755
1.77184251	0.26471755
1.78184251	0.25589770
1.79184251	0.26471755
1.80184251	0.25589770
1.81184251	0.26471755
1.82184251	0.25589770
1.83184251	0.26471755
1.84184251	0.26471755
1.85184251	0.26471755
1.86184251	0.26471755
1.87184251	0.26471755
1.88184251	0.26471755
1.89184251	0.26471755
1.90184251	0.26471755
1.91184251	0.26471755
1.92184251	0.25589770
1.93184251	0.26471755
1.94184251	0.25589770
1.95184251	0.26471755
1.96184251	0.26471755
1.97184251	0.25589770
1.98184251	0.26471755
1.99184251	0.25589770
2.00184251	0.25589770
2.01184251	0.25589770
2.02184251	0.26471755
2.03184251	0.26471755
2.04184251	0.25589770
2.05184251	0.25589770
2.06184251	0.25589770
2.07184251	0.25589770
2.08184251	0.25589770
2.09184251	0.25589770
2.10184251	0.25589770
2.11184251	0.25589770
2.12184251	0.25589770
2.13184251	0.25589770
2.14184251	0.25589770
2.15184251	0.25589770
2.16184251	0.25589770
2.17184251	0.25589770
2.18184251	0.25589770
2.19184251	0.25589770
2.20184251	0.25589770
2.21184251	0.25589770
2.22184251	0.25589770
2.23184251	0.25589770
2.24184251	0.25589770
2.25184251	0.25589770
2.26184251	0.25589770
2.27184251	0.25589770
2.28184251	0.25589770
2.29184251	0.25589770
2.30184251	0.25589770
2.31184251	0.25589770
2.32184251	0.25589770
2.33184251	0.25589770
2.34184251	0.25589770
2.35184251	0.25589770
2.36184251	0.25589770
2.37184251	0.25589770
2.38184251	0.25589770
2.39184251	0.25589770
2.40184251	0.25589770
2.41184251	0.25589770
2.42184251	0.25589770
2.43184251	0.25589770
2.44184251	0.25589770
2.45184251	0.25589770
2.46184251	0.25589770
2.47184251	0.24710837
2.48184251	0.25589770
2.49184251	0.25589770
2.50184251	0.24710837
2.51184251	0.25589770
2.52184251	0.25589770
2.53184251	0.25589770
2.54184251	0.25589770
2.55184251	0.25589770
2.56184251	0.25589770
2.57184251	0.24710837
2.58184251	0.24710837
2.59184251	0.25589770
2.60184251	0.24710837
2.61184251	0.24710837
2.62184251	0.25589770
2.63184251	0.25589770
2.64184251	0.25589770
2.65184251	0.25589770
2.66184251	0.25589770
2.67184251	0.25589770
2.68184251	0.24710837
2.69184251	0.24710837
2.70184251	0.24710837
2.71184251	0.25589770
2.72184251	0.24710837
2.73184251	0.24710837
2.74184251	0.25589770
2.75184251	0.25589770
2.76184251	0.24710837
2.77184251	0.25589770
2.78184251	0.24710837
2.79184251	0.24710837
2.80184251	0.24710837
2.81184251	0.25589770
2.82184251	0.24710837
2.83184251	0.24710837
2.84184251	0.24710837
2.85184251	0.24710837
2.86184251	0.24710837
2.87184251	0.25589770
2.88184251	0.24710837
2.89184251	0.24710837
2.90184251	0.24710837
2.91184251	0.24710837
2.92184251	0.24710837
2.93184251	0.24710837
2.94184251	0.25589770
2.95184251	0.24710837
2.96184251	0.24710837
2.97184251	0.24710837
2.98184251	0.24710837
2.99184251	0.25589770
3.00184251	0.24710837
3.01184251	0.24710837
3.02184251	0.24710837
3.03184251	0.24710837
3.04184250	0.24710837
3.05184250	0.24710837
3.06184250	0.24710837
3.07184250	0.24710837
3.08184250	0.24710837
3.09184250	0.24710837
3.10184250	0.24710837
3.11184250	0.24710837
3.12184250	0.24710837
3.13184250	0.24710837
3.14184250	0.24710837
3.15184250	0.24710837
3.16184250	0.24710837
3.17184250	0.23831904
3.18184250	0.23831904
3.19184250	0.23831904
3.20184250	0.23831904
3.21184250	0.22949919
3.22184250	0.22070986
3.23184250	0.22070986
3.24184250	0.22070986
3.25184250	0.21189001
3.26184250	0.20310068
3.27184250	0.19428083
3.28184250	0.19428083
3.29184250	0.18549150
3.30184250	0.17670217
3.31184250	0.17670217
3.32184250	0.16788232
3.33184250	0.15909299
3.34184250	0.15027314
3.35184250	0.14148381
3.36184250	0.13266397
3.37184250	0.13266397
3.38184250	0.11508530
3.39184250	0.11508530
3.40184250	0.10626545
3.41184250	0.09747612
3.42184250	0.08865627
3.43184250	0.07986694
3.44184250	0.07107761
3.45184250	0.07107761
3.46184250	0.05349895
3.47184250	0.05349895
3.48184250	0.04467910
3.49184250	0.03588977
3.50184250	0.02706992
3.51184250	0.01828059
3.52184250	0.01828059
3.53184250	0.00949126
3.54184250	0.00067141
3.55184250	0.00067141
3.56184250	-0.00811792
3.57184250	-0.01693777
3.58184250	-0.02572710
3.59184250	-0.02572710
3.60184250	-0.04333628
3.61184250	-0.05212561
3.62184250	-0.05212561
3.63184250	-0.06094546
3.64184250	-0.06973480
3.65184250	-0.06973480
3.66184250	-0.07855465
3.67184250	-0.08734398
3.68184250	-0.08734398
3.69184250	-0.09616382
3.70184250	-0.10495315
3.71184250	-0.11374249
3.72184250	-0.11374249
3.73184250	-0.12256233
3.74184250	-0.13135166
3.75184250	-0.13135166
3.76184250	-0.14017151
3.77184250	-0.14896084
3.78184250	-0.15775017
3.79184250	-0.15775017
3.80184250	-0.16657002
3.81184250	-0.17535935
3.82184250	-0.17535935
3.83184250	-0.18417920
3.84184250	-0.19296853
3.85184250	-0.19296853
3.86184250	-0.20178838
3.87184250	-0.21057771
3.88184250	-0.21057771
3.89184250	-0.21936704
3.90184250	-0.22818689
3.91184250	-0.22818689
3.92184250	-0.23697622
3.93184250	-0.23697622
3.94184250	-0.24579607
3.95184250	-0.24579607
3.96184250	-0.24579607
3.97184250	-0.25458542
3.98184250	-0.26340526
3.99184250	-0.26340526
4.00184250	-0.26340526
4.01184250	-0.26340526
4.02184250	-0.27219459
4.03184250	-0.27219459
4.04184250	-0.27219459
4.05184250	-0.27219459
4.06184250	-0.28098392
4.07184250	-0.28098392
4.08184250	-0.28098392
4.09184250	-0.28098392
4.10184250	-0.28098392
4.11184250	-0.28980377
4.12184250	-0.28980377
4.13184250	-0.28980377
4.14184250	-0.28980377
4.15184250	-0.28980377
4.16184250	-0.28980377
4.17184250	-0.29859310
4.18184250	-0.29859310
4.19184250	-0.29859310
4.20184250	-0.29859310
4.21184250	-0.29859310
4.22184250	-0.29859310
4.23184250	-0.29859310
4.24184250	-0.29859310
4.25184250	-0.29859310
4.26184250	-0.29859310
4.27184250	-0.29859310
4.28184250	-0.29859310
4.29184250	-0.29859310
4.30184250	-0.29859310
4.31184250	-0.29859310
4.32184250	-0.29859310
4.33184250	-0.29859310
4.34184250	-0.29859310
4.35184250	-0.30741295
4.36184250	-0.30741295
4.37184250	-0.30741295
4.38184250	-0.29859310
4.39184250	-0.30741295
4.40184250	-0.29859310
4.41184250	-0.30741295
4.42184250	-0.29859310
4.43184250	-0.29859310
4.44184250	-0.29859310
4.45184250	-0.30741295
4.46184250	-0.30741295
4.47184250	-0.30741295
4.48184250	-0.30741295
4.49184250	-0.30741295
4.50184250	-0.30741295
4.51184250	-0.30741295
4.52184250	-0.29859310
4.53184250	-0.29859310
4.54184250	-0.30741295
4.55184250	-0.30741295
4.56184250	-0.30741295
4.57184250	-0.30741295
4.58184250	-0.30741295
4.59184250	-0.29859310
4.60184250	-0.29859310
4.61184250	-0.29859310
4.62184250	-0.29859310
4.63184250	-0.30741295
4.64184250	-0.29859310
4.65184250	-0.29859310
4.66184250	-0.30741295
4.67184250	-0.29859310
4.68184250	-0.29859310
4.69184249	-0.29859310
4.70184249	-0.30741295
4.71184249	-0.30741295
4.72184249	-0.29859310
4.73184249	-0.30741295
4.74184249	-0.29859310
4.75184249	-0.30741295
4.76184249	-0.29859310
4.77184249	-0.30741295
4.78184249	-0.30741295
4.79184249	-0.30741295
4.80184249	-0.29859310
4.81184249	-0.29859310
4.82184249	-0.30741295
4.83184249	-0.29859310
4.84184249	-0.29859310
4.85184249	-0.30741295
4.86184249	-0.29859310
4.87184249	-0.29859310
4.88184249	-0.29859310
4.89184249	-0.29859310
4.90184249	-0.29859310
4.91184249	-0.29859310
4.92184249	-0.29859310
4.93184249	-0.30741295
4.94184249	-0.29859310
4.95184249	-0.30741295
4.96184249	-0.29859310
4.97184249	-0.29859310
4.98184249	-0.29859310
4.99184249	-0.29859310
5.00184249	-0.30741295
5.01184249	-0.29859310
5.02184249	-0.29859310
5.03184249	-0.29859310
5.04184249	-0.29859310
5.05184249	-0.30741295
5.06184249	-0.29859310
5.07184249	-0.29859310
5.08184249	-0.29859310
5.09184249	-0.29859310
5.10184249	-0.29859310
5.11184249	-0.29859310
5.12184249	-0.29859310
5.13184249	-0.29859310
5.14184249	-0.29859310
5.15184249	-0.29859310
5.16184249	-0.29859310
5.17184249	-0.29859310
5.18184249	-0.29859310
5.19184249	-0.29859310
5.20184249	-0.29859310
5.21184249	-0.29859310
5.22184249	-0.29859310
5.23184249	-0.29859310
5.24184249	-0.29859310
5.25184249	-0.29859310
5.26184249	-0.29859310
5.27184249	-0.29859310
5.28184249	-0.29859310
5.29184249	-0.29859310
5.30184249	-0.29859310
5.31184249	-0.29859310
5.32184249	-0.29859310
5.33184249	-0.29859310
5.34184249	-0.29859310
5.35184249	-0.29859310
5.36184249	-0.29859310
5.37184249	-0.29859310
5.38184249	-0.29859310
5.39184249	-0.29859310
5.40184249	-0.29859310
5.41184249	-0.28980377
5.42184249	-0.29859310
5.43184249	-0.29859310
5.44184249	-0.29859310
5.45184249	-0.29859310
5.46184249	-0.29859310
5.47184249	-0.29859310
5.48184249	-0.29859310
5.49184249	-0.28980377
5.50184249	-0.29859310
5.51184249	-0.29859310
5.52184249	-0.29859310
5.53184249	-0.28980377
5.54184249	-0.29859310
5.55184249	-0.29859310
5.56184249	-0.29859310
5.57184249	-0.29859310
5.58184249	-0.29859310
5.59184249	-0.28980377
5.60184249	-0.29859310
5.61184249	-0.28980377
5.62184249	-0.28980377
5.63184249	-0.29859310
5.64184249	-0.29859310
5.65184249	-0.29859310
5.66184249	-0.29859310
5.67184249	-0.29859310
5.68184249	-0.28980377
5.69184249	-0.29859310
5.70184249	-0.29859310
5.71184249	-0.29859310
5.72184249	-0.28980377
5.73184249	-0.29859310
5.74184249	-0.28980377
5.75184249	-0.28980377
5.76184249	-0.28980377
5.77184249	-0.29859310
5.78184249	-0.28980377
5.79184249	-0.29859310
5.80184249	-0.28980377
5.81184249	-0.29859310
5.82184249	-0.29859310
5.83184249	-0.28980377
5.84184249	-0.28980377
5.85184249	-0.28980377
5.86184249	-0.29859310
5.87184249	-0.29859310
5.88184249	-0.28980377
5.89184249	-0.28980377
5.90184249	-0.28980377
5.91184249	-0.29859310
5.92184249	-0.28980377
5.93184249	-0.28980377
5.94184249	-0.29859310
5.95184249	-0.28980377
5.96184249	-0.28980377
5.97184249	-0.29859310
5.98184249	-0.28980377
5.99184249	-0.28980377
6.00184249	-0.28980377
6.01184249	-0.28980377
6.02184249	-0.28980377
6.03184249	-0.28980377
6.04184249	-0.28980377
6.05184249	-0.28980377
6.06184249	-0.28980377
6.07184249	-0.28980377
6.08184249	-0.28980377
6.09184249	-0.28980377
6.10184249	-0.28980377
6.11184249	-0.28980377
6.12184249	-0.28980377
6.13184249	-0.28980377
6.14184249	-0.28980377
6.15184249	-0.28980377
6.16184249	-0.28980377
6.17184249	-0.28980377
6.18184249	-0.28980377
6.19184249	-0.28980377
6.20184249	-0.28980377
6.21184249	-0.28980377
6.22184249	-0.28980377
6.23184249	-0.28980377
6.24184249	-0.28980377
6.25184249	-0.28980377
6.26184249	-0.28980377
6.27184249	-0.28980377
6.28184249	-0.28980377
6.29184249	-0.28980377
6.30184249	-0.28980377
6.31184249	-0.28980377
6.32184249	-0.28980377
6.33184248	-0.28980377
6.34184248	-0.28980377
6.35184248	-0.28980377
6.36184248	-0.28980377
6.37184248	-0.28980377
6.38184248	-0.28980377
6.39184248	-0.28980377
6.40184248	-0.28980377
6.41184248	-0.28980377
6.42184248	-0.28980377
6.43184248	-0.28980377
6.44184248	-0.28980377
6.45184248	-0.28980377
6.46184248	-0.28980377
6.47184248	-0.28980377
6.48184248	-0.28980377
6.49184248	-0.28980377
6.50184248	-0.28980377
6.51184248	-0.28980377
6.52184248	-0.28980377
6.53184248	-0.28980377
6.54184248	-0.28980377
6.55184248	-0.28980377
6.56184248	-0.28980377
6.57184248	-0.28098392
6.58184248	-0.28980377
6.59184248	-0.28098392
6.60184248	-0.28098392
6.61184248	-0.28980377
6.62184248	-0.28980377
6.63184248	-0.28980377
6.64184248	-0.28980377
6.65184248	-0.28980377
6.66184248	-0.28980377
6.67184248	-0.28980377
6.68184248	-0.28980377
6.69184248	-0.28980377
6.70184248	-0.28980377
6.71184248	-0.28980377
6.72184248	-0.28098392
6.73184248	-0.28980377
6.74184248	-0.28980377
6.75184248	-0.28980377
6.76184248	-0.28098392
6.77184248	-0.28980377
6.78184248	-0.28980377
6.79184248	-0.28098392
6.80184248	-0.28980377
6.81184248	-0.28098392
6.82184248	-0.28980377
6.83184248	-0.28980377
6.84184248	-0.28098392
6.85184248	-0.28980377
6.86184248	-0.28098392
6.87184248	-0.28980377
6.88184248	-0.28098392
6.89184248	-0.28098392
6.90184248	-0.28980377
6.91184248	-0.28098392
6.92184248	-0.28980377
6.93184248	-0.28980377
6.94184248	-0.28098392
6.95184248	-0.28098392
6.96184248	-0.28098392
6.97184248	-0.28098392
6.98184248	-0.28980377
6.99184248	-0.28098392
7.00184248	-0.28098392
7.01184248	-0.28098392
7.02184248	-0.28098392
7.03184248	-0.28098392
7.04184248	-0.28098392
7.05184248	-0.28980377
7.06184248	-0.28098392
7.07184248	-0.28098392
7.08184248	-0.28098392
7.09184248	-0.28098392
7.10184248	-0.28098392
7.11184248	-0.28098392
7.12184248	-0.28098392
7.13184248	-0.28098392
7.14184248	-0.28098392
7.15184248	-0.28098392
7.16184248	-0.28098392
7.17184248	-0.28098392
7.18184248	-0.28098392
7.19184248	-0.28098392
7.20184248	-0.28098392
7.21184248	-0.28098392
7.22184248	-0.28098392
7.23184248	-0.28098392
7.24184248	-0.28098392
7.25184248	-0.28098392
7.26184248	-0.28098392
7.27184248	-0.28098392
7.28184248	-0.28098392
7.29184248	-0.28098392
7.30184248	-0.28098392
7.31184248	-0.28098392
7.32184248	-0.28098392
7.33184248	-0.28098392
7.34184248	-0.28098392
7.35184248	-0.28098392
7.36184248	-0.28098392
7.37184248	-0.28098392
7.38184248	-0.28098392
7.39184248	-0.28098392
7.40184248	-0.28098392
7.41184248	-0.28098392
7.42184248	-0.28098392
7.43184248	-0.28098392
7.44184248	-0.28098392
7.45184248	-0.28098392
7.46184248	-0.28098392
7.47184248	-0.28098392
7.48184248	-0.28098392
7.49184248	-0.28098392
7.50184248	-0.27219459
7.51184248	-0.28098392
7.52184248	-0.28098392
7.53184248	-0.28098392
7.54184248	-0.27219459
7.55184248	-0.28098392
7.56184248	-0.28098392
7.57184248	-0.28098392
7.58184248	-0.28098392
7.59184248	-0.27219459
7.60184248	-0.27219459
7.61184248	-0.28098392
7.62184248	-0.27219459
7.63184248	-0.28098392
7.64184248	-0.27219459
7.65184248	-0.28098392
7.66184248	-0.28098392
7.67184248	-0.27219459
7.68184248	-0.28098392
7.69184248	-0.28098392
7.70184248	-0.28098392
7.71184248	-0.27219459
7.72184248	-0.28098392
7.73184248	-0.27219459
7.74184248	-0.28098392
7.75184248	-0.27219459
7.76184248	-0.27219459
7.77184248	-0.27219459
7.78184248	-0.27219459
7.79184248	-0.27219459
7.80184248	-0.27219459
7.81184248	-0.27219459
7.82184248	-0.27219459
7.83184248	-0.28098392
7.84184248	-0.27219459
7.85184248	-0.27219459
7.86184248	-0.27219459
7.87184248	-0.27219459
7.88184248	-0.27219459
7.89184248	-0.27219459
7.90184248	-0.27219459
7.91184248	-0.28098392
7.92184248	-0.27219459
7.93184248	-0.27219459
7.94184248	-0.27219459
7.95184248	-0.27219459
7.96184248	-0.27219459
7.97184248	-0.27219459
7.98184247	-0.27219459
7.99184247	-0.27219459
8.00184247	-0.27219459
8.01184247	-0.27219459
8.02184247	-0.27219459
8.03184247	-0.27219459
8.04184247	-0.27219459
8.05184247	-0.27219459
8.06184247	-0.27219459
8.07184247	-0.27219459
8.08184247	-0.27219459
8.09184247	-0.27219459
8.10184247	-0.27219459
8.11184247	-0.27219459
8.12184247	-0.27219459
8.13184247	-0.27219459
8.14184247	-0.27219459
8.15184247	-0.27219459
8.16184247	-0.27219459
8.17184247	-0.27219459
8.18184247	-0.27219459
8.19184247	-0.27219459
8.20184247	-0.27219459
8.21184247	-0.27219459
8.22184247	-0.27219459
8.23184247	-0.27219459
8.24184247	-0.27219459
8.25184247	-0.27219459
8.26184247	-0.27219459
8.27184247	-0.27219459
8.28184247	-0.27219459
8.29184247	-0.27219459
8.30184247	-0.27219459
8.31184247	-0.27219459
8.32184247	-0.27219459
8.33184247	-0.27219459
8.34184247	-0.27219459
8.35184247	-0.27219459
8.36184247	-0.27219459
8.37184247	-0.27219459
8.38184247	-0.27219459
8.39184247	-0.27219459
8.40184247	-0.27219459
8.41184247	-0.27219459
8.42184247	-0.27219459
8.43184247	-0.27219459
8.44184247	-0.27219459
8.45184247	-0.27219459
8.46184247	-0.27219459
8.47184247	-0.27219459
8.48184247	-0.27219459
8.49184247	-0.27219459
8.50184247	-0.27219459
8.51184247	-0.27219459
8.52184247	-0.27219459
8.53184247	-0.27219459
8.54184247	-0.26340526
8.55184247	-0.27219459
8.56184247	-0.27219459
8.57184247	-0.27219459
8.58184247	-0.27219459
8.59184247	-0.27219459
8.60184247	-0.27219459
8.61184247	-0.27219459
8.62184247	-0.26340526
8.63184247	-0.27219459
8.64184247	-0.27219459
8.65184247	-0.27219459
8.66184247	-0.27219459
8.67184247	-0.27219459
8.68184247	-0.27219459
8.69184247	-0.26340526
8.70184247	-0.27219459
8.71184247	-0.27219459
8.72184247	-0.27219459
8.73184247	-0.26340526
8.74184247	-0.27219459
8.75184247	-0.26340526
8.76184247	-0.27219459
8.77184247	-0.27219459
8.78184247	-0.27219459
8.79184247	-0.27219459
8.80184247	-0.26340526
8.81184247	-0.27219459
8.82184247	-0.27219459
8.83184247	-0.27219459
8.84184247	-0.26340526
8.85184247	-0.27219459
8.86184247	-0.27219459
8.87184247	-0.26340526
8.88184247	-0.27219459
8.89184247	-0.26340526
8.90184247	-0.27219459
8.91184247	-0.26340526
8.92184247	-0.26340526
8.93184247	-0.27219459
8.94184247	-0.26340526
8.95184247	-0.27219459
8.96184247	-0.26340526
8.97184247	-0.26340526
8.98184247	-0.26340526
8.99184247	-0.26340526
9.00184247	-0.26340526
9.01184247	-0.26340526
9.02184247	-0.26340526
9.03184247	-0.27219459
9.04184247	-0.26340526
9.05184247	-0.26340526
9.06184247	-0.26340526
9.07184247	-0.26340526
9.08184247	-0.26340526
9.09184247	-0.26340526
9.10184247	-0.26340526
9.11184247	-0.26340526
9.12184247	-0.26340526
9.13184247	-0.26340526
9.14184247	-0.26340526
9.15184247	-0.26340526
9.16184247	-0.26340526
9.17184247	-0.26340526
9.18184247	-0.26340526
9.19184247	-0.27219459
9.20184247	-0.26340526
9.21184247	-0.26340526
9.22184247	-0.26340526
9.23184247	-0.26340526
9.24184247	-0.26340526
9.25184247	-0.26340526
9.26184247	-0.26340526
9.27184247	-0.26340526
9.28184247	-0.26340526
9.29184247	-0.26340526
9.30184247	-0.26340526
9.31184247	-0.26340526
9.32184247	-0.26340526
9.33184247	-0.26340526
9.34184247	-0.26340526
9.35184247	-0.26340526
9.36184247	-0.26340526
9.37184247	-0.26340526
9.38184247	-0.26340526
9.39184247	-0.26340526
9.40184247	-0.26340526
9.41184247	-0.26340526
9.42184247	-0.26340526
9.43184247	-0.26340526
9.44184247	-0.26340526
9.45184247	-0.26340526
9.46184247	-0.26340526
9.47184247	-0.26340526
9.48184247	-0.26340526
9.49184247	-0.26340526
9.50184247	-0.26340526
9.51184247	-0.26340526
9.52184247	-0.26340526
9.53184247	-0.26340526
9.54184247	-0.26340526
9.55184247	-0.26340526
9.56184247	-0.26340526
9.57184247	-0.26340526
9.58184247	-0.26340526
9.59184247	-0.26340526
9.60184247	-0.26340526
9.61184247	-0.26340526
9.62184247	-0.26340526
9.63184246	-0.26340526
9.64184246	-0.26340526
9.65184246	-0.26340526
9.66184246	-0.26340526
9.67184246	-0.26340526
9.68184246	-0.26340526
9.69184246	-0.26340526
9.70184246	-0.26340526
9.71184246	-0.26340526
9.72184246	-0.26340526
9.73184246	-0.26340526
9.74184246	-0.26340526
9.75184246	-0.26340526
9.76184246	-0.26340526
9.77184246	-0.26340526
9.78184246	-0.26340526
9.79184246	-0.26340526
9.80184246	-0.26340526
9.81184246	-0.25458542
9.82184246	-0.26340526
9.83184246	-0.26340526
9.84184246	-0.26340526
9.85184246	-0.25458542
9.86184246	-0.26340526
9.87184246	-0.26340526
9.88184246	-0.26340526
9.89184246	-0.26340526
9.90184246	-0.26340526
9.91184246	-0.26340526
9.92184246	-0.25458542
9.93184246	-0.26340526
9.94184246	-0.26340526
9.95184246	-0.26340526
9.96184246	-0.26340526
9.97184246	-0.26340526
9.98184246	-0.25458542
9.99184246	-0.25458542
10.00184246	-0.26340526
10.01184246	-0.25458542
10.02184246	-0.25458542
10.03184246	-0.25458542
10.04184246	-0.25458542
10.05184246	-0.25458542
10.06184246	-0.25458542
10.07184246	-0.25458542
10.08184246	-0.25458542
10.09184246	-0.25458542
10.10184246	-0.25458542
10.11184246	-0.25458542
10.12184246	-0.25458542
10.13184246	-0.25458542
10.14184246	-0.25458542
10.15184246	-0.25458542
10.16184246	-0.25458542
10.17184246	-0.25458542
10.18184246	-0.25458542
10.19184246	-0.25458542
10.20184246	-0.25458542
10.21184246	-0.25458542
10.22184246	-0.25458542
10.23184246	-0.25458542
10.24184246	-0.25458542
10.25184246	-0.25458542
10.26184246	-0.25458542
10.27184246	-0.25458542
10.28184246	-0.25458542
10.29184246	-0.25458542
10.30184246	-0.25458542
10.31184246	-0.25458542
10.32184246	-0.25458542
10.33184246	-0.25458542
10.34184246	-0.25458542
10.35184246	-0.25458542
10.36184246	-0.25458542
10.37184246	-0.25458542
10.38184246	-0.25458542
10.39184246	-0.25458542
10.40184246	-0.25458542
10.41184246	-0.25458542
10.42184246	-0.25458542
10.43184246	-0.25458542
10.44184246	-0.25458542
10.45184246	-0.25458542
10.46184246	-0.25458542
10.47184246	-0.25458542
10.48184246	-0.25458542
10.49184246	-0.25458542
10.50184246	-0.25458542
10.51184246	-0.25458542
10.52184246	-0.24579607
10.53184246	-0.25458542
10.54184246	-0.25458542
10.55184246	-0.25458542
10.56184246	-0.25458542
10.57184246	-0.24579607
10.58184246	-0.25458542
10.59184246	-0.25458542
10.60184246	-0.25458542
10.61184246	-0.25458542
10.62184246	-0.25458542
10.63184246	-0.25458542
10.64184246	-0.24579607
10.65184246	-0.24579607
10.66184246	-0.25458542
10.67184246	-0.24579607
10.68184246	-0.24579607
10.69184246	-0.24579607
10.70184246	-0.25458542
10.71184246	-0.25458542
10.72184246	-0.24579607
10.73184246	-0.24579607
10.74184246	-0.24579607
10.75184246	-0.24579607
10.76184246	-0.24579607
10.77184246	-0.24579607
10.78184246	-0.24579607
10.79184246	-0.24579607
10.80184246	-0.24579607
10.81184246	-0.24579607
10.82184246	-0.24579607
10.83184246	-0.24579607
10.84184246	-0.24579607
10.85184246	-0.24579607
10.86184246	-0.24579607
10.87184246	-0.24579607
10.88184246	-0.24579607
10.89184246	-0.24579607
10.90184246	-0.24579607
10.91184246	-0.24579607
10.92184246	-0.24579607
10.93184246	-0.24579607
10.94184246	-0.24579607
10.95184246	-0.24579607
10.96184246	-0.24579607
10.97184246	-0.24579607
10.98184246	-0.24579607
10.99184246	-0.24579607
11.00184246	-0.24579607
11.01184246	-0.24579607
11.02184246	-0.24579607
11.03184246	-0.24579607
11.04184246	-0.24579607
11.05184246	-0.24579607
11.06184246	-0.24579607
11.07184246	-0.24579607
11.08184246	-0.24579607
11.09184246	-0.24579607
11.10184246	-0.24579607
11.11184246	-0.24579607
11.12184246	-0.24579607
11.13184246	-0.24579607
11.14184246	-0.24579607
11.15184246	-0.24579607
11.16184246	-0.24579607
11.17184246	-0.24579607
11.18184246	-0.24579607
11.19184246	-0.24579607
11.20184246	-0.24579607
11.21184246	-0.24579607
11.22184246	-0.24579607
11.23184246	-0.24579607
11.24184246	-0.24579607
11.25184246	-0.24579607
11.26184246	-0.24579607
11.27184245	-0.24579607
11.28184245	-0.24579607
11.29184245	-0.24579607
11.30184245	-0.23697622
11.31184245	-0.24579607
11.32184245	-0.23697622
11.33184245	-0.23697622
11.34184245	-0.24579607
11.35184245	-0.24579607
11.36184245	-0.23697622
11.37184245	-0.24579607
11.38184245	-0.23697622
11.39184245	-0.23697622
11.40184245	-0.23697622
11.41184245	-0.23697622
11.42184245	-0.24579607
11.43184245	-0.23697622
11.44184245	-0.24579607
11.45184245	-0.23697622
11.46184245	-0.23697622
11.47184245	-0.24579607
11.48184245	-0.23697622
11.49184245	-0.24579607
11.50184245	-0.24579607
11.51184245	-0.23697622
11.52184245	-0.23697622
11.53184245	-0.24579607
11.54184245	-0.23697622
11.55184245	-0.23697622
11.56184245	-0.23697622
11.57184245	-0.23697622
11.58184245	-0.24579607
11.59184245	-0.23697622
11.60184245	-0.23697622
11.61184245	-0.23697622
11.62184245	-0.23697622
11.63184245	-0.23697622
11.64184245	-0.23697622
11.65184245	-0.23697622
11.66184245	-0.23697622
11.67184245	-0.23697622
11.68184245	-0.23697622
11.69184245	-0.23697622
11.70184245	-0.23697622
11.71184245	-0.23697622
11.72184245	-0.23697622
11.73184245	-0.23697622
11.74184245	-0.23697622
11.75184245	-0.23697622
11.76184245	-0.23697622
11.77184245	-0.23697622
11.78184245	-0.23697622
11.79184245	-0.23697622
11.80184245	-0.23697622
11.81184245	-0.23697622
11.82184245	-0.23697622
11.83184245	-0.23697622
11.84184245	-0.23697622
11.85184245	-0.23697622
11.86184245	-0.24579607
11.87184245	-0.23697622
11.88184245	-0.23697622
11.89184245	-0.23697622
11.90184245	-0.23697622
11.91184245	-0.23697622
11.92184245	-0.23697622
11.93184245	-0.23697622
11.94184245	-0.23697622
11.95184245	-0.23697622
11.96184245	-0.23697622
11.97184245	-0.23697622
11.98184245	-0.23697622
11.99184245	-0.23697622
12.00184245	-0.23697622
12.01184245	-0.23697622
12.02184245	-0.23697622
12.03184245	-0.23697622
12.04184245	-0.23697622
12.05184245	-0.23697622
12.06184245	-0.23697622
12.07184245	-0.23697622
12.08184245	-0.23697622
12.09184245	-0.23697622
12.10184245	-0.23697622
12.11184245	-0.23697622
12.12184245	-0.23697622
12.13184245	-0.23697622
12.14184245	-0.23697622
12.15184245	-0.23697622
12.16184245	-0.23697622
12.17184245	-0.23697622
12.18184245	-0.23697622
12.19184245	-0.23697622
12.20184245	-0.23697622
12.21184245	-0.23697622
12.22184245	-0.23697622
12.23184245	-0.23697622
12.24184245	-0.23697622
12.25184245	-0.23697622
12.26184245	-0.23697622
12.27184245	-0.22818689
12.28184245	-0.23697622
12.29184245	-0.23697622
12.30184245	-0.22818689
12.31184245	-0.23697622
12.32184245	-0.23697622
12.33184245	-0.23697622
12.34184245	-0.23697622
12.35184245	-0.23697622
12.36184245	-0.23697622
12.37184245	-0.23697622
12.38184245	-0.23697622
12.39184245	-0.22818689
12.40184245	-0.23697622
12.41184245	-0.23697622
12.42184245	-0.23697622
12.43184245	-0.23697622
12.44184245	-0.22818689
12.45184245	-0.22818689
12.46184245	-0.22818689
12.47184245	-0.23697622
12.48184245	-0.23697622
12.49184245	-0.22818689
12.50184245	-0.23697622
12.51184245	-0.22818689
12.52184245	-0.22818689
12.53184245	-0.22818689
12.54184245	-0.22818689
12.55184245	-0.23697622
12.56184245	-0.22818689
12.57184245	-0.23697622
12.58184245	-0.22818689
12.59184245	-0.22818689
12.60184245	-0.22818689
12.61184245	-0.22818689
12.62184245	-0.22818689
12.63184245	-0.22818689
12.64184245	-0.22818689
12.65184245	-0.22818689
12.66184245	-0.22818689
12.67184245	-0.23697622
12.68184245	-0.22818689
12.69184245	-0.22818689
12.70184245	-0.22818689
12.71184245	-0.22818689
12.72184245	-0.22818689
12.73184245	-0.22818689
12.74184245	-0.22818689
12.75184245	-0.22818689
12.76184245	-0.22818689
12.77184245	-0.22818689
12.78184245	-0.22818689
12.79184245	-0.22818689
12.80184245	-0.22818689
12.81184245	-0.22818689
12.82184245	-0.22818689
12.83184245	-0.22818689
12.84184245	-0.22818689
12.85184245	-0.22818689
12.86184245	-0.22818689
12.87184245	-0.22818689
12.88184245	-0.22818689
12.89184245	-0.22818689
12.90184245	-0.22818689
12.91184245	-0.22818689
12.92184244	-0.22818689
12.93184244	-0.22818689
12.94184244	-0.22818689
12.95184244	-0.23697622
12.96184244	-0.22818689
12.97184244	-0.22818689
12.98184244	-0.22818689
12.99184244	-0.22818689
13.00184244	-0.22818689
13.01184244	-0.22818689
13.02184244	-0.22818689
13.03184244	-0.22818689
13.04184244	-0.22818689
13.05184244	-0.22818689
13.06184244	-0.22818689
13.07184244	-0.22818689
13.08184244	-0.22818689
13.09184244	-0.22818689
13.10184244	-0.22818689
13.11184244	-0.22818689
13.12184244	-0.22818689
13.13184244	-0.22818689
13.14184244	-0.22818689
13.15184244	-0.22818689
13.16184244	-0.22818689
13.17184244	-0.22818689
13.18184244	-0.22818689
13.19184244	-0.21936704
13.20184244	-0.22818689
13.21184244	-0.22818689
13.22184244	-0.21936704
13.23184244	-0.21936704
13.24184244	-0.22818689
13.25184244	-0.22818689
13.26184244	-0.22818689
13.27184244	-0.21936704
13.28184244	-0.22818689
13.29184244	-0.22818689
13.30184244	-0.22818689
13.31184244	-0.21936704
13.32184244	-0.22818689
13.33184244	-0.21936704
13.34184244	-0.21936704
13.35184244	-0.21936704
13.36184244	-0.21936704
13.37184244	-0.22818689
13.38184244	-0.22818689
13.39184244	-0.21936704
13.40184244	-0.21936704
13.41184244	-0.21936704
13.42184244	-0.22818689
13.43184244	-0.22818689
13.44184244	-0.21936704
13.45184244	-0.22818689
13.46184244	-0.22818689
13.47184244	-0.22818689
13.48184244	-0.21936704
13.49184244	-0.21936704
13.50184244	-0.22818689
13.51184244	-0.21936704
13.52184244	-0.21936704
13.53184244	-0.22818689
13.54184244	-0.21936704
13.55184244	-0.22818689
13.56184244	-0.21936704
13.57184244	-0.21936704
13.58184244	-0.21936704
13.59184244	-0.21936704
13.60184244	-0.21936704
13.61184244	-0.21936704
13.62184244	-0.21936704
13.63184244	-0.21936704
13.64184244	-0.21936704
13.65184244	-0.21936704
13.66184244	-0.21936704
13.67184244	-0.21936704
13.68184244	-0.21936704
13.69184244	-0.21936704
13.70184244	-0.22818689
13.71184244	-0.21936704
13.72184244	-0.21936704
13.73184244	-0.21936704
13.74184244	-0.21936704
13.75184244	-0.21936704
13.76184244	-0.21936704
13.77184244	-0.21936704
13.78184244	-0.21936704
13.79184244	-0.21057771
13.80184244	-0.21936704
13.81184244	-0.21936704
13.82184244	-0.21936704
13.83184244	-0.21057771
13.84184244	-0.21936704
13.85184244	-0.21936704
13.86184244	-0.21057771
13.87184244	-0.21936704
13.88184244	-0.21936704
13.89184244	-0.21936704
13.90184244	-0.21057771
13.91184244	-0.21057771
13.92184244	-0.21057771
13.93184244	-0.21057771
13.94184244	-0.21936704
13.95184244	-0.21057771
13.96184244	-0.21057771
13.97184244	-0.21057771
13.98184244	-0.21057771
13.99184244	-0.21057771
14.00184244	-0.21057771
14.01184244	-0.21057771
14.02184244	-0.21057771
14.03184244	-0.21057771
14.04184244	-0.21936704
14.05184244	-0.21057771
14.06184244	-0.21936704
14.07184244	-0.21057771
14.08184244	-0.21057771
14.09184244	-0.21057771
14.10184244	-0.21057771
14.11184244	-0.21057771
14.12184244	-0.21057771
14.13184244	-0.21057771
14.14184244	-0.21057771
14.15184244	-0.21057771
14.16184244	-0.21057771
14.17184244	-0.21057771
14.18184244	-0.21057771
14.19184244	-0.21057771
14.20184244	-0.21057771
14.21184244	-0.21057771
14.22184244	-0.21057771
14.23184244	-0.21057771
14.24184244	-0.21057771
14.25184244	-0.21057771
14.26184244	-0.21057771
14.27184244	-0.21057771
14.28184244	-0.21057771
14.29184244	-0.21057771
14.30184244	-0.21057771
14.31184244	-0.21057771
14.32184244	-0.21057771
14.33184244	-0.21057771
14.34184244	-0.21057771
14.35184244	-0.21057771
14.36184244	-0.21057771
14.37184244	-0.21057771
14.38184244	-0.21057771
14.39184244	-0.21057771
14.40184244	-0.21057771
14.41184244	-0.21057771
14.42184244	-0.21057771
14.43184244	-0.21057771
14.44184244	-0.21057771
14.45184244	-0.21057771
14.46184244	-0.21057771
14.47184244	-0.20178838
14.48184244	-0.21057771
14.49184244	-0.21057771
14.50184244	-0.21057771
14.51184244	-0.21057771
14.52184244	-0.21057771
14.53184244	-0.21057771
14.54184244	-0.21057771
14.55184244	-0.21057771
14.56184243	-0.21057771
14.57184243	-0.21057771
14.58184243	-0.21057771
14.59184243	-0.21057771
14.60184243	-0.21057771
14.61184243	-0.21057771
14.62184243	-0.21057771
14.63184243	-0.21057771
14.64184243	-0.21057771
14.65184243	-0.21057771
14.66184243	-0.21057771
14.67184243	-0.21057771
14.68184243	-0.20178838
14.69184243	-0.21057771
14.70184243	-0.21057771
14.71184243	-0.21057771
14.72184243	-0.20178838
14.73184243	-0.21057771
14.74184243	-0.21057771
14.75184243	-0.21057771
14.76184243	-0.21057771
14.77184243	-0.21057771
14.78184243	-0.21057771
14.79184243	-0.21057771
14.80184243	-0.20178838
14.81184243	-0.21057771
14.82184243	-0.21057771
14.83184243	-0.20178838
14.84184243	-0.21057771
14.85184243	-0.20178838
14.86184243	-0.21057771
14.87184243	-0.21057771
14.88184243	-0.20178838
14.89184243	-0.20178838
14.90184243	-0.21057771
14.91184243	-0.20178838
14.92184243	-0.20178838
14.93184243	-0.21057771
14.94184243	-0.21057771
14.95184243	-0.20178838
14.96184243	-0.21057771
14.97184243	-0.20178838
14.98184243	-0.21057771
14.99184243	-0.20178838
15.00184243	-0.21057771
15.01184243	-0.21057771
15.02184243	-0.20178838
15.03184243	-0.20178838
15.04184243	-0.21057771
15.05184243	-0.21057771
15.06184243	-0.21057771
15.07184243	-0.20178838
15.08184243	-0.20178838
15.09184243	-0.21057771
15.10184243	-0.21057771
15.11184243	-0.20178838
15.12184243	-0.21057771
15.13184243	-0.21057771
15.14184243	-0.21057771
15.15184243	-0.20178838
15.16184243	-0.21057771
15.17184243	-0.20178838
15.18184243	-0.21057771
15.19184243	-0.20178838
15.20184243	-0.21057771
15.21184243	-0.21057771
15.22184243	-0.20178838
15.23184243	-0.20178838
15.24184243	-0.21057771
15.25184243	-0.21057771
15.26184243	-0.21057771
15.27184243	-0.21057771
15.28184243	-0.20178838
15.29184243	-0.21057771
15.30184243	-0.20178838
15.31184243	-0.21057771
15.32184243	-0.21057771
15.33184243	-0.21057771
15.34184243	-0.21057771
15.35184243	-0.21057771
15.36184243	-0.20178838
15.37184243	-0.21057771
15.38184243	-0.20178838
15.39184243	-0.21057771
15.40184243	-0.21057771
15.41184243	-0.21057771
15.42184243	-0.21057771
15.43184243	-0.21057771
15.44184243	-0.21057771
15.45184243	-0.21057771
15.46184243	-0.21057771
15.47184243	-0.21057771
15.48184243	-0.21057771
15.49184243	-0.21057771
15.50184243	-0.21057771
15.51184243	-0.21057771
15.52184243	-0.21057771
15.53184243	-0.21057771
15.54184243	-0.21057771
15.55184243	-0.21057771
15.56184243	-0.21057771
15.57184243	-0.21057771
15.58184243	-0.21057771
15.59184243	-0.21057771
15.60184243	-0.21057771
15.61184243	-0.21057771
15.62184243	-0.21057771
15.63184243	-0.21057771
15.64184243	-0.21057771
15.65184243	-0.21057771
15.66184243	-0.21057771
15.67184243	-0.21057771
15.68184243	-0.21057771
15.69184243	-0.21057771
15.70184243	-0.21057771
15.71184243	-0.21057771
15.72184243	-0.21057771
15.73184243	-0.21936704
15.74184243	-0.21057771
15.75184243	-0.21057771
15.76184243	-0.21057771
15.77184243	-0.21057771
15.78184243	-0.21057771
15.79184243	-0.21936704
15.80184243	-0.21936704
15.81184243	-0.21057771
15.82184243	-0.21936704
15.83184243	-0.21936704
15.84184243	-0.21936704
15.85184243	-0.21936704
15.86184243	-0.21936704
15.87184243	-0.21936704
15.88184243	-0.21936704
15.89184243	-0.21936704
15.90184243	-0.21936704
15.91184243	-0.21936704
15.92184243	-0.21936704
15.93184243	-0.21936704
15.94184243	-0.21936704
15.95184243	-0.21936704
15.96184243	-0.21936704
15.97184243	-0.21936704
15.98184243	-0.21936704
15.99184243	-0.21936704
16.00184243	-0.21936704
16.01184243	-0.21936704
16.02184243	-0.21936704
16.03184243	-0.21936704
16.04184243	-0.21936704
16.05184243	-0.21936704
16.06184243	-0.21936704
16.07184243	-0.21936704
16.08184243	-0.21936704
16.09184243	-0.21936704
16.10184243	-0.21936704
16.11184243	-0.21936704
16.12184243	-0.21936704
16.13184243	-0.21936704
16.14184243	-0.21936704
16.15184243	-0.21936704
16.16184243	-0.21936704
16.17184243	-0.21936704
16.18184243	-0.21936704
16.19184243	-0.22818689
16.20184243	-0.21936704
16.21184242	-0.21936704
16.22184242	-0.21936704
16.23184242	-0.21936704
16.24184242	-0.21936704
16.25184242	-0.21936704
16.26184242	-0.21936704
16.27184242	-0.21936704
16.28184242	-0.21936704
16.29184242	-0.21936704
16.30184242	-0.21936704
16.31184242	-0.21936704
16.32184242	-0.21936704
16.33184242	-0.21936704
16.34184242	-0.21936704
16.35184242	-0.21936704
16.36184242	-0.21936704
16.37184242	-0.22818689
16.38184242	-0.22818689
16.39184242	-0.21936704
16.40184242	-0.22818689
16.41184242	-0.21936704
16.42184242	-0.22818689
16.43184242	-0.21936704
16.44184242	-0.21936704
16.45184242	-0.22818689
16.46184242	-0.21936704
16.47184242	-0.21936704
16.48184242	-0.21936704
16.49184242	-0.22818689
16.50184242	-0.21936704
16.51184242	-0.22818689
16.52184242	-0.21936704
16.53184242	-0.22818689
16.54184242	-0.21936704
16.55184242	-0.21936704
16.56184242	-0.22818689
16.57184242	-0.22818689
16.58184242	-0.21936704
16.59184242	-0.21936704
16.60184242	-0.22818689
16.61184242	-0.22818689
16.62184242	-0.21936704
16.63184242	-0.21936704
16.64184242	-0.22818689
16.65184242	-0.22818689
16.66184242	-0.22818689
16.67184242	-0.22818689
16.68184242	-0.22818689
16.69184242	-0.21936704
16.70184242	-0.22818689
16.71184242	-0.22818689
16.72184242	-0.21936704
16.73184242	-0.22818689
16.74184242	-0.21936704
16.75184242	-0.22818689
16.76184242	-0.22818689
16.77184242	-0.21936704
16.78184242	-0.22818689
16.79184242	-0.22818689
16.80184242	-0.22818689
16.81184242	-0.22818689
16.82184242	-0.22818689
16.83184242	-0.22818689
16.84184242	-0.22818689
16.85184242	-0.22818689
16.86184242	-0.22818689
16.87184242	-0.22818689
16.88184242	-0.22818689
16.89184242	-0.22818689
16.90184242	-0.22818689
16.91184242	-0.22818689
16.92184242	-0.22818689
16.93184242	-0.22818689
16.94184242	-0.22818689
16.95184242	-0.21936704
16.96184242	-0.22818689
16.97184242	-0.22818689
16.98184242	-0.22818689
16.99184242	-0.22818689
17.00184242	-0.21936704
17.01184242	-0.22818689
17.02184242	-0.22818689
17.03184242	-0.21936704
17.04184242	-0.22818689
17.05184242	-0.22818689
17.06184242	-0.22818689
17.07184242	-0.22818689
17.08184242	-0.21936704
17.09184242	-0.22818689
17.10184242	-0.22818689
17.11184242	-0.22818689
17.12184242	-0.22818689
17.13184242	-0.22818689
17.14184242	-0.22818689
17.15184242	-0.21936704
17.16184242	-0.22818689
17.17184242	-0.22818689
17.18184242	-0.21936704
17.19184242	-0.22818689
17.20184242	-0.22818689
17.21184242	-0.22818689
17.22184242	-0.22818689
17.23184242	-0.22818689
17.24184242	-0.21936704
17.25184242	-0.22818689
17.26184242	-0.22818689
17.27184242	-0.22818689
17.28184242	-0.21936704
17.29184242	-0.22818689
17.30184242	-0.22818689
17.31184242	-0.21936704
17.32184242	-0.21936704
17.33184242	-0.22818689
17.34184242	-0.22818689
17.35184242	-0.22818689
17.36184242	-0.22818689
17.37184242	-0.22818689
17.38184242	-0.22818689
17.39184242	-0.21936704
17.40184242	-0.21936704
17.41184242	-0.22818689
17.42184242	-0.22818689
17.43184242	-0.22818689
17.44184242	-0.21936704
17.45184242	-0.21936704
17.46184242	-0.21936704
17.47184242	-0.22818689
17.48184242	-0.21936704
17.49184242	-0.22818689
17.50184242	-0.22818689
17.51184242	-0.22818689
17.52184242	-0.22818689
17.53184242	-0.22818689
17.54184242	-0.22818689
17.55184242	-0.22818689
17.56184242	-0.22818689
17.57184242	-0.21936704
17.58184242	-0.21936704
17.59184242	-0.22818689
17.60184242	-0.22818689
17.61184242	-0.22818689
17.62184242	-0.22818689
17.63184242	-0.21936704
17.64184242	-0.21936704
17.65184242	-0.22818689
17.66184242	-0.22818689
17.67184242	-0.21936704
17.68184242	-0.22818689
17.69184242	-0.22818689
17.70184242	-0.22818689
17.71184242	-0.22818689
17.72184242	-0.22818689
17.73184242	-0.22818689
17.74184242	-0.22818689
17.75184242	-0.22818689
17.76184242	-0.22818689
17.77184242	-0.22818689
17.78184242	-0.22818689
17.79184242	-0.22818689
17.80184242	-0.22818689
17.81184242	-0.22818689
17.82184242	-0.22818689
17.83184242	-0.22818689
17.84184242	-0.22818689
17.85184241	-0.23697622
17.86184241	-0.22818689
17.87184241	-0.22818689
17.88184241	-0.22818689
17.89184241	-0.22818689
17.90184241	-0.22818689
17.91184241	-0.22818689
17.92184241	-0.22818689
17.93184241	-0.22818689
17.94184241	-0.22818689
17.95184241	-0.22818689
17.96184241	-0.22818689
17.97184241	-0.22818689
17.98184241	-0.22818689
17.99184241	-0.22818689
18.00184241	-0.22818689
18.01184241	-0.22818689
18.02184241	-0.22818689
18.03184241	-0.22818689
18.04184241	-0.22818689
18.05184241	-0.22818689
18.06184241	-0.22818689
18.07184241	-0.22818689
18.08184241	-0.22818689
18.09184241	-0.22818689
18.10184241	-0.22818689
18.11184241	-0.22818689
18.12184241	-0.22818689
18.13184241	-0.22818689
18.14184241	-0.22818689
18.15184241	-0.22818689
18.16184241	-0.22818689
18.17184241	-0.22818689
18.18184241	-0.21936704
18.19184241	-0.22818689
18.20184241	-0.22818689
18.21184241	-0.21936704
18.22184241	-0.22818689
18.23184241	-0.21936704
18.24184241	-0.22818689
18.25184241	-0.21936704
18.26184241	-0.21936704
18.27184241	-0.22818689
18.28184241	-0.21936704
18.29184241	-0.21936704
18.30184241	-0.21936704
18.31184241	-0.21936704
18.32184241	-0.21936704
18.33184241	-0.21936704
18.34184241	-0.21936704
18.35184241	-0.21936704
18.36184241	-0.21057771
18.37184241	-0.21936704
18.38184241	-0.21936704
18.39184241	-0.21936704
18.40184241	-0.21936704
18.41184241	-0.21936704
18.42184241	-0.21936704
18.43184241	-0.21936704
18.44184241	-0.21936704
18.45184241	-0.21057771
18.46184241	-0.21057771
18.47184241	-0.21936704
18.48184241	-0.21936704
18.49184241	-0.21057771
18.50184241	-0.21057771
18.51184241	-0.21936704
18.52184241	-0.21057771
18.53184241	-0.21936704
18.54184241	-0.21936704
18.55184241	-0.21057771
18.56184241	-0.21057771
18.57184241	-0.21936704
18.58184241	-0.21057771
18.59184241	-0.21936704
18.60184241	-0.21936704
18.61184241	-0.21936704
18.62184241	-0.21936704
18.63184241	-0.21936704
18.64184241	-0.22818689
18.65184241	-0.21936704
18.66184241	-0.21936704
18.67184241	-0.21936704
18.68184241	-0.21936704
18.69184241	-0.22818689
18.70184241	-0.22818689
18.71184241	-0.21936704
18.72184241	-0.21936704
18.73184241	-0.22818689
18.74184241	-0.21936704
18.75184241	-0.22818689
18.76184241	-0.21936704
18.77184241	-0.21936704
18.78184241	-0.21936704
18.79184241	-0.21936704
18.80184241	-0.21936704
18.81184241	-0.21936704
18.82184241	-0.21936704
18.83184241	-0.21936704
18.84184241	-0.21936704
18.85184241	-0.21936704
18.86184241	-0.21936704
18.87184241	-0.21936704
18.88184241	-0.21936704
18.89184241	-0.21936704
18.90184241	-0.21936704
18.91184241	-0.21936704
18.92184241	-0.21057771
18.93184241	-0.21936704
18.94184241	-0.21936704
18.95184241	-0.21057771
18.96184241	-0.21057771
18.97184241	-0.21057771
18.98184241	-0.21057771
18.99184241	-0.21057771
19.00184241	-0.21057771
19.01184241	-0.21057771
19.02184241	-0.20178838
19.03184241	-0.20178838
19.04184241	-0.20178838
19.05184241	-0.20178838
19.06184241	-0.20178838
19.07184241	-0.20178838
19.08184241	-0.19296853
19.09184241	-0.19296853
19.10184241	-0.19296853
19.11184241	-0.19296853
19.12184241	-0.19296853
19.13184241	-0.19296853
19.14184241	-0.18417920
19.15184241	-0.19296853
19.16184241	-0.19296853
19.17184241	-0.18417920
19.18184241	-0.18417920
19.19184241	-0.19296853
19.20184241	-0.18417920
19.21184241	-0.18417920
19.22184241	-0.18417920
19.23184241	-0.18417920
19.24184241	-0.18417920
19.25184241	-0.19296853
19.26184241	-0.19296853
19.27184241	-0.19296853
19.28184241	-0.19296853
19.29184241	-0.19296853
19.30184241	-0.19296853
19.31184241	-0.19296853
19.32184241	-0.19296853
19.33184241	-0.19296853
19.34184241	-0.20178838
19.35184241	-0.20178838
19.36184241	-0.20178838
19.37184241	-0.20178838
19.38184241	-0.20178838
19.39184241	-0.21057771
19.40184241	-0.21057771
19.41184241	-0.21057771
19.42184241	-0.21057771
19.43184241	-0.21057771
19.44184241	-0.21936704
19.45184241	-0.21936704
19.46184241	-0.22818689
19.47184241	-0.21936704
19.48184241	-0.22818689
19.49184241	-0.22818689
19.50184240	-0.22818689
19.51184240	-0.22818689
19.52184240	-0.22818689
19.53184240	-0.22818689
19.54184240	-0.23697622
19.55184240	-0.23697622
19.56184240	-0.22818689
19.57184240	-0.23697622
19.58184240	-0.23697622
19.59184240	-0.23697622
19.60184240	-0.23697622
19.61184240	-0.23697622
19.62184240	-0.23697622
19.63184240	-0.23697622
19.64184240	-0.23697622
19.65184240	-0.23697622
19.66184240	-0.22818689
19.67184240	-0.22818689
19.68184240	-0.23697622
19.69184240	-0.22818689
19.70184240	-0.22818689
19.71184240	-0.22818689
19.72184240	-0.22818689
19.73184240	-0.22818689
19.74184240	-0.22818689
19.75184240	-0.22818689
19.76184240	-0.22818689
19.77184240	-0.21936704
19.78184240	-0.22818689
19.79184240	-0.21936704
19.80184240	-0.21936704
19.81184240	-0.21057771
19.82184240	-0.21057771
19.83184240	-0.21057771
19.84184240	-0.21057771
19.85184240	-0.21057771
19.86184240	-0.20178838
19.87184240	-0.20178838
19.88184240	-0.20178838
19.89184240	-0.20178838
19.90184240	-0.20178838
19.91184240	-0.19296853
19.92184240	-0.19296853
19.93184240	-0.19296853
19.94184240	-0.18417920
19.95184240	-0.18417920
19.96184240	-0.17535935
19.97184240	-0.17535935
19.98184240	-0.17535935
19.99184240	-0.17535935
20.00184240	-0.16657002
20.01184240	-0.15775017
20.02184240	-0.15775017
20.03184240	-0.14896084
20.04184240	-0.14017151
20.05184240	-0.14896084
20.06184240	-0.14017151
20.07184240	-0.13135166
20.08184240	-0.14017151
20.09184240	-0.13135166
20.10184240	-0.13135166
20.11184240	-0.13135166
20.12184240	-0.13135166
20.13184240	-0.12256233
20.14184240	-0.12256233
20.15184240	-0.12256233
20.16184240	-0.12256233
20.17184240	-0.12256233
20.18184240	-0.12256233
20.19184240	-0.12256233
20.20184240	-0.12256233
20.21184240	-0.12256233
20.22184240	-0.12256233
20.23184240	-0.12256233
20.24184240	-0.12256233
20.25184240	-0.12256233
20.26184240	-0.12256233
20.27184240	-0.12256233
20.28184240	-0.12256233
20.29184240	-0.12256233
20.30184240	-0.13135166
20.31184240	-0.13135166
20.32184240	-0.13135166
20.33184240	-0.13135166
20.34184240	-0.14017151
20.35184240	-0.14017151
20.36184240	-0.14017151
20.37184240	-0.14896084
20.38184240	-0.14896084
20.39184240	-0.15775017
20.40184240	-0.15775017
20.41184240	-0.16657002
20.42184240	-0.16657002
20.43184240	-0.17535935
20.44184240	-0.17535935
20.45184240	-0.18417920
20.46184240	-0.18417920
20.47184240	-0.19296853
20.48184240	-0.19296853
20.49184240	-0.19296853
20.50184240	-0.20178838
20.51184240	-0.20178838
20.52184240	-0.20178838
20.53184240	-0.20178838
20.54184240	-0.21057771
20.55184240	-0.21057771
20.56184240	-0.21057771
20.57184240	-0.21057771
20.58184240	-0.21057771
20.59184240	-0.21057771
20.60184240	-0.21057771
20.61184240	-0.21936704
20.62184240	-0.21057771
20.63184240	-0.21057771
20.64184240	-0.21057771
20.65184240	-0.21057771
20.66184240	-0.21936704
20.67184240	-0.21936704
20.68184240	-0.21057771
20.69184240	-0.21057771
20.70184240	-0.21936704
20.71184240	-0.21057771
20.72184240	-0.21057771
20.73184240	-0.21057771
20.74184240	-0.21057771
20.75184240	-0.21936704
20.76184240	-0.21057771
20.77184240	-0.21057771
20.78184240	-0.21057771
20.79184240	-0.21057771
20.80184240	-0.21057771
20.81184240	-0.21057771
20.82184240	-0.21057771
20.83184240	-0.21057771
20.84184240	-0.21057771
20.85184240	-0.21057771
20.86184240	-0.20178838
20.87184240	-0.20178838
20.88184240	-0.20178838
20.89184240	-0.20178838
20.90184240	-0.20178838
20.91184240	-0.20178838
20.92184240	-0.20178838
20.93184240	-0.20178838
20.94184240	-0.19296853
20.95184240	-0.19296853
20.96184240	-0.19296853
20.97184240	-0.19296853
20.98184240	-0.19296853
20.99184240	-0.19296853
21.00184240	-0.19296853
21.01184240	-0.18417920
21.02184240	-0.18417920
21.03184240	-0.19296853
21.04184240	-0.18417920
21.05184240	-0.18417920
21.06184240	-0.18417920
21.07184240	-0.18417920
21.08184240	-0.18417920
21.09184240	-0.17535935
21.10184240	-0.17535935
21.11184240	-0.17535935
21.12184240	-0.17535935
21.13184240	-0.16657002
21.14184239	-0.16657002
21.15184239	-0.16657002
21.16184239	-0.16657002
21.17184239	-0.15775017
21.18184239	-0.15775017
21.19184239	-0.16657002
21.20184239	-0.15775017
21.21184239	-0.15775017
21.22184239	-0.14896084
21.23184239	-0.14896084
21.24184239	-0.14896084
21.25184239	-0.14896084
21.26184239	-0.14896084
21.27184239	-0.14017151
21.28184239	-0.14896084
21.29184239	-0.14017151
21.30184239	-0.14017151
21.31184239	-0.14017151
21.32184239	-0.14017151
21.33184239	-0.13135166
21.34184239	-0.13135166
21.35184239	-0.13135166
21.36184239	-0.13135166
21.37184239	-0.13135166
21.38184239	-0.13135166
21.39184239	-0.13135166
21.40184239	-0.13135166
21.41184239	-0.13135166
21.42184239	-0.13135166
21.43184239	-0.12256233
21.44184239	-0.13135166
21.45184239	-0.13135166
21.46184239	-0.13135166
21.47184239	-0.13135166
21.48184239	-0.13135166
21.49184239	-0.13135166
21.50184239	-0.13135166
21.51184239	-0.13135166
21.52184239	-0.13135166
21.53184239	-0.13135166
21.54184239	-0.14017151
21.55184239	-0.14017151
21.56184239	-0.14017151
21.57184239	-0.14017151
21.58184239	-0.14017151
21.59184239	-0.14017151
21.60184239	-0.14017151
21.61184239	-0.14896084
21.62184239	-0.14896084
21.63184239	-0.14896084
21.64184239	-0.14896084
21.65184239	-0.14896084
21.66184239	-0.15775017
21.67184239	-0.15775017
21.68184239	-0.15775017
21.69184239	-0.15775017
21.70184239	-0.16657002
21.71184239	-0.16657002
21.72184239	-0.16657002
21.73184239	-0.17535935
21.74184239	-0.17535935
21.75184239	-0.16657002
21.76184239	-0.17535935
21.77184239	-0.17535935
21.78184239	-0.17535935
21.79184239	-0.17535935
21.80184239	-0.18417920
21.81184239	-0.18417920
21.82184239	-0.18417920
21.83184239	-0.18417920
21.84184239	-0.18417920
21.85184239	-0.18417920
21.86184239	-0.19296853
21.87184239	-0.19296853
21.88184239	-0.19296853
21.89184239	-0.19296853
21.90184239	-0.19296853
21.91184239	-0.19296853
21.92184239	-0.19296853
21.93184239	-0.19296853
21.94184239	-0.19296853
21.95184239	-0.19296853
21.96184239	-0.19296853
21.97184239	-0.19296853
21.98184239	-0.19296853
21.99184239	-0.19296853
22.00184239	-0.19296853
22.01184239	-0.19296853
22.02184239	-0.19296853
22.03184239	-0.19296853
22.04184239	-0.19296853
22.05184239	-0.18417920
22.06184239	-0.19296853
22.07184239	-0.18417920
22.08184239	-0.18417920
22.09184239	-0.18417920
22.10184239	-0.18417920
22.11184239	-0.18417920
22.12184239	-0.18417920
22.13184239	-0.18417920
22.14184239	-0.18417920
22.15184239	-0.17535935
22.16184239	-0.18417920
22.17184239	-0.17535935
22.18184239	-0.17535935
22.19184239	-0.17535935
22.20184239	-0.17535935
22.21184239	-0.17535935
22.22184239	-0.17535935
22.23184239	-0.17535935
22.24184239	-0.16657002
22.25184239	-0.16657002
22.26184239	-0.16657002
22.27184239	-0.16657002
22.28184239	-0.16657002
22.29184239	-0.15775017
22.30184239	-0.16657002
22.31184239	-0.16657002
22.32184239	-0.16657002
22.33184239	-0.15775017
22.34184239	-0.15775017
22.35184239	-0.15775017
22.36184239	-0.15775017
22.37184239	-0.15775017
22.38184239	-0.15775017
22.39184239	-0.14896084
22.40184239	-0.15775017
22.41184239	-0.14896084
22.42184239	-0.15775017
22.43184239	-0.15775017
22.44184239	-0.14896084
22.45184239	-0.14896084
22.46184239	-0.14896084
22.47184239	-0.14896084
22.48184239	-0.14896084
22.49184239	-0.14896084
22.50184239	-0.14896084
22.51184239	-0.14896084
22.52184239	-0.14896084
22.53184239	-0.14896084
22.54184239	-0.14896084
22.55184239	-0.14896084
22.56184239	-0.14896084
22.57184239	-0.14896084
22.58184239	-0.14896084
22.59184239	-0.15775017
22.60184239	-0.15775017
22.61184239	-0.14896084
22.62184239	-0.14896084
22.63184239	-0.14896084
22.64184239	-0.15775017
22.65184239	-0.15775017
22.66184239	-0.15775017
22.67184239	-0.15775017
22.68184239	-0.15775017
22.69184239	-0.15775017
22.70184239	-0.15775017
22.71184239	-0.15775017
22.72184239	-0.15775017
22.73184239	-0.15775017
22.74184239	-0.15775017
22.75184239	-0.15775017
22.76184239	-0.15775017
22.77184239	-0.16657002
22.78184239	-0.16657002
22.79184238	-0.16657002
22.80184238	-0.16657002
22.81184238	-0.16657002
22.82184238	-0.16657002
22.83184238	-0.16657002
22.84184238	-0.16657002
22.85184238	-0.17535935
22.86184238	-0.17535935
22.87184238	-0.17535935
22.88184238	-0.16657002
22.89184238	-0.17535935
22.90184238	-0.17535935
22.91184238	-0.16657002
22.92184238	-0.16657002
22.93184238	-0.17535935
22.94184238	-0.17535935
22.95184238	-0.17535935
22.96184238	-0.17535935
22.97184238	-0.17535935
22.98184238	-0.17535935
22.99184238	-0.17535935
23.00184238	-0.17535935
23.01184238	-0.17535935
23.02184238	-0.17535935
23.03184238	-0.17535935
23.04184238	-0.17535935
23.05184238	-0.17535935
23.06184238	-0.17535935
23.07184238	-0.17535935
23.08184238	-0.17535935
23.09184238	-0.16657002
23.10184238	-0.17535935
23.11184238	-0.17535935
23.12184238	-0.16657002
23.13184238	-0.16657002
23.14184238	-0.16657002
23.15184238	-0.16657002
23.16184238	-0.16657002
23.17184238	-0.16657002
23.18184238	-0.16657002
23.19184238	-0.16657002
23.20184238	-0.16657002
23.21184238	-0.15775017
23.22184238	-0.16657002
23.23184238	-0.15775017
23.24184238	-0.15775017
23.25184238	-0.15775017
23.26184238	-0.15775017
23.27184238	-0.15775017
23.28184238	-0.15775017
23.29184238	-0.15775017
23.30184238	-0.14896084
23.31184238	-0.15775017
23.32184238	-0.15775017
23.33184238	-0.14896084
23.34184238	-0.15775017
23.35184238	-0.14896084
23.36184238	-0.15775017
23.37184238	-0.14896084
23.38184238	-0.14896084
23.39184238	-0.14896084
23.40184238	-0.14896084
23.41184238	-0.14896084
23.42184238	-0.14017151
23.43184238	-0.14896084
23.44184238	-0.14017151
23.45184238	-0.14896084
23.46184238	-0.14896084
23.47184238	-0.14017151
23.48184238	-0.14896084
23.49184238	-0.14017151
23.50184238	-0.14017151
23.51184238	-0.14896084
23.52184238	-0.14017151
23.53184238	-0.14896084
23.54184238	-0.14896084
23.55184238	-0.14017151
23.56184238	-0.14896084
23.57184238	-0.14896084
23.58184238	-0.14896084
23.59184238	-0.14896084
23.60184238	-0.14896084
23.61184238	-0.15775017
23.62184238	-0.14896084
23.63184238	-0.14896084
23.64184238	-0.15775017
23.65184238	-0.15775017
23.66184238	-0.15775017
23.67184238	-0.15775017
23.68184238	-0.15775017
23.69184238	-0.15775017
23.70184238	-0.15775017
23.71184238	-0.16657002
23.72184238	-0.16657002
23.73184238	-0.16657002
23.74184238	-0.16657002
23.75184238	-0.16657002
23.76184238	-0.16657002
23.77184238	-0.16657002
23.78184238	-0.16657002
23.79184238	-0.16657002
23.80184238	-0.17535935
23.81184238	-0.17535935
23.82184238	-0.17535935
23.83184238	-0.17535935
23.84184238	-0.17535935
23.85184238	-0.17535935
23.86184238	-0.17535935
23.87184238	-0.17535935
23.88184238	-0.17535935
23.89184238	-0.18417920
23.90184238	-0.17535935
23.91184238	-0.17535935
23.92184238	-0.17535935
23.93184238	-0.17535935
23.94184238	-0.18417920
23.95184238	-0.18417920
23.96184238	-0.17535935
23.97184238	-0.17535935
23.98184238	-0.18417920
23.99184238	-0.18417920
24.00184238	-0.18417920
24.01184238	-0.17535935
24.02184238	-0.18417920
24.03184238	-0.18417920
24.04184238	-0.18417920
24.05184238	-0.17535935
24.06184238	-0.17535935
24.07184238	-0.18417920
24.08184238	-0.18417920
24.09184238	-0.17535935
24.10184238	-0.18417920
24.11184238	-0.17535935
24.12184238	-0.17535935
24.13184238	-0.17535935
24.14184238	-0.17535935
24.15184238	-0.17535935
24.16184238	-0.17535935
24.17184238	-0.17535935
24.18184238	-0.17535935
24.19184238	-0.17535935
24.20184238	-0.17535935
24.21184238	-0.16657002
24.22184238	-0.16657002
24.23184238	-0.16657002
24.24184238	-0.16657002
24.25184238	-0.16657002
24.26184238	-0.16657002
24.27184238	-0.16657002
24.28184238	-0.16657002
24.29184238	-0.16657002
24.30184238	-0.16657002
24.31184238	-0.16657002
24.32184238	-0.15775017
24.33184238	-0.15775017
24.34184238	-0.15775017
24.35184238	-0.16657002
24.36184238	-0.16657002
24.37184238	-0.15775017
24.38184238	-0.15775017
24.39184238	-0.15775017
24.40184238	-0.15775017
24.41184238	-0.15775017
24.42184238	-0.14896084
24.43184237	-0.15775017
24.44184237	-0.15775017
24.45184237	-0.14896084
24.46184237	-0.15775017
24.47184237	-0.14896084
24.48184237	-0.14896084
24.49184237	-0.15775017
24.50184237	-0.15775017
24.51184237	-0.15775017
24.52184237	-0.15775017
24.53184237	-0.15775017
24.54184237	-0.15775017
24.55184237	-0.15775017
24.56184237	-0.15775017
24.57184237	-0.15775017
24.58184237	-0.15775017
24.59184237	-0.15775017
24.60184237	-0.15775017
24.61184237	-0.15775017
24.62184237	-0.16657002
24.63184237	-0.15775017
24.64184237	-0.16657002
24.65184237	-0.16657002
24.66184237	-0.16657002
24.67184237	-0.16657002
24.68184237	-0.16657002
24.69184237	-0.16657002
24.70184237	-0.17535935
24.71184237	-0.16657002
24.72184237	-0.17535935
24.73184237	-0.17535935
24.74184237	-0.17535935
24.75184237	-0.17535935
24.76184237	-0.17535935
24.77184237	-0.17535935
24.78184237	-0.17535935
24.79184237	-0.17535935
24.80184237	-0.18417920
24.81184237	-0.18417920
24.82184237	-0.18417920
24.83184237	-0.18417920
24.84184237	-0.18417920
24.85184237	-0.18417920
24.86184237	-0.19296853
24.87184237	-0.18417920
24.88184237	-0.18417920
24.89184237	-0.19296853
24.90184237	-0.19296853
24.91184237	-0.19296853
24.92184237	-0.19296853
24.93184237	-0.19296853
24.94184237	-0.19296853
24.95184237	-0.19296853
24.96184237	-0.19296853
24.97184237	-0.19296853
24.98184237	-0.19296853
24.99184237	-0.19296853
25.00184237	-0.19296853
